# If this file contains data that relates to a time no more than 48 hours ago,
# BY USING IT YOU AGREE TO THE LEGALLY BINDING TERMS OF USE FOUND AT
#   https://storage.googleapis.com/weathernext-public/terms-of-use.pdf
# Any data that relates to a time more than 48 hours ago is licensed under the
# Creative Commons Attribution International License, Version 4.0 (CC BY 4.0).
# BEGIN DATA
init_time,track_id,sample,valid_time,lead_time,lead_time_hours,lat,lon,minimum_sea_level_pressure_hpa,maximum_sustained_wind_speed_knots,radius_of_maximum_winds_km,radius_34_knot_winds_ne_km,radius_34_knot_winds_se_km,radius_34_knot_winds_sw_km,radius_34_knot_winds_nw_km,radius_50_knot_winds_ne_km,radius_50_knot_winds_se_km,radius_50_knot_winds_sw_km,radius_50_knot_winds_nw_km,radius_64_knot_winds_ne_km,radius_64_knot_winds_se_km,radius_64_knot_winds_sw_km,radius_64_knot_winds_nw_km
2026-07-24 12:00:00,EP062026,0,2026-07-24 12:00:00,0 days 00:00:00,0,18.5,-130.6,970.0,89.0,37.0,297.0,185.0,111.0,297.0,148.0,74.0,56.0,111.0,74.0,37.0,28.0,56.0
2026-07-24 12:00:00,EP062026,0,2026-07-24 18:00:00,0 days 06:00:00,6,18.7,-132.05,982.0,72.6,62.919409612700136,225.5211808667756,180.6314270484613,156.1294743535991,202.04286649028316,117.2948689370225,99.59872758729423,75.44706427548645,100.19479402653624,62.919409612700136,48.01417311349695,36.75108488308623,47.44646013192215
2026-07-24 12:00:00,EP062026,0,2026-07-25 00:00:00,0 days 12:00:00,12,18.86,-133.28,987.9,74.7,26.72620534388713,220.0243033518732,164.08676623610285,119.26966647885148,198.54838595595567,88.07430826081685,67.91638463788811,47.20299886362264,74.31388666751593,40.17170857721547,32.18531449277438,23.17479303820604,33.79442644396906
2026-07-24 12:00:00,EP062026,0,2026-07-25 06:00:00,0 days 18:00:00,18,18.87,-134.54,976.6,88.1,28.802704025332226,247.66975172450185,174.37354994366817,146.61326506651676,222.5207318031775,125.41877566696662,109.77630090185995,88.90885431618688,109.82959088920671,65.18791513209953,56.91129236366622,46.507911593129904,57.00070713729136
2026-07-24 12:00:00,EP062026,0,2026-07-25 12:00:00,1 days 00:00:00,24,19.1,-135.74,985.0,70.2,23.51621124583812,179.65703812644097,146.85360281968906,121.28165907776928,161.86962952209933,89.76591485976405,69.82985140055393,48.99690822672608,76.8550569407214,40.165648489993714,31.258728861888017,20.89429027334552,32.60210392503154
2026-07-24 12:00:00,EP062026,0,2026-07-25 18:00:00,1 days 06:00:00,30,19.01,-136.86,993.4,57.7,39.374973725136726,210.48350846236008,164.1134103760496,117.25319015178376,175.68652273680345,49.82071545535297,38.80197661125288,25.10556981769595,39.46844534981517,0.0,0.0,0.0,0.0
2026-07-24 12:00:00,EP062026,0,2026-07-26 00:00:00,1 days 12:00:00,36,19.62,-137.75,982.4,68.9,35.931634203705045,232.6149520712239,182.92457049521025,138.15767852997203,203.98506071366523,111.37381685236257,90.84733051344608,64.8237231720135,92.0285917731486,49.763775769197366,41.11769322835954,30.042167086536523,41.33758992594693
2026-07-24 12:00:00,EP062026,0,2026-07-26 06:00:00,1 days 18:00:00,42,19.66,-138.75,991.5,59.0,29.592692473816665,136.64724451506677,114.16746246599784,86.09158410397316,127.51889891333212,60.89321977965074,50.26879287727019,33.91323575744538,50.38270304401895,0.0,0.0,0.0,0.0
2026-07-24 12:00:00,EP062026,0,2026-07-26 12:00:00,2 days 00:00:00,48,19.87,-139.89,988.4,63.8,51.16798511124533,262.01350582269765,214.21512516222637,161.0761038731696,224.3198493135233,51.16798511124533,14.216800012077332,6.504455716178621,14.405529851148174,0.0,0.0,0.0,0.0
2026-07-24 12:00:00,EP062026,0,2026-07-26 18:00:00,2 days 06:00:00,54,19.96,-141.04,996.5,52.4,37.368627562015234,211.79719218426635,182.1287775952099,132.4134897685866,184.8085643502723,37.368627562015234,28.930517549945296,21.99474543338747,29.83061253457134,0.0,0.0,0.0,0.0
2026-07-24 12:00:00,EP062026,0,2026-07-27 00:00:00,2 days 12:00:00,60,20.12,-142.36,994.7,57.0,31.32888583567292,171.2936284483627,139.00266223220348,101.13945600169684,149.96423533201963,57.62148293711719,52.89488221132303,42.17103683129186,49.46410878922073,0.0,0.0,0.0,0.0
2026-07-24 12:00:00,EP062026,0,2026-07-27 06:00:00,2 days 18:00:00,66,20.19,-144.06,999.7,53.2,44.55634463203699,205.792696059838,176.6568732193747,137.1222433309631,175.7270244464325,0.0,0.0,0.0,44.55634463203699,0.0,0.0,0.0,0.0
2026-07-24 12:00:00,EP062026,0,2026-07-27 12:00:00,3 days 00:00:00,72,20.42,-145.46,1002.5,46.6,97.74751095056143,120.05072352896208,87.81440109780735,65.2906615331394,91.37747992075572,0.0,0.0,0.0,0.0,0.0,0.0,0.0,0.0
2026-07-24 12:00:00,EP062026,0,2026-07-27 18:00:00,3 days 06:00:00,78,20.83,-147.28,1003.8,42.3,69.66068572454896,208.1647415902712,175.43050467328476,134.1836367313033,166.27238347358548,0.0,0.0,0.0,0.0,0.0,0.0,0.0,0.0
2026-07-24 12:00:00,EP062026,0,2026-07-28 00:00:00,3 days 12:00:00,84,21.2,-149.2,1004.0,32.2,113.14647727798102,0.0,0.0,0.0,0.0,0.0,0.0,0.0,0.0,0.0,0.0,0.0,0.0
2026-07-24 12:00:00,EP062026,0,2026-07-28 06:00:00,3 days 18:00:00,90,21.32,-150.78,1006.2,26.9,111.66898015139756,0.0,0.0,0.0,0.0,0.0,0.0,0.0,0.0,0.0,0.0,0.0,0.0
2026-07-24 12:00:00,EP062026,0,2026-07-28 12:00:00,4 days 00:00:00,96,21.77,-152.49,1008.4,29.6,94.97145519940466,0.0,0.0,0.0,0.0,0.0,0.0,0.0,0.0,0.0,0.0,0.0,0.0
2026-07-24 12:00:00,EP072026,0,2026-07-24 12:00:00,0 days 00:00:00,0,8.9,-99.9,1005.0,29.0,93.0,0.0,0.0,0.0,0.0,0.0,0.0,0.0,0.0,0.0,0.0,0.0,0.0
2026-07-24 12:00:00,EP072026,0,2026-07-24 18:00:00,0 days 06:00:00,6,8.62,-100.91,1000.1,44.6,26.10349984189081,0.0,3.652547418137957,3.358618261491131,26.10349984189081,0.0,0.0,0.0,0.0,0.0,0.0,0.0,0.0
2026-07-24 12:00:00,EP072026,0,2026-07-25 00:00:00,0 days 12:00:00,12,9.23,-101.4,997.1,49.6,67.93685725262203,100.91058456075324,76.62111641018265,50.545256392576185,80.28478970044296,0.0,0.0,0.0,0.0,0.0,0.0,0.0,0.0
2026-07-24 12:00:00,EP072026,0,2026-07-25 06:00:00,0 days 18:00:00,18,10.04,-102.33,999.9,52.1,56.62900202635764,123.96642587739257,98.78022051293776,59.015445546105,97.24272831095904,56.62900202635764,3.909382277652682,0.4204698049001738,4.567981516101286,0.0,0.0,0.0,0.0
2026-07-24 12:00:00,EP072026,0,2026-07-25 12:00:00,1 days 00:00:00,24,10.96,-103.57,997.4,54.1,44.672577208533625,129.93303322247317,97.00033648562662,52.59575762865348,96.77235029122409,44.672577208533625,7.270947335704248,0.8912605658236252,7.713291546592113,0.0,0.0,0.0,0.0
2026-07-24 12:00:00,EP072026,0,2026-07-25 18:00:00,1 days 06:00:00,30,11.35,-105.19,994.9,57.3,40.48167644010749,211.9807916633083,170.09024666896676,111.77394740997056,175.33575798089805,55.39388672238295,44.15857264889695,30.965092359357516,42.46433493855662,0.0,0.0,0.0,0.0
2026-07-24 12:00:00,EP072026,0,2026-07-26 00:00:00,1 days 12:00:00,36,11.89,-106.44,987.6,66.4,34.953143598913826,184.77066680824035,132.4428684122066,92.08845012855716,153.43741836964654,79.3995191173001,59.03857702669674,37.04939077811217,62.825067146016245,34.953143598913826,23.78631356229318,15.181112790273463,25.160921898502387
2026-07-24 12:00:00,EP072026,0,2026-07-26 06:00:00,1 days 18:00:00,42,12.56,-107.85,984.8,76.7,26.80852808707793,195.1246569429293,152.14615314531858,106.15313957492972,162.44416076430113,91.77988849497464,74.45649479918524,50.37850975641459,74.21530240871685,39.80890576708149,32.61855469804976,23.34834837165064,32.72711211611467
2026-07-24 12:00:00,EP072026,0,2026-07-26 12:00:00,2 days 00:00:00,48,12.99,-109.15,978.5,84.7,34.629776320547734,277.5212698479324,229.37151739527587,170.93740239574484,242.0639511922298,87.23507103927774,68.98556790265324,47.82666683831441,72.90819910953064,39.07496324382432,32.36708339727316,23.53737974770716,31.94295804103875
2026-07-24 12:00:00,EP072026,0,2026-07-26 18:00:00,2 days 06:00:00,54,13.5,-110.32,991.8,62.7,37.78155086194462,245.0003644781067,196.7476851849533,124.0700444275941,192.6762955707159,37.78155086194462,23.508966229353803,6.174487143581363,22.72158103184124,0.0,0.0,0.0,0.0
2026-07-24 12:00:00,EP072026,0,2026-07-27 00:00:00,2 days 12:00:00,60,14.21,-111.14,986.6,70.6,13.178999370697632,201.66336378794205,164.7101127970787,101.03382217632854,158.62312625793584,54.33834105434794,38.14674281247277,19.590193310313825,40.9516993702204,19.533537624744067,13.776064721797336,7.197699013406506,14.24609944515573
2026-07-24 12:00:00,EP072026,0,2026-07-27 06:00:00,2 days 18:00:00,66,14.61,-112.27,969.2,97.6,24.053113120914183,261.3124441495096,221.72547531444692,154.34773250365242,214.3333584507321,101.14778502118588,80.76148395482596,56.479721226620974,83.06456444712398,47.8815615845194,39.2380239427019,30.136714099926323,40.58954197591228
2026-07-24 12:00:00,EP072026,0,2026-07-27 12:00:00,3 days 00:00:00,72,15.48,-113.2,966.2,95.1,14.22591526074882,274.1241478256662,236.8620422525682,146.9151874962846,201.2088436861519,121.59569781411705,104.36868211985072,69.34365101016438,94.8071094113227,56.58203140467012,48.58993499373001,36.41505823404304,46.70353148360641
2026-07-24 12:00:00,EP072026,0,2026-07-27 18:00:00,3 days 06:00:00,78,16.1,-114.17,975.9,85.1,37.68101962494875,231.75348557847704,190.351293471488,124.51824651570254,175.73448554896422,104.37795079709564,84.5390702833925,55.16818009674897,83.97122674250133,45.884313273199936,37.47320220923076,26.615764448167397,37.75381257629845
2026-07-24 12:00:00,EP072026,0,2026-07-28 00:00:00,3 days 12:00:00,84,16.64,-114.86,966.8,91.6,22.1587041370762,232.4181421490755,188.93574772979093,124.9520988873418,188.6326255708109,64.78820436666655,47.6636774491058,26.626928964259932,49.83077981925728,26.94444985035568,20.511475032015543,12.90265831475534,22.022065869898476
2026-07-24 12:00:00,EP072026,0,2026-07-28 06:00:00,3 days 18:00:00,90,16.99,-115.55,951.2,114.3,18.76911851467429,219.0202510031285,178.9004469897269,118.77169277643311,197.90463818203116,112.13493544918242,87.01563195695292,67.23534844464805,97.6765063707463,57.679220525430566,47.44450374731774,38.43236643713642,50.156607790218345
2026-07-24 12:00:00,EP072026,0,2026-07-28 12:00:00,4 days 00:00:00,96,17.25,-116.46,962.8,100.6,42.4333988427176,273.1783474356927,224.56094843546327,160.26901346657132,233.1833197020724,124.34899437131736,101.79532491742582,74.3346933315354,102.6931756736216,60.97941707854294,51.85623800636514,39.87455519034701,52.60649162605286
2026-07-24 12:00:00,EP072026,0,2026-07-28 18:00:00,4 days 06:00:00,102,17.64,-117.15,970.2,81.9,29.1164295194794,232.63663000654043,196.57258478119851,159.41911102451414,199.5164907365589,130.71200578507427,113.52475878352962,90.10052501441795,111.31485048550162,66.30609851574863,58.77421985974,48.251571280055686,57.40440816570721
2026-07-24 12:00:00,EP072026,0,2026-07-29 00:00:00,4 days 12:00:00,108,17.84,-117.68,961.7,97.7,31.246765735288825,220.01776989301865,184.13181570037517,140.5159331701451,187.8800804175888,112.68559875439416,91.00814489820544,70.4363238418852,97.09865229895782,57.93318503269091,49.6323903645314,38.03558165820753,49.90736319429072
2026-07-24 12:00:00,EP072026,0,2026-07-29 06:00:00,4 days 18:00:00,114,18.43,-118.48,977.9,78.2,43.14595981220555,231.88397589001784,192.6555092672816,145.59034852594232,193.78633211387705,121.8184474509278,106.28093407869515,82.59496630703859,104.6547122207694,61.538151961524704,54.56421062216703,43.363351417159095,53.49310312882972
2026-07-24 12:00:00,EP072026,0,2026-07-29 12:00:00,5 days 00:00:00,120,18.87,-119.44,978.4,74.8,36.26979635520135,289.927617050497,239.62331182523477,176.60126187519268,236.1207916875152,99.51834136652258,81.77037672155754,55.23712045209388,79.89001296594847,44.26459095726344,36.46243372756726,26.73483194077869,36.75565525445113
2026-07-24 12:00:00,EP072026,0,2026-07-29 18:00:00,5 days 06:00:00,126,19.5,-120.4,981.3,71.7,26.77480084250364,289.5007219316474,243.29021276669,168.22590114096442,237.04980659709395,116.34490006975722,94.40718806178862,63.75686255070645,93.85725097932874,50.84278458377294,42.040765639955225,30.167530361056485,41.96970901990434
2026-07-24 12:00:00,EP072026,0,2026-07-30 00:00:00,5 days 12:00:00,132,19.82,-121.29,981.3,67.5,47.77113683035664,286.9413725305725,245.40965074664504,189.5125032911501,239.2541748704949,87.03119760035793,70.99086729027877,47.910343045306014,70.7218127186779,47.77113683035664,32.59313611211801,23.070859495603624,32.18500881099249
2026-07-24 12:00:00,EP072026,0,2026-07-30 06:00:00,5 days 18:00:00,138,20.12,-122.1,985.9,68.4,9.170498844990064,202.0492078689775,163.71368194738315,130.45276589738847,186.9457930478548,100.22941608635122,83.14418256678026,62.57461361028956,86.82283618102433,48.15068417295173,40.09548853630149,31.033314989929742,40.58486759513964
2026-07-24 12:00:00,EP072026,0,2026-07-30 12:00:00,6 days 00:00:00,144,20.45,-122.91,989.2,66.1,18.63355419582309,185.73612888175427,159.35566496553398,124.28919732973668,165.0606525974378,100.1449788390718,84.67219581390619,62.81546670996952,81.89893982143624,46.00452998640941,39.68477306391093,30.54161552247871,38.63488012145386
2026-07-24 12:00:00,EP072026,0,2026-07-30 18:00:00,6 days 06:00:00,150,20.62,-124.01,994.2,55.3,65.71678745876308,197.07699050896767,170.44814523702544,142.9041519692999,168.26081658787186,125.11534737231742,119.62557635235244,100.07956274966132,104.98573677411814,0.0,0.0,0.0,0.0
2026-07-24 12:00:00,EP072026,0,2026-07-31 00:00:00,6 days 12:00:00,156,21.21,-124.78,996.9,49.5,37.64920389227807,168.497774761367,151.45434787724545,113.0970262324399,150.11824000208736,0.0,0.0,0.0,0.0,0.0,0.0,0.0,0.0
2026-07-24 12:00:00,EP072026,0,2026-07-31 06:00:00,6 days 18:00:00,162,21.85,-125.83,996.1,51.1,60.62731148794873,168.1516863154534,141.0726301827333,109.3887274107804,148.3949835478071,60.62731148794873,1.1852424076784374,0.0,2.004809579336687,0.0,0.0,0.0,0.0
2026-07-24 12:00:00,EP072026,0,2026-07-31 12:00:00,7 days 00:00:00,168,22.13,-126.94,1003.1,40.8,97.20738284241531,97.20738284241531,42.56547606187368,21.57417689635559,54.04397233141259,0.0,0.0,0.0,0.0,0.0,0.0,0.0,0.0
2026-07-24 12:00:00,EP072026,0,2026-07-31 18:00:00,7 days 06:00:00,174,22.49,-128.13,1006.4,38.7,89.53355049442314,362.6463969882692,329.271717730004,271.03151137733124,319.4453405407723,0.0,0.0,0.0,0.0,0.0,0.0,0.0,0.0
2026-07-24 12:00:00,EP072026,0,2026-08-01 00:00:00,7 days 12:00:00,180,22.82,-129.54,1008.2,32.2,129.3932202399348,0.0,0.0,0.0,0.0,0.0,0.0,0.0,0.0,0.0,0.0,0.0,0.0
2026-07-24 12:00:00,EP072026,0,2026-08-01 06:00:00,7 days 18:00:00,186,23.08,-131.22,1010.0,23.6,34.93597670618476,0.0,0.0,0.0,0.0,0.0,0.0,0.0,0.0,0.0,0.0,0.0,0.0
2026-07-24 12:00:00,EP072026,0,2026-08-01 12:00:00,8 days 00:00:00,192,23.69,-132.29,1006.5,31.4,123.05364642211218,0.0,0.0,0.0,0.0,0.0,0.0,0.0,0.0,0.0,0.0,0.0,0.0
2026-07-24 12:00:00,EP072026,0,2026-08-01 18:00:00,8 days 06:00:00,198,24.17,-133.73,1006.9,24.2,78.53605751756766,0.0,0.0,0.0,0.0,0.0,0.0,0.0,0.0,0.0,0.0,0.0,0.0
2026-07-24 12:00:00,EP072026,0,2026-08-02 00:00:00,8 days 12:00:00,204,24.84,-134.94,1005.3,28.4,114.20397008004056,0.0,0.0,0.0,0.0,0.0,0.0,0.0,0.0,0.0,0.0,0.0,0.0
2026-07-24 12:00:00,EP072026,0,2026-08-02 06:00:00,8 days 18:00:00,210,25.04,-136.41,1007.0,25.9,65.14473603706254,0.0,0.0,0.0,0.0,0.0,0.0,0.0,0.0,0.0,0.0,0.0,0.0
2026-07-24 12:00:00,EP072026,0,2026-08-02 12:00:00,9 days 00:00:00,216,25.58,-137.32,1008.8,23.7,71.34395711228514,0.0,0.0,0.0,0.0,0.0,0.0,0.0,0.0,0.0,0.0,0.0,0.0
2026-07-24 12:00:00,WP112026,0,2026-07-24 12:00:00,0 days 00:00:00,0,19.7,120.4,991.0,60.0,37.0,139.0,93.0,84.0,139.0,,,,,0.0,0.0,0.0,0.0
2026-07-24 12:00:00,WP112026,0,2026-07-24 18:00:00,0 days 06:00:00,6,20.0,119.1,953.6,91.7,16.742393606483063,290.98056672675807,262.9740099906114,229.8807777047764,265.20859973673146,16.742393606483063,0.0,0.0,0.977652108971398,16.742393606483063,0.0,0.0,0.1289286147528212
2026-07-24 12:00:00,WP112026,0,2026-07-25 00:00:00,0 days 12:00:00,12,20.59,118.09,952.4,107.5,25.651977589223733,273.5487561364378,226.4689299933521,196.52081815042595,245.1804473590421,147.8986885463964,132.8193507372416,111.11979826120393,133.18790949053192,79.92542271238592,72.8486181209505,59.13833703586816,70.7663491785011
2026-07-24 12:00:00,WP112026,0,2026-07-25 06:00:00,0 days 18:00:00,18,21.25,116.97,942.4,115.3,0.0,257.2183523354229,227.9917456110089,197.49244705545507,225.43665684639453,130.2424249184869,114.60193839078728,94.39958799120149,115.95526918972834,69.85941869717426,62.10382837272357,49.50787377253064,59.744311902720106
2026-07-24 12:00:00,WP112026,0,2026-07-25 12:00:00,1 days 00:00:00,24,21.65,116.06,943.1,111.4,26.33002815247187,273.8554802080322,250.53065732636256,204.79250086858815,227.13426708723077,26.33002815247187,0.0,0.0,2.441630085084811,26.33002815247187,0.0,0.0,1.2380115967141996
2026-07-24 12:00:00,WP112026,0,2026-07-25 18:00:00,1 days 06:00:00,30,21.9,115.14,938.7,116.1,18.47518307422156,240.61684366016496,218.292717968667,164.97715289824762,194.50598459858256,18.47518307422156,0.921140843128358,0.0,7.140597276788351,18.47518307422156,0.1087433507216224,0.0,2.732623103398755
2026-07-24 12:00:00,WP112026,0,2026-07-26 00:00:00,1 days 12:00:00,36,23.06,114.69,962.0,84.8,1.7501622368494516,133.8647382368336,112.32595591696264,77.7465598621333,105.42963570570072,47.40296179766789,37.47118000662443,24.33061566549708,37.633794038299015,19.7063527156393,15.40070545982202,12.447810286868204,16.44071256317147
2026-07-24 12:00:00,WP112026,0,2026-07-26 06:00:00,1 days 18:00:00,42,23.99,114.14,977.1,62.2,1.357587700397933,119.44641696649552,115.86840027653196,53.93802363538098,85.88416956631346,47.34568728168296,41.254566947539054,26.786572080817017,32.59932892270333,0.0,0.0,0.0,0.0
2026-07-24 12:00:00,WP112026,0,2026-07-26 12:00:00,2 days 00:00:00,48,24.33,113.98,995.1,42.7,58.57019837289278,163.79885510993927,143.35420845171154,110.27936355318286,122.77708273311632,0.0,0.0,0.0,0.0,0.0,0.0,0.0,0.0
2026-07-24 12:00:00,WP112026,0,2026-07-26 18:00:00,2 days 06:00:00,54,25.38,113.49,993.9,29.5,14.126956200451744,0.0,0.0,0.0,0.0,0.0,0.0,0.0,0.0,0.0,0.0,0.0,0.0
2026-07-24 12:00:00,WP112026,0,2026-07-27 00:00:00,2 days 12:00:00,60,26.9,112.97,999.8,18.4,53.77170693185008,0.0,0.0,0.0,0.0,0.0,0.0,0.0,0.0,0.0,0.0,0.0,0.0
2026-07-24 12:00:00,WP112026,0,2026-07-27 06:00:00,2 days 18:00:00,66,27.83,112.35,1001.3,19.2,74.96587517332391,0.0,0.0,0.0,0.0,0.0,0.0,0.0,0.0,0.0,0.0,0.0,0.0
2026-07-24 12:00:00,WP112026,0,2026-07-27 12:00:00,3 days 00:00:00,72,28.74,111.76,999.3,22.5,106.959212295709,0.0,0.0,0.0,0.0,0.0,0.0,0.0,0.0,0.0,0.0,0.0,0.0
2026-07-24 12:00:00,WP112026,0,2026-07-27 18:00:00,3 days 06:00:00,78,29.89,111.29,1001.6,21.0,47.43354304500346,0.0,0.0,0.0,0.0,0.0,0.0,0.0,0.0,0.0,0.0,0.0,0.0
2026-07-24 12:00:00,WP112026,0,2026-07-28 00:00:00,3 days 12:00:00,84,30.65,111.17,1002.7,21.5,102.83065306164887,0.0,0.0,0.0,0.0,0.0,0.0,0.0,0.0,0.0,0.0,0.0,0.0
2026-07-24 12:00:00,EP062026,1,2026-07-24 12:00:00,0 days 00:00:00,0,18.5,-130.6,970.0,89.0,37.0,297.0,185.0,111.0,297.0,148.0,74.0,56.0,111.0,74.0,37.0,28.0,56.0
2026-07-24 12:00:00,EP062026,1,2026-07-24 18:00:00,0 days 06:00:00,6,18.58,-131.68,976.7,77.4,33.097549679183885,205.9683307640329,159.14768590656934,121.654036023817,185.55553431336236,103.74055227899323,78.06317685179127,57.93870433362416,88.1633560905829,44.92279322389228,37.40622772614344,28.56708236456779,37.92451685206044
2026-07-24 12:00:00,EP062026,1,2026-07-25 00:00:00,0 days 12:00:00,12,18.73,-133.01,978.0,76.0,49.86146547747667,280.2508490090812,222.32065969398204,155.72147716072408,237.4887148469801,96.69450136913795,70.55476901318222,47.02093639726443,76.79092692752039,49.86146547747667,27.803745057458293,20.1368688498088,28.571401082362435
2026-07-24 12:00:00,EP062026,1,2026-07-25 06:00:00,0 days 18:00:00,18,18.92,-134.27,976.0,84.2,33.31146533853028,258.7596827363969,189.16562719995412,132.90204796220004,218.5080858522413,107.0018308539559,80.29364246201993,57.32424418998375,90.0834215505003,43.41479957894845,35.200644048238146,27.317311281753177,37.31968875144271
2026-07-24 12:00:00,EP062026,1,2026-07-25 12:00:00,1 days 00:00:00,24,18.95,-135.39,976.8,77.3,38.87215528570198,229.6429764049899,179.93483884480202,129.43176014400308,194.66874325103615,71.50061523252009,52.55342021315232,35.47596692398986,59.53375824944135,38.87215528570198,19.3323571229474,13.334343826307348,20.953277529484534
2026-07-24 12:00:00,EP062026,1,2026-07-25 18:00:00,1 days 06:00:00,30,18.88,-136.36,983.5,74.8,65.52459486712779,198.64441727600567,145.2661841903953,95.15943005904656,168.15094640783866,87.5519897081374,64.43264432685551,48.17315703542752,75.85266956849368,65.52459486712779,33.46916749690393,26.626594177041724,35.35685580625277
2026-07-24 12:00:00,EP062026,1,2026-07-26 00:00:00,1 days 12:00:00,36,19.17,-137.43,983.5,64.8,33.57250644333146,190.12363243932052,164.04211378768082,118.81026294356366,159.04696986281056,71.79841688583679,57.05769707199556,38.680317640153646,56.84687076113573,33.57250644333146,16.622157933855476,12.525975395985428,17.09803378879093
2026-07-24 12:00:00,EP062026,1,2026-07-26 06:00:00,1 days 18:00:00,42,19.28,-138.58,992.2,62.0,57.10685807287575,260.1856390915066,220.6932060430536,169.97699391656124,218.90225525687129,78.38524390344696,61.33079499654923,40.69232314919617,60.28117694471701,0.0,0.0,0.0,0.0
2026-07-24 12:00:00,EP062026,1,2026-07-26 12:00:00,2 days 00:00:00,48,19.47,-139.35,983.9,64.5,41.95522627435963,185.6418662802467,135.13822195867016,108.550514303767,169.27194716835447,90.70596389844624,68.931277471299,51.58309508935739,75.64964561203996,41.95522627435963,29.08918889327688,22.25034279600436,31.095245784124884
2026-07-24 12:00:00,EP062026,1,2026-07-26 18:00:00,2 days 06:00:00,54,19.39,-140.39,994.6,57.6,29.75126952708198,210.04889130373363,150.7925622636437,113.23110223490328,184.66030909196888,92.5606729517228,70.84867154962612,51.659030085533225,76.94649464958879,0.0,0.0,0.0,0.0
2026-07-24 12:00:00,EP062026,1,2026-07-27 00:00:00,2 days 12:00:00,60,19.37,-141.57,998.9,52.4,74.48583111069853,271.6878426913912,222.90713128814843,170.81219621597023,234.0620749449473,74.48583111069853,53.42403808072159,34.36995306290512,54.15903938877483,0.0,0.0,0.0,0.0
2026-07-24 12:00:00,EP062026,1,2026-07-27 06:00:00,2 days 18:00:00,66,19.64,-142.99,991.6,57.7,41.74926215445946,199.0353873977634,152.5600758206864,115.49338568802494,171.16221068799263,58.881856717878456,44.6691050942442,26.787504244561127,46.13255071843676,0.0,0.0,0.0,0.0
2026-07-24 12:00:00,EP062026,1,2026-07-27 12:00:00,3 days 00:00:00,72,19.6,-144.65,996.2,52.9,86.9303647229539,97.4849330701192,63.29557582406085,31.92628988658302,65.68035171998682,86.9303647229539,0.0,0.0,1.3756780857631743,0.0,0.0,0.0,0.0
2026-07-24 12:00:00,EP062026,1,2026-07-27 18:00:00,3 days 06:00:00,78,19.83,-146.28,1002.1,48.6,82.31390426656793,170.28852541005404,128.0533608607326,90.40670783507628,129.11210854011816,0.0,0.0,0.0,0.0,0.0,0.0,0.0,0.0
2026-07-24 12:00:00,EP062026,1,2026-07-28 00:00:00,3 days 12:00:00,84,19.81,-147.97,1000.8,49.0,124.7301984633674,125.29877072895913,85.07976774946164,58.95869975939436,89.66367401665599,0.0,0.0,0.0,0.0,0.0,0.0,0.0,0.0
2026-07-24 12:00:00,EP062026,1,2026-07-28 06:00:00,3 days 18:00:00,90,19.95,-149.68,1002.1,42.6,106.2538057010963,131.52323168025055,96.77831574580269,68.53913390726663,100.69870128736852,0.0,0.0,0.0,0.0,0.0,0.0,0.0,0.0
2026-07-24 12:00:00,EP062026,1,2026-07-28 12:00:00,4 days 00:00:00,96,20.09,-151.44,1004.0,34.5,138.94133066366408,138.94133066366408,8.78933376691785,2.79313746372263,11.715309469217985,0.0,0.0,0.0,0.0,0.0,0.0,0.0,0.0
2026-07-24 12:00:00,EP062026,1,2026-07-28 18:00:00,4 days 06:00:00,102,20.22,-152.58,1007.4,31.0,69.64994556514675,0.0,0.0,0.0,0.0,0.0,0.0,0.0,0.0,0.0,0.0,0.0,0.0
2026-07-24 12:00:00,EP062026,1,2026-07-29 00:00:00,4 days 12:00:00,108,20.32,-154.16,1008.4,28.6,70.9119803199744,0.0,0.0,0.0,0.0,0.0,0.0,0.0,0.0,0.0,0.0,0.0,0.0
2026-07-24 12:00:00,EP062026,1,2026-07-29 06:00:00,4 days 18:00:00,114,20.04,-156.09,1006.6,27.0,85.51097404242611,0.0,0.0,0.0,0.0,0.0,0.0,0.0,0.0,0.0,0.0,0.0,0.0
2026-07-24 12:00:00,EP062026,1,2026-07-29 12:00:00,5 days 00:00:00,120,20.2,-156.97,1009.5,27.0,156.63004263163907,0.0,0.0,0.0,0.0,0.0,0.0,0.0,0.0,0.0,0.0,0.0,0.0
2026-07-24 12:00:00,EP072026,1,2026-07-24 12:00:00,0 days 00:00:00,0,8.9,-99.9,1005.0,29.0,93.0,0.0,0.0,0.0,0.0,0.0,0.0,0.0,0.0,0.0,0.0,0.0,0.0
2026-07-24 12:00:00,EP072026,1,2026-07-24 18:00:00,0 days 06:00:00,6,9.06,-100.85,1000.5,39.4,57.632766709175485,99.23736726797506,74.71919361156142,57.54744375597693,82.97616556102639,0.0,0.0,0.0,0.0,0.0,0.0,0.0,0.0
2026-07-24 12:00:00,EP072026,1,2026-07-25 00:00:00,0 days 12:00:00,12,9.49,-101.77,1000.0,52.2,71.20665254373168,147.83700815257657,110.23161536266916,78.24174228147973,115.50262473061731,71.20665254373168,8.542176984367769,3.2858942333741603,10.781512568325123,0.0,0.0,0.0,0.0
2026-07-24 12:00:00,EP072026,1,2026-07-25 06:00:00,0 days 18:00:00,18,10.01,-102.57,997.6,52.9,36.48150980969683,106.8128617084628,85.6879041504223,56.25080767800357,82.17460308469455,36.48150980969683,3.801512352046256,0.0,3.954793274836327,0.0,0.0,0.0,0.0
2026-07-24 12:00:00,EP072026,1,2026-07-25 12:00:00,1 days 00:00:00,24,10.64,-103.64,995.2,54.5,34.004381191510646,163.9758471697221,129.69608611257777,85.7357964236707,135.60471887517224,34.004381191510646,18.3058698023569,8.356479316114854,20.07207098724411,0.0,0.0,0.0,0.0
2026-07-24 12:00:00,EP072026,1,2026-07-25 18:00:00,1 days 06:00:00,30,11.18,-105.37,997.2,54.6,45.14554626644767,214.06747892137355,180.81643634215936,133.19392985720214,166.8343546209178,45.14554626644767,26.65920612985323,16.484748178069616,25.268458906004028,0.0,0.0,0.0,0.0
2026-07-24 12:00:00,EP072026,1,2026-07-26 00:00:00,1 days 12:00:00,36,11.64,-106.38,990.3,66.3,41.14831749149835,210.52377274067632,176.1109814979402,124.84028977379344,163.08984854234163,41.14831749149835,11.757372335184211,3.6024854415404834,13.160557112333304,41.14831749149835,0.0,0.0,0.4504917013969953
2026-07-24 12:00:00,EP072026,1,2026-07-26 06:00:00,1 days 18:00:00,42,12.16,-107.44,990.3,72.9,39.505994437223976,216.8594517253551,163.09803087248088,99.07789634204312,164.10544867965666,50.100794279403246,33.40835633097261,16.587519320676968,35.24034692981328,39.505994437223976,1.5136791762302026,0.0,2.948475252914844
2026-07-24 12:00:00,EP072026,1,2026-07-26 12:00:00,2 days 00:00:00,48,12.86,-108.7,990.1,69.2,49.60365275353169,193.5007637377838,132.83933183564386,72.23373522807384,143.33154577347568,84.7582221117247,63.71060705716704,41.897482846900616,65.07817724606124,49.60365275353169,22.6656140032642,15.949520286798474,22.85687231514136
2026-07-24 12:00:00,EP072026,1,2026-07-26 18:00:00,2 days 06:00:00,54,13.63,-109.87,990.7,67.7,21.80460955023545,253.61359755154265,208.28826666662465,128.15634008180552,202.14409305513152,77.09334434806922,58.69214402379464,32.398409141080265,55.39435516736897,21.80460955023545,12.066700153835576,6.558943083960656,12.289933970227482
2026-07-24 12:00:00,EP072026,1,2026-07-27 00:00:00,2 days 12:00:00,60,13.96,-110.71,977.3,83.5,15.56934108540626,217.3824751489763,179.1877713717107,104.23475375016962,171.37049404373408,56.71220976050035,38.40051307490238,17.387043042993625,38.59199326498718,17.043306321894807,12.205694423180184,6.76400169533136,13.27666465066625
2026-07-24 12:00:00,EP072026,1,2026-07-27 06:00:00,2 days 18:00:00,66,14.52,-111.53,956.0,110.4,11.08424867440456,203.4530870490124,169.57866877110155,98.91384601765787,154.3442058955108,87.9964312925016,67.01577417094063,44.16359091037763,70.67443764350526,39.13284553817822,32.102715886876965,23.31923023088232,33.25109136157895
2026-07-24 12:00:00,EP072026,1,2026-07-27 12:00:00,3 days 00:00:00,72,15.13,-112.33,970.0,87.4,30.17158232621355,241.3687110718795,203.97913245398436,124.53211983834004,190.1608852870978,71.74912855884233,52.92651344131687,29.075986492388736,52.17201866228813,30.17158232621355,16.824887115575066,9.777421254950651,17.283235746396723
2026-07-24 12:00:00,EP072026,1,2026-07-27 18:00:00,3 days 06:00:00,78,15.85,-113.09,970.8,86.9,25.300021322687822,224.6453069192576,177.6809469827058,111.05118008020872,170.80012896063272,86.70441878616839,65.83930154672271,43.334817165567074,66.68601349887831,33.88839661559359,28.247262998607766,19.705583363108417,28.2923042752509
2026-07-24 12:00:00,EP072026,1,2026-07-28 00:00:00,3 days 12:00:00,84,16.43,-113.62,963.2,95.1,27.60875407561429,204.7076117723841,165.06019280583337,91.53706303446523,150.29455465238289,104.53071488223122,82.94904439531672,59.11433907729622,84.50256433798722,54.67190576083166,46.232250677143526,34.94913197174671,45.93945364060335
2026-07-24 12:00:00,EP072026,1,2026-07-28 06:00:00,3 days 18:00:00,90,17.24,-114.12,964.6,91.5,37.07471555009981,251.8450715230716,240.28999588950592,166.4589085975929,195.51972197248853,37.5431118372597,26.72344206575925,7.251243487405727,21.890054532810957,37.07471555009981,0.0,0.0,0.0
2026-07-24 12:00:00,EP072026,1,2026-07-28 12:00:00,4 days 00:00:00,96,17.43,-114.54,959.3,96.7,29.91820813222777,225.1301656399156,187.3233935192099,120.50186873253858,185.17820769860123,120.1531527568984,95.0344999981387,67.02178756318978,96.1685429237524,60.33522073544205,51.4885560681971,38.3552894983228,50.48018293317071
2026-07-24 12:00:00,EP072026,1,2026-07-28 18:00:00,4 days 06:00:00,102,17.73,-115.11,958.7,98.2,12.787173415211695,274.1182640119009,245.7093603300678,174.0217723418629,224.4862557414292,102.93682990014447,86.5623894421093,57.41804601856758,80.03021240206817,46.67806083216464,39.07421742401386,29.14131701099005,39.32720733407413
2026-07-24 12:00:00,EP072026,1,2026-07-29 00:00:00,4 days 12:00:00,108,18.28,-115.68,967.9,96.1,63.61561094456263,249.90740910472363,200.343019461996,123.40708612923116,206.54535313528052,110.3030121883086,86.5456053277269,62.09075206943141,91.1513221991329,63.61561094456263,44.65166261223408,34.054339506834275,44.15440597154182
2026-07-24 12:00:00,EP072026,1,2026-07-29 06:00:00,4 days 18:00:00,114,18.55,-116.45,964.6,90.6,28.875348547158158,267.86269247349094,224.3873250849446,152.63226824340148,215.94428282846889,115.41698190386214,92.82435209482252,65.5611797573828,93.25839910893988,48.53678950729489,40.7281291603603,30.421292689812702,41.177642754156125
2026-07-24 12:00:00,EP072026,1,2026-07-29 12:00:00,5 days 00:00:00,120,19.05,-117.4,975.1,79.7,36.36037062689808,241.8971178395888,195.38491940473887,129.5858348727344,197.3431165353861,96.39769763865792,69.1990356356268,45.54637052447347,74.81951842298386,36.36037062689808,23.82838328854437,16.192094708741493,25.262690784046168
2026-07-24 12:00:00,EP072026,1,2026-07-29 18:00:00,5 days 06:00:00,126,19.33,-118.26,973.4,83.6,28.94168089749644,226.52604395554843,185.06978246503056,114.4354278716849,176.5436050577755,79.58990462492704,60.88517134050015,36.98144602568541,59.88183769734402,32.84201622850338,27.53723540612185,19.1868246226724,26.573843325415176
2026-07-24 12:00:00,EP072026,1,2026-07-30 00:00:00,5 days 12:00:00,132,19.96,-119.18,977.2,75.6,39.59267078797888,295.3168109375852,239.18655412898735,173.64730247618854,252.4162739161702,93.73336355168637,66.62657208753637,40.40007693477463,71.68637579221456,39.59267078797888,16.282901889068313,10.157205481049871,17.75573770500577
2026-07-24 12:00:00,EP072026,1,2026-07-30 06:00:00,5 days 18:00:00,138,20.51,-120.05,975.7,78.9,42.66882115087853,221.6917190221946,178.75044391004627,114.06659398257229,178.86695417157011,81.38049254631608,62.56788001801988,40.559987260700254,63.76722015914112,42.66882115087853,26.174203799540948,18.67015241045459,26.02435463119749
2026-07-24 12:00:00,EP072026,1,2026-07-30 12:00:00,6 days 00:00:00,144,21.05,-121.45,985.2,64.3,35.72982441341929,223.30469063029284,171.87488079637944,121.35663503987028,173.9119911219663,80.22981823291178,62.96543409705529,41.12711027297672,60.71101634353552,35.72982441341929,17.846588422335863,12.528503592518453,17.530929010529963
2026-07-24 12:00:00,EP072026,1,2026-07-30 18:00:00,6 days 06:00:00,150,21.81,-122.71,995.1,58.9,60.69418699994668,288.42776032528326,228.9084225467904,179.41547994060602,246.5120656775077,99.32314937931795,78.64053943681708,51.788559553538505,75.74117873371021,0.0,0.0,0.0,0.0
2026-07-24 12:00:00,EP072026,1,2026-07-31 00:00:00,6 days 12:00:00,156,22.06,-124.14,994.9,48.8,44.76681741168068,167.08119523401547,117.52647017831625,84.12536385437852,118.4218483378645,0.0,0.0,0.0,0.0,0.0,0.0,0.0,0.0
2026-07-24 12:00:00,EP072026,1,2026-07-31 06:00:00,6 days 18:00:00,162,22.62,-125.75,1003.9,40.6,96.39039236494688,96.39039236494688,51.062960758451496,29.408408802826514,54.943875710747605,0.0,0.0,0.0,0.0,0.0,0.0,0.0,0.0
2026-07-24 12:00:00,EP072026,1,2026-07-31 12:00:00,7 days 00:00:00,168,22.8,-127.15,1003.0,37.5,58.23927189624435,58.23927189624435,0.0,0.0,0.6224603359656768,0.0,0.0,0.0,0.0,0.0,0.0,0.0,0.0
2026-07-24 12:00:00,EP072026,1,2026-07-31 18:00:00,7 days 06:00:00,174,23.23,-128.68,1007.2,34.5,93.24965884761195,93.24965884761195,11.411914452841204,0.0,23.18685619726889,0.0,0.0,0.0,0.0,0.0,0.0,0.0,0.0
2026-07-24 12:00:00,EP072026,1,2026-08-01 00:00:00,7 days 12:00:00,180,23.67,-130.23,1004.8,34.8,89.93698085526967,89.93698085526967,24.27846914112979,13.20102932372663,36.92010019560416,0.0,0.0,0.0,0.0,0.0,0.0,0.0,0.0
2026-07-24 12:00:00,EP072026,1,2026-08-01 06:00:00,7 days 18:00:00,186,24.37,-132.19,1004.9,37.2,88.98189586722665,88.98189586722665,29.460646589151573,18.250984224392116,31.35913360404532,0.0,0.0,0.0,0.0,0.0,0.0,0.0,0.0
2026-07-24 12:00:00,EP072026,1,2026-08-01 12:00:00,8 days 00:00:00,192,24.4,-133.98,1009.2,31.0,125.83209184316851,0.0,0.0,0.0,0.0,0.0,0.0,0.0,0.0,0.0,0.0,0.0,0.0
2026-07-24 12:00:00,EP072026,1,2026-08-01 18:00:00,8 days 06:00:00,198,24.43,-135.07,1007.5,33.0,116.35039497110849,0.0,0.0,0.0,0.0,0.0,0.0,0.0,0.0,0.0,0.0,0.0,0.0
2026-07-24 12:00:00,EP072026,1,2026-08-02 00:00:00,8 days 12:00:00,204,24.43,-137.11,1011.0,28.6,129.1350172632819,0.0,0.0,0.0,0.0,0.0,0.0,0.0,0.0,0.0,0.0,0.0,0.0
2026-07-24 12:00:00,EP072026,1,2026-08-02 06:00:00,8 days 18:00:00,210,24.34,-138.55,1006.4,30.6,64.2643922799763,0.0,0.0,0.0,0.0,0.0,0.0,0.0,0.0,0.0,0.0,0.0,0.0
2026-07-24 12:00:00,EP072026,1,2026-08-02 12:00:00,9 days 00:00:00,216,24.65,-139.95,1006.6,27.8,92.19890978159584,0.0,0.0,0.0,0.0,0.0,0.0,0.0,0.0,0.0,0.0,0.0,0.0
2026-07-24 12:00:00,EP072026,1,2026-08-02 18:00:00,9 days 06:00:00,222,25.03,-141.42,1008.6,26.4,109.59370369355008,0.0,0.0,0.0,0.0,0.0,0.0,0.0,0.0,0.0,0.0,0.0,0.0
2026-07-24 12:00:00,EP072026,1,2026-08-03 00:00:00,9 days 12:00:00,228,25.07,-142.64,1008.3,28.1,134.2438451636886,0.0,0.0,0.0,0.0,0.0,0.0,0.0,0.0,0.0,0.0,0.0,0.0
2026-07-24 12:00:00,EP072026,1,2026-08-03 06:00:00,9 days 18:00:00,234,25.14,-143.95,1009.0,22.9,103.74823439932324,0.0,0.0,0.0,0.0,0.0,0.0,0.0,0.0,0.0,0.0,0.0,0.0
2026-07-24 12:00:00,WP112026,1,2026-07-24 12:00:00,0 days 00:00:00,0,19.7,120.4,991.0,60.0,37.0,139.0,93.0,84.0,139.0,,,,,0.0,0.0,0.0,0.0
2026-07-24 12:00:00,WP112026,1,2026-07-24 18:00:00,0 days 06:00:00,6,19.97,118.98,976.1,74.8,28.951876933823463,180.36473360659832,137.9495209092848,107.52994279376392,167.7226672163548,138.74510803625165,114.86958986416847,94.97308758518837,121.25027794068096,78.77853749946473,69.17030853918388,57.19483213264096,67.09944050631113
2026-07-24 12:00:00,WP112026,1,2026-07-25 00:00:00,0 days 12:00:00,12,20.47,118.16,962.1,92.3,22.93304459440334,181.32976325613,164.6640785063895,132.4583633059609,164.96000120894428,112.1700636467478,94.53317149969914,75.76085548781188,95.43687426223826,57.81508828012306,49.6463054406981,39.08831830380139,50.07870242959963
2026-07-24 12:00:00,WP112026,1,2026-07-25 06:00:00,0 days 18:00:00,18,21.3,116.87,955.7,98.8,20.99747295550032,237.7861004327077,212.0634856196176,178.467135261326,198.309556741692,61.787467151236186,49.03573171257437,35.32532531377001,45.711099646951226,20.99747295550032,14.4987674197625,10.736184544738077,14.955167779290989
2026-07-24 12:00:00,WP112026,1,2026-07-25 12:00:00,1 days 00:00:00,24,21.77,115.82,950.2,108.7,47.99825307855826,201.78896881355865,156.10235457573947,127.53678842684884,185.897993759404,117.31950044582764,96.2415842182293,82.90645246372607,107.886910989081,79.96226372458145,69.90144640224764,57.70276575683488,70.62736329459386
2026-07-24 12:00:00,WP112026,1,2026-07-25 18:00:00,1 days 06:00:00,30,22.63,114.99,956.1,99.4,0.0,124.24599774096366,135.40490611993985,86.85885127403176,98.01972117044195,9.743328505731633,2.928766706525261,0.0,3.615262635666081,0.0653143681166881,0.0,0.0,0.0
2026-07-24 12:00:00,WP112026,1,2026-07-26 00:00:00,1 days 12:00:00,36,23.21,114.73,953.7,93.8,5.851883815062699,161.0236750895759,129.65434105343462,102.89669926046712,124.28216312988717,51.510407722886505,39.50491071210923,29.954662496730837,41.72389314386516,19.845404954969524,16.06841974409052,12.31224068168166,17.09138351332159
2026-07-24 12:00:00,WP112026,1,2026-07-26 06:00:00,1 days 18:00:00,42,23.83,114.17,977.7,63.3,20.602920939899583,78.14703641867607,79.58629533638671,56.02016625197108,54.42656823257022,20.602920939899583,1.0683170222098033,0.0,0.0,0.0,0.0,0.0,0.0
2026-07-24 12:00:00,WP112026,1,2026-07-26 12:00:00,2 days 00:00:00,48,24.49,113.92,996.0,29.2,42.23846426330825,0.0,0.0,0.0,0.0,0.0,0.0,0.0,0.0,0.0,0.0,0.0,0.0
2026-07-24 12:00:00,WP112026,1,2026-07-26 18:00:00,2 days 06:00:00,54,25.87,114.05,1003.8,21.5,55.12568687047019,0.0,0.0,0.0,0.0,0.0,0.0,0.0,0.0,0.0,0.0,0.0,0.0
2026-07-24 12:00:00,WP112026,1,2026-07-27 00:00:00,2 days 12:00:00,60,27.11,113.36,1006.0,13.9,121.37970914925596,0.0,0.0,0.0,0.0,0.0,0.0,0.0,0.0,0.0,0.0,0.0,0.0
2026-07-24 12:00:00,WP112026,1,2026-07-27 06:00:00,2 days 18:00:00,66,27.67,113.43,1005.8,15.7,108.74289973380073,0.0,0.0,0.0,0.0,0.0,0.0,0.0,0.0,0.0,0.0,0.0,0.0
2026-07-24 12:00:00,WP112026,1,2026-07-27 12:00:00,3 days 00:00:00,72,28.29,112.71,1006.4,14.1,153.39129471917028,0.0,0.0,0.0,0.0,0.0,0.0,0.0,0.0,0.0,0.0,0.0,0.0
2026-07-24 12:00:00,WP112026,1,2026-07-27 18:00:00,3 days 06:00:00,78,29.53,112.02,1008.0,16.0,133.20482478046347,0.0,0.0,0.0,0.0,0.0,0.0,0.0,0.0,0.0,0.0,0.0,0.0
2026-07-24 12:00:00,EP062026,10,2026-07-24 12:00:00,0 days 00:00:00,0,18.5,-130.6,970.0,89.0,37.0,297.0,185.0,111.0,297.0,148.0,74.0,56.0,111.0,74.0,37.0,28.0,56.0
2026-07-24 12:00:00,EP062026,10,2026-07-24 18:00:00,0 days 06:00:00,6,18.58,-131.96,983.2,69.4,26.69862479401968,239.30721409378657,184.18547615485116,139.45106519901947,200.60041956130408,82.31750143611134,65.18910658152299,47.277025812678175,67.88101064831562,26.69862479401968,14.080397969906244,10.12041080423822,14.950191517549229
2026-07-24 12:00:00,EP062026,10,2026-07-25 00:00:00,0 days 12:00:00,12,18.86,-133.18,979.8,74.2,19.56569213995093,188.21116349358488,150.85500087638604,119.271046441233,157.5206448054238,66.64995597096024,53.60914281810972,37.03925501521357,53.0671632043854,19.56569213995093,5.489985819437669,4.105001495654697,6.927923413534266
2026-07-24 12:00:00,EP062026,10,2026-07-25 06:00:00,0 days 18:00:00,18,18.9,-134.5,985.8,68.0,11.94778380094587,294.5733431479307,229.0796999159694,174.28680228227472,260.4486124319883,115.0338688412662,99.67356930569724,79.10799001627322,98.97400604415674,24.58936784155412,21.10191997565198,17.39312703035025,21.16087597110652
2026-07-24 12:00:00,EP062026,10,2026-07-25 12:00:00,1 days 00:00:00,24,18.98,-135.71,979.9,73.6,31.21651084380403,263.51695481292177,199.76977192342747,150.40594931170153,223.16132262595104,122.02092448427038,103.76679099649856,80.26717199218928,102.5390401763567,34.34387579155813,29.691583210618603,23.57934377508448,29.942293996828795
2026-07-24 12:00:00,EP062026,10,2026-07-25 18:00:00,1 days 06:00:00,30,19.22,-136.81,973.3,81.9,33.577583913110146,229.96566080621324,174.72943639322986,128.78371126306692,196.6898153443384,100.30434572433262,79.90813927549029,61.81695367740028,85.9825965261721,46.93185803896375,40.83592211648268,32.4923740339881,41.61045651465386
2026-07-24 12:00:00,EP062026,10,2026-07-26 00:00:00,1 days 12:00:00,36,19.24,-138.02,976.4,79.4,28.92363393938304,211.09561795721825,147.49040666686352,113.52901121200524,181.9316872107167,96.14262339168806,70.31439747803898,49.07566632555727,79.07551044323941,34.44842992456495,25.20998495938016,18.373141241546666,28.225768906192137
2026-07-24 12:00:00,EP062026,10,2026-07-26 06:00:00,1 days 18:00:00,42,19.53,-139.06,981.6,73.2,32.95987454021862,242.8874243515833,175.0442190716915,138.08622275038744,202.0106361838921,93.91355188716054,74.66610967508078,50.961284429401296,77.06893450270425,32.95987454021862,9.604774841947648,5.785141078037052,12.46100029987688
2026-07-24 12:00:00,EP062026,10,2026-07-26 12:00:00,2 days 00:00:00,48,19.57,-140.29,985.1,70.7,37.45535452690016,246.6834840983149,189.4071964151968,143.55201332694514,210.03971440795087,104.1269004123385,82.52704187118485,60.061146572022665,84.69090685376348,37.45535452690016,19.27549957394934,13.953571411030326,21.6572280364231
2026-07-24 12:00:00,EP062026,10,2026-07-26 18:00:00,2 days 06:00:00,54,19.35,-141.35,991.4,60.9,33.961296991128435,185.09357501373145,133.68798336344418,107.61600989232863,169.35324013241734,82.29176562052197,66.45716622726083,46.45863991100085,66.56042191403137,0.0,0.0,0.0,0.0
2026-07-24 12:00:00,EP062026,10,2026-07-27 00:00:00,2 days 12:00:00,60,19.43,-142.8,994.0,59.2,45.24853572919079,155.38609585378094,124.49882638409372,90.56496946658388,126.17866354559408,45.24853572919079,0.0,0.0,2.0497348449964434,0.0,0.0,0.0,0.0
2026-07-24 12:00:00,EP062026,10,2026-07-27 06:00:00,2 days 18:00:00,66,19.33,-143.76,992.6,59.8,28.217850087382097,185.77625465171363,132.62334275363577,106.51929625849984,169.09907707481813,52.61020361988353,37.784736298188,27.57468492807217,45.32167447389892,0.0,0.0,0.0,0.0
2026-07-24 12:00:00,EP062026,10,2026-07-27 12:00:00,3 days 00:00:00,72,19.56,-145.97,996.0,51.5,79.28838815714516,171.06893297542047,144.8725132133859,103.97462510841206,142.48962841621324,79.28838815714516,18.05662805296282,7.855303128333787,16.59670205136024,0.0,0.0,0.0,0.0
2026-07-24 12:00:00,EP062026,10,2026-07-27 18:00:00,3 days 06:00:00,78,19.74,-147.73,996.7,51.0,70.7241293223461,274.3035351859917,239.20305293798685,177.5814726658901,224.4218093980328,70.7241293223461,0.0,0.0,0.1380132405901042,0.0,0.0,0.0,0.0
2026-07-24 12:00:00,EP062026,10,2026-07-28 00:00:00,3 days 12:00:00,84,19.76,-149.3,1001.6,46.4,40.21974878437696,180.02043072616212,141.51632948267374,94.95970737189369,145.8320911651282,0.0,0.0,0.0,0.0,0.0,0.0,0.0,0.0
2026-07-24 12:00:00,EP062026,10,2026-07-28 06:00:00,3 days 18:00:00,90,20.06,-151.36,1005.1,41.0,62.51137342510022,238.47101853269123,199.48608871193252,149.7446687142463,192.0721910149366,0.0,0.0,0.0,0.0,0.0,0.0,0.0,0.0
2026-07-24 12:00:00,EP062026,10,2026-07-28 12:00:00,4 days 00:00:00,96,20.26,-152.92,1005.8,39.5,82.76510256009726,152.9252695448616,127.81168786791082,90.67710011570172,112.54437637559452,0.0,0.0,0.0,0.0,0.0,0.0,0.0,0.0
2026-07-24 12:00:00,EP062026,10,2026-07-28 18:00:00,4 days 06:00:00,102,20.64,-154.18,1005.0,32.9,61.44324989535875,0.0,0.0,0.0,0.0,0.0,0.0,0.0,0.0,0.0,0.0,0.0,0.0
2026-07-24 12:00:00,EP062026,10,2026-07-29 00:00:00,4 days 12:00:00,108,20.13,-155.26,1004.8,32.0,37.208363892037625,0.0,0.0,0.0,0.0,0.0,0.0,0.0,0.0,0.0,0.0,0.0,0.0
2026-07-24 12:00:00,EP062026,10,2026-07-29 06:00:00,4 days 18:00:00,114,20.42,-156.75,1009.4,29.0,103.72441380758364,0.0,0.0,0.0,0.0,0.0,0.0,0.0,0.0,0.0,0.0,0.0,0.0
2026-07-24 12:00:00,EP072026,10,2026-07-24 12:00:00,0 days 00:00:00,0,8.9,-99.9,1005.0,29.0,93.0,0.0,0.0,0.0,0.0,0.0,0.0,0.0,0.0,0.0,0.0,0.0,0.0
2026-07-24 12:00:00,EP072026,10,2026-07-24 18:00:00,0 days 06:00:00,6,8.85,-100.94,1000.7,46.7,84.71305064532353,84.71305064532353,0.0,5.240464666650363,12.134775315304209,0.0,0.0,0.0,0.0,0.0,0.0,0.0,0.0
2026-07-24 12:00:00,EP072026,10,2026-07-25 00:00:00,0 days 12:00:00,12,9.32,-101.79,998.2,42.4,49.02685409193546,121.52279873169934,99.7142644485832,76.18528065053582,100.83411066149104,0.0,0.0,0.0,0.0,0.0,0.0,0.0,0.0
2026-07-24 12:00:00,EP072026,10,2026-07-25 06:00:00,0 days 18:00:00,18,10.03,-102.67,997.8,57.9,22.990960937842477,124.03395491111372,95.24060505161547,66.0465949154949,99.34291715404925,32.72155413551783,26.278194313172413,16.1465173447758,24.945587177789008,0.0,0.0,0.0,0.0
2026-07-24 12:00:00,EP072026,10,2026-07-25 12:00:00,1 days 00:00:00,24,10.52,-103.56,995.8,61.7,28.05137493335992,167.9144614440466,139.34170933391775,89.92401604544905,143.1286771437267,69.73685375775608,56.60544345529147,37.52385364160615,53.1217999861049,0.0,0.0,0.0,0.0
2026-07-24 12:00:00,EP072026,10,2026-07-25 18:00:00,1 days 06:00:00,30,11.08,-104.67,992.5,66.0,31.64303053305254,75.2336243085116,65.52816747449097,36.45374554757669,67.92477151836658,40.603046301185216,32.566977399894235,20.751622716676778,31.45089866378838,31.64303053305254,0.0,0.0,0.8821295417910271
2026-07-24 12:00:00,EP072026,10,2026-07-26 00:00:00,1 days 12:00:00,36,11.91,-106.24,987.7,62.0,24.300158424606597,119.92708225509683,97.32917451493334,61.7724699728216,106.0949657713955,24.300158424606597,5.164270480536336,0.0,6.198386547626524,0.0,0.0,0.0,0.0
2026-07-24 12:00:00,EP072026,10,2026-07-26 06:00:00,1 days 18:00:00,42,12.28,-107.9,997.5,59.2,47.06190889691897,218.552728702994,156.59403994964714,95.27956399315966,171.28022500465968,80.43459184553463,59.87169571726624,38.72154949794256,63.93425052221012,0.0,0.0,0.0,0.0
2026-07-24 12:00:00,EP072026,10,2026-07-26 12:00:00,2 days 00:00:00,48,12.72,-108.95,991.5,69.0,48.44918123908917,209.34769492189756,168.70679585147832,115.1831660691438,166.4859581548094,95.30333473306725,80.39199053089646,56.618812578992106,75.45720922051532,48.44918123908917,10.422714118221563,6.833472895888452,10.06091267486734
2026-07-24 12:00:00,EP072026,10,2026-07-26 18:00:00,2 days 06:00:00,54,13.33,-109.94,981.9,77.6,30.836961743747395,228.73502483695364,186.46550979257557,114.26984065883782,182.199485920164,100.6403686789079,84.28266696100727,60.50997166048308,84.02225905854621,40.854592678475896,36.121733163404166,27.447937579155976,34.847684001007686
2026-07-24 12:00:00,EP072026,10,2026-07-27 00:00:00,2 days 12:00:00,60,14.07,-110.96,961.1,106.5,17.16462732768123,211.8094984394846,183.38454989766493,123.979496646932,163.23652705099408,27.575293587549535,17.00086016491361,4.161128894659227,17.51628815721525,17.16462732768123,2.573838442488938,0.0,3.817754296216804
2026-07-24 12:00:00,EP072026,10,2026-07-27 06:00:00,2 days 18:00:00,66,14.58,-111.56,963.9,100.1,35.4761549831056,257.35289835477823,219.6182379677048,145.82234042610037,199.1349486367764,107.81463488926934,87.73743364718948,59.816226263564,87.47071909255659,51.0233922202836,41.84172353159472,31.717148278529127,41.93208862456344
2026-07-24 12:00:00,EP072026,10,2026-07-27 12:00:00,3 days 00:00:00,72,15.16,-112.45,968.1,96.1,42.68071845899389,186.7113545419096,154.0989999664401,95.01617196377477,151.3081359913482,93.58383652507774,67.33840848740621,42.89199359563796,71.79357595644802,42.68071845899389,31.763927955233346,21.34744549732176,33.31117062250807
2026-07-24 12:00:00,EP072026,10,2026-07-27 18:00:00,3 days 06:00:00,78,15.91,-112.87,953.7,119.6,26.836548861474853,286.5059404115193,256.1187254163584,154.64411971382614,231.3311839704628,98.64365694939582,78.08718770853207,51.03456311354911,80.00106662176673,52.35649648845208,43.473773720274735,32.89729206165843,43.71321979381384
2026-07-24 12:00:00,EP072026,10,2026-07-28 00:00:00,3 days 12:00:00,84,16.42,-113.64,952.2,110.8,11.169310928005608,304.52760173137074,246.61553527170597,158.9801008518138,244.01447429884217,148.98987343299717,118.17933579334384,82.04478341481276,118.32769805749942,77.41087861840981,64.11690883565045,48.42250990390925,64.51804270978606
2026-07-24 12:00:00,EP072026,10,2026-07-28 06:00:00,3 days 18:00:00,90,16.98,-113.93,948.3,110.0,19.35922116685228,244.9007469856673,225.2173026806723,130.8811568275434,175.13960696766966,112.68119004779057,97.29539005062946,63.125504100640896,86.06315420526806,46.19041737384011,38.97812941939938,28.798980152704143,36.41183762321956
2026-07-24 12:00:00,EP072026,10,2026-07-28 12:00:00,4 days 00:00:00,96,17.66,-114.55,968.7,91.6,41.65736573533371,239.82179303569444,201.14691362394848,133.30832560625305,198.78739392778505,110.867280336718,86.5288010555808,62.437452872235966,92.13220013124985,61.62989996285936,51.52452132900726,39.627530724439794,51.38585899244265
2026-07-24 12:00:00,EP072026,10,2026-07-28 18:00:00,4 days 06:00:00,102,18.12,-115.24,944.0,111.9,42.46837075010859,241.1956343086815,210.72532777651185,149.13926594621032,189.47995315195743,103.88425667894568,89.05620594722984,65.60552150345362,86.44159147417464,49.99587693526144,44.59683408918729,35.23513084143312,44.46563230874694
2026-07-24 12:00:00,EP072026,10,2026-07-29 00:00:00,4 days 12:00:00,108,18.54,-115.82,960.0,83.6,46.13434896846769,207.52002506281397,195.89470221361955,163.96243415909382,189.0692738185649,84.46389217568621,72.3458661202688,58.104017011695234,75.01517761329185,46.13434896846769,29.68254060291219,24.33727411577784,30.430991787162235
2026-07-24 12:00:00,EP072026,10,2026-07-29 06:00:00,4 days 18:00:00,114,18.65,-116.34,967.4,92.6,46.51716112127836,233.6799241630822,184.24257145814929,154.4852495845518,201.82279995837175,69.89302740425731,52.53781330160558,32.9202973525299,59.81320958463039,46.51716112127836,13.142438154779876,7.653435610172283,15.401890413297735
2026-07-24 12:00:00,EP072026,10,2026-07-29 12:00:00,5 days 00:00:00,120,19.14,-117.12,964.3,79.9,43.25150776417944,228.9300806029345,197.95943751219963,171.36390102231337,205.00341859362203,132.72464551707324,114.5401890213805,90.60616342952048,116.1649957217002,49.22834227915736,45.76554902401653,36.108652059730765,45.02604625926234
2026-07-24 12:00:00,EP072026,10,2026-07-29 18:00:00,5 days 06:00:00,126,19.7,-118.18,981.3,70.8,39.76453536456216,265.18612869417086,201.4763217557452,154.8752359465052,212.63741651375116,118.0143364680632,98.24558884994325,71.97459695084555,95.76625672269384,39.76453536456216,6.190004598745044,2.612585009481589,6.7558580217371045
2026-07-24 12:00:00,EP072026,10,2026-07-30 00:00:00,5 days 12:00:00,132,20.04,-119.18,987.2,57.3,71.41527311933757,222.70143282260275,157.1337861842993,117.61418361198582,187.88278084312887,87.35708698020797,70.29154049097116,49.701466745526375,70.88908214078856,0.0,0.0,0.0,0.0
2026-07-24 12:00:00,EP072026,10,2026-07-30 06:00:00,5 days 18:00:00,138,20.35,-120.37,997.4,48.6,65.08178119356927,161.2206290786117,142.8695670705555,119.48846259957485,146.844957225259,0.0,0.0,0.0,0.0,0.0,0.0,0.0,0.0
2026-07-24 12:00:00,EP072026,10,2026-07-30 12:00:00,6 days 00:00:00,144,20.8,-121.01,998.9,45.6,41.186378539580446,176.18887655482058,147.86313510333787,111.1703530635665,145.93360299901514,0.0,0.0,0.0,0.0,0.0,0.0,0.0,0.0
2026-07-24 12:00:00,EP072026,10,2026-07-30 18:00:00,6 days 06:00:00,150,21.21,-121.78,998.5,45.5,74.22715060554896,206.80763417723472,164.23715081034635,110.0343219605748,168.45787197302124,0.0,0.0,0.0,0.0,0.0,0.0,0.0,0.0
2026-07-24 12:00:00,EP072026,10,2026-07-31 00:00:00,6 days 12:00:00,156,21.73,-122.55,997.4,49.2,47.77027318708354,175.20842649710104,141.00537852677616,98.4852466495418,139.29098709105568,0.0,0.0,0.0,0.0,0.0,0.0,0.0,0.0
2026-07-24 12:00:00,EP072026,10,2026-07-31 06:00:00,6 days 18:00:00,162,22.09,-123.77,1000.5,38.7,124.06602171255209,137.47651632704213,117.9079668118034,88.07783718460487,120.50720949009823,0.0,0.0,0.0,0.0,0.0,0.0,0.0,0.0
2026-07-24 12:00:00,EP072026,10,2026-07-31 12:00:00,7 days 00:00:00,168,23.18,-124.82,980.1,61.4,55.273206429995206,159.3600502093441,129.89708362013758,101.79873144515838,130.71957658269235,4.787970671933618,0.1544997271662573,0.3103550118391887,55.273206429995206,0.0,0.0,0.0,0.0
2026-07-24 12:00:00,EP072026,10,2026-07-31 18:00:00,7 days 06:00:00,174,23.73,-125.8,987.9,44.3,54.485296397551146,16.301092769669975,0.0,0.0,54.485296397551146,0.0,0.0,0.0,0.0,0.0,0.0,0.0,0.0
2026-07-24 12:00:00,EP072026,10,2026-08-01 00:00:00,7 days 12:00:00,180,24.09,-126.68,1004.9,34.8,59.44737644169618,0.0832343674365105,0.0,59.44737644169618,1.354821876808174,0.0,0.0,0.0,0.0,0.0,0.0,0.0,0.0
2026-07-24 12:00:00,EP072026,10,2026-08-01 06:00:00,7 days 18:00:00,186,24.94,-128.09,1006.6,32.8,49.47015958166103,0.0,0.0,0.0,0.0,0.0,0.0,0.0,0.0,0.0,0.0,0.0,0.0
2026-07-24 12:00:00,EP072026,10,2026-08-01 12:00:00,8 days 00:00:00,192,25.67,-129.01,1009.5,18.4,49.00227945147765,0.0,0.0,0.0,0.0,0.0,0.0,0.0,0.0,0.0,0.0,0.0,0.0
2026-07-24 12:00:00,EP072026,10,2026-08-01 18:00:00,8 days 06:00:00,198,26.15,-130.01,1012.6,20.5,59.89707518582772,0.0,0.0,0.0,0.0,0.0,0.0,0.0,0.0,0.0,0.0,0.0,0.0
2026-07-24 12:00:00,WP112026,10,2026-07-24 12:00:00,0 days 00:00:00,0,19.7,120.4,991.0,60.0,37.0,139.0,93.0,84.0,139.0,,,,,0.0,0.0,0.0,0.0
2026-07-24 12:00:00,WP112026,10,2026-07-24 18:00:00,0 days 06:00:00,6,19.95,119.27,976.6,73.6,28.03243517512225,171.29216023111496,134.40568089936104,103.31743334425,148.72659153803727,82.92073318747455,67.81084473210407,50.25943153742816,69.05748335851574,28.03243517512225,13.663393741591618,10.180879339263436,14.085831267346428
2026-07-24 12:00:00,WP112026,10,2026-07-25 00:00:00,0 days 12:00:00,12,20.56,118.03,953.0,101.3,33.479000023109634,196.30811671976213,172.36473454241073,156.92456311697816,182.84169754426037,95.8090288870503,84.11772044783908,71.95368530397214,87.07226237322396,59.27393602851168,54.112701624032965,45.47296176136095,52.942173586123126
2026-07-24 12:00:00,WP112026,10,2026-07-25 06:00:00,0 days 18:00:00,18,20.94,116.99,946.9,113.1,1.5812900014538158,294.9872344334076,251.84497986899012,217.0630177890993,255.5885932485582,142.25568016095352,124.18238157941708,100.73092522120106,120.31264343901712,78.0443015009148,71.31864013174649,58.73678857663861,68.70245275914868
2026-07-24 12:00:00,WP112026,10,2026-07-25 12:00:00,1 days 00:00:00,24,21.58,116.16,939.5,118.0,20.428978500278117,210.68399495993964,187.6769885965368,158.76564782147287,181.9356218939876,118.74213346664382,102.10575706203048,86.41008576897228,101.88480116118032,65.24437774033069,58.38466966002059,49.78262184830135,57.16215809607266
2026-07-24 12:00:00,WP112026,10,2026-07-25 18:00:00,1 days 06:00:00,30,22.63,115.23,942.4,111.0,8.374291506204045,240.3717673970458,231.28364077024463,183.2562450344793,188.39251426712715,0.8084508450573766,0.0195702341219625,0.416105952599815,8.374291506204045,0.8084508450573766,0.0195702341219625,0.416105952599815,8.374291506204045
2026-07-24 12:00:00,WP112026,10,2026-07-26 00:00:00,1 days 12:00:00,36,23.16,114.32,954.1,94.4,18.52154845492437,235.64942563076104,219.5552123939248,184.14885046894472,202.52816059530076,133.5563917905497,121.89518450078668,101.34831885862776,115.3988337002364,57.95510265860898,53.18835137583703,44.21003870118059,49.16892333730743
2026-07-24 12:00:00,WP112026,10,2026-07-26 06:00:00,1 days 18:00:00,42,23.93,113.95,986.1,47.4,46.96591751710963,125.65104674007284,106.3496073245142,79.35525067547577,103.46298704836848,0.0,0.0,0.0,0.0,0.0,0.0,0.0,0.0
2026-07-24 12:00:00,WP112026,10,2026-07-26 12:00:00,2 days 00:00:00,48,24.71,113.99,999.4,33.8,46.50012859267496,0.0,0.0,0.0,0.0,0.0,0.0,0.0,0.0,0.0,0.0,0.0,0.0
2026-07-24 12:00:00,WP112026,10,2026-07-26 18:00:00,2 days 06:00:00,54,26.08,113.16,1001.3,27.4,57.001001581985946,0.0,0.0,0.0,0.0,0.0,0.0,0.0,0.0,0.0,0.0,0.0,0.0
2026-07-24 12:00:00,WP112026,10,2026-07-27 00:00:00,2 days 12:00:00,60,27.84,113.28,999.0,23.3,97.9854452641068,0.0,0.0,0.0,0.0,0.0,0.0,0.0,0.0,0.0,0.0,0.0,0.0
2026-07-24 12:00:00,WP112026,10,2026-07-27 06:00:00,2 days 18:00:00,66,28.38,112.57,1004.3,20.4,54.57961189634688,0.0,0.0,0.0,0.0,0.0,0.0,0.0,0.0,0.0,0.0,0.0,0.0
2026-07-24 12:00:00,WP112026,10,2026-07-27 12:00:00,3 days 00:00:00,72,29.1,112.18,1001.6,16.2,103.42180188542793,0.0,0.0,0.0,0.0,0.0,0.0,0.0,0.0,0.0,0.0,0.0,0.0
2026-07-24 12:00:00,EP062026,11,2026-07-24 12:00:00,0 days 00:00:00,0,18.5,-130.6,970.0,89.0,37.0,297.0,185.0,111.0,297.0,148.0,74.0,56.0,111.0,74.0,37.0,28.0,56.0
2026-07-24 12:00:00,EP062026,11,2026-07-24 18:00:00,0 days 06:00:00,6,18.79,-132.04,984.6,69.5,21.847665247323302,223.1508989582424,159.31719655278633,120.80241145497192,198.32373934091825,84.36869158357321,57.13724415791231,38.3035880347945,69.79496551233672,21.847665247323302,10.969343975694716,5.908141640089522,13.329673786807746
2026-07-24 12:00:00,EP062026,11,2026-07-25 00:00:00,0 days 12:00:00,12,18.71,-133.24,977.0,76.6,36.61133393578348,184.7847832128764,129.4560602994245,108.18642284180828,164.23973618560444,108.81405420910936,80.82999496570153,59.85984650623226,89.34516154074026,36.61133393578348,28.23535483862861,22.02192007364285,30.231915308808112
2026-07-24 12:00:00,EP062026,11,2026-07-25 06:00:00,0 days 18:00:00,18,18.96,-134.41,984.2,77.3,60.36007426753906,224.67884486609023,175.09820694941914,132.65297767993593,193.77094195648988,90.07674942371204,67.08415286712602,48.82421023873593,81.83856873464254,60.36007426753906,28.938113685058624,22.39656582898357,30.9521957342476
2026-07-24 12:00:00,EP062026,11,2026-07-25 12:00:00,1 days 00:00:00,24,19.15,-135.59,982.0,71.0,17.971686540501203,227.4786221458789,176.51271365379478,125.17351143854856,197.8623777142394,83.43900144808208,56.504814481798505,34.27650943668803,59.86356519902185,17.971686540501203,0.0,0.0,0.9285780155040606
2026-07-24 12:00:00,EP062026,11,2026-07-25 18:00:00,1 days 06:00:00,30,19.48,-136.62,987.1,63.3,32.80345986982748,185.66705321247483,160.70937904891082,121.87841496388236,168.43855704393573,84.58828131922706,63.60652670520691,44.53612789531293,71.50634572154726,0.0,0.0,0.0,0.0
2026-07-24 12:00:00,EP062026,11,2026-07-26 00:00:00,1 days 12:00:00,36,19.91,-137.94,990.3,62.3,55.96603583741961,231.7147169810496,191.2091707600482,128.84588530473593,196.00285949996945,97.14356201527607,69.979640662208,46.89581878306723,75.89880016194792,0.0,0.0,0.0,0.0
2026-07-24 12:00:00,EP062026,11,2026-07-26 06:00:00,1 days 18:00:00,42,20.02,-139.07,985.5,63.0,24.38308714879969,223.61680759584144,181.4420814384704,133.6146634851732,195.38535471154543,72.6389583638834,51.67471313925856,31.92809180391825,54.51913813567938,0.0,0.0,0.0,0.0
2026-07-24 12:00:00,EP062026,11,2026-07-26 12:00:00,2 days 00:00:00,48,20.08,-140.39,988.4,58.5,25.84085096184577,200.41626346666817,147.80606202527838,112.26884538661989,177.52808228451477,62.97540695220357,42.86659274383442,28.44325357745373,46.65879867241017,0.0,0.0,0.0,0.0
2026-07-24 12:00:00,EP062026,11,2026-07-26 18:00:00,2 days 06:00:00,54,20.14,-141.54,990.4,56.1,42.95492689721007,216.5800003465192,174.03384190536403,131.85632776679495,190.34698882291508,46.15716060618669,29.10233934047945,19.0262362016245,33.729845868382135,0.0,0.0,0.0,0.0
2026-07-24 12:00:00,EP062026,11,2026-07-27 00:00:00,2 days 12:00:00,60,20.33,-142.94,994.3,58.2,62.33417155240306,140.26470268437754,118.9084958209511,82.20624417456816,112.56755801408087,62.33417155240306,0.0,0.0,3.979712099967068,0.0,0.0,0.0,0.0
2026-07-24 12:00:00,EP062026,11,2026-07-27 06:00:00,2 days 18:00:00,66,20.66,-144.28,997.6,57.3,43.07873109517833,179.879075681492,136.26352787737076,86.79188079339349,146.7875849088827,43.07873109517833,4.577128240852858,0.8317005568778983,6.914200890559876,0.0,0.0,0.0,0.0
2026-07-24 12:00:00,EP062026,11,2026-07-27 12:00:00,3 days 00:00:00,72,20.84,-146.26,1003.8,41.7,140.52036073469213,201.6987718867415,154.9799315952689,104.36018661461496,160.14037839479022,0.0,0.0,0.0,0.0,0.0,0.0,0.0,0.0
2026-07-24 12:00:00,EP062026,11,2026-07-27 18:00:00,3 days 06:00:00,78,20.7,-147.66,1004.5,40.8,137.986356130614,191.01306735674055,134.8493125721115,83.42133504906516,152.30234152455233,0.0,0.0,0.0,0.0,0.0,0.0,0.0,0.0
2026-07-24 12:00:00,EP062026,11,2026-07-28 00:00:00,3 days 12:00:00,84,21.16,-149.25,1003.3,36.1,74.5530560273391,74.5530560273391,0.744627347082691,0.0,2.098233638434664,0.0,0.0,0.0,0.0,0.0,0.0,0.0,0.0
2026-07-24 12:00:00,EP062026,11,2026-07-28 06:00:00,3 days 18:00:00,90,21.38,-150.7,1003.8,43.1,118.91456995331896,312.2051296503213,266.8144795328579,183.3929788872056,255.45931740122572,0.0,0.0,0.0,0.0,0.0,0.0,0.0,0.0
2026-07-24 12:00:00,EP062026,11,2026-07-28 12:00:00,4 days 00:00:00,96,21.69,-151.92,1007.2,33.9,140.98329338242974,0.0,0.0,0.0,0.0,0.0,0.0,0.0,0.0,0.0,0.0,0.0,0.0
2026-07-24 12:00:00,EP072026,11,2026-07-24 12:00:00,0 days 00:00:00,0,8.9,-99.9,1005.0,29.0,93.0,0.0,0.0,0.0,0.0,0.0,0.0,0.0,0.0,0.0,0.0,0.0,0.0
2026-07-24 12:00:00,EP072026,11,2026-07-24 18:00:00,0 days 06:00:00,6,8.78,-101.02,1002.0,40.3,32.680655153182414,32.680655153182414,11.98220050211087,11.248422936905412,17.853856735790146,0.0,0.0,0.0,0.0,0.0,0.0,0.0,0.0
2026-07-24 12:00:00,EP072026,11,2026-07-25 00:00:00,0 days 12:00:00,12,9.24,-101.71,1001.9,46.1,22.2022963344157,56.27761229371536,52.70453536517561,39.9104785247215,47.21986480012266,0.0,0.0,0.0,0.0,0.0,0.0,0.0,0.0
2026-07-24 12:00:00,EP072026,11,2026-07-25 06:00:00,0 days 18:00:00,18,10.1,-102.7,1001.6,44.7,47.70227160708187,47.70227160708187,34.66909744375228,14.1209657509228,27.909594121638698,0.0,0.0,0.0,0.0,0.0,0.0,0.0,0.0
2026-07-24 12:00:00,EP072026,11,2026-07-25 12:00:00,1 days 00:00:00,24,10.79,-103.85,995.1,59.6,29.3622163880708,97.11827630067788,87.75584512501825,49.84626232838727,66.38090289492357,29.3622163880708,6.3379759254535575,1.4019704165699385,5.305845472976015,0.0,0.0,0.0,0.0
2026-07-24 12:00:00,EP072026,11,2026-07-25 18:00:00,1 days 06:00:00,30,11.6,-105.04,995.1,60.7,40.557905744076095,124.72459979718808,104.93980630613412,57.78294999876988,94.00135502722593,56.87346224856631,40.27322550128312,20.581883396676893,38.07211966198463,0.0,0.0,0.0,0.0
2026-07-24 12:00:00,EP072026,11,2026-07-26 00:00:00,1 days 12:00:00,36,12.13,-106.08,983.2,76.6,38.07373509421964,220.64517292805368,196.99229114969845,131.6962812424706,180.49912189746965,125.36874069865942,100.44971392024792,73.3111974446969,101.15759866933024,38.07373509421964,29.606081243862214,23.27868214825152,30.351442850808155
2026-07-24 12:00:00,EP072026,11,2026-07-26 06:00:00,1 days 18:00:00,42,12.68,-107.31,981.3,76.2,25.81364978328726,209.3583546864448,169.60759538644177,101.31007501195252,172.5945567529015,76.18813138248694,56.04775078832951,34.510245742086816,54.151372407142645,25.81364978328726,1.594068208916252,0.0,3.009043516116841
2026-07-24 12:00:00,EP072026,11,2026-07-26 12:00:00,2 days 00:00:00,48,13.2,-108.64,963.9,101.0,6.604827138980266,174.78179013145916,145.837776871857,84.44856225621828,133.91108856158576,74.7028469404913,57.989626904093925,37.063105162851656,56.113937629046205,28.039255161852672,22.93016237033856,17.140022975755954,23.231987749976334
2026-07-24 12:00:00,EP072026,11,2026-07-26 18:00:00,2 days 06:00:00,54,13.63,-109.85,977.8,79.9,23.68241118705927,257.31014388425444,195.15698982354343,113.05467046803628,211.38778671159216,107.50872766234588,80.61839621338568,51.48062705198927,75.34198791622495,23.68241118705927,3.3882927664558617,0.4803468149572338,6.459649966806966
2026-07-24 12:00:00,EP072026,11,2026-07-27 00:00:00,2 days 12:00:00,60,14.22,-110.78,970.4,98.3,35.67916728074308,237.2424166893817,206.9441154868617,124.8651180123552,189.3463972959322,100.36322452837658,70.98659096209855,46.458758002510656,76.30652751238767,35.67916728074308,25.11353247995912,19.189701406470174,27.425488641050485
2026-07-24 12:00:00,EP072026,11,2026-07-27 06:00:00,2 days 18:00:00,66,14.55,-111.8,970.3,101.1,32.74411179185193,233.5441176028138,195.26217801836532,141.95825933134216,193.87141442796732,32.74411179185193,9.840687563109077,0.9202901890073868,16.34063907043944,32.74411179185193,0.0,0.0,0.0
2026-07-24 12:00:00,EP072026,11,2026-07-27 12:00:00,3 days 00:00:00,72,15.24,-112.48,960.3,105.8,49.12805421115695,219.675396659796,187.74702621641316,109.5027368985069,177.1139702343453,90.346107683195,65.7515025104176,43.194584837083255,69.0612946961187,49.12805421115695,33.29823983238828,26.512631367738635,36.31919028585389
2026-07-24 12:00:00,EP072026,11,2026-07-27 18:00:00,3 days 06:00:00,78,15.24,-113.3,948.8,126.9,7.999649264391296,321.80689204590294,247.3818453397828,156.07955856018972,265.66888993485475,71.30459198946369,47.46020973471371,27.001540876547867,55.07585935910562,29.831514832587644,22.805984088877626,16.536037817207536,26.22165334679927
2026-07-24 12:00:00,EP072026,11,2026-07-28 00:00:00,3 days 12:00:00,84,16.44,-114.17,963.9,100.9,31.125228598377497,238.1831513001746,200.63281794699003,136.45750301576703,193.5365032878285,112.70735531842274,88.33698120577918,64.6857495307411,89.9604051470834,50.75962454661986,42.878263426649326,34.66269435931304,43.54536866126744
2026-07-24 12:00:00,EP072026,11,2026-07-28 06:00:00,3 days 18:00:00,90,16.86,-115.0,966.5,98.9,21.82532455719945,264.3411787975174,223.09315035750467,159.7804670276863,210.56559213253104,21.82532455719945,1.0781740989666986,0.0,6.958047835127733,21.82532455719945,0.0,0.0,0.0
2026-07-24 12:00:00,EP072026,11,2026-07-28 12:00:00,4 days 00:00:00,96,17.16,-115.49,973.3,90.2,81.85504232803993,295.0241191963012,232.86622330989093,164.26748276258752,251.22403050437924,134.5268543682623,113.63483364342405,86.82597685570134,114.89311098981962,81.85504232803993,61.32902912963349,52.00937095188348,61.140864239331066
2026-07-24 12:00:00,EP072026,11,2026-07-28 18:00:00,4 days 06:00:00,102,17.4,-116.02,964.5,94.6,41.82793879400489,241.2230098725089,218.5313163554149,143.72680252490642,188.49351521115184,123.87206560242976,102.19798794862282,70.82384924821781,97.66912641474386,41.82793879400489,31.91474556205893,23.77769720097855,30.55419378405938
2026-07-24 12:00:00,EP072026,11,2026-07-29 00:00:00,4 days 12:00:00,108,17.62,-116.49,976.2,91.1,46.759405246960064,208.18368463527003,164.13346920396748,118.78059031855584,181.0017971713685,96.16245225498513,67.54738957144362,45.95723829841005,79.39259754736389,46.759405246960064,29.405145758409965,21.19513829847665,31.84854851484929
2026-07-24 12:00:00,EP072026,11,2026-07-29 06:00:00,4 days 18:00:00,114,18.09,-117.19,980.8,72.7,32.93825080397765,197.0412169343814,169.80696071423984,113.23776902721556,158.28682821412286,69.72969638658797,55.28513864655324,37.98639453343371,57.09406524159449,32.93825080397765,10.047057623962557,6.655613030843286,9.81158164773536
2026-07-24 12:00:00,EP072026,11,2026-07-29 12:00:00,5 days 00:00:00,120,18.43,-117.38,977.8,74.2,31.752220845259785,249.56379512153055,221.37831484089747,138.96837282389788,195.18736833222283,110.42594621595572,89.68211160852275,58.45681387611535,84.01508933601997,31.752220845259785,23.554127505193208,16.651520659092327,22.180888232442012
2026-07-24 12:00:00,EP072026,11,2026-07-29 18:00:00,5 days 06:00:00,126,18.99,-118.46,985.3,72.7,19.937767499616456,209.46712667794387,193.8689818368046,122.77968819168537,167.67948675630515,58.05135221283485,42.77162257893112,22.483022583992383,38.70659006282587,19.937767499616456,0.4336641712688109,0.0,0.0
2026-07-24 12:00:00,EP072026,11,2026-07-30 00:00:00,5 days 12:00:00,132,19.47,-119.68,984.8,63.4,53.72358163467402,239.88399374107485,214.15624737586492,142.42989253119777,196.9921879068752,112.81675869084484,92.45017583008712,66.68930654468454,89.10771696371103,0.0,0.0,0.0,0.0
2026-07-24 12:00:00,EP072026,11,2026-07-30 06:00:00,5 days 18:00:00,138,19.81,-120.57,992.0,57.8,21.67600396668156,196.9200859855403,166.77958553264844,122.72051284182298,162.52394279751076,21.67600396668156,0.0,0.0,3.739068996444918,0.0,0.0,0.0,0.0
2026-07-24 12:00:00,EP072026,11,2026-07-30 12:00:00,6 days 00:00:00,144,20.24,-121.62,995.0,51.5,62.45250770786322,272.3587798159059,222.1828596176209,180.9663840723443,247.98956671064303,87.43943000115483,64.7114041646434,46.768454481021934,62.0535513118933,0.0,0.0,0.0,0.0
2026-07-24 12:00:00,EP072026,11,2026-07-30 18:00:00,6 days 06:00:00,150,20.63,-122.86,995.5,58.7,32.63629060671289,194.08804598434529,142.50069770595195,105.5832414927736,170.46313337930394,44.18361228418818,29.274751837680668,18.93462814377601,31.35474929615765,0.0,0.0,0.0,0.0
2026-07-24 12:00:00,EP072026,11,2026-07-31 00:00:00,6 days 12:00:00,156,21.16,-124.21,994.0,52.0,25.542793037926774,118.91682866160905,102.03207171601156,79.54337556082453,103.34845995126064,25.542793037926774,9.395221810549288,3.9296104443266495,12.512595956479377,0.0,0.0,0.0,0.0
2026-07-24 12:00:00,EP072026,11,2026-07-31 06:00:00,6 days 18:00:00,162,21.56,-125.7,998.5,46.9,79.28959356990717,224.6991458954712,187.31920191423177,142.76601420518594,188.05854563949225,0.0,0.0,0.0,0.0,0.0,0.0,0.0,0.0
2026-07-24 12:00:00,EP072026,11,2026-07-31 12:00:00,7 days 00:00:00,168,21.7,-127.01,1005.6,36.4,61.03346117500476,162.42600571334182,135.3573996981012,96.40791225209838,133.9456846065302,0.0,0.0,0.0,0.0,0.0,0.0,0.0,0.0
2026-07-24 12:00:00,EP072026,11,2026-07-31 18:00:00,7 days 06:00:00,174,22.12,-128.47,1005.1,35.5,124.95361738834072,262.08741129768924,209.24706564519252,154.42096345932123,215.80434139472388,0.0,0.0,0.0,0.0,0.0,0.0,0.0,0.0
2026-07-24 12:00:00,EP072026,11,2026-08-01 00:00:00,7 days 12:00:00,180,22.69,-129.84,1004.1,34.8,57.27761473128663,15.870639879925818,1.5007490881141106,0.0,57.27761473128663,0.0,0.0,0.0,0.0,0.0,0.0,0.0,0.0
2026-07-24 12:00:00,EP072026,11,2026-08-01 06:00:00,7 days 18:00:00,186,22.92,-131.72,1003.6,36.5,180.39775666987785,225.64761837179756,180.2181736360136,129.16413552459574,181.2435501495409,0.0,0.0,0.0,0.0,0.0,0.0,0.0,0.0
2026-07-24 12:00:00,EP072026,11,2026-08-01 12:00:00,8 days 00:00:00,192,23.25,-133.17,1008.2,30.9,110.52858900906568,0.0,0.0,0.0,0.0,0.0,0.0,0.0,0.0,0.0,0.0,0.0,0.0
2026-07-24 12:00:00,EP072026,11,2026-08-01 18:00:00,8 days 06:00:00,198,23.64,-134.31,1008.2,29.6,121.53111407372472,0.0,0.0,0.0,0.0,0.0,0.0,0.0,0.0,0.0,0.0,0.0,0.0
2026-07-24 12:00:00,EP072026,11,2026-08-02 00:00:00,8 days 12:00:00,204,24.07,-135.7,1008.5,26.6,50.767026923532285,0.0,0.0,0.0,0.0,0.0,0.0,0.0,0.0,0.0,0.0,0.0,0.0
2026-07-24 12:00:00,EP072026,11,2026-08-02 06:00:00,8 days 18:00:00,210,23.28,-137.58,1006.9,23.9,136.01213105722937,0.0,0.0,0.0,0.0,0.0,0.0,0.0,0.0,0.0,0.0,0.0,0.0
2026-07-24 12:00:00,WP112026,11,2026-07-24 12:00:00,0 days 00:00:00,0,19.7,120.4,991.0,60.0,37.0,139.0,93.0,84.0,139.0,,,,,0.0,0.0,0.0,0.0
2026-07-24 12:00:00,WP112026,11,2026-07-24 18:00:00,0 days 06:00:00,6,19.95,119.1,972.8,72.5,15.283076647128087,173.01531733034562,139.23711803165108,103.26864288988864,141.23225740165006,77.39170377812877,60.044344297655535,41.29153318865148,59.84040519433387,15.283076647128087,7.406389122817868,4.792067222033377,9.275078550889075
2026-07-24 12:00:00,WP112026,11,2026-07-25 00:00:00,0 days 12:00:00,12,20.79,117.86,963.1,89.6,29.461240066218156,202.9233168972504,184.19294878576855,153.28351169885468,178.0768299454321,101.09375842533784,80.82999788559627,60.42398907337807,82.92360451698201,29.461240066218156,20.598025856667046,16.26960119527046,22.27873447098285
2026-07-24 12:00:00,WP112026,11,2026-07-25 06:00:00,0 days 18:00:00,18,21.34,116.86,950.8,107.7,27.9663541051261,207.5386883665541,181.86407523316345,154.98532061949064,169.56580728725663,93.81825937638246,77.13274518215938,56.37498965277048,77.19832015712291,41.74686967861948,35.69638391518889,30.03296178770316,36.76043557167334
2026-07-24 12:00:00,WP112026,11,2026-07-25 12:00:00,1 days 00:00:00,24,22.17,115.89,946.1,109.1,14.50413008352939,203.53986138776557,176.7591487497998,149.56863056885413,187.74322592121555,110.87309444564288,88.81868823997297,66.13272794278396,95.02139963944684,54.43404998427252,44.63302752413449,36.42755958015243,47.43500551309671
2026-07-24 12:00:00,WP112026,11,2026-07-25 18:00:00,1 days 06:00:00,30,23.01,114.92,963.0,93.2,4.991733162641012,170.8925936982254,180.2785903677739,128.90392505207143,129.2467281874388,20.70028380798964,18.24169624916096,8.782696997876524,19.22530988776424,4.991733162641012,0.0,0.0,0.0
2026-07-24 12:00:00,WP112026,11,2026-07-26 00:00:00,1 days 12:00:00,36,23.9,114.02,982.6,51.9,44.09938932329438,270.65517526356064,233.30428263130773,182.3096551071079,225.74210106987013,124.96952228612513,115.83747758264786,88.1900409337811,104.70068148968564,0.0,0.0,0.0,0.0
2026-07-24 12:00:00,WP112026,11,2026-07-26 06:00:00,1 days 18:00:00,42,24.48,113.71,985.5,46.5,12.686227506459735,163.3822705775326,141.6147228107314,119.83725637480455,142.19684183681568,0.0,0.0,0.0,0.0,0.0,0.0,0.0,0.0
2026-07-24 12:00:00,WP112026,11,2026-07-26 12:00:00,2 days 00:00:00,48,25.38,113.85,996.2,27.9,29.521550264972984,0.0,0.0,0.0,0.0,0.0,0.0,0.0,0.0,0.0,0.0,0.0,0.0
2026-07-24 12:00:00,WP112026,11,2026-07-26 18:00:00,2 days 06:00:00,54,26.25,113.57,1001.7,25.7,44.67723790483343,0.0,0.0,0.0,0.0,0.0,0.0,0.0,0.0,0.0,0.0,0.0,0.0
2026-07-24 12:00:00,WP112026,11,2026-07-27 00:00:00,2 days 12:00:00,60,27.33,112.9,1001.4,19.0,102.78091492110002,0.0,0.0,0.0,0.0,0.0,0.0,0.0,0.0,0.0,0.0,0.0,0.0
2026-07-24 12:00:00,WP112026,11,2026-07-27 06:00:00,2 days 18:00:00,66,28.27,112.82,998.4,24.2,91.49485445476743,0.0,0.0,0.0,0.0,0.0,0.0,0.0,0.0,0.0,0.0,0.0,0.0
2026-07-24 12:00:00,WP112026,11,2026-07-27 12:00:00,3 days 00:00:00,72,28.64,112.68,1002.4,19.2,118.90725823034602,0.0,0.0,0.0,0.0,0.0,0.0,0.0,0.0,0.0,0.0,0.0,0.0
2026-07-24 12:00:00,EP062026,12,2026-07-24 12:00:00,0 days 00:00:00,0,18.5,-130.6,970.0,89.0,37.0,297.0,185.0,111.0,297.0,148.0,74.0,56.0,111.0,74.0,37.0,28.0,56.0
2026-07-24 12:00:00,EP062026,12,2026-07-24 18:00:00,0 days 06:00:00,6,18.72,-132.1,978.7,81.0,12.679591549209729,167.3700865827056,121.8188893809248,94.32579083528448,148.0503755848908,65.6388805214633,50.67134343066813,32.488165158817736,54.4920707769044,27.56251216977105,21.30114807078041,14.530145314742573,22.7485310059516
2026-07-24 12:00:00,EP062026,12,2026-07-25 00:00:00,0 days 12:00:00,12,18.92,-133.32,977.6,82.1,36.12010533200095,317.6224447565146,267.7189254499008,211.59761453477176,261.95816438072734,104.79991877176076,88.3415216477805,65.47828520320377,87.54706668239862,52.14427106661845,43.88944342707202,33.34884757559729,44.320236173161504
2026-07-24 12:00:00,EP062026,12,2026-07-25 06:00:00,0 days 18:00:00,18,19.18,-134.95,975.3,77.8,24.24305788152185,282.1156782673943,225.5699506606165,188.30942056670847,236.16606838969076,93.11888447513866,78.37773198443051,62.43993217945467,79.65327100555555,46.08559059455513,40.23697741222031,32.132172260038885,39.741877847459136
2026-07-24 12:00:00,EP062026,12,2026-07-25 12:00:00,1 days 00:00:00,24,19.33,-135.99,985.8,65.4,32.75298764230541,270.39071667010853,224.8268505903316,181.2537008581387,234.44256974365453,80.17094058680016,65.36368093589886,45.77124040512439,66.58798304800007,36.18269469846558,29.270052046566803,20.996836035068355,29.22490100998229
2026-07-24 12:00:00,EP062026,12,2026-07-25 18:00:00,1 days 06:00:00,30,19.47,-137.1,986.3,70.8,52.65540662415049,203.6570467728664,180.0413560708144,135.95792394823778,184.0001323267944,98.09061636659612,80.29768997699874,61.10144337949556,81.64324427886054,52.65540662415049,32.01102380343994,25.05424407000027,32.691354164822734
2026-07-24 12:00:00,EP062026,12,2026-07-26 00:00:00,1 days 12:00:00,36,19.69,-138.04,992.9,59.2,48.311024910464894,217.8015471042472,186.12192110936377,137.68950538378442,189.97337601438625,89.28709412924442,80.42757079603194,64.23073605976168,72.9121278224993,0.0,0.0,0.0,0.0
2026-07-24 12:00:00,EP062026,12,2026-07-26 06:00:00,1 days 18:00:00,42,19.79,-139.07,996.3,54.7,55.18017978404175,257.1429541532373,228.79450524643477,177.5779792760345,230.69266125488377,101.84136706499751,95.16107629033144,80.82805989371913,87.24859455487413,0.0,0.0,0.0,0.0
2026-07-24 12:00:00,EP062026,12,2026-07-26 12:00:00,2 days 00:00:00,48,20.05,-140.38,990.6,65.7,32.74512724481513,183.5922561342444,136.3880861316278,95.1595455398362,148.40617411390582,64.95125492308513,51.58916785210816,31.890460759814843,51.641373600326254,32.74512724481513,19.95337360344352,12.621576195837198,20.104938772755865
2026-07-24 12:00:00,EP062026,12,2026-07-26 18:00:00,2 days 06:00:00,54,20.13,-141.98,991.1,60.5,49.726040892509104,182.65344269759012,160.93327121334536,112.46411162483804,148.94395069930044,49.726040892509104,37.54260698673151,28.898097447031542,32.874288772794884,0.0,0.0,0.0,0.0
2026-07-24 12:00:00,EP062026,12,2026-07-27 00:00:00,2 days 12:00:00,60,20.43,-143.01,990.0,57.4,45.75983905089102,139.0723348672367,102.61917681565347,71.77086775116885,116.15770767169778,45.75983905089102,0.0,0.0,0.4128040123049032,0.0,0.0,0.0,0.0
2026-07-24 12:00:00,EP062026,12,2026-07-27 06:00:00,2 days 18:00:00,66,20.67,-144.28,993.4,59.6,41.10999776286474,213.0308124194612,187.03130321893923,136.44962827983568,184.2678077418493,41.10999776286474,0.8014708849289036,0.0,2.387287188303972,0.0,0.0,0.0,0.0
2026-07-24 12:00:00,EP062026,12,2026-07-27 12:00:00,3 days 00:00:00,72,20.58,-145.69,994.4,55.1,24.54781395086945,188.6552256756028,149.66817438514823,107.80323124650872,156.88302985145032,24.54781395086945,0.9608275573209416,0.0,2.589176665484484,0.0,0.0,0.0,0.0
2026-07-24 12:00:00,EP062026,12,2026-07-27 18:00:00,3 days 06:00:00,78,20.72,-147.1,994.8,56.2,45.84685525817107,139.86364195914126,112.55444224725062,80.51424980392696,113.78062415491412,60.68833334595871,54.99752503388379,47.442621616332616,50.76602898902093,0.0,0.0,0.0,0.0
2026-07-24 12:00:00,EP062026,12,2026-07-28 00:00:00,3 days 12:00:00,84,21.11,-148.27,994.7,55.2,42.20686663822789,186.09257260334016,154.32921520120544,109.13137002774056,147.14758667065507,0.0,0.0,0.0,42.20686663822789,0.0,0.0,0.0,0.0
2026-07-24 12:00:00,EP062026,12,2026-07-28 06:00:00,3 days 18:00:00,90,21.65,-149.37,993.4,61.7,42.05704866499244,205.2497341935303,178.36297373486877,134.73305104275454,172.2669777297392,65.03705339927173,60.02968778029367,48.22294626823914,53.70740354077876,0.0,0.0,0.0,0.0
2026-07-24 12:00:00,EP062026,12,2026-07-28 12:00:00,4 days 00:00:00,96,21.74,-150.68,1001.6,48.7,91.2441072123042,133.25849666086657,84.36474692654133,57.590886572083946,97.27244812671704,0.0,0.0,0.0,0.0,0.0,0.0,0.0,0.0
2026-07-24 12:00:00,EP062026,12,2026-07-28 18:00:00,4 days 06:00:00,102,22.1,-151.88,1005.6,41.9,98.24597005836722,162.1156660084207,118.45391698997264,91.06018155636276,122.39650934186238,0.0,0.0,0.0,0.0,0.0,0.0,0.0,0.0
2026-07-24 12:00:00,EP062026,12,2026-07-29 00:00:00,4 days 12:00:00,108,22.52,-153.23,1002.0,44.7,51.26522252070602,167.33726811167122,141.71294537061203,106.03588080482255,154.5517441089503,0.0,0.0,0.0,0.0,0.0,0.0,0.0,0.0
2026-07-24 12:00:00,EP062026,12,2026-07-29 06:00:00,4 days 18:00:00,114,22.81,-154.34,1004.8,38.6,78.97591809009523,113.59822975259414,87.72044367183278,81.80812621782647,95.7953887331069,0.0,0.0,0.0,0.0,0.0,0.0,0.0,0.0
2026-07-24 12:00:00,EP062026,12,2026-07-29 12:00:00,5 days 00:00:00,120,22.81,-155.42,1007.3,32.3,58.37677890732552,0.0,0.0,0.0,0.0,0.0,0.0,0.0,0.0,0.0,0.0,0.0,0.0
2026-07-24 12:00:00,EP072026,12,2026-07-24 12:00:00,0 days 00:00:00,0,8.9,-99.9,1005.0,29.0,93.0,0.0,0.0,0.0,0.0,0.0,0.0,0.0,0.0,0.0,0.0,0.0,0.0
2026-07-24 12:00:00,EP072026,12,2026-07-24 18:00:00,0 days 06:00:00,6,8.77,-100.86,1005.7,41.4,59.79773188055202,155.52021997867314,130.2445018462035,105.90762687757456,131.6108370845539,0.0,0.0,0.0,0.0,0.0,0.0,0.0,0.0
2026-07-24 12:00:00,EP072026,12,2026-07-25 00:00:00,0 days 12:00:00,12,8.93,-102.02,1000.3,43.1,61.837606454122096,112.20894845973385,89.04134460424359,73.9874396236864,90.99953585933672,0.0,0.0,0.0,0.0,0.0,0.0,0.0,0.0
2026-07-24 12:00:00,EP072026,12,2026-07-25 06:00:00,0 days 18:00:00,18,9.96,-103.15,1005.9,34.8,65.99028810774982,65.99028810774982,0.0,0.0,0.0,0.0,0.0,0.0,0.0,0.0,0.0,0.0,0.0
2026-07-24 12:00:00,EP072026,12,2026-07-25 12:00:00,1 days 00:00:00,24,10.49,-103.52,1000.0,40.5,72.80313292716758,72.80313292716758,6.2362049577891625,0.0,1.6513143176817522,0.0,0.0,0.0,0.0,0.0,0.0,0.0,0.0
2026-07-24 12:00:00,EP072026,12,2026-07-25 18:00:00,1 days 06:00:00,30,11.38,-104.81,992.3,53.4,36.6739539421516,78.30221731663693,66.81189797861634,47.43667182835027,60.2490613325883,0.9977465846078224,0.0828133938749764,0.548295441923579,36.6739539421516,0.0,0.0,0.0,0.0
2026-07-24 12:00:00,EP072026,12,2026-07-26 00:00:00,1 days 12:00:00,36,11.9,-106.45,1000.0,46.1,100.47087541615664,100.47087541615664,13.783088475202838,0.7132872188282176,12.400798845413965,0.0,0.0,0.0,0.0,0.0,0.0,0.0,0.0
2026-07-24 12:00:00,EP072026,12,2026-07-26 06:00:00,1 days 18:00:00,42,12.42,-108.01,997.7,53.3,58.9030425736549,198.72420986153503,172.08664646316282,123.84832514853238,159.1134557800995,58.9030425736549,1.207135997885873,0.2679828765387464,1.9175003392025924,0.0,0.0,0.0,0.0
2026-07-24 12:00:00,EP072026,12,2026-07-26 12:00:00,2 days 00:00:00,48,12.99,-109.29,993.8,67.9,53.74813987781694,82.07693396655648,71.49414821658414,47.23989469661204,63.88259214180259,53.74813987781694,21.749100858588,13.47452617812495,20.601032847346147,53.74813987781694,8.143855448946537,4.6869809495889,7.484762362988601
2026-07-24 12:00:00,EP072026,12,2026-07-26 18:00:00,2 days 06:00:00,54,12.96,-110.71,1000.5,55.8,69.59024858583732,149.29048129858177,117.54082997616308,81.09178028340439,118.07306070146436,69.59024858583732,0.0,0.0,0.6001256401979322,0.0,0.0,0.0,0.0
2026-07-24 12:00:00,EP072026,12,2026-07-27 00:00:00,2 days 12:00:00,60,12.93,-110.98,1007.1,44.2,91.86012682344725,189.4278562564572,169.430963412352,122.12141483283943,149.59297312464167,0.0,0.0,0.0,0.0,0.0,0.0,0.0,0.0
2026-07-24 12:00:00,EP072026,12,2026-07-27 06:00:00,2 days 18:00:00,66,13.76,-112.42,997.8,52.7,54.89685782391496,157.99526014544443,128.6906862770638,81.84965703002257,118.62386291065428,54.89685782391496,0.0,0.0,0.0,0.0,0.0,0.0,0.0
2026-07-24 12:00:00,EP072026,12,2026-07-27 12:00:00,3 days 00:00:00,72,14.27,-113.2,994.3,55.8,33.6983964804794,153.3107499706147,131.99021726295743,79.4932295730731,117.88783421783891,33.6983964804794,19.81185899257721,13.076538916117569,18.081079692658992,0.0,0.0,0.0,0.0
2026-07-24 12:00:00,EP072026,12,2026-07-27 18:00:00,3 days 06:00:00,78,14.9,-114.01,998.4,56.2,53.66393221079673,241.0175591006087,186.4465412401861,138.03495525397062,171.82747921566366,176.56020054741992,165.00061880085988,138.03495525397062,144.82844711443136,0.0,0.0,0.0,0.0
2026-07-24 12:00:00,EP072026,12,2026-07-28 00:00:00,3 days 12:00:00,84,15.5,-114.89,984.3,66.6,26.17039186477879,175.77027145644217,141.52666116371165,97.70109463132124,134.2732710732701,68.44270857122488,53.29438456246961,31.334288815742187,54.89098008967124,27.41232554565204,20.10638923585876,11.752758094537448,20.885740341859268
2026-07-24 12:00:00,EP072026,12,2026-07-28 06:00:00,3 days 18:00:00,90,15.86,-115.71,968.7,95.0,2.1182116391935004,211.98264072733008,172.50259730003208,112.0915157023843,164.0957888155399,96.02732505905064,76.05814803385562,51.9987162474823,76.99406269240164,43.44402695915759,34.56817066231992,26.079661560685636,35.84130358828747
2026-07-24 12:00:00,EP072026,12,2026-07-28 12:00:00,4 days 00:00:00,96,16.35,-116.69,962.6,101.3,22.32572006972441,231.9282872326148,190.42625502749436,129.31193574041754,188.67821885478045,110.95425088443152,89.79778306398657,63.648010461571175,89.55204876482458,52.7224045698149,43.60370696534483,32.883319726784066,43.71984323685683
2026-07-24 12:00:00,EP072026,12,2026-07-28 18:00:00,4 days 06:00:00,102,16.89,-117.38,960.9,98.2,8.845261380507955,217.7426711324713,169.42315202280318,119.51801451281985,172.51968924590642,58.48282429893155,46.4655675198279,29.97251341649096,46.62655955342227,27.099141109373413,21.92134526614167,15.701178508298016,23.01461952670185
2026-07-24 12:00:00,EP072026,12,2026-07-29 00:00:00,4 days 12:00:00,108,17.01,-117.99,942.8,115.5,41.669109543098976,212.62855631354947,203.2266517357434,153.224297836603,190.3831691768404,109.7861911879011,89.83079440143463,75.38242902621099,92.6777095141222,51.43481275118468,45.13829174770982,37.29208673276435,46.177375712073
2026-07-24 12:00:00,EP072026,12,2026-07-29 06:00:00,4 days 18:00:00,114,17.41,-119.0,981.3,84.5,54.91517013882333,316.8434168554668,264.2821708377696,195.8448937595831,258.93762628656714,99.7496639626479,83.03092134881399,56.887709840592265,80.10431254969558,54.91517013882333,38.837282261831206,29.64303945134418,37.52225489565535
2026-07-24 12:00:00,EP072026,12,2026-07-29 12:00:00,5 days 00:00:00,120,17.75,-119.43,979.0,78.0,30.65366459213772,241.30891809893703,196.5850296255576,152.92862434956757,212.4843374017197,130.0282941621497,110.52741991644102,85.10004274554666,111.08509141618886,63.87828959088078,55.41382858558478,43.59637530453261,54.94892759084661
2026-07-24 12:00:00,EP072026,12,2026-07-29 18:00:00,5 days 06:00:00,126,18.01,-119.97,982.2,72.5,55.36163158322506,213.27312385405548,173.29338100936548,127.45066458145855,179.9920067023886,107.21714625862204,85.87497868742662,61.69353441234091,91.27054032622846,55.36163158322506,41.12900591265702,30.86665507092698,42.14886765933306
2026-07-24 12:00:00,EP072026,12,2026-07-30 00:00:00,5 days 12:00:00,132,18.4,-121.02,992.5,62.0,69.04022298311466,169.39167327637347,121.0340480920468,96.08028085707932,143.17866674173354,69.04022298311466,48.74119980311031,31.919445450210155,51.23014534614448,0.0,0.0,0.0,0.0
2026-07-24 12:00:00,EP072026,12,2026-07-30 06:00:00,5 days 18:00:00,138,18.5,-121.8,988.5,60.0,11.163938669245113,177.85888203606964,140.75531111783494,102.14113995715525,141.6381402801626,114.04200780986956,107.230644646188,90.79732756819068,94.38921511728904,0.0,0.0,0.0,0.0
2026-07-24 12:00:00,EP072026,12,2026-07-30 12:00:00,6 days 00:00:00,144,18.98,-122.46,987.4,68.0,76.99744327506892,272.6426402794018,216.5460872862127,159.67294819230756,225.23023867664324,76.99744327506892,13.363603351736415,3.462207697213998,16.728575996735273,76.99744327506892,2.836087252360564,0.3580046248781698,4.81420968039339
2026-07-24 12:00:00,EP072026,12,2026-07-30 18:00:00,6 days 06:00:00,150,19.29,-123.67,992.8,54.9,29.684987846844606,171.27374483549067,140.97217847133473,122.03526369748,143.18895878266022,148.2702983742223,140.97217847133473,122.03526369748,125.5966557560268,0.0,0.0,0.0,0.0
2026-07-24 12:00:00,EP072026,12,2026-07-31 00:00:00,6 days 12:00:00,156,19.61,-124.63,989.2,62.7,43.19015557435046,189.023875431234,160.41495941879396,134.11293500317464,177.69155204734273,43.19015557435046,25.84329921036833,18.546677606376832,23.32143580567429,0.0,0.0,0.0,0.0
2026-07-24 12:00:00,EP072026,12,2026-07-31 06:00:00,6 days 18:00:00,162,20.18,-125.73,991.5,52.5,57.74088708061313,179.88645665388717,141.0990856443441,121.56243276035788,163.498397244265,122.86184821758953,115.79966970500908,98.79710018534594,104.76480352732642,0.0,0.0,0.0,0.0
2026-07-24 12:00:00,EP072026,12,2026-07-31 12:00:00,7 days 00:00:00,168,20.29,-126.86,995.7,48.5,59.91237285944356,205.6559749084157,166.4057776334223,134.91183317402988,183.12296350051656,0.0,0.0,0.0,0.0,0.0,0.0,0.0,0.0
2026-07-24 12:00:00,EP072026,12,2026-07-31 18:00:00,7 days 06:00:00,174,20.67,-128.31,995.8,50.6,59.15838019585388,149.56155506010543,117.61762419979868,85.374807014249,131.76961225718122,59.15838019585388,24.85718595426828,19.290692020693545,23.760077739626045,0.0,0.0,0.0,0.0
2026-07-24 12:00:00,EP072026,12,2026-08-01 00:00:00,7 days 12:00:00,180,20.92,-129.58,998.5,50.2,52.55155153126685,114.09237890924976,85.010497489165,56.81452510587508,89.26556540164279,52.55155153126685,0.1260992039992459,0.0,0.6320154030492233,0.0,0.0,0.0,0.0
2026-07-24 12:00:00,EP072026,12,2026-08-01 06:00:00,7 days 18:00:00,186,21.22,-131.32,996.0,47.7,20.87345851216061,151.9069696617727,117.66945361934484,80.00398842663935,120.46927693053487,0.0,0.0,0.0,0.0,0.0,0.0,0.0,0.0
2026-07-24 12:00:00,EP072026,12,2026-08-01 12:00:00,8 days 00:00:00,192,21.26,-132.64,1004.9,40.9,28.68131909589046,172.0345014078851,128.53736647839298,95.68075999017913,144.25533715253903,0.0,0.0,0.0,0.0,0.0,0.0,0.0,0.0
2026-07-24 12:00:00,EP072026,12,2026-08-01 18:00:00,8 days 06:00:00,198,21.54,-134.19,1003.3,40.3,56.83030295293907,147.77714483921676,109.79560605687148,81.12041593218515,123.74813288591916,0.0,0.0,0.0,0.0,0.0,0.0,0.0,0.0
2026-07-24 12:00:00,EP072026,12,2026-08-02 00:00:00,8 days 12:00:00,204,21.91,-135.62,1004.6,43.6,70.70972959106237,195.766333663076,154.3897843391262,121.48615964887392,165.67613978889335,0.0,0.0,0.0,0.0,0.0,0.0,0.0,0.0
2026-07-24 12:00:00,EP072026,12,2026-08-02 06:00:00,8 days 18:00:00,210,22.07,-136.9,1003.4,38.1,30.512881481368908,76.44854152836234,46.67179855225898,26.276484767616484,63.77758929298297,0.0,0.0,0.0,0.0,0.0,0.0,0.0,0.0
2026-07-24 12:00:00,EP072026,12,2026-08-02 12:00:00,9 days 00:00:00,216,22.28,-138.58,1003.6,35.4,24.24351754606393,55.98854253274283,26.988042892717942,16.853445806688907,43.455379004941605,0.0,0.0,0.0,0.0,0.0,0.0,0.0,0.0
2026-07-24 12:00:00,EP072026,12,2026-08-02 18:00:00,9 days 06:00:00,222,22.72,-139.96,1003.5,33.3,46.9269775494573,0.0,0.0,0.0,0.0,0.0,0.0,0.0,0.0,0.0,0.0,0.0,0.0
2026-07-24 12:00:00,EP072026,12,2026-08-03 00:00:00,9 days 12:00:00,228,23.06,-141.39,1007.2,34.9,93.01396553780788,8.22256315868178,0.0,0.0,93.01396553780788,0.0,0.0,0.0,0.0,0.0,0.0,0.0,0.0
2026-07-24 12:00:00,EP072026,12,2026-08-03 06:00:00,9 days 18:00:00,234,23.19,-142.96,1003.9,35.7,95.91127628509668,95.91127628509668,1.7894908293502318,0.0,3.087801813036041,0.0,0.0,0.0,0.0,0.0,0.0,0.0,0.0
2026-07-24 12:00:00,EP072026,12,2026-08-03 12:00:00,10 days 00:00:00,240,23.14,-144.15,1008.8,34.7,98.39949896678058,108.17945597644255,71.21781197757161,53.32115441301551,82.55828768695869,0.0,0.0,0.0,0.0,0.0,0.0,0.0,0.0
2026-07-24 12:00:00,EP072026,12,2026-08-03 18:00:00,10 days 06:00:00,246,23.39,-145.94,1005.1,35.2,66.48950239410578,169.18406140314983,145.50154063344416,129.18640577391943,144.9805980972883,0.0,0.0,0.0,0.0,0.0,0.0,0.0,0.0
2026-07-24 12:00:00,EP072026,12,2026-08-04 00:00:00,10 days 12:00:00,252,23.49,-147.17,1007.8,28.4,140.87486472081417,0.0,0.0,0.0,0.0,0.0,0.0,0.0,0.0,0.0,0.0,0.0,0.0
2026-07-24 12:00:00,EP072026,12,2026-08-04 06:00:00,10 days 18:00:00,258,23.63,-149.09,1007.4,30.8,155.0825605001428,0.0,0.0,0.0,0.0,0.0,0.0,0.0,0.0,0.0,0.0,0.0,0.0
2026-07-24 12:00:00,WP112026,12,2026-07-24 12:00:00,0 days 00:00:00,0,19.7,120.4,991.0,60.0,37.0,139.0,93.0,84.0,139.0,,,,,0.0,0.0,0.0,0.0
2026-07-24 12:00:00,WP112026,12,2026-07-24 18:00:00,0 days 06:00:00,6,19.96,119.25,968.8,82.6,25.089499979849816,251.0852556089341,222.0953276707778,193.4002038884425,220.42572847467284,134.66450720476695,118.90908868283044,96.72122289333802,117.62544870238496,69.9410760131625,62.38637689156801,50.1077269005916,60.09954596987557
2026-07-24 12:00:00,WP112026,12,2026-07-25 00:00:00,0 days 12:00:00,12,20.55,118.39,959.1,85.1,23.007225512769807,253.21667763906385,220.27555478990348,183.8144437625986,209.2448323466133,53.28820390547049,45.81898693495961,31.103681110293174,44.585457853838605,25.60878478101237,21.94038221414266,16.07865101199732,21.932284530710422
2026-07-24 12:00:00,WP112026,12,2026-07-25 06:00:00,0 days 18:00:00,18,21.26,117.22,944.2,107.7,15.041184758880966,226.66391888178208,180.57365248944396,160.57143119127414,205.613237201716,106.08729620672074,89.48169405191278,77.15246799719642,93.30772467172204,56.14840224956462,50.08576577257908,40.59181746104427,48.84209543809777
2026-07-24 12:00:00,WP112026,12,2026-07-25 12:00:00,1 days 00:00:00,24,21.97,116.28,952.0,95.4,28.75093733953685,299.71470442406627,278.9901903549348,230.2948301893292,250.1667911249704,28.75093733953685,10.430250806534715,4.226479151130109,14.247975455795409,28.75093733953685,4.185506696528715,2.2173493295779223,4.065997486670666
2026-07-24 12:00:00,WP112026,12,2026-07-25 18:00:00,1 days 06:00:00,30,22.78,115.57,952.6,99.4,18.875338509973,219.0335919637004,195.79097356446752,139.37628700811788,177.44971920638926,104.8013441264312,85.40642913843453,63.12726711480468,89.09785621301181,51.68212330785244,44.516586805597136,35.540416213074565,43.68312225289355
2026-07-24 12:00:00,WP112026,12,2026-07-26 00:00:00,1 days 12:00:00,36,23.86,114.63,974.4,62.8,13.803519186679084,78.7937722220982,62.37560425223524,37.070197165328025,61.932320441186405,13.803519186679084,0.0,0.0,0.9709110064287748,0.0,0.0,0.0,0.0
2026-07-24 12:00:00,WP112026,12,2026-07-26 06:00:00,1 days 18:00:00,42,24.14,113.98,990.7,46.0,24.02335013591028,138.3854731601432,115.97847771997932,90.4235618203952,101.6785940470777,0.0,0.0,0.0,0.0,0.0,0.0,0.0,0.0
2026-07-24 12:00:00,WP112026,12,2026-07-26 12:00:00,2 days 00:00:00,48,24.51,113.72,996.4,35.6,72.07656856653088,43.82658590838851,72.07656856653088,26.206405235178536,27.38518347525399,0.0,0.0,0.0,0.0,0.0,0.0,0.0,0.0
2026-07-24 12:00:00,WP112026,12,2026-07-26 18:00:00,2 days 06:00:00,54,25.3,113.76,998.5,30.9,63.32680346825529,0.0,0.0,0.0,0.0,0.0,0.0,0.0,0.0,0.0,0.0,0.0,0.0
2026-07-24 12:00:00,WP112026,12,2026-07-27 00:00:00,2 days 12:00:00,60,26.56,112.75,998.7,22.5,91.14113947132635,0.0,0.0,0.0,0.0,0.0,0.0,0.0,0.0,0.0,0.0,0.0,0.0
2026-07-24 12:00:00,WP112026,12,2026-07-27 06:00:00,2 days 18:00:00,66,27.46,112.96,1002.4,19.0,76.16602630595683,0.0,0.0,0.0,0.0,0.0,0.0,0.0,0.0,0.0,0.0,0.0,0.0
2026-07-24 12:00:00,WP112026,12,2026-07-27 12:00:00,3 days 00:00:00,72,28.02,112.66,1001.3,17.9,62.89924999787975,0.0,0.0,0.0,0.0,0.0,0.0,0.0,0.0,0.0,0.0,0.0,0.0
2026-07-24 12:00:00,EP062026,13,2026-07-24 12:00:00,0 days 00:00:00,0,18.5,-130.6,970.0,89.0,37.0,297.0,185.0,111.0,297.0,148.0,74.0,56.0,111.0,74.0,37.0,28.0,56.0
2026-07-24 12:00:00,EP062026,13,2026-07-24 18:00:00,0 days 06:00:00,6,18.63,-131.93,976.3,79.8,42.17241075183324,254.2891883283513,204.1909624811077,146.53462951513518,215.6596441792302,87.1291932265086,62.19453943837552,38.735213851464,68.09290884371174,42.17241075183324,16.812863585740466,11.034847543969748,19.27614178718231
2026-07-24 12:00:00,EP062026,13,2026-07-25 00:00:00,0 days 12:00:00,12,18.78,-133.21,979.1,79.1,48.32693903693303,236.42408660703865,178.75034336237138,118.39231494856364,195.5983856345013,91.17741653379464,64.48850356302589,41.6301382720405,72.23752561565261,48.32693903693303,25.66652613732536,18.80324445894915,27.660096446199454
2026-07-24 12:00:00,EP062026,13,2026-07-25 06:00:00,0 days 18:00:00,18,18.93,-134.58,987.6,64.8,67.70620791044195,267.6127210695588,226.76610475682548,164.144282679647,216.85289892744868,67.70620791044195,39.9978025026164,22.26549274272977,40.356789022834505,67.70620791044195,0.0,0.0,0.0
2026-07-24 12:00:00,EP062026,13,2026-07-25 12:00:00,1 days 00:00:00,24,19.08,-135.68,973.8,76.0,31.669722239125527,243.28937452209664,189.81882971464577,152.7093077820447,199.517637760196,85.57334844198624,65.77738214873261,45.98529488628295,70.2398813106498,31.669722239125527,20.48140239805422,14.578263636243175,21.86352909972735
2026-07-24 12:00:00,EP062026,13,2026-07-25 18:00:00,1 days 06:00:00,30,19.27,-136.53,990.9,65.3,46.62720993110175,228.1784267723554,185.1351050238149,143.70653390509528,190.7877431800323,87.16680956020815,67.98813423275308,47.58395346858114,69.98411746632638,46.62720993110175,20.76927416255268,15.327338998981418,21.448068677776405
2026-07-24 12:00:00,EP062026,13,2026-07-26 00:00:00,1 days 12:00:00,36,19.74,-137.45,978.9,63.1,29.407778357481057,220.148895997596,193.70055447917315,151.31965931652243,190.47450002041387,50.29866608634652,33.71727308692698,17.462631737119573,35.2042988889502,0.0,0.0,0.0,0.0
2026-07-24 12:00:00,EP062026,13,2026-07-26 06:00:00,1 days 18:00:00,42,19.83,-138.68,983.1,61.5,32.42637534575311,211.26534816862016,164.84873016373444,132.7849177845265,179.7627891346302,87.50537900795949,69.5288285816172,48.16735200752839,70.5907471200998,0.0,0.0,0.0,0.0
2026-07-24 12:00:00,EP062026,13,2026-07-26 12:00:00,2 days 00:00:00,48,20.23,-139.73,989.9,56.7,45.48289890462409,234.34840252181863,181.34781950348489,146.8072915573634,197.3784473637388,59.28523011886552,43.29574451821093,26.409130309938355,45.20561628505367,0.0,0.0,0.0,0.0
2026-07-24 12:00:00,EP062026,13,2026-07-26 18:00:00,2 days 06:00:00,54,20.35,-140.79,993.0,55.9,21.02806743560103,171.8476548705329,129.85496899937505,89.63877910547251,141.73658899538395,28.163578562570493,14.0935048481035,3.5514073220976385,18.07728920994054,0.0,0.0,0.0,0.0
2026-07-24 12:00:00,EP062026,13,2026-07-27 00:00:00,2 days 12:00:00,60,20.35,-142.21,996.3,54.0,74.0891299355616,292.22923132599715,228.6304931128723,181.6525395244736,235.69704266066736,74.0891299355616,30.28216397077248,16.927744522952647,29.729606680669495,0.0,0.0,0.0,0.0
2026-07-24 12:00:00,EP062026,13,2026-07-27 06:00:00,2 days 18:00:00,66,20.45,-143.09,988.5,63.3,26.688492119924604,162.68121189693875,124.08313344386534,70.53154527997413,114.59514909817652,26.688492119924604,8.74156960850189,0.2909937656358465,8.6765150586061,0.0,0.0,0.0,0.0
2026-07-24 12:00:00,EP062026,13,2026-07-27 12:00:00,3 days 00:00:00,72,20.57,-144.44,995.6,55.6,83.18475517073122,117.31160578179389,78.46756324365134,45.30919178355717,85.93563982256742,83.18475517073122,0.9436954247243206,0.0,2.843912776100171,0.0,0.0,0.0,0.0
2026-07-24 12:00:00,EP062026,13,2026-07-27 18:00:00,3 days 06:00:00,78,20.94,-145.95,999.3,49.6,42.55781135038248,232.68268728453324,175.33756491634222,134.07846230602843,193.0268774582191,0.0,0.0,0.0,0.0,0.0,0.0,0.0,0.0
2026-07-24 12:00:00,EP062026,13,2026-07-28 00:00:00,3 days 12:00:00,84,20.99,-147.61,1000.6,46.0,59.34662418753937,81.1154609077794,46.848470205330784,36.329142581382,64.49736415867133,0.0,0.0,0.0,0.0,0.0,0.0,0.0,0.0
2026-07-24 12:00:00,EP062026,13,2026-07-28 06:00:00,3 days 18:00:00,90,20.93,-149.25,1003.9,37.6,37.59505396133312,37.59505396133312,0.0,0.0,11.81677154723826,0.0,0.0,0.0,0.0,0.0,0.0,0.0,0.0
2026-07-24 12:00:00,EP062026,13,2026-07-28 12:00:00,4 days 00:00:00,96,21.5,-150.71,1003.4,38.3,108.59165999582972,108.59165999582972,10.693360661762869,0.0,18.354982519410072,0.0,0.0,0.0,0.0,0.0,0.0,0.0,0.0
2026-07-24 12:00:00,EP062026,13,2026-07-28 18:00:00,4 days 06:00:00,102,21.31,-152.13,1007.1,34.8,48.05285721724426,70.30455570462718,44.67666907837026,26.381250516969875,53.89117792717535,0.0,0.0,0.0,0.0,0.0,0.0,0.0,0.0
2026-07-24 12:00:00,EP062026,13,2026-07-29 00:00:00,4 days 12:00:00,108,21.34,-153.81,1007.8,29.4,208.0064219283231,0.0,0.0,0.0,0.0,0.0,0.0,0.0,0.0,0.0,0.0,0.0,0.0
2026-07-24 12:00:00,EP062026,13,2026-07-29 06:00:00,4 days 18:00:00,114,21.45,-155.59,1002.8,35.5,105.43168822892386,529.2022234956498,493.2500737967896,443.2748319347195,468.59485319832174,0.0,0.0,0.0,0.0,0.0,0.0,0.0,0.0
2026-07-24 12:00:00,EP072026,13,2026-07-24 12:00:00,0 days 00:00:00,0,8.9,-99.9,1005.0,29.0,93.0,0.0,0.0,0.0,0.0,0.0,0.0,0.0,0.0,0.0,0.0,0.0,0.0
2026-07-24 12:00:00,EP072026,13,2026-07-24 18:00:00,0 days 06:00:00,6,8.92,-101.2,1004.1,42.9,113.34388834709569,113.34388834709569,2.9944024516249605,2.7993119553505093,6.3186478661389245,0.0,0.0,0.0,0.0,0.0,0.0,0.0,0.0
2026-07-24 12:00:00,EP072026,13,2026-07-25 00:00:00,0 days 12:00:00,12,9.69,-101.56,1003.1,35.6,120.24110400966882,120.24110400966882,0.0,0.0,0.0,0.0,0.0,0.0,0.0,0.0,0.0,0.0,0.0
2026-07-24 12:00:00,EP072026,13,2026-07-25 06:00:00,0 days 18:00:00,18,10.53,-102.76,1003.6,36.4,65.39875508687489,65.39875508687489,1.7282696747232826,0.0,3.858457897813522,0.0,0.0,0.0,0.0,0.0,0.0,0.0,0.0
2026-07-24 12:00:00,EP072026,13,2026-07-25 12:00:00,1 days 00:00:00,24,10.69,-104.29,998.9,39.8,49.57437236656587,49.57437236656587,0.0,0.0,0.0,0.0,0.0,0.0,0.0,0.0,0.0,0.0,0.0
2026-07-24 12:00:00,EP072026,13,2026-07-25 18:00:00,1 days 06:00:00,30,11.81,-105.2,1003.2,38.1,67.19861669230716,130.0105433051773,105.2346350685686,66.4929781580431,96.89208391913576,0.0,0.0,0.0,0.0,0.0,0.0,0.0,0.0
2026-07-24 12:00:00,EP072026,13,2026-07-26 00:00:00,1 days 12:00:00,36,12.2,-106.61,998.3,44.6,50.08979723224242,140.56115563550162,119.27594507141166,92.556987304149,103.99559985216165,0.0,0.0,0.0,0.0,0.0,0.0,0.0,0.0
2026-07-24 12:00:00,EP072026,13,2026-07-26 06:00:00,1 days 18:00:00,42,12.59,-107.66,992.9,60.2,35.25815921388925,133.03735812008767,95.41448917314332,55.88970650131925,93.49732737108096,35.25815921388925,0.0,0.0,1.2345188806715202,0.0,0.0,0.0,0.0
2026-07-24 12:00:00,EP072026,13,2026-07-26 12:00:00,2 days 00:00:00,48,12.86,-108.95,987.6,66.9,50.491098863804616,259.9873064981008,200.4447032933233,123.95939256056477,196.15789266146797,50.491098863804616,33.44487001411865,16.681940304273898,33.45403399120241,50.491098863804616,0.0,0.0,0.0
2026-07-24 12:00:00,EP072026,13,2026-07-26 18:00:00,2 days 06:00:00,54,13.74,-110.29,993.9,65.4,43.43000844944565,187.3348498523897,142.92031416534908,90.97709658039358,144.35106125980823,43.43000844944565,27.25786424020264,11.982616115091108,26.45023089431455,43.43000844944565,0.0,0.0,0.0
2026-07-24 12:00:00,EP072026,13,2026-07-27 00:00:00,2 days 12:00:00,60,13.9,-111.01,989.7,67.5,37.47423444276718,287.7887709165707,235.58919057995536,161.6212651835965,218.8019426975877,82.57437577026857,62.94661310913642,39.246661445060745,60.98113061674083,37.47423444276718,5.666816606638764,2.326888126543574,5.476152712939399
2026-07-24 12:00:00,EP072026,13,2026-07-27 06:00:00,2 days 18:00:00,66,14.62,-111.81,984.0,70.4,26.14752038911692,276.8032448166325,233.4683452930231,158.41691108528502,222.74781880219547,90.92788520138922,70.16297391004863,43.3185133728574,68.31392306523963,26.14752038911692,18.861007750826573,12.556142085469167,19.119562738963488
2026-07-24 12:00:00,EP072026,13,2026-07-27 12:00:00,3 days 00:00:00,72,15.34,-112.56,967.8,91.1,28.555965560262955,217.465322312593,169.281428986058,106.64605801303222,179.12381122143876,111.86850810397208,87.30134334722355,60.596797090449805,88.67917244069571,49.27486096749847,41.32829406569677,30.401948814648883,41.88372273679706
2026-07-24 12:00:00,EP072026,13,2026-07-27 18:00:00,3 days 06:00:00,78,15.83,-113.41,965.9,93.7,7.192492673860585,229.4999847399164,186.3220965007074,119.11153729665564,186.62797707591253,108.82657421447732,84.17691665002201,56.29125377345992,87.69431076293762,45.48412277602577,37.56563666987103,27.13458052853808,38.79236911027749
2026-07-24 12:00:00,EP072026,13,2026-07-28 00:00:00,3 days 12:00:00,84,16.49,-114.1,954.5,102.7,24.524622848640973,221.35598785459808,178.27074932275272,106.5557437132546,166.6467870354536,76.97742865750641,56.59494817730872,33.621599580951454,58.703387311237776,32.571204331459896,25.57681744435596,18.007526247174134,26.98464699325601
2026-07-24 12:00:00,EP072026,13,2026-07-28 06:00:00,3 days 18:00:00,90,17.03,-115.09,956.0,117.9,3.5801925733246094,278.8598438390776,235.1457525896424,177.46372198821894,237.0422306149959,116.99841985999336,97.73213284485112,70.8587711224987,93.83443191079448,42.3163055915287,36.07022867050637,27.098316006329696,37.30124363764388
2026-07-24 12:00:00,EP072026,13,2026-07-28 12:00:00,4 days 00:00:00,96,17.24,-116.01,974.6,80.3,35.07293592595579,244.69306557581197,199.77827882080965,153.40113538875494,200.41541582560512,80.25243952634355,63.89825175636611,42.817363366420295,63.533297407914006,35.07293592595579,18.952495925041436,13.095944295651378,20.008644586664047
2026-07-24 12:00:00,EP072026,13,2026-07-28 18:00:00,4 days 06:00:00,102,17.76,-116.51,980.3,75.4,44.17647496903703,172.96641630828316,142.1289560545161,101.88881515001202,145.22898929013354,107.58903849678236,91.85326626635016,72.47860674084458,92.92953117370888,59.4984903666643,51.83280743725074,41.70280120916769,50.3477836986433
2026-07-24 12:00:00,EP072026,13,2026-07-29 00:00:00,4 days 12:00:00,108,18.02,-117.06,978.7,79.0,44.89684109163919,216.37325987805,174.89330906505316,112.67678788692388,160.52811972918929,84.13656479703937,66.85261351862705,46.78298681338698,63.96944320678266,44.89684109163919,26.22658044515009,20.28499253965752,26.01679825617887
2026-07-24 12:00:00,EP072026,13,2026-07-29 06:00:00,4 days 18:00:00,114,18.39,-117.54,981.0,75.0,32.06288818688739,231.7503120755107,183.8912860653952,120.10303359557427,183.83228609852085,128.56248520497002,104.82055420711674,77.82595282858006,105.56321239294527,55.81535196557121,47.91380204688136,37.16660492625704,47.2935142303956
2026-07-24 12:00:00,EP072026,13,2026-07-29 12:00:00,5 days 00:00:00,120,18.76,-118.46,978.9,71.6,19.378016523555782,194.1844702519708,159.69384731520768,113.70366343675772,159.61115251110436,102.01393320177044,85.42012424686212,61.7688103117402,81.88241437192599,41.93998479415893,35.93244306853177,27.164150992997364,35.38426541640865
2026-07-24 12:00:00,EP072026,13,2026-07-29 18:00:00,5 days 06:00:00,126,19.17,-119.12,983.1,66.1,31.333766362728117,250.99384018174575,207.26858899911053,145.46955355620662,203.6237355466292,73.37068188259104,58.13209871729646,37.33514370181757,55.22982522004531,31.333766362728117,14.051166041172948,9.146669066605476,13.075872177375205
2026-07-24 12:00:00,EP072026,13,2026-07-30 00:00:00,5 days 12:00:00,132,19.42,-119.98,984.9,66.0,59.57028557586391,373.81369820578703,319.0188993766873,249.94085630323715,300.8803892521669,87.17601642414714,69.81104125979996,45.69433549906077,63.45785926483349,59.57028557586391,1.191482162372938,0.0,1.419808475255656
2026-07-24 12:00:00,EP072026,13,2026-07-30 06:00:00,5 days 18:00:00,138,20.03,-120.5,984.1,65.8,53.31898527757714,203.09046498039623,176.83925017911588,123.8476351934342,142.55713022990585,53.31898527757714,15.916092112473285,5.785074300011363,13.119874054695169,53.31898527757714,0.2010383734259302,0.1017823722161124,0.1805199370204324
2026-07-24 12:00:00,EP072026,13,2026-07-30 12:00:00,6 days 00:00:00,144,20.56,-121.78,994.5,51.3,57.42079854063549,238.718921272456,193.69154096156595,141.40622242782035,194.23008708462163,71.53768222890255,58.840185536234245,37.80812286516858,52.742481075156704,0.0,0.0,0.0,0.0
2026-07-24 12:00:00,EP072026,13,2026-07-30 18:00:00,6 days 06:00:00,150,21.18,-122.65,998.2,49.2,86.29199724798085,238.71394273087503,183.4080472640702,145.62328233243898,185.8774053842108,0.0,0.0,0.0,0.0,0.0,0.0,0.0,0.0
2026-07-24 12:00:00,EP072026,13,2026-07-31 00:00:00,6 days 12:00:00,156,21.21,-123.84,998.5,45.5,88.27667323124365,308.45319561385645,248.90159419886987,206.38974212758532,248.9923089010073,0.0,0.0,0.0,0.0,0.0,0.0,0.0,0.0
2026-07-24 12:00:00,EP072026,13,2026-07-31 06:00:00,6 days 18:00:00,162,21.88,-124.95,1001.8,37.6,52.673031859565526,97.73563441261648,57.518472031573765,48.05823908990715,72.78734567691572,0.0,0.0,0.0,0.0,0.0,0.0,0.0,0.0
2026-07-24 12:00:00,EP072026,13,2026-07-31 12:00:00,7 days 00:00:00,168,21.83,-125.86,1002.1,38.0,69.78013422102151,69.78013422102151,3.644759620226552,0.9840278770815872,10.966369371633988,0.0,0.0,0.0,0.0,0.0,0.0,0.0,0.0
2026-07-24 12:00:00,EP072026,13,2026-07-31 18:00:00,7 days 06:00:00,174,22.32,-126.93,1004.0,33.1,103.15012795097444,0.0,0.0,0.0,0.0,0.0,0.0,0.0,0.0,0.0,0.0,0.0,0.0
2026-07-24 12:00:00,EP072026,13,2026-08-01 00:00:00,7 days 12:00:00,180,22.69,-128.19,1006.1,29.0,136.12881251824547,0.0,0.0,0.0,0.0,0.0,0.0,0.0,0.0,0.0,0.0,0.0,0.0
2026-07-24 12:00:00,EP072026,13,2026-08-01 06:00:00,7 days 18:00:00,186,22.79,-129.39,1003.1,29.2,87.204031587831,0.0,0.0,0.0,0.0,0.0,0.0,0.0,0.0,0.0,0.0,0.0,0.0
2026-07-24 12:00:00,EP072026,13,2026-08-01 12:00:00,8 days 00:00:00,192,23.5,-130.52,1008.1,25.6,95.10519118335226,0.0,0.0,0.0,0.0,0.0,0.0,0.0,0.0,0.0,0.0,0.0,0.0
2026-07-24 12:00:00,EP072026,13,2026-08-01 18:00:00,8 days 06:00:00,198,23.83,-131.75,1005.9,32.9,143.48616693408655,0.0,0.0,0.0,0.0,0.0,0.0,0.0,0.0,0.0,0.0,0.0,0.0
2026-07-24 12:00:00,EP072026,13,2026-08-02 00:00:00,8 days 12:00:00,204,24.33,-132.82,1008.7,27.9,99.17758236082128,0.0,0.0,0.0,0.0,0.0,0.0,0.0,0.0,0.0,0.0,0.0,0.0
2026-07-24 12:00:00,WP112026,13,2026-07-24 12:00:00,0 days 00:00:00,0,19.7,120.4,991.0,60.0,37.0,139.0,93.0,84.0,139.0,,,,,0.0,0.0,0.0,0.0
2026-07-24 12:00:00,WP112026,13,2026-07-24 18:00:00,0 days 06:00:00,6,19.96,118.95,971.0,83.8,40.14873024611828,196.300845421378,163.53401194380703,135.34271540969937,178.30423175433964,91.87501365519348,73.04042325818291,58.88922339985951,78.02583437794311,40.14873024611828,29.96184544024802,24.40639165206368,30.7966685237552
2026-07-24 12:00:00,WP112026,13,2026-07-25 00:00:00,0 days 12:00:00,12,20.33,118.26,964.2,85.8,32.37014141092807,194.77764426229777,173.00281872222862,146.909943991797,178.32382271475328,122.51783744984508,105.68968985711784,86.82248411573931,107.36205579352624,66.92940173182853,57.65168007609315,46.20793630646848,57.10391021877604
2026-07-24 12:00:00,WP112026,13,2026-07-25 06:00:00,0 days 18:00:00,18,21.2,116.95,951.1,104.4,25.31396361737741,208.4465737081496,175.66458234331583,140.2086106995922,174.9940897458207,83.09969915829593,65.70382241867344,50.80635097897276,68.44314956036274,40.2910322471768,33.55940896090144,26.361405489001168,34.28113306166966
2026-07-24 12:00:00,WP112026,13,2026-07-25 12:00:00,1 days 00:00:00,24,21.65,116.46,946.8,107.5,0.5848894277799275,270.7061201894394,256.2593564938618,216.8545274826469,234.2924664577992,86.61210835778982,73.55179918527125,54.082122077434285,70.25375240302273,24.649486926666743,19.5257162480435,14.815268253206156,20.13992073493538
2026-07-24 12:00:00,WP112026,13,2026-07-25 18:00:00,1 days 06:00:00,30,22.49,115.28,961.9,93.9,24.260375829944536,141.74412645851584,138.2901948057434,85.62293637567686,87.52018344304787,24.260375829944536,1.2624098444541918,0.0,1.5208862854552336,24.260375829944536,0.0,0.0,0.3149196437922095
2026-07-24 12:00:00,WP112026,13,2026-07-26 00:00:00,1 days 12:00:00,36,23.18,114.69,974.0,71.1,37.2177411090737,239.94649338810424,208.55271161746737,154.06794658587552,188.0463040865104,83.22045184010591,65.6193112934155,45.58402822190323,64.83927873507145,37.2177411090737,13.216174397721735,9.31384844331518,13.304692847091289
2026-07-24 12:00:00,WP112026,13,2026-07-26 06:00:00,1 days 18:00:00,42,23.75,114.15,984.0,50.7,23.643976398160127,112.78981051680084,92.55616929700189,58.28697391012959,70.68580161195382,23.643976398160127,5.26765965600682,0.8420524569335726,1.8418612547286148,0.0,0.0,0.0,0.0
2026-07-24 12:00:00,WP112026,13,2026-07-26 12:00:00,2 days 00:00:00,48,24.32,114.24,994.8,29.4,102.5769329293819,0.0,0.0,0.0,0.0,0.0,0.0,0.0,0.0,0.0,0.0,0.0,0.0
2026-07-24 12:00:00,WP112026,13,2026-07-26 18:00:00,2 days 06:00:00,54,25.46,113.8,1002.2,25.3,59.33213044707059,0.0,0.0,0.0,0.0,0.0,0.0,0.0,0.0,0.0,0.0,0.0,0.0
2026-07-24 12:00:00,WP112026,13,2026-07-27 00:00:00,2 days 12:00:00,60,26.69,113.27,1002.7,13.4,129.52092767310694,0.0,0.0,0.0,0.0,0.0,0.0,0.0,0.0,0.0,0.0,0.0,0.0
2026-07-24 12:00:00,WP112026,13,2026-07-27 06:00:00,2 days 18:00:00,66,27.58,113.5,999.3,19.2,48.130632170598005,0.0,0.0,0.0,0.0,0.0,0.0,0.0,0.0,0.0,0.0,0.0,0.0
2026-07-24 12:00:00,WP112026,13,2026-07-27 12:00:00,3 days 00:00:00,72,28.41,112.54,1004.7,13.7,157.27250868869066,0.0,0.0,0.0,0.0,0.0,0.0,0.0,0.0,0.0,0.0,0.0,0.0
2026-07-24 12:00:00,WP112026,13,2026-07-27 18:00:00,3 days 06:00:00,78,29.52,112.56,1002.0,21.3,90.53930104521876,0.0,0.0,0.0,0.0,0.0,0.0,0.0,0.0,0.0,0.0,0.0,0.0
2026-07-24 12:00:00,WP112026,13,2026-07-28 00:00:00,3 days 12:00:00,84,29.94,113.21,1005.7,16.7,94.47044171169443,0.0,0.0,0.0,0.0,0.0,0.0,0.0,0.0,0.0,0.0,0.0,0.0
2026-07-24 12:00:00,EP062026,14,2026-07-24 12:00:00,0 days 00:00:00,0,18.5,-130.6,970.0,89.0,37.0,297.0,185.0,111.0,297.0,148.0,74.0,56.0,111.0,74.0,37.0,28.0,56.0
2026-07-24 12:00:00,EP062026,14,2026-07-24 18:00:00,0 days 06:00:00,6,18.56,-131.84,975.3,82.6,25.11074377513505,250.0292844481528,193.8409816005656,155.16052176019127,205.2716327140903,81.20750210617337,65.12409705499529,49.234197031347605,68.3387695053365,25.11074377513505,16.19773914087675,13.14420460386238,16.42709958580785
2026-07-24 12:00:00,EP062026,14,2026-07-25 00:00:00,0 days 12:00:00,12,18.85,-133.15,975.2,80.3,26.006884590912364,202.57482435021444,160.84175881401774,119.86408969134784,175.07220089939972,26.006884590912364,7.013810113595314,1.8763972620096645,12.1685121713538,26.006884590912364,0.0,0.0,0.2046690598398131
2026-07-24 12:00:00,EP062026,14,2026-07-25 06:00:00,0 days 18:00:00,18,18.9,-134.43,979.7,77.5,44.02119856484535,272.78040547890487,203.96447478896152,162.74102427481375,237.50169158556852,124.33723673915938,104.89893901157416,82.86546986941494,106.69380572350563,45.4625386505129,39.46776039649876,31.36600729950794,38.70690659026866
2026-07-24 12:00:00,EP062026,14,2026-07-25 12:00:00,1 days 00:00:00,24,18.97,-135.81,981.8,79.7,43.98642875792139,217.81184178687116,154.34942861521577,117.01228983735112,190.28542397228117,103.26854536491896,78.68801280954355,59.31688806457208,87.11056653954758,43.98642875792139,28.981360573900524,22.384901222119304,30.842165177419933
2026-07-24 12:00:00,EP062026,14,2026-07-25 18:00:00,1 days 06:00:00,30,19.45,-136.98,986.5,67.9,42.56726434102978,237.75897192474352,191.8257772203605,138.46958995451928,198.29337121951025,91.06111485988448,72.27713446900054,52.52094428078093,75.38481271301694,42.56726434102978,11.748118808092553,8.886542998427057,14.959039722390298
2026-07-24 12:00:00,EP062026,14,2026-07-26 00:00:00,1 days 12:00:00,36,19.45,-138.01,979.0,75.5,36.26392056071925,217.953664427592,156.77632981498158,110.39160572679818,186.0089009481068,114.88618856302404,91.4664866732614,65.28322220711905,96.76807823210076,47.84739315966794,40.0456216415793,30.4385188456618,41.3328202454174
2026-07-24 12:00:00,EP062026,14,2026-07-26 06:00:00,1 days 18:00:00,42,19.42,-138.57,979.9,77.3,24.414715656321647,243.9660443723552,183.12115144166324,152.5566736413657,222.83844717455725,102.03082773130234,79.49939439058991,55.00375199228843,84.06962652138913,24.414715656321647,15.001373106350757,8.136741287994429,17.04655651104597
2026-07-24 12:00:00,EP062026,14,2026-07-26 12:00:00,2 days 00:00:00,48,19.9,-139.99,987.3,66.2,54.38502061913442,281.7207176033505,224.59550712930672,178.76834732838688,253.54170071497535,134.21065567111975,109.72688690872587,80.94938685820381,110.19173562709835,54.38502061913442,14.65541761208705,9.684680229581112,16.60302340906155
2026-07-24 12:00:00,EP062026,14,2026-07-26 18:00:00,2 days 06:00:00,54,19.86,-141.26,987.3,65.0,48.8895213511117,192.032005906696,146.49434760086865,99.33094980571671,171.14007034526642,73.3695562966846,59.58281710518456,41.05499879122688,59.7871785359842,48.8895213511117,0.0,0.0,0.3471468226699772
2026-07-24 12:00:00,EP062026,14,2026-07-27 00:00:00,2 days 12:00:00,60,19.85,-142.49,991.3,62.4,68.68886756132741,177.89755740587603,120.25846903005008,92.25949594184615,145.98323156682255,71.81483133802806,53.2623971794755,36.32554119320184,56.78785442487384,0.0,0.0,0.0,0.0
2026-07-24 12:00:00,EP062026,14,2026-07-27 06:00:00,2 days 18:00:00,66,19.83,-143.7,993.3,63.6,54.93683426759395,207.41107776596576,141.70984787807043,110.98700729332516,190.71454161332943,78.85544370690764,59.93786342642749,41.94478038355914,65.11197779010593,0.0,0.0,0.0,0.0
2026-07-24 12:00:00,EP062026,14,2026-07-27 12:00:00,3 days 00:00:00,72,19.97,-145.24,991.8,54.5,23.605837450969453,217.68874473800776,171.73471638734188,116.98137591909564,183.9472987825913,23.605837450969453,11.807263529933174,4.361748290359256,14.743029280908535,0.0,0.0,0.0,0.0
2026-07-24 12:00:00,EP062026,14,2026-07-27 18:00:00,3 days 06:00:00,78,19.89,-147.04,995.0,54.9,81.89818412738661,159.69335174376604,125.33630716879188,86.33137763778538,133.77446804968238,81.89818412738661,27.289640736050234,16.871478195508406,27.39850002526832,0.0,0.0,0.0,0.0
2026-07-24 12:00:00,EP062026,14,2026-07-28 00:00:00,3 days 12:00:00,84,20.27,-148.61,1001.9,49.2,74.45789082550488,247.165431751216,206.03554541015723,152.03059398827483,210.71227085040147,0.0,0.0,0.0,0.0,0.0,0.0,0.0,0.0
2026-07-24 12:00:00,EP062026,14,2026-07-28 06:00:00,3 days 18:00:00,90,20.49,-150.18,1002.6,43.8,129.82009634977038,129.82009634977038,18.844062333867804,8.232326059497229,32.78929537578116,0.0,0.0,0.0,0.0,0.0,0.0,0.0,0.0
2026-07-24 12:00:00,EP062026,14,2026-07-28 12:00:00,4 days 00:00:00,96,20.51,-152.42,1004.9,37.5,146.28676507491815,146.28676507491815,98.5289137299899,62.05005519201381,94.5575099594792,0.0,0.0,0.0,0.0,0.0,0.0,0.0,0.0
2026-07-24 12:00:00,EP062026,14,2026-07-28 18:00:00,4 days 06:00:00,102,20.57,-153.87,1006.7,42.9,76.45795512030918,140.29443204126966,116.70171055461556,85.3872063172116,104.1914378216721,0.0,0.0,0.0,0.0,0.0,0.0,0.0,0.0
2026-07-24 12:00:00,EP062026,14,2026-07-29 00:00:00,4 days 12:00:00,108,20.48,-155.15,1005.6,35.8,53.589456977028256,231.2415780651587,201.7963346614954,154.9896505163982,184.34660207589957,0.0,0.0,0.0,0.0,0.0,0.0,0.0,0.0
2026-07-24 12:00:00,EP062026,14,2026-07-29 06:00:00,4 days 18:00:00,114,21.6,-156.63,1009.2,35.1,77.29162220939276,201.78248907652647,182.4021136249981,133.26838791186637,155.15303442330645,0.0,0.0,0.0,0.0,0.0,0.0,0.0,0.0
2026-07-24 12:00:00,EP062026,14,2026-07-29 12:00:00,5 days 00:00:00,120,22.16,-158.34,999.3,36.0,96.19313875910332,96.19313875910332,3.914571025399184,0.0,5.779137705217664,0.0,0.0,0.0,0.0,0.0,0.0,0.0,0.0
2026-07-24 12:00:00,EP072026,14,2026-07-24 12:00:00,0 days 00:00:00,0,8.9,-99.9,1005.0,29.0,93.0,0.0,0.0,0.0,0.0,0.0,0.0,0.0,0.0,0.0,0.0,0.0,0.0
2026-07-24 12:00:00,WP112026,14,2026-07-24 12:00:00,0 days 00:00:00,0,19.7,120.4,991.0,60.0,37.0,139.0,93.0,84.0,139.0,,,,,0.0,0.0,0.0,0.0
2026-07-24 12:00:00,WP112026,14,2026-07-24 18:00:00,0 days 06:00:00,6,19.85,119.25,968.4,83.4,17.145790297616,178.7393738758277,151.96844618437365,127.51309050584484,156.15811189588445,94.61236174335886,81.8964506044315,66.70014507951764,80.26115544994946,35.98343079224916,31.99571046066701,26.412004363679568,31.481210715684583
2026-07-24 12:00:00,WP112026,14,2026-07-25 00:00:00,0 days 12:00:00,12,20.47,118.07,963.4,86.7,32.37726087774465,173.3483587879865,142.6649745714372,142.37597704025853,183.69635540141095,115.72401194771452,98.2464684120257,86.07440365212142,105.85941964903714,74.54324367736095,67.50719073465972,56.21464974972902,66.65548704759522
2026-07-24 12:00:00,WP112026,14,2026-07-25 06:00:00,0 days 18:00:00,18,21.29,116.89,952.7,107.7,16.930460447201426,175.12700985724888,165.94445465592275,134.35864616922848,155.8719022426881,107.43654318307972,91.94218640936116,73.28177770825496,91.4039407811786,61.60621082318211,54.03621431543307,44.68964223590346,53.39902465713996
2026-07-24 12:00:00,WP112026,14,2026-07-25 12:00:00,1 days 00:00:00,24,21.87,116.0,949.3,110.5,15.308729816999708,199.64800715083592,176.01253224079937,126.11665699077862,148.5207553567879,124.39051865454196,106.52903836756286,83.14745906366974,104.953160131073,69.87569823606748,62.18141087311182,51.81586855319652,60.47992807126607
2026-07-24 12:00:00,WP112026,14,2026-07-25 18:00:00,1 days 06:00:00,30,23.02,115.19,939.5,97.3,47.15535844425992,144.99065799862814,138.0393356231492,79.44966502033844,129.0021597278244,47.15535844425992,0.0,0.0,3.8150502961454222,47.15535844425992,0.0,0.0,0.0
2026-07-24 12:00:00,WP112026,14,2026-07-26 00:00:00,1 days 12:00:00,36,23.59,114.29,971.2,69.2,13.213901457821803,165.06874992715672,152.09012365456238,126.3214852601173,152.63533482210954,109.56334286181917,100.4913757934183,84.40545787493943,96.20599219573712,53.6895391862493,50.603544760179375,42.33252644605858,46.88879318317332
2026-07-24 12:00:00,WP112026,14,2026-07-26 06:00:00,1 days 18:00:00,42,23.86,114.16,986.7,48.2,61.58483328819198,61.58483328819198,43.73479458180915,47.56213312101311,43.37192755594769,0.0,0.0,0.0,0.0,0.0,0.0,0.0,0.0
2026-07-24 12:00:00,WP112026,14,2026-07-26 12:00:00,2 days 00:00:00,48,24.76,114.09,1001.3,34.0,31.78029136249364,0.0,0.0,0.0,0.0,0.0,0.0,0.0,0.0,0.0,0.0,0.0,0.0
2026-07-24 12:00:00,WP112026,14,2026-07-26 18:00:00,2 days 06:00:00,54,25.31,113.77,1000.6,17.3,46.69966559360367,0.0,0.0,0.0,0.0,0.0,0.0,0.0,0.0,0.0,0.0,0.0,0.0
2026-07-24 12:00:00,WP112026,14,2026-07-27 00:00:00,2 days 12:00:00,60,27.11,112.85,1000.0,21.7,114.37213995803118,0.0,0.0,0.0,0.0,0.0,0.0,0.0,0.0,0.0,0.0,0.0,0.0
2026-07-24 12:00:00,WP112026,14,2026-07-27 06:00:00,2 days 18:00:00,66,27.41,112.56,1003.4,13.1,177.0803963137293,0.0,0.0,0.0,0.0,0.0,0.0,0.0,0.0,0.0,0.0,0.0,0.0
2026-07-24 12:00:00,WP112026,14,2026-07-27 12:00:00,3 days 00:00:00,72,28.09,112.17,1004.9,18.0,55.74954484607154,0.0,0.0,0.0,0.0,0.0,0.0,0.0,0.0,0.0,0.0,0.0,0.0
2026-07-24 12:00:00,WP112026,14,2026-07-27 18:00:00,3 days 06:00:00,78,29.52,111.68,1001.3,21.3,114.22119681485336,0.0,0.0,0.0,0.0,0.0,0.0,0.0,0.0,0.0,0.0,0.0,0.0
2026-07-24 12:00:00,WP112026,14,2026-07-28 00:00:00,3 days 12:00:00,84,29.39,111.72,1005.6,19.5,74.92665912404757,0.0,0.0,0.0,0.0,0.0,0.0,0.0,0.0,0.0,0.0,0.0,0.0
2026-07-24 12:00:00,EP062026,15,2026-07-24 12:00:00,0 days 00:00:00,0,18.5,-130.6,970.0,89.0,37.0,297.0,185.0,111.0,297.0,148.0,74.0,56.0,111.0,74.0,37.0,28.0,56.0
2026-07-24 12:00:00,EP062026,15,2026-07-24 18:00:00,0 days 06:00:00,6,18.7,-132.02,982.7,73.0,36.58905353278591,205.10056397456367,170.582305636194,124.84574358194068,179.05065301367077,97.7858169785314,76.91036853460777,59.056829802082255,86.08962975673668,38.85322608948727,31.762941384782,24.81308798832914,32.309672983494565
2026-07-24 12:00:00,EP062026,15,2026-07-25 00:00:00,0 days 12:00:00,12,18.79,-133.33,983.2,77.1,47.7565601863676,228.24752606224612,183.4404857845256,146.25545944518177,204.76862077358635,120.51563878017936,91.21277637747464,69.25425647069514,103.99275649838464,51.611231625846514,41.82589704263994,34.498107112027874,43.72744337752296
2026-07-24 12:00:00,EP062026,15,2026-07-25 06:00:00,0 days 18:00:00,18,18.91,-134.51,983.0,78.6,7.999996955860322,219.22536508720265,168.9437079497685,125.6924440693492,193.25163292780056,64.47133253163159,43.2625373785927,26.22497149965006,46.79999305597972,7.999996955860322,0.0,0.0,0.7973490177266416
2026-07-24 12:00:00,EP062026,15,2026-07-25 12:00:00,1 days 00:00:00,24,19.07,-135.78,978.9,81.5,28.145496872362813,192.78485995519551,163.81537432797836,114.51617677411213,176.6924506847801,68.45893477747207,42.98556188315882,27.49095781494501,53.7564465269612,28.145496872362813,13.905379149201636,11.33545123623576,17.884454744516468
2026-07-24 12:00:00,EP062026,15,2026-07-25 18:00:00,1 days 06:00:00,30,19.42,-137.06,983.2,73.2,31.06007248121395,163.40337039036297,134.98792527765593,104.47003331721838,140.9626554883453,71.34450919517907,53.84777597400732,35.498478817875935,57.63460537649735,31.06007248121395,10.372595757442424,6.692520592191666,12.074915179834038
2026-07-24 12:00:00,EP062026,15,2026-07-26 00:00:00,1 days 12:00:00,36,19.7,-137.97,993.1,53.2,67.57686512216532,152.03002857116246,130.82060848898738,91.1198007622196,133.38576977033568,67.57686512216532,8.272602073527562,1.0808012498192037,17.2452166420342,0.0,0.0,0.0,0.0
2026-07-24 12:00:00,EP062026,15,2026-07-26 06:00:00,1 days 18:00:00,42,19.76,-139.64,989.0,61.1,49.07824853080746,239.78340095625867,203.87667847881315,153.35364348895786,211.03396327298464,116.11004113865572,97.13024470827852,77.05732958749823,102.65640588949064,0.0,0.0,0.0,0.0
2026-07-24 12:00:00,EP062026,15,2026-07-26 12:00:00,2 days 00:00:00,48,19.74,-140.38,989.8,63.3,32.81574779976654,184.8620617488923,150.60625402865116,106.2452969478618,166.8431976606953,102.07377180465846,72.88894982509373,49.74070591433701,80.18150989708374,0.0,0.0,0.0,0.0
2026-07-24 12:00:00,EP062026,15,2026-07-26 18:00:00,2 days 06:00:00,54,19.97,-141.55,997.0,61.4,44.17675084953275,213.5466681419253,154.07565016209975,100.43466617638238,168.40333290438934,44.17675084953275,21.928552788189823,11.200389910542924,28.63161938829968,0.0,0.0,0.0,0.0
2026-07-24 12:00:00,EP062026,15,2026-07-27 00:00:00,2 days 12:00:00,60,20.21,-142.9,990.1,68.3,27.36218287959321,257.167650591633,188.86605942925237,138.97134253555544,227.37822990563157,93.16846891537432,69.8508878615362,47.51479721882043,71.86426512600548,27.36218287959321,4.184155948836844,2.3863604478713114,6.974648964781974
2026-07-24 12:00:00,EP062026,15,2026-07-27 06:00:00,2 days 18:00:00,66,20.34,-144.21,991.5,63.4,47.0893793414119,179.5834831949863,148.05408176862645,102.21915438818624,151.80530368041482,47.42122878115585,31.078176206161704,19.181103059114,34.407558468819,0.0,0.0,0.0,0.0
2026-07-24 12:00:00,EP062026,15,2026-07-27 12:00:00,3 days 00:00:00,72,20.47,-145.48,992.9,60.8,66.23610217967804,160.30226673844126,135.72192939440146,84.36997135332277,127.28208934814803,66.23610217967804,0.0,0.0,2.671940829488689,0.0,0.0,0.0,0.0
2026-07-24 12:00:00,EP062026,15,2026-07-27 18:00:00,3 days 06:00:00,78,20.78,-147.31,1001.8,48.0,67.63829648502458,124.49880674220292,93.6551969790458,52.8925311100412,98.46235078619588,0.0,0.0,0.0,0.0,0.0,0.0,0.0,0.0
2026-07-24 12:00:00,EP062026,15,2026-07-28 00:00:00,3 days 12:00:00,84,21.16,-149.21,1002.1,40.9,66.08934704631156,66.08934704631156,25.61204034867945,3.8422968729422777,19.2992615164316,0.0,0.0,0.0,0.0,0.0,0.0,0.0,0.0
2026-07-24 12:00:00,EP062026,15,2026-07-28 06:00:00,3 days 18:00:00,90,21.17,-150.32,1003.1,39.4,58.22052303721705,58.22052303721705,0.0,0.0,0.1097316429532924,0.0,0.0,0.0,0.0,0.0,0.0,0.0,0.0
2026-07-24 12:00:00,EP062026,15,2026-07-28 12:00:00,4 days 00:00:00,96,21.25,-151.98,1008.5,36.3,120.76219499392256,192.4761365027639,148.91449518759964,85.15847543573852,156.81493222238544,0.0,0.0,0.0,0.0,0.0,0.0,0.0,0.0
2026-07-24 12:00:00,EP062026,15,2026-07-28 18:00:00,4 days 06:00:00,102,21.15,-153.48,1004.0,39.5,211.62652985247323,388.8505639622135,322.37521980019994,229.40413830289063,315.0423909709883,0.0,0.0,0.0,0.0,0.0,0.0,0.0,0.0
2026-07-24 12:00:00,EP062026,15,2026-07-29 00:00:00,4 days 12:00:00,108,22.16,-154.66,1006.0,36.1,55.27607439344106,1.277490239112444,0.2392252245311894,0.0,55.27607439344106,0.0,0.0,0.0,0.0,0.0,0.0,0.0,0.0
2026-07-24 12:00:00,EP072026,15,2026-07-24 12:00:00,0 days 00:00:00,0,8.9,-99.9,1005.0,29.0,93.0,0.0,0.0,0.0,0.0,0.0,0.0,0.0,0.0,0.0,0.0,0.0,0.0
2026-07-24 12:00:00,EP072026,15,2026-07-24 18:00:00,0 days 06:00:00,6,8.87,-100.64,1000.5,43.5,32.00278907249049,12.39852720050412,0.9397515802929526,0.0,32.00278907249049,0.0,0.0,0.0,0.0,0.0,0.0,0.0,0.0
2026-07-24 12:00:00,EP072026,15,2026-07-25 00:00:00,0 days 12:00:00,12,9.35,-102.02,1001.2,46.4,75.89245194260639,10.41074283600561,4.989079713212774,5.851099943090631,75.89245194260639,0.0,0.0,0.0,0.0,0.0,0.0,0.0,0.0
2026-07-24 12:00:00,EP072026,15,2026-07-25 06:00:00,0 days 18:00:00,18,9.84,-102.81,1002.3,38.5,73.07135459703764,73.07135459703764,0.0,0.0,0.0,0.0,0.0,0.0,0.0,0.0,0.0,0.0,0.0
2026-07-24 12:00:00,EP072026,15,2026-07-25 12:00:00,1 days 00:00:00,24,10.54,-103.9,999.3,33.7,91.1725445051353,0.0,0.0,0.0,0.0,0.0,0.0,0.0,0.0,0.0,0.0,0.0,0.0
2026-07-24 12:00:00,EP072026,15,2026-07-25 18:00:00,1 days 06:00:00,30,10.94,-105.27,1002.2,41.5,52.28348400264744,52.28348400264744,16.091344157124265,0.0,18.3803617121152,0.0,0.0,0.0,0.0,0.0,0.0,0.0,0.0
2026-07-24 12:00:00,EP072026,15,2026-07-26 00:00:00,1 days 12:00:00,36,11.55,-106.36,998.4,59.6,45.28630850116997,142.28196646266588,106.7868768434131,45.88514179434935,102.6153804913268,45.94549910478551,29.12439949979836,14.837071401621053,30.683569656331382,0.0,0.0,0.0,0.0
2026-07-24 12:00:00,EP072026,15,2026-07-26 06:00:00,1 days 18:00:00,42,12.19,-107.73,989.8,68.1,32.85087382753041,174.35174492931287,144.1669181878454,64.69457272042119,133.09514389906565,92.47695333868182,69.52374895052036,44.96573823424833,73.71394824275797,32.85087382753041,13.241578899608728,8.567456205208213,13.935485840772468
2026-07-24 12:00:00,EP072026,15,2026-07-26 12:00:00,2 days 00:00:00,48,12.57,-108.78,991.8,69.1,39.46967790020682,182.40720565093125,139.90870195596295,77.09665651428215,147.37338129101727,74.90908852747754,53.878832388254025,33.20977290325969,53.84297780502341,39.46967790020682,1.1456046450736743,0.0,3.202907384025861
2026-07-24 12:00:00,EP072026,15,2026-07-26 18:00:00,2 days 06:00:00,54,13.1,-110.12,989.3,66.7,58.53449044921128,173.2551030692649,150.82810393488944,98.72188526144316,131.8960645488033,58.53449044921128,4.09611564647949,0.0319545401840175,5.777778981923823,58.53449044921128,0.0,0.0,0.0
2026-07-24 12:00:00,EP072026,15,2026-07-27 00:00:00,2 days 12:00:00,60,13.61,-110.96,976.5,91.5,36.25238680950707,306.4877291235906,266.92602716097787,260.1261843592911,291.1757700901542,181.39900903321887,168.85356856011452,144.2970141849329,159.84647032041244,66.44441246936975,61.97610205675056,53.9690699906968,59.62409898146174
2026-07-24 12:00:00,EP072026,15,2026-07-27 06:00:00,2 days 18:00:00,66,14.15,-112.33,984.0,71.2,51.08995685847161,239.8472884018987,211.89793581779983,145.30892597574825,194.8945725134257,78.3998023470271,57.0370473511826,37.14930981341967,56.298962294285054,51.08995685847161,0.1382880103858184,0.0,1.4015232004637257
2026-07-24 12:00:00,EP072026,15,2026-07-27 12:00:00,3 days 00:00:00,72,14.81,-113.0,974.4,93.9,20.48176612562819,274.7890177675529,213.8618184153832,106.39056018010892,213.9541064958686,63.145777125678336,37.35644254619048,15.585877254160351,40.778044341130986,20.48176612562819,0.0,0.0,1.236585352194675
2026-07-24 12:00:00,EP072026,15,2026-07-27 18:00:00,3 days 06:00:00,78,15.62,-113.9,957.0,115.5,3.43921331506845,235.8617314056487,178.33122086979185,99.96073811387112,201.74713319857688,87.06666862033308,60.34835303150503,38.4816840440049,61.57705143620319,19.179872298069963,12.425935132142342,8.264410719072739,16.418497619783302
2026-07-24 12:00:00,EP072026,15,2026-07-28 00:00:00,3 days 12:00:00,84,15.96,-114.63,963.0,103.6,20.425749882326883,209.3473846999379,171.324582852253,131.20138805587231,180.68054098408504,55.42113195635712,32.52954059682205,18.82590815740916,44.25147899626598,20.425749882326883,14.601070277051909,9.56109801945588,16.290667856136885
2026-07-24 12:00:00,EP072026,15,2026-07-28 06:00:00,3 days 18:00:00,90,16.31,-115.74,964.3,104.9,4.816992322931464,119.73013132006932,117.37718787173642,116.1184935988797,104.0343515793683,67.00085290843487,62.52121727727247,53.12299146475971,59.72535616930488,41.014724360523815,36.4966654735512,31.570610512547297,36.07548164768359
2026-07-24 12:00:00,EP072026,15,2026-07-28 12:00:00,4 days 00:00:00,96,16.76,-116.33,980.5,75.6,35.34016146698896,258.0560145801954,233.4386674376516,148.59661804370677,202.0459585844387,69.65355932203474,52.47767921460212,32.90660588530996,44.86117614363116,35.34016146698896,0.0,0.0,0.0
2026-07-24 12:00:00,EP072026,15,2026-07-28 18:00:00,4 days 06:00:00,102,17.0,-116.57,970.3,91.0,35.75700885026076,269.07547811702835,224.7792495810812,151.32076248877462,221.9306528515151,98.16373114855168,74.99387141778676,49.38787882217584,77.8291993824925,35.75700885026076,28.068537571456304,20.59366228937823,28.11133257717527
2026-07-24 12:00:00,EP072026,15,2026-07-29 00:00:00,4 days 12:00:00,108,17.27,-117.2,978.2,79.6,41.81445901725026,170.8709863977453,137.53038838131147,117.40512397672305,154.05073650009402,71.70814314594611,52.86414033715295,38.93281699225062,62.93230294463165,43.27671182078547,36.5859735890364,30.15819070633729,37.51131276165641
2026-07-24 12:00:00,EP072026,15,2026-07-29 06:00:00,4 days 18:00:00,114,17.7,-117.87,974.9,83.8,55.411900655568445,226.6455433007931,211.7825985818116,155.12140620256292,187.27735289668848,113.65807065444602,92.86458237315074,72.00358395326886,97.37811873107464,61.14656228718895,56.50008113158631,43.70059536767892,52.66786534007859
2026-07-24 12:00:00,EP072026,15,2026-07-29 12:00:00,5 days 00:00:00,120,17.88,-118.44,976.5,82.2,16.69460792642029,195.07356093735365,168.87015313542273,120.7271914051576,166.2817874037667,90.43713438814808,70.52378654245312,46.1388243358331,71.29428486403584,30.25378091628098,23.716367301158165,17.647521701914922,25.3469714608494
2026-07-24 12:00:00,EP072026,15,2026-07-29 18:00:00,5 days 06:00:00,126,18.57,-119.18,982.3,70.7,53.88226634936886,208.361698768925,198.73090486306685,141.82138310782253,181.3592652673872,115.38441274745742,95.21446496909148,71.4876044448955,93.73145690317122,53.88226634936886,43.46833075754844,34.11028515975765,40.65180843062203
2026-07-24 12:00:00,EP072026,15,2026-07-30 00:00:00,5 days 12:00:00,132,19.1,-120.07,981.0,68.6,40.6781483761956,261.47813944247486,229.33180449533643,152.47566970448497,211.78276456010863,134.43498461290406,109.8534194541269,78.9009340804568,106.63596322127938,40.6781483761956,26.412116333773422,19.936729120274343,25.648890436601143
2026-07-24 12:00:00,EP072026,15,2026-07-30 06:00:00,5 days 18:00:00,138,19.26,-120.65,982.8,67.7,10.987958177038166,203.51492225644904,158.22184153783743,126.32306522392444,185.75474342291855,106.22142541418673,88.37367126834475,67.0290372011417,90.58011962232752,44.20883648419823,38.29126752854669,30.678166838660704,37.65530222282837
2026-07-24 12:00:00,EP072026,15,2026-07-30 12:00:00,6 days 00:00:00,144,19.75,-121.6,994.3,55.4,8.733038399751894,226.13056982503215,183.4665748319404,148.25773852373044,217.79045467053209,113.78541456601158,85.57504906656298,60.41923540767055,85.63473936484374,0.0,0.0,0.0,0.0
2026-07-24 12:00:00,EP072026,15,2026-07-30 18:00:00,6 days 06:00:00,150,20.31,-122.7,995.2,52.3,69.74259932094212,186.4373575048909,161.63993550776829,125.89040799804678,157.35040117294966,69.74259932094212,0.0,0.0,2.4910051228963246,0.0,0.0,0.0,0.0
2026-07-24 12:00:00,EP072026,15,2026-07-31 00:00:00,6 days 12:00:00,156,20.61,-123.71,993.9,54.2,62.35433685815452,199.93442817297895,168.6463306916721,135.65056668641787,164.11569166284545,62.35433685815452,1.0744197866619745,0.0,3.84764894062016,0.0,0.0,0.0,0.0
2026-07-24 12:00:00,EP072026,15,2026-07-31 06:00:00,6 days 18:00:00,162,20.92,-125.02,1003.8,40.1,72.67106587526135,201.29464469139725,160.314536999967,112.94426487413732,168.10195086637572,0.0,0.0,0.0,0.0,0.0,0.0,0.0,0.0
2026-07-24 12:00:00,EP072026,15,2026-07-31 12:00:00,7 days 00:00:00,168,21.26,-126.48,1005.8,37.5,49.555593407124725,60.418866953062974,45.74324073781308,31.36467560560693,50.06038249206302,0.0,0.0,0.0,0.0,0.0,0.0,0.0,0.0
2026-07-24 12:00:00,EP072026,15,2026-07-31 18:00:00,7 days 06:00:00,174,21.62,-127.93,1008.4,26.8,70.01234697432704,0.0,0.0,0.0,0.0,0.0,0.0,0.0,0.0,0.0,0.0,0.0,0.0
2026-07-24 12:00:00,EP072026,15,2026-08-01 00:00:00,7 days 12:00:00,180,21.83,-129.26,1008.1,32.8,92.47367520128368,0.0,0.0,0.0,0.0,0.0,0.0,0.0,0.0,0.0,0.0,0.0,0.0
2026-07-24 12:00:00,EP072026,15,2026-08-01 06:00:00,7 days 18:00:00,186,22.37,-130.93,1005.3,38.4,131.10846464251316,131.10846464251316,48.563197562368,18.47478436460436,46.87718852359232,0.0,0.0,0.0,0.0,0.0,0.0,0.0,0.0
2026-07-24 12:00:00,EP072026,15,2026-08-01 12:00:00,8 days 00:00:00,192,22.76,-132.53,1007.3,31.6,45.013725067916965,0.0,0.0,0.0,0.0,0.0,0.0,0.0,0.0,0.0,0.0,0.0,0.0
2026-07-24 12:00:00,EP072026,15,2026-08-01 18:00:00,8 days 06:00:00,198,23.04,-134.29,1002.5,30.6,82.09246371615042,0.0,0.0,0.0,0.0,0.0,0.0,0.0,0.0,0.0,0.0,0.0,0.0
2026-07-24 12:00:00,WP112026,15,2026-07-24 12:00:00,0 days 00:00:00,0,19.7,120.4,991.0,60.0,37.0,139.0,93.0,84.0,139.0,,,,,0.0,0.0,0.0,0.0
2026-07-24 12:00:00,WP112026,15,2026-07-24 18:00:00,0 days 06:00:00,6,19.75,118.93,981.2,72.7,30.016174648226524,184.8981056964367,170.230091173843,121.2519844584142,149.4792529200231,30.016174648226524,0.0,0.0,2.580360295045736,30.016174648226524,0.0,0.0,0.0
2026-07-24 12:00:00,WP112026,15,2026-07-25 00:00:00,0 days 12:00:00,12,20.49,117.97,968.6,81.5,51.7409162857161,302.52231262891905,264.69900138830513,226.03385915656253,265.2549214600325,167.61390598880382,147.36166171990874,124.80801449723307,148.13066171821745,97.46847936485646,89.90544165276724,75.84508590298637,86.51688231548384
2026-07-24 12:00:00,WP112026,15,2026-07-25 06:00:00,0 days 18:00:00,18,21.2,116.65,966.5,87.8,14.547531277604664,260.7339859286725,228.3604750641694,175.43850330005083,213.710933865669,121.05352763464508,101.47894206880432,79.2550211903876,102.16107152874451,57.1654601302244,49.88634794118597,39.70023686212067,48.44916100574952
2026-07-24 12:00:00,WP112026,15,2026-07-25 12:00:00,1 days 00:00:00,24,21.92,115.94,951.1,107.4,26.76080273249924,191.74239822388228,169.84859731145656,134.68836018506616,162.42125993237954,95.84340486990594,81.88096258053145,63.879456551099146,81.33160060447089,58.241399750583824,50.08845124051105,40.28225970201487,48.94775939527397
2026-07-24 12:00:00,WP112026,15,2026-07-25 18:00:00,1 days 06:00:00,30,22.78,115.11,955.8,102.8,0.0,167.01380399989108,155.57903963342596,125.57823975054646,134.33189085427043,40.30561490653855,30.96384720978712,21.54504482168321,35.6638097133021,18.665604559408397,14.45831754692221,9.981343935155676,15.830878351812588
2026-07-24 12:00:00,WP112026,15,2026-07-26 00:00:00,1 days 12:00:00,36,23.44,114.39,980.2,58.5,35.46301280463484,124.10919514736528,133.95519457983622,101.1748056000997,106.49691852115576,7.549852844164225,7.803834716517102,2.52444559715286,35.46301280463484,0.0,0.0,0.0,0.0
2026-07-24 12:00:00,WP112026,15,2026-07-26 06:00:00,1 days 18:00:00,42,24.11,113.99,985.5,47.4,65.66682376421035,196.29462483319892,185.19374181391495,123.61691433515308,151.35255670363142,0.0,0.0,0.0,0.0,0.0,0.0,0.0,0.0
2026-07-24 12:00:00,WP112026,15,2026-07-26 12:00:00,2 days 00:00:00,48,24.94,113.65,993.6,27.9,17.515539281298267,0.0,0.0,0.0,0.0,0.0,0.0,0.0,0.0,0.0,0.0,0.0,0.0
2026-07-24 12:00:00,WP112026,15,2026-07-26 18:00:00,2 days 06:00:00,54,25.68,113.82,1000.7,20.9,87.86282222743127,0.0,0.0,0.0,0.0,0.0,0.0,0.0,0.0,0.0,0.0,0.0,0.0
2026-07-24 12:00:00,WP112026,15,2026-07-27 00:00:00,2 days 12:00:00,60,27.16,112.81,998.1,20.7,112.39977168630516,0.0,0.0,0.0,0.0,0.0,0.0,0.0,0.0,0.0,0.0,0.0,0.0
2026-07-24 12:00:00,WP112026,15,2026-07-27 06:00:00,2 days 18:00:00,66,28.08,112.47,1001.7,15.9,70.68604248535043,0.0,0.0,0.0,0.0,0.0,0.0,0.0,0.0,0.0,0.0,0.0,0.0
2026-07-24 12:00:00,EP062026,16,2026-07-24 12:00:00,0 days 00:00:00,0,18.5,-130.6,970.0,89.0,37.0,297.0,185.0,111.0,297.0,148.0,74.0,56.0,111.0,74.0,37.0,28.0,56.0
2026-07-24 12:00:00,EP062026,16,2026-07-24 18:00:00,0 days 06:00:00,6,18.64,-131.92,973.5,80.5,62.182297295531015,161.11644745893284,113.4507089866513,110.04350224214784,150.35675852664235,84.5679820679436,70.64096660154036,54.732706601458574,75.43660823542189,62.182297295531015,36.01847503270642,28.41126760190636,36.9059710427355
2026-07-24 12:00:00,EP062026,16,2026-07-25 00:00:00,0 days 12:00:00,12,19.05,-133.29,985.9,65.6,66.78065407419217,183.1688684868472,144.02420826144413,121.00997634910078,158.085415896379,66.78065407419217,53.01832303736678,36.34060388296641,55.01727434926574,66.78065407419217,21.613482320336185,13.51043617182645,22.31352347904677
2026-07-24 12:00:00,EP062026,16,2026-07-25 06:00:00,0 days 18:00:00,18,19.01,-134.53,992.0,62.6,73.22399998023857,257.0425569929904,219.7844141662542,182.2329477794316,226.20489279950132,73.22399998023857,18.833640380975908,12.193555504719322,20.49298881774805,0.0,0.0,0.0,0.0
2026-07-24 12:00:00,EP062026,16,2026-07-25 12:00:00,1 days 00:00:00,24,19.4,-135.46,992.4,60.1,25.75381596880966,246.61080224398185,182.22026916930176,139.1012880940157,215.8046619533216,80.55709569775892,63.75457566037334,42.429848198582654,64.99767707364732,0.0,0.0,0.0,0.0
2026-07-24 12:00:00,EP062026,16,2026-07-25 18:00:00,1 days 06:00:00,30,19.67,-136.81,990.5,60.5,43.545539245524736,195.7865133091777,154.7468289551822,120.9892851793046,157.0737530471877,53.47474427714408,41.938933427855375,27.66413597166735,42.17182395632744,0.0,0.0,0.0,0.0
2026-07-24 12:00:00,EP062026,16,2026-07-26 00:00:00,1 days 12:00:00,36,19.82,-137.62,992.2,60.5,35.78265434466766,292.8831449230238,228.750387028942,184.55893785861556,252.89054464141373,82.96794851805498,65.8478565966252,45.09170824081593,68.5752927718122,0.0,0.0,0.0,0.0
2026-07-24 12:00:00,EP062026,16,2026-07-26 06:00:00,1 days 18:00:00,42,20.09,-138.77,987.5,61.0,45.973943983910914,211.6509871862332,172.14000391264628,123.11816950518453,175.60413637114726,45.973943983910914,16.477697610483876,7.7997738152170335,17.042385996586198,0.0,0.0,0.0,0.0
2026-07-24 12:00:00,EP062026,16,2026-07-26 12:00:00,2 days 00:00:00,48,20.36,-139.46,983.1,72.7,44.45218599627272,176.58862430966278,137.23670271369997,103.45665384490128,149.87423026599873,44.45218599627272,2.6537523430498826,0.8235977680083981,5.954317891605883,44.45218599627272,0.0492941463885809,0.134853357633629,1.0831044761256483
2026-07-24 12:00:00,EP062026,16,2026-07-26 18:00:00,2 days 06:00:00,54,20.64,-140.71,989.5,64.5,24.72467958340203,220.0700500878803,169.7048092535862,126.51288976805418,180.75010391623533,112.48329607305551,100.07336453976016,81.600477746569,92.5863887101011,24.72467958340203,0.0,0.0,1.2114392357340231
2026-07-24 12:00:00,EP062026,16,2026-07-27 00:00:00,2 days 12:00:00,60,20.88,-141.72,995.4,64.3,8.450014393128829,201.2698366636176,137.117139975734,97.335379958329,175.3131501708786,85.21086851432185,68.19404075604577,46.19205580546763,69.67895315298274,36.67984489001869,29.992888675993136,21.71322028638324,30.47789343617827
2026-07-24 12:00:00,EP062026,16,2026-07-27 06:00:00,2 days 18:00:00,66,21.2,-142.89,989.4,63.8,32.948927030557115,173.69545237079146,131.8381075449496,78.19608848687274,141.5222864677122,32.948927030557115,21.275927973804777,9.220624118452292,21.823956724065667,0.0,0.0,0.0,0.0
2026-07-24 12:00:00,EP062026,16,2026-07-27 12:00:00,3 days 00:00:00,72,21.53,-144.16,990.7,66.2,53.24814272275409,242.95726459634304,198.74412851730816,137.2719386660072,197.04216408085432,53.24814272275409,23.317041398793204,12.373419997566783,21.73256593981921,53.24814272275409,0.0979214437771909,0.0,1.0291983115684973
2026-07-24 12:00:00,EP062026,16,2026-07-27 18:00:00,3 days 06:00:00,78,21.78,-146.23,994.8,49.9,55.114378558340015,223.7440469726303,182.10019797797707,162.19676982263752,198.6913363814481,0.0,0.0,0.0,0.0,0.0,0.0,0.0,0.0
2026-07-24 12:00:00,EP062026,16,2026-07-28 00:00:00,3 days 12:00:00,84,22.02,-147.31,1002.5,40.4,71.27407248719155,210.05532983841044,171.4874101651563,130.05668356231132,172.21714732752753,0.0,0.0,0.0,0.0,0.0,0.0,0.0,0.0
2026-07-24 12:00:00,EP062026,16,2026-07-28 06:00:00,3 days 18:00:00,90,22.52,-148.74,1006.9,33.7,114.47999638873657,0.0,0.0,0.0,0.0,0.0,0.0,0.0,0.0,0.0,0.0,0.0,0.0
2026-07-24 12:00:00,EP062026,16,2026-07-28 12:00:00,4 days 00:00:00,96,22.97,-150.07,1003.5,35.6,143.92907305098726,143.92907305098726,5.622629810412684,10.383513023812814,6.123207932079826,0.0,0.0,0.0,0.0,0.0,0.0,0.0,0.0
2026-07-24 12:00:00,EP062026,16,2026-07-28 18:00:00,4 days 06:00:00,102,23.77,-150.97,996.1,43.5,59.71320446229947,9.546156071223436,11.17965141039278,59.71320446229947,8.689592082980056,0.0,0.0,0.0,0.0,0.0,0.0,0.0,0.0
2026-07-24 12:00:00,EP062026,16,2026-07-29 00:00:00,4 days 12:00:00,108,24.44,-151.52,1004.2,36.5,75.80444989144212,75.80444989144212,1.9280163731277755,0.0,4.47672822888569,0.0,0.0,0.0,0.0,0.0,0.0,0.0,0.0
2026-07-24 12:00:00,EP062026,16,2026-07-29 06:00:00,4 days 18:00:00,114,25.19,-151.87,1003.6,42.7,89.75997951714993,89.75997951714993,0.0,0.0,2.5347170245916573,0.0,0.0,0.0,0.0,0.0,0.0,0.0,0.0
2026-07-24 12:00:00,EP062026,16,2026-07-29 12:00:00,5 days 00:00:00,120,25.63,-152.56,1006.8,38.3,118.87944041057654,118.87944041057654,0.0,0.0,1.6496746008591572,0.0,0.0,0.0,0.0,0.0,0.0,0.0,0.0
2026-07-24 12:00:00,EP072026,16,2026-07-24 12:00:00,0 days 00:00:00,0,8.9,-99.9,1005.0,29.0,93.0,0.0,0.0,0.0,0.0,0.0,0.0,0.0,0.0,0.0,0.0,0.0,0.0
2026-07-24 12:00:00,EP072026,16,2026-07-24 18:00:00,0 days 06:00:00,6,8.94,-100.88,1005.9,26.8,131.27189887529053,0.0,0.0,0.0,0.0,0.0,0.0,0.0,0.0,0.0,0.0,0.0,0.0
2026-07-24 12:00:00,EP072026,16,2026-07-25 00:00:00,0 days 12:00:00,12,9.61,-101.62,1004.9,33.3,93.77091263720168,0.0,0.0,0.0,0.0,0.0,0.0,0.0,0.0,0.0,0.0,0.0,0.0
2026-07-24 12:00:00,EP072026,16,2026-07-25 06:00:00,0 days 18:00:00,18,10.02,-102.58,1003.6,34.0,92.03384156638477,0.0,0.0,0.0,0.0,0.0,0.0,0.0,0.0,0.0,0.0,0.0,0.0
2026-07-24 12:00:00,EP072026,16,2026-07-25 12:00:00,1 days 00:00:00,24,11.09,-103.72,999.9,49.6,35.40581790508372,121.65975422439963,100.10745962908186,54.60427737524572,89.3473579390984,0.0,0.0,0.0,0.0,0.0,0.0,0.0,0.0
2026-07-24 12:00:00,EP072026,16,2026-07-25 18:00:00,1 days 06:00:00,30,11.91,-105.08,999.5,44.6,56.779338053109726,64.45487172969472,51.72808304928132,42.40350781932821,52.22424616315169,0.0,0.0,0.0,0.0,0.0,0.0,0.0,0.0
2026-07-24 12:00:00,EP072026,16,2026-07-26 00:00:00,1 days 12:00:00,36,12.21,-106.33,994.2,62.0,37.44210976301199,152.56262791729253,120.10085601650512,80.48320717102052,128.4220134283136,64.47326121356397,48.66417772771388,29.513451269861733,50.61916923390074,0.0,0.0,0.0,0.0
2026-07-24 12:00:00,EP072026,16,2026-07-26 06:00:00,1 days 18:00:00,42,12.52,-107.65,991.7,63.9,42.074099642468575,130.86214643422062,98.93191983179288,58.37655749730437,98.08472585967544,42.074099642468575,8.141873228272768,3.892247725872805,7.836171430852922,0.0,0.0,0.0,0.0
2026-07-24 12:00:00,EP072026,16,2026-07-26 12:00:00,2 days 00:00:00,48,13.25,-108.55,984.5,67.9,58.11460910686886,246.31877793085428,212.45912041098387,144.84746919067922,192.9319707129501,76.46566488616634,68.99061506478252,54.23657149891133,61.73626279256354,58.11460910686886,0.0,0.0,0.1000609950731585
2026-07-24 12:00:00,EP072026,16,2026-07-26 18:00:00,2 days 06:00:00,54,13.52,-109.61,980.5,81.7,15.023180198570532,205.69391782004823,148.9792373408663,100.24352355474396,164.0902945577031,77.58702137259037,58.316804688262,34.55011146836423,62.442515338517154,31.16729718938137,23.94120232109456,15.243294900288518,24.678565419253964
2026-07-24 12:00:00,EP072026,16,2026-07-27 00:00:00,2 days 12:00:00,60,14.06,-110.82,979.4,80.7,18.525131869317896,233.56215880751876,199.85243948387412,133.50622640381053,185.4911249036804,114.41156988702316,95.67624696133544,66.54151615660638,92.42751514828775,53.38757967378628,44.97054608474194,33.03504677455152,43.45010987638024
2026-07-24 12:00:00,EP072026,16,2026-07-27 06:00:00,2 days 18:00:00,66,14.95,-111.67,974.9,87.6,24.230855570481133,242.06312818494385,201.2098077675548,137.1852271974983,199.09388819593136,120.51906256080548,98.20159099823904,67.52525232503295,97.73337076905209,56.12577107261934,46.79689339089744,35.00729605757603,47.06925650629032
2026-07-24 12:00:00,EP072026,16,2026-07-27 12:00:00,3 days 00:00:00,72,15.41,-112.55,968.9,90.7,32.65174386640812,239.79289257852665,190.9924300453268,112.39533091553402,184.63742075951416,94.74532724366269,73.92045191543087,46.9665068188838,74.42755792965659,42.5446782616492,34.94774902189753,24.756127345959836,34.7668141408941
2026-07-24 12:00:00,EP072026,16,2026-07-27 18:00:00,3 days 06:00:00,78,15.99,-113.34,969.9,92.7,86.13563551286137,336.4610059866848,292.7349361951412,228.99900992072065,298.475907794927,86.13563551286137,37.88744437523762,23.0603452557544,46.06495527187416,86.13563551286137,17.671637302586987,11.146054387244888,20.100518841177003
2026-07-24 12:00:00,EP072026,16,2026-07-28 00:00:00,3 days 12:00:00,84,16.77,-113.99,958.7,101.5,25.61904680907408,167.55043011119943,143.484496143596,87.99022350380358,148.49547511237583,75.74811223034129,53.65122734381546,33.818948008444174,63.510854118189975,36.22513706762775,27.18804498506669,18.225116955087508,30.3245856840944
2026-07-24 12:00:00,EP072026,16,2026-07-28 06:00:00,3 days 18:00:00,90,17.07,-114.85,966.6,92.1,30.619543060267617,231.8823872202235,180.05300692973347,124.41521382861254,185.2108641720197,117.48527662335984,97.2016146236172,74.66635473589733,99.12355384768382,58.92111107189152,51.05064791324772,40.34736177730122,51.52893227885208
2026-07-24 12:00:00,EP072026,16,2026-07-28 12:00:00,4 days 00:00:00,96,17.53,-115.57,960.7,93.1,32.967805514958854,186.74959362382813,139.84673982175184,121.15769419053905,165.51348600934566,81.70096245807571,64.45474566638462,48.438351875446,68.84969975271345,39.91296316800502,33.528646964461586,25.420786427552397,34.24975373303687
2026-07-24 12:00:00,EP072026,16,2026-07-28 18:00:00,4 days 06:00:00,102,17.77,-116.09,963.8,101.5,36.99742336656461,251.07058960564976,195.17122070483865,138.00533087873004,210.6028958863948,126.26127597398803,102.99861128075572,83.34958697306828,110.84905282616909,65.63918851018943,56.38506229070991,46.3801395929868,57.9446054877269
2026-07-24 12:00:00,EP072026,16,2026-07-29 00:00:00,4 days 12:00:00,108,17.99,-116.98,964.1,93.9,23.479095703254487,259.4786490787272,201.07859774946985,149.9101217084606,213.16055340190667,101.4258844176738,81.1402300087424,60.9720935323149,82.8251235583206,49.8431233754206,42.02566260447648,32.00106008391136,42.8825917155917
2026-07-24 12:00:00,EP072026,16,2026-07-29 06:00:00,4 days 18:00:00,114,18.52,-117.92,978.0,72.2,26.13553990740812,212.12083353783532,164.00157059450763,134.3500579661403,183.8674456321908,49.387766806516495,35.99198643140643,20.852156015078094,40.33155087834385,26.13553990740812,15.096127994490557,9.396444371554278,16.55373658339001
2026-07-24 12:00:00,EP072026,16,2026-07-29 12:00:00,5 days 00:00:00,120,18.75,-118.88,978.2,75.4,37.8749487769818,187.9291786817298,141.65942780629894,102.46657899561204,163.4848037410893,91.39610663349094,71.56416765326367,51.27974911167837,75.72818969074387,42.766057509568896,34.202317385949186,25.21417515491754,36.29578269148698
2026-07-24 12:00:00,EP072026,16,2026-07-29 18:00:00,5 days 06:00:00,126,19.04,-120.75,982.7,73.9,14.159624082775975,198.9576577558144,157.5395951098368,107.30564627515608,155.9486784370198,64.85539354219983,51.10651497118454,35.118466075084626,51.80148003793968,27.207753638153605,22.80230233904907,16.818511908425673,22.44553737024608
2026-07-24 12:00:00,EP072026,16,2026-07-30 00:00:00,5 days 12:00:00,132,19.55,-120.87,987.6,62.1,57.1492135915574,226.22498117908052,186.54284293937317,144.80908574951252,194.4858017495396,79.61221717763944,61.857135987736015,40.55068416602712,63.59057166516232,0.0,0.0,0.0,0.0
2026-07-24 12:00:00,EP072026,16,2026-07-30 06:00:00,5 days 18:00:00,138,20.25,-122.27,986.6,63.8,57.43910019210253,253.6600436848952,229.0600947304465,182.87625002890223,218.32293713016287,128.22906417864547,119.94551489925578,101.0647819983258,108.00037236569068,0.0,0.0,0.0,0.0
2026-07-24 12:00:00,EP072026,16,2026-07-30 12:00:00,6 days 00:00:00,144,20.64,-123.46,987.7,56.6,62.80309868300573,217.26720554130583,208.5467870287144,163.078068908133,185.7053336298225,78.86857575904301,74.50787557479782,62.030165708486834,65.69861981736243,0.0,0.0,0.0,0.0
2026-07-24 12:00:00,EP072026,16,2026-07-30 18:00:00,6 days 06:00:00,150,20.98,-124.62,997.2,50.2,85.94275654004377,256.2825658225174,227.70569038894973,191.17668215218143,227.02090565271465,85.94275654004377,39.91696176272285,33.65066982286794,37.37930589270786,0.0,0.0,0.0,0.0
2026-07-24 12:00:00,EP072026,16,2026-07-31 00:00:00,6 days 12:00:00,156,21.36,-125.81,993.9,50.9,41.42352645360619,168.65966891247052,135.93376681815482,109.34916043746225,143.13700735922458,41.42352645360619,0.6256810986572869,0.4748744853614361,1.0302173761861626,0.0,0.0,0.0,0.0
2026-07-24 12:00:00,EP072026,16,2026-07-31 06:00:00,6 days 18:00:00,162,21.9,-127.13,1002.4,41.0,55.63721201242676,206.5783016538409,178.77930741252726,140.65535088740592,171.43484209804575,0.0,0.0,0.0,0.0,0.0,0.0,0.0,0.0
2026-07-24 12:00:00,EP072026,16,2026-07-31 12:00:00,7 days 00:00:00,168,22.08,-128.52,1002.7,38.5,43.88348136609623,163.66913960314108,134.3890803287507,103.4993016039016,136.93838550543137,0.0,0.0,0.0,0.0,0.0,0.0,0.0,0.0
2026-07-24 12:00:00,EP072026,16,2026-07-31 18:00:00,7 days 06:00:00,174,22.38,-129.88,1001.7,43.1,36.844177056897344,112.382743671354,80.82331202005327,55.53212355265191,87.2542006466347,0.0,0.0,0.0,0.0,0.0,0.0,0.0,0.0
2026-07-24 12:00:00,EP072026,16,2026-08-01 00:00:00,7 days 12:00:00,180,22.76,-131.1,1002.5,39.2,28.214664391302318,69.48516261344344,38.12589779337217,27.69377510357681,56.64053684375308,0.0,0.0,0.0,0.0,0.0,0.0,0.0,0.0
2026-07-24 12:00:00,EP072026,16,2026-08-01 06:00:00,7 days 18:00:00,186,23.21,-132.25,1003.2,38.8,57.803084104850136,116.67541248630218,82.97675828157304,61.63663558678509,99.60518756187076,0.0,0.0,0.0,0.0,0.0,0.0,0.0,0.0
2026-07-24 12:00:00,EP072026,16,2026-08-01 12:00:00,8 days 00:00:00,192,23.82,-133.46,1006.5,31.7,100.6590291862589,0.0,0.0,0.0,0.0,0.0,0.0,0.0,0.0,0.0,0.0,0.0,0.0
2026-07-24 12:00:00,EP072026,16,2026-08-01 18:00:00,8 days 06:00:00,198,24.53,-134.56,1009.5,28.5,97.2904504550062,0.0,0.0,0.0,0.0,0.0,0.0,0.0,0.0,0.0,0.0,0.0,0.0
2026-07-24 12:00:00,EP072026,16,2026-08-02 00:00:00,8 days 12:00:00,204,24.86,-135.83,1009.2,28.2,33.47977756255439,0.0,0.0,0.0,0.0,0.0,0.0,0.0,0.0,0.0,0.0,0.0,0.0
2026-07-24 12:00:00,EP072026,16,2026-08-02 06:00:00,8 days 18:00:00,210,25.25,-137.01,1004.4,35.1,84.13821360390577,84.13821360390577,1.584391476225839,3.249259336222748,2.517024401884953,0.0,0.0,0.0,0.0,0.0,0.0,0.0,0.0
2026-07-24 12:00:00,EP072026,16,2026-08-02 12:00:00,9 days 00:00:00,216,26.29,-138.67,1006.2,28.6,107.82123217880178,0.0,0.0,0.0,0.0,0.0,0.0,0.0,0.0,0.0,0.0,0.0,0.0
2026-07-24 12:00:00,EP072026,16,2026-08-02 18:00:00,9 days 06:00:00,222,25.62,-139.21,1008.0,29.7,79.20429852108408,0.0,0.0,0.0,0.0,0.0,0.0,0.0,0.0,0.0,0.0,0.0,0.0
2026-07-24 12:00:00,EP072026,16,2026-08-03 00:00:00,9 days 12:00:00,228,26.59,-140.32,1011.0,27.2,88.11503171258286,0.0,0.0,0.0,0.0,0.0,0.0,0.0,0.0,0.0,0.0,0.0,0.0
2026-07-24 12:00:00,WP112026,16,2026-07-24 12:00:00,0 days 00:00:00,0,19.7,120.4,991.0,60.0,37.0,139.0,93.0,84.0,139.0,,,,,0.0,0.0,0.0,0.0
2026-07-24 12:00:00,WP112026,16,2026-07-24 18:00:00,0 days 06:00:00,6,20.11,119.31,957.3,95.0,28.53667133320506,183.48500213828848,170.0557436502598,149.80872954383128,165.26725468900645,95.17747192403392,85.61699661995627,70.08362306580142,83.96850383718157,48.64939069492379,43.40323588504639,34.29905488140997,40.878618913298624
2026-07-24 12:00:00,WP112026,16,2026-07-25 00:00:00,0 days 12:00:00,12,20.37,118.33,955.8,100.8,2.3019992013929738,194.8831632248308,168.26709897599085,148.87935264085473,167.88874726496897,104.44707494756884,90.66465087951646,73.47053702186105,90.79105183436668,56.40875767761038,49.44372825058803,40.74976653355048,49.7541048248542
2026-07-24 12:00:00,WP112026,16,2026-07-25 06:00:00,0 days 18:00:00,18,21.31,117.06,932.6,124.3,21.0444483798063,233.85808215111837,197.5577378923312,178.29463671590696,221.01188453020055,130.81697428862503,115.82878396797582,100.35454942473412,120.81238458894322,73.12715053566177,66.13639169129722,55.19477231280282,64.7727749345684
2026-07-24 12:00:00,WP112026,16,2026-07-25 12:00:00,1 days 00:00:00,24,21.8,116.3,939.2,111.6,21.904986378264123,280.19129502715055,251.26053281212256,229.0192009861863,259.6482855176976,152.24222877547226,136.76742849168,114.64761517761248,139.52229247320923,84.35749270749871,77.07617820936728,63.67358805143627,74.44616233855523
2026-07-24 12:00:00,WP112026,16,2026-07-25 18:00:00,1 days 06:00:00,30,22.6,115.62,942.8,99.1,0.0,253.3611243650927,233.9551211902208,186.69149464269935,210.9946695444204,90.71846764584274,78.25804167819794,63.39333734804245,77.05410867961614,48.27725292103371,42.7991043664946,34.39593010281372,41.85544577282667
2026-07-24 12:00:00,WP112026,16,2026-07-26 00:00:00,1 days 12:00:00,36,23.42,115.22,962.8,85.7,16.05634940177277,225.32344635619376,194.02744588409251,145.13703807935843,186.4807838306072,113.01192151192222,99.52896660901912,75.49360294640368,96.83134810004864,56.487506573327984,50.06617470501502,40.86688907038662,48.97265008879961
2026-07-24 12:00:00,WP112026,16,2026-07-26 06:00:00,1 days 18:00:00,42,24.48,114.78,978.5,53.5,37.35835293513742,192.8324240896233,157.9753816016338,119.85658515628133,161.95032126388105,37.35835293513742,0.0,0.0,1.7134419070096598,0.0,0.0,0.0,0.0
2026-07-24 12:00:00,WP112026,16,2026-07-26 12:00:00,2 days 00:00:00,48,24.73,114.15,997.8,33.4,65.91105739996385,0.0,0.0,0.0,0.0,0.0,0.0,0.0,0.0,0.0,0.0,0.0,0.0
2026-07-24 12:00:00,WP112026,16,2026-07-26 18:00:00,2 days 06:00:00,54,25.95,113.68,1000.7,20.3,54.71954479210628,0.0,0.0,0.0,0.0,0.0,0.0,0.0,0.0,0.0,0.0,0.0,0.0
2026-07-24 12:00:00,WP112026,16,2026-07-27 00:00:00,2 days 12:00:00,60,27.35,113.08,1001.0,17.4,59.51869536432156,0.0,0.0,0.0,0.0,0.0,0.0,0.0,0.0,0.0,0.0,0.0,0.0
2026-07-24 12:00:00,WP112026,16,2026-07-27 06:00:00,2 days 18:00:00,66,28.25,112.27,1001.7,18.1,64.45227209952039,0.0,0.0,0.0,0.0,0.0,0.0,0.0,0.0,0.0,0.0,0.0,0.0
2026-07-24 12:00:00,WP112026,16,2026-07-27 12:00:00,3 days 00:00:00,72,28.18,112.62,1005.5,11.2,151.71843619737302,0.0,0.0,0.0,0.0,0.0,0.0,0.0,0.0,0.0,0.0,0.0,0.0
2026-07-24 12:00:00,EP062026,17,2026-07-24 12:00:00,0 days 00:00:00,0,18.5,-130.6,970.0,89.0,37.0,297.0,185.0,111.0,297.0,148.0,74.0,56.0,111.0,74.0,37.0,28.0,56.0
2026-07-24 12:00:00,EP062026,17,2026-07-24 18:00:00,0 days 06:00:00,6,18.68,-131.59,979.5,72.2,58.79546459044221,232.4203603998844,201.3379012839385,148.08302640725688,202.90493885074335,71.26292595975123,49.541379179169134,32.34033819586148,57.63923425402741,58.79546459044221,10.79282467357326,6.6470708640099145,13.447383589377662
2026-07-24 12:00:00,EP062026,17,2026-07-25 00:00:00,0 days 12:00:00,12,18.85,-133.17,981.7,70.2,47.02094783760745,280.6330445714257,229.0038923237041,164.1791999940641,230.7612991270784,61.819694051880205,41.552473957449735,21.583935627426207,45.00277055199148,47.02094783760745,0.0,0.0,1.9737385538756325
2026-07-24 12:00:00,EP062026,17,2026-07-25 06:00:00,0 days 18:00:00,18,18.93,-134.5,986.9,66.6,54.78029125565138,286.04429338090995,249.42882401220092,193.95107731965345,234.656737659614,62.55334344366088,47.36518569695272,28.610742734995316,46.10943785395443,54.78029125565138,0.0,0.0,0.0
2026-07-24 12:00:00,EP062026,17,2026-07-25 12:00:00,1 days 00:00:00,24,19.04,-135.41,990.9,61.9,33.99409345375852,209.2691626444498,154.1532257483844,126.3808479970872,187.7404480311328,111.84929167159795,88.07606507053964,66.75150729586392,94.37614486344904,0.0,0.0,0.0,0.0
2026-07-24 12:00:00,EP062026,17,2026-07-25 18:00:00,1 days 06:00:00,30,19.27,-136.66,990.0,58.5,50.12627992014864,213.29855151227463,168.61839271523942,129.2132857948369,176.6198062724158,62.60898267574504,43.26756575435802,27.303140430932544,48.63472758066432,0.0,0.0,0.0,0.0
2026-07-24 12:00:00,EP062026,17,2026-07-26 00:00:00,1 days 12:00:00,36,19.57,-137.77,980.9,71.8,65.46463446632687,262.2783493814454,204.0791750001756,152.7610788349669,215.48256772562075,122.2619677001557,96.6539692464778,72.41945639162523,101.2540544218762,65.46463446632687,37.25954281756371,28.94896840014247,38.646613379651896
2026-07-24 12:00:00,EP062026,17,2026-07-26 06:00:00,1 days 18:00:00,42,19.79,-138.9,985.2,66.6,44.755879688165365,276.1060215696606,233.24537598606443,171.7050482727056,232.8008658724831,82.61466560142661,62.20686825415098,40.15748959536697,63.299262534658666,44.755879688165365,5.4714123713975695,2.665235694900733,7.01751626313503
2026-07-24 12:00:00,EP062026,17,2026-07-26 12:00:00,2 days 00:00:00,48,19.9,-140.1,984.3,60.5,24.243136944438632,211.28220257502164,143.65198316723166,100.86331042010794,177.30066976030494,87.82082805008548,61.71787271642788,41.93714621863944,70.18926411279904,0.0,0.0,0.0,0.0
2026-07-24 12:00:00,EP062026,17,2026-07-26 18:00:00,2 days 06:00:00,54,20.18,-141.19,994.9,57.9,31.39123602310271,207.95670384075245,170.27904478170407,116.94183049334023,164.70656246937165,38.40544119654538,24.586699711173537,12.112140846027792,28.456927635760277,0.0,0.0,0.0,0.0
2026-07-24 12:00:00,EP062026,17,2026-07-27 00:00:00,2 days 12:00:00,60,20.06,-142.42,996.4,55.1,60.91962395092519,179.0318525089831,125.005794334863,94.2688963626098,140.2157643276441,60.91962395092519,17.564799951842833,6.862130348755217,19.285261349015013,0.0,0.0,0.0,0.0
2026-07-24 12:00:00,EP062026,17,2026-07-27 06:00:00,2 days 18:00:00,66,19.9,-143.34,995.0,56.4,47.51356273843289,313.0014986429479,250.75109060050707,201.28310735696783,282.2979804046409,111.97201353256015,88.24561956563899,63.92178743210117,91.4849727722199,0.0,0.0,0.0,0.0
2026-07-24 12:00:00,EP062026,17,2026-07-27 12:00:00,3 days 00:00:00,72,20.28,-145.03,1002.2,45.7,28.870545389853213,206.97518305408676,154.14245359284897,115.83185010166088,172.78964847528994,0.0,0.0,0.0,0.0,0.0,0.0,0.0,0.0
2026-07-24 12:00:00,EP062026,17,2026-07-27 18:00:00,3 days 06:00:00,78,20.71,-146.5,1001.1,48.5,95.13770584547372,95.13770584547372,43.65422230338911,28.299615226323382,56.55904248982515,0.0,0.0,0.0,0.0,0.0,0.0,0.0,0.0
2026-07-24 12:00:00,EP062026,17,2026-07-28 00:00:00,3 days 12:00:00,84,21.1,-147.9,1003.0,42.4,86.70576927743969,86.70576927743969,36.580302800273785,25.44761428224274,42.21054695847488,0.0,0.0,0.0,0.0,0.0,0.0,0.0,0.0
2026-07-24 12:00:00,EP062026,17,2026-07-28 06:00:00,3 days 18:00:00,90,20.8,-149.63,1007.0,35.1,96.51794396745602,96.51794396745602,0.3491400428927207,0.0,11.639359621838643,0.0,0.0,0.0,0.0,0.0,0.0,0.0,0.0
2026-07-24 12:00:00,EP062026,17,2026-07-28 12:00:00,4 days 00:00:00,96,21.21,-151.44,1004.3,34.4,142.76378070464682,142.76378070464682,6.3850701011407125,0.3437512660994457,11.2623526686898,0.0,0.0,0.0,0.0,0.0,0.0,0.0,0.0
2026-07-24 12:00:00,EP062026,17,2026-07-28 18:00:00,4 days 06:00:00,102,21.67,-152.95,1003.8,36.3,164.92259021606745,164.92259021606745,1.0347473115808157,2.1045315471136696,5.432572659023553,0.0,0.0,0.0,0.0,0.0,0.0,0.0,0.0
2026-07-24 12:00:00,EP062026,17,2026-07-29 00:00:00,4 days 12:00:00,108,21.64,-154.55,1007.5,34.4,90.1382012727243,90.1382012727243,21.36604865725151,11.382043656151254,23.871855684984745,0.0,0.0,0.0,0.0,0.0,0.0,0.0,0.0
2026-07-24 12:00:00,EP062026,17,2026-07-29 06:00:00,4 days 18:00:00,114,22.43,-155.98,1009.9,29.2,136.2246345145241,0.0,0.0,0.0,0.0,0.0,0.0,0.0,0.0,0.0,0.0,0.0,0.0
2026-07-24 12:00:00,EP062026,17,2026-07-29 12:00:00,5 days 00:00:00,120,21.91,-157.9,1012.3,26.1,130.7308842542919,0.0,0.0,0.0,0.0,0.0,0.0,0.0,0.0,0.0,0.0,0.0,0.0
2026-07-24 12:00:00,EP072026,17,2026-07-24 12:00:00,0 days 00:00:00,0,8.9,-99.9,1005.0,29.0,93.0,0.0,0.0,0.0,0.0,0.0,0.0,0.0,0.0,0.0,0.0,0.0,0.0
2026-07-24 12:00:00,EP072026,17,2026-07-24 18:00:00,0 days 06:00:00,6,8.79,-100.78,1006.4,36.8,144.81720931167865,0.0,144.81720931167865,0.0,0.0,0.0,0.0,0.0,0.0,0.0,0.0,0.0,0.0
2026-07-24 12:00:00,EP072026,17,2026-07-25 00:00:00,0 days 12:00:00,12,8.92,-101.73,999.7,48.2,5.213583608165777,78.22389354635696,67.8411442005637,42.18911797430326,55.74729571687686,0.0,0.0,0.0,0.0,0.0,0.0,0.0,0.0
2026-07-24 12:00:00,EP072026,17,2026-07-25 06:00:00,0 days 18:00:00,18,10.2,-102.64,1000.8,44.1,87.05999025286053,98.75816004985528,83.92616609237416,66.78752429717144,78.64746924738358,0.0,0.0,0.0,0.0,0.0,0.0,0.0,0.0
2026-07-24 12:00:00,EP072026,17,2026-07-25 12:00:00,1 days 00:00:00,24,10.55,-103.75,1001.7,46.3,92.29758803528529,92.29758803528529,9.280288754410217,0.0,12.911919830921644,0.0,0.0,0.0,0.0,0.0,0.0,0.0,0.0
2026-07-24 12:00:00,EP072026,17,2026-07-25 18:00:00,1 days 06:00:00,30,11.4,-104.77,1003.7,38.9,112.0274690711621,112.0274690711621,10.68634524263298,0.0,8.677734637694513,0.0,0.0,0.0,0.0,0.0,0.0,0.0,0.0
2026-07-24 12:00:00,EP072026,17,2026-07-26 00:00:00,1 days 12:00:00,36,12.02,-106.24,998.3,49.5,79.81308866048863,101.46134906756178,73.63341603323285,35.860785110310545,65.43234628886192,0.0,0.0,0.0,0.0,0.0,0.0,0.0,0.0
2026-07-24 12:00:00,EP072026,17,2026-07-26 06:00:00,1 days 18:00:00,42,12.39,-107.06,997.2,56.4,82.05187234781629,82.05187234781629,32.1285687523264,6.515702927817827,36.027479519785594,82.05187234781629,0.0,0.0,0.0,0.0,0.0,0.0,0.0
2026-07-24 12:00:00,EP072026,17,2026-07-26 12:00:00,2 days 00:00:00,48,12.88,-108.52,984.4,66.0,25.97785557813881,193.43270158811924,151.30201170250882,91.47501284254844,148.28203342477474,69.94160500096854,56.21672574232604,37.999250191238616,54.02170087729917,25.97785557813881,18.986231220985573,13.43909223091253,17.777314749095776
2026-07-24 12:00:00,EP072026,17,2026-07-26 18:00:00,2 days 06:00:00,54,13.09,-109.73,988.1,71.3,24.970756754311907,247.5112405613354,198.8166248629364,135.5620674272883,194.35560723017556,78.0897333914275,59.45720450611025,37.418692536086354,58.86550410958873,24.970756754311907,9.292562860545738,5.31681430700727,9.689646206507428
2026-07-24 12:00:00,EP072026,17,2026-07-27 00:00:00,2 days 12:00:00,60,13.56,-110.53,978.7,82.2,31.63325496911137,149.8773199806599,112.11315013520648,60.49890622906952,114.59627885089192,68.6391073279188,51.34285112149857,35.303468825204995,54.2656233156939,32.746063105834104,27.555522471012416,20.946291745441545,27.5472304002507
2026-07-24 12:00:00,EP072026,17,2026-07-27 06:00:00,2 days 18:00:00,66,13.98,-111.31,984.7,68.6,20.16016419577305,250.95368387593828,208.47731724794568,140.08274057929825,189.9402721489449,58.24700251829674,43.55425220694176,23.197692477701512,42.11280409950993,20.16016419577305,0.655860494351844,0.0,0.395286793449069
2026-07-24 12:00:00,EP072026,17,2026-07-27 12:00:00,3 days 00:00:00,72,14.69,-112.18,968.6,89.6,20.342529378708758,212.89262651546693,169.04074388338643,102.85372298819644,163.5248404152397,78.73564798266793,59.19878883388989,38.99920679823748,60.983017673814565,33.71641453416649,28.02251004861488,19.744092103578552,28.331456820783803
2026-07-24 12:00:00,EP072026,17,2026-07-27 18:00:00,3 days 06:00:00,78,15.15,-112.92,971.5,91.9,21.741228408712686,259.528523581224,219.1585522470947,141.56690764372254,207.28594599994292,83.06076917333334,59.62466650998249,35.0783590348092,62.35253569744342,25.61152886585267,19.16471560763722,12.64117628239947,21.378719434190412
2026-07-24 12:00:00,EP072026,17,2026-07-28 00:00:00,3 days 12:00:00,84,15.81,-113.69,962.9,102.7,27.912265211612805,202.3393439657114,153.7026182358455,94.0781614027388,155.68016402240949,93.6773629104421,71.30209368362506,48.60543738719264,75.21542522155733,45.94606318739,37.39861636081507,28.0163512969966,38.613157488967225
2026-07-24 12:00:00,EP072026,17,2026-07-28 06:00:00,3 days 18:00:00,90,16.39,-114.1,960.4,87.4,21.590613648183243,278.949488655568,232.04935727489308,159.37003939042563,225.37000671737724,68.18504367566905,46.08022767792571,25.88866896310393,51.734425269936295,21.590613648183243,10.70284494865512,7.521051878189445,14.48026306329095
2026-07-24 12:00:00,EP072026,17,2026-07-28 12:00:00,4 days 00:00:00,96,16.7,-114.99,960.3,97.0,28.988452301266232,242.81695329098628,177.96117916849283,105.61054770887029,197.6547464294874,114.44925244515956,88.59470486348069,63.13362544605519,96.55191854261486,49.57022233984984,40.262397121192166,30.486375577276647,43.20053012806972
2026-07-24 12:00:00,EP072026,17,2026-07-28 18:00:00,4 days 06:00:00,102,17.04,-115.7,971.2,88.3,34.858212731273184,190.0781084530054,148.20552285250534,89.45707015730432,144.78830247169708,94.61743322056006,79.04278488466734,55.390855547246026,75.03559647658973,49.38314171964956,43.72905096022704,32.653414608404894,40.66816636336991
2026-07-24 12:00:00,EP072026,17,2026-07-29 00:00:00,4 days 12:00:00,108,17.51,-116.43,971.5,92.8,40.98565163104105,282.0047312772016,231.9062421194468,142.60635555294573,209.0597749862625,40.98565163104105,25.588541457489605,6.704725906259208,22.478857292924182,40.98565163104105,1.214406269379673,0.0,2.381375097366586
2026-07-24 12:00:00,EP072026,17,2026-07-29 06:00:00,4 days 18:00:00,114,18.01,-117.15,975.6,91.2,33.0694080799705,199.95691782393533,145.5290937749537,72.78489837457255,158.90837312846452,123.15871322756816,92.99944846167412,68.78808151174673,106.08021545504164,69.08283591388803,57.35563940398573,46.71627062766317,59.66048494783317
2026-07-24 12:00:00,EP072026,17,2026-07-29 12:00:00,5 days 00:00:00,120,18.27,-117.99,983.8,71.4,33.07566763742692,193.9746508412253,138.59542044009356,89.25008049708205,152.6275405940903,91.2225986751574,73.55372171444037,49.2821979002596,71.80425942069266,38.31229187885798,32.65359543346869,24.081492414493457,32.11138384012598
2026-07-24 12:00:00,EP072026,17,2026-07-29 18:00:00,5 days 06:00:00,126,18.88,-118.88,976.8,77.6,56.6499496754434,221.03156439157465,164.00844122920375,111.4200143244734,172.64664531499284,109.03898636976236,87.29708772807282,64.2716393764394,88.78703307453554,56.6499496754434,38.17644070944567,28.968785496867586,38.31472577865634
2026-07-24 12:00:00,EP072026,17,2026-07-30 00:00:00,5 days 12:00:00,132,19.58,-119.96,989.3,59.8,38.678372524033534,308.9136949101194,258.08490760547875,195.71053181553089,246.35944970468967,74.84935001532904,59.06700646175932,36.39002317123061,54.08504055046637,0.0,0.0,0.0,0.0
2026-07-24 12:00:00,EP072026,17,2026-07-30 06:00:00,5 days 18:00:00,138,20.1,-121.54,992.5,55.0,56.36878893076209,300.3448107225849,238.48573775302063,186.628936861016,253.6982153160061,84.39982631864405,62.12620980914653,39.680627914312936,64.58862769368352,0.0,0.0,0.0,0.0
2026-07-24 12:00:00,EP072026,17,2026-07-30 12:00:00,6 days 00:00:00,144,20.43,-122.59,988.3,57.5,79.83841269789124,230.00641289831583,183.0167704809391,140.5453701037575,175.78856921850942,79.83841269789124,20.00591748077693,12.566858533035068,20.91752438742577,0.0,0.0,0.0,0.0
2026-07-24 12:00:00,EP072026,17,2026-07-30 18:00:00,6 days 06:00:00,150,20.88,-123.84,989.8,59.1,41.65528805310715,224.92936680376704,178.24716906854653,149.64385758733184,207.93204549074304,118.52257830202387,94.3016099222528,70.73189663438993,99.93528479741344,0.0,0.0,0.0,0.0
2026-07-24 12:00:00,EP072026,17,2026-07-31 00:00:00,6 days 12:00:00,156,21.52,-124.87,999.3,45.7,105.93556526360145,151.36343539631787,123.30092558717767,92.65143060920472,111.95877242693564,0.0,0.0,0.0,0.0,0.0,0.0,0.0,0.0
2026-07-24 12:00:00,EP072026,17,2026-07-31 06:00:00,6 days 18:00:00,162,22.08,-126.0,999.8,38.1,68.59843827054056,68.59843827054056,30.62190769016229,25.01786851899135,46.74167473397256,0.0,0.0,0.0,0.0,0.0,0.0,0.0,0.0
2026-07-24 12:00:00,EP072026,17,2026-07-31 12:00:00,7 days 00:00:00,168,22.69,-127.23,1004.4,35.4,80.91558178602963,153.62851515118984,116.21264516238972,87.12001998580185,125.19506285437387,0.0,0.0,0.0,0.0,0.0,0.0,0.0,0.0
2026-07-24 12:00:00,EP072026,17,2026-07-31 18:00:00,7 days 06:00:00,174,23.4,-128.78,1004.0,37.0,66.41247562857494,66.41247562857494,7.465872021416931,1.7470793807817202,18.81145139122587,0.0,0.0,0.0,0.0,0.0,0.0,0.0,0.0
2026-07-24 12:00:00,EP072026,17,2026-08-01 00:00:00,7 days 12:00:00,180,23.98,-129.99,1004.9,40.1,130.56350350267672,130.56350350267672,49.135259671289546,29.335253451396127,51.14916258467465,0.0,0.0,0.0,0.0,0.0,0.0,0.0,0.0
2026-07-24 12:00:00,EP072026,17,2026-08-01 06:00:00,7 days 18:00:00,186,24.54,-130.77,1005.1,32.0,87.61243043469196,0.0,0.0,0.0,0.0,0.0,0.0,0.0,0.0,0.0,0.0,0.0,0.0
2026-07-24 12:00:00,EP072026,17,2026-08-01 12:00:00,8 days 00:00:00,192,25.1,-131.96,1006.1,35.4,121.867155487268,121.867155487268,0.3240940984719316,0.0,7.442989748506918,0.0,0.0,0.0,0.0,0.0,0.0,0.0,0.0
2026-07-24 12:00:00,EP072026,17,2026-08-01 18:00:00,8 days 06:00:00,198,25.8,-133.34,1006.9,26.0,86.93302351017428,0.0,0.0,0.0,0.0,0.0,0.0,0.0,0.0,0.0,0.0,0.0,0.0
2026-07-24 12:00:00,EP072026,17,2026-08-02 00:00:00,8 days 12:00:00,204,26.44,-134.22,1007.7,34.7,57.797067506741314,57.797067506741314,0.0,0.0,4.760155002051867,0.0,0.0,0.0,0.0,0.0,0.0,0.0,0.0
2026-07-24 12:00:00,WP112026,17,2026-07-24 12:00:00,0 days 00:00:00,0,19.7,120.4,991.0,60.0,37.0,139.0,93.0,84.0,139.0,,,,,0.0,0.0,0.0,0.0
2026-07-24 12:00:00,WP112026,17,2026-07-24 18:00:00,0 days 06:00:00,6,20.01,119.11,950.9,100.9,27.916333172803043,233.5418747459539,191.9859386395308,171.66610736624847,228.68173569017392,100.935110803069,77.21125469643707,64.62384711536303,88.5772871372525,49.2745263604025,40.124153284046926,32.85425112026535,42.3090091229611
2026-07-24 12:00:00,WP112026,17,2026-07-25 00:00:00,0 days 12:00:00,12,20.35,118.25,941.9,112.1,0.0,214.7650199729867,182.6463736894605,153.02946862904253,187.0625036323452,96.07342702631854,73.35160636014936,57.09489855272069,81.82395120408572,43.92126785149375,35.62922737951561,28.267829869705224,38.89693239437207
2026-07-24 12:00:00,WP112026,17,2026-07-25 06:00:00,0 days 18:00:00,18,21.36,117.07,945.6,112.2,20.777909395074545,233.93441313062027,224.89743917789752,175.0175220373382,192.18139848676245,73.02732518903078,57.09119686119974,35.8486878425301,54.25507932438449,26.350551080726305,20.01699336836938,13.99962964930338,21.044070360156656
2026-07-24 12:00:00,WP112026,17,2026-07-25 12:00:00,1 days 00:00:00,24,21.65,116.31,948.6,103.3,15.622666819687971,245.38665877689417,230.39943941588044,187.67067691156197,211.73356161792952,107.30750101727205,91.51081574674038,67.16304663893578,88.33390400657862,51.04813212429299,42.25140631909608,31.977459839820973,42.03794780000112
2026-07-24 12:00:00,WP112026,17,2026-07-25 18:00:00,1 days 06:00:00,30,22.67,115.35,954.7,97.7,6.559934850785957,161.7814811096536,144.21793777694782,100.02899587495696,124.05771025509854,20.76413690434029,10.13694908868202,0.0910813540098489,9.951692814788595,6.559934850785957,1.850515908686373,0.0,2.8971288611623844
2026-07-24 12:00:00,WP112026,17,2026-07-26 00:00:00,1 days 12:00:00,36,23.21,114.85,963.7,79.3,33.20417096519704,217.64783491152517,194.63066090244715,154.06856827503495,171.4950019159736,73.18592356790299,57.19664682418628,39.12451361377848,54.35550705041304,33.20417096519704,14.026147983868473,10.29573450312236,15.0302181754916
2026-07-24 12:00:00,WP112026,17,2026-07-26 06:00:00,1 days 18:00:00,42,24.03,114.04,977.6,62.4,24.491980951528895,40.83050026449168,30.955564631687757,16.324246787402302,30.64726328953077,24.491980951528895,0.0,0.0,0.0,0.0,0.0,0.0,0.0
2026-07-24 12:00:00,WP112026,17,2026-07-26 12:00:00,2 days 00:00:00,48,24.3,113.63,991.0,40.3,26.71376141262103,54.41580704939236,44.06238791591196,39.11979220737474,47.007228007065535,0.0,0.0,0.0,0.0,0.0,0.0,0.0,0.0
2026-07-24 12:00:00,WP112026,17,2026-07-26 18:00:00,2 days 06:00:00,54,25.07,113.6,998.4,26.7,77.10399415197746,0.0,0.0,0.0,0.0,0.0,0.0,0.0,0.0,0.0,0.0,0.0,0.0
2026-07-24 12:00:00,WP112026,17,2026-07-27 00:00:00,2 days 12:00:00,60,26.1,112.96,1005.3,3.7,131.98444550178556,0.0,0.0,0.0,0.0,0.0,0.0,0.0,0.0,0.0,0.0,0.0,0.0
2026-07-24 12:00:00,WP112026,17,2026-07-27 06:00:00,2 days 18:00:00,66,26.75,113.6,1003.7,25.7,55.687836170172375,0.0,0.0,0.0,0.0,0.0,0.0,0.0,0.0,0.0,0.0,0.0,0.0
2026-07-24 12:00:00,EP062026,18,2026-07-24 12:00:00,0 days 00:00:00,0,18.5,-130.6,970.0,89.0,37.0,297.0,185.0,111.0,297.0,148.0,74.0,56.0,111.0,74.0,37.0,28.0,56.0
2026-07-24 12:00:00,EP062026,18,2026-07-24 18:00:00,0 days 06:00:00,6,18.79,-131.96,974.8,75.6,55.70170347411776,225.3039274298893,182.1823197060899,155.5889362951226,198.90102094717489,77.64938240883234,67.92097840961895,55.25776298501133,69.1839527771496,55.70170347411776,21.11452542339083,19.126870542803907,20.653901281595115
2026-07-24 12:00:00,EP062026,18,2026-07-25 00:00:00,0 days 12:00:00,12,18.99,-133.17,975.4,87.1,28.55514181148864,241.69849519774408,190.57095665866743,142.05267734377748,206.8026152936544,49.06970605134787,33.45496203597598,21.617859021766243,37.09493718745747,28.55514181148864,0.0,0.0,1.3374943872577156
2026-07-24 12:00:00,EP062026,18,2026-07-25 06:00:00,0 days 18:00:00,18,18.78,-134.61,975.3,83.9,45.02925697218479,250.12427404132717,191.82866789067504,144.05337098979112,213.96678077448644,109.58128198881128,90.05283635589227,72.0464490002942,95.64118496686416,53.32075577764786,45.937429816384906,37.28568084852034,45.84722187453133
2026-07-24 12:00:00,EP062026,18,2026-07-25 12:00:00,1 days 00:00:00,24,18.96,-135.61,976.7,78.8,29.755645320752343,228.0410367247235,171.2100535399526,134.99602287412586,193.4842598504961,89.48777107184088,70.69741215295917,55.47147318054172,75.77487078148826,33.809448296512734,27.384467151999036,22.50415917961284,28.599873645701024
2026-07-24 12:00:00,EP062026,18,2026-07-25 18:00:00,1 days 06:00:00,30,19.13,-136.48,981.5,76.0,44.65077562088876,246.5238576839692,199.09492422658644,154.47318762933503,221.15442463758976,126.4869581109552,106.96533312154546,85.59155559326969,110.7304270964584,56.67955763196164,48.895938243028006,39.46719443571988,48.70737434621231
2026-07-24 12:00:00,EP062026,18,2026-07-26 00:00:00,1 days 12:00:00,36,19.27,-137.56,977.7,86.2,30.699281825141945,239.19547199651532,179.10439035545912,135.95733068982463,208.13840938640607,129.62312765525706,108.56537792388023,89.12688785305164,111.99517166723211,62.11378911550994,56.16750246682772,45.53273946978474,54.77427097292374
2026-07-24 12:00:00,EP062026,18,2026-07-26 06:00:00,1 days 18:00:00,42,19.62,-138.61,973.0,80.7,35.152299422381915,257.10933475057834,196.57873094779097,149.90163127795978,216.652827868367,125.43273873787432,103.99849508824836,79.45910389457077,108.1472561284656,46.244617985386185,39.543747824702976,31.659291769650903,39.58444613551494
2026-07-24 12:00:00,EP062026,18,2026-07-26 12:00:00,2 days 00:00:00,48,19.62,-139.88,988.9,59.0,37.67391943308578,264.4309414704627,223.14411184191135,175.87739904437348,216.75676975244727,90.24889464368874,76.12316337228188,56.39156472023112,73.55284594402146,0.0,0.0,0.0,0.0
2026-07-24 12:00:00,EP062026,18,2026-07-26 18:00:00,2 days 06:00:00,54,19.57,-141.09,986.2,71.0,75.00970143730055,180.3517618431129,147.55191323914624,110.02453103236496,144.94475040480756,103.5373744744892,85.10342460787925,67.44414401256006,87.478244069379,75.00970143730055,29.74911362178369,24.143418055247324,29.23273573335149
2026-07-24 12:00:00,EP062026,18,2026-07-27 00:00:00,2 days 12:00:00,60,19.93,-142.25,981.5,62.6,37.961880683302525,195.7977584757564,160.4026036036189,132.79263144289666,182.38706206884035,82.27209603833762,65.4500902474665,47.83159191700713,68.02515604436712,0.0,0.0,0.0,0.0
2026-07-24 12:00:00,EP062026,18,2026-07-27 06:00:00,2 days 18:00:00,66,19.84,-143.55,970.3,80.4,27.5981449749072,178.84396834052353,150.49323199461492,126.25137472025668,160.96056489737242,71.44004248358618,56.03117454669294,42.04607272514928,62.40766677892523,27.5981449749072,18.48434703857164,14.779158374225936,21.427377861717154
2026-07-24 12:00:00,EP062026,18,2026-07-27 12:00:00,3 days 00:00:00,72,19.91,-144.95,979.9,75.2,25.212132952583232,176.82011422204494,139.82560931749924,87.82746448890225,148.21461057676305,49.26712024790558,31.80098422837541,18.74556642259748,37.42553995585955,25.212132952583232,6.182970720346884,2.743606726720163,9.38786157559564
2026-07-24 12:00:00,EP062026,18,2026-07-27 18:00:00,3 days 06:00:00,78,20.34,-146.2,974.8,83.7,39.92192687506635,159.5531690706364,112.71928129483264,73.67109745556697,138.90061884622747,65.5106151735131,43.99364493352661,29.52631558386072,55.24963616753708,39.92192687506635,9.98743027212485,6.537907233790914,14.832284345314688
2026-07-24 12:00:00,EP062026,18,2026-07-28 00:00:00,3 days 12:00:00,84,20.44,-147.21,973.7,87.2,26.710834490581178,200.4729876213246,154.5170840657709,96.15089729601785,165.9194620493028,60.16561584245989,38.07848028220773,20.534013969881077,48.217497443003616,26.710834490581178,10.967174396705204,6.526610354296414,15.661711484466808
2026-07-24 12:00:00,EP062026,18,2026-07-28 06:00:00,3 days 18:00:00,90,20.86,-148.5,966.4,91.4,22.560835536520187,211.05207201766493,165.4856118217008,128.66711792384865,189.306947215026,95.83204186296098,79.68129161568726,62.917097377277656,84.95330173148392,49.5150881978654,43.1873546706714,35.00054037222938,43.1066916093958
2026-07-24 12:00:00,EP062026,18,2026-07-28 12:00:00,4 days 00:00:00,96,20.92,-149.37,985.2,70.3,48.40447973632945,201.9540724372855,132.83837009259878,86.87082549550541,172.65832870620943,70.23810517722995,47.20749250358495,30.07876350313836,58.065284986139886,48.40447973632945,1.5720791817494728,0.0,5.207669940043274
2026-07-24 12:00:00,EP062026,18,2026-07-28 18:00:00,4 days 06:00:00,102,21.48,-150.54,993.8,59.1,51.25515134838854,203.5519008094633,158.6445757688366,113.45338567429664,172.08645547137442,51.25515134838854,35.03028283897766,23.68038144701347,34.06973664323367,0.0,0.0,0.0,0.0
2026-07-24 12:00:00,EP062026,18,2026-07-29 00:00:00,4 days 12:00:00,108,21.84,-151.67,996.6,54.7,52.103405272560906,158.63475289391263,117.9624864204852,77.10460201123618,129.10779094799,52.103405272560906,10.923281362241042,3.855974875371878,10.163299656744034,0.0,0.0,0.0,0.0
2026-07-24 12:00:00,EP062026,18,2026-07-29 06:00:00,4 days 18:00:00,114,21.9,-153.62,997.7,47.2,53.14070645942917,158.47280602128762,126.772923810071,87.3824585262496,128.00729157049477,0.0,0.0,0.0,0.0,0.0,0.0,0.0,0.0
2026-07-24 12:00:00,EP062026,18,2026-07-29 12:00:00,5 days 00:00:00,120,21.89,-154.43,991.1,50.8,84.61645965511283,107.48858397431536,69.01556119288084,42.03623881815445,84.53377047804678,84.61645965511283,0.0,0.0,1.8603089270862707,0.0,0.0,0.0,0.0
2026-07-24 12:00:00,EP062026,18,2026-07-29 18:00:00,5 days 06:00:00,126,22.12,-155.47,994.8,46.7,108.03533439930985,108.03533439930985,0.8201569216273494,0.0,19.628101733418312,0.0,0.0,0.0,0.0,0.0,0.0,0.0,0.0
2026-07-24 12:00:00,EP062026,18,2026-07-30 00:00:00,5 days 12:00:00,132,22.28,-156.68,1003.9,36.4,46.191555772094205,57.88739647400331,37.936475370322285,18.001193182068874,42.95765406972436,0.0,0.0,0.0,0.0,0.0,0.0,0.0,0.0
2026-07-24 12:00:00,EP062026,18,2026-07-30 06:00:00,5 days 18:00:00,138,22.35,-157.99,1005.8,31.9,94.43965267978504,0.0,0.0,0.0,0.0,0.0,0.0,0.0,0.0,0.0,0.0,0.0,0.0
2026-07-24 12:00:00,EP062026,18,2026-07-30 12:00:00,6 days 00:00:00,144,22.56,-159.05,1006.2,32.6,101.5925653467491,0.0,0.0,0.0,0.0,0.0,0.0,0.0,0.0,0.0,0.0,0.0,0.0
2026-07-24 12:00:00,EP062026,18,2026-07-30 18:00:00,6 days 06:00:00,150,22.5,-160.23,1002.5,38.9,99.13237449130013,99.13237449130013,1.080728604382994,0.0,0.0,0.0,0.0,0.0,0.0,0.0,0.0,0.0,0.0
2026-07-24 12:00:00,EP062026,18,2026-07-31 00:00:00,6 days 12:00:00,156,22.81,-161.8,1006.9,33.7,54.8250563991752,0.0,0.0,0.0,0.0,0.0,0.0,0.0,0.0,0.0,0.0,0.0,0.0
2026-07-24 12:00:00,EP062026,18,2026-07-31 06:00:00,6 days 18:00:00,162,22.89,-163.27,1008.3,24.6,118.1264015196664,0.0,0.0,0.0,0.0,0.0,0.0,0.0,0.0,0.0,0.0,0.0,0.0
2026-07-24 12:00:00,EP062026,18,2026-07-31 12:00:00,7 days 00:00:00,168,23.0,-164.75,1007.6,32.3,65.54048745964823,0.0,0.0,0.0,0.0,0.0,0.0,0.0,0.0,0.0,0.0,0.0,0.0
2026-07-24 12:00:00,EP062026,18,2026-07-31 18:00:00,7 days 06:00:00,174,23.46,-166.14,1006.8,33.3,77.09728644884697,0.0,0.0,0.0,0.0,0.0,0.0,0.0,0.0,0.0,0.0,0.0,0.0
2026-07-24 12:00:00,EP062026,18,2026-08-01 00:00:00,7 days 12:00:00,180,23.81,-167.37,997.6,46.0,93.6545727118064,118.67071855048924,89.47438681330459,59.00802615295288,95.65720448091452,0.0,0.0,0.0,0.0,0.0,0.0,0.0,0.0
2026-07-24 12:00:00,EP062026,18,2026-08-01 06:00:00,7 days 18:00:00,186,24.37,-168.53,1005.4,27.1,70.09804440638999,0.0,0.0,0.0,0.0,0.0,0.0,0.0,0.0,0.0,0.0,0.0,0.0
2026-07-24 12:00:00,EP062026,18,2026-08-01 12:00:00,8 days 00:00:00,192,24.74,-170.31,1009.7,24.6,64.26497625988873,0.0,0.0,0.0,0.0,0.0,0.0,0.0,0.0,0.0,0.0,0.0,0.0
2026-07-24 12:00:00,EP072026,18,2026-07-24 12:00:00,0 days 00:00:00,0,8.9,-99.9,1005.0,29.0,93.0,0.0,0.0,0.0,0.0,0.0,0.0,0.0,0.0,0.0,0.0,0.0,0.0
2026-07-24 12:00:00,EP072026,18,2026-07-24 18:00:00,0 days 06:00:00,6,8.66,-100.85,999.7,42.8,49.9658197300074,0.0,0.0,0.0,49.9658197300074,0.0,0.0,0.0,0.0,0.0,0.0,0.0,0.0
2026-07-24 12:00:00,EP072026,18,2026-07-25 00:00:00,0 days 12:00:00,12,9.18,-101.61,997.5,53.1,33.691950199281045,81.91724101043958,59.84560912300781,42.3464040616796,74.92092002903428,33.691950199281045,5.816920897957855,2.575972755643387,6.581229503930698,0.0,0.0,0.0,0.0
2026-07-24 12:00:00,EP072026,18,2026-07-25 06:00:00,0 days 18:00:00,18,9.98,-102.91,1001.9,49.8,51.11240188621444,173.1140102380369,152.04260127136965,110.35040918759424,147.40641076756754,0.0,0.0,0.0,0.0,0.0,0.0,0.0,0.0
2026-07-24 12:00:00,EP072026,18,2026-07-25 12:00:00,1 days 00:00:00,24,10.27,-103.97,993.5,61.0,26.81839651912516,120.38846290659303,115.62999269539472,82.12945358928876,106.12326025306297,27.990522094286455,19.960854981520143,8.610018310257315,19.790512724840823,0.0,0.0,0.0,0.0
2026-07-24 12:00:00,EP072026,18,2026-07-25 18:00:00,1 days 06:00:00,30,11.12,-105.63,993.3,61.8,25.94108339892677,175.17059897948235,142.1981705743059,90.97872810321309,139.76569467894404,56.69189268688864,44.76173379381327,25.993038794643283,42.5990207327976,0.0,0.0,0.0,0.0
2026-07-24 12:00:00,EP072026,18,2026-07-26 00:00:00,1 days 12:00:00,36,11.8,-106.93,988.7,62.1,29.42863559417388,191.41218270980835,172.7862269004229,132.60958303378953,161.01551395963307,43.7838749582015,38.288259589881086,28.468673733803413,32.790967416770066,0.0,0.0,0.0,0.0
2026-07-24 12:00:00,EP072026,18,2026-07-26 06:00:00,1 days 18:00:00,42,12.38,-108.0,988.7,69.8,47.91596126282106,202.53417819428773,168.766878367625,109.16880673565352,159.8361434375427,80.8138492103835,64.92004190388268,42.85203714933482,64.82541932578208,47.91596126282106,15.494002212482584,10.3859968857999,15.70255176880304
2026-07-24 12:00:00,EP072026,18,2026-07-26 12:00:00,2 days 00:00:00,48,13.17,-109.38,978.8,80.4,27.37247205962049,214.69065532993028,181.1244193638552,129.31619248300748,165.43849253064337,104.57552130985825,90.54724709074378,67.19315114940488,83.46643069076305,42.35020194566022,38.08110384180223,29.79721743030393,35.973248377635755
2026-07-24 12:00:00,EP072026,18,2026-07-26 18:00:00,2 days 06:00:00,54,13.8,-110.62,979.7,81.7,39.80392054810005,228.33083852873415,185.83905543076548,106.16697447724069,174.13472604098598,93.38908149979504,70.72368327129223,43.29286087296947,72.01070331977255,39.80392054810005,18.550267681806577,11.555897699642836,20.45854962831531
2026-07-24 12:00:00,EP072026,18,2026-07-27 00:00:00,2 days 12:00:00,60,14.54,-111.71,968.5,93.2,4.472148146807511,267.32396208379225,227.67937096850684,161.01357377790583,206.4557858093666,87.92577486039616,75.22732921368801,52.89707993720391,67.41855426383326,34.44363959158605,31.700280852904463,23.71867797664541,28.25848236220082
2026-07-24 12:00:00,EP072026,18,2026-07-27 06:00:00,2 days 18:00:00,66,15.4,-112.61,960.0,102.5,39.72030676977178,200.52069174915687,162.60233782437697,107.39245831546184,161.57744971190368,89.29969313445486,67.86781018013397,46.29802562896055,73.91253483497263,39.72030676977178,29.4916035114386,21.799666861731595,31.613110612558444
2026-07-24 12:00:00,EP072026,18,2026-07-27 12:00:00,3 days 00:00:00,72,16.17,-113.69,967.7,96.1,6.276541368644644,209.12888796524717,192.91149286040763,103.7753081144702,161.18920082447164,54.056058294218616,37.80227327259283,15.654965598495425,34.63866565482574,11.0862644065363,8.194233103420203,2.026677672448365,8.747766670649629
2026-07-24 12:00:00,EP072026,18,2026-07-27 18:00:00,3 days 06:00:00,78,16.89,-114.38,963.6,99.6,57.74807358696879,273.1689492108029,231.74420499983145,150.4534164817489,228.6864970929676,120.4934138930331,95.63861317677048,63.78759275217956,100.09826581874152,57.74807358696879,32.834171629612804,23.555371371879676,33.91959867883379
2026-07-24 12:00:00,EP072026,18,2026-07-28 00:00:00,3 days 12:00:00,84,17.44,-115.54,964.5,93.3,21.50720451777326,245.8818909025929,222.67967029780937,145.14710075210516,188.48931162962765,24.773267022678056,11.868716963469414,0.0,11.575073798792612,21.50720451777326,0.0,0.0,1.0163867171439651
2026-07-24 12:00:00,EP072026,18,2026-07-28 06:00:00,3 days 18:00:00,90,18.22,-116.44,963.8,93.2,18.709471994529142,287.4112604102086,241.4814355469254,166.1673186563184,232.3866168664286,125.0398279496624,108.75673245366748,79.25823451597635,104.00149316209324,58.44355356500563,51.58107355405425,40.192313586956686,49.8524295889122
2026-07-24 12:00:00,EP072026,18,2026-07-28 12:00:00,4 days 00:00:00,96,18.7,-117.12,976.6,80.9,29.77740987889172,265.40843570259324,230.415716566196,152.11937079864288,202.9900969820837,124.98716380384678,106.70856970910636,74.1372265247569,98.8615231992954,38.7689527174291,34.505268826235124,24.986731968386778,32.6218782577843
2026-07-24 12:00:00,EP072026,18,2026-07-28 18:00:00,4 days 06:00:00,102,19.38,-118.05,980.1,72.6,28.42902697620258,302.58358400694715,265.1534709983805,176.2490730244449,232.62549803428783,108.83093992468092,91.38126547228808,59.58310941145601,82.33807806100594,28.42902697620258,10.486337766058645,5.33206389852257,10.763146846049183
2026-07-24 12:00:00,EP072026,18,2026-07-29 00:00:00,4 days 12:00:00,108,19.78,-118.7,975.8,70.6,35.928845233745015,308.5212584625035,238.6573781673303,180.8978027434024,250.39501736647367,162.19309515817076,136.09861485360275,97.1610926140752,128.98666156157793,35.928845233745015,26.174308255803503,18.25526534031717,26.96705431067729
2026-07-24 12:00:00,EP072026,18,2026-07-29 06:00:00,4 days 18:00:00,114,20.22,-119.27,976.1,70.6,43.00160788194433,341.45067901858823,264.52924512751133,206.21425639720596,291.81910805636693,167.17498766497596,142.15447926222555,106.0951294582158,136.01580513889508,43.00160788194433,25.774960443182334,18.66298933223125,26.082130677162557
2026-07-24 12:00:00,EP072026,18,2026-07-29 12:00:00,5 days 00:00:00,120,20.72,-120.35,989.9,59.9,37.60310150880862,268.112142893949,201.54500453796987,159.87680900628686,219.69470712281063,112.87929910152224,92.26266327781148,64.22391057903184,90.50843343110589,0.0,0.0,0.0,0.0
2026-07-24 12:00:00,EP072026,18,2026-07-29 18:00:00,5 days 06:00:00,126,20.94,-121.36,993.4,53.5,101.58200786880616,192.24625188807897,168.46458691820445,123.2116346633509,162.39695043902833,101.58200786880616,5.320920481668628,1.0747322597575133,5.317725661159833,0.0,0.0,0.0,0.0
2026-07-24 12:00:00,EP072026,18,2026-07-30 00:00:00,5 days 12:00:00,132,21.09,-122.22,991.8,52.4,36.56577646003507,246.384945230189,193.98924308169728,150.7126303548773,201.9391961758144,74.61985429324605,62.56676774916686,40.53529412341445,58.80695418106071,0.0,0.0,0.0,0.0
2026-07-24 12:00:00,EP072026,18,2026-07-30 06:00:00,5 days 18:00:00,138,21.45,-123.23,1002.6,35.8,133.61009834832464,140.36620316864798,116.89008196911514,85.47860248540961,115.07590701077008,0.0,0.0,0.0,0.0,0.0,0.0,0.0,0.0
2026-07-24 12:00:00,EP072026,18,2026-07-30 12:00:00,6 days 00:00:00,144,22.07,-124.12,1003.4,31.6,145.85587063458786,0.0,0.0,0.0,0.0,0.0,0.0,0.0,0.0,0.0,0.0,0.0,0.0
2026-07-24 12:00:00,EP072026,18,2026-07-30 18:00:00,6 days 06:00:00,150,22.37,-125.12,995.0,37.4,93.7330946970327,0.0,0.4353218122759301,93.7330946970327,7.54189429305141,0.0,0.0,0.0,0.0,0.0,0.0,0.0,0.0
2026-07-24 12:00:00,EP072026,18,2026-07-31 00:00:00,6 days 12:00:00,156,22.92,-126.39,1005.5,27.0,71.70040039339787,0.0,0.0,0.0,0.0,0.0,0.0,0.0,0.0,0.0,0.0,0.0,0.0
2026-07-24 12:00:00,EP072026,18,2026-07-31 06:00:00,6 days 18:00:00,162,23.79,-127.67,1002.2,31.8,116.29792168648956,0.0,0.0,0.0,0.0,0.0,0.0,0.0,0.0,0.0,0.0,0.0,0.0
2026-07-24 12:00:00,EP072026,18,2026-07-31 12:00:00,7 days 00:00:00,168,24.09,-129.3,1006.2,24.2,59.64894462219901,0.0,0.0,0.0,0.0,0.0,0.0,0.0,0.0,0.0,0.0,0.0,0.0
2026-07-24 12:00:00,EP072026,18,2026-07-31 18:00:00,7 days 06:00:00,174,24.57,-130.4,995.7,34.4,110.41624980708453,9.473196552622252,0.0,7.265296677471347,110.41624980708453,0.0,0.0,0.0,0.0,0.0,0.0,0.0,0.0
2026-07-24 12:00:00,WP112026,18,2026-07-24 12:00:00,0 days 00:00:00,0,19.7,120.4,991.0,60.0,37.0,139.0,93.0,84.0,139.0,,,,,0.0,0.0,0.0,0.0
2026-07-24 12:00:00,WP112026,18,2026-07-24 18:00:00,0 days 06:00:00,6,19.99,119.27,963.0,88.2,4.593474023940081,207.386470355745,171.86734439569884,149.25166082398127,188.6067575360464,112.98113707497646,96.3364395000496,79.60005837383622,96.39129934650184,38.3101949643973,34.076906577189355,28.152306913782496,33.74240149102142
2026-07-24 12:00:00,WP112026,18,2026-07-25 00:00:00,0 days 12:00:00,12,20.56,117.97,953.4,101.3,13.2170000427368,275.5202841364853,246.28829588050397,216.0464995661905,258.2513780218651,167.07847154905585,149.89519965313775,131.95466857778047,148.13444498010608,101.8322052137728,95.88882111746238,80.130621733726,90.3209193957141
2026-07-24 12:00:00,WP112026,18,2026-07-25 06:00:00,0 days 18:00:00,18,21.52,117.07,943.2,114.8,48.66472561166564,282.1999159388665,236.21973375615727,177.44255030130498,247.7641504572163,142.16835425104435,122.7439743853796,98.36511008070592,121.43330001435363,84.18821577316315,76.42825192059388,63.52549647837628,73.99055538003839
2026-07-24 12:00:00,WP112026,18,2026-07-25 12:00:00,1 days 00:00:00,24,22.13,115.94,935.8,117.7,22.20200681903567,208.4636984014085,171.0338977991649,162.21800287718582,194.4078794935071,80.9154241645086,67.16770784298578,59.16839375590519,71.65799295814466,41.82180698725496,36.79814548878452,32.559693699691806,36.89716347739207
2026-07-24 12:00:00,WP112026,18,2026-07-25 18:00:00,1 days 06:00:00,30,22.97,115.22,948.9,96.3,26.86920165219233,250.52284125330183,205.106958756124,154.31943349459593,208.51416838593843,130.44415050697498,112.39264168347933,92.8224450480052,111.0118363737842,56.66842629563436,50.34262110644213,42.79448918524004,48.30577238763563
2026-07-24 12:00:00,WP112026,18,2026-07-26 00:00:00,1 days 12:00:00,36,23.83,114.46,982.2,62.4,37.41109628184853,232.1377840076977,208.4217903638664,156.8988099993751,185.5814129742874,46.802904555273145,37.25733765823127,23.294099882067837,36.65227582610336,0.0,0.0,0.0,0.0
2026-07-24 12:00:00,WP112026,18,2026-07-26 06:00:00,1 days 18:00:00,42,24.07,113.99,983.6,53.1,42.39009521967009,183.49165843634808,165.00883176947968,139.9855382820149,157.23913807880717,53.50592759929839,46.10599664006384,33.316164627349195,43.94765851632886,0.0,0.0,0.0,0.0
2026-07-24 12:00:00,WP112026,18,2026-07-26 12:00:00,2 days 00:00:00,48,25.05,114.02,996.8,32.1,42.76966042874905,0.0,0.0,0.0,0.0,0.0,0.0,0.0,0.0,0.0,0.0,0.0,0.0
2026-07-24 12:00:00,WP112026,18,2026-07-26 18:00:00,2 days 06:00:00,54,25.84,113.36,995.8,23.0,110.10087339044416,0.0,0.0,0.0,0.0,0.0,0.0,0.0,0.0,0.0,0.0,0.0,0.0
2026-07-24 12:00:00,WP112026,18,2026-07-27 00:00:00,2 days 12:00:00,60,27.24,113.08,1002.7,18.3,45.00682878474272,0.0,0.0,0.0,0.0,0.0,0.0,0.0,0.0,0.0,0.0,0.0,0.0
2026-07-24 12:00:00,WP112026,18,2026-07-27 06:00:00,2 days 18:00:00,66,27.65,112.3,1000.6,21.3,54.68618336107259,0.0,0.0,0.0,0.0,0.0,0.0,0.0,0.0,0.0,0.0,0.0,0.0
2026-07-24 12:00:00,WP112026,18,2026-07-27 12:00:00,3 days 00:00:00,72,28.07,112.16,1005.8,19.7,70.9706805675842,0.0,0.0,0.0,0.0,0.0,0.0,0.0,0.0,0.0,0.0,0.0,0.0
2026-07-24 12:00:00,WP112026,18,2026-07-27 18:00:00,3 days 06:00:00,78,28.81,112.1,1000.1,13.7,107.72259598453438,0.0,0.0,0.0,0.0,0.0,0.0,0.0,0.0,0.0,0.0,0.0,0.0
2026-07-24 12:00:00,WP112026,18,2026-07-28 00:00:00,3 days 12:00:00,84,30.37,112.35,1008.3,16.2,113.18206751617744,0.0,0.0,0.0,0.0,0.0,0.0,0.0,0.0,0.0,0.0,0.0,0.0
2026-07-24 12:00:00,EP062026,19,2026-07-24 12:00:00,0 days 00:00:00,0,18.5,-130.6,970.0,89.0,37.0,297.0,185.0,111.0,297.0,148.0,74.0,56.0,111.0,74.0,37.0,28.0,56.0
2026-07-24 12:00:00,EP062026,19,2026-07-24 18:00:00,0 days 06:00:00,6,18.71,-131.91,979.1,77.6,37.584065252350655,202.2065021990857,161.67447787807646,109.99078409376212,170.06850281986954,87.5719865392287,66.38575804264005,47.85108792443977,74.4339539915608,37.8278434567935,30.38986801339442,23.33831201211341,31.637033701592863
2026-07-24 12:00:00,EP062026,19,2026-07-25 00:00:00,0 days 12:00:00,12,18.78,-133.25,981.5,81.7,36.94977704364521,216.29774966636887,165.85615354740094,127.70359766472052,197.9975796394483,117.66714557251044,85.51833634003538,65.14608823618084,96.27577158920737,51.14771440928939,42.614109807302384,35.142154731121764,44.57500074171048
2026-07-24 12:00:00,EP062026,19,2026-07-25 06:00:00,0 days 18:00:00,18,19.32,-134.66,984.6,75.0,50.08698689635873,231.05303161395335,168.90324228712973,123.8191626725214,202.18587036438527,103.92732092883703,77.31211173687704,60.52945069475865,91.23100008303264,54.870176795796354,47.49831836489794,38.90565746650819,47.56718260359536
2026-07-24 12:00:00,EP062026,19,2026-07-25 12:00:00,1 days 00:00:00,24,19.12,-135.69,986.8,68.3,42.420851799794285,194.7930947912569,134.97573094901847,103.626190056439,186.4057725764585,102.8300811809913,76.3787394347609,57.1752588254372,88.80614554968365,42.420851799794285,23.56283021988676,18.547576364983733,26.568359586886
2026-07-24 12:00:00,EP062026,19,2026-07-25 18:00:00,1 days 06:00:00,30,19.41,-137.12,993.7,60.8,42.424140292895686,258.6881111532201,206.58070621759728,158.69536019504454,237.2686829018495,89.7669932560703,65.59415473506607,44.58451254730047,67.8282885007415,0.0,0.0,0.0,0.0
2026-07-24 12:00:00,EP062026,19,2026-07-26 00:00:00,1 days 12:00:00,36,19.53,-138.06,992.2,65.2,42.4296295933805,225.24841048965823,182.02139649890944,117.08973195724536,187.44865169993204,63.7400457308012,39.7713851267917,21.599208741420185,45.85781516313105,42.4296295933805,0.0,0.0,1.2555597695575391
2026-07-24 12:00:00,EP062026,19,2026-07-26 06:00:00,1 days 18:00:00,42,19.75,-139.01,986.0,66.0,36.52224906580318,205.49814084223223,170.37791857236607,129.10602406616886,172.6988797324193,93.66441982708147,76.786860298678,60.129047863556366,82.41611049125709,36.52224906580318,31.752780994004866,24.023080657079788,30.247698940861653
2026-07-24 12:00:00,EP062026,19,2026-07-26 12:00:00,2 days 00:00:00,48,19.66,-140.17,993.1,58.4,63.19870070988439,245.3302841091647,183.75594268735875,142.3328393663187,212.35279638834496,63.19870070988439,32.72848113293764,20.711396571529324,35.648232294037115,0.0,0.0,0.0,0.0
2026-07-24 12:00:00,EP062026,19,2026-07-26 18:00:00,2 days 06:00:00,54,19.63,-141.38,993.5,56.2,70.09910100079217,302.6865282816443,248.36874715831743,187.01657694011996,254.0034141473792,70.09910100079217,11.778387450941787,5.419635362045815,17.71501134481351,0.0,0.0,0.0,0.0
2026-07-24 12:00:00,EP062026,19,2026-07-27 00:00:00,2 days 12:00:00,60,19.89,-142.35,991.9,66.4,54.15095596315975,169.43307239346825,143.29189626628423,101.62957050947904,137.21037969618357,54.15095596315975,0.3378815689696912,54.15095596315975,2.6623588871811137,0.0,0.3378815689696912,54.15095596315975,0.0
2026-07-24 12:00:00,EP062026,19,2026-07-27 06:00:00,2 days 18:00:00,66,20.13,-144.24,991.6,61.3,110.99572278279896,243.04163944513544,199.68700200928208,113.47951050605477,188.294637175982,110.99572278279896,0.1956132848050291,0.0,5.3247081244935455,0.0,0.0,0.0,0.0
2026-07-24 12:00:00,EP062026,19,2026-07-27 12:00:00,3 days 00:00:00,72,20.38,-146.33,1002.6,41.2,61.625983837569606,112.73518045756828,82.47829848461645,48.03361576126372,87.59193750094323,0.0,0.0,0.0,0.0,0.0,0.0,0.0,0.0
2026-07-24 12:00:00,EP062026,19,2026-07-27 18:00:00,3 days 06:00:00,78,20.61,-147.77,1003.7,44.0,147.1397650009747,268.2103576869656,214.81891642330987,144.14415845273342,215.4081709035107,0.0,0.0,0.0,0.0,0.0,0.0,0.0,0.0
2026-07-24 12:00:00,EP062026,19,2026-07-28 00:00:00,3 days 12:00:00,84,20.91,-149.47,1005.9,32.3,51.42196003129652,0.0,0.0,0.0,0.0,0.0,0.0,0.0,0.0,0.0,0.0,0.0,0.0
2026-07-24 12:00:00,EP062026,19,2026-07-28 06:00:00,3 days 18:00:00,90,21.62,-150.97,1003.4,35.1,72.09159254355961,72.09159254355961,1.1063212302722718,0.0,8.423458430920931,0.0,0.0,0.0,0.0,0.0,0.0,0.0,0.0
2026-07-24 12:00:00,EP062026,19,2026-07-28 12:00:00,4 days 00:00:00,96,21.47,-152.57,1003.7,34.7,197.43675480724104,256.7444450094844,212.1275377853596,151.07120346357223,211.91546416837764,0.0,0.0,0.0,0.0,0.0,0.0,0.0,0.0
2026-07-24 12:00:00,EP072026,19,2026-07-24 12:00:00,0 days 00:00:00,0,8.9,-99.9,1005.0,29.0,93.0,0.0,0.0,0.0,0.0,0.0,0.0,0.0,0.0,0.0,0.0,0.0,0.0
2026-07-24 12:00:00,EP072026,19,2026-07-24 18:00:00,0 days 06:00:00,6,8.87,-101.13,1004.9,41.8,26.511407941775133,26.511407941775133,12.48656660241761,3.499560951472631,12.199872899422417,0.0,0.0,0.0,0.0,0.0,0.0,0.0,0.0
2026-07-24 12:00:00,EP072026,19,2026-07-25 00:00:00,0 days 12:00:00,12,9.17,-101.97,1000.8,52.0,22.085006040776427,120.98972168546148,87.99714974858148,61.09810368624617,109.1905299897708,22.085006040776427,4.399163760014589,0.975689433078304,6.624285556276295,0.0,0.0,0.0,0.0
2026-07-24 12:00:00,EP072026,19,2026-07-25 06:00:00,0 days 18:00:00,18,9.98,-102.96,997.7,59.2,59.69025215018023,144.33978351484026,119.5309656542857,86.23474543387253,118.50346275604556,59.69025215018023,16.47235587382587,10.13876261227286,15.87899020162169,0.0,0.0,0.0,0.0
2026-07-24 12:00:00,EP072026,19,2026-07-25 12:00:00,1 days 00:00:00,24,10.19,-104.01,997.4,53.3,47.59723265087776,127.9372342771046,102.41912220094927,70.3748848375437,103.77254271420637,47.59723265087776,26.014089995596105,16.138649039958498,25.94451771603252,0.0,0.0,0.0,0.0
2026-07-24 12:00:00,EP072026,19,2026-07-25 18:00:00,1 days 06:00:00,30,11.08,-105.1,998.4,53.3,48.05201094718065,188.46710133632476,144.14264957530844,76.97045127671012,140.5748561228748,48.05201094718065,22.12837849131265,11.264792195963915,18.89800059067855,0.0,0.0,0.0,0.0
2026-07-24 12:00:00,EP072026,19,2026-07-26 00:00:00,1 days 12:00:00,36,11.64,-106.25,999.4,54.1,45.912490237034966,179.9590257739373,144.58380438707502,92.09776236153458,137.60099459728178,45.912490237034966,8.38187268355887,1.3366912906451902,9.055309544981068,0.0,0.0,0.0,0.0
2026-07-24 12:00:00,EP072026,19,2026-07-26 06:00:00,1 days 18:00:00,42,12.26,-107.62,993.2,66.6,37.22730423778389,192.2038482977734,146.79750465380272,82.82937118024614,149.28128307846129,62.46082837435736,43.53587060798384,23.32517577526096,41.41592285713551,37.22730423778389,0.0,0.0,0.7620169089514746
2026-07-24 12:00:00,EP072026,19,2026-07-26 12:00:00,2 days 00:00:00,48,12.77,-108.89,976.1,92.1,16.702377270512613,203.7932019801754,148.04902433690918,88.83829109091567,178.30649588184383,106.96211181237304,70.84332496382045,48.21459639051915,83.32036577148153,53.61335416160857,43.4561183626854,34.92911146150965,46.014686941547225
2026-07-24 12:00:00,EP072026,19,2026-07-26 18:00:00,2 days 06:00:00,54,13.65,-110.44,975.8,85.5,26.47500788404924,229.39651215905047,181.9446363428782,97.78813859243132,180.84629244474817,79.58141515480233,56.54639572203782,33.585321091862504,54.35859911630391,26.47500788404924,1.6956771721548425,0.0,4.166469711646244
2026-07-24 12:00:00,EP072026,19,2026-07-27 00:00:00,2 days 12:00:00,60,14.2,-111.35,962.9,106.1,14.31480296750636,215.90589909259316,196.96084837721892,135.91360451024426,181.1134811974368,64.92022278321367,42.94625419948656,22.505019537778043,43.026145853648345,14.31480296750636,4.069081716525447,1.5389025809647,7.155746264310565
2026-07-24 12:00:00,EP072026,19,2026-07-27 06:00:00,2 days 18:00:00,66,14.85,-112.35,964.7,99.7,29.993098243667955,258.90115665834975,221.59308545650256,136.08792218045116,197.29869226056968,123.4346320288368,106.80383034281596,77.43679666638796,102.54112103239876,75.18341706454616,67.88332053105134,53.59872926603517,64.05453138581001
2026-07-24 12:00:00,EP072026,19,2026-07-27 12:00:00,3 days 00:00:00,72,15.49,-113.18,964.9,101.4,19.742660651973672,288.44095556826903,212.1730275506773,135.98425298461768,229.70837338750357,123.2414013548947,91.20099537558956,62.96475771342563,94.01867354532936,37.38923262469951,29.845525031052382,21.305911522982434,31.259221578240016
2026-07-24 12:00:00,EP072026,19,2026-07-27 18:00:00,3 days 06:00:00,78,16.23,-114.15,967.7,95.1,24.53391480161056,297.1857884029899,255.5812253660289,177.84619657383087,256.0792299418012,96.56678004949826,74.70406779894785,51.86242165887528,73.70191314969172,24.53391480161056,7.775372837653489,5.091303713405184,10.395302788965685
2026-07-24 12:00:00,EP072026,19,2026-07-28 00:00:00,3 days 12:00:00,84,16.5,-114.82,963.0,100.5,23.42013223543243,262.76462816900806,188.3996004564841,115.2727914181974,208.01783472987117,92.738394561132,63.70724148474688,37.18197671299272,68.99359998800949,31.411265441564414,24.491314955556984,16.800706384117674,26.675429592026877
2026-07-24 12:00:00,EP072026,19,2026-07-28 06:00:00,3 days 18:00:00,90,17.08,-115.28,956.7,95.4,30.770614058482156,250.10269307773984,195.5981710508528,145.63403422625385,192.8120439386348,30.770614058482156,0.0,0.0,30.770614058482156,0.3132538412500463,0.0,0.0,30.770614058482156
2026-07-24 12:00:00,EP072026,19,2026-07-28 12:00:00,4 days 00:00:00,96,17.6,-115.95,968.0,87.1,21.80513523775153,224.9579311906348,178.78980019388973,122.9463280120592,187.62562267882777,110.84945217871632,86.45328495817705,56.49160676316467,83.94876630239457,21.80513523775153,11.570227728669764,6.5377671251183145,14.423938713942164
2026-07-24 12:00:00,EP072026,19,2026-07-28 18:00:00,4 days 06:00:00,102,17.78,-116.82,966.9,94.3,2.1358262886788424,206.6335289292822,152.7223681264241,122.23754180896658,197.90828344439583,105.82329615307977,80.42223916519453,61.839548299174986,89.0950892598048,54.35275038757063,46.07800974435907,38.384125687636725,47.37643464102283
2026-07-24 12:00:00,EP072026,19,2026-07-29 00:00:00,4 days 12:00:00,108,18.07,-117.41,967.1,93.9,14.681173547535144,220.0292831207233,171.0742916915008,136.10876936994728,208.0792323856921,83.56896211311978,57.698199775007794,39.41450920108116,68.35108477134288,28.57562120841812,20.369763261002145,16.1885833647426,24.4293996881456
2026-07-24 12:00:00,EP072026,19,2026-07-29 06:00:00,4 days 18:00:00,114,18.17,-118.17,973.4,86.7,16.14267953120975,243.08896838316468,184.9800526643187,131.8407798598313,204.0815712392441,90.01073079171533,63.22624585637743,40.33552740196762,71.45230062866904,20.879469554871733,16.023896373621028,8.655264326072995,17.69781099636674
2026-07-24 12:00:00,EP072026,19,2026-07-29 12:00:00,5 days 00:00:00,120,18.5,-118.9,982.0,74.1,19.21081035285517,216.20839455594,192.26830126232625,151.08057247200526,185.5558494106572,101.20843689273244,80.40722645526834,61.10659134157744,84.64180247222963,38.50416395925519,35.10024134687468,27.285883407852115,32.53384214680709
2026-07-24 12:00:00,EP072026,19,2026-07-29 18:00:00,5 days 06:00:00,126,18.95,-119.71,978.7,70.0,21.64203205223072,193.15692870691032,161.04646859247077,123.6162126146084,174.48824479393124,102.25030419225276,78.75615270982416,53.96405012910566,78.41725018282784,21.64203205223072,10.625234528175833,6.601531946064542,11.115888852451045
2026-07-24 12:00:00,EP072026,19,2026-07-30 00:00:00,5 days 12:00:00,132,19.41,-120.44,987.4,70.2,54.9603302093536,174.1844173185974,134.13271268649993,89.29762093962076,159.8768412028944,75.8845961119689,48.38055755251327,30.779065695849308,65.65214107494963,54.9603302093536,30.040738833391305,23.51186243876749,32.53618185063252
2026-07-24 12:00:00,EP072026,19,2026-07-30 06:00:00,5 days 18:00:00,138,19.64,-121.52,989.3,63.1,36.55754811798059,184.08603756734416,147.31684071497955,113.00183884781973,163.28691949735003,61.456399753834646,42.502030034389634,27.251740583811348,46.67290732887686,0.0,0.0,0.0,0.0
2026-07-24 12:00:00,EP072026,19,2026-07-30 12:00:00,6 days 00:00:00,144,20.05,-122.68,995.9,51.2,45.48526483043875,171.08477745122983,126.25513492695036,97.85819608668484,148.51710352281907,46.16937011005066,28.947382603388427,17.147345785892945,34.33712570788023,0.0,0.0,0.0,0.0
2026-07-24 12:00:00,EP072026,19,2026-07-30 18:00:00,6 days 06:00:00,150,20.12,-123.71,998.2,50.7,42.01698802838413,222.05372381863245,161.04703921174,126.26639557408429,195.0761108052252,73.4948430096334,49.89141080225227,33.20819550350744,50.91233842810705,0.0,0.0,0.0,0.0
2026-07-24 12:00:00,EP072026,19,2026-07-31 00:00:00,6 days 12:00:00,156,20.32,-124.96,1003.8,44.2,73.1404026578765,181.86946283643329,149.41975758711442,110.82370657435126,148.58469050332542,0.0,0.0,0.0,0.0,0.0,0.0,0.0,0.0
2026-07-24 12:00:00,EP072026,19,2026-07-31 06:00:00,6 days 18:00:00,162,20.57,-126.09,1003.5,39.1,58.80806847340496,11.53013616250801,0.0,1.2151563878240594,58.80806847340496,0.0,0.0,0.0,0.0,0.0,0.0,0.0,0.0
2026-07-24 12:00:00,EP072026,19,2026-07-31 12:00:00,7 days 00:00:00,168,20.8,-127.64,1005.1,35.9,33.154612808858886,33.154612808858886,0.0,0.0,11.798854785165618,0.0,0.0,0.0,0.0,0.0,0.0,0.0,0.0
2026-07-24 12:00:00,EP072026,19,2026-07-31 18:00:00,7 days 06:00:00,174,20.84,-128.84,1008.1,33.5,130.22630556532715,0.0,0.0,0.0,0.0,0.0,0.0,0.0,0.0,0.0,0.0,0.0,0.0
2026-07-24 12:00:00,EP072026,19,2026-08-01 00:00:00,7 days 12:00:00,180,20.97,-129.95,1005.2,35.0,97.5233776134551,200.06795609570253,153.19870865298665,102.48979430083403,170.3810336048852,0.0,0.0,0.0,0.0,0.0,0.0,0.0,0.0
2026-07-24 12:00:00,EP072026,19,2026-08-01 06:00:00,7 days 18:00:00,186,21.11,-131.27,1005.5,31.5,86.90548760664024,0.0,0.0,0.0,0.0,0.0,0.0,0.0,0.0,0.0,0.0,0.0,0.0
2026-07-24 12:00:00,EP072026,19,2026-08-01 12:00:00,8 days 00:00:00,192,21.35,-132.82,1005.7,34.1,130.27235416386137,130.27235416386137,19.88041288278385,10.566902959742226,40.64534380212382,0.0,0.0,0.0,0.0,0.0,0.0,0.0,0.0
2026-07-24 12:00:00,EP072026,19,2026-08-01 18:00:00,8 days 06:00:00,198,21.27,-133.74,1006.6,31.8,65.40955929045069,0.0,0.0,0.0,0.0,0.0,0.0,0.0,0.0,0.0,0.0,0.0,0.0
2026-07-24 12:00:00,EP072026,19,2026-08-02 00:00:00,8 days 12:00:00,204,21.67,-134.78,1009.2,23.6,83.18041840485304,0.0,0.0,0.0,0.0,0.0,0.0,0.0,0.0,0.0,0.0,0.0,0.0
2026-07-24 12:00:00,EP072026,19,2026-08-02 06:00:00,8 days 18:00:00,210,21.19,-136.85,1011.8,26.5,94.50722283954276,0.0,0.0,0.0,0.0,0.0,0.0,0.0,0.0,0.0,0.0,0.0,0.0
2026-07-24 12:00:00,WP112026,19,2026-07-24 12:00:00,0 days 00:00:00,0,19.7,120.4,991.0,60.0,37.0,139.0,93.0,84.0,139.0,,,,,0.0,0.0,0.0,0.0
2026-07-24 12:00:00,WP112026,19,2026-07-24 18:00:00,0 days 06:00:00,6,20.34,118.99,974.7,77.2,10.851872587992602,240.1104928177765,210.9744714523977,172.65467979443838,209.886801884777,66.43056410153031,51.23017394773342,37.49072437403447,47.97290296672736,0.6285928823530327,0.0,0.0,10.851872587992602
2026-07-24 12:00:00,WP112026,19,2026-07-25 00:00:00,0 days 12:00:00,12,20.58,118.08,980.6,63.9,31.41747352518408,195.59922055453663,170.22113817001554,153.0883629257479,173.38090350571326,67.50880316252551,54.61347131170389,40.30067748388686,52.68873816119171,0.0,0.0,0.0,0.0
2026-07-24 12:00:00,WP112026,19,2026-07-25 06:00:00,0 days 18:00:00,18,21.2,117.23,979.4,69.9,37.67710452240605,265.11984506776446,241.02998485973225,190.6012055108603,227.9109390271657,148.64879439478338,128.7998881991731,100.52498570918146,119.31595973960243,43.11578580593144,39.555981545237785,32.608946659738905,37.33763783697293
2026-07-24 12:00:00,WP112026,19,2026-07-25 12:00:00,1 days 00:00:00,24,22.01,116.17,972.3,76.0,38.56308587476816,221.98099359332684,172.48474053122226,144.91602213430758,189.34046645737675,110.89500492875068,96.61024556493618,81.33792174597453,98.47806786660796,63.02889330818044,57.21606755851506,48.65358377662504,55.52269439076159
2026-07-24 12:00:00,WP112026,19,2026-07-25 18:00:00,1 days 06:00:00,30,22.45,115.21,978.5,67.8,32.471442771765524,313.8306430753035,250.45167029961243,203.358207492034,277.0552746922924,191.8654387119572,170.94650028522167,137.53290044999738,160.99387408103303,60.97311336143119,54.59715640850446,45.35042968026404,52.26090056774712
2026-07-24 12:00:00,WP112026,19,2026-07-26 00:00:00,1 days 12:00:00,36,23.19,114.73,986.8,47.9,14.133440943081212,192.1651361277983,173.48295913773876,132.12146474140218,162.47875449108614,0.0,0.0,0.0,0.0,0.0,0.0,0.0,0.0
2026-07-24 12:00:00,WP112026,19,2026-07-26 06:00:00,1 days 18:00:00,42,23.86,114.44,981.5,51.9,33.81506462211252,203.66475951750655,189.51830215763107,135.73313543488314,155.73293772175884,28.649878131811533,33.81506462211252,21.344864773326503,25.66608449905391,0.0,0.0,0.0,0.0
2026-07-24 12:00:00,WP112026,19,2026-07-26 12:00:00,2 days 00:00:00,48,24.38,114.05,993.8,30.3,100.51466910669215,0.0,0.0,0.0,0.0,0.0,0.0,0.0,0.0,0.0,0.0,0.0,0.0
2026-07-24 12:00:00,WP112026,19,2026-07-26 18:00:00,2 days 06:00:00,54,25.07,114.02,999.8,20.6,72.763950958155,0.0,0.0,0.0,0.0,0.0,0.0,0.0,0.0,0.0,0.0,0.0,0.0
2026-07-24 12:00:00,WP112026,19,2026-07-27 00:00:00,2 days 12:00:00,60,26.42,113.38,1000.7,21.2,47.654865077224926,0.0,0.0,0.0,0.0,0.0,0.0,0.0,0.0,0.0,0.0,0.0,0.0
2026-07-24 12:00:00,WP112026,19,2026-07-27 06:00:00,2 days 18:00:00,66,27.04,113.14,1000.0,20.4,90.23371762801747,0.0,0.0,0.0,0.0,0.0,0.0,0.0,0.0,0.0,0.0,0.0,0.0
2026-07-24 12:00:00,WP112026,19,2026-07-27 12:00:00,3 days 00:00:00,72,27.93,112.68,999.8,23.6,53.089474547775424,0.0,0.0,0.0,0.0,0.0,0.0,0.0,0.0,0.0,0.0,0.0,0.0
2026-07-24 12:00:00,WP112026,19,2026-07-27 18:00:00,3 days 06:00:00,78,29.0,111.89,1000.8,19.2,132.3224053703914,0.0,0.0,0.0,0.0,0.0,0.0,0.0,0.0,0.0,0.0,0.0,0.0
2026-07-24 12:00:00,WP112026,19,2026-07-28 00:00:00,3 days 12:00:00,84,29.69,111.27,1001.4,19.9,26.418930732949185,0.0,0.0,0.0,0.0,0.0,0.0,0.0,0.0,0.0,0.0,0.0,0.0
2026-07-24 12:00:00,EP062026,2,2026-07-24 12:00:00,0 days 00:00:00,0,18.5,-130.6,970.0,89.0,37.0,297.0,185.0,111.0,297.0,148.0,74.0,56.0,111.0,74.0,37.0,28.0,56.0
2026-07-24 12:00:00,EP062026,2,2026-07-24 18:00:00,0 days 06:00:00,6,18.62,-131.92,967.4,87.0,28.009256473206733,229.06436774742588,173.05717934746235,155.99525101734116,205.0072428422,94.35124809812714,79.20340180284143,61.55933956407148,82.32870246692096,30.948950183176635,26.115184771928625,20.888722225656863,26.25222620065836
2026-07-24 12:00:00,EP062026,2,2026-07-25 00:00:00,0 days 12:00:00,12,18.79,-133.3,983.7,67.7,77.68975500220378,245.62222150353176,199.978186244274,159.11545280333695,178.8461975692835,77.68975500220378,57.86585127794432,39.70476098601827,53.57274627996855,77.68975500220378,9.208136779821912,5.9376293928264445,7.889893625248089
2026-07-24 12:00:00,EP062026,2,2026-07-25 06:00:00,0 days 18:00:00,18,18.83,-134.68,983.2,73.3,22.33522119173147,252.2757664414033,207.83344787939487,160.0912705884499,218.9772526122601,113.17455590131462,93.0710865807931,70.35944072581088,94.99342575836344,28.122435016388323,22.33939266248368,17.737912494232702,23.81869450257597
2026-07-24 12:00:00,EP062026,2,2026-07-25 12:00:00,1 days 00:00:00,24,19.07,-136.07,973.6,82.9,32.98512669110622,248.59694357645844,195.7117399867252,138.9576612638519,212.8278654151408,110.04512858880436,87.52015796597877,63.898276550673216,92.46922697827162,56.78747548552384,47.40416573998584,36.3847212986866,47.95343373649516
2026-07-24 12:00:00,EP062026,2,2026-07-25 18:00:00,1 days 06:00:00,30,19.32,-137.03,968.6,84.8,56.285524073036754,180.01636689318974,142.48277368365908,120.34993373552132,146.33585199965603,85.12178252458904,68.72219539298645,52.24114665736256,73.42895233892851,56.285524073036754,31.0426860036312,25.847172483549077,32.33181386965784
2026-07-24 12:00:00,EP062026,2,2026-07-26 00:00:00,1 days 12:00:00,36,19.52,-138.36,977.7,80.3,23.371031876767542,222.2023281831291,155.885342548719,134.81450121191392,200.38757329458804,110.65396139720622,84.93598202286728,64.25490477101835,92.66067526747742,41.8461459708798,31.13815447909465,23.90813944703032,34.305524208242446
2026-07-24 12:00:00,EP062026,2,2026-07-26 06:00:00,1 days 18:00:00,42,19.39,-139.65,978.9,73.8,42.32509705811128,223.12399678373407,171.53020324154355,141.42168100367044,202.0081973189397,105.61385194267434,85.89534903935686,67.97282582627057,90.57757956681743,45.72818082607111,39.223755943279286,30.54297904273904,39.19891060279521
2026-07-24 12:00:00,EP062026,2,2026-07-26 12:00:00,2 days 00:00:00,48,19.46,-140.94,980.3,67.5,40.91760152421426,257.8942947847771,199.9189040444628,141.82737041675648,219.85117362280928,115.9740466960701,91.32855732590298,67.7524546663887,97.35111691834652,40.91760152421426,31.916483404702063,24.412409097951524,33.224458562473615
2026-07-24 12:00:00,EP062026,2,2026-07-26 18:00:00,2 days 06:00:00,54,19.35,-142.24,981.9,65.9,39.83806326976182,186.38760221988605,142.18982812276067,113.73699247276316,158.02728314475598,102.97173899732836,87.78271099072528,69.17028052213249,89.04447862822974,44.30819253135472,38.46059337374268,31.59429148260092,38.21367884685617
2026-07-24 12:00:00,EP062026,2,2026-07-27 00:00:00,2 days 12:00:00,60,19.64,-143.75,968.7,84.7,2.1384782869076844,186.03200484641368,135.66854458399848,119.18885006368782,160.77104233305545,89.2718227019468,74.33434380523886,54.98348172046235,77.89767921816065,40.85138961057419,32.96670886444531,26.38641053776917,35.03771837780505
2026-07-24 12:00:00,EP062026,2,2026-07-27 06:00:00,2 days 18:00:00,66,19.74,-144.77,989.1,62.3,35.01420159002372,208.1345715342382,150.70608893440266,116.11007041193494,190.9337089498722,83.79422973844515,65.28997837913013,45.53547267477554,69.32521211702573,0.0,0.0,0.0,0.0
2026-07-24 12:00:00,EP062026,2,2026-07-27 12:00:00,3 days 00:00:00,72,19.97,-146.52,992.0,56.8,33.32296936529848,137.60363220330447,90.3795665109335,65.26934372326234,114.25761331568911,58.46120067225379,45.00427878634928,30.8013158365559,46.72624866878036,0.0,0.0,0.0,0.0
2026-07-24 12:00:00,EP062026,2,2026-07-27 18:00:00,3 days 06:00:00,78,20.27,-148.03,992.1,62.5,26.524651356427785,181.11560415481895,147.95914052147833,101.52197352768228,135.61984644301447,26.524651356427785,5.947427025801492,0.235049344135021,5.1461406527873645,0.0,0.0,0.0,0.0
2026-07-24 12:00:00,EP062026,2,2026-07-28 00:00:00,3 days 12:00:00,84,20.96,-148.96,988.7,67.4,59.40346799863257,199.94731678476512,147.15808567310057,79.71020544346852,156.71559449579007,63.78344537099914,48.40614317518416,30.743983512344258,49.10704447564018,59.40346799863257,0.0,0.0,0.8286941755658024
2026-07-24 12:00:00,EP062026,2,2026-07-28 06:00:00,3 days 18:00:00,90,21.2,-150.06,982.1,68.4,58.35772192076581,130.36523455803604,92.3228696434992,60.14525091194992,105.22511392055937,58.35772192076581,0.0,0.0,58.35772192076581,0.5402681907312257,0.0,0.0,58.35772192076581
2026-07-24 12:00:00,EP062026,2,2026-07-28 12:00:00,4 days 00:00:00,96,21.81,-151.25,991.4,57.0,97.82520146228391,156.04239745033135,119.18856462827276,76.21426124854919,122.51434468255746,97.82520146228391,0.0,0.0,0.6096334804262469,0.0,0.0,0.0,0.0
2026-07-24 12:00:00,EP062026,2,2026-07-28 18:00:00,4 days 06:00:00,102,22.02,-152.39,997.1,47.7,59.84607475670657,198.9837404876628,154.72363084374,105.20881192892313,164.715381501745,0.0,0.0,0.0,0.0,0.0,0.0,0.0,0.0
2026-07-24 12:00:00,EP062026,2,2026-07-29 00:00:00,4 days 12:00:00,108,22.58,-153.41,999.2,42.1,64.16492768481112,246.203056142289,222.70943628253232,168.54598459335924,206.67098987273147,0.0,0.0,0.0,0.0,0.0,0.0,0.0,0.0
2026-07-24 12:00:00,EP062026,2,2026-07-29 06:00:00,4 days 18:00:00,114,23.0,-154.13,997.4,41.6,109.3121994612516,109.3121994612516,46.33446936219954,24.793160594927045,41.3675210607134,0.0,0.0,0.0,0.0,0.0,0.0,0.0,0.0
2026-07-24 12:00:00,EP062026,2,2026-07-29 12:00:00,5 days 00:00:00,120,22.93,-155.04,1003.7,39.5,73.18966269219277,99.74469463200604,87.19371316062733,65.4002442175964,82.82694382276975,0.0,0.0,0.0,0.0,0.0,0.0,0.0,0.0
2026-07-24 12:00:00,EP062026,2,2026-07-29 18:00:00,5 days 06:00:00,126,23.53,-155.81,1005.6,35.8,91.36667200525947,91.36667200525947,70.8783990296727,49.84618582475588,66.91242601300632,0.0,0.0,0.0,0.0,0.0,0.0,0.0,0.0
2026-07-24 12:00:00,EP062026,2,2026-07-30 00:00:00,5 days 12:00:00,132,23.61,-156.62,1007.2,28.8,85.26817649446674,0.0,0.0,0.0,0.0,0.0,0.0,0.0,0.0,0.0,0.0,0.0,0.0
2026-07-24 12:00:00,EP062026,2,2026-07-30 06:00:00,5 days 18:00:00,138,23.79,-157.72,1000.9,29.9,64.87371624083775,0.0,0.0,0.0,0.0,0.0,0.0,0.0,0.0,0.0,0.0,0.0,0.0
2026-07-24 12:00:00,EP072026,2,2026-07-24 12:00:00,0 days 00:00:00,0,8.9,-99.9,1005.0,29.0,93.0,0.0,0.0,0.0,0.0,0.0,0.0,0.0,0.0,0.0,0.0,0.0,0.0
2026-07-24 12:00:00,EP072026,2,2026-07-24 18:00:00,0 days 06:00:00,6,8.95,-100.89,1002.5,41.2,61.4057873081391,61.4057873081391,29.57261000919647,21.80300710847166,34.326627211951134,0.0,0.0,0.0,0.0,0.0,0.0,0.0,0.0
2026-07-24 12:00:00,EP072026,2,2026-07-25 00:00:00,0 days 12:00:00,12,9.22,-102.08,1004.5,36.8,78.89200106308144,78.89200106308144,16.51144248739218,7.06407523706957,17.290749852523,0.0,0.0,0.0,0.0,0.0,0.0,0.0,0.0
2026-07-24 12:00:00,EP072026,2,2026-07-25 06:00:00,0 days 18:00:00,18,10.14,-102.53,1002.0,44.7,45.321954536321,129.58529423912654,107.70418825741244,76.52250190001833,102.7043362708153,0.0,0.0,0.0,0.0,0.0,0.0,0.0,0.0
2026-07-24 12:00:00,EP072026,2,2026-07-25 12:00:00,1 days 00:00:00,24,11.08,-103.9,1001.3,51.7,67.47364883679711,135.6913753349044,111.08362137369896,68.32794632273378,99.08981604326452,67.47364883679711,4.153683489908169,0.9194304670246938,4.120652368702558,0.0,0.0,0.0,0.0
2026-07-24 12:00:00,EP072026,2,2026-07-25 18:00:00,1 days 06:00:00,30,11.2,-105.07,1003.8,42.6,112.92025406334596,150.07434997851115,123.45722404081933,82.78092428763452,117.74220106455876,0.0,0.0,0.0,0.0,0.0,0.0,0.0,0.0
2026-07-24 12:00:00,EP072026,2,2026-07-26 00:00:00,1 days 12:00:00,36,12.12,-106.12,995.2,52.9,43.79531702603319,110.37403677727832,84.69343766861223,51.78138225538795,92.94418704438536,43.79531702603319,8.379082151234902,1.9494715271091267,7.718192102286922,0.0,0.0,0.0,0.0
2026-07-24 12:00:00,EP072026,2,2026-07-26 06:00:00,1 days 18:00:00,42,12.62,-107.21,992.4,63.0,48.02741841380937,118.84112508860386,92.72814107352885,43.04400194345098,80.93591217854544,48.02741841380937,14.313459921660542,4.426412954271272,14.279377513615588,0.0,0.0,0.0,0.0
2026-07-24 12:00:00,EP072026,2,2026-07-26 12:00:00,2 days 00:00:00,48,13.23,-108.19,989.3,72.4,35.01724877059111,149.74349773317624,121.18383502193252,63.52558409781293,123.68730892816528,80.17003912226284,59.483267585372346,35.36742712317378,62.62514763372613,35.01724877059111,9.942919679565303,4.723381217612125,11.97034494734185
2026-07-24 12:00:00,EP072026,2,2026-07-26 18:00:00,2 days 06:00:00,54,14.04,-109.63,979.6,75.6,33.20997529242166,239.31787941771785,180.21338150566345,114.1581038601042,193.25487793947912,131.83894021534752,112.56806951673175,83.04492820140699,111.19595689717084,58.92932702546812,52.21492021343143,40.39462101247021,50.88562908455518
2026-07-24 12:00:00,EP072026,2,2026-07-27 00:00:00,2 days 12:00:00,60,14.79,-110.75,980.4,72.9,10.911829725614272,167.96017969371874,135.1540232666161,85.64471691372613,118.72662021480788,65.37821943144334,53.89173243629162,34.321207118319485,50.48300326406836,16.585302719049082,12.238758900195926,7.802726440409055,13.41993848010335
2026-07-24 12:00:00,EP072026,2,2026-07-27 06:00:00,2 days 18:00:00,66,15.36,-111.37,978.6,79.0,22.35288374215789,219.05411036313475,178.60617535840794,116.41966606575062,173.13794174590424,96.04913465958856,72.70861825823744,45.45018812191762,75.00332724294793,27.65570270004596,20.86382333154303,13.19282486053093,23.025590625450903
2026-07-24 12:00:00,EP072026,2,2026-07-27 12:00:00,3 days 00:00:00,72,16.12,-112.56,978.6,84.3,48.72469632430722,225.1517226178516,186.2487861209123,116.94921717076215,179.09193879903415,90.03277132875658,70.96933954744549,47.39497878067729,71.02206512715841,48.72469632430722,24.857520567872,17.627789706110235,24.9434182711386
2026-07-24 12:00:00,EP072026,2,2026-07-27 18:00:00,3 days 06:00:00,78,16.92,-113.56,969.7,89.9,21.23797387383013,223.1298834905924,190.7119630813395,122.67453885295654,173.2324242551826,102.32267265882984,85.15983048286898,58.51196521555973,82.07376892571179,39.308005805284,33.27608843728666,23.80307531006111,32.48093828204417
2026-07-24 12:00:00,EP072026,2,2026-07-28 00:00:00,3 days 12:00:00,84,17.51,-113.97,969.0,96.7,20.80931514297049,245.96055117425848,209.64276177982248,128.0622584493869,196.24973352014413,98.7509177952876,79.0729111055872,50.88387239031774,76.38454234744694,44.07748011192829,36.41073482935457,25.360166595594627,34.631463135381
2026-07-24 12:00:00,EP072026,2,2026-07-28 06:00:00,3 days 18:00:00,90,17.66,-114.69,957.2,98.1,21.04347796466176,257.16518824428766,220.3327898537734,165.6438931045423,205.7061612182963,97.0972862594567,76.60829648530586,52.51973846672177,77.91977594807105,33.31629843771869,26.79244266757621,19.976224711614687,28.836887049740486
2026-07-24 12:00:00,EP072026,2,2026-07-28 12:00:00,4 days 00:00:00,96,17.84,-115.28,962.8,95.3,31.63230937847692,262.4632369107712,197.58384315912565,147.93450109886064,222.0585926023089,108.409829732243,89.26730810020956,67.27341410234528,97.1628400555058,48.47823124507768,41.622141912993015,31.949679976820548,40.51300168745232
2026-07-24 12:00:00,EP072026,2,2026-07-28 18:00:00,4 days 06:00:00,102,18.21,-115.88,976.5,83.1,36.6639812249306,241.8254249617069,208.4396846945203,146.27230832330469,218.1241987426542,134.50831092141178,111.26475481464348,83.51455836066073,115.66349687149768,66.69829407933133,58.33403430998201,45.55951375085653,57.77028968912161
2026-07-24 12:00:00,EP072026,2,2026-07-29 00:00:00,4 days 12:00:00,108,18.72,-116.48,967.4,96.1,29.55437360225552,242.9920726797068,202.22843699069887,137.61214398719204,201.40567659311097,92.33671996490642,79.02114382210888,59.63722743710984,77.92400196296107,34.925850039518856,32.27449013561467,26.268188947412465,29.970730991234696
2026-07-24 12:00:00,EP072026,2,2026-07-29 06:00:00,4 days 18:00:00,114,18.83,-117.34,975.4,84.2,21.652371279163788,236.5685087885401,172.16551869559186,132.1174744834404,202.08300629124176,111.01859878909757,91.70831595062664,66.05861120800415,94.2749744378562,31.35947390690292,26.507688640992868,19.326360289908894,27.067512960164954
2026-07-24 12:00:00,EP072026,2,2026-07-29 12:00:00,5 days 00:00:00,120,19.38,-118.48,975.4,75.4,22.268845991662324,210.6917041262209,183.37725479523607,107.2394256327869,155.98901982551575,47.75165039794364,32.08676010590548,12.212142672804198,31.271913237607865,22.268845991662324,0.0,0.0,2.3942469248478013
2026-07-24 12:00:00,EP072026,2,2026-07-29 18:00:00,5 days 06:00:00,126,20.14,-119.4,986.0,63.1,46.7958716173853,206.76670649548527,170.62045452126938,120.39654125556144,170.62054620637446,46.7958716173853,27.695665143889883,17.868593797073125,28.326148254282412,0.0,0.0,0.0,0.0
2026-07-24 12:00:00,EP072026,2,2026-07-30 00:00:00,5 days 12:00:00,132,20.21,-120.42,969.6,68.9,58.18461102092594,160.78595483072826,136.1123674105309,111.3419205481832,148.61565163802146,58.18461102092594,38.18084259911129,29.03814478333135,58.18461102092594,0.9660004779052168,0.9667757919882968,0.1460368518736152,58.18461102092594
2026-07-24 12:00:00,EP072026,2,2026-07-30 06:00:00,5 days 18:00:00,138,20.82,-121.29,972.2,75.0,40.47926610640815,230.02918989278223,195.46332318627185,138.95343991210768,197.46094924505928,40.47926610640815,28.24788786202589,17.297659097961407,40.47926610640815,0.4190903647168813,0.0090152929219762,0.0,40.47926610640815
2026-07-24 12:00:00,EP072026,2,2026-07-30 12:00:00,6 days 00:00:00,144,21.43,-122.59,997.4,46.5,67.60069532648649,246.39084881942904,197.69561619807484,138.27076574599658,212.18222207722965,0.0,0.0,0.0,0.0,0.0,0.0,0.0,0.0
2026-07-24 12:00:00,EP072026,2,2026-07-30 18:00:00,6 days 06:00:00,150,21.9,-123.98,997.7,43.8,76.49041598524471,245.86340096267705,212.3213916082936,157.83615991555365,212.9660063768028,0.0,0.0,0.0,0.0,0.0,0.0,0.0,0.0
2026-07-24 12:00:00,EP072026,2,2026-07-31 00:00:00,6 days 12:00:00,156,22.1,-125.32,1004.1,34.4,85.34215408853038,135.89223089807697,108.49937033889888,75.6133028528725,107.78583256831654,0.0,0.0,0.0,0.0,0.0,0.0,0.0,0.0
2026-07-24 12:00:00,EP072026,2,2026-07-31 06:00:00,6 days 18:00:00,162,22.26,-126.38,1004.7,37.5,99.38957583758372,99.38957583758372,69.16087376716456,50.98248285236024,73.28466838847201,0.0,0.0,0.0,0.0,0.0,0.0,0.0,0.0
2026-07-24 12:00:00,EP072026,2,2026-07-31 12:00:00,7 days 00:00:00,168,22.47,-127.91,988.5,39.7,72.25081356059103,121.62370308118726,96.1907924793459,66.29378063196779,104.39632061728184,0.0,0.0,0.0,0.0,0.0,0.0,0.0,0.0
2026-07-24 12:00:00,EP072026,2,2026-07-31 18:00:00,7 days 06:00:00,174,22.83,-129.69,1001.9,38.9,73.94610795827192,73.94610795827192,50.98171925248323,38.33723719780548,58.84085870417337,0.0,0.0,0.0,0.0,0.0,0.0,0.0,0.0
2026-07-24 12:00:00,EP072026,2,2026-08-01 00:00:00,7 days 12:00:00,180,23.23,-131.14,1004.8,33.7,94.12579281664212,0.0,0.0,0.0,0.0,0.0,0.0,0.0,0.0,0.0,0.0,0.0,0.0
2026-07-24 12:00:00,EP072026,2,2026-08-01 06:00:00,7 days 18:00:00,186,23.43,-133.0,984.6,49.4,87.42438397793205,87.42438397793205,8.395769466238107,5.375993694178405,20.85200398376429,0.0,0.0,0.0,0.0,0.0,0.0,0.0,0.0
2026-07-24 12:00:00,EP072026,2,2026-08-01 12:00:00,8 days 00:00:00,192,23.36,-134.52,1003.1,32.8,92.0184165887878,0.0,0.0,0.0,0.0,0.0,0.0,0.0,0.0,0.0,0.0,0.0,0.0
2026-07-24 12:00:00,EP072026,2,2026-08-01 18:00:00,8 days 06:00:00,198,23.96,-136.36,997.6,36.7,81.27806584523839,81.27806584523839,0.0,0.0,11.849360322038644,0.0,0.0,0.0,0.0,0.0,0.0,0.0,0.0
2026-07-24 12:00:00,EP072026,2,2026-08-02 00:00:00,8 days 12:00:00,204,24.02,-138.42,1003.7,30.7,75.0246762948353,0.0,0.0,0.0,0.0,0.0,0.0,0.0,0.0,0.0,0.0,0.0,0.0
2026-07-24 12:00:00,WP112026,2,2026-07-24 12:00:00,0 days 00:00:00,0,19.7,120.4,991.0,60.0,37.0,139.0,93.0,84.0,139.0,,,,,0.0,0.0,0.0,0.0
2026-07-24 12:00:00,WP112026,2,2026-07-24 18:00:00,0 days 06:00:00,6,19.79,119.03,958.8,99.0,18.08313121450737,227.4111968601073,190.49478017459137,183.6754250351205,200.81698090146483,129.56302822138582,115.98365529561136,100.20614337131929,116.7400334398012,66.18274173617249,61.73984099784474,51.89317574578905,58.01913706441076
2026-07-24 12:00:00,WP112026,2,2026-07-25 00:00:00,0 days 12:00:00,12,20.36,118.08,947.8,104.0,11.966230666048949,174.37079300680523,148.43666977610383,143.0901689533424,158.49687844389064,98.14937754129004,83.48472444240323,66.87841339475098,84.97117881259791,44.829164449693536,39.26150293343889,32.775315386064136,39.41717315584727
2026-07-24 12:00:00,WP112026,2,2026-07-25 06:00:00,0 days 18:00:00,18,21.13,117.05,947.3,110.0,27.78030763865621,241.2751040187145,202.32375580262595,169.8301839440603,206.05438897208504,124.60542290809454,105.05380067178696,84.70493227540432,109.97231205006516,75.42522284792675,66.44381254783008,55.0582556451863,66.25690034903432
2026-07-24 12:00:00,WP112026,2,2026-07-25 12:00:00,1 days 00:00:00,24,21.79,115.87,946.4,107.4,3.5820010223000835,171.57681414437616,173.13130018451122,112.74751351384216,136.6026055756812,31.671441922559275,19.260089715552997,9.17149135901227,21.30648203325821,7.323244161484407,3.8200003207168662,1.857698133975053,5.408894094283754
2026-07-24 12:00:00,WP112026,2,2026-07-25 18:00:00,1 days 06:00:00,30,22.75,115.02,946.9,111.4,0.0,174.92139930690786,165.2892930883474,116.70685500492232,133.34065254919278,1.3335969475411869,0.0,0.0,1.482590183674831,0.9747135319724388,0.0,0.0,1.482590183674831
2026-07-24 12:00:00,WP112026,2,2026-07-26 00:00:00,1 days 12:00:00,36,23.44,114.6,970.6,68.9,36.67711259385078,112.39726022536934,107.80004415019812,87.8966379808071,90.74307582512256,36.67711259385078,0.3398171894774862,0.4293727514326519,0.0,36.67711259385078,0.3398171894774862,0.1915749431868079,0.0
2026-07-24 12:00:00,WP112026,2,2026-07-26 06:00:00,1 days 18:00:00,42,23.83,113.93,982.5,48.8,36.15488672311432,38.26015923503323,35.63554451437365,34.05163835383644,28.941970902765107,0.0,0.0,0.0,0.0,0.0,0.0,0.0,0.0
2026-07-24 12:00:00,WP112026,2,2026-07-26 12:00:00,2 days 00:00:00,48,24.62,113.52,992.9,33.4,76.56134285926149,0.0,0.0,0.0,0.0,0.0,0.0,0.0,0.0,0.0,0.0,0.0,0.0
2026-07-24 12:00:00,WP112026,2,2026-07-26 18:00:00,2 days 06:00:00,54,25.73,113.38,995.1,27.5,44.460058125108304,0.0,0.0,0.0,0.0,0.0,0.0,0.0,0.0,0.0,0.0,0.0,0.0
2026-07-24 12:00:00,WP112026,2,2026-07-27 00:00:00,2 days 12:00:00,60,26.63,112.8,999.8,14.3,55.01670433414711,0.0,0.0,0.0,0.0,0.0,0.0,0.0,0.0,0.0,0.0,0.0,0.0
2026-07-24 12:00:00,WP112026,2,2026-07-27 06:00:00,2 days 18:00:00,66,27.35,112.87,1002.0,21.9,67.97729989450967,0.0,0.0,0.0,0.0,0.0,0.0,0.0,0.0,0.0,0.0,0.0,0.0
2026-07-24 12:00:00,WP112026,2,2026-07-27 12:00:00,3 days 00:00:00,72,27.98,112.52,1003.7,17.5,118.91537195949692,0.0,0.0,0.0,0.0,0.0,0.0,0.0,0.0,0.0,0.0,0.0,0.0
2026-07-24 12:00:00,WP112026,2,2026-07-27 18:00:00,3 days 06:00:00,78,29.2,111.94,1001.6,25.8,67.1747854621972,0.0,0.0,0.0,0.0,0.0,0.0,0.0,0.0,0.0,0.0,0.0,0.0
2026-07-24 12:00:00,WP112026,2,2026-07-28 00:00:00,3 days 12:00:00,84,29.61,112.05,1002.9,17.1,103.09968552902282,0.0,0.0,0.0,0.0,0.0,0.0,0.0,0.0,0.0,0.0,0.0,0.0
2026-07-24 12:00:00,WP112026,2,2026-07-28 06:00:00,3 days 18:00:00,90,30.24,111.91,1000.3,20.0,106.47638691583028,0.0,0.0,0.0,0.0,0.0,0.0,0.0,0.0,0.0,0.0,0.0,0.0
2026-07-24 12:00:00,WP112026,2,2026-07-28 12:00:00,4 days 00:00:00,96,30.55,110.69,996.5,21.7,120.7722250878256,0.0,0.0,0.0,0.0,0.0,0.0,0.0,0.0,0.0,0.0,0.0,0.0
2026-07-24 12:00:00,EP062026,20,2026-07-24 12:00:00,0 days 00:00:00,0,18.5,-130.6,970.0,89.0,37.0,297.0,185.0,111.0,297.0,148.0,74.0,56.0,111.0,74.0,37.0,28.0,56.0
2026-07-24 12:00:00,EP062026,20,2026-07-24 18:00:00,0 days 06:00:00,6,18.72,-132.03,981.4,69.8,62.530538858544745,250.73228526068056,200.01683495285496,177.36088542473004,224.50299145246032,114.83881162135802,99.2780763515448,77.26547827780146,98.1443848492983,62.530538858544745,48.86561605007869,38.219942635222665,47.97846867845663
2026-07-24 12:00:00,EP062026,20,2026-07-25 00:00:00,0 days 12:00:00,12,18.93,-133.17,982.2,82.6,15.722971498956383,235.9740349541845,187.83943766586344,147.16084517705153,211.33338472941463,123.00930602026348,104.41907073040218,80.48297055983093,103.15479166450432,61.02964333895588,53.21988355716751,40.81255829648248,52.07762724697599
2026-07-24 12:00:00,EP062026,20,2026-07-25 06:00:00,0 days 18:00:00,18,19.14,-134.33,983.2,69.0,31.447708074585417,248.55371382961025,195.4959094232433,159.31160679405758,214.13205538774787,57.18319615767271,42.03267356457927,27.86088708891849,48.93142266261989,31.447708074585417,18.73954114433801,12.87108692722299,20.576723915622427
2026-07-24 12:00:00,EP062026,20,2026-07-25 12:00:00,1 days 00:00:00,24,19.42,-135.46,980.1,74.1,38.94055329462112,180.67229813369607,137.43762314314472,106.99639821793272,153.2744012303298,85.80011581987193,67.50574096660492,47.796200705638846,71.1906810942046,39.391100885039535,31.81445243778013,23.447074421513115,33.0509879556535
2026-07-24 12:00:00,EP062026,20,2026-07-25 18:00:00,1 days 06:00:00,30,19.59,-136.57,991.9,59.0,40.0176006687373,256.7401645292374,217.42617897176584,154.48634178750254,218.62973821134017,101.3115077937147,90.55301087749444,70.58624139239285,81.76815275681945,0.0,0.0,0.0,0.0
2026-07-24 12:00:00,EP062026,20,2026-07-26 00:00:00,1 days 12:00:00,36,19.47,-137.78,991.5,55.7,38.08373200696775,124.3714862552817,91.13013824711584,75.14919792575773,111.1981572869838,38.08373200696775,25.778425642534856,17.88275904003634,29.64436543814145,0.0,0.0,0.0,0.0
2026-07-24 12:00:00,EP062026,20,2026-07-26 06:00:00,1 days 18:00:00,42,20.33,-139.01,992.9,55.9,50.8051754036569,143.17694324387594,113.61574671972836,59.56631970502786,94.01229114087803,50.8051754036569,11.509383016971936,1.7544950766975604,8.780718664194097,0.0,0.0,0.0,0.0
2026-07-24 12:00:00,EP062026,20,2026-07-26 12:00:00,2 days 00:00:00,48,20.27,-140.01,989.3,60.5,15.62553686586658,164.66186549105876,130.28936675014688,101.884806477561,146.39869529292378,0.3638000314521941,0.0,0.0,15.62553686586658,0.0,0.0,0.0,0.0
2026-07-24 12:00:00,EP062026,20,2026-07-26 18:00:00,2 days 06:00:00,54,20.36,-141.14,998.2,50.8,45.93906115456884,158.76228283745567,126.99739445510022,89.11520697854552,135.4963314071664,3.48445145659829,0.641846341458125,0.1817915512312184,45.93906115456884,0.0,0.0,0.0,0.0
2026-07-24 12:00:00,EP062026,20,2026-07-27 00:00:00,2 days 12:00:00,60,20.73,-142.66,993.9,50.1,55.52864378183739,226.12539122707608,200.77998357081128,159.56111792425077,197.74049558076013,55.52864378183739,6.698511317909393,4.6744377384501945,7.0536376652714665,0.0,0.0,0.0,0.0
2026-07-24 12:00:00,EP062026,20,2026-07-27 06:00:00,2 days 18:00:00,66,20.62,-143.78,998.4,46.2,59.49760103185881,88.11124051886776,65.01598800294899,42.97145939694211,65.61388327390131,0.0,0.0,0.0,0.0,0.0,0.0,0.0,0.0
2026-07-24 12:00:00,EP062026,20,2026-07-27 12:00:00,3 days 00:00:00,72,20.85,-145.02,1002.1,40.6,66.78716318077628,204.67296625494785,171.79875797011132,139.8146816824959,176.99417945903411,0.0,0.0,0.0,0.0,0.0,0.0,0.0,0.0
2026-07-24 12:00:00,EP062026,20,2026-07-27 18:00:00,3 days 06:00:00,78,21.28,-146.76,1006.2,38.3,52.05759466617111,168.23859913601717,138.93824143413855,106.18290082505038,143.81509009059002,0.0,0.0,0.0,0.0,0.0,0.0,0.0,0.0
2026-07-24 12:00:00,EP062026,20,2026-07-28 00:00:00,3 days 12:00:00,84,21.22,-148.62,1002.2,39.3,103.21427594633246,103.21427594633246,0.0,0.0,9.30530158477282,0.0,0.0,0.0,0.0,0.0,0.0,0.0,0.0
2026-07-24 12:00:00,EP062026,20,2026-07-28 06:00:00,3 days 18:00:00,90,21.32,-150.0,1007.7,34.0,118.20441106977174,118.20441106977174,101.23080480577462,83.7344804330391,98.4571312236484,0.0,0.0,0.0,0.0,0.0,0.0,0.0,0.0
2026-07-24 12:00:00,EP062026,20,2026-07-28 12:00:00,4 days 00:00:00,96,21.78,-151.64,1005.0,36.1,56.21128962865604,100.6109914515504,80.7341628075699,70.97396619692285,81.01471650819958,0.0,0.0,0.0,0.0,0.0,0.0,0.0,0.0
2026-07-24 12:00:00,EP062026,20,2026-07-28 18:00:00,4 days 06:00:00,102,22.06,-152.8,1002.3,37.9,58.23026077835346,58.23026077835346,13.56964780633612,6.966751057873932,13.156597417241882,0.0,0.0,0.0,0.0,0.0,0.0,0.0,0.0
2026-07-24 12:00:00,EP072026,20,2026-07-24 12:00:00,0 days 00:00:00,0,8.9,-99.9,1005.0,29.0,93.0,0.0,0.0,0.0,0.0,0.0,0.0,0.0,0.0,0.0,0.0,0.0,0.0
2026-07-24 12:00:00,EP072026,20,2026-07-24 18:00:00,0 days 06:00:00,6,8.74,-100.12,1001.6,31.6,95.30534794938322,0.0,0.0,0.0,0.0,0.0,0.0,0.0,0.0,0.0,0.0,0.0,0.0
2026-07-24 12:00:00,EP072026,20,2026-07-25 00:00:00,0 days 12:00:00,12,9.34,-101.81,997.9,51.6,53.83899723427346,139.92250226335398,104.58559170943168,86.45538575690516,124.16113527668486,66.07570985502832,51.26447751948925,33.142390410571174,54.30502369837278,0.0,0.0,0.0,0.0
2026-07-24 12:00:00,EP072026,20,2026-07-25 06:00:00,0 days 18:00:00,18,10.11,-103.24,1003.4,40.3,73.12541533876154,184.3618773938496,157.21136086887225,130.52375618039156,153.76517192502627,0.0,0.0,0.0,0.0,0.0,0.0,0.0,0.0
2026-07-24 12:00:00,EP072026,20,2026-07-25 12:00:00,1 days 00:00:00,24,10.85,-104.47,995.1,57.3,38.79479914580211,131.03591256217362,103.23854092712654,70.05344427095459,107.33145641217352,49.13640328957269,44.40401887520432,36.273378007280094,39.50160962076741,0.0,0.0,0.0,0.0
2026-07-24 12:00:00,EP072026,20,2026-07-25 18:00:00,1 days 06:00:00,30,11.25,-105.81,995.6,56.8,92.12481981910852,258.32624516312933,242.00487493917933,214.3271083828915,231.24630939264097,92.12481981910852,0.0,0.0,2.6501062167650145,0.0,0.0,0.0,0.0
2026-07-24 12:00:00,EP072026,20,2026-07-26 00:00:00,1 days 12:00:00,36,11.56,-107.18,973.6,101.4,4.489660165930099,193.265701182382,164.91723728346642,133.49074562138236,161.41490985623497,88.1154355614836,73.58674611117843,56.6912243201204,73.77070802145806,42.21232331349421,36.14204696672082,27.46719430621208,36.34447081118793
2026-07-24 12:00:00,EP072026,20,2026-07-26 06:00:00,1 days 18:00:00,42,12.07,-108.64,981.0,80.5,53.97488921260387,256.8778673064964,203.1898257958288,137.7819242568787,214.14070323609585,126.32647237657667,103.01594350382172,71.95891930097991,103.77904256883512,57.74351471156655,48.47767165056689,36.40284052692301,48.45749321751678
2026-07-24 12:00:00,EP072026,20,2026-07-26 12:00:00,2 days 00:00:00,48,12.79,-109.8,970.2,93.4,27.09752111044122,247.4428088576788,212.7702333930788,144.0015445930935,198.2809619538989,118.69422034645343,98.37311566521772,67.30295528619337,96.55394391930248,54.73376229017589,45.902975091113206,33.97247411027516,45.060395374338896
2026-07-24 12:00:00,EP072026,20,2026-07-26 18:00:00,2 days 06:00:00,54,13.38,-110.82,962.9,100.5,29.88386357043843,225.66801913233493,187.44902444262448,126.57687457046936,189.75302391808168,112.78865951023946,93.9022087192018,65.51494765049246,94.65580293829126,54.12937286703135,45.9960125510391,35.70391189340282,46.39158498172322
2026-07-24 12:00:00,EP072026,20,2026-07-27 00:00:00,2 days 12:00:00,60,13.98,-111.42,963.6,99.3,2.612461888172021,209.83770989536623,177.23676114312795,113.14944592082948,168.7592896205219,105.58029000235469,87.08469134085975,65.97953639354245,87.80813324732037,53.039696101014165,46.480951880080696,35.814148925716616,45.67662129637319
2026-07-24 12:00:00,EP072026,20,2026-07-27 06:00:00,2 days 18:00:00,66,14.74,-112.13,960.8,100.3,50.500770184609614,312.96233313052363,268.2974883634828,186.3230227208924,245.8747132569261,105.70228166032663,83.97654265051575,59.77592007272393,85.64774978823928,51.808036189071046,43.40075411913597,33.65289381479743,44.37887431313494
2026-07-24 12:00:00,EP072026,20,2026-07-27 12:00:00,3 days 00:00:00,72,15.4,-113.09,959.0,102.5,16.219195949618083,235.22648025614035,197.3673093118057,133.7860372159143,202.54457805860235,119.22442429273708,97.84131248039044,73.46813190642695,99.20987820462696,62.10021726442842,52.44595346994705,40.966779823239335,53.46905284835202
2026-07-24 12:00:00,EP072026,20,2026-07-27 18:00:00,3 days 06:00:00,78,16.06,-113.84,955.9,108.8,34.28552015510651,250.45672221673584,208.5039219427725,142.44612797509023,198.39981469103984,122.59614163189964,103.98907634661262,78.02814941514504,104.19929337547754,64.94908806694042,56.388529894514,45.64321466591484,57.13099392620617
2026-07-24 12:00:00,EP072026,20,2026-07-28 00:00:00,3 days 12:00:00,84,16.68,-114.68,962.7,101.7,42.26231752192518,253.50653796076577,210.9501336140511,146.1388921561335,206.65847756952368,98.65378567268614,78.5554306525265,53.51645007237645,80.5294776700022,47.97561319405503,40.23508811446675,29.137638823373567,40.83717967354252
2026-07-24 12:00:00,EP072026,20,2026-07-28 06:00:00,3 days 18:00:00,90,17.1,-115.64,957.6,108.2,32.67708460238765,270.06023322745784,209.96332221775256,152.83979783407204,230.3889803186297,135.31318089352305,109.94328150758332,85.02254214719648,116.2300953814846,69.52340377766052,59.10941954714604,47.26797471478245,61.10996541490808
2026-07-24 12:00:00,EP072026,20,2026-07-28 12:00:00,4 days 00:00:00,96,17.52,-116.44,945.1,116.5,29.7711303904068,317.2155133516785,266.27671628540145,202.82957878191397,276.0849897337969,161.1086055197866,137.83280304207997,111.16665661221708,138.42029046779126,82.62030944317426,74.04316346742841,60.064368834621646,72.62002864056242
2026-07-24 12:00:00,EP072026,20,2026-07-28 18:00:00,4 days 06:00:00,102,17.97,-117.44,957.2,105.9,21.98585147730273,274.8802652127479,227.8777429766278,171.14899217295624,257.6469279982848,163.4640664448516,137.19935373108865,106.28663602025564,141.09067045740812,86.08152545337362,74.47271000003639,62.2476402471948,77.23911589651652
2026-07-24 12:00:00,EP072026,20,2026-07-29 00:00:00,4 days 12:00:00,108,18.24,-117.49,967.1,100.5,37.27197707833256,241.59983823687185,198.38556101043548,129.13112756627964,196.9170556144444,126.90015598026038,104.22504737051815,76.03624425077993,103.65426331019566,61.840063385631055,53.79807218409122,44.49994680336756,53.95750817150112
2026-07-24 12:00:00,EP072026,20,2026-07-29 06:00:00,4 days 18:00:00,114,18.86,-118.71,972.1,79.4,25.67289715059005,205.9216535863345,166.68834740619445,136.96415760703536,173.5746302558166,94.34465187640104,80.23322742137233,63.19700028834762,80.92008973729708,47.37261474945579,40.72698821431477,32.27585285762952,40.56929013170227
2026-07-24 12:00:00,EP072026,20,2026-07-29 12:00:00,5 days 00:00:00,120,18.98,-119.66,950.5,114.0,3.717282535696484,203.84853919325545,204.6641203849472,200.11217184010596,199.29671855145125,94.54236675645576,82.83929219058598,72.60053602536777,86.84941079065175,49.17767812933744,42.64521545204866,36.12910596135373,43.14334810105584
2026-07-24 12:00:00,EP072026,20,2026-07-29 18:00:00,5 days 06:00:00,126,19.33,-119.73,978.9,76.8,51.01402930994796,194.24680583284015,148.43238660045876,121.190841166628,163.71779317985164,96.14337360050962,77.22983761334726,56.15486454049458,85.49267400914994,51.01402930994796,38.90181449281091,28.246884787691734,38.52406056208135
2026-07-24 12:00:00,EP072026,20,2026-07-30 00:00:00,5 days 12:00:00,132,19.34,-120.29,990.7,63.6,63.204090205106695,201.92388928397304,164.23417590673853,119.09758659462386,173.3207224154139,67.8926293430568,53.88834785829658,33.033260825648085,55.15517879329218,0.0,0.0,0.0,0.0
2026-07-24 12:00:00,EP072026,20,2026-07-30 06:00:00,5 days 18:00:00,138,19.7,-121.25,980.2,67.7,28.64290319926529,182.42923420978727,157.6634229580933,137.09408985241873,155.24224473172123,60.7518432366871,52.31204051679158,37.305312961051705,51.542521598091966,28.64290319926529,22.62835179762249,15.95508480334158,22.214910519179732
2026-07-24 12:00:00,EP072026,20,2026-07-30 12:00:00,6 days 00:00:00,144,19.62,-121.14,988.2,63.7,43.10024813744309,254.2253475848198,226.3351576540641,203.4063513776589,232.43094389111516,116.59660957391009,106.33299912132064,84.33589752233112,101.89568900091194,0.0,0.0,0.0,0.0
2026-07-24 12:00:00,EP072026,20,2026-07-30 18:00:00,6 days 06:00:00,150,19.99,-121.71,987.4,55.9,48.168519578108345,200.1937097681702,169.10080861900525,144.462820993453,173.91067686896898,174.8573565055249,169.10080861900525,142.53497735545014,147.98600522020143,0.0,0.0,0.0,0.0
2026-07-24 12:00:00,EP072026,20,2026-07-31 00:00:00,6 days 12:00:00,156,20.61,-121.83,990.9,57.3,47.34154980237147,221.9179964635524,214.06474335323517,167.64250155129474,197.77693524740732,94.26205803798555,92.04704418659333,77.71274299695528,81.54071975432751,0.0,0.0,0.0,0.0
2026-07-24 12:00:00,EP072026,20,2026-07-31 06:00:00,6 days 18:00:00,162,20.51,-122.93,995.0,51.6,70.57421544753879,187.93022321274108,158.60026193224513,123.30380277826946,156.72706881819013,0.0,0.0,0.0,70.57421544753879,0.0,0.0,0.0,0.0
2026-07-24 12:00:00,EP072026,20,2026-07-31 12:00:00,7 days 00:00:00,168,20.51,-123.97,1003.6,38.3,62.97524581434638,212.83551296797373,177.33049936648388,145.99014255538498,180.7897380848592,0.0,0.0,0.0,0.0,0.0,0.0,0.0,0.0
2026-07-24 12:00:00,EP072026,20,2026-07-31 18:00:00,7 days 06:00:00,174,20.73,-124.76,999.1,41.0,67.8576027198481,67.8576027198481,35.61394299640817,19.446385540361906,41.30038163676234,0.0,0.0,0.0,0.0,0.0,0.0,0.0,0.0
2026-07-24 12:00:00,EP072026,20,2026-08-01 00:00:00,7 days 12:00:00,180,21.06,-125.81,1003.9,42.6,76.86535905447181,87.5724462684102,57.19852389794119,44.42168163247277,73.08904259115411,0.0,0.0,0.0,0.0,0.0,0.0,0.0,0.0
2026-07-24 12:00:00,EP072026,20,2026-08-01 06:00:00,7 days 18:00:00,186,21.38,-126.71,1004.4,41.2,96.90968637507078,109.77949179316238,82.87560956998331,55.17549166412967,79.98128870131231,0.0,0.0,0.0,0.0,0.0,0.0,0.0,0.0
2026-07-24 12:00:00,EP072026,20,2026-08-01 12:00:00,8 days 00:00:00,192,21.66,-127.99,1006.2,39.5,112.3041139494612,112.3041139494612,68.01276988241943,46.217497100320536,78.07537753784422,0.0,0.0,0.0,0.0,0.0,0.0,0.0,0.0
2026-07-24 12:00:00,EP072026,20,2026-08-01 18:00:00,8 days 06:00:00,198,21.61,-129.31,1007.6,36.0,67.93673330640627,217.76389380186905,178.29262970034233,148.1440795520175,183.0538182924447,0.0,0.0,0.0,0.0,0.0,0.0,0.0,0.0
2026-07-24 12:00:00,EP072026,20,2026-08-02 00:00:00,8 days 12:00:00,204,22.25,-130.69,994.8,40.1,47.10835742880295,21.657429850533383,17.975185102194814,27.68523873836522,47.10835742880295,0.0,0.0,0.0,0.0,0.0,0.0,0.0,0.0
2026-07-24 12:00:00,EP072026,20,2026-08-02 06:00:00,8 days 18:00:00,210,22.73,-131.89,1006.0,36.6,112.66764374220143,112.66764374220143,70.8472789675923,55.4682886112355,78.32654352888527,0.0,0.0,0.0,0.0,0.0,0.0,0.0,0.0
2026-07-24 12:00:00,EP072026,20,2026-08-02 12:00:00,9 days 00:00:00,216,22.96,-133.02,986.2,46.3,68.60921847385909,30.283979271657756,46.72932855758964,85.0763640113947,55.96615536970321,0.0,0.0,0.0,0.0,0.0,0.0,0.0,0.0
2026-07-24 12:00:00,EP072026,20,2026-08-02 18:00:00,9 days 06:00:00,222,22.63,-134.41,1005.7,30.4,95.21675366749515,0.0,0.0,0.0,0.0,0.0,0.0,0.0,0.0,0.0,0.0,0.0,0.0
2026-07-24 12:00:00,EP072026,20,2026-08-03 00:00:00,9 days 12:00:00,228,23.36,-135.17,1005.9,31.0,115.76614552222983,0.0,0.0,0.0,0.0,0.0,0.0,0.0,0.0,0.0,0.0,0.0,0.0
2026-07-24 12:00:00,EP072026,20,2026-08-03 06:00:00,9 days 18:00:00,234,23.37,-136.55,1009.2,27.9,80.39289600312752,0.0,0.0,0.0,0.0,0.0,0.0,0.0,0.0,0.0,0.0,0.0,0.0
2026-07-24 12:00:00,EP072026,20,2026-08-03 12:00:00,10 days 00:00:00,240,23.68,-137.55,1012.5,18.7,165.2819828192936,0.0,0.0,0.0,0.0,0.0,0.0,0.0,0.0,0.0,0.0,0.0,0.0
2026-07-24 12:00:00,EP072026,20,2026-08-03 18:00:00,10 days 06:00:00,246,24.09,-137.6,1007.4,28.8,79.54354790434911,0.0,0.0,0.0,0.0,0.0,0.0,0.0,0.0,0.0,0.0,0.0,0.0
2026-07-24 12:00:00,WP112026,20,2026-07-24 12:00:00,0 days 00:00:00,0,19.7,120.4,991.0,60.0,37.0,139.0,93.0,84.0,139.0,,,,,0.0,0.0,0.0,0.0
2026-07-24 12:00:00,WP112026,20,2026-07-24 18:00:00,0 days 06:00:00,6,19.83,119.28,958.3,90.6,41.19943865451066,201.3301214616415,167.80862533657282,149.8426605475951,178.87340095201833,105.97539237763516,91.13416102063448,75.4073446073696,93.22500788906396,53.49487346294059,47.05146843573929,37.88915490436563,46.01325677245832
2026-07-24 12:00:00,WP112026,20,2026-07-25 00:00:00,0 days 12:00:00,12,20.81,118.19,961.7,87.1,19.398220983985446,198.36351696798744,166.63306654741723,141.91166750380182,174.00383291349152,95.15786231376929,81.65402080891023,64.45195142147756,83.26719701138933,47.50106203343887,41.48163431011339,32.54636792061219,40.60346807043479
2026-07-24 12:00:00,WP112026,20,2026-07-25 06:00:00,0 days 18:00:00,18,21.59,116.86,954.3,96.8,9.808383465194208,234.1410672539793,207.6790207603056,171.91716155194086,197.3691694891795,118.97759817404577,108.89477570494378,86.520728675457,102.68104181785137,63.10354738651877,56.08239303708655,45.174489041629,53.48298790459295
2026-07-24 12:00:00,WP112026,20,2026-07-25 12:00:00,1 days 00:00:00,24,21.97,115.76,937.9,115.3,32.77966074904987,257.72369764124414,231.1028260347589,193.37267113843336,232.85107605553367,147.56931128879432,135.67865888491815,111.98397604830734,132.07906693830637,82.995850457605,76.50382878246114,64.42878397109996,73.86515923799016
2026-07-24 12:00:00,WP112026,20,2026-07-25 18:00:00,1 days 06:00:00,30,22.77,115.13,950.7,95.8,0.0,143.26503410205802,140.84336496591493,89.10267545154517,109.43665092749644,43.948580963014045,30.108711074213616,19.145274082610168,32.45895409899529,20.079072398730258,14.732987811037797,12.704604404044003,17.971080093521447
2026-07-24 12:00:00,WP112026,20,2026-07-26 00:00:00,1 days 12:00:00,36,23.62,114.6,976.7,63.4,15.151971273005437,71.2600005399421,46.54262466434294,16.905153035558726,48.779234147735394,15.151971273005437,7.393939274720919,1.8609138793432871,9.14018907783696,0.0,0.0,0.0,0.0
2026-07-24 12:00:00,WP112026,20,2026-07-26 06:00:00,1 days 18:00:00,42,24.14,114.2,990.4,43.2,37.898149000285045,53.55482446448626,53.7637725309052,25.603468814830947,27.59523659766802,0.0,0.0,0.0,0.0,0.0,0.0,0.0,0.0
2026-07-24 12:00:00,WP112026,20,2026-07-26 12:00:00,2 days 00:00:00,48,24.96,114.19,998.9,33.2,1.3496519595781118,0.0,0.0,0.0,0.0,0.0,0.0,0.0,0.0,0.0,0.0,0.0,0.0
2026-07-24 12:00:00,WP112026,20,2026-07-26 18:00:00,2 days 06:00:00,54,26.06,113.67,998.4,24.4,57.13320138050563,0.0,0.0,0.0,0.0,0.0,0.0,0.0,0.0,0.0,0.0,0.0,0.0
2026-07-24 12:00:00,WP112026,20,2026-07-27 00:00:00,2 days 12:00:00,60,27.82,113.41,995.8,24.5,93.63670565012362,0.0,0.0,0.0,0.0,0.0,0.0,0.0,0.0,0.0,0.0,0.0,0.0
2026-07-24 12:00:00,WP112026,20,2026-07-27 06:00:00,2 days 18:00:00,66,28.49,113.34,996.3,32.9,105.54277973856816,0.0,0.0,0.0,0.0,0.0,0.0,0.0,0.0,0.0,0.0,0.0,0.0
2026-07-24 12:00:00,WP112026,20,2026-07-27 12:00:00,3 days 00:00:00,72,30.02,112.55,990.7,28.8,47.21442024504029,0.0,0.0,0.0,0.0,0.0,0.0,0.0,0.0,0.0,0.0,0.0,0.0
2026-07-24 12:00:00,WP112026,20,2026-07-27 18:00:00,3 days 06:00:00,78,30.84,111.49,1001.4,16.7,62.24129689960695,0.0,0.0,0.0,0.0,0.0,0.0,0.0,0.0,0.0,0.0,0.0,0.0
2026-07-24 12:00:00,WP112026,20,2026-07-28 00:00:00,3 days 12:00:00,84,32.25,112.05,1009.6,17.0,96.77357086935922,0.0,0.0,0.0,0.0,0.0,0.0,0.0,0.0,0.0,0.0,0.0,0.0
2026-07-24 12:00:00,EP062026,21,2026-07-24 12:00:00,0 days 00:00:00,0,18.5,-130.6,970.0,89.0,37.0,297.0,185.0,111.0,297.0,148.0,74.0,56.0,111.0,74.0,37.0,28.0,56.0
2026-07-24 12:00:00,EP062026,21,2026-07-24 18:00:00,0 days 06:00:00,6,18.59,-131.74,978.5,73.6,40.92304597312312,251.2320389154445,226.3025023453868,166.57796477068916,219.3195030466439,57.64327002463,40.74748136815564,22.841653949269617,44.17010386739952,40.92304597312312,1.622814456619037,0.0,3.1138138531734043
2026-07-24 12:00:00,EP062026,21,2026-07-25 00:00:00,0 days 12:00:00,12,18.74,-133.11,993.3,57.2,60.24399786835074,268.6135618838249,214.93000062772535,172.71386708559731,230.6805702380127,82.08531260094509,63.34222732940604,41.47944419192704,64.05656081464353,0.0,0.0,0.0,0.0
2026-07-24 12:00:00,EP062026,21,2026-07-25 06:00:00,0 days 18:00:00,18,18.79,-134.34,988.9,62.0,54.48116503945212,259.9186838216529,221.74624327334627,183.38706549881127,226.7517874447369,55.27207984417103,40.13698883315118,24.96517670281488,42.226896166697486,0.0,0.0,0.0,0.0
2026-07-24 12:00:00,EP062026,21,2026-07-25 12:00:00,1 days 00:00:00,24,18.95,-135.23,987.5,62.9,27.848890643655984,217.21058683022324,184.69155956137047,124.93367392961306,180.10861169992853,41.99686027211432,27.570755622832564,9.969659961867926,26.93578862549164,0.0,0.0,0.0,0.0
2026-07-24 12:00:00,EP062026,21,2026-07-25 18:00:00,1 days 06:00:00,30,19.29,-136.37,986.6,63.2,55.45884353166268,273.0142257860852,211.33457381629577,153.03867467783482,221.86832052505025,96.02146583389172,70.92540866488856,47.52572538944077,74.30679888260421,0.0,0.0,0.0,0.0
2026-07-24 12:00:00,EP062026,21,2026-07-26 00:00:00,1 days 12:00:00,36,19.52,-137.53,990.0,59.7,39.260216007323045,282.45355871962835,231.56100727304724,175.34586203505475,236.6926715909709,65.58840746431738,47.86724420310028,27.10211411899064,47.05327883040523,0.0,0.0,0.0,0.0
2026-07-24 12:00:00,EP062026,21,2026-07-26 06:00:00,1 days 18:00:00,42,19.97,-138.49,990.7,61.8,36.687793292150886,274.5259651827771,206.8288337846848,136.300286858861,226.58388156929857,85.68568485544435,59.891696634588726,36.38696922430438,64.75907042382799,0.0,0.0,0.0,0.0
2026-07-24 12:00:00,EP062026,21,2026-07-26 12:00:00,2 days 00:00:00,48,19.92,-139.5,995.6,60.2,27.60762649553718,195.46996982598992,145.9613213793058,106.64877796408928,157.29658571178345,54.46983307240368,41.22425884013683,25.9825037457852,41.31629149056861,0.0,0.0,0.0,0.0
2026-07-24 12:00:00,EP062026,21,2026-07-26 18:00:00,2 days 06:00:00,54,20.4,-140.69,994.5,52.8,33.03439780622324,192.7632365096708,150.02218280902724,106.7276342993634,152.61723942713718,45.545837534435776,31.341422126408983,17.589281830274246,32.568466777722406,0.0,0.0,0.0,0.0
2026-07-24 12:00:00,EP062026,21,2026-07-27 00:00:00,2 days 12:00:00,60,20.66,-142.08,998.8,46.6,102.60130290610756,235.33905418583367,194.2931390713062,160.67291066461996,193.6542472850456,0.0,0.0,0.0,0.0,0.0,0.0,0.0,0.0
2026-07-24 12:00:00,EP062026,21,2026-07-27 06:00:00,2 days 18:00:00,66,20.45,-143.84,999.7,42.3,78.23791191671285,393.9322978587727,347.699702326963,305.93892045929783,350.42657104310047,0.0,0.0,0.0,0.0,0.0,0.0,0.0,0.0
2026-07-24 12:00:00,EP062026,21,2026-07-27 12:00:00,3 days 00:00:00,72,20.15,-144.31,995.1,47.9,26.49904727098156,92.62331050500704,75.97463098905948,61.70665901875532,73.66785377655276,0.0,0.0,0.0,0.0,0.0,0.0,0.0,0.0
2026-07-24 12:00:00,EP062026,21,2026-07-27 18:00:00,3 days 06:00:00,78,21.03,-145.97,997.0,48.2,143.88843812063735,158.37935092802485,124.84749063246755,93.07349853445764,119.75075478511864,0.0,0.0,0.0,0.0,0.0,0.0,0.0,0.0
2026-07-24 12:00:00,EP062026,21,2026-07-28 00:00:00,3 days 12:00:00,84,21.05,-147.26,1005.6,38.3,95.625449248868,95.625449248868,9.603001224263522,5.581523708090707,21.865031697629817,0.0,0.0,0.0,0.0,0.0,0.0,0.0,0.0
2026-07-24 12:00:00,EP062026,21,2026-07-28 06:00:00,3 days 18:00:00,90,21.14,-149.34,1004.5,33.1,86.71428556924286,0.0,0.0,0.0,0.0,0.0,0.0,0.0,0.0,0.0,0.0,0.0,0.0
2026-07-24 12:00:00,EP062026,21,2026-07-28 12:00:00,4 days 00:00:00,96,21.21,-150.65,1007.0,33.9,134.19924285350595,0.0,0.0,0.0,0.0,0.0,0.0,0.0,0.0,0.0,0.0,0.0,0.0
2026-07-24 12:00:00,EP062026,21,2026-07-28 18:00:00,4 days 06:00:00,102,21.86,-152.03,1007.6,26.3,175.85415043986671,0.0,0.0,0.0,0.0,0.0,0.0,0.0,0.0,0.0,0.0,0.0,0.0
2026-07-24 12:00:00,EP062026,21,2026-07-29 00:00:00,4 days 12:00:00,108,21.51,-154.05,1005.0,33.9,156.73314742575565,0.0,0.0,0.0,0.0,0.0,0.0,0.0,0.0,0.0,0.0,0.0,0.0
2026-07-24 12:00:00,EP072026,21,2026-07-24 12:00:00,0 days 00:00:00,0,8.9,-99.9,1005.0,29.0,93.0,0.0,0.0,0.0,0.0,0.0,0.0,0.0,0.0,0.0,0.0,0.0,0.0
2026-07-24 12:00:00,EP072026,21,2026-07-24 18:00:00,0 days 06:00:00,6,9.07,-101.17,1007.0,36.5,51.04464432885082,51.04464432885082,0.0,0.0,3.269597481986157,0.0,0.0,0.0,0.0,0.0,0.0,0.0,0.0
2026-07-24 12:00:00,EP072026,21,2026-07-25 00:00:00,0 days 12:00:00,12,9.64,-101.54,1006.4,29.7,113.70883148754892,0.0,0.0,0.0,0.0,0.0,0.0,0.0,0.0,0.0,0.0,0.0,0.0
2026-07-24 12:00:00,EP072026,21,2026-07-25 06:00:00,0 days 18:00:00,18,10.44,-102.62,1007.5,34.3,102.50461333764576,102.50461333764576,0.8119023190721819,0.0,5.601624210916629,0.0,0.0,0.0,0.0,0.0,0.0,0.0,0.0
2026-07-24 12:00:00,EP072026,21,2026-07-25 12:00:00,1 days 00:00:00,24,10.78,-104.11,1003.9,35.7,58.9552073347846,58.9552073347846,8.242196930705653,0.0,9.993554034666712,0.0,0.0,0.0,0.0,0.0,0.0,0.0,0.0
2026-07-24 12:00:00,EP072026,21,2026-07-25 18:00:00,1 days 06:00:00,30,11.45,-105.21,1001.5,48.6,61.20896350492781,83.03803838704786,66.84175931679127,33.17899149130676,55.32581169746539,0.0,0.0,0.0,0.0,0.0,0.0,0.0,0.0
2026-07-24 12:00:00,EP072026,21,2026-07-26 00:00:00,1 days 12:00:00,36,12.0,-106.5,996.0,54.0,72.19174512203399,90.42201524444934,58.25215527465035,26.281459422250272,56.60468492098633,72.19174512203399,0.0,0.0,0.5060954231356547,0.0,0.0,0.0,0.0
2026-07-24 12:00:00,EP072026,21,2026-07-26 06:00:00,1 days 18:00:00,42,12.51,-107.84,991.4,61.1,43.6497527206437,246.2297530173348,193.6343303322874,140.22647226338603,200.53669629151136,97.5197423163055,76.91660309056738,56.17590050733892,78.51802656279335,0.0,0.0,0.0,0.0
2026-07-24 12:00:00,EP072026,21,2026-07-26 12:00:00,2 days 00:00:00,48,13.11,-108.91,983.4,70.1,24.40279936651838,218.01086237491532,169.60519149360914,108.59641986293128,171.16564104723167,78.36351961169487,59.08720203172568,40.10901884488823,61.20726046338972,24.40279936651838,19.428211247505644,13.733121305837114,19.78328991556924
2026-07-24 12:00:00,EP072026,21,2026-07-26 18:00:00,2 days 06:00:00,54,13.61,-110.14,987.7,64.3,34.64691054316783,235.6228972798294,182.45097275129305,123.01811427673452,190.5342104808549,108.03868365120896,86.80847878583342,61.11707618933339,87.17374200380974,37.69941272378896,31.69351503840515,23.259904616597662,31.5498596903907
2026-07-24 12:00:00,EP072026,21,2026-07-27 00:00:00,2 days 12:00:00,60,14.22,-110.83,982.0,76.2,29.6295896305378,191.27340482207327,170.16143779950795,111.68983401652928,144.40106079231532,29.6295896305378,20.174535597654614,6.642504376779662,17.92572684896873,29.6295896305378,0.0,0.0,0.0
2026-07-24 12:00:00,EP072026,21,2026-07-27 06:00:00,2 days 18:00:00,66,14.88,-111.94,975.2,85.6,23.949268605571945,261.1728594439554,213.2865632137172,137.19429634305436,195.6654646392136,84.38486262285113,65.0240761276311,40.51949048664749,62.92897635405893,23.949268605571945,18.072438450209702,11.81545230830602,18.117175507338057
2026-07-24 12:00:00,EP072026,21,2026-07-27 12:00:00,3 days 00:00:00,72,15.61,-112.98,964.2,98.4,42.13520809810621,383.809003402341,326.90022432363537,264.91126360606523,332.37024500147896,175.2276810971609,157.64284747823928,130.70948647479202,147.2477252475476,71.07037331840078,70.75383877646959,58.96367830324756,64.58852731775109
2026-07-24 12:00:00,EP072026,21,2026-07-27 18:00:00,3 days 06:00:00,78,16.01,-113.93,975.2,83.6,37.67459446980904,271.2073690424318,226.0570680255441,152.8619394495641,214.15545928021407,90.03531541953593,69.94262751430395,46.3953983129918,69.78526454054348,37.67459446980904,16.66946006253351,11.59002387167778,18.083310910555003
2026-07-24 12:00:00,EP072026,21,2026-07-28 00:00:00,3 days 12:00:00,84,16.72,-114.64,973.0,83.5,41.684754698512094,260.98611004938266,212.773397785197,140.9284159462249,202.6463296686483,115.2849777342548,92.26679578954833,64.3228856216947,90.32274541552616,47.9206890024477,39.81370564264316,29.725197291259725,39.78959794624608
2026-07-24 12:00:00,EP072026,21,2026-07-28 06:00:00,3 days 18:00:00,90,17.39,-115.58,970.6,84.3,32.334394728293184,283.44453932473124,228.7240831529052,156.78173804333147,227.1352555756103,140.2992628976862,111.79900028880758,80.6294057066003,114.52037811679608,60.31961556288867,50.54706660271543,38.8766885137933,50.8931105946549
2026-07-24 12:00:00,EP072026,21,2026-07-28 12:00:00,4 days 00:00:00,96,17.81,-116.15,974.7,77.6,42.28136655067264,291.40649462903355,240.11873881152025,161.56465491518532,234.03988902068795,110.65475507960008,85.675325965806,53.08571298581927,83.84843509215466,42.28136655067264,29.593125497137137,20.03030540050934,30.15675697539868
2026-07-24 12:00:00,EP072026,21,2026-07-28 18:00:00,4 days 06:00:00,102,18.17,-116.84,977.2,73.7,37.57271569350682,284.7503451013374,240.93143670899497,155.42951207988796,219.80828285353616,108.4521068834866,88.42287232043877,57.69134100829087,85.62675179184244,37.57271569350682,29.039501612257546,20.74059785912269,28.72648790984367
2026-07-24 12:00:00,EP072026,21,2026-07-29 00:00:00,4 days 12:00:00,108,18.66,-117.66,970.0,76.1,42.23079179805819,356.2662408398325,302.1722312374216,230.20532948761445,299.1070421689154,142.88777420542198,115.82130807691088,80.95682387622253,113.74913321205076,42.23079179805819,33.80665888178133,24.356297796911186,34.82913485220297
2026-07-24 12:00:00,EP072026,21,2026-07-29 06:00:00,4 days 18:00:00,114,19.0,-118.37,981.7,73.5,55.07943571295902,301.23221047425017,257.21166376048154,178.2994482746068,243.80730800377768,123.65840220091256,101.68950387504422,73.18155900426264,101.75222614984952,55.07943571295902,35.45803154920896,27.07770543859956,35.19943350982217
2026-07-24 12:00:00,EP072026,21,2026-07-29 12:00:00,5 days 00:00:00,120,19.3,-119.41,986.3,60.8,68.64792566688692,214.0669027270372,174.99134110555178,114.35952282123183,157.11227743899482,68.64792566688692,22.07621632459701,10.244942300901206,17.77604736948078,0.0,0.0,0.0,0.0
2026-07-24 12:00:00,EP072026,21,2026-07-29 18:00:00,5 days 06:00:00,126,20.0,-120.25,984.7,61.3,70.27488941328976,208.04278060482895,170.2693156070675,114.54082833166856,154.9427568394686,70.27488941328976,16.779280061304387,6.554424629863787,17.494086295957842,0.0,0.0,0.0,0.0
2026-07-24 12:00:00,EP072026,21,2026-07-30 00:00:00,5 days 12:00:00,132,20.22,-121.05,990.2,59.8,45.51557238311278,267.5748229049925,222.53320633620208,169.04105919901008,221.89245918788487,53.74194085827719,40.46957948733046,23.635664739338523,38.84004787066954,0.0,0.0,0.0,0.0
2026-07-24 12:00:00,EP072026,21,2026-07-30 06:00:00,5 days 18:00:00,138,20.97,-121.87,993.9,51.5,62.65404125434753,175.48943559437862,142.28435725688314,99.2958903413728,134.70937757798038,62.65404125434753,14.13338401630405,4.822002424383534,14.93096207026801,0.0,0.0,0.0,0.0
2026-07-24 12:00:00,EP072026,21,2026-07-30 12:00:00,6 days 00:00:00,144,21.61,-122.65,993.3,46.4,79.59601065254633,140.34578719720395,108.53289321901104,68.48500818449081,101.8077125932798,0.0,0.0,0.0,0.0,0.0,0.0,0.0,0.0
2026-07-24 12:00:00,EP072026,21,2026-07-30 18:00:00,6 days 06:00:00,150,22.37,-123.5,996.5,48.3,55.96198694408832,195.45638105447577,148.2460541247024,102.3296525998633,143.88026973548716,0.0,0.0,0.0,0.0,0.0,0.0,0.0,0.0
2026-07-24 12:00:00,EP072026,21,2026-07-31 00:00:00,6 days 12:00:00,156,23.2,-124.39,997.7,42.6,62.53547568938112,172.3478009484666,127.21922754483136,99.63251982698029,129.03157836394567,0.0,0.0,0.0,0.0,0.0,0.0,0.0,0.0
2026-07-24 12:00:00,EP072026,21,2026-07-31 06:00:00,6 days 18:00:00,162,24.09,-125.64,996.4,46.8,54.46829757482074,83.93129528644732,56.254739986506735,32.001801924159786,53.71560403602831,0.0,0.0,0.0,0.0,0.0,0.0,0.0,0.0
2026-07-24 12:00:00,EP072026,21,2026-07-31 12:00:00,7 days 00:00:00,168,24.82,-126.81,1005.6,32.3,147.06848274775422,0.0,0.0,0.0,0.0,0.0,0.0,0.0,0.0,0.0,0.0,0.0,0.0
2026-07-24 12:00:00,EP072026,21,2026-07-31 18:00:00,7 days 06:00:00,174,25.89,-127.78,1005.8,31.6,116.74135131805252,0.0,0.0,0.0,0.0,0.0,0.0,0.0,0.0,0.0,0.0,0.0,0.0
2026-07-24 12:00:00,EP072026,21,2026-08-01 00:00:00,7 days 12:00:00,180,26.23,-128.82,1005.7,34.2,67.11506929574671,67.11506929574671,0.0,0.0,5.991469991919595,0.0,0.0,0.0,0.0,0.0,0.0,0.0,0.0
2026-07-24 12:00:00,EP072026,21,2026-08-01 06:00:00,7 days 18:00:00,186,26.71,-130.29,1006.9,26.3,82.45008308478756,0.0,0.0,0.0,0.0,0.0,0.0,0.0,0.0,0.0,0.0,0.0,0.0
2026-07-24 12:00:00,EP072026,21,2026-08-01 12:00:00,8 days 00:00:00,192,27.04,-131.38,1008.2,28.2,109.92115155551362,0.0,0.0,0.0,0.0,0.0,0.0,0.0,0.0,0.0,0.0,0.0,0.0
2026-07-24 12:00:00,EP072026,21,2026-08-01 18:00:00,8 days 06:00:00,198,27.35,-132.77,1006.7,24.9,78.76229067630874,0.0,0.0,0.0,0.0,0.0,0.0,0.0,0.0,0.0,0.0,0.0,0.0
2026-07-24 12:00:00,EP072026,21,2026-08-02 00:00:00,8 days 12:00:00,204,27.8,-133.46,1008.8,22.1,78.31966998800223,0.0,0.0,0.0,0.0,0.0,0.0,0.0,0.0,0.0,0.0,0.0,0.0
2026-07-24 12:00:00,EP072026,21,2026-08-02 06:00:00,8 days 18:00:00,210,28.17,-134.52,1009.5,20.1,138.48426615574158,0.0,0.0,0.0,0.0,0.0,0.0,0.0,0.0,0.0,0.0,0.0,0.0
2026-07-24 12:00:00,EP072026,21,2026-08-02 12:00:00,9 days 00:00:00,216,28.47,-135.8,1012.6,16.2,148.97894064606106,0.0,0.0,0.0,0.0,0.0,0.0,0.0,0.0,0.0,0.0,0.0,0.0
2026-07-24 12:00:00,EP072026,21,2026-08-02 18:00:00,9 days 06:00:00,222,28.81,-136.28,1009.7,23.7,90.09197707724874,0.0,0.0,0.0,0.0,0.0,0.0,0.0,0.0,0.0,0.0,0.0,0.0
2026-07-24 12:00:00,WP112026,21,2026-07-24 12:00:00,0 days 00:00:00,0,19.7,120.4,991.0,60.0,37.0,139.0,93.0,84.0,139.0,,,,,0.0,0.0,0.0,0.0
2026-07-24 12:00:00,WP112026,21,2026-07-24 18:00:00,0 days 06:00:00,6,20.13,119.0,958.5,86.0,33.067720600167824,179.744785664718,150.32331994027635,136.22245366229163,184.88149151259407,175.7413136154801,150.32331994027635,136.00032331416762,163.04350062809482,108.30498191994424,96.90242096671427,83.38243006526938,94.35121519312514
2026-07-24 12:00:00,WP112026,21,2026-07-25 00:00:00,0 days 12:00:00,12,20.57,118.27,958.8,97.1,17.1082957845001,196.777509294714,163.33723543194208,136.54997822611568,163.96711556156163,133.27424781163705,113.14693390469984,90.95085980874173,114.12656348319994,69.6991047785662,60.24267456702034,48.57468277459265,59.76082322966778
2026-07-24 12:00:00,WP112026,21,2026-07-25 06:00:00,0 days 18:00:00,18,21.21,117.13,960.0,95.2,30.98728562820573,173.54130345622673,130.6784987858183,87.83567172177848,132.48816270354396,70.12479239714293,54.85733009646511,38.01752812645592,54.06053978719662,34.45868769323243,28.437364265966288,21.431585456442413,28.54316696084892
2026-07-24 12:00:00,WP112026,21,2026-07-25 12:00:00,1 days 00:00:00,24,21.91,116.21,939.8,110.6,12.81335204267188,217.02005770153735,193.203958426047,156.59586544892773,187.51889451316845,57.71760139333375,44.23550991672871,33.723471272646734,47.225748613986525,26.029141240719152,21.063440345561236,16.937975580330704,22.91992174279316
2026-07-24 12:00:00,WP112026,21,2026-07-25 18:00:00,1 days 06:00:00,30,22.39,115.36,949.6,104.3,6.065295363264823,116.83391059862504,86.8679548265092,66.9831698048474,99.9053711188474,27.415267224207625,18.859638886196954,14.530020060699314,26.36897438497701,24.318615881774285,18.859638886196954,14.530020060699314,21.54399085489065
2026-07-24 12:00:00,WP112026,21,2026-07-26 00:00:00,1 days 12:00:00,36,23.1,115.03,966.3,78.9,3.716675029109332,198.2405184999517,176.74101661242418,126.69367291790954,152.53068298594087,66.88635415750122,51.78583980069799,33.24133137187637,50.03969137000738,19.8728930592132,15.723961372842364,10.837311876465268,16.329815041367524
2026-07-24 12:00:00,WP112026,21,2026-07-26 06:00:00,1 days 18:00:00,42,23.6,114.2,982.6,58.1,15.897812693211538,133.08824247682136,109.07883331496416,82.44597039586648,103.67789740195607,15.897812693211538,8.587738928269271,3.831109927850692,10.001178252244848,0.0,0.0,0.0,0.0
2026-07-24 12:00:00,WP112026,21,2026-07-26 12:00:00,2 days 00:00:00,48,23.95,114.13,986.2,46.2,18.188015367109124,26.255188875501183,23.527059814599404,16.030812156496985,19.694403027284217,0.0,0.0,0.0,0.0,0.0,0.0,0.0,0.0
2026-07-24 12:00:00,WP112026,21,2026-07-26 18:00:00,2 days 06:00:00,54,24.34,114.3,994.3,33.3,50.34971366680593,0.0,0.0,0.0,0.0,0.0,0.0,0.0,0.0,0.0,0.0,0.0,0.0
2026-07-24 12:00:00,WP112026,21,2026-07-27 00:00:00,2 days 12:00:00,60,25.93,113.66,1004.6,20.1,84.26192494327748,0.0,0.0,0.0,0.0,0.0,0.0,0.0,0.0,0.0,0.0,0.0,0.0
2026-07-24 12:00:00,WP112026,21,2026-07-27 06:00:00,2 days 18:00:00,66,26.99,113.88,1006.1,15.4,56.17893620039857,0.0,0.0,0.0,0.0,0.0,0.0,0.0,0.0,0.0,0.0,0.0,0.0
2026-07-24 12:00:00,WP112026,21,2026-07-27 12:00:00,3 days 00:00:00,72,27.63,113.25,1001.7,17.5,47.24650144046786,0.0,0.0,0.0,0.0,0.0,0.0,0.0,0.0,0.0,0.0,0.0,0.0
2026-07-24 12:00:00,WP112026,21,2026-07-27 18:00:00,3 days 06:00:00,78,28.64,112.89,1003.1,19.6,146.62868562655436,0.0,0.0,0.0,0.0,0.0,0.0,0.0,0.0,0.0,0.0,0.0,0.0
2026-07-24 12:00:00,WP112026,21,2026-07-28 00:00:00,3 days 12:00:00,84,29.37,113.15,1006.3,15.5,128.49454222406814,0.0,0.0,0.0,0.0,0.0,0.0,0.0,0.0,0.0,0.0,0.0,0.0
2026-07-24 12:00:00,WP112026,21,2026-07-28 06:00:00,3 days 18:00:00,90,30.39,113.36,1004.4,18.3,126.09472932932096,0.0,0.0,0.0,0.0,0.0,0.0,0.0,0.0,0.0,0.0,0.0,0.0
2026-07-24 12:00:00,WP112026,21,2026-07-28 12:00:00,4 days 00:00:00,96,31.39,112.17,1007.1,16.6,96.56013253475804,0.0,0.0,0.0,0.0,0.0,0.0,0.0,0.0,0.0,0.0,0.0,0.0
2026-07-24 12:00:00,EP062026,22,2026-07-24 12:00:00,0 days 00:00:00,0,18.5,-130.6,970.0,89.0,37.0,297.0,185.0,111.0,297.0,148.0,74.0,56.0,111.0,74.0,37.0,28.0,56.0
2026-07-24 12:00:00,EP062026,22,2026-07-24 18:00:00,0 days 06:00:00,6,18.67,-131.77,976.2,78.9,32.87519614064931,240.58504434636205,180.5563130535712,144.58546688754342,208.4549535817956,95.1505971825044,77.44046968851728,59.157398598468674,80.61949264894864,32.87519614064931,26.47120116738025,20.337153340986813,26.617135665224616
2026-07-24 12:00:00,EP062026,22,2026-07-25 00:00:00,0 days 12:00:00,12,18.85,-133.13,982.7,70.1,37.45638232735173,253.96768596564743,186.32536172163415,136.6497455278403,211.38898728439204,93.50738052860376,73.4007038851725,50.237485103510565,76.19950004138423,37.45638232735173,6.704108842533684,3.8156267424753674,8.362173338114527
2026-07-24 12:00:00,EP062026,22,2026-07-25 06:00:00,0 days 18:00:00,18,19.01,-134.56,981.9,71.7,60.8043406378355,262.40604257539775,192.8898571669644,140.7699745059685,223.1282857372599,114.51184423573768,93.34759740520836,65.8118928448987,94.60726356669672,60.8043406378355,14.841529349342244,9.710728509250444,15.95002487687819
2026-07-24 12:00:00,EP062026,22,2026-07-25 12:00:00,1 days 00:00:00,24,19.27,-136.0,984.2,70.8,66.96867608058633,192.9856680970747,148.5193164000121,113.36718161756114,166.55667718819862,66.96867608058633,9.14787386108734,5.376844444115498,66.96867608058633,0.350016288774384,0.0,0.0,66.96867608058633
2026-07-24 12:00:00,EP062026,22,2026-07-25 18:00:00,1 days 06:00:00,30,19.21,-137.08,992.6,55.8,39.33848976056083,206.0073772602532,144.209942491319,98.66006212645084,186.9603458178672,111.77998388301648,89.70246722825345,64.2369909614539,94.49287641994783,0.0,0.0,0.0,0.0
2026-07-24 12:00:00,EP062026,22,2026-07-26 00:00:00,1 days 12:00:00,36,19.45,-138.04,989.9,55.4,42.86715019926339,175.39283437811673,121.3648104741378,85.87662091383777,152.9246914950436,85.64614188565702,68.06287436876119,47.38879449751175,71.10642771606967,0.0,0.0,0.0,0.0
2026-07-24 12:00:00,EP062026,22,2026-07-26 06:00:00,1 days 18:00:00,42,19.57,-139.16,991.4,63.8,52.10944797783577,209.50034975620656,158.63770495806602,116.20238394602347,173.63473657573195,82.5869875040371,64.9054313192355,42.787203406435765,66.50300006620819,0.0,0.0,0.0,0.0
2026-07-24 12:00:00,EP062026,22,2026-07-26 12:00:00,2 days 00:00:00,48,19.66,-140.46,989.1,69.2,44.56679286621254,167.14357416588143,128.63719112994352,87.73898622615053,135.9866317753092,57.95414495179135,43.27375739185371,25.905154054514,44.07330551229923,44.56679286621254,0.0,0.0,0.9256860904499788
2026-07-24 12:00:00,EP062026,22,2026-07-26 18:00:00,2 days 06:00:00,54,19.69,-141.49,1001.8,47.5,99.14018050661916,158.26093760382963,123.5127036319563,82.00016798329445,134.18896037891665,0.0,0.0,0.0,0.0,0.0,0.0,0.0,0.0
2026-07-24 12:00:00,EP062026,22,2026-07-27 00:00:00,2 days 12:00:00,60,19.75,-142.55,1000.7,45.9,32.42350076754123,154.6738862387569,117.3002410805004,87.77001580136648,129.5786835993838,0.0,0.0,0.0,0.0,0.0,0.0,0.0,0.0
2026-07-24 12:00:00,EP062026,22,2026-07-27 06:00:00,2 days 18:00:00,66,20.13,-144.02,997.8,51.4,63.41370549410508,135.6759572254511,101.15311611039996,67.6048306455719,114.68300166840709,63.41370549410508,0.0,0.0,1.2263921354545912,0.0,0.0,0.0,0.0
2026-07-24 12:00:00,EP062026,22,2026-07-27 12:00:00,3 days 00:00:00,72,20.3,-145.86,999.3,46.0,87.69785506589689,169.75452388949316,135.041829743055,92.72672069589304,133.00821458517896,0.0,0.0,0.0,0.0,0.0,0.0,0.0,0.0
2026-07-24 12:00:00,EP062026,22,2026-07-27 18:00:00,3 days 06:00:00,78,20.12,-147.1,996.9,46.2,56.91338823103562,254.42559822170296,219.6136338459607,171.69209618766442,209.85171285697348,0.0,0.0,0.0,0.0,0.0,0.0,0.0,0.0
2026-07-24 12:00:00,EP062026,22,2026-07-28 00:00:00,3 days 12:00:00,84,20.3,-148.34,996.2,44.8,35.913840363731126,204.48077789115027,171.59636198866562,109.3174680366722,169.15572145716456,0.0,0.0,0.0,0.0,0.0,0.0,0.0,0.0
2026-07-24 12:00:00,EP062026,22,2026-07-28 06:00:00,3 days 18:00:00,90,20.57,-149.31,1002.9,49.1,67.59495642282648,67.59495642282648,40.948203556892885,14.150261109942328,47.18222191269349,0.0,0.0,0.0,0.0,0.0,0.0,0.0,0.0
2026-07-24 12:00:00,EP062026,22,2026-07-28 12:00:00,4 days 00:00:00,96,20.9,-150.84,999.7,46.4,92.8746402702553,92.8746402702553,54.03104527586922,24.35618308442285,56.80134472202406,0.0,0.0,0.0,0.0,0.0,0.0,0.0,0.0
2026-07-24 12:00:00,EP062026,22,2026-07-28 18:00:00,4 days 06:00:00,102,20.96,-151.85,997.9,45.6,102.78945202177918,102.78945202177918,55.14371876684725,27.99383391035607,62.03280822709658,0.0,0.0,0.0,0.0,0.0,0.0,0.0,0.0
2026-07-24 12:00:00,EP062026,22,2026-07-29 00:00:00,4 days 12:00:00,108,21.13,-153.08,1006.1,36.9,73.40890698970264,210.90107487640103,175.45421747464363,131.24424204866637,169.13023611060345,0.0,0.0,0.0,0.0,0.0,0.0,0.0,0.0
2026-07-24 12:00:00,EP062026,22,2026-07-29 06:00:00,4 days 18:00:00,114,21.42,-154.43,1001.3,32.9,121.16795582245472,0.0,0.0,0.0,0.0,0.0,0.0,0.0,0.0,0.0,0.0,0.0,0.0
2026-07-24 12:00:00,EP062026,22,2026-07-29 12:00:00,5 days 00:00:00,120,21.4,-155.84,1007.2,28.0,53.94930645597641,0.0,0.0,0.0,0.0,0.0,0.0,0.0,0.0,0.0,0.0,0.0,0.0
2026-07-24 12:00:00,EP062026,22,2026-07-29 18:00:00,5 days 06:00:00,126,21.33,-157.08,1001.8,29.4,66.08534962523791,0.0,0.0,0.0,0.0,0.0,0.0,0.0,0.0,0.0,0.0,0.0,0.0
2026-07-24 12:00:00,EP062026,22,2026-07-30 00:00:00,5 days 12:00:00,132,21.77,-159.21,1008.9,21.4,61.966800795105215,0.0,0.0,0.0,0.0,0.0,0.0,0.0,0.0,0.0,0.0,0.0,0.0
2026-07-24 12:00:00,EP062026,22,2026-07-30 06:00:00,5 days 18:00:00,138,22.3,-159.86,1012.8,17.4,105.24056521335066,0.0,0.0,0.0,0.0,0.0,0.0,0.0,0.0,0.0,0.0,0.0,0.0
2026-07-24 12:00:00,EP072026,22,2026-07-24 12:00:00,0 days 00:00:00,0,8.9,-99.9,1005.0,29.0,93.0,0.0,0.0,0.0,0.0,0.0,0.0,0.0,0.0,0.0,0.0,0.0,0.0
2026-07-24 12:00:00,EP072026,22,2026-07-24 18:00:00,0 days 06:00:00,6,8.7,-101.27,1004.7,37.4,109.8935347003337,18.88115989679344,11.112900350046628,11.50150317697339,109.8935347003337,0.0,0.0,0.0,0.0,0.0,0.0,0.0,0.0
2026-07-24 12:00:00,EP072026,22,2026-07-25 00:00:00,0 days 12:00:00,12,9.38,-101.83,1000.8,47.2,51.79427673622415,161.6897639619197,137.63153302432357,98.47315372515232,122.50162966347352,0.0,0.0,0.0,0.0,0.0,0.0,0.0,0.0
2026-07-24 12:00:00,EP072026,22,2026-07-25 06:00:00,0 days 18:00:00,18,9.72,-102.52,990.6,67.4,87.61690502614417,111.35392596232884,99.25606601605536,82.27793947977369,91.30242526322716,87.61690502614417,2.665860197856688,2.3605825141973504,87.61690502614417,0.0,0.0,0.0,87.61690502614417
2026-07-24 12:00:00,EP072026,22,2026-07-25 12:00:00,1 days 00:00:00,24,10.32,-102.93,999.2,49.1,74.01948708069717,137.39867835312245,114.59419156451798,75.14172838599472,105.12704693865848,0.0,0.0,0.0,0.0,0.0,0.0,0.0,0.0
2026-07-24 12:00:00,EP072026,22,2026-07-25 18:00:00,1 days 06:00:00,30,11.53,-104.38,1000.0,55.4,44.587504099647575,166.4812460154138,140.29348580874296,96.4965386077783,132.7807858555407,44.587504099647575,28.499984543006345,18.41706707177202,26.260887424531173,0.0,0.0,0.0,0.0
2026-07-24 12:00:00,EP072026,22,2026-07-26 00:00:00,1 days 12:00:00,36,11.79,-105.63,994.2,60.7,17.803619585077428,217.4107186417657,189.7791498536181,118.19602877327203,163.43342654981748,89.40416521971031,72.60208915073856,48.01421753203351,69.53756650822174,0.0,0.0,0.0,0.0
2026-07-24 12:00:00,EP072026,22,2026-07-26 06:00:00,1 days 18:00:00,42,12.42,-106.81,990.1,70.3,30.405060439714905,216.9549729254344,174.32675311534524,117.95996251978708,169.72170305151508,84.06878287444312,69.07543590246223,47.631691348981455,65.42106804114829,30.405060439714905,0.107327339109913,0.0,0.0
2026-07-24 12:00:00,EP072026,22,2026-07-26 12:00:00,2 days 00:00:00,48,13.2,-108.08,983.6,79.5,19.660669636188054,220.5769759283404,204.0973347679144,100.30211208883068,160.07422191395756,68.49249237025454,51.50772910909491,26.596880406704496,48.61445413407595,19.660669636188054,2.2333266313240965,0.0,3.099618226372722
2026-07-24 12:00:00,EP072026,22,2026-07-26 18:00:00,2 days 06:00:00,54,13.7,-109.25,972.1,90.5,19.569286883548106,194.1545863849774,155.54427045323268,95.7461079557702,143.39064919514453,86.27632976921154,70.04443603106017,47.93902616319639,70.08421297579935,35.69667358391169,30.189694813425437,22.811807633221164,30.34343338985613
2026-07-24 12:00:00,EP072026,22,2026-07-27 00:00:00,2 days 12:00:00,60,14.38,-110.06,974.4,87.2,18.066897923530355,230.67287595185527,191.95668151056051,128.1248963964898,183.35977693514505,114.23908165022864,92.4716525660713,61.935220457672585,87.16372235746064,42.567566395641904,35.55677190643725,25.503941241106176,34.824115171005666
2026-07-24 12:00:00,EP072026,22,2026-07-27 06:00:00,2 days 18:00:00,66,15.06,-110.66,956.1,108.4,8.492287813376883,226.7333220877126,203.9104520292716,128.82640206044968,171.70886236321817,74.61193404753368,55.54166709465038,31.63377709694804,55.96925616337947,21.68865168681308,14.502513410783266,8.340717041837369,16.310872609451533
2026-07-24 12:00:00,EP072026,22,2026-07-27 12:00:00,3 days 00:00:00,72,16.1,-111.63,960.1,105.6,16.11164083112515,238.56628656354172,207.0516492939727,126.1587449452399,175.607285870275,97.0594912462684,77.35630940088593,49.310507800984325,73.62754697391935,43.53985124503255,35.809997201597824,25.12698448582616,34.934796942905535
2026-07-24 12:00:00,EP072026,22,2026-07-27 18:00:00,3 days 06:00:00,78,16.79,-112.28,963.0,99.0,28.27673907934326,244.6088743556741,209.45582831493152,125.75948989088772,195.9128348145964,105.89203100807369,90.47480786850632,65.03945123596719,89.85086522124402,48.18062920536568,42.4988219973244,34.878846688721694,41.2059725459028
2026-07-24 12:00:00,EP072026,22,2026-07-28 00:00:00,3 days 12:00:00,84,17.25,-113.31,960.9,101.9,40.1531794280389,204.70151494687505,167.83583180219603,121.22897206231356,172.80842373926723,68.8645196931493,49.769330828205625,34.3247138758564,55.87562164333184,40.1531794280389,23.963951452641997,18.301417853364697,25.72728033835014
2026-07-24 12:00:00,EP072026,22,2026-07-28 06:00:00,3 days 18:00:00,90,17.55,-113.84,955.1,103.3,29.703424539643123,271.8544986923788,231.82125355195512,166.1980991680532,231.08721505621517,134.82495843694244,116.8635193548032,84.574010951166,116.70284502732254,61.36815270931015,54.97095418097568,43.62401706320736,53.60445593420644
2026-07-24 12:00:00,EP072026,22,2026-07-28 12:00:00,4 days 00:00:00,96,17.89,-114.51,963.7,94.6,19.804427329613134,271.21388902407466,226.4292317429345,144.47235439817177,204.6480343444177,115.93226478954466,93.59286563934654,63.26021467041198,90.63013154678843,44.43335581283617,36.557167026563775,27.36059849971809,36.39671253702346
2026-07-24 12:00:00,EP072026,22,2026-07-28 18:00:00,4 days 06:00:00,102,18.18,-115.15,971.7,87.1,51.08329192846696,226.2619270228095,181.3340934250204,128.72001784145078,193.4548578286374,121.0943168402088,98.5337449747754,75.16778159483728,104.542351082322,64.48524007562803,56.53547369973551,44.1309640875852,55.16844083140133
2026-07-24 12:00:00,EP072026,22,2026-07-29 00:00:00,4 days 12:00:00,108,18.76,-116.03,961.2,87.9,17.855251537400694,279.91400901134875,255.56833760569717,213.77441304998064,247.694057145829,133.26548845558983,121.26314154494176,100.55047789593009,117.00421930516455,73.17691599104562,69.02348950289829,57.35749945505512,65.55874204782798
2026-07-24 12:00:00,EP072026,22,2026-07-29 06:00:00,4 days 18:00:00,114,19.02,-116.7,971.8,88.1,27.638226151056102,200.1880904888692,175.76120745561718,117.89179061222744,152.20482676486628,30.74445008320864,19.179351055343687,5.23257759944367,27.638226151056102,1.729230242648491,0.0,0.0,27.638226151056102
2026-07-24 12:00:00,EP072026,22,2026-07-29 12:00:00,5 days 00:00:00,120,19.51,-117.26,976.5,79.8,24.2279276861983,260.21886466116746,236.4040644472544,161.44283954119243,206.84603524809225,110.19566698068972,95.45727098589876,64.87795244632747,85.68523740180989,32.37985040860394,27.310335619814907,20.00012854838993,25.900676709675796
2026-07-24 12:00:00,EP072026,22,2026-07-29 18:00:00,5 days 06:00:00,126,19.56,-118.18,974.5,74.6,30.102758377516423,251.4051417352479,202.2942057778112,137.98009486402685,221.3468849716072,136.62078877315383,112.8957568647306,85.61200126544782,113.61440120379552,56.92079998172278,48.83614392803831,38.00229563579283,48.43795569096535
2026-07-24 12:00:00,EP072026,22,2026-07-30 00:00:00,5 days 12:00:00,132,20.45,-118.88,979.9,64.4,36.54115109513545,158.17494715853368,125.05079386071496,103.76257491095872,144.0892805197857,65.76821240825636,52.77696620021763,38.25714933839168,55.41489363298123,36.54115109513545,3.2351234512621923,1.869682642586298,4.807701724246369
2026-07-24 12:00:00,EP072026,22,2026-07-30 06:00:00,5 days 18:00:00,138,20.44,-119.89,972.3,75.3,50.900466913098384,175.61271406148188,137.69888983415973,124.82763935961292,158.435691175613,81.06097854451437,66.1226311288233,48.43838251913518,68.54844252870117,5.019823985950708,2.799028629505643,0.8326339911234726,50.900466913098384
2026-07-24 12:00:00,EP072026,22,2026-07-30 12:00:00,6 days 00:00:00,144,20.8,-120.61,983.7,69.1,33.01691448851237,149.0459285355042,95.26515984062324,69.48673566907073,120.4650692716612,83.68870265855439,67.24617375783829,51.194717514435936,70.47900938805697,33.01691448851237,24.04866161315492,19.04453338671568,24.73123957244385
2026-07-24 12:00:00,EP072026,22,2026-07-30 18:00:00,6 days 06:00:00,150,21.05,-121.24,987.7,64.3,52.528945174660606,205.52484977046575,150.10022125277854,112.55796751504614,165.37261542053315,59.32270412609214,46.11394342622873,31.80758003796926,48.474204342768616,52.528945174660606,0.4860106333107516,0.0,1.515536660186883
2026-07-24 12:00:00,EP072026,22,2026-07-31 00:00:00,6 days 12:00:00,156,21.21,-121.76,983.9,58.0,42.82559523584507,171.6671893395128,136.17285509128533,96.55300021464063,146.69653977442476,42.82559523584507,9.235967979417012,5.848672988326058,14.83019539582125,0.0,0.0,0.0,0.0
2026-07-24 12:00:00,EP072026,22,2026-07-31 06:00:00,6 days 18:00:00,162,21.87,-122.79,998.5,45.9,42.40733725147868,110.50984604135463,90.49052239706928,70.22469498092201,92.47774158648052,0.0,0.0,0.0,0.0,0.0,0.0,0.0,0.0
2026-07-24 12:00:00,EP072026,22,2026-07-31 12:00:00,7 days 00:00:00,168,22.18,-123.67,994.9,58.4,46.91436696693195,102.53828274739166,82.24215214946898,55.44082476130134,80.84455247480915,46.91436696693195,1.6176907983773567,0.0,2.6145310271872138,0.0,0.0,0.0,0.0
2026-07-24 12:00:00,EP072026,22,2026-07-31 18:00:00,7 days 06:00:00,174,23.01,-124.72,992.4,49.6,56.78089357762151,90.4799500917369,64.7778498187432,45.41711574420229,73.97213145593847,0.0,0.0,0.0,0.0,0.0,0.0,0.0,0.0
2026-07-24 12:00:00,EP072026,22,2026-08-01 00:00:00,7 days 12:00:00,180,23.23,-125.73,1000.5,44.6,54.45825015620582,128.20206291070434,100.3000165574304,67.02988656222199,101.35236727308516,0.0,0.0,0.0,0.0,0.0,0.0,0.0,0.0
2026-07-24 12:00:00,EP072026,22,2026-08-01 06:00:00,7 days 18:00:00,186,23.77,-127.14,991.2,52.8,81.0442081186336,81.0442081186336,21.064582941226547,2.0281336141077,81.0442081186336,2.55088959556002,0.0,0.0,81.0442081186336,0.0,0.0,0.0,0.0
2026-07-24 12:00:00,EP072026,22,2026-08-01 12:00:00,8 days 00:00:00,192,23.94,-128.64,984.1,55.0,91.17984321076727,91.17984321076727,4.414147464667828,0.9025452485437936,91.17984321076727,5.126390727020604,0.0,0.9025452485437936,91.17984321076727,0.0,0.0,0.0,0.0
2026-07-24 12:00:00,EP072026,22,2026-08-01 18:00:00,8 days 06:00:00,198,24.36,-130.05,1005.2,33.8,40.799377685219454,0.0,0.0,0.0,0.0,0.0,0.0,0.0,0.0,0.0,0.0,0.0,0.0
2026-07-24 12:00:00,EP072026,22,2026-08-02 00:00:00,8 days 12:00:00,204,25.01,-131.5,997.5,34.6,103.81317302896235,103.81317302896235,9.38831909060346,1.8769045662660917,11.031022318521252,0.0,0.0,0.0,0.0,0.0,0.0,0.0,0.0
2026-07-24 12:00:00,WP112026,22,2026-07-24 12:00:00,0 days 00:00:00,0,19.7,120.4,991.0,60.0,37.0,139.0,93.0,84.0,139.0,,,,,0.0,0.0,0.0,0.0
2026-07-24 12:00:00,WP112026,22,2026-07-24 18:00:00,0 days 06:00:00,6,19.94,119.12,967.8,86.1,33.64479832617974,203.83183913706125,175.16956774076374,147.62605810526077,177.34663788970488,127.20614380619122,113.078838704449,95.54593016792472,112.11105846457878,63.98753419957754,58.948229669079126,49.46759500400746,55.99950526705777
2026-07-24 12:00:00,WP112026,22,2026-07-25 00:00:00,0 days 12:00:00,12,20.66,118.11,961.0,94.9,26.10290959260052,214.0596222384672,188.3033720237408,149.1611714003012,184.9492337338533,96.5146157449921,83.53732602589223,67.11392531032197,84.11460567067994,60.18705024109398,55.80804044244983,45.3632679271311,53.98873926858431
2026-07-24 12:00:00,WP112026,22,2026-07-25 06:00:00,0 days 18:00:00,18,21.42,117.05,951.7,106.3,7.404361042893925,244.9854289133464,217.58190674245475,164.66972601129146,206.1511236616584,120.82887800283628,100.50524621767283,78.73294825054029,100.91675920883743,58.68675341758762,52.17745283834773,41.88746166914336,50.61979075991678
2026-07-24 12:00:00,WP112026,22,2026-07-25 12:00:00,1 days 00:00:00,24,21.83,115.98,940.3,111.8,25.754036277327355,242.9602337221299,214.4617103251266,173.042965952153,205.6630594310285,129.0243686936654,113.43043053634896,94.01065950226732,112.35596138311736,74.16349725131812,66.94045968315226,56.09659111889739,64.0754884335138
2026-07-24 12:00:00,WP112026,22,2026-07-25 18:00:00,1 days 06:00:00,30,22.58,115.19,946.9,105.5,23.923210331892825,270.2611890245307,237.78785369606115,184.36864128098088,226.52004794981536,133.9203673599414,116.22586827014354,93.07008164260924,114.99772878833988,69.48445745088662,62.53783621158192,51.57527914775963,60.51517492898694
2026-07-24 12:00:00,WP112026,22,2026-07-26 00:00:00,1 days 12:00:00,36,23.36,114.83,967.0,72.5,30.62014356943059,174.87813608018593,156.24850162234486,109.66884032765176,129.81097157744634,36.08752212284786,27.262648810382228,20.601781124022896,27.391796977633703,30.62014356943059,0.0,0.0,0.7539152443836961
2026-07-24 12:00:00,WP112026,22,2026-07-26 06:00:00,1 days 18:00:00,42,24.27,114.83,979.7,57.8,16.384720411799925,167.17665067165058,139.92042274658104,113.47516871903817,130.65100912772976,52.30718360501114,46.658218532565925,35.89382397639946,44.47265735490264,0.0,0.0,0.0,0.0
2026-07-24 12:00:00,WP112026,22,2026-07-26 12:00:00,2 days 00:00:00,48,24.64,114.26,985.6,47.4,49.634015323934,218.7965099837008,203.0683915256255,173.08736647941453,186.71804977013807,0.0,0.0,0.0,0.0,0.0,0.0,0.0,0.0
2026-07-24 12:00:00,WP112026,22,2026-07-26 18:00:00,2 days 06:00:00,54,25.45,113.71,995.5,20.3,105.049901905949,0.0,0.0,0.0,0.0,0.0,0.0,0.0,0.0,0.0,0.0,0.0,0.0
2026-07-24 12:00:00,WP112026,22,2026-07-27 00:00:00,2 days 12:00:00,60,26.95,113.4,998.8,24.1,64.05558648036164,0.0,0.0,0.0,0.0,0.0,0.0,0.0,0.0,0.0,0.0,0.0,0.0
2026-07-24 12:00:00,WP112026,22,2026-07-27 06:00:00,2 days 18:00:00,66,27.7,112.87,1003.6,20.5,56.92999063470257,0.0,0.0,0.0,0.0,0.0,0.0,0.0,0.0,0.0,0.0,0.0,0.0
2026-07-24 12:00:00,WP112026,22,2026-07-27 12:00:00,3 days 00:00:00,72,28.33,112.46,1005.4,16.2,148.57872586445373,0.0,0.0,0.0,0.0,0.0,0.0,0.0,0.0,0.0,0.0,0.0,0.0
2026-07-24 12:00:00,WP112026,22,2026-07-27 18:00:00,3 days 06:00:00,78,29.58,112.68,1001.5,20.6,69.54308349988912,0.0,0.0,0.0,0.0,0.0,0.0,0.0,0.0,0.0,0.0,0.0,0.0
2026-07-24 12:00:00,EP062026,23,2026-07-24 12:00:00,0 days 00:00:00,0,18.5,-130.6,970.0,89.0,37.0,297.0,185.0,111.0,297.0,148.0,74.0,56.0,111.0,74.0,37.0,28.0,56.0
2026-07-24 12:00:00,EP062026,23,2026-07-24 18:00:00,0 days 06:00:00,6,18.84,-132.1,983.2,74.0,32.992387098927686,256.3705480494164,202.4549493412256,153.57790017131992,220.26650797672744,133.22234300888945,109.70892925608317,85.5093644579218,110.83874652700467,42.80984726142035,36.80013384873988,29.16601076174624,36.69164396160518
2026-07-24 12:00:00,EP062026,23,2026-07-25 00:00:00,0 days 12:00:00,12,18.97,-133.16,982.0,72.0,16.58414460127966,208.02241649314303,152.0377983984131,109.4299747872944,194.55912330182164,105.78445947691186,73.13737046061468,48.891905585990486,83.49249650305447,21.95766818788492,14.088890497385202,10.539083178995387,18.799281832782697
2026-07-24 12:00:00,EP062026,23,2026-07-25 06:00:00,0 days 18:00:00,18,19.0,-134.51,989.7,68.8,53.1564499723587,235.24387275354684,180.3297401433041,135.99118440595382,213.9492188924288,138.31412910622544,108.0639990030146,86.51173002982713,120.53348766590447,61.41051402875531,53.544681668359296,44.07140618873986,53.12134105689115
2026-07-24 12:00:00,EP062026,23,2026-07-25 12:00:00,1 days 00:00:00,24,19.03,-135.69,987.9,66.9,31.281630257853514,178.9412184220348,124.247598898201,81.84248265059766,155.79493830380733,50.61542302373434,29.639830880330003,16.356265006024017,37.20910622665081,1.380109451350065,0.0,0.0,31.281630257853514
2026-07-24 12:00:00,EP062026,23,2026-07-25 18:00:00,1 days 06:00:00,30,19.29,-136.91,988.9,56.1,50.31426396591944,257.18081694146315,191.4908660022256,146.33453655301696,232.983643945846,124.45680843956572,94.5529817005793,69.04309442432535,95.00161234205372,0.0,0.0,0.0,0.0
2026-07-24 12:00:00,EP062026,23,2026-07-26 00:00:00,1 days 12:00:00,36,19.42,-137.65,991.6,64.6,41.50658554833072,269.7207725475829,211.64811954847735,157.06739915150428,242.7785173428011,69.6826739701492,44.20983008317802,25.353907675590182,49.92478203868408,41.50658554833072,0.0,0.0,0.9391455988091472
2026-07-24 12:00:00,EP062026,23,2026-07-26 06:00:00,1 days 18:00:00,42,19.59,-138.67,989.0,64.1,27.13927304335949,195.56564873969936,164.583358984241,113.49990505179574,160.7832148089999,75.74520244912762,61.88884448161701,45.9170035538729,67.14087279550198,27.13927304335949,17.34184856452911,12.22675594205822,16.566538678084136
2026-07-24 12:00:00,EP062026,23,2026-07-26 12:00:00,2 days 00:00:00,48,19.94,-140.08,992.2,59.9,48.96143178385443,178.96492934703306,135.35986646533397,91.32417387325444,161.80480758611273,85.87557824965657,60.90792101555715,41.778628516385865,62.00799090484708,0.0,0.0,0.0,0.0
2026-07-24 12:00:00,EP062026,23,2026-07-26 18:00:00,2 days 06:00:00,54,19.98,-141.34,993.5,57.4,60.72044230475012,253.0646054086547,208.47507569237683,143.9461416701731,208.19111530142385,60.72044230475012,1.7030770858169988,0.0,9.050770864575632,0.0,0.0,0.0,0.0
2026-07-24 12:00:00,EP062026,23,2026-07-27 00:00:00,2 days 12:00:00,60,20.22,-143.0,996.1,51.9,49.656893459585646,247.91785751274145,180.85935173188196,119.3527173460498,216.7933883083135,85.5129233086482,60.66236079542858,39.44115144674899,59.2505467674394,0.0,0.0,0.0,0.0
2026-07-24 12:00:00,EP062026,23,2026-07-27 06:00:00,2 days 18:00:00,66,20.31,-144.35,998.1,48.6,79.09627003475255,151.1061833352402,113.05434124279142,72.29146771428547,112.15278948451376,0.0,0.0,0.0,0.0,0.0,0.0,0.0,0.0
2026-07-24 12:00:00,EP062026,23,2026-07-27 12:00:00,3 days 00:00:00,72,20.56,-146.34,1005.4,40.7,84.50920884984768,250.0178891351977,203.2458805018805,144.00158818291442,205.85417422120665,0.0,0.0,0.0,0.0,0.0,0.0,0.0,0.0
2026-07-24 12:00:00,EP062026,23,2026-07-27 18:00:00,3 days 06:00:00,78,20.89,-148.14,1004.4,36.7,101.41238018823292,101.41238018823292,1.3509092696477438,0.0,5.625591484123603,0.0,0.0,0.0,0.0,0.0,0.0,0.0,0.0
2026-07-24 12:00:00,EP062026,23,2026-07-28 00:00:00,3 days 12:00:00,84,21.19,-149.42,1006.1,35.2,82.64718620348992,82.64718620348992,2.370631122526703,0.0,12.748428705757938,0.0,0.0,0.0,0.0,0.0,0.0,0.0,0.0
2026-07-24 12:00:00,EP072026,23,2026-07-24 12:00:00,0 days 00:00:00,0,8.9,-99.9,1005.0,29.0,93.0,0.0,0.0,0.0,0.0,0.0,0.0,0.0,0.0,0.0,0.0,0.0,0.0
2026-07-24 12:00:00,EP072026,23,2026-07-24 18:00:00,0 days 06:00:00,6,8.66,-101.33,999.7,41.2,55.22188077600835,119.31128594926167,98.62582322555431,65.26758844396173,95.47495583898676,0.0,0.0,0.0,0.0,0.0,0.0,0.0,0.0
2026-07-24 12:00:00,EP072026,23,2026-07-25 00:00:00,0 days 12:00:00,12,9.59,-102.03,1003.3,37.2,56.09940780236237,56.09940780236237,9.219537259986838,4.501260185525761,18.889360254881048,0.0,0.0,0.0,0.0,0.0,0.0,0.0,0.0
2026-07-24 12:00:00,EP072026,23,2026-07-25 06:00:00,0 days 18:00:00,18,10.29,-103.09,1001.3,45.5,61.890029732873,83.90866113759122,76.91916245210498,47.33676649048724,68.47780295656608,0.0,0.0,0.0,0.0,0.0,0.0,0.0,0.0
2026-07-24 12:00:00,EP072026,23,2026-07-25 12:00:00,1 days 00:00:00,24,10.62,-103.97,1004.1,44.6,58.61112423968007,121.58627708463972,90.11130552884788,43.849799378713215,85.28831470567457,0.0,0.0,0.0,0.0,0.0,0.0,0.0,0.0
2026-07-24 12:00:00,EP072026,23,2026-07-25 18:00:00,1 days 06:00:00,30,11.5,-105.23,1003.0,52.4,56.60003599517087,170.11218028262505,115.78182181082724,64.94897722886427,138.51881052897642,56.60003599517087,26.116782198656715,15.885689962731586,24.34793913497576,0.0,0.0,0.0,0.0
2026-07-24 12:00:00,EP072026,23,2026-07-26 00:00:00,1 days 12:00:00,36,12.24,-106.45,996.2,56.3,48.65490514519561,211.227458366264,180.72259841946453,112.63031585669384,171.17488673723233,48.65490514519561,8.819429281802307,1.6604427332718346,9.67894617813908,0.0,0.0,0.0,0.0
2026-07-24 12:00:00,EP072026,23,2026-07-26 06:00:00,1 days 18:00:00,42,12.71,-107.43,994.4,62.1,32.56787931612661,176.82136103978652,143.55734147328076,71.53447052480882,135.08879467614844,75.03912916863793,57.49940307987464,35.03423405123475,53.11652797248945,0.0,0.0,0.0,0.0
2026-07-24 12:00:00,EP072026,23,2026-07-26 12:00:00,2 days 00:00:00,48,13.49,-108.6,986.3,70.6,44.99530714841202,179.8083531732414,147.0898113149084,81.22697978811634,134.106104125869,86.01482495949311,64.83098138517714,40.04893348296228,61.24656318851135,44.99530714841202,7.939728881677668,4.848619136954743,8.971386258634197
2026-07-24 12:00:00,EP072026,23,2026-07-26 18:00:00,2 days 06:00:00,54,13.91,-109.7,980.4,83.8,12.073163863814544,232.4319539537748,182.52439274923853,110.72818611115515,199.0055311353657,94.89285975631674,71.45172442890677,47.55575045419094,69.90572854600009,12.073163863814544,7.082470227057692,4.483346426498035,9.399245976674242
2026-07-24 12:00:00,EP072026,23,2026-07-27 00:00:00,2 days 12:00:00,60,14.5,-110.6,977.3,86.5,27.73497464238504,198.72742707842443,171.2554188535595,113.29972538564172,152.25882152442156,104.65633718433416,77.14263583403662,52.801757323402505,83.67563170022187,42.33774931058705,35.646892952890525,27.309976439741437,35.91811953825194
2026-07-24 12:00:00,EP072026,23,2026-07-27 06:00:00,2 days 18:00:00,66,14.98,-111.64,979.8,80.8,21.805460861675808,212.550296765314,174.61510581169605,99.5475328573931,163.5162351511771,74.99737673265277,57.99871664268693,34.81104889497796,53.12874047369048,21.805460861675808,7.782011615211819,4.373992250496741,8.24707049383311
2026-07-24 12:00:00,EP072026,23,2026-07-27 12:00:00,3 days 00:00:00,72,15.9,-112.25,967.2,94.6,18.78077904899384,182.5466391067187,158.59089913306528,96.85960016229402,146.19863834711376,71.92650756843238,51.60283653088394,26.51270284276783,48.4452092300444,20.908245320533105,14.561958822480271,10.006724860983374,17.447106496020986
2026-07-24 12:00:00,EP072026,23,2026-07-27 18:00:00,3 days 06:00:00,78,16.57,-112.89,965.0,93.4,26.322649348758397,207.9203493352641,180.71331004046863,131.186241060114,176.61534254871134,100.8264985187544,80.88775013390824,60.36450012651365,81.5487355785202,49.37786769685769,41.84355043628796,33.72623120426439,42.28761263967479
2026-07-24 12:00:00,EP072026,23,2026-07-28 00:00:00,3 days 12:00:00,84,16.85,-113.63,963.0,103.3,10.045166477295991,222.0373972594409,190.54719079032543,121.3020022381824,180.2920134653507,94.42694966114676,68.85460458613096,42.11039259175252,71.81778821273497,40.5076994425695,32.21885139587974,24.62476604402248,34.23977699251054
2026-07-24 12:00:00,EP072026,23,2026-07-28 06:00:00,3 days 18:00:00,90,17.52,-114.2,954.9,110.9,23.492323644118454,195.23516988376505,168.51499838164327,131.70446815006775,169.1527933397091,70.67196035151846,51.55337755364906,36.309748619572034,57.77151952747099,47.67682583416822,39.4073603654259,31.519731237038044,40.9996612734971
2026-07-24 12:00:00,EP072026,23,2026-07-28 12:00:00,4 days 00:00:00,96,17.68,-114.83,963.8,95.1,22.85468704482093,219.3666144787641,186.5726170004621,140.9155501541967,187.84188001532607,96.89194212509216,72.55412410580294,50.92996114573532,78.92572480394006,42.86044194672149,35.032457144369545,26.59060329446357,35.98225571634225
2026-07-24 12:00:00,EP072026,23,2026-07-28 18:00:00,4 days 06:00:00,102,17.97,-115.49,966.1,95.3,40.472417522168506,267.6361324304949,201.2292586970359,154.294940839238,234.1931389203794,113.54253313495624,82.71087624744104,58.98930790265677,95.8971626112786,52.85785699028652,43.7511377228184,35.644226416552115,46.139332058898745
2026-07-24 12:00:00,EP072026,23,2026-07-29 00:00:00,4 days 12:00:00,108,18.3,-116.08,969.3,92.3,39.36655146158519,233.1929497544453,203.9049539552236,152.4323423742876,202.23943249010424,104.59161114610102,82.50243081421385,64.69450390565294,86.61242455979888,64.35679870908825,56.55380908425657,45.585168683942136,55.60251479611385
2026-07-24 12:00:00,EP072026,23,2026-07-29 06:00:00,4 days 18:00:00,114,18.53,-116.42,966.0,90.8,42.051495274270735,301.007541997893,267.5400539428924,199.4430926468549,256.3462452267304,148.14777795284408,126.29666214451186,96.22510541397128,130.72132172041609,89.7818115081534,79.64134496308031,63.7367194634391,76.2643479155895
2026-07-24 12:00:00,EP072026,23,2026-07-29 12:00:00,5 days 00:00:00,120,19.23,-117.59,973.3,79.2,20.14064330848906,216.45427336084123,198.3151469416696,155.6345166814623,183.61784055556095,109.3079144256049,94.4827386811942,72.98938729622319,90.7403570448066,57.82815701891323,52.71929621934794,43.03414923213596,49.59459577011506
2026-07-24 12:00:00,EP072026,23,2026-07-29 18:00:00,5 days 06:00:00,126,19.41,-118.42,985.2,67.9,52.34761426066701,210.029795284192,165.19079200827073,117.7921246453787,178.3003505933271,58.51684447946956,41.0700853828927,26.19872075708139,42.67453524539062,52.34761426066701,0.0,0.0,0.0
2026-07-24 12:00:00,EP072026,23,2026-07-30 00:00:00,5 days 12:00:00,132,19.81,-119.37,992.7,57.8,45.74757630630446,238.83572642034372,199.9541964001991,144.39511063410208,201.5250700547262,49.50853970037083,31.75564150692781,17.65150301760555,33.37930552074239,0.0,0.0,0.0,0.0
2026-07-24 12:00:00,EP072026,23,2026-07-30 06:00:00,5 days 18:00:00,138,20.17,-120.5,990.7,57.7,80.58208556658897,247.80916277116117,205.6722210933556,152.2977807667371,198.56937837184955,80.58208556658897,0.0,0.0,3.508526851730532,0.0,0.0,0.0,0.0
2026-07-24 12:00:00,EP072026,23,2026-07-30 12:00:00,6 days 00:00:00,144,20.03,-120.86,981.1,71.6,25.380747189497757,193.00986128108647,182.8640276006008,189.1053024782667,198.5837912513471,100.24175421886832,92.5923522687953,83.32701626736517,94.24829979037568,49.21729235237997,46.35677420590873,38.9202690601665,44.03143372838075
2026-07-24 12:00:00,EP072026,23,2026-07-30 18:00:00,6 days 06:00:00,150,21.28,-121.7,996.8,45.2,85.38989649754173,202.7760717900868,179.28810408473288,123.29735057564798,150.10220533432476,0.0,0.0,0.0,0.0,0.0,0.0,0.0,0.0
2026-07-24 12:00:00,EP072026,23,2026-07-31 00:00:00,6 days 12:00:00,156,21.93,-123.11,1001.5,39.8,67.21868169115488,158.96559243812558,126.04363765012477,90.22278362113708,123.03444205251073,0.0,0.0,0.0,0.0,0.0,0.0,0.0,0.0
2026-07-24 12:00:00,EP072026,23,2026-07-31 06:00:00,6 days 18:00:00,162,22.2,-125.09,1005.4,32.9,143.31379489188052,0.0,0.0,0.0,0.0,0.0,0.0,0.0,0.0,0.0,0.0,0.0,0.0
2026-07-24 12:00:00,EP072026,23,2026-07-31 12:00:00,7 days 00:00:00,168,22.63,-126.25,1003.9,35.3,66.51858682548536,0.8903923226512092,0.0,0.0,66.51858682548536,0.0,0.0,0.0,0.0,0.0,0.0,0.0,0.0
2026-07-24 12:00:00,EP072026,23,2026-07-31 18:00:00,7 days 06:00:00,174,22.89,-127.49,1005.4,32.4,78.00237622648953,0.0,0.0,0.0,0.0,0.0,0.0,0.0,0.0,0.0,0.0,0.0,0.0
2026-07-24 12:00:00,EP072026,23,2026-08-01 00:00:00,7 days 12:00:00,180,23.13,-128.62,1006.2,27.1,67.75302533546412,0.0,0.0,0.0,0.0,0.0,0.0,0.0,0.0,0.0,0.0,0.0,0.0
2026-07-24 12:00:00,EP072026,23,2026-08-01 06:00:00,7 days 18:00:00,186,23.49,-129.83,1006.2,24.2,140.83021282283062,0.0,0.0,0.0,0.0,0.0,0.0,0.0,0.0,0.0,0.0,0.0,0.0
2026-07-24 12:00:00,EP072026,23,2026-08-01 12:00:00,8 days 00:00:00,192,23.64,-131.21,1008.5,26.0,116.6687395525306,0.0,0.0,0.0,0.0,0.0,0.0,0.0,0.0,0.0,0.0,0.0,0.0
2026-07-24 12:00:00,EP072026,23,2026-08-01 18:00:00,8 days 06:00:00,198,23.6,-132.37,1010.6,26.3,134.18130217829824,0.0,0.0,0.0,0.0,0.0,0.0,0.0,0.0,0.0,0.0,0.0,0.0
2026-07-24 12:00:00,EP072026,23,2026-08-02 00:00:00,8 days 12:00:00,204,23.61,-133.8,1010.2,29.6,79.61186626184436,0.0,0.0,0.0,0.0,0.0,0.0,0.0,0.0,0.0,0.0,0.0,0.0
2026-07-24 12:00:00,WP112026,23,2026-07-24 12:00:00,0 days 00:00:00,0,19.7,120.4,991.0,60.0,37.0,139.0,93.0,84.0,139.0,,,,,0.0,0.0,0.0,0.0
2026-07-24 12:00:00,WP112026,23,2026-07-24 18:00:00,0 days 06:00:00,6,20.16,119.07,977.0,72.1,18.9767951241259,216.1306576188498,172.03149810956768,142.31453894012247,192.63458055355625,97.99532484733032,75.98889716651854,53.20896229318036,74.42848425580118,18.9767951241259,7.531907167195277,4.501570684682611,9.86756653290108
2026-07-24 12:00:00,WP112026,23,2026-07-25 00:00:00,0 days 12:00:00,12,20.61,118.38,983.7,61.0,23.109234427940017,223.8134300038301,202.1822303212645,170.84674277324723,197.07880860441648,88.95327902399916,73.00689719136231,52.59425796144141,68.33553922822136,0.0,0.0,0.0,0.0
2026-07-24 12:00:00,WP112026,23,2026-07-25 06:00:00,0 days 18:00:00,18,21.31,117.08,977.7,71.8,43.62772251913785,231.9916794018349,205.20592962823355,153.88708173329496,189.5941397776146,134.37276723433513,114.2329998555133,86.0919673269425,105.5963313944755,43.62772251913785,30.390373192870044,24.0844891892541,28.28563541346541
2026-07-24 12:00:00,WP112026,23,2026-07-25 12:00:00,1 days 00:00:00,24,21.96,116.05,972.2,79.5,10.05828927017057,195.6137764768579,166.16800181217488,138.59320387379492,174.8453670082966,95.37616243622146,81.04062800396744,62.201567706116094,79.26479399833865,34.31926230232125,29.17975286841656,23.923514034203546,29.157035239028986
2026-07-24 12:00:00,WP112026,23,2026-07-25 18:00:00,1 days 06:00:00,30,22.32,115.51,966.3,85.6,8.656492073484689,233.65762634833,194.89678606722697,148.4642610995562,193.9981747964358,121.42103252023682,109.09113850897825,87.23177513930092,105.897800595119,61.96502573804378,56.368325398024375,47.38785327637496,54.03852814110075
2026-07-24 12:00:00,WP112026,23,2026-07-26 00:00:00,1 days 12:00:00,36,23.19,114.92,985.5,50.7,27.310300807613583,190.2734459028144,168.27187513967198,117.96987255535034,163.27061546599043,69.63947479579744,60.865658574372425,40.82149883563753,54.725719441177965,0.0,0.0,0.0,0.0
2026-07-24 12:00:00,WP112026,23,2026-07-26 06:00:00,1 days 18:00:00,42,23.95,114.17,984.4,44.3,43.94885017421584,112.74205256198348,90.38821655444023,46.96555575104377,73.96626847942859,0.0,0.0,0.0,0.0,0.0,0.0,0.0,0.0
2026-07-24 12:00:00,WP112026,23,2026-07-26 12:00:00,2 days 00:00:00,48,24.34,113.87,991.0,34.8,74.15394750306623,103.64855866216816,79.65327421694046,50.359194488709896,74.56545129358602,0.0,0.0,0.0,0.0,0.0,0.0,0.0,0.0
2026-07-24 12:00:00,WP112026,23,2026-07-26 18:00:00,2 days 06:00:00,54,24.78,113.63,1001.4,24.4,22.371863155271644,0.0,0.0,0.0,0.0,0.0,0.0,0.0,0.0,0.0,0.0,0.0,0.0
2026-07-24 12:00:00,WP112026,23,2026-07-27 00:00:00,2 days 12:00:00,60,26.16,113.77,997.0,27.5,98.274653535346,0.0,0.0,0.0,0.0,0.0,0.0,0.0,0.0,0.0,0.0,0.0,0.0
2026-07-24 12:00:00,WP112026,23,2026-07-27 06:00:00,2 days 18:00:00,66,27.0,113.05,999.2,20.5,40.18754922842324,0.0,0.0,0.0,0.0,0.0,0.0,0.0,0.0,0.0,0.0,0.0,0.0
2026-07-24 12:00:00,WP112026,23,2026-07-27 12:00:00,3 days 00:00:00,72,27.55,112.68,998.8,24.1,55.50575130397272,0.0,0.0,0.0,0.0,0.0,0.0,0.0,0.0,0.0,0.0,0.0,0.0
2026-07-24 12:00:00,EP062026,24,2026-07-24 12:00:00,0 days 00:00:00,0,18.5,-130.6,970.0,89.0,37.0,297.0,185.0,111.0,297.0,148.0,74.0,56.0,111.0,74.0,37.0,28.0,56.0
2026-07-24 12:00:00,EP062026,24,2026-07-24 18:00:00,0 days 06:00:00,6,18.7,-131.86,980.6,74.7,46.58829768609954,223.87191342369093,176.34406135196946,154.41823777792945,202.27762694229136,118.0612980144722,100.88117541831237,78.14922176480478,100.44089751307357,56.79771664719688,49.20918672744613,38.899576151128215,48.9437353684899
2026-07-24 12:00:00,EP062026,24,2026-07-25 00:00:00,0 days 12:00:00,12,19.03,-133.07,980.1,77.2,33.95633635219697,267.4094122379555,211.84481356616965,162.5238468471765,237.79941693160944,123.3305151026957,100.0311761883133,74.79347059541209,102.87603797293932,59.97302109464231,49.5746421933942,38.116169811839455,51.05982493740732
2026-07-24 12:00:00,EP062026,24,2026-07-25 06:00:00,0 days 18:00:00,18,19.11,-134.7,980.3,72.6,44.76203700270516,326.46839285134354,269.542815638957,212.7565064779086,275.17382532336194,96.048096702701,78.75604274885808,58.13153666542475,79.5161528901296,44.76203700270516,37.099350072011646,28.22680317499794,36.16352619844121
2026-07-24 12:00:00,EP062026,24,2026-07-25 12:00:00,1 days 00:00:00,24,19.28,-135.79,977.8,78.6,42.775685572372254,225.218783865462,178.63923020888217,145.2321234816564,202.03533938529225,109.56264505930544,92.7128934731244,71.84651632788339,93.4913004823932,54.04401320307362,46.23262397573522,35.86849804378332,45.79792430932108
2026-07-24 12:00:00,EP062026,24,2026-07-25 18:00:00,1 days 06:00:00,30,19.45,-136.78,985.4,71.4,40.97323557477776,251.3356050021713,187.45706269167107,153.6210753918807,216.13349537939948,109.94840594322028,88.26574543717456,63.37211764626241,91.94878191509292,49.90089902147973,40.65885842789867,29.62143796552824,41.36451432681807
2026-07-24 12:00:00,EP062026,24,2026-07-26 00:00:00,1 days 12:00:00,36,19.7,-137.89,983.9,68.5,32.70356091853931,161.19949107264537,123.38146707495416,93.79068294096814,145.6183511979441,64.51361144668599,56.51195643615172,43.77619593732185,53.58977705734986,32.70356091853931,0.9025307009427735,0.0,1.610001448763818
2026-07-24 12:00:00,EP062026,24,2026-07-26 06:00:00,1 days 18:00:00,42,19.75,-138.89,989.2,61.6,30.72965255138376,122.99543792786218,90.91408597514774,59.59181211470799,101.44668951827325,30.72965255138376,16.990068090083636,8.885500041722452,16.874258950665354,0.0,0.0,0.0,0.0
2026-07-24 12:00:00,EP062026,24,2026-07-26 12:00:00,2 days 00:00:00,48,19.75,-140.02,992.6,57.7,28.657611034262025,154.43789920540598,117.83771818288255,88.50772803481811,135.53322372915542,55.27154013284616,50.96123451998644,41.76367374313237,47.72826051052991,0.0,0.0,0.0,0.0
2026-07-24 12:00:00,EP062026,24,2026-07-26 18:00:00,2 days 06:00:00,54,19.82,-141.31,994.2,54.1,72.88772034650269,174.3640036856013,152.23483651733386,123.27778879325147,154.93892559787088,75.74684639368687,71.0889607049311,60.036781359327634,64.84799158766133,0.0,0.0,0.0,0.0
2026-07-24 12:00:00,EP062026,24,2026-07-27 00:00:00,2 days 12:00:00,60,20.11,-142.4,994.4,62.3,49.93467910443136,160.8522448743935,125.5198715316708,80.70809538717927,136.96893867432817,49.93467910443136,10.475501860543256,4.508816051786233,11.525617460443378,0.0,0.0,0.0,0.0
2026-07-24 12:00:00,EP062026,24,2026-07-27 06:00:00,2 days 18:00:00,66,20.29,-143.65,993.0,58.1,46.43131105215229,132.12396475131249,95.90235529129066,65.04094469600281,104.72008972286623,46.43131105215229,22.2832364655444,17.62396412458583,22.95635756462502,0.0,0.0,0.0,0.0
2026-07-24 12:00:00,EP062026,24,2026-07-27 12:00:00,3 days 00:00:00,72,20.87,-144.89,993.1,60.4,76.05411713451639,189.3683176596728,152.22426798841485,113.83039697468328,152.8139255721809,76.05411713451639,2.920891187155064,1.3275276533402736,3.8007345282787344,0.0,0.0,0.0,0.0
2026-07-24 12:00:00,EP062026,24,2026-07-27 18:00:00,3 days 06:00:00,78,20.82,-146.67,998.4,57.2,36.27426752772968,191.02291514297625,165.78350034796995,124.6029774267242,163.5462471134578,74.07838238887584,70.40131070000756,60.32118618511193,62.05517508675012,0.0,0.0,0.0,0.0
2026-07-24 12:00:00,EP062026,24,2026-07-28 00:00:00,3 days 12:00:00,84,21.35,-148.4,996.4,49.1,60.05079899561906,93.96767313816964,64.31327894975652,42.27150319951693,72.28457781122142,0.0,0.0,0.0,0.0,0.0,0.0,0.0,0.0
2026-07-24 12:00:00,EP062026,24,2026-07-28 06:00:00,3 days 18:00:00,90,21.52,-149.38,999.8,43.0,81.68256221878354,142.044962726293,110.9474656119839,87.89059827642559,117.36241693862628,0.0,0.0,0.0,0.0,0.0,0.0,0.0,0.0
2026-07-24 12:00:00,EP062026,24,2026-07-28 12:00:00,4 days 00:00:00,96,21.87,-151.06,1001.3,49.2,73.5490771516413,75.32525310368695,49.47810626424366,28.863388206739035,46.51773754217282,0.0,0.0,0.0,0.0,0.0,0.0,0.0,0.0
2026-07-24 12:00:00,EP062026,24,2026-07-28 18:00:00,4 days 06:00:00,102,22.25,-152.39,1004.9,39.8,105.01996073972056,105.01996073972056,0.0,0.0,3.239414559502954,0.0,0.0,0.0,0.0,0.0,0.0,0.0,0.0
2026-07-24 12:00:00,EP062026,24,2026-07-29 00:00:00,4 days 12:00:00,108,22.42,-153.49,1005.0,41.1,51.92117142471373,51.92117142471373,6.131444948681679,0.0,7.036571278574788,0.0,0.0,0.0,0.0,0.0,0.0,0.0,0.0
2026-07-24 12:00:00,EP062026,24,2026-07-29 06:00:00,4 days 18:00:00,114,22.78,-154.72,1006.3,36.3,54.23692080671779,54.23692080671779,0.0,0.0,0.0,0.0,0.0,0.0,0.0,0.0,0.0,0.0,0.0
2026-07-24 12:00:00,EP062026,24,2026-07-29 12:00:00,5 days 00:00:00,120,23.62,-156.43,1005.8,27.8,85.79318314082559,0.0,0.0,0.0,0.0,0.0,0.0,0.0,0.0,0.0,0.0,0.0,0.0
2026-07-24 12:00:00,EP072026,24,2026-07-24 12:00:00,0 days 00:00:00,0,8.9,-99.9,1005.0,29.0,93.0,0.0,0.0,0.0,0.0,0.0,0.0,0.0,0.0,0.0,0.0,0.0,0.0
2026-07-24 12:00:00,EP072026,24,2026-07-24 18:00:00,0 days 06:00:00,6,8.67,-101.04,1004.3,39.3,97.69806642388905,0.0,0.0,2.8558741851466465,97.69806642388905,0.0,0.0,0.0,0.0,0.0,0.0,0.0,0.0
2026-07-24 12:00:00,EP072026,24,2026-07-25 00:00:00,0 days 12:00:00,12,9.3,-101.93,999.1,45.0,57.53952303534735,108.83029724855398,90.89084610520068,63.94026070701793,90.43885301200692,0.0,0.0,0.0,0.0,0.0,0.0,0.0,0.0
2026-07-24 12:00:00,EP072026,24,2026-07-25 06:00:00,0 days 18:00:00,18,10.28,-102.77,1001.9,42.9,40.8919372728044,81.77706052697829,70.91812981641556,45.62327622990091,66.36303544969121,0.0,0.0,0.0,0.0,0.0,0.0,0.0,0.0
2026-07-24 12:00:00,EP072026,24,2026-07-25 12:00:00,1 days 00:00:00,24,11.14,-104.45,998.2,40.1,90.52010675181026,90.52010675181026,4.144941514991331,0.0,6.854638117203237,0.0,0.0,0.0,0.0,0.0,0.0,0.0,0.0
2026-07-24 12:00:00,EP072026,24,2026-07-25 18:00:00,1 days 06:00:00,30,11.31,-105.4,1001.9,50.7,63.29843126283971,63.29843126283971,45.07664938754286,26.16672499282919,44.25341782172917,63.29843126283971,2.309006035789173,1.2214147566396116,1.7080661222669755,0.0,0.0,0.0,0.0
2026-07-24 12:00:00,EP072026,24,2026-07-26 00:00:00,1 days 12:00:00,36,11.98,-106.31,1000.6,48.1,70.41942353179033,127.91600401258358,94.14823965434068,50.80977071232565,85.14737391224196,0.0,0.0,0.0,0.0,0.0,0.0,0.0,0.0
2026-07-24 12:00:00,EP072026,24,2026-07-26 06:00:00,1 days 18:00:00,42,12.76,-107.51,992.7,66.0,45.65997217064515,166.73057472654406,130.93858977018266,85.91378721375162,140.29769587564834,64.95543718115195,57.49576305873734,46.20842682527559,53.78625210945739,45.65997217064515,0.0,0.0,0.0
2026-07-24 12:00:00,EP072026,24,2026-07-26 12:00:00,2 days 00:00:00,48,13.01,-108.69,995.3,60.0,42.58806366724297,230.4881691964659,197.16252219742887,141.2489326723058,190.1792387025569,56.783638963257935,49.49951699758536,39.05111531116855,44.996348485328575,0.0,0.0,0.0,0.0
2026-07-24 12:00:00,EP072026,24,2026-07-26 18:00:00,2 days 06:00:00,54,13.43,-109.8,989.7,68.8,60.958535398078055,284.4356945272278,234.86426651394555,179.63470440195974,232.453217364564,60.958535398078055,37.7880142847399,26.453177333389355,34.10848373210026,60.958535398078055,0.4778017785861549,0.0,1.2183697970322356
2026-07-24 12:00:00,EP072026,24,2026-07-27 00:00:00,2 days 12:00:00,60,14.1,-110.71,979.2,73.4,14.969498153940377,239.00474570308,202.2769772544659,129.0727677258487,185.25169199869345,115.4334151588278,95.04868011683914,66.31694897137952,92.01008214514498,51.94414711800096,44.702414925743554,32.805700113761915,42.97657999843651
2026-07-24 12:00:00,EP072026,24,2026-07-27 06:00:00,2 days 18:00:00,66,14.9,-111.68,966.4,97.6,13.701631411693503,226.68722802983137,190.80600281053395,123.86775304382694,188.18665700677445,108.96132566132756,87.39037400306285,60.892976729961134,89.59729456367627,50.75887435717034,41.73233438756475,31.27962104209339,42.24727509530992
2026-07-24 12:00:00,EP072026,24,2026-07-27 12:00:00,3 days 00:00:00,72,15.51,-112.35,972.5,90.5,23.451754174546757,229.4846303646262,175.5115016512135,110.65308406733472,185.65357391430305,105.58774257179589,82.25035490294285,54.06692213627581,83.43614588436341,45.70354955746798,36.29435074885829,26.63864308259904,37.67398580752975
2026-07-24 12:00:00,EP072026,24,2026-07-27 18:00:00,3 days 06:00:00,78,15.85,-113.16,956.2,108.1,28.77359906078736,204.2049410248713,165.9949840169661,104.4562746648943,173.83050167660815,106.13792427087054,82.90293134057526,60.36660999846456,88.52474118841002,53.28008969153554,44.60672003797414,37.107659067390486,47.29464731237283
2026-07-24 12:00:00,EP072026,24,2026-07-28 00:00:00,3 days 12:00:00,84,16.66,-113.84,958.3,108.9,32.88811403284743,227.97665458958392,197.0948277156079,129.17064909180726,184.8357864604017,110.5300551860404,88.04423630860207,64.67581145065725,89.80852220896335,56.520995923400655,47.666814069752384,37.92531387779235,49.48272821062583
2026-07-24 12:00:00,EP072026,24,2026-07-28 06:00:00,3 days 18:00:00,90,17.06,-114.58,966.5,94.5,45.98093260059906,286.06795716415365,235.0341039550277,169.73980672035304,229.68158942187392,53.66458234804486,34.89290037127272,15.657477501875604,39.23232687380964,45.98093260059906,13.245748956415689,7.11941465848864,16.397717335181454
2026-07-24 12:00:00,EP072026,24,2026-07-28 12:00:00,4 days 00:00:00,96,17.32,-115.55,950.5,111.7,23.4498281498892,263.6295804877715,201.63687518186651,172.64414170013634,235.57966227885544,74.59309713986143,57.31053990713669,43.74952727381032,64.15171898932908,36.23915693989091,29.707345127279208,22.57946860067206,31.09399537818854
2026-07-24 12:00:00,EP072026,24,2026-07-28 18:00:00,4 days 06:00:00,102,17.64,-116.31,964.1,97.2,32.793775020757145,298.2760858559656,247.2562156348169,187.05833610764503,243.22908009655887,101.76689334199826,79.59130802100198,54.960693960686434,83.53067889259347,47.99714180482131,39.58080620256938,29.694979739313396,41.21442644381975
2026-07-24 12:00:00,EP072026,24,2026-07-29 00:00:00,4 days 12:00:00,108,17.98,-117.26,952.8,106.9,21.28609298983747,191.34584893173107,147.01179225187445,121.5772854858193,186.88536359130077,93.1805953693007,70.90401423530457,53.44353071670757,82.02669310024555,47.6703741856366,38.79170321508974,30.863683599714587,41.44331683370541
2026-07-24 12:00:00,EP072026,24,2026-07-29 06:00:00,4 days 18:00:00,114,18.33,-118.13,960.4,103.4,33.2956807342171,242.85002060851235,192.7848004624904,133.54275352980193,210.5648305651252,131.7904792265686,108.75079972424598,85.8694658886962,112.46214675186388,68.27804928787168,59.43840078840232,49.381927307714285,61.04606248832354
2026-07-24 12:00:00,EP072026,24,2026-07-29 12:00:00,5 days 00:00:00,120,18.22,-118.8,967.5,96.6,26.571893921339505,313.53719550926184,270.5134577605582,222.30050902810584,296.51871242391536,132.27418955339493,114.4072441715081,93.70272986752892,116.41298181097308,70.68820815689718,61.98167243223799,51.397613033072496,62.53215505994618
2026-07-24 12:00:00,EP072026,24,2026-07-29 18:00:00,5 days 06:00:00,126,18.65,-119.71,976.7,77.1,32.039570242907445,235.36869559772444,185.9690097780222,153.25590459549835,204.26296737213704,126.26452835984526,110.80379507182204,88.9483728585482,107.91064329125288,64.21993703036522,57.8086488061483,46.91523875806077,55.81790828859724
2026-07-24 12:00:00,EP072026,24,2026-07-30 00:00:00,5 days 12:00:00,132,19.05,-120.53,982.1,75.9,12.181263518074983,259.5452519111845,217.7765661883951,155.84640129637657,222.2121033009122,72.40028830795784,55.72686542718658,32.45637995971416,54.55223468406727,28.166916996281135,22.062749572791063,13.61557779291324,22.69904458284312
2026-07-24 12:00:00,EP072026,24,2026-07-30 06:00:00,5 days 18:00:00,138,19.33,-121.51,989.3,61.3,28.98703659475576,229.77258705829095,200.91287134891104,142.89294538037942,192.30783376757876,81.30534709468898,72.1948034552707,52.57049929626431,63.829270671259295,0.0,0.0,0.0,0.0
2026-07-24 12:00:00,EP072026,24,2026-07-30 12:00:00,6 days 00:00:00,144,19.79,-122.42,993.6,60.1,27.135287466621595,228.57003233089677,188.4682649537082,123.25938476617368,180.23686914877035,73.32194109267395,56.10623812751277,32.920134414784386,58.15945454625083,0.0,0.0,0.0,0.0
2026-07-24 12:00:00,EP072026,24,2026-07-30 18:00:00,6 days 06:00:00,150,20.51,-123.34,989.2,58.4,41.56508567288912,145.77445534753966,109.11115427412028,63.74660012135117,97.06370859152877,41.56508567288912,2.4235488830460232,0.0,0.0,0.0,0.0,0.0,0.0
2026-07-24 12:00:00,EP072026,24,2026-07-31 00:00:00,6 days 12:00:00,156,21.13,-124.64,994.8,49.2,89.19289580895975,209.72129163614727,174.92972048351567,137.8707450630318,178.20394349459275,0.0,0.0,0.0,0.0,0.0,0.0,0.0,0.0
2026-07-24 12:00:00,EP072026,24,2026-07-31 06:00:00,6 days 18:00:00,162,21.74,-125.91,998.0,50.2,101.7498161775986,189.99401680178332,150.30549590433256,114.1165560912337,160.49147452637317,101.7498161775986,2.486892061271873,0.0,2.2497360009556493,0.0,0.0,0.0,0.0
2026-07-24 12:00:00,EP072026,24,2026-07-31 12:00:00,7 days 00:00:00,168,21.93,-127.11,1000.0,41.2,62.53898932867983,246.9231859525326,217.3510472171734,162.79566139142196,214.0868324525289,0.0,0.0,0.0,0.0,0.0,0.0,0.0,0.0
2026-07-24 12:00:00,EP072026,24,2026-07-31 18:00:00,7 days 06:00:00,174,22.22,-128.42,1003.9,35.5,68.03990803170768,221.5928476325153,180.48111806317456,146.0803044046662,188.1091348985001,0.0,0.0,0.0,0.0,0.0,0.0,0.0,0.0
2026-07-24 12:00:00,EP072026,24,2026-08-01 00:00:00,7 days 12:00:00,180,22.39,-129.82,999.9,41.7,83.60233245706682,83.60233245706682,0.0,0.0,9.98820638315152,0.0,0.0,0.0,0.0,0.0,0.0,0.0,0.0
2026-07-24 12:00:00,EP072026,24,2026-08-01 06:00:00,7 days 18:00:00,186,23.44,-130.97,993.5,47.6,57.3170896617039,57.3170896617039,0.402812798998525,4.889609502746623,4.916699641111791,0.0,0.0,0.0,0.0,0.0,0.0,0.0,0.0
2026-07-24 12:00:00,EP072026,24,2026-08-01 12:00:00,8 days 00:00:00,192,23.48,-132.38,1005.9,31.4,51.98559177786791,0.0,0.0,0.0,0.0,0.0,0.0,0.0,0.0,0.0,0.0,0.0,0.0
2026-07-24 12:00:00,EP072026,24,2026-08-01 18:00:00,8 days 06:00:00,198,24.31,-134.14,1003.3,33.2,87.0359791768599,0.0,0.0,0.0,0.0,0.0,0.0,0.0,0.0,0.0,0.0,0.0,0.0
2026-07-24 12:00:00,EP072026,24,2026-08-02 00:00:00,8 days 12:00:00,204,24.8,-135.32,1005.4,31.0,78.75710284828926,0.0,0.0,0.0,0.0,0.0,0.0,0.0,0.0,0.0,0.0,0.0,0.0
2026-07-24 12:00:00,WP112026,24,2026-07-24 12:00:00,0 days 00:00:00,0,19.7,120.4,991.0,60.0,37.0,139.0,93.0,84.0,139.0,,,,,0.0,0.0,0.0,0.0
2026-07-24 12:00:00,WP112026,24,2026-07-24 18:00:00,0 days 06:00:00,6,19.8,119.16,955.4,83.8,15.764969621401915,193.35308345977344,163.07155426487316,134.50056191736348,162.56790385221757,45.227119068693526,35.725654985942384,25.72882924171182,37.95840361704063,20.39265168777388,16.521055376063813,11.137373592653589,16.102033278076377
2026-07-24 12:00:00,WP112026,24,2026-07-25 00:00:00,0 days 12:00:00,12,20.45,118.15,945.6,109.3,21.05964834918173,228.73048265490297,204.222839416481,178.71818550370983,198.9992817646488,110.37906458046206,97.19520826715006,83.21535615808006,99.8959817223588,60.20936378640447,53.841650662925616,44.47752437727214,52.0710501923705
2026-07-24 12:00:00,WP112026,24,2026-07-25 06:00:00,0 days 18:00:00,18,21.35,117.22,935.4,125.6,1.2448469999209664,155.09399491143105,132.095120177836,93.29315859662556,133.6942242219522,64.37751841408509,47.6312283532443,38.1173241620241,56.88507565114968,33.67666675441893,27.659321453163265,20.988535655587462,29.085152530780896
2026-07-24 12:00:00,WP112026,24,2026-07-25 12:00:00,1 days 00:00:00,24,22.09,116.16,929.4,124.6,0.0,126.25333695903936,113.37692922820864,100.49606770536346,116.05686165027696,48.33540783416605,37.90812421984432,30.1847742542664,44.82450657604368,27.22407516432886,23.31164587412537,18.33180791411297,24.185968468395476
2026-07-24 12:00:00,WP112026,24,2026-07-25 18:00:00,1 days 06:00:00,30,22.92,115.27,949.9,100.4,9.945888602634009,216.84813532740907,210.7973990553818,138.08526890650143,172.35759087286206,97.11324514867871,84.77915455556249,57.7079604734994,76.07185055650821,45.3596832535772,39.52573944880771,32.238996526269204,38.22419140241191
2026-07-24 12:00:00,WP112026,24,2026-07-26 00:00:00,1 days 12:00:00,36,24.01,114.56,973.6,60.4,19.20408807472577,99.22449392971168,68.15216236978756,27.350994141069226,84.98035327114239,24.743214637767714,13.212986801938406,2.095770527444882,18.48226916703428,0.0,0.0,0.0,0.0
2026-07-24 12:00:00,WP112026,24,2026-07-26 06:00:00,1 days 18:00:00,42,24.57,113.66,989.9,45.3,56.73573447666422,121.46616872234154,99.66861452022567,69.68777281875373,85.79213515445008,0.0,0.0,0.0,0.0,0.0,0.0,0.0,0.0
2026-07-24 12:00:00,WP112026,24,2026-07-26 12:00:00,2 days 00:00:00,48,25.29,113.82,997.7,26.4,46.52283585837864,0.0,0.0,0.0,0.0,0.0,0.0,0.0,0.0,0.0,0.0,0.0,0.0
2026-07-24 12:00:00,WP112026,24,2026-07-26 18:00:00,2 days 06:00:00,54,26.14,113.15,998.1,28.1,94.16047052339148,0.0,0.0,0.0,0.0,0.0,0.0,0.0,0.0,0.0,0.0,0.0,0.0
2026-07-24 12:00:00,WP112026,24,2026-07-27 00:00:00,2 days 12:00:00,60,27.65,112.58,1000.1,21.1,68.07515434864196,0.0,0.0,0.0,0.0,0.0,0.0,0.0,0.0,0.0,0.0,0.0,0.0
2026-07-24 12:00:00,WP112026,24,2026-07-27 06:00:00,2 days 18:00:00,66,28.37,112.13,1003.5,17.8,53.06537055403298,0.0,0.0,0.0,0.0,0.0,0.0,0.0,0.0,0.0,0.0,0.0,0.0
2026-07-24 12:00:00,WP112026,24,2026-07-27 12:00:00,3 days 00:00:00,72,28.99,111.82,1003.6,18.3,140.9662822471327,0.0,0.0,0.0,0.0,0.0,0.0,0.0,0.0,0.0,0.0,0.0,0.0
2026-07-24 12:00:00,WP112026,24,2026-07-27 18:00:00,3 days 06:00:00,78,30.0,111.73,999.8,17.4,61.502933217304935,0.0,0.0,0.0,0.0,0.0,0.0,0.0,0.0,0.0,0.0,0.0,0.0
2026-07-24 12:00:00,EP062026,25,2026-07-24 12:00:00,0 days 00:00:00,0,18.5,-130.6,970.0,89.0,37.0,297.0,185.0,111.0,297.0,148.0,74.0,56.0,111.0,74.0,37.0,28.0,56.0
2026-07-24 12:00:00,EP062026,25,2026-07-24 18:00:00,0 days 06:00:00,6,18.47,-131.73,981.3,77.7,50.16504826289904,211.84142486149588,168.5523729756327,122.2980396910426,186.8594051728645,107.0127576191026,85.79076693198954,64.93340801608983,91.23092841191948,51.16335870522448,44.00705029379078,34.819123403700054,43.37333072832494
2026-07-24 12:00:00,EP062026,25,2026-07-25 00:00:00,0 days 12:00:00,12,18.71,-133.16,967.5,87.2,18.43524382175412,217.75329527976555,147.8318382037086,101.840892475828,191.11939213839904,90.876123611428,63.433259690556895,43.4800563339471,76.07591312306673,44.59319098809036,35.76956986369703,25.98500633956535,37.60273256514962
2026-07-24 12:00:00,EP062026,25,2026-07-25 06:00:00,0 days 18:00:00,18,18.77,-134.25,983.5,76.5,29.50500376540549,233.7608843291549,170.91461510804186,139.18339750683597,210.16806575030432,97.86172208208608,68.9833128427336,52.59286126529349,82.50507850861516,33.10968076892016,26.37511134610051,19.53479827892224,27.95729267488737
2026-07-24 12:00:00,EP062026,25,2026-07-25 12:00:00,1 days 00:00:00,24,18.85,-135.54,981.4,75.3,48.99453192251866,207.07757181399572,162.68442247291284,127.07908170838732,186.5776547831931,81.5688946329974,57.99714693586321,39.14010528426169,65.15662442752074,48.99453192251866,21.82387206408717,14.990764113473084,22.82311481695494
2026-07-24 12:00:00,EP062026,25,2026-07-25 18:00:00,1 days 06:00:00,30,18.9,-136.67,984.9,69.9,57.971411780797496,303.16170412970007,258.3734459956421,197.18043347361743,262.3322171157181,113.324813815519,90.65038269741058,64.04926650123127,92.98961624104308,57.971411780797496,25.17729061834375,18.554728155655788,25.52936061321178
2026-07-24 12:00:00,EP062026,25,2026-07-26 00:00:00,1 days 12:00:00,36,18.95,-137.65,980.6,69.9,19.44605400868562,225.95087919336905,182.0958692489961,149.7820524973666,205.078445593501,114.96023471740874,89.74264827566164,67.94933130028485,95.7814484309129,49.24982304196054,41.60043004119059,31.755948609019555,42.04544692418195
2026-07-24 12:00:00,EP062026,25,2026-07-26 06:00:00,1 days 18:00:00,42,19.2,-138.59,984.3,58.0,27.3584336940794,227.39828070913907,166.28606737470275,120.41766665930987,196.4539926714125,104.56765855260616,77.98929837045952,55.806058482968126,88.30250642726128,0.0,0.0,0.0,0.0
2026-07-24 12:00:00,EP062026,25,2026-07-26 12:00:00,2 days 00:00:00,48,19.11,-139.68,982.1,76.2,58.82888729847204,235.8323775484622,168.83000155620243,129.40991886798082,210.98529987219624,136.24216988891055,107.90170825511892,82.17642901040568,115.86809303001228,58.82888729847204,49.52678628586389,37.488760560156834,49.747934300176894
2026-07-24 12:00:00,EP062026,25,2026-07-26 18:00:00,2 days 06:00:00,54,19.39,-140.79,987.5,70.2,63.98419573385027,249.10429375714875,197.22276668977236,153.22806191141314,214.6416495930512,96.48800944522688,72.08048614984551,53.31183125343641,79.02454878427069,63.98419573385027,21.689844580057105,15.8598787146711,23.11840431047241
2026-07-24 12:00:00,EP062026,25,2026-07-27 00:00:00,2 days 12:00:00,60,19.27,-142.06,984.2,68.6,35.08568722552015,177.56965753858265,120.45674660161949,73.4160174550855,161.87369527158768,73.90464764455042,47.17247278404237,29.945067941433724,59.8680032638665,35.08568722552015,19.33791628416754,15.432752576360176,23.55908080881394
2026-07-24 12:00:00,EP062026,25,2026-07-27 06:00:00,2 days 18:00:00,66,19.15,-143.57,986.3,66.1,21.783098620387136,250.1522567878157,177.65191240495398,133.38780360668824,219.8914832210277,101.4959855021468,70.75488289095068,48.285119925355446,82.43303113289943,29.00619078394846,21.80757149465544,16.197952834023756,25.164993904240674
2026-07-24 12:00:00,EP062026,25,2026-07-27 12:00:00,3 days 00:00:00,72,19.62,-144.91,973.5,73.5,19.25793883518571,212.8722520804541,166.3808515984937,110.50974905312812,182.39973921337912,90.45274846062163,67.25570128865002,46.62069255325088,74.02257482553861,38.51295239835686,31.71310564521974,23.18096762672198,32.47592066213272
2026-07-24 12:00:00,EP062026,25,2026-07-27 18:00:00,3 days 06:00:00,78,19.62,-146.15,987.4,70.3,34.57202855625073,189.19543560967287,132.1359851791545,87.26842350257783,152.48199426963657,83.40681085856443,62.72151485892508,43.7323972265971,67.59579679851856,34.57202855625073,26.89797227599155,20.01997362245334,26.862416184197443
2026-07-24 12:00:00,EP062026,25,2026-07-28 00:00:00,3 days 12:00:00,84,19.97,-147.9,987.8,64.0,60.89030400197712,232.56082805737051,170.42170991028402,139.7219163792712,192.02763956081952,104.48453634831664,84.4788837283749,61.45033829941838,82.65177334252897,0.0,0.0,0.0,0.0
2026-07-24 12:00:00,EP062026,25,2026-07-28 06:00:00,3 days 18:00:00,90,20.18,-149.1,993.7,60.3,38.055621355206966,239.93999421978128,166.145877027413,123.06014147005502,200.1637060520989,106.60171970592366,79.08541597167104,53.35248898451634,83.87708261053601,0.0,0.0,0.0,0.0
2026-07-24 12:00:00,EP062026,25,2026-07-28 12:00:00,4 days 00:00:00,96,20.57,-150.71,995.1,54.2,38.58930927295744,189.9788076816647,130.55792409743347,77.47647898526338,142.3098260115023,38.58930927295744,7.504443404937762,0.0,9.170853655910705,0.0,0.0,0.0,0.0
2026-07-24 12:00:00,EP062026,25,2026-07-28 18:00:00,4 days 06:00:00,102,20.31,-151.34,997.1,53.8,13.08344513688553,186.6405097450352,152.57640685618207,97.85501683312032,145.79343066815454,34.2052206229323,23.57771215946809,11.688762983787058,22.784210598375356,0.0,0.0,0.0,0.0
2026-07-24 12:00:00,EP062026,25,2026-07-29 00:00:00,4 days 12:00:00,108,20.23,-152.46,1001.3,48.3,76.77453233413954,146.90785855689373,120.03697983053732,95.97193613640316,121.41616938959226,0.0,0.0,0.0,0.0,0.0,0.0,0.0,0.0
2026-07-24 12:00:00,EP062026,25,2026-07-29 06:00:00,4 days 18:00:00,114,20.42,-153.55,1003.8,38.7,79.4619761518293,79.4619761518293,17.021434017894435,2.0395152710582938,25.71016284879591,0.0,0.0,0.0,0.0,0.0,0.0,0.0,0.0
2026-07-24 12:00:00,EP062026,25,2026-07-29 12:00:00,5 days 00:00:00,120,20.31,-155.06,1007.9,28.9,135.22640346994098,0.0,0.0,0.0,0.0,0.0,0.0,0.0,0.0,0.0,0.0,0.0,0.0
2026-07-24 12:00:00,EP072026,25,2026-07-24 12:00:00,0 days 00:00:00,0,8.9,-99.9,1005.0,29.0,93.0,0.0,0.0,0.0,0.0,0.0,0.0,0.0,0.0,0.0,0.0,0.0,0.0
2026-07-24 12:00:00,EP072026,25,2026-07-24 18:00:00,0 days 06:00:00,6,8.69,-101.15,1000.2,42.7,59.80682207805901,59.80682207805901,14.733868970900126,8.10759187395923,30.50498662843245,0.0,0.0,0.0,0.0,0.0,0.0,0.0,0.0
2026-07-24 12:00:00,EP072026,25,2026-07-25 00:00:00,0 days 12:00:00,12,8.83,-102.26,998.9,31.7,71.3457633582957,0.0,0.0,0.0,0.0,0.0,0.0,0.0,0.0,0.0,0.0,0.0,0.0
2026-07-24 12:00:00,EP072026,25,2026-07-25 06:00:00,0 days 18:00:00,18,10.04,-102.54,1007.5,32.8,94.43785143860669,0.0,0.0,0.0,0.0,0.0,0.0,0.0,0.0,0.0,0.0,0.0,0.0
2026-07-24 12:00:00,EP072026,25,2026-07-25 12:00:00,1 days 00:00:00,24,10.63,-103.85,1004.4,34.3,124.10170664788096,124.10170664788096,3.517947162070733,0.0,1.7707996811516864,0.0,0.0,0.0,0.0,0.0,0.0,0.0,0.0
2026-07-24 12:00:00,EP072026,25,2026-07-25 18:00:00,1 days 06:00:00,30,11.27,-104.96,1000.8,40.2,108.28800417440766,108.28800417440766,41.20831083779101,16.854419473847685,43.65833083006697,0.0,0.0,0.0,0.0,0.0,0.0,0.0,0.0
2026-07-24 12:00:00,EP072026,25,2026-07-26 00:00:00,1 days 12:00:00,36,11.69,-106.63,1001.0,47.0,82.55553768859588,161.33250327195356,138.34022951196857,95.5190199346033,122.8883418669574,0.0,0.0,0.0,0.0,0.0,0.0,0.0,0.0
2026-07-24 12:00:00,EP072026,25,2026-07-26 06:00:00,1 days 18:00:00,42,12.34,-107.52,1001.4,50.5,36.10144541844403,147.91802540114253,105.20069473005468,57.34197635195759,101.51611131711756,36.10144541844403,8.274680455042194,0.0,7.184533825531858,0.0,0.0,0.0,0.0
2026-07-24 12:00:00,EP072026,25,2026-07-26 12:00:00,2 days 00:00:00,48,12.49,-108.89,993.0,55.6,86.91766672529621,162.73644756862132,124.55536120567126,68.5204253018424,105.47438026575244,86.91766672529621,2.3677266305459845,0.0,3.512994874016737,0.0,0.0,0.0,0.0
2026-07-24 12:00:00,EP072026,25,2026-07-26 18:00:00,2 days 06:00:00,54,13.29,-110.17,995.3,57.8,83.59501185397359,206.25240685621463,158.46154446226163,90.2759330742,140.22792088626645,83.59501185397359,11.58448245355732,2.2887905785001834,10.61429530533004,0.0,0.0,0.0,0.0
2026-07-24 12:00:00,EP072026,25,2026-07-27 00:00:00,2 days 12:00:00,60,13.63,-111.08,979.2,83.3,40.61812277180674,281.5644435651102,233.02872785686745,171.73604293106692,218.41296218413703,140.28390511145085,120.4601842474768,87.60990310119382,105.63619631146496,45.845181097787545,40.937627474828815,29.883833009185164,38.67852453454123
2026-07-24 12:00:00,EP072026,25,2026-07-27 06:00:00,2 days 18:00:00,66,14.47,-112.07,977.8,73.8,15.95751494384258,251.80971536798356,194.33138520426652,121.5246815397839,188.61679731986948,94.57838362017044,72.06219885140375,47.59948947215905,72.12939265175234,26.533459924924284,22.16722546908294,15.413411420459404,22.09897970185907
2026-07-24 12:00:00,EP072026,25,2026-07-27 12:00:00,3 days 00:00:00,72,15.04,-113.05,980.7,76.7,30.88032504712877,277.457828426812,237.8281291040541,163.74655168038365,214.6126708278474,63.88115507068497,47.00833788616717,22.045734871320175,42.9929812743188,30.88032504712877,1.2739414969665943,0.0,1.972083171642744
2026-07-24 12:00:00,EP072026,25,2026-07-27 18:00:00,3 days 06:00:00,78,15.87,-113.82,958.8,102.3,25.1957918640841,274.48059550933385,225.20495957821967,128.8444939814411,227.48187172114388,112.69862843380912,84.10470876934852,52.344483939754014,90.0489317758201,50.4188285868225,41.26420540131953,30.05133936521509,42.81072524985846
2026-07-24 12:00:00,EP072026,25,2026-07-28 00:00:00,3 days 12:00:00,84,16.14,-114.66,951.5,111.6,47.607922335656376,265.78492762040275,233.0979794406978,147.97368330125437,218.54091580733396,75.4501371355525,56.84183441340738,34.22587370622091,58.99606801599178,47.607922335656376,25.676508261570245,17.863729231574244,26.80031490962961
2026-07-24 12:00:00,EP072026,25,2026-07-28 06:00:00,3 days 18:00:00,90,16.58,-115.48,954.1,104.5,21.954198081967387,242.1237917907508,201.1185654887801,115.19168108903862,191.9257015963895,94.16401496653712,71.6390782318324,45.06465920596308,74.0246072218252,45.51881157848688,37.61196682407109,26.106456125080637,37.838600888079945
2026-07-24 12:00:00,EP072026,25,2026-07-28 12:00:00,4 days 00:00:00,96,17.09,-116.14,960.3,97.8,41.23084914167731,223.46594921543144,173.87280860025248,95.4717395604448,189.84663950285903,115.54785079050066,88.49113706332241,62.40918238442106,98.04811090921726,59.60748929739037,49.52093070115217,37.68202253472697,51.275299638549086
2026-07-24 12:00:00,EP072026,25,2026-07-28 18:00:00,4 days 06:00:00,102,17.47,-117.08,958.1,95.6,48.663597628019104,247.1767027274353,208.62775661203483,135.66345952398206,207.595320786074,82.98716701485104,62.38020092094979,41.08115762521764,65.53287208262901,48.663597628019104,31.96642094310045,23.669167920164558,32.46385195577541
2026-07-24 12:00:00,EP072026,25,2026-07-29 00:00:00,4 days 12:00:00,108,18.31,-118.1,958.9,110.8,61.154790612316944,354.6440113584795,294.8819776718873,220.77770236986527,272.67445628354454,198.73408517780325,181.2113121601776,145.31509826297614,163.35517995972018,98.22249062446814,92.47737697817274,76.97650965654053,84.86158418343726
2026-07-24 12:00:00,EP072026,25,2026-07-29 06:00:00,4 days 18:00:00,114,18.37,-118.95,978.0,76.8,31.10435266610193,331.48609348465106,276.4244523147895,210.3543423807423,271.9227620403103,112.31897141784816,90.18278177966886,61.99624550699673,88.02848043871211,31.10435266610193,19.191608004729677,13.480767146705162,19.8049360561798
2026-07-24 12:00:00,EP072026,25,2026-07-29 12:00:00,5 days 00:00:00,120,18.69,-120.13,974.9,80.5,46.05189808860973,215.27390046087385,165.2158404566544,120.1261695725957,192.50955564211472,136.63246781900398,114.69831675034992,87.36119504220096,117.69401935737416,65.80064011483864,56.53495583032941,44.68540123172875,56.08666374443874
2026-07-24 12:00:00,EP072026,25,2026-07-29 18:00:00,5 days 06:00:00,126,18.92,-120.91,987.2,64.5,65.95908714872402,181.419665097672,143.8410151156058,102.216356439784,136.302755096898,65.95908714872402,12.095314326584148,4.154109499710323,11.013637798009016,65.95908714872402,0.0,0.0,0.0
2026-07-24 12:00:00,EP072026,25,2026-07-30 00:00:00,5 days 12:00:00,132,19.35,-122.0,989.7,62.3,44.92843809691093,196.6099801564536,163.55449013910882,124.1033538055428,155.3047386631833,44.92843809691093,18.81354086801121,9.670373446783868,18.384515812986045,0.0,0.0,0.0,0.0
2026-07-24 12:00:00,EP072026,25,2026-07-30 06:00:00,5 days 18:00:00,138,19.83,-123.53,994.8,50.9,80.92012893404353,94.06515112760644,76.32562229688301,50.187315659203705,80.92012893404353,0.7714975086323648,0.0,0.0,80.92012893404353,0.0,0.0,0.0,0.0
2026-07-24 12:00:00,EP072026,25,2026-07-30 12:00:00,6 days 00:00:00,144,20.11,-124.47,993.8,43.6,71.4532402812447,126.71001364861053,92.63062890544344,60.22777896096893,88.7026983910122,0.0,0.0,0.0,0.0,0.0,0.0,0.0,0.0
2026-07-24 12:00:00,EP072026,25,2026-07-30 18:00:00,6 days 06:00:00,150,20.43,-125.59,999.1,48.3,112.6357523391913,118.14887175512584,74.5347390464513,46.63787932001645,78.9653590310526,0.0,0.0,0.0,0.0,0.0,0.0,0.0,0.0
2026-07-24 12:00:00,EP072026,25,2026-07-31 00:00:00,6 days 12:00:00,156,20.74,-126.59,998.7,45.4,59.67391103508375,166.48964971364498,119.53572436556844,90.3781566123722,124.7855092984773,0.0,0.0,0.0,0.0,0.0,0.0,0.0,0.0
2026-07-24 12:00:00,EP072026,25,2026-07-31 06:00:00,6 days 18:00:00,162,21.2,-127.86,999.5,38.6,71.61208160292867,71.61208160292867,1.369424479542953,0.0,13.326575698877749,0.0,0.0,0.0,0.0,0.0,0.0,0.0,0.0
2026-07-24 12:00:00,EP072026,25,2026-07-31 12:00:00,7 days 00:00:00,168,21.34,-129.01,1005.7,33.3,82.55328080628203,0.0,0.0,0.0,0.0,0.0,0.0,0.0,0.0,0.0,0.0,0.0,0.0
2026-07-24 12:00:00,EP072026,25,2026-07-31 18:00:00,7 days 06:00:00,174,21.88,-130.97,1005.9,31.5,60.21333129477591,0.0,0.0,0.0,0.0,0.0,0.0,0.0,0.0,0.0,0.0,0.0,0.0
2026-07-24 12:00:00,EP072026,25,2026-08-01 00:00:00,7 days 12:00:00,180,21.58,-132.78,1008.6,33.3,72.45482884885342,0.0,0.0,0.0,0.0,0.0,0.0,0.0,0.0,0.0,0.0,0.0,0.0
2026-07-24 12:00:00,EP072026,25,2026-08-01 06:00:00,7 days 18:00:00,186,21.77,-134.03,1005.6,34.1,146.121880140539,0.0,0.0,0.0,146.121880140539,0.0,0.0,0.0,0.0,0.0,0.0,0.0,0.0
2026-07-24 12:00:00,EP072026,25,2026-08-01 12:00:00,8 days 00:00:00,192,22.23,-135.89,1006.0,31.9,144.03008958019154,0.0,0.0,0.0,0.0,0.0,0.0,0.0,0.0,0.0,0.0,0.0,0.0
2026-07-24 12:00:00,WP112026,25,2026-07-24 12:00:00,0 days 00:00:00,0,19.7,120.4,991.0,60.0,37.0,139.0,93.0,84.0,139.0,,,,,0.0,0.0,0.0,0.0
2026-07-24 12:00:00,WP112026,25,2026-07-24 18:00:00,0 days 06:00:00,6,20.16,119.13,964.2,86.8,15.811072401190811,175.22511910870332,136.17085595942297,120.82407232199512,176.73399526700518,99.2517260821893,77.129487611282,64.61780725461355,89.04615881500285,50.38091074926223,42.082382698239314,34.03317105688177,43.66319745959288
2026-07-24 12:00:00,WP112026,25,2026-07-25 00:00:00,0 days 12:00:00,12,20.58,117.99,955.0,96.8,23.71092541496237,242.59440031668177,210.2998716791439,178.1239757420737,201.4974703390409,89.41718311434154,73.59809656944196,58.31820042690375,72.02421733982278,33.1203450213272,28.533285576160164,22.33219733073433,28.722462643784173
2026-07-24 12:00:00,WP112026,25,2026-07-25 06:00:00,0 days 18:00:00,18,21.35,116.96,947.5,108.7,15.300351914747132,192.8740591238365,162.89754867326184,137.9555420546536,163.5530958664866,70.4587212100649,56.92501169586932,38.585182348464656,53.81210524710318,32.761603682359066,26.801790720228027,20.853852745408105,27.53862154503475
2026-07-24 12:00:00,WP112026,25,2026-07-25 12:00:00,1 days 00:00:00,24,21.78,116.31,935.5,120.3,28.503120346144307,224.31137714500417,201.42820500261607,143.2575281263278,182.7190405820926,36.64788654568292,23.99259002210671,11.16414221993312,26.791768181831944,28.503120346144307,10.746186404197903,6.826514610571216,12.290114111055123
2026-07-24 12:00:00,WP112026,25,2026-07-25 18:00:00,1 days 06:00:00,30,22.52,115.67,944.3,110.4,31.7238197832524,187.4242193038134,182.21052492286705,124.28934691258422,157.80070412083737,55.695251209226896,42.90693949113488,28.6985367699066,45.9015594479708,31.746844238256063,25.21162339177325,19.186580350714188,26.530097430186817
2026-07-24 12:00:00,WP112026,25,2026-07-26 00:00:00,1 days 12:00:00,36,23.37,114.96,958.7,86.0,20.239048383924327,161.33260509917702,143.14683045892315,118.1116142143593,118.49887704648582,58.360453147267926,48.10024534666304,35.90324334425368,45.03989456710748,26.630714520546512,23.15948915193193,17.99366832756987,22.1486601153034
2026-07-24 12:00:00,WP112026,25,2026-07-26 06:00:00,1 days 18:00:00,42,24.49,114.45,973.8,57.3,6.732991729089463,145.82686909304948,114.2341214088583,82.96467469472077,117.19057374621434,69.23347260294531,52.66843168193668,37.32548537277955,53.90610484112108,0.0,0.0,0.0,0.0
2026-07-24 12:00:00,WP112026,25,2026-07-26 12:00:00,2 days 00:00:00,48,24.53,114.25,988.7,39.9,50.9608646982328,107.49607766676144,102.21077021401658,81.03513561833617,88.7521662472763,0.0,0.0,0.0,0.0,0.0,0.0,0.0,0.0
2026-07-24 12:00:00,WP112026,25,2026-07-26 18:00:00,2 days 06:00:00,54,25.78,113.93,1000.2,28.7,113.57168091551466,0.0,0.0,0.0,0.0,0.0,0.0,0.0,0.0,0.0,0.0,0.0,0.0
2026-07-24 12:00:00,WP112026,25,2026-07-27 00:00:00,2 days 12:00:00,60,26.84,113.7,1007.5,12.9,83.35361455017744,0.0,0.0,0.0,0.0,0.0,0.0,0.0,0.0,0.0,0.0,0.0,0.0
2026-07-24 12:00:00,WP112026,25,2026-07-27 06:00:00,2 days 18:00:00,66,27.98,113.66,1003.2,13.0,111.48423614279702,0.0,0.0,0.0,0.0,0.0,0.0,0.0,0.0,0.0,0.0,0.0,0.0
2026-07-24 12:00:00,WP112026,25,2026-07-27 12:00:00,3 days 00:00:00,72,28.59,113.36,1004.9,12.1,59.116060582136896,0.0,0.0,0.0,0.0,0.0,0.0,0.0,0.0,0.0,0.0,0.0,0.0
2026-07-24 12:00:00,WP112026,25,2026-07-27 18:00:00,3 days 06:00:00,78,29.07,113.37,1004.6,18.6,63.13226438703291,0.0,0.0,0.0,0.0,0.0,0.0,0.0,0.0,0.0,0.0,0.0,0.0
2026-07-24 12:00:00,WP112026,25,2026-07-28 00:00:00,3 days 12:00:00,84,29.68,112.17,1003.4,20.3,147.0889536769351,0.0,0.0,0.0,0.0,0.0,0.0,0.0,0.0,0.0,0.0,0.0,0.0
2026-07-24 12:00:00,WP112026,25,2026-07-28 06:00:00,3 days 18:00:00,90,30.67,112.54,1002.9,15.8,90.55808274396988,0.0,0.0,0.0,0.0,0.0,0.0,0.0,0.0,0.0,0.0,0.0,0.0
2026-07-24 12:00:00,WP112026,25,2026-07-28 12:00:00,4 days 00:00:00,96,30.41,112.55,1009.3,11.4,74.20229875861287,0.0,0.0,0.0,0.0,0.0,0.0,0.0,0.0,0.0,0.0,0.0,0.0
2026-07-24 12:00:00,WP112026,25,2026-07-28 18:00:00,4 days 06:00:00,102,31.56,111.6,1007.5,17.3,44.09848081110939,0.0,0.0,0.0,0.0,0.0,0.0,0.0,0.0,0.0,0.0,0.0,0.0
2026-07-24 12:00:00,WP112026,25,2026-07-29 00:00:00,4 days 12:00:00,108,31.85,111.7,1002.0,18.6,67.11402410814047,0.0,0.0,0.0,0.0,0.0,0.0,0.0,0.0,0.0,0.0,0.0,0.0
2026-07-24 12:00:00,WP112026,25,2026-07-29 06:00:00,4 days 18:00:00,114,32.65,111.64,1006.4,11.5,87.35399427618773,0.0,0.0,0.0,0.0,0.0,0.0,0.0,0.0,0.0,0.0,0.0,0.0
2026-07-24 12:00:00,EP062026,26,2026-07-24 12:00:00,0 days 00:00:00,0,18.5,-130.6,970.0,89.0,37.0,297.0,185.0,111.0,297.0,148.0,74.0,56.0,111.0,74.0,37.0,28.0,56.0
2026-07-24 12:00:00,EP062026,26,2026-07-24 18:00:00,0 days 06:00:00,6,18.71,-131.84,976.4,78.0,20.208445207656027,226.73726752973823,185.4295929457757,151.45241471976942,214.833204252717,102.8627468273886,88.09030342689579,73.02324070084043,92.3270866134388,53.58529383004148,48.4919927088242,39.34525103946895,46.78475510167775
2026-07-24 12:00:00,EP062026,26,2026-07-25 00:00:00,0 days 12:00:00,12,18.77,-133.07,976.2,80.6,17.322041640902025,252.43622587586944,202.40369222585045,157.9372855620958,217.7473238776775,80.15578219786214,67.37455617668519,50.79297362829603,66.70263921932585,20.691397210743077,17.606134921491698,14.007846477058957,17.52549539430968
2026-07-24 12:00:00,EP062026,26,2026-07-25 06:00:00,0 days 18:00:00,18,18.8,-134.52,979.4,74.9,56.69042631012023,272.4226416860481,209.67423760393024,162.73814435816314,228.55571250923091,129.2549396648712,109.47645876824912,82.83884974952142,108.89465196584332,56.69042631012023,36.65596254510881,28.820725028391838,36.06067997822797
2026-07-24 12:00:00,EP062026,26,2026-07-25 12:00:00,1 days 00:00:00,24,19.21,-135.62,978.9,69.1,69.5337481904189,246.6927745752029,169.42721223770948,132.90549717073287,202.8436871479198,118.43196007711774,97.55466963027074,70.59983570256082,97.71423922239131,69.5337481904189,20.3204486117526,15.569475835878595,21.84287108405537
2026-07-24 12:00:00,EP062026,26,2026-07-25 18:00:00,1 days 06:00:00,30,19.4,-136.86,981.2,70.3,53.54140094314232,202.58275966685528,142.64769848871606,108.12774930554464,173.37948574878988,93.3042189968603,74.85271549621575,52.627208444111375,77.32316095013653,53.54140094314232,13.448990048129277,8.721226824611932,14.632698626347278
2026-07-24 12:00:00,EP062026,26,2026-07-26 00:00:00,1 days 12:00:00,36,19.32,-137.99,981.1,72.8,51.28783358102626,182.02917419402348,151.33572441534324,99.04273182757102,146.2853573435029,51.28783358102626,16.91433225321311,7.73558355164531,18.057936962551068,51.28783358102626,0.0,0.0,0.0
2026-07-24 12:00:00,EP062026,26,2026-07-26 06:00:00,1 days 18:00:00,42,19.43,-139.13,989.0,63.0,27.3668195705844,237.87237191963985,182.0224563632562,136.73724514581698,204.00068921447632,96.51657718275578,79.19158062316984,54.81234135173278,79.69477538520181,0.0,0.0,0.0,0.0
2026-07-24 12:00:00,EP062026,26,2026-07-26 12:00:00,2 days 00:00:00,48,19.58,-140.42,983.4,73.9,57.64544248642756,212.41472023421716,171.55116799822167,128.31744095417451,178.03841793835272,57.64544248642756,24.448755511239824,14.164060323558466,32.19890817418043,57.64544248642756,0.0,0.0,1.0731656686751436
2026-07-24 12:00:00,EP062026,26,2026-07-26 18:00:00,2 days 06:00:00,54,19.76,-141.49,984.8,70.5,76.9713676270166,344.79797550640444,271.33910224458964,226.1565568576636,318.08530914266464,187.5426239642952,161.70044654663326,128.70103804969492,163.04751272144884,76.9713676270166,51.338069825144245,40.85022965310242,50.30698125424891
2026-07-24 12:00:00,EP062026,26,2026-07-27 00:00:00,2 days 12:00:00,60,19.8,-142.85,982.1,67.3,49.8248956783691,216.1633716337651,160.2539942294452,108.55748934595226,198.06391247949975,98.0722114731202,79.17821354197076,59.58026586371011,83.57396789039854,49.8248956783691,29.350743953748637,22.817763478605517,29.944063414335915
2026-07-24 12:00:00,EP062026,26,2026-07-27 06:00:00,2 days 18:00:00,66,20.03,-144.34,990.2,64.8,34.96423369867152,172.80758494036516,109.62177192858348,76.75112264813875,145.49337258584157,71.358525496931,50.64398702837892,32.522150336748645,56.05629119410256,34.96423369867152,5.106237498859627,1.159047151316607,7.244185869530642
2026-07-24 12:00:00,EP062026,26,2026-07-27 12:00:00,3 days 00:00:00,72,20.29,-146.08,993.7,57.9,53.82988815077124,147.23530908378802,101.58040905333388,70.26161241108775,118.28681627651878,65.19802595155994,52.49721027340661,35.53949171062351,50.81384283125965,0.0,0.0,0.0,0.0
2026-07-24 12:00:00,EP062026,26,2026-07-27 18:00:00,3 days 06:00:00,78,20.68,-147.45,998.5,52.4,74.4738315816446,134.0425253230194,103.3906252940593,62.90932990595497,102.2670648708798,0.6757684642321156,0.0,0.0,74.4738315816446,0.0,0.0,0.0,0.0
2026-07-24 12:00:00,EP062026,26,2026-07-28 00:00:00,3 days 12:00:00,84,21.01,-148.81,998.6,49.2,43.33146622873325,191.0508882981608,155.31270346445345,107.35399766928728,150.87272996287535,0.0,0.0,0.0,0.0,0.0,0.0,0.0,0.0
2026-07-24 12:00:00,EP062026,26,2026-07-28 06:00:00,3 days 18:00:00,90,21.29,-150.19,1000.1,46.1,123.60614905876834,182.79175374290637,143.91347648679047,89.96532798195048,139.8145799108964,0.0,0.0,0.0,0.0,0.0,0.0,0.0,0.0
2026-07-24 12:00:00,EP062026,26,2026-07-28 12:00:00,4 days 00:00:00,96,21.64,-151.6,1001.0,46.1,117.11549971111864,117.11549971111864,88.63352195933803,54.29439295493492,90.29407710215249,0.0,0.0,0.0,0.0,0.0,0.0,0.0,0.0
2026-07-24 12:00:00,EP062026,26,2026-07-28 18:00:00,4 days 06:00:00,102,21.78,-152.58,1003.7,44.5,69.83568759340164,138.99799158672346,108.51242476560093,71.92965888531435,102.93957167207606,0.0,0.0,0.0,0.0,0.0,0.0,0.0,0.0
2026-07-24 12:00:00,EP062026,26,2026-07-29 00:00:00,4 days 12:00:00,108,21.84,-153.36,1001.7,42.0,57.49109889248189,163.05796240645134,133.2724263347751,94.0322091812056,127.74978796236562,0.0,0.0,0.0,0.0,0.0,0.0,0.0,0.0
2026-07-24 12:00:00,EP062026,26,2026-07-29 06:00:00,4 days 18:00:00,114,22.21,-154.45,1005.2,40.8,64.75596368079937,228.9862600654169,194.2352195519816,144.40553371993155,180.51136327667157,0.0,0.0,0.0,0.0,0.0,0.0,0.0,0.0
2026-07-24 12:00:00,EP062026,26,2026-07-29 12:00:00,5 days 00:00:00,120,22.17,-155.48,1006.0,31.8,36.58596228527746,0.0,0.0,0.0,0.0,0.0,0.0,0.0,0.0,0.0,0.0,0.0,0.0
2026-07-24 12:00:00,EP062026,26,2026-07-29 18:00:00,5 days 06:00:00,126,21.52,-156.89,1001.8,35.9,79.00909338597,116.43273495494908,93.5623212100546,66.4065924913148,97.24279907825768,0.0,0.0,0.0,0.0,0.0,0.0,0.0,0.0
2026-07-24 12:00:00,EP062026,26,2026-07-30 00:00:00,5 days 12:00:00,132,21.25,-159.05,1002.8,28.8,115.6712186146322,0.0,0.0,0.0,0.0,0.0,0.0,0.0,0.0,0.0,0.0,0.0,0.0
2026-07-24 12:00:00,EP072026,26,2026-07-24 12:00:00,0 days 00:00:00,0,8.9,-99.9,1005.0,29.0,93.0,0.0,0.0,0.0,0.0,0.0,0.0,0.0,0.0,0.0,0.0,0.0,0.0
2026-07-24 12:00:00,EP072026,26,2026-07-24 18:00:00,0 days 06:00:00,6,8.74,-100.96,1001.4,48.4,63.44431578824923,63.44431578824923,0.0,0.0,1.02763043663332,0.0,0.0,0.0,0.0,0.0,0.0,0.0,0.0
2026-07-24 12:00:00,EP072026,26,2026-07-25 00:00:00,0 days 12:00:00,12,9.15,-101.45,1002.5,36.0,54.77966774614552,54.77966774614552,0.0,0.0,0.0,0.0,0.0,0.0,0.0,0.0,0.0,0.0,0.0
2026-07-24 12:00:00,EP072026,26,2026-07-25 06:00:00,0 days 18:00:00,18,9.98,-102.5,1001.4,42.6,85.05205401819774,85.05205401819774,0.7428156882220378,0.0,5.077739532545934,0.0,0.0,0.0,0.0,0.0,0.0,0.0,0.0
2026-07-24 12:00:00,EP072026,26,2026-07-25 12:00:00,1 days 00:00:00,24,10.79,-103.87,999.2,43.4,82.94694312652355,2.043187638064751,1.5473781658752728,0.0,82.94694312652355,0.0,0.0,0.0,0.0,0.0,0.0,0.0,0.0
2026-07-24 12:00:00,EP072026,26,2026-07-25 18:00:00,1 days 06:00:00,30,11.08,-105.31,1003.9,42.8,107.57167753734876,107.57167753734876,74.95900558524036,48.61538077008491,68.76006712489809,0.0,0.0,0.0,0.0,0.0,0.0,0.0,0.0
2026-07-24 12:00:00,EP072026,26,2026-07-26 00:00:00,1 days 12:00:00,36,11.38,-106.42,998.2,45.9,92.45256657596563,92.45256657596563,14.832802952937442,0.0,14.527070725886404,0.0,0.0,0.0,0.0,0.0,0.0,0.0,0.0
2026-07-24 12:00:00,EP072026,26,2026-07-26 06:00:00,1 days 18:00:00,42,12.14,-107.64,994.7,55.3,48.98107972066224,146.50386581156556,118.5513524317016,85.27247081882162,121.34892115843655,48.98107972066224,7.269877543530056,3.025176641913445,7.425655344550608,0.0,0.0,0.0,0.0
2026-07-24 12:00:00,EP072026,26,2026-07-26 12:00:00,2 days 00:00:00,48,12.7,-108.63,991.2,70.5,29.296677114927316,195.13748453249136,159.4370377412611,92.57928277671786,141.2814085089395,49.40961929156719,36.68886961667338,19.78868117293648,34.41874750030387,29.296677114927316,0.1586681317717237,0.0,0.8300130670545789
2026-07-24 12:00:00,EP072026,26,2026-07-26 18:00:00,2 days 06:00:00,54,13.2,-109.53,969.6,97.7,28.156514119058848,233.9278859901944,210.16078577529493,168.86486738817382,206.37821608874884,116.25999442817836,112.065610873449,94.30614703663568,102.82549258268664,50.39386995601695,50.66537471913237,43.43409473206152,46.9439536168597
2026-07-24 12:00:00,EP072026,26,2026-07-27 00:00:00,2 days 12:00:00,60,13.99,-111.01,983.5,74.8,13.460593825890374,256.7143420012278,194.8440044992625,108.33284485484694,197.8245290338041,114.84695609976627,94.1513122825466,64.81792668255454,90.2602006385104,30.469179007174823,25.92527415164315,18.3500597259718,24.878090611061992
2026-07-24 12:00:00,EP072026,26,2026-07-27 06:00:00,2 days 18:00:00,66,14.45,-112.25,970.8,87.0,25.6070421164533,230.75691415472656,142.02129623255462,80.08170703564544,171.91858400293435,90.20335367062948,63.041516309654206,31.728906239487408,69.52953292604376,25.6070421164533,9.02098517692495,3.677333971906496,13.096756283172564
2026-07-24 12:00:00,EP072026,26,2026-07-27 12:00:00,3 days 00:00:00,72,14.98,-112.93,963.4,103.6,41.55267452929496,250.5521297176742,193.92892853938204,142.4187574039218,215.17210427654584,106.89672821290831,84.37532145283477,62.29920824837758,89.34667818720504,53.74470510298389,46.81946656046763,35.37794813235807,46.4965186077398
2026-07-24 12:00:00,EP072026,26,2026-07-27 18:00:00,3 days 06:00:00,78,15.5,-113.56,954.9,106.6,24.635311206555954,251.79165325474304,189.08923200314172,133.89750069372195,197.2968352522662,105.355211000718,79.31881454204219,49.35398754509597,85.0603821878579,34.132276393931306,24.01544690474148,16.5771681944256,27.87286285708085
2026-07-24 12:00:00,EP072026,26,2026-07-28 00:00:00,3 days 12:00:00,84,16.02,-114.06,946.9,114.7,9.161144560676576,221.30838927384903,191.34839329288997,107.33432306395508,175.3978374577061,44.62132440698401,33.779686692962784,18.21445478907372,33.42282204749394,18.601716016258933,15.548322647457825,11.190351646416536,14.78312935814822
2026-07-24 12:00:00,EP072026,26,2026-07-28 06:00:00,3 days 18:00:00,90,16.44,-114.63,962.3,104.5,14.485108045145948,289.0196821218159,226.3440148726036,156.5590393409974,245.30614172772067,129.30347293851003,105.36197121405168,71.83072944160057,108.57526981142568,57.79903173975407,48.51927266228486,35.7630358688442,49.02518641164316
2026-07-24 12:00:00,EP072026,26,2026-07-28 12:00:00,4 days 00:00:00,96,16.97,-115.41,960.0,97.1,0.0,318.57112580827504,274.77374480071194,182.03195995824709,249.1341728449931,128.43458046855082,112.18167409955028,80.06434692494796,104.15634073968955,51.84068380573135,47.34602988915549,36.76987046585978,44.89614844538302
2026-07-24 12:00:00,EP072026,26,2026-07-28 18:00:00,4 days 06:00:00,102,17.49,-115.68,964.5,90.4,31.9571489307572,290.579662170984,265.0658787066624,174.36046808322493,248.92109996399236,147.29124018763895,131.33317703224753,98.26492290991584,125.93960443461302,73.13624786662133,66.63184140324206,54.088232813913486,62.712948958613744
2026-07-24 12:00:00,EP072026,26,2026-07-29 00:00:00,4 days 12:00:00,108,18.28,-116.49,967.7,84.1,35.71279206335953,213.01666551540484,185.42013044184625,120.95219726004366,189.8634660678088,93.7004397541936,78.99463544142326,58.53396519724539,76.53448091182466,39.29170830092277,35.39997326129335,27.53902832781212,32.86292724392316
2026-07-24 12:00:00,EP072026,26,2026-07-29 06:00:00,4 days 18:00:00,114,18.6,-117.03,975.8,81.8,18.040776637559603,211.6685274517827,174.24082806935598,119.06483846206254,173.79932507904272,114.1693304511362,98.33476273329664,74.17981865492018,96.98773792793808,51.401636404180266,46.43632666876867,36.55084969143577,44.12933758868354
2026-07-24 12:00:00,EP072026,26,2026-07-29 12:00:00,5 days 00:00:00,120,18.99,-117.71,963.1,109.1,27.987112617870448,208.08087044123988,217.21663473999703,150.96788800268155,181.29478141269144,134.9481378640563,123.89095273583182,97.29306796864012,111.18823415733704,65.70077396186208,60.4633912811009,49.25269829568805,58.50601398354922
2026-07-24 12:00:00,EP072026,26,2026-07-29 18:00:00,5 days 06:00:00,126,19.74,-118.62,989.6,62.5,59.992809512897175,258.9767878359486,197.54420386324023,135.27285183463457,207.01804497605747,118.37500861200532,97.76026982031738,65.39594906771292,95.53363338720251,0.0,0.0,0.0,0.0
2026-07-24 12:00:00,EP072026,26,2026-07-30 00:00:00,5 days 12:00:00,132,20.36,-119.45,995.3,58.4,57.59343452647311,202.5109508302314,180.2472096414625,127.36768405069162,167.10707942844596,57.59343452647311,40.94423316053951,24.49987403780929,36.68241904475,0.0,0.0,0.0,0.0
2026-07-24 12:00:00,EP072026,26,2026-07-30 06:00:00,5 days 18:00:00,138,21.15,-120.09,997.2,51.3,26.678369351435805,176.55060925841173,152.86675514465472,105.14025497945522,143.37665258493803,26.678369351435805,14.730066830520297,5.6284354818903655,12.422476828758832,0.0,0.0,0.0,0.0
2026-07-24 12:00:00,EP072026,26,2026-07-30 12:00:00,6 days 00:00:00,144,21.29,-120.79,997.0,57.6,33.09673095629771,176.7151884740316,140.96565597458903,88.82692345622056,152.03978056906266,48.2199787761294,35.58855772899855,18.58137485161172,33.75477957551662,0.0,0.0,0.0,0.0
2026-07-24 12:00:00,EP072026,26,2026-07-30 18:00:00,6 days 06:00:00,150,22.38,-122.06,1000.3,46.2,68.75712299123308,173.34472240155492,145.94685315817878,101.86667182933178,142.30965408877893,0.0,0.0,0.0,0.0,0.0,0.0,0.0,0.0
2026-07-24 12:00:00,EP072026,26,2026-07-31 00:00:00,6 days 12:00:00,156,22.78,-123.1,994.9,40.8,122.68914504155777,199.6249457694231,185.5914515995197,140.49893495614538,170.82123765326787,0.0,0.0,0.0,0.0,0.0,0.0,0.0,0.0
2026-07-24 12:00:00,EP072026,26,2026-07-31 06:00:00,6 days 18:00:00,162,22.93,-124.03,995.1,41.8,144.9440258269433,269.6820311134052,249.5058172334384,219.12793754442464,233.1945061403276,0.0,0.0,0.0,0.0,0.0,0.0,0.0,0.0
2026-07-24 12:00:00,EP072026,26,2026-07-31 12:00:00,7 days 00:00:00,168,23.0,-125.14,989.1,41.7,114.11222157668098,3.7179370637518208,21.196350728827674,114.11222157668098,18.10370893326951,0.0,0.0,0.0,0.0,0.0,0.0,0.0,0.0
2026-07-24 12:00:00,EP072026,26,2026-07-31 18:00:00,7 days 06:00:00,174,23.44,-126.11,999.0,37.4,48.15224916390042,48.15224916390042,0.0,0.0,5.875736935031995,0.0,0.0,0.0,0.0,0.0,0.0,0.0,0.0
2026-07-24 12:00:00,EP072026,26,2026-08-01 00:00:00,7 days 12:00:00,180,23.67,-126.78,1008.2,28.3,77.15137354048903,0.0,0.0,0.0,0.0,0.0,0.0,0.0,0.0,0.0,0.0,0.0,0.0
2026-07-24 12:00:00,EP072026,26,2026-08-01 06:00:00,7 days 18:00:00,186,23.28,-127.85,1007.8,22.9,128.71053550495017,0.0,0.0,0.0,0.0,0.0,0.0,0.0,0.0,0.0,0.0,0.0,0.0
2026-07-24 12:00:00,EP072026,26,2026-08-01 12:00:00,8 days 00:00:00,192,23.84,-129.0,1011.1,19.9,75.40502968654025,0.0,0.0,0.0,0.0,0.0,0.0,0.0,0.0,0.0,0.0,0.0,0.0
2026-07-24 12:00:00,EP072026,26,2026-08-01 18:00:00,8 days 06:00:00,198,23.74,-129.87,999.3,28.7,142.68052736172427,0.0,0.0,0.0,0.0,0.0,0.0,0.0,0.0,0.0,0.0,0.0,0.0
2026-07-24 12:00:00,EP072026,26,2026-08-02 00:00:00,8 days 12:00:00,204,24.18,-131.93,995.6,29.3,130.49489499363568,0.0,0.0,0.0,0.0,0.0,0.0,0.0,0.0,0.0,0.0,0.0,0.0
2026-07-24 12:00:00,WP112026,26,2026-07-24 12:00:00,0 days 00:00:00,0,19.7,120.4,991.0,60.0,37.0,139.0,93.0,84.0,139.0,,,,,0.0,0.0,0.0,0.0
2026-07-24 12:00:00,WP112026,26,2026-07-24 18:00:00,0 days 06:00:00,6,19.88,119.1,964.3,89.2,19.01448188690556,134.2847260847272,113.62161521767482,91.24219102402284,110.8668232302266,0.8252522417186334,0.0077486446876133,0.0,19.01448188690556,0.8252522417186334,0.0077486446876133,0.0,19.01448188690556
2026-07-24 12:00:00,WP112026,26,2026-07-25 00:00:00,0 days 12:00:00,12,20.72,117.95,958.6,98.4,28.810623446553315,256.6707142094699,218.08456526525083,183.91429906812428,234.69253255231325,114.56318998668284,101.06399802854968,89.82048443698764,101.5363320904478,71.93815909026351,68.99697199790879,58.25399960919061,65.61580597451703
2026-07-24 12:00:00,WP112026,26,2026-07-25 06:00:00,0 days 18:00:00,18,21.43,117.01,952.2,104.5,0.0,270.659274340516,235.10326036293745,195.9718992423305,233.51063017825973,146.99124855119078,130.19180072983255,104.00855431759705,124.20788137061764,75.00469405396916,68.73655451560526,56.37277252636933,64.77554206244518
2026-07-24 12:00:00,WP112026,26,2026-07-25 12:00:00,1 days 00:00:00,24,22.22,115.76,948.3,110.5,29.905134434844285,230.2185955820888,197.64316548234507,184.8820113990796,202.59432742942704,138.85513632118284,128.48258994560277,116.19490102779258,127.335477855085,87.8612521877003,82.48850203029778,71.71820044797073,77.89666280813788
2026-07-24 12:00:00,WP112026,26,2026-07-25 18:00:00,1 days 06:00:00,30,22.59,115.31,948.7,105.0,28.871810509102676,235.9644142616327,188.9662160160508,172.59921742430734,211.8608092873302,127.81680416871316,108.09928897774736,83.10782285996433,112.54543967984644,63.89767410682416,54.21937872198778,44.5590540269101,54.25908495497343
2026-07-24 12:00:00,WP112026,26,2026-07-26 00:00:00,1 days 12:00:00,36,23.23,114.61,962.4,78.3,23.461101852563036,181.2352778920761,174.89116827572093,149.53121310144795,141.36243656091284,23.461101852563036,0.3675031460328455,1.109962646584087,0.5555661996216585,23.461101852563036,0.3675031460328455,1.109962646584087,0.0076675557576111
2026-07-24 12:00:00,WP112026,26,2026-07-26 06:00:00,1 days 18:00:00,42,23.79,113.94,985.9,44.8,33.51552724176514,215.46289104413952,188.4000601414812,145.4886664233194,178.16755751737963,0.0,0.0,0.0,0.0,0.0,0.0,0.0,0.0
2026-07-24 12:00:00,WP112026,26,2026-07-26 12:00:00,2 days 00:00:00,48,24.18,113.63,995.7,31.1,87.16601561971994,0.0,0.0,0.0,0.0,0.0,0.0,0.0,0.0,0.0,0.0,0.0,0.0
2026-07-24 12:00:00,WP112026,26,2026-07-26 18:00:00,2 days 06:00:00,54,25.3,113.23,996.5,22.8,80.25509931132322,0.0,0.0,0.0,0.0,0.0,0.0,0.0,0.0,0.0,0.0,0.0,0.0
2026-07-24 12:00:00,WP112026,26,2026-07-27 00:00:00,2 days 12:00:00,60,26.39,113.06,1000.4,20.8,60.54716740447644,0.0,0.0,0.0,0.0,0.0,0.0,0.0,0.0,0.0,0.0,0.0,0.0
2026-07-24 12:00:00,WP112026,26,2026-07-27 06:00:00,2 days 18:00:00,66,27.2,112.32,999.7,21.6,96.59724681240944,0.0,0.0,0.0,0.0,0.0,0.0,0.0,0.0,0.0,0.0,0.0,0.0
2026-07-24 12:00:00,WP112026,26,2026-07-27 12:00:00,3 days 00:00:00,72,28.12,112.07,1004.6,16.3,113.1884154950874,0.0,0.0,0.0,0.0,0.0,0.0,0.0,0.0,0.0,0.0,0.0,0.0
2026-07-24 12:00:00,EP062026,27,2026-07-24 12:00:00,0 days 00:00:00,0,18.5,-130.6,970.0,89.0,37.0,297.0,185.0,111.0,297.0,148.0,74.0,56.0,111.0,74.0,37.0,28.0,56.0
2026-07-24 12:00:00,EP062026,27,2026-07-24 18:00:00,0 days 06:00:00,6,18.9,-131.92,981.1,77.1,68.10451703625361,206.77469939653596,173.81299251031623,119.18881095605305,179.34489629501593,88.419421623514,59.709940941110766,38.41684717406906,69.21548449452148,68.10451703625361,16.004015350008405,10.890419321590986,18.46704451539676
2026-07-24 12:00:00,EP062026,27,2026-07-25 00:00:00,0 days 12:00:00,12,18.87,-133.19,979.6,79.2,36.47658320167716,223.2015277216501,183.1654931105996,156.75753860052262,221.58793271757463,120.7458363390536,92.7026521844802,70.07699135364018,100.4305110403885,38.04983849237726,30.85200128778956,25.49376585978334,33.12756311637331
2026-07-24 12:00:00,EP062026,27,2026-07-25 06:00:00,0 days 18:00:00,18,18.96,-134.52,977.1,80.8,46.17495880655345,247.60490221792747,196.25059624718287,143.70042822462773,223.57352695317556,127.7789044670314,101.48044287063428,84.50601026930795,119.28692038819536,82.75543413912257,72.62861268516437,60.3557404823512,71.77439564164241
2026-07-24 12:00:00,EP062026,27,2026-07-25 12:00:00,1 days 00:00:00,24,18.95,-135.49,983.8,82.4,26.420659455134462,263.73334398306355,191.40514089926276,136.1692066161198,231.24793333643368,103.64209312053826,71.23119529781006,52.63923028268505,86.80990795176757,53.581305422650274,44.83190102942279,36.84777378289443,47.21598127556416
2026-07-24 12:00:00,EP062026,27,2026-07-25 18:00:00,1 days 06:00:00,30,19.47,-136.68,994.4,59.9,45.66403337577154,151.4146420174518,122.96013785094108,99.41009467776188,142.43337451629716,52.19920487449018,33.943558289228534,21.60194084495579,41.07834889911577,0.0,0.0,0.0,0.0
2026-07-24 12:00:00,EP062026,27,2026-07-26 00:00:00,1 days 12:00:00,36,19.56,-137.7,988.1,64.5,20.23369164644882,147.6687368985896,135.66357328900608,99.2548925922054,125.05411464208665,31.495653431135068,18.30163620479028,8.579801390798465,25.040872209036763,20.23369164644882,0.2554937514944519,0.0,0.582215958468046
2026-07-24 12:00:00,EP062026,27,2026-07-26 06:00:00,1 days 18:00:00,42,19.8,-138.7,993.5,56.3,36.40431712905418,167.11839781901506,143.44984603028303,121.91469440002734,144.58923261909018,36.40431712905418,0.6238447807597218,0.0,4.892051065901319,0.0,0.0,0.0,0.0
2026-07-24 12:00:00,EP062026,27,2026-07-26 12:00:00,2 days 00:00:00,48,19.88,-139.85,1002.1,47.8,75.83056331778435,195.8834880863772,159.4271939964978,121.1299757407941,173.92364766753772,0.0,0.0,0.0,0.0,0.0,0.0,0.0,0.0
2026-07-24 12:00:00,EP062026,27,2026-07-26 18:00:00,2 days 06:00:00,54,19.89,-140.98,995.7,51.4,68.42401825465609,156.26882567041093,129.43884009913435,95.32288966000976,131.51823356293926,1.4152070919500992,0.0,0.0,68.42401825465609,0.0,0.0,0.0,0.0
2026-07-24 12:00:00,EP062026,27,2026-07-27 00:00:00,2 days 12:00:00,60,19.91,-142.07,995.0,53.1,65.38897225770836,216.54317396508705,173.0396746421016,106.29759950821833,178.76252319591836,65.38897225770836,35.01891596838765,19.87792996183298,37.99691664584827,0.0,0.0,0.0,0.0
2026-07-24 12:00:00,EP062026,27,2026-07-27 06:00:00,2 days 18:00:00,66,19.96,-143.39,994.1,57.4,53.299708257443854,211.80246184059,177.36068077126447,129.38251774988078,181.2074028454649,53.299708257443854,2.4282088508640456,0.0,6.970976053437937,0.0,0.0,0.0,0.0
2026-07-24 12:00:00,EP062026,27,2026-07-27 12:00:00,3 days 00:00:00,72,19.98,-145.12,1001.6,52.8,60.233281630947886,160.8160708864443,119.201401821697,76.36610678978676,130.9154315869761,60.233281630947886,0.0,0.0,0.6565677030725228,0.0,0.0,0.0,0.0
2026-07-24 12:00:00,EP062026,27,2026-07-27 18:00:00,3 days 06:00:00,78,20.49,-146.4,996.9,48.0,59.17054690226496,167.16335303217716,132.26652570119063,95.57657979029888,141.3932633807059,0.0,0.0,0.0,0.0,0.0,0.0,0.0,0.0
2026-07-24 12:00:00,EP062026,27,2026-07-28 00:00:00,3 days 12:00:00,84,20.54,-147.78,995.5,50.5,95.60426970215238,171.8404048440658,132.67613476668475,87.91845341992905,138.25281029402834,95.60426970215238,0.0,0.0,0.5047078850726976,0.0,0.0,0.0,0.0
2026-07-24 12:00:00,EP062026,27,2026-07-28 06:00:00,3 days 18:00:00,90,20.8,-149.48,1000.3,49.4,81.20054743861462,181.41283876237912,139.55262602749866,83.01766159435834,144.03367923008017,0.0,0.0,0.0,0.0,0.0,0.0,0.0,0.0
2026-07-24 12:00:00,EP062026,27,2026-07-28 12:00:00,4 days 00:00:00,96,21.17,-151.55,1006.0,39.9,121.74186453341306,266.2873901473088,213.13633948488047,143.3493567117205,219.6006903473212,0.0,0.0,0.0,0.0,0.0,0.0,0.0,0.0
2026-07-24 12:00:00,EP072026,27,2026-07-24 12:00:00,0 days 00:00:00,0,8.9,-99.9,1005.0,29.0,93.0,0.0,0.0,0.0,0.0,0.0,0.0,0.0,0.0,0.0,0.0,0.0,0.0
2026-07-24 12:00:00,EP072026,27,2026-07-24 18:00:00,0 days 06:00:00,6,8.55,-101.07,1002.2,42.3,77.04886811632343,114.71064237403743,85.81365144636084,52.9599320584669,86.49053406825664,0.0,0.0,0.0,0.0,0.0,0.0,0.0,0.0
2026-07-24 12:00:00,EP072026,27,2026-07-25 00:00:00,0 days 12:00:00,12,9.28,-101.77,1002.8,39.6,50.39431112676827,50.39431112676827,1.9105547657712665,5.764083484088886,4.839214198623765,0.0,0.0,0.0,0.0,0.0,0.0,0.0,0.0
2026-07-24 12:00:00,EP072026,27,2026-07-25 06:00:00,0 days 18:00:00,18,9.97,-102.73,999.7,53.2,35.06163855961364,130.42550019320174,100.92950581576454,72.1072341485748,117.9644571379564,45.81208507208412,32.88246904085274,22.127901271431256,33.99860427187823,0.0,0.0,0.0,0.0
2026-07-24 12:00:00,EP072026,27,2026-07-25 12:00:00,1 days 00:00:00,24,10.72,-103.95,999.9,45.6,73.46924061554239,145.39186187166558,114.94361279789038,79.32955252093966,110.9961734643157,0.0,0.0,0.0,0.0,0.0,0.0,0.0,0.0
2026-07-24 12:00:00,EP072026,27,2026-07-25 18:00:00,1 days 06:00:00,30,11.19,-105.09,993.6,63.2,18.338761661407027,166.90140321047323,130.01001241645002,73.45301577614413,133.47972699596124,54.237410223042446,38.60482183671165,22.69306570962277,36.94259326807728,0.0,0.0,0.0,0.0
2026-07-24 12:00:00,EP072026,27,2026-07-26 00:00:00,1 days 12:00:00,36,11.87,-106.38,995.3,64.1,42.37421870505146,143.73920769452502,120.22853336621527,60.55293511022352,94.0035791916288,42.37421870505146,42.37421870505146,0.0,0.6939970831247873,0.0,42.37421870505146,0.0,0.2675123439465403
2026-07-24 12:00:00,EP072026,27,2026-07-26 06:00:00,1 days 18:00:00,42,12.52,-107.77,983.0,76.2,20.800534701010776,169.14018823414017,129.91975169999756,71.52107688094713,138.1765348372465,48.24243001345703,31.785043086932752,16.363613274834815,33.205009649450766,20.800534701010776,0.0,0.0,0.0
2026-07-24 12:00:00,EP072026,27,2026-07-26 12:00:00,2 days 00:00:00,48,12.81,-109.05,971.1,88.3,29.7123357138627,167.23834720642782,115.8962995227034,77.68669165740884,147.03629403456307,83.96781229416939,60.54087399274795,44.28023795852747,72.22639115316892,55.79083651277502,45.78414113776844,38.49219942525758,49.3100577011176
2026-07-24 12:00:00,EP072026,27,2026-07-26 18:00:00,2 days 06:00:00,54,13.26,-109.97,986.5,76.0,35.248654385595586,179.44892290161397,140.07782349817336,79.60379571758321,134.92911464811905,35.6541352528422,20.406742381194896,7.535303486319893,23.703944789228714,35.248654385595586,0.0,0.0,0.6974794368229957
2026-07-24 12:00:00,EP072026,27,2026-07-27 00:00:00,2 days 12:00:00,60,14.04,-111.05,973.4,92.0,25.607125771141853,202.9159377977523,178.35228890415314,111.23251171041198,152.61605191388108,96.1122686210169,71.27078149188284,46.03633962678008,75.01502510543993,49.85713499643586,41.47280230167196,32.74592541377297,41.651115532333264
2026-07-24 12:00:00,EP072026,27,2026-07-27 06:00:00,2 days 18:00:00,66,14.75,-112.15,968.6,100.0,9.73628318095948,222.21497182653792,199.8965959940246,135.59934936242945,188.3848518068618,44.1249532627136,29.214649539866773,12.111153053279876,30.89155023707232,9.73628318095948,1.0451662156344823,0.0,2.393645535298826
2026-07-24 12:00:00,EP072026,27,2026-07-27 12:00:00,3 days 00:00:00,72,15.44,-112.9,949.7,116.2,0.0,244.8374129329504,212.91458448111803,124.49151528954732,191.2473714875561,112.05868005470954,86.93885415354359,56.76507047025238,86.39008135077592,50.750316538911314,43.76012356668278,32.574578654372814,45.35679113700408
2026-07-24 12:00:00,EP072026,27,2026-07-27 18:00:00,3 days 06:00:00,78,16.41,-113.71,947.4,120.9,12.705403362705344,206.553928938458,182.47577883260124,117.2123109730343,178.27827700488874,56.00905801141377,39.907696187890096,21.951481529574306,39.78406946210975,12.705403362705344,4.472139680324244,1.585576118627414,6.272732651646313
2026-07-24 12:00:00,EP072026,27,2026-07-28 00:00:00,3 days 12:00:00,84,16.78,-114.7,968.6,96.9,34.159859305712004,248.44106080953375,225.4723461966994,154.64178548880307,201.65812603645892,86.88648113894402,60.80282521703339,38.841381574564096,63.13370838741221,34.159859305712004,17.93229188007223,14.881693017162611,20.18979710712544
2026-07-24 12:00:00,EP072026,27,2026-07-28 06:00:00,3 days 18:00:00,90,17.26,-114.91,958.7,103.5,17.428850192060782,210.96308564736455,186.4430931371454,125.5053578777394,179.16358214050467,66.78694387509833,46.02022331162574,25.861442802722586,48.69332776643397,23.955829964294196,18.89539261939577,14.132444390745333,20.15135247756228
2026-07-24 12:00:00,EP072026,27,2026-07-28 12:00:00,4 days 00:00:00,96,17.65,-115.72,964.3,95.9,18.27562510647508,242.06332647696684,191.91671099322065,133.89199805554077,196.35940417364387,112.30544604738483,86.7409878276165,59.25180497430391,88.69705726978744,57.373903541660844,48.83432448648689,37.88485063090059,49.4694306290261
2026-07-24 12:00:00,EP072026,27,2026-07-28 18:00:00,4 days 06:00:00,102,17.97,-116.68,939.9,130.7,0.0,281.7992645492212,204.7503910441712,177.54594054958028,254.4518174824645,110.26575383762598,93.36071517551731,72.86700094136681,89.32982615969314,51.16909027168502,42.22270840065288,35.33789360017667,46.822427934962064
2026-07-24 12:00:00,EP072026,27,2026-07-29 00:00:00,4 days 12:00:00,108,18.39,-117.03,983.2,73.1,68.06123131067778,293.4461889924903,278.9606083612639,206.0856333974475,229.71180490578809,68.06123131067778,68.06123131067778,0.0,9.23214524598853,0.0,68.06123131067778,0.0,0.0
2026-07-24 12:00:00,EP072026,27,2026-07-29 06:00:00,4 days 18:00:00,114,18.75,-117.56,988.7,62.1,116.06569515636107,346.09542534080225,297.42228772188446,226.52742316237843,279.09948383705927,116.06569515636107,34.15377176466423,21.22129969920693,28.114250544454357,0.0,0.0,0.0,0.0
2026-07-24 12:00:00,EP072026,27,2026-07-29 12:00:00,5 days 00:00:00,120,19.19,-118.41,992.7,57.3,78.06253809647194,234.53621167124288,203.5713230654169,142.89954614843498,179.60534441508935,78.06253809647194,13.292903719312632,5.513790971834354,13.749845104544905,0.0,0.0,0.0,0.0
2026-07-24 12:00:00,EP072026,27,2026-07-29 18:00:00,5 days 06:00:00,126,19.42,-119.31,996.4,48.1,141.20970872914066,395.961512725539,365.305849777048,280.35538146479854,326.04500378319904,0.0,0.0,0.0,0.0,0.0,0.0,0.0,0.0
2026-07-24 12:00:00,EP072026,27,2026-07-30 00:00:00,5 days 12:00:00,132,19.98,-119.87,991.7,54.3,92.41915652143224,253.51353703318,210.5931944459478,160.66129863466222,200.70516112352016,5.16075774937017,0.0,0.0,92.41915652143224,0.0,0.0,0.0,0.0
2026-07-24 12:00:00,EP072026,27,2026-07-30 06:00:00,5 days 18:00:00,138,20.37,-121.02,990.1,50.9,38.01532446202142,197.5348367975282,176.43142356498592,146.03328553023314,173.9122764841256,38.01532446202142,17.24892478568877,10.15184832102526,16.297044510376473,0.0,0.0,0.0,0.0
2026-07-24 12:00:00,EP072026,27,2026-07-30 12:00:00,6 days 00:00:00,144,20.67,-121.98,996.6,43.7,64.26857556510448,289.3265859481662,257.50044543603457,216.2355475871386,252.20186310392864,0.0,0.0,0.0,0.0,0.0,0.0,0.0,0.0
2026-07-24 12:00:00,EP072026,27,2026-07-30 18:00:00,6 days 06:00:00,150,20.95,-122.84,1000.4,40.9,67.15939648099332,198.00817543988995,165.56453004425674,122.89975818273706,164.6051334036046,0.0,0.0,0.0,0.0,0.0,0.0,0.0,0.0
2026-07-24 12:00:00,EP072026,27,2026-07-31 00:00:00,6 days 12:00:00,156,20.9,-123.93,1005.7,39.0,73.54959829849685,197.76111646285108,171.28079802588536,137.0875687496058,163.05930136557004,0.0,0.0,0.0,0.0,0.0,0.0,0.0,0.0
2026-07-24 12:00:00,EP072026,27,2026-07-31 06:00:00,6 days 18:00:00,162,20.98,-125.11,1003.0,34.9,102.83630653986802,178.7118026799066,143.59298659302368,110.59576449446531,151.86872824006667,0.0,0.0,0.0,0.0,0.0,0.0,0.0,0.0
2026-07-24 12:00:00,EP072026,27,2026-07-31 12:00:00,7 days 00:00:00,168,21.49,-126.54,1003.5,34.3,69.68501119324513,69.68501119324513,0.0,0.0,0.0,0.0,0.0,0.0,0.0,0.0,0.0,0.0,0.0
2026-07-24 12:00:00,EP072026,27,2026-07-31 18:00:00,7 days 06:00:00,174,21.76,-127.56,1005.4,31.3,119.5828422866996,0.0,0.0,0.0,0.0,0.0,0.0,0.0,0.0,0.0,0.0,0.0,0.0
2026-07-24 12:00:00,EP072026,27,2026-08-01 00:00:00,7 days 12:00:00,180,22.39,-129.01,1006.0,32.8,127.58775799192924,0.0,0.0,0.0,0.0,0.0,0.0,0.0,0.0,0.0,0.0,0.0,0.0
2026-07-24 12:00:00,EP072026,27,2026-08-01 06:00:00,7 days 18:00:00,186,22.62,-130.81,1005.3,33.6,174.5682229642065,0.0,0.0,0.0,0.0,0.0,0.0,0.0,0.0,0.0,0.0,0.0,0.0
2026-07-24 12:00:00,EP072026,27,2026-08-01 12:00:00,8 days 00:00:00,192,22.78,-132.6,1005.6,39.3,56.50370536842407,56.50370536842407,33.18358117923397,18.04228580434067,36.4673083175359,0.0,0.0,0.0,0.0,0.0,0.0,0.0,0.0
2026-07-24 12:00:00,EP072026,27,2026-08-01 18:00:00,8 days 06:00:00,198,23.36,-134.06,1009.1,34.3,159.98556272343467,234.2612665025056,176.06366753924453,112.68107624443984,183.7035786741926,0.0,0.0,0.0,0.0,0.0,0.0,0.0,0.0
2026-07-24 12:00:00,EP072026,27,2026-08-02 00:00:00,8 days 12:00:00,204,23.79,-136.01,1007.7,28.8,73.45965119994557,0.0,0.0,0.0,0.0,0.0,0.0,0.0,0.0,0.0,0.0,0.0,0.0
2026-07-24 12:00:00,EP072026,27,2026-08-02 06:00:00,8 days 18:00:00,210,23.93,-137.71,1010.3,28.6,72.99025954206175,0.0,0.0,0.0,0.0,0.0,0.0,0.0,0.0,0.0,0.0,0.0,0.0
2026-07-24 12:00:00,EP072026,27,2026-08-02 12:00:00,9 days 00:00:00,216,24.3,-139.43,1010.6,28.3,88.77771636474915,0.0,0.0,0.0,0.0,0.0,0.0,0.0,0.0,0.0,0.0,0.0,0.0
2026-07-24 12:00:00,EP072026,27,2026-08-02 18:00:00,9 days 06:00:00,222,24.45,-140.97,1012.7,24.4,74.41020752335808,0.0,0.0,0.0,0.0,0.0,0.0,0.0,0.0,0.0,0.0,0.0,0.0
2026-07-24 12:00:00,WP112026,27,2026-07-24 12:00:00,0 days 00:00:00,0,19.7,120.4,991.0,60.0,37.0,139.0,93.0,84.0,139.0,,,,,0.0,0.0,0.0,0.0
2026-07-24 12:00:00,WP112026,27,2026-07-24 18:00:00,0 days 06:00:00,6,19.94,119.06,972.9,74.1,28.25933720881413,189.92252344136637,150.19447937238817,118.62726190214012,158.0080370089442,62.91193098434314,44.15389744541363,30.357791455625797,48.41100128096646,28.25933720881413,2.273311007772172e-05,0.0,2.893429217752525
2026-07-24 12:00:00,WP112026,27,2026-07-25 00:00:00,0 days 12:00:00,12,20.24,118.26,967.5,84.5,27.27683324048462,190.4818827552853,172.20073066949723,155.8544923223953,173.06500955521776,89.43657447260364,70.67342733397098,52.9349439994669,70.23875822657496,27.27683324048462,1.9573408146355995,0.851970890913099,4.564712448797088
2026-07-24 12:00:00,WP112026,27,2026-07-25 06:00:00,0 days 18:00:00,18,21.07,117.27,958.3,97.7,19.008943932016592,270.2517961069,237.6003270645633,185.0808981920632,223.50333712130805,129.71011332839464,115.33171813433864,89.06503294901978,107.34905617716704,64.26347777618602,57.59382310574037,47.48412964096588,55.82944710968667
2026-07-24 12:00:00,WP112026,27,2026-07-25 12:00:00,1 days 00:00:00,24,21.73,116.36,944.1,119.8,22.594472580685355,218.3585173130272,213.14994358489,168.3071906960815,182.6451734537848,22.594472580685355,13.282448446173554,1.652178194701329,14.083842620893076,22.594472580685355,0.0,0.0,0.0
2026-07-24 12:00:00,WP112026,27,2026-07-25 18:00:00,1 days 06:00:00,30,22.41,115.37,946.8,111.3,6.467371550796031,128.6036101453209,135.7546940099757,130.66251274963463,111.59135111505742,0.9353553813408144,0.0,0.0,6.467371550796031,0.0705366600869688,0.0,0.0,6.467371550796031
2026-07-24 12:00:00,WP112026,27,2026-07-26 00:00:00,1 days 12:00:00,36,23.2,114.81,969.0,72.5,5.370854254866438,154.58487595822203,147.3514407000786,97.38360984582089,124.09928747899788,24.983570202928327,19.08830248657788,14.01739779865816,23.72017177197601,5.370854254866438,0.0,0.0,0.0
2026-07-24 12:00:00,WP112026,27,2026-07-26 06:00:00,1 days 18:00:00,42,23.81,114.44,979.5,59.8,6.835122264253821,63.56397643255712,66.11076014178843,68.65496598626527,63.539971620899,0.0,0.1396354531976595,6.835122264253821,0.0,0.0,0.0,0.0,0.0
2026-07-24 12:00:00,WP112026,27,2026-07-26 12:00:00,2 days 00:00:00,48,24.22,113.95,992.1,38.9,74.26042769916864,11.071486581786148,74.26042769916864,0.0,6.706302063609228,0.0,0.0,0.0,0.0,0.0,0.0,0.0,0.0
2026-07-24 12:00:00,WP112026,27,2026-07-26 18:00:00,2 days 06:00:00,54,24.86,113.76,997.8,25.5,73.51852247640684,0.0,0.0,0.0,0.0,0.0,0.0,0.0,0.0,0.0,0.0,0.0,0.0
2026-07-24 12:00:00,WP112026,27,2026-07-27 00:00:00,2 days 12:00:00,60,26.43,113.29,997.6,24.3,88.3666180868774,0.0,0.0,0.0,0.0,0.0,0.0,0.0,0.0,0.0,0.0,0.0,0.0
2026-07-24 12:00:00,WP112026,27,2026-07-27 06:00:00,2 days 18:00:00,66,27.42,112.69,1000.6,23.8,63.874482023102765,0.0,0.0,0.0,0.0,0.0,0.0,0.0,0.0,0.0,0.0,0.0,0.0
2026-07-24 12:00:00,WP112026,27,2026-07-27 12:00:00,3 days 00:00:00,72,28.17,112.41,998.8,18.6,107.24109421633888,0.0,0.0,0.0,0.0,0.0,0.0,0.0,0.0,0.0,0.0,0.0,0.0
2026-07-24 12:00:00,WP112026,27,2026-07-27 18:00:00,3 days 06:00:00,78,28.79,112.01,998.5,22.1,58.33675220561945,0.0,0.0,0.0,0.0,0.0,0.0,0.0,0.0,0.0,0.0,0.0,0.0
2026-07-24 12:00:00,WP112026,27,2026-07-28 00:00:00,3 days 12:00:00,84,30.03,112.02,1002.9,17.0,162.13870236404486,0.0,0.0,0.0,0.0,0.0,0.0,0.0,0.0,0.0,0.0,0.0,0.0
2026-07-24 12:00:00,WP112026,27,2026-07-28 06:00:00,3 days 18:00:00,90,30.55,111.47,1003.9,21.7,68.0676471367881,0.0,0.0,0.0,0.0,0.0,0.0,0.0,0.0,0.0,0.0,0.0,0.0
2026-07-24 12:00:00,WP112026,27,2026-07-28 12:00:00,4 days 00:00:00,96,31.72,111.49,1007.7,12.1,90.24070445460076,0.0,0.0,0.0,0.0,0.0,0.0,0.0,0.0,0.0,0.0,0.0,0.0
2026-07-24 12:00:00,WP112026,27,2026-07-28 18:00:00,4 days 06:00:00,102,32.12,112.33,1004.2,18.1,91.93931639755463,0.0,0.0,0.0,0.0,0.0,0.0,0.0,0.0,0.0,0.0,0.0,0.0
2026-07-24 12:00:00,WP112026,27,2026-07-29 00:00:00,4 days 12:00:00,108,33.13,112.04,1007.2,17.4,48.13920351871916,0.0,0.0,0.0,0.0,0.0,0.0,0.0,0.0,0.0,0.0,0.0,0.0
2026-07-24 12:00:00,EP062026,28,2026-07-24 12:00:00,0 days 00:00:00,0,18.5,-130.6,970.0,89.0,37.0,297.0,185.0,111.0,297.0,148.0,74.0,56.0,111.0,74.0,37.0,28.0,56.0
2026-07-24 12:00:00,EP062026,28,2026-07-24 18:00:00,0 days 06:00:00,6,18.6,-132.13,972.8,80.4,30.349469017440725,193.79737493367315,166.3601476981326,132.42128142897704,159.80363112548036,30.349469017440725,4.695635755921902,0.0,7.234255643444596,30.349469017440725,0.3296983923087095,0.0,2.008864466083412
2026-07-24 12:00:00,EP062026,28,2026-07-25 00:00:00,0 days 12:00:00,12,18.77,-133.29,984.3,76.7,26.202594984101538,187.69869136554317,140.0232840576685,108.6616740910423,167.57386038756317,51.94046246303387,39.42635045227321,23.008947128042664,43.73553079512244,26.202594984101538,15.452835339641576,9.291424537064644,17.891252601733278
2026-07-24 12:00:00,EP062026,28,2026-07-25 06:00:00,0 days 18:00:00,18,18.92,-134.82,984.2,67.5,54.30846900471715,192.85162973211192,140.95105362466938,107.4294329028666,159.62744632277025,77.95373593995643,63.206361763004345,44.513726503485046,63.77893777128309,54.30846900471715,28.313926411337228,21.03791504558617,28.972776944925776
2026-07-24 12:00:00,EP062026,28,2026-07-25 12:00:00,1 days 00:00:00,24,19.05,-136.06,990.2,68.5,24.004413588340384,283.50871502808894,222.4056995178432,185.2753434480088,244.46292945873648,88.06877152709447,70.32426191562345,47.99142402144948,72.30314773324751,38.13279923138252,29.91208871859268,20.502379204603912,30.357351334005163
2026-07-24 12:00:00,EP062026,28,2026-07-25 18:00:00,1 days 06:00:00,30,19.18,-136.75,988.1,62.9,65.10470894841428,311.33171515025936,263.4154393337959,218.0123825192544,261.8478864909412,65.10470894841428,44.25378928520854,30.0959159867936,50.39983590133088,0.0,0.0,0.0,0.0
2026-07-24 12:00:00,EP062026,28,2026-07-26 00:00:00,1 days 12:00:00,36,19.46,-137.86,986.4,61.1,42.58167306581866,207.42155928586607,175.6550463955737,142.70892998014375,186.1363973540452,42.58167306581866,3.836478812220984,0.8205136340306325,6.005220992858179,0.0,0.0,0.0,0.0
2026-07-24 12:00:00,EP062026,28,2026-07-26 06:00:00,1 days 18:00:00,42,19.75,-138.99,996.9,59.8,33.065166889113925,159.06231631012844,114.54017602190224,84.68584447750933,139.12500293017746,44.01665384332952,28.272428898023414,13.253447435137533,34.17572285630784,0.0,0.0,0.0,0.0
2026-07-24 12:00:00,EP062026,28,2026-07-26 12:00:00,2 days 00:00:00,48,19.99,-139.95,991.4,73.0,33.92847670692322,218.6546889892836,167.3278121948431,123.43369608194077,195.94790335931972,109.86775585280566,90.7625880467266,66.13993904917777,91.29483623647673,50.14999278411642,42.217719320982326,31.06691426789305,42.114295647448216
2026-07-24 12:00:00,EP062026,28,2026-07-26 18:00:00,2 days 06:00:00,54,19.95,-141.29,991.4,60.0,36.52686359883859,142.99556446012298,114.92424172196434,79.08375455687711,122.65401256089072,48.52235936994369,43.14750579738114,35.01408742922927,40.03598741857212,0.0,0.0,0.0,0.0
2026-07-24 12:00:00,EP062026,28,2026-07-27 00:00:00,2 days 12:00:00,60,20.17,-142.35,990.4,66.9,37.48259773913301,152.72239190293217,98.4400715936738,68.42223774512468,127.8344152130113,55.86999353061882,41.95400096044231,25.055105949862394,46.033689648761765,37.48259773913301,15.896484504515906,9.363006042876613,17.08472311994386
2026-07-24 12:00:00,EP062026,28,2026-07-27 06:00:00,2 days 18:00:00,66,20.29,-142.95,991.8,66.0,28.52568346678072,238.454420374064,209.52900779473865,141.74385649982878,193.50320356622865,28.52568346678072,10.592554214278708,1.7337747039642828,13.549112217813253,28.52568346678072,1.1423364500762525,0.0,2.1451961954971512
2026-07-24 12:00:00,EP062026,28,2026-07-27 12:00:00,3 days 00:00:00,72,20.36,-144.57,996.9,58.1,31.57684268154652,147.75942477229265,104.49201207384472,65.74553765636516,117.40957393792152,31.57684268154652,21.31040987414112,8.815358880061003,21.805448483711864,0.0,0.0,0.0,0.0
2026-07-24 12:00:00,EP062026,28,2026-07-27 18:00:00,3 days 06:00:00,78,20.85,-146.14,998.6,51.9,85.18704210154516,149.4801759987928,105.5186491062081,67.8327920529918,119.79924906262124,85.18704210154516,0.8764757835784351,0.0,1.6700708436577258,0.0,0.0,0.0,0.0
2026-07-24 12:00:00,EP062026,28,2026-07-28 00:00:00,3 days 12:00:00,84,20.99,-147.8,1002.1,43.2,62.993099730725135,101.13761965640566,66.67965257257447,53.97886392047691,79.79489514463305,0.0,0.0,0.0,0.0,0.0,0.0,0.0,0.0
2026-07-24 12:00:00,EP062026,28,2026-07-28 06:00:00,3 days 18:00:00,90,21.02,-149.5,1004.6,29.2,94.03470662746332,0.0,0.0,0.0,0.0,0.0,0.0,0.0,0.0,0.0,0.0,0.0,0.0
2026-07-24 12:00:00,EP062026,28,2026-07-28 12:00:00,4 days 00:00:00,96,20.94,-151.12,1005.6,29.9,73.79235721267801,0.0,0.0,0.0,0.0,0.0,0.0,0.0,0.0,0.0,0.0,0.0,0.0
2026-07-24 12:00:00,EP062026,28,2026-07-28 18:00:00,4 days 06:00:00,102,21.04,-152.22,1007.0,30.2,99.84655727009958,0.0,0.0,0.0,0.0,0.0,0.0,0.0,0.0,0.0,0.0,0.0,0.0
2026-07-24 12:00:00,EP062026,28,2026-07-29 00:00:00,4 days 12:00:00,108,21.25,-153.41,1008.8,27.5,123.55370493076462,0.0,0.0,0.0,0.0,0.0,0.0,0.0,0.0,0.0,0.0,0.0,0.0
2026-07-24 12:00:00,EP072026,28,2026-07-24 12:00:00,0 days 00:00:00,0,8.9,-99.9,1005.0,29.0,93.0,0.0,0.0,0.0,0.0,0.0,0.0,0.0,0.0,0.0,0.0,0.0,0.0
2026-07-24 12:00:00,EP072026,28,2026-07-24 18:00:00,0 days 06:00:00,6,8.81,-100.94,1001.3,36.6,68.13453512252767,0.0,0.0,1.5717060387461783,68.13453512252767,0.0,0.0,0.0,0.0,0.0,0.0,0.0,0.0
2026-07-24 12:00:00,EP072026,28,2026-07-25 00:00:00,0 days 12:00:00,12,9.04,-102.11,999.6,48.9,64.06481586937997,72.528196529535,35.1991278409031,25.94741246844769,64.5546751650491,0.0,0.0,0.0,0.0,0.0,0.0,0.0,0.0
2026-07-24 12:00:00,EP072026,28,2026-07-25 06:00:00,0 days 18:00:00,18,9.73,-103.2,993.7,65.9,23.10062597910968,95.20421803757,56.16982170653041,26.280991118218505,74.2730997207309,34.23876986082476,20.34937653942177,6.495708828473475,23.83267276954082,23.10062597910968,5.1480673628093125,1.3302778438697178,6.436655112835576
2026-07-24 12:00:00,EP072026,28,2026-07-25 12:00:00,1 days 00:00:00,24,10.12,-104.13,992.6,60.4,15.140159424155744,125.88264501582174,101.99411018171092,65.4859821882589,103.6784964947469,53.85832046954866,40.33524518636974,23.19604708678813,41.01958272087819,0.0,0.0,0.0,0.0
2026-07-24 12:00:00,EP072026,28,2026-07-25 18:00:00,1 days 06:00:00,30,10.93,-105.35,998.4,57.2,50.51295288078717,218.82781246484691,158.28469207704163,99.2166890400262,165.38045003351925,50.63643447735412,33.16405238250207,13.401818119995184,36.05691298336697,0.0,0.0,0.0,0.0
2026-07-24 12:00:00,EP072026,28,2026-07-26 00:00:00,1 days 12:00:00,36,11.5,-106.74,991.4,64.5,34.11272530116713,153.09946703397054,104.3321003820131,57.83053272141791,120.23718441193137,34.11272530116713,15.133597735375162,1.9534832051177349,16.67909657878836,34.11272530116713,2.107213563945976,0.0,3.294275530816656
2026-07-24 12:00:00,EP072026,28,2026-07-26 06:00:00,1 days 18:00:00,42,11.93,-107.99,977.5,87.3,26.43020561321544,186.58354033892613,132.4263217242253,80.4520486596566,156.2501616216871,80.5561709293118,56.4662466107538,31.459444353732017,66.63241586851568,32.93608192964212,23.376449525148573,14.333386287248128,26.08902200060673
2026-07-24 12:00:00,EP072026,28,2026-07-26 12:00:00,2 days 00:00:00,48,12.21,-109.24,973.9,87.0,63.6529742786584,259.368319856394,236.87360721327465,170.73345430584948,218.39645574518147,136.36626940814304,115.65127878510496,91.6722925136373,113.77932927277688,67.9121045408217,60.18286776773947,48.21492661846098,58.424504103214986
2026-07-24 12:00:00,EP072026,28,2026-07-26 18:00:00,2 days 06:00:00,54,13.17,-110.16,994.3,63.1,36.83591181000483,177.13498773798904,132.84381506517036,84.38290647460616,141.8277933216683,36.83591181000483,20.4996006542082,11.850188866809916,20.431093349916168,0.0,0.0,0.0,0.0
2026-07-24 12:00:00,EP072026,28,2026-07-27 00:00:00,2 days 12:00:00,60,13.78,-111.01,986.8,73.1,25.395588244193355,174.90275749708073,136.0305976597919,85.51388042308974,137.30913523026027,74.78745695029764,57.04526167645106,34.21590846197054,59.74749286041714,30.663309249587364,22.835247158920875,14.108435699985757,23.79373908387741
2026-07-24 12:00:00,EP072026,28,2026-07-27 06:00:00,2 days 18:00:00,66,14.28,-112.0,998.0,58.3,36.09536670425577,363.8732467796201,330.3967831074843,247.96882107476608,303.3336491830852,36.09536670425577,13.718600847334814,0.0,14.497425044582096,0.0,0.0,0.0,0.0
2026-07-24 12:00:00,EP072026,28,2026-07-27 12:00:00,3 days 00:00:00,72,15.21,-112.87,987.0,68.3,24.731302467801203,193.6389631537234,152.96879931716998,89.00779338463784,150.62406162316012,86.18801498134908,66.81473747048943,40.12095277440628,66.66737085348717,34.73335737959779,27.14519404725649,17.67801665692494,27.42159342804162
2026-07-24 12:00:00,EP072026,28,2026-07-27 18:00:00,3 days 06:00:00,78,15.68,-113.61,983.6,72.9,36.48039607406324,251.722765977597,204.0917928659332,133.11275804990242,183.4896373816472,53.35641769213396,37.11127004639286,17.88713847455489,38.70326558463347,36.48039607406324,12.875577641643371,6.80640149295431,14.688970191783254
2026-07-24 12:00:00,EP072026,28,2026-07-28 00:00:00,3 days 12:00:00,84,16.29,-114.26,980.1,76.9,12.523118520648666,185.2308089420044,146.19363247686056,104.31260229109851,150.93282361524348,83.358828901646,68.05580620336968,47.05043087934797,62.95300886145765,35.019560849051004,30.261406791241427,21.63605641370708,28.963679986979088
2026-07-24 12:00:00,EP072026,28,2026-07-28 06:00:00,3 days 18:00:00,90,16.53,-115.07,970.6,88.1,37.716123591551806,206.27091998774156,159.26859951652403,108.53720792064148,178.42066503001902,98.21565315919334,78.6741069021503,57.01939046977189,84.38599236116382,47.731473997642894,39.77255757426879,31.353110746789383,41.56966125535214
2026-07-24 12:00:00,EP072026,28,2026-07-28 12:00:00,4 days 00:00:00,96,16.84,-115.8,971.9,86.9,17.54602399898839,235.47097495449583,204.3468865689157,139.26158604309214,193.02735281099672,115.36833586388346,95.03417956974852,67.07413068638988,95.2076206610395,54.55297225614085,45.67013026848276,34.72360169526576,45.59387315022184
2026-07-24 12:00:00,EP072026,28,2026-07-28 18:00:00,4 days 06:00:00,102,17.18,-116.32,966.6,89.1,39.008502464034365,195.4312592683092,166.5769476515236,147.75097954190528,180.29369922225305,112.55501860226786,93.660148351546,73.70824383146692,96.43389829615028,55.95322325938682,48.60502988093458,39.55239637169964,49.24856110196146
2026-07-24 12:00:00,EP072026,28,2026-07-29 00:00:00,4 days 12:00:00,108,17.42,-116.94,967.2,86.0,43.690830852223456,221.68641936204827,190.29060180272177,145.1413837256395,174.09852639700736,87.55679514752482,73.54252880975005,53.22870014258373,72.85771298824584,43.690830852223456,35.78153816695975,26.27559538725436,36.04020341556085
2026-07-24 12:00:00,EP072026,28,2026-07-29 06:00:00,4 days 18:00:00,114,17.66,-117.54,967.6,93.4,27.958454656690208,257.24572874618684,214.43500270745267,160.79630174324802,200.10577352838757,90.58775566978602,74.80628526658188,53.86294127737273,78.14412655939316,43.22529924639434,35.6142253165151,26.002029489486432,35.43754548465091
2026-07-24 12:00:00,EP072026,28,2026-07-29 12:00:00,5 days 00:00:00,120,18.0,-118.31,977.8,77.3,55.07708565459253,240.4652454130405,190.7994863352488,118.59375144238568,180.87893813957183,101.49082479824312,77.44829687834161,50.84556083028993,81.49650749312381,55.07708565459253,36.19210497681954,24.54779974725958,37.12550157672523
2026-07-24 12:00:00,EP072026,28,2026-07-29 18:00:00,5 days 06:00:00,126,18.32,-119.19,971.0,86.2,26.199709090502395,184.1077851706728,147.20158034125092,123.73943794055964,154.59219326486965,86.88468017648418,70.2409906026973,51.043735789175,73.82595528618921,40.93614354293233,33.727333872652046,24.7821482113232,33.824276149186474
2026-07-24 12:00:00,EP072026,28,2026-07-30 00:00:00,5 days 12:00:00,132,18.91,-120.03,980.5,72.7,39.15230450086677,245.3476307225401,210.3493722041736,155.1727950426239,194.57867877186692,78.57257354854897,60.83655906987588,37.79075659681445,60.77935529087804,39.15230450086677,26.284076567426023,16.5852427528021,26.57538532959205
2026-07-24 12:00:00,EP072026,28,2026-07-30 06:00:00,5 days 18:00:00,138,19.31,-121.21,980.9,71.4,19.686020797464323,168.35802738809184,140.9191107391407,102.06038552467294,140.66350949390926,74.82732191960883,62.0193229742174,44.43551147653079,64.78377870011559,36.37345696022157,29.18099739258656,21.99534630625176,30.412210277975102
2026-07-24 12:00:00,EP072026,28,2026-07-30 12:00:00,6 days 00:00:00,144,19.86,-122.09,985.9,67.6,64.27165942730204,248.57431927878383,199.2833391971841,152.01765325451586,218.20273966448008,110.84837326237688,92.62405627383806,67.24324775110526,95.01264749975007,64.27165942730204,43.63412586185078,32.04467018445803,43.06238745787924
2026-07-24 12:00:00,EP072026,28,2026-07-30 18:00:00,6 days 06:00:00,150,20.4,-123.47,984.9,62.3,49.20892694785293,213.94909754879347,169.09978974586767,128.9210294499764,179.6134740921836,94.81415189312996,82.74565997933092,60.77301026792317,80.11029601641327,0.0,0.0,0.0,0.0
2026-07-24 12:00:00,EP072026,28,2026-07-31 00:00:00,6 days 12:00:00,156,20.96,-124.75,991.7,55.2,44.71554018132099,186.16251576160244,176.29842184282722,138.99988783958213,166.75275374697844,51.9785563254417,48.08270698990317,36.66487541660749,39.93569711045234,0.0,0.0,0.0,0.0
2026-07-24 12:00:00,EP072026,28,2026-07-31 06:00:00,6 days 18:00:00,162,20.63,-126.21,984.5,72.3,25.786303865980997,155.5528745051547,149.60927140196895,110.0402117627132,143.70640716984872,37.05182736872445,29.064149992271368,23.3232696981421,29.782392173920947,0.0,0.0,0.0,25.786303865980997
2026-07-24 12:00:00,EP072026,28,2026-07-31 12:00:00,7 days 00:00:00,168,21.31,-127.14,1001.3,49.6,108.65113494900154,251.7341620797064,212.1196175183266,169.13927235467588,215.9096045606459,0.0,0.0,0.0,0.0,0.0,0.0,0.0,0.0
2026-07-24 12:00:00,EP072026,28,2026-07-31 18:00:00,7 days 06:00:00,174,21.62,-128.04,996.9,41.8,77.54452444769555,155.91345815876753,121.265095108237,100.78159946591336,128.62722064793925,0.0,0.0,0.0,0.0,0.0,0.0,0.0,0.0
2026-07-24 12:00:00,EP072026,28,2026-08-01 00:00:00,7 days 12:00:00,180,22.21,-129.49,1005.5,38.4,68.99405512091398,143.9783896001165,110.95629258301838,79.7125331871529,115.63748479043603,0.0,0.0,0.0,0.0,0.0,0.0,0.0,0.0
2026-07-24 12:00:00,EP072026,28,2026-08-01 06:00:00,7 days 18:00:00,186,22.88,-131.02,1003.0,36.1,77.85992627588459,129.87572346939294,102.61941000116371,81.24200715369683,103.0227549042582,0.0,0.0,0.0,0.0,0.0,0.0,0.0,0.0
2026-07-24 12:00:00,EP072026,28,2026-08-01 12:00:00,8 days 00:00:00,192,23.23,-132.57,1004.4,36.4,56.70426304107902,106.26702398817125,81.90469774929664,63.30441098685385,93.3209153291958,0.0,0.0,0.0,0.0,0.0,0.0,0.0,0.0
2026-07-24 12:00:00,EP072026,28,2026-08-01 18:00:00,8 days 06:00:00,198,23.73,-134.37,1009.2,32.2,122.00699050367244,0.0,0.0,0.0,0.0,0.0,0.0,0.0,0.0,0.0,0.0,0.0,0.0
2026-07-24 12:00:00,EP072026,28,2026-08-02 00:00:00,8 days 12:00:00,204,24.04,-135.55,1007.9,32.2,121.59294140222354,0.0,0.0,0.0,0.0,0.0,0.0,0.0,0.0,0.0,0.0,0.0,0.0
2026-07-24 12:00:00,EP072026,28,2026-08-02 06:00:00,8 days 18:00:00,210,24.26,-136.73,1007.6,34.5,62.06980853307773,62.06980853307773,0.0,0.0,8.901191931433544,0.0,0.0,0.0,0.0,0.0,0.0,0.0,0.0
2026-07-24 12:00:00,EP072026,28,2026-08-02 12:00:00,9 days 00:00:00,216,24.71,-137.84,1010.8,23.3,187.9897187118144,0.0,0.0,0.0,0.0,0.0,0.0,0.0,0.0,0.0,0.0,0.0,0.0
2026-07-24 12:00:00,EP072026,28,2026-08-02 18:00:00,9 days 06:00:00,222,24.75,-139.44,996.4,44.1,37.01055121916636,0.0,5.086634843663504,37.01055121916636,3.915484889280236,0.0,0.0,0.0,0.0,0.0,0.0,0.0,0.0
2026-07-24 12:00:00,EP072026,28,2026-08-03 00:00:00,9 days 12:00:00,228,25.56,-140.98,1009.8,28.5,119.34761415464342,0.0,0.0,0.0,0.0,0.0,0.0,0.0,0.0,0.0,0.0,0.0,0.0
2026-07-24 12:00:00,EP072026,28,2026-08-03 06:00:00,9 days 18:00:00,234,25.74,-142.46,1009.6,25.8,141.36782566996945,0.0,0.0,0.0,0.0,0.0,0.0,0.0,0.0,0.0,0.0,0.0,0.0
2026-07-24 12:00:00,EP072026,28,2026-08-03 12:00:00,10 days 00:00:00,240,26.01,-143.17,1008.5,26.1,59.101273242988206,0.0,0.0,0.0,0.0,0.0,0.0,0.0,0.0,0.0,0.0,0.0,0.0
2026-07-24 12:00:00,EP072026,28,2026-08-03 18:00:00,10 days 06:00:00,246,26.4,-144.67,1009.8,33.0,152.7830762814749,0.0,0.0,0.0,0.0,0.0,0.0,0.0,0.0,0.0,0.0,0.0,0.0
2026-07-24 12:00:00,EP072026,28,2026-08-04 00:00:00,10 days 12:00:00,252,27.09,-145.08,1012.0,28.6,87.97917904852133,0.0,0.0,0.0,0.0,0.0,0.0,0.0,0.0,0.0,0.0,0.0,0.0
2026-07-24 12:00:00,WP112026,28,2026-07-24 12:00:00,0 days 00:00:00,0,19.7,120.4,991.0,60.0,37.0,139.0,93.0,84.0,139.0,,,,,0.0,0.0,0.0,0.0
2026-07-24 12:00:00,WP112026,28,2026-07-24 18:00:00,0 days 06:00:00,6,19.94,119.28,972.2,76.9,7.927073434038724,148.29858757930606,134.16581355116756,108.67694068481164,126.373646713019,33.51806472091382,26.71695189462253,19.077339550760936,26.524674331510216,7.927073434038724,4.162690607070186,1.7657718300378396,4.505597088827491
2026-07-24 12:00:00,WP112026,28,2026-07-25 00:00:00,0 days 12:00:00,12,20.48,118.03,956.1,94.5,34.88394527938439,206.25512897945796,189.6145103769252,172.99286059209317,193.3444385931068,114.8089869354119,106.45974893854122,91.10204905701602,103.83418298436504,62.28292401373244,57.94783711435164,48.34601744584032,55.13809348730672
2026-07-24 12:00:00,WP112026,28,2026-07-25 06:00:00,0 days 18:00:00,18,21.34,116.78,953.8,99.8,0.0,185.13449760523355,168.01093829640757,142.16728519481453,160.89394512613137,57.11069944736749,51.484935724188375,38.96735172897307,49.22837382056,28.84011970700871,25.295739058650334,19.003509927240625,24.134484485240705
2026-07-24 12:00:00,WP112026,28,2026-07-25 12:00:00,1 days 00:00:00,24,21.88,115.88,945.9,111.5,5.792718811772774,179.81596454208872,146.2784824125137,122.91048560652578,156.54802088008915,84.05335654867554,68.79330631200365,53.290523696638,73.16250930046567,43.78824621728811,37.428118242024624,28.967129201041203,38.19395546625356
2026-07-24 12:00:00,WP112026,28,2026-07-25 18:00:00,1 days 06:00:00,30,22.8,114.96,963.7,81.2,28.3408766199968,250.78435782515825,227.76464200440023,190.6662857440484,213.73902276452688,28.3408766199968,0.2150886288684186,0.0,0.9301855348337744,28.3408766199968,0.0,0.0,0.0
2026-07-24 12:00:00,WP112026,28,2026-07-26 00:00:00,1 days 12:00:00,36,23.46,114.49,980.2,58.1,41.52175880749854,196.353179825602,182.50163178634185,135.47260008208843,156.0381830371699,41.52175880749854,0.0,0.0,1.4488510338091662,0.0,0.0,0.0,0.0
2026-07-24 12:00:00,WP112026,28,2026-07-26 06:00:00,1 days 18:00:00,42,23.82,113.6,988.0,43.2,26.36919666661616,88.49065650451922,75.14841783203627,51.45177434892003,72.80718665940384,0.0,0.0,0.0,0.0,0.0,0.0,0.0,0.0
2026-07-24 12:00:00,WP112026,28,2026-07-26 12:00:00,2 days 00:00:00,48,23.98,113.21,995.7,34.9,66.08169477336409,208.16861275205827,194.6026681038217,160.60805009112033,185.40666550789285,0.0,0.0,0.0,0.0,0.0,0.0,0.0,0.0
2026-07-24 12:00:00,WP112026,28,2026-07-26 18:00:00,2 days 06:00:00,54,25.06,112.83,998.1,24.2,41.94621873048341,0.0,0.0,0.0,0.0,0.0,0.0,0.0,0.0,0.0,0.0,0.0,0.0
2026-07-24 12:00:00,WP112026,28,2026-07-27 00:00:00,2 days 12:00:00,60,25.97,112.04,1000.3,20.6,66.89018726463306,0.0,0.0,0.0,0.0,0.0,0.0,0.0,0.0,0.0,0.0,0.0,0.0
2026-07-24 12:00:00,WP112026,28,2026-07-27 06:00:00,2 days 18:00:00,66,27.31,111.89,1004.9,13.8,72.77331830375377,0.0,0.0,0.0,0.0,0.0,0.0,0.0,0.0,0.0,0.0,0.0,0.0
2026-07-24 12:00:00,WP112026,28,2026-07-27 12:00:00,3 days 00:00:00,72,27.24,111.54,1003.4,17.3,54.91293439908088,0.0,0.0,0.0,0.0,0.0,0.0,0.0,0.0,0.0,0.0,0.0,0.0
2026-07-24 12:00:00,WP112026,28,2026-07-27 18:00:00,3 days 06:00:00,78,28.41,110.99,1002.3,20.1,121.4137424963331,0.0,0.0,0.0,0.0,0.0,0.0,0.0,0.0,0.0,0.0,0.0,0.0
2026-07-24 12:00:00,WP112026,28,2026-07-28 00:00:00,3 days 12:00:00,84,28.69,110.52,1003.6,13.9,107.71238558950812,0.0,0.0,0.0,0.0,0.0,0.0,0.0,0.0,0.0,0.0,0.0,0.0
2026-07-24 12:00:00,WP112026,28,2026-07-28 06:00:00,3 days 18:00:00,90,30.92,109.98,1003.2,18.0,60.94416789639714,0.0,0.0,0.0,0.0,0.0,0.0,0.0,0.0,0.0,0.0,0.0,0.0
2026-07-24 12:00:00,EP062026,29,2026-07-24 12:00:00,0 days 00:00:00,0,18.5,-130.6,970.0,89.0,37.0,297.0,185.0,111.0,297.0,148.0,74.0,56.0,111.0,74.0,37.0,28.0,56.0
2026-07-24 12:00:00,EP062026,29,2026-07-24 18:00:00,0 days 06:00:00,6,18.63,-131.82,979.8,76.3,33.227814697336186,239.65830351018977,180.70887644190597,127.35068012594272,211.4289820219429,82.87687841685783,53.73041875720365,33.12807719360899,68.06859415929351,33.227814697336186,21.541625508419237,14.62308478956012,24.57743188987781
2026-07-24 12:00:00,EP062026,29,2026-07-25 00:00:00,0 days 12:00:00,12,18.75,-133.07,975.6,77.4,38.07871997016338,209.1481430859423,159.21393394569367,120.554912049951,189.93328235233196,57.0070832591924,34.55614301593739,18.43887185704428,43.84297872056502,38.07871997016338,11.034373241974082,6.470478591240807,12.870924722009194
2026-07-24 12:00:00,EP062026,29,2026-07-25 06:00:00,0 days 18:00:00,18,19.01,-134.56,977.5,74.5,29.74057487430376,217.506947123012,162.0448997546194,109.53560718226684,181.91428286198772,95.95267431369888,70.50625896324819,50.33881834787815,79.7653763402914,37.83498118684148,30.70523474943314,22.65128786398281,32.67972900657765
2026-07-24 12:00:00,EP062026,29,2026-07-25 12:00:00,1 days 00:00:00,24,19.01,-135.47,984.1,64.5,54.70698586350395,251.08591236524947,212.66179873860997,168.12816127081243,219.4243806791365,64.65748642868004,47.85372050671258,29.99940788146551,51.938896975712254,54.70698586350395,4.336188799023289,1.3855388869601208,5.376389434527468
2026-07-24 12:00:00,EP062026,29,2026-07-25 18:00:00,1 days 06:00:00,30,19.59,-136.71,990.7,59.2,74.74604193767598,167.54951004060217,145.9981283021994,110.87758624700318,128.3245136673208,74.74604193767598,16.64902081572973,8.788809913024032,15.189233087849727,0.0,0.0,0.0,0.0
2026-07-24 12:00:00,EP062026,29,2026-07-26 00:00:00,1 days 12:00:00,36,19.79,-137.88,994.1,53.8,54.1484552866654,150.63532287320862,111.67765254643244,69.8134999015723,102.40871502001846,54.1484552866654,13.659477929320415,2.211082028139689,8.694018146221271,0.0,0.0,0.0,0.0
2026-07-24 12:00:00,EP062026,29,2026-07-26 06:00:00,1 days 18:00:00,42,19.91,-138.92,993.2,54.5,64.4052605922331,187.84624053997504,157.79669402559273,112.95172053792628,154.83525422369564,64.4052605922331,17.48235068836189,8.48222779923725,19.7887517244978,0.0,0.0,0.0,0.0
2026-07-24 12:00:00,EP062026,29,2026-07-26 12:00:00,2 days 00:00:00,48,20.08,-139.92,1001.8,42.6,44.613711129713295,182.93255580310145,151.82607622803243,111.40419516205976,147.51950686168595,0.0,0.0,0.0,0.0,0.0,0.0,0.0,0.0
2026-07-24 12:00:00,EP062026,29,2026-07-26 18:00:00,2 days 06:00:00,54,20.23,-141.43,1001.2,41.0,117.89512896687336,117.89512896687336,6.04741031705889,0.7785955911384761,21.0568060003435,0.0,0.0,0.0,0.0,0.0,0.0,0.0,0.0
2026-07-24 12:00:00,EP062026,29,2026-07-27 00:00:00,2 days 12:00:00,60,20.33,-143.13,999.3,44.1,68.41522246262096,164.2143626704769,124.37560717875628,95.86027764162576,125.4916227744201,0.0,0.0,0.0,0.0,0.0,0.0,0.0,0.0
2026-07-24 12:00:00,EP062026,29,2026-07-27 06:00:00,2 days 18:00:00,66,20.13,-144.66,1003.5,41.2,89.24188777869838,89.24188777869838,10.779922802108208,7.400159485025942,18.583514638003354,0.0,0.0,0.0,0.0,0.0,0.0,0.0,0.0
2026-07-24 12:00:00,EP062026,29,2026-07-27 12:00:00,3 days 00:00:00,72,20.32,-146.09,1005.0,35.9,101.73884784551367,101.73884784551367,2.4315627616961137,1.137281308964594,14.146999258426291,0.0,0.0,0.0,0.0,0.0,0.0,0.0,0.0
2026-07-24 12:00:00,EP062026,29,2026-07-27 18:00:00,3 days 06:00:00,78,20.69,-147.93,1007.1,33.6,145.08662912745586,0.0,0.0,0.0,0.0,0.0,0.0,0.0,0.0,0.0,0.0,0.0,0.0
2026-07-24 12:00:00,EP062026,29,2026-07-28 00:00:00,3 days 12:00:00,84,21.17,-149.37,1007.0,30.5,160.64922862226751,0.0,0.0,0.0,0.0,0.0,0.0,0.0,0.0,0.0,0.0,0.0,0.0
2026-07-24 12:00:00,EP062026,29,2026-07-28 06:00:00,3 days 18:00:00,90,21.48,-150.34,1007.3,27.6,159.6239313889809,0.0,0.0,0.0,0.0,0.0,0.0,0.0,0.0,0.0,0.0,0.0,0.0
2026-07-24 12:00:00,EP072026,29,2026-07-24 12:00:00,0 days 00:00:00,0,8.9,-99.9,1005.0,29.0,93.0,0.0,0.0,0.0,0.0,0.0,0.0,0.0,0.0,0.0,0.0,0.0,0.0
2026-07-24 12:00:00,EP072026,29,2026-07-24 18:00:00,0 days 06:00:00,6,8.9,-100.82,999.4,42.3,57.39637469799355,57.39637469799355,0.0,0.0,0.0,0.0,0.0,0.0,0.0,0.0,0.0,0.0,0.0
2026-07-24 12:00:00,EP072026,29,2026-07-25 00:00:00,0 days 12:00:00,12,9.15,-101.99,1003.6,44.7,97.95394102430777,97.95394102430777,90.3991354946944,67.3500743641987,83.93806042193344,0.0,0.0,0.0,0.0,0.0,0.0,0.0,0.0
2026-07-24 12:00:00,EP072026,29,2026-07-25 06:00:00,0 days 18:00:00,18,9.7,-102.61,999.5,48.2,38.24730397513538,60.2527644234976,42.33151104285851,22.568030898906684,46.32330244609492,0.0,0.0,0.0,0.0,0.0,0.0,0.0,0.0
2026-07-24 12:00:00,EP072026,29,2026-07-25 12:00:00,1 days 00:00:00,24,10.5,-103.77,1003.4,47.8,76.69176757140258,76.69176757140258,36.23868803506335,18.066031851052266,23.667947484800152,0.0,0.0,0.0,0.0,0.0,0.0,0.0,0.0
2026-07-24 12:00:00,EP072026,29,2026-07-25 18:00:00,1 days 06:00:00,30,11.62,-104.83,999.1,43.6,73.09008210969935,73.09008210969935,34.010980577288386,13.757815608587856,22.816010505916367,0.0,0.0,0.0,0.0,0.0,0.0,0.0,0.0
2026-07-24 12:00:00,EP072026,29,2026-07-26 00:00:00,1 days 12:00:00,36,11.89,-105.79,997.7,52.0,41.69813078208682,216.03053451626704,183.2756369743911,128.84674552974653,162.71532055681303,41.69813078208682,18.78117896142095,7.518240156793826,15.23987783970366,0.0,0.0,0.0,0.0
2026-07-24 12:00:00,EP072026,29,2026-07-26 06:00:00,1 days 18:00:00,42,12.61,-107.36,997.8,54.3,84.76928339325107,99.41216734823143,67.92197832475011,33.52084467258574,63.65485879906419,84.76928339325107,0.0,0.0,0.3377790000227514,0.0,0.0,0.0,0.0
2026-07-24 12:00:00,EP072026,29,2026-07-26 12:00:00,2 days 00:00:00,48,13.35,-108.35,982.8,73.0,20.62804357848157,200.37139942038183,163.33365469794376,97.01825030177444,157.57470274385787,94.0640930584332,73.40345637637546,51.61673423425499,75.65377035095034,36.42377930821991,30.62761542453228,22.23101600587809,30.411765952391285
2026-07-24 12:00:00,EP072026,29,2026-07-26 18:00:00,2 days 06:00:00,54,13.53,-109.48,991.6,61.5,59.04738118987554,263.7008468715017,225.0984484702088,157.3226382678535,206.8307063211862,59.04738118987554,39.33177331430086,22.33306113871217,38.104326395650105,0.0,0.0,0.0,0.0
2026-07-24 12:00:00,EP072026,29,2026-07-27 00:00:00,2 days 12:00:00,60,14.19,-110.44,978.2,79.6,16.923351190453868,191.19116365287988,161.79974598202318,108.99437515924645,148.5741509725346,68.48000621529994,52.54247128591301,34.70892018751266,51.984540392656086,21.99557919647133,17.873970762350325,13.080116329943747,18.291040117353862
2026-07-24 12:00:00,EP072026,29,2026-07-27 06:00:00,2 days 18:00:00,66,14.84,-111.15,953.6,103.2,12.832676123318215,239.3061993929313,202.40429050157607,134.36525743115692,176.22397987317504,24.83278519226528,13.00347886146382,2.185344316962837,16.60411734534336,12.832676123318215,0.0,0.0,0.0
2026-07-24 12:00:00,EP072026,29,2026-07-27 12:00:00,3 days 00:00:00,72,15.58,-111.97,962.4,96.4,19.724570495745365,233.62978417419896,218.4764462474933,135.635205940547,178.8917721759521,52.77828952617615,42.164864948103855,14.561470211598262,34.277768849849096,19.724570495745365,10.764958270473135,5.34646620582464,11.204124101537436
2026-07-24 12:00:00,EP072026,29,2026-07-27 18:00:00,3 days 06:00:00,78,16.08,-112.74,962.2,100.9,20.6961828497819,193.02512478423571,170.90840144610888,107.59593850779562,148.97560239081946,42.01009070677014,29.895591193648585,12.386589565035262,28.77481342520209,20.6961828497819,14.091356573647786,8.422759060136148,13.822931735201912
2026-07-24 12:00:00,EP072026,29,2026-07-28 00:00:00,3 days 12:00:00,84,16.78,-113.42,960.3,102.2,23.065467861126315,224.6344766049741,200.3223456980226,129.42596886086653,166.77911211080533,63.1687631360856,47.79219239587377,27.762768059551316,46.45803059833327,27.98622005370829,22.331277588055904,15.829853328747795,23.270523353267656
2026-07-24 12:00:00,EP072026,29,2026-07-28 06:00:00,3 days 18:00:00,90,17.13,-113.82,962.3,99.8,27.126575694683662,247.25466475443625,208.62466554353196,112.69264737438212,196.6928060538245,107.0875144454235,84.89491115200336,59.33089018541396,91.50734936109606,59.62728110501727,49.86321158789194,38.6839225674956,49.75271630146097
2026-07-24 12:00:00,EP072026,29,2026-07-28 12:00:00,4 days 00:00:00,96,17.65,-114.83,954.6,100.9,37.098750371555255,253.9768721012056,235.5364524970951,182.89765378996836,216.8993254323263,95.92655126374268,77.82577877190471,56.12517279374369,77.93976795380017,37.098750371555255,27.557839437426523,20.855346056082823,29.051441909465648
2026-07-24 12:00:00,EP072026,29,2026-07-28 18:00:00,4 days 06:00:00,102,17.68,-115.5,973.6,77.4,24.8968508718833,221.88884360697205,194.83834673089493,137.67472204996287,175.0517504777572,87.13491693542403,72.91442900754564,50.324143238786846,68.29298447790767,32.11865433449607,27.14635960568605,19.993090457098845,26.568361256791952
2026-07-24 12:00:00,EP072026,29,2026-07-29 00:00:00,4 days 12:00:00,108,18.12,-116.13,970.9,86.2,42.9383839769087,270.6639493655463,220.3830538332905,154.66567749986567,215.6015692802737,120.7788310545252,101.2649289363563,74.38453679183525,98.81893181370826,48.13530167944258,40.96604276492709,31.8761117271584,40.68926262751346
2026-07-24 12:00:00,EP072026,29,2026-07-29 06:00:00,4 days 18:00:00,114,18.37,-116.94,981.0,76.1,32.78938919513158,271.3453603418469,232.3436209052612,167.9556138008395,223.5199648593344,88.20839280066934,67.14914727683211,46.02155368227454,67.97069831808835,32.78938919513158,15.37794298854544,11.276816197515627,17.275995198075435
2026-07-24 12:00:00,EP072026,29,2026-07-29 12:00:00,5 days 00:00:00,120,18.89,-117.64,974.9,83.4,40.56163410913547,253.06637661202691,204.93866605081507,130.8649624619865,201.29562426438,138.40854655861335,111.73989982035756,82.94430486801696,115.29464449709316,66.5759613856012,56.86390209485273,43.66161220625139,55.10403415610824
2026-07-24 12:00:00,EP072026,29,2026-07-29 18:00:00,5 days 06:00:00,126,19.09,-118.68,979.9,68.8,41.808116232661305,260.1079171778757,202.26451643859383,161.35529079664192,215.2277396635433,136.19703774289076,113.496494595925,86.64538122892782,114.2787268717716,54.507439833506936,46.46189307576523,37.04832134614044,46.21070207207109
2026-07-24 12:00:00,EP072026,29,2026-07-30 00:00:00,5 days 12:00:00,132,19.42,-119.77,980.1,69.8,49.62697618367852,282.4247762194202,244.202698391107,190.62181988397103,234.3740507284151,69.16396320799004,55.41700472289415,36.152589594959736,52.3278361875889,49.62697618367852,6.601943711323372,3.557954399435017,6.448595974967119
2026-07-24 12:00:00,EP072026,29,2026-07-30 06:00:00,5 days 18:00:00,138,19.76,-120.77,981.8,70.7,44.5811324456688,215.47118346563408,173.16918171830383,134.6823374290401,181.65765483721032,118.200651436266,98.9628480688746,75.21348117535968,99.22733660884528,50.6794080735355,43.94397152719129,34.203559272504535,42.88873196912984
2026-07-24 12:00:00,EP072026,29,2026-07-30 12:00:00,6 days 00:00:00,144,20.16,-121.83,981.8,72.0,37.16976900947046,189.83372626965988,140.13816654662222,103.57194980482085,161.1975121508511,106.22751697240074,85.65540134621747,64.79986355889284,88.97057483259346,50.22705080022942,43.36265749989288,33.8899421663545,42.91039425319784
2026-07-24 12:00:00,EP072026,29,2026-07-30 18:00:00,6 days 06:00:00,150,20.51,-122.79,992.9,60.6,53.95300232816432,193.13124471322328,151.4448516447963,126.37296337012135,155.5987402264931,70.28464095326717,55.09585372935719,39.10031944242815,54.67100190481479,0.0,0.0,0.0,0.0
2026-07-24 12:00:00,EP072026,29,2026-07-31 00:00:00,6 days 12:00:00,156,21.02,-123.81,993.1,52.9,43.94094789841179,175.7075926599637,128.28538002384943,86.72077295465954,127.66521790701488,43.94094789841179,2.380352880580204,0.0,5.166646374121692,0.0,0.0,0.0,0.0
2026-07-24 12:00:00,EP072026,29,2026-07-31 06:00:00,6 days 18:00:00,162,21.63,-124.82,1001.6,46.3,111.92389991971652,151.05049590763963,113.38852680594027,83.77883706351093,110.74016899487094,0.0,0.0,0.0,0.0,0.0,0.0,0.0,0.0
2026-07-24 12:00:00,EP072026,29,2026-07-31 12:00:00,7 days 00:00:00,168,22.13,-126.2,1003.5,40.1,118.12575183671396,118.12575183671396,10.7239042810874,3.4127506997845813,18.92947472017302,0.0,0.0,0.0,0.0,0.0,0.0,0.0,0.0
2026-07-24 12:00:00,EP072026,29,2026-07-31 18:00:00,7 days 06:00:00,174,22.59,-127.29,1001.5,40.2,53.15014791410011,53.15014791410011,0.0,0.0,17.43718472025538,0.0,0.0,0.0,0.0,0.0,0.0,0.0,0.0
2026-07-24 12:00:00,EP072026,29,2026-08-01 00:00:00,7 days 12:00:00,180,23.18,-128.82,1002.9,34.6,134.21296086099855,144.74729957022913,116.41131258815848,88.333580988578,118.31516185890122,0.0,0.0,0.0,0.0,0.0,0.0,0.0,0.0
2026-07-24 12:00:00,EP072026,29,2026-08-01 06:00:00,7 days 18:00:00,186,23.55,-130.54,1003.5,30.4,101.96021683438624,0.0,0.0,0.0,0.0,0.0,0.0,0.0,0.0,0.0,0.0,0.0,0.0
2026-07-24 12:00:00,EP072026,29,2026-08-01 12:00:00,8 days 00:00:00,192,24.0,-131.48,1007.6,28.7,127.38579738047864,0.0,0.0,0.0,0.0,0.0,0.0,0.0,0.0,0.0,0.0,0.0,0.0
2026-07-24 12:00:00,EP072026,29,2026-08-01 18:00:00,8 days 06:00:00,198,24.12,-133.71,1006.7,30.0,71.09679418761655,0.0,0.0,0.0,0.0,0.0,0.0,0.0,0.0,0.0,0.0,0.0,0.0
2026-07-24 12:00:00,EP072026,29,2026-08-02 00:00:00,8 days 12:00:00,204,24.69,-134.42,1009.8,27.8,79.75408921704641,0.0,0.0,0.0,0.0,0.0,0.0,0.0,0.0,0.0,0.0,0.0,0.0
2026-07-24 12:00:00,EP072026,29,2026-08-02 06:00:00,8 days 18:00:00,210,25.37,-135.9,1007.8,29.1,80.24097991856564,0.0,0.0,0.0,0.0,0.0,0.0,0.0,0.0,0.0,0.0,0.0,0.0
2026-07-24 12:00:00,EP072026,29,2026-08-02 12:00:00,9 days 00:00:00,216,25.89,-136.65,1008.2,27.3,171.30551221234944,0.0,0.0,0.0,0.0,0.0,0.0,0.0,0.0,0.0,0.0,0.0,0.0
2026-07-24 12:00:00,EP072026,29,2026-08-02 18:00:00,9 days 06:00:00,222,26.4,-138.24,1009.4,21.2,79.77762937771638,0.0,0.0,0.0,0.0,0.0,0.0,0.0,0.0,0.0,0.0,0.0,0.0
2026-07-24 12:00:00,EP072026,29,2026-08-03 00:00:00,9 days 12:00:00,228,27.05,-139.4,1008.0,23.5,102.81831318464796,0.0,0.0,0.0,0.0,0.0,0.0,0.0,0.0,0.0,0.0,0.0,0.0
2026-07-24 12:00:00,EP072026,29,2026-08-03 06:00:00,9 days 18:00:00,234,27.22,-140.36,1007.9,22.2,115.572325343288,0.0,0.0,0.0,0.0,0.0,0.0,0.0,0.0,0.0,0.0,0.0,0.0
2026-07-24 12:00:00,EP072026,29,2026-08-03 12:00:00,10 days 00:00:00,240,27.42,-141.15,1009.5,26.0,102.30845329887852,0.0,0.0,0.0,0.0,0.0,0.0,0.0,0.0,0.0,0.0,0.0,0.0
2026-07-24 12:00:00,EP072026,29,2026-08-03 18:00:00,10 days 06:00:00,246,28.24,-142.33,1011.6,20.5,100.469200102603,0.0,0.0,0.0,0.0,0.0,0.0,0.0,0.0,0.0,0.0,0.0,0.0
2026-07-24 12:00:00,WP112026,29,2026-07-24 12:00:00,0 days 00:00:00,0,19.7,120.4,991.0,60.0,37.0,139.0,93.0,84.0,139.0,,,,,0.0,0.0,0.0,0.0
2026-07-24 12:00:00,WP112026,29,2026-07-24 18:00:00,0 days 06:00:00,6,19.97,119.14,972.0,83.7,25.061651536367428,196.7528939834771,140.4618813624843,116.53909036516644,184.1537992677831,149.4372587376908,120.41686717285155,98.85904200440574,130.9874944546063,86.74068239323482,75.34606232444065,61.9014578468522,73.74473961653425
2026-07-24 12:00:00,WP112026,29,2026-07-25 00:00:00,0 days 12:00:00,12,20.55,118.2,964.9,89.2,38.92488752456182,281.14282033145446,241.1507161412478,199.09313438987155,232.73758189004644,162.7175045945439,139.88937216326903,111.70697743166582,137.68578380045471,74.1480731496996,64.17066596093973,50.90225565601888,62.7512367944997
2026-07-24 12:00:00,WP112026,29,2026-07-25 06:00:00,0 days 18:00:00,18,21.5,117.02,937.8,114.0,5.065013871909799,215.92072782359116,194.9738247639277,138.5361670655187,187.55291378365507,38.155443833918326,24.307636359627,11.377476315596985,27.10784002196689,10.64284959312287,5.8218921358154,3.226358294268896,9.163221877802345
2026-07-24 12:00:00,WP112026,29,2026-07-25 12:00:00,1 days 00:00:00,24,22.11,116.14,944.7,111.1,23.52011455110243,235.80999763220117,211.62282851748245,157.71786899752396,198.5473659765788,133.43804063161804,113.70410795029365,87.21066404073994,114.3934960408574,82.97942076915149,71.31279222680223,56.66504148997191,69.47280403995998
2026-07-24 12:00:00,WP112026,29,2026-07-25 18:00:00,1 days 06:00:00,30,22.61,115.17,955.3,96.8,33.22385708512151,265.5616291828139,230.2330460179388,195.08594888249425,226.7925666373536,78.45300445882665,60.02351374940989,45.89903832546571,65.25425925940151,33.22385708512151,14.098645735180394,10.201152211448548,15.955117240373806
2026-07-24 12:00:00,WP112026,29,2026-07-26 00:00:00,1 days 12:00:00,36,23.11,115.04,972.2,71.0,26.095033873578583,206.5705109480797,171.62249169925155,132.4559463597654,166.34953913938443,114.65685770806454,95.04126133546134,76.1052178281858,93.50883799652864,54.61324254812604,46.612158859786376,38.62050242633825,46.30714955884605
2026-07-24 12:00:00,WP112026,29,2026-07-26 06:00:00,1 days 18:00:00,42,23.78,114.5,972.3,62.6,46.48135143278322,141.1272128073901,137.20837065765738,119.72184167205616,124.45860610458897,46.48135143278322,13.85715530542615,9.078914288464007,12.889000512626856,0.0,0.0,0.0,0.0
2026-07-24 12:00:00,WP112026,29,2026-07-26 12:00:00,2 days 00:00:00,48,24.4,114.32,982.1,49.4,6.3756356317063805,84.98474269618464,78.98438507834331,51.26218149602601,63.2487342643748,0.0,0.0,0.0,0.0,0.0,0.0,0.0,0.0
2026-07-24 12:00:00,WP112026,29,2026-07-26 18:00:00,2 days 06:00:00,54,25.14,113.88,999.9,27.4,76.928092516981,0.0,0.0,0.0,0.0,0.0,0.0,0.0,0.0,0.0,0.0,0.0,0.0
2026-07-24 12:00:00,WP112026,29,2026-07-27 00:00:00,2 days 12:00:00,60,26.19,114.2,1000.7,19.4,50.565070377708594,0.0,0.0,0.0,0.0,0.0,0.0,0.0,0.0,0.0,0.0,0.0,0.0
2026-07-24 12:00:00,WP112026,29,2026-07-27 06:00:00,2 days 18:00:00,66,27.06,114.09,1005.9,15.2,74.04205997985706,0.0,0.0,0.0,0.0,0.0,0.0,0.0,0.0,0.0,0.0,0.0,0.0
2026-07-24 12:00:00,WP112026,29,2026-07-27 12:00:00,3 days 00:00:00,72,27.76,113.7,1004.7,16.2,99.42849259587568,0.0,0.0,0.0,0.0,0.0,0.0,0.0,0.0,0.0,0.0,0.0,0.0
2026-07-24 12:00:00,EP062026,3,2026-07-24 12:00:00,0 days 00:00:00,0,18.5,-130.6,970.0,89.0,37.0,297.0,185.0,111.0,297.0,148.0,74.0,56.0,111.0,74.0,37.0,28.0,56.0
2026-07-24 12:00:00,EP062026,3,2026-07-24 18:00:00,0 days 06:00:00,6,18.84,-131.98,983.0,75.7,16.877180979234804,233.75426895177367,178.1237800895261,118.06245390811188,197.91743291758664,100.69735857167582,71.76926055870598,48.55223445340658,79.74883145400587,27.181891937900037,20.40842162220759,15.049217565992208,23.44534123128632
2026-07-24 12:00:00,EP062026,3,2026-07-25 00:00:00,0 days 12:00:00,12,18.94,-133.13,978.6,80.8,20.329946229646566,259.1853298419689,211.74878550988592,165.80018887462597,235.91875330278708,103.49902016638111,75.06141839620523,50.5301573598332,78.0641163322963,20.329946229646566,0.7258990373698495,0.0,4.359910333095176
2026-07-24 12:00:00,EP062026,3,2026-07-25 06:00:00,0 days 18:00:00,18,19.1,-134.34,977.7,79.5,35.093659758310054,253.17827600553767,190.18381768151173,144.9117441673293,231.64043798708144,124.57701263878836,93.69857523955768,70.07311706533199,105.72078304764312,55.060776388500784,46.41895410410575,37.34191168485228,46.899197559130414
2026-07-24 12:00:00,EP062026,3,2026-07-25 12:00:00,1 days 00:00:00,24,19.08,-135.89,988.4,71.4,42.68123040914712,222.1973616435017,171.41936806384322,128.5754419919731,201.0421103396104,107.85187742942146,81.27567230431708,61.8953161023388,87.4982236190881,42.68123040914712,34.515823440700075,28.62745044631844,34.408646270154584
2026-07-24 12:00:00,EP062026,3,2026-07-25 18:00:00,1 days 06:00:00,30,19.12,-136.77,981.2,72.5,41.13717420763942,227.75659123296737,180.92767148176492,141.207116894798,198.845857151216,108.23822535264276,85.57749757484942,65.58549710433016,95.90539120287326,41.13717420763942,33.4311770235995,26.36604463566732,32.1620015279083
2026-07-24 12:00:00,EP062026,3,2026-07-26 00:00:00,1 days 12:00:00,36,19.47,-137.85,993.4,65.0,33.33717833317458,209.4584737947512,170.30165808465196,130.60800091352854,191.04164089437884,96.24967470321646,68.54668393854993,47.580549679990256,73.64746569530118,33.33717833317458,5.303159002994903,2.268727692891877,7.951559567121205
2026-07-24 12:00:00,EP062026,3,2026-07-26 06:00:00,1 days 18:00:00,42,19.94,-139.01,989.0,67.3,26.83724325508901,256.8168894362532,211.1325980803158,154.95666327902805,225.548636923222,126.4717331919595,106.2437020619806,81.82413998438193,108.06545796435086,52.66282594848913,45.685860772589386,36.82933324806864,44.121606320339865
2026-07-24 12:00:00,EP062026,3,2026-07-26 12:00:00,2 days 00:00:00,48,19.98,-140.39,991.0,63.8,55.04445572167957,303.4826981857574,247.19454009692868,172.53426638674853,271.2784813894698,78.95236576268655,52.820148062594185,32.52858547599168,55.31446495371705,0.0,0.0,0.0,0.0
2026-07-24 12:00:00,EP062026,3,2026-07-26 18:00:00,2 days 06:00:00,54,20.4,-141.38,994.7,57.7,68.46383308316646,300.235787963504,215.8290849443829,138.6413851484107,260.35850750576674,120.17796239525246,85.4787506884194,57.812315818654085,86.24031429114348,0.0,0.0,0.0,0.0
2026-07-24 12:00:00,EP062026,3,2026-07-27 00:00:00,2 days 12:00:00,60,20.6,-142.94,993.0,59.3,30.724431303455454,207.6635222040895,151.77443466878435,101.30973988926642,179.36321050807177,73.47231209516632,52.75545182524552,34.56885404739567,54.29347692198694,0.0,0.0,0.0,0.0
2026-07-24 12:00:00,EP062026,3,2026-07-27 06:00:00,2 days 18:00:00,66,20.55,-144.39,997.8,57.0,98.65819192386718,204.36859709563436,172.89489898880902,105.64549507076926,156.32124054602312,98.65819192386718,0.0,0.0,3.8317844482170695,0.0,0.0,0.0,0.0
2026-07-24 12:00:00,EP062026,3,2026-07-27 12:00:00,3 days 00:00:00,72,21.05,-145.57,994.8,69.6,32.03871535830777,163.74567074451852,128.66866424086936,108.31011086584392,153.03402528601646,75.56884389048807,66.82581437139612,53.48097632521916,61.7353136706605,3.862943925639773,2.666912186072908,1.9589900194891052,32.03871535830777
2026-07-24 12:00:00,EP062026,3,2026-07-27 18:00:00,3 days 06:00:00,78,21.2,-147.31,998.5,56.1,76.36274188862828,235.4470582359156,182.72978099157,109.63378792666695,175.01013539501972,76.36274188862828,1.7150906165186663,0.0,4.577803597817509,0.0,0.0,0.0,0.0
2026-07-24 12:00:00,EP062026,3,2026-07-28 00:00:00,3 days 12:00:00,84,21.22,-148.91,1003.2,42.7,65.22538231438922,65.22538231438922,26.132449851480267,1.3790923273659246,20.152721877315635,0.0,0.0,0.0,0.0,0.0,0.0,0.0,0.0
2026-07-24 12:00:00,EP062026,3,2026-07-28 06:00:00,3 days 18:00:00,90,21.52,-150.56,1000.9,44.0,157.33702581952446,231.12176580584497,187.74375563695207,117.68681236403178,187.93771106867572,0.0,0.0,0.0,0.0,0.0,0.0,0.0,0.0
2026-07-24 12:00:00,EP062026,3,2026-07-28 12:00:00,4 days 00:00:00,96,21.48,-152.09,1004.4,30.9,110.21050188514548,0.0,0.0,0.0,0.0,0.0,0.0,0.0,0.0,0.0,0.0,0.0,0.0
2026-07-24 12:00:00,EP062026,3,2026-07-28 18:00:00,4 days 06:00:00,102,21.73,-153.05,1008.0,30.2,134.42611876335403,0.0,0.0,0.0,0.0,0.0,0.0,0.0,0.0,0.0,0.0,0.0,0.0
2026-07-24 12:00:00,EP072026,3,2026-07-24 12:00:00,0 days 00:00:00,0,8.9,-99.9,1005.0,29.0,93.0,0.0,0.0,0.0,0.0,0.0,0.0,0.0,0.0,0.0,0.0,0.0,0.0
2026-07-24 12:00:00,EP072026,3,2026-07-24 18:00:00,0 days 06:00:00,6,8.48,-100.96,1004.5,41.0,68.4897587113296,100.55617427084248,83.76212331270841,42.12143564617833,71.76013190702531,0.0,0.0,0.0,0.0,0.0,0.0,0.0,0.0
2026-07-24 12:00:00,EP072026,3,2026-07-25 00:00:00,0 days 12:00:00,12,9.39,-101.55,1004.0,38.6,54.69495134340695,59.76358297694848,41.15046612819086,22.779714540680537,41.45235598903897,0.0,0.0,0.0,0.0,0.0,0.0,0.0,0.0
2026-07-24 12:00:00,EP072026,3,2026-07-25 06:00:00,0 days 18:00:00,18,9.96,-102.49,1002.8,45.7,63.26919887167807,63.26919887167807,27.29570913125498,0.0,20.942265288019367,0.0,0.0,0.0,0.0,0.0,0.0,0.0,0.0
2026-07-24 12:00:00,EP072026,3,2026-07-25 12:00:00,1 days 00:00:00,24,10.47,-103.48,997.2,58.1,25.04809941263325,114.39153194759712,94.33560933656366,49.92297135439868,96.98696496284836,54.54166172333603,38.86352366543392,23.1033322986165,38.70924305079954,0.0,0.0,0.0,0.0
2026-07-24 12:00:00,EP072026,3,2026-07-25 18:00:00,1 days 06:00:00,30,10.98,-104.79,994.3,59.4,56.11897182997956,146.17703650244343,112.13854275015322,65.998852631446,114.20870225149014,56.11897182997956,27.30076544159649,16.103069191267284,27.008189869889712,0.0,0.0,0.0,0.0
2026-07-24 12:00:00,EP072026,3,2026-07-26 00:00:00,1 days 12:00:00,36,11.92,-106.01,983.2,75.2,33.3958110179392,164.08219049933507,142.81769048024495,86.4031227998965,128.82167399515737,84.65542809284486,66.20450831599763,46.13540574640552,67.06385935604871,33.3958110179392,21.263601289628763,15.54148372317693,20.73937980575101
2026-07-24 12:00:00,EP072026,3,2026-07-26 06:00:00,1 days 18:00:00,42,11.96,-106.74,965.9,107.3,21.327655785515223,159.67819617294367,125.83885316810904,110.3990489424002,146.5868883565813,64.60599120169158,57.15631112248676,49.46353289085615,61.368345464755215,43.86142386189928,37.57984376789066,31.42957041468955,39.75197077025632
2026-07-24 12:00:00,EP072026,3,2026-07-26 12:00:00,2 days 00:00:00,48,12.75,-108.45,992.1,70.5,53.21058711411538,282.6028188540729,228.33420601560024,138.29683589156133,212.17311216328568,100.8120700873108,76.07209367941174,49.41522844668079,75.57883488604897,53.21058711411538,8.943772513600985,3.972667030226681,7.942871711010346
2026-07-24 12:00:00,EP072026,3,2026-07-26 18:00:00,2 days 06:00:00,54,13.48,-109.59,984.6,74.5,28.180754186701613,250.4986167684003,210.12518092062615,122.73671403278011,204.29822576057745,125.36688872597468,102.98229479355334,72.9281406120515,98.62662569939224,44.92371578319785,38.79555812058555,30.32276513210865,37.52308284821443
2026-07-24 12:00:00,EP072026,3,2026-07-27 00:00:00,2 days 12:00:00,60,13.67,-110.19,963.1,107.0,26.15683568258372,184.5888839510713,126.09614096727668,108.44399650035676,162.8497620483834,77.35080848369513,60.19316093440938,51.86006025233379,71.69090149677942,53.32807663754604,47.2476098808458,39.38917281733049,49.76600807553983
2026-07-24 12:00:00,EP072026,3,2026-07-27 06:00:00,2 days 18:00:00,66,14.56,-111.0,994.6,60.1,107.89874239993624,227.65480745605743,189.51820106133857,109.75238715608884,169.32401941626657,107.89874239993624,35.09020512156209,19.32249566651795,32.25425079104151,0.0,0.0,0.0,0.0
2026-07-24 12:00:00,EP072026,3,2026-07-27 12:00:00,3 days 00:00:00,72,15.82,-112.12,982.5,81.4,40.90144995994501,255.5365719217615,240.89087838794728,182.0919783327104,211.3359919434101,128.52918577848106,115.54528784549076,89.0114322493452,104.21560098418104,47.43818033164183,45.130164349235145,36.96846193574946,41.49785619206628
2026-07-24 12:00:00,EP072026,3,2026-07-27 18:00:00,3 days 06:00:00,78,16.42,-112.91,992.2,64.5,64.30039482005412,302.2117644467962,233.2797517182282,158.55119415638788,233.8638341065897,64.30039482005412,37.17491400126495,22.299633658780067,34.06582003810924,64.30039482005412,0.0,0.0,0.8471956021690428
2026-07-24 12:00:00,EP072026,3,2026-07-28 00:00:00,3 days 12:00:00,84,16.86,-113.48,975.2,75.1,53.72298567178007,242.8202930873825,225.1517717894716,165.3639875237884,190.2191023941412,0.0,0.0,53.72298567178007,0.1205357557442328,0.0,0.0,53.72298567178007,0.1205357557442328
2026-07-24 12:00:00,EP072026,3,2026-07-28 06:00:00,3 days 18:00:00,90,17.32,-114.13,991.3,60.0,57.41040106682222,225.57090250178405,190.51534335748056,132.31202591864283,190.1064509144141,71.9000041380479,54.19947175508623,35.351458844428905,51.30715923234195,0.0,0.0,0.0,0.0
2026-07-24 12:00:00,EP072026,3,2026-07-28 12:00:00,4 days 00:00:00,96,17.59,-114.61,990.4,61.8,42.81593535241802,200.3517884828456,166.1090151624901,114.12382990518884,168.9041684995509,81.9621083246733,66.0318385478617,44.5491807767246,63.06265796990613,0.0,0.0,0.0,0.0
2026-07-24 12:00:00,EP072026,3,2026-07-28 18:00:00,4 days 06:00:00,102,17.91,-115.37,986.6,66.6,69.59041547472486,267.2793624953126,228.5200147467861,176.59260172062926,225.35386595617743,69.59041547472486,30.595648396572454,20.280325250168065,28.508507413188585,69.59041547472486,0.0,0.0,0.7431943368816669
2026-07-24 12:00:00,EP072026,3,2026-07-29 00:00:00,4 days 12:00:00,108,17.94,-115.9,984.8,66.3,44.84281196373742,167.10645501529956,161.9593391567748,121.04516640638651,141.30338022302954,44.84281196373742,17.5121196975086,9.059200273683151,21.626398943046844,44.84281196373742,0.0,0.0,0.0
2026-07-24 12:00:00,EP072026,3,2026-07-29 06:00:00,4 days 18:00:00,114,18.28,-116.19,988.6,57.3,79.50402180482318,250.67298185889445,207.3384465662161,157.63825555308355,211.15330088522765,79.50402180482318,36.65702967602134,23.717815199324995,36.632137925986825,0.0,0.0,0.0,0.0
2026-07-24 12:00:00,EP072026,3,2026-07-29 12:00:00,5 days 00:00:00,120,18.46,-116.71,991.0,52.7,60.59716256673767,275.793993712535,228.9456745002533,173.23107296825762,245.8361706919918,64.05306939279268,44.09338458093214,30.34986595738833,41.5613250332588,0.0,0.0,0.0,0.0
2026-07-24 12:00:00,EP072026,3,2026-07-29 18:00:00,5 days 06:00:00,126,18.8,-117.3,993.7,54.9,58.227004517391606,187.23474913045897,164.59988174032418,125.52171223855036,159.01116798832965,58.227004517391606,14.379468990862996,7.3623048887297955,14.73806609893014,0.0,0.0,0.0,0.0
2026-07-24 12:00:00,EP072026,3,2026-07-30 00:00:00,5 days 12:00:00,132,19.0,-118.2,990.6,53.2,52.47567552036214,182.42728128712577,169.1253757352327,112.27871204728966,150.64178308954763,0.0,0.0,0.0,52.47567552036214,0.0,0.0,0.0,0.0
2026-07-24 12:00:00,EP072026,3,2026-07-30 06:00:00,5 days 18:00:00,138,19.66,-118.97,995.9,47.0,75.14581083723996,280.0392566631833,242.80171830873093,180.72568667953036,225.46746522361772,0.0,0.0,0.0,0.0,0.0,0.0,0.0,0.0
2026-07-24 12:00:00,EP072026,3,2026-07-30 12:00:00,6 days 00:00:00,144,20.27,-119.89,999.2,48.5,73.97139001159661,184.21961569878135,144.4028497507563,94.8105022853883,146.43097858211956,0.0,0.0,0.0,0.0,0.0,0.0,0.0,0.0
2026-07-24 12:00:00,EP072026,3,2026-07-30 18:00:00,6 days 06:00:00,150,20.66,-121.46,993.2,55.6,43.54919746417863,189.25883634478305,148.7280024065476,112.47447384719771,166.35392145650985,50.62596189925762,34.378034950058804,23.25111242885214,32.51219104563916,0.0,0.0,0.0,0.0
2026-07-24 12:00:00,EP072026,3,2026-07-31 00:00:00,6 days 12:00:00,156,20.82,-122.59,990.8,52.8,35.79981969284313,147.18844756268442,111.72993499021362,94.74131216662708,133.1383778304214,40.08502446492945,27.353481125580707,16.949035662653507,28.076368922322786,0.0,0.0,0.0,0.0
2026-07-24 12:00:00,EP072026,3,2026-07-31 06:00:00,6 days 18:00:00,162,21.35,-123.68,1000.3,44.0,74.46710586861616,134.51972507757478,102.56628908815428,93.12254961219324,121.03896775596596,0.0,0.0,0.0,0.0,0.0,0.0,0.0,0.0
2026-07-24 12:00:00,EP072026,3,2026-07-31 12:00:00,7 days 00:00:00,168,21.67,-124.77,1001.8,41.4,50.09411783658703,50.17808429305569,45.51867717671962,35.28174369529808,46.99872180758928,0.0,0.0,0.0,0.0,0.0,0.0,0.0,0.0
2026-07-24 12:00:00,EP072026,3,2026-07-31 18:00:00,7 days 06:00:00,174,21.99,-125.75,1006.8,35.7,90.20550496748552,118.82826717563466,88.931055140761,51.21474217942513,96.64947220957728,0.0,0.0,0.0,0.0,0.0,0.0,0.0,0.0
2026-07-24 12:00:00,EP072026,3,2026-08-01 00:00:00,7 days 12:00:00,180,22.52,-127.0,1002.0,39.2,46.68334170004171,1.137993608022498,0.0,0.0,46.68334170004171,0.0,0.0,0.0,0.0,0.0,0.0,0.0,0.0
2026-07-24 12:00:00,EP072026,3,2026-08-01 06:00:00,7 days 18:00:00,186,22.92,-128.5,1005.6,36.9,124.11269999171536,133.18316794498185,103.82895453205508,56.72698346545779,99.87835239972848,0.0,0.0,0.0,0.0,0.0,0.0,0.0,0.0
2026-07-24 12:00:00,EP072026,3,2026-08-01 12:00:00,8 days 00:00:00,192,23.46,-129.85,1007.3,27.7,76.0560124740457,0.0,0.0,0.0,0.0,0.0,0.0,0.0,0.0,0.0,0.0,0.0,0.0
2026-07-24 12:00:00,EP072026,3,2026-08-01 18:00:00,8 days 06:00:00,198,23.89,-131.46,1008.8,33.4,43.74519819777106,0.0,0.0,0.0,0.0,0.0,0.0,0.0,0.0,0.0,0.0,0.0,0.0
2026-07-24 12:00:00,EP072026,3,2026-08-02 00:00:00,8 days 12:00:00,204,24.18,-132.73,1008.2,32.7,100.93407708536374,0.0,0.0,0.0,0.0,0.0,0.0,0.0,0.0,0.0,0.0,0.0,0.0
2026-07-24 12:00:00,EP072026,3,2026-08-02 06:00:00,8 days 18:00:00,210,24.47,-134.34,1008.1,29.5,62.56783526499679,0.0,0.0,0.0,0.0,0.0,0.0,0.0,0.0,0.0,0.0,0.0,0.0
2026-07-24 12:00:00,EP072026,3,2026-08-02 12:00:00,9 days 00:00:00,216,24.58,-135.52,1009.7,26.3,59.38816008272943,0.0,0.0,0.0,0.0,0.0,0.0,0.0,0.0,0.0,0.0,0.0,0.0
2026-07-24 12:00:00,EP072026,3,2026-08-02 18:00:00,9 days 06:00:00,222,24.4,-136.63,1011.2,22.3,53.86009029442732,0.0,0.0,0.0,0.0,0.0,0.0,0.0,0.0,0.0,0.0,0.0,0.0
2026-07-24 12:00:00,EP072026,3,2026-08-03 00:00:00,9 days 12:00:00,228,24.36,-137.45,1008.6,26.2,79.89022144700363,0.0,0.0,0.0,0.0,0.0,0.0,0.0,0.0,0.0,0.0,0.0,0.0
2026-07-24 12:00:00,WP112026,3,2026-07-24 12:00:00,0 days 00:00:00,0,19.7,120.4,991.0,60.0,37.0,139.0,93.0,84.0,139.0,,,,,0.0,0.0,0.0,0.0
2026-07-24 12:00:00,WP112026,3,2026-07-24 18:00:00,0 days 06:00:00,6,20.05,119.15,984.1,64.6,8.648756107698375,158.0761217967356,143.91087968884426,124.96346210418704,144.11239062847824,62.14666225984578,43.40429414158166,29.49605818549261,44.203004415827934,1.386108462463481,0.0,0.0,8.648756107698375
2026-07-24 12:00:00,WP112026,3,2026-07-25 00:00:00,0 days 12:00:00,12,20.56,118.21,969.9,76.8,24.397541570936895,228.77492857275476,189.9398795603667,169.1925754978845,202.5542144823214,118.658031589363,96.3061975684158,74.4591605027323,97.5907125420108,27.714678949856665,22.768943077614665,16.590302339231553,22.66841066665545
2026-07-24 12:00:00,WP112026,3,2026-07-25 06:00:00,0 days 18:00:00,18,21.26,116.93,969.4,87.7,25.024099580031987,211.46323038551623,188.65363774516413,150.94852663444533,161.3683197931024,44.26929916595455,31.55335875828783,16.865551483093476,31.3291128087329,25.024099580031987,0.0,0.0,0.0
2026-07-24 12:00:00,WP112026,3,2026-07-25 12:00:00,1 days 00:00:00,24,22.09,116.02,949.7,104.6,9.54154264102569,187.8084193293312,147.1916617832135,132.49758125641665,169.8554477206035,99.40703375983664,78.24952298321028,59.23059945637282,81.83747150351354,45.01625220390089,36.49386482552386,30.09356579698614,38.75298603057731
2026-07-24 12:00:00,WP112026,3,2026-07-25 18:00:00,1 days 06:00:00,30,22.75,115.13,949.0,106.1,29.313092408517267,192.4719400689673,164.74985164781998,122.44565847032815,161.7844429272551,102.25427434193728,79.14391369829703,59.789800415027706,82.37992966614708,57.25481404858653,47.72156025934781,38.38661301315794,49.28774563605923
2026-07-24 12:00:00,WP112026,3,2026-07-26 00:00:00,1 days 12:00:00,36,23.62,114.6,971.1,66.9,35.53141290018351,195.1042546928273,163.439806070139,115.33987201308706,152.99995470686503,87.77371766034345,70.2801410442737,43.42719554697983,69.09764854278033,35.53141290018351,9.62140191495694,5.358574374223355,10.830053811646463
2026-07-24 12:00:00,WP112026,3,2026-07-26 06:00:00,1 days 18:00:00,42,24.31,114.06,982.6,51.3,70.12986445658882,163.38896812045854,143.55968698504535,105.56612396812751,128.51567046335367,0.409592143719081,0.8233620717133991,0.0,70.12986445658882,0.0,0.0,0.0,0.0
2026-07-24 12:00:00,WP112026,3,2026-07-26 12:00:00,2 days 00:00:00,48,24.63,114.15,993.8,31.5,80.6525122086213,0.0,0.0,0.0,0.0,0.0,0.0,0.0,0.0,0.0,0.0,0.0,0.0
2026-07-24 12:00:00,WP112026,3,2026-07-26 18:00:00,2 days 06:00:00,54,25.63,114.01,1001.4,18.7,100.01769366676274,0.0,0.0,0.0,0.0,0.0,0.0,0.0,0.0,0.0,0.0,0.0,0.0
2026-07-24 12:00:00,WP112026,3,2026-07-27 00:00:00,2 days 12:00:00,60,26.39,112.75,1002.4,18.7,101.99881593645271,0.0,0.0,0.0,0.0,0.0,0.0,0.0,0.0,0.0,0.0,0.0,0.0
2026-07-24 12:00:00,WP112026,3,2026-07-27 06:00:00,2 days 18:00:00,66,27.65,112.96,1001.1,19.5,97.87196493914588,0.0,0.0,0.0,0.0,0.0,0.0,0.0,0.0,0.0,0.0,0.0,0.0
2026-07-24 12:00:00,WP112026,3,2026-07-27 12:00:00,3 days 00:00:00,72,28.28,112.46,997.7,15.6,107.01762028028736,0.0,0.0,0.0,0.0,0.0,0.0,0.0,0.0,0.0,0.0,0.0,0.0
2026-07-24 12:00:00,WP112026,3,2026-07-27 18:00:00,3 days 06:00:00,78,28.99,111.78,1002.5,16.1,72.71683407518127,0.0,0.0,0.0,0.0,0.0,0.0,0.0,0.0,0.0,0.0,0.0,0.0
2026-07-24 12:00:00,EP062026,30,2026-07-24 12:00:00,0 days 00:00:00,0,18.5,-130.6,970.0,89.0,37.0,297.0,185.0,111.0,297.0,148.0,74.0,56.0,111.0,74.0,37.0,28.0,56.0
2026-07-24 12:00:00,EP062026,30,2026-07-24 18:00:00,0 days 06:00:00,6,18.66,-132.23,974.8,82.6,16.476766677710806,247.3947047722414,196.6061402532635,162.8953366585645,206.98690650324076,110.15437778600467,98.75078536140444,81.56782562422131,97.67747464638228,52.49915665489999,48.62857471877468,41.11965342197819,45.20424175134647
2026-07-24 12:00:00,EP062026,30,2026-07-25 00:00:00,0 days 12:00:00,12,18.85,-133.34,982.6,71.0,35.163064536576144,274.14637986313573,215.04757493903327,179.96811431388454,244.05899746801663,134.39773187303692,113.57113372420407,88.8585107193661,115.05972666332715,47.77446115710628,41.2732692883758,32.90384307440189,40.860110849397785
2026-07-24 12:00:00,EP062026,30,2026-07-25 06:00:00,0 days 18:00:00,18,18.95,-134.74,983.3,65.8,37.232262860837615,294.36042220534534,237.31879029462397,171.5851168628882,244.5565820338811,114.58780250286078,98.70807040050929,72.49865531514169,94.41995259296054,37.232262860837615,22.17069604250543,17.096544732218916,21.840830181471297
2026-07-24 12:00:00,EP062026,30,2026-07-25 12:00:00,1 days 00:00:00,24,19.12,-135.9,969.4,86.4,32.69408044062993,204.78618712051707,154.34335921622164,126.87019292131696,180.3111846966865,49.980285336468825,34.639396050225145,22.33981555777325,40.35148644020188,32.69408044062993,0.0,0.0,2.381003365277678
2026-07-24 12:00:00,EP062026,30,2026-07-25 18:00:00,1 days 06:00:00,30,19.09,-137.12,984.0,71.5,54.56311141050476,204.74823760587907,149.94046200966773,108.59935025251792,176.51055029101258,72.29324844062742,55.375322306087725,38.16179560736265,61.30336233804027,54.56311141050476,8.557864529730715,5.06963765560987,10.6652593131219
2026-07-24 12:00:00,EP062026,30,2026-07-26 00:00:00,1 days 12:00:00,36,19.18,-138.38,983.7,74.3,51.812223642219735,202.91412918303624,152.83476377339215,111.14866397826069,155.07303311342315,64.81168466689823,50.070194214396594,31.51570787640477,50.00365983274813,51.812223642219735,7.561634982306979,4.5685680045183,8.872235348852275
2026-07-24 12:00:00,EP062026,30,2026-07-26 06:00:00,1 days 18:00:00,42,19.37,-139.4,984.7,62.3,49.20940737647902,216.9457242758503,168.84172391731082,135.4302450927502,195.6642235290558,102.17851802220272,84.81658061401652,62.345383658957545,86.86196515392052,0.0,0.0,0.0,0.0
2026-07-24 12:00:00,EP062026,30,2026-07-26 12:00:00,2 days 00:00:00,48,19.46,-140.88,971.9,83.1,45.56704122974978,258.59095557726926,197.48984970981795,154.4389002782117,219.87820548109283,126.6361340571954,104.89231661070691,78.38503610842137,107.87841980139612,55.60031294357772,46.68922322645109,37.05037102978345,47.45371473899803
2026-07-24 12:00:00,EP062026,30,2026-07-26 18:00:00,2 days 06:00:00,54,19.68,-141.93,981.6,75.2,56.85979070373351,171.01462450647864,118.38345727434512,92.37078444848537,142.96074217542963,74.40174635681959,59.3664710944096,42.84316784996565,63.29743992256522,56.85979070373351,17.635186583409304,13.955544300752358,18.759696225326
2026-07-24 12:00:00,EP062026,30,2026-07-27 00:00:00,2 days 12:00:00,60,19.68,-143.17,968.9,92.0,46.6334892031417,153.75398196607387,124.68837480653272,78.64642342520796,133.11425490240856,46.6334892031417,0.0,0.0,5.378622142146922,46.6334892031417,0.0,0.0,1.5680766336424568
2026-07-24 12:00:00,EP062026,30,2026-07-27 06:00:00,2 days 18:00:00,66,19.71,-144.71,980.4,79.3,40.545406688022055,146.9725040640182,105.77599678736276,76.12599743810246,128.6237496134573,40.545406688022055,13.13350290231248,5.801587059639538,20.905517146845792,40.545406688022055,1.5328244732488774,0.9578147093061148,4.520182283300185
2026-07-24 12:00:00,EP062026,30,2026-07-27 12:00:00,3 days 00:00:00,72,19.87,-146.49,974.4,81.9,21.95523150135564,142.21705151827757,97.67760562365896,64.78424334706534,115.62591715697572,78.34365529249587,59.534617434781566,42.22310001195809,64.94734996466433,33.83788773611404,26.833368922444517,20.319297922958103,29.066141951408408
2026-07-24 12:00:00,EP062026,30,2026-07-27 18:00:00,3 days 06:00:00,78,20.08,-147.78,977.3,76.9,57.201509027896265,227.3912354612256,172.72407250911192,108.79097721567842,183.89083524472267,97.44426196265886,73.71318877912483,52.43088394692043,79.29655901272548,57.201509027896265,24.75301194912113,17.93803287929127,27.60720343016293
2026-07-24 12:00:00,EP062026,30,2026-07-28 00:00:00,3 days 12:00:00,84,20.38,-149.07,989.8,70.3,44.69218637210832,188.6790493598046,132.83551150959198,83.19997103016732,150.92296364394383,49.91971062932781,33.5582962031986,21.67346560578183,37.84281933099153,44.69218637210832,0.0,0.0,2.6363036389912886
2026-07-24 12:00:00,EP062026,30,2026-07-28 06:00:00,3 days 18:00:00,90,20.69,-150.23,980.4,72.9,65.95657534250749,195.56863989056689,120.69409176016282,68.2532449114768,161.3574909239988,116.74733037321022,93.09565802695543,67.99840135340176,97.6988534221587,65.95657534250749,42.82822504336467,32.65896270304564,44.5150885426461
2026-07-24 12:00:00,EP062026,30,2026-07-28 12:00:00,4 days 00:00:00,96,20.58,-151.46,973.5,71.5,37.279915324779815,140.69746002969055,120.22522206896916,92.11060449668274,135.99666730606828,58.88487225931044,43.48942823020741,32.638680908043746,52.79329004604327,5.7914243369961005,2.8571866126133942,0.6893176499641438,37.279915324779815
2026-07-24 12:00:00,EP062026,30,2026-07-28 18:00:00,4 days 06:00:00,102,21.23,-151.92,990.7,65.2,22.66899232743087,136.89737579831444,75.77674172173124,41.66410905465487,106.14717101850177,22.66899232743087,6.742901245213815,0.0,13.041077359924168,22.66899232743087,0.0,0.0,2.7079776224000742
2026-07-24 12:00:00,EP062026,30,2026-07-29 00:00:00,4 days 12:00:00,108,21.39,-153.49,997.9,48.5,39.69856693120726,161.91918658107426,126.24811288331506,81.00616841846193,135.34878380387892,0.0,0.0,0.0,0.0,0.0,0.0,0.0,0.0
2026-07-24 12:00:00,EP062026,30,2026-07-29 06:00:00,4 days 18:00:00,114,21.89,-154.6,997.6,48.0,56.61636273899701,158.5981168776737,109.11649109350331,69.4702633135052,134.9795492751711,0.0,0.0,0.0,0.0,0.0,0.0,0.0,0.0
2026-07-24 12:00:00,EP062026,30,2026-07-29 12:00:00,5 days 00:00:00,120,21.84,-155.43,996.3,50.4,23.54854063583653,165.3160381788527,129.04406599571985,86.03749310012611,141.02076841695273,42.931743145081725,32.936698964444616,20.38191152954611,32.93673987652664,0.0,0.0,0.0,0.0
2026-07-24 12:00:00,EP062026,30,2026-07-29 18:00:00,5 days 06:00:00,126,22.5,-156.75,994.0,45.2,36.39110367713235,166.35042382167137,137.64123857123616,105.76196521869493,145.7564262340147,0.0,0.0,0.0,0.0,0.0,0.0,0.0,0.0
2026-07-24 12:00:00,EP062026,30,2026-07-30 00:00:00,5 days 12:00:00,132,21.99,-158.21,982.6,58.4,71.70859087193597,131.9895366366715,100.48793063397072,69.48261361613382,116.31709834303952,71.70859087193597,0.4875312266010652,0.0,6.684087962114729,0.0,0.0,0.0,0.0
2026-07-24 12:00:00,EP062026,30,2026-07-30 06:00:00,5 days 18:00:00,138,21.93,-159.64,1000.9,32.6,74.59652858378645,0.0,0.0,0.0,0.0,0.0,0.0,0.0,0.0,0.0,0.0,0.0,0.0
2026-07-24 12:00:00,EP062026,30,2026-07-30 12:00:00,6 days 00:00:00,144,21.96,-161.38,1005.8,30.6,55.27311187323669,0.0,0.0,0.0,0.0,0.0,0.0,0.0,0.0,0.0,0.0,0.0,0.0
2026-07-24 12:00:00,EP062026,30,2026-07-30 18:00:00,6 days 06:00:00,150,21.71,-162.92,1009.2,29.1,116.78690734412784,0.0,0.0,0.0,0.0,0.0,0.0,0.0,0.0,0.0,0.0,0.0,0.0
2026-07-24 12:00:00,EP062026,30,2026-07-31 00:00:00,6 days 12:00:00,156,21.8,-164.47,1006.8,27.5,86.44016804316979,0.0,0.0,0.0,0.0,0.0,0.0,0.0,0.0,0.0,0.0,0.0,0.0
2026-07-24 12:00:00,EP072026,30,2026-07-24 12:00:00,0 days 00:00:00,0,8.9,-99.9,1005.0,29.0,93.0,0.0,0.0,0.0,0.0,0.0,0.0,0.0,0.0,0.0,0.0,0.0,0.0
2026-07-24 12:00:00,EP072026,30,2026-07-24 18:00:00,0 days 06:00:00,6,8.97,-100.91,1002.7,42.1,56.54040838028379,56.54040838028379,0.0,0.0,1.577561002255596,0.0,0.0,0.0,0.0,0.0,0.0,0.0,0.0
2026-07-24 12:00:00,EP072026,30,2026-07-25 00:00:00,0 days 12:00:00,12,9.29,-101.72,995.9,47.3,49.44508043245472,0.0,0.0,49.44508043245472,0.0,0.0,0.0,0.0,0.0,0.0,0.0,0.0,0.0
2026-07-24 12:00:00,EP072026,30,2026-07-25 06:00:00,0 days 18:00:00,18,9.71,-102.61,1001.3,44.0,60.04878457740661,181.0060749603762,154.88116166476487,118.39123944055738,146.00805719313263,0.0,0.0,0.0,0.0,0.0,0.0,0.0,0.0
2026-07-24 12:00:00,EP072026,30,2026-07-25 12:00:00,1 days 00:00:00,24,10.61,-103.56,996.5,56.5,83.47325548988742,103.40979996983926,91.7559588171064,55.08389058756816,78.94487228682887,83.47325548988742,0.0,0.0,0.0,0.0,0.0,0.0,0.0
2026-07-24 12:00:00,EP072026,30,2026-07-25 18:00:00,1 days 06:00:00,30,11.23,-104.91,1000.8,50.4,67.72086971891909,158.3751122429303,132.87929733413472,83.77218930986339,122.53687893335274,67.72086971891909,2.047352203033057,0.0,1.7732500886076938,0.0,0.0,0.0,0.0
2026-07-24 12:00:00,EP072026,30,2026-07-26 00:00:00,1 days 12:00:00,36,12.08,-106.17,993.4,59.7,52.87466690496246,133.7441361515422,97.3706811377694,58.247573437930406,106.8682409140794,53.23104812006591,40.27862019155113,24.690339499895767,40.8818575754618,0.0,0.0,0.0,0.0
2026-07-24 12:00:00,EP072026,30,2026-07-26 06:00:00,1 days 18:00:00,42,12.53,-107.45,989.9,69.1,41.08513376394159,172.1007031139559,133.94450977652028,92.05722326479592,137.47973636836903,56.51300496436233,43.87858936009172,30.797995997753056,46.7377582444894,41.08513376394159,0.0,0.0,0.7223174554519116
2026-07-24 12:00:00,EP072026,30,2026-07-26 12:00:00,2 days 00:00:00,48,12.63,-108.43,970.5,98.9,54.1212947528736,173.18171584551283,155.3380103395242,96.15442428996056,147.59579463201626,103.6977679176201,89.59540251480722,71.78938301268754,86.8871235948144,54.1212947528736,48.12450091715336,38.49715343707227,46.89008176731059
2026-07-24 12:00:00,EP072026,30,2026-07-26 18:00:00,2 days 06:00:00,54,13.51,-110.05,983.9,75.1,48.96893098388757,156.21030488422622,115.90474005754808,70.88632294429908,121.75953326486788,56.11969299152519,42.89015558276367,28.131810157057963,43.07509007626588,48.96893098388757,3.713153186653778,1.5301785449629053,4.356369063897576
2026-07-24 12:00:00,EP072026,30,2026-07-27 00:00:00,2 days 12:00:00,60,13.64,-110.99,971.9,92.2,25.86451132353119,140.98254078434493,98.51591802136564,49.49786113922637,112.2045902878419,25.86451132353119,0.9883639270178032,0.0,1.5262396552957265,25.86451132353119,0.9883639270178032,0.0,1.5262396552957265
2026-07-24 12:00:00,EP072026,30,2026-07-27 06:00:00,2 days 18:00:00,66,14.09,-111.85,974.1,91.2,25.73126911007596,235.5189094055383,194.80686304680208,115.62061562678028,173.51507539504837,58.52171226887011,41.83617350165916,23.63625522746189,43.17096893792079,25.73126911007596,7.840305260351084,3.71794985633405,9.030967411174348
2026-07-24 12:00:00,EP072026,30,2026-07-27 12:00:00,3 days 00:00:00,72,14.79,-112.48,959.7,109.7,32.059418551466024,205.66942706745797,168.13382532682635,101.37018577812024,160.86756636923838,90.19564921108076,66.94127485703848,43.03266672218194,70.35727128325266,44.61363911815681,35.678690039894605,25.932714069681595,36.996051187904754
2026-07-24 12:00:00,EP072026,30,2026-07-27 18:00:00,3 days 06:00:00,78,15.71,-113.36,957.4,110.7,39.62551465634732,246.93000793320195,220.15388068519545,142.376530444167,202.52496255421897,101.57401178083882,86.02119859828798,63.49852222150669,83.48778238285115,57.69827319793869,52.05826710096495,41.04147169012842,50.158327659843934
2026-07-24 12:00:00,EP072026,30,2026-07-28 00:00:00,3 days 12:00:00,84,16.21,-114.13,961.4,103.7,29.774119331666373,184.375988176828,151.15254828606396,106.8021984608781,157.04796355853284,32.0145769350971,18.615120774744614,9.27363445002051,25.39722084429745,29.774119331666373,2.800035057281738,0.6679251010653099,5.610087279628461
2026-07-24 12:00:00,EP072026,30,2026-07-28 06:00:00,3 days 18:00:00,90,16.37,-114.67,959.2,110.0,19.047311905497548,199.93757876049608,159.54084032016124,105.57454012190392,182.21069124245184,92.38971143884744,71.22051371928887,50.90629613968846,82.2284984598817,43.64897723420512,35.19321492647194,26.750207059527774,37.86902192396843
2026-07-24 12:00:00,EP072026,30,2026-07-28 12:00:00,4 days 00:00:00,96,16.78,-115.29,969.3,90.2,34.966290965547614,145.65118677622922,95.39930928302148,63.59491525581871,106.91280790417296,49.457436892711485,34.5459662914368,19.868583760307278,37.17122789665291,34.966290965547614,16.062705052756655,11.048229532094297,17.34837431099288
2026-07-24 12:00:00,EP072026,30,2026-07-28 18:00:00,4 days 06:00:00,102,17.09,-115.94,969.5,94.4,24.017454774785563,248.857831628918,201.47342345545255,146.82683585680718,224.561420293026,114.69136588193749,95.77640333464676,76.66575325749784,101.11133074434308,64.19471094987131,58.39819431024398,46.12690646986246,57.40086897565766
2026-07-24 12:00:00,EP072026,30,2026-07-29 00:00:00,4 days 12:00:00,108,17.2,-116.61,963.0,95.2,34.68489364487245,205.8947967528626,150.1901474582674,121.6836167221237,179.90382785239888,93.21183155377216,69.00822099827215,52.28760693784226,80.57765995801357,46.32011824220954,37.94540547043035,29.31961753859056,39.84859021212287
2026-07-24 12:00:00,EP072026,30,2026-07-29 06:00:00,4 days 18:00:00,114,17.29,-117.12,972.1,94.7,8.58416696447416,187.75475375712315,160.12852908082428,121.79048555906576,164.50255228781054,25.255034905597164,18.233854855061587,11.734991863699904,24.81055175451268,2.1075694208936517,0.0,0.0,8.58416696447416
2026-07-24 12:00:00,EP072026,30,2026-07-29 12:00:00,5 days 00:00:00,120,17.51,-117.85,954.8,92.8,35.1639404409529,195.5843648376588,147.6213716830606,121.4297739171098,182.43105358761477,74.7656573183139,57.48323304566832,48.89840717483142,67.47868803682914,38.11765557360689,32.82055462500022,27.31367853641389,35.23844199931672
2026-07-24 12:00:00,EP072026,30,2026-07-29 18:00:00,5 days 06:00:00,126,17.46,-118.55,960.5,92.0,44.34525406950184,133.80713073933396,109.0033234479264,85.62283103458145,136.04311050098755,69.8151207393778,53.12289729443921,42.73389909911943,65.83844805983392,44.34525406950184,27.684500736103168,21.52830587793229,30.37433354529532
2026-07-24 12:00:00,EP072026,30,2026-07-30 00:00:00,5 days 12:00:00,132,17.94,-119.29,981.3,82.2,13.697837788105147,144.44468941883264,109.64793708816887,53.92611570893325,106.64128013845276,39.544135343756935,25.90784011132701,9.7592655352258,27.871469161837595,13.697837788105147,0.002293231211663,0.0,1.6211884766284292
2026-07-24 12:00:00,EP072026,30,2026-07-30 06:00:00,5 days 18:00:00,138,18.5,-120.09,959.3,88.7,33.20650071277342,172.11046216354765,145.676354446471,104.5108917740587,158.51477422956577,71.12943076748405,56.29939020274352,38.9018713429284,62.51796497356111,7.059626453027725,5.626901579839842,2.524500981395748,33.20650071277342
2026-07-24 12:00:00,EP072026,30,2026-07-30 12:00:00,6 days 00:00:00,144,19.13,-121.43,983.8,69.8,33.233652512482024,141.31614122068115,106.33814070504832,67.10541087241938,113.60334925260884,33.233652512482024,22.830134763077083,12.934295016540204,24.72900825613459,33.233652512482024,0.0777667474424319,0.0,0.9754586282349996
2026-07-24 12:00:00,EP072026,30,2026-07-30 18:00:00,6 days 06:00:00,150,19.32,-122.81,986.1,53.2,82.84344061126654,202.91746136726067,164.89898511163028,130.8402105275013,174.0038031211384,82.84344061126654,39.047181161651935,31.605154744695284,39.7182940607068,0.0,0.0,0.0,0.0
2026-07-24 12:00:00,EP072026,30,2026-07-31 00:00:00,6 days 12:00:00,156,19.53,-124.02,993.3,50.1,51.52167166741372,130.6427336777038,95.7167690589379,69.8449778377221,110.24643648956344,51.52167166741372,38.01452414583481,25.25265855164602,37.93948901683855,0.0,0.0,0.0,0.0
2026-07-24 12:00:00,EP072026,30,2026-07-31 06:00:00,6 days 18:00:00,162,20.19,-125.46,991.6,57.2,50.86263581185959,134.63365106753167,104.7001083877199,78.04543449708831,121.16156057617442,50.86263581185959,12.12234355749194,7.792752394950703,15.332996968369748,0.0,0.0,0.0,0.0
2026-07-24 12:00:00,EP072026,30,2026-07-31 12:00:00,7 days 00:00:00,168,20.37,-126.77,997.4,57.7,19.266771269210142,127.39201815450298,102.38273487398844,72.12753545471818,106.85459043171088,19.266771269210142,5.248261841686299,2.1243422604208404,7.817467021252197,0.0,0.0,0.0,0.0
2026-07-24 12:00:00,EP072026,30,2026-07-31 18:00:00,7 days 06:00:00,174,20.41,-128.07,999.0,47.2,32.38296976363139,95.05575810304502,62.03686572239695,31.68744601514558,82.3717593668217,0.0,0.0,0.0,0.0,0.0,0.0,0.0,0.0
2026-07-24 12:00:00,EP072026,30,2026-08-01 00:00:00,7 days 12:00:00,180,20.7,-129.36,1001.0,47.9,65.46489652711176,72.95771033084586,59.05283439880051,43.6654195182267,52.27229626624643,0.0,0.0,0.0,0.0,0.0,0.0,0.0,0.0
2026-07-24 12:00:00,EP072026,30,2026-08-01 06:00:00,7 days 18:00:00,186,20.52,-130.96,999.6,37.2,77.26639870234257,77.26639870234257,24.965994099688416,19.303523224738303,29.699116740132176,0.0,0.0,0.0,0.0,0.0,0.0,0.0,0.0
2026-07-24 12:00:00,EP072026,30,2026-08-01 12:00:00,8 days 00:00:00,192,20.77,-132.53,1003.3,40.7,56.87675100773993,111.00762681815422,94.74800618034853,67.2125100679608,88.05813692360312,0.0,0.0,0.0,0.0,0.0,0.0,0.0,0.0
2026-07-24 12:00:00,EP072026,30,2026-08-01 18:00:00,8 days 06:00:00,198,20.94,-133.87,1008.8,30.6,66.19694598595714,0.0,0.0,0.0,0.0,0.0,0.0,0.0,0.0,0.0,0.0,0.0,0.0
2026-07-24 12:00:00,EP072026,30,2026-08-02 00:00:00,8 days 12:00:00,204,21.41,-136.06,1006.5,33.8,49.86910143144336,0.0,0.0,0.0,0.0,0.0,0.0,0.0,0.0,0.0,0.0,0.0,0.0
2026-07-24 12:00:00,WP112026,30,2026-07-24 12:00:00,0 days 00:00:00,0,19.7,120.4,991.0,60.0,37.0,139.0,93.0,84.0,139.0,,,,,0.0,0.0,0.0,0.0
2026-07-24 12:00:00,WP112026,30,2026-07-24 18:00:00,0 days 06:00:00,6,19.73,119.27,965.7,86.4,29.213523778390357,215.60853535013928,191.7769748511261,146.56257680579947,200.10356323883803,121.13118651821009,107.51849345670831,91.6143938833778,105.5833099086286,70.89930304884767,66.28630742792248,54.91146236086033,63.35019349884702
2026-07-24 12:00:00,WP112026,30,2026-07-25 00:00:00,0 days 12:00:00,12,20.52,118.14,961.0,93.1,25.40128149208752,276.4550251786197,241.74742953963175,203.82542535164475,254.90163033501327,162.9871152405945,145.6491282642968,126.4252968667032,144.58585280913547,98.49117409272472,92.80231884317855,77.07040026974413,87.23813991641961
2026-07-24 12:00:00,WP112026,30,2026-07-25 06:00:00,0 days 18:00:00,18,21.25,117.03,945.2,109.2,4.066540217703427,261.38117106569126,248.8945920318135,204.13962196682337,220.1499554991691,123.64821243468288,114.77889849554238,95.29123858492208,105.1028871160906,75.84783571593141,71.60484377328916,60.81774735930519,66.13525954319856
2026-07-24 12:00:00,WP112026,30,2026-07-25 12:00:00,1 days 00:00:00,24,22.0,115.6,927.5,127.8,14.627023063534256,202.17121781612605,163.28509283707504,163.8667456428113,195.04176661364068,130.47685228402213,111.94134137183376,95.67928216764165,117.123349737587,59.452508274988034,52.03230059071346,45.269405223480064,51.6475720862411
2026-07-24 12:00:00,WP112026,30,2026-07-25 18:00:00,1 days 06:00:00,30,22.72,115.09,950.4,98.5,15.161518751891489,192.00278386316344,163.61148575222813,140.06272995440872,159.4770818925793,28.083133338681275,22.13296190281532,14.805552116587556,23.996467104235705,15.161518751891489,1.1872631367632636,1.1950420789532077,1.4807571358066085
2026-07-24 12:00:00,WP112026,30,2026-07-26 00:00:00,1 days 12:00:00,36,23.12,114.1,962.7,76.6,26.1372756956676,150.21237523967056,124.9441929778643,94.30420962971937,118.69379843613194,91.26322547021232,77.68345016535602,61.5176039835049,77.62027367183043,39.86219175986821,33.83953243533756,27.9584714699576,32.22783061471782
2026-07-24 12:00:00,WP112026,30,2026-07-26 06:00:00,1 days 18:00:00,42,23.98,113.79,979.7,56.7,47.91113778769676,235.9082658270634,218.259691038366,193.3420468929072,204.6496577652753,47.91113778769676,0.0,0.0,0.581444718755411,0.0,0.0,0.0,0.0
2026-07-24 12:00:00,WP112026,30,2026-07-26 12:00:00,2 days 00:00:00,48,24.27,113.1,996.9,30.5,112.6427001291969,0.0,0.0,0.0,0.0,0.0,0.0,0.0,0.0,0.0,0.0,0.0,0.0
2026-07-24 12:00:00,WP112026,30,2026-07-26 18:00:00,2 days 06:00:00,54,25.42,112.62,999.3,17.7,83.70113615475125,0.0,0.0,0.0,0.0,0.0,0.0,0.0,0.0,0.0,0.0,0.0,0.0
2026-07-24 12:00:00,WP112026,30,2026-07-27 00:00:00,2 days 12:00:00,60,26.72,111.96,1002.1,19.9,115.2837750246013,0.0,0.0,0.0,0.0,0.0,0.0,0.0,0.0,0.0,0.0,0.0,0.0
2026-07-24 12:00:00,WP112026,30,2026-07-27 06:00:00,2 days 18:00:00,66,26.92,111.77,1004.5,15.9,100.97274427359986,0.0,0.0,0.0,0.0,0.0,0.0,0.0,0.0,0.0,0.0,0.0,0.0
2026-07-24 12:00:00,WP112026,30,2026-07-27 12:00:00,3 days 00:00:00,72,27.3,111.26,1004.0,19.9,44.70486612475406,0.0,0.0,0.0,0.0,0.0,0.0,0.0,0.0,0.0,0.0,0.0,0.0
2026-07-24 12:00:00,WP112026,30,2026-07-27 18:00:00,3 days 06:00:00,78,28.43,110.84,1003.7,18.6,49.70728826217103,0.0,0.0,0.0,0.0,0.0,0.0,0.0,0.0,0.0,0.0,0.0,0.0
2026-07-24 12:00:00,WP112026,30,2026-07-28 00:00:00,3 days 12:00:00,84,29.1,109.42,1001.3,16.8,130.71277142550605,0.0,0.0,0.0,0.0,0.0,0.0,0.0,0.0,0.0,0.0,0.0,0.0
2026-07-24 12:00:00,EP062026,31,2026-07-24 12:00:00,0 days 00:00:00,0,18.5,-130.6,970.0,89.0,37.0,297.0,185.0,111.0,297.0,148.0,74.0,56.0,111.0,74.0,37.0,28.0,56.0
2026-07-24 12:00:00,EP062026,31,2026-07-24 18:00:00,0 days 06:00:00,6,18.64,-131.71,984.9,69.1,31.83760197561315,214.21754302191903,169.0969459637396,134.08572062315233,201.06057532849783,116.01285084149376,87.60875932126638,62.14365413359503,93.0210231850854,31.83760197561315,7.430452775699098,3.940058425078427,10.240853846183215
2026-07-24 12:00:00,EP062026,31,2026-07-25 00:00:00,0 days 12:00:00,12,18.81,-133.39,979.5,77.8,36.64636864223024,237.91684541924403,188.69082552593,145.78124564941118,224.50874934267085,145.2200273033029,112.31088403252318,84.7824686450706,115.54031796636129,48.48150288260496,40.04949174520255,33.130485040911594,43.25474267719835
2026-07-24 12:00:00,EP062026,31,2026-07-25 06:00:00,0 days 18:00:00,18,18.93,-134.64,981.6,75.8,26.80384387214444,195.1058067569165,160.05981180838927,123.64464789456368,164.41274280081996,76.57357602324731,60.360307658927326,42.8394009705428,64.1087758347642,33.57541633104525,28.60563289203365,22.12168083858355,27.971025614040016
2026-07-24 12:00:00,EP062026,31,2026-07-25 12:00:00,1 days 00:00:00,24,19.34,-135.76,984.0,72.8,30.039275263428948,173.80917764100008,123.42437265919808,97.72104631082912,151.54090866360315,84.9360520418391,64.49181292830502,49.32917635299651,73.37215818142585,45.17863410349433,38.32729727775786,31.0877209384978,39.32348543612589
2026-07-24 12:00:00,EP062026,31,2026-07-25 18:00:00,1 days 06:00:00,30,19.32,-136.89,987.7,61.1,42.28155788756556,219.96095555465567,178.49390279944276,132.98674102354948,198.9030695085445,86.63042850905654,60.19596176839413,39.0749898257369,64.45388683070898,0.0,0.0,0.0,0.0
2026-07-24 12:00:00,EP062026,31,2026-07-26 00:00:00,1 days 12:00:00,36,19.5,-137.82,986.7,67.8,47.1984467566578,157.8381326573715,115.70379947096512,75.5085587326937,140.0101076587116,63.89045129198939,41.52785072111453,25.67398807490869,47.78459935197657,47.1984467566578,0.0,0.0,1.622407108956658
2026-07-24 12:00:00,EP062026,31,2026-07-26 06:00:00,1 days 18:00:00,42,19.77,-138.9,982.0,79.8,33.811578872428456,193.68171470614493,144.56212283046014,107.72048906222864,162.65582687671989,75.5377538969281,55.0162795365729,41.42474203733512,64.54566936814646,35.82717043068469,30.80158988623084,24.29672554753781,30.03323075141544
2026-07-24 12:00:00,EP062026,31,2026-07-26 12:00:00,2 days 00:00:00,48,19.88,-140.24,988.9,62.4,42.404550051002616,208.6316142910573,170.56321572950765,129.2824283082996,171.0422602278977,42.404550051002616,2.930865085992451,0.0,7.89346987944819,0.0,0.0,0.0,0.0
2026-07-24 12:00:00,EP062026,31,2026-07-26 18:00:00,2 days 06:00:00,54,20.11,-141.64,992.2,61.7,9.384966800128083,151.2858597687616,117.9183622207649,78.04581378289484,138.94365372401293,54.48117712969066,34.95782749450613,19.501900468158397,39.3071617677124,0.0,0.0,0.0,0.0
2026-07-24 12:00:00,EP062026,31,2026-07-27 00:00:00,2 days 12:00:00,60,20.05,-142.72,992.8,66.8,20.75084149417426,180.37984939581415,139.8095066795801,76.68206237712249,149.56414322741418,43.71238421087311,25.25740364175691,13.554835793951504,31.388691416050257,20.75084149417426,0.0,0.0,0.2885273652423857
2026-07-24 12:00:00,EP062026,31,2026-07-27 06:00:00,2 days 18:00:00,66,20.15,-144.26,992.9,63.7,40.928989491978,164.88955428010084,134.75750693634217,95.91975374441148,139.23648881123825,40.928989491978,0.0,0.0,4.207062231198546,0.0,0.0,0.0,0.0
2026-07-24 12:00:00,EP062026,31,2026-07-27 12:00:00,3 days 00:00:00,72,20.09,-145.81,999.3,52.7,62.96274337567051,189.1098256715284,145.1840933495669,103.04719592499713,153.0730790879524,62.96274337567051,0.0,0.0,1.677065147311688,0.0,0.0,0.0,0.0
2026-07-24 12:00:00,EP062026,31,2026-07-27 18:00:00,3 days 06:00:00,78,20.36,-147.5,1002.7,41.4,87.4599461695796,157.25346057941988,122.6650671403908,79.76011039104057,124.75266548882928,0.0,0.0,0.0,0.0,0.0,0.0,0.0,0.0
2026-07-24 12:00:00,EP062026,31,2026-07-28 00:00:00,3 days 12:00:00,84,20.39,-149.08,1003.1,43.9,111.25517062431727,165.3668878989773,123.59648571509464,66.15429005200318,128.6459641393912,0.0,0.0,0.0,0.0,0.0,0.0,0.0,0.0
2026-07-24 12:00:00,EP062026,31,2026-07-28 06:00:00,3 days 18:00:00,90,20.73,-150.63,1000.7,37.3,88.959161383142,148.22666017295418,111.77786613378248,67.4240012241142,117.61928739494448,0.0,0.0,0.0,0.0,0.0,0.0,0.0,0.0
2026-07-24 12:00:00,EP062026,31,2026-07-28 12:00:00,4 days 00:00:00,96,20.7,-152.31,1006.2,36.6,99.1434460815959,99.1434460815959,5.646189428776566,0.0,10.087767377814624,0.0,0.0,0.0,0.0,0.0,0.0,0.0,0.0
2026-07-24 12:00:00,EP062026,31,2026-07-28 18:00:00,4 days 06:00:00,102,21.1,-153.69,1007.0,39.3,116.13961811073573,232.108212975408,186.47485285359343,125.27848836206203,194.02371288063543,0.0,0.0,0.0,0.0,0.0,0.0,0.0,0.0
2026-07-24 12:00:00,EP062026,31,2026-07-29 00:00:00,4 days 12:00:00,108,21.36,-155.35,1004.0,40.3,116.4578279656123,239.44918911287385,191.35334094119327,125.14820102154565,194.77746952599196,0.0,0.0,0.0,0.0,0.0,0.0,0.0,0.0
2026-07-24 12:00:00,EP062026,31,2026-07-29 06:00:00,4 days 18:00:00,114,21.42,-156.28,1010.7,35.9,122.97332718621892,122.97332718621892,53.31714818065792,25.229055050452,50.83212403786917,0.0,0.0,0.0,0.0,0.0,0.0,0.0,0.0
2026-07-24 12:00:00,EP062026,31,2026-07-29 12:00:00,5 days 00:00:00,120,21.59,-157.6,1012.0,23.7,125.96640331813796,0.0,0.0,0.0,0.0,0.0,0.0,0.0,0.0,0.0,0.0,0.0,0.0
2026-07-24 12:00:00,EP072026,31,2026-07-24 12:00:00,0 days 00:00:00,0,8.9,-99.9,1005.0,29.0,93.0,0.0,0.0,0.0,0.0,0.0,0.0,0.0,0.0,0.0,0.0,0.0,0.0
2026-07-24 12:00:00,EP072026,31,2026-07-24 18:00:00,0 days 06:00:00,6,8.86,-101.45,1004.3,42.5,97.49520107932616,117.66163291760704,95.24843019359491,60.987653981650745,96.07370683897408,0.0,0.0,0.0,0.0,0.0,0.0,0.0,0.0
2026-07-24 12:00:00,EP072026,31,2026-07-25 00:00:00,0 days 12:00:00,12,9.55,-102.01,1002.8,33.2,69.81003005531423,0.0,0.0,0.0,0.0,0.0,0.0,0.0,0.0,0.0,0.0,0.0,0.0
2026-07-24 12:00:00,EP072026,31,2026-07-25 06:00:00,0 days 18:00:00,18,9.95,-102.62,1002.9,33.8,47.20334118259039,0.0,0.0,0.0,0.0,0.0,0.0,0.0,0.0,0.0,0.0,0.0,0.0
2026-07-24 12:00:00,EP072026,31,2026-07-25 12:00:00,1 days 00:00:00,24,10.48,-103.56,1001.0,45.7,54.861569282611526,106.88824571485736,83.28733782514934,49.75000210826644,84.10067549489591,0.0,0.0,0.0,0.0,0.0,0.0,0.0,0.0
2026-07-24 12:00:00,EP072026,31,2026-07-25 18:00:00,1 days 06:00:00,30,11.31,-104.92,999.9,51.7,62.11965198088958,188.5116150555267,139.10939939153292,67.32472725552418,134.45953414439407,62.11965198088958,20.64186354128777,10.8771433579449,18.95282574915984,0.0,0.0,0.0,0.0
2026-07-24 12:00:00,EP072026,31,2026-07-26 00:00:00,1 days 12:00:00,36,11.94,-106.21,991.7,65.7,36.50374935580677,173.02532273954404,145.26446872698318,105.87945242187506,146.17962110264935,65.8280084198218,48.37203082669557,29.80338744478609,43.674448629923006,36.50374935580677,0.0,0.0,0.2047531106054432
2026-07-24 12:00:00,EP072026,31,2026-07-26 06:00:00,1 days 18:00:00,42,12.56,-107.32,990.8,71.2,21.37045681040956,212.2777642477376,170.3481908049777,87.52983520338847,166.87024237750504,79.58363100811295,58.662109453435,35.35547838482695,54.70164620576576,21.37045681040956,0.0,0.0,0.5846345617423434
2026-07-24 12:00:00,EP072026,31,2026-07-26 12:00:00,2 days 00:00:00,48,13.04,-108.49,974.4,87.6,18.485165301906164,185.082546334012,139.69598462531388,78.26240179674369,146.41389739881623,80.29484038219204,56.01135071219721,35.46556276286309,62.04877389787342,27.18510192482061,20.857383260057617,16.071299435271595,23.01996992266553
2026-07-24 12:00:00,EP072026,31,2026-07-26 18:00:00,2 days 06:00:00,54,13.69,-109.56,968.5,96.5,9.90543568056201,166.76513852398324,134.06402195441802,71.74180953828248,141.458949834444,74.9267925808935,53.87387014025947,32.57427279038129,56.21001532109453,33.93280092815162,26.71573627374141,20.12196534828344,28.43219443081528
2026-07-24 12:00:00,EP072026,31,2026-07-27 00:00:00,2 days 12:00:00,60,14.14,-110.51,967.4,91.0,32.96937602699053,222.87136248778864,170.44301437571357,106.20265985912374,190.9622441803785,113.16918690218284,80.60481923556537,53.02449978491403,85.85836079053155,36.84293225311137,28.789263003516155,21.171860983635185,31.54077715426304
2026-07-24 12:00:00,EP072026,31,2026-07-27 06:00:00,2 days 18:00:00,66,14.85,-111.16,962.6,97.6,12.586639237683176,198.32868559325345,182.14577527149424,113.6498861643507,153.0004363047864,26.839485745265133,16.835682678270402,3.4100809368687828,14.519309929040526,12.586639237683176,0.0,0.0,0.0
2026-07-24 12:00:00,EP072026,31,2026-07-27 12:00:00,3 days 00:00:00,72,15.7,-111.92,957.6,100.5,23.50337338375625,253.5019131882914,204.63587047659144,124.98282368963211,201.00768875876724,134.2191344927058,106.83357028637003,73.51167268303242,103.02554549436232,55.72757036121351,48.20793789234772,37.93331594307551,49.521850168509374
2026-07-24 12:00:00,EP072026,31,2026-07-27 18:00:00,3 days 06:00:00,78,16.34,-112.56,967.6,92.5,13.855840250218328,187.324551209069,143.33767339911589,84.81984114251678,143.8194045532963,66.25474905870044,47.13308315502409,25.27974506605564,46.894287585717045,13.855840250218328,6.101283697153498,1.5608548713790105,7.129324874766675
2026-07-24 12:00:00,EP072026,31,2026-07-28 00:00:00,3 days 12:00:00,84,16.76,-113.52,974.6,82.2,44.40532460754575,212.08278230789983,174.9086101534462,136.1041461846221,187.62694601375065,94.51210527384332,65.70237568316506,50.36815184807881,79.53007018255798,50.12273064907814,42.47356074598961,34.27736185819409,43.77601108959306
2026-07-24 12:00:00,EP072026,31,2026-07-28 06:00:00,3 days 18:00:00,90,17.37,-114.39,975.9,91.4,23.335461773128262,164.17690728580635,151.59601215183153,113.49514233984618,129.20111465507858,67.1712591504396,53.11112131010408,38.42962104599859,57.15388511508564,44.1946556273702,39.44088904024154,32.31999993855941,37.57241086474235
2026-07-24 12:00:00,EP072026,31,2026-07-28 12:00:00,4 days 00:00:00,96,17.57,-114.98,973.0,93.1,46.646173521910605,216.97295112138767,197.31945158362788,149.92785755143268,193.0208947596153,96.59246376470628,79.95491798842926,64.19226310188371,84.27827820629453,54.25056012500576,48.189003517792536,40.48849245356512,47.87462008938727
2026-07-24 12:00:00,EP072026,31,2026-07-28 18:00:00,4 days 06:00:00,102,17.8,-115.86,974.1,88.6,34.617799839970544,182.6857258544836,138.62233631018975,108.35492182533471,149.16787296268734,102.24112831369422,81.93379882609818,61.35559225482788,85.06099412857799,41.57011023723683,35.29891545628331,28.872683324532588,36.97261471127617
2026-07-24 12:00:00,EP072026,31,2026-07-29 00:00:00,4 days 12:00:00,108,17.96,-116.66,967.8,97.9,27.50050754057884,235.2264065232557,201.4210189789701,144.86040636413236,193.354910037855,27.50050754057884,4.0072149498179215,0.0,10.135984912298795,27.50050754057884,0.0,0.0,0.0
2026-07-24 12:00:00,EP072026,31,2026-07-29 06:00:00,4 days 18:00:00,114,18.04,-117.33,971.3,90.6,25.1475589963603,203.2864871212708,150.95401106879245,101.01941036839506,166.84813063985786,69.8442073019664,49.157502686165984,32.96769706306904,60.25321884474614,36.811721663735085,31.8871701056152,23.7366628969439,33.050616193734584
2026-07-24 12:00:00,EP072026,31,2026-07-29 12:00:00,5 days 00:00:00,120,18.22,-118.25,979.5,79.0,27.751053303170742,245.03898718261087,204.5132114384001,141.04009403835383,202.0227895936752,94.47491158747256,73.04866968236874,51.68224369130387,80.77539462192291,48.61250115859666,43.26221865198868,35.05740517104587,42.66933479934895
2026-07-24 12:00:00,EP072026,31,2026-07-29 18:00:00,5 days 06:00:00,126,18.59,-119.22,982.4,65.9,40.28436249457927,241.6928502908521,209.89241828415072,133.41300301334178,192.6432447802156,84.7164022448431,65.9502720036563,41.4787903978724,64.06340498478355,40.28436249457927,1.4500553548417183,0.0,1.5403100572970914
2026-07-24 12:00:00,EP072026,31,2026-07-30 00:00:00,5 days 12:00:00,132,19.06,-120.18,989.7,63.5,44.973570721379616,239.6741441379919,209.8499606664764,148.79917539011194,208.66703761037175,86.47186379526656,62.5111689302432,40.89481445766755,65.28557316064183,0.0,0.0,0.0,0.0
2026-07-24 12:00:00,EP072026,31,2026-07-30 06:00:00,5 days 18:00:00,138,19.35,-121.12,990.9,61.1,38.41015857345306,206.7227011644062,163.40217471715425,118.7041411406912,177.54339841849048,61.35335201011361,41.16232302324897,25.061714921029637,42.55987931222691,0.0,0.0,0.0,0.0
2026-07-24 12:00:00,EP072026,31,2026-07-30 12:00:00,6 days 00:00:00,144,19.5,-122.2,994.7,57.1,51.090036558243554,183.5263062492778,143.9123918004574,124.41075484164575,179.79548077184063,51.090036558243554,26.483422605395678,18.570419123350437,30.772339906162976,0.0,0.0,0.0,0.0
2026-07-24 12:00:00,EP072026,31,2026-07-30 18:00:00,6 days 06:00:00,150,19.81,-123.22,994.4,57.0,71.53240181721642,162.8319098342563,134.85023041396892,111.30010169171328,146.08875065860923,71.53240181721642,43.54155143098464,27.24033027444139,45.31620694288682,0.0,0.0,0.0,0.0
2026-07-24 12:00:00,EP072026,31,2026-07-31 00:00:00,6 days 12:00:00,156,20.38,-124.15,998.4,51.1,45.39905537658817,208.3298777183604,175.37414107252022,135.96079188849097,170.99604017724053,45.39905537658817,0.7300865850910223,0.0,4.794503382145547,0.0,0.0,0.0,0.0
2026-07-24 12:00:00,EP072026,31,2026-07-31 06:00:00,6 days 18:00:00,162,20.66,-125.12,1000.1,40.8,59.61128844318965,178.39588537363755,161.0903523443053,115.1180584191412,149.091457149966,0.0,0.0,0.0,0.0,0.0,0.0,0.0,0.0
2026-07-24 12:00:00,EP072026,31,2026-07-31 12:00:00,7 days 00:00:00,168,21.14,-126.25,1002.5,43.7,88.55231931172554,223.00271395683137,181.52757598460212,144.37073683977076,176.79093118993228,0.0,0.0,0.0,0.0,0.0,0.0,0.0,0.0
2026-07-24 12:00:00,EP072026,31,2026-07-31 18:00:00,7 days 06:00:00,174,21.85,-127.74,1005.6,40.4,111.90494209855363,176.45874200770336,148.53048110340205,105.01846263793688,141.8677654271964,0.0,0.0,0.0,0.0,0.0,0.0,0.0,0.0
2026-07-24 12:00:00,EP072026,31,2026-08-01 00:00:00,7 days 12:00:00,180,21.9,-129.23,1005.7,37.1,98.71145999063408,114.57380983354956,88.44842160551627,61.84464464772054,97.22650488597908,0.0,0.0,0.0,0.0,0.0,0.0,0.0,0.0
2026-07-24 12:00:00,EP072026,31,2026-08-01 06:00:00,7 days 18:00:00,186,22.31,-130.45,1005.8,37.8,153.82530260906256,263.1070695707385,217.06285629745216,146.90460127808996,204.369236565351,0.0,0.0,0.0,0.0,0.0,0.0,0.0,0.0
2026-07-24 12:00:00,EP072026,31,2026-08-01 12:00:00,8 days 00:00:00,192,22.88,-131.88,1006.7,33.0,63.98249884674532,0.0,0.0,0.0,0.0,0.0,0.0,0.0,0.0,0.0,0.0,0.0,0.0
2026-07-24 12:00:00,EP072026,31,2026-08-01 18:00:00,8 days 06:00:00,198,22.96,-133.56,1009.0,32.4,68.99430240283029,0.0,0.0,0.0,0.0,0.0,0.0,0.0,0.0,0.0,0.0,0.0,0.0
2026-07-24 12:00:00,EP072026,31,2026-08-02 00:00:00,8 days 12:00:00,204,23.41,-135.26,1008.8,26.3,51.81583613440307,0.0,0.0,0.0,0.0,0.0,0.0,0.0,0.0,0.0,0.0,0.0,0.0
2026-07-24 12:00:00,EP072026,31,2026-08-02 06:00:00,8 days 18:00:00,210,23.27,-136.96,1009.6,28.3,47.74947714863335,0.0,0.0,0.0,0.0,0.0,0.0,0.0,0.0,0.0,0.0,0.0,0.0
2026-07-24 12:00:00,EP072026,31,2026-08-02 12:00:00,9 days 00:00:00,216,23.43,-138.87,1007.6,29.1,120.72268728145298,0.0,0.0,0.0,0.0,0.0,0.0,0.0,0.0,0.0,0.0,0.0,0.0
2026-07-24 12:00:00,EP072026,31,2026-08-02 18:00:00,9 days 06:00:00,222,23.45,-140.51,1009.2,27.3,80.64648094794278,0.0,0.0,0.0,0.0,0.0,0.0,0.0,0.0,0.0,0.0,0.0,0.0
2026-07-24 12:00:00,WP112026,31,2026-07-24 12:00:00,0 days 00:00:00,0,19.7,120.4,991.0,60.0,37.0,139.0,93.0,84.0,139.0,,,,,0.0,0.0,0.0,0.0
2026-07-24 12:00:00,WP112026,31,2026-07-24 18:00:00,0 days 06:00:00,6,19.96,119.14,980.3,68.4,27.84945413757864,260.4925038926346,204.231752454271,165.8706469092087,229.59340231120007,131.79583503072146,103.22540655529056,81.57724475865857,101.68321727009044,27.84945413757864,12.504504546799716,9.819785081040491,15.25136356530655
2026-07-24 12:00:00,WP112026,31,2026-07-25 00:00:00,0 days 12:00:00,12,20.57,118.23,966.8,84.0,32.57877068537057,246.69335386386896,197.17302859845196,158.36010750483473,207.83555858187304,56.53042550910499,35.49139213653174,20.906198075732853,40.8577289653778,32.57877068537057,0.0,0.0,1.408445367323653
2026-07-24 12:00:00,WP112026,31,2026-07-25 06:00:00,0 days 18:00:00,18,21.55,116.94,967.3,85.0,9.684181365951634,177.5896883430654,183.19582039491428,167.30574010070328,150.56547884392285,32.481201173330874,22.8375047017044,14.000416355160286,26.381683641537613,9.684181365951634,0.0,0.0,0.1653936965379798
2026-07-24 12:00:00,WP112026,31,2026-07-25 12:00:00,1 days 00:00:00,24,22.31,116.2,957.1,98.3,4.457509648712822,162.17326748532045,141.486662824065,115.88687154592115,139.4347515714198,60.50188509061832,44.81308850203011,30.252503494907984,49.16134046601061,32.795928789539225,26.68838143371668,20.29169155451978,28.085662839982533
2026-07-24 12:00:00,WP112026,31,2026-07-25 18:00:00,1 days 06:00:00,30,22.72,115.16,953.0,100.3,26.72323063882669,99.12005785580442,104.08971219463795,87.71653809926224,88.22635522506606,1.941853450591564,1.4810834248746685,0.5317382006082529,26.72323063882669,1.941853450591564,1.4810834248746685,0.5317382006082529,26.72323063882669
2026-07-24 12:00:00,WP112026,31,2026-07-26 00:00:00,1 days 12:00:00,36,23.32,114.48,970.8,71.4,19.50457597559739,163.36178126425654,166.02847381430564,129.55103953739052,142.7959761548516,19.50457597559739,0.4844252432710307,0.1094284830504617,1.0966231138236362,19.50457597559739,0.4844252432710307,0.1094284830504617,0.3048419717294193
2026-07-24 12:00:00,WP112026,31,2026-07-26 06:00:00,1 days 18:00:00,42,24.1,114.24,987.9,39.8,44.77263289069019,44.77263289069019,0.0,0.0,0.0,0.0,0.0,0.0,0.0,0.0,0.0,0.0,0.0
2026-07-24 12:00:00,WP112026,31,2026-07-26 12:00:00,2 days 00:00:00,48,24.87,114.09,992.3,28.7,55.52079018386456,0.0,0.0,0.0,0.0,0.0,0.0,0.0,0.0,0.0,0.0,0.0,0.0
2026-07-24 12:00:00,WP112026,31,2026-07-26 18:00:00,2 days 06:00:00,54,25.83,113.67,998.5,27.2,48.97044680883859,0.0,0.0,0.0,0.0,0.0,0.0,0.0,0.0,0.0,0.0,0.0,0.0
2026-07-24 12:00:00,WP112026,31,2026-07-27 00:00:00,2 days 12:00:00,60,27.08,113.41,1001.6,23.2,80.64690491193227,0.0,0.0,0.0,0.0,0.0,0.0,0.0,0.0,0.0,0.0,0.0,0.0
2026-07-24 12:00:00,WP112026,31,2026-07-27 06:00:00,2 days 18:00:00,66,28.01,113.38,998.8,23.3,42.89879689370541,0.0,0.0,0.0,0.0,0.0,0.0,0.0,0.0,0.0,0.0,0.0,0.0
2026-07-24 12:00:00,WP112026,31,2026-07-27 12:00:00,3 days 00:00:00,72,28.58,113.13,998.4,19.3,73.08194109176439,0.0,0.0,0.0,0.0,0.0,0.0,0.0,0.0,0.0,0.0,0.0,0.0
2026-07-24 12:00:00,WP112026,31,2026-07-27 18:00:00,3 days 06:00:00,78,29.29,112.63,1002.8,17.6,70.95759336861276,0.0,0.0,0.0,0.0,0.0,0.0,0.0,0.0,0.0,0.0,0.0,0.0
2026-07-24 12:00:00,WP112026,31,2026-07-28 00:00:00,3 days 12:00:00,84,29.8,111.68,1001.9,21.3,138.27704236163032,0.0,0.0,0.0,0.0,0.0,0.0,0.0,0.0,0.0,0.0,0.0,0.0
2026-07-24 12:00:00,WP112026,31,2026-07-28 06:00:00,3 days 18:00:00,90,30.51,112.07,1005.2,19.8,59.06100186417434,0.0,0.0,0.0,0.0,0.0,0.0,0.0,0.0,0.0,0.0,0.0,0.0
2026-07-24 12:00:00,EP062026,32,2026-07-24 12:00:00,0 days 00:00:00,0,18.5,-130.6,970.0,89.0,37.0,297.0,185.0,111.0,297.0,148.0,74.0,56.0,111.0,74.0,37.0,28.0,56.0
2026-07-24 12:00:00,EP062026,32,2026-07-24 18:00:00,0 days 06:00:00,6,18.71,-131.76,975.5,86.6,10.518775121030757,230.32673769402115,173.55161828845377,147.32558209161067,220.1637182151768,114.73685870481614,97.45560782909683,73.00412653741395,97.91272344318516,54.41392127882026,46.7060614423246,36.496624681523095,47.01929053319618
2026-07-24 12:00:00,EP062026,32,2026-07-25 00:00:00,0 days 12:00:00,12,18.85,-133.13,979.2,82.2,40.18041504221203,304.1317595723698,250.9019081960668,191.90054468621216,255.244129571652,128.12529414610742,107.58835812075505,80.24837935996771,106.06536756237392,62.51638018347394,53.209537768917976,41.32738610358123,52.97428988247012
2026-07-24 12:00:00,EP062026,32,2026-07-25 06:00:00,0 days 18:00:00,18,19.09,-134.56,979.3,78.8,47.51211912503227,184.5793897689318,147.06985473849494,112.55531601448162,159.1261720742434,85.55787510907302,70.9443017395705,51.915598357733536,71.53402130210895,47.51211912503227,33.62270462666966,25.577598693206998,34.28166071481395
2026-07-24 12:00:00,EP062026,32,2026-07-25 12:00:00,1 days 00:00:00,24,19.21,-135.43,984.8,73.1,13.492478818112268,182.7758962728609,144.7847137976307,126.70085565133728,171.20056335892124,97.04592793344833,81.35827834212607,61.99320263921008,84.13964440416355,46.79692669342607,39.874372497206586,30.71250161965898,39.82316779122826
2026-07-24 12:00:00,EP062026,32,2026-07-25 18:00:00,1 days 06:00:00,30,19.17,-136.48,980.6,76.6,63.64897975306528,221.59229790030687,182.6079893024385,141.7663805395183,208.12144597306892,106.0447033460104,86.15875572584015,64.82472765498743,90.3528931828804,63.64897975306528,41.72320510577468,32.878736216022524,41.67146538965016
2026-07-24 12:00:00,EP062026,32,2026-07-26 00:00:00,1 days 12:00:00,36,19.68,-138.09,986.2,62.8,32.9816781673544,140.6101050530419,105.52910931478482,73.11633922288706,121.61013441680666,55.173513791755,42.20321510424344,26.10045806323808,43.593354435977744,0.0,0.0,0.0,0.0
2026-07-24 12:00:00,EP062026,32,2026-07-26 06:00:00,1 days 18:00:00,42,19.63,-139.08,989.1,65.9,28.785810610283495,181.09527190451809,139.9919166890659,105.71219110185132,152.37259330775402,74.1871348815109,57.45143026980233,37.48608985792576,59.26247284190783,29.74569552072966,23.41619881884561,15.724818196050617,23.91524606629882
2026-07-24 12:00:00,EP062026,32,2026-07-26 12:00:00,2 days 00:00:00,48,19.76,-140.16,999.0,50.8,32.60479492304262,146.2269904575678,103.62999946647756,74.67973374549379,127.97427952612968,50.27176594195657,40.13889052264709,26.10272424540762,37.99137132164898,0.0,0.0,0.0,0.0
2026-07-24 12:00:00,EP062026,32,2026-07-26 18:00:00,2 days 06:00:00,54,19.8,-141.37,999.7,50.6,59.43898331235472,209.428444418992,179.11929560538516,138.72070628282898,175.6516004256041,3.020856394078127,1.1392047093356863,0.3887829323715408,59.43898331235472,0.0,0.0,0.0,0.0
2026-07-24 12:00:00,EP062026,32,2026-07-27 00:00:00,2 days 12:00:00,60,20.15,-142.55,999.5,50.6,56.603529857260696,89.6502797412129,55.328664756335,31.58442295386874,61.72966061175248,56.603529857260696,0.3493847285793663,0.0,0.6671748233028723,0.0,0.0,0.0,0.0
2026-07-24 12:00:00,EP062026,32,2026-07-27 06:00:00,2 days 18:00:00,66,20.45,-143.87,996.2,52.8,36.02532222128717,161.6017090805343,132.11849618002785,107.3028879757259,134.84970848526012,0.7221798245626445,0.0,0.0,36.02532222128717,0.0,0.0,0.0,0.0
2026-07-24 12:00:00,EP062026,32,2026-07-27 12:00:00,3 days 00:00:00,72,20.7,-145.22,998.0,49.1,77.8580431376316,148.35093233185086,113.10992093039192,85.70716606361265,108.43821793941532,0.0,0.0,0.0,0.0,0.0,0.0,0.0,0.0
2026-07-24 12:00:00,EP062026,32,2026-07-27 18:00:00,3 days 06:00:00,78,20.97,-146.81,1003.3,46.9,57.36228076191644,226.4831635250722,187.00236076846977,149.90722990616877,186.64389844462272,0.0,0.0,0.0,0.0,0.0,0.0,0.0,0.0
2026-07-24 12:00:00,EP062026,32,2026-07-28 00:00:00,3 days 12:00:00,84,21.4,-148.38,1002.4,39.9,50.0501277626102,145.13127590965416,107.7685325539194,85.75719758926317,120.75488610180209,0.0,0.0,0.0,0.0,0.0,0.0,0.0,0.0
2026-07-24 12:00:00,EP062026,32,2026-07-28 06:00:00,3 days 18:00:00,90,21.71,-150.16,1006.4,34.3,95.40161893238944,95.40161893238944,0.0,0.0,1.4238965328147088,0.0,0.0,0.0,0.0,0.0,0.0,0.0,0.0
2026-07-24 12:00:00,EP062026,32,2026-07-28 12:00:00,4 days 00:00:00,96,22.21,-151.57,1008.9,32.7,85.48761534229891,0.0,0.0,0.0,0.0,0.0,0.0,0.0,0.0,0.0,0.0,0.0,0.0
2026-07-24 12:00:00,EP072026,32,2026-07-24 12:00:00,0 days 00:00:00,0,8.9,-99.9,1005.0,29.0,93.0,0.0,0.0,0.0,0.0,0.0,0.0,0.0,0.0,0.0,0.0,0.0,0.0
2026-07-24 12:00:00,EP072026,32,2026-07-24 18:00:00,0 days 06:00:00,6,8.91,-100.66,1003.3,30.5,73.75781113290323,0.0,0.0,0.0,0.0,0.0,0.0,0.0,0.0,0.0,0.0,0.0,0.0
2026-07-24 12:00:00,EP072026,32,2026-07-25 00:00:00,0 days 12:00:00,12,9.07,-102.1,1000.9,41.8,59.38665101723223,59.38665101723223,4.005009736655175,0.0,9.056016743119416,0.0,0.0,0.0,0.0,0.0,0.0,0.0,0.0
2026-07-24 12:00:00,EP072026,32,2026-07-25 06:00:00,0 days 18:00:00,18,10.08,-102.98,1003.1,42.8,85.25310155422073,85.25310155422073,9.237451660939335,0.0,12.403779499251334,0.0,0.0,0.0,0.0,0.0,0.0,0.0,0.0
2026-07-24 12:00:00,EP072026,32,2026-07-25 12:00:00,1 days 00:00:00,24,10.48,-104.23,1003.6,40.1,68.3409298122805,175.18512101841227,147.78612066675836,122.54951450809304,142.41716043629205,0.0,0.0,0.0,0.0,0.0,0.0,0.0,0.0
2026-07-24 12:00:00,EP072026,32,2026-07-25 18:00:00,1 days 06:00:00,30,11.09,-105.89,996.6,50.7,50.6314347421128,50.6314347421128,13.84657635973738,0.0,9.201719096701485,50.6314347421128,0.4068652532479171,0.0,0.4576230082279808,0.0,0.0,0.0,0.0
2026-07-24 12:00:00,EP072026,32,2026-07-26 00:00:00,1 days 12:00:00,36,11.61,-106.7,991.9,67.3,48.148719534640506,223.2136294555493,173.78735235073557,112.95981002883028,183.59568511321584,48.148719534640506,21.570757979028745,10.700336648179144,20.652994418940867,48.148719534640506,0.5211937392973691,0.0,1.186072755834081
2026-07-24 12:00:00,EP072026,32,2026-07-26 06:00:00,1 days 18:00:00,42,12.05,-108.39,996.6,52.9,61.2035484517718,271.5206482563516,235.1439413557352,180.72520214842635,215.42524589968616,61.2035484517718,45.43617612885311,27.666119478284216,45.278382547044345,0.0,0.0,0.0,0.0
2026-07-24 12:00:00,EP072026,32,2026-07-26 12:00:00,2 days 00:00:00,48,12.64,-109.44,982.7,74.9,39.7945052597063,305.21965444530053,233.06117380407997,154.55481498825316,249.0568240228821,152.77292446308013,126.48888619921964,88.26304126724463,122.86579090098934,69.49241672857335,59.108453095571605,44.38234272175046,58.00624346964281
2026-07-24 12:00:00,EP072026,32,2026-07-26 18:00:00,2 days 06:00:00,54,13.09,-110.32,986.4,72.3,18.49228539080775,240.6519221979281,195.63044006330324,113.70835865078038,178.86628646062718,66.32112245208077,46.98350396789556,21.40864688454209,47.80625429914494,22.95183091414708,15.326490489911263,7.352100860282519,16.930897046428967
2026-07-24 12:00:00,EP072026,32,2026-07-27 00:00:00,2 days 12:00:00,60,13.83,-111.24,982.1,74.9,35.35803317733142,236.5631821409204,179.95125267739928,113.03577568130724,178.36844480868584,99.9210197132166,78.7168495546584,50.917771685009534,77.33362007962613,42.7314686677111,34.66853894491152,23.821429654712745,34.01645550414277
2026-07-24 12:00:00,EP072026,32,2026-07-27 06:00:00,2 days 18:00:00,66,14.46,-112.34,968.7,91.8,22.480328912586124,230.44611529639516,190.91799748545336,129.45113413007135,179.25389002459633,106.58498253145603,87.7868289956936,62.97024766267191,87.14138279592308,49.829062802612064,42.13706446300371,32.050857366741766,42.0894091036416
2026-07-24 12:00:00,EP072026,32,2026-07-27 12:00:00,3 days 00:00:00,72,15.22,-113.76,937.2,136.5,15.271655198586114,191.01364960026552,147.0938637402785,95.33311828465904,165.83587790089305,89.98392292623024,65.90127446072786,47.21110932887308,79.90506330316978,46.05487928306791,36.33316752704904,26.55822311315011,38.571638091136805
2026-07-24 12:00:00,EP072026,32,2026-07-27 18:00:00,3 days 06:00:00,78,15.49,-114.37,980.0,77.3,31.18057643918992,343.9862749987501,280.7261452589199,201.78168350618657,286.9425776276057,97.3645874032402,76.80454385554154,51.15127935572975,78.74774547453025,42.73906460523861,34.81451036948788,24.93825709416225,35.34580761151218
2026-07-24 12:00:00,EP072026,32,2026-07-28 00:00:00,3 days 12:00:00,84,16.08,-115.01,963.4,99.7,32.80845238933303,240.6324182705333,182.9570636124432,128.82205304763622,198.12731674382383,106.0333836611207,80.01169662795576,54.761679720502414,89.3818923679683,49.45783926448395,38.31888608807502,28.21408887387405,41.40938939074468
2026-07-24 12:00:00,EP072026,32,2026-07-28 06:00:00,3 days 18:00:00,90,16.68,-115.74,963.6,94.0,22.082245979463224,245.61289025800735,215.01259522745625,156.22724702436656,196.3642679758553,114.41027744859213,96.5696593465366,70.44641406519175,95.73828902659994,56.44353270441549,48.01111111932762,37.411221100560326,47.29036953892566
2026-07-24 12:00:00,EP072026,32,2026-07-28 12:00:00,4 days 00:00:00,96,17.24,-116.52,973.5,82.9,19.033994166763986,252.3398663500324,199.08806557903912,138.43938258765368,209.41973525172543,107.57545434191525,83.33440321918562,56.37172211758293,88.31359220591209,48.83088365505236,39.117995320564624,26.989555401565237,39.947807758341554
2026-07-24 12:00:00,EP072026,32,2026-07-28 18:00:00,4 days 06:00:00,102,17.6,-117.57,971.3,86.9,38.52452228534468,217.5966238973689,176.9488445543734,131.34583507662592,174.28598460647237,108.23542647291436,91.0266943973805,66.45268386498957,89.81385836110483,51.92658107457303,44.81738651046124,34.26102302303262,44.77785784499374
2026-07-24 12:00:00,EP072026,32,2026-07-29 00:00:00,4 days 12:00:00,108,17.99,-118.11,966.5,93.5,32.77406716972289,292.88919641296167,248.42403339626108,168.32320658055687,245.3460975827304,153.8163770266356,122.70456086587905,91.94047342456392,127.44694125636458,75.34660141500213,63.62254095203191,48.31632544072989,63.96329073483373
2026-07-24 12:00:00,EP072026,32,2026-07-29 06:00:00,4 days 18:00:00,114,18.29,-119.21,977.1,77.8,57.86904085136874,210.89116058232872,153.88444822362004,126.62709645543238,177.5677750187063,106.50700503142014,88.97900197090743,67.28397642462093,90.25209031135284,57.86904085136874,43.91217516629932,33.966872505015175,43.93113555981167
2026-07-24 12:00:00,EP072026,32,2026-07-29 12:00:00,5 days 00:00:00,120,18.72,-119.92,973.1,80.6,32.46605373124298,245.61066305353867,202.3989022046505,145.7655058068628,196.29648891125092,104.44553690676182,81.25011472485183,55.5110453617004,84.80982354099224,47.336578498460064,37.969287505560224,26.79593698730489,39.25656164757423
2026-07-24 12:00:00,EP072026,32,2026-07-29 18:00:00,5 days 06:00:00,126,19.56,-121.07,985.8,68.1,43.5743657966882,222.8888247000032,180.75944469172464,141.48133222394972,195.4363781879001,104.9466122369231,87.31877131302372,65.52368531318552,88.37463337436839,48.91329199323127,41.52671093454365,31.132488973223417,41.346829807039285
2026-07-24 12:00:00,EP072026,32,2026-07-30 00:00:00,5 days 12:00:00,132,19.85,-121.68,983.7,66.7,58.635834117268914,213.8029071441174,170.63025118038334,127.37887764168704,175.9826965119254,71.30952174603277,54.85373539552021,34.95791604068604,58.40067565652559,58.635834117268914,23.83562093840556,15.607887921756395,24.92466287990084
2026-07-24 12:00:00,EP072026,32,2026-07-30 06:00:00,5 days 18:00:00,138,20.67,-122.88,985.3,64.5,74.310509108604,243.3679406902548,223.12574891738024,179.35906592430104,212.78460932361656,95.2954774537638,89.50310723422479,72.69499949906445,78.0267250351744,0.7197838513166497,0.0,0.0,74.310509108604
2026-07-24 12:00:00,EP072026,32,2026-07-30 12:00:00,6 days 00:00:00,144,21.02,-123.98,994.3,53.1,23.99444119269293,253.3156985359433,219.59645407341517,179.64783031842524,222.12826053680607,148.31872355405056,142.6424522295954,119.23954581335524,124.89014824081424,0.0,0.0,0.0,0.0
2026-07-24 12:00:00,EP072026,32,2026-07-30 18:00:00,6 days 06:00:00,150,21.74,-125.34,1001.8,35.9,83.56091416391794,217.19880095272208,174.17464395402413,142.99846007043095,182.4279262797183,0.0,0.0,0.0,0.0,0.0,0.0,0.0,0.0
2026-07-24 12:00:00,EP072026,32,2026-07-31 00:00:00,6 days 12:00:00,156,21.98,-126.62,1001.4,43.5,83.60710300724895,83.60710300724895,56.246969589730725,39.20386587804387,67.3123459147173,0.0,0.0,0.0,0.0,0.0,0.0,0.0,0.0
2026-07-24 12:00:00,EP072026,32,2026-07-31 06:00:00,6 days 18:00:00,162,22.22,-128.26,1003.7,41.9,100.6729184856882,100.6729184856882,62.3500268033185,40.632633791931,69.5716529018247,0.0,0.0,0.0,0.0,0.0,0.0,0.0,0.0
2026-07-24 12:00:00,EP072026,32,2026-07-31 12:00:00,7 days 00:00:00,168,22.39,-129.62,1004.2,34.0,41.14455545642698,59.307329224409216,32.92512148118414,23.08940586786077,52.70684511784413,0.0,0.0,0.0,0.0,0.0,0.0,0.0,0.0
2026-07-24 12:00:00,EP072026,32,2026-07-31 18:00:00,7 days 06:00:00,174,22.45,-130.96,1001.4,41.5,77.62358430409742,77.62358430409742,5.403976280308831,0.0,17.42248469454026,0.0,0.0,0.0,0.0,0.0,0.0,0.0,0.0
2026-07-24 12:00:00,EP072026,32,2026-08-01 00:00:00,7 days 12:00:00,180,22.99,-132.35,1005.5,34.5,74.31112038153469,74.31112038153469,1.0357277735049877,0.0,9.603064171425032,0.0,0.0,0.0,0.0,0.0,0.0,0.0,0.0
2026-07-24 12:00:00,EP072026,32,2026-08-01 06:00:00,7 days 18:00:00,186,23.5,-133.59,1008.6,31.4,120.6934614794806,0.0,0.0,0.0,0.0,0.0,0.0,0.0,0.0,0.0,0.0,0.0,0.0
2026-07-24 12:00:00,EP072026,32,2026-08-01 12:00:00,8 days 00:00:00,192,24.05,-135.22,1009.5,29.2,113.50208097874054,0.0,0.0,0.0,0.0,0.0,0.0,0.0,0.0,0.0,0.0,0.0,0.0
2026-07-24 12:00:00,EP072026,32,2026-08-01 18:00:00,8 days 06:00:00,198,24.28,-136.97,1007.1,30.6,80.28475155248255,0.0,0.0,0.0,0.0,0.0,0.0,0.0,0.0,0.0,0.0,0.0,0.0
2026-07-24 12:00:00,EP072026,32,2026-08-02 00:00:00,8 days 12:00:00,204,25.04,-138.21,1009.9,20.6,55.3084079602302,0.0,0.0,0.0,0.0,0.0,0.0,0.0,0.0,0.0,0.0,0.0,0.0
2026-07-24 12:00:00,WP112026,32,2026-07-24 12:00:00,0 days 00:00:00,0,19.7,120.4,991.0,60.0,37.0,139.0,93.0,84.0,139.0,,,,,0.0,0.0,0.0,0.0
2026-07-24 12:00:00,WP112026,32,2026-07-24 18:00:00,0 days 06:00:00,6,20.05,119.22,965.0,83.3,24.57376971981048,244.0277129258018,210.8814417696396,187.5069685942854,221.496643081405,133.16622117025656,119.8574988769534,99.21467426777032,115.69494086071296,68.35498006647104,62.64558993867321,51.65576062735513,59.7097477005706
2026-07-24 12:00:00,WP112026,32,2026-07-25 00:00:00,0 days 12:00:00,12,20.57,118.05,962.8,89.1,22.775907818946777,193.99969960695412,182.041410842792,170.86558619562982,178.80634999539555,106.40002130324407,101.62663925122752,85.19064508576028,96.0522240365568,56.97825891341368,52.86622797091455,43.48079236874503,49.46075882420212
2026-07-24 12:00:00,WP112026,32,2026-07-25 06:00:00,0 days 18:00:00,18,21.17,117.05,948.4,110.8,29.701405523968376,230.77742370064004,217.6524702450413,174.31133887466814,197.8865996057254,127.56972280938568,115.01712305085344,94.33590072024502,112.97795766993652,70.25287999206226,63.57473940734046,52.41117179435888,61.01362193992979
2026-07-24 12:00:00,WP112026,32,2026-07-25 12:00:00,1 days 00:00:00,24,22.06,115.98,939.8,110.3,18.194992560472777,223.21852131533484,205.62045934625132,165.65825623035005,204.22662238963755,117.8531359115845,103.36441588995524,84.55758565236376,104.6998285317516,64.67077067873535,57.753184597394025,48.17387053116104,56.96155621783167
2026-07-24 12:00:00,WP112026,32,2026-07-25 18:00:00,1 days 06:00:00,30,22.43,115.45,952.9,96.7,19.67887847764041,162.07264026360832,134.41788981765464,97.77284457652836,130.39139640210163,37.72264571351856,24.694312029609577,14.697967463124613,30.40406244805567,19.67887847764041,12.65262246216785,7.730795840222856,13.712945501903112
2026-07-24 12:00:00,WP112026,32,2026-07-26 00:00:00,1 days 12:00:00,36,23.41,114.89,964.8,84.2,29.26952084016456,263.2069013717439,245.65351252099867,214.3745745766652,228.33578641696425,29.26952084016456,0.0,0.0,0.0,29.26952084016456,0.0,0.0,0.0
2026-07-24 12:00:00,WP112026,32,2026-07-26 06:00:00,1 days 18:00:00,42,24.16,114.17,982.2,55.2,15.804107956899369,141.62792917386625,118.42854164206484,70.41948329380276,115.06547556757448,15.804107956899369,6.097183374010366,0.0,8.109509528033641,0.0,0.0,0.0,0.0
2026-07-24 12:00:00,WP112026,32,2026-07-26 12:00:00,2 days 00:00:00,48,25.24,114.24,990.6,36.6,34.32769245892385,46.3793630200775,36.6079890049468,17.113863589582046,29.424916214012452,0.0,0.0,0.0,0.0,0.0,0.0,0.0,0.0
2026-07-24 12:00:00,WP112026,32,2026-07-26 18:00:00,2 days 06:00:00,54,26.24,113.8,996.2,30.9,31.45506956580556,0.0,0.0,0.0,0.0,0.0,0.0,0.0,0.0,0.0,0.0,0.0,0.0
2026-07-24 12:00:00,WP112026,32,2026-07-27 00:00:00,2 days 12:00:00,60,27.32,113.57,999.8,26.4,91.5032271948293,0.0,0.0,0.0,0.0,0.0,0.0,0.0,0.0,0.0,0.0,0.0,0.0
2026-07-24 12:00:00,WP112026,32,2026-07-27 06:00:00,2 days 18:00:00,66,28.46,112.96,998.5,19.9,65.94421191447502,0.0,0.0,0.0,0.0,0.0,0.0,0.0,0.0,0.0,0.0,0.0,0.0
2026-07-24 12:00:00,WP112026,32,2026-07-27 12:00:00,3 days 00:00:00,72,29.02,112.31,1002.4,17.0,143.9736707889664,0.0,0.0,0.0,0.0,0.0,0.0,0.0,0.0,0.0,0.0,0.0,0.0
2026-07-24 12:00:00,WP112026,32,2026-07-27 18:00:00,3 days 06:00:00,78,29.96,112.2,1004.4,15.7,65.48291729085591,0.0,0.0,0.0,0.0,0.0,0.0,0.0,0.0,0.0,0.0,0.0,0.0
2026-07-24 12:00:00,WP112026,32,2026-07-28 00:00:00,3 days 12:00:00,84,31.02,112.73,1004.9,16.5,76.22314924593039,0.0,0.0,0.0,0.0,0.0,0.0,0.0,0.0,0.0,0.0,0.0,0.0
2026-07-24 12:00:00,EP062026,33,2026-07-24 12:00:00,0 days 00:00:00,0,18.5,-130.6,970.0,89.0,37.0,297.0,185.0,111.0,297.0,148.0,74.0,56.0,111.0,74.0,37.0,28.0,56.0
2026-07-24 12:00:00,EP062026,33,2026-07-24 18:00:00,0 days 06:00:00,6,18.6,-131.44,976.2,75.8,50.88282470449602,284.0988625248286,250.2005078898948,193.54824394988,247.89458172862956,102.62275413476632,77.98605130423205,55.92815848984782,84.17467291908144,50.88282470449602,18.417522753227686,12.893444732564117,21.03309848121444
2026-07-24 12:00:00,EP062026,33,2026-07-25 00:00:00,0 days 12:00:00,12,18.9,-133.28,980.0,78.0,39.96346727829672,285.55125256540214,222.68996905212973,164.23522223990858,232.606088653582,62.30414221940208,40.45041960900154,17.316751905704777,43.19336055857698,39.96346727829672,1.7468407426335375,0.0,5.223384780763617
2026-07-24 12:00:00,EP062026,33,2026-07-25 06:00:00,0 days 18:00:00,18,19.08,-134.61,982.9,75.7,44.84439195996006,268.4414092875967,217.25046834833643,156.09109912268798,221.2720802977501,76.80202857314015,54.45680202391373,33.09719556771108,58.43929270277761,44.84439195996006,9.99068139860062,5.632793104461655,11.271565215090078
2026-07-24 12:00:00,EP062026,33,2026-07-25 12:00:00,1 days 00:00:00,24,19.21,-135.67,974.5,82.2,29.05518212803335,230.2849941982384,174.24449754652292,125.15439718535752,190.2076406606249,109.82587563149606,83.71087508628945,58.97738775293372,90.66284271836192,45.960626887816616,37.721267138884286,27.76184863991898,38.8187819420681
2026-07-24 12:00:00,EP062026,33,2026-07-25 18:00:00,1 days 06:00:00,30,19.43,-136.96,986.6,63.9,61.19677231189172,240.49237116093087,202.2392495279927,153.64791626334753,201.7489380021139,61.19677231189172,42.33320890127996,26.42080226178436,44.042948752074544,0.0,0.0,0.0,0.0
2026-07-24 12:00:00,EP062026,33,2026-07-26 00:00:00,1 days 12:00:00,36,19.58,-137.64,987.6,60.8,62.04272478893804,263.48246673427263,227.4568987289116,175.08711273398774,218.72871229123857,93.73175925262956,77.40350227649729,53.93811415582799,73.2346904642452,0.0,0.0,0.0,0.0
2026-07-24 12:00:00,EP062026,33,2026-07-26 06:00:00,1 days 18:00:00,42,19.83,-138.58,991.6,59.7,25.04582829338169,286.58961390183595,229.75218552259375,170.01145227801902,246.0423224331608,104.6928385824724,80.59033005818775,54.96360248600721,82.40881575903667,0.0,0.0,0.0,0.0
2026-07-24 12:00:00,EP062026,33,2026-07-26 12:00:00,2 days 00:00:00,48,20.09,-139.85,987.1,66.3,40.71424867166781,241.12431576959935,171.90836444038626,135.8283761115737,213.89653558247164,126.51921755096332,99.631494657793,78.3302255992592,107.603647411113,48.55668458225544,41.37355821490371,32.3770649906837,41.70736721929271
2026-07-24 12:00:00,EP062026,33,2026-07-26 18:00:00,2 days 06:00:00,54,20.25,-140.72,991.9,53.6,55.84909366704792,197.3273121091121,164.37308423019422,128.93477848264197,166.12964585203707,55.84909366704792,16.567496747983125,10.608090956484313,21.353177011309494,0.0,0.0,0.0,0.0
2026-07-24 12:00:00,EP062026,33,2026-07-27 00:00:00,2 days 12:00:00,60,20.37,-142.27,997.2,50.4,66.40955503431293,189.8771998477153,141.18498001805165,107.79491316029106,142.4417888986901,66.40955503431293,4.896881138888629,0.3512952586929625,5.826195286717411,0.0,0.0,0.0,0.0
2026-07-24 12:00:00,EP062026,33,2026-07-27 06:00:00,2 days 18:00:00,66,20.58,-143.32,996.0,53.2,48.95186055507847,96.33495086310069,66.31786689375113,43.820754244902695,67.95039901588531,48.95186055507847,1.304620409105425,0.0,0.0,0.0,0.0,0.0,0.0
2026-07-24 12:00:00,EP062026,33,2026-07-27 12:00:00,3 days 00:00:00,72,20.51,-144.88,996.3,48.9,54.37706923427778,141.3106011806945,108.69326165412332,71.95054711938995,104.74092770585716,0.0,0.0,0.0,0.0,0.0,0.0,0.0,0.0
2026-07-24 12:00:00,EP062026,33,2026-07-27 18:00:00,3 days 06:00:00,78,20.7,-146.73,996.9,48.3,78.12642121523277,171.86091723349364,144.86149366036807,107.32502381754011,146.21096454313965,0.0,0.0,0.0,0.0,0.0,0.0,0.0,0.0
2026-07-24 12:00:00,EP062026,33,2026-07-28 00:00:00,3 days 12:00:00,84,20.75,-148.08,1003.0,41.2,79.40726112893898,205.11386729665224,168.02737571737822,135.3999811762885,165.46996819186853,0.0,0.0,0.0,0.0,0.0,0.0,0.0,0.0
2026-07-24 12:00:00,EP062026,33,2026-07-28 06:00:00,3 days 18:00:00,90,20.62,-149.47,1004.2,34.8,138.8022553972474,138.8022553972474,1.191824093356729,1.13619813200006,7.71737950030146,0.0,0.0,0.0,0.0,0.0,0.0,0.0,0.0
2026-07-24 12:00:00,EP062026,33,2026-07-28 12:00:00,4 days 00:00:00,96,20.9,-150.88,1005.5,31.3,106.372745910333,0.0,0.0,0.0,0.0,0.0,0.0,0.0,0.0,0.0,0.0,0.0,0.0
2026-07-24 12:00:00,EP062026,33,2026-07-28 18:00:00,4 days 06:00:00,102,21.36,-152.46,1006.9,28.5,188.17257991723616,0.0,0.0,0.0,0.0,0.0,0.0,0.0,0.0,0.0,0.0,0.0,0.0
2026-07-24 12:00:00,EP062026,33,2026-07-29 00:00:00,4 days 12:00:00,108,21.26,-153.72,1006.7,31.3,92.56372736179604,0.0,0.0,0.0,0.0,0.0,0.0,0.0,0.0,0.0,0.0,0.0,0.0
2026-07-24 12:00:00,EP062026,33,2026-07-29 06:00:00,4 days 18:00:00,114,21.14,-154.94,1005.1,30.9,148.08117324217187,0.0,0.0,0.0,0.0,0.0,0.0,0.0,0.0,0.0,0.0,0.0,0.0
2026-07-24 12:00:00,EP062026,33,2026-07-29 12:00:00,5 days 00:00:00,120,21.63,-156.89,1005.9,28.6,71.26350323196704,0.0,0.0,0.0,0.0,0.0,0.0,0.0,0.0,0.0,0.0,0.0,0.0
2026-07-24 12:00:00,EP062026,33,2026-07-29 18:00:00,5 days 06:00:00,126,22.1,-157.94,1009.5,23.6,93.61361058764513,0.0,0.0,0.0,0.0,0.0,0.0,0.0,0.0,0.0,0.0,0.0,0.0
2026-07-24 12:00:00,EP072026,33,2026-07-24 12:00:00,0 days 00:00:00,0,8.9,-99.9,1005.0,29.0,93.0,0.0,0.0,0.0,0.0,0.0,0.0,0.0,0.0,0.0,0.0,0.0,0.0
2026-07-24 12:00:00,EP072026,33,2026-07-24 18:00:00,0 days 06:00:00,6,8.87,-101.03,1005.9,38.0,83.73289849488503,10.731251875432427,0.0563108564683147,2.6133475818253444,83.73289849488503,0.0,0.0,0.0,0.0,0.0,0.0,0.0,0.0
2026-07-24 12:00:00,EP072026,33,2026-07-25 00:00:00,0 days 12:00:00,12,9.21,-102.04,1000.8,46.3,45.91517061131449,48.79400155154276,39.32844741905312,20.803878248187843,33.7417658250625,0.0,0.0,0.0,0.0,0.0,0.0,0.0,0.0
2026-07-24 12:00:00,EP072026,33,2026-07-25 06:00:00,0 days 18:00:00,18,9.96,-103.08,1004.6,39.3,54.89260535525628,54.89260535525628,10.13973422246596,0.0,19.845642126505386,0.0,0.0,0.0,0.0,0.0,0.0,0.0,0.0
2026-07-24 12:00:00,EP072026,33,2026-07-25 12:00:00,1 days 00:00:00,24,11.07,-104.19,1000.2,47.1,81.80989947723788,111.83389060332914,91.59834509712528,45.322214388220495,76.1721583831807,0.0,0.0,0.0,0.0,0.0,0.0,0.0,0.0
2026-07-24 12:00:00,EP072026,33,2026-07-25 18:00:00,1 days 06:00:00,30,11.76,-105.4,997.1,56.5,51.84397351637941,113.96958060286956,88.00611507295156,43.19200040505717,69.41837589308876,51.84397351637941,2.588588346295187,0.0,1.0945917137765069,0.0,0.0,0.0,0.0
2026-07-24 12:00:00,EP072026,33,2026-07-26 00:00:00,1 days 12:00:00,36,12.27,-106.89,990.0,65.3,29.62299835895748,152.9694894432711,125.19568739772528,80.88093363311783,111.7428731409375,29.62299835895748,13.603011046431382,5.505366889898399,11.861278197676183,29.62299835895748,0.0,0.0,0.0
2026-07-24 12:00:00,EP072026,33,2026-07-26 06:00:00,1 days 18:00:00,42,12.75,-107.86,982.7,78.7,26.996008911950344,222.8506462551628,171.45719350845218,122.56126237858528,182.22197101340643,58.84853479571703,41.67616800963857,25.033140658788074,43.62856039599327,26.996008911950344,8.731146721252326,5.626479435797553,11.164733242277052
2026-07-24 12:00:00,EP072026,33,2026-07-26 12:00:00,2 days 00:00:00,48,13.4,-109.14,986.8,64.9,19.811138448320868,231.66151915590416,180.3632835492232,124.85911423214164,187.2011497135289,90.21501312700823,69.00609666957682,47.01618866883841,69.49677259400264,21.43500419522827,17.39043538300386,12.353550655300822,18.27789267153328
2026-07-24 12:00:00,EP072026,33,2026-07-26 18:00:00,2 days 06:00:00,54,13.81,-110.27,985.4,69.4,11.104351424440342,226.2973045051056,190.47544927779103,122.53786883423,169.19470273233532,42.16007776661105,31.79234110752704,14.465326567242188,28.13571672474985,11.104351424440342,0.0,0.0,0.0
2026-07-24 12:00:00,EP072026,33,2026-07-27 00:00:00,2 days 12:00:00,60,14.3,-111.13,969.8,91.9,31.38748879763744,213.3250076633425,169.80310464199675,100.4877002316404,160.4258431908099,83.00027280583595,63.2753058463109,42.60423991649626,65.28303787144682,35.95992457540264,29.575369154664685,22.30541304704696,30.13868368832715
2026-07-24 12:00:00,EP072026,33,2026-07-27 06:00:00,2 days 18:00:00,66,14.92,-112.37,970.0,86.2,2.604401506314161,321.4310877989492,268.2767476125814,191.7368600311347,260.7511427131658,126.86729549795746,99.73557930164748,69.22148034856446,99.6562349375015,33.16510520604663,27.939481818891977,19.81615204081811,27.39291999301207
2026-07-24 12:00:00,EP072026,33,2026-07-27 12:00:00,3 days 00:00:00,72,15.23,-113.3,961.4,100.6,22.5139439709316,212.29662276305248,183.37319663581516,117.94981714728635,172.01022785449922,70.97995915566125,55.0834327019567,35.62126385116221,55.51321805923623,33.45899986384138,27.456088341178194,19.27279243119013,27.22119422700959
2026-07-24 12:00:00,EP072026,33,2026-07-27 18:00:00,3 days 06:00:00,78,16.01,-114.23,960.0,99.2,14.81709500221832,241.10175789725287,210.76598296680643,132.58390479958788,195.82376740543447,94.02047329994204,70.09571998307877,46.30566483627752,77.90079735120881,37.07297102813376,29.27643725248764,22.141455928010814,30.646759402053107
2026-07-24 12:00:00,EP072026,33,2026-07-28 00:00:00,3 days 12:00:00,84,16.3,-115.09,953.3,109.9,14.213981465525986,219.7457578307698,176.2071917747338,98.10706548374532,167.63381532764316,71.75610892378073,52.24763958437322,29.696946390034203,53.45087121289691,35.231681611289154,27.184885285008832,19.36187868661932,29.55876640536824
2026-07-24 12:00:00,EP072026,33,2026-07-28 06:00:00,3 days 18:00:00,90,16.68,-115.81,959.9,95.9,29.089889642523133,312.1710354087395,273.0974661712505,183.35766286433864,249.99938437035323,108.03009135582283,87.58719298010703,59.49897397872695,86.08238517533653,39.95088650636262,33.33929089947247,24.134080884163893,32.764752324395204
2026-07-24 12:00:00,EP072026,33,2026-07-28 12:00:00,4 days 00:00:00,96,17.1,-116.47,962.0,100.4,37.20629075513011,281.1546579237945,221.96052286607687,140.66270228349265,224.7239275391703,133.76371539907166,107.44733491380164,79.40857661356392,112.27504786997032,66.94227186316374,57.921722250851104,44.67320346765516,57.477929099735206
2026-07-24 12:00:00,EP072026,33,2026-07-28 18:00:00,4 days 06:00:00,102,17.44,-117.37,961.9,96.0,40.251627438270816,214.8947659807626,197.00332375033705,135.66018566291717,180.06055625217869,68.1825555091613,52.71634231820237,30.290274401183765,51.89136730118979,40.251627438270816,24.82546013971156,17.07865172613135,25.38015986394113
2026-07-24 12:00:00,EP072026,33,2026-07-29 00:00:00,4 days 12:00:00,108,18.17,-118.4,965.3,95.7,34.917161498517885,313.9508376887252,273.61392540730594,191.08814922467357,248.35270797997416,86.63451317696081,66.48558584325815,37.743928092981264,63.83940060183545,34.917161498517885,18.92301210772561,11.794663752038574,19.488181302171483
2026-07-24 12:00:00,EP072026,33,2026-07-29 06:00:00,4 days 18:00:00,114,18.42,-119.12,968.2,90.4,29.17359106334265,246.4073429135417,216.6799823399124,137.16115255698037,194.20513765225508,87.37038744064213,71.27884980869915,46.103951963684096,68.7034355640961,37.45444578192824,31.30964656916545,22.23954668956276,30.93549158634506
2026-07-24 12:00:00,EP072026,33,2026-07-29 12:00:00,5 days 00:00:00,120,18.74,-120.17,973.2,85.3,39.20420169200952,220.54462695261464,166.36353685127688,120.44470565301162,192.94629200932104,113.35227309778566,87.48239178908989,67.03558460546628,96.43343827208446,55.08598606918895,46.446251493678574,36.40420012861796,47.28914514399367
2026-07-24 12:00:00,EP072026,33,2026-07-29 18:00:00,5 days 06:00:00,126,19.05,-121.1,981.5,72.5,37.08653763773958,240.2971097022026,201.0198792648186,141.89280745565543,204.71112589359984,127.05787083489491,107.11343805210814,83.10297123163448,110.28697239502492,64.45837925538208,55.21691520781462,44.535775078076,54.79292992726482
2026-07-24 12:00:00,EP072026,33,2026-07-30 00:00:00,5 days 12:00:00,132,19.76,-122.34,980.1,71.9,12.409155267470704,229.67596955208424,173.0514875297764,111.79434283748724,182.06827713842543,107.52557506564874,80.15175795376217,55.2378390321922,84.10784812008518,44.20224879345668,37.30013721087694,28.339318924056577,36.869668684584006
2026-07-24 12:00:00,EP072026,33,2026-07-30 06:00:00,5 days 18:00:00,138,20.15,-123.33,990.6,59.9,29.662260198577748,240.95744938756084,208.25427578546152,149.0531010973486,201.5845211945804,52.20342153564829,38.02059358704732,21.48221394445176,38.94744875058075,0.0,0.0,0.0,0.0
2026-07-24 12:00:00,EP072026,33,2026-07-30 12:00:00,6 days 00:00:00,144,20.2,-124.49,996.5,43.3,55.06949013174803,182.26042669459176,136.4275605545243,99.6838751688922,141.75297979339751,0.0,0.0,0.0,0.0,0.0,0.0,0.0,0.0
2026-07-24 12:00:00,EP072026,33,2026-07-30 18:00:00,6 days 06:00:00,150,20.48,-125.78,998.0,48.6,30.78545704498085,281.046881119012,244.2744521358996,199.75825146410244,242.40899223058585,0.0,0.0,0.0,0.0,0.0,0.0,0.0,0.0
2026-07-24 12:00:00,EP072026,33,2026-07-31 00:00:00,6 days 12:00:00,156,21.22,-127.0,1000.3,50.9,83.93018912841293,207.8412461674057,151.54588150938685,122.41271523662232,154.97207520093153,83.93018912841293,7.509222623530768,3.182315857379088,6.320696499713327,0.0,0.0,0.0,0.0
2026-07-24 12:00:00,EP072026,33,2026-07-31 06:00:00,6 days 18:00:00,162,21.25,-128.46,1003.8,38.8,56.45358358070929,56.45358358070929,25.15209422048621,13.878360846273214,38.1700186407881,0.0,0.0,0.0,0.0,0.0,0.0,0.0,0.0
2026-07-24 12:00:00,EP072026,33,2026-07-31 12:00:00,7 days 00:00:00,168,21.68,-129.7,1001.0,42.0,151.95769064861054,189.75966779839428,151.54918467476836,113.97407263730852,149.4380561320002,0.0,0.0,0.0,0.0,0.0,0.0,0.0,0.0
2026-07-24 12:00:00,EP072026,33,2026-07-31 18:00:00,7 days 06:00:00,174,21.88,-131.13,1008.1,35.7,130.51810089231174,260.29734901244694,214.4721674962225,165.387716441854,211.9925915763561,0.0,0.0,0.0,0.0,0.0,0.0,0.0,0.0
2026-07-24 12:00:00,EP072026,33,2026-08-01 00:00:00,7 days 12:00:00,180,22.04,-132.54,1007.9,36.4,116.3221379772113,116.3221379772113,69.41550211471036,43.64866745733119,81.39037939591418,0.0,0.0,0.0,0.0,0.0,0.0,0.0,0.0
2026-07-24 12:00:00,EP072026,33,2026-08-01 06:00:00,7 days 18:00:00,186,22.46,-133.98,1005.0,32.4,74.66930840428897,0.0,0.0,0.0,0.0,0.0,0.0,0.0,0.0,0.0,0.0,0.0,0.0
2026-07-24 12:00:00,EP072026,33,2026-08-01 12:00:00,8 days 00:00:00,192,22.68,-135.48,1005.4,35.7,155.22805064533827,155.22805064533827,41.77566623198916,20.68954495832661,45.22100829406492,0.0,0.0,0.0,0.0,0.0,0.0,0.0,0.0
2026-07-24 12:00:00,EP072026,33,2026-08-01 18:00:00,8 days 06:00:00,198,23.28,-137.22,1005.2,29.5,73.60255364169262,0.0,0.0,0.0,0.0,0.0,0.0,0.0,0.0,0.0,0.0,0.0,0.0
2026-07-24 12:00:00,EP072026,33,2026-08-02 00:00:00,8 days 12:00:00,204,23.65,-138.39,1007.8,31.6,124.734020646144,0.0,0.0,0.0,0.0,0.0,0.0,0.0,0.0,0.0,0.0,0.0,0.0
2026-07-24 12:00:00,WP112026,33,2026-07-24 12:00:00,0 days 00:00:00,0,19.7,120.4,991.0,60.0,37.0,139.0,93.0,84.0,139.0,,,,,0.0,0.0,0.0,0.0
2026-07-24 12:00:00,WP112026,33,2026-07-24 18:00:00,0 days 06:00:00,6,20.14,119.1,968.3,82.9,39.98105700825311,223.21961910177936,184.35416648672177,154.59472774152,201.9890020678665,138.63404230483337,118.85172426579804,100.40847555797548,122.50737598547492,70.33159081306589,61.73136085266746,51.21425196099179,59.91835871784098
2026-07-24 12:00:00,WP112026,33,2026-07-25 00:00:00,0 days 12:00:00,12,20.41,118.16,941.9,116.1,19.72611896753653,246.0140766396997,214.39566651408884,173.3279664322705,215.91347167272352,173.45395457806916,148.39077669667626,121.68631769319616,151.95701191540633,102.15943661378138,88.69440590807713,72.44237954127564,87.52382540106808
2026-07-24 12:00:00,WP112026,33,2026-07-25 06:00:00,0 days 18:00:00,18,21.35,117.05,935.7,121.3,4.400109500620516,276.6797253281569,254.72104107059965,191.55686494557216,222.67970172277583,95.48673040040192,75.7738095703737,52.86356738614691,76.39697299861247,42.09869158028682,34.35835118129922,26.24003838038268,35.63436313134363
2026-07-24 12:00:00,WP112026,33,2026-07-25 12:00:00,1 days 00:00:00,24,22.21,115.96,940.6,113.2,25.62180687808313,181.34526157303185,178.54405656788117,139.92464645099017,154.18666919479665,25.62180687808313,7.593651235525144,0.0,12.92572235310172,25.62180687808313,0.0,0.0,0.0
2026-07-24 12:00:00,WP112026,33,2026-07-25 18:00:00,1 days 06:00:00,30,23.01,115.18,948.9,100.1,18.46196403986612,277.7243222796784,232.92519595923727,162.23570568144072,224.23772630494116,90.51173985350223,65.60550824928548,42.62972014495017,71.53042108075282,33.12955952549779,25.30110284701508,17.931803165024462,28.206084568185545
2026-07-24 12:00:00,WP112026,33,2026-07-26 00:00:00,1 days 12:00:00,36,23.58,114.72,982.1,61.8,46.80694949054668,265.74955310712323,234.17223164122925,166.81395212382068,206.21444106197336,73.43058340987668,59.17318118910366,35.37706904964606,51.49470077215415,0.0,0.0,0.0,0.0
2026-07-24 12:00:00,WP112026,33,2026-07-26 06:00:00,1 days 18:00:00,42,24.13,114.3,990.9,36.9,28.83708432115353,132.58859850518985,123.68542959347197,91.14423497937824,101.31833848141916,0.0,0.0,0.0,0.0,0.0,0.0,0.0,0.0
2026-07-24 12:00:00,WP112026,33,2026-07-26 12:00:00,2 days 00:00:00,48,24.99,113.94,994.5,26.5,83.56802487567063,0.0,0.0,0.0,0.0,0.0,0.0,0.0,0.0,0.0,0.0,0.0,0.0
2026-07-24 12:00:00,WP112026,33,2026-07-26 18:00:00,2 days 06:00:00,54,25.36,114.39,1002.1,21.7,58.75521464808359,0.0,0.0,0.0,0.0,0.0,0.0,0.0,0.0,0.0,0.0,0.0,0.0
2026-07-24 12:00:00,WP112026,33,2026-07-27 00:00:00,2 days 12:00:00,60,26.66,114.05,1003.0,14.4,79.02048451195233,0.0,0.0,0.0,0.0,0.0,0.0,0.0,0.0,0.0,0.0,0.0,0.0
2026-07-24 12:00:00,WP112026,33,2026-07-27 06:00:00,2 days 18:00:00,66,27.28,113.27,1005.0,14.2,57.39014362099661,0.0,0.0,0.0,0.0,0.0,0.0,0.0,0.0,0.0,0.0,0.0,0.0
2026-07-24 12:00:00,WP112026,33,2026-07-27 12:00:00,3 days 00:00:00,72,28.05,113.12,1007.4,10.1,63.1335341924074,0.0,0.0,0.0,0.0,0.0,0.0,0.0,0.0,0.0,0.0,0.0,0.0
2026-07-24 12:00:00,EP062026,34,2026-07-24 12:00:00,0 days 00:00:00,0,18.5,-130.6,970.0,89.0,37.0,297.0,185.0,111.0,297.0,148.0,74.0,56.0,111.0,74.0,37.0,28.0,56.0
2026-07-24 12:00:00,EP062026,34,2026-07-24 18:00:00,0 days 06:00:00,6,18.58,-131.94,976.0,79.7,27.37860042816694,252.55093915220607,198.239479733418,156.0604691593717,219.00388489725083,101.86304873368016,85.2122297259182,66.42758444351036,87.64937525961787,44.63981546382193,38.72573985024568,30.68001845195323,37.80654987887656
2026-07-24 12:00:00,EP062026,34,2026-07-25 00:00:00,0 days 12:00:00,12,18.76,-133.04,973.4,85.1,27.26950053859628,182.28682545354548,158.05626135633213,120.91992306719908,150.5116342976031,27.26950053859628,0.5069576756609706,0.0,2.903582704958829,27.26950053859628,0.0,0.0,0.0
2026-07-24 12:00:00,EP062026,34,2026-07-25 06:00:00,0 days 18:00:00,18,18.92,-134.41,978.1,75.5,40.11228321210541,215.3621616189004,158.07579941003277,124.2136767610939,187.9539185744752,99.91019879672818,83.8228397756414,65.99993531133912,86.42513927388144,40.11228321210541,31.603163083626534,25.863831397714726,31.56378082767772
2026-07-24 12:00:00,EP062026,34,2026-07-25 12:00:00,1 days 00:00:00,24,18.98,-135.67,981.1,72.2,44.34319802144646,266.02250972734174,200.56673806528408,151.69847065311768,216.88425594222485,102.7152632652978,82.93236723737593,63.26239608888599,84.8496656291749,44.34319802144646,17.302539270842516,13.456983842934465,18.03026690587331
2026-07-24 12:00:00,EP062026,34,2026-07-25 18:00:00,1 days 06:00:00,30,19.34,-136.85,981.5,73.8,44.06803879974782,207.2504349170011,148.26416398344415,109.60393465866048,186.0579990710648,115.36162821931325,94.25890253114444,73.40538942860337,99.85687015289174,44.79733074429406,37.74011723871456,29.680385936151005,38.49253462381638
2026-07-24 12:00:00,EP062026,34,2026-07-26 00:00:00,1 days 12:00:00,36,19.16,-137.78,985.2,68.6,34.14652177206476,279.4337049138595,203.26710021021483,159.39472161141197,244.7191511221355,148.5556567154971,127.19725525263765,100.2494909571189,128.22986591303163,55.834067849911634,48.858344315566825,39.2794209983319,47.96198884199518
2026-07-24 12:00:00,EP062026,34,2026-07-26 06:00:00,1 days 18:00:00,42,19.36,-138.86,988.7,63.5,41.78970663595228,212.7941706824693,149.9780266233631,106.00017908579908,179.25485088184928,76.36643315842018,60.49050319877968,40.85464949982251,63.10343240629379,0.0,0.0,0.0,0.0
2026-07-24 12:00:00,EP062026,34,2026-07-26 12:00:00,2 days 00:00:00,48,19.42,-140.04,985.1,63.9,71.97952511696707,241.3816138334231,178.0489357485667,123.6230152139309,195.200410802144,111.06089328058783,87.44869190055653,61.41360673844474,88.88906392952822,0.0,0.0,0.0,0.0
2026-07-24 12:00:00,EP062026,34,2026-07-26 18:00:00,2 days 06:00:00,54,19.97,-141.13,982.9,67.5,44.19690023839028,209.2932633197297,143.00116207432797,106.65026228137152,183.0311541673321,110.75637687367826,87.47362741788466,64.47164181187338,93.54412847982884,44.19690023839028,23.38762801259728,16.889475867947198,25.27046449369457
2026-07-24 12:00:00,EP062026,34,2026-07-27 00:00:00,2 days 12:00:00,60,20.11,-142.03,980.4,77.3,16.548320880170706,178.90393994093415,128.52200314697484,98.05046334912424,156.88129790882863,62.18537207398123,44.81062617668948,27.85307103937538,50.68530258752162,16.548320880170706,4.455651521356593,1.230022783942637,7.139541389159
2026-07-24 12:00:00,EP062026,34,2026-07-27 06:00:00,2 days 18:00:00,66,19.93,-144.0,989.5,63.5,65.97089028251709,267.4458205269781,207.8534123920637,148.74299227660848,220.52537488604705,115.68447526430062,92.53816235528068,65.96014277244203,93.9178765959324,0.0,0.0,0.0,0.0
2026-07-24 12:00:00,EP062026,34,2026-07-27 12:00:00,3 days 00:00:00,72,19.74,-145.35,991.9,57.2,25.857571249147483,250.7516189738351,206.26970315176283,149.92985376965072,209.2605445247812,102.05475570030168,83.76780541304788,61.725440526443,83.6381941076749,0.0,0.0,0.0,0.0
2026-07-24 12:00:00,EP062026,34,2026-07-27 18:00:00,3 days 06:00:00,78,20.18,-146.81,990.4,60.6,55.874132033060974,151.8857409881134,100.0281975527345,54.91484589547162,124.8837253712979,75.12274932134832,56.60123696748907,37.56941293531126,60.08323068271926,0.0,0.0,0.0,0.0
2026-07-24 12:00:00,EP062026,34,2026-07-28 00:00:00,3 days 12:00:00,84,20.2,-148.39,999.9,46.8,118.8614177504486,217.39105743715447,181.4675765739057,144.39703362341723,180.09236298987565,0.0,0.0,0.0,0.0,0.0,0.0,0.0,0.0
2026-07-24 12:00:00,EP062026,34,2026-07-28 06:00:00,3 days 18:00:00,90,19.93,-149.64,996.2,50.4,68.07679058368416,276.5807761297697,244.647681526015,193.05652654147517,227.44434957914623,0.0627831273351895,0.0,0.0,68.07679058368416,0.0,0.0,0.0,0.0
2026-07-24 12:00:00,EP062026,34,2026-07-28 12:00:00,4 days 00:00:00,96,20.45,-151.6,985.8,57.8,113.8541641922827,119.69118517748365,80.72979356555436,53.460145671892654,113.8541641922827,4.016933363035905,0.0,0.0,113.8541641922827,0.0,0.0,0.0,0.0
2026-07-24 12:00:00,EP062026,34,2026-07-28 18:00:00,4 days 06:00:00,102,20.59,-152.43,999.2,41.7,85.94914371689009,243.3414531247355,215.6132130961662,160.49624309118144,194.8560836984866,0.0,0.0,0.0,0.0,0.0,0.0,0.0,0.0
2026-07-24 12:00:00,EP062026,34,2026-07-29 00:00:00,4 days 12:00:00,108,20.75,-153.66,1005.0,42.5,135.54523286723563,380.8392119148341,319.3437974036542,242.00312353984648,295.750795043208,0.0,0.0,0.0,0.0,0.0,0.0,0.0,0.0
2026-07-24 12:00:00,EP062026,34,2026-07-29 06:00:00,4 days 18:00:00,114,21.06,-154.39,1005.5,40.3,144.03340992482242,191.62456556186385,165.80019770300348,119.14248288160064,150.2230053942663,0.0,0.0,0.0,0.0,0.0,0.0,0.0,0.0
2026-07-24 12:00:00,EP062026,34,2026-07-29 12:00:00,5 days 00:00:00,120,21.46,-156.17,984.8,51.8,111.27867433916347,111.27867433916347,3.1603806966550003,1.4922261575677735,111.27867433916347,5.423444094889351,0.8390910042912649,1.4922261575677735,111.27867433916347,0.0,0.0,0.0,0.0
2026-07-24 12:00:00,EP062026,34,2026-07-29 18:00:00,5 days 06:00:00,126,21.59,-157.34,1000.2,42.1,76.8531346554531,168.75877440592217,141.13373191215044,102.50180957583224,134.033664035959,0.0,0.0,0.0,0.0,0.0,0.0,0.0,0.0
2026-07-24 12:00:00,EP062026,34,2026-07-30 00:00:00,5 days 12:00:00,132,21.38,-157.74,1011.1,24.5,67.18384717000481,0.0,0.0,0.0,0.0,0.0,0.0,0.0,0.0,0.0,0.0,0.0,0.0
2026-07-24 12:00:00,EP072026,34,2026-07-24 12:00:00,0 days 00:00:00,0,8.9,-99.9,1005.0,29.0,93.0,0.0,0.0,0.0,0.0,0.0,0.0,0.0,0.0,0.0,0.0,0.0,0.0
2026-07-24 12:00:00,EP072026,34,2026-07-24 18:00:00,0 days 06:00:00,6,8.7,-101.16,1000.8,48.8,82.82821010941267,82.82821010941267,31.02529350284028,21.502414400401328,29.136805306559395,0.0,0.0,0.0,0.0,0.0,0.0,0.0,0.0
2026-07-24 12:00:00,EP072026,34,2026-07-25 00:00:00,0 days 12:00:00,12,9.0,-101.82,1002.4,39.5,106.88189432831004,106.88189432831004,31.060178693885028,24.592073775530974,40.25014972725758,0.0,0.0,0.0,0.0,0.0,0.0,0.0,0.0
2026-07-24 12:00:00,EP072026,34,2026-07-25 06:00:00,0 days 18:00:00,18,9.8,-103.19,1002.3,40.1,53.43733981308037,62.26725771165445,43.17976230180184,23.25211228763581,48.80245779689088,0.0,0.0,0.0,0.0,0.0,0.0,0.0,0.0
2026-07-24 12:00:00,EP072026,34,2026-07-25 12:00:00,1 days 00:00:00,24,10.27,-104.22,1000.3,47.9,55.45004502977059,103.15498157714843,76.11597034146433,52.02408834438725,80.43384150520089,0.0,0.0,0.0,0.0,0.0,0.0,0.0,0.0
2026-07-24 12:00:00,EP072026,34,2026-07-25 18:00:00,1 days 06:00:00,30,10.74,-105.45,995.6,52.9,25.535813749256448,124.28395462713654,89.81929903390157,52.56319278070228,100.0139397618517,60.7585678023742,48.00291431956786,31.094035482776285,47.48768982310308,0.0,0.0,0.0,0.0
2026-07-24 12:00:00,EP072026,34,2026-07-26 00:00:00,1 days 12:00:00,36,11.15,-106.31,990.7,63.2,19.504195163081217,124.07363879672084,94.08286373909712,63.67397174687774,106.6850881429845,56.85603618323305,46.62906270936008,32.489842642189394,44.404956534241045,0.0,0.0,0.0,0.0
2026-07-24 12:00:00,EP072026,34,2026-07-26 06:00:00,1 days 18:00:00,42,11.5,-107.75,992.3,62.5,26.462386676159326,155.27903807458028,130.03375345424786,97.44019672514167,134.9553096892608,36.34656881535611,28.51943745606861,17.162086343162656,26.70354623425859,0.0,0.0,0.0,0.0
2026-07-24 12:00:00,EP072026,34,2026-07-26 12:00:00,2 days 00:00:00,48,12.08,-108.66,976.3,89.5,20.172723768437248,115.07335552423336,95.75254853821744,51.86643651847997,92.87499212043562,76.16122615617215,61.031605333502974,40.96849561748142,59.79798839553228,28.90326293746947,22.631259445937395,16.35870055446768,24.703450376496708
2026-07-24 12:00:00,EP072026,34,2026-07-26 18:00:00,2 days 06:00:00,54,12.53,-109.97,986.9,74.5,44.05791307505751,172.5428019457613,122.80187069393288,63.26935437087195,131.66671329126257,59.85720934294841,42.722637367103744,22.02363505457197,44.658879092621646,44.05791307505751,0.0,0.0,1.9318427659239887
2026-07-24 12:00:00,EP072026,34,2026-07-27 00:00:00,2 days 12:00:00,60,13.22,-110.96,984.3,68.1,27.543579086104955,145.19442916000972,110.2974555831835,68.2051536382057,120.2222640428865,38.24784789916478,26.943210040822365,13.966189168939396,28.873341365310875,27.543579086104955,0.0,0.0,0.0
2026-07-24 12:00:00,EP072026,34,2026-07-27 06:00:00,2 days 18:00:00,66,13.94,-111.72,987.6,71.6,50.892390588026494,232.43009596247072,194.0504019940089,116.66589491130406,166.67498751134636,73.95066504716957,59.19230158895758,35.04009887771568,56.95083162878656,50.892390588026494,2.298949587961365,0.0,3.010975905043784
2026-07-24 12:00:00,EP072026,34,2026-07-27 12:00:00,3 days 00:00:00,72,14.65,-112.3,985.2,74.0,34.72521364635957,210.3829334771465,191.37392243775176,121.28905148219071,158.53125711464943,116.97011840262677,101.83301545467542,71.37699784013407,91.72902647132128,34.72521364635957,26.455818446951746,18.98664640499252,24.003280261454385
2026-07-24 12:00:00,EP072026,34,2026-07-27 18:00:00,3 days 06:00:00,78,15.76,-113.13,976.3,85.9,11.951275939279077,230.8887448290983,205.6584611511117,115.91138680170066,170.10663901766458,96.92155145043029,76.74163359372945,46.252445318249016,74.28953971786056,16.40340672221913,10.882127240602117,4.551830269126663,12.456330127430093
2026-07-24 12:00:00,EP072026,34,2026-07-28 00:00:00,3 days 12:00:00,84,16.19,-113.84,962.2,99.3,27.366243534035583,173.96330504177263,139.26154392663824,82.01724135657405,144.52627056967,79.02309775019043,59.917483352900746,41.80500455292948,63.23626204955232,33.87627773812517,26.78190319900498,19.542890984599342,26.906146043332484
2026-07-24 12:00:00,EP072026,34,2026-07-28 06:00:00,3 days 18:00:00,90,16.66,-114.54,964.4,98.6,23.613680071954136,259.54122096386686,213.12197445678467,136.6220350680922,221.3219768351617,96.2309986281238,74.49913698321951,50.717288896848885,77.27527705086948,51.09662202196567,44.35059973109291,33.78575427617608,45.49439769001424
2026-07-24 12:00:00,EP072026,34,2026-07-28 12:00:00,4 days 00:00:00,96,17.15,-114.97,965.5,94.7,17.231519604495475,247.17395135727293,217.5529077569737,135.11232839572403,194.4706047478578,118.8254402145526,96.5257244514616,65.72045965996512,93.89734495794356,54.95270381324474,46.739421627345166,34.82937825055171,45.76629554055509
2026-07-24 12:00:00,EP072026,34,2026-07-28 18:00:00,4 days 06:00:00,102,17.89,-115.79,967.8,97.3,28.47687212223309,172.86706702894253,142.28177804013922,79.80359152306983,131.26218700374557,80.33402310156907,64.31803723207008,44.257962954974346,65.71717726555767,42.11131473059868,35.19262267272563,25.98285055033506,35.3352420016746
2026-07-24 12:00:00,EP072026,34,2026-07-29 00:00:00,4 days 12:00:00,108,18.1,-116.51,973.3,82.6,39.22479363689724,252.48476194139823,192.0874392491652,130.80707017721969,212.9637311561324,136.86891016241916,110.53336628442712,83.16569394760897,115.3403689254659,65.31788227797779,55.46890389759909,43.66548838745739,56.21188576426469
2026-07-24 12:00:00,EP072026,34,2026-07-29 06:00:00,4 days 18:00:00,114,18.41,-117.15,971.6,92.2,31.579220965850848,206.06565030133143,150.53469264947154,119.66210332274918,179.56719727743973,111.93889249280892,92.13219942431763,67.38896457881543,97.552464956217,53.10065578749769,45.82960438144152,35.62174382128519,45.94223514260936
2026-07-24 12:00:00,EP072026,34,2026-07-29 12:00:00,5 days 00:00:00,120,18.75,-117.83,971.5,84.5,40.825963900888574,310.2500909414971,244.1667500978856,176.44978526344417,258.77788221913204,135.8321984565706,112.41469437977996,84.90947279244682,115.39528566299988,63.71885043003259,57.89576511687458,44.98577426015906,56.08692388838119
2026-07-24 12:00:00,EP072026,34,2026-07-29 18:00:00,5 days 06:00:00,126,19.2,-118.53,980.3,76.1,19.88975969790156,242.91369479039344,185.34091046604084,138.8944981339849,212.44191714000985,108.43539588635232,90.37327619000116,68.90276955797825,90.8702942584278,28.97413109686033,24.447304709322747,17.887940668031938,25.25690082781854
2026-07-24 12:00:00,EP072026,34,2026-07-30 00:00:00,5 days 12:00:00,132,19.62,-119.5,976.8,62.4,32.314358182886934,219.54567511671064,179.0536073101091,122.42229128518868,184.5141111961032,97.49831816346956,76.45689586578652,52.62420776916275,78.13580482051032,0.0,0.0,0.0,0.0
2026-07-24 12:00:00,EP072026,34,2026-07-30 06:00:00,5 days 18:00:00,138,20.11,-120.48,990.7,60.0,61.06567440201386,153.96834799623872,114.43005623611008,90.56046888062662,134.601281870235,61.06567440201386,3.985149988729508,2.1973108279727507,8.495814056117084,0.0,0.0,0.0,0.0
2026-07-24 12:00:00,EP072026,34,2026-07-30 12:00:00,6 days 00:00:00,144,20.66,-121.42,981.1,62.9,41.9120636989916,137.1044382235425,103.07525956157562,67.56927844374266,106.4517415636502,41.9120636989916,4.492299136875456,1.2635501774986304,8.129429803908124,0.0,0.0,0.0,0.0
2026-07-24 12:00:00,EP072026,34,2026-07-30 18:00:00,6 days 06:00:00,150,21.13,-122.25,994.8,45.5,51.50230899587152,136.77973151612508,107.50245311075264,83.70436118975977,119.573977874102,0.0,0.0,0.0,0.0,0.0,0.0,0.0,0.0
2026-07-24 12:00:00,EP072026,34,2026-07-31 00:00:00,6 days 12:00:00,156,21.55,-123.15,993.0,54.0,69.8659010757964,156.87123054154378,124.62406949101396,97.47946468852814,127.5264269182253,69.8659010757964,3.905793889720959,1.413432527415802,6.791759658493955,0.0,0.0,0.0,0.0
2026-07-24 12:00:00,EP072026,34,2026-07-31 06:00:00,6 days 18:00:00,162,21.8,-124.04,1004.7,34.8,66.78052779994,209.6416136396867,177.17332662871715,139.01739373312327,177.5310606827262,0.0,0.0,0.0,0.0,0.0,0.0,0.0,0.0
2026-07-24 12:00:00,EP072026,34,2026-07-31 12:00:00,7 days 00:00:00,168,21.94,-125.06,1003.4,32.8,53.336604398727815,0.0,0.0,0.0,0.0,0.0,0.0,0.0,0.0,0.0,0.0,0.0,0.0
2026-07-24 12:00:00,EP072026,34,2026-07-31 18:00:00,7 days 06:00:00,174,22.16,-126.26,1007.8,25.3,122.30640716888568,0.0,0.0,0.0,0.0,0.0,0.0,0.0,0.0,0.0,0.0,0.0,0.0
2026-07-24 12:00:00,EP072026,34,2026-08-01 00:00:00,7 days 12:00:00,180,22.76,-127.39,1004.0,28.7,112.14925928933438,0.0,0.0,0.0,0.0,0.0,0.0,0.0,0.0,0.0,0.0,0.0,0.0
2026-07-24 12:00:00,EP072026,34,2026-08-01 06:00:00,7 days 18:00:00,186,22.58,-128.93,1003.8,33.1,75.50754524006697,0.0,0.0,0.0,0.0,0.0,0.0,0.0,0.0,0.0,0.0,0.0,0.0
2026-07-24 12:00:00,EP072026,34,2026-08-01 12:00:00,8 days 00:00:00,192,23.25,-130.18,1008.1,25.3,125.42163898887232,0.0,0.0,0.0,0.0,0.0,0.0,0.0,0.0,0.0,0.0,0.0,0.0
2026-07-24 12:00:00,EP072026,34,2026-08-01 18:00:00,8 days 06:00:00,198,23.94,-131.11,999.9,25.6,60.14522308576302,0.0,0.0,0.0,0.0,0.0,0.0,0.0,0.0,0.0,0.0,0.0,0.0
2026-07-24 12:00:00,EP072026,34,2026-08-02 00:00:00,8 days 12:00:00,204,23.38,-132.49,1001.0,32.5,118.0337302605767,0.0,0.0,0.0,0.0,0.0,0.0,0.0,0.0,0.0,0.0,0.0,0.0
2026-07-24 12:00:00,WP112026,34,2026-07-24 12:00:00,0 days 00:00:00,0,19.7,120.4,991.0,60.0,37.0,139.0,93.0,84.0,139.0,,,,,0.0,0.0,0.0,0.0
2026-07-24 12:00:00,WP112026,34,2026-07-24 18:00:00,0 days 06:00:00,6,19.84,119.13,966.6,87.3,26.62505159568869,182.5930426650784,152.46929190615072,121.08510066645268,151.50712395284114,93.31012218371606,80.10954143896943,64.59797085749507,80.83678225174441,49.99514596279201,44.2867609944693,36.07976389131475,43.3130424669595
2026-07-24 12:00:00,WP112026,34,2026-07-25 00:00:00,0 days 12:00:00,12,20.93,117.92,954.8,95.6,31.175122706255188,194.56759624083784,160.3776378340877,144.91260101869295,178.40509176787864,100.19668678027134,85.48986925757424,73.82476993181098,87.87368371571291,55.899195329452525,51.52938230172624,43.48265359894967,49.91280117103776
2026-07-24 12:00:00,WP112026,34,2026-07-25 06:00:00,0 days 18:00:00,18,21.47,116.81,937.4,122.7,6.196281908610597,224.01719476772087,203.59729091995064,166.24676218803944,194.97617218338672,114.6687016367184,101.64360202108438,83.648500759415,99.908431053249,73.71918360419929,66.62433639131416,55.27487854683332,64.71383215532458
2026-07-24 12:00:00,WP112026,34,2026-07-25 12:00:00,1 days 00:00:00,24,22.09,115.85,935.7,126.8,22.761706615974845,209.41963639303407,176.9319509509869,145.33178231866896,182.32468580186836,119.28419869651316,102.42959746309634,84.83450463421559,101.46754944042914,67.79754714359206,60.66664885830846,50.90385694689735,58.05785125168586
2026-07-24 12:00:00,WP112026,34,2026-07-25 18:00:00,1 days 06:00:00,30,22.96,114.94,931.3,115.1,11.809983568574728,183.4337747173619,188.50658808629373,142.44753355015462,142.85914771455924,20.91260547368313,13.667287369491024,9.96980772199884,16.915010957068894,11.809983568574728,2.1964896803229523,1.2018943375572242,4.436533063113877
2026-07-24 12:00:00,WP112026,34,2026-07-26 00:00:00,1 days 12:00:00,36,23.5,114.25,977.2,70.1,16.691518931368012,323.66191159097974,288.5298820991068,231.9885233358006,254.44905653193337,62.80006016177575,51.09639805331094,35.91044240265936,47.2541907249591,16.691518931368012,0.0,0.0,0.0
2026-07-24 12:00:00,WP112026,34,2026-07-26 06:00:00,1 days 18:00:00,42,24.24,113.87,984.8,55.0,25.745253662890264,210.3234263402828,164.20760745315965,113.29833289895124,160.29961411423028,76.17730170721552,65.72639832962795,47.472808664485456,62.927445425259975,0.0,0.0,0.0,0.0
2026-07-24 12:00:00,WP112026,34,2026-07-26 12:00:00,2 days 00:00:00,48,24.65,113.52,992.9,35.8,75.45032821130118,8.500001030637668,5.923924907267706,75.45032821130118,7.24071135913208,0.0,0.0,0.0,0.0,0.0,0.0,0.0,0.0
2026-07-24 12:00:00,WP112026,34,2026-07-26 18:00:00,2 days 06:00:00,54,25.56,113.13,999.1,22.8,79.1949602028573,0.0,0.0,0.0,0.0,0.0,0.0,0.0,0.0,0.0,0.0,0.0,0.0
2026-07-24 12:00:00,WP112026,34,2026-07-27 00:00:00,2 days 12:00:00,60,26.8,112.79,1001.6,21.4,84.27757185106195,0.0,0.0,0.0,0.0,0.0,0.0,0.0,0.0,0.0,0.0,0.0,0.0
2026-07-24 12:00:00,WP112026,34,2026-07-27 06:00:00,2 days 18:00:00,66,27.99,113.17,1001.8,18.7,135.2537833202805,0.0,0.0,0.0,0.0,0.0,0.0,0.0,0.0,0.0,0.0,0.0,0.0
2026-07-24 12:00:00,WP112026,34,2026-07-27 12:00:00,3 days 00:00:00,72,28.67,112.1,1004.6,18.1,68.92133511890778,0.0,0.0,0.0,0.0,0.0,0.0,0.0,0.0,0.0,0.0,0.0,0.0
2026-07-24 12:00:00,WP112026,34,2026-07-27 18:00:00,3 days 06:00:00,78,29.76,111.66,1005.0,21.2,66.79958409458898,0.0,0.0,0.0,0.0,0.0,0.0,0.0,0.0,0.0,0.0,0.0,0.0
2026-07-24 12:00:00,EP062026,35,2026-07-24 12:00:00,0 days 00:00:00,0,18.5,-130.6,970.0,89.0,37.0,297.0,185.0,111.0,297.0,148.0,74.0,56.0,111.0,74.0,37.0,28.0,56.0
2026-07-24 12:00:00,EP062026,35,2026-07-24 18:00:00,0 days 06:00:00,6,18.81,-132.13,987.1,69.3,43.61831963439538,262.6621832025311,209.81931257939323,157.38009596436535,211.49477966091956,130.59578986363115,102.52753448170684,76.77662623980501,105.55229111373824,43.61831963439538,27.05563248096728,20.285745722915298,27.188159122103464
2026-07-24 12:00:00,EP062026,35,2026-07-25 00:00:00,0 days 12:00:00,12,18.89,-133.36,979.1,88.0,66.28677048518534,254.3558022107245,190.59375404076215,151.87937135671564,220.8246865839492,116.40985752839832,89.15212038667414,68.69206303838814,104.65757686831762,66.28677048518534,56.30756858871325,45.76676532260467,58.17864079832361
2026-07-24 12:00:00,EP062026,35,2026-07-25 06:00:00,0 days 18:00:00,18,19.09,-134.57,980.8,77.0,36.49772203751606,276.40058568124863,219.88167981090956,162.61526013529732,242.95452936338376,138.5020280290001,112.82436443735482,87.52945138643832,114.8217234635018,55.66991145702632,47.80479446769891,39.46662645749586,47.352877928359824
2026-07-24 12:00:00,EP062026,35,2026-07-25 12:00:00,1 days 00:00:00,24,18.96,-135.64,984.8,74.9,31.415080443378187,231.05678914963408,158.25910486547187,102.96763345633774,204.35686194793988,100.75853190695128,72.06403002451921,53.81222900604863,83.52141344583117,39.066109801959655,31.699247054677848,24.92200987064547,33.79231879799899
2026-07-24 12:00:00,EP062026,35,2026-07-25 18:00:00,1 days 06:00:00,30,19.17,-136.64,983.6,68.6,49.268777465579205,241.94599731534072,194.984983458442,130.19365128021855,214.55917984940243,74.70262324173837,48.87351269315423,31.61673689326972,55.14935120081645,49.268777465579205,0.0,0.0,1.562503416941098
2026-07-24 12:00:00,EP062026,35,2026-07-26 00:00:00,1 days 12:00:00,36,19.36,-137.67,981.7,71.7,31.52657484587563,197.539384714554,155.89915073364995,112.96836277294072,178.68612005774943,98.8031825734285,75.91296779329024,57.539999014311086,85.12217521715253,42.03900764094404,35.615605577685955,28.344097129620003,35.42222736262228
2026-07-24 12:00:00,EP062026,35,2026-07-26 06:00:00,1 days 18:00:00,42,19.35,-138.33,981.2,75.4,23.646091168655914,168.34741594172434,137.1975813045889,93.0312926111346,138.51452856698018,33.76719510495792,19.57716560898974,10.226476037052873,25.69018132406848,23.646091168655914,0.0,0.0,0.8161744251738791
2026-07-24 12:00:00,EP062026,35,2026-07-26 12:00:00,2 days 00:00:00,48,19.45,-139.44,993.5,60.7,34.572458268212586,246.69806646610323,182.66674963818969,151.9990876075285,236.11390405050952,82.34084498713673,56.58402337984671,39.51305488137996,65.57042344681258,0.0,0.0,0.0,0.0
2026-07-24 12:00:00,EP062026,35,2026-07-26 18:00:00,2 days 06:00:00,54,19.88,-140.97,992.1,57.8,73.5632094184106,371.3647199861131,274.40454320705305,201.03571877690257,327.60118152807945,143.230627104784,113.3495383901415,85.48694374253192,108.70927740199684,0.0,0.0,0.0,0.0
2026-07-24 12:00:00,EP062026,35,2026-07-27 00:00:00,2 days 12:00:00,60,19.57,-142.06,999.8,53.8,49.52850152078911,256.15569507543927,202.83704636642,163.94543567728232,219.44128813131653,49.52850152078911,21.96248005107992,13.859587907563846,26.256946533836462,0.0,0.0,0.0,0.0
2026-07-24 12:00:00,EP062026,35,2026-07-27 06:00:00,2 days 18:00:00,66,19.77,-143.64,993.0,58.6,68.54363496954198,244.8980549298024,210.6725540036739,149.34654767532948,202.76150897549144,68.54363496954198,1.6824817379055297,0.0,6.889728969450694,0.0,0.0,0.0,0.0
2026-07-24 12:00:00,EP062026,35,2026-07-27 12:00:00,3 days 00:00:00,72,19.89,-144.94,994.6,57.2,41.06404061742429,178.31761630964348,135.52164814481273,84.43038381682669,136.73210697370175,41.06404061742429,3.4401603507111176,0.0,6.785241433626339,0.0,0.0,0.0,0.0
2026-07-24 12:00:00,EP062026,35,2026-07-27 18:00:00,3 days 06:00:00,78,19.96,-146.12,1005.2,50.2,82.46058924131466,256.39461453021795,190.84254387665624,127.09072798788884,208.0303249085373,82.46058924131466,37.95659391811296,24.795785456419708,38.676763088690905,0.0,0.0,0.0,0.0
2026-07-24 12:00:00,EP062026,35,2026-07-28 00:00:00,3 days 12:00:00,84,20.45,-148.08,989.2,61.6,89.95112857999855,158.35180398398862,134.3611681490997,73.94081944448702,118.686130742533,89.95112857999855,0.0,0.0,0.4908979243469318,0.0,0.0,0.0,0.0
2026-07-24 12:00:00,EP062026,35,2026-07-28 06:00:00,3 days 18:00:00,90,20.64,-149.45,1001.8,47.8,103.55376400499264,212.12544955179771,164.93853576668133,100.01250494032844,169.74594723128524,0.0,0.0,0.0,0.0,0.0,0.0,0.0,0.0
2026-07-24 12:00:00,EP062026,35,2026-07-28 12:00:00,4 days 00:00:00,96,20.58,-150.89,1002.9,45.1,95.54071614648646,196.89333136278051,145.71220060570442,87.81314588185245,149.4176733558981,0.0,0.0,0.0,0.0,0.0,0.0,0.0,0.0
2026-07-24 12:00:00,EP062026,35,2026-07-28 18:00:00,4 days 06:00:00,102,20.53,-152.26,1005.1,39.4,137.9198252220128,165.26450432704536,124.65111922280995,80.30430911771768,131.77150377316582,0.0,0.0,0.0,0.0,0.0,0.0,0.0,0.0
2026-07-24 12:00:00,EP062026,35,2026-07-29 00:00:00,4 days 12:00:00,108,20.84,-153.87,1004.2,39.1,141.1737896938054,296.5362194028404,241.5417492049744,168.82982301632617,244.27520145231355,0.0,0.0,0.0,0.0,0.0,0.0,0.0,0.0
2026-07-24 12:00:00,EP062026,35,2026-07-29 06:00:00,4 days 18:00:00,114,21.17,-155.58,1005.5,31.6,60.83448057692284,0.0,0.0,0.0,0.0,0.0,0.0,0.0,0.0,0.0,0.0,0.0,0.0
2026-07-24 12:00:00,EP062026,35,2026-07-29 12:00:00,5 days 00:00:00,120,21.72,-157.42,1005.8,26.2,79.6275245264842,0.0,0.0,0.0,0.0,0.0,0.0,0.0,0.0,0.0,0.0,0.0,0.0
2026-07-24 12:00:00,EP062026,35,2026-07-29 18:00:00,5 days 06:00:00,126,21.67,-158.77,1006.0,32.0,68.0460674435885,0.0,0.0,0.0,0.0,0.0,0.0,0.0,0.0,0.0,0.0,0.0,0.0
2026-07-24 12:00:00,EP072026,35,2026-07-24 12:00:00,0 days 00:00:00,0,8.9,-99.9,1005.0,29.0,93.0,0.0,0.0,0.0,0.0,0.0,0.0,0.0,0.0,0.0,0.0,0.0,0.0
2026-07-24 12:00:00,EP072026,35,2026-07-24 18:00:00,0 days 06:00:00,6,8.66,-100.87,1001.9,43.4,82.17410921632327,82.17410921632327,47.41208659140787,36.50527355706059,64.83210044579619,0.0,0.0,0.0,0.0,0.0,0.0,0.0,0.0
2026-07-24 12:00:00,EP072026,35,2026-07-25 00:00:00,0 days 12:00:00,12,9.29,-101.88,1005.4,36.0,99.48269692514263,183.7849510690564,149.3446481955147,93.45309020132568,161.1209511572731,0.0,0.0,0.0,0.0,0.0,0.0,0.0,0.0
2026-07-24 12:00:00,EP072026,35,2026-07-25 06:00:00,0 days 18:00:00,18,10.37,-103.06,1001.3,45.7,83.94424630361397,137.56653196756042,112.74383986686564,88.16717443663208,118.72796407433782,0.0,0.0,0.0,0.0,0.0,0.0,0.0,0.0
2026-07-24 12:00:00,EP072026,35,2026-07-25 12:00:00,1 days 00:00:00,24,10.59,-104.05,996.5,51.8,84.29468765546204,116.81071111174168,90.6209446337167,42.00730781609897,80.57006002859927,84.29468765546204,6.814922929196219,1.6541380958957088,6.629270153742894,0.0,0.0,0.0,0.0
2026-07-24 12:00:00,EP072026,35,2026-07-25 18:00:00,1 days 06:00:00,30,11.7,-105.72,1001.5,46.9,118.2756936723598,173.76048193615594,132.5422149469646,67.13079230964398,121.40520904399342,0.0,0.0,0.0,0.0,0.0,0.0,0.0,0.0
2026-07-24 12:00:00,EP072026,35,2026-07-26 00:00:00,1 days 12:00:00,36,12.2,-106.86,995.1,53.6,93.72011415900973,193.07090077972973,153.02521021147197,107.13198456199105,152.6737481196884,93.72011415900973,10.22824659825551,4.617002386589572,10.94531875598176,0.0,0.0,0.0,0.0
2026-07-24 12:00:00,EP072026,35,2026-07-26 06:00:00,1 days 18:00:00,42,12.86,-108.31,974.4,85.3,0.0,158.38121067858555,126.72853996319162,114.92800527766894,151.0060766702261,76.627956925608,70.03577822097746,57.91995772515179,63.5448182164711,3.140205515295621,2.5588006875389238,1.725700071414911,3.204826372551989
2026-07-24 12:00:00,EP072026,35,2026-07-26 12:00:00,2 days 00:00:00,48,13.25,-109.13,986.0,70.9,35.79968851927453,209.3658055276878,181.29914498729497,122.90400245991808,170.5589234917175,35.935883765135074,18.42717451758132,6.07488692206963,24.8214487648779,35.79968851927453,0.0,0.0,0.2463446487599155
2026-07-24 12:00:00,EP072026,35,2026-07-26 18:00:00,2 days 06:00:00,54,13.69,-110.47,979.6,99.0,15.046030057448494,325.22821518177,234.81629863604795,143.94203148108255,267.8653417042799,130.56950240467722,104.81797740666474,82.8687992599993,107.18472982192624,62.02362630340213,55.01723727507151,44.63899298405527,53.480849800938906
2026-07-24 12:00:00,EP072026,35,2026-07-27 00:00:00,2 days 12:00:00,60,14.28,-111.08,989.5,62.2,45.08507575517324,212.6011275337602,180.9461819078197,113.18488333487797,172.0369453594753,68.65214279108291,49.489932569574805,30.729516037414808,47.93701807864118,0.0,0.0,0.0,0.0
2026-07-24 12:00:00,EP072026,35,2026-07-27 06:00:00,2 days 18:00:00,66,15.32,-111.91,986.3,67.8,35.83364675585624,220.42684525803568,192.57690066590737,114.1375176867024,162.8848290691958,35.83364675585624,35.83364675585624,4.553914012996323,12.890050126008108,0.0,35.83364675585624,0.0,0.0
2026-07-24 12:00:00,EP072026,35,2026-07-27 12:00:00,3 days 00:00:00,72,15.88,-112.71,990.0,64.1,39.01559917716135,174.80077806426343,157.2526568248317,96.6568786587062,136.4504464911883,45.55335502675945,31.22068643240308,15.738211837528365,29.544515851806175,39.01559917716135,0.0,0.0,0.0
2026-07-24 12:00:00,EP072026,35,2026-07-27 18:00:00,3 days 06:00:00,78,16.5,-113.63,980.4,77.1,30.861600908099103,223.5829174801777,177.7268819042162,106.436630325013,175.48669346259362,71.06219076483417,48.25417052494717,27.901716691677407,49.27557348750807,30.861600908099103,0.0,0.0,0.3326034319088666
2026-07-24 12:00:00,EP072026,35,2026-07-28 00:00:00,3 days 12:00:00,84,16.66,-114.34,984.4,75.9,41.081693100076,238.39590969161625,203.6540056682909,136.6264756095427,192.9625963363765,81.11879885312715,56.83424015592868,35.57241918104569,60.73806645338277,41.081693100076,13.317414203337435,8.36997139560486,13.789669148144071
2026-07-24 12:00:00,EP072026,35,2026-07-28 06:00:00,3 days 18:00:00,90,17.27,-115.12,987.9,66.2,36.79836083174485,275.99602749016185,229.04244767409415,147.31533378417308,241.8562379548797,102.6783803224377,74.56529165460502,46.78586976079709,70.70518922916916,36.79836083174485,0.0,0.0,0.0
2026-07-24 12:00:00,EP072026,35,2026-07-28 12:00:00,4 days 00:00:00,96,17.5,-115.66,976.1,85.0,28.73268407124096,181.00504510022327,137.3782866221575,91.8570941050341,153.75121904099225,78.78127930404759,56.54714185752928,40.03418597472562,66.01853596916865,43.76682347501824,36.01255251442367,29.140788335258957,37.60948358324745
2026-07-24 12:00:00,EP072026,35,2026-07-28 18:00:00,4 days 06:00:00,102,17.63,-116.53,981.4,75.1,39.69368472762631,215.88584203673884,174.30945199777892,135.36049054321987,188.4899619897832,120.75110713088696,98.03942737485347,79.4584759105395,103.92774761504438,62.22194696015492,55.16414983064741,45.507110761124416,53.5811125969627
2026-07-24 12:00:00,EP072026,35,2026-07-29 00:00:00,4 days 12:00:00,108,17.84,-117.05,980.7,77.8,28.30781424790613,187.11842025718244,149.37019555480964,120.13341994423637,153.84370438992136,37.73361780806694,23.353021747191463,12.071073202649828,28.583057391735053,28.30781424790613,0.0,0.0,0.6281376150854274
2026-07-24 12:00:00,EP072026,35,2026-07-29 06:00:00,4 days 18:00:00,114,18.01,-117.59,980.0,78.5,0.0,183.41445080547717,161.90534691007375,119.91802070379202,157.73013799811793,51.37908076513604,38.03548988970812,19.980867245404774,37.91195564997169,4.759510568000275,1.929502166386052,0.0,2.9019233678746748
2026-07-24 12:00:00,EP072026,35,2026-07-29 12:00:00,5 days 00:00:00,120,18.47,-118.09,981.2,74.8,23.15120314908488,183.65706513659708,155.32351210075146,106.26580951661592,143.67056277771255,43.16995067500682,29.75382000592076,13.75056900823428,27.534187442638267,23.15120314908488,0.0,0.0,0.0
2026-07-24 12:00:00,EP072026,35,2026-07-29 18:00:00,5 days 06:00:00,126,19.05,-118.96,979.6,68.4,10.935846795512113,221.954612217429,191.56792654663568,134.50553968601855,182.10723582725035,105.21144666100486,86.18890385930543,59.96990110224916,79.77790976650925,14.771898678841856,13.484318975642836,8.416502540090493,11.479849481352556
2026-07-24 12:00:00,EP072026,35,2026-07-30 00:00:00,5 days 12:00:00,132,19.27,-119.34,981.6,68.2,14.595486833832044,227.68006444027645,187.3919396983853,146.28614373160104,197.90633607530992,110.74084600296295,90.14342224616784,66.71273909983933,90.53208692180092,28.248553282888253,24.455403764581703,18.01865178420884,24.210099247208557
2026-07-24 12:00:00,EP072026,35,2026-07-30 06:00:00,5 days 18:00:00,138,19.74,-119.98,989.3,64.2,68.8826729992339,237.1065245337515,217.8430184096761,178.21176534721783,205.4382283656853,68.8826729992339,35.64357932846776,24.32245218777024,36.392668082607486,68.8826729992339,0.0,0.0,0.0
2026-07-24 12:00:00,EP072026,35,2026-07-30 12:00:00,6 days 00:00:00,144,19.99,-120.45,999.6,58.5,61.06441286344205,175.6126464907639,127.29215172611292,93.01941935035586,158.37405617610176,79.2957087251873,57.0506311228894,33.99872673795956,62.48166110917029,0.0,0.0,0.0,0.0
2026-07-24 12:00:00,EP072026,35,2026-07-30 18:00:00,6 days 06:00:00,150,20.33,-121.25,991.8,55.6,45.85741230277881,141.57980335330336,125.86862212897644,100.94308986391395,110.82741412109488,45.85741230277881,0.0,0.0,1.0227605345755515,0.0,0.0,0.0,0.0
2026-07-24 12:00:00,EP072026,35,2026-07-31 00:00:00,6 days 12:00:00,156,20.74,-121.82,997.3,52.9,75.63138611147951,223.82515772987017,185.74019740401468,135.31093537804225,196.07916644341003,75.63138611147951,47.04717975952724,32.39810237986461,47.08828203555004,0.0,0.0,0.0,0.0
2026-07-24 12:00:00,EP072026,35,2026-07-31 06:00:00,6 days 18:00:00,162,20.85,-122.31,999.4,46.0,105.41630725765926,230.4336160253414,204.2952964331972,168.03053177757698,198.56772296712668,0.0,0.0,0.0,0.0,0.0,0.0,0.0,0.0
2026-07-24 12:00:00,EP072026,35,2026-07-31 12:00:00,7 days 00:00:00,168,21.0,-122.86,1001.9,45.4,88.57684580859924,169.35335476232373,142.184194450221,96.56805992135412,133.59589234564203,0.0,0.0,0.0,0.0,0.0,0.0,0.0,0.0
2026-07-24 12:00:00,EP072026,35,2026-07-31 18:00:00,7 days 06:00:00,174,21.28,-123.0,1000.9,47.2,38.586854615947175,178.08604635900863,139.80074490139938,92.23465766793062,153.6646145255326,0.0,0.0,0.0,0.0,0.0,0.0,0.0,0.0
2026-07-24 12:00:00,EP072026,35,2026-08-01 00:00:00,7 days 12:00:00,180,21.62,-124.28,1002.3,41.6,67.10263656175107,144.8685154521802,107.7324236394238,87.39995205671471,131.24001411458903,0.0,0.0,0.0,0.0,0.0,0.0,0.0,0.0
2026-07-24 12:00:00,EP072026,35,2026-08-01 06:00:00,7 days 18:00:00,186,21.99,-125.13,1001.2,37.5,36.134987677620536,131.18159861665316,101.0968059697554,72.81590499648647,106.19335487702048,0.0,0.0,0.0,0.0,0.0,0.0,0.0,0.0
2026-07-24 12:00:00,EP072026,35,2026-08-01 12:00:00,8 days 00:00:00,192,22.43,-125.77,1004.2,37.0,73.00727286598516,162.40192362251378,115.62806288178147,74.25738623306955,119.7016553298231,0.0,0.0,0.0,0.0,0.0,0.0,0.0,0.0
2026-07-24 12:00:00,EP072026,35,2026-08-01 18:00:00,8 days 06:00:00,198,22.54,-126.75,1008.3,33.9,88.84116982550165,0.0,0.0,0.0,0.0,0.0,0.0,0.0,0.0,0.0,0.0,0.0,0.0
2026-07-24 12:00:00,EP072026,35,2026-08-02 00:00:00,8 days 12:00:00,204,22.88,-127.61,1007.8,28.7,61.133722178576704,0.0,0.0,0.0,0.0,0.0,0.0,0.0,0.0,0.0,0.0,0.0,0.0
2026-07-24 12:00:00,EP072026,35,2026-08-02 06:00:00,8 days 18:00:00,210,23.22,-128.52,1008.6,30.6,121.00011082290683,0.0,0.0,0.0,0.0,0.0,0.0,0.0,0.0,0.0,0.0,0.0,0.0
2026-07-24 12:00:00,EP072026,35,2026-08-02 12:00:00,9 days 00:00:00,216,23.74,-129.83,1008.3,25.6,101.38291331531516,0.0,0.0,0.0,0.0,0.0,0.0,0.0,0.0,0.0,0.0,0.0,0.0
2026-07-24 12:00:00,EP072026,35,2026-08-02 18:00:00,9 days 06:00:00,222,23.64,-131.05,1008.0,27.4,58.82550535330444,0.0,0.0,0.0,0.0,0.0,0.0,0.0,0.0,0.0,0.0,0.0,0.0
2026-07-24 12:00:00,EP072026,35,2026-08-03 00:00:00,9 days 12:00:00,228,24.39,-132.34,1002.8,27.4,47.23573006635361,0.0,0.0,0.0,0.0,0.0,0.0,0.0,0.0,0.0,0.0,0.0,0.0
2026-07-24 12:00:00,EP072026,35,2026-08-03 06:00:00,9 days 18:00:00,234,24.18,-132.95,1000.2,31.8,104.34148426796348,0.0,0.0,0.0,0.0,0.0,0.0,0.0,0.0,0.0,0.0,0.0,0.0
2026-07-24 12:00:00,EP072026,35,2026-08-03 12:00:00,10 days 00:00:00,240,24.62,-134.04,1012.0,20.1,96.03699657310156,0.0,0.0,0.0,0.0,0.0,0.0,0.0,0.0,0.0,0.0,0.0,0.0
2026-07-24 12:00:00,EP072026,35,2026-08-03 18:00:00,10 days 06:00:00,246,24.73,-133.7,1002.2,26.0,62.765590303860726,0.0,0.0,0.0,0.0,0.0,0.0,0.0,0.0,0.0,0.0,0.0,0.0
2026-07-24 12:00:00,WP112026,35,2026-07-24 12:00:00,0 days 00:00:00,0,19.7,120.4,991.0,60.0,37.0,139.0,93.0,84.0,139.0,,,,,0.0,0.0,0.0,0.0
2026-07-24 12:00:00,WP112026,35,2026-07-24 18:00:00,0 days 06:00:00,6,20.0,119.21,979.7,69.2,51.239146268820846,230.61313188567797,197.87686201941503,161.96517678876546,194.61485987395503,128.68960993937748,108.03606907961172,90.29129781247698,108.40267231733316,51.239146268820846,45.87441703358032,38.3467681433168,44.29203890986353
2026-07-24 12:00:00,WP112026,35,2026-07-25 00:00:00,0 days 12:00:00,12,20.55,117.88,973.8,79.9,46.28071060675752,193.19414441010252,167.36077131221217,150.46582168225083,159.22606973759986,107.77837999205468,91.47602258704626,75.43476198229584,91.72881265900956,49.51149187056775,44.55676623324232,36.795436627468845,42.32786448827007
2026-07-24 12:00:00,WP112026,35,2026-07-25 06:00:00,0 days 18:00:00,18,21.32,117.09,956.7,99.3,33.00243576974649,221.09839664180447,189.46946853763737,156.19600391141552,188.17005480377816,111.41458739018437,96.87326745752462,76.75049553588983,97.3767609710076,75.52423875441981,66.80503393547512,55.30961580641728,65.1837061906506
2026-07-24 12:00:00,WP112026,35,2026-07-25 12:00:00,1 days 00:00:00,24,22.39,116.09,953.0,104.5,25.744305540485072,198.76820253238657,171.56674314834598,131.84229718596038,160.37911671269248,102.73054577961676,83.61010462356325,61.40035921791442,85.90696730367782,61.06326028706626,51.0879707688224,40.75969569704164,52.98742657860185
2026-07-24 12:00:00,WP112026,35,2026-07-25 18:00:00,1 days 06:00:00,30,22.91,115.36,961.5,86.2,42.95711140472258,226.47974184880712,209.91924066647772,149.71176842172204,186.2784888721191,102.86757656872784,86.34791100948809,65.18312349551198,87.32119375372143,47.865552216201465,39.5496079368407,32.27586489130652,41.81181428817855
2026-07-24 12:00:00,WP112026,35,2026-07-26 00:00:00,1 days 12:00:00,36,23.79,114.68,972.0,72.4,29.975360671309893,240.0215216375764,208.84328768375477,147.11541826876717,190.69157990045403,140.06085679239368,121.70206926858522,93.42268002375248,118.29312208396895,56.21383631143492,50.20012041026737,40.69741888753616,47.20598109377288
2026-07-24 12:00:00,WP112026,35,2026-07-26 06:00:00,1 days 18:00:00,42,24.39,114.44,979.0,54.6,5.014325853132107,92.43070113010371,90.26436107639968,78.28558747227578,75.70035751890458,9.28846167819859,7.934283425012811,2.7096415788426,8.875984089450839,0.0,0.0,0.0,0.0
2026-07-24 12:00:00,WP112026,35,2026-07-26 12:00:00,2 days 00:00:00,48,25.13,114.25,996.0,30.5,53.56366527319198,0.0,0.0,0.0,0.0,0.0,0.0,0.0,0.0,0.0,0.0,0.0,0.0
2026-07-24 12:00:00,WP112026,35,2026-07-26 18:00:00,2 days 06:00:00,54,25.69,113.8,999.2,23.1,100.38722147193847,0.0,0.0,0.0,0.0,0.0,0.0,0.0,0.0,0.0,0.0,0.0,0.0
2026-07-24 12:00:00,WP112026,35,2026-07-27 00:00:00,2 days 12:00:00,60,26.59,113.66,999.3,22.5,54.90020455313123,0.0,0.0,0.0,0.0,0.0,0.0,0.0,0.0,0.0,0.0,0.0,0.0
2026-07-24 12:00:00,WP112026,35,2026-07-27 06:00:00,2 days 18:00:00,66,27.61,113.21,998.5,21.6,97.98993630536437,0.0,0.0,0.0,0.0,0.0,0.0,0.0,0.0,0.0,0.0,0.0,0.0
2026-07-24 12:00:00,WP112026,35,2026-07-27 12:00:00,3 days 00:00:00,72,28.46,113.03,1004.0,13.9,127.81643972000492,0.0,0.0,0.0,0.0,0.0,0.0,0.0,0.0,0.0,0.0,0.0,0.0
2026-07-24 12:00:00,WP112026,35,2026-07-27 18:00:00,3 days 06:00:00,78,29.58,112.89,1002.1,20.4,119.80815550368092,0.0,0.0,0.0,0.0,0.0,0.0,0.0,0.0,0.0,0.0,0.0,0.0
2026-07-24 12:00:00,EP062026,36,2026-07-24 12:00:00,0 days 00:00:00,0,18.5,-130.6,970.0,89.0,37.0,297.0,185.0,111.0,297.0,148.0,74.0,56.0,111.0,74.0,37.0,28.0,56.0
2026-07-24 12:00:00,EP062026,36,2026-07-24 18:00:00,0 days 06:00:00,6,18.66,-131.72,978.8,78.2,29.666598122842885,235.5010434929292,191.8061091968334,159.95159188790785,221.0976016652653,128.20948187953002,108.25927915488673,81.73805887698836,110.01790154809316,62.4399426790859,53.49796774014587,41.97962472570006,53.81554698413015
2026-07-24 12:00:00,EP062026,36,2026-07-25 00:00:00,0 days 12:00:00,12,18.97,-133.07,978.6,78.8,36.41761025993184,237.37715995277787,187.7346272841171,139.4480343406075,211.8842847061904,119.52903105404118,99.62731520292913,74.09914360735357,99.72918549762971,56.53486400022469,48.295679942162806,36.72156286565561,47.476947678408216
2026-07-24 12:00:00,EP062026,36,2026-07-25 06:00:00,0 days 18:00:00,18,18.83,-134.52,981.3,81.6,27.2160800946296,226.37273385922575,171.43821724409378,131.74168842633554,199.6030312944173,115.58043162503604,96.94221342542288,73.50370318679569,98.84568016350757,56.31174306851322,48.57213243984951,37.14516692238224,47.91912012129998
2026-07-24 12:00:00,EP062026,36,2026-07-25 12:00:00,1 days 00:00:00,24,18.99,-135.43,954.6,100.2,22.803782665916493,227.21066498330225,205.02745183325263,157.6321707091442,209.68238873279648,94.6721282739297,76.26365424404662,59.70372894959157,83.60925286901687,45.1628072904923,37.66453273559346,29.95636990864968,39.87498159898691
2026-07-24 12:00:00,EP062026,36,2026-07-25 18:00:00,1 days 06:00:00,30,19.28,-136.46,977.8,73.4,50.20679404293463,272.94058475668123,236.99354650742143,193.88354747586425,236.02730837275533,156.40595708329238,143.10146369052455,115.66974566927722,134.71314351708585,80.44897674926574,74.3480362907875,61.52449044996131,70.07187352466968
2026-07-24 12:00:00,EP062026,36,2026-07-26 00:00:00,1 days 12:00:00,36,19.69,-137.35,983.8,75.1,24.909480661982144,210.31569783358765,161.81825319189244,106.79569358565637,164.50328380819224,86.53562771435963,67.4509230340858,42.97350963825277,69.81447717582395,37.88512812260009,28.58241112990303,19.19004142562344,30.51119553058493
2026-07-24 12:00:00,EP062026,36,2026-07-26 06:00:00,1 days 18:00:00,42,20.09,-138.29,985.5,68.7,18.49929169874213,217.5736276872452,170.35839344423857,138.78499902578864,190.67693790508483,103.08842553341282,90.74670230813572,68.6076497386512,88.51985401206912,48.96072596053203,41.86294427571429,31.965107355120026,40.40588766090956
2026-07-24 12:00:00,EP062026,36,2026-07-26 12:00:00,2 days 00:00:00,48,20.03,-139.45,988.9,61.3,36.37188493933297,171.80970320461893,137.79834887635252,96.07496076986286,139.03404174924685,36.37188493933297,13.881353259375317,5.246465059217627,11.190308982698198,0.0,0.0,0.0,0.0
2026-07-24 12:00:00,EP062026,36,2026-07-26 18:00:00,2 days 06:00:00,54,20.39,-140.7,994.7,62.3,64.82303995789285,319.77652762690104,269.0446293096684,222.9777210708836,270.16626882884924,70.27786784702454,57.69435231753727,38.63865435740607,59.58505154466649,0.0,0.0,0.0,0.0
2026-07-24 12:00:00,EP062026,36,2026-07-27 00:00:00,2 days 12:00:00,60,20.06,-141.62,988.6,62.8,32.16542016362007,122.6825535777997,79.18115675464469,48.85036302729392,106.2296643086625,62.68420772635631,56.35137550320917,46.35612789278776,53.35905757381778,0.0,0.0,0.0,0.0
2026-07-24 12:00:00,EP062026,36,2026-07-27 06:00:00,2 days 18:00:00,66,20.59,-143.25,988.9,65.8,62.82896415988216,124.5968375526718,75.6952531572897,48.72405670298031,99.174414285284,62.82896415988216,28.84594825598469,15.23060423485731,32.87687644256221,62.82896415988216,9.98585501802154,5.258017082891456,11.784439002985891
2026-07-24 12:00:00,EP062026,36,2026-07-27 12:00:00,3 days 00:00:00,72,20.83,-144.8,996.9,54.0,43.94462547639987,210.9288218918524,177.92120083620637,137.6957353551024,186.86480173361625,103.6650148908708,96.79156764602796,81.17301764649807,87.25200264566055,0.0,0.0,0.0,0.0
2026-07-24 12:00:00,EP062026,36,2026-07-27 18:00:00,3 days 06:00:00,78,21.17,-146.68,1002.9,49.1,103.1602427809654,256.16358587124347,218.29174694923572,166.58483196912812,216.86041514057888,0.0,0.0,0.0,0.0,0.0,0.0,0.0,0.0
2026-07-24 12:00:00,EP062026,36,2026-07-28 00:00:00,3 days 12:00:00,84,21.63,-148.24,1005.0,41.5,91.9983576655436,91.9983576655436,60.16384739279695,41.606530305754966,61.67248651520979,0.0,0.0,0.0,0.0,0.0,0.0,0.0,0.0
2026-07-24 12:00:00,EP062026,36,2026-07-28 06:00:00,3 days 18:00:00,90,21.93,-150.07,1006.3,32.0,127.093560576416,0.0,0.0,0.0,0.0,0.0,0.0,0.0,0.0,0.0,0.0,0.0,0.0
2026-07-24 12:00:00,EP062026,36,2026-07-28 12:00:00,4 days 00:00:00,96,22.08,-151.99,1008.0,34.5,81.95692156720733,81.95692156720733,1.3274904538742014,1.1004036841584508,4.169428619885094,0.0,0.0,0.0,0.0,0.0,0.0,0.0,0.0
2026-07-24 12:00:00,EP062026,36,2026-07-28 18:00:00,4 days 06:00:00,102,22.49,-153.88,1008.5,28.8,106.05174224269606,0.0,0.0,0.0,0.0,0.0,0.0,0.0,0.0,0.0,0.0,0.0,0.0
2026-07-24 12:00:00,EP062026,36,2026-07-29 00:00:00,4 days 12:00:00,108,23.09,-154.92,1008.7,22.8,61.832853006168506,0.0,0.0,0.0,0.0,0.0,0.0,0.0,0.0,0.0,0.0,0.0,0.0
2026-07-24 12:00:00,EP072026,36,2026-07-24 12:00:00,0 days 00:00:00,0,8.9,-99.9,1005.0,29.0,93.0,0.0,0.0,0.0,0.0,0.0,0.0,0.0,0.0,0.0,0.0,0.0,0.0
2026-07-24 12:00:00,EP072026,36,2026-07-24 18:00:00,0 days 06:00:00,6,8.74,-101.28,1005.8,26.9,76.70274484837374,0.0,0.0,0.0,0.0,0.0,0.0,0.0,0.0,0.0,0.0,0.0,0.0
2026-07-24 12:00:00,EP072026,36,2026-07-25 00:00:00,0 days 12:00:00,12,9.34,-101.93,998.4,48.9,49.866972503795296,115.37269308613784,98.11828082204296,72.76541002511134,98.7216320659046,0.0,0.0,0.0,0.0,0.0,0.0,0.0,0.0
2026-07-24 12:00:00,EP072026,36,2026-07-25 06:00:00,0 days 18:00:00,18,10.41,-102.58,999.6,46.3,61.57953048057264,133.13145312810315,113.68786332143122,85.49080762102369,112.84155589881482,0.0,0.0,0.0,0.0,0.0,0.0,0.0,0.0
2026-07-24 12:00:00,EP072026,36,2026-07-25 12:00:00,1 days 00:00:00,24,10.8,-104.18,992.7,51.5,27.86152145385784,37.796003078206,29.001951335801348,13.257976026437078,25.6341742327644,27.86152145385784,0.0,0.0,0.0,0.0,0.0,0.0,0.0
2026-07-24 12:00:00,EP072026,36,2026-07-25 18:00:00,1 days 06:00:00,30,11.55,-105.36,989.2,63.3,59.72551074547235,191.2688203535779,154.75087761806822,111.05373466636316,152.22198412156396,94.47003132585785,82.38140650294523,61.52462737253763,77.22000239821969,0.0,0.0,0.0,0.0
2026-07-24 12:00:00,EP072026,36,2026-07-26 00:00:00,1 days 12:00:00,36,12.18,-106.69,991.6,70.3,41.47937554773093,167.24670486497396,116.62825456114828,70.5886770807313,141.76722729402923,67.98801554242274,46.27539697328943,24.574902696602084,53.07609669234946,41.47937554773093,18.583047635430624,10.997383702600931,20.817893208076125
2026-07-24 12:00:00,EP072026,36,2026-07-26 06:00:00,1 days 18:00:00,42,12.31,-108.35,983.3,80.3,32.663863216113114,224.03542302084807,175.1420550577129,124.85005871516051,186.38399514818155,108.31758093751527,86.84469554032367,57.65873612831039,87.07383415006402,46.52598553744411,38.67954913093927,27.13070049218752,38.36416350880637
2026-07-24 12:00:00,EP072026,36,2026-07-26 12:00:00,2 days 00:00:00,48,12.71,-109.39,979.8,77.9,14.592228621919295,194.38264201610207,148.81170127937224,90.23833191307116,144.3575853852275,82.55516470343433,64.34713767662541,37.18821650630602,62.63995989643975,34.15711308736704,27.708214243694957,18.097799658669786,27.48287201824287
2026-07-24 12:00:00,EP072026,36,2026-07-26 18:00:00,2 days 06:00:00,54,13.15,-110.78,972.4,88.3,27.327194911127883,219.36201713156487,184.355005658218,121.98660620192972,175.47099353389962,87.54251071280459,66.63404575360781,44.93302477143949,70.77671862727152,40.5424264235733,32.642635543610915,22.863366320524666,33.60232601601429
2026-07-24 12:00:00,EP072026,36,2026-07-27 00:00:00,2 days 12:00:00,60,13.89,-111.82,968.4,91.5,29.33551408379071,211.45680811107397,178.96615869132336,103.93596963502388,167.05021738532136,101.80937870862893,81.21962289260519,53.77688392016316,82.60970444308356,48.30410839445738,40.61496015713671,31.08957303699229,41.60238192970135
2026-07-24 12:00:00,EP072026,36,2026-07-27 06:00:00,2 days 18:00:00,66,14.54,-112.56,969.1,86.5,45.27246741202126,208.2771594963613,152.2569538568764,99.45990176462632,164.44656000882134,98.59850858586168,80.68588520760895,54.135411473892624,79.66872820416333,45.27246741202126,37.70025599080874,27.60616827389745,38.183565872497496
2026-07-24 12:00:00,EP072026,36,2026-07-27 12:00:00,3 days 00:00:00,72,15.3,-113.36,965.2,100.4,13.444938424930648,256.8276657000283,214.8347153736058,136.40443824751134,210.9998173384909,129.08187597679228,106.38359353273712,75.11837989924595,104.75509563976682,62.21334100116901,53.77957330659605,41.26717280000624,53.404386411281365
2026-07-24 12:00:00,EP072026,36,2026-07-27 18:00:00,3 days 06:00:00,78,16.03,-114.17,963.3,102.1,13.66593600015682,222.79014069713213,195.36770508519555,122.44527083219984,191.87693525718345,109.97145636311475,87.59316551551959,59.35400541895737,89.42724596243443,52.08682371784264,43.74854233461068,33.98597791458463,45.22564139145683
2026-07-24 12:00:00,EP072026,36,2026-07-28 00:00:00,3 days 12:00:00,84,16.66,-114.89,964.7,99.8,43.01783379870759,245.24880595071656,208.14768995065927,122.87079724759477,177.17943228918284,118.9675123994566,101.35814147217296,67.13252068068469,94.64056473767806,58.595217368421,49.51034460064088,37.55072857862217,48.49882552080744
2026-07-24 12:00:00,EP072026,36,2026-07-28 06:00:00,3 days 18:00:00,90,17.01,-115.68,964.7,94.8,35.15454807305908,194.56228467085705,164.79222276203294,108.0982821888036,159.50883649184243,99.84245054414828,75.3641298291736,52.89352484659407,80.81155875262998,47.96577827937616,38.71035031855729,29.319425522758436,41.53584666835572
2026-07-24 12:00:00,EP072026,36,2026-07-28 12:00:00,4 days 00:00:00,96,17.68,-116.54,965.7,93.2,54.39930716458764,249.76985792245145,213.7431934791952,148.8604190356015,207.95400192174253,128.49862116801822,110.05590776539336,80.34129262494102,107.62067622574858,63.21804682165096,55.10213294869622,42.56807318643204,54.04803639694947
2026-07-24 12:00:00,EP072026,36,2026-07-28 18:00:00,4 days 06:00:00,102,18.0,-117.05,970.6,87.3,22.009571317401782,242.64539053122988,194.61661625293908,156.6783047554278,209.0862306113505,112.482449692517,95.40400397460922,72.89121603710082,94.58703070979271,54.95632063751509,47.975352720418215,36.83198558062527,46.75109060621403
2026-07-24 12:00:00,EP072026,36,2026-07-29 00:00:00,4 days 12:00:00,108,18.32,-117.77,966.9,88.8,24.95440891011377,232.62066557668703,195.60936663482016,145.47407056596518,201.27891872392783,117.86038564548473,93.55489989228484,69.51565028093395,97.308326643118,56.8404440644003,47.17788114183594,35.29383384493714,48.01771347988506
2026-07-24 12:00:00,EP072026,36,2026-07-29 06:00:00,4 days 18:00:00,114,18.83,-118.6,974.6,77.3,46.05014607246949,203.7105396467564,163.32808173550325,129.00932357745933,167.85027360762933,102.47335147797388,86.97830558461146,63.47944675688765,85.97280608901139,49.60285420805912,42.71469471100954,32.6012142845979,42.02098524271514
2026-07-24 12:00:00,EP072026,36,2026-07-29 12:00:00,5 days 00:00:00,120,19.08,-119.66,973.7,84.0,27.042041623400458,210.11451015740613,168.22576956806148,127.94218722468128,184.64592930517605,97.16911616330025,78.54717517685917,57.40959277793118,79.5256622504105,45.12597916153857,37.2421646271049,26.711423405281533,37.77272591681546
2026-07-24 12:00:00,EP072026,36,2026-07-29 18:00:00,5 days 06:00:00,126,19.23,-120.87,976.2,76.6,31.038319376980542,226.5857051676252,191.56843071120204,139.66375028969085,193.69590534396252,105.4977114331644,86.9594839296702,61.86232328782067,87.58601499762082,48.43872132452099,40.20007371324398,30.536768683853477,41.12681089122913
2026-07-24 12:00:00,EP072026,36,2026-07-30 00:00:00,5 days 12:00:00,132,19.53,-121.52,974.1,76.5,45.59248980774519,237.22547681731496,192.53965267498023,157.73305215978837,210.80019599471257,118.31613207251276,102.91062426522016,81.10270114940603,100.71717674243769,59.53750291457215,51.90741991319044,40.58954775556281,51.23966336682338
2026-07-24 12:00:00,EP072026,36,2026-07-30 06:00:00,5 days 18:00:00,138,19.96,-122.19,982.6,67.1,34.22245419449125,227.6631821736356,193.61443681686117,158.26533031182885,195.69591372781315,81.96250351756464,72.63669712124991,56.22596334094075,67.63433002465746,34.22245419449125,1.7966671495182205,0.2363995204782876,2.9996273967032527
2026-07-24 12:00:00,EP072026,36,2026-07-30 12:00:00,6 days 00:00:00,144,20.53,-122.99,985.4,63.4,76.06485059984311,279.65570533123355,255.1588841837984,206.1145809530126,241.3988288077062,76.06485059984311,32.885517100108245,25.635683922963096,29.689896674247223,0.0,0.0,0.0,0.0
2026-07-24 12:00:00,EP072026,36,2026-07-30 18:00:00,6 days 06:00:00,150,21.14,-123.87,991.3,52.3,56.9555461285504,188.2140330625982,169.4697910844205,124.63487254901688,154.5437814794057,79.27784441522638,73.5932001558158,58.90132167902839,64.70347893176569,0.0,0.0,0.0,0.0
2026-07-24 12:00:00,EP072026,36,2026-07-31 00:00:00,6 days 12:00:00,156,21.66,-124.63,992.0,52.0,71.5240066635214,195.7875149745041,173.4394564661516,131.5116498164317,166.74772054277005,71.5240066635214,19.246086213770987,15.581922644677146,18.45895886905114,0.0,0.0,0.0,0.0
2026-07-24 12:00:00,EP072026,36,2026-07-31 06:00:00,6 days 18:00:00,162,22.11,-125.55,997.0,44.2,51.807928191538736,235.85195746128247,201.79236033080176,155.67986045860496,199.93028114618863,0.0,0.0,0.0,0.0,0.0,0.0,0.0,0.0
2026-07-24 12:00:00,EP072026,36,2026-07-31 12:00:00,7 days 00:00:00,168,22.61,-126.63,999.6,40.7,53.36613271791231,230.7896473341499,195.77842432354956,151.95613448618042,196.31106584699864,0.0,0.0,0.0,0.0,0.0,0.0,0.0,0.0
2026-07-24 12:00:00,EP072026,36,2026-07-31 18:00:00,7 days 06:00:00,174,23.14,-127.75,1002.7,36.6,118.90939354259672,118.90939354259672,4.331999228138816,0.0,14.867256449384326,0.0,0.0,0.0,0.0,0.0,0.0,0.0,0.0
2026-07-24 12:00:00,EP072026,36,2026-08-01 00:00:00,7 days 12:00:00,180,23.67,-129.05,1004.5,35.6,25.6905993846649,55.92041422722987,35.70795516895267,19.60460959076501,49.92093947064795,0.0,0.0,0.0,0.0,0.0,0.0,0.0,0.0
2026-07-24 12:00:00,EP072026,36,2026-08-01 06:00:00,7 days 18:00:00,186,24.33,-130.56,1006.0,33.7,178.21205264311837,0.0,0.0,0.0,0.0,0.0,0.0,0.0,0.0,0.0,0.0,0.0,0.0
2026-07-24 12:00:00,EP072026,36,2026-08-01 12:00:00,8 days 00:00:00,192,24.68,-132.43,1005.7,31.9,55.52078511018491,0.0,0.0,0.0,0.0,0.0,0.0,0.0,0.0,0.0,0.0,0.0,0.0
2026-07-24 12:00:00,EP072026,36,2026-08-01 18:00:00,8 days 06:00:00,198,25.22,-134.37,1003.2,32.9,81.54639958957347,0.0,0.0,0.0,0.0,0.0,0.0,0.0,0.0,0.0,0.0,0.0,0.0
2026-07-24 12:00:00,EP072026,36,2026-08-02 00:00:00,8 days 12:00:00,204,25.37,-135.37,1009.1,27.9,56.44967938073791,0.0,0.0,0.0,0.0,0.0,0.0,0.0,0.0,0.0,0.0,0.0,0.0
2026-07-24 12:00:00,WP112026,36,2026-07-24 12:00:00,0 days 00:00:00,0,19.7,120.4,991.0,60.0,37.0,139.0,93.0,84.0,139.0,,,,,0.0,0.0,0.0,0.0
2026-07-24 12:00:00,WP112026,36,2026-07-24 18:00:00,0 days 06:00:00,6,19.99,119.4,972.4,78.5,28.44153090761691,216.46715556965157,189.7067957290168,169.57475297334048,192.98511032482944,112.74895929980696,96.31150704631344,76.46580160184028,98.90593019883086,55.26805736383516,47.47783004441756,36.97541777962259,46.824459940680335
2026-07-24 12:00:00,WP112026,36,2026-07-25 00:00:00,0 days 12:00:00,12,20.57,118.13,969.7,78.1,20.071913551296134,181.05827839252967,152.22411588804573,127.78912489683862,158.77892236983473,84.49033775191053,71.91623605586715,54.328011570285085,73.48554042351941,40.74948089742692,34.60463408688746,26.29436883922257,34.6739342732344
2026-07-24 12:00:00,WP112026,36,2026-07-25 06:00:00,0 days 18:00:00,18,21.26,117.12,950.7,100.8,12.92359988140186,139.16172124798436,122.98309555575707,109.45878465375628,122.77737953101976,64.50330699644483,54.660967286599785,43.80136968600499,56.17249597366079,34.20772787099814,30.10148654252465,23.633016841005016,29.77367075299017
2026-07-24 12:00:00,WP112026,36,2026-07-25 12:00:00,1 days 00:00:00,24,21.89,116.17,949.1,108.5,12.361642396827222,208.68857167634877,174.52499443742778,149.70046704226473,183.125168234015,99.727027211967,86.0148144113845,71.06728288825491,88.8342165532142,53.94678986267335,47.46651904181957,38.427541202309946,47.03626041505351
2026-07-24 12:00:00,WP112026,36,2026-07-25 18:00:00,1 days 06:00:00,30,22.6,115.68,944.1,103.9,11.643211064223822,197.13149099463843,167.4033089527249,118.42937978927311,156.91341873172345,72.69830202047578,57.39925383556722,36.12671910482968,59.51204385397909,33.276048018133714,27.36691182322342,19.041635765455133,27.472043727873377
2026-07-24 12:00:00,WP112026,36,2026-07-26 00:00:00,1 days 12:00:00,36,23.66,115.03,956.4,87.4,0.0,169.824474834652,146.20624387888023,96.89465483866798,142.90118390502175,72.13050576472904,62.01340722797679,46.31982930648773,60.76694107912067,33.1074901444706,30.47584390956142,23.893201523759032,28.072260790780973
2026-07-24 12:00:00,WP112026,36,2026-07-26 06:00:00,1 days 18:00:00,42,24.25,114.57,977.4,60.2,23.71941278311318,118.41946938103608,110.8392703040827,55.77526684580501,82.40699619748895,39.131486246159554,32.43052946086313,16.40303676740697,27.36461508199629,0.0,0.0,0.0,0.0
2026-07-24 12:00:00,WP112026,36,2026-07-26 12:00:00,2 days 00:00:00,48,25.09,114.34,990.8,43.8,35.55351272326787,40.02999534473559,16.906809768128213,10.10191489752403,20.30793193170901,0.0,0.0,0.0,0.0,0.0,0.0,0.0,0.0
2026-07-24 12:00:00,WP112026,36,2026-07-26 18:00:00,2 days 06:00:00,54,26.45,114.13,999.0,32.6,61.37801428713108,0.0,0.0,0.0,0.0,0.0,0.0,0.0,0.0,0.0,0.0,0.0,0.0
2026-07-24 12:00:00,WP112026,36,2026-07-27 00:00:00,2 days 12:00:00,60,27.87,113.59,996.8,23.3,72.79460122033126,0.0,0.0,0.0,0.0,0.0,0.0,0.0,0.0,0.0,0.0,0.0,0.0
2026-07-24 12:00:00,WP112026,36,2026-07-27 06:00:00,2 days 18:00:00,66,27.96,113.07,1003.7,18.3,126.69319442736035,0.0,0.0,0.0,0.0,0.0,0.0,0.0,0.0,0.0,0.0,0.0,0.0
2026-07-24 12:00:00,WP112026,36,2026-07-27 12:00:00,3 days 00:00:00,72,28.86,112.84,999.2,19.5,47.509899960679405,0.0,0.0,0.0,0.0,0.0,0.0,0.0,0.0,0.0,0.0,0.0,0.0
2026-07-24 12:00:00,WP112026,36,2026-07-27 18:00:00,3 days 06:00:00,78,29.82,112.65,1000.4,17.1,30.21092308933022,0.0,0.0,0.0,0.0,0.0,0.0,0.0,0.0,0.0,0.0,0.0,0.0
2026-07-24 12:00:00,WP112026,36,2026-07-28 00:00:00,3 days 12:00:00,84,30.55,112.44,1001.5,22.4,81.9300274450909,0.0,0.0,0.0,0.0,0.0,0.0,0.0,0.0,0.0,0.0,0.0,0.0
2026-07-24 12:00:00,EP062026,37,2026-07-24 12:00:00,0 days 00:00:00,0,18.5,-130.6,970.0,89.0,37.0,297.0,185.0,111.0,297.0,148.0,74.0,56.0,111.0,74.0,37.0,28.0,56.0
2026-07-24 12:00:00,EP062026,37,2026-07-24 18:00:00,0 days 06:00:00,6,18.49,-131.65,978.4,71.8,27.14247371948281,238.33895164226044,193.74995483553263,148.0016614081244,209.6217768793947,68.62099427866605,46.44972649984237,27.55549716933504,54.26160125847019,27.14247371948281,8.545745203705273,4.452966888420349,10.34654954353892
2026-07-24 12:00:00,EP062026,37,2026-07-25 00:00:00,0 days 12:00:00,12,18.67,-132.86,978.2,72.4,8.869451580350756,275.0256762953202,234.50030019286487,192.12160418502933,250.33404203075796,120.8283191723316,98.11003237033476,72.14394114256652,98.49174451419714,39.21444689696605,32.96158996848408,24.611541593500306,32.99956913122537
2026-07-24 12:00:00,EP062026,37,2026-07-25 06:00:00,0 days 18:00:00,18,18.84,-134.33,988.1,66.8,51.60854221836977,242.2176220704176,204.39265449149423,158.66631310919016,204.3845353876497,55.618168006689466,40.03721132184637,23.269379452467746,41.764279562031504,51.60854221836977,2.249847593446616,0.0542449772297413,3.9612959021173006
2026-07-24 12:00:00,EP062026,37,2026-07-25 12:00:00,1 days 00:00:00,24,19.33,-135.42,976.6,79.2,38.14244282065985,211.04596180801872,151.39280335409563,96.28554037390728,174.30726992943318,86.5502155560985,62.95558771674726,42.47535067742901,70.2803106196574,38.14244282065985,31.18076489360161,23.05900769107013,32.56871779820045
2026-07-24 12:00:00,EP062026,37,2026-07-25 18:00:00,1 days 06:00:00,30,19.18,-136.5,981.6,72.6,47.65471496774677,258.3699905741738,198.38074201190216,145.95325283863804,214.94313973145225,107.30224478920049,81.88440176476615,57.59865576329503,87.04556549475018,47.65471496774677,31.028679856367177,22.42943364548232,31.92469191577516
2026-07-24 12:00:00,EP062026,37,2026-07-26 00:00:00,1 days 12:00:00,36,19.37,-137.31,985.2,69.0,38.376918877631226,223.94482018367975,168.18745156664198,130.0975263197108,194.54579925980036,116.289763264923,91.76998331591298,69.87251677054232,97.48385995557445,47.72253854988513,40.30582616553762,31.633326201134608,41.31395579436142
2026-07-24 12:00:00,EP062026,37,2026-07-26 06:00:00,1 days 18:00:00,42,19.63,-138.26,991.6,56.9,74.06601311863206,245.4853031267886,197.85679611248145,147.2892399202301,203.43091715498184,74.06601311863206,31.71644547101277,20.1276775842914,34.521196421386264,0.0,0.0,0.0,0.0
2026-07-24 12:00:00,EP062026,37,2026-07-26 12:00:00,2 days 00:00:00,48,19.89,-139.78,991.9,58.5,64.31448593528958,213.71718317313105,166.51336566842352,122.13248109137402,176.12607295870174,64.31448593528958,24.575813424768494,13.945271830166138,25.409173768039462,0.0,0.0,0.0,0.0
2026-07-24 12:00:00,EP062026,37,2026-07-26 18:00:00,2 days 06:00:00,54,20.06,-140.69,991.5,60.1,30.932746326939903,238.17367548108643,186.71981746826023,149.74019063189306,207.89119801219857,77.26521359552643,56.674702872216784,37.51079368964512,61.05705146545651,0.0,0.0,0.0,0.0
2026-07-24 12:00:00,EP062026,37,2026-07-27 00:00:00,2 days 12:00:00,60,20.22,-142.23,993.1,53.8,29.72299075771762,167.70719961471605,134.0186272406185,105.12105491358864,131.50391703203917,34.27073313516843,25.85745223268509,14.514774048677184,23.75107480083063,0.0,0.0,0.0,0.0
2026-07-24 12:00:00,EP062026,37,2026-07-27 06:00:00,2 days 18:00:00,66,19.91,-143.24,995.0,55.4,47.02840194909577,239.22232257654088,196.78250439913504,150.20813804567703,206.98187908439127,53.64571802394158,38.89421354131069,23.69902976298048,42.51849875228447,0.0,0.0,0.0,0.0
2026-07-24 12:00:00,EP062026,37,2026-07-27 12:00:00,3 days 00:00:00,72,20.18,-144.87,998.6,50.0,20.53410116045308,172.8980678132348,129.2174596009058,87.32042056604536,136.14678167241715,0.0,0.0,0.0,0.0,0.0,0.0,0.0,0.0
2026-07-24 12:00:00,EP062026,37,2026-07-27 18:00:00,3 days 06:00:00,78,20.35,-146.19,1004.9,40.3,50.828776408951256,233.81895614111608,191.9011274766426,150.5342937451913,197.2925144762605,0.0,0.0,0.0,0.0,0.0,0.0,0.0,0.0
2026-07-24 12:00:00,EP062026,37,2026-07-28 00:00:00,3 days 12:00:00,84,20.63,-147.92,1005.1,39.6,59.23081538243824,198.05629722076424,161.1986679948129,132.4633241881095,164.6065223458199,0.0,0.0,0.0,0.0,0.0,0.0,0.0,0.0
2026-07-24 12:00:00,EP062026,37,2026-07-28 06:00:00,3 days 18:00:00,90,20.82,-149.59,1005.0,32.0,115.8424299204948,0.0,0.0,0.0,0.0,0.0,0.0,0.0,0.0,0.0,0.0,0.0,0.0
2026-07-24 12:00:00,EP062026,37,2026-07-28 12:00:00,4 days 00:00:00,96,21.15,-150.88,1008.0,30.2,138.9042367456616,0.0,0.0,0.0,0.0,0.0,0.0,0.0,0.0,0.0,0.0,0.0,0.0
2026-07-24 12:00:00,EP062026,37,2026-07-28 18:00:00,4 days 06:00:00,102,21.59,-152.4,1008.9,25.5,94.71916546441028,0.0,0.0,0.0,0.0,0.0,0.0,0.0,0.0,0.0,0.0,0.0,0.0
2026-07-24 12:00:00,EP062026,37,2026-07-29 00:00:00,4 days 12:00:00,108,21.69,-153.6,1007.9,23.7,100.22274761342106,0.0,0.0,0.0,0.0,0.0,0.0,0.0,0.0,0.0,0.0,0.0,0.0
2026-07-24 12:00:00,EP072026,37,2026-07-24 12:00:00,0 days 00:00:00,0,8.9,-99.9,1005.0,29.0,93.0,0.0,0.0,0.0,0.0,0.0,0.0,0.0,0.0,0.0,0.0,0.0,0.0
2026-07-24 12:00:00,EP072026,37,2026-07-24 18:00:00,0 days 06:00:00,6,9.12,-100.84,1004.6,38.3,83.60610851441155,83.60610851441155,9.817831320709695,7.395129205296039,18.14872569299882,0.0,0.0,0.0,0.0,0.0,0.0,0.0,0.0
2026-07-24 12:00:00,EP072026,37,2026-07-25 00:00:00,0 days 12:00:00,12,9.49,-101.94,1001.7,41.7,78.29258591605037,0.4652436988157689,0.455974527180409,1.455410000561173,78.29258591605037,0.0,0.0,0.0,0.0,0.0,0.0,0.0,0.0
2026-07-24 12:00:00,EP072026,37,2026-07-25 06:00:00,0 days 18:00:00,18,9.96,-102.83,1007.1,32.0,117.8428563249812,0.0,0.0,0.0,0.0,0.0,0.0,0.0,0.0,0.0,0.0,0.0,0.0
2026-07-24 12:00:00,EP072026,37,2026-07-25 12:00:00,1 days 00:00:00,24,10.84,-103.91,1004.9,42.2,68.23670151914484,68.23670151914484,27.599754188916563,4.313659844628432,31.93262823040172,0.0,0.0,0.0,0.0,0.0,0.0,0.0,0.0
2026-07-24 12:00:00,EP072026,37,2026-07-25 18:00:00,1 days 06:00:00,30,11.53,-105.07,1000.2,47.9,67.52155958202704,279.4932219836997,248.03268526935196,188.39808299719735,234.13571055663877,0.0,0.0,0.0,0.0,0.0,0.0,0.0,0.0
2026-07-24 12:00:00,EP072026,37,2026-07-26 00:00:00,1 days 12:00:00,36,12.22,-106.77,999.3,50.4,16.164242763498955,129.6464510974568,105.86472154438974,67.95822621997061,93.46220593534566,16.164242763498955,5.768822014408091,0.0,2.898623940052037,0.0,0.0,0.0,0.0
2026-07-24 12:00:00,EP072026,37,2026-07-26 06:00:00,1 days 18:00:00,42,12.93,-107.85,992.8,59.4,55.68625920199909,214.5877407787229,169.19953325431945,114.62868913587675,164.61558741620053,55.68625920199909,21.163595826349315,7.85052218873891,22.83213064482468,0.0,0.0,0.0,0.0
2026-07-24 12:00:00,EP072026,37,2026-07-26 12:00:00,2 days 00:00:00,48,13.32,-109.34,989.9,68.7,54.49913212506408,194.58433393920177,173.74603213490684,116.8616641250236,148.0494826404921,54.49913212506408,27.5538874655886,12.667831482387,24.540451563644595,54.49913212506408,0.0,0.0,0.0
2026-07-24 12:00:00,EP072026,37,2026-07-26 18:00:00,2 days 06:00:00,54,13.82,-110.77,984.1,71.6,39.01655352203801,290.1919309840219,244.2514902918914,172.83057078801156,236.36446516163215,105.20539808760778,81.03738236526755,50.634437727151806,78.79081289839336,39.01655352203801,16.20222815434081,10.124052164310823,17.88891799529921
2026-07-24 12:00:00,EP072026,37,2026-07-27 00:00:00,2 days 12:00:00,60,14.16,-111.64,977.5,71.6,45.817255040250046,245.65223532282616,196.09796233107983,143.80692247890545,203.12019480184688,103.65309172699574,81.22975962724442,57.71993070262438,82.6764540715032,45.817255040250046,32.90736818107195,24.32261195892768,33.02759271319096
2026-07-24 12:00:00,EP072026,37,2026-07-27 06:00:00,2 days 18:00:00,66,14.93,-112.15,977.7,75.5,22.667825682801244,257.9883895393498,210.94661842673776,152.30395806163853,207.9615462912516,89.13265145040825,70.60863338818399,45.66155869616051,69.4307918312539,22.667825682801244,16.61338813355834,11.701546935618744,17.683915831599784
2026-07-24 12:00:00,EP072026,37,2026-07-27 12:00:00,3 days 00:00:00,72,15.38,-112.91,969.8,89.0,29.91832896822234,263.0963458283368,210.0112185748876,122.5248067793218,205.49337140849093,120.7319064780604,94.59664973839244,63.646854471262486,94.84514638398832,56.02828632158344,47.65375547700387,35.27947414113805,47.02039538871031
2026-07-24 12:00:00,EP072026,37,2026-07-27 18:00:00,3 days 06:00:00,78,16.14,-113.76,973.0,89.5,33.674394891884646,282.5666246026347,222.55303840128065,126.32613144307832,218.04065596121703,108.0412598290698,83.94786515447916,52.837001034917,83.17171000956765,45.4880389691787,37.36600989859224,26.2407944513354,37.41503622236505
2026-07-24 12:00:00,EP072026,37,2026-07-28 00:00:00,3 days 12:00:00,84,16.85,-114.59,950.7,113.1,12.239850381688562,225.3745140929255,205.2904572446187,121.43621302257652,174.3374708238294,59.95295914041103,41.96689500482554,21.278534183084474,43.25524368100047,27.001437800256525,19.67928837382492,13.52600840085433,22.07034870145518
2026-07-24 12:00:00,EP072026,37,2026-07-28 06:00:00,3 days 18:00:00,90,17.38,-115.26,961.7,97.7,35.490534967404486,267.849418913838,231.68686849555652,152.54923304746725,222.70837337356627,113.93668938706034,87.59444982126969,59.61760910424649,90.81339197954,48.04394624451575,39.81387963419375,29.179850345169527,39.98397076663104
2026-07-24 12:00:00,EP072026,37,2026-07-28 12:00:00,4 days 00:00:00,96,17.7,-116.11,970.1,93.4,61.69470700688424,220.18834480974036,190.5752663521829,117.91612268746616,179.79850696372148,61.69470700688424,41.93950888576728,20.33005566911397,39.0832978560306,61.69470700688424,10.09598668003683,5.230494770029402,11.180085179051948
2026-07-24 12:00:00,EP072026,37,2026-07-28 18:00:00,4 days 06:00:00,102,18.34,-117.12,966.1,90.3,46.99320829042124,267.7644853464426,215.79922007307408,140.2543452714597,221.47104062318624,107.34392753340484,83.48599338997096,57.46822518545866,89.74639745362288,51.213284207992544,43.310301891905965,32.59159884149897,43.38721331707799
2026-07-24 12:00:00,EP072026,37,2026-07-29 00:00:00,4 days 12:00:00,108,18.48,-117.64,965.2,91.6,39.10531020432718,240.42928514290176,202.3487854735496,132.94656008923317,198.14546727433395,115.2969332298978,92.3245575590768,66.42099760804209,96.1311296825944,60.13219584383686,49.99330716822831,38.6213097112181,50.55081436275184
2026-07-24 12:00:00,EP072026,37,2026-07-29 06:00:00,4 days 18:00:00,114,18.87,-118.75,969.2,89.4,31.93601816384266,311.9207149532583,271.44775654216653,196.5484296315205,253.66709663235665,116.22078452929236,94.73388748852362,65.51196767919276,91.77673047728766,34.72593139125111,28.41036041449201,19.728897570039123,28.144134909772767
2026-07-24 12:00:00,EP072026,37,2026-07-29 12:00:00,5 days 00:00:00,120,19.24,-119.55,980.6,75.8,44.9681525493765,220.0300819026052,165.3191326473927,107.98929207793157,179.04428524643788,124.69017119855118,105.81116216529884,78.67291935330815,104.298882222848,66.50209233396203,57.50890308342704,45.23582828136995,54.80076809334071
2026-07-24 12:00:00,EP072026,37,2026-07-29 18:00:00,5 days 06:00:00,126,19.86,-120.47,984.2,65.1,52.47273455812388,294.72351540722275,253.38496969783463,183.34034848197672,236.0363594911969,77.48737466514635,59.71334563453534,35.7486017920218,58.88384336985064,52.47273455812388,5.969909670271903,3.043463097542709,6.78045248602176
2026-07-24 12:00:00,EP072026,37,2026-07-30 00:00:00,5 days 12:00:00,132,20.59,-121.64,983.3,66.1,47.82495416419063,262.13571261270226,209.06187708098503,162.44058169502074,212.53160351651348,134.307327063809,112.40983894293822,86.03007902424795,110.67773103055852,55.136136195256974,48.203929799181765,37.936641288262905,46.04691594529346
2026-07-24 12:00:00,EP072026,37,2026-07-30 06:00:00,5 days 18:00:00,138,20.83,-122.66,987.7,62.5,60.68667918945672,277.7704976781834,236.15322207885296,192.4268620571611,235.2808509397229,115.86458702363116,93.92253684136236,70.75606388486614,95.18047946052162,0.0,0.0,0.0,0.0
2026-07-24 12:00:00,EP072026,37,2026-07-30 12:00:00,6 days 00:00:00,144,21.22,-124.0,993.9,50.4,84.88576756159819,264.6553115644865,231.9137911498208,178.06443037284726,216.69462998638485,84.88576756159819,39.02236296125341,25.574539124606247,39.6290016236128,0.0,0.0,0.0,0.0
2026-07-24 12:00:00,EP072026,37,2026-07-30 18:00:00,6 days 06:00:00,150,21.72,-125.07,997.6,49.7,61.53406457019628,231.20829580255477,197.04944007320148,151.06802163357838,188.3894117139222,0.0,0.0,0.0,0.0,0.0,0.0,0.0,0.0
2026-07-24 12:00:00,EP072026,37,2026-07-31 00:00:00,6 days 12:00:00,156,22.22,-125.98,999.4,40.3,28.491806158565907,125.9507742372515,96.745269315766,70.6807820388949,102.62787471768468,0.0,0.0,0.0,0.0,0.0,0.0,0.0,0.0
2026-07-24 12:00:00,EP072026,37,2026-07-31 06:00:00,6 days 18:00:00,162,22.89,-127.26,1002.6,38.5,69.20504772877365,69.20504772877365,1.384663086893852,0.0,7.969545449838407,0.0,0.0,0.0,0.0,0.0,0.0,0.0,0.0
2026-07-24 12:00:00,EP072026,37,2026-07-31 12:00:00,7 days 00:00:00,168,23.46,-128.69,1002.1,38.5,126.67018714525013,126.67018714525013,74.66939880122422,50.76290928868511,62.48966531130284,0.0,0.0,0.0,0.0,0.0,0.0,0.0,0.0
2026-07-24 12:00:00,EP072026,37,2026-07-31 18:00:00,7 days 06:00:00,174,24.04,-129.82,1003.7,37.8,127.5603081651954,127.5603081651954,16.6184835696343,2.497481891857188,25.031815064357293,0.0,0.0,0.0,0.0,0.0,0.0,0.0,0.0
2026-07-24 12:00:00,EP072026,37,2026-08-01 00:00:00,7 days 12:00:00,180,24.69,-131.17,1002.9,29.7,128.68999550313472,0.0,0.0,0.0,0.0,0.0,0.0,0.0,0.0,0.0,0.0,0.0,0.0
2026-07-24 12:00:00,EP072026,37,2026-08-01 06:00:00,7 days 18:00:00,186,25.36,-132.46,1005.9,28.1,117.6014316425745,0.0,0.0,0.0,0.0,0.0,0.0,0.0,0.0,0.0,0.0,0.0,0.0
2026-07-24 12:00:00,EP072026,37,2026-08-01 12:00:00,8 days 00:00:00,192,26.03,-134.33,1007.0,24.9,156.97901561805952,0.0,0.0,0.0,0.0,0.0,0.0,0.0,0.0,0.0,0.0,0.0,0.0
2026-07-24 12:00:00,EP072026,37,2026-08-01 18:00:00,8 days 06:00:00,198,26.54,-135.16,1008.6,23.7,118.55002578886776,0.0,0.0,0.0,0.0,0.0,0.0,0.0,0.0,0.0,0.0,0.0,0.0
2026-07-24 12:00:00,EP072026,37,2026-08-02 00:00:00,8 days 12:00:00,204,27.15,-136.67,1009.8,27.6,129.0840642324024,0.0,0.0,0.0,0.0,0.0,0.0,0.0,0.0,0.0,0.0,0.0,0.0
2026-07-24 12:00:00,EP072026,37,2026-08-02 06:00:00,8 days 18:00:00,210,27.35,-138.02,1010.4,26.1,151.65724398701272,0.0,0.0,0.0,0.0,0.0,0.0,0.0,0.0,0.0,0.0,0.0,0.0
2026-07-24 12:00:00,EP072026,37,2026-08-02 12:00:00,9 days 00:00:00,216,27.9,-139.45,1011.2,23.8,79.72501716943661,0.0,0.0,0.0,0.0,0.0,0.0,0.0,0.0,0.0,0.0,0.0,0.0
2026-07-24 12:00:00,WP112026,37,2026-07-24 12:00:00,0 days 00:00:00,0,19.7,120.4,991.0,60.0,37.0,139.0,93.0,84.0,139.0,,,,,0.0,0.0,0.0,0.0
2026-07-24 12:00:00,WP112026,37,2026-07-24 18:00:00,0 days 06:00:00,6,20.05,119.0,975.1,74.8,22.64464656557334,150.6078232910961,125.84599906802768,95.33388800894576,136.85623880605502,64.00198413782364,47.759887060688605,35.37176869037723,51.35729379835486,22.64464656557334,18.186329055625905,13.866225732306798,19.00639818037009
2026-07-24 12:00:00,WP112026,37,2026-07-25 00:00:00,0 days 12:00:00,12,20.63,118.16,951.7,100.5,3.3600205617872554,213.93134802074584,183.801102619896,156.91534091386097,184.85898169532936,113.52092316441416,92.6864304183618,74.55324768345575,97.05022268499368,50.97288835633066,43.57289162511548,34.91912647326313,43.62138467331879
2026-07-24 12:00:00,WP112026,37,2026-07-25 06:00:00,0 days 18:00:00,18,21.14,117.0,957.8,97.9,21.66122370051352,229.8265958371472,211.16524118047928,162.15553035829083,185.55940591166404,49.14122135602032,37.85609162213181,21.663453418306617,33.921222563187634,21.66122370051352,7.957495392845844,4.121329717614651,8.948160312351774
2026-07-24 12:00:00,WP112026,37,2026-07-25 12:00:00,1 days 00:00:00,24,21.64,116.17,946.7,106.0,26.673681361787708,228.1476665406592,191.58477760485715,139.2759496370053,207.92642258580807,95.79152150772268,74.23683612560363,54.56675161925152,81.15693465273668,59.2195417159812,48.529422027607005,37.896535174429616,49.98052874063947
2026-07-24 12:00:00,WP112026,37,2026-07-25 18:00:00,1 days 06:00:00,30,22.58,115.2,941.9,112.5,8.670055452735479,112.37033454387914,107.45642569178855,75.8136755682797,88.50270055582307,8.670055452735479,0.0,0.0,8.670055452735479,0.0,0.0,0.0,8.670055452735479
2026-07-24 12:00:00,WP112026,37,2026-07-26 00:00:00,1 days 12:00:00,36,23.17,114.7,960.2,87.2,23.87474308335993,205.9262180831578,188.34518793892445,153.70602083600662,178.3850761265823,92.0148227039056,72.38931802571187,55.511045888394975,74.69413713754332,37.39357575190257,30.61270572155242,24.28745329936011,32.345642850708536
2026-07-24 12:00:00,WP112026,37,2026-07-26 06:00:00,1 days 18:00:00,42,23.57,114.41,987.1,55.3,36.200421465403245,238.8084120304042,212.1976028781605,163.13245552144525,192.9478963335064,66.58330320169932,56.20000340394071,36.94111606998839,48.23620710651005,0.0,0.0,0.0,0.0
2026-07-24 12:00:00,WP112026,37,2026-07-26 12:00:00,2 days 00:00:00,48,23.87,114.14,992.7,37.3,67.11751718048315,67.11751718048315,58.564040699492246,38.469242858847785,51.53964475190904,0.0,0.0,0.0,0.0,0.0,0.0,0.0,0.0
2026-07-24 12:00:00,WP112026,37,2026-07-26 18:00:00,2 days 06:00:00,54,23.38,113.83,999.3,28.5,100.09856704565756,0.0,0.0,0.0,0.0,0.0,0.0,0.0,0.0,0.0,0.0,0.0,0.0
2026-07-24 12:00:00,WP112026,37,2026-07-27 00:00:00,2 days 12:00:00,60,25.33,113.31,1003.1,22.1,31.211637932350754,0.0,0.0,0.0,0.0,0.0,0.0,0.0,0.0,0.0,0.0,0.0,0.0
2026-07-24 12:00:00,WP112026,37,2026-07-27 06:00:00,2 days 18:00:00,66,26.32,112.69,1002.7,14.4,83.23732958109562,0.0,0.0,0.0,0.0,0.0,0.0,0.0,0.0,0.0,0.0,0.0,0.0
2026-07-24 12:00:00,WP112026,37,2026-07-27 12:00:00,3 days 00:00:00,72,26.96,113.01,998.5,22.3,64.80250123275165,0.0,0.0,0.0,0.0,0.0,0.0,0.0,0.0,0.0,0.0,0.0,0.0
2026-07-24 12:00:00,WP112026,37,2026-07-27 18:00:00,3 days 06:00:00,78,27.52,112.92,1006.0,10.4,64.0550905712258,0.0,0.0,0.0,0.0,0.0,0.0,0.0,0.0,0.0,0.0,0.0,0.0
2026-07-24 12:00:00,WP112026,37,2026-07-28 00:00:00,3 days 12:00:00,84,28.75,113.08,1006.4,20.9,34.43345212234396,0.0,0.0,0.0,0.0,0.0,0.0,0.0,0.0,0.0,0.0,0.0,0.0
2026-07-24 12:00:00,EP062026,38,2026-07-24 12:00:00,0 days 00:00:00,0,18.5,-130.6,970.0,89.0,37.0,297.0,185.0,111.0,297.0,148.0,74.0,56.0,111.0,74.0,37.0,28.0,56.0
2026-07-24 12:00:00,EP062026,38,2026-07-24 18:00:00,0 days 06:00:00,6,18.77,-131.8,967.1,88.1,36.03202289945747,272.9432628093567,219.6197447735088,197.10027717645903,252.8764560272305,130.06252870847717,114.3263268216621,95.33388197848336,117.3217470780819,57.88558793822918,51.53324532132298,45.10043096564165,50.02345483105304
2026-07-24 12:00:00,EP062026,38,2026-07-25 00:00:00,0 days 12:00:00,12,19.01,-133.1,981.8,70.4,39.88319996024093,275.5936182984424,216.2395760459398,164.0776403584237,227.4162192636283,124.95202177397536,104.4223388848618,77.81443261706332,101.48065822533252,39.88319996024093,31.50327748163237,24.461557404709364,30.55338025369019
2026-07-24 12:00:00,EP062026,38,2026-07-25 06:00:00,0 days 18:00:00,18,19.09,-134.18,978.9,75.9,32.72709276852502,240.6736347568065,183.60400600587653,145.79938017704598,205.71276104826157,94.07002430212398,72.43363370277082,49.53294966644803,76.80933690967547,32.72709276852502,7.328024113134398,3.0351433647461907,9.937169320289977
2026-07-24 12:00:00,EP062026,38,2026-07-25 12:00:00,1 days 00:00:00,24,19.4,-135.37,966.7,93.8,0.0,289.30458961867834,282.27024508221456,221.9135241039141,240.20650598058728,44.82813238117636,40.39887554722839,30.710508482523444,38.50855991775133,0.7270947396987681,0.3314715857698234,0.1533752613279317,1.0240429044323736
2026-07-24 12:00:00,EP062026,38,2026-07-25 18:00:00,1 days 06:00:00,30,19.86,-136.29,992.0,51.8,71.0710439201315,357.8169493888678,294.56039098204536,208.1748474003196,306.7806440253951,161.08197153382133,136.93981192123675,97.8875984755712,131.54114459782963,0.0,0.0,0.0,0.0
2026-07-24 12:00:00,EP062026,38,2026-07-26 00:00:00,1 days 12:00:00,36,19.88,-137.67,991.7,58.7,60.56567646437689,264.09061510018194,197.6567771548671,142.92802226877265,221.51404805056524,108.39636275223074,85.31695300561785,59.29407078206755,87.66433810196023,0.0,0.0,0.0,0.0
2026-07-24 12:00:00,EP062026,38,2026-07-26 06:00:00,1 days 18:00:00,42,20.24,-138.88,992.8,53.4,77.31659984684859,164.37476242240535,125.84327391559356,103.15698573921438,151.35257158172735,77.31659984684859,39.84554491843837,29.417279316809115,40.99354910253223,0.0,0.0,0.0,0.0
2026-07-24 12:00:00,EP062026,38,2026-07-26 12:00:00,2 days 00:00:00,48,19.94,-139.7,991.8,56.5,35.51008044739475,206.36126402465783,171.5492208936101,119.5833197579352,185.01558742469095,35.51008044739475,8.55002776301231,2.3301217905177447,12.594517893722903,0.0,0.0,0.0,0.0
2026-07-24 12:00:00,EP062026,38,2026-07-26 18:00:00,2 days 06:00:00,54,20.07,-140.94,995.3,49.7,49.87573663638862,287.3212094725028,228.38018459504008,169.76953660417544,253.1642897487755,0.0,0.0,0.0,0.0,0.0,0.0,0.0,0.0
2026-07-24 12:00:00,EP062026,38,2026-07-27 00:00:00,2 days 12:00:00,60,19.98,-142.09,967.8,95.2,12.378095454969396,184.37974785131453,172.68284002129184,140.6374858990093,174.31376863681194,29.738990156269534,22.829504442202506,15.589459854524574,24.113234828223327,0.2345347826684021,0.0,0.0,12.378095454969396
2026-07-24 12:00:00,EP062026,38,2026-07-27 06:00:00,2 days 18:00:00,66,20.2,-143.46,997.7,53.0,86.42875545673743,104.00944021915504,71.45955453561062,43.22358084196072,88.539475530228,86.42875545673743,3.760705685564645,1.118433925747975,5.745794984091467,0.0,0.0,0.0,0.0
2026-07-24 12:00:00,EP062026,38,2026-07-27 12:00:00,3 days 00:00:00,72,20.26,-145.19,989.7,48.4,122.83852383272324,122.83852383272324,10.212767785899883,0.0,19.11800066561329,0.0,0.0,0.0,0.0,0.0,0.0,0.0,0.0
2026-07-24 12:00:00,EP062026,38,2026-07-27 18:00:00,3 days 06:00:00,78,20.25,-147.16,974.1,53.8,120.01340020013473,3.221475657498871,29.46684008176482,120.01340020013473,120.01340020013473,3.221475657498871,2.608749968752365,10.413118549089065,120.01340020013473,0.0,0.0,0.0,0.0
2026-07-24 12:00:00,EP062026,38,2026-07-28 00:00:00,3 days 12:00:00,84,21.22,-148.22,984.6,44.4,99.5412487669546,3.3736747660876176,12.160436497399104,99.5412487669546,11.521628223744742,0.0,0.0,0.0,0.0,0.0,0.0,0.0,0.0
2026-07-24 12:00:00,EP062026,38,2026-07-28 06:00:00,3 days 18:00:00,90,21.51,-150.07,1001.5,30.4,155.63128859261397,0.0,0.0,0.0,0.0,0.0,0.0,0.0,0.0,0.0,0.0,0.0,0.0
2026-07-24 12:00:00,EP062026,38,2026-07-28 12:00:00,4 days 00:00:00,96,21.02,-151.22,1004.7,27.7,118.0557253929064,0.0,0.0,0.0,0.0,0.0,0.0,0.0,0.0,0.0,0.0,0.0,0.0
2026-07-24 12:00:00,EP072026,38,2026-07-24 12:00:00,0 days 00:00:00,0,8.9,-99.9,1005.0,29.0,93.0,0.0,0.0,0.0,0.0,0.0,0.0,0.0,0.0,0.0,0.0,0.0,0.0
2026-07-24 12:00:00,EP072026,38,2026-07-24 18:00:00,0 days 06:00:00,6,9.11,-100.79,1005.2,38.8,43.29630729799296,51.21973763902502,29.371463938107556,23.923512818978267,45.649580622820736,0.0,0.0,0.0,0.0,0.0,0.0,0.0,0.0
2026-07-24 12:00:00,EP072026,38,2026-07-25 00:00:00,0 days 12:00:00,12,9.28,-101.57,996.7,54.1,75.73668713092901,75.73668713092901,44.57797312568417,33.88406516960549,36.50365535245719,75.73668713092901,0.0529528550004592,0.153744821544457,0.0,0.0,0.0,0.0,0.0
2026-07-24 12:00:00,EP072026,38,2026-07-25 06:00:00,0 days 18:00:00,18,10.45,-102.16,1000.1,46.5,60.10731118017829,129.93013426982125,110.45137894027422,76.26881357117144,105.47808553703246,0.0,0.0,0.0,0.0,0.0,0.0,0.0,0.0
2026-07-24 12:00:00,EP072026,38,2026-07-25 12:00:00,1 days 00:00:00,24,10.81,-103.29,991.6,70.4,81.28575339286931,111.9194351645285,99.85204842423292,69.28132669229018,89.66542683521587,0.0,0.0,0.0,81.28575339286931,0.0,0.0,0.0,81.28575339286931
2026-07-24 12:00:00,EP072026,38,2026-07-25 18:00:00,1 days 06:00:00,30,11.41,-104.6,1000.0,52.8,50.13008112524752,211.70641670835403,182.08975237595268,122.1460732521062,170.34094998258973,50.13008112524752,40.05303574561556,24.798184722644304,36.54255407900081,0.0,0.0,0.0,0.0
2026-07-24 12:00:00,EP072026,38,2026-07-26 00:00:00,1 days 12:00:00,36,11.79,-105.75,988.2,67.9,73.66963162180795,168.59669618739457,135.06795071280172,89.65867549888569,134.31621565960805,73.66963162180795,25.882505015775457,19.871212572651316,73.66963162180795,3.468057891528177,2.764526525609373,2.874428261275588,73.66963162180795
2026-07-24 12:00:00,EP072026,38,2026-07-26 06:00:00,1 days 18:00:00,42,12.41,-106.87,993.0,60.0,47.23825096757864,193.37347531678148,148.82237682661054,98.24933823249464,159.25047061391007,70.46105256259789,55.65878965674799,34.79081392948389,56.78499538434156,0.0,0.0,0.0,0.0
2026-07-24 12:00:00,EP072026,38,2026-07-26 12:00:00,2 days 00:00:00,48,12.95,-108.02,985.2,75.7,37.14150336546489,221.01400891426428,181.1273879807263,131.65825441990677,183.294762429331,54.47885037080259,41.02584794055235,24.097476222510497,40.18372860490575,37.14150336546489,0.0,0.0,0.0058696432168496
2026-07-24 12:00:00,EP072026,38,2026-07-26 18:00:00,2 days 06:00:00,54,13.65,-108.99,982.0,83.5,41.22078875691011,262.7516081516984,201.4770581219027,134.96880805703472,225.73151047023637,137.99370577159607,118.45589497876796,92.90263534822373,117.56136283403691,59.80141119415762,54.88536143728692,43.088868333566126,52.17339489243113
2026-07-24 12:00:00,EP072026,38,2026-07-27 00:00:00,2 days 12:00:00,60,14.04,-109.8,944.6,125.1,42.86469328803102,242.9994044280252,218.9949433768754,139.60435225894952,199.01269650212856,85.73446479418277,74.27625888066899,56.26648024795415,68.99354282370794,42.86469328803102,36.67145530920757,30.022727924283537,36.2252804484838
2026-07-24 12:00:00,EP072026,38,2026-07-27 06:00:00,2 days 18:00:00,66,14.7,-110.34,956.7,108.1,28.48870712804797,195.59981767998653,152.2715796992476,120.24471195655886,157.63256745189528,68.32694038409909,52.58546382102936,37.03747179210811,58.51443107724141,33.56173354647928,27.360151093916457,21.115089911544267,30.037813040778133
2026-07-24 12:00:00,EP072026,38,2026-07-27 12:00:00,3 days 00:00:00,72,15.5,-111.2,962.6,103.1,47.28880969388236,231.17924096899213,182.94186407550916,117.33594614416448,184.9070735978532,103.30497441743552,80.40040063424138,53.193063650160695,84.79165520596239,52.256470393728144,43.64549827127354,32.73738867940028,43.456822954729006
2026-07-24 12:00:00,EP072026,38,2026-07-27 18:00:00,3 days 06:00:00,78,16.07,-112.24,959.7,105.4,24.872978090084416,233.26681649846523,201.64275529541737,124.36984051628224,167.2041111122653,96.15260072109868,76.87274466032159,47.65591381081026,73.6372849546874,41.694282779322975,33.34307683350585,24.333351384945782,33.58320744010575
2026-07-24 12:00:00,EP072026,38,2026-07-28 00:00:00,3 days 12:00:00,84,16.62,-112.45,966.5,89.4,42.11381778315507,253.62884006916016,205.8820731761599,148.76207456326958,208.61842631565816,127.23206001695178,105.67295089263712,80.795768933697,107.69443161703344,64.60323679217443,58.10258907991164,46.17525544239131,55.43843173915103
2026-07-24 12:00:00,EP072026,38,2026-07-28 06:00:00,3 days 18:00:00,90,17.01,-113.26,958.6,102.3,34.90760108070914,202.3922551248156,176.65782439498463,114.94511193832028,137.627913005992,67.5764826120038,53.79581365183664,30.86911362373774,51.70136909396153,34.90760108070914,21.10458535605577,15.68694647353758,23.17513675201034
2026-07-24 12:00:00,EP072026,38,2026-07-28 12:00:00,4 days 00:00:00,96,17.33,-113.54,963.2,96.0,40.55541404052708,260.0553714616225,214.0048219162875,169.90428952954505,233.4709546188198,112.63714707382223,88.65473380791441,64.3213834404248,97.27710044317332,49.67432537542472,41.38791346625451,30.89776095996192,41.99642696737952
2026-07-24 12:00:00,EP072026,38,2026-07-28 18:00:00,4 days 06:00:00,102,17.53,-114.23,964.7,96.0,47.82400629359064,226.58102690790687,188.65338198553547,162.20325504208006,200.6733128249014,102.4410951917362,85.58885205034207,64.92635102240808,91.54420679661764,50.936456612327625,44.62290422642364,34.84666312947233,45.56261877947118
2026-07-24 12:00:00,EP072026,38,2026-07-29 00:00:00,4 days 12:00:00,108,17.91,-114.93,963.7,94.9,28.78492360300917,215.75137313045724,172.76285352012832,137.2693835642778,177.4074066038864,98.02240212405324,76.06376377832763,53.39068302849702,78.02219900627915,38.09304505136192,29.64799560266845,21.745596776537315,31.281955391946784
2026-07-24 12:00:00,EP072026,38,2026-07-29 06:00:00,4 days 18:00:00,114,18.07,-115.32,964.5,90.7,30.11312345973218,196.79298358446303,164.94288633819656,129.20474443792097,170.69148198636003,75.12345704476269,64.31231014734539,49.362170533070326,64.18283052953734,30.11312345973218,23.251986520318056,18.55175120299051,22.58834375732777
2026-07-24 12:00:00,EP072026,38,2026-07-29 12:00:00,5 days 00:00:00,120,18.2,-116.19,964.6,91.2,19.04502170201484,199.91875865596964,149.9509114414469,104.00828559680374,174.49423278724845,94.34384783280802,73.15183914255356,56.868683442911625,77.87952020341739,47.394190012539326,40.152472205428985,30.82280832275138,41.23414634311621
2026-07-24 12:00:00,EP072026,38,2026-07-29 18:00:00,5 days 06:00:00,126,18.69,-116.59,977.9,84.0,40.688365928805375,145.84937595315682,111.7807619383889,73.89026893611235,137.4579175301322,76.02330463703804,55.9571511583642,32.62258417549465,62.71825274161812,40.688365928805375,22.26341122046541,14.696714588432776,25.477370246992727
2026-07-24 12:00:00,EP072026,38,2026-07-30 00:00:00,5 days 12:00:00,132,19.14,-117.68,981.5,70.6,10.43038246201899,173.86846280363383,135.31643700162763,78.63761774416706,138.0159270454414,47.18976715005681,33.26256532719289,18.262395387811196,34.19918945430339,10.43038246201899,0.0,0.0,1.2571416357132064
2026-07-24 12:00:00,EP072026,38,2026-07-30 06:00:00,5 days 18:00:00,138,19.76,-118.45,986.7,68.6,40.55361319711893,225.45209290884776,172.1608946852462,130.92462673719325,189.3489343286025,97.16124178662712,79.87010053162876,51.4446585271281,79.20572610278003,40.55361319711893,1.9541652807078205,0.0,3.2686357612499606
2026-07-24 12:00:00,EP072026,38,2026-07-30 12:00:00,6 days 00:00:00,144,20.2,-120.17,989.0,62.7,27.576268899184964,228.08637211672544,173.7589411502276,118.86117742805686,186.3989804142704,89.81670323005625,70.16039465124845,46.20141128040333,70.44884913465692,0.0,0.0,0.0,0.0
2026-07-24 12:00:00,EP072026,38,2026-07-30 18:00:00,6 days 06:00:00,150,20.38,-121.04,983.7,65.1,50.56947437368368,215.1159715244166,155.30106153506213,101.34767368979892,174.02050691075857,102.65231674339516,80.72154127579158,53.55266997179392,82.19824525358017,50.56947437368368,2.415301856891284,0.0,5.243214517648863
2026-07-24 12:00:00,EP072026,38,2026-07-31 00:00:00,6 days 12:00:00,156,20.97,-122.18,984.9,67.9,29.799984684997955,192.4985877337936,141.69029928439164,100.4196457758114,152.36504280109332,82.67700936542508,67.32664718023679,46.559579659253934,66.06055690131024,29.799984684997955,14.020632330614252,9.786186778342364,14.3426423056694
2026-07-24 12:00:00,EP072026,38,2026-07-31 06:00:00,6 days 18:00:00,162,21.42,-123.13,989.0,61.7,34.368066978981496,214.12965768880127,164.7772693868175,122.23714805580592,172.8872128448224,108.46159142294316,94.90443472047208,72.22080761859759,89.57594042600503,0.0,0.0,0.0,0.0
2026-07-24 12:00:00,EP072026,38,2026-07-31 12:00:00,7 days 00:00:00,168,22.01,-123.91,993.7,54.4,55.61965281745162,187.2009751148644,143.84326534399713,94.14390842373513,149.7818400512807,55.61965281745162,21.763298913446143,11.743435496074952,23.453535302701567,0.0,0.0,0.0,0.0
2026-07-24 12:00:00,EP072026,38,2026-07-31 18:00:00,7 days 06:00:00,174,22.47,-125.44,995.1,54.9,76.04903602252894,201.1071249092096,164.8382026114975,125.20246110051366,169.1860261558565,76.04903602252894,8.755575218165534,5.642262272042348,10.742144087574143,0.0,0.0,0.0,0.0
2026-07-24 12:00:00,EP072026,38,2026-08-01 00:00:00,7 days 12:00:00,180,23.17,-126.48,1005.7,46.9,108.69020367454344,112.58790515927548,101.91529215386367,68.69643424048286,87.58732325744249,0.0,0.0,0.0,0.0,0.0,0.0,0.0,0.0
2026-07-24 12:00:00,EP072026,38,2026-08-01 06:00:00,7 days 18:00:00,186,23.51,-128.01,1003.2,43.2,82.4122248502569,130.51436430160638,119.91112013532702,96.39309908518572,105.67850321224316,0.0,0.0,0.0,0.0,0.0,0.0,0.0,0.0
2026-07-24 12:00:00,EP072026,38,2026-08-01 12:00:00,8 days 00:00:00,192,23.96,-128.93,1005.4,29.9,58.463860987130126,0.0,0.0,0.0,0.0,0.0,0.0,0.0,0.0,0.0,0.0,0.0,0.0
2026-07-24 12:00:00,EP072026,38,2026-08-01 18:00:00,8 days 06:00:00,198,24.42,-130.11,1001.5,34.2,88.77901789008621,88.77901789008621,29.860962549598824,20.89381881493048,37.87918965173624,0.0,0.0,0.0,0.0,0.0,0.0,0.0,0.0
2026-07-24 12:00:00,EP072026,38,2026-08-02 00:00:00,8 days 12:00:00,204,24.84,-131.01,1003.7,29.8,69.86488786159752,0.0,0.0,0.0,0.0,0.0,0.0,0.0,0.0,0.0,0.0,0.0,0.0
2026-07-24 12:00:00,EP072026,38,2026-08-02 06:00:00,8 days 18:00:00,210,25.47,-131.73,1006.4,26.2,97.61770547738644,0.0,0.0,0.0,0.0,0.0,0.0,0.0,0.0,0.0,0.0,0.0,0.0
2026-07-24 12:00:00,EP072026,38,2026-08-02 12:00:00,9 days 00:00:00,216,26.05,-132.61,1004.3,25.8,62.86767808287015,0.0,0.0,0.0,0.0,0.0,0.0,0.0,0.0,0.0,0.0,0.0,0.0
2026-07-24 12:00:00,EP072026,38,2026-08-02 18:00:00,9 days 06:00:00,222,26.32,-133.47,1003.2,31.4,83.30660876229292,0.0,0.0,0.0,0.0,0.0,0.0,0.0,0.0,0.0,0.0,0.0,0.0
2026-07-24 12:00:00,WP112026,38,2026-07-24 12:00:00,0 days 00:00:00,0,19.7,120.4,991.0,60.0,37.0,139.0,93.0,84.0,139.0,,,,,0.0,0.0,0.0,0.0
2026-07-24 12:00:00,WP112026,38,2026-07-24 18:00:00,0 days 06:00:00,6,19.95,119.33,970.4,80.7,9.92514840134812,190.4695520026137,160.46385206982904,146.6287577783679,171.11929144876706,131.1063255655128,118.44349220568728,99.59030944715585,115.20004289910968,58.8769628173843,55.4973932275622,46.75613942437029,52.711702666582696
2026-07-24 12:00:00,WP112026,38,2026-07-25 00:00:00,0 days 12:00:00,12,20.67,118.22,946.9,112.0,25.772229067596072,212.7900255347369,181.63988288214028,158.10996717973572,181.17668684462927,93.23230563847824,78.42657297554612,67.20877454792074,79.95164252059014,52.12595556475024,47.12637526063989,40.197549330323454,45.67329204940299
2026-07-24 12:00:00,WP112026,38,2026-07-25 06:00:00,0 days 18:00:00,18,21.03,116.94,936.6,122.1,16.02725806263504,182.13273032939804,167.7795423950186,141.1184225787364,164.8022531864524,121.45357198461932,100.79517953297324,76.11250894542991,104.1008045555625,59.46806813879033,49.86300726082172,38.87810426605249,50.23058008137409
2026-07-24 12:00:00,WP112026,38,2026-07-25 12:00:00,1 days 00:00:00,24,21.57,116.18,950.4,100.1,9.493007362885386,239.4384210498357,236.64110076574167,198.43888965435605,214.2511032040657,84.87560948922618,75.58480226473043,60.000950685997424,67.9521267984232,17.434141992829247,16.22263492508697,13.875586316284318,15.529707516204503
2026-07-24 12:00:00,WP112026,38,2026-07-25 18:00:00,1 days 06:00:00,30,22.5,115.45,982.7,60.4,58.78802152067576,336.1947648952219,297.20762647919435,253.2504099798816,301.6792592732254,210.39419461077185,191.99971909126944,164.01086325129668,185.09032113340731,0.0,0.0,0.0,0.0
2026-07-24 12:00:00,WP112026,38,2026-07-26 00:00:00,1 days 12:00:00,36,23.21,114.7,989.4,51.9,75.29948101250287,207.9382192488306,198.99651393980065,151.6005769466065,168.2508495536855,75.29948101250287,5.752440491778504,2.450616462525451,4.2572303079452585,0.0,0.0,0.0,0.0
2026-07-24 12:00:00,WP112026,38,2026-07-26 06:00:00,1 days 18:00:00,42,23.77,113.95,996.0,32.1,103.07110762817886,0.0,0.0,0.0,0.0,0.0,0.0,0.0,0.0,0.0,0.0,0.0,0.0
2026-07-24 12:00:00,WP112026,38,2026-07-26 12:00:00,2 days 00:00:00,48,24.22,113.11,997.6,30.6,49.68593144500191,0.0,0.0,0.0,0.0,0.0,0.0,0.0,0.0,0.0,0.0,0.0,0.0
2026-07-24 12:00:00,WP112026,38,2026-07-26 18:00:00,2 days 06:00:00,54,24.65,112.52,1004.6,24.9,53.87637676770113,0.0,0.0,0.0,0.0,0.0,0.0,0.0,0.0,0.0,0.0,0.0,0.0
2026-07-24 12:00:00,WP112026,38,2026-07-27 00:00:00,2 days 12:00:00,60,25.37,112.31,1004.5,22.3,46.1326523408361,0.0,0.0,0.0,0.0,0.0,0.0,0.0,0.0,0.0,0.0,0.0,0.0
2026-07-24 12:00:00,WP112026,38,2026-07-27 06:00:00,2 days 18:00:00,66,27.08,111.66,1000.0,21.2,66.65503081222596,0.0,0.0,0.0,0.0,0.0,0.0,0.0,0.0,0.0,0.0,0.0,0.0
2026-07-24 12:00:00,WP112026,38,2026-07-27 12:00:00,3 days 00:00:00,72,27.62,110.91,999.6,21.9,105.04090353340672,0.0,0.0,0.0,0.0,0.0,0.0,0.0,0.0,0.0,0.0,0.0,0.0
2026-07-24 12:00:00,EP062026,39,2026-07-24 12:00:00,0 days 00:00:00,0,18.5,-130.6,970.0,89.0,37.0,297.0,185.0,111.0,297.0,148.0,74.0,56.0,111.0,74.0,37.0,28.0,56.0
2026-07-24 12:00:00,EP062026,39,2026-07-24 18:00:00,0 days 06:00:00,6,18.79,-132.06,987.5,67.7,44.36643484542959,283.90499385807124,219.10401420415667,162.62979434590176,247.67242420123011,131.02135112180838,101.87672393693268,76.56445312470291,109.00359056271128,44.36643484542959,27.375888331364852,19.893060679324584,28.533928782024176
2026-07-24 12:00:00,EP062026,39,2026-07-25 00:00:00,0 days 12:00:00,12,18.93,-133.33,976.0,82.5,46.384165686801,259.8720524469368,190.83993979381148,139.5646203881704,231.97883500591345,140.91269073941407,111.87371579415446,86.43350506511717,122.40705776643983,61.899056645483824,52.527743824159415,42.87249289396942,54.97824862423056
2026-07-24 12:00:00,EP062026,39,2026-07-25 06:00:00,0 days 18:00:00,18,18.79,-134.36,975.5,85.1,40.413093420776775,287.6242517665081,208.46728783240997,167.81734620281992,265.73042925233943,141.460598909812,110.29513264535574,89.44319794329839,125.87389058708096,82.5519539413381,71.53707313814951,60.16052105420038,72.4693703532172
2026-07-24 12:00:00,EP062026,39,2026-07-25 12:00:00,1 days 00:00:00,24,19.12,-135.62,980.9,77.3,31.718734305112434,231.9046676891757,189.69581555074905,140.20249256269705,200.32958865748745,102.45593872620066,78.5547082080289,57.596737038796746,80.57338060453577,31.718734305112434,26.03174848759791,20.64211122103013,26.458911112185547
2026-07-24 12:00:00,EP062026,39,2026-07-25 18:00:00,1 days 06:00:00,30,19.27,-136.74,978.8,69.6,52.60278887147061,207.50197600101285,173.9581193611914,131.32454188611172,184.1097338888578,73.40955170492272,55.37836984030756,37.66274612007675,58.68899286180272,52.60278887147061,9.8165855319826,6.856919419819216,11.339257021759575
2026-07-24 12:00:00,EP062026,39,2026-07-26 00:00:00,1 days 12:00:00,36,19.41,-137.76,975.4,78.0,40.59000088857647,244.70256053520643,185.826173136662,141.88077479780625,215.67700347564823,125.4600421144205,99.44937008423769,71.7170800122185,103.50358259884342,46.77667387136808,36.91246172946285,29.421541793150027,39.21450943487616
2026-07-24 12:00:00,EP062026,39,2026-07-26 06:00:00,1 days 18:00:00,42,19.4,-138.95,986.9,64.8,48.14812021007496,217.96690637675368,172.76170449013392,115.15489919753712,183.13845386440076,100.43365966011326,76.2806087534427,56.25501806087753,83.65414241156694,48.14812021007496,15.850913175690238,10.663178463905162,16.222244721719818
2026-07-24 12:00:00,EP062026,39,2026-07-26 12:00:00,2 days 00:00:00,48,19.5,-140.3,989.3,66.8,53.94354326548553,213.90949599623264,158.40202211458916,115.61815095933852,182.7598741421143,87.92989575122425,62.960023157186185,45.14167040789694,72.97822007478102,53.94354326548553,19.88342598614508,13.319925601367718,20.37025974476122
2026-07-24 12:00:00,EP062026,39,2026-07-26 18:00:00,2 days 06:00:00,54,19.54,-141.39,993.8,57.5,61.71162311337639,180.43284275385625,130.42742627832877,91.46655803192016,156.8862447600368,61.71162311337639,35.428880695314035,21.701996184143468,39.10124247847523,0.0,0.0,0.0,0.0
2026-07-24 12:00:00,EP062026,39,2026-07-27 00:00:00,2 days 12:00:00,60,19.67,-142.42,956.1,124.1,0.0,145.6038187398401,126.01654211607593,132.79439181893775,147.12709215030418,75.52286527267222,72.87445142870126,63.88555614416791,70.09003954558551,48.77960547413906,42.95001009555105,36.74526740965206,44.91625123094843
2026-07-24 12:00:00,EP062026,39,2026-07-27 06:00:00,2 days 18:00:00,66,19.7,-143.77,994.2,60.9,83.93992823914232,212.91989566002667,172.85248341983106,107.74146064697425,157.83161714488915,83.93992823914232,0.0,0.0,2.8478786980848128,0.0,0.0,0.0,0.0
2026-07-24 12:00:00,EP062026,39,2026-07-27 12:00:00,3 days 00:00:00,72,19.75,-145.1,994.9,57.7,46.26808967436944,206.40974211951035,154.8652868594053,94.18594190531746,166.88229024437555,53.04000407329183,35.41463557143831,20.17743380792993,35.3602178016062,0.0,0.0,0.0,0.0
2026-07-24 12:00:00,EP062026,39,2026-07-27 18:00:00,3 days 06:00:00,78,20.12,-146.25,998.1,57.1,68.2750778784485,228.4759948333549,154.37237669336736,101.84881892778527,199.90939297414863,75.1718114038145,53.29745169052876,35.689632453572,51.09968042330371,0.0,0.0,0.0,0.0
2026-07-24 12:00:00,EP062026,39,2026-07-28 00:00:00,3 days 12:00:00,84,20.48,-147.99,1000.3,51.5,65.39105952760471,198.12107959291453,148.2444154185795,101.99654609615604,166.6596387517988,65.39105952760471,16.019084844687647,8.792602860710193,19.389776807817924,0.0,0.0,0.0,0.0
2026-07-24 12:00:00,EP062026,39,2026-07-28 06:00:00,3 days 18:00:00,90,20.65,-149.03,996.8,49.5,84.05142373317392,235.65592682662768,183.4209585988704,112.69802653419524,189.1706452005427,0.0,0.0,0.0,0.0,0.0,0.0,0.0,0.0
2026-07-24 12:00:00,EP062026,39,2026-07-28 12:00:00,4 days 00:00:00,96,21.05,-150.01,1004.6,42.1,80.03337538868973,121.4592508540174,84.38388168621418,43.525309516900336,97.37283488304384,0.0,0.0,0.0,0.0,0.0,0.0,0.0,0.0
2026-07-24 12:00:00,EP062026,39,2026-07-28 18:00:00,4 days 06:00:00,102,20.95,-151.59,1004.7,42.6,118.16214382665888,249.8671103691006,203.5665016238568,132.53431545422387,198.0238652744094,0.0,0.0,0.0,0.0,0.0,0.0,0.0,0.0
2026-07-24 12:00:00,EP062026,39,2026-07-29 00:00:00,4 days 12:00:00,108,21.15,-152.99,1002.9,46.2,112.15164104440146,299.1212961929077,249.94649877588336,184.3851524691572,248.6447193431732,0.0,0.0,0.0,0.0,0.0,0.0,0.0,0.0
2026-07-24 12:00:00,EP062026,39,2026-07-29 06:00:00,4 days 18:00:00,114,20.97,-153.99,1003.4,40.1,116.013327483802,198.37530581704632,176.09487862053123,119.71324866445494,161.5610457868971,0.0,0.0,0.0,0.0,0.0,0.0,0.0,0.0
2026-07-24 12:00:00,EP062026,39,2026-07-29 12:00:00,5 days 00:00:00,120,21.34,-155.38,1007.5,29.5,52.16844430529488,0.0,0.0,0.0,0.0,0.0,0.0,0.0,0.0,0.0,0.0,0.0,0.0
2026-07-24 12:00:00,EP062026,39,2026-07-29 18:00:00,5 days 06:00:00,126,21.79,-156.73,1007.9,30.3,67.67003545398944,0.0,0.0,0.0,0.0,0.0,0.0,0.0,0.0,0.0,0.0,0.0,0.0
2026-07-24 12:00:00,EP062026,39,2026-07-30 00:00:00,5 days 12:00:00,132,22.14,-158.19,1009.1,31.7,57.470311611600565,0.0,0.0,0.0,0.0,0.0,0.0,0.0,0.0,0.0,0.0,0.0,0.0
2026-07-24 12:00:00,EP062026,39,2026-07-30 06:00:00,5 days 18:00:00,138,22.19,-159.6,1008.9,25.5,85.89782799769117,0.0,0.0,0.0,0.0,0.0,0.0,0.0,0.0,0.0,0.0,0.0,0.0
2026-07-24 12:00:00,EP062026,39,2026-07-30 12:00:00,6 days 00:00:00,144,22.2,-161.13,1010.6,26.8,58.128028835712335,0.0,0.0,0.0,0.0,0.0,0.0,0.0,0.0,0.0,0.0,0.0,0.0
2026-07-24 12:00:00,EP062026,39,2026-07-30 18:00:00,6 days 06:00:00,150,22.29,-162.3,1011.4,23.4,106.62537182741728,0.0,0.0,0.0,0.0,0.0,0.0,0.0,0.0,0.0,0.0,0.0,0.0
2026-07-24 12:00:00,EP072026,39,2026-07-24 12:00:00,0 days 00:00:00,0,8.9,-99.9,1005.0,29.0,93.0,0.0,0.0,0.0,0.0,0.0,0.0,0.0,0.0,0.0,0.0,0.0,0.0
2026-07-24 12:00:00,EP072026,39,2026-07-24 18:00:00,0 days 06:00:00,6,8.72,-100.98,1003.0,37.3,88.06696341300005,88.06696341300005,22.190933059630115,10.126811397563785,32.05637594777729,0.0,0.0,0.0,0.0,0.0,0.0,0.0,0.0
2026-07-24 12:00:00,EP072026,39,2026-07-25 00:00:00,0 days 12:00:00,12,9.08,-101.93,1000.1,47.8,64.92695380578056,108.53041838512902,87.30344264093202,56.48263885592567,86.00745486849512,0.0,0.0,0.0,0.0,0.0,0.0,0.0,0.0
2026-07-24 12:00:00,EP072026,39,2026-07-25 06:00:00,0 days 18:00:00,18,10.03,-102.46,997.5,54.4,54.22426331835813,105.51118626220313,76.5870753030043,45.16155671463161,73.74466877066318,54.22426331835813,1.7354740014403554,0.0,2.787616516697269,0.0,0.0,0.0,0.0
2026-07-24 12:00:00,EP072026,39,2026-07-25 12:00:00,1 days 00:00:00,24,10.9,-103.62,993.5,57.8,47.51560556968332,124.0904527894055,106.56137527728424,58.91726016579414,94.38959730144111,47.51560556968332,14.958253456817603,6.5835979579920965,12.14497595206171,0.0,0.0,0.0,0.0
2026-07-24 12:00:00,EP072026,39,2026-07-25 18:00:00,1 days 06:00:00,30,11.39,-104.84,996.2,58.1,39.75605463371853,137.21111702103934,124.11236295819018,73.24864964759055,102.50747245601646,39.75605463371853,3.666047271998599,0.0,3.444812324166463,0.0,0.0,0.0,0.0
2026-07-24 12:00:00,EP072026,39,2026-07-26 00:00:00,1 days 12:00:00,36,12.14,-106.02,991.5,64.9,44.811306693807694,170.83958211181482,154.0862477331275,92.47206087510608,128.6628837172379,44.811306693807694,29.26357379281224,13.49031898679268,27.69796951147042,44.811306693807694,0.0,0.0,0.0
2026-07-24 12:00:00,EP072026,39,2026-07-26 06:00:00,1 days 18:00:00,42,13.09,-107.14,980.3,81.3,37.16243581450925,193.9467047944036,181.70728643790363,117.15698752830436,150.000415547226,90.31594469260112,82.6143740057083,58.155618608731686,72.21972904469432,37.16243581450925,23.02262267052297,18.23937569353925,21.74522866520972
2026-07-24 12:00:00,EP072026,39,2026-07-26 12:00:00,2 days 00:00:00,48,13.73,-108.26,972.3,91.5,53.14546395884668,195.2254675454313,168.72171212584726,120.6261221628886,172.94131181147625,94.21315599136938,65.64202084651801,44.73734291950738,75.6237901621068,53.14546395884668,37.02065114891802,28.716339658373496,38.170455815218745
2026-07-24 12:00:00,EP072026,39,2026-07-26 18:00:00,2 days 06:00:00,54,14.13,-109.21,964.3,105.8,32.697734571763334,273.6810865846318,226.60392092980695,156.03592794723644,222.49950931364123,105.42459296761398,80.14001669537465,54.0597400759681,79.76904942174542,35.24984302978779,29.2873991887965,22.636911043341343,30.57596512958515
2026-07-24 12:00:00,EP072026,39,2026-07-27 00:00:00,2 days 12:00:00,60,14.95,-110.15,949.6,127.4,32.239910493758,190.3476362952714,139.80866400654455,101.42279969860743,157.037892841239,97.64461729036503,71.9450204981155,55.80624079500626,82.47490345338483,69.04868905672407,59.68780647424886,49.32865239537964,61.26863240698296
2026-07-24 12:00:00,EP072026,39,2026-07-27 06:00:00,2 days 18:00:00,66,15.98,-111.04,991.0,65.9,45.70570252404997,184.65630389777323,163.383917106078,106.60911278509178,142.49659441840663,45.70570252404997,18.02057047468253,7.108236456157982,17.28610559896356,45.70570252404997,0.0,0.0,0.0
2026-07-24 12:00:00,EP072026,39,2026-07-27 12:00:00,3 days 00:00:00,72,16.49,-111.95,977.4,90.5,35.419617773339475,244.08588930205332,179.79480147411138,103.03549335631482,178.8096332126985,119.5982712628084,91.18125051105514,63.620235197291215,93.75560050378444,62.3005070897813,54.6676056901877,43.94033499490067,54.41646326998536
2026-07-24 12:00:00,EP072026,39,2026-07-27 18:00:00,3 days 06:00:00,78,16.91,-112.73,979.6,78.0,28.4100585417481,307.8827949524041,225.0011428719256,165.80288944242193,267.09755924238505,144.65230280256498,111.37496302538808,81.21832247524597,118.8594839253932,57.33960704634801,50.10625338275261,39.54739344491163,50.160586716526495
2026-07-24 12:00:00,EP072026,39,2026-07-28 00:00:00,3 days 12:00:00,84,17.18,-112.93,974.0,93.9,30.66857640322092,297.18395758706714,254.47162801281,190.00937032689515,260.453326800024,132.41953946585735,114.14701220445426,86.87479271074746,109.44110809867765,53.38914340459891,47.743821454878365,38.48037058583399,45.579046057341294
2026-07-24 12:00:00,EP072026,39,2026-07-28 06:00:00,3 days 18:00:00,90,17.81,-113.42,970.0,89.3,25.657918515366816,218.87196783950344,199.80717847982885,142.8427654324381,168.8402575557194,86.3055748791993,77.90717599922567,54.88723276937623,72.13922522324293,41.321303453386605,37.31832980509026,29.942449078098846,34.37133135286882
2026-07-24 12:00:00,EP072026,39,2026-07-28 12:00:00,4 days 00:00:00,96,18.06,-114.01,979.3,82.2,40.96781751480693,221.8322570916232,176.6321052713145,140.3280695976417,196.9462980406728,90.1729385079422,66.23290166003116,50.536798106043015,78.1459675464257,48.98291463205072,43.13245252662232,34.18178553684482,43.46180007729865
2026-07-24 12:00:00,EP072026,39,2026-07-28 18:00:00,4 days 06:00:00,102,18.46,-114.75,973.5,86.2,17.80524727282136,272.860400530779,233.39673402205332,173.0368435637223,241.25863257257703,133.9444099655937,108.14021735510175,84.52303716739523,115.17789746879934,70.52320472389056,63.864847631193726,52.72959283809994,61.08796676584164
2026-07-24 12:00:00,EP072026,39,2026-07-29 00:00:00,4 days 12:00:00,108,18.43,-114.96,973.3,78.7,33.075935805222976,239.9225483880943,182.37284544392037,123.67520271273618,198.1017824008728,36.94805629457473,20.613073337218328,9.671708437269412,27.441110678225705,33.075935805222976,0.0,0.0,0.0612417218103908
2026-07-24 12:00:00,EP072026,39,2026-07-29 06:00:00,4 days 18:00:00,114,18.69,-115.53,975.8,77.4,24.919547506569963,255.375336597874,211.09193940216392,188.5283696949512,214.46348920547,120.83580776504922,107.6501799496333,90.17910083107404,114.16497150482364,66.35434645619245,61.378440243849454,48.71713752469846,58.00088024109424
2026-07-24 12:00:00,EP072026,39,2026-07-29 12:00:00,5 days 00:00:00,120,18.9,-116.07,981.1,66.1,31.850219481328168,244.3611699315643,210.5029033428109,166.3962706800594,218.09441931066613,112.20360956101284,92.9155064961542,72.4388724847322,97.58289033711844,49.14961210611455,44.77048799784734,35.798360852287715,42.84761292114945
2026-07-24 12:00:00,EP072026,39,2026-07-29 18:00:00,5 days 06:00:00,126,19.43,-117.06,979.5,72.2,31.065325451886164,261.1234633145549,228.5412758219651,156.34091151617935,206.93625389421055,96.81817472449538,82.024433537108,55.53283078034342,76.369948209091,31.065325451886164,14.406185001559455,8.69944205795756,13.259949238308776
2026-07-24 12:00:00,EP072026,39,2026-07-30 00:00:00,5 days 12:00:00,132,19.71,-118.05,983.5,67.6,22.661143411249174,232.19833762889783,183.6877851886362,148.3339589562546,202.68864565935644,117.24584407131678,92.26996753841756,69.08466849784338,98.22487773550029,32.26415250908498,26.80522029375964,20.12373002674655,27.391678515389703
2026-07-24 12:00:00,EP072026,39,2026-07-30 06:00:00,5 days 18:00:00,138,20.08,-118.82,992.5,59.4,48.94790069509111,251.74497942378773,213.311236001322,166.66533835766495,229.61597440467995,105.83183164239745,82.62563295240739,62.86835577313559,81.04832505041304,0.0,0.0,0.0,0.0
2026-07-24 12:00:00,EP072026,39,2026-07-30 12:00:00,6 days 00:00:00,144,20.4,-119.68,989.9,57.5,10.283802474227038,194.2560577836604,160.07562312974488,132.92283583740544,185.14097477548097,97.34645188986492,76.32712541303005,55.38485654471833,72.73192924380106,0.0,0.0,0.0,0.0
2026-07-24 12:00:00,EP072026,39,2026-07-30 18:00:00,6 days 06:00:00,150,21.03,-120.58,997.9,53.7,71.89049234745394,175.715763980549,135.81497471780847,107.80119693392002,149.89750849423902,71.89049234745394,15.912124125046216,9.235629387078689,18.140416811269706,0.0,0.0,0.0,0.0
2026-07-24 12:00:00,EP072026,39,2026-07-31 00:00:00,6 days 12:00:00,156,21.57,-121.23,996.0,51.0,37.72315547296384,206.41814155571336,174.96833552799217,143.41234804643085,171.88926030074094,37.72315547296384,17.024113857479097,9.869960042184465,20.296421120944423,0.0,0.0,0.0,0.0
2026-07-24 12:00:00,EP072026,39,2026-07-31 06:00:00,6 days 18:00:00,162,21.96,-122.63,1003.2,44.0,59.95766089718947,72.95604443779101,61.760549963698985,45.560292436179736,64.26333187596384,0.0,0.0,0.0,0.0,0.0,0.0,0.0,0.0
2026-07-24 12:00:00,EP072026,39,2026-07-31 12:00:00,7 days 00:00:00,168,22.48,-123.5,1003.0,38.0,30.09901745442903,118.26853954688004,101.74628991696189,86.84245348048904,112.6457712958665,0.0,0.0,0.0,0.0,0.0,0.0,0.0,0.0
2026-07-24 12:00:00,EP072026,39,2026-07-31 18:00:00,7 days 06:00:00,174,23.05,-124.6,1002.5,41.3,80.99594647171568,194.1721631416592,155.06506269483816,110.15902598921464,156.41978675144367,0.0,0.0,0.0,0.0,0.0,0.0,0.0,0.0
2026-07-24 12:00:00,EP072026,39,2026-08-01 00:00:00,7 days 12:00:00,180,23.71,-125.59,1003.5,32.8,74.19460002443402,0.0,0.0,0.0,0.0,0.0,0.0,0.0,0.0,0.0,0.0,0.0,0.0
2026-07-24 12:00:00,EP072026,39,2026-08-01 06:00:00,7 days 18:00:00,186,24.22,-126.98,1008.4,26.5,92.5695080349594,0.0,0.0,0.0,0.0,0.0,0.0,0.0,0.0,0.0,0.0,0.0,0.0
2026-07-24 12:00:00,EP072026,39,2026-08-01 12:00:00,8 days 00:00:00,192,24.77,-128.93,1006.9,27.6,99.53238378143249,0.0,0.0,0.0,0.0,0.0,0.0,0.0,0.0,0.0,0.0,0.0,0.0
2026-07-24 12:00:00,EP072026,39,2026-08-01 18:00:00,8 days 06:00:00,198,25.05,-129.59,1008.7,28.0,77.83148272829916,0.0,0.0,0.0,0.0,0.0,0.0,0.0,0.0,0.0,0.0,0.0,0.0
2026-07-24 12:00:00,EP072026,39,2026-08-02 00:00:00,8 days 12:00:00,204,24.94,-130.47,1006.5,28.6,63.474210010501565,0.0,0.0,0.0,0.0,0.0,0.0,0.0,0.0,0.0,0.0,0.0,0.0
2026-07-24 12:00:00,WP112026,39,2026-07-24 12:00:00,0 days 00:00:00,0,19.7,120.4,991.0,60.0,37.0,139.0,93.0,84.0,139.0,,,,,0.0,0.0,0.0,0.0
2026-07-24 12:00:00,WP112026,39,2026-07-24 18:00:00,0 days 06:00:00,6,19.94,119.16,975.6,76.2,21.39149646799552,237.7357226990217,202.2663512600119,166.75384494617234,200.9200928210875,125.88735161683375,106.4070415410498,91.22944590663084,108.41329504089404,56.251067453835695,51.382967037145775,43.29248795983156,49.43066161969296
2026-07-24 12:00:00,WP112026,39,2026-07-25 00:00:00,0 days 12:00:00,12,20.53,118.12,975.9,72.6,42.95540825494489,301.2861579716896,242.72672125754835,190.66115709964413,258.6812866448999,163.28235198803122,132.46343977398868,108.00821730080008,139.66108701366298,72.30631168345288,66.18516801945714,54.795524999806894,63.2155972035781
2026-07-24 12:00:00,WP112026,39,2026-07-25 06:00:00,0 days 18:00:00,18,21.18,116.98,967.7,81.9,40.89892575915356,287.3703658854648,257.94506631679263,211.64033407818977,251.46987821520884,155.7961864322561,136.45036629921836,112.39552961636733,133.13064565877767,71.22860587958303,65.12568182910954,54.5818221926158,62.287488958807984
2026-07-24 12:00:00,WP112026,39,2026-07-25 12:00:00,1 days 00:00:00,24,21.71,116.19,963.2,94.0,27.38365318483821,203.28729252981785,189.71620198744853,144.1318267658434,162.23351873305538,92.73751443335745,80.54273360859261,62.40923392935608,77.74193547760626,52.7071348299276,47.75566111011986,40.13071993986071,45.51830850741906
2026-07-24 12:00:00,WP112026,39,2026-07-25 18:00:00,1 days 06:00:00,30,22.26,115.46,956.0,99.2,0.0,218.61523511630944,196.35550030109695,137.0114208421626,170.3786591573202,38.15919347277351,26.49372882325043,14.536173064447446,27.492005453401344,1.6645796222756644,0.0,0.0,1.2212914902207583
2026-07-24 12:00:00,WP112026,39,2026-07-26 00:00:00,1 days 12:00:00,36,23.24,114.79,973.3,69.2,27.58093898689289,188.82296209406823,184.37401089138973,134.39593111503245,141.71879939230206,30.8618811967336,27.93088290944109,14.269445472636331,23.115599223356995,27.58093898689289,0.0,0.0,0.0
2026-07-24 12:00:00,WP112026,39,2026-07-26 06:00:00,1 days 18:00:00,42,23.97,114.09,987.2,48.3,57.84693924834488,103.78354614536846,107.5509758342775,80.98757184873551,93.62512189833689,0.0,0.0,0.0,0.0,0.0,0.0,0.0,0.0
2026-07-24 12:00:00,WP112026,39,2026-07-26 12:00:00,2 days 00:00:00,48,24.06,113.9,996.8,24.1,62.32404517206195,0.0,0.0,0.0,0.0,0.0,0.0,0.0,0.0,0.0,0.0,0.0,0.0
2026-07-24 12:00:00,WP112026,39,2026-07-26 18:00:00,2 days 06:00:00,54,24.7,113.44,997.7,23.0,94.1554091351692,0.0,0.0,0.0,0.0,0.0,0.0,0.0,0.0,0.0,0.0,0.0,0.0
2026-07-24 12:00:00,WP112026,39,2026-07-27 00:00:00,2 days 12:00:00,60,25.61,113.69,999.8,19.6,41.238435972331246,0.0,0.0,0.0,0.0,0.0,0.0,0.0,0.0,0.0,0.0,0.0,0.0
2026-07-24 12:00:00,WP112026,39,2026-07-27 06:00:00,2 days 18:00:00,66,26.7,113.43,1001.2,21.3,46.61622230714356,0.0,0.0,0.0,0.0,0.0,0.0,0.0,0.0,0.0,0.0,0.0,0.0
2026-07-24 12:00:00,WP112026,39,2026-07-27 12:00:00,3 days 00:00:00,72,27.25,113.02,1000.9,22.5,132.9977546992251,0.0,0.0,0.0,0.0,0.0,0.0,0.0,0.0,0.0,0.0,0.0,0.0
2026-07-24 12:00:00,EP062026,4,2026-07-24 12:00:00,0 days 00:00:00,0,18.5,-130.6,970.0,89.0,37.0,297.0,185.0,111.0,297.0,148.0,74.0,56.0,111.0,74.0,37.0,28.0,56.0
2026-07-24 12:00:00,EP062026,4,2026-07-24 18:00:00,0 days 06:00:00,6,18.64,-131.94,973.1,94.0,22.833485567120128,238.0745801445539,192.12163334392253,162.18326367585533,221.1693329427141,128.61621889414064,110.14109182755432,85.10783181124344,112.4188664477321,65.99684570027168,56.50216503841448,45.27635493896192,57.14936151133328
2026-07-24 12:00:00,EP062026,4,2026-07-25 00:00:00,0 days 12:00:00,12,18.98,-133.11,971.7,94.6,31.23777887499072,253.61092447090664,182.54153734639144,143.49075163425016,229.8262865105452,136.06689344270688,110.92372788439523,86.70342107703753,116.4431853247705,69.30543351819492,59.37923209960891,47.97789971979974,61.70963186964606
2026-07-24 12:00:00,EP062026,4,2026-07-25 06:00:00,0 days 18:00:00,18,19.1,-134.67,972.0,87.3,19.666841592592498,226.01908831382104,180.8942472758573,139.19556932478827,200.4938986768269,113.86761671346842,96.6347877080178,75.74126925318869,97.9605997863484,56.4253198064037,48.453705652881794,38.278452222880006,48.54463979033328
2026-07-24 12:00:00,EP062026,4,2026-07-25 12:00:00,1 days 00:00:00,24,19.21,-135.67,982.2,77.7,19.1554796646876,173.43324673985225,130.6324921157516,102.2583801371324,154.20615203446903,79.13489096175564,61.47433466324098,41.84910245773366,66.74544892640252,35.83129165885705,27.29634380158209,19.420013514288623,29.493014311618012
2026-07-24 12:00:00,EP062026,4,2026-07-25 18:00:00,1 days 06:00:00,30,19.28,-136.78,975.1,83.7,53.2806469723964,223.3119451259953,204.0376212666833,190.7163780278222,213.47050101878156,106.29716613835105,94.17245452934245,83.30380398031294,97.10314005387322,58.20643654399431,51.74216419124498,43.37672733036776,51.4203556856298
2026-07-24 12:00:00,EP062026,4,2026-07-26 00:00:00,1 days 12:00:00,36,19.63,-137.98,986.4,69.7,20.22301605589324,136.67600519760146,101.58058733967832,66.56855670670114,106.34884887051427,50.895698349091134,35.86150581987832,19.75147913687724,40.22222726146728,20.22301605589324,12.758842147074798,7.275721519820818,14.099751399608078
2026-07-24 12:00:00,EP062026,4,2026-07-26 06:00:00,1 days 18:00:00,42,19.68,-138.99,988.5,67.2,29.00890629031357,171.6964330535669,120.91895268275822,88.01595069371257,146.63794637208878,35.55522003237534,23.90099758536937,11.595200759677946,28.18814374907236,29.00890629031357,7.067502434934747,3.575568534182712,8.571919136810342
2026-07-24 12:00:00,EP062026,4,2026-07-26 12:00:00,2 days 00:00:00,48,19.83,-140.14,991.2,58.6,31.743422328343307,244.9178194005746,205.09516060304745,160.43927663999006,219.38362417034108,60.14853183279536,54.27544005845319,43.171409131395976,49.68206948485292,0.0,0.0,0.0,0.0
2026-07-24 12:00:00,EP062026,4,2026-07-26 18:00:00,2 days 06:00:00,54,19.81,-141.12,992.3,62.0,95.66723537491949,175.56123723796532,125.95002671645476,89.88861793648374,134.80783817612922,95.66723537491949,1.1022809559367914,0.0,5.054854301303831,0.0,0.0,0.0,0.0
2026-07-24 12:00:00,EP062026,4,2026-07-27 00:00:00,2 days 12:00:00,60,20.01,-142.44,994.1,56.3,42.6133581598655,227.2041564499746,203.1707503780152,162.43786548568494,206.52287441452685,51.829366518845504,46.99592339653184,37.274499123637504,44.40998946704329,0.0,0.0,0.0,0.0
2026-07-24 12:00:00,EP062026,4,2026-07-27 06:00:00,2 days 18:00:00,66,20.22,-143.88,998.9,53.2,56.54412123955035,219.77896843415795,191.39945958045325,146.49485697777072,192.7729373516131,1.661789938432861,0.3014169467417815,0.0,56.54412123955035,0.0,0.0,0.0,0.0
2026-07-24 12:00:00,EP062026,4,2026-07-27 12:00:00,3 days 00:00:00,72,20.56,-145.85,1006.3,39.0,125.47159591050148,184.05630601650773,142.6545991264884,119.92713436255872,149.88886311218448,0.0,0.0,0.0,0.0,0.0,0.0,0.0,0.0
2026-07-24 12:00:00,EP062026,4,2026-07-27 18:00:00,3 days 06:00:00,78,20.95,-147.45,1003.2,43.9,68.64389630125754,187.25507861043116,155.89408489609426,117.45807569270974,149.38053548191172,0.0,0.0,0.0,0.0,0.0,0.0,0.0,0.0
2026-07-24 12:00:00,EP062026,4,2026-07-28 00:00:00,3 days 12:00:00,84,21.4,-149.22,1005.1,34.4,69.86064987780628,118.52337212444672,96.85067802040636,72.24604321576567,92.29423128370264,0.0,0.0,0.0,0.0,0.0,0.0,0.0,0.0
2026-07-24 12:00:00,EP062026,4,2026-07-28 06:00:00,3 days 18:00:00,90,21.8,-150.91,1005.9,33.8,106.62244635145044,0.0,0.0,0.0,0.0,0.0,0.0,0.0,0.0,0.0,0.0,0.0,0.0
2026-07-24 12:00:00,EP062026,4,2026-07-28 12:00:00,4 days 00:00:00,96,22.29,-152.68,1004.0,29.0,73.01840579919421,0.0,0.0,0.0,0.0,0.0,0.0,0.0,0.0,0.0,0.0,0.0,0.0
2026-07-24 12:00:00,EP062026,4,2026-07-28 18:00:00,4 days 06:00:00,102,22.28,-153.9,1006.6,26.0,82.86507866217516,0.0,0.0,0.0,0.0,0.0,0.0,0.0,0.0,0.0,0.0,0.0,0.0
2026-07-24 12:00:00,EP062026,4,2026-07-29 00:00:00,4 days 12:00:00,108,23.41,-155.2,1005.0,24.1,122.61195807808552,0.0,0.0,0.0,0.0,0.0,0.0,0.0,0.0,0.0,0.0,0.0,0.0
2026-07-24 12:00:00,EP072026,4,2026-07-24 12:00:00,0 days 00:00:00,0,8.9,-99.9,1005.0,29.0,93.0,0.0,0.0,0.0,0.0,0.0,0.0,0.0,0.0,0.0,0.0,0.0,0.0
2026-07-24 12:00:00,EP072026,4,2026-07-24 18:00:00,0 days 06:00:00,6,8.83,-101.17,999.4,45.4,59.09034653540684,59.09034653540684,29.40769810877026,13.277520686988437,28.12367982698463,0.0,0.0,0.0,0.0,0.0,0.0,0.0,0.0
2026-07-24 12:00:00,EP072026,4,2026-07-25 00:00:00,0 days 12:00:00,12,9.48,-101.88,1004.8,35.2,57.47852273537262,57.47852273537262,7.354371206195083,0.0,9.887071387303877,0.0,0.0,0.0,0.0,0.0,0.0,0.0,0.0
2026-07-24 12:00:00,EP072026,4,2026-07-25 06:00:00,0 days 18:00:00,18,10.22,-102.87,999.2,38.5,52.51669053535677,52.51669053535677,22.26907393976075,19.202133647309743,18.09916408918705,0.0,0.0,0.0,0.0,0.0,0.0,0.0,0.0
2026-07-24 12:00:00,EP072026,4,2026-07-25 12:00:00,1 days 00:00:00,24,11.12,-103.63,998.3,52.6,40.53884743249717,168.13067526160978,141.69039753796255,97.04302593151608,132.83706411620483,45.04183999719588,39.21306470816931,30.33012351464748,36.13917400646813,0.0,0.0,0.0,0.0
2026-07-24 12:00:00,EP072026,4,2026-07-25 18:00:00,1 days 06:00:00,30,11.11,-104.77,984.2,79.2,25.75316776858899,197.25650603770703,162.9564760880795,101.1214560778058,161.95079094800462,85.93271203998727,64.43431078626332,49.31162527801477,71.49029643631471,41.1769432127261,33.09892022599472,25.72425740980822,34.542145479896895
2026-07-24 12:00:00,EP072026,4,2026-07-26 00:00:00,1 days 12:00:00,36,11.94,-106.37,988.7,69.4,46.76972437576384,219.34036599929252,162.7019363360595,95.14510927016406,168.49393455715236,96.7659394871259,74.01458762599198,44.13382428339169,76.4206056136142,46.76972437576384,31.399880515076685,20.23418772132109,31.489605402753877
2026-07-24 12:00:00,EP072026,4,2026-07-26 06:00:00,1 days 18:00:00,42,12.44,-107.73,969.2,97.5,34.91573986040639,203.04423977713023,147.34385528935323,103.50092692351342,163.25524555700952,86.93630139353907,66.23310524814865,40.75591006287111,71.41119902945586,36.38617789647953,28.248503145231968,19.468314926637355,29.89808104769977
2026-07-24 12:00:00,EP072026,4,2026-07-26 12:00:00,2 days 00:00:00,48,12.76,-108.75,962.9,95.4,15.32891254464333,285.5699089891997,237.99551529385576,161.57377008012227,224.99673184686824,117.16563144535576,94.4607403979663,65.14022433833239,93.07376872315876,53.519189020192826,45.06313276323919,33.42582499928487,43.97318739790191
2026-07-24 12:00:00,EP072026,4,2026-07-26 18:00:00,2 days 06:00:00,54,13.23,-109.84,965.9,96.4,52.35889323907614,380.499269742765,322.722942786714,228.91603817353123,314.9571680824488,128.35454707804504,108.04719528883768,74.85862498488453,104.56670459561607,61.6370017950615,53.44770516928117,41.38017706361547,53.17978848073186
2026-07-24 12:00:00,EP072026,4,2026-07-27 00:00:00,2 days 12:00:00,60,14.13,-110.85,958.8,102.1,20.89794380069165,249.00286393256124,211.0575585391225,132.62638984491718,209.63624339452508,124.8192633689846,99.7573017736546,67.79614751318539,100.45068971200612,60.316684819441065,51.56838496522818,39.28491314791032,52.801947672946085
2026-07-24 12:00:00,EP072026,4,2026-07-27 06:00:00,2 days 18:00:00,66,14.75,-112.1,959.3,106.4,22.908600187458664,301.09674177757364,235.7480382988873,166.35969064909486,257.3884252559865,152.01476135731636,118.49927556521806,86.9911166628943,125.40410798670686,74.13734182437769,61.90521058368402,48.98815415119394,64.69121416400064
2026-07-24 12:00:00,EP072026,4,2026-07-27 12:00:00,3 days 00:00:00,72,15.07,-112.95,957.1,103.5,38.29147269184367,291.5766924536622,228.4406113233969,169.90295743545727,253.16516537227213,153.00867072811582,132.49657024206013,102.6246084055366,133.10661808837872,79.29860929657052,70.3796863630958,57.42984370537609,69.4670776116587
2026-07-24 12:00:00,EP072026,4,2026-07-27 18:00:00,3 days 06:00:00,78,15.54,-113.44,963.2,92.8,35.21472632282391,277.2157058547582,242.34272193441177,163.0192861936227,230.0865932798412,129.31290484018126,105.42656464919976,78.54352153167105,107.43444985173484,63.61317251884273,54.43785161556974,42.15216918769029,54.39456442401651
2026-07-24 12:00:00,EP072026,4,2026-07-28 00:00:00,3 days 12:00:00,84,16.13,-114.22,957.8,101.8,5.0568197362996585,261.19563002373377,243.38475900375695,169.5478808549092,212.2006786169469,126.7965304713839,109.72827526009485,80.61587781587053,104.85540850389762,63.57953497546464,56.16990528224223,43.4304468797039,53.69193893515877
2026-07-24 12:00:00,EP072026,4,2026-07-28 06:00:00,3 days 18:00:00,90,16.97,-114.72,964.2,98.1,44.5026729619467,274.0345650632544,239.45350260648456,162.9093639677244,226.27119636690625,125.31617265655996,102.88445735582263,76.68100735270036,104.60755915357436,63.42663860060964,53.89812178416457,42.45425636410971,54.62238775789638
2026-07-24 12:00:00,EP072026,4,2026-07-28 12:00:00,4 days 00:00:00,96,17.56,-115.6,956.8,106.4,40.53098846314041,305.7983251528753,257.0199428457953,198.3399199566176,264.71238604513906,169.77826778089073,145.4051976289914,117.84564205557152,145.65938901772657,88.36373115444553,79.0969341509126,64.33965098756887,77.89856326914261
2026-07-24 12:00:00,EP072026,4,2026-07-28 18:00:00,4 days 06:00:00,102,17.89,-116.3,953.9,117.6,20.645190982989966,292.4174216378545,291.0765378646539,247.73234093168787,278.529272078088,148.97111331170336,129.5445633099103,112.81658650430197,132.70952651976563,72.87580108679904,65.53351550030813,54.75103077522692,64.86108598168477
2026-07-24 12:00:00,EP072026,4,2026-07-29 00:00:00,4 days 12:00:00,108,18.12,-117.17,975.7,86.5,32.32201586600496,240.5456470639733,191.02323755637167,125.76680820607822,189.10711515082903,107.744943612542,88.54403262425222,61.569923198740895,89.38267175877189,49.2488283040245,41.29837248475855,29.778414988537136,40.15241238222973
2026-07-24 12:00:00,EP072026,4,2026-07-29 06:00:00,4 days 18:00:00,114,18.67,-117.87,982.2,73.2,38.81911058556352,313.5488224106383,269.12097215421073,210.4106559721985,263.0216150189227,89.07540585252546,74.70146843368941,52.87515415236574,72.72370082831432,38.82089691885759,32.81755773085351,24.584370698956885,31.931716627933696
2026-07-24 12:00:00,EP072026,4,2026-07-29 12:00:00,5 days 00:00:00,120,19.1,-118.81,982.3,70.7,27.44602839952931,210.3305681311445,165.19948934957745,128.32910876385978,171.72101210862613,63.66413010289075,48.12598512812918,29.974104091617768,48.94468511256928,27.44602839952931,19.25271540725116,12.519440727676262,19.48285754787252
2026-07-24 12:00:00,EP072026,4,2026-07-29 18:00:00,5 days 06:00:00,126,19.29,-119.92,988.8,56.1,44.98471623620644,238.14607261173103,205.84977057267923,159.28307742343105,203.9497472223419,106.33487797089948,99.49805269197267,82.65358572787243,89.13641865715402,0.0,0.0,0.0,0.0
2026-07-24 12:00:00,EP072026,4,2026-07-30 00:00:00,5 days 12:00:00,132,19.99,-120.98,989.8,56.7,84.16819151752739,252.01556956785345,210.7667207210184,154.20853982389673,218.23618530446385,84.16819151752739,17.46843492856354,8.694164108718141,18.223527328185547,0.0,0.0,0.0,0.0
2026-07-24 12:00:00,EP072026,4,2026-07-30 06:00:00,5 days 18:00:00,138,20.22,-121.96,987.8,56.3,39.79173419798672,245.2118402030347,212.70695137409044,162.18608851374316,215.87102714837744,39.79173419798672,3.930834673885998,0.1617741759468036,5.734434298398471,0.0,0.0,0.0,0.0
2026-07-24 12:00:00,EP072026,4,2026-07-30 12:00:00,6 days 00:00:00,144,20.53,-123.24,993.8,55.1,85.15556527377208,256.98115096253576,221.45313920490307,172.077977156526,225.5277829025287,85.15556527377208,3.7567496190004057,0.0,4.598613096198822,0.0,0.0,0.0,0.0
2026-07-24 12:00:00,EP072026,4,2026-07-30 18:00:00,6 days 06:00:00,150,20.58,-124.46,996.8,51.5,72.13622444114193,228.92231096866547,206.2644029974565,182.15148571525577,214.38681411766595,122.87992241223996,117.61639741886094,101.2885741720618,105.69415377913454,0.0,0.0,0.0,0.0
2026-07-24 12:00:00,EP072026,4,2026-07-31 00:00:00,6 days 12:00:00,156,20.46,-125.71,997.8,51.2,61.04222073898487,176.9213583358919,150.60116409375678,130.52365590740453,170.97585160302708,61.04222073898487,8.192105714913179,7.40669346002943,9.572137832834615,0.0,0.0,0.0,0.0
2026-07-24 12:00:00,EP072026,4,2026-07-31 06:00:00,6 days 18:00:00,162,20.6,-126.86,1004.4,38.3,95.0848825473022,95.0848825473022,44.786167830317694,32.20386598541634,59.98261462818768,0.0,0.0,0.0,0.0,0.0,0.0,0.0,0.0
2026-07-24 12:00:00,EP072026,4,2026-07-31 12:00:00,7 days 00:00:00,168,21.02,-127.71,1002.8,39.0,114.17582657852684,5.995491250652854,0.0,0.0,114.17582657852684,0.0,0.0,0.0,0.0,0.0,0.0,0.0,0.0
2026-07-24 12:00:00,EP072026,4,2026-07-31 18:00:00,7 days 06:00:00,174,21.59,-128.89,1005.5,30.8,64.57452546307815,0.0,0.0,0.0,0.0,0.0,0.0,0.0,0.0,0.0,0.0,0.0,0.0
2026-07-24 12:00:00,EP072026,4,2026-08-01 00:00:00,7 days 12:00:00,180,22.06,-130.25,1002.1,37.0,34.803087848935704,34.803087848935704,9.78180543884917,0.0,19.530719034845127,0.0,0.0,0.0,0.0,0.0,0.0,0.0,0.0
2026-07-24 12:00:00,EP072026,4,2026-08-01 06:00:00,7 days 18:00:00,186,22.4,-131.52,1001.6,39.1,64.55982571574783,64.55982571574783,0.0,0.0,3.694930931011021,0.0,0.0,0.0,0.0,0.0,0.0,0.0,0.0
2026-07-24 12:00:00,EP072026,4,2026-08-01 12:00:00,8 days 00:00:00,192,22.94,-132.78,1007.9,34.3,103.99583671216789,103.99583671216789,42.47758857903506,26.300148402259488,54.32933876815886,0.0,0.0,0.0,0.0,0.0,0.0,0.0,0.0
2026-07-24 12:00:00,EP072026,4,2026-08-01 18:00:00,8 days 06:00:00,198,23.4,-134.38,1006.6,32.0,49.05781879623407,0.0,0.0,0.0,0.0,0.0,0.0,0.0,0.0,0.0,0.0,0.0,0.0
2026-07-24 12:00:00,EP072026,4,2026-08-02 00:00:00,8 days 12:00:00,204,23.7,-135.73,1008.7,26.1,41.52446582082611,0.0,0.0,0.0,0.0,0.0,0.0,0.0,0.0,0.0,0.0,0.0,0.0
2026-07-24 12:00:00,EP072026,4,2026-08-02 06:00:00,8 days 18:00:00,210,24.34,-137.49,1008.4,30.7,61.90659261264702,0.0,0.0,0.0,0.0,0.0,0.0,0.0,0.0,0.0,0.0,0.0,0.0
2026-07-24 12:00:00,EP072026,4,2026-08-02 12:00:00,9 days 00:00:00,216,24.6,-139.08,1007.4,29.1,60.39056340345866,0.0,0.0,0.0,0.0,0.0,0.0,0.0,0.0,0.0,0.0,0.0,0.0
2026-07-24 12:00:00,EP072026,4,2026-08-02 18:00:00,9 days 06:00:00,222,24.83,-140.74,1006.9,35.0,76.22774465049906,4.878245218632273,0.0,0.0,76.22774465049906,0.0,0.0,0.0,0.0,0.0,0.0,0.0,0.0
2026-07-24 12:00:00,EP072026,4,2026-08-03 00:00:00,9 days 12:00:00,228,25.16,-141.69,1008.8,30.6,78.02353836664415,0.0,0.0,0.0,0.0,0.0,0.0,0.0,0.0,0.0,0.0,0.0,0.0
2026-07-24 12:00:00,EP072026,4,2026-08-03 06:00:00,9 days 18:00:00,234,25.36,-143.22,1009.2,28.5,112.5210244687692,0.0,0.0,0.0,0.0,0.0,0.0,0.0,0.0,0.0,0.0,0.0,0.0
2026-07-24 12:00:00,EP072026,4,2026-08-03 12:00:00,10 days 00:00:00,240,25.02,-144.22,1009.4,24.3,142.86473799699658,0.0,0.0,0.0,0.0,0.0,0.0,0.0,0.0,0.0,0.0,0.0,0.0
2026-07-24 12:00:00,WP112026,4,2026-07-24 12:00:00,0 days 00:00:00,0,19.7,120.4,991.0,60.0,37.0,139.0,93.0,84.0,139.0,,,,,0.0,0.0,0.0,0.0
2026-07-24 12:00:00,WP112026,4,2026-07-24 18:00:00,0 days 06:00:00,6,20.07,119.35,978.8,74.8,29.828981688660065,229.64676900822303,194.39532685185745,169.41176409346815,206.6500298405272,117.36993590969053,103.03341758340731,81.05587548532071,100.83083890625996,56.16379022015174,49.19684004726248,38.25029288668284,47.33442156078354
2026-07-24 12:00:00,WP112026,4,2026-07-25 00:00:00,0 days 12:00:00,12,20.8,118.07,973.6,82.9,36.83059451182962,229.79230311902785,183.1846382202026,159.40732083684725,203.20517212430852,120.04626625055232,105.25223790643749,83.84268550399325,105.50708786000502,60.3939422593486,53.7163058278841,41.86839026410277,51.83879965942732
2026-07-24 12:00:00,WP112026,4,2026-07-25 06:00:00,0 days 18:00:00,18,21.41,117.15,957.5,97.5,19.60174611103198,259.6916564405661,242.88760909833968,177.2255450176221,200.40136667798583,138.16357146784483,121.04180733621192,97.16555745538048,116.35141555654366,71.95990106809914,64.24975311435053,52.262781538358496,61.1603904507218
2026-07-24 12:00:00,WP112026,4,2026-07-25 12:00:00,1 days 00:00:00,24,22.35,116.23,947.9,106.8,24.06170680053797,132.64274963018573,107.35219282858156,76.23133701414878,104.40603983856656,24.06170680053797,0.0,0.0,24.06170680053797,24.06170680053797,0.0,0.0,0.3391722979879849
2026-07-24 12:00:00,WP112026,4,2026-07-25 18:00:00,1 days 06:00:00,30,22.74,115.56,949.8,97.3,9.7384624900077,173.1256348368184,155.1475635956657,104.52691931648988,138.32763890257849,9.7384624900077,0.0,0.0,1.5962645661467358,9.7384624900077,0.0,0.0,0.6401147021584368
2026-07-24 12:00:00,WP112026,4,2026-07-26 00:00:00,1 days 12:00:00,36,23.14,115.05,978.4,66.0,10.215328364891755,135.09473902513156,105.9840091390972,59.83714751561443,94.19521490230562,18.05399308452767,10.071741225551436,0.0,12.25522724117718,10.215328364891755,0.4493505257077854,0.0,1.2162325370149696
2026-07-24 12:00:00,WP112026,4,2026-07-26 06:00:00,1 days 18:00:00,42,24.01,114.47,986.1,52.6,14.020404661859825,38.305376626803806,22.58405312590484,18.404022226429504,40.90911632467163,14.020404661859825,0.0,0.0,0.0,0.0,0.0,0.0,0.0
2026-07-24 12:00:00,WP112026,4,2026-07-26 12:00:00,2 days 00:00:00,48,24.82,114.47,990.9,41.0,31.49199508059005,178.89434773720194,166.85805273104478,126.975068736919,132.82657778030065,0.0,0.0,0.0,0.0,0.0,0.0,0.0,0.0
2026-07-24 12:00:00,WP112026,4,2026-07-26 18:00:00,2 days 06:00:00,54,25.72,114.24,996.7,32.6,86.97742202698734,0.0,0.0,0.0,0.0,0.0,0.0,0.0,0.0,0.0,0.0,0.0,0.0
2026-07-24 12:00:00,WP112026,4,2026-07-27 00:00:00,2 days 12:00:00,60,27.32,113.78,997.7,23.1,68.7930093889271,0.0,0.0,0.0,0.0,0.0,0.0,0.0,0.0,0.0,0.0,0.0,0.0
2026-07-24 12:00:00,WP112026,4,2026-07-27 06:00:00,2 days 18:00:00,66,28.27,113.41,1000.9,19.3,46.02721390105194,0.0,0.0,0.0,0.0,0.0,0.0,0.0,0.0,0.0,0.0,0.0,0.0
2026-07-24 12:00:00,WP112026,4,2026-07-27 12:00:00,3 days 00:00:00,72,28.97,112.62,1005.3,14.4,62.376442748678215,0.0,0.0,0.0,0.0,0.0,0.0,0.0,0.0,0.0,0.0,0.0,0.0
2026-07-24 12:00:00,EP062026,40,2026-07-24 12:00:00,0 days 00:00:00,0,18.5,-130.6,970.0,89.0,37.0,297.0,185.0,111.0,297.0,148.0,74.0,56.0,111.0,74.0,37.0,28.0,56.0
2026-07-24 12:00:00,EP062026,40,2026-07-24 18:00:00,0 days 06:00:00,6,18.79,-131.92,977.9,81.2,44.4742167762779,242.9665586691881,188.8210654296272,157.08085245803522,223.12404096882528,128.15457837251597,109.13380402408256,84.90922348007553,110.85297074744268,62.61283318436017,54.49488011053381,43.36623162162414,54.33837495573789
2026-07-24 12:00:00,EP062026,40,2026-07-25 00:00:00,0 days 12:00:00,12,18.73,-133.23,983.9,75.0,47.00098864302938,238.77205264618468,196.3693898467966,154.93420185921056,203.6144791694672,96.98438188575034,80.31953559030582,58.01245283734352,80.59239016658096,47.00098864302938,37.77029642392764,27.481529890486463,37.71191050542227
2026-07-24 12:00:00,EP062026,40,2026-07-25 06:00:00,0 days 18:00:00,18,18.91,-134.65,978.3,79.5,20.35997566797802,223.4707711331704,177.09795007209954,134.22977753362846,193.81936495160244,89.37426890913588,71.48491697528704,49.09587870307354,74.16716408084012,40.19221344997528,32.30412592616049,23.474494447496944,33.33219029744315
2026-07-24 12:00:00,EP062026,40,2026-07-25 12:00:00,1 days 00:00:00,24,19.29,-135.83,973.4,84.1,45.76173580000863,203.48558682911212,144.06184233926507,114.9281276538984,181.61236413935,96.62836111227372,76.81989160123528,56.47163722888836,80.5547660486687,45.76173580000863,36.17616916987444,27.60593904532255,37.92109188867544
2026-07-24 12:00:00,EP062026,40,2026-07-25 18:00:00,1 days 06:00:00,30,19.43,-136.99,978.6,72.6,42.61632960299757,177.70039489525897,152.02415264913566,125.48178445102104,156.30291991432478,66.05186938358592,55.39628180921261,39.57386348783229,55.83369324664585,42.61632960299757,24.22464712919901,18.00578134508814,24.70965179506073
2026-07-24 12:00:00,EP062026,40,2026-07-26 00:00:00,1 days 12:00:00,36,19.66,-137.67,987.9,68.4,36.18269560865946,227.85148758869087,189.18123034075268,151.74849349834028,207.38047402622655,121.7541438654134,102.10572896515504,79.82113444743266,105.31998384269708,60.186086089434816,51.314928938304725,40.60077290220117,51.047146802567845
2026-07-24 12:00:00,EP062026,40,2026-07-26 06:00:00,1 days 18:00:00,42,19.91,-139.15,987.1,66.5,30.690468620783705,134.3429421032957,105.78788854593144,71.64724480770508,104.42261749957272,46.951691510628336,34.505403294913464,19.00472432612929,34.728822317044745,30.690468620783705,11.104134405317089,6.3485049388398505,12.241074068584028
2026-07-24 12:00:00,EP062026,40,2026-07-26 12:00:00,2 days 00:00:00,48,19.93,-140.01,988.2,56.7,41.713846901482896,209.35069432515127,179.8861082094495,135.31961235791033,184.27921631019765,41.713846901482896,3.7225006487317063,0.2122524410778012,4.275425806198104,0.0,0.0,0.0,0.0
2026-07-24 12:00:00,EP062026,40,2026-07-26 18:00:00,2 days 06:00:00,54,19.95,-141.04,989.9,57.9,59.47865731304192,211.328559066816,181.6467028391226,136.9646016444359,179.28899275723376,59.47865731304192,3.480408217331517,0.0,5.099973273398473,0.0,0.0,0.0,0.0
2026-07-24 12:00:00,EP062026,40,2026-07-27 00:00:00,2 days 12:00:00,60,20.33,-142.25,992.3,65.7,63.64953206905725,190.97317070697332,155.70330598074418,113.84838948357344,160.26695094276522,63.64953206905725,5.097003280162092,0.0,5.463009144495887,63.64953206905725,0.0,0.0,0.1470847828018637
2026-07-24 12:00:00,EP062026,40,2026-07-27 06:00:00,2 days 18:00:00,66,20.34,-143.66,993.1,57.7,50.868865200572856,235.5757574496512,202.5338519192391,149.6069007559371,199.83706125978108,50.868865200572856,2.6263310553330257,0.0,5.538599235233829,0.0,0.0,0.0,0.0
2026-07-24 12:00:00,EP062026,40,2026-07-27 12:00:00,3 days 00:00:00,72,20.39,-144.92,995.0,54.9,83.94845617104318,211.42140801442403,180.4381346857636,142.72481475577897,179.92631647529987,83.94845617104318,9.87060326800619,7.532233698798151,9.662517594924566,0.0,0.0,0.0,0.0
2026-07-24 12:00:00,EP062026,40,2026-07-27 18:00:00,3 days 06:00:00,78,20.21,-146.42,997.2,55.7,78.06573754120473,265.7418799463376,236.05907614248645,180.07844279889468,229.77474603618248,78.06573754120473,19.057246973172937,14.015775918617578,19.242198139280447,0.0,0.0,0.0,0.0
2026-07-24 12:00:00,EP062026,40,2026-07-28 00:00:00,3 days 12:00:00,84,20.36,-147.88,995.9,56.7,26.188512730206007,98.0294352889988,78.33270796044253,55.24754596974893,86.88417691336988,26.188512730206007,1.772578321637532,0.072934414696868,2.144228126790878,0.0,0.0,0.0,0.0
2026-07-24 12:00:00,EP062026,40,2026-07-28 06:00:00,3 days 18:00:00,90,20.79,-148.78,996.9,47.6,46.71874985598208,138.92496225618754,118.89739161480566,84.3058055352829,112.8164243227488,0.0,0.0,0.0,0.0,0.0,0.0,0.0,0.0
2026-07-24 12:00:00,EP062026,40,2026-07-28 12:00:00,4 days 00:00:00,96,21.14,-150.19,1000.3,48.3,57.449189456613965,213.1824105563071,186.67111898293751,140.45760349003717,176.92917131437525,0.0,0.0,0.0,0.0,0.0,0.0,0.0,0.0
2026-07-24 12:00:00,EP062026,40,2026-07-28 18:00:00,4 days 06:00:00,102,21.25,-152.27,1003.4,48.1,111.48169379004912,111.48169379004912,5.5905513182872255,0.0,4.699797499072929,0.0,0.0,0.0,0.0,0.0,0.0,0.0,0.0
2026-07-24 12:00:00,EP062026,40,2026-07-29 00:00:00,4 days 12:00:00,108,21.34,-153.71,1007.4,36.6,125.71404967743604,125.71404967743604,0.8223783095185979,0.0,6.191969009297388,0.0,0.0,0.0,0.0,0.0,0.0,0.0,0.0
2026-07-24 12:00:00,EP062026,40,2026-07-29 06:00:00,4 days 18:00:00,114,20.81,-154.91,1002.8,37.7,101.0399255099734,2.950369211881537,2.67119931199926,101.0399255099734,3.015377914217808,0.0,0.0,0.0,0.0,0.0,0.0,0.0,0.0
2026-07-24 12:00:00,EP062026,40,2026-07-29 12:00:00,5 days 00:00:00,120,21.26,-156.3,1008.2,30.9,86.95446539745954,0.0,0.0,0.0,0.0,0.0,0.0,0.0,0.0,0.0,0.0,0.0,0.0
2026-07-24 12:00:00,EP072026,40,2026-07-24 12:00:00,0 days 00:00:00,0,8.9,-99.9,1005.0,29.0,93.0,0.0,0.0,0.0,0.0,0.0,0.0,0.0,0.0,0.0,0.0,0.0,0.0
2026-07-24 12:00:00,EP072026,40,2026-07-24 18:00:00,0 days 06:00:00,6,9.06,-101.15,1000.5,38.5,41.66977618362097,41.66977618362097,13.336376808835706,5.888175733270932,20.22635755590108,0.0,0.0,0.0,0.0,0.0,0.0,0.0,0.0
2026-07-24 12:00:00,EP072026,40,2026-07-25 00:00:00,0 days 12:00:00,12,9.31,-102.1,1003.7,37.5,66.91151793872439,67.4416093706102,52.40439040909104,39.53856561699848,62.70203098952732,0.0,0.0,0.0,0.0,0.0,0.0,0.0,0.0
2026-07-24 12:00:00,EP072026,40,2026-07-25 06:00:00,0 days 18:00:00,18,10.25,-103.34,1001.3,51.2,44.90743619611976,137.4671350088438,113.45527920540052,78.58361670484267,116.37329751590887,44.90743619611976,37.41205613672122,29.431749540424743,35.23471736066575,0.0,0.0,0.0,0.0
2026-07-24 12:00:00,EP072026,40,2026-07-25 12:00:00,1 days 00:00:00,24,10.99,-104.36,1000.0,45.5,84.49888203125872,107.56189308108956,82.58073794435828,55.34518062681939,80.21067548016453,0.0,0.0,0.0,0.0,0.0,0.0,0.0,0.0
2026-07-24 12:00:00,EP072026,40,2026-07-25 18:00:00,1 days 06:00:00,30,11.39,-105.5,996.1,58.7,52.44271887353332,91.74708628249532,63.67164066246126,30.89963258688257,68.08209623387704,52.44271887353332,13.924868492146931,9.427706354484538,13.672999813217178,0.0,0.0,0.0,0.0
2026-07-24 12:00:00,EP072026,40,2026-07-26 00:00:00,1 days 12:00:00,36,11.53,-106.64,993.0,65.7,24.828658719996383,149.4867766876308,110.68172165790315,73.78186375633628,126.24226714711293,70.35816148414327,48.52039355113936,26.212550628903283,54.44342433111214,27.47264442503887,17.781606875567736,10.57084387900829,21.24081454713135
2026-07-24 12:00:00,EP072026,40,2026-07-26 06:00:00,1 days 18:00:00,42,12.22,-107.83,980.6,75.7,24.601338578346763,171.2985185091717,121.41316528807803,70.35345033602538,128.6012981874673,65.35753578511188,47.27881393467575,25.477059292992543,49.51233047083063,25.024979516687623,17.59336826561921,10.91791231750762,19.667575824219103
2026-07-24 12:00:00,EP072026,40,2026-07-26 12:00:00,2 days 00:00:00,48,12.69,-109.03,984.7,77.2,30.24687542346984,193.16133221693468,141.7933262546151,79.4139792774004,141.23146500833383,80.35865827026541,62.14687663367182,36.0904804259259,61.24794434031894,33.00604988210684,26.20177779751361,16.77684657749611,25.72825410158213
2026-07-24 12:00:00,EP072026,40,2026-07-26 18:00:00,2 days 06:00:00,54,13.35,-110.22,973.4,87.8,16.77090015020557,291.2432832064925,236.64537916289757,167.81482256482258,222.1622108274318,141.7575909089898,120.43623393327944,90.3927478499852,114.75274020823484,67.5166113560832,59.60822597368971,46.65756252129518,57.43218359240875
2026-07-24 12:00:00,EP072026,40,2026-07-27 00:00:00,2 days 12:00:00,60,14.0,-111.23,967.3,95.6,16.06582667755997,258.7962761608495,230.4861758016865,141.8407971124999,209.13883587746855,141.77873604535506,116.54138824368783,82.61998904219412,112.16727417452344,68.2811340993101,59.50241440048356,46.17098108655162,58.43444469926324
2026-07-24 12:00:00,EP072026,40,2026-07-27 06:00:00,2 days 18:00:00,66,14.62,-112.18,966.0,104.6,19.703756022650865,207.63339208074055,151.68372541378264,86.50584728278486,166.75215673545873,86.12387367967793,61.65674677218419,38.873615320446106,71.46320807560846,38.75008747620063,29.729809530265666,20.118257785461985,31.67302241112349
2026-07-24 12:00:00,EP072026,40,2026-07-27 12:00:00,3 days 00:00:00,72,15.23,-112.82,966.7,96.6,9.45635073090586,253.32597583027035,203.6487860048116,138.43462552837352,209.159297756322,116.55112621177452,95.84756294605246,69.27974756125447,91.78688620834292,54.41314976316636,47.3668721972716,37.57826504337238,47.38682058799344
2026-07-24 12:00:00,EP072026,40,2026-07-27 18:00:00,3 days 06:00:00,78,15.75,-113.71,954.8,113.4,15.510586762999678,238.81906795467629,178.43731415920925,99.56753112160072,206.4668303841616,114.18975753127702,87.56302487223702,59.51034172622733,97.88181944272884,55.14089030486175,44.65567010234237,35.45005622023796,48.431450811521046
2026-07-24 12:00:00,EP072026,40,2026-07-28 00:00:00,3 days 12:00:00,84,15.99,-114.7,963.2,93.3,7.024150017452312,241.3152639117642,213.60072167019848,155.10552793818528,199.25936697570748,70.23272826630918,56.01612006486278,37.48440026572945,54.713313682931584,32.1102066148822,25.67843699450591,19.14063616981616,27.042958544136443
2026-07-24 12:00:00,EP072026,40,2026-07-28 06:00:00,3 days 18:00:00,90,16.51,-114.8,973.5,82.2,14.835755391770691,195.141493400679,173.45523981318175,120.43251196886226,146.80505097392674,87.14160431555143,74.49106800175508,51.57920632477503,71.35269849715783,38.45215789933515,32.93093887043001,23.72523338786361,31.73306271894974
2026-07-24 12:00:00,EP072026,40,2026-07-28 12:00:00,4 days 00:00:00,96,16.89,-115.55,961.4,100.4,19.66306516346572,226.09718917214377,190.32017485938832,133.10826336969535,185.9648541308179,100.65107956263635,80.26320457091947,54.897780024684494,83.47011153228084,48.0757606858603,38.932644688725645,29.11647258917685,40.26427598927864
2026-07-24 12:00:00,EP072026,40,2026-07-28 18:00:00,4 days 06:00:00,102,17.42,-115.95,969.9,91.1,29.546741738031525,200.31157769883717,158.4743158080285,125.84605208685072,165.30983264607863,94.03308967622807,79.56656781316309,61.203634193011936,79.31570521057401,45.37695466767872,39.73620622423299,31.00587460136918,39.04179418490977
2026-07-24 12:00:00,EP072026,40,2026-07-29 00:00:00,4 days 12:00:00,108,17.62,-116.65,971.7,82.7,36.80254613451649,263.1424504062373,235.64888966927697,177.6210026710963,216.07321523585244,77.33265626773454,62.202885458771306,40.99679037422106,64.57373182413326,36.80254613451649,28.89178904720352,20.497641301278804,29.308469250654632
2026-07-24 12:00:00,EP072026,40,2026-07-29 06:00:00,4 days 18:00:00,114,17.69,-117.26,966.6,89.7,22.666349121943025,262.0261368965414,204.80780819633023,161.78732193289548,213.8136265332706,48.95941748962133,34.51642050616808,21.56871068359851,38.5800718873221,22.666349121943025,15.783078699348165,10.272917964200444,17.56939666253201
2026-07-24 12:00:00,EP072026,40,2026-07-29 12:00:00,5 days 00:00:00,120,18.24,-117.96,976.3,79.3,69.72783670600559,373.676999218538,322.22854413640187,252.7490299323128,300.839816657509,99.58022227473816,79.39758038586146,54.10245854320357,81.46312474068927,69.72783670600559,37.28371842907703,26.548573363782022,38.67296022542364
2026-07-24 12:00:00,EP072026,40,2026-07-29 18:00:00,5 days 06:00:00,126,18.71,-118.83,973.8,79.5,43.96237145323392,240.20533780709684,201.7714756491669,151.88974105891805,199.07276093693304,116.72973989188084,97.58265913235186,71.59409136231042,97.40577552693128,54.96971117344654,46.037604302606326,34.75973693400418,45.80586463276683
2026-07-24 12:00:00,EP072026,40,2026-07-30 00:00:00,5 days 12:00:00,132,19.4,-119.61,973.7,79.5,7.285453587764842,249.8055358440416,227.3638071795292,155.62372178873056,208.53630156007875,119.87033233749833,102.11737991845456,72.35520440297495,99.3611332592707,56.70778497354311,47.803021764004576,35.515260059615386,46.72742982175237
2026-07-24 12:00:00,EP072026,40,2026-07-30 06:00:00,5 days 18:00:00,138,20.17,-120.61,985.6,66.6,38.7371321179213,193.0304293992692,162.73913094467378,111.25087057048783,161.28405764492737,81.58242486675735,68.48035121764593,47.85469258207645,67.65056793993274,38.7371321179213,31.03451103785692,23.1959653362182,31.05163388635281
2026-07-24 12:00:00,EP072026,40,2026-07-30 12:00:00,6 days 00:00:00,144,20.76,-121.73,985.8,63.7,59.53671277257156,277.4789068359252,255.90566649441303,199.27393728283573,243.19683498810207,59.53671277257156,25.56683952968732,17.138059712576407,24.22619514086778,0.0,0.0,0.0,0.0
2026-07-24 12:00:00,EP072026,40,2026-07-30 18:00:00,6 days 06:00:00,150,20.97,-122.79,996.0,52.3,64.68245217473407,194.3843516000718,165.99106245700213,140.31650871770148,169.57618999662006,111.04650403902852,104.81907280061944,89.46169023537865,94.93620471728666,0.0,0.0,0.0,0.0
2026-07-24 12:00:00,EP072026,40,2026-07-31 00:00:00,6 days 12:00:00,156,21.36,-123.96,997.9,47.2,47.79919789325596,191.6921737937572,158.72265731675313,120.82471943303383,170.90789465244902,0.0,0.0,0.0,0.0,0.0,0.0,0.0,0.0
2026-07-24 12:00:00,EP072026,40,2026-07-31 06:00:00,6 days 18:00:00,162,21.77,-124.92,997.7,50.1,52.58716224049852,201.2670402549144,181.74978182890163,148.75764419611932,183.89759893099108,52.58716224049852,40.09349057103823,32.98923122055881,36.01577382277518,0.0,0.0,0.0,0.0
2026-07-24 12:00:00,EP072026,40,2026-07-31 12:00:00,7 days 00:00:00,168,22.08,-126.16,1002.2,44.7,58.95132034130553,165.23134650983772,139.61455881793387,98.23286400261333,143.20722767869842,0.0,0.0,0.0,0.0,0.0,0.0,0.0,0.0
2026-07-24 12:00:00,EP072026,40,2026-07-31 18:00:00,7 days 06:00:00,174,22.37,-127.61,996.3,46.6,57.621385050381306,146.34459257643448,119.77090118419414,90.11817169768491,123.44297499402602,0.0,0.0,0.0,0.0,0.0,0.0,0.0,0.0
2026-07-24 12:00:00,EP072026,40,2026-08-01 00:00:00,7 days 12:00:00,180,22.81,-128.95,999.8,40.9,45.04192650306519,114.17865734991594,83.57663507303492,59.806165133623935,89.74096495343014,0.0,0.0,0.0,0.0,0.0,0.0,0.0,0.0
2026-07-24 12:00:00,EP072026,40,2026-08-01 06:00:00,7 days 18:00:00,186,23.28,-130.41,1001.1,40.1,45.63040382384221,199.03381451737573,166.07417542112404,126.49781491971068,161.2375096315329,0.0,0.0,0.0,0.0,0.0,0.0,0.0,0.0
2026-07-24 12:00:00,EP072026,40,2026-08-01 12:00:00,8 days 00:00:00,192,23.72,-131.92,1004.5,38.1,104.2753968723476,110.80721914943284,76.79304776491449,64.03989548967138,90.048533219387,0.0,0.0,0.0,0.0,0.0,0.0,0.0,0.0
2026-07-24 12:00:00,EP072026,40,2026-08-01 18:00:00,8 days 06:00:00,198,24.03,-133.59,1004.4,33.6,96.54580339309956,0.0,0.0,0.0,0.0,0.0,0.0,0.0,0.0,0.0,0.0,0.0,0.0
2026-07-24 12:00:00,EP072026,40,2026-08-02 00:00:00,8 days 12:00:00,204,25.01,-135.43,1006.8,27.0,49.446167500197575,0.0,0.0,0.0,0.0,0.0,0.0,0.0,0.0,0.0,0.0,0.0,0.0
2026-07-24 12:00:00,EP072026,40,2026-08-02 06:00:00,8 days 18:00:00,210,25.49,-137.13,1008.2,25.2,76.78262006239488,0.0,0.0,0.0,0.0,0.0,0.0,0.0,0.0,0.0,0.0,0.0,0.0
2026-07-24 12:00:00,EP072026,40,2026-08-02 12:00:00,9 days 00:00:00,216,25.49,-138.15,1011.6,27.5,134.05414671300008,0.0,0.0,0.0,0.0,0.0,0.0,0.0,0.0,0.0,0.0,0.0,0.0
2026-07-24 12:00:00,EP072026,40,2026-08-02 18:00:00,9 days 06:00:00,222,26.87,-139.11,1005.7,29.4,75.12586010215459,0.0,0.0,0.0,0.0,0.0,0.0,0.0,0.0,0.0,0.0,0.0,0.0
2026-07-24 12:00:00,EP072026,40,2026-08-03 00:00:00,9 days 12:00:00,228,26.35,-140.88,1009.7,25.1,107.5586210137767,0.0,0.0,0.0,0.0,0.0,0.0,0.0,0.0,0.0,0.0,0.0,0.0
2026-07-24 12:00:00,WP112026,40,2026-07-24 12:00:00,0 days 00:00:00,0,19.7,120.4,991.0,60.0,37.0,139.0,93.0,84.0,139.0,,,,,0.0,0.0,0.0,0.0
2026-07-24 12:00:00,WP112026,40,2026-07-24 18:00:00,0 days 06:00:00,6,20.09,119.28,968.9,90.7,19.10661265480249,214.5333103342473,168.28344894908616,157.65833777429097,197.82230418225612,107.92677141271902,89.56871526833947,70.13981382548636,94.5961749171462,51.85684286466048,44.0530945637456,33.395075433158965,43.57643828846533
2026-07-24 12:00:00,WP112026,40,2026-07-25 00:00:00,0 days 12:00:00,12,20.79,118.07,960.0,88.4,37.96773057463775,235.4240479421542,189.8502134054181,183.4591629823148,214.7435837011084,128.27978130627153,117.88689932952526,98.39180110778888,116.09069032071744,66.6281393958631,60.61995798741462,49.80482375319108,58.35987247527595
2026-07-24 12:00:00,WP112026,40,2026-07-25 06:00:00,0 days 18:00:00,18,21.56,116.86,956.5,99.4,20.127429955605837,235.82343556132295,211.69469153295907,175.7214226498142,202.6661083346472,124.77307744972664,111.19357808785117,88.87766859199115,107.6264685559174,64.84128956726332,58.20030983754789,47.25266961568177,55.52777946650588
2026-07-24 12:00:00,WP112026,40,2026-07-25 12:00:00,1 days 00:00:00,24,22.1,115.58,948.0,93.1,5.242873805260851,231.6771435749737,203.9362010608316,189.60621403928616,214.67619018438356,120.27374099499409,110.1808700748916,92.89895565864632,107.5628805755196,65.0657472003505,59.66222476417559,49.66590713977363,56.71362715186992
2026-07-24 12:00:00,WP112026,40,2026-07-25 18:00:00,1 days 06:00:00,30,22.68,115.05,958.6,85.8,23.505260115493115,188.002316614351,165.17479561046002,134.82213216646096,151.92685144440975,97.9406543135533,82.28972183058431,64.4541296564397,82.98719609847967,49.28523846226915,42.96669091404272,34.4430260326738,42.51376711736612
2026-07-24 12:00:00,WP112026,40,2026-07-26 00:00:00,1 days 12:00:00,36,23.35,114.22,975.2,63.9,10.8859782100767,146.69538474306228,135.2166948257236,95.29377603806417,117.21106271564122,63.19545879356747,55.79350709592336,40.372825635253776,51.678471525026,0.0,0.0,0.0,0.0
2026-07-24 12:00:00,WP112026,40,2026-07-26 06:00:00,1 days 18:00:00,42,23.98,114.09,986.6,49.8,33.58577607225708,193.58532502631112,184.7250367964893,148.1697412292093,168.48733064233707,0.0,0.0,0.0,0.0,0.0,0.0,0.0,0.0
2026-07-24 12:00:00,WP112026,40,2026-07-26 12:00:00,2 days 00:00:00,48,24.35,113.94,995.7,29.9,75.19979906808254,0.0,0.0,0.0,0.0,0.0,0.0,0.0,0.0,0.0,0.0,0.0,0.0
2026-07-24 12:00:00,WP112026,40,2026-07-26 18:00:00,2 days 06:00:00,54,25.56,113.5,996.2,26.1,67.33864396182227,0.0,0.0,0.0,0.0,0.0,0.0,0.0,0.0,0.0,0.0,0.0,0.0
2026-07-24 12:00:00,WP112026,40,2026-07-27 00:00:00,2 days 12:00:00,60,26.66,112.81,1001.9,18.2,140.70853685205262,0.0,0.0,0.0,0.0,0.0,0.0,0.0,0.0,0.0,0.0,0.0,0.0
2026-07-24 12:00:00,WP112026,40,2026-07-27 06:00:00,2 days 18:00:00,66,27.8,112.71,1002.7,18.4,72.3881894030161,0.0,0.0,0.0,0.0,0.0,0.0,0.0,0.0,0.0,0.0,0.0,0.0
2026-07-24 12:00:00,WP112026,40,2026-07-27 12:00:00,3 days 00:00:00,72,28.47,112.04,1001.5,14.3,132.5496924425953,0.0,0.0,0.0,0.0,0.0,0.0,0.0,0.0,0.0,0.0,0.0,0.0
2026-07-24 12:00:00,WP112026,40,2026-07-27 18:00:00,3 days 06:00:00,78,28.82,110.69,1002.9,20.2,65.71964565808686,0.0,0.0,0.0,0.0,0.0,0.0,0.0,0.0,0.0,0.0,0.0,0.0
2026-07-24 12:00:00,EP062026,41,2026-07-24 12:00:00,0 days 00:00:00,0,18.5,-130.6,970.0,89.0,37.0,297.0,185.0,111.0,297.0,148.0,74.0,56.0,111.0,74.0,37.0,28.0,56.0
2026-07-24 12:00:00,EP062026,41,2026-07-24 18:00:00,0 days 06:00:00,6,18.74,-131.75,977.8,75.3,37.13601508904884,262.4942487345233,202.24997636875543,140.3230516609201,236.64377837229725,120.86825404511067,89.22837790149512,61.19573965864743,101.30265826752569,50.69965951872998,40.4220057664466,29.430469563526326,42.27908571563879
2026-07-24 12:00:00,EP062026,41,2026-07-25 00:00:00,0 days 12:00:00,12,18.98,-133.23,984.3,70.1,47.68910866891858,302.67388595504474,240.8490979300324,182.9594384158233,254.9727471113606,120.6997295411902,90.73710960226776,64.07123530779444,95.10755279428167,47.68910866891858,26.39269213871617,18.42364175778127,26.910925722310356
2026-07-24 12:00:00,EP062026,41,2026-07-25 06:00:00,0 days 18:00:00,18,18.92,-134.38,986.9,67.3,59.61078761471512,274.4684719574809,232.49904291384257,176.88611937000542,234.66160411010537,66.78545269343829,48.68839338963818,28.59813402832333,50.154618691259714,59.61078761471512,2.1281337459568768,0.0,3.696267075658813
2026-07-24 12:00:00,EP062026,41,2026-07-25 12:00:00,1 days 00:00:00,24,19.3,-135.77,983.8,69.3,31.487849168757407,200.1102225956465,152.40467318033188,102.06691870760449,171.86412193860315,84.56335572158991,62.87860290992751,42.48819086755623,67.34578698938492,34.38383747959739,28.57611625670773,20.770114709990764,28.78117719924532
2026-07-24 12:00:00,EP062026,41,2026-07-25 18:00:00,1 days 06:00:00,30,19.17,-136.76,986.8,69.5,47.02335502040162,216.6077672386006,162.68881358444335,120.2270736747156,185.0546673154728,92.52372191331064,68.95018962053786,50.80394257380062,77.79976299162252,47.02335502040162,28.29369918295981,21.64143882460964,29.86341917920545
2026-07-24 12:00:00,EP062026,41,2026-07-26 00:00:00,1 days 12:00:00,36,19.39,-137.64,990.3,57.4,29.84475282389505,230.85995290550372,187.27921109244028,140.83212849551785,199.530483039827,78.19245330879085,63.769293009598016,43.15991071431032,62.32096989294547,0.0,0.0,0.0,0.0
2026-07-24 12:00:00,EP062026,41,2026-07-26 06:00:00,1 days 18:00:00,42,19.83,-138.74,975.1,84.2,37.90141616231752,249.5580504156616,192.6125644345485,140.1984021639118,193.87258289438657,137.65611175746497,113.29313170650492,87.06863640523832,113.06494684624158,62.91780325691117,54.75903473918957,42.34791003615113,54.017447662064335
2026-07-24 12:00:00,EP062026,41,2026-07-26 12:00:00,2 days 00:00:00,48,19.78,-139.56,984.2,65.8,44.350374045417,247.4273789398516,198.025039394246,147.32517659699653,199.91142819187863,45.678654503495366,30.88069955787049,18.79374053005595,34.69008734494865,44.350374045417,0.0,0.0,0.0
2026-07-24 12:00:00,EP062026,41,2026-07-26 18:00:00,2 days 06:00:00,54,19.98,-140.97,991.9,55.4,46.83210093218633,206.1850983566626,162.00239715448618,120.89972808895422,164.0392238376625,48.8268536383204,33.14139447366328,20.18193485752982,37.08307835202581,0.0,0.0,0.0,0.0
2026-07-24 12:00:00,EP062026,41,2026-07-27 00:00:00,2 days 12:00:00,60,20.04,-141.92,992.4,57.7,36.95514589828739,189.61739351957232,145.81110954783486,102.94922565930318,147.92148962903553,36.95514589828739,9.487011574248124,2.850651604845172,12.769412485780776,0.0,0.0,0.0,0.0
2026-07-24 12:00:00,EP062026,41,2026-07-27 06:00:00,2 days 18:00:00,66,20.25,-143.33,998.8,51.2,65.79597673021986,134.18017917562838,94.89094316573532,53.81280884874175,95.03867083898795,65.79597673021986,0.0,0.0,1.3976296107436657,0.0,0.0,0.0,0.0
2026-07-24 12:00:00,EP062026,41,2026-07-27 12:00:00,3 days 00:00:00,72,20.39,-144.78,994.7,54.2,46.02450361747567,222.40119808951368,165.00915961667306,122.45361757170213,192.57578579818204,91.35797925753768,69.98122943859849,48.11753254981837,72.26083071613522,0.0,0.0,0.0,0.0
2026-07-24 12:00:00,EP062026,41,2026-07-27 18:00:00,3 days 06:00:00,78,20.45,-146.11,996.7,47.4,20.3623939108769,205.74500720916265,138.8575448205226,98.84641662457597,170.35956718917356,0.0,0.0,0.0,0.0,0.0,0.0,0.0,0.0
2026-07-24 12:00:00,EP062026,41,2026-07-28 00:00:00,3 days 12:00:00,84,20.64,-147.76,998.8,51.2,100.42048496412347,238.5329062714825,193.57967697327533,150.87843447191244,192.79792381322116,100.42048496412347,32.74745397205203,21.786225646829934,32.170194604666165,0.0,0.0,0.0,0.0
2026-07-24 12:00:00,EP062026,41,2026-07-28 06:00:00,3 days 18:00:00,90,20.23,-148.78,997.5,50.9,70.88851600606306,164.01908154906337,126.06104167076488,83.65309130516104,125.55440302838709,70.88851600606306,6.642767869532555,2.4222587893654017,7.041574188042383,0.0,0.0,0.0,0.0
2026-07-24 12:00:00,EP062026,41,2026-07-28 12:00:00,4 days 00:00:00,96,20.52,-150.56,1000.4,47.3,124.21576796869984,124.21576796869984,15.0171394350788,0.8116042517983573,22.74537591613481,0.0,0.0,0.0,0.0,0.0,0.0,0.0,0.0
2026-07-24 12:00:00,EP062026,41,2026-07-28 18:00:00,4 days 06:00:00,102,20.65,-151.9,1003.7,37.1,58.871733381212366,58.871733381212366,4.966899528211771,0.0,14.131957448872257,0.0,0.0,0.0,0.0,0.0,0.0,0.0,0.0
2026-07-24 12:00:00,EP062026,41,2026-07-29 00:00:00,4 days 12:00:00,108,20.89,-153.31,1006.5,37.1,70.33829050772235,328.815166354235,280.5332580524685,234.3174918646652,278.02718774741504,0.0,0.0,0.0,0.0,0.0,0.0,0.0,0.0
2026-07-24 12:00:00,EP062026,41,2026-07-29 06:00:00,4 days 18:00:00,114,20.83,-155.27,1005.8,40.6,132.96853520855385,132.96853520855385,25.6122823447565,3.098052450048268,26.13666546472664,0.0,0.0,0.0,0.0,0.0,0.0,0.0,0.0
2026-07-24 12:00:00,EP062026,41,2026-07-29 12:00:00,5 days 00:00:00,120,21.24,-156.44,1007.4,31.0,56.72761426360725,0.0,0.0,0.0,0.0,0.0,0.0,0.0,0.0,0.0,0.0,0.0,0.0
2026-07-24 12:00:00,EP062026,41,2026-07-29 18:00:00,5 days 06:00:00,126,21.52,-158.28,1009.8,35.7,179.4893698236114,7.861929463155107,1.6906825341096263,0.0,179.4893698236114,0.0,0.0,0.0,0.0,0.0,0.0,0.0,0.0
2026-07-24 12:00:00,EP062026,41,2026-07-30 00:00:00,5 days 12:00:00,132,21.62,-159.36,1008.1,34.9,65.171954832221,65.171954832221,9.306758304283044,2.5446135776120613,6.311142958327682,0.0,0.0,0.0,0.0,0.0,0.0,0.0,0.0
2026-07-24 12:00:00,EP062026,41,2026-07-30 06:00:00,5 days 18:00:00,138,21.33,-161.02,1011.2,22.4,106.3922671970759,0.0,0.0,0.0,0.0,0.0,0.0,0.0,0.0,0.0,0.0,0.0,0.0
2026-07-24 12:00:00,EP062026,41,2026-07-30 12:00:00,6 days 00:00:00,144,21.34,-161.94,1007.6,25.6,68.12426314413639,0.0,0.0,0.0,0.0,0.0,0.0,0.0,0.0,0.0,0.0,0.0,0.0
2026-07-24 12:00:00,EP062026,41,2026-07-30 18:00:00,6 days 06:00:00,150,22.08,-162.79,1009.9,20.8,116.07687777324976,0.0,0.0,0.0,0.0,0.0,0.0,0.0,0.0,0.0,0.0,0.0,0.0
2026-07-24 12:00:00,EP072026,41,2026-07-24 12:00:00,0 days 00:00:00,0,8.9,-99.9,1005.0,29.0,93.0,0.0,0.0,0.0,0.0,0.0,0.0,0.0,0.0,0.0,0.0,0.0,0.0
2026-07-24 12:00:00,EP072026,41,2026-07-24 18:00:00,0 days 06:00:00,6,8.99,-101.08,1001.6,39.5,68.91166970298264,68.91166970298264,10.52669790598073,4.053125509803016,19.169803127063226,0.0,0.0,0.0,0.0,0.0,0.0,0.0,0.0
2026-07-24 12:00:00,EP072026,41,2026-07-25 00:00:00,0 days 12:00:00,12,9.22,-101.95,1005.0,43.8,69.53551611419198,69.53551611419198,3.5067011983374456,4.071016395634812,16.704939090896136,0.0,0.0,0.0,0.0,0.0,0.0,0.0,0.0
2026-07-24 12:00:00,EP072026,41,2026-07-25 06:00:00,0 days 18:00:00,18,9.84,-102.88,1004.2,41.5,120.43672846520508,120.43672846520508,9.546077997908704,1.2526179417566825,10.278100591872471,0.0,0.0,0.0,0.0,0.0,0.0,0.0,0.0
2026-07-24 12:00:00,EP072026,41,2026-07-25 12:00:00,1 days 00:00:00,24,10.57,-103.3,1006.5,33.4,121.3637403929704,0.0,0.0,0.0,0.0,0.0,0.0,0.0,0.0,0.0,0.0,0.0,0.0
2026-07-24 12:00:00,EP072026,41,2026-07-25 18:00:00,1 days 06:00:00,30,11.22,-104.99,1003.1,40.7,58.77847082048402,192.8590958708229,167.68375394626526,121.52922428426945,156.0985375912835,0.0,0.0,0.0,0.0,0.0,0.0,0.0,0.0
2026-07-24 12:00:00,EP072026,41,2026-07-26 00:00:00,1 days 12:00:00,36,11.6,-106.63,1000.8,46.1,53.25946911128534,129.45695436051713,104.13349633870288,65.88197935943427,95.9272841391781,0.0,0.0,0.0,0.0,0.0,0.0,0.0,0.0
2026-07-24 12:00:00,EP072026,41,2026-07-26 06:00:00,1 days 18:00:00,42,11.87,-107.92,989.8,58.8,40.71509015068,206.0819682896854,183.75412420400608,149.24443480084756,166.17628472867457,42.97152783152012,32.88866247574441,23.04651328910313,31.30684812256959,0.0,0.0,0.0,0.0
2026-07-24 12:00:00,EP072026,41,2026-07-26 12:00:00,2 days 00:00:00,48,12.87,-109.24,990.7,63.1,32.15792660867501,266.82650029569834,230.77733520443223,156.99505985134547,207.4493341611212,68.83563325443428,51.57868487528485,28.899176849848683,48.26272370127245,0.0,0.0,0.0,0.0
2026-07-24 12:00:00,EP072026,41,2026-07-26 18:00:00,2 days 06:00:00,54,13.38,-110.64,986.9,68.1,35.17743404738496,241.32973137618865,190.9029025452392,135.91988592435746,201.50179891388507,91.31982301384096,69.51698177248363,47.47834935663366,71.96545466850671,35.17743404738496,21.8590795295716,16.210829567358473,22.53274020761478
2026-07-24 12:00:00,EP072026,41,2026-07-27 00:00:00,2 days 12:00:00,60,13.89,-111.56,985.1,73.6,35.499431785704104,210.77089736926465,153.227654256895,98.74709304378862,159.17410214839265,100.67920726371092,79.6102365292135,58.73926887383203,81.26528400349932,40.751025844815445,34.672849877084005,26.104739441066712,34.609466489576334
2026-07-24 12:00:00,EP072026,41,2026-07-27 06:00:00,2 days 18:00:00,66,14.57,-112.39,964.7,99.6,17.93464950939411,187.0814859610283,159.80017790170228,105.43850365564568,151.2885711211908,63.885499739034486,46.96989228166521,31.83478673563582,51.98091431813114,27.65786776664089,22.06884936983569,16.061646902786535,23.3178540032274
2026-07-24 12:00:00,EP072026,41,2026-07-27 12:00:00,3 days 00:00:00,72,15.3,-113.02,950.5,113.2,26.067787004024453,261.6430371148444,228.26410423251383,142.28378254015564,212.95110656010013,141.46291653348436,113.7600285674576,81.443404290942,115.07356234747198,74.3906654839376,63.69130396424585,49.34596306436052,63.400049768690366
2026-07-24 12:00:00,EP072026,41,2026-07-27 18:00:00,3 days 06:00:00,78,16.14,-113.81,963.3,100.7,19.15147149613156,212.81240372704764,194.02752090312748,106.46375131742644,152.6459254732918,68.74826025514996,52.3605434561037,26.991904391447036,48.89061996849495,33.21195487454473,26.80135763220965,17.771156739006834,26.47948156337908
2026-07-24 12:00:00,EP072026,41,2026-07-28 00:00:00,3 days 12:00:00,84,16.71,-114.52,951.4,107.7,27.43425644788452,249.10072112228428,204.72696738852085,121.01007357570607,211.8560611781349,120.17239876000436,94.25566071827468,65.26032809654458,98.19838058592376,67.00882616899364,55.52577419841974,41.916197300374726,56.14526067875812
2026-07-24 12:00:00,EP072026,41,2026-07-28 06:00:00,3 days 18:00:00,90,17.4,-115.3,960.3,96.9,21.501243793284296,245.30106065340715,207.06684307204776,139.31634128862487,169.05404560214737,134.0736936847855,114.30538291631302,90.2910951118896,105.76941921074877,72.060465727994,66.50893746223602,53.42617582062048,63.31253603928131
2026-07-24 12:00:00,EP072026,41,2026-07-28 12:00:00,4 days 00:00:00,96,17.97,-115.98,966.2,89.8,31.241658511971316,297.03214349263953,242.78141029767664,162.1634679540287,247.54971414959303,149.88026668000407,120.63340980537598,85.64325231757076,119.0679630872266,63.49818380181132,53.11352567370295,40.28856601340987,53.58966182174038
2026-07-24 12:00:00,EP072026,41,2026-07-28 18:00:00,4 days 06:00:00,102,18.5,-116.81,979.2,76.3,30.420637875667328,251.7189365956793,198.75843239266544,149.1757463723793,212.7343956850436,134.78764548709296,111.61986452376664,87.96395554745698,113.25439460254992,58.0400819916889,51.23180075583791,40.53595486075245,49.94137930929089
2026-07-24 12:00:00,EP072026,41,2026-07-29 00:00:00,4 days 12:00:00,108,18.66,-117.45,982.9,71.8,32.52589692628263,206.40753285358863,167.70539300351618,113.70446949378224,162.6164044105845,83.61117420602443,67.88644480387332,47.264173787450936,65.45703114178968,32.52589692628263,27.31874301095562,20.201324565984805,26.282185080755703
2026-07-24 12:00:00,EP072026,41,2026-07-29 06:00:00,4 days 18:00:00,114,18.98,-118.58,983.3,69.7,39.95438664160109,269.8533380870354,201.9095932015146,156.8567492502277,220.7449583691088,133.69453263492795,106.16472366483684,80.26482470545689,111.0067498542518,50.24861084543642,42.28303880769872,32.639784697642945,42.93501141579473
2026-07-24 12:00:00,EP072026,41,2026-07-29 12:00:00,5 days 00:00:00,120,19.25,-119.24,981.6,70.4,56.58119539661719,272.3343608872052,230.61851518162337,176.59234628575064,233.148375269721,93.83904061567006,73.51844832576106,51.47835391865118,74.59734573221144,56.58119539661719,16.769031142835743,11.9120370222911,16.978093650401252
2026-07-24 12:00:00,EP072026,41,2026-07-29 18:00:00,5 days 06:00:00,126,19.68,-120.04,984.2,67.0,63.96568200332522,231.68215167878083,194.48282889469525,126.196203761519,169.02311534439866,63.96568200332522,23.389809721575343,8.686501095768467,21.731915863668856,63.96568200332522,0.0,0.0,0.0
2026-07-24 12:00:00,EP072026,41,2026-07-30 00:00:00,5 days 12:00:00,132,20.29,-121.26,989.2,57.2,30.488336445903386,295.6412678345215,234.347919720527,154.70634328005485,222.54765566167816,54.03085611913575,36.794063974039176,17.589074161623515,34.14041500952513,0.0,0.0,0.0,0.0
2026-07-24 12:00:00,EP072026,41,2026-07-30 06:00:00,5 days 18:00:00,138,20.77,-121.94,997.2,48.0,31.281493709466574,231.4880303285936,188.8248879028626,127.0750282050893,188.9530186215036,0.0,0.0,0.0,0.0,0.0,0.0,0.0,0.0
2026-07-24 12:00:00,EP072026,41,2026-07-30 12:00:00,6 days 00:00:00,144,21.33,-123.28,996.9,50.9,53.00220760233201,264.0942108126846,215.785809567522,160.7835042586833,207.8852421756998,53.00220760233201,41.215183523363066,25.70012902133649,36.13260301410031,0.0,0.0,0.0,0.0
2026-07-24 12:00:00,EP072026,41,2026-07-30 18:00:00,6 days 06:00:00,150,21.6,-124.27,1002.1,47.5,47.155941488002895,182.51175273460157,145.61608679982743,109.26275919068638,140.4536663121698,0.0,0.0,0.0,0.0,0.0,0.0,0.0,0.0
2026-07-24 12:00:00,EP072026,41,2026-07-31 00:00:00,6 days 12:00:00,156,22.14,-125.13,998.1,45.9,72.41266591993394,189.16593794559117,143.855610149244,113.39170408544835,152.61435785054408,0.0,0.0,0.0,0.0,0.0,0.0,0.0,0.0
2026-07-24 12:00:00,EP072026,41,2026-07-31 06:00:00,6 days 18:00:00,162,22.4,-126.47,1003.6,38.6,75.151421545917,149.91220498029975,120.33741085024326,84.719393956396,115.02910021886686,0.0,0.0,0.0,0.0,0.0,0.0,0.0,0.0
2026-07-24 12:00:00,EP072026,41,2026-07-31 12:00:00,7 days 00:00:00,168,22.49,-127.4,1003.4,43.0,38.31049091272977,49.04622675221626,19.88983101108946,11.340624141346844,39.938275684584426,0.0,0.0,0.0,0.0,0.0,0.0,0.0,0.0
2026-07-24 12:00:00,EP072026,41,2026-07-31 18:00:00,7 days 06:00:00,174,22.86,-128.79,1004.8,38.2,45.30480448886583,45.30480448886583,2.1889327881498044,0.0,18.45064411772259,0.0,0.0,0.0,0.0,0.0,0.0,0.0,0.0
2026-07-24 12:00:00,EP072026,41,2026-08-01 00:00:00,7 days 12:00:00,180,23.0,-130.17,1007.2,36.8,130.10335097584007,130.10335097584007,30.843203646787,25.262716312422832,41.37828378160704,0.0,0.0,0.0,0.0,0.0,0.0,0.0,0.0
2026-07-24 12:00:00,EP072026,41,2026-08-01 06:00:00,7 days 18:00:00,186,22.93,-131.76,1008.5,34.2,102.48413495131688,102.48413495131688,0.0,0.0,5.029227495117289,0.0,0.0,0.0,0.0,0.0,0.0,0.0,0.0
2026-07-24 12:00:00,EP072026,41,2026-08-01 12:00:00,8 days 00:00:00,192,23.1,-133.54,1007.2,32.8,64.14764393531871,0.0,0.0,0.0,0.0,0.0,0.0,0.0,0.0,0.0,0.0,0.0,0.0
2026-07-24 12:00:00,EP072026,41,2026-08-01 18:00:00,8 days 06:00:00,198,23.3,-135.37,1007.4,30.9,96.10327887791794,0.0,0.0,0.0,0.0,0.0,0.0,0.0,0.0,0.0,0.0,0.0,0.0
2026-07-24 12:00:00,EP072026,41,2026-08-02 00:00:00,8 days 12:00:00,204,23.2,-137.48,1005.8,28.9,108.20161196626944,0.0,0.0,0.0,0.0,0.0,0.0,0.0,0.0,0.0,0.0,0.0,0.0
2026-07-24 12:00:00,EP072026,41,2026-08-02 06:00:00,8 days 18:00:00,210,22.85,-139.49,1009.4,28.1,71.91504844924837,0.0,0.0,0.0,0.0,0.0,0.0,0.0,0.0,0.0,0.0,0.0,0.0
2026-07-24 12:00:00,EP072026,41,2026-08-02 12:00:00,9 days 00:00:00,216,22.77,-141.24,1005.6,25.5,119.21303007263523,0.0,0.0,0.0,0.0,0.0,0.0,0.0,0.0,0.0,0.0,0.0,0.0
2026-07-24 12:00:00,WP112026,41,2026-07-24 12:00:00,0 days 00:00:00,0,19.7,120.4,991.0,60.0,37.0,139.0,93.0,84.0,139.0,,,,,0.0,0.0,0.0,0.0
2026-07-24 12:00:00,WP112026,41,2026-07-24 18:00:00,0 days 06:00:00,6,19.96,118.96,968.3,84.2,39.11718310374008,182.5749091752017,135.42057240769495,109.17065830712836,170.6412043431611,128.32009217496267,105.87673050907298,87.27116315667885,114.26052595948155,74.08622578794045,63.58851863785813,52.33801110483759,63.102456374606405
2026-07-24 12:00:00,WP112026,41,2026-07-25 00:00:00,0 days 12:00:00,12,20.81,118.05,955.9,102.8,21.34376051712892,241.0972167297424,223.4896960385052,181.1555284892317,192.6929230898612,52.86858687999866,41.88458221430932,26.45380136288201,38.51001644640928,21.34376051712892,9.548471111268425,6.456650455402218,10.06954613303677
2026-07-24 12:00:00,WP112026,41,2026-07-25 06:00:00,0 days 18:00:00,18,21.31,116.97,955.8,103.2,42.15955502124168,269.72998708452644,244.7475414960523,188.9419611693859,216.76443663042096,51.00746796580455,38.07638689961684,17.720779743898653,33.81287133626858,42.15955502124168,2.590329781180597,0.0,4.377329439235683
2026-07-24 12:00:00,WP112026,41,2026-07-25 12:00:00,1 days 00:00:00,24,21.92,116.02,928.7,129.6,5.081846404059348,244.89028433898895,220.48388211095232,168.06685480848358,217.04502250567805,59.31249261780712,40.48915969379986,24.965782622209616,47.84700987014261,32.53628248502834,24.17341930296845,17.840289959940385,27.77681285371365
2026-07-24 12:00:00,WP112026,41,2026-07-25 18:00:00,1 days 06:00:00,30,22.48,115.16,950.8,104.6,34.797358793239155,234.33793962369367,182.9713779168031,132.5658482492937,194.3446505226109,106.2277496061652,81.49728184826421,62.92866502628124,90.20476368414904,59.56585877421024,49.08470438816619,38.82724157670591,51.30484120143316
2026-07-24 12:00:00,WP112026,41,2026-07-26 00:00:00,1 days 12:00:00,36,23.06,114.72,972.4,67.6,50.80725798075786,206.542143111533,185.57844977286945,157.34423891270643,158.13057710445838,72.0538251294468,61.540737987001776,45.489578373090886,55.0820960268913,50.80725798075786,19.572760743479957,14.858103627826289,16.985574263617778
2026-07-24 12:00:00,WP112026,41,2026-07-26 06:00:00,1 days 18:00:00,42,23.73,114.31,973.9,74.7,18.213583578856472,298.8963924467896,278.77282686270473,197.26046072892143,221.4134496114492,89.01577868753735,74.74360605487234,47.01364613726031,61.41970651200546,18.213583578856472,8.893941468330333,3.955445840559608,7.463046234990055
2026-07-24 12:00:00,WP112026,41,2026-07-26 12:00:00,2 days 00:00:00,48,24.36,113.95,992.1,34.2,60.96073178495479,60.96073178495479,4.288845831196451,0.0,4.060545648474115,0.0,0.0,0.0,0.0,0.0,0.0,0.0,0.0
2026-07-24 12:00:00,WP112026,41,2026-07-26 18:00:00,2 days 06:00:00,54,25.02,114.23,996.4,25.0,47.76051822591256,0.0,0.0,0.0,0.0,0.0,0.0,0.0,0.0,0.0,0.0,0.0,0.0
2026-07-24 12:00:00,WP112026,41,2026-07-27 00:00:00,2 days 12:00:00,60,25.69,113.9,1000.7,20.3,61.31927009954131,0.0,0.0,0.0,0.0,0.0,0.0,0.0,0.0,0.0,0.0,0.0,0.0
2026-07-24 12:00:00,WP112026,41,2026-07-27 06:00:00,2 days 18:00:00,66,26.99,113.75,1005.5,11.4,129.19681514255714,0.0,0.0,0.0,0.0,0.0,0.0,0.0,0.0,0.0,0.0,0.0,0.0
2026-07-24 12:00:00,WP112026,41,2026-07-27 12:00:00,3 days 00:00:00,72,27.9,112.89,1002.4,17.8,99.39793712938254,0.0,0.0,0.0,0.0,0.0,0.0,0.0,0.0,0.0,0.0,0.0,0.0
2026-07-24 12:00:00,WP112026,41,2026-07-27 18:00:00,3 days 06:00:00,78,28.58,112.95,1005.5,18.8,42.95988944897593,0.0,0.0,0.0,0.0,0.0,0.0,0.0,0.0,0.0,0.0,0.0,0.0
2026-07-24 12:00:00,WP112026,41,2026-07-28 00:00:00,3 days 12:00:00,84,28.9,112.29,1006.2,15.1,101.75217765175694,0.0,0.0,0.0,0.0,0.0,0.0,0.0,0.0,0.0,0.0,0.0,0.0
2026-07-24 12:00:00,EP062026,42,2026-07-24 12:00:00,0 days 00:00:00,0,18.5,-130.6,970.0,89.0,37.0,297.0,185.0,111.0,297.0,148.0,74.0,56.0,111.0,74.0,37.0,28.0,56.0
2026-07-24 12:00:00,EP062026,42,2026-07-24 18:00:00,0 days 06:00:00,6,18.54,-132.04,976.2,79.5,26.4701926192851,256.1491042051404,204.98405873551727,169.56721398403238,223.2207464063372,121.9018520405811,106.8106084405314,85.9951136215291,104.24831995967872,58.05833505940079,52.66543175370419,42.77784640881515,49.57697153125612
2026-07-24 12:00:00,EP062026,42,2026-07-25 00:00:00,0 days 12:00:00,12,18.59,-133.16,974.4,80.3,30.10895599151406,230.2188138868671,196.64344894105284,163.07404804062614,200.89822572330732,40.57091173418086,31.91056669395021,22.55549261818869,33.402480198281246,30.10895599151406,0.9287624284344104,0.0866656443032236,1.7734240496945568
2026-07-24 12:00:00,EP062026,42,2026-07-25 06:00:00,0 days 18:00:00,18,18.85,-134.47,984.0,69.7,34.75535635566867,243.9194672685028,182.53029620823384,135.20027559275786,207.9544726214715,111.3139310662038,94.20243540677232,68.63882037299004,93.7669944358912,34.75535635566867,15.615677966510011,11.24602488642217,15.537582816331152
2026-07-24 12:00:00,EP062026,42,2026-07-25 12:00:00,1 days 00:00:00,24,19.17,-135.74,979.9,75.3,32.89183011520101,221.69206728857404,161.15228718801373,129.77259992374118,183.6183374951484,78.60497278098912,61.00691480723704,43.5505603818558,64.61657812350253,32.89183011520101,4.549531545745366,2.279252741682376,6.387984443817788
2026-07-24 12:00:00,EP062026,42,2026-07-25 18:00:00,1 days 06:00:00,30,19.12,-136.74,991.0,65.6,57.73963113804111,252.9464560718419,197.29248056936905,156.61424892987952,219.88995346407145,119.69631701149154,101.1977657792893,71.09768274802472,98.18842070008384,57.73963113804111,0.0,0.0,1.2414304828203355
2026-07-24 12:00:00,EP062026,42,2026-07-26 00:00:00,1 days 12:00:00,36,19.55,-138.27,990.1,59.2,81.69701475806578,261.51882064033464,201.05376763033848,155.15690901923523,220.6205920444353,81.69701475806578,53.64492316990272,38.77986329816958,53.88904956122845,0.0,0.0,0.0,0.0
2026-07-24 12:00:00,EP062026,42,2026-07-26 06:00:00,1 days 18:00:00,42,19.4,-139.29,992.3,56.1,63.30039388254659,268.6388452318421,223.20271081846488,175.89507491625864,224.7686643057541,63.30039388254659,42.64552971531356,27.533768671970265,42.02736369483128,0.0,0.0,0.0,0.0
2026-07-24 12:00:00,EP062026,42,2026-07-26 12:00:00,2 days 00:00:00,48,19.65,-140.44,990.7,59.1,61.23940853843236,285.3560525385322,213.0649651730707,163.33321621406157,233.051636342934,123.6323326162701,103.80363655349052,72.84298023858256,100.18014066051202,0.0,0.0,0.0,0.0
2026-07-24 12:00:00,EP062026,42,2026-07-26 18:00:00,2 days 06:00:00,54,19.77,-141.66,998.5,54.1,113.31818377024706,327.51464079111065,274.1227126172994,214.10329765772167,280.6655240442024,113.31818377024706,41.15341638631179,28.303388778746296,40.18685535853854,0.0,0.0,0.0,0.0
2026-07-24 12:00:00,EP062026,42,2026-07-27 00:00:00,2 days 12:00:00,60,19.93,-143.25,994.5,54.7,81.5170123387677,256.5308044665377,202.35309936501,161.11115448931912,209.6607940958285,98.11541671353272,82.30575590505586,58.83305814691633,80.28673572207407,0.0,0.0,0.0,0.0
2026-07-24 12:00:00,EP062026,42,2026-07-27 06:00:00,2 days 18:00:00,66,20.24,-144.36,992.8,53.7,36.82359208879399,288.4771569185459,219.942601733246,171.96757885324132,251.93054748497207,142.41016676160552,120.2311634737182,87.40590885209474,119.10144625591217,0.0,0.0,0.0,0.0
2026-07-24 12:00:00,EP062026,42,2026-07-27 12:00:00,3 days 00:00:00,72,20.25,-145.73,992.1,63.9,38.816005292248434,132.18599991735556,89.76429434668444,65.05939650465797,112.04358024462744,38.816005292248434,13.61286012791944,7.891035478481432,16.598315217201936,0.0,0.0,0.0,0.0
2026-07-24 12:00:00,EP062026,42,2026-07-27 18:00:00,3 days 06:00:00,78,20.63,-147.53,994.9,57.7,81.7259218943619,141.18349764178402,105.07318467803611,64.30662669890468,106.17946204153762,81.7259218943619,0.0,0.0,1.7288532093712004,0.0,0.0,0.0,0.0
2026-07-24 12:00:00,EP062026,42,2026-07-28 00:00:00,3 days 12:00:00,84,20.78,-148.59,990.6,62.7,34.21125619222249,144.30960940961597,103.3660500015551,65.67448337305859,116.2611108278076,41.34408597586611,28.754827574704848,17.845729277026805,32.25364704273956,0.0,0.0,0.0,0.0
2026-07-24 12:00:00,EP062026,42,2026-07-28 06:00:00,3 days 18:00:00,90,20.89,-150.08,994.9,57.2,41.31326256686689,238.4130794155186,192.2199200834545,121.5796049530212,191.17812605564436,68.93797851455786,56.68679830530295,36.7932273192362,55.89030448953943,0.0,0.0,0.0,0.0
2026-07-24 12:00:00,EP062026,42,2026-07-28 12:00:00,4 days 00:00:00,96,21.44,-150.99,991.9,62.8,48.47407643033632,234.8223053098416,190.2594918663945,116.39883914475372,182.9648777202275,48.47407643033632,23.0404126991719,10.607005106503015,21.56512840876129,0.0,0.0,0.0,0.0
2026-07-24 12:00:00,EP062026,42,2026-07-28 18:00:00,4 days 06:00:00,102,21.77,-152.14,993.4,55.5,58.34274891799231,354.0754908908805,303.13960590752686,232.727713864571,296.44584031741306,0.8748485449943715,0.0,0.0,58.34274891799231,0.0,0.0,0.0,0.0
2026-07-24 12:00:00,EP062026,42,2026-07-29 00:00:00,4 days 12:00:00,108,22.21,-153.48,1003.1,46.2,55.10856680536101,275.9445256727567,237.77669322577165,187.48821686435423,226.9254841562916,0.0,0.0,0.0,0.0,0.0,0.0,0.0,0.0
2026-07-24 12:00:00,EP062026,42,2026-07-29 06:00:00,4 days 18:00:00,114,22.97,-155.15,1005.4,31.7,127.8775885330997,0.0,0.0,0.0,0.0,0.0,0.0,0.0,0.0,0.0,0.0,0.0,0.0
2026-07-24 12:00:00,EP062026,42,2026-07-29 12:00:00,5 days 00:00:00,120,22.81,-156.13,1005.4,42.8,82.43868770779157,177.47400701804884,148.3500041289813,107.29216532815668,138.01169708732522,0.0,0.0,0.0,0.0,0.0,0.0,0.0,0.0
2026-07-24 12:00:00,EP072026,42,2026-07-24 12:00:00,0 days 00:00:00,0,8.9,-99.9,1005.0,29.0,93.0,0.0,0.0,0.0,0.0,0.0,0.0,0.0,0.0,0.0,0.0,0.0,0.0
2026-07-24 12:00:00,EP072026,42,2026-07-24 18:00:00,0 days 06:00:00,6,9.26,-100.8,1000.9,43.6,78.0794237452898,78.0794237452898,0.0,0.0,3.421478337552756,0.0,0.0,0.0,0.0,0.0,0.0,0.0,0.0
2026-07-24 12:00:00,EP072026,42,2026-07-25 00:00:00,0 days 12:00:00,12,9.38,-101.72,1002.9,37.3,97.67917255757598,97.67917255757598,0.0,0.0,2.160123802782909,0.0,0.0,0.0,0.0,0.0,0.0,0.0,0.0
2026-07-24 12:00:00,EP072026,42,2026-07-25 06:00:00,0 days 18:00:00,18,10.3,-102.48,1005.1,33.9,111.47529494114023,0.0,0.0,0.0,0.0,0.0,0.0,0.0,0.0,0.0,0.0,0.0,0.0
2026-07-24 12:00:00,EP072026,42,2026-07-25 12:00:00,1 days 00:00:00,24,10.97,-103.84,1001.4,39.7,109.90275533695186,109.90275533695186,4.489288195083994,0.0,2.5220047938540877,0.0,0.0,0.0,0.0,0.0,0.0,0.0,0.0
2026-07-24 12:00:00,EP072026,42,2026-07-25 18:00:00,1 days 06:00:00,30,11.36,-105.15,999.8,54.5,60.317687057963326,117.73269734216328,104.04011923639084,66.49912360920776,89.88791217820503,60.317687057963326,4.943990227305794,2.241178737530889,3.2674103426572545,0.0,0.0,0.0,0.0
2026-07-24 12:00:00,EP072026,42,2026-07-26 00:00:00,1 days 12:00:00,36,12.03,-106.45,994.8,58.8,61.3335439425955,177.57821660361606,143.6542499616953,98.90131100835085,151.15405557810504,61.3335439425955,35.35946532181873,23.76001267199501,34.27819751662349,0.0,0.0,0.0,0.0
2026-07-24 12:00:00,EP072026,42,2026-07-26 06:00:00,1 days 18:00:00,42,12.3,-107.59,994.2,61.6,27.50746624466128,184.1450171025608,146.21246735934682,93.06274145568432,142.02809799936202,31.102662394321737,23.7556761315483,13.38051403943357,23.809189775172367,0.0,0.0,0.0,0.0
2026-07-24 12:00:00,EP072026,42,2026-07-26 12:00:00,2 days 00:00:00,48,12.75,-108.87,994.0,65.4,46.66667872699119,237.91692590768247,190.3258223393781,119.50947337028136,183.84744810707545,87.78082903404973,70.63399533530313,44.35800589790885,68.78498300605712,46.66667872699119,0.0,0.0,0.8907865203049763
2026-07-24 12:00:00,EP072026,42,2026-07-26 18:00:00,2 days 06:00:00,54,13.48,-110.15,985.9,88.1,17.83503633753907,187.2338059957557,149.43543533316813,85.42963428856268,131.59243857389686,79.30448366699375,62.01972801733778,40.33914591574701,63.19205088613993,28.443367288386447,22.850019651909378,15.788581747584011,23.62602526069924
2026-07-24 12:00:00,EP072026,42,2026-07-27 00:00:00,2 days 12:00:00,60,14.13,-111.16,977.3,85.6,29.621837397577465,188.99988461560497,150.29846103749753,96.96193087993274,151.15131518632384,100.30856892834476,84.01210504711112,60.994609934437634,82.41977882396337,47.72084315268718,41.2318223662137,31.47647775735526,40.056574126902696
2026-07-24 12:00:00,EP072026,42,2026-07-27 06:00:00,2 days 18:00:00,66,14.61,-111.85,974.3,85.5,22.43070346868992,254.4744255005457,209.4042525268489,136.0147632994751,206.7829765349715,98.5356515458273,79.54544779874927,54.14170090981831,79.28870290017201,35.73629243613264,29.3300078710543,21.58314534789104,29.88318288604021
2026-07-24 12:00:00,EP072026,42,2026-07-27 12:00:00,3 days 00:00:00,72,15.61,-112.82,970.9,97.3,0.0,226.0083751662467,189.57172721902865,96.0142344543521,161.34422150674453,87.10702538339511,67.56665348285965,37.71324157895131,64.62415121454828,23.21058244934209,17.30931346254829,9.285480056299848,17.68535384783513
2026-07-24 12:00:00,EP072026,42,2026-07-27 18:00:00,3 days 06:00:00,78,16.32,-113.83,973.5,86.1,39.99920938555752,188.2086770086852,148.61255763035533,93.38617732251572,144.42696635902942,89.48275610085105,74.62861953277074,54.93959835760882,74.51146873041593,42.99356129566891,37.81807304127701,29.683783423931136,36.49691653524064
2026-07-24 12:00:00,EP072026,42,2026-07-28 00:00:00,3 days 12:00:00,84,16.77,-114.4,971.3,92.0,14.31112109318974,212.50260860135404,170.69299032638492,100.41050446120994,163.25861221796458,106.51985849553876,84.81592775687477,57.15369808754258,85.28491279722357,45.91151502654464,38.62674099124308,28.47816001487979,38.83087899179611
2026-07-24 12:00:00,EP072026,42,2026-07-28 06:00:00,3 days 18:00:00,90,17.19,-114.84,964.4,104.8,15.092187065292698,237.62033860809413,209.03914493471893,134.6491276923839,213.00729787723347,100.24778287729788,78.72419301138439,53.88574794026042,83.62531998347696,41.28843878114631,34.06715543660525,24.621072184657237,35.378563790652514
2026-07-24 12:00:00,EP072026,42,2026-07-28 12:00:00,4 days 00:00:00,96,17.57,-115.74,968.5,92.5,1.550260190503124,192.01872706559584,176.30699460740112,94.11449157994,142.75711640266158,11.153526135611584,1.0079266172511625,0.0,2.6561364128309464,3.4253417158082167,1.0079266172511625,0.0,2.6561364128309464
2026-07-24 12:00:00,EP072026,42,2026-07-28 18:00:00,4 days 06:00:00,102,17.95,-116.32,972.6,89.3,46.19024495745024,196.0959559921116,165.29838003624408,125.2712132610532,173.03057230847617,47.697899685037214,33.13287007515898,24.023533004653885,37.88885849423533,46.19024495745024,4.867119519779187,3.053957829190367,8.18381470255577
2026-07-24 12:00:00,EP072026,42,2026-07-29 00:00:00,4 days 12:00:00,108,18.14,-116.83,967.7,93.3,23.811831514025076,166.5786632373281,137.56595683853388,110.69271779767668,141.80922872050968,47.36817138149173,34.43609965565726,24.815269190190648,38.772748108599245,23.811831514025076,9.001069666717829,6.385136926320394,11.072076905961314
2026-07-24 12:00:00,EP072026,42,2026-07-29 06:00:00,4 days 18:00:00,114,18.32,-117.32,956.7,102.2,38.84153407329701,204.8203713657606,164.7138777651617,135.46851136181144,182.49633336128977,38.84153407329701,24.66725248987093,18.66535908126083,36.82720392732655,38.84153407329701,10.62585126517238,8.999200332386994,14.33139631760115
2026-07-24 12:00:00,EP072026,42,2026-07-29 12:00:00,5 days 00:00:00,120,18.46,-118.08,962.7,98.6,25.364616906592623,268.1886714031062,212.93378860220912,179.4342804037673,229.31716289719597,160.6495379216084,141.82189963277207,116.83596826980497,141.36388930577917,89.38100886334226,81.63941047627547,67.74667218813637,77.75392043145914
2026-07-24 12:00:00,EP072026,42,2026-07-29 18:00:00,5 days 06:00:00,126,18.79,-118.63,978.3,75.0,55.12267528156804,262.2447768650826,210.8455685468615,171.92952363176067,236.4090323847184,125.5774564791604,107.31478412179428,79.96090456256222,108.53446431985508,59.21368172667112,51.49141753505139,40.09107264678723,50.40108518695023
2026-07-24 12:00:00,EP072026,42,2026-07-30 00:00:00,5 days 12:00:00,132,19.2,-119.64,973.5,86.5,32.46146106005811,246.2718182537584,188.4948793402712,143.90874463173554,210.3922177406015,111.11771813515138,87.4537958174939,63.93076519768341,92.19126853219753,43.112721164770456,34.98133009391201,26.154583528666464,35.210917324997915
2026-07-24 12:00:00,EP072026,42,2026-07-30 06:00:00,5 days 18:00:00,138,19.41,-120.4,979.4,77.6,38.35474897513551,202.24850891382223,148.54154782322922,119.25772050014275,184.67438691417212,95.77991825618533,77.45494571406924,57.11776243583999,81.37973301914987,38.35474897513551,25.014256423818168,18.04326814820332,26.0403111359294
2026-07-24 12:00:00,EP072026,42,2026-07-30 12:00:00,6 days 00:00:00,144,19.69,-121.48,991.2,60.1,38.62316879560989,203.44361572721044,169.25837654513546,127.82540671696532,175.38169443839297,66.70788258152909,53.57628622389804,37.36102926288225,53.58651916083541,0.0,0.0,0.0,0.0
2026-07-24 12:00:00,EP072026,42,2026-07-30 18:00:00,6 days 06:00:00,150,19.84,-122.41,989.0,61.1,25.93844711775921,222.79993487574257,170.5580615562062,126.09335985693906,183.63195616124085,88.88271333291232,72.56158684726643,51.2861257185715,71.31101203653407,0.0,0.0,0.0,0.0
2026-07-24 12:00:00,EP072026,42,2026-07-31 00:00:00,6 days 12:00:00,156,19.98,-123.99,987.4,67.3,26.728312248261336,203.39124298544203,153.2368960388005,119.23664175618194,176.73523284705408,93.75538272320368,75.6344527240255,54.54907255995529,75.15123956236317,26.728312248261336,22.52117042497692,15.99426440990772,22.363192018620527
2026-07-24 12:00:00,EP072026,42,2026-07-31 06:00:00,6 days 18:00:00,162,20.22,-125.22,974.0,78.5,37.16620011753684,166.88815123754586,133.37598346932424,119.34305875433353,146.05936778504446,76.35789989722308,66.29080037612782,53.83453213275381,68.82228622576221,37.16620011753684,27.414059823068584,23.49170124885153,27.12192984585924
2026-07-24 12:00:00,EP072026,42,2026-07-31 12:00:00,7 days 00:00:00,168,20.51,-126.41,977.7,70.8,30.444603675926466,123.36290245562898,112.64778518921088,106.2075617732707,117.67119721467192,54.98473920904209,44.26451005551968,32.97266324525825,46.53747233174988,0.8638756586718849,0.0,0.0,30.444603675926466
2026-07-24 12:00:00,EP072026,42,2026-07-31 18:00:00,7 days 06:00:00,174,20.33,-127.98,990.3,58.3,31.39350321816877,147.5047262031818,113.53312412703951,92.84664494531876,125.25137996816188,58.16589298055965,46.56652094698583,31.90243626584908,46.24065553110097,0.0,0.0,0.0,0.0
2026-07-24 12:00:00,EP072026,42,2026-08-01 00:00:00,7 days 12:00:00,180,20.71,-129.92,993.6,55.1,36.924396533500826,132.74629994340518,110.7992051907731,91.65133520243695,110.4990685123866,36.924396533500826,13.459110240484044,7.497354930072512,12.77095587518692,0.0,0.0,0.0,0.0
2026-07-24 12:00:00,EP072026,42,2026-08-01 06:00:00,7 days 18:00:00,186,20.8,-131.17,1001.4,47.2,47.41035010907402,229.907004975028,192.2281576764088,139.0875122594328,196.4530730766268,0.0,0.0,0.0,0.0,0.0,0.0,0.0,0.0
2026-07-24 12:00:00,EP072026,42,2026-08-01 12:00:00,8 days 00:00:00,192,20.94,-133.08,991.4,52.8,65.40644899489027,182.22684780870404,144.83476624176387,112.2932618928027,151.24475348986246,65.40644899489027,0.0,0.0,1.672309088494872,0.0,0.0,0.0,0.0
2026-07-24 12:00:00,EP072026,42,2026-08-01 18:00:00,8 days 06:00:00,198,21.3,-134.81,994.2,38.6,51.77668439012627,88.53794540803743,75.48434326046993,57.951105426406855,79.87976147098145,0.0,0.0,0.0,0.0,0.0,0.0,0.0,0.0
2026-07-24 12:00:00,EP072026,42,2026-08-02 00:00:00,8 days 12:00:00,204,21.25,-136.62,997.9,37.3,66.37864661187157,152.84745983291083,128.54171537235595,98.50542207391078,128.30424185558093,0.0,0.0,0.0,0.0,0.0,0.0,0.0,0.0
2026-07-24 12:00:00,EP072026,42,2026-08-02 06:00:00,8 days 18:00:00,210,21.45,-137.93,1002.6,35.6,49.11774357438321,107.001672801571,83.6271966322798,62.93875805982351,87.65089061227788,0.0,0.0,0.0,0.0,0.0,0.0,0.0,0.0
2026-07-24 12:00:00,EP072026,42,2026-08-02 12:00:00,9 days 00:00:00,216,21.26,-139.58,1003.7,36.1,83.41258146313025,83.41258146313025,0.0,0.0,7.066198688863183,0.0,0.0,0.0,0.0,0.0,0.0,0.0,0.0
2026-07-24 12:00:00,EP072026,42,2026-08-02 18:00:00,9 days 06:00:00,222,21.41,-141.13,1007.2,31.3,70.75683735419537,0.0,0.0,0.0,0.0,0.0,0.0,0.0,0.0,0.0,0.0,0.0,0.0
2026-07-24 12:00:00,EP072026,42,2026-08-03 00:00:00,9 days 12:00:00,228,21.74,-142.8,1005.1,29.8,80.90527434496613,0.0,0.0,0.0,0.0,0.0,0.0,0.0,0.0,0.0,0.0,0.0,0.0
2026-07-24 12:00:00,EP072026,42,2026-08-03 06:00:00,9 days 18:00:00,234,21.79,-144.35,1003.3,32.2,42.64528510118825,0.0,0.0,0.0,0.0,0.0,0.0,0.0,0.0,0.0,0.0,0.0,0.0
2026-07-24 12:00:00,EP072026,42,2026-08-03 12:00:00,10 days 00:00:00,240,22.14,-145.41,1004.8,28.2,49.32751597112972,0.0,0.0,0.0,0.0,0.0,0.0,0.0,0.0,0.0,0.0,0.0,0.0
2026-07-24 12:00:00,EP072026,42,2026-08-03 18:00:00,10 days 06:00:00,246,22.13,-146.65,991.5,39.4,87.69966055306492,9.975463977637803,8.17162290540695,9.03038898833693,87.69966055306492,0.0,0.0,0.0,0.0,0.0,0.0,0.0,0.0
2026-07-24 12:00:00,EP072026,42,2026-08-04 00:00:00,10 days 12:00:00,252,22.13,-148.02,1005.3,27.9,105.98943956136507,0.0,0.0,0.0,0.0,0.0,0.0,0.0,0.0,0.0,0.0,0.0,0.0
2026-07-24 12:00:00,WP112026,42,2026-07-24 12:00:00,0 days 00:00:00,0,19.7,120.4,991.0,60.0,37.0,139.0,93.0,84.0,139.0,,,,,0.0,0.0,0.0,0.0
2026-07-24 12:00:00,WP112026,42,2026-07-24 18:00:00,0 days 06:00:00,6,19.84,119.21,969.8,82.3,29.23648561438568,206.6705420837052,185.9057147893929,158.82994171481437,187.92340226391684,115.00039650328613,102.18472062785932,86.12159709713634,99.10295110889268,49.97308554042411,46.22850909126865,38.52688700016472,44.26629948084985
2026-07-24 12:00:00,WP112026,42,2026-07-25 00:00:00,0 days 12:00:00,12,20.4,118.16,952.1,108.7,25.38082902968592,294.43490213117445,271.5824896133195,240.82188145321925,259.061823202535,140.0327839350283,128.19238492385887,111.13146358543229,126.22722663505252,81.94453751732632,77.84505150202891,66.30353550031137,73.54962128858469
2026-07-24 12:00:00,WP112026,42,2026-07-25 06:00:00,0 days 18:00:00,18,21.33,116.82,950.4,106.9,18.61254989879558,258.09865984100327,231.78401279169773,168.5443636639067,211.0483687889438,117.4555297004091,99.5865420945245,76.56404148443029,96.85831187433836,60.29742181740131,53.47734850538754,42.67140012307949,51.83168875054503
2026-07-24 12:00:00,WP112026,42,2026-07-25 12:00:00,1 days 00:00:00,24,21.79,115.77,933.0,121.1,3.87384299964039,224.04273412733977,200.62121370734133,182.83635483709563,193.5817146821924,118.79652904580487,110.36244777373574,95.03010921548432,108.6845053533808,64.24661156258314,60.36961962058745,52.04593253334247,56.52484448698184
2026-07-24 12:00:00,WP112026,42,2026-07-25 18:00:00,1 days 06:00:00,30,22.5,115.11,944.9,108.8,4.53143965217444,218.7239844165871,190.64994184587687,153.56081447545694,182.9112586995969,98.79917636106477,87.51257842229765,75.6438528032847,85.84327282263914,55.39067045209897,52.92358049499767,46.12018854165689,48.77169826137417
2026-07-24 12:00:00,WP112026,42,2026-07-26 00:00:00,1 days 12:00:00,36,22.94,114.26,946.1,94.4,16.31794941354079,189.34694230946096,154.65738444082817,138.8924200933181,151.8810434502351,106.87825829942884,94.00016746880311,76.61126764747905,96.14114195577004,51.736286891548886,43.89455460469395,38.02726432483784,42.457649941314216
2026-07-24 12:00:00,WP112026,42,2026-07-26 06:00:00,1 days 18:00:00,42,23.45,113.89,979.8,57.6,26.825554822090496,49.69089218219318,31.483349705641384,31.130655924264072,36.59341049523014,26.825554822090496,12.46837203774049,7.0987259008273895,14.771427536794524,0.0,0.0,0.0,0.0
2026-07-24 12:00:00,WP112026,42,2026-07-26 12:00:00,2 days 00:00:00,48,23.58,113.69,987.6,52.4,62.41322390510784,99.7662199644768,96.46845814152124,73.00725423641276,79.83644947068348,0.0,0.0,0.0,62.41322390510784,0.0,0.0,0.0,0.0
2026-07-24 12:00:00,WP112026,42,2026-07-26 18:00:00,2 days 06:00:00,54,24.31,113.28,998.2,25.8,100.73736859988344,0.0,0.0,0.0,0.0,0.0,0.0,0.0,0.0,0.0,0.0,0.0,0.0
2026-07-24 12:00:00,WP112026,42,2026-07-27 00:00:00,2 days 12:00:00,60,25.19,113.06,1000.1,23.5,87.44080000974292,0.0,0.0,0.0,0.0,0.0,0.0,0.0,0.0,0.0,0.0,0.0,0.0
2026-07-24 12:00:00,WP112026,42,2026-07-27 06:00:00,2 days 18:00:00,66,25.27,112.71,1004.0,22.7,35.41102571676008,0.0,0.0,0.0,0.0,0.0,0.0,0.0,0.0,0.0,0.0,0.0,0.0
2026-07-24 12:00:00,WP112026,42,2026-07-27 12:00:00,3 days 00:00:00,72,26.72,112.59,1002.2,20.2,77.96322440939123,0.0,0.0,0.0,0.0,0.0,0.0,0.0,0.0,0.0,0.0,0.0,0.0
2026-07-24 12:00:00,WP112026,42,2026-07-27 18:00:00,3 days 06:00:00,78,27.15,111.4,1002.4,18.3,128.20730055882717,0.0,0.0,0.0,0.0,0.0,0.0,0.0,0.0,0.0,0.0,0.0,0.0
2026-07-24 12:00:00,WP112026,42,2026-07-28 00:00:00,3 days 12:00:00,84,28.08,110.54,1004.2,18.4,123.19154236622904,0.0,0.0,0.0,0.0,0.0,0.0,0.0,0.0,0.0,0.0,0.0,0.0
2026-07-24 12:00:00,EP062026,43,2026-07-24 12:00:00,0 days 00:00:00,0,18.5,-130.6,970.0,89.0,37.0,297.0,185.0,111.0,297.0,148.0,74.0,56.0,111.0,74.0,37.0,28.0,56.0
2026-07-24 12:00:00,EP062026,43,2026-07-24 18:00:00,0 days 06:00:00,6,18.66,-131.92,978.4,77.7,39.10501460902567,279.5531795278208,218.0449437384325,157.8375669264634,242.98593512048885,125.41199002842988,98.83789984678248,78.47114404023998,104.5698683892442,48.71084144846758,41.20512074914966,33.40858006311849,42.39654666998784
2026-07-24 12:00:00,EP062026,43,2026-07-25 00:00:00,0 days 12:00:00,12,18.81,-133.23,983.3,77.3,12.520265644168765,152.52958209739054,130.89721972232977,111.61283823743562,145.34664891902582,45.859123603502354,31.162782435269285,19.18518587178647,33.79172006998846,12.520265644168765,5.110552750623708,4.1339930209269165,7.465039922965158
2026-07-24 12:00:00,EP062026,43,2026-07-25 06:00:00,0 days 18:00:00,18,18.98,-134.3,985.9,73.9,25.39693118431293,207.09503911519172,164.72785619963017,114.3600484505909,184.1782985923746,111.81331406881932,83.90254014150158,64.52360631376376,96.12982696352628,45.79838524030407,39.29017633688963,32.14792783524892,39.50422203289118
2026-07-24 12:00:00,EP062026,43,2026-07-25 12:00:00,1 days 00:00:00,24,19.13,-135.45,978.5,80.8,26.248757269023784,243.36345968400207,187.02723771464557,132.1920829016085,208.8845281753563,98.85959618768716,75.66215695513256,50.97231338049127,79.41665590957439,39.33505021403639,32.26258949649399,24.77821645422469,33.554452287968
2026-07-24 12:00:00,EP062026,43,2026-07-25 18:00:00,1 days 06:00:00,30,19.63,-136.52,995.3,59.8,80.10378831449032,229.86101088275328,189.1196602873754,164.41925098145765,197.4207871964372,80.10378831449032,26.12960174266004,16.51624177796646,30.94323369952492,0.0,0.0,0.0,0.0
2026-07-24 12:00:00,EP062026,43,2026-07-26 00:00:00,1 days 12:00:00,36,19.61,-137.78,991.8,61.7,38.87595503680615,147.06342348679723,129.31632750516445,95.8992048326904,120.97565369937954,38.87595503680615,14.500069273585028,5.025594646973933,21.20385278601846,0.0,0.0,0.0,0.0
2026-07-24 12:00:00,EP062026,43,2026-07-26 06:00:00,1 days 18:00:00,42,19.83,-138.76,992.9,62.6,33.85230251496361,228.6379419614591,174.9754823066085,122.9578508790811,205.85701137270223,88.25328563642188,66.90689271138478,46.83107203167587,71.39976173372412,0.0,0.0,0.0,0.0
2026-07-24 12:00:00,EP062026,43,2026-07-26 12:00:00,2 days 00:00:00,48,19.68,-139.97,984.9,63.1,13.721234012973936,164.42114535643913,120.4203376769466,79.74284822938264,147.9151743708779,58.36612319794001,37.84284730723124,20.590204780618016,47.08863102720672,0.0,0.0,0.0,0.0
2026-07-24 12:00:00,EP062026,43,2026-07-26 18:00:00,2 days 06:00:00,54,19.92,-140.86,989.0,66.0,20.916696167581904,211.18569894462476,147.81019219067423,91.09422362784358,194.86458349139707,81.05820304510075,53.80738937102507,33.18451980820663,62.45785162345612,20.916696167581904,1.552678819452744,0.0,4.204554893630949
2026-07-24 12:00:00,EP062026,43,2026-07-27 00:00:00,2 days 12:00:00,60,20.09,-142.41,985.3,69.7,13.55431922898812,196.11021315226068,151.1022030779047,100.98864156721582,186.56348379313613,94.08694857908756,66.04909058496332,43.57758834098863,74.2750541571285,22.107192698792183,15.78659265071466,11.437294151819138,18.003851074417053
2026-07-24 12:00:00,EP062026,43,2026-07-27 06:00:00,2 days 18:00:00,66,19.98,-143.69,987.9,70.1,30.21461236099336,231.24546814723487,170.25533173976004,99.32807834811403,202.34687117261808,85.80406437215771,60.8144743922783,38.35377785906572,66.84860009492837,30.21461236099336,6.252444173889638,3.286010035245961,9.383870308253776
2026-07-24 12:00:00,EP062026,43,2026-07-27 12:00:00,3 days 00:00:00,72,20.19,-145.23,993.3,65.4,61.60279003412667,210.2393309490644,152.43251258957332,110.1212533066627,172.9151618305733,68.66119583992287,47.01403767390394,30.40274340664429,54.333848479062254,61.60279003412667,2.5728920996527327,0.0,3.3729502600223915
2026-07-24 12:00:00,EP062026,43,2026-07-27 18:00:00,3 days 06:00:00,78,20.08,-146.46,988.8,66.6,40.043113548524616,212.24838276478116,153.73841567717318,96.88292069473208,198.3049422613221,90.09922786634344,60.09035465210491,37.76591134899354,67.13015556521077,40.043113548524616,4.788059665299159,2.3461453163643853,9.139339020438
2026-07-24 12:00:00,EP062026,43,2026-07-28 00:00:00,3 days 12:00:00,84,20.2,-147.73,967.4,106.3,50.34013295735549,218.4824924907817,165.8006823982413,119.29753304987786,187.1457827513233,103.61736739915114,89.888799519478,75.59626744912566,91.16999760504775,67.76502733096504,60.01865496539625,50.24114444408023,61.09938635070852
2026-07-24 12:00:00,EP062026,43,2026-07-28 06:00:00,3 days 18:00:00,90,20.54,-149.17,997.4,54.4,109.91595827905454,221.67309719510288,190.9115398725338,113.2946683476391,166.57136318942426,109.91595827905454,3.3428052603245484,0.0,2.813742911905024,0.0,0.0,0.0,0.0
2026-07-24 12:00:00,EP062026,43,2026-07-28 12:00:00,4 days 00:00:00,96,20.84,-150.04,992.1,62.2,56.05309975145786,186.2678879405717,151.23125860639257,75.95429090543445,133.82561498619327,56.05309975145786,0.0,0.0,1.8223678379997408,0.0,0.0,0.0,0.0
2026-07-24 12:00:00,EP062026,43,2026-07-28 18:00:00,4 days 06:00:00,102,20.97,-151.33,1000.3,48.8,80.82417167163376,254.8969804860779,207.80347487875747,146.16781352207113,208.5233603715029,0.0,0.0,0.0,0.0,0.0,0.0,0.0,0.0
2026-07-24 12:00:00,EP062026,43,2026-07-29 00:00:00,4 days 12:00:00,108,20.91,-152.19,1004.2,50.9,76.82957363450257,199.9203816385984,151.86124385114368,92.97329893855348,155.93397317478792,1.2055937200268896,0.0,0.0,76.82957363450257,0.0,0.0,0.0,0.0
2026-07-24 12:00:00,EP062026,43,2026-07-29 06:00:00,4 days 18:00:00,114,20.93,-153.4,1001.3,46.4,61.819644133617935,102.92793082787034,81.06991155428702,42.64244820815613,76.98489055126112,0.0,0.0,0.0,0.0,0.0,0.0,0.0,0.0
2026-07-24 12:00:00,EP062026,43,2026-07-29 12:00:00,5 days 00:00:00,120,21.03,-154.16,1002.6,41.6,87.02304831288909,87.02304831288909,4.548513617003362,0.0,13.727668429480984,0.0,0.0,0.0,0.0,0.0,0.0,0.0,0.0
2026-07-24 12:00:00,EP062026,43,2026-07-29 18:00:00,5 days 06:00:00,126,21.1,-155.65,1006.0,34.2,32.06991162576565,32.06991162576565,0.0,0.0,7.037798240834174,0.0,0.0,0.0,0.0,0.0,0.0,0.0,0.0
2026-07-24 12:00:00,EP062026,43,2026-07-30 00:00:00,5 days 12:00:00,132,21.22,-156.85,1007.9,31.2,102.58540303581734,0.0,0.0,0.0,0.0,0.0,0.0,0.0,0.0,0.0,0.0,0.0,0.0
2026-07-24 12:00:00,EP062026,43,2026-07-30 06:00:00,5 days 18:00:00,138,21.2,-158.76,1006.2,32.3,111.139108831433,0.0,0.0,0.0,0.0,0.0,0.0,0.0,0.0,0.0,0.0,0.0,0.0
2026-07-24 12:00:00,EP062026,43,2026-07-30 12:00:00,6 days 00:00:00,144,21.21,-160.06,1008.4,25.0,131.23965752338177,0.0,0.0,0.0,0.0,0.0,0.0,0.0,0.0,0.0,0.0,0.0,0.0
2026-07-24 12:00:00,EP062026,43,2026-07-30 18:00:00,6 days 06:00:00,150,21.71,-160.95,1012.6,28.4,137.9900473880233,0.0,0.0,0.0,0.0,0.0,0.0,0.0,0.0,0.0,0.0,0.0,0.0
2026-07-24 12:00:00,EP072026,43,2026-07-24 12:00:00,0 days 00:00:00,0,8.9,-99.9,1005.0,29.0,93.0,0.0,0.0,0.0,0.0,0.0,0.0,0.0,0.0,0.0,0.0,0.0,0.0
2026-07-24 12:00:00,EP072026,43,2026-07-24 18:00:00,0 days 06:00:00,6,9.23,-100.62,1000.3,47.0,74.22337848660345,74.22337848660345,35.61116242496617,10.858645114389006,30.961571316010197,0.0,0.0,0.0,0.0,0.0,0.0,0.0,0.0
2026-07-24 12:00:00,EP072026,43,2026-07-25 00:00:00,0 days 12:00:00,12,9.3,-101.27,1004.6,32.5,69.85206538414882,0.0,0.0,0.0,0.0,0.0,0.0,0.0,0.0,0.0,0.0,0.0,0.0
2026-07-24 12:00:00,EP072026,43,2026-07-25 06:00:00,0 days 18:00:00,18,9.95,-102.75,1004.9,39.2,70.0119925084712,70.0119925084712,45.97604829218099,27.27609064164665,40.98515217276932,0.0,0.0,0.0,0.0,0.0,0.0,0.0,0.0
2026-07-24 12:00:00,EP072026,43,2026-07-25 12:00:00,1 days 00:00:00,24,10.81,-103.82,1000.7,44.9,77.70798414185634,78.00431884945124,62.54178547104617,47.99090404259219,70.41905486801835,0.0,0.0,0.0,0.0,0.0,0.0,0.0,0.0
2026-07-24 12:00:00,EP072026,43,2026-07-25 18:00:00,1 days 06:00:00,30,11.41,-104.77,1001.2,48.6,74.11398471650608,127.29324431935902,104.53037008815306,61.28293729957184,89.90032363203102,0.0,0.0,0.0,0.0,0.0,0.0,0.0,0.0
2026-07-24 12:00:00,EP072026,43,2026-07-26 00:00:00,1 days 12:00:00,36,11.94,-106.1,999.8,45.2,64.42624488704928,120.21197170710911,86.96629240793806,40.87125765825351,89.18626302767825,0.0,0.0,0.0,0.0,0.0,0.0,0.0,0.0
2026-07-24 12:00:00,EP072026,43,2026-07-26 06:00:00,1 days 18:00:00,42,12.54,-107.61,993.7,64.5,55.81357364031024,183.9024996220644,144.72781301777715,80.6702456346227,138.4775592972864,55.81357364031024,30.031761433046157,16.382667952074524,26.66615833158876,55.81357364031024,0.0,0.0,0.3917252239656259
2026-07-24 12:00:00,EP072026,43,2026-07-26 12:00:00,2 days 00:00:00,48,13.15,-108.65,988.2,68.5,27.364559793811267,185.6013727276022,145.27491910921623,73.53023190686207,141.5071824784709,61.29544138547253,42.65992484785792,24.26751722931,40.5114033431982,27.364559793811267,0.0,0.0,0.3847671794789971
2026-07-24 12:00:00,EP072026,43,2026-07-26 18:00:00,2 days 06:00:00,54,13.85,-109.75,987.2,68.5,37.04965539443253,222.0668856900662,176.58990994164898,100.79444256170228,169.7599290994374,98.72477072537784,75.32108581719106,46.84986452403032,68.90121717682409,37.04965539443253,2.866172330432152,0.0,3.282593571799472
2026-07-24 12:00:00,EP072026,43,2026-07-27 00:00:00,2 days 12:00:00,60,14.62,-110.72,984.5,76.0,22.14207437788778,258.35512477192185,214.4927256835146,126.35372760641924,211.7980196725636,112.32007010494786,82.22393378189184,53.48564975320084,79.51857730561335,22.14207437788778,11.250352203305177,6.6939194529702135,12.331164340350416
2026-07-24 12:00:00,EP072026,43,2026-07-27 06:00:00,2 days 18:00:00,66,15.23,-111.64,971.5,93.8,50.51675227659517,259.9703424505409,216.09137839294263,133.80263237767193,217.9946612868985,132.88895165733922,100.70092687209235,69.74772087363816,102.28073901776852,50.51675227659517,40.104013665541416,32.65482107857658,43.313752322143216
2026-07-24 12:00:00,EP072026,43,2026-07-27 12:00:00,3 days 00:00:00,72,15.67,-112.67,968.6,97.2,26.608421311800388,218.230368688851,170.50643320256472,98.30873157747124,170.9268038505426,94.02778857111718,70.20097826296751,47.0452915558696,73.35011197039559,34.756376130001,27.29859682809053,22.08884171926394,29.17079320114308
2026-07-24 12:00:00,EP072026,43,2026-07-27 18:00:00,3 days 06:00:00,78,16.09,-113.43,968.0,100.8,23.15471794908086,317.90267016371945,242.518460774606,163.17713167605507,268.76514054937616,132.11361680692835,105.41556300358354,71.0837014354313,102.85061333380509,54.86182454781186,46.75553181566926,37.014517012789895,48.11821055159396
2026-07-24 12:00:00,EP072026,43,2026-07-28 00:00:00,3 days 12:00:00,84,17.01,-114.11,951.6,116.7,33.05485614970524,185.41076771094495,166.01272614939995,135.23475166597007,156.09974044794393,105.14237948303531,95.4063739452516,78.04496140579211,94.42437977386744,71.73493084209773,67.18484087363973,55.0553858551533,63.74823891233714
2026-07-24 12:00:00,EP072026,43,2026-07-28 06:00:00,3 days 18:00:00,90,16.96,-114.99,981.5,69.5,91.8109686299698,216.69939742931524,209.77314744731825,151.2585555672465,173.11163927337657,91.8109686299698,29.614326024154195,18.47383916913074,23.410518543045185,91.8109686299698,0.0,0.0,0.0
2026-07-24 12:00:00,EP072026,43,2026-07-28 12:00:00,4 days 00:00:00,96,17.35,-115.55,978.8,78.4,34.277895688267016,260.1013166271488,206.43527404484655,148.86667876891931,230.05862678846276,93.89159960738604,72.17843214021394,49.56461853141612,72.3822585686761,34.277895688267016,9.534017743889049,6.150114690383287,11.23123954181779
2026-07-24 12:00:00,EP072026,43,2026-07-28 18:00:00,4 days 06:00:00,102,17.92,-116.53,976.5,80.3,39.23160835009553,310.9996424487671,242.50701845756515,167.99005295309672,269.8700624948868,133.14005390988285,104.40781180794303,73.75317626961433,102.58510054027462,39.23160835009553,22.20568880575617,16.201506014329425,23.27227132763152
2026-07-24 12:00:00,EP072026,43,2026-07-29 00:00:00,4 days 12:00:00,108,18.45,-117.69,981.8,75.4,44.34504062720427,236.20185857036356,187.0576687814547,128.04884847308068,193.3280898540544,61.69007151104957,41.92345857641677,25.79228121376814,43.84633696982844,44.34504062720427,0.0,0.0,1.3630012409112504
2026-07-24 12:00:00,EP072026,43,2026-07-29 06:00:00,4 days 18:00:00,114,18.87,-118.56,992.0,62.7,59.59171955810978,286.02610673337523,233.18783279232125,196.89615589917355,247.03585263434928,59.59171955810978,27.464402463196848,16.95283800484468,35.56600101234933,0.0,0.0,0.0,0.0
2026-07-24 12:00:00,EP072026,43,2026-07-29 12:00:00,5 days 00:00:00,120,19.12,-119.48,998.0,55.9,63.1506716288346,238.27257896144772,192.47517399042863,134.95211331214858,201.3924912884237,63.1506716288346,16.545623373084076,7.204226622044352,18.464257072517764,0.0,0.0,0.0,0.0
2026-07-24 12:00:00,EP072026,43,2026-07-29 18:00:00,5 days 06:00:00,126,19.64,-120.66,996.4,46.0,71.33974276508286,234.3068444351724,207.44448108711083,162.9744389614375,194.32503612221035,0.0,0.0,0.0,0.0,0.0,0.0,0.0,0.0
2026-07-24 12:00:00,EP072026,43,2026-07-30 00:00:00,5 days 12:00:00,132,19.66,-121.7,1000.2,45.9,47.6783050036634,239.705961050894,185.94397442010683,145.0416254883039,218.84020894552395,0.0,0.0,0.0,0.0,0.0,0.0,0.0,0.0
2026-07-24 12:00:00,EP072026,43,2026-07-30 06:00:00,5 days 18:00:00,138,20.0,-123.09,996.4,51.9,85.51033123749296,242.11562383095864,197.74548933322384,132.5802066973048,193.61373151189105,85.51033123749296,0.0,0.0,1.5924671274637523,0.0,0.0,0.0,0.0
2026-07-24 12:00:00,EP072026,43,2026-07-30 12:00:00,6 days 00:00:00,144,20.42,-124.14,1000.4,48.3,72.5942706630747,218.6202128358487,172.4054213466299,125.57628934277707,184.3077481176665,0.0,0.0,0.0,0.0,0.0,0.0,0.0,0.0
2026-07-24 12:00:00,EP072026,43,2026-07-30 18:00:00,6 days 06:00:00,150,20.57,-125.55,1001.7,40.1,82.54722977877914,138.52646918727464,101.45632607349468,85.95304664421224,132.72500824009114,0.0,0.0,0.0,0.0,0.0,0.0,0.0,0.0
2026-07-24 12:00:00,EP072026,43,2026-07-31 00:00:00,6 days 12:00:00,156,20.73,-126.52,999.1,42.6,50.60000583354076,207.7968161086378,175.7331746481509,148.44642790516855,187.26995066837617,0.0,0.0,0.0,0.0,0.0,0.0,0.0,0.0
2026-07-24 12:00:00,EP072026,43,2026-07-31 06:00:00,6 days 18:00:00,162,21.07,-128.09,1003.0,37.8,74.9617905378129,74.9617905378129,36.14414897022829,20.097349439521597,48.57698480762307,0.0,0.0,0.0,0.0,0.0,0.0,0.0,0.0
2026-07-24 12:00:00,EP072026,43,2026-07-31 12:00:00,7 days 00:00:00,168,20.98,-129.81,1003.8,33.8,64.88197868213945,0.0,0.0,0.0,0.0,0.0,0.0,0.0,0.0,0.0,0.0,0.0,0.0
2026-07-24 12:00:00,EP072026,43,2026-07-31 18:00:00,7 days 06:00:00,174,21.2,-131.71,1005.7,36.1,125.00581549452892,125.00581549452892,22.966591948308636,4.454269300177302,27.42315858014705,0.0,0.0,0.0,0.0,0.0,0.0,0.0,0.0
2026-07-24 12:00:00,EP072026,43,2026-08-01 00:00:00,7 days 12:00:00,180,21.3,-133.15,1005.9,35.3,139.46220762505436,177.15185472519738,138.73395831142943,85.50886468523242,139.71285626666247,0.0,0.0,0.0,0.0,0.0,0.0,0.0,0.0
2026-07-24 12:00:00,EP072026,43,2026-08-01 06:00:00,7 days 18:00:00,186,21.26,-134.99,1008.1,35.1,49.11943685387874,49.11943685387874,23.20825393575776,3.11667160778269,26.508922480143887,0.0,0.0,0.0,0.0,0.0,0.0,0.0,0.0
2026-07-24 12:00:00,EP072026,43,2026-08-01 12:00:00,8 days 00:00:00,192,21.38,-136.26,1006.0,33.2,62.58930605755613,0.0,0.0,0.0,0.0,0.0,0.0,0.0,0.0,0.0,0.0,0.0,0.0
2026-07-24 12:00:00,EP072026,43,2026-08-01 18:00:00,8 days 06:00:00,198,21.58,-138.23,1008.2,32.3,82.28210246136396,0.0,0.0,0.0,0.0,0.0,0.0,0.0,0.0,0.0,0.0,0.0,0.0
2026-07-24 12:00:00,EP072026,43,2026-08-02 00:00:00,8 days 12:00:00,204,21.45,-140.3,1007.6,33.7,122.1889462818935,0.0,0.0,0.0,0.0,0.0,0.0,0.0,0.0,0.0,0.0,0.0,0.0
2026-07-24 12:00:00,EP072026,43,2026-08-02 06:00:00,8 days 18:00:00,210,21.92,-141.73,1009.3,22.8,120.8535121802836,0.0,0.0,0.0,0.0,0.0,0.0,0.0,0.0,0.0,0.0,0.0,0.0
2026-07-24 12:00:00,WP112026,43,2026-07-24 12:00:00,0 days 00:00:00,0,19.7,120.4,991.0,60.0,37.0,139.0,93.0,84.0,139.0,,,,,0.0,0.0,0.0,0.0
2026-07-24 12:00:00,WP112026,43,2026-07-24 18:00:00,0 days 06:00:00,6,20.03,119.34,979.4,70.1,26.001723231581984,229.8682063522673,193.60455971773288,156.50179484115048,190.5875618042395,122.08218645571463,101.13922749330014,86.72624913047025,105.38372759862524,56.93625803089648,52.61426815886734,43.92273654389472,49.72963537171074
2026-07-24 12:00:00,WP112026,43,2026-07-25 00:00:00,0 days 12:00:00,12,20.69,118.39,978.5,77.1,26.224699729009597,224.00862877778565,198.0653587289046,158.29952011045015,182.74729723763613,2.3503223717794217,0.1276785961324172,0.0,26.224699729009597,0.1388890240982468,0.1276785961324172,0.0,26.224699729009597
2026-07-24 12:00:00,WP112026,43,2026-07-25 06:00:00,0 days 18:00:00,18,21.38,117.21,974.9,75.0,13.590898172047105,169.85111536003134,174.44275027489323,152.99135140149832,145.0027470957114,70.0093118552027,60.72055698220135,42.02446043852717,55.80588162273607,13.590898172047105,4.44121978512873,1.338277670232605,3.1982515467492187
2026-07-24 12:00:00,WP112026,43,2026-07-25 12:00:00,1 days 00:00:00,24,21.85,116.59,960.0,93.0,11.20265333049311,175.85038529936656,169.82617971343615,142.73347370140016,154.21857116090266,18.396275048303217,10.623858568303875,3.785687575928558,13.663873783824515,11.20265333049311,0.0,0.0,0.0943738335914222
2026-07-24 12:00:00,WP112026,43,2026-07-25 18:00:00,1 days 06:00:00,30,22.99,115.81,963.1,85.1,17.409973297446072,136.3100690845471,130.41610272976246,82.14668508551117,86.1434971792466,17.409973297446072,17.409973297446072,2.4457329971269908,6.421828085990597,17.409973297446072,4.557802674760463,2.4457329971269908,5.245285456021499
2026-07-24 12:00:00,WP112026,43,2026-07-26 00:00:00,1 days 12:00:00,36,23.62,115.31,976.2,62.8,18.24706258556562,175.0784974305455,159.7653306895477,117.3903511821961,143.93412011604073,70.50905503336807,58.02481545118028,38.20633843497667,59.690955017809785,0.0,0.0,0.0,0.0
2026-07-24 12:00:00,WP112026,43,2026-07-26 06:00:00,1 days 18:00:00,42,24.26,114.99,981.2,56.3,41.24464034938128,149.54472578615253,154.36547287974489,111.6029758481046,122.9370150796144,0.7205291884262293,41.24464034938128,0.0,0.7322808451334857,0.0,0.0,0.0,0.0
2026-07-24 12:00:00,WP112026,43,2026-07-26 12:00:00,2 days 00:00:00,48,24.94,114.8,988.9,35.4,47.89182608225679,47.89182608225679,23.982445964645606,23.050079416363317,20.348460608698,0.0,0.0,0.0,0.0,0.0,0.0,0.0,0.0
2026-07-24 12:00:00,WP112026,43,2026-07-26 18:00:00,2 days 06:00:00,54,25.58,114.67,994.6,27.7,96.73985931886985,0.0,0.0,0.0,0.0,0.0,0.0,0.0,0.0,0.0,0.0,0.0,0.0
2026-07-24 12:00:00,WP112026,43,2026-07-27 00:00:00,2 days 12:00:00,60,27.3,114.09,1000.9,22.4,83.29866994166775,0.0,0.0,0.0,0.0,0.0,0.0,0.0,0.0,0.0,0.0,0.0,0.0
2026-07-24 12:00:00,WP112026,43,2026-07-27 06:00:00,2 days 18:00:00,66,27.74,114.13,1000.2,23.1,83.35063975042115,0.0,0.0,0.0,0.0,0.0,0.0,0.0,0.0,0.0,0.0,0.0,0.0
2026-07-24 12:00:00,WP112026,43,2026-07-27 12:00:00,3 days 00:00:00,72,28.51,113.42,999.1,18.1,110.78997210251715,0.0,0.0,0.0,0.0,0.0,0.0,0.0,0.0,0.0,0.0,0.0,0.0
2026-07-24 12:00:00,WP112026,43,2026-07-27 18:00:00,3 days 06:00:00,78,29.23,113.19,1002.0,20.5,128.94026147700603,0.0,0.0,0.0,0.0,0.0,0.0,0.0,0.0,0.0,0.0,0.0,0.0
2026-07-24 12:00:00,WP112026,43,2026-07-28 00:00:00,3 days 12:00:00,84,30.03,112.74,1006.8,20.3,199.97867410172137,0.0,0.0,0.0,0.0,0.0,0.0,0.0,0.0,0.0,0.0,0.0,0.0
2026-07-24 12:00:00,WP112026,43,2026-07-28 06:00:00,3 days 18:00:00,90,30.74,112.72,1006.2,15.1,113.28493020970676,0.0,0.0,0.0,0.0,0.0,0.0,0.0,0.0,0.0,0.0,0.0,0.0
2026-07-24 12:00:00,WP112026,43,2026-07-28 12:00:00,4 days 00:00:00,96,30.98,112.22,1006.4,14.6,72.73600505943458,0.0,0.0,0.0,0.0,0.0,0.0,0.0,0.0,0.0,0.0,0.0,0.0
2026-07-24 12:00:00,WP112026,43,2026-07-28 18:00:00,4 days 06:00:00,102,31.61,112.31,1006.0,19.7,45.95560786839697,0.0,0.0,0.0,0.0,0.0,0.0,0.0,0.0,0.0,0.0,0.0,0.0
2026-07-24 12:00:00,WP112026,43,2026-07-29 00:00:00,4 days 12:00:00,108,32.48,112.35,1005.2,16.1,112.85413892174644,0.0,0.0,0.0,0.0,0.0,0.0,0.0,0.0,0.0,0.0,0.0,0.0
2026-07-24 12:00:00,WP112026,43,2026-07-29 06:00:00,4 days 18:00:00,114,32.82,112.77,1006.0,18.5,59.18210878288167,0.0,0.0,0.0,0.0,0.0,0.0,0.0,0.0,0.0,0.0,0.0,0.0
2026-07-24 12:00:00,WP112026,43,2026-07-29 12:00:00,5 days 00:00:00,120,33.13,112.01,1004.4,17.2,137.5967596350436,0.0,0.0,0.0,0.0,0.0,0.0,0.0,0.0,0.0,0.0,0.0,0.0
2026-07-24 12:00:00,EP062026,44,2026-07-24 12:00:00,0 days 00:00:00,0,18.5,-130.6,970.0,89.0,37.0,297.0,185.0,111.0,297.0,148.0,74.0,56.0,111.0,74.0,37.0,28.0,56.0
2026-07-24 12:00:00,EP062026,44,2026-07-24 18:00:00,0 days 06:00:00,6,18.59,-131.83,981.6,78.0,16.81279164868979,226.18473334092863,168.9369022893794,145.21440144294831,211.2595707358343,117.23553979014876,99.51551490665408,77.64237236694153,100.18112764537923,56.95873311941058,49.61158387459136,38.996243143939296,49.37199259851545
2026-07-24 12:00:00,EP062026,44,2026-07-25 00:00:00,0 days 12:00:00,12,18.75,-133.24,974.5,89.6,69.47845782822367,373.2549435798128,333.1928371338372,260.65815928751,319.88281305110104,69.47845782822367,47.57566513859479,29.72770558382149,47.25792516404135,69.47845782822367,20.23440896442821,13.37531364075221,21.603096439405306
2026-07-24 12:00:00,EP062026,44,2026-07-25 06:00:00,0 days 18:00:00,18,18.85,-134.28,980.9,77.8,42.29610347349524,220.47869375110145,159.6364240475013,131.94636846971514,185.07294065024283,93.00887490000952,75.98150167220184,54.89136032507526,80.48366613858423,43.52434031861933,34.95420735328796,25.73743982375693,35.596221067111216
2026-07-24 12:00:00,EP062026,44,2026-07-25 12:00:00,1 days 00:00:00,24,19.1,-135.32,989.1,57.2,85.04685331353801,251.34320360795985,217.92874392666275,178.6373824498947,222.16435833967927,85.04685331353801,29.8732133400573,24.17814668902241,29.12988384301274,0.0,0.0,0.0,0.0
2026-07-24 12:00:00,EP062026,44,2026-07-25 18:00:00,1 days 06:00:00,30,19.34,-136.25,994.2,54.6,48.36789588424679,245.45637987645412,217.8906796399628,182.3530089264971,220.1088109922649,67.34580437048315,62.80040724188811,52.78026846098682,58.7152927799009,0.0,0.0,0.0,0.0
2026-07-24 12:00:00,EP062026,44,2026-07-26 00:00:00,1 days 12:00:00,36,19.49,-137.37,996.5,55.8,75.44323402250242,268.6779714288575,244.64971759055996,211.1858577729572,245.9923118898832,137.9307190876258,130.16943416628243,110.78191395286618,117.46469446368096,0.0,0.0,0.0,0.0
2026-07-24 12:00:00,EP062026,44,2026-07-26 06:00:00,1 days 18:00:00,42,19.5,-138.57,992.4,59.0,40.76394605587225,153.97480709416743,123.98173558077848,94.0246195530314,131.7991281607142,85.4367480151727,77.19922191298366,64.80256757090882,70.46081288069296,0.0,0.0,0.0,0.0
2026-07-24 12:00:00,EP062026,44,2026-07-26 12:00:00,2 days 00:00:00,48,20.09,-139.65,986.5,65.3,45.34563621374909,156.92623236626417,116.25325799401443,81.6336453144948,131.67538300622488,66.50709453139831,51.18423319613122,32.17556715587773,53.88077130425144,45.34563621374909,20.354718268144968,13.011401765882711,21.27754616172493
2026-07-24 12:00:00,EP062026,44,2026-07-26 18:00:00,2 days 06:00:00,54,20.09,-140.79,990.9,55.4,45.21957257168846,211.47003703741063,167.64449885927826,111.16707532495636,173.92450165266553,45.21957257168846,21.28228887848706,8.338500430976865,19.98683194859344,0.0,0.0,0.0,0.0
2026-07-24 12:00:00,EP062026,44,2026-07-27 00:00:00,2 days 12:00:00,60,20.44,-141.76,986.4,70.7,49.77143215689742,171.85496636394788,122.79397485626168,77.93823371843283,151.56641043532562,54.38548860692475,38.67205720218397,18.7196969291212,41.668257912392,49.77143215689742,13.252779842944308,6.80801852195259,15.040871220054044
2026-07-24 12:00:00,EP062026,44,2026-07-27 06:00:00,2 days 18:00:00,66,20.31,-142.92,984.6,77.0,33.43851798466277,133.49442075788875,83.32092978318138,53.08410086952584,120.27711311075043,37.12668028774209,19.17348034116681,7.485893378684778,32.001215992398315,33.43851798466277,7.121592584539626,3.509671050287388,10.687292448843158
2026-07-24 12:00:00,EP062026,44,2026-07-27 12:00:00,3 days 00:00:00,72,20.42,-144.7,979.3,71.3,30.0467272270262,250.55810490050783,208.1910591745844,166.43131462106717,218.162353287465,30.0467272270262,0.0,0.0,30.0467272270262,0.0,0.0,0.0,30.0467272270262
2026-07-24 12:00:00,EP062026,44,2026-07-27 18:00:00,3 days 06:00:00,78,20.78,-146.3,1002.2,51.3,108.21320508048014,198.6653263264534,151.37391093840915,108.61327258596717,158.42175587287136,108.21320508048014,3.53167217316425,0.4739273303912592,4.307265293286919,0.0,0.0,0.0,0.0
2026-07-24 12:00:00,EP062026,44,2026-07-28 00:00:00,3 days 12:00:00,84,20.92,-147.95,1001.3,44.9,74.68694165744915,171.24975863600176,135.80385842290585,107.39328690753597,136.88214839331056,0.0,0.0,0.0,0.0,0.0,0.0,0.0,0.0
2026-07-24 12:00:00,EP062026,44,2026-07-28 06:00:00,3 days 18:00:00,90,20.78,-149.32,1003.1,40.8,105.94707275590298,108.52207708144584,77.67962871263558,63.05000185565199,82.84521056134665,0.0,0.0,0.0,0.0,0.0,0.0,0.0,0.0
2026-07-24 12:00:00,EP062026,44,2026-07-28 12:00:00,4 days 00:00:00,96,21.0,-150.78,1004.9,36.9,81.25175693993569,206.31979803219784,173.71057395389118,143.3256941209297,166.80172447948257,0.0,0.0,0.0,0.0,0.0,0.0,0.0,0.0
2026-07-24 12:00:00,EP062026,44,2026-07-28 18:00:00,4 days 06:00:00,102,21.16,-152.13,1003.0,36.6,73.232261516395,73.232261516395,2.5449747812546466,0.0,5.455676335656206,0.0,0.0,0.0,0.0,0.0,0.0,0.0,0.0
2026-07-24 12:00:00,EP062026,44,2026-07-29 00:00:00,4 days 12:00:00,108,21.3,-153.48,1001.9,40.2,88.75246591967323,88.75246591967323,0.8648893238629434,0.0,4.44713097916717,0.0,0.0,0.0,0.0,0.0,0.0,0.0,0.0
2026-07-24 12:00:00,EP062026,44,2026-07-29 06:00:00,4 days 18:00:00,114,21.43,-154.35,1004.5,38.1,102.04701022716124,102.04701022716124,38.46457180586636,26.83720644097841,36.6581282322571,0.0,0.0,0.0,0.0,0.0,0.0,0.0,0.0
2026-07-24 12:00:00,EP062026,44,2026-07-29 12:00:00,5 days 00:00:00,120,21.44,-155.62,1007.0,34.4,131.29660303699058,131.29660303699058,1.9492397069011336,0.6126755706866458,0.3448866922954803,0.0,0.0,0.0,0.0,0.0,0.0,0.0,0.0
2026-07-24 12:00:00,EP062026,44,2026-07-29 18:00:00,5 days 06:00:00,126,22.26,-156.83,1004.0,35.7,48.745573228071095,4.704939622241351,0.3367675625576005,0.611413123380494,48.745573228071095,0.0,0.0,0.0,0.0,0.0,0.0,0.0,0.0
2026-07-24 12:00:00,EP072026,44,2026-07-24 12:00:00,0 days 00:00:00,0,8.9,-99.9,1005.0,29.0,93.0,0.0,0.0,0.0,0.0,0.0,0.0,0.0,0.0,0.0,0.0,0.0,0.0
2026-07-24 12:00:00,EP072026,44,2026-07-24 18:00:00,0 days 06:00:00,6,8.8,-101.22,1001.6,38.2,59.01652195684503,59.01652195684503,2.597562530916776,0.0,10.377368872272292,0.0,0.0,0.0,0.0,0.0,0.0,0.0,0.0
2026-07-24 12:00:00,EP072026,44,2026-07-25 00:00:00,0 days 12:00:00,12,9.33,-101.65,996.9,52.9,24.0469946077006,44.45050153405045,38.617738678508985,16.376783775997552,29.53200337812908,24.0469946077006,6.3714378992964695,1.2060532305114684,5.103214984387396,0.0,0.0,0.0,0.0
2026-07-24 12:00:00,EP072026,44,2026-07-25 06:00:00,0 days 18:00:00,18,9.43,-102.77,996.8,47.9,74.20646243684644,208.55936478704416,196.64087233380403,170.20224965988098,186.93111291208584,0.0,0.0,0.0,0.0,0.0,0.0,0.0,0.0
2026-07-24 12:00:00,EP072026,44,2026-07-25 12:00:00,1 days 00:00:00,24,10.67,-103.71,1002.4,43.9,86.61106968736647,86.61106968736647,54.29416829898255,31.212451135311092,54.35077382111211,0.0,0.0,0.0,0.0,0.0,0.0,0.0,0.0
2026-07-24 12:00:00,EP072026,44,2026-07-25 18:00:00,1 days 06:00:00,30,11.14,-104.52,1002.1,46.9,38.41388681246464,159.60789921281355,125.4460633258941,75.4758582447305,120.53541857450637,0.0,0.0,0.0,0.0,0.0,0.0,0.0,0.0
2026-07-24 12:00:00,EP072026,44,2026-07-26 00:00:00,1 days 12:00:00,36,11.72,-105.89,994.3,58.3,67.38691396601307,183.1257140384568,148.6031462911792,98.48686659397453,154.06921582158336,67.38691396601307,54.38038306500066,43.35187005985256,50.32906706811082,0.0,0.0,0.0,0.0
2026-07-24 12:00:00,EP072026,44,2026-07-26 06:00:00,1 days 18:00:00,42,12.24,-107.17,994.2,64.6,28.532275810810816,165.79048712844428,124.5929552334552,64.49106072272718,122.21893015613244,37.008033471068615,24.131733310095385,10.180072890927988,24.750450014447303,28.532275810810816,3.017421571456332,0.0637218760054276,4.209253810150632
2026-07-24 12:00:00,EP072026,44,2026-07-26 12:00:00,2 days 00:00:00,48,12.67,-108.32,988.4,66.5,59.53593603309479,201.8018827935121,146.5090569648751,83.5183135019053,154.9348973872883,90.58680026410268,66.81987090313183,41.06757296728948,71.54077947469739,59.53593603309479,29.285892185328446,18.88000468161551,30.45427558013538
2026-07-24 12:00:00,EP072026,44,2026-07-26 18:00:00,2 days 06:00:00,54,13.28,-109.31,980.5,83.9,38.95650265849717,237.3456253958444,170.0906637781737,114.39558595583388,182.6840538777232,88.24443089782464,68.41150690160134,42.92980839522867,70.21621570888408,38.95650265849717,29.81774977200034,19.654888462601587,30.71669535701935
2026-07-24 12:00:00,EP072026,44,2026-07-27 00:00:00,2 days 12:00:00,60,14.02,-110.36,968.9,94.4,28.90371444334914,185.45268262492093,155.02497793969326,105.59508019720504,152.9725127982569,96.93482666961064,77.6925508962874,51.08847903790374,78.1226084586489,46.95485326710589,38.14422099636159,28.894736479546943,40.17485919554986
2026-07-24 12:00:00,EP072026,44,2026-07-27 06:00:00,2 days 18:00:00,66,14.64,-111.58,960.1,109.3,22.074671373947982,210.66288122296436,174.55465484565715,110.85605610098824,176.5854217700953,101.29735329997976,83.34608560709944,59.188064796915896,85.3684704402444,50.58185734968085,42.87565896520387,34.724026367361674,44.33073731890081
2026-07-24 12:00:00,EP072026,44,2026-07-27 12:00:00,3 days 00:00:00,72,15.31,-112.08,960.0,103.2,0.0,209.89229288047088,191.3340918745776,137.03096530372977,169.6643414567381,103.52790042012776,88.23314741720964,63.26643065442367,87.86516888938104,52.56589365559239,45.80827774566002,34.367227654631634,43.91644716828897
2026-07-24 12:00:00,EP072026,44,2026-07-27 18:00:00,3 days 06:00:00,78,16.18,-112.89,962.1,99.4,37.64863844919218,223.3664180819439,187.4025582715049,121.56895737913663,173.28023686139494,103.4641963553908,84.26691625956164,60.38650404248734,88.40607031435697,52.91797692995914,44.21999649888474,33.513276498664865,45.20458239432389
2026-07-24 12:00:00,EP072026,44,2026-07-28 00:00:00,3 days 12:00:00,84,16.86,-113.86,949.4,118.3,11.162929173141949,228.4413776942656,189.7180512638079,133.587001417769,201.9389347267825,120.37118990858836,97.41599553772448,74.23933846703949,103.65124400497916,64.23567401810942,55.59015173373518,44.87589299302135,57.4480977741041
2026-07-24 12:00:00,EP072026,44,2026-07-28 06:00:00,3 days 18:00:00,90,16.75,-114.63,957.4,104.8,47.82016597119465,299.9411827266809,260.48688177998474,234.50642421120423,291.30050831275366,88.81956428994825,72.32490121544888,59.57778536460786,82.38082576738745,48.34805002582539,40.23705319958687,32.795742038895725,41.634481625572974
2026-07-24 12:00:00,EP072026,44,2026-07-28 12:00:00,4 days 00:00:00,96,17.15,-115.23,955.1,103.3,34.11046223871178,269.3064864671004,249.77909755093447,204.5127785978717,242.9145406980251,98.23730650553222,83.65159834461548,66.77084275824039,84.11738783063409,51.60814575629753,44.56460412541304,36.37923543577304,44.91320268474723
2026-07-24 12:00:00,EP072026,44,2026-07-28 18:00:00,4 days 06:00:00,102,17.37,-115.7,961.0,104.5,21.67500975286524,249.3226893591456,203.6855388825545,147.93411307141244,210.3125233770866,120.31822090187998,98.6092968249131,76.63562583265258,102.78669939401334,61.93364005393438,53.15173114994519,42.81223524456415,54.47658269072677
2026-07-24 12:00:00,EP072026,44,2026-07-29 00:00:00,4 days 12:00:00,108,17.52,-116.41,970.9,89.6,34.1896793939111,228.2860362101616,187.17388356928492,140.46466822117185,195.24093137621009,100.4951821001251,81.68843560455028,60.02819274844129,80.7640420651679,47.52396719251672,39.44362843000508,31.83991396370173,40.83802703011183
2026-07-24 12:00:00,EP072026,44,2026-07-29 06:00:00,4 days 18:00:00,114,18.1,-117.35,967.7,87.5,21.1935643887772,220.77730458298907,166.4618083739296,130.66449054635208,191.9271757668426,110.3691167507102,93.03957792352784,70.55142655771738,93.24031267585288,53.24547164514085,45.936161195320125,36.20233048668172,45.61998460970811
2026-07-24 12:00:00,EP072026,44,2026-07-29 12:00:00,5 days 00:00:00,120,18.22,-117.91,967.3,90.9,8.904861064690664,163.97104381849692,134.67051354170889,115.952680372439,161.77703870825155,84.51526195528166,68.68646345266791,54.50110236502449,72.66249799133757,42.11097197434221,35.47296025612462,27.18218614810175,35.776710318832855
2026-07-24 12:00:00,EP072026,44,2026-07-29 18:00:00,5 days 06:00:00,126,18.48,-119.0,973.8,85.5,22.61345203719428,232.9653381917646,188.86305684042128,145.73908488701474,194.17192520523707,98.00540074550553,80.52807706395481,55.700175332072014,81.57787399416353,45.859575439164,37.29166596678164,27.794187830781205,38.72480819485196
2026-07-24 12:00:00,EP072026,44,2026-07-30 00:00:00,5 days 12:00:00,132,18.95,-120.03,977.8,76.3,45.684078160703166,224.24110108656703,180.0618150235719,139.70892663555145,191.19034181043293,117.5988342447412,98.6159132757064,75.3390052840063,98.68893381752171,58.34604402247403,48.79440731784149,38.84465165582984,49.71799700526695
2026-07-24 12:00:00,EP072026,44,2026-07-30 06:00:00,5 days 18:00:00,138,19.43,-121.15,983.5,68.3,62.39506849507302,273.5338370632214,227.09276412083,168.55128359233618,227.9813233310633,110.32425024630628,89.22530172881511,63.06421518942415,90.56667510158036,62.39506849507302,42.41575341593767,31.88651075365422,43.62394674561915
2026-07-24 12:00:00,EP072026,44,2026-07-30 12:00:00,6 days 00:00:00,144,19.79,-122.09,979.6,67.4,56.24217898721177,188.7752388324717,157.0373258666585,122.37541944238012,158.74374879546215,93.3520455509658,78.52421712914682,57.532334768140224,77.2188564661293,56.24217898721177,36.64936605542893,27.380692107918925,35.772993001037825
2026-07-24 12:00:00,EP072026,44,2026-07-30 18:00:00,6 days 06:00:00,150,20.42,-123.4,990.5,56.1,51.22873295627132,155.37869763109168,116.62471643365056,80.08908664806926,123.27676026453456,51.22873295627132,22.81432381991908,9.526968732324722,22.52338448279448,0.0,0.0,0.0,0.0
2026-07-24 12:00:00,EP072026,44,2026-07-31 00:00:00,6 days 12:00:00,156,20.86,-124.61,990.1,61.5,25.64084446388687,191.338049087456,159.22867108744478,127.62928295231792,163.6636525807666,115.4783498371377,108.78940533527648,91.15473119996838,95.09966863548856,0.0,0.0,0.0,0.0
2026-07-24 12:00:00,EP072026,44,2026-07-31 06:00:00,6 days 18:00:00,162,21.11,-125.99,1001.2,46.9,109.66407196625568,202.89925458279032,171.9865094354388,145.2819241350141,174.45540262522286,0.0,0.0,0.0,0.0,0.0,0.0,0.0,0.0
2026-07-24 12:00:00,EP072026,44,2026-07-31 12:00:00,7 days 00:00:00,168,21.57,-127.17,999.1,48.7,101.27883139598369,209.1142512149852,163.9476813452126,127.62640170328535,176.13975416768136,0.0,0.0,0.0,0.0,0.0,0.0,0.0,0.0
2026-07-24 12:00:00,EP072026,44,2026-07-31 18:00:00,7 days 06:00:00,174,21.7,-128.49,993.8,45.2,68.75631414863327,93.31038897539274,68.75603833823531,69.38848002864431,85.83092245259206,0.0,0.0,0.0,0.0,0.0,0.0,0.0,0.0
2026-07-24 12:00:00,EP072026,44,2026-08-01 00:00:00,7 days 12:00:00,180,22.12,-129.37,1003.0,43.7,68.28184323601727,116.1195924214344,85.43679217849603,69.91622606874853,102.46065738124072,0.0,0.0,0.0,0.0,0.0,0.0,0.0,0.0
2026-07-24 12:00:00,EP072026,44,2026-08-01 06:00:00,7 days 18:00:00,186,22.6,-130.44,1006.7,35.2,132.64584602681208,142.07567730765464,118.54568336281392,95.1863435886307,117.1155653275161,0.0,0.0,0.0,0.0,0.0,0.0,0.0,0.0
2026-07-24 12:00:00,EP072026,44,2026-08-01 12:00:00,8 days 00:00:00,192,22.93,-131.89,1004.6,35.5,64.30632929537867,64.30632929537867,15.27894812593013,0.0,21.4937441346136,0.0,0.0,0.0,0.0,0.0,0.0,0.0,0.0
2026-07-24 12:00:00,EP072026,44,2026-08-01 18:00:00,8 days 06:00:00,198,23.58,-132.89,1006.6,32.8,95.68113285868031,0.0,0.0,0.0,0.0,0.0,0.0,0.0,0.0,0.0,0.0,0.0,0.0
2026-07-24 12:00:00,EP072026,44,2026-08-02 00:00:00,8 days 12:00:00,204,24.06,-134.13,1003.8,36.9,55.970818366099046,55.970818366099046,12.725120058839948,3.51314824108258,29.95205471391648,0.0,0.0,0.0,0.0,0.0,0.0,0.0,0.0
2026-07-24 12:00:00,EP072026,44,2026-08-02 06:00:00,8 days 18:00:00,210,24.3,-135.43,1006.6,37.3,106.60573737903589,106.60573737903589,12.651891700898323,5.191662902120463,27.483070475249573,0.0,0.0,0.0,0.0,0.0,0.0,0.0,0.0
2026-07-24 12:00:00,EP072026,44,2026-08-02 12:00:00,9 days 00:00:00,216,25.15,-136.47,998.1,40.8,79.38432138427059,10.660353705986836,0.0,4.916728584924567,79.38432138427059,0.0,0.0,0.0,0.0,0.0,0.0,0.0,0.0
2026-07-24 12:00:00,EP072026,44,2026-08-02 18:00:00,9 days 06:00:00,222,25.52,-137.72,1007.9,33.3,71.98539610224354,0.0,0.0,0.0,0.0,0.0,0.0,0.0,0.0,0.0,0.0,0.0,0.0
2026-07-24 12:00:00,EP072026,44,2026-08-03 00:00:00,9 days 12:00:00,228,25.78,-138.59,997.6,36.9,69.62950421523726,18.07312059543608,24.579643013274293,69.62950421523726,34.148883706215955,0.0,0.0,0.0,0.0,0.0,0.0,0.0,0.0
2026-07-24 12:00:00,EP072026,44,2026-08-03 06:00:00,9 days 18:00:00,234,26.62,-139.92,1005.1,34.7,71.77566899983043,71.77566899983043,2.886641635800544,8.266030002257068,12.17892223875397,0.0,0.0,0.0,0.0,0.0,0.0,0.0,0.0
2026-07-24 12:00:00,EP072026,44,2026-08-03 12:00:00,10 days 00:00:00,240,26.56,-140.52,1009.4,25.1,150.3853597835668,0.0,0.0,0.0,0.0,0.0,0.0,0.0,0.0,0.0,0.0,0.0,0.0
2026-07-24 12:00:00,EP072026,44,2026-08-03 18:00:00,10 days 06:00:00,246,26.97,-141.2,1007.9,22.0,70.46910244575741,0.0,0.0,0.0,0.0,0.0,0.0,0.0,0.0,0.0,0.0,0.0,0.0
2026-07-24 12:00:00,WP112026,44,2026-07-24 12:00:00,0 days 00:00:00,0,19.7,120.4,991.0,60.0,37.0,139.0,93.0,84.0,139.0,,,,,0.0,0.0,0.0,0.0
2026-07-24 12:00:00,WP112026,44,2026-07-24 18:00:00,0 days 06:00:00,6,19.83,119.31,968.5,81.6,20.997894993918194,180.5601331197288,149.18474199042265,126.68407596779464,156.9453781767188,83.49362441865628,68.77563824028834,50.98181541445811,71.90662437965617,38.701936307022976,32.057578228172005,23.31633484492765,31.972722444855517
2026-07-24 12:00:00,WP112026,44,2026-07-25 00:00:00,0 days 12:00:00,12,21.05,117.99,945.7,104.8,14.181057234738487,207.07221828394452,185.01771398450444,150.33809832730427,183.43413350504304,96.7294245726033,78.03038443255065,66.46831622945436,83.82055225783878,48.346445272703065,42.41278142137672,34.810739562566724,43.02189682744752
2026-07-24 12:00:00,WP112026,44,2026-07-25 06:00:00,0 days 18:00:00,18,21.26,116.81,940.7,115.8,4.996488346998266,279.4309110486788,247.1468603077285,208.3604835407548,235.72293394324112,131.51855331552153,120.9041434442345,102.02740860722346,116.63416270230434,71.06796493496779,65.51640688192467,54.72856293244514,61.75576477186382
2026-07-24 12:00:00,WP112026,44,2026-07-25 12:00:00,1 days 00:00:00,24,22.01,115.87,942.6,108.0,6.781187217956347,198.75164297922575,190.0224023340141,179.0687368387487,179.1417390069741,99.71124504423612,93.2366560756034,82.7536300764703,92.2788973732528,56.09832365146606,52.61150462126716,44.3618876668818,49.765413334577
2026-07-24 12:00:00,WP112026,44,2026-07-25 18:00:00,1 days 06:00:00,30,22.62,115.43,948.6,95.7,0.0,133.34543152996906,136.41032181918018,98.78363422319693,103.47057897440742,1.43338759981272,0.0,0.0,0.2592382866999183,0.7376317396093252,0.0,0.0,0.1866781567959233
2026-07-24 12:00:00,WP112026,44,2026-07-26 00:00:00,1 days 12:00:00,36,23.14,114.76,979.6,63.3,32.11534106811726,160.82313053033602,142.18353129200997,95.59873667843338,122.19612901128863,69.4130274095467,60.66593553448701,46.33349066282688,54.4601161984327,0.0,0.0,0.0,0.0
2026-07-24 12:00:00,WP112026,44,2026-07-26 06:00:00,1 days 18:00:00,42,23.94,114.01,986.2,46.4,35.41959828025161,192.43919978673392,172.55621426776833,132.94828954538875,159.74690929558548,0.0,0.0,0.0,0.0,0.0,0.0,0.0,0.0
2026-07-24 12:00:00,WP112026,44,2026-07-26 12:00:00,2 days 00:00:00,48,24.03,113.89,993.8,34.4,86.31613992025936,86.31613992025936,10.45416241070804,0.0,4.867387474133146,0.0,0.0,0.0,0.0,0.0,0.0,0.0,0.0
2026-07-24 12:00:00,WP112026,44,2026-07-26 18:00:00,2 days 06:00:00,54,25.01,113.42,1000.0,23.2,101.1214648802364,0.0,0.0,0.0,0.0,0.0,0.0,0.0,0.0,0.0,0.0,0.0,0.0
2026-07-24 12:00:00,WP112026,44,2026-07-27 00:00:00,2 days 12:00:00,60,26.39,112.77,1002.8,18.4,142.69210292110043,0.0,0.0,0.0,0.0,0.0,0.0,0.0,0.0,0.0,0.0,0.0,0.0
2026-07-24 12:00:00,WP112026,44,2026-07-27 06:00:00,2 days 18:00:00,66,28.21,112.18,1001.2,16.4,50.0295467620066,0.0,0.0,0.0,0.0,0.0,0.0,0.0,0.0,0.0,0.0,0.0,0.0
2026-07-24 12:00:00,WP112026,44,2026-07-27 12:00:00,3 days 00:00:00,72,28.33,111.58,1002.0,14.1,62.21174582056796,0.0,0.0,0.0,0.0,0.0,0.0,0.0,0.0,0.0,0.0,0.0,0.0
2026-07-24 12:00:00,WP112026,44,2026-07-27 18:00:00,3 days 06:00:00,78,29.47,110.51,1004.2,14.7,116.04113335583816,0.0,0.0,0.0,0.0,0.0,0.0,0.0,0.0,0.0,0.0,0.0,0.0
2026-07-24 12:00:00,WP112026,44,2026-07-28 00:00:00,3 days 12:00:00,84,29.43,111.09,1006.1,13.9,100.62580684362833,0.0,0.0,0.0,0.0,0.0,0.0,0.0,0.0,0.0,0.0,0.0,0.0
2026-07-24 12:00:00,EP062026,45,2026-07-24 12:00:00,0 days 00:00:00,0,18.5,-130.6,970.0,89.0,37.0,297.0,185.0,111.0,297.0,148.0,74.0,56.0,111.0,74.0,37.0,28.0,56.0
2026-07-24 12:00:00,EP062026,45,2026-07-24 18:00:00,0 days 06:00:00,6,18.62,-131.66,979.9,74.8,44.74413797217373,255.1423879835792,212.66814603118388,162.8251079635685,223.16436586819543,62.3848829155829,39.13257541707105,22.46498263847957,48.865460581577246,44.74413797217373,1.4839013632621678,0.0,5.724214103349276
2026-07-24 12:00:00,EP062026,45,2026-07-25 00:00:00,0 days 12:00:00,12,18.72,-133.14,980.2,73.1,31.08116366816472,294.08504254106333,239.16453270146397,184.58621761363287,252.8109761147928,97.2663881137412,72.04201478117682,46.69117468861793,78.0116704837587,31.08116366816472,21.167375309589907,14.362507344262392,23.09997743141714
2026-07-24 12:00:00,EP062026,45,2026-07-25 06:00:00,0 days 18:00:00,18,18.74,-134.19,979.4,76.0,62.62662051289095,304.62911381666254,259.0675350501838,197.8252885050315,256.57508747258817,115.85454781586871,92.40135714771408,69.63266423307073,98.016286251235,62.62662051289095,28.80516422288173,21.59605033726669,29.85762549531151
2026-07-24 12:00:00,EP062026,45,2026-07-25 12:00:00,1 days 00:00:00,24,19.05,-135.39,986.2,64.1,32.47061766249943,245.92232852369955,186.2927129370215,138.52419045818752,219.02784757582472,114.24483441567496,86.84226971658657,63.81202804009408,95.37569917761604,44.39187339265003,36.67420173806174,27.33676943374109,37.18723267577765
2026-07-24 12:00:00,EP062026,45,2026-07-25 18:00:00,1 days 06:00:00,30,19.21,-136.36,986.3,68.0,33.21388916905544,208.22885733319063,158.1711976504058,116.94869531094916,169.00817121653887,88.82250391042851,67.28292351605707,48.59005566506404,72.91209170384795,33.33973247427385,27.393183111333947,21.4056142958612,28.60314678354399
2026-07-24 12:00:00,EP062026,45,2026-07-26 00:00:00,1 days 12:00:00,36,19.34,-137.4,989.3,66.1,64.84766772123804,263.1852047455826,222.90520145515308,172.408467686472,226.21154691502704,74.05312170027354,57.65121929407484,38.48453493847056,59.07630834969504,64.84766772123804,9.004314754780623,6.420558928181342,10.89712110974554
2026-07-24 12:00:00,EP062026,45,2026-07-26 06:00:00,1 days 18:00:00,42,19.38,-138.43,991.6,59.3,49.7034730617056,267.4530088225556,229.74087381016767,188.53373835076,234.3174849526988,94.80274284775348,73.89875391635336,51.81479159127452,74.43988849150148,0.0,0.0,0.0,0.0
2026-07-24 12:00:00,EP062026,45,2026-07-26 12:00:00,2 days 00:00:00,48,19.55,-139.85,987.4,64.9,26.102811548399124,187.51420273293013,133.9436406025494,94.66056816673527,163.97157072139802,109.187468274729,83.69098586975434,63.94471301373294,92.10099257956092,49.37035680165189,41.84405233436486,31.868932797444224,42.57071539651583
2026-07-24 12:00:00,EP062026,45,2026-07-26 18:00:00,2 days 06:00:00,54,19.67,-141.35,994.7,53.4,43.01521960028768,221.20743180170587,178.98283047507027,128.27356175408096,175.73424562448798,44.42816999575627,30.84739504307142,17.45273122664672,32.360439494688094,0.0,0.0,0.0,0.0
2026-07-24 12:00:00,EP062026,45,2026-07-27 00:00:00,2 days 12:00:00,60,19.56,-142.49,996.0,54.6,24.635370995967136,192.01851314777605,133.4068729621727,98.40093942312636,151.938526231641,43.30351687848453,29.705581688811066,15.048167317810108,29.91440492925951,0.0,0.0,0.0,0.0
2026-07-24 12:00:00,EP062026,45,2026-07-27 06:00:00,2 days 18:00:00,66,19.61,-143.65,994.2,59.0,37.293498502363335,189.8452042002719,144.8386275401707,120.90998532170876,170.37917991066564,86.62437965133498,67.5513157093049,50.679041899185705,70.4815640913756,0.0,0.0,0.0,0.0
2026-07-24 12:00:00,EP062026,45,2026-07-27 12:00:00,3 days 00:00:00,72,19.92,-145.26,998.4,51.2,29.730094621541685,172.2176947022968,124.92905889447508,82.85309830786318,130.59422554880624,29.730094621541685,16.45498599468042,5.0198278844973565,16.81064620735707,0.0,0.0,0.0,0.0
2026-07-24 12:00:00,EP062026,45,2026-07-27 18:00:00,3 days 06:00:00,78,19.9,-146.92,995.7,51.2,46.64241854234235,148.06123775352006,103.85800274918503,67.75312465972516,107.03767377012136,46.64241854234235,5.56075827373162,0.1232451417229161,6.226639584058208,0.0,0.0,0.0,0.0
2026-07-24 12:00:00,EP062026,45,2026-07-28 00:00:00,3 days 12:00:00,84,20.44,-148.42,1005.3,41.8,133.7023406195607,333.119850612006,276.6678562322035,230.3181592928977,272.04746131243246,0.0,0.0,0.0,0.0,0.0,0.0,0.0,0.0
2026-07-24 12:00:00,EP062026,45,2026-07-28 06:00:00,3 days 18:00:00,90,20.72,-150.12,1002.1,41.6,62.55370698850135,130.44334329197966,94.47271278990944,68.11380134880363,104.73524933442168,0.0,0.0,0.0,0.0,0.0,0.0,0.0,0.0
2026-07-24 12:00:00,EP062026,45,2026-07-28 12:00:00,4 days 00:00:00,96,20.98,-151.38,1001.2,42.6,58.18345974343461,94.84687949199426,65.75792709785102,40.48064059338145,72.47319033153542,0.0,0.0,0.0,0.0,0.0,0.0,0.0,0.0
2026-07-24 12:00:00,EP062026,45,2026-07-28 18:00:00,4 days 06:00:00,102,21.18,-152.99,1006.2,31.6,78.07226601504115,0.0,0.0,0.0,0.0,0.0,0.0,0.0,0.0,0.0,0.0,0.0,0.0
2026-07-24 12:00:00,EP062026,45,2026-07-29 00:00:00,4 days 12:00:00,108,21.3,-154.48,1002.4,34.8,136.61986885226924,136.61986885226924,0.0,0.0,0.2165520797379017,0.0,0.0,0.0,0.0,0.0,0.0,0.0,0.0
2026-07-24 12:00:00,EP062026,45,2026-07-29 06:00:00,4 days 18:00:00,114,21.68,-155.47,1008.5,31.3,52.451097373248615,0.0,0.0,0.0,0.0,0.0,0.0,0.0,0.0,0.0,0.0,0.0,0.0
2026-07-24 12:00:00,EP062026,45,2026-07-29 12:00:00,5 days 00:00:00,120,22.03,-156.81,1009.7,29.8,81.54276141519469,0.0,0.0,0.0,0.0,0.0,0.0,0.0,0.0,0.0,0.0,0.0,0.0
2026-07-24 12:00:00,EP062026,45,2026-07-29 18:00:00,5 days 06:00:00,126,22.26,-158.6,1009.3,30.0,87.6540009689653,0.0,0.0,0.0,0.0,0.0,0.0,0.0,0.0,0.0,0.0,0.0,0.0
2026-07-24 12:00:00,EP062026,45,2026-07-30 00:00:00,5 days 12:00:00,132,22.63,-160.31,1010.4,29.3,102.94624254789946,0.0,0.0,0.0,0.0,0.0,0.0,0.0,0.0,0.0,0.0,0.0,0.0
2026-07-24 12:00:00,EP072026,45,2026-07-24 12:00:00,0 days 00:00:00,0,8.9,-99.9,1005.0,29.0,93.0,0.0,0.0,0.0,0.0,0.0,0.0,0.0,0.0,0.0,0.0,0.0,0.0
2026-07-24 12:00:00,EP072026,45,2026-07-24 18:00:00,0 days 06:00:00,6,8.86,-101.02,1003.1,40.3,96.27271403138025,96.27271403138025,0.0,0.0,0.0,0.0,0.0,0.0,0.0,0.0,0.0,0.0,0.0
2026-07-24 12:00:00,EP072026,45,2026-07-25 00:00:00,0 days 12:00:00,12,9.18,-101.59,1001.1,41.4,40.92574763392878,40.92574763392878,5.477529261845873,5.361136679281271,16.0331600889416,0.0,0.0,0.0,0.0,0.0,0.0,0.0,0.0
2026-07-24 12:00:00,EP072026,45,2026-07-25 06:00:00,0 days 18:00:00,18,9.54,-102.4,997.0,46.2,65.27337465796592,91.80758896182624,71.12156644391268,55.26286884835366,69.33804898217096,0.0,0.0,0.0,0.0,0.0,0.0,0.0,0.0
2026-07-24 12:00:00,EP072026,45,2026-07-25 12:00:00,1 days 00:00:00,24,10.41,-103.72,999.5,42.5,69.16122690077472,69.16122690077472,6.04360360207998,0.0,11.24683484049106,0.0,0.0,0.0,0.0,0.0,0.0,0.0,0.0
2026-07-24 12:00:00,EP072026,45,2026-07-25 18:00:00,1 days 06:00:00,30,11.16,-104.82,996.0,53.0,62.049487142557865,131.77821483726888,98.42755345261712,56.08003276149415,90.06050108921161,62.049487142557865,2.7659169941289115,0.0,2.938869325559412,0.0,0.0,0.0,0.0
2026-07-24 12:00:00,EP072026,45,2026-07-26 00:00:00,1 days 12:00:00,36,11.78,-106.13,990.7,58.1,46.356660828435565,155.99809268960234,113.21657103461354,71.21830137484696,113.47496893031897,46.356660828435565,5.289285392546604,0.0,5.9355815461095744,0.0,0.0,0.0,0.0
2026-07-24 12:00:00,EP072026,45,2026-07-26 06:00:00,1 days 18:00:00,42,12.15,-107.3,991.6,62.5,37.31935958218115,206.9931760370297,161.20678711965007,117.53813650085624,165.56736464173446,77.68593345363837,62.1316733824056,43.81639245491999,61.82539096957757,0.0,0.0,0.0,0.0
2026-07-24 12:00:00,EP072026,45,2026-07-26 12:00:00,2 days 00:00:00,48,12.86,-108.59,987.4,66.4,32.20571825927131,227.08770354663568,183.98760450852023,115.50819883023104,176.73788704489834,84.85029713775646,66.69451564275312,43.64804504320181,65.37840102519976,32.20571825927131,18.611628758477494,12.395648740789518,18.588152388596725
2026-07-24 12:00:00,EP072026,45,2026-07-26 18:00:00,2 days 06:00:00,54,13.39,-109.51,979.9,82.3,15.817027398342953,230.62069385464912,169.8642966271836,88.9371250046284,180.67726006485088,116.79141762159114,88.42171466962989,61.54718412262199,93.29363080602748,52.16621432818501,43.72160152092061,32.278181813431736,43.75927812192028
2026-07-24 12:00:00,EP072026,45,2026-07-27 00:00:00,2 days 12:00:00,60,14.02,-110.72,975.8,86.5,25.06348366210515,213.1241935700644,153.55456378039847,97.81282743545988,156.94632623869492,102.80222638691546,78.11227997669145,53.62202949171751,78.2852554064441,43.423057253870496,35.780453962364135,27.353057004100528,36.73507140054183
2026-07-24 12:00:00,EP072026,45,2026-07-27 06:00:00,2 days 18:00:00,66,14.52,-111.4,963.5,101.6,16.43980049805415,238.68697172793625,181.0224916583795,103.69124665531332,185.62889874277852,105.96717214771289,76.63660658836892,51.39066729740538,85.30215895230626,48.20728580533456,39.27815448018454,28.2999130054522,40.50533671129084
2026-07-24 12:00:00,EP072026,45,2026-07-27 12:00:00,3 days 00:00:00,72,15.02,-112.46,955.2,116.5,19.09691021176272,257.0280796047475,194.34941551862488,109.75916861038064,205.8483578665188,111.80224715772118,83.50769994201434,53.476145831126274,88.03400127873684,53.073788115115846,43.01810228920388,31.421748860436157,45.35341201015643
2026-07-24 12:00:00,EP072026,45,2026-07-27 18:00:00,3 days 06:00:00,78,15.76,-112.98,961.7,99.6,31.653734377166074,209.407344138217,157.82484366518474,79.8625383278686,166.29417935616948,69.58698752536475,47.73010439231621,23.34947412291785,50.82080811047672,31.653734377166074,23.44660908311198,14.01642199766502,23.772500064526863
2026-07-24 12:00:00,EP072026,45,2026-07-28 00:00:00,3 days 12:00:00,84,16.17,-113.61,949.6,111.0,19.97334032825132,220.61270423731088,183.84266141190705,109.8050096675003,191.4695502578992,92.82679667702564,70.24966516290051,48.57490148296876,76.39669177208694,52.10006314836623,42.40760827599912,31.317473307922548,43.79090668508603
2026-07-24 12:00:00,EP072026,45,2026-07-28 06:00:00,3 days 18:00:00,90,16.59,-114.36,953.9,104.4,29.727755604236226,254.2663980286445,214.79367148482493,136.59988332586772,208.10924282490575,92.6886537516059,68.46817097201938,42.6100835327461,73.61547554855713,39.93861841839527,32.20668616376514,22.279619537120908,33.876090058114585
2026-07-24 12:00:00,EP072026,45,2026-07-28 12:00:00,4 days 00:00:00,96,17.1,-115.1,953.4,108.4,43.60887035121043,237.94250617155512,181.92830263818104,108.98720181797044,208.4732989206549,122.81493653516742,94.54392189945445,68.37686149219839,102.22842603192478,63.36815879718871,53.454474419943125,41.03200156886054,54.61366493709299
2026-07-24 12:00:00,EP072026,45,2026-07-28 18:00:00,4 days 06:00:00,102,17.37,-115.78,956.1,103.0,25.690401691881817,197.98764457965825,168.83255570884995,101.71755552526908,157.2732322474831,59.594126807961786,45.101083979373286,26.50483688839094,48.2129034392963,28.17037131844836,23.021209120379552,16.77292332960008,23.79346443046262
2026-07-24 12:00:00,EP072026,45,2026-07-29 00:00:00,4 days 12:00:00,108,17.53,-116.5,963.7,94.6,35.80654699080467,213.02304724218544,179.33992875137284,129.55677902624504,188.0625873481777,98.4873056553983,76.95087625824331,60.143163781912136,83.4638055398598,49.76049157960576,41.44836289279273,32.43948775372238,41.94665295107809
2026-07-24 12:00:00,EP072026,45,2026-07-29 06:00:00,4 days 18:00:00,114,17.75,-117.43,975.8,86.1,9.36476297039793,229.91941381187792,197.66755020015208,147.0089006089163,192.17409929195173,60.16407452361965,45.90304974284945,28.460277228840905,45.0114609362354,14.846491780356672,11.504552454151495,7.570805070472597,12.761824041985347
2026-07-24 12:00:00,EP072026,45,2026-07-29 12:00:00,5 days 00:00:00,120,18.18,-118.46,989.8,60.7,24.068866400393745,217.8268365403262,153.471461629651,111.78438585607842,190.03744640004905,93.24933951012326,68.30463632395163,45.7930302277133,73.31117544328788,0.0,0.0,0.0,0.0
2026-07-24 12:00:00,EP072026,45,2026-07-29 18:00:00,5 days 06:00:00,126,18.5,-119.47,992.2,56.7,34.3869496914478,256.36633063924387,200.8485887207728,158.12136937635887,227.60548618009815,100.10157722748971,74.1870642857825,49.77157342595167,79.8188092835973,0.0,0.0,0.0,0.0
2026-07-24 12:00:00,EP072026,45,2026-07-30 00:00:00,5 days 12:00:00,132,18.75,-120.22,992.4,55.5,44.60285429257567,221.0856123827585,186.06218432033825,148.76604943157645,185.3364351872572,44.60285429257567,31.167996529621576,18.644359856480563,29.86788216864753,0.0,0.0,0.0,0.0
2026-07-24 12:00:00,EP072026,45,2026-07-30 06:00:00,5 days 18:00:00,138,18.97,-120.88,984.5,54.8,64.79268010956557,161.87299253391598,156.16057546960928,122.37966962389672,137.4732280362946,64.79268010956557,12.457813642553813,6.610021758628699,13.828716969864727,0.0,0.0,0.0,0.0
2026-07-24 12:00:00,EP072026,45,2026-07-30 12:00:00,6 days 00:00:00,144,19.7,-121.67,989.8,60.8,48.62657242285697,199.0209969980416,147.54631949404816,104.10434917739602,159.19515208134663,99.52376587063604,79.65181141245831,57.69377029012729,78.58890226108582,0.0,0.0,0.0,0.0
2026-07-24 12:00:00,EP072026,45,2026-07-30 18:00:00,6 days 06:00:00,150,19.84,-122.8,996.3,46.0,120.40407891944427,148.46039560175964,117.95626315523876,84.16758232761583,111.96834776364898,0.0,0.0,0.0,0.0,0.0,0.0,0.0,0.0
2026-07-24 12:00:00,EP072026,45,2026-07-31 00:00:00,6 days 12:00:00,156,20.54,-123.87,998.6,49.1,85.956669507413,113.46939844157188,79.93058685245524,42.04008550488561,76.30202977304775,0.0,0.0,0.0,0.0,0.0,0.0,0.0,0.0
2026-07-24 12:00:00,EP072026,45,2026-07-31 06:00:00,6 days 18:00:00,162,20.8,-124.68,997.5,47.6,78.21309771727661,107.14489058205328,79.93323895987723,57.00974104919449,79.42655544530601,0.0,0.0,0.0,0.0,0.0,0.0,0.0,0.0
2026-07-24 12:00:00,EP072026,45,2026-07-31 12:00:00,7 days 00:00:00,168,21.3,-125.59,998.1,44.0,56.15985502377077,83.75253549480578,50.681391125889256,27.583064507636493,64.35390056547587,0.0,0.0,0.0,0.0,0.0,0.0,0.0,0.0
2026-07-24 12:00:00,EP072026,45,2026-07-31 18:00:00,7 days 06:00:00,174,21.43,-127.12,1005.4,36.7,50.283080968465335,50.283080968465335,0.0,0.0,22.342051528684664,0.0,0.0,0.0,0.0,0.0,0.0,0.0,0.0
2026-07-24 12:00:00,EP072026,45,2026-08-01 00:00:00,7 days 12:00:00,180,21.68,-127.74,1005.4,36.4,98.469650625293,98.469650625293,39.41012451043048,33.691992267617124,58.85700864880628,0.0,0.0,0.0,0.0,0.0,0.0,0.0,0.0
2026-07-24 12:00:00,EP072026,45,2026-08-01 06:00:00,7 days 18:00:00,186,22.03,-129.44,1001.5,38.3,44.99280600709971,72.15510377274973,49.19073049989869,34.46105707659045,59.29833122678159,0.0,0.0,0.0,0.0,0.0,0.0,0.0,0.0
2026-07-24 12:00:00,EP072026,45,2026-08-01 12:00:00,8 days 00:00:00,192,22.14,-130.05,1009.0,30.9,62.335574158911314,0.0,0.0,0.0,0.0,0.0,0.0,0.0,0.0,0.0,0.0,0.0,0.0
2026-07-24 12:00:00,EP072026,45,2026-08-01 18:00:00,8 days 06:00:00,198,22.29,-131.26,1007.1,31.3,77.76827631803393,0.0,0.0,0.0,0.0,0.0,0.0,0.0,0.0,0.0,0.0,0.0,0.0
2026-07-24 12:00:00,EP072026,45,2026-08-02 00:00:00,8 days 12:00:00,204,22.13,-132.48,1008.8,27.3,105.09850670470576,0.0,0.0,0.0,0.0,0.0,0.0,0.0,0.0,0.0,0.0,0.0,0.0
2026-07-24 12:00:00,EP072026,45,2026-08-02 06:00:00,8 days 18:00:00,210,22.02,-133.36,1008.8,31.1,53.49900309067911,0.0,0.0,0.0,0.0,0.0,0.0,0.0,0.0,0.0,0.0,0.0,0.0
2026-07-24 12:00:00,EP072026,45,2026-08-02 12:00:00,9 days 00:00:00,216,21.71,-134.39,1009.9,22.8,120.03884609577857,0.0,0.0,0.0,0.0,0.0,0.0,0.0,0.0,0.0,0.0,0.0,0.0
2026-07-24 12:00:00,EP072026,45,2026-08-02 18:00:00,9 days 06:00:00,222,21.75,-135.42,1008.8,22.0,59.35444448156272,0.0,0.0,0.0,0.0,0.0,0.0,0.0,0.0,0.0,0.0,0.0,0.0
2026-07-24 12:00:00,EP072026,45,2026-08-03 00:00:00,9 days 12:00:00,228,21.67,-136.37,1010.2,25.7,52.2913668743271,0.0,0.0,0.0,0.0,0.0,0.0,0.0,0.0,0.0,0.0,0.0,0.0
2026-07-24 12:00:00,WP112026,45,2026-07-24 12:00:00,0 days 00:00:00,0,19.7,120.4,991.0,60.0,37.0,139.0,93.0,84.0,139.0,,,,,0.0,0.0,0.0,0.0
2026-07-24 12:00:00,WP112026,45,2026-07-24 18:00:00,0 days 06:00:00,6,20.15,119.11,967.9,86.6,25.58798374512704,216.64493106947697,160.24821366889572,136.20932853545247,195.18130877767615,168.15498959000527,140.09120924622465,115.36550222012173,148.5511942792939,94.46236951777811,82.28047573396319,67.72724432883629,80.34146777367752
2026-07-24 12:00:00,WP112026,45,2026-07-25 00:00:00,0 days 12:00:00,12,20.96,118.15,955.8,97.1,26.87282656282634,207.39974491981312,189.3454392684208,154.2285057351287,192.85141758218688,106.81579642978792,88.68298147979503,67.90377452221412,89.86204633885691,49.30451600564639,42.752460781899416,33.78111920327438,42.750668659358055
2026-07-24 12:00:00,WP112026,45,2026-07-25 06:00:00,0 days 18:00:00,18,21.33,117.14,947.7,110.4,27.75804928092677,275.63695095812454,252.0891345416053,192.79799124424744,228.84954220344025,63.11234819202207,47.49714379094365,28.97568995874812,45.86588299146118,27.75804928092677,12.196428444659112,7.985918053512439,13.77059639394212
2026-07-24 12:00:00,WP112026,45,2026-07-25 12:00:00,1 days 00:00:00,24,22.37,115.97,948.7,100.4,18.436307415669376,212.8377009110745,171.30567229217831,127.53712121169336,180.8819470786857,55.30715615439442,32.89103147037338,21.4325133280816,44.97830311501343,27.552350698813825,20.740246243263982,15.09056706935337,22.952894123108532
2026-07-24 12:00:00,WP112026,45,2026-07-25 18:00:00,1 days 06:00:00,30,22.79,115.31,958.9,94.8,18.098409382833356,151.30178021627273,120.40897068187346,74.02194442882356,120.09753773671002,24.93440079878841,7.163817481023266,3.8297069329559976,18.732596093429272,18.098409382833356,7.163817481023266,3.8297069329559976,10.236467514157304
2026-07-24 12:00:00,WP112026,45,2026-07-26 00:00:00,1 days 12:00:00,36,23.25,114.8,970.6,72.5,24.693106090788604,175.71560698605504,164.07501954292013,131.92624125599798,145.5528844383998,52.09655477797463,45.03491718048278,31.8944034047515,41.5970421468177,24.693106090788604,9.85352934694756,6.363467313039829,8.368009966556222
2026-07-24 12:00:00,WP112026,45,2026-07-26 06:00:00,1 days 18:00:00,42,24.25,114.36,982.3,52.3,6.22008944631456,116.6475978714826,106.2027947302836,75.51020663065768,88.22186146333496,6.22008944631456,4.4314922231141205,0.3470292281881377,1.463378592100847,0.0,0.0,0.0,0.0
2026-07-24 12:00:00,WP112026,45,2026-07-26 12:00:00,2 days 00:00:00,48,24.72,113.89,993.2,34.7,28.997336125157688,2.1214396952377683,28.997336125157688,2.2441608819999885,1.5050199791753016,0.0,0.0,0.0,0.0,0.0,0.0,0.0,0.0
2026-07-24 12:00:00,WP112026,45,2026-07-26 18:00:00,2 days 06:00:00,54,25.34,113.7,1003.8,21.7,47.09915822667372,0.0,0.0,0.0,0.0,0.0,0.0,0.0,0.0,0.0,0.0,0.0,0.0
2026-07-24 12:00:00,WP112026,45,2026-07-27 00:00:00,2 days 12:00:00,60,26.47,113.51,1001.5,12.5,54.45800088969544,0.0,0.0,0.0,0.0,0.0,0.0,0.0,0.0,0.0,0.0,0.0,0.0
2026-07-24 12:00:00,WP112026,45,2026-07-27 06:00:00,2 days 18:00:00,66,27.41,112.29,1004.5,13.7,85.98602210865289,0.0,0.0,0.0,0.0,0.0,0.0,0.0,0.0,0.0,0.0,0.0,0.0
2026-07-24 12:00:00,WP112026,45,2026-07-27 12:00:00,3 days 00:00:00,72,27.86,112.26,1003.3,11.7,43.404548574174,0.0,0.0,0.0,0.0,0.0,0.0,0.0,0.0,0.0,0.0,0.0,0.0
2026-07-24 12:00:00,WP112026,45,2026-07-27 18:00:00,3 days 06:00:00,78,28.57,112.13,1003.6,12.5,53.221591227268206,0.0,0.0,0.0,0.0,0.0,0.0,0.0,0.0,0.0,0.0,0.0,0.0
2026-07-24 12:00:00,EP062026,46,2026-07-24 12:00:00,0 days 00:00:00,0,18.5,-130.6,970.0,89.0,37.0,297.0,185.0,111.0,297.0,148.0,74.0,56.0,111.0,74.0,37.0,28.0,56.0
2026-07-24 12:00:00,EP062026,46,2026-07-24 18:00:00,0 days 06:00:00,6,18.58,-131.92,982.1,75.1,22.929101427555334,249.7205412688556,195.63889793121535,156.19021802041902,215.45971068866737,83.27576089263087,66.93639682775515,49.86220772342265,69.02055119685042,23.62227365476461,19.28407537287953,14.331583815165036,19.42831370254649
2026-07-24 12:00:00,EP062026,46,2026-07-25 00:00:00,0 days 12:00:00,12,18.89,-133.08,977.9,77.3,23.10980266825273,253.01631703578903,187.39102981412609,144.637303763541,213.35242603803056,79.87082923568954,60.4397980210515,40.389386842597176,64.86860756053616,23.10980266825273,2.230573628057844,0.0,3.985421172893569
2026-07-24 12:00:00,EP062026,46,2026-07-25 06:00:00,0 days 18:00:00,18,19.03,-134.72,987.2,63.8,57.26762496148977,372.75874930860033,295.58778899079584,235.54075284982136,311.1684924845056,181.0990740765473,157.36906778614684,120.44981834540198,152.73653152592607,0.0,0.0,0.0,0.0
2026-07-24 12:00:00,EP062026,46,2026-07-25 12:00:00,1 days 00:00:00,24,19.27,-135.85,979.3,76.2,21.18040420205884,235.5071693310841,188.13787431465263,143.37146154098622,201.0379116511346,52.84357288034413,37.915079511498966,24.475002721058974,41.46491693168574,21.18040420205884,0.4709082023513646,0.0,2.356089485388712
2026-07-24 12:00:00,EP062026,46,2026-07-25 18:00:00,1 days 06:00:00,30,19.34,-137.1,977.9,73.8,70.91890528301833,184.67119601343623,126.54008763978392,96.53189717221044,160.4438201943845,78.40150166573777,56.13844961718206,37.784567257680784,66.24846994649164,70.91890528301833,19.1223641909076,13.747796578917766,22.671652240874945
2026-07-24 12:00:00,EP062026,46,2026-07-26 00:00:00,1 days 12:00:00,36,19.64,-138.44,978.3,77.5,33.22264729344538,271.00946376575763,207.4240457562422,173.7300814934194,268.74532037755694,142.80991470011162,118.67018319578196,95.69177770140725,124.6840795613726,63.7269374599587,56.12396955639295,44.22018942692781,55.769603748017474
2026-07-24 12:00:00,EP062026,46,2026-07-26 06:00:00,1 days 18:00:00,42,19.71,-139.45,985.5,72.4,40.53864179196065,205.22091367919109,158.89373791228175,130.62411917016044,196.71102281747,97.81065312439024,80.46305790811273,59.25264806230685,83.33948675286375,40.53864179196065,20.43427832999136,14.5158547019195,21.559644018743377
2026-07-24 12:00:00,EP062026,46,2026-07-26 12:00:00,2 days 00:00:00,48,19.96,-140.4,989.2,65.8,47.293088727985634,239.848245955074,178.2599842718604,142.68764141069988,203.3129349122467,106.06912727415023,85.69811650877696,64.82038818474784,89.29553081781161,47.293088727985634,23.054916466957863,17.52786206989096,24.3172493695267
2026-07-24 12:00:00,EP062026,46,2026-07-26 18:00:00,2 days 06:00:00,54,19.95,-141.92,992.2,57.3,23.249811318645754,176.91471612291437,125.58190033764436,95.66795061358746,150.81033992192067,81.79847656897573,65.70777404265814,45.1618836793718,66.1872708149379,0.0,0.0,0.0,0.0
2026-07-24 12:00:00,EP062026,46,2026-07-27 00:00:00,2 days 12:00:00,60,20.19,-143.02,994.4,51.3,41.58597922679776,195.58017596186363,134.89837347252245,88.86825735523789,165.0625894329233,81.93691315962677,63.27132599569367,41.6697129172685,67.95772131802971,0.0,0.0,0.0,0.0
2026-07-24 12:00:00,EP062026,46,2026-07-27 06:00:00,2 days 18:00:00,66,20.21,-144.46,995.6,57.6,81.81686296017511,298.89682300141914,232.48676170651515,181.3027711121209,255.62706129246124,85.32101754232144,69.71712929464785,48.58131514357718,68.85169724349397,0.0,0.0,0.0,0.0
2026-07-24 12:00:00,EP062026,46,2026-07-27 12:00:00,3 days 00:00:00,72,20.25,-145.59,991.9,52.0,59.961232860344566,203.67608461367013,171.57052990386927,110.85776688946244,164.03071398867502,59.961232860344566,4.232157507809115,0.0,4.7409658080251535,0.0,0.0,0.0,0.0
2026-07-24 12:00:00,EP062026,46,2026-07-27 18:00:00,3 days 06:00:00,78,20.83,-146.92,993.2,56.9,16.259413908674787,225.4935996374993,191.34254948480816,130.04938222398278,185.89173466547615,16.259413908674787,4.190598914630165,0.0,3.534071435512942,0.0,0.0,0.0,0.0
2026-07-24 12:00:00,EP062026,46,2026-07-28 00:00:00,3 days 12:00:00,84,20.95,-148.66,997.4,51.4,40.48000764065358,195.7561955849492,169.38800566328823,127.84401296759484,163.76766514572387,40.48000764065358,10.351990077550614,5.8325421774320745,8.266434508202732,0.0,0.0,0.0,0.0
2026-07-24 12:00:00,EP062026,46,2026-07-28 06:00:00,3 days 18:00:00,90,21.01,-149.87,1000.9,46.0,123.78861254209696,137.85527133318058,102.89650602512376,67.61432270990204,109.88797277810106,0.0,0.0,0.0,0.0,0.0,0.0,0.0,0.0
2026-07-24 12:00:00,EP062026,46,2026-07-28 12:00:00,4 days 00:00:00,96,21.34,-151.67,999.7,38.7,89.71290329628292,89.71290329628292,0.0230452105295775,0.0,5.341233054008891,0.0,0.0,0.0,0.0,0.0,0.0,0.0,0.0
2026-07-24 12:00:00,EP062026,46,2026-07-28 18:00:00,4 days 06:00:00,102,21.79,-153.12,1000.5,42.6,86.79221480265309,2.777905213906777,0.0,0.0,86.79221480265309,0.0,0.0,0.0,0.0,0.0,0.0,0.0,0.0
2026-07-24 12:00:00,EP062026,46,2026-07-29 00:00:00,4 days 12:00:00,108,22.14,-154.17,1002.7,34.3,118.18573673583909,118.18573673583909,2.429337547911935,0.6341589998511807,8.890857585537866,0.0,0.0,0.0,0.0,0.0,0.0,0.0,0.0
2026-07-24 12:00:00,EP062026,46,2026-07-29 06:00:00,4 days 18:00:00,114,22.01,-155.9,1002.8,25.7,171.83071714256675,0.0,0.0,0.0,0.0,0.0,0.0,0.0,0.0,0.0,0.0,0.0,0.0
2026-07-24 12:00:00,EP062026,46,2026-07-29 12:00:00,5 days 00:00:00,120,21.99,-157.47,1004.6,26.4,149.57333614722774,0.0,0.0,0.0,0.0,0.0,0.0,0.0,0.0,0.0,0.0,0.0,0.0
2026-07-24 12:00:00,EP062026,46,2026-07-29 18:00:00,5 days 06:00:00,126,22.56,-159.01,1006.7,33.6,73.30135156359992,0.0,0.0,0.0,0.0,0.0,0.0,0.0,0.0,0.0,0.0,0.0,0.0
2026-07-24 12:00:00,EP062026,46,2026-07-30 00:00:00,5 days 12:00:00,132,22.3,-160.82,991.5,45.8,118.42560175727311,118.42560175727311,1.4906862432628998,0.0,15.845462935255396,0.0,0.0,0.0,0.0,0.0,0.0,0.0,0.0
2026-07-24 12:00:00,EP072026,46,2026-07-24 12:00:00,0 days 00:00:00,0,8.9,-99.9,1005.0,29.0,93.0,0.0,0.0,0.0,0.0,0.0,0.0,0.0,0.0,0.0,0.0,0.0,0.0
2026-07-24 12:00:00,EP072026,46,2026-07-24 18:00:00,0 days 06:00:00,6,8.81,-101.12,1009.1,30.6,75.79854239103504,0.0,0.0,0.0,0.0,0.0,0.0,0.0,0.0,0.0,0.0,0.0,0.0
2026-07-24 12:00:00,WP112026,46,2026-07-24 12:00:00,0 days 00:00:00,0,19.7,120.4,991.0,60.0,37.0,139.0,93.0,84.0,139.0,,,,,0.0,0.0,0.0,0.0
2026-07-24 12:00:00,WP112026,46,2026-07-24 18:00:00,0 days 06:00:00,6,19.88,118.96,976.1,76.4,29.245816365811372,199.8137508769992,166.63883074423427,145.7876549337994,177.16270094874815,107.22103442803548,93.01377568730209,80.99185903738864,97.48265824942683,51.65690827130365,48.94015928900514,41.42476052766462,47.05490640570768
2026-07-24 12:00:00,WP112026,46,2026-07-25 00:00:00,0 days 12:00:00,12,20.48,117.99,955.0,97.1,27.26399667629805,198.3369312565623,180.309828019883,152.8814699149112,173.700251959147,110.00371431163718,96.8856595419258,83.74361570761461,99.24088143547472,68.16224120221074,63.90613764769239,54.02876900335667,60.9614930641856
2026-07-24 12:00:00,WP112026,46,2026-07-25 06:00:00,0 days 18:00:00,18,21.41,117.08,938.0,121.1,7.737333643768343,247.96578126243435,225.1266840543235,196.82511248816832,227.62929474307563,130.5266703304531,116.52729540466868,97.7430933003962,115.15330976865512,80.11884408552122,72.84499328560986,60.6044189489974,70.09309422377966
2026-07-24 12:00:00,WP112026,46,2026-07-25 12:00:00,1 days 00:00:00,24,21.93,116.24,942.0,113.6,13.823886980210077,249.4774069036376,213.38246940874276,184.47446470822464,212.32107312459232,116.50150029623086,99.85501169630744,83.31372470912092,101.33234419062056,71.5912221590041,64.02094809270771,53.545992815935634,62.41990813401381
2026-07-24 12:00:00,WP112026,46,2026-07-25 18:00:00,1 days 06:00:00,30,22.5,115.35,941.4,117.9,22.896653545951597,156.45361683847193,118.61696096540446,115.79766031504803,155.85746909447332,121.53398758331907,98.84845195186348,83.16186232841915,113.2384279234067,66.30643949543874,56.738304736164864,49.406633206629536,57.84624211414686
2026-07-24 12:00:00,WP112026,46,2026-07-26 00:00:00,1 days 12:00:00,36,23.32,114.48,960.2,76.6,13.26078639113593,127.9563899286986,130.02922704636433,100.13927565975744,103.20127194982794,13.26078639113593,0.0,0.0,0.4086190722536096,13.26078639113593,0.0,0.0,0.4086190722536096
2026-07-24 12:00:00,WP112026,46,2026-07-26 06:00:00,1 days 18:00:00,42,24.0,114.07,987.4,48.5,29.08974349215197,154.672787028934,138.3239859897665,107.29110498008986,133.0328984075441,0.0,0.0,0.0,0.0,0.0,0.0,0.0,0.0
2026-07-24 12:00:00,WP112026,46,2026-07-26 12:00:00,2 days 00:00:00,48,24.12,113.5,988.7,39.0,82.58412279969207,12.988249267466486,6.315186755393085,82.58412279969207,13.595544765378031,0.0,0.0,0.0,0.0,0.0,0.0,0.0,0.0
2026-07-24 12:00:00,WP112026,46,2026-07-26 18:00:00,2 days 06:00:00,54,25.42,113.42,991.7,32.5,60.28310739882929,0.0,0.0,0.0,0.0,0.0,0.0,0.0,0.0,0.0,0.0,0.0,0.0
2026-07-24 12:00:00,WP112026,46,2026-07-27 00:00:00,2 days 12:00:00,60,26.85,112.55,1004.1,23.6,47.10665790855806,0.0,0.0,0.0,0.0,0.0,0.0,0.0,0.0,0.0,0.0,0.0,0.0
2026-07-24 12:00:00,WP112026,46,2026-07-27 06:00:00,2 days 18:00:00,66,27.31,112.6,1000.5,19.3,88.04720498422205,0.0,0.0,0.0,0.0,0.0,0.0,0.0,0.0,0.0,0.0,0.0,0.0
2026-07-24 12:00:00,WP112026,46,2026-07-27 12:00:00,3 days 00:00:00,72,28.16,112.16,1002.8,22.4,62.448484847883336,0.0,0.0,0.0,0.0,0.0,0.0,0.0,0.0,0.0,0.0,0.0,0.0
2026-07-24 12:00:00,WP112026,46,2026-07-27 18:00:00,3 days 06:00:00,78,29.2,111.71,1004.4,18.8,60.98462437866721,0.0,0.0,0.0,0.0,0.0,0.0,0.0,0.0,0.0,0.0,0.0,0.0
2026-07-24 12:00:00,EP062026,47,2026-07-24 12:00:00,0 days 00:00:00,0,18.5,-130.6,970.0,89.0,37.0,297.0,185.0,111.0,297.0,148.0,74.0,56.0,111.0,74.0,37.0,28.0,56.0
2026-07-24 12:00:00,EP062026,47,2026-07-24 18:00:00,0 days 06:00:00,6,18.52,-131.82,981.0,81.3,37.64994580651482,225.48748986415671,188.07632617904608,151.17392457443577,197.599505929947,120.61375091820378,103.32993396300228,85.694523775227,110.66987835703516,68.8521099772344,60.66775571476112,50.3551493346634,59.07277874714222
2026-07-24 12:00:00,EP062026,47,2026-07-25 00:00:00,0 days 12:00:00,12,18.75,-132.99,977.2,74.0,40.36403728115346,241.91994276323976,188.37426471180083,139.13087624453465,215.40443632073172,118.53299794886266,91.0516511841513,67.57659109197374,101.51791953519636,55.16613697993608,46.53006470815456,37.76976946216138,46.40168989423978
2026-07-24 12:00:00,EP062026,47,2026-07-25 06:00:00,0 days 18:00:00,18,19.01,-134.36,986.0,72.0,39.74629768466325,203.89735611407275,167.1070099082006,136.07368024858627,195.87718220996916,110.72267961119786,86.28040370421972,65.42073364666392,91.74021605811568,39.74629768466325,16.010891504994152,12.654667983350434,18.295875949370227
2026-07-24 12:00:00,EP062026,47,2026-07-25 12:00:00,1 days 00:00:00,24,19.38,-135.73,986.2,70.8,36.48424798104395,226.29187218679192,193.665986349578,135.5088115271456,198.60079143337083,127.01857203478022,100.14901617298884,77.32985604730783,102.29493933984634,41.41874441206885,35.78114804663224,29.46702890993486,35.18017230944533
2026-07-24 12:00:00,EP062026,47,2026-07-25 18:00:00,1 days 06:00:00,30,19.52,-136.4,991.0,61.5,70.42466024011279,230.807366365227,185.39652351920157,144.0355561277764,201.88408619934077,87.28200605368559,62.79848710462917,42.76040933372829,68.79282227519201,0.0,0.0,0.0,0.0
2026-07-24 12:00:00,EP062026,47,2026-07-26 00:00:00,1 days 12:00:00,36,19.91,-137.76,985.8,70.9,54.07210864862405,215.90643837398025,181.39701408398275,125.51785136023317,176.76140685741325,70.05706663195045,46.08030278925749,24.705214477594264,52.03118607931321,54.07210864862405,1.1600051151904724,0.0,3.584464219896507
2026-07-24 12:00:00,EP062026,47,2026-07-26 06:00:00,1 days 18:00:00,42,19.88,-138.76,982.9,69.9,40.43857215887047,235.89536158444992,169.79314658919213,141.10926963691952,213.7588030741756,111.6007745980572,87.95458619819414,66.78948705232044,94.67749322345838,40.43857215887047,24.147189254606644,19.35325307427565,27.048271553878696
2026-07-24 12:00:00,EP062026,47,2026-07-26 12:00:00,2 days 00:00:00,48,20.16,-140.17,987.3,68.6,29.16549480269067,176.34159375863553,136.8054099984157,97.2779043296375,157.89927161930518,73.75246953674205,53.01805547889141,34.453923477249134,59.00439865874973,29.16549480269067,2.206835093361809,0.4551068923448786,4.267983521495546
2026-07-24 12:00:00,EP062026,47,2026-07-26 18:00:00,2 days 06:00:00,54,20.05,-141.29,994.9,59.2,51.138574215330536,151.4637021997518,121.53749639320714,81.36905292596889,130.12370473764776,51.138574215330536,31.110220125271724,18.851495364356843,36.947695808148936,0.0,0.0,0.0,0.0
2026-07-24 12:00:00,EP062026,47,2026-07-27 00:00:00,2 days 12:00:00,60,20.02,-142.37,994.2,56.0,67.5416641598857,266.5377522482746,212.61207090633604,145.4911512806073,229.8300162255211,67.5416641598857,5.853054544480584,1.4103403381565751,12.21116295538408,0.0,0.0,0.0,0.0
2026-07-24 12:00:00,EP062026,47,2026-07-27 06:00:00,2 days 18:00:00,66,20.16,-144.1,993.9,57.3,59.718680535625424,166.44680967377963,144.7306859827395,106.27639529249348,138.52474028932443,59.718680535625424,0.0,0.0,2.5183158895416184,0.0,0.0,0.0,0.0
2026-07-24 12:00:00,EP062026,47,2026-07-27 12:00:00,3 days 00:00:00,72,20.6,-145.81,1001.3,48.3,36.94535339005265,109.96768548415426,77.71327651906694,48.56718235789122,91.04495603516996,0.0,0.0,0.0,0.0,0.0,0.0,0.0,0.0
2026-07-24 12:00:00,EP062026,47,2026-07-27 18:00:00,3 days 06:00:00,78,20.8,-147.38,998.0,49.3,60.56711838239261,142.57395904093812,117.06847838078386,66.5293963963789,111.2368976082945,0.0,0.0,0.0,0.0,0.0,0.0,0.0,0.0
2026-07-24 12:00:00,EP062026,47,2026-07-28 00:00:00,3 days 12:00:00,84,21.43,-149.25,1004.4,40.4,122.07734020653145,268.1140912839767,231.1486072534552,154.96527486044758,214.13829806651677,0.0,0.0,0.0,0.0,0.0,0.0,0.0,0.0
2026-07-24 12:00:00,EP062026,47,2026-07-28 06:00:00,3 days 18:00:00,90,21.38,-150.83,1003.8,37.1,100.73828362284372,100.73828362284372,1.165710980680739,0.0,5.007470453053632,0.0,0.0,0.0,0.0,0.0,0.0,0.0,0.0
2026-07-24 12:00:00,EP062026,47,2026-07-28 12:00:00,4 days 00:00:00,96,21.69,-152.4,1007.6,35.8,81.52202389547142,81.52202389547142,30.85527859527454,11.66613640971758,32.79578564623,0.0,0.0,0.0,0.0,0.0,0.0,0.0,0.0
2026-07-24 12:00:00,EP062026,47,2026-07-28 18:00:00,4 days 06:00:00,102,22.07,-153.85,1009.2,30.9,123.61569864176612,0.0,0.0,0.0,0.0,0.0,0.0,0.0,0.0,0.0,0.0,0.0,0.0
2026-07-24 12:00:00,EP062026,47,2026-07-29 00:00:00,4 days 12:00:00,108,22.14,-154.93,1008.3,25.8,69.56134249653756,0.0,0.0,0.0,0.0,0.0,0.0,0.0,0.0,0.0,0.0,0.0,0.0
2026-07-24 12:00:00,EP062026,47,2026-07-29 06:00:00,4 days 18:00:00,114,22.51,-156.74,1008.4,24.4,76.47297079403029,0.0,0.0,0.0,0.0,0.0,0.0,0.0,0.0,0.0,0.0,0.0,0.0
2026-07-24 12:00:00,EP072026,47,2026-07-24 12:00:00,0 days 00:00:00,0,8.9,-99.9,1005.0,29.0,93.0,0.0,0.0,0.0,0.0,0.0,0.0,0.0,0.0,0.0,0.0,0.0,0.0
2026-07-24 12:00:00,EP072026,47,2026-07-24 18:00:00,0 days 06:00:00,6,8.54,-101.35,1002.7,39.6,54.868296182682165,54.40056630864156,29.343110022105705,17.725845960973,55.344205025678406,0.0,0.0,0.0,0.0,0.0,0.0,0.0,0.0
2026-07-24 12:00:00,EP072026,47,2026-07-25 00:00:00,0 days 12:00:00,12,9.12,-101.83,999.4,51.0,69.06840886666197,225.5502230172541,192.95802049680916,156.53839561273742,203.22163029667968,10.283204263189084,7.937490323313376,5.81971215888494,69.06840886666197,0.0,0.0,0.0,0.0
2026-07-24 12:00:00,EP072026,47,2026-07-25 06:00:00,0 days 18:00:00,18,10.17,-103.11,1000.0,45.7,84.98011815955716,115.45561366594448,99.48063198327458,63.79563859760614,89.28894269770967,0.0,0.0,0.0,0.0,0.0,0.0,0.0,0.0
2026-07-24 12:00:00,EP072026,47,2026-07-25 12:00:00,1 days 00:00:00,24,10.92,-104.08,994.8,57.3,36.38939710221118,148.1130655836547,117.84780744249258,78.43306947152908,120.67510596920542,51.38314750355328,38.99742639337778,25.3717842478914,35.425359993898724,0.0,0.0,0.0,0.0
2026-07-24 12:00:00,EP072026,47,2026-07-25 18:00:00,1 days 06:00:00,30,11.6,-105.23,992.9,61.0,51.88267672526986,179.0901246530952,130.58144189720295,72.64629544336591,138.69621271837792,65.08714508136943,49.620656472793215,32.33286269905319,45.62430451140074,0.0,0.0,0.0,0.0
2026-07-24 12:00:00,EP072026,47,2026-07-26 00:00:00,1 days 12:00:00,36,11.91,-106.57,987.5,68.6,28.95681939531364,176.61256251276788,151.52493687564584,82.79897672311562,132.67832796580046,50.47751514263776,35.86639112562794,18.921679675268734,33.24916867577547,28.95681939531364,0.0,0.0,0.0
2026-07-24 12:00:00,EP072026,47,2026-07-26 06:00:00,1 days 18:00:00,42,12.64,-107.63,983.9,79.5,29.373568587036694,210.0793464956473,162.7147735083683,93.539466354679,185.5416957785832,99.30911202007938,73.77821689556114,48.646040743654,74.24027558948072,29.373568587036694,17.69110388000429,14.057985127630396,21.585625098070807
2026-07-24 12:00:00,EP072026,47,2026-07-26 12:00:00,2 days 00:00:00,48,13.31,-108.75,968.8,95.4,10.662737663267857,225.3180418477592,176.9447872902652,91.237346993575,165.9274631678044,91.14157294656286,65.34404191630966,36.17795986292128,62.93479421580113,18.47652585106664,12.36943290005632,7.59843281474494,15.048631942875597
2026-07-24 12:00:00,EP072026,47,2026-07-26 18:00:00,2 days 06:00:00,54,14.05,-109.79,971.0,93.5,32.78293640289337,194.8591551738269,181.97298042323112,127.78733700612698,155.6892994408477,76.1515774884336,59.47672122378388,38.02474959660861,62.54757615542586,32.78293640289337,24.516463965580492,19.37617553843606,25.23623158779664
2026-07-24 12:00:00,EP072026,47,2026-07-27 00:00:00,2 days 12:00:00,60,14.74,-110.6,957.6,110.0,16.924269713765987,283.8364171552324,243.89818446354823,157.44069678090898,228.9001527030504,77.40891176403932,55.205534014545336,27.889194557529198,54.88900917755495,16.924269713765987,8.291262547967179,2.85484846514026,9.1524522097116
2026-07-24 12:00:00,EP072026,47,2026-07-27 06:00:00,2 days 18:00:00,66,15.48,-111.69,962.4,102.1,17.688228537441688,243.92022030196375,222.19756933216783,154.4786696935901,198.3816876095196,66.25943909428491,47.95588617592449,25.198679282308568,45.69726334708225,17.688228537441688,2.9348136219391625,0.0,4.800146910296298
2026-07-24 12:00:00,EP072026,47,2026-07-27 12:00:00,3 days 00:00:00,72,16.24,-112.61,939.7,128.4,10.878565057927268,171.20681557414218,154.79437735591944,98.32881336260128,145.6937719870648,55.29871549018962,38.72055174564579,30.17766075774852,43.79027216568009,44.93252827748273,37.11618682964367,30.17766075774852,40.57163920454892
2026-07-24 12:00:00,EP072026,47,2026-07-27 18:00:00,3 days 06:00:00,78,17.04,-113.28,950.3,114.8,21.73060144334238,200.10776113717736,185.42787246850423,127.4032908073525,163.28912927795943,102.69229664184388,82.45019464847763,61.9049845592144,85.44143597903667,62.22076673637002,53.87570449418664,43.96955358338474,54.68281601601001
2026-07-24 12:00:00,EP072026,47,2026-07-28 00:00:00,3 days 12:00:00,84,17.44,-114.4,959.4,96.6,33.24588335730294,230.5210119991996,195.72221447573,119.31096350015191,184.38833921332548,62.61346996983765,39.20474091446875,19.493112458311906,45.17555670126208,33.24588335730294,10.221826385451353,5.485533388615125,13.21420298810084
2026-07-24 12:00:00,EP072026,47,2026-07-28 06:00:00,3 days 18:00:00,90,17.75,-115.3,967.0,88.1,64.04512411513456,237.65495981311005,195.53620281503063,158.3794391080125,198.300183997306,110.57685643223176,91.88524612171658,73.13233550288857,102.2944753670744,70.78263910036969,63.82202018285964,50.8624884388344,61.72745012805589
2026-07-24 12:00:00,EP072026,47,2026-07-28 12:00:00,4 days 00:00:00,96,17.91,-115.77,959.1,98.0,23.18662554341997,185.16785852679345,164.47206597814247,138.31346450609695,180.8252738261416,52.11000514094171,33.7568544455701,20.26649166165127,45.10507136074396,25.304609516852217,19.20674439302872,14.603559463662856,21.56313949286529
2026-07-24 12:00:00,EP072026,47,2026-07-28 18:00:00,4 days 06:00:00,102,18.24,-116.54,978.8,92.2,48.81888352963684,230.3747604827348,191.3610484873616,161.61133266624972,208.008045801924,107.71683558350784,79.68629510407406,60.23645138275944,91.14268308016004,55.03313740114338,49.06342033686236,39.87043755274932,48.650711487561225
2026-07-24 12:00:00,EP072026,47,2026-07-29 00:00:00,4 days 12:00:00,108,18.35,-117.38,972.7,91.5,11.784069805457705,164.16503498750671,146.78182281146155,128.33019635216442,158.85448176140835,43.791853107951965,25.590138786090705,15.047025259390368,32.98899714546914,11.784069805457705,6.567538133562124,5.187396335868026,10.042320658184778
2026-07-24 12:00:00,EP072026,47,2026-07-29 06:00:00,4 days 18:00:00,114,18.54,-118.07,976.4,75.7,24.693086782062963,241.9524154686414,203.85774666923172,147.4213888131901,201.5792663654846,99.81028165868602,80.602469102694,55.12706586579302,80.4132959636591,30.04071530333121,25.830064598506667,18.925379477552816,25.357161758953023
2026-07-24 12:00:00,EP072026,47,2026-07-29 12:00:00,5 days 00:00:00,120,19.21,-119.09,979.6,67.1,25.775698214758805,230.36717157700872,202.6725979585973,175.33720946992594,199.0499353742504,95.64108265051982,77.44989767205124,58.82998752245582,77.49132148206925,25.775698214758805,12.216158941453562,8.435582044273934,12.36974259050871
2026-07-24 12:00:00,EP072026,47,2026-07-29 18:00:00,5 days 06:00:00,126,19.55,-120.12,985.3,63.6,49.73586022222973,280.3867117307616,239.25418033956217,168.15121246770755,236.81682770557617,144.02619338028444,119.83852231312504,89.09885263589351,113.37203160151478,0.0,0.0,0.0,0.0
2026-07-24 12:00:00,EP072026,47,2026-07-30 00:00:00,5 days 12:00:00,132,19.99,-120.99,988.5,63.7,27.57721858008183,174.8800164663224,142.72356586401744,108.80322515422122,147.49880524941068,50.17771804766589,31.52425781042582,17.324804709528195,38.697263972134095,0.0,0.0,0.0,0.0
2026-07-24 12:00:00,EP072026,47,2026-07-30 06:00:00,5 days 18:00:00,138,20.39,-122.12,990.6,57.8,79.37686078957611,263.7417940724913,217.7321779783535,161.1686022347095,228.01560706362704,79.37686078957611,44.83769343852393,29.21417420140677,48.41367283549228,0.0,0.0,0.0,0.0
2026-07-24 12:00:00,EP072026,47,2026-07-30 12:00:00,6 days 00:00:00,144,20.74,-122.83,993.9,56.5,24.180418684766245,200.3170697923142,163.35821865727806,134.20624423657733,178.23156397957428,66.54843998822773,44.94051432606541,28.39086384606435,46.93165412829211,0.0,0.0,0.0,0.0
2026-07-24 12:00:00,EP072026,47,2026-07-30 18:00:00,6 days 06:00:00,150,21.17,-124.03,990.8,57.0,43.012234592953234,186.4025688439843,145.54377271380596,118.78604733375543,162.8860474522933,92.02115929223312,71.30822554039858,50.246591159412894,68.93695567281684,0.0,0.0,0.0,0.0
2026-07-24 12:00:00,EP072026,47,2026-07-31 00:00:00,6 days 12:00:00,156,21.57,-124.94,996.7,52.8,53.77849925108897,160.46307693768924,119.2125328622505,90.53407036002068,145.69942321401902,53.77849925108897,20.82557000504171,13.456723610862191,26.457965394197775,0.0,0.0,0.0,0.0
2026-07-24 12:00:00,EP072026,47,2026-07-31 06:00:00,6 days 18:00:00,162,21.9,-126.5,1003.9,47.5,87.06110640077361,165.30340607928144,123.9767342048815,86.78555220049645,131.1092871283592,0.0,0.0,0.0,0.0,0.0,0.0,0.0,0.0
2026-07-24 12:00:00,EP072026,47,2026-07-31 12:00:00,7 days 00:00:00,168,22.27,-127.49,1007.7,37.9,61.84376230237267,0.0,0.0,0.2589035296927484,61.84376230237267,0.0,0.0,0.0,0.0,0.0,0.0,0.0,0.0
2026-07-24 12:00:00,EP072026,47,2026-07-31 18:00:00,7 days 06:00:00,174,22.76,-128.68,1004.1,38.4,91.3085080868403,91.3085080868403,0.0,0.0,5.003765816852791,0.0,0.0,0.0,0.0,0.0,0.0,0.0,0.0
2026-07-24 12:00:00,EP072026,47,2026-08-01 00:00:00,7 days 12:00:00,180,23.09,-130.02,1007.1,34.0,52.72795445465368,52.72795445465368,15.471536148094684,0.2082280535049676,20.961084186832096,0.0,0.0,0.0,0.0,0.0,0.0,0.0,0.0
2026-07-24 12:00:00,EP072026,47,2026-08-01 06:00:00,7 days 18:00:00,186,23.54,-131.3,1007.3,36.8,97.605956426942,201.35441363839547,149.38238070399893,99.73581581975054,165.85491385443723,0.0,0.0,0.0,0.0,0.0,0.0,0.0,0.0
2026-07-24 12:00:00,EP072026,47,2026-08-01 12:00:00,8 days 00:00:00,192,23.75,-132.82,1006.5,31.5,55.57649660588847,0.0,0.0,0.0,0.0,0.0,0.0,0.0,0.0,0.0,0.0,0.0,0.0
2026-07-24 12:00:00,EP072026,47,2026-08-01 18:00:00,8 days 06:00:00,198,24.15,-134.09,1008.9,30.0,59.26293388352951,0.0,0.0,0.0,0.0,0.0,0.0,0.0,0.0,0.0,0.0,0.0,0.0
2026-07-24 12:00:00,EP072026,47,2026-08-02 00:00:00,8 days 12:00:00,204,24.49,-135.78,1008.8,31.4,111.30758694774946,0.0,0.0,0.0,0.0,0.0,0.0,0.0,0.0,0.0,0.0,0.0,0.0
2026-07-24 12:00:00,EP072026,47,2026-08-02 06:00:00,8 days 18:00:00,210,24.63,-138.11,1006.9,31.0,51.93337509169714,0.0,0.0,0.0,0.0,0.0,0.0,0.0,0.0,0.0,0.0,0.0,0.0
2026-07-24 12:00:00,EP072026,47,2026-08-02 12:00:00,9 days 00:00:00,216,25.45,-138.35,1007.3,32.7,63.88709610159477,0.0,0.0,0.0,0.0,0.0,0.0,0.0,0.0,0.0,0.0,0.0,0.0
2026-07-24 12:00:00,EP072026,47,2026-08-02 18:00:00,9 days 06:00:00,222,25.97,-139.32,1008.7,29.2,81.49950030595754,0.0,0.0,0.0,0.0,0.0,0.0,0.0,0.0,0.0,0.0,0.0,0.0
2026-07-24 12:00:00,EP072026,47,2026-08-03 00:00:00,9 days 12:00:00,228,25.8,-140.86,1007.1,29.5,128.49120977201585,0.0,0.0,0.0,0.0,0.0,0.0,0.0,0.0,0.0,0.0,0.0,0.0
2026-07-24 12:00:00,WP112026,47,2026-07-24 12:00:00,0 days 00:00:00,0,19.7,120.4,991.0,60.0,37.0,139.0,93.0,84.0,139.0,,,,,0.0,0.0,0.0,0.0
2026-07-24 12:00:00,WP112026,47,2026-07-24 18:00:00,0 days 06:00:00,6,20.1,119.43,982.0,63.1,23.38176035053074,187.17481069878488,166.2532315054691,137.9310134110665,168.89853746867902,69.49788107481581,47.57684012758432,31.92657121878719,49.72416262387972,0.0,0.0,0.0,0.0
2026-07-24 12:00:00,WP112026,47,2026-07-25 00:00:00,0 days 12:00:00,12,20.67,118.2,971.8,78.0,44.14232261105836,269.1893052308833,236.4237905113701,192.6460930776797,233.46801985988355,60.74434505162366,44.33021476346907,31.116186255460494,43.82960940840504,44.14232261105836,0.0,0.0,0.7861194764333832
2026-07-24 12:00:00,WP112026,47,2026-07-25 06:00:00,0 days 18:00:00,18,21.58,116.8,955.3,94.0,28.278654032168816,259.1031285678524,243.79496042901627,184.93397308705,210.2766363808292,123.5624077459143,105.63971032020116,79.6691712691969,103.40529871585284,52.006944096933445,45.42296949372125,36.72684519513919,44.80803957682976
2026-07-24 12:00:00,WP112026,47,2026-07-25 12:00:00,1 days 00:00:00,24,22.03,116.1,951.9,102.5,27.085103525534592,181.691058730779,183.2804446941112,139.14866625651274,132.31413589444583,27.085103525534592,0.8854400168507985,0.0,0.0,27.085103525534592,0.0,0.0,0.0
2026-07-24 12:00:00,WP112026,47,2026-07-25 18:00:00,1 days 06:00:00,30,23.13,115.4,955.8,97.1,17.377792746214663,193.4059261204722,173.45554501212516,151.24106886437158,174.60429918344792,104.35927468929803,85.52691906540208,72.69512360429223,87.6214196519679,59.863132075474816,52.21761655086407,44.64760582235128,51.940887244272815
2026-07-24 12:00:00,WP112026,47,2026-07-26 00:00:00,1 days 12:00:00,36,23.69,114.9,977.6,63.9,18.58773127044885,244.6046871157352,230.13814155813583,170.6127255185039,200.1198272112681,112.58565653723024,102.3493617057906,71.78909189941663,90.97900513626152,0.0,0.0,0.0,0.0
2026-07-24 12:00:00,WP112026,47,2026-07-26 06:00:00,1 days 18:00:00,42,24.68,114.71,989.3,42.2,18.15036220510581,22.15983640490714,24.66633527586496,8.800691014128441,18.688359866498143,0.0,0.0,0.0,0.0,0.0,0.0,0.0,0.0
2026-07-24 12:00:00,WP112026,47,2026-07-26 12:00:00,2 days 00:00:00,48,25.43,114.31,993.1,39.5,32.664571451270646,0.0,32.664571451270646,0.0,0.0,0.0,0.0,0.0,0.0,0.0,0.0,0.0,0.0
2026-07-24 12:00:00,WP112026,47,2026-07-26 18:00:00,2 days 06:00:00,54,25.92,114.31,998.7,19.1,89.95446291412605,0.0,0.0,0.0,0.0,0.0,0.0,0.0,0.0,0.0,0.0,0.0,0.0
2026-07-24 12:00:00,WP112026,47,2026-07-27 00:00:00,2 days 12:00:00,60,27.04,113.77,998.6,18.4,114.36770111567552,0.0,0.0,0.0,0.0,0.0,0.0,0.0,0.0,0.0,0.0,0.0,0.0
2026-07-24 12:00:00,WP112026,47,2026-07-27 06:00:00,2 days 18:00:00,66,28.12,113.69,1000.8,18.1,59.37978409103816,0.0,0.0,0.0,0.0,0.0,0.0,0.0,0.0,0.0,0.0,0.0,0.0
2026-07-24 12:00:00,WP112026,47,2026-07-27 12:00:00,3 days 00:00:00,72,28.56,113.41,1003.7,18.1,96.03662481831051,0.0,0.0,0.0,0.0,0.0,0.0,0.0,0.0,0.0,0.0,0.0,0.0
2026-07-24 12:00:00,WP112026,47,2026-07-27 18:00:00,3 days 06:00:00,78,29.85,113.64,1003.5,23.6,102.16417447565202,0.0,0.0,0.0,0.0,0.0,0.0,0.0,0.0,0.0,0.0,0.0,0.0
2026-07-24 12:00:00,WP112026,47,2026-07-28 00:00:00,3 days 12:00:00,84,31.2,113.58,1002.9,15.1,82.01998761120218,0.0,0.0,0.0,0.0,0.0,0.0,0.0,0.0,0.0,0.0,0.0,0.0
2026-07-24 12:00:00,WP112026,47,2026-07-28 06:00:00,3 days 18:00:00,90,31.88,112.71,1005.7,19.4,137.7678929093662,0.0,0.0,0.0,0.0,0.0,0.0,0.0,0.0,0.0,0.0,0.0,0.0
2026-07-24 12:00:00,WP112026,47,2026-07-28 12:00:00,4 days 00:00:00,96,33.06,111.99,1003.9,20.7,47.98333842567117,0.0,0.0,0.0,0.0,0.0,0.0,0.0,0.0,0.0,0.0,0.0,0.0
2026-07-24 12:00:00,WP112026,47,2026-07-28 18:00:00,4 days 06:00:00,102,33.73,112.39,1005.2,18.1,86.86414150216652,0.0,0.0,0.0,0.0,0.0,0.0,0.0,0.0,0.0,0.0,0.0,0.0
2026-07-24 12:00:00,EP062026,48,2026-07-24 12:00:00,0 days 00:00:00,0,18.5,-130.6,970.0,89.0,37.0,297.0,185.0,111.0,297.0,148.0,74.0,56.0,111.0,74.0,37.0,28.0,56.0
2026-07-24 12:00:00,EP062026,48,2026-07-24 18:00:00,0 days 06:00:00,6,18.62,-131.91,978.6,84.0,25.363264098763462,182.44569085538387,147.40354987978935,117.29564537107944,156.2639009654522,84.83060747385025,73.96104285120964,53.61941131576896,72.95350337028503,40.893617291003466,35.07935980707407,26.00121481716633,34.988716185092926
2026-07-24 12:00:00,EP062026,48,2026-07-25 00:00:00,0 days 12:00:00,12,18.83,-133.22,979.6,75.1,45.6576494558094,201.74720761697415,163.25174923321904,120.84727246907772,170.93393092976294,102.71204757477652,82.90777938634298,58.82413952643617,84.83093450536916,48.667280015076734,39.26772590684183,28.73790424775832,40.50249871741596
2026-07-24 12:00:00,EP062026,48,2026-07-25 06:00:00,0 days 18:00:00,18,19.12,-134.59,984.1,71.4,26.894851242246297,229.4655649310535,178.47875993260092,142.92171582375738,199.48006606993997,49.07365090880253,36.14538588598237,21.437929829926105,40.056925914849614,26.894851242246297,13.702644885015728,8.552009223614858,15.14231593985836
2026-07-24 12:00:00,EP062026,48,2026-07-25 12:00:00,1 days 00:00:00,24,19.22,-135.85,987.2,68.5,26.867489884580092,182.55246144587795,148.20821378988353,115.49920872424023,161.46673796251434,83.93581511629895,71.75394628799052,50.77512884281646,70.24710692404517,38.39408013540452,31.099753277517777,22.72034302666773,31.57537655410829
2026-07-24 12:00:00,EP062026,48,2026-07-25 18:00:00,1 days 06:00:00,30,19.34,-136.81,986.2,65.3,50.74831297976672,181.82326192811692,128.3748501382605,98.79487347527116,158.12152714195258,60.57777128462561,43.63667100856989,28.73559236378091,50.87531207730564,50.74831297976672,19.61774609066109,13.23854812530336,21.496530186214883
2026-07-24 12:00:00,EP062026,48,2026-07-26 00:00:00,1 days 12:00:00,36,19.4,-137.92,990.9,57.8,48.163927380814485,187.3059496141362,156.08000461481646,123.22398346469204,169.01564861083705,48.163927380814485,11.064429482009103,7.819717566806182,12.05324988631839,0.0,0.0,0.0,0.0
2026-07-24 12:00:00,EP062026,48,2026-07-26 06:00:00,1 days 18:00:00,42,19.76,-138.99,991.1,64.5,25.990249892535743,167.99823068768256,134.08692208200196,99.5783275363686,140.66623248805655,75.90094129526602,59.08683519180123,37.97824805462348,60.81568087083632,30.89530354166331,23.799378100935023,15.949183828930426,24.70440678518702
2026-07-24 12:00:00,EP062026,48,2026-07-26 12:00:00,2 days 00:00:00,48,19.97,-140.11,989.1,63.1,17.391693318946047,169.94218718911554,138.95855232950174,95.12829789032791,145.46880050420046,32.39697932074268,24.494962952116666,13.227266407927925,22.911335986825243,0.0,0.0,0.0,0.0
2026-07-24 12:00:00,EP062026,48,2026-07-26 18:00:00,2 days 06:00:00,54,20.09,-141.39,991.4,57.7,41.111947071208405,185.20493672821112,137.776975751721,90.00124771586133,148.73203610520096,41.111947071208405,9.143756426050167,3.396380111970565,12.253798222159311,0.0,0.0,0.0,0.0
2026-07-24 12:00:00,EP062026,48,2026-07-27 00:00:00,2 days 12:00:00,60,20.54,-142.55,972.8,85.1,7.805117268459202,180.60170882917868,150.74359818506616,107.5992733873149,148.15232612208962,79.66159718191348,64.03128967473941,43.31334125276683,65.11121024927164,34.440424161170355,28.01555125784465,19.34213368993452,27.28640692292107
2026-07-24 12:00:00,EP062026,48,2026-07-27 06:00:00,2 days 18:00:00,66,20.54,-143.52,983.1,74.7,57.202629287689774,193.95195929016512,142.3807771417131,103.05111222586922,159.77357793479183,86.35338777494644,65.90645064603265,43.24912854790267,71.95040873520574,57.202629287689774,28.87990854102925,19.389776462223125,30.95731474442647
2026-07-24 12:00:00,EP062026,48,2026-07-27 12:00:00,3 days 00:00:00,72,20.77,-144.91,984.8,74.1,37.63833315880426,176.61728504724496,115.83935906134838,77.9891011422526,144.21938948297566,72.56675275093315,52.98289303221758,32.79048854158222,60.05151099232952,37.63833315880426,22.86622917003733,14.83188383889858,24.96066234209571
2026-07-24 12:00:00,EP062026,48,2026-07-27 18:00:00,3 days 06:00:00,78,21.21,-146.37,995.7,55.6,71.99027883591828,221.5723986812516,175.6462646015711,125.6953614563258,176.86092069316516,71.99027883591828,0.5876834784079179,0.0,3.322937455880128,0.0,0.0,0.0,0.0
2026-07-24 12:00:00,EP062026,48,2026-07-28 00:00:00,3 days 12:00:00,84,21.56,-147.98,993.5,58.4,71.23604578109908,198.1592276149508,157.63751102033663,123.34473615116332,170.9597843563135,71.23604578109908,0.0,0.0,1.8592617360761352,0.0,0.0,0.0,0.0
2026-07-24 12:00:00,EP062026,48,2026-07-28 06:00:00,3 days 18:00:00,90,21.85,-149.47,995.6,50.2,90.19385389481904,184.69108069975687,151.56019376409705,116.56927992918926,148.8026937710721,90.19385389481904,0.0,0.0,0.6677762808533032,0.0,0.0,0.0,0.0
2026-07-24 12:00:00,EP062026,48,2026-07-28 12:00:00,4 days 00:00:00,96,21.81,-150.27,1003.4,48.9,94.52949638840931,129.95269050926856,90.51441809601113,61.9224167448213,97.38099567751875,0.0,0.0,0.0,0.0,0.0,0.0,0.0,0.0
2026-07-24 12:00:00,EP062026,48,2026-07-28 18:00:00,4 days 06:00:00,102,21.91,-150.58,1003.9,48.1,47.90807571912284,134.51534629351391,101.94454211544824,68.30526411729045,106.48722044060482,0.0,0.0,0.0,0.0,0.0,0.0,0.0,0.0
2026-07-24 12:00:00,EP062026,48,2026-07-29 00:00:00,4 days 12:00:00,108,21.89,-151.6,1007.2,38.4,101.9858715074614,152.52322212695174,122.26446350732088,103.64279688998704,125.54173632639646,0.0,0.0,0.0,0.0,0.0,0.0,0.0,0.0
2026-07-24 12:00:00,EP062026,48,2026-07-29 06:00:00,4 days 18:00:00,114,21.62,-152.67,1005.9,38.8,109.51195502127796,138.69085304326433,111.97688113779536,92.25764945162226,108.1677921957764,0.0,0.0,0.0,0.0,0.0,0.0,0.0,0.0
2026-07-24 12:00:00,EP062026,48,2026-07-29 12:00:00,5 days 00:00:00,120,21.49,-154.34,1006.3,32.0,57.80402532102156,0.0,0.0,0.0,0.0,0.0,0.0,0.0,0.0,0.0,0.0,0.0,0.0
2026-07-24 12:00:00,EP062026,48,2026-07-29 18:00:00,5 days 06:00:00,126,22.11,-155.52,1006.5,27.9,143.77607745027123,0.0,0.0,0.0,0.0,0.0,0.0,0.0,0.0,0.0,0.0,0.0,0.0
2026-07-24 12:00:00,EP072026,48,2026-07-24 12:00:00,0 days 00:00:00,0,8.9,-99.9,1005.0,29.0,93.0,0.0,0.0,0.0,0.0,0.0,0.0,0.0,0.0,0.0,0.0,0.0,0.0
2026-07-24 12:00:00,EP072026,48,2026-07-24 18:00:00,0 days 06:00:00,6,8.99,-101.17,1002.2,37.5,67.98710902334915,8.949854518269433,1.4295656511187644,0.0,67.98710902334915,0.0,0.0,0.0,0.0,0.0,0.0,0.0,0.0
2026-07-24 12:00:00,EP072026,48,2026-07-25 00:00:00,0 days 12:00:00,12,9.63,-101.92,1001.5,42.7,61.28304760120406,61.28304760120406,9.65608698908422,0.1883455007125931,16.19195515717695,0.0,0.0,0.0,0.0,0.0,0.0,0.0,0.0
2026-07-24 12:00:00,EP072026,48,2026-07-25 06:00:00,0 days 18:00:00,18,10.28,-102.75,1004.2,39.3,83.73642085299652,4.0184855193729945,0.0,0.0,83.73642085299652,0.0,0.0,0.0,0.0,0.0,0.0,0.0,0.0
2026-07-24 12:00:00,EP072026,48,2026-07-25 12:00:00,1 days 00:00:00,24,10.8,-103.87,1001.7,43.9,57.78167654294842,156.5171322055665,124.5510150543452,88.2787067311441,119.7787000976178,0.0,0.0,0.0,0.0,0.0,0.0,0.0,0.0
2026-07-24 12:00:00,EP072026,48,2026-07-25 18:00:00,1 days 06:00:00,30,11.29,-105.21,1001.5,46.4,87.44864141876587,101.4211521550471,71.81450527997978,50.507176433110985,76.09743460752598,0.0,0.0,0.0,0.0,0.0,0.0,0.0,0.0
2026-07-24 12:00:00,EP072026,48,2026-07-26 00:00:00,1 days 12:00:00,36,11.9,-105.97,997.4,57.5,44.02918753597841,112.10545688476056,76.90456644749612,26.526309990322307,65.73223999477149,44.02918753597841,3.874861107087463,0.0,2.0967877639226646,0.0,0.0,0.0,0.0
2026-07-24 12:00:00,EP072026,48,2026-07-26 06:00:00,1 days 18:00:00,42,12.79,-107.01,989.7,64.9,20.72881093208184,137.85786913335647,102.95931127056804,50.8948465458686,106.60592098190068,34.74953166461384,23.65386973056264,12.25536567751622,24.570948599710807,20.72881093208184,1.660283993868483,0.0508303105962392,2.6601899118840526
2026-07-24 12:00:00,EP072026,48,2026-07-26 12:00:00,2 days 00:00:00,48,12.92,-108.13,990.6,67.7,26.80121350624813,131.98755761695156,100.70134097508252,55.75090932703142,106.28232028495496,48.49068981531718,34.715969415553445,17.794616505489785,35.21965141684814,26.80121350624813,11.102104929511484,5.8096429640120135,11.738479780369232
2026-07-24 12:00:00,EP072026,48,2026-07-26 18:00:00,2 days 06:00:00,54,13.41,-109.0,989.1,67.1,23.642637169058844,200.32718766220296,148.34129840338937,80.97931662718747,141.85458940489207,74.44668531818252,54.607351198293145,28.40571777458172,55.35833354134411,27.81980146531077,19.806234097422703,10.685769993396605,20.989633469554065
2026-07-24 12:00:00,EP072026,48,2026-07-27 00:00:00,2 days 12:00:00,60,14.08,-110.09,992.5,65.1,45.821595386499325,177.66802113891566,163.05339006410858,129.59828709306436,141.09235869174108,45.821595386499325,25.338473806618016,13.266282311037031,23.43142437924504,45.821595386499325,7.830175807122456,4.135014981367066,7.657078296999344
2026-07-24 12:00:00,EP072026,48,2026-07-27 06:00:00,2 days 18:00:00,66,14.69,-110.68,982.2,80.1,38.6119358906348,236.7940788753897,182.982992935428,117.28224876225669,186.5419412585377,106.73644651578562,88.47424103637172,60.51585700776146,85.97748567030688,46.29474939786972,38.75641747874521,27.31053283219445,37.87681836282449
2026-07-24 12:00:00,EP072026,48,2026-07-27 12:00:00,3 days 00:00:00,72,15.22,-111.11,969.0,83.5,37.19577771849228,306.38126526593464,270.4460811375308,193.02423737334695,243.2265406265749,76.2815240452006,58.473306559916985,36.97823852427109,59.25876737811525,37.19577771849228,27.96685232498761,19.147727453273024,27.707407378995526
2026-07-24 12:00:00,EP072026,48,2026-07-27 18:00:00,3 days 06:00:00,78,15.86,-111.72,966.4,95.1,38.21685495643119,332.7277416375233,296.9871760969455,200.4307730723764,252.07767022062055,117.13522974946062,95.36930919324402,67.30298078677755,94.3445320020561,55.67622767955407,47.2909971082059,36.5312875344723,45.99368913203838
2026-07-24 12:00:00,EP072026,48,2026-07-28 00:00:00,3 days 12:00:00,84,16.69,-112.34,953.0,107.7,24.75195644668429,279.99143752267673,235.57516078531387,161.4511331273427,234.67564933840455,123.1281104712449,103.65335937773013,78.06226902443854,104.7287340327274,62.90982401790677,56.08180179611466,43.9176031480252,54.4676466467144
2026-07-24 12:00:00,EP072026,48,2026-07-28 06:00:00,3 days 18:00:00,90,17.02,-113.12,947.6,111.5,74.71610500805397,357.0284051542883,323.9893921592251,258.19861596016733,305.83643682439646,94.50074263884356,76.96784121217323,57.99694688176765,83.55485968868534,74.71610500805397,41.95524914983146,33.409217335345645,43.29697303484648
2026-07-24 12:00:00,EP072026,48,2026-07-28 12:00:00,4 days 00:00:00,96,17.38,-114.13,948.6,119.8,19.558860364602992,239.8470072391792,190.41450550649097,148.25351658971795,216.43733376278576,125.8059767298596,102.51311018700083,81.48953386716698,109.08497033815684,64.96916705778472,55.29827726211352,46.01106655942988,57.13802031933437
2026-07-24 12:00:00,EP072026,48,2026-07-28 18:00:00,4 days 06:00:00,102,17.26,-114.76,958.3,109.1,5.234285089371902,257.4526292720524,214.0499094108013,181.0675213243835,244.90329839595225,125.683734140658,110.22814045571027,90.24378054413148,110.43214754007164,65.44321170704448,57.30569580164682,50.03789793250705,57.6665235642949
2026-07-24 12:00:00,EP072026,48,2026-07-29 00:00:00,4 days 12:00:00,108,17.48,-115.31,960.2,101.0,25.466061386892108,222.43161236333376,178.1977994435773,151.1370042533763,197.61810455597904,110.53852880336808,94.01633170800956,72.52237037645665,95.5739854871632,56.6125355368188,48.14223811023544,37.98309116161954,48.58537809756359
2026-07-24 12:00:00,EP072026,48,2026-07-29 06:00:00,4 days 18:00:00,114,17.72,-116.06,974.4,82.7,57.01207383175148,379.64759701375294,312.42197736801904,229.69765737825225,321.47081133643206,146.18454366273878,119.73216773932542,86.94519409767128,121.90711999203204,72.12202004683505,60.14089798445998,47.52812069198036,62.569430537426925
2026-07-24 12:00:00,EP072026,48,2026-07-29 12:00:00,5 days 00:00:00,120,17.94,-116.78,944.7,105.7,48.90946422155643,226.8925222176101,221.43916999392343,151.7554630206348,198.49051169262748,88.21217334339832,70.88488191757563,50.45632374621209,71.28083703469397,48.90946422155643,33.133361804235975,26.27737901577669,36.690055354515
2026-07-24 12:00:00,EP072026,48,2026-07-29 18:00:00,5 days 06:00:00,126,18.19,-117.31,970.4,85.6,25.673942965828985,233.72435170810468,206.3475125759389,152.0342243790942,190.92994969811843,116.19108490228132,101.01345483123748,73.38829392731225,100.01704154060928,56.59413612545296,49.4492271532668,37.20554795808158,47.9723985118344
2026-07-24 12:00:00,EP072026,48,2026-07-30 00:00:00,5 days 12:00:00,132,18.77,-118.26,984.0,65.7,28.181808923972227,243.0288239619124,205.5965735573868,139.63344345688185,193.29382941473148,100.1802813252604,82.3910502371786,55.69873334831865,78.82458986300416,43.83296517165175,37.33299647489036,26.05636275718567,35.561388670978886
2026-07-24 12:00:00,EP072026,48,2026-07-30 06:00:00,5 days 18:00:00,138,19.29,-118.96,985.3,65.0,19.213077103771155,194.2857644544057,161.3393225671664,117.50086046360096,162.4832913361036,91.1485910968945,73.04485120198645,49.93244998102633,76.4876044356283,41.15263821341303,32.60453076116568,23.01146945238634,33.23416806709112
2026-07-24 12:00:00,EP072026,48,2026-07-30 12:00:00,6 days 00:00:00,144,20.08,-119.78,984.4,65.7,57.47061387400439,203.16573923980695,168.23799348024403,115.62457423896926,152.06838875890907,57.47061387400439,36.16263464207131,19.780701974865977,37.51073734680566,57.47061387400439,13.630149281414216,7.472358017900895,14.589671888109734
2026-07-24 12:00:00,EP072026,48,2026-07-30 18:00:00,6 days 06:00:00,150,20.78,-121.19,986.7,62.3,51.20937919904872,214.2840831098186,176.09303039041984,132.55019594981104,174.8934459674465,66.85970633257156,55.155511540889634,37.39267446264232,52.54725730602378,0.0,0.0,0.0,0.0
2026-07-24 12:00:00,EP072026,48,2026-07-31 00:00:00,6 days 12:00:00,156,21.03,-122.35,994.9,49.6,54.59481266079746,158.76370346447044,145.3472573108051,107.3340550716371,151.2338130733087,0.0,0.0,0.0,0.0,0.0,0.0,0.0,0.0
2026-07-24 12:00:00,EP072026,48,2026-07-31 06:00:00,6 days 18:00:00,162,21.58,-123.6,994.5,49.4,63.85095541629401,214.67130737175137,197.86641260389055,153.35851607406653,184.91380641726636,0.0,0.0,0.0,0.0,0.0,0.0,0.0,0.0
2026-07-24 12:00:00,EP072026,48,2026-07-31 12:00:00,7 days 00:00:00,168,21.59,-124.72,1002.0,41.0,99.53184619562649,137.60636137146457,111.4183948809291,93.47340504979776,121.93206656639563,0.0,0.0,0.0,0.0,0.0,0.0,0.0,0.0
2026-07-24 12:00:00,EP072026,48,2026-07-31 18:00:00,7 days 06:00:00,174,21.73,-125.84,996.9,43.2,84.85808061497839,6.551883562817789,0.0,0.7023498662972791,84.85808061497839,0.0,0.0,0.0,0.0,0.0,0.0,0.0,0.0
2026-07-24 12:00:00,EP072026,48,2026-08-01 00:00:00,7 days 12:00:00,180,22.09,-126.58,1004.0,36.1,80.26745545774156,88.4269213310854,60.45101319380001,42.454388444821234,70.49560557535642,0.0,0.0,0.0,0.0,0.0,0.0,0.0,0.0
2026-07-24 12:00:00,EP072026,48,2026-08-01 06:00:00,7 days 18:00:00,186,22.58,-127.72,1003.6,35.6,91.42021525631912,100.4973000818044,90.51742468104366,66.98053848301167,88.58226818362458,0.0,0.0,0.0,0.0,0.0,0.0,0.0,0.0
2026-07-24 12:00:00,EP072026,48,2026-08-01 12:00:00,8 days 00:00:00,192,23.02,-128.94,1005.3,31.5,113.29321666434124,0.0,0.0,0.0,0.0,0.0,0.0,0.0,0.0,0.0,0.0,0.0,0.0
2026-07-24 12:00:00,EP072026,48,2026-08-01 18:00:00,8 days 06:00:00,198,23.63,-130.19,1005.6,34.0,118.36469435124494,0.0,0.0,0.0,0.0,0.0,0.0,0.0,0.0,0.0,0.0,0.0,0.0
2026-07-24 12:00:00,EP072026,48,2026-08-02 00:00:00,8 days 12:00:00,204,23.95,-131.47,1002.8,32.6,61.26864690335289,0.0,0.0,0.0,0.0,0.0,0.0,0.0,0.0,0.0,0.0,0.0,0.0
2026-07-24 12:00:00,EP072026,48,2026-08-02 06:00:00,8 days 18:00:00,210,24.42,-132.83,1008.3,31.5,101.90204823645485,0.0,0.0,0.0,0.0,0.0,0.0,0.0,0.0,0.0,0.0,0.0,0.0
2026-07-24 12:00:00,EP072026,48,2026-08-02 12:00:00,9 days 00:00:00,216,24.73,-134.0,1006.3,28.7,101.13042083896876,0.0,0.0,0.0,0.0,0.0,0.0,0.0,0.0,0.0,0.0,0.0,0.0
2026-07-24 12:00:00,EP072026,48,2026-08-02 18:00:00,9 days 06:00:00,222,25.32,-135.2,1006.6,31.3,126.16224176663076,0.0,0.0,0.0,0.0,0.0,0.0,0.0,0.0,0.0,0.0,0.0,0.0
2026-07-24 12:00:00,EP072026,48,2026-08-03 00:00:00,9 days 12:00:00,228,25.87,-136.29,1006.7,27.0,44.93157432425318,0.0,0.0,0.0,0.0,0.0,0.0,0.0,0.0,0.0,0.0,0.0,0.0
2026-07-24 12:00:00,EP072026,48,2026-08-03 06:00:00,9 days 18:00:00,234,26.44,-137.42,1005.2,35.0,101.742758685303,101.742758685303,0.0,0.0,1.217478204038798,0.0,0.0,0.0,0.0,0.0,0.0,0.0,0.0
2026-07-24 12:00:00,EP072026,48,2026-08-03 12:00:00,10 days 00:00:00,240,27.46,-138.65,1009.5,33.1,77.52107345307786,0.0,0.0,0.0,0.0,0.0,0.0,0.0,0.0,0.0,0.0,0.0,0.0
2026-07-24 12:00:00,EP072026,48,2026-08-03 18:00:00,10 days 06:00:00,246,28.28,-139.73,1010.0,31.9,98.49464889222791,0.0,0.0,0.0,0.0,0.0,0.0,0.0,0.0,0.0,0.0,0.0,0.0
2026-07-24 12:00:00,EP072026,48,2026-08-04 00:00:00,10 days 12:00:00,252,29.02,-141.13,1005.8,32.0,56.55498400440717,0.0,0.0,0.0,0.0,0.0,0.0,0.0,0.0,0.0,0.0,0.0,0.0
2026-07-24 12:00:00,EP072026,48,2026-08-04 06:00:00,10 days 18:00:00,258,29.63,-142.23,1011.6,25.3,144.11630981270474,0.0,0.0,0.0,0.0,0.0,0.0,0.0,0.0,0.0,0.0,0.0,0.0
2026-07-24 12:00:00,EP072026,48,2026-08-04 12:00:00,11 days 00:00:00,264,30.42,-142.64,1008.9,30.5,132.1233907256701,0.0,0.0,0.0,0.0,0.0,0.0,0.0,0.0,0.0,0.0,0.0,0.0
2026-07-24 12:00:00,EP072026,48,2026-08-04 18:00:00,11 days 06:00:00,270,31.35,-143.03,1011.0,26.2,146.75040108168955,0.0,0.0,0.0,0.0,0.0,0.0,0.0,0.0,0.0,0.0,0.0,0.0
2026-07-24 12:00:00,EP072026,48,2026-08-05 00:00:00,11 days 12:00:00,276,32.13,-141.97,1006.6,30.6,81.3453877783744,0.0,0.0,0.0,0.0,0.0,0.0,0.0,0.0,0.0,0.0,0.0,0.0
2026-07-24 12:00:00,EP072026,48,2026-08-05 06:00:00,11 days 18:00:00,282,33.33,-143.27,1008.7,28.3,73.05938914156445,0.0,0.0,0.0,0.0,0.0,0.0,0.0,0.0,0.0,0.0,0.0,0.0
2026-07-24 12:00:00,WP112026,48,2026-07-24 12:00:00,0 days 00:00:00,0,19.7,120.4,991.0,60.0,37.0,139.0,93.0,84.0,139.0,,,,,0.0,0.0,0.0,0.0
2026-07-24 12:00:00,WP112026,48,2026-07-24 18:00:00,0 days 06:00:00,6,20.1,119.46,981.2,71.9,34.84468675181632,203.48588316140183,169.33718931237115,148.50757185922552,179.56893460897126,101.39241703118184,89.41145267267271,69.79344411511264,87.94040728955405,49.391395742122505,42.904405804679,33.230472524085414,41.37784021023565
2026-07-24 12:00:00,WP112026,48,2026-07-25 00:00:00,0 days 12:00:00,12,20.66,118.05,961.3,89.9,25.83117398193751,226.5650611773607,200.96499941957444,173.3987409873304,196.82844611431196,116.57605346966947,106.54541927093771,87.35845101521313,104.9415735129823,61.36316616803131,55.1826392130945,44.31451799032205,53.04178642658805
2026-07-24 12:00:00,WP112026,48,2026-07-25 06:00:00,0 days 18:00:00,18,21.2,117.08,947.9,110.7,7.288712408130385,253.46414953502045,218.39418884965363,170.87083238617842,210.9968642877663,130.46066909336807,111.40342304777582,90.11374021697016,112.68407755649515,67.87685783683811,60.057914208014346,47.970679356587645,58.17541297126045
2026-07-24 12:00:00,WP112026,48,2026-07-25 12:00:00,1 days 00:00:00,24,22.06,116.05,946.9,104.5,32.49645807827437,185.94607894180808,159.25139758396108,125.22637027990096,147.1135725005879,89.0595501718526,77.99462419544943,61.06132215538673,78.20172196694512,49.49337061828464,43.28374276538671,36.22562635455415,43.122361733936486
2026-07-24 12:00:00,WP112026,48,2026-07-25 18:00:00,1 days 06:00:00,30,22.67,115.48,943.6,100.0,8.241030978770805,129.15112765493603,116.8378873347158,96.76603960157752,118.64247962339644,47.617549101780455,35.93357404185883,25.5126187245194,41.49046543622635,24.430801172292558,19.53443614415744,14.420375741403632,20.138611808149832
2026-07-24 12:00:00,WP112026,48,2026-07-26 00:00:00,1 days 12:00:00,36,23.23,114.91,961.4,76.9,30.147302255166835,110.32660458857976,93.82613912200762,69.26811987211047,86.6647049436861,30.147302255166835,0.0,0.0,30.147302255166835,30.147302255166835,0.0,0.0,0.0
2026-07-24 12:00:00,WP112026,48,2026-07-26 06:00:00,1 days 18:00:00,42,24.03,114.46,985.3,52.4,19.163870042413063,169.02118210820933,159.25118038522157,114.77055232877196,125.65162144923217,19.163870042413063,1.7941265637642574,0.0,0.0,0.0,0.0,0.0,0.0
2026-07-24 12:00:00,WP112026,48,2026-07-26 12:00:00,2 days 00:00:00,48,24.33,114.12,998.4,38.0,27.91501562995168,80.9147800251458,73.45260218574325,48.26671354801511,52.44017727499774,0.0,0.0,0.0,0.0,0.0,0.0,0.0,0.0
2026-07-24 12:00:00,WP112026,48,2026-07-26 18:00:00,2 days 06:00:00,54,25.43,114.04,997.3,25.9,34.03445853006116,0.0,0.0,0.0,0.0,0.0,0.0,0.0,0.0,0.0,0.0,0.0,0.0
2026-07-24 12:00:00,WP112026,48,2026-07-27 00:00:00,2 days 12:00:00,60,26.73,113.41,1000.8,16.9,52.53771151735219,0.0,0.0,0.0,0.0,0.0,0.0,0.0,0.0,0.0,0.0,0.0,0.0
2026-07-24 12:00:00,WP112026,48,2026-07-27 06:00:00,2 days 18:00:00,66,27.22,113.32,1001.9,22.9,107.20038482728047,0.0,0.0,0.0,0.0,0.0,0.0,0.0,0.0,0.0,0.0,0.0,0.0
2026-07-24 12:00:00,WP112026,48,2026-07-27 12:00:00,3 days 00:00:00,72,27.93,112.31,1001.2,21.9,118.18423552292488,0.0,0.0,0.0,0.0,0.0,0.0,0.0,0.0,0.0,0.0,0.0,0.0
2026-07-24 12:00:00,WP112026,48,2026-07-27 18:00:00,3 days 06:00:00,78,29.22,112.07,998.0,19.9,119.11141975901862,0.0,0.0,0.0,0.0,0.0,0.0,0.0,0.0,0.0,0.0,0.0,0.0
2026-07-24 12:00:00,WP112026,48,2026-07-28 00:00:00,3 days 12:00:00,84,30.11,112.4,1002.9,19.1,111.20539299533154,0.0,0.0,0.0,0.0,0.0,0.0,0.0,0.0,0.0,0.0,0.0,0.0
2026-07-24 12:00:00,WP112026,48,2026-07-28 06:00:00,3 days 18:00:00,90,30.83,111.45,1005.5,17.0,128.03210747141367,0.0,0.0,0.0,0.0,0.0,0.0,0.0,0.0,0.0,0.0,0.0,0.0
2026-07-24 12:00:00,WP112026,48,2026-07-28 12:00:00,4 days 00:00:00,96,31.78,111.85,1004.4,18.3,48.974092580206026,0.0,0.0,0.0,0.0,0.0,0.0,0.0,0.0,0.0,0.0,0.0,0.0
2026-07-24 12:00:00,EP062026,49,2026-07-24 12:00:00,0 days 00:00:00,0,18.5,-130.6,970.0,89.0,37.0,297.0,185.0,111.0,297.0,148.0,74.0,56.0,111.0,74.0,37.0,28.0,56.0
2026-07-24 12:00:00,EP062026,49,2026-07-24 18:00:00,0 days 06:00:00,6,18.69,-131.73,979.8,76.0,51.768002310215344,266.1118179103659,226.7592709007004,185.9862722854619,242.92565022114812,82.47674225745496,58.17218169113045,38.413964687649255,65.721511264823,51.768002310215344,6.735159822655708,2.8351224925045053,8.69659176492327
2026-07-24 12:00:00,EP062026,49,2026-07-25 00:00:00,0 days 12:00:00,12,18.89,-133.25,977.7,78.3,28.793412908580752,214.23083267647743,150.2470933671894,93.24311050640831,176.20632756747742,75.31515388771464,50.59630363603178,29.64488967810578,58.63501015467817,29.455311182131016,23.52694796770852,15.758661987524176,24.27694731755801
2026-07-24 12:00:00,EP062026,49,2026-07-25 06:00:00,0 days 18:00:00,18,18.84,-134.35,990.5,62.2,51.89435501429843,263.78008252651847,220.8699579655016,176.1704199768525,229.5221207730991,65.82693779096769,47.38166928199377,29.82014648562204,51.4893704752856,0.0,0.0,0.0,0.0
2026-07-24 12:00:00,EP062026,49,2026-07-25 12:00:00,1 days 00:00:00,24,18.82,-135.56,983.8,68.7,24.19480351631978,175.89719192607754,138.81694273336052,111.11951635393643,159.48734461010736,64.93225648091129,46.30927849388945,31.120140215108904,51.109219324605874,24.19480351631978,17.786331421403418,12.138676460518496,18.8850214510004
2026-07-24 12:00:00,EP062026,49,2026-07-25 18:00:00,1 days 06:00:00,30,19.25,-136.58,980.5,72.6,30.06187588167785,181.19198882458977,144.3537531561857,101.60883542739327,151.86876424457034,69.36873566768256,52.27971244185412,34.002270075221034,56.72929290608712,30.06187588167785,19.911946807583654,14.867324307864893,21.93726300046833
2026-07-24 12:00:00,EP062026,49,2026-07-26 00:00:00,1 days 12:00:00,36,19.34,-137.71,987.2,60.1,38.78734720157407,227.77606430971724,193.45570592447336,149.17349778160224,191.32598405524791,46.92842822387314,34.85085558312842,18.83416815851677,34.48196106492816,0.0,0.0,0.0,0.0
2026-07-24 12:00:00,EP062026,49,2026-07-26 06:00:00,1 days 18:00:00,42,19.63,-138.79,987.0,62.4,46.86807213694013,244.3396247286468,203.91305116453324,146.41825700167465,196.8191125169196,48.55648223035861,33.48011467773125,20.20966283651123,35.658568815522656,0.0,0.0,0.0,0.0
2026-07-24 12:00:00,EP062026,49,2026-07-26 12:00:00,2 days 00:00:00,48,19.76,-139.87,990.4,61.2,38.38001681547951,189.46412925636207,131.6676334552899,97.93022627239378,156.9372984914154,71.04283697463023,51.66060268320069,33.6637486597088,55.06622606764125,0.0,0.0,0.0,0.0
2026-07-24 12:00:00,EP062026,49,2026-07-26 18:00:00,2 days 06:00:00,54,19.84,-141.07,994.9,56.8,29.78501034295669,156.0815311584024,123.1256503611009,81.58209487186438,117.72067949858494,29.78501034295669,11.320835139562655,2.645428101981613,11.461903373261638,0.0,0.0,0.0,0.0
2026-07-24 12:00:00,EP062026,49,2026-07-27 00:00:00,2 days 12:00:00,60,20.26,-142.34,997.1,51.8,110.15926480837396,283.5644072051656,223.640942004715,184.75964144327827,225.1500398150974,110.15926480837396,24.827655023114826,14.075408571793703,24.40396529432876,0.0,0.0,0.0,0.0
2026-07-24 12:00:00,EP062026,49,2026-07-27 06:00:00,2 days 18:00:00,66,20.19,-143.62,1001.6,44.9,101.17469426514243,101.17469426514243,26.83203810178953,17.112837405351165,45.41816029884336,0.0,0.0,0.0,0.0,0.0,0.0,0.0,0.0
2026-07-24 12:00:00,EP062026,49,2026-07-27 12:00:00,3 days 00:00:00,72,20.44,-145.35,1000.2,47.6,100.03526566867971,100.03526566867971,3.562921726265309,0.6174457860434543,15.032518007873358,0.0,0.0,0.0,0.0,0.0,0.0,0.0,0.0
2026-07-24 12:00:00,EP062026,49,2026-07-27 18:00:00,3 days 06:00:00,78,20.71,-147.59,1004.7,35.5,73.20273592003961,118.16342431107164,95.64746860090564,62.866150908052944,92.17001855051032,0.0,0.0,0.0,0.0,0.0,0.0,0.0,0.0
2026-07-24 12:00:00,EP062026,49,2026-07-28 00:00:00,3 days 12:00:00,84,21.01,-148.76,1005.1,36.0,76.02460284706586,76.02460284706586,1.1310998913225347,0.0,11.27323692172309,0.0,0.0,0.0,0.0,0.0,0.0,0.0,0.0
2026-07-24 12:00:00,EP062026,49,2026-07-28 06:00:00,3 days 18:00:00,90,21.23,-150.58,1004.8,33.4,167.3853843624172,0.0,0.0,0.0,0.0,0.0,0.0,0.0,0.0,0.0,0.0,0.0,0.0
2026-07-24 12:00:00,EP062026,49,2026-07-28 12:00:00,4 days 00:00:00,96,21.4,-152.39,1008.8,27.7,203.3614238119456,0.0,0.0,0.0,0.0,0.0,0.0,0.0,0.0,0.0,0.0,0.0,0.0
2026-07-24 12:00:00,EP062026,49,2026-07-28 18:00:00,4 days 06:00:00,102,21.72,-153.5,1007.9,31.7,170.06429137497582,0.0,0.0,0.0,0.0,0.0,0.0,0.0,0.0,0.0,0.0,0.0,0.0
2026-07-24 12:00:00,EP072026,49,2026-07-24 12:00:00,0 days 00:00:00,0,8.9,-99.9,1005.0,29.0,93.0,0.0,0.0,0.0,0.0,0.0,0.0,0.0,0.0,0.0,0.0,0.0,0.0
2026-07-24 12:00:00,EP072026,49,2026-07-24 18:00:00,0 days 06:00:00,6,8.84,-101.09,1004.3,37.6,97.87342330586804,97.87342330586804,3.77221449887368,1.0097272765344911,9.305680200795976,0.0,0.0,0.0,0.0,0.0,0.0,0.0,0.0
2026-07-24 12:00:00,EP072026,49,2026-07-25 00:00:00,0 days 12:00:00,12,9.5,-101.87,999.7,47.6,48.44592135475938,168.2466617669425,141.83776939530946,102.0365478444498,136.30515763297592,0.0,0.0,0.0,0.0,0.0,0.0,0.0,0.0
2026-07-24 12:00:00,EP072026,49,2026-07-25 06:00:00,0 days 18:00:00,18,10.56,-102.78,994.9,52.8,18.6177634079411,235.12677249643727,206.73321606875248,173.67801242248646,202.67986059213447,57.59029292076674,46.55663911702554,33.78441470399897,44.05153345277946,0.0,0.0,0.0,0.0
2026-07-24 12:00:00,EP072026,49,2026-07-25 12:00:00,1 days 00:00:00,24,10.96,-104.31,996.1,56.8,45.55965049716063,208.31222761708028,161.4564710540716,101.15257688151372,159.92129658588007,45.55965049716063,26.51980050574279,11.94564027406905,27.61999910934809,0.0,0.0,0.0,0.0
2026-07-24 12:00:00,EP072026,49,2026-07-25 18:00:00,1 days 06:00:00,30,11.34,-105.77,986.2,74.0,17.25197132345813,155.1394812412529,132.1564109283521,81.7361158430094,117.2772451578237,26.9946032336606,15.782139845750526,2.4595071429218,15.818146905480589,17.25197132345813,0.0,0.0,0.0
2026-07-24 12:00:00,EP072026,49,2026-07-26 00:00:00,1 days 12:00:00,36,12.08,-107.22,970.5,90.3,23.963147589492397,219.4888153777905,203.29769995426784,156.91495870933477,175.6093409937381,23.963147589492397,9.3926104070319,2.042712125751468,10.59729355571039,23.963147589492397,0.7736897213714062,1.2908986916654597,3.098888431887975
2026-07-24 12:00:00,EP072026,49,2026-07-26 06:00:00,1 days 18:00:00,42,12.28,-107.97,975.5,86.7,17.45142214346655,216.25755494914827,184.87429351358824,130.82049523117186,180.41526066556395,85.59004319283522,71.02439229381574,52.36176736834007,69.9136355611133,30.071040102278054,25.265030394025374,19.58175113348793,25.947048412639703
2026-07-24 12:00:00,EP072026,49,2026-07-26 12:00:00,2 days 00:00:00,48,12.84,-109.38,981.2,78.3,34.50462724226359,275.86405113159753,211.7237325004344,142.32004351342144,225.944716499862,147.6855483459358,117.2517757065778,89.86376556095865,122.95863407494394,61.41105578505963,52.26913131235695,40.97663093971396,52.3894565387719
2026-07-24 12:00:00,EP072026,49,2026-07-26 18:00:00,2 days 06:00:00,54,13.46,-110.6,966.2,94.8,12.692016989426731,189.45491091485275,151.89157727856897,96.6462823905796,158.93868188421982,98.96361956620376,78.50568404459693,54.17338122012959,80.72483672224575,53.171973888815245,44.95310208158386,34.09232336767,45.17283536564247
2026-07-24 12:00:00,EP072026,49,2026-07-27 00:00:00,2 days 12:00:00,60,14.14,-111.56,960.2,101.1,30.027900946636493,219.2222396537965,185.686622083228,113.13829872379765,162.0343349174986,30.027900946636493,11.838409164228308,0.0,14.218613209187184,30.027900946636493,0.0,0.0,2.566826275067025
2026-07-24 12:00:00,EP072026,49,2026-07-27 06:00:00,2 days 18:00:00,66,14.73,-112.49,962.9,100.2,40.64436353452905,185.99718614723332,164.89743113907446,110.37184173898294,132.8919614291301,40.64436353452905,8.718757626050184,1.7501392359947323,7.894880309619715,40.64436353452905,0.0,0.0,0.5861155360426372
2026-07-24 12:00:00,EP072026,49,2026-07-27 12:00:00,3 days 00:00:00,72,15.24,-113.69,976.8,81.7,35.60124402232889,229.8844036134508,167.92963925899548,116.19907056540478,196.7451841731294,139.33402269543103,111.42006272900588,85.52190146568523,119.70337648833512,64.27245034800154,53.81863990957899,41.70286213495406,55.327508784925634
2026-07-24 12:00:00,EP072026,49,2026-07-27 18:00:00,3 days 06:00:00,78,15.74,-114.53,980.9,80.5,17.59347998695771,225.32516834329363,191.00672914078788,129.6914262487635,169.7975994326987,69.74774782509786,57.15833450199115,36.90670473439433,51.78483589964165,17.808448170663038,14.64755753180663,9.834562626782825,14.174774103413466
2026-07-24 12:00:00,EP072026,49,2026-07-28 00:00:00,3 days 12:00:00,84,16.38,-115.33,978.7,79.5,23.263390038084022,223.7624663168508,177.1482744820005,117.85921879095532,171.4653619247756,94.43361641682031,74.42633140817816,50.910826925434094,71.80011095790019,36.643284828018295,30.733724529909185,22.532294124858023,30.456762324414
2026-07-24 12:00:00,EP072026,49,2026-07-28 06:00:00,3 days 18:00:00,90,17.18,-116.04,982.4,77.4,55.71590172806427,283.04550266223663,222.142724219058,143.40120110152915,218.52492665524483,74.10923208472612,49.5172529725258,25.997425371679924,54.229746599590726,55.71590172806427,7.565525636469552,3.421392899325282,9.159063751597389
2026-07-24 12:00:00,EP072026,49,2026-07-28 12:00:00,4 days 00:00:00,96,17.36,-116.67,971.3,86.0,21.639787186639666,216.41960025465443,168.30158714425232,93.30493879873347,161.47166694771246,112.97157023091025,92.54145007641684,62.69332756600723,89.28215741826796,53.64229336801621,46.2242191387188,33.43249819522572,44.35198727450681
2026-07-24 12:00:00,EP072026,49,2026-07-28 18:00:00,4 days 06:00:00,102,18.13,-117.5,975.1,80.7,23.894943680825502,319.256396399726,275.6690315488845,187.75669521940316,248.84446055526803,99.89524883074506,78.95260558212343,46.6351431685622,72.82887726565644,24.41159214788081,19.162150177030966,12.364595154637914,19.575943318893856
2026-07-24 12:00:00,EP072026,49,2026-07-29 00:00:00,4 days 12:00:00,108,18.54,-118.32,976.6,80.5,50.193672187506365,256.8798212012464,213.88649948446903,145.0279017199067,203.20523693028952,79.99414667773323,65.25834758188955,43.134071056806064,63.06519784118632,50.193672187506365,24.171633763535795,17.36047260287637,22.397121229587853
2026-07-24 12:00:00,EP072026,49,2026-07-29 06:00:00,4 days 18:00:00,114,18.98,-118.88,978.3,79.2,40.54545508268187,276.4872981427991,231.702796163607,158.43437167950833,232.1709863756972,130.40510659295427,106.37799708501642,79.2625010394701,110.05921178463308,59.24580169776242,51.08792710354268,40.03290846934896,50.59340305246552
2026-07-24 12:00:00,EP072026,49,2026-07-29 12:00:00,5 days 00:00:00,120,19.33,-120.06,983.5,63.3,38.111952689173975,243.34592438382936,196.0013928113489,158.54201186513413,228.283092961474,160.34896782116567,137.96288879462165,112.67030604789508,140.80766481978077,0.0,0.0,0.0,0.0
2026-07-24 12:00:00,EP072026,49,2026-07-29 18:00:00,5 days 06:00:00,126,19.6,-120.8,989.8,57.8,26.04498426863232,266.7151453430836,232.72252138917497,171.70428678418637,224.05594477582832,56.65613474836836,42.19010112880304,24.076951926977472,41.69586318084141,0.0,0.0,0.0,0.0
2026-07-24 12:00:00,EP072026,49,2026-07-30 00:00:00,5 days 12:00:00,132,19.88,-121.53,991.2,63.2,52.93425512529264,311.9004451835307,250.41285901042428,169.95890014095716,239.4364795286661,89.21897843316289,67.34527225292514,42.33896218385472,65.10464153149124,0.0,0.0,0.0,0.0
2026-07-24 12:00:00,EP072026,49,2026-07-30 06:00:00,5 days 18:00:00,138,20.38,-123.01,990.9,56.5,56.50408699958136,264.52352783891047,204.5098052543487,148.33930636713947,212.3724848736432,88.3545805219019,65.51897560087266,40.66384171363252,67.58635585046036,0.0,0.0,0.0,0.0
2026-07-24 12:00:00,EP072026,49,2026-07-30 12:00:00,6 days 00:00:00,144,20.66,-124.0,993.8,46.8,49.92460409302117,307.3977052408994,256.83968254121453,194.18497549540265,260.9429006656276,0.0,0.0,0.0,0.0,0.0,0.0,0.0,0.0
2026-07-24 12:00:00,EP072026,49,2026-07-30 18:00:00,6 days 06:00:00,150,21.13,-125.2,995.1,53.4,41.63901637973618,257.187877416004,218.7463061162041,165.55527896733972,219.2956390963828,56.88742547539341,41.39738606210572,23.04297995246523,42.69044781790526,0.0,0.0,0.0,0.0
2026-07-24 12:00:00,EP072026,49,2026-07-31 00:00:00,6 days 12:00:00,156,21.47,-126.23,994.2,51.9,35.93792853872027,225.3773283201589,182.27081998258436,138.42693500372258,182.55911338067347,35.93792853872027,19.2953209886167,9.38107205863404,18.657387740466007,0.0,0.0,0.0,0.0
2026-07-24 12:00:00,EP072026,49,2026-07-31 06:00:00,6 days 18:00:00,162,21.82,-127.32,998.4,44.9,85.00890993844297,146.19033074497742,100.2477528759314,64.63523836785757,103.63199401483342,0.0,0.0,0.0,0.0,0.0,0.0,0.0,0.0
2026-07-24 12:00:00,EP072026,49,2026-07-31 12:00:00,7 days 00:00:00,168,22.39,-128.67,997.8,48.7,76.82820181532341,146.09346910448124,106.80061742122578,73.38328615648275,110.91966871277904,0.0,0.0,0.0,0.0,0.0,0.0,0.0,0.0
2026-07-24 12:00:00,EP072026,49,2026-07-31 18:00:00,7 days 06:00:00,174,22.58,-129.96,1001.2,43.0,53.213765084675,78.2475025594265,46.0365122066691,22.294443719204978,58.25035266915526,0.0,0.0,0.0,0.0,0.0,0.0,0.0,0.0
2026-07-24 12:00:00,EP072026,49,2026-08-01 00:00:00,7 days 12:00:00,180,23.04,-130.94,1004.3,34.9,59.89260104130668,160.29112014611633,120.13909885131623,90.38500854156293,125.21828649104788,0.0,0.0,0.0,0.0,0.0,0.0,0.0,0.0
2026-07-24 12:00:00,EP072026,49,2026-08-01 06:00:00,7 days 18:00:00,186,23.59,-132.25,1003.7,36.5,107.6987284330543,175.53363905461123,125.760878656885,83.98078651032847,122.83613718441244,0.0,0.0,0.0,0.0,0.0,0.0,0.0,0.0
2026-07-24 12:00:00,EP072026,49,2026-08-01 12:00:00,8 days 00:00:00,192,24.38,-133.66,1004.4,36.1,63.11754746837058,170.49772003626413,127.38043732851536,78.37074189070164,126.26015486259055,0.0,0.0,0.0,0.0,0.0,0.0,0.0,0.0
2026-07-24 12:00:00,EP072026,49,2026-08-01 18:00:00,8 days 06:00:00,198,24.72,-135.16,1002.6,36.6,111.46944360735692,111.46944360735692,2.2505321455395944,0.0,16.43490526182044,0.0,0.0,0.0,0.0,0.0,0.0,0.0,0.0
2026-07-24 12:00:00,EP072026,49,2026-08-02 00:00:00,8 days 12:00:00,204,25.48,-136.58,1005.9,36.8,105.86966434648298,118.96175338109356,84.04788005627722,62.128395085428224,87.64672106792409,0.0,0.0,0.0,0.0,0.0,0.0,0.0,0.0
2026-07-24 12:00:00,EP072026,49,2026-08-02 06:00:00,8 days 18:00:00,210,26.05,-137.93,1003.7,37.2,81.62775851639418,6.025523592756402,0.0,0.0,81.62775851639418,0.0,0.0,0.0,0.0,0.0,0.0,0.0,0.0
2026-07-24 12:00:00,EP072026,49,2026-08-02 12:00:00,9 days 00:00:00,216,26.96,-139.25,1006.3,31.0,88.9975640646374,0.0,0.0,0.0,0.0,0.0,0.0,0.0,0.0,0.0,0.0,0.0,0.0
2026-07-24 12:00:00,EP072026,49,2026-08-02 18:00:00,9 days 06:00:00,222,27.45,-140.57,1003.2,34.5,58.058565897536425,58.058565897536425,0.0,0.0,6.340842416667073,0.0,0.0,0.0,0.0,0.0,0.0,0.0,0.0
2026-07-24 12:00:00,EP072026,49,2026-08-03 00:00:00,9 days 12:00:00,228,28.57,-141.77,1009.4,30.7,48.62973416652003,0.0,0.0,0.0,0.0,0.0,0.0,0.0,0.0,0.0,0.0,0.0,0.0
2026-07-24 12:00:00,EP072026,49,2026-08-03 06:00:00,9 days 18:00:00,234,29.22,-143.57,1008.2,31.9,114.321220781048,0.0,0.0,0.0,0.0,0.0,0.0,0.0,0.0,0.0,0.0,0.0,0.0
2026-07-24 12:00:00,EP072026,49,2026-08-03 12:00:00,10 days 00:00:00,240,30.21,-143.87,1007.2,24.3,77.96020890578524,0.0,0.0,0.0,0.0,0.0,0.0,0.0,0.0,0.0,0.0,0.0,0.0
2026-07-24 12:00:00,WP112026,49,2026-07-24 12:00:00,0 days 00:00:00,0,19.7,120.4,991.0,60.0,37.0,139.0,93.0,84.0,139.0,,,,,0.0,0.0,0.0,0.0
2026-07-24 12:00:00,WP112026,49,2026-07-24 18:00:00,0 days 06:00:00,6,20.06,118.91,971.8,80.5,34.681376082790145,217.75455828979773,167.92689301364857,136.76201582614777,198.66347972799588,151.7826699213896,128.17600691676762,108.37193820899562,135.1815963555083,81.07889381380241,70.8107680495503,59.25785470371779,69.14210811164706
2026-07-24 12:00:00,WP112026,49,2026-07-25 00:00:00,0 days 12:00:00,12,20.83,117.91,941.9,108.2,28.359230481754977,218.6986434544513,197.76730888022763,162.82858004449452,207.596470169481,112.24472055407291,93.7533167277516,74.95866551715467,97.70931920541646,59.83918474556206,51.86951186668352,41.7927750320233,52.95192506670308
2026-07-24 12:00:00,WP112026,49,2026-07-25 06:00:00,0 days 18:00:00,18,21.57,116.94,945.2,110.4,18.90983270466356,230.88823945384345,206.7934096110756,164.25155034581547,203.9310667576385,87.06670224572554,66.78668596474397,50.131802473468255,70.09570717316095,38.41984722566659,31.45719759929676,24.40644431794253,32.78892027938806
2026-07-24 12:00:00,WP112026,49,2026-07-25 12:00:00,1 days 00:00:00,24,22.03,116.08,949.5,110.0,16.76890662277685,195.61135534247623,176.71084258696033,115.01681659453844,156.0050758240117,66.23558800512623,51.60153319822995,35.99742409611808,56.786570650466174,41.88583093690381,34.802889904550504,26.987836556383147,35.94901927907261
2026-07-24 12:00:00,WP112026,49,2026-07-25 18:00:00,1 days 06:00:00,30,22.63,115.25,949.3,109.6,17.713450092837498,212.35856453458217,174.87602635177245,115.18251471299642,181.188410826008,102.15854857656092,82.45475545181088,64.81504550015035,90.39225648273418,62.94300003734505,51.35162363577612,40.427775370410686,52.25520215897989
2026-07-24 12:00:00,WP112026,49,2026-07-26 00:00:00,1 days 12:00:00,36,23.08,114.98,970.6,70.3,10.19277267402871,121.33625732927663,106.12962905429733,78.26838334393312,91.59678977244624,10.19277267402871,5.343703074535641,0.0,4.456772789764327,10.19277267402871,0.0,0.0,0.0
2026-07-24 12:00:00,WP112026,49,2026-07-26 06:00:00,1 days 18:00:00,42,24.0,114.61,973.7,59.7,5.120894938033246,187.37899647409657,173.6286027350729,128.39112040387792,146.38470847021682,26.648951139808418,20.366633625913053,9.428598898059075,15.24822830522925,0.0,0.0,0.0,0.0
2026-07-24 12:00:00,WP112026,49,2026-07-26 12:00:00,2 days 00:00:00,48,24.26,114.3,991.0,34.7,30.522444930839228,41.89484113797531,34.711659704863735,29.76908219350862,39.42902618739656,0.0,0.0,0.0,0.0,0.0,0.0,0.0,0.0
2026-07-24 12:00:00,WP112026,49,2026-07-26 18:00:00,2 days 06:00:00,54,25.47,114.33,996.5,26.2,38.71327022815288,0.0,0.0,0.0,0.0,0.0,0.0,0.0,0.0,0.0,0.0,0.0,0.0
2026-07-24 12:00:00,WP112026,49,2026-07-27 00:00:00,2 days 12:00:00,60,25.96,114.31,1000.6,19.1,95.5497034729358,0.0,0.0,0.0,0.0,0.0,0.0,0.0,0.0,0.0,0.0,0.0,0.0
2026-07-24 12:00:00,WP112026,49,2026-07-27 06:00:00,2 days 18:00:00,66,27.2,113.74,1004.7,16.8,138.5897100632204,0.0,0.0,0.0,0.0,0.0,0.0,0.0,0.0,0.0,0.0,0.0,0.0
2026-07-24 12:00:00,WP112026,49,2026-07-27 12:00:00,3 days 00:00:00,72,28.05,113.12,1005.5,12.4,92.37490587377752,0.0,0.0,0.0,0.0,0.0,0.0,0.0,0.0,0.0,0.0,0.0,0.0
2026-07-24 12:00:00,EP062026,5,2026-07-24 12:00:00,0 days 00:00:00,0,18.5,-130.6,970.0,89.0,37.0,297.0,185.0,111.0,297.0,148.0,74.0,56.0,111.0,74.0,37.0,28.0,56.0
2026-07-24 12:00:00,EP062026,5,2026-07-24 18:00:00,0 days 06:00:00,6,18.52,-131.64,979.3,78.3,35.36663683948693,204.3651743215448,155.9062208891009,119.48285220044392,177.8764669220485,61.490282452833526,43.532437074381534,28.470614618750545,51.3378988387407,35.36663683948693,19.51253386600868,14.40350521066076,21.01379476681285
2026-07-24 12:00:00,EP062026,5,2026-07-25 00:00:00,0 days 12:00:00,12,18.81,-133.06,979.0,70.4,25.666653298886764,234.4759412928737,180.00849518617426,140.96627914179635,204.89893888050457,69.1261004072695,46.136029449954265,28.243208615657974,54.48946096291261,25.666653298886764,11.580244323066706,5.8200375701933735,12.61863742827734
2026-07-24 12:00:00,EP062026,5,2026-07-25 06:00:00,0 days 18:00:00,18,18.82,-134.44,976.1,82.7,37.98853408637146,220.47694648389864,163.41309437762794,119.58797361765988,193.26290507503305,95.08956897075392,68.72281485297768,50.583972773491325,81.24006964086902,43.60694311088373,35.57332793251736,27.634131828930062,37.80600525094941
2026-07-24 12:00:00,EP062026,5,2026-07-25 12:00:00,1 days 00:00:00,24,19.0,-135.73,982.0,71.6,41.6802586962299,258.124456640842,202.84139596667745,153.96929808782082,227.23245809433345,102.7423956344984,76.38298248230456,52.78629787339219,83.72004694130018,41.6802586962299,29.403994672655006,21.06834350200745,31.86032756252869
2026-07-24 12:00:00,EP062026,5,2026-07-25 18:00:00,1 days 06:00:00,30,19.08,-136.57,980.0,75.2,53.54155076555014,197.56284327625897,146.54400945261636,113.17478847590549,168.32650276131017,89.21751525476687,64.09807248062478,47.18563134631989,74.54246363458118,53.54155076555014,30.83538566220962,23.7477084711036,32.51822053399838
2026-07-24 12:00:00,EP062026,5,2026-07-26 00:00:00,1 days 12:00:00,36,19.08,-137.56,984.4,68.6,70.49409004120886,249.85292422876623,189.1822533878709,154.02865614359348,211.4780509599744,141.60666416207928,118.82761207494886,95.48989282309878,123.39595164798446,70.49409004120886,52.79702666112082,41.63818659889092,51.997646249054114
2026-07-24 12:00:00,EP062026,5,2026-07-26 06:00:00,1 days 18:00:00,42,19.38,-138.97,978.6,77.9,32.252370548836645,222.7129743770914,183.99038922037144,130.59232215488282,176.57439255070318,41.67070599348576,28.587404351338748,15.533130805575588,31.46044281459461,32.252370548836645,0.0,0.0,0.0694261783364975
2026-07-24 12:00:00,EP062026,5,2026-07-26 12:00:00,2 days 00:00:00,48,19.39,-139.82,984.0,68.7,24.909177424381483,180.07673666546248,123.86253409037204,104.51573474535483,170.51697832001605,93.3830731839339,70.10163458694706,52.67008363249329,81.0217569962839,36.78039837899627,30.450333701894863,23.80947350905464,32.846550539830275
2026-07-24 12:00:00,EP062026,5,2026-07-26 18:00:00,2 days 06:00:00,54,19.74,-141.15,987.0,59.4,56.29471815451342,260.93807936861936,202.24666380582573,172.9241150925861,229.44352643875916,107.08567478452312,81.79213345536823,60.51681392691921,87.63574765524226,0.0,0.0,0.0,0.0
2026-07-24 12:00:00,EP062026,5,2026-07-27 00:00:00,2 days 12:00:00,60,19.62,-142.76,994.7,59.7,65.05295536619327,245.8652313960896,167.82873041645473,136.10057008303608,212.7447754940323,104.27848398584052,79.62469791796849,58.23391306152465,85.98654228133557,0.0,0.0,0.0,0.0
2026-07-24 12:00:00,EP062026,5,2026-07-27 06:00:00,2 days 18:00:00,66,19.8,-144.07,996.4,53.3,77.93540349109594,159.18097905422155,112.06974620097628,87.84386814489115,130.01781795467724,77.93540349109594,7.997207414702185,1.4430003559166185,10.391402227962995,0.0,0.0,0.0,0.0
2026-07-24 12:00:00,EP062026,5,2026-07-27 12:00:00,3 days 00:00:00,72,19.6,-145.86,996.8,49.8,81.1269433457704,140.18374956780912,97.31313104394263,59.54876311245651,106.09305178093878,0.0,0.0,0.0,0.0,0.0,0.0,0.0,0.0
2026-07-24 12:00:00,EP062026,5,2026-07-27 18:00:00,3 days 06:00:00,78,19.84,-147.35,1002.1,44.1,47.59202479746906,96.52747059960475,72.34978446412727,49.76996049551059,76.92008556961137,0.0,0.0,0.0,0.0,0.0,0.0,0.0,0.0
2026-07-24 12:00:00,EP062026,5,2026-07-28 00:00:00,3 days 12:00:00,84,19.66,-148.97,1002.8,43.0,95.07988314632688,196.17138055131383,162.71105245387895,129.2505849373493,170.20730616933497,0.0,0.0,0.0,0.0,0.0,0.0,0.0,0.0
2026-07-24 12:00:00,EP062026,5,2026-07-28 06:00:00,3 days 18:00:00,90,20.2,-150.72,1002.0,43.9,68.30726413976876,94.73666490400542,64.65904393531339,40.91806117707389,65.73481142042473,0.0,0.0,0.0,0.0,0.0,0.0,0.0,0.0
2026-07-24 12:00:00,EP062026,5,2026-07-28 12:00:00,4 days 00:00:00,96,20.63,-152.79,1006.5,37.5,95.3872765743391,233.73774739706656,200.41045534641543,152.6174768763679,186.81625493437645,0.0,0.0,0.0,0.0,0.0,0.0,0.0,0.0
2026-07-24 12:00:00,EP062026,5,2026-07-28 18:00:00,4 days 06:00:00,102,21.13,-153.92,1006.0,33.0,61.26675311168224,0.0,0.0,0.0,0.0,0.0,0.0,0.0,0.0,0.0,0.0,0.0,0.0
2026-07-24 12:00:00,EP062026,5,2026-07-29 00:00:00,4 days 12:00:00,108,21.88,-155.34,1002.7,35.0,109.68164386294572,109.68164386294572,2.789074205993828,0.0,4.434468615338012,0.0,0.0,0.0,0.0,0.0,0.0,0.0,0.0
2026-07-24 12:00:00,EP062026,5,2026-07-29 06:00:00,4 days 18:00:00,114,22.34,-157.59,1009.6,20.2,135.94960597057684,0.0,0.0,0.0,0.0,0.0,0.0,0.0,0.0,0.0,0.0,0.0,0.0
2026-07-24 12:00:00,EP072026,5,2026-07-24 12:00:00,0 days 00:00:00,0,8.9,-99.9,1005.0,29.0,93.0,0.0,0.0,0.0,0.0,0.0,0.0,0.0,0.0,0.0,0.0,0.0,0.0
2026-07-24 12:00:00,EP072026,5,2026-07-24 18:00:00,0 days 06:00:00,6,8.94,-101.28,999.6,36.6,37.32537102621227,86.63527138413826,55.34682337826409,51.08465800319873,80.38567850918758,0.0,0.0,0.0,0.0,0.0,0.0,0.0,0.0
2026-07-24 12:00:00,EP072026,5,2026-07-25 00:00:00,0 days 12:00:00,12,8.85,-101.99,1001.6,36.4,72.65983981582713,83.94336491585847,66.66498785968835,62.01282688340106,76.07782139205659,0.0,0.0,0.0,0.0,0.0,0.0,0.0,0.0
2026-07-24 12:00:00,EP072026,5,2026-07-25 06:00:00,0 days 18:00:00,18,9.27,-102.5,1003.1,38.6,65.36316464503697,65.36316464503697,0.0,0.0,0.0,0.0,0.0,0.0,0.0,0.0,0.0,0.0,0.0
2026-07-24 12:00:00,EP072026,5,2026-07-25 12:00:00,1 days 00:00:00,24,9.88,-103.73,1004.2,44.8,46.93372823175592,238.48898998205016,204.5256301495814,148.61315444047003,195.4126460497791,0.0,0.0,0.0,0.0,0.0,0.0,0.0,0.0
2026-07-24 12:00:00,EP072026,5,2026-07-25 18:00:00,1 days 06:00:00,30,10.83,-105.02,1004.5,37.3,136.78159598227424,136.78159598227424,107.46025351486502,68.68447296872614,90.3092192115576,0.0,0.0,0.0,0.0,0.0,0.0,0.0,0.0
2026-07-24 12:00:00,EP072026,5,2026-07-26 00:00:00,1 days 12:00:00,36,11.48,-106.62,1004.0,36.3,85.45895984483522,85.45895984483522,0.0,0.0,0.0,0.0,0.0,0.0,0.0,0.0,0.0,0.0,0.0
2026-07-24 12:00:00,EP072026,5,2026-07-26 06:00:00,1 days 18:00:00,42,11.97,-107.6,1002.4,46.8,52.05955914497071,340.414961714956,286.8889866631389,222.3853169491385,288.82329535123563,0.0,0.0,0.0,0.0,0.0,0.0,0.0,0.0
2026-07-24 12:00:00,EP072026,5,2026-07-26 12:00:00,2 days 00:00:00,48,12.72,-108.92,995.6,51.7,27.3231147928538,42.95317084850967,32.760260153136386,14.328439839889946,29.532275193370296,27.3231147928538,0.0,0.0,0.429660571022282,0.0,0.0,0.0,0.0
2026-07-24 12:00:00,EP072026,5,2026-07-26 18:00:00,2 days 06:00:00,54,13.21,-109.73,997.6,59.0,21.685083630684865,178.51918376970517,135.36432334789654,74.7410508056126,128.3358903405118,26.82454471506878,18.910543550584546,6.790747762848824,16.73488025323677,0.0,0.0,0.0,0.0
2026-07-24 12:00:00,EP072026,5,2026-07-27 00:00:00,2 days 12:00:00,60,13.91,-110.48,991.7,62.4,49.00569552755224,157.2813214795733,118.2881578950346,64.70183146220461,110.15465633789154,49.00569552755224,6.533673522930087,0.0,6.796936353209844,0.0,0.0,0.0,0.0
2026-07-24 12:00:00,EP072026,5,2026-07-27 06:00:00,2 days 18:00:00,66,14.6,-111.58,992.8,61.4,34.49329838506188,226.41883938388725,179.2920658568832,123.52708979582516,157.74736307990722,34.49329838506188,23.707035881287933,12.235051353477964,20.30845563857604,0.0,0.0,0.0,0.0
2026-07-24 12:00:00,EP072026,5,2026-07-27 12:00:00,3 days 00:00:00,72,15.05,-112.14,981.7,78.1,29.507119716109088,235.22424067720812,190.2315161716548,120.94530440008174,188.33461983372445,109.28622442398884,85.28644590647285,57.57616053067702,85.21851717260026,38.23970076908351,31.281145693740584,22.4796408346713,32.105052138945126
2026-07-24 12:00:00,EP072026,5,2026-07-27 18:00:00,3 days 06:00:00,78,15.57,-112.85,967.6,96.0,31.5849135624225,232.12835068663856,182.95385689152067,106.27018248054394,181.01725857788023,111.64141309717668,87.64026413726835,62.70320164636133,90.66623974006644,54.195442884833525,45.63564167036524,34.85714571234526,46.17884195381711
2026-07-24 12:00:00,EP072026,5,2026-07-28 00:00:00,3 days 12:00:00,84,16.22,-113.47,957.6,101.5,10.000347555968595,231.6736405792122,185.21699855914613,111.41956367166256,182.11219321574228,79.6708050694187,55.82510587996366,33.13778636257004,61.92135428300564,35.32422753900069,27.635721821690726,19.40007827981573,29.352962726061502
2026-07-24 12:00:00,EP072026,5,2026-07-28 06:00:00,3 days 18:00:00,90,16.35,-113.86,964.5,93.4,32.136380459056795,236.62985434004256,191.59491195307876,118.20756598538486,176.09226026133297,104.55351626411688,84.24308389003914,57.97662411475048,83.53345319691607,48.6611052040094,41.176232284202825,30.526150982432668,40.5967058498768
2026-07-24 12:00:00,EP072026,5,2026-07-28 12:00:00,4 days 00:00:00,96,16.67,-114.39,966.7,94.8,42.59404363516248,223.10182970072597,155.09890857126493,82.31155825226614,189.1761298067672,123.18928751564908,92.6811602365708,68.52570739483843,104.845353662736,65.97865528680362,55.64640087744152,43.88558097684185,57.23672981765736
2026-07-24 12:00:00,EP072026,5,2026-07-28 18:00:00,4 days 06:00:00,102,17.06,-114.98,967.5,84.8,28.153483462485667,241.58331428875863,197.7183140993068,118.86955882251436,186.07578610884596,83.09378804125492,60.50707152672351,37.16557376893121,61.90729741140308,33.37377985559982,27.145545491553776,18.813400861317746,27.55860918530118
2026-07-24 12:00:00,EP072026,5,2026-07-29 00:00:00,4 days 12:00:00,108,17.45,-115.39,961.4,96.6,24.331619745208734,216.5472108326709,186.31784929692705,104.64346026365143,169.70689570750446,99.50570244444393,81.986243315156,54.81766413066472,77.41611032670096,49.027272374146655,41.09722540201193,30.83476765513293,40.90354143666929
2026-07-24 12:00:00,EP072026,5,2026-07-29 06:00:00,4 days 18:00:00,114,17.74,-115.94,968.1,86.8,30.21350574823504,277.9227391367087,229.11297670869,155.08480805596335,217.52982650169457,96.95381548045802,71.03973244127725,47.62770565655087,75.77785304634583,38.11283277567476,30.443157861657717,22.80630663418771,31.011482897585168
2026-07-24 12:00:00,EP072026,5,2026-07-29 12:00:00,5 days 00:00:00,120,18.09,-116.63,975.4,78.7,36.99144803346155,247.7683750404617,183.61417850833777,106.11526786071477,194.26907951462,142.7508336491651,116.37123426701442,85.77571553816938,116.5178623059196,64.59850079553735,56.15890275990205,42.80484972835791,54.92282015082287
2026-07-24 12:00:00,EP072026,5,2026-07-29 18:00:00,5 days 06:00:00,126,18.65,-117.5,983.0,69.6,54.55691262934725,204.1769393126911,161.7508574436529,106.99699555811164,160.6217236831999,114.4193016933288,94.6939757526084,70.69283543055548,94.01354015633852,54.55691262934725,47.387763714935765,36.974343769890254,44.67970865700462
2026-07-24 12:00:00,EP072026,5,2026-07-30 00:00:00,5 days 12:00:00,132,19.35,-118.13,979.8,74.2,40.2033226039384,223.145172286648,169.19857130374336,104.72179168048127,168.56192679031284,102.88884241308672,83.13476000457456,58.32701223905222,81.19435210444462,42.8649674867258,37.05706736436045,27.780990754033496,35.26347974019487
2026-07-24 12:00:00,EP072026,5,2026-07-30 06:00:00,5 days 18:00:00,138,19.81,-119.04,992.4,57.9,69.84405321062835,334.32496883651373,283.0352564627973,203.16310598385417,264.4459881641118,80.96115624962027,62.13062246582963,36.74646996113772,57.862881107687386,0.0,0.0,0.0,0.0
2026-07-24 12:00:00,EP072026,5,2026-07-30 12:00:00,6 days 00:00:00,144,20.5,-119.97,988.6,66.0,46.86516982456709,248.49893218111015,184.41751942855888,133.26514342443315,200.16549199407984,127.6785094329413,104.08557739295485,76.5701475716023,103.31409341713768,51.0380655414518,43.62310845635542,33.72962095275577,42.35022339818131
2026-07-24 12:00:00,EP072026,5,2026-07-30 18:00:00,6 days 06:00:00,150,21.32,-121.17,994.6,52.7,81.15304620121049,347.27641200849246,286.7969004533145,217.5033976421904,280.4497348811721,110.37126317411494,88.09023301062922,59.85309429650877,84.4334592513872,0.0,0.0,0.0,0.0
2026-07-24 12:00:00,EP072026,5,2026-07-31 00:00:00,6 days 12:00:00,156,22.11,-122.21,995.2,53.9,69.7369814659657,229.29757147390188,189.6705402756168,140.4708521900561,177.92800550058075,69.7369814659657,37.58282935654611,21.935025279049174,32.943904239062704,0.0,0.0,0.0,0.0
2026-07-24 12:00:00,EP072026,5,2026-07-31 06:00:00,6 days 18:00:00,162,22.64,-123.56,992.8,49.7,85.91587953567142,160.52994118350222,126.36340546652072,81.0211162258405,111.37888086927252,0.0,0.0,0.0,0.0,0.0,0.0,0.0,0.0
2026-07-24 12:00:00,EP072026,5,2026-07-31 12:00:00,7 days 00:00:00,168,22.9,-124.33,999.6,45.4,75.73376014812334,201.84408401381688,153.40092243694676,115.570344783157,159.58134851667728,0.0,0.0,0.0,0.0,0.0,0.0,0.0,0.0
2026-07-24 12:00:00,EP072026,5,2026-07-31 18:00:00,7 days 06:00:00,174,23.22,-125.78,1002.8,41.3,98.72254377080998,98.72254377080998,3.896893479999491,0.0,12.226927697742369,0.0,0.0,0.0,0.0,0.0,0.0,0.0,0.0
2026-07-24 12:00:00,EP072026,5,2026-08-01 00:00:00,7 days 12:00:00,180,23.74,-126.84,1003.2,40.5,44.96152505011912,77.87818977317323,44.15799933215223,32.21654219177882,62.087566101395296,0.0,0.0,0.0,0.0,0.0,0.0,0.0,0.0
2026-07-24 12:00:00,EP072026,5,2026-08-01 06:00:00,7 days 18:00:00,186,24.13,-128.39,1004.5,30.5,69.43217049512981,0.0,0.0,0.0,0.0,0.0,0.0,0.0,0.0,0.0,0.0,0.0,0.0
2026-07-24 12:00:00,EP072026,5,2026-08-01 12:00:00,8 days 00:00:00,192,24.34,-129.47,1008.6,23.4,111.05983188968868,0.0,0.0,0.0,0.0,0.0,0.0,0.0,0.0,0.0,0.0,0.0,0.0
2026-07-24 12:00:00,EP072026,5,2026-08-01 18:00:00,8 days 06:00:00,198,24.93,-130.87,1010.6,21.6,153.63788164583843,0.0,0.0,0.0,0.0,0.0,0.0,0.0,0.0,0.0,0.0,0.0,0.0
2026-07-24 12:00:00,EP072026,5,2026-08-02 00:00:00,8 days 12:00:00,204,25.3,-132.27,1008.8,26.2,45.336529490768,0.0,0.0,0.0,0.0,0.0,0.0,0.0,0.0,0.0,0.0,0.0,0.0
2026-07-24 12:00:00,EP072026,5,2026-08-02 06:00:00,8 days 18:00:00,210,26.15,-133.6,1009.7,26.0,112.00040379447296,0.0,0.0,0.0,0.0,0.0,0.0,0.0,0.0,0.0,0.0,0.0,0.0
2026-07-24 12:00:00,EP072026,5,2026-08-02 12:00:00,9 days 00:00:00,216,26.23,-134.86,1008.1,22.7,75.58379813321926,0.0,0.0,0.0,0.0,0.0,0.0,0.0,0.0,0.0,0.0,0.0,0.0
2026-07-24 12:00:00,WP112026,5,2026-07-24 12:00:00,0 days 00:00:00,0,19.7,120.4,991.0,60.0,37.0,139.0,93.0,84.0,139.0,,,,,0.0,0.0,0.0,0.0
2026-07-24 12:00:00,WP112026,5,2026-07-24 18:00:00,0 days 06:00:00,6,20.21,119.08,957.4,96.8,15.022484984767289,180.67335534599988,134.92666458776375,117.18231259809728,166.6044070555272,124.34082638842028,102.73145401905003,89.74845697741694,114.56257931458458,79.69415220258315,69.36423017069228,57.231017286187125,68.58621272592563
2026-07-24 12:00:00,WP112026,5,2026-07-25 00:00:00,0 days 12:00:00,12,20.74,118.08,953.5,93.3,3.708965019468451,214.19600365898805,192.4079349825752,160.16751625120833,190.59246441769028,99.2948595512753,77.88315180251129,60.61562824559019,81.58811026731519,42.47694743684861,35.60586207614165,27.25315201694275,36.05290026928947
2026-07-24 12:00:00,WP112026,5,2026-07-25 06:00:00,0 days 18:00:00,18,21.31,117.04,959.4,91.8,21.83393505174766,209.2881728593012,194.2177484371042,153.87753059646093,165.4415070469555,45.47887498388147,36.78975453421791,22.6730783279786,31.32752194000514,21.83393505174766,6.757750292966396,4.011059089678314,6.85017176375505
2026-07-24 12:00:00,WP112026,5,2026-07-25 12:00:00,1 days 00:00:00,24,21.68,116.2,950.6,101.6,4.992499381588708,188.1580005651599,157.9686313299975,121.03005302114568,149.9022472656864,74.84472123351195,61.28179263153924,48.96189699399531,64.01827553025917,44.812007557921454,37.5429459768119,30.37073207531501,37.91005965034488
2026-07-24 12:00:00,WP112026,5,2026-07-25 18:00:00,1 days 06:00:00,30,22.45,115.53,958.3,92.6,19.58130221679737,186.27713016997944,131.19535340708754,87.15529935023264,150.95349282591135,92.71960738565151,67.38824340946789,54.561862069124295,81.14740106211788,60.7469501660361,50.87209266111308,40.59428326467775,51.85625105447877
2026-07-24 12:00:00,WP112026,5,2026-07-26 00:00:00,1 days 12:00:00,36,23.25,114.73,968.2,77.3,17.90080585655184,174.8045118630439,149.37307544743612,123.66751992802642,144.873538623169,61.4836921221808,46.00695823005765,31.60731727420148,45.02338919358312,19.357754458624285,15.284698332411516,10.720909650215305,15.16241278871258
2026-07-24 12:00:00,WP112026,5,2026-07-26 06:00:00,1 days 18:00:00,42,23.81,114.47,975.5,62.0,36.274793419112285,193.5320661108074,172.94947908094895,146.7215659747663,168.61567665039632,58.07651149046976,46.26113364114564,32.139787149011006,44.24995073946376,0.0,0.0,0.0,0.0
2026-07-24 12:00:00,WP112026,5,2026-07-26 12:00:00,2 days 00:00:00,48,24.28,114.43,989.7,41.3,20.26533435191872,31.124914562763617,21.46702737686595,7.227998138476058,29.928754600931093,0.0,0.0,0.0,0.0,0.0,0.0,0.0,0.0
2026-07-24 12:00:00,WP112026,5,2026-07-26 18:00:00,2 days 06:00:00,54,24.99,114.24,999.5,26.1,54.12934514308424,0.0,0.0,0.0,0.0,0.0,0.0,0.0,0.0,0.0,0.0,0.0,0.0
2026-07-24 12:00:00,WP112026,5,2026-07-27 00:00:00,2 days 12:00:00,60,25.81,113.77,1001.1,22.0,108.2379225453776,0.0,0.0,0.0,0.0,0.0,0.0,0.0,0.0,0.0,0.0,0.0,0.0
2026-07-24 12:00:00,WP112026,5,2026-07-27 06:00:00,2 days 18:00:00,66,26.67,113.61,1007.7,13.4,116.47901618071738,0.0,0.0,0.0,0.0,0.0,0.0,0.0,0.0,0.0,0.0,0.0,0.0
2026-07-24 12:00:00,WP112026,5,2026-07-27 12:00:00,3 days 00:00:00,72,27.55,113.22,1004.8,13.1,111.68816305189458,0.0,0.0,0.0,0.0,0.0,0.0,0.0,0.0,0.0,0.0,0.0,0.0
2026-07-24 12:00:00,WP112026,5,2026-07-27 18:00:00,3 days 06:00:00,78,28.02,113.15,1005.9,11.7,57.49447393851023,0.0,0.0,0.0,0.0,0.0,0.0,0.0,0.0,0.0,0.0,0.0,0.0
2026-07-24 12:00:00,EP062026,6,2026-07-24 12:00:00,0 days 00:00:00,0,18.5,-130.6,970.0,89.0,37.0,297.0,185.0,111.0,297.0,148.0,74.0,56.0,111.0,74.0,37.0,28.0,56.0
2026-07-24 12:00:00,EP062026,6,2026-07-24 18:00:00,0 days 06:00:00,6,18.74,-131.98,978.4,77.9,47.730883723265805,237.89456001571943,175.35909282508237,133.71259077006425,194.63651433699647,88.62444528564663,72.47808372387738,56.03938592500154,78.59885709359395,47.730883723265805,26.802533992991528,22.46030408523524,27.088194998825895
2026-07-24 12:00:00,EP062026,6,2026-07-25 00:00:00,0 days 12:00:00,12,18.74,-133.07,981.7,73.6,37.050243452937366,244.8632362663988,197.44117574895648,149.98888708062802,201.30580146511184,96.8342998300756,78.15284031939348,55.10626417537398,77.11576079753858,37.050243452937366,20.031768380517427,14.43229240201482,20.37144967567053
2026-07-24 12:00:00,EP062026,6,2026-07-25 06:00:00,0 days 18:00:00,18,18.93,-134.42,984.1,69.8,34.46189176196429,229.64424493174863,173.67076633004643,134.9993853229053,200.65276884065867,94.98254617129172,78.62277184971983,60.53719499291974,80.21221200533239,34.46189176196429,19.894233593627284,15.342184369096572,19.646891324010426
2026-07-24 12:00:00,EP062026,6,2026-07-25 12:00:00,1 days 00:00:00,24,18.79,-135.52,977.3,78.4,28.085013447058486,146.7558753259624,115.49876132163976,82.45326919494303,122.76404418970908,65.99769106027973,44.41684419913883,24.17835684140919,54.7715479481854,28.085013447058486,6.333620196558557,2.1396008190163527,10.241963008459846
2026-07-24 12:00:00,EP062026,6,2026-07-25 18:00:00,1 days 06:00:00,30,19.12,-136.66,973.9,81.6,28.867782357010867,195.1928850052592,169.6820322012925,136.64791531651355,175.8219208870321,76.58414158577631,61.775545199153726,48.63604664391323,65.46874524188809,28.867782357010867,21.64378099348889,16.724637044885647,22.91150877483093
2026-07-24 12:00:00,EP062026,6,2026-07-26 00:00:00,1 days 12:00:00,36,19.26,-137.82,979.7,79.3,25.626870733478484,210.27332308705127,178.1690669922832,144.91927214538327,184.08702151092712,87.72386063906652,69.52972448161859,51.26544573398252,71.06013544409586,30.67101753775501,23.33067869716274,17.829120756760787,25.66813103557115
2026-07-24 12:00:00,EP062026,6,2026-07-26 06:00:00,1 days 18:00:00,42,19.48,-138.92,970.9,84.8,34.1720849043496,215.6102669620434,148.51520367355917,130.85970647794565,187.975428700723,107.4132234503136,87.5293978501354,67.30331493819102,92.92305623545384,45.008223568912726,38.404926360843305,30.803753437894105,39.30699831037893
2026-07-24 12:00:00,EP062026,6,2026-07-26 12:00:00,2 days 00:00:00,48,19.7,-139.97,976.3,80.5,36.62230068903497,247.60062249356488,180.2603262552745,135.3923894573728,213.79846420394065,126.37195575066733,99.72001091303892,74.27187852558072,107.58934100196154,53.644143943972296,45.28543204803261,34.98804960628274,46.413780932115344
2026-07-24 12:00:00,EP062026,6,2026-07-26 18:00:00,2 days 06:00:00,54,19.5,-141.24,990.9,58.7,41.25537543013132,219.59672075929484,167.42552251015832,127.0222585372847,198.86090554089787,117.27179462069888,100.16121903616296,78.40950308750456,102.7583929358458,0.0,0.0,0.0,0.0
2026-07-24 12:00:00,EP062026,6,2026-07-27 00:00:00,2 days 12:00:00,60,19.75,-142.68,991.3,66.0,40.24431110835693,145.51669247609817,104.53204031840856,75.93185425498936,119.22378367951664,40.24431110835693,7.5830811093209,1.8234804471001151,40.24431110835693,1.022843466926061,0.0,0.0,40.24431110835693
2026-07-24 12:00:00,EP062026,6,2026-07-27 06:00:00,2 days 18:00:00,66,19.68,-144.16,993.1,56.3,74.21221980740879,160.1047270198756,122.09803586854682,86.1735877862493,137.09665396965192,85.09593408240363,69.0508617826516,52.39545086395324,70.45732739273105,0.0,0.0,0.0,0.0
2026-07-24 12:00:00,EP062026,6,2026-07-27 12:00:00,3 days 00:00:00,72,19.58,-145.64,990.9,64.5,12.010967582089537,184.38796693666603,147.05121209538868,109.54450076752536,149.39336778068986,60.85982746893871,47.34936409702857,31.0679719835355,47.67880829044512,12.010967582089537,0.0,0.0,1.5535375654657615
2026-07-24 12:00:00,EP062026,6,2026-07-27 18:00:00,3 days 06:00:00,78,19.65,-146.84,988.4,62.9,30.521636601117702,160.8260463975461,116.06226951781964,82.96702666548678,137.37313079443948,30.521636601117702,17.615240545077107,8.408266301805508,20.71524331581988,0.0,0.0,0.0,0.0
2026-07-24 12:00:00,EP062026,6,2026-07-28 00:00:00,3 days 12:00:00,84,19.93,-148.83,992.7,57.8,40.20398908217323,143.83175662738847,115.21301844112492,66.09070485571434,110.49691294460402,40.20398908217323,0.6214755317363707,0.0,2.850832602933036,0.0,0.0,0.0,0.0
2026-07-24 12:00:00,EP062026,6,2026-07-28 06:00:00,3 days 18:00:00,90,20.08,-149.64,981.8,74.2,24.729781496105723,171.11203247903185,109.36986915454968,70.11686727493728,151.59972548209305,100.59209950498054,76.26513326476515,52.89934645186086,84.1928363660183,36.02748661805774,27.45602272866171,19.278538269816444,29.514979202974168
2026-07-24 12:00:00,EP062026,6,2026-07-28 12:00:00,4 days 00:00:00,96,20.22,-151.02,986.2,57.6,65.60762106916923,129.92150173393668,93.34030901315712,65.7629607748605,112.35544101126996,65.60762106916923,7.434210701677545,2.2943713761384403,9.705420923582318,0.0,0.0,0.0,0.0
2026-07-24 12:00:00,EP062026,6,2026-07-28 18:00:00,4 days 06:00:00,102,20.39,-152.47,982.9,57.8,35.326050141872074,144.6024567705458,118.71278511318135,74.617283968554,110.84428360099756,35.326050141872074,19.873164034349102,12.543710710805886,21.50096775154008,0.0,0.0,0.0,0.0
2026-07-24 12:00:00,EP062026,6,2026-07-29 00:00:00,4 days 12:00:00,108,20.59,-153.63,999.3,50.3,34.501012930191806,161.89473714799647,129.16444751967617,84.19050619847815,124.94301283658643,34.501012930191806,0.0,0.0,0.3993971417916562,0.0,0.0,0.0,0.0
2026-07-24 12:00:00,EP062026,6,2026-07-29 06:00:00,4 days 18:00:00,114,20.35,-154.33,994.9,47.0,86.48749030636054,131.7049825966178,93.9623187838879,62.44797682395074,104.27711987574412,0.0,0.0,0.0,0.0,0.0,0.0,0.0,0.0
2026-07-24 12:00:00,EP062026,6,2026-07-29 12:00:00,5 days 00:00:00,120,20.66,-155.29,1004.2,46.0,49.57916407046778,49.57916407046778,10.15711350821504,0.0,27.31275193492584,0.0,0.0,0.0,0.0,0.0,0.0,0.0,0.0
2026-07-24 12:00:00,EP062026,6,2026-07-29 18:00:00,5 days 06:00:00,126,20.58,-156.61,1001.4,37.4,39.45659488927552,117.84333411162626,100.1461211595374,75.6401926732101,95.16924609609106,0.0,0.0,0.0,0.0,0.0,0.0,0.0,0.0
2026-07-24 12:00:00,EP062026,6,2026-07-30 00:00:00,5 days 12:00:00,132,19.97,-159.46,1003.4,32.9,67.17922743124474,0.0,0.0,0.0,0.0,0.0,0.0,0.0,0.0,0.0,0.0,0.0,0.0
2026-07-24 12:00:00,EP062026,6,2026-07-30 06:00:00,5 days 18:00:00,138,19.94,-160.84,1004.8,29.1,99.3706287362488,0.0,0.0,0.0,0.0,0.0,0.0,0.0,0.0,0.0,0.0,0.0,0.0
2026-07-24 12:00:00,EP072026,6,2026-07-24 12:00:00,0 days 00:00:00,0,8.9,-99.9,1005.0,29.0,93.0,0.0,0.0,0.0,0.0,0.0,0.0,0.0,0.0,0.0,0.0,0.0,0.0
2026-07-24 12:00:00,EP072026,6,2026-07-24 18:00:00,0 days 06:00:00,6,8.85,-101.01,1001.3,47.8,70.85298250431622,78.50500274507732,63.86638870072666,56.09340999305607,70.33791815616685,0.0,0.0,0.0,0.0,0.0,0.0,0.0,0.0
2026-07-24 12:00:00,EP072026,6,2026-07-25 00:00:00,0 days 12:00:00,12,9.28,-101.8,1002.2,38.4,89.1661127929965,121.74018665698304,102.06972740268634,95.32238800694644,102.32708780864778,0.0,0.0,0.0,0.0,0.0,0.0,0.0,0.0
2026-07-24 12:00:00,EP072026,6,2026-07-25 06:00:00,0 days 18:00:00,18,9.84,-102.66,990.0,64.9,14.736902344071323,112.80263453729152,94.17711789122096,73.44145954252531,91.789698161675,44.63569341846,36.92702406884027,24.136649442735745,35.772113720723894,14.736902344071323,0.474824795431779,0.0,1.293651611279902
2026-07-24 12:00:00,EP072026,6,2026-07-25 12:00:00,1 days 00:00:00,24,10.54,-103.63,994.2,61.8,43.76288211906106,106.18951165909772,80.10601178775705,38.45520551419264,80.61034812612576,43.76288211906106,0.8892259211437192,0.0,3.3614849674058664,0.0,0.0,0.0,0.0
2026-07-24 12:00:00,EP072026,6,2026-07-25 18:00:00,1 days 06:00:00,30,11.12,-104.93,990.1,64.4,37.22792142513717,170.23336926992684,140.8293388977864,77.22757545124645,129.2790179231685,44.06776912804403,31.831450658467567,15.668461023271592,31.085194185997214,37.22792142513717,0.0,0.0,0.8110596555310061
2026-07-24 12:00:00,EP072026,6,2026-07-26 00:00:00,1 days 12:00:00,36,11.54,-105.93,983.2,80.9,41.0923593417238,197.3002442752797,171.18896190805992,127.1487279674563,158.33201686924966,41.0923593417238,21.804582513689382,14.020432523596774,23.13793396083912,41.0923593417238,0.0,0.0,0.0
2026-07-24 12:00:00,EP072026,6,2026-07-26 06:00:00,1 days 18:00:00,42,12.31,-107.53,991.0,67.3,25.695219047211168,149.11847364693756,120.30193567072432,67.64103362014924,107.31516578801528,48.61888101062897,37.0918592282286,21.10780974137178,36.66764049750441,25.695219047211168,0.0,0.0,0.5623390429340578
2026-07-24 12:00:00,EP072026,6,2026-07-26 12:00:00,2 days 00:00:00,48,12.57,-108.48,990.2,66.2,51.502289287157495,181.1087060549065,127.85713442464711,75.46976902784559,141.47085411478363,56.71570649943102,40.339780452506645,24.68876150102542,43.55645016670481,51.502289287157495,0.0,0.0,0.0
2026-07-24 12:00:00,EP072026,6,2026-07-26 18:00:00,2 days 06:00:00,54,13.33,-109.77,985.4,69.1,37.14209467900472,273.9110476200717,213.1015908781675,136.39984587683722,210.4826495618934,114.57426051590464,93.69455827841742,65.20240431272344,93.11179864889958,37.14209467900472,27.954832748764645,20.36368987238427,28.628462940280087
2026-07-24 12:00:00,EP072026,6,2026-07-27 00:00:00,2 days 12:00:00,60,14.0,-110.59,984.6,74.0,18.740942800186676,230.05500695539945,177.73199802777464,112.62248471646572,170.50669544787087,66.33251500211804,48.62864005328304,26.91065117778536,47.01474030254458,18.740942800186676,1.4007690483851856,0.0,1.934488067161088
2026-07-24 12:00:00,EP072026,6,2026-07-27 06:00:00,2 days 18:00:00,66,14.48,-111.49,975.2,84.7,38.801992873694616,221.28510069787188,178.0931124933348,109.57218861444608,171.5040832046689,87.7002514492174,71.13619232827021,47.362256632815885,72.20940825981937,38.801992873694616,30.07852112367042,22.88072847344276,30.28946548487188
2026-07-24 12:00:00,EP072026,6,2026-07-27 12:00:00,3 days 00:00:00,72,15.17,-112.41,969.6,101.0,25.08024024454106,301.757640337376,264.831788234857,153.66128272406226,237.8143808541463,115.33722853029263,95.54349218016858,65.15284597861842,90.8969682474992,46.32099831782738,38.895075544240825,28.1086566102112,37.36568511706701
2026-07-24 12:00:00,EP072026,6,2026-07-27 18:00:00,3 days 06:00:00,78,15.78,-113.25,964.2,100.7,0.0,285.08582159217144,243.12670301121983,167.24644409084777,222.94413686264292,81.75939418434842,67.45083612880808,42.31675385623868,62.94036492514988,29.824708702268083,24.7678043614781,17.50067239676478,24.64495598190063
2026-07-24 12:00:00,EP072026,6,2026-07-28 00:00:00,3 days 12:00:00,84,16.19,-113.84,953.3,110.4,10.407147574445462,256.01116318797074,216.87556148654488,148.39621517213288,214.985556025949,89.58187852817856,66.60529093560694,45.12365879726824,70.33855888464471,39.466427120980185,31.0113543643825,23.399025008846277,33.63858443202517
2026-07-24 12:00:00,EP072026,6,2026-07-28 06:00:00,3 days 18:00:00,90,16.61,-114.55,950.6,114.8,14.46589819567328,286.6131134840696,224.32119392321212,173.85070281425453,247.9439420488988,140.65895509698618,116.52557785127313,89.70746107873806,125.610134412736,73.89757947951985,64.29850302990556,52.19446954378356,63.86233732440023
2026-07-24 12:00:00,EP072026,6,2026-07-28 12:00:00,4 days 00:00:00,96,17.01,-115.38,965.7,94.5,34.53502526311252,227.66937701505623,174.44563356042812,117.00117080829406,185.31577394472856,89.36157447135935,64.48364733848683,42.86298644936225,75.86612478710316,42.95623979596645,32.427361947703375,24.736497964356715,35.30767648495661
2026-07-24 12:00:00,EP072026,6,2026-07-28 18:00:00,4 days 06:00:00,102,17.49,-116.28,973.3,86.2,53.66554605833147,265.38338397500627,203.08597590083903,147.91274440550384,224.39470144138056,115.69978371835349,93.305625594843,64.17722120067822,97.9300141399989,59.03453086951009,49.74074474366543,38.131203636985965,50.499587515641664
2026-07-24 12:00:00,EP072026,6,2026-07-29 00:00:00,4 days 12:00:00,108,17.97,-117.18,962.8,97.4,50.047860040506976,214.54467262303345,172.05615696212476,112.0262699712456,193.97040940720103,67.54213190490242,47.06901094617939,28.67971210976242,53.718659665463406,50.047860040506976,15.433339165361929,10.98978003010228,18.178997828026155
2026-07-24 12:00:00,EP072026,6,2026-07-29 06:00:00,4 days 18:00:00,114,18.22,-118.11,964.8,94.3,23.761355903952847,279.5792679616593,214.63404498172264,155.45511309020128,231.0923906859096,125.24260846858807,103.99336271393564,77.67287617336738,106.600475780781,57.40690293263688,49.89631620729493,39.692260517581445,50.22851075142092
2026-07-24 12:00:00,EP072026,6,2026-07-29 12:00:00,5 days 00:00:00,120,18.49,-118.9,969.5,87.2,17.399434296701266,196.92734936494395,155.93139485561733,112.5951456542005,153.30853384928963,112.15235229869842,92.19710627856142,69.46014911442627,90.05776991019961,46.610489694999785,40.86614820128492,32.38573201698419,40.49046682254472
2026-07-24 12:00:00,EP072026,6,2026-07-29 18:00:00,5 days 06:00:00,126,18.97,-119.92,964.2,83.0,63.99356914180003,349.0313355266405,282.96112992923287,211.45676780738864,290.114955467942,168.0600775248461,142.1789924218086,103.6747886556275,136.4422725920994,63.99356914180003,37.54685549192671,26.93094323337585,38.952716951463486
2026-07-24 12:00:00,EP072026,6,2026-07-30 00:00:00,5 days 12:00:00,132,19.43,-121.06,959.5,84.7,58.9902614095067,281.72884407582615,202.0260965894332,139.89388398221058,237.4885431563448,139.63739083883584,110.67648430577812,79.92812493824107,113.74978035007936,58.9902614095067,25.144160940570178,17.141868237662088,28.308883049862956
2026-07-24 12:00:00,EP072026,6,2026-07-30 06:00:00,5 days 18:00:00,138,20.26,-122.06,964.9,82.1,54.570387942682544,201.2192032409565,145.8243169632999,104.25626022228562,165.0140443185972,54.570387942682544,31.6702043435032,19.811394952853743,54.570387942682544,2.636756213162796,0.6734823564984156,0.0,54.570387942682544
2026-07-24 12:00:00,EP072026,6,2026-07-30 12:00:00,6 days 00:00:00,144,20.41,-123.18,973.1,74.7,89.55797493607554,166.9467073257578,123.36631459969033,78.96722668518039,134.30909340872105,89.55797493607554,8.446411618091815,5.160803600226423,89.55797493607554,1.439096366890837,0.472676996461959,0.0,89.55797493607554
2026-07-24 12:00:00,EP072026,6,2026-07-30 18:00:00,6 days 06:00:00,150,20.89,-124.24,999.1,47.8,70.9083548577847,148.18862742177205,132.122025054146,98.64692025746824,127.84711470517983,0.0,0.0,0.0,0.0,0.0,0.0,0.0,0.0
2026-07-24 12:00:00,EP072026,6,2026-07-31 00:00:00,6 days 12:00:00,156,21.58,-125.19,999.1,38.6,57.33007860660473,180.2852674886708,164.30734345886958,124.78082048205395,149.83212910173825,0.0,0.0,0.0,0.0,0.0,0.0,0.0,0.0
2026-07-24 12:00:00,EP072026,6,2026-07-31 06:00:00,6 days 18:00:00,162,21.94,-126.56,1001.4,41.9,77.93447418815961,136.07883171426238,115.19573648234234,90.44753773320195,113.02351895979984,0.0,0.0,0.0,0.0,0.0,0.0,0.0,0.0
2026-07-24 12:00:00,EP072026,6,2026-07-31 12:00:00,7 days 00:00:00,168,22.34,-127.67,1005.2,35.6,71.7159201396903,71.7159201396903,38.40597822558448,19.380442301544207,43.12296496895146,0.0,0.0,0.0,0.0,0.0,0.0,0.0,0.0
2026-07-24 12:00:00,EP072026,6,2026-07-31 18:00:00,7 days 06:00:00,174,22.47,-128.85,1001.5,37.2,61.42348586793087,61.42348586793087,1.443120642883141,0.0,7.8979637128621425,0.0,0.0,0.0,0.0,0.0,0.0,0.0,0.0
2026-07-24 12:00:00,EP072026,6,2026-08-01 00:00:00,7 days 12:00:00,180,23.15,-130.2,992.0,40.0,57.77242045387028,57.77242045387028,4.511271993058102,6.259826777280365,12.538620969993314,0.0,0.0,0.0,0.0,0.0,0.0,0.0,0.0
2026-07-24 12:00:00,EP072026,6,2026-08-01 06:00:00,7 days 18:00:00,186,23.48,-131.55,1003.8,32.0,109.19115228272074,0.0,0.0,0.0,0.0,0.0,0.0,0.0,0.0,0.0,0.0,0.0,0.0
2026-07-24 12:00:00,WP112026,6,2026-07-24 12:00:00,0 days 00:00:00,0,19.7,120.4,991.0,60.0,37.0,139.0,93.0,84.0,139.0,,,,,0.0,0.0,0.0,0.0
2026-07-24 12:00:00,WP112026,6,2026-07-24 18:00:00,0 days 06:00:00,6,19.66,118.99,984.0,65.7,52.06754977026101,157.93303395541855,132.99593304906858,106.31793990396416,131.67659533601426,77.06801253321945,64.32101762245222,50.72764953819117,64.75390472077082,52.06754977026101,14.820484903266872,11.824858721235907,14.788176366583
2026-07-24 12:00:00,WP112026,6,2026-07-25 00:00:00,0 days 12:00:00,12,20.25,117.9,970.0,81.5,30.43719482517032,229.396498131215,198.7290086682776,152.10853438293873,200.28183460564725,141.24724323460592,123.79698891693494,100.6446968915016,123.57767892357457,77.60279791690655,71.7707464767781,58.95929148093593,68.24468292570315
2026-07-24 12:00:00,WP112026,6,2026-07-25 06:00:00,0 days 18:00:00,18,21.12,116.88,952.2,102.4,11.782460142388675,256.70001071444574,224.9878673308388,178.0139475783602,213.18868313644268,126.48468237593694,113.1458986530298,88.15950147494792,107.8757370719716,70.20621206081415,63.17522413235915,51.10200282328445,59.91842634626065
2026-07-24 12:00:00,WP112026,6,2026-07-25 12:00:00,1 days 00:00:00,24,21.91,115.82,955.6,98.8,21.9021747649659,196.6239278147894,150.4663317717629,126.99270984798278,167.12369023718423,83.25367708444033,66.95157250886514,49.52109410427058,70.32119471893793,28.211728024547742,22.172030327587034,17.526991476538207,22.767910626517903
2026-07-24 12:00:00,WP112026,6,2026-07-25 18:00:00,1 days 06:00:00,30,22.66,114.81,940.7,108.5,17.0905865356686,70.50149905077171,75.61767610387831,62.83595196768773,64.01768239907399,17.0905865356686,0.0,0.0,17.0905865356686,0.0,0.0,0.0,17.0905865356686
2026-07-24 12:00:00,WP112026,6,2026-07-26 00:00:00,1 days 12:00:00,36,23.27,114.15,962.3,84.0,25.736681327239356,189.50117420796295,175.26232388646474,132.10276485767497,151.0043031104835,25.736681327239356,9.466612879103575,5.136127150164104,10.714512551882912,25.736681327239356,0.0,0.0,0.0
2026-07-24 12:00:00,WP112026,6,2026-07-26 06:00:00,1 days 18:00:00,42,23.56,113.91,973.6,61.1,49.09166405635866,107.63851326059724,97.74000474099935,91.36898222621896,81.56253432492144,0.0,0.4551588191311653,49.09166405635866,0.0,0.0,0.0,0.0,0.0
2026-07-24 12:00:00,WP112026,6,2026-07-26 12:00:00,2 days 00:00:00,48,23.99,113.63,992.5,32.2,77.09650685833168,0.0,0.0,0.0,0.0,0.0,0.0,0.0,0.0,0.0,0.0,0.0,0.0
2026-07-24 12:00:00,WP112026,6,2026-07-26 18:00:00,2 days 06:00:00,54,24.87,113.52,1000.5,25.1,50.87288367030972,0.0,0.0,0.0,0.0,0.0,0.0,0.0,0.0,0.0,0.0,0.0,0.0
2026-07-24 12:00:00,WP112026,6,2026-07-27 00:00:00,2 days 12:00:00,60,25.85,112.98,1000.2,23.9,114.678342777425,0.0,0.0,0.0,0.0,0.0,0.0,0.0,0.0,0.0,0.0,0.0,0.0
2026-07-24 12:00:00,WP112026,6,2026-07-27 06:00:00,2 days 18:00:00,66,26.83,112.6,1001.5,19.4,95.76010040581676,0.0,0.0,0.0,0.0,0.0,0.0,0.0,0.0,0.0,0.0,0.0,0.0
2026-07-24 12:00:00,WP112026,6,2026-07-27 12:00:00,3 days 00:00:00,72,27.32,111.83,1006.4,15.0,57.36294394074533,0.0,0.0,0.0,0.0,0.0,0.0,0.0,0.0,0.0,0.0,0.0,0.0
2026-07-24 12:00:00,EP062026,7,2026-07-24 12:00:00,0 days 00:00:00,0,18.5,-130.6,970.0,89.0,37.0,297.0,185.0,111.0,297.0,148.0,74.0,56.0,111.0,74.0,37.0,28.0,56.0
2026-07-24 12:00:00,EP062026,7,2026-07-24 18:00:00,0 days 06:00:00,6,18.74,-131.93,984.9,72.1,37.06202936690364,278.23459078528714,221.7167653756353,168.07306231398957,243.07559119776076,119.6010073993254,93.37837406847264,71.64544122801654,103.14363870796068,41.47012155315803,35.182809098503235,27.339470811537684,36.04469051119095
2026-07-24 12:00:00,EP062026,7,2026-07-25 00:00:00,0 days 12:00:00,12,18.8,-133.4,987.1,63.9,41.274333701606594,211.136339293454,174.85359752367813,126.21306871159786,183.3950549019281,104.45441510055907,76.36237326498983,52.48052230506282,79.94119405566504,0.0,0.0,0.0,0.0
2026-07-24 12:00:00,EP062026,7,2026-07-25 06:00:00,0 days 18:00:00,18,18.95,-134.32,986.3,67.1,49.32804425008409,210.45148520812037,165.03572583364638,132.89688277582968,189.69275835597807,92.46229021761832,66.46428768402637,45.93151441677556,75.83935637473064,49.32804425008409,15.566767737551867,12.07028143513471,17.810881503917393
2026-07-24 12:00:00,EP062026,7,2026-07-25 12:00:00,1 days 00:00:00,24,19.17,-135.42,991.9,61.6,51.28899805399137,227.0023130964899,164.00096553999617,124.807905555491,214.23009157901453,97.0960559699361,69.73338954907695,47.65863328403013,75.32313879354925,0.0,0.0,0.0,0.0
2026-07-24 12:00:00,EP062026,7,2026-07-25 18:00:00,1 days 06:00:00,30,19.37,-136.81,987.6,65.3,41.60419067808047,248.52111125152285,203.4994153366889,153.92253366940122,214.9782522359345,127.93132301144786,103.85130254497132,80.52753127456171,105.73967261407334,41.60419067808047,28.615078003960438,22.118146728189917,27.44517611429649
2026-07-24 12:00:00,EP062026,7,2026-07-26 00:00:00,1 days 12:00:00,36,19.7,-137.61,984.9,65.2,32.1580369694006,203.96441568476692,159.8642768544537,115.3990045381664,181.68279798263427,113.0891114391182,86.13980956770286,61.24553401291705,90.35422619275778,32.1580369694006,18.45961057392365,13.965815938389872,20.743857743199484
2026-07-24 12:00:00,EP062026,7,2026-07-26 06:00:00,1 days 18:00:00,42,19.8,-138.53,991.0,63.1,28.10046717906125,207.2415938961636,167.5884749852651,118.4497423103016,186.08549074966183,70.86633751380023,49.75517507527317,31.69168454310683,56.005487086454366,0.0,0.0,0.0,0.0
2026-07-24 12:00:00,EP062026,7,2026-07-26 12:00:00,2 days 00:00:00,48,20.03,-139.93,988.7,62.3,19.046625137465625,198.6184573200611,150.80401585834642,95.06304213359276,168.24366822677788,68.63876532909212,43.38367357184672,25.71808949665316,51.13816894951651,0.0,0.0,0.0,0.0
2026-07-24 12:00:00,EP062026,7,2026-07-26 18:00:00,2 days 06:00:00,54,20.21,-141.08,989.0,64.1,46.15516360836479,206.14628913599023,162.4555962258895,107.86687594510848,180.41069705497503,73.03085141261958,49.49693577145655,30.54338878655813,55.60410564300656,46.15516360836479,0.0,0.0,1.7418081936377066
2026-07-24 12:00:00,EP062026,7,2026-07-27 00:00:00,2 days 12:00:00,60,20.29,-142.63,994.4,62.9,35.414208439560824,208.9323448473353,170.44181359548435,96.15108881606112,172.0229696203591,81.95704042991053,54.81530315492004,30.3162867558092,58.69932480112195,0.0,0.0,0.0,0.0
2026-07-24 12:00:00,EP062026,7,2026-07-27 06:00:00,2 days 18:00:00,66,20.21,-143.72,995.4,57.8,10.9307684918532,183.62946203029745,144.99667476480818,100.91682267122223,169.4564275867724,80.42689512155675,58.285178204741214,40.99638032554435,67.58114258149908,0.0,0.0,0.0,0.0
2026-07-24 12:00:00,EP062026,7,2026-07-27 12:00:00,3 days 00:00:00,72,20.45,-145.32,994.0,61.9,41.90341192245768,209.7922719252857,156.50535862511538,87.95233244798737,172.07091222386384,62.46796357326882,38.13920311855608,22.08915091606118,41.94405451378252,0.0,0.0,0.0,0.0
2026-07-24 12:00:00,EP062026,7,2026-07-27 18:00:00,3 days 06:00:00,78,20.67,-147.09,989.2,59.8,33.39115791525116,147.29251127504136,126.96381398275555,87.59676412396703,119.58744463065332,33.39115791525116,2.178360834605485,0.0,4.780122011890855,0.0,0.0,0.0,0.0
2026-07-24 12:00:00,EP062026,7,2026-07-28 00:00:00,3 days 12:00:00,84,20.95,-148.04,1000.0,53.0,50.70862361601801,143.28067641682992,91.68653912673504,54.0058322483129,115.69855554857968,50.70862361601801,0.0,0.0,2.7329468448123517,0.0,0.0,0.0,0.0
2026-07-24 12:00:00,EP062026,7,2026-07-28 06:00:00,3 days 18:00:00,90,21.09,-149.68,1002.4,43.6,70.7581495868249,115.37157106307976,83.29326731987332,41.885148427696826,83.86251773884027,0.0,0.0,0.0,0.0,0.0,0.0,0.0,0.0
2026-07-24 12:00:00,EP062026,7,2026-07-28 12:00:00,4 days 00:00:00,96,20.38,-151.22,1007.9,37.7,76.85845761054432,76.85845761054432,0.0,0.0,0.0,0.0,0.0,0.0,0.0,0.0,0.0,0.0,0.0
2026-07-24 12:00:00,EP062026,7,2026-07-28 18:00:00,4 days 06:00:00,102,21.09,-152.25,1006.7,37.6,124.58565057706016,213.2040227679447,165.93200681229598,112.82956584192368,177.94027444302378,0.0,0.0,0.0,0.0,0.0,0.0,0.0,0.0
2026-07-24 12:00:00,EP062026,7,2026-07-29 00:00:00,4 days 12:00:00,108,21.07,-153.91,1008.8,30.2,63.46612460806527,0.0,0.0,0.0,0.0,0.0,0.0,0.0,0.0,0.0,0.0,0.0,0.0
2026-07-24 12:00:00,EP062026,7,2026-07-29 06:00:00,4 days 18:00:00,114,21.85,-154.83,1006.3,31.0,103.86268180420046,0.0,0.0,0.0,0.0,0.0,0.0,0.0,0.0,0.0,0.0,0.0,0.0
2026-07-24 12:00:00,EP062026,7,2026-07-29 12:00:00,5 days 00:00:00,120,22.64,-155.03,1006.8,29.3,77.25226209536936,0.0,0.0,0.0,0.0,0.0,0.0,0.0,0.0,0.0,0.0,0.0,0.0
2026-07-24 12:00:00,EP062026,7,2026-07-29 18:00:00,5 days 06:00:00,126,22.11,-156.83,1007.0,34.1,113.10184320356689,113.10184320356689,0.0,0.0,1.3427687484155992,0.0,0.0,0.0,0.0,0.0,0.0,0.0,0.0
2026-07-24 12:00:00,EP072026,7,2026-07-24 12:00:00,0 days 00:00:00,0,8.9,-99.9,1005.0,29.0,93.0,0.0,0.0,0.0,0.0,0.0,0.0,0.0,0.0,0.0,0.0,0.0,0.0
2026-07-24 12:00:00,EP072026,7,2026-07-24 18:00:00,0 days 06:00:00,6,8.68,-101.36,1003.1,38.7,41.28727850649327,6.895352021051889,2.2732897370905807,5.734904934126774,41.28727850649327,0.0,0.0,0.0,0.0,0.0,0.0,0.0,0.0
2026-07-24 12:00:00,EP072026,7,2026-07-25 00:00:00,0 days 12:00:00,12,9.21,-101.63,1002.5,41.9,55.71879269001876,55.71879269001876,0.0,0.0,0.0,0.0,0.0,0.0,0.0,0.0,0.0,0.0,0.0
2026-07-24 12:00:00,EP072026,7,2026-07-25 06:00:00,0 days 18:00:00,18,10.27,-102.85,1001.6,51.4,58.928152745301645,123.77089128441251,96.80618812343846,80.9306265478208,115.90539955662348,58.928152745301645,0.0,0.0,0.0,0.0,0.0,0.0,0.0
2026-07-24 12:00:00,EP072026,7,2026-07-25 12:00:00,1 days 00:00:00,24,10.65,-103.91,1000.6,53.1,74.11756015794577,197.26911273219852,166.07069861606612,122.19720866944824,164.32469402194988,74.11756015794577,35.18827647166962,23.890206241805743,31.52472392849612,0.0,0.0,0.0,0.0
2026-07-24 12:00:00,EP072026,7,2026-07-25 18:00:00,1 days 06:00:00,30,11.34,-104.96,999.7,50.6,99.31999715951996,182.84894832958528,142.14506248430098,83.69279650443877,136.60043676906344,99.31999715951996,21.26163765037529,11.48609293165373,18.261337146316578,0.0,0.0,0.0,0.0
2026-07-24 12:00:00,EP072026,7,2026-07-26 00:00:00,1 days 12:00:00,36,12.1,-106.21,988.4,66.1,41.39982213334425,157.25137505974686,139.33880272742655,77.02344220282922,118.99087171620592,82.38880772875808,61.38496961022153,35.52109175977863,57.62180391737701,41.39982213334425,5.089330314895609,2.1157103663951387,5.4188557004388285
2026-07-24 12:00:00,EP072026,7,2026-07-26 06:00:00,1 days 18:00:00,42,12.79,-107.25,986.5,71.9,19.08603653248725,160.93174777801087,132.31065153747448,69.2338814311713,126.51323875736774,50.06468891277744,36.35125754779418,20.21827630479903,33.91786618993885,19.08603653248725,0.0,0.0,0.0
2026-07-24 12:00:00,EP072026,7,2026-07-26 12:00:00,2 days 00:00:00,48,13.16,-108.49,978.8,87.2,22.6945185655424,213.9116395187156,194.6196687117421,102.9095895202745,153.41317565693618,85.75712688844513,65.1820681124382,39.04262521795194,60.50804361049123,27.316439144025104,22.252303387847554,15.753321077266085,21.45629665723503
2026-07-24 12:00:00,EP072026,7,2026-07-26 18:00:00,2 days 06:00:00,54,13.8,-109.69,962.5,99.4,22.029483787632017,242.8883179773118,201.70165869135317,122.63173567556392,205.2153043086346,123.7608646210937,93.65459393201368,64.93627335460039,97.01821333926856,48.85150552251795,40.22137471963043,32.14738865967951,41.80995498580139
2026-07-24 12:00:00,EP072026,7,2026-07-27 00:00:00,2 days 12:00:00,60,14.26,-110.7,962.5,106.0,16.60540732829791,285.11919700035287,224.9369330647964,128.50665891980452,225.8940722752148,107.38900147716026,77.58255004521287,48.28311028443871,77.20597510867537,32.00871248707168,24.552310511508303,16.43824902991526,25.443914532167803
2026-07-24 12:00:00,EP072026,7,2026-07-27 06:00:00,2 days 18:00:00,66,14.94,-111.89,978.2,79.1,32.67833508329615,278.2614844004023,230.50169546054525,156.91615855172006,226.37214627247857,133.45197744342494,107.2548538700126,75.72644553450479,107.55800642150729,52.36865351001612,45.58637912075956,34.92812527318422,43.80504771187784
2026-07-24 12:00:00,EP072026,7,2026-07-27 12:00:00,3 days 00:00:00,72,15.31,-112.86,962.7,103.2,7.810329784020723,250.87857014666224,203.7300506900792,116.48721538544125,202.02645332392424,101.41643592923356,71.1168673048669,43.56677868234328,71.48477877638288,24.574856125471342,17.45101459592661,11.53554609453886,20.07465800708178
2026-07-24 12:00:00,EP072026,7,2026-07-27 18:00:00,3 days 06:00:00,78,16.07,-113.87,964.4,101.0,22.500289219136675,285.0277683254644,222.72424958034804,132.47681784092532,234.48202683236627,104.0420305077582,75.36701141458457,49.47963671715433,75.26605381521047,22.500289219136675,14.123786224517469,9.478620069685212,17.027587190917163
2026-07-24 12:00:00,EP072026,7,2026-07-28 00:00:00,3 days 12:00:00,84,16.47,-114.44,960.6,100.8,22.36316834658363,211.6058701845649,184.28110811798223,130.70227593555592,196.66596022395584,63.543007060905694,37.468047315352905,22.30952466604277,46.22161123319236,22.36316834658363,9.649466775023743,8.374402149307372,14.930182662014792
2026-07-24 12:00:00,EP072026,7,2026-07-28 06:00:00,3 days 18:00:00,90,16.88,-115.19,966.5,93.7,37.43702522617161,226.2366884848642,177.78570157656975,129.72918309853526,188.65435837589268,121.11179856059827,90.05082005030035,64.42176084684672,100.51739238399172,58.80146656727747,49.16197321870011,38.22137175417155,49.01987040652342
2026-07-24 12:00:00,EP072026,7,2026-07-28 12:00:00,4 days 00:00:00,96,17.43,-116.19,947.3,122.4,7.946341007039205,156.26251086534324,113.02503627543312,93.12316404809712,139.7654822275128,73.92511988267246,55.110314491148685,42.38164732067263,59.495731731154045,41.906514820090166,33.43112247085021,28.56909677387579,38.06282453752893
2026-07-24 12:00:00,EP072026,7,2026-07-28 18:00:00,4 days 06:00:00,102,17.97,-116.83,992.1,65.9,47.28014883476874,276.5831579488449,231.08329096928583,172.41116134389858,240.87792036531937,90.35315631806476,68.2911408254015,48.86988854810588,63.669163274852735,47.28014883476874,0.0,0.0,1.065465189056944
2026-07-24 12:00:00,EP072026,7,2026-07-29 00:00:00,4 days 12:00:00,108,18.31,-117.31,984.7,66.2,35.97288837728332,150.51506873865176,132.82558908075924,92.62094577796034,126.18925293262296,35.97288837728332,10.83708447145313,5.251411683307078,13.939162018588366,35.97288837728332,0.0,0.0,0.0
2026-07-24 12:00:00,EP072026,7,2026-07-29 06:00:00,4 days 18:00:00,114,18.79,-118.21,989.3,60.0,55.813625085555714,171.6033757876125,150.2942869153625,111.27894853904856,147.09736980040407,71.0344769900888,55.80907213799758,38.76899188310195,54.07331657039282,0.0,0.0,0.0,0.0
2026-07-24 12:00:00,EP072026,7,2026-07-29 12:00:00,5 days 00:00:00,120,18.84,-118.65,985.2,63.0,56.66972089911195,208.790784202208,180.10365471838168,131.3448539545035,176.66317901737307,56.66972089911195,4.693083066563759,0.6523208613923543,9.20226134103156,0.0,0.0,0.0,0.0
2026-07-24 12:00:00,EP072026,7,2026-07-29 18:00:00,5 days 06:00:00,126,19.07,-119.52,992.0,56.6,65.80396567350152,229.01576056280172,191.6173190233613,140.25777340283773,195.3796401140365,65.80396567350152,47.26138476527533,31.270008094448503,42.65425441489836,0.0,0.0,0.0,0.0
2026-07-24 12:00:00,EP072026,7,2026-07-30 00:00:00,5 days 12:00:00,132,19.4,-120.57,988.2,61.8,44.372786352527925,192.547633794438,164.8730569197375,117.12601055236892,154.42082091316735,44.372786352527925,0.0,0.0,3.2577284880497803,0.0,0.0,0.0,0.0
2026-07-24 12:00:00,EP072026,7,2026-07-30 06:00:00,5 days 18:00:00,138,19.73,-121.93,999.4,50.0,43.33509981822898,231.3310904066539,185.0119601410756,141.0858621246445,192.93520774852905,43.33509981822898,7.400712101398775,3.9892950419092257,10.403369866048012,0.0,0.0,0.0,0.0
2026-07-24 12:00:00,EP072026,7,2026-07-30 12:00:00,6 days 00:00:00,144,19.93,-122.83,995.2,52.9,104.3329751242556,237.42485730903385,198.743822765308,136.89619682717736,183.9476863431466,104.3329751242556,0.0,0.0,6.496566032435278,0.0,0.0,0.0,0.0
2026-07-24 12:00:00,EP072026,7,2026-07-30 18:00:00,6 days 06:00:00,150,20.26,-123.92,996.4,51.8,61.65566465357855,269.20481294175744,208.6228015816154,165.03395450408516,231.9022910139316,116.3514516658957,89.99057631493473,61.98174956699489,88.35750885758762,0.0,0.0,0.0,0.0
2026-07-24 12:00:00,EP072026,7,2026-07-31 00:00:00,6 days 12:00:00,156,20.78,-124.91,999.0,50.5,85.01278732510208,207.5269037245325,174.1870424347374,130.60883691682758,179.27544610368875,85.01278732510208,2.197717373577804,0.0,7.988081153445219,0.0,0.0,0.0,0.0
2026-07-24 12:00:00,EP072026,7,2026-07-31 06:00:00,6 days 18:00:00,162,21.17,-125.84,998.7,46.9,69.18700318006148,156.47115224954368,133.632510379388,106.3166490817141,142.12348412196496,0.0,0.0,0.0,0.0,0.0,0.0,0.0,0.0
2026-07-24 12:00:00,EP072026,7,2026-07-31 12:00:00,7 days 00:00:00,168,21.29,-126.78,1004.9,41.6,29.63664416385444,163.97118792000038,123.90953032917643,98.61936254638292,146.72496980097716,0.0,0.0,0.0,0.0,0.0,0.0,0.0,0.0
2026-07-24 12:00:00,EP072026,7,2026-07-31 18:00:00,7 days 06:00:00,174,21.55,-127.94,1005.1,38.0,88.43108343286758,88.43108343286758,54.9316965544638,30.45621654835503,52.33621652840256,0.0,0.0,0.0,0.0,0.0,0.0,0.0,0.0
2026-07-24 12:00:00,EP072026,7,2026-08-01 00:00:00,7 days 12:00:00,180,21.92,-128.7,1002.4,42.0,83.91031278671585,200.43775673660093,146.61552128207404,101.01109648867936,159.97193104628315,0.0,0.0,0.0,0.0,0.0,0.0,0.0,0.0
2026-07-24 12:00:00,EP072026,7,2026-08-01 06:00:00,7 days 18:00:00,186,22.01,-130.17,1001.8,41.5,63.31841725767614,63.31841725767614,20.33119395439395,4.883503161389811,28.675365774931848,0.0,0.0,0.0,0.0,0.0,0.0,0.0,0.0
2026-07-24 12:00:00,EP072026,7,2026-08-01 12:00:00,8 days 00:00:00,192,22.37,-131.44,1006.8,38.8,109.60928562877444,109.60928562877444,31.467124044046408,3.270578496332477,36.452833282573344,0.0,0.0,0.0,0.0,0.0,0.0,0.0,0.0
2026-07-24 12:00:00,EP072026,7,2026-08-01 18:00:00,8 days 06:00:00,198,22.85,-132.85,1003.3,35.2,45.25647323391391,45.25647323391391,0.0,0.0,14.957611045628028,0.0,0.0,0.0,0.0,0.0,0.0,0.0,0.0
2026-07-24 12:00:00,EP072026,7,2026-08-02 00:00:00,8 days 12:00:00,204,22.96,-134.27,1007.8,32.8,52.30549141966736,0.0,0.0,0.0,0.0,0.0,0.0,0.0,0.0,0.0,0.0,0.0,0.0
2026-07-24 12:00:00,EP072026,7,2026-08-02 06:00:00,8 days 18:00:00,210,23.42,-135.71,1006.8,33.5,64.75293449843201,0.0,0.0,0.0,0.0,0.0,0.0,0.0,0.0,0.0,0.0,0.0,0.0
2026-07-24 12:00:00,EP072026,7,2026-08-02 12:00:00,9 days 00:00:00,216,23.68,-137.24,1009.0,29.0,60.85952190080703,0.0,0.0,0.0,0.0,0.0,0.0,0.0,0.0,0.0,0.0,0.0,0.0
2026-07-24 12:00:00,EP072026,7,2026-08-02 18:00:00,9 days 06:00:00,222,23.45,-138.84,1007.3,29.3,52.37121041587737,0.0,0.0,0.0,0.0,0.0,0.0,0.0,0.0,0.0,0.0,0.0,0.0
2026-07-24 12:00:00,EP072026,7,2026-08-03 00:00:00,9 days 12:00:00,228,23.63,-139.99,1008.0,31.2,67.46633749224918,0.0,0.0,0.0,0.0,0.0,0.0,0.0,0.0,0.0,0.0,0.0,0.0
2026-07-24 12:00:00,WP112026,7,2026-07-24 12:00:00,0 days 00:00:00,0,19.7,120.4,991.0,60.0,37.0,139.0,93.0,84.0,139.0,,,,,0.0,0.0,0.0,0.0
2026-07-24 12:00:00,WP112026,7,2026-07-24 18:00:00,0 days 06:00:00,6,20.07,119.17,985.8,64.4,0.2006348895539282,225.8338938505608,205.48429336040084,175.02966536478544,205.6726441236777,93.4272241346057,75.67243416786481,57.3715000132612,71.70786390510078,3.986473225663766,2.0780639064977464,1.0474681196336817,3.347971004102151
2026-07-24 12:00:00,WP112026,7,2026-07-25 00:00:00,0 days 12:00:00,12,20.64,118.01,977.2,72.0,21.40619369105518,272.5575221119035,253.57005230390956,210.58457369886088,236.1643551055525,111.9044952634368,99.99785080537268,78.67810715778172,92.2751725609198,21.40619369105518,8.495954433504473,6.239633704369853,8.117956712320687
2026-07-24 12:00:00,WP112026,7,2026-07-25 06:00:00,0 days 18:00:00,18,21.29,117.06,974.5,77.6,54.52454067126788,231.01847312792404,199.55163014074407,164.2341607105441,183.70563163530343,112.90548893095792,100.02492692968906,79.9463049110287,99.25252684196325,64.39574023985276,59.593402763509694,48.33904339777173,55.27837925347603
2026-07-24 12:00:00,WP112026,7,2026-07-25 12:00:00,1 days 00:00:00,24,21.8,116.12,960.4,96.8,31.493628543424165,251.77932535402124,209.9965376866487,168.8751088876636,201.8193150471616,116.50738932612,100.3446848558878,78.45373566192256,102.62520373924804,76.577281403808,69.20515202136409,57.445762539528346,66.8389778300172
2026-07-24 12:00:00,WP112026,7,2026-07-25 18:00:00,1 days 06:00:00,30,22.56,115.34,965.3,92.1,23.324489781487628,243.03754947799365,221.45395314305603,185.4547155123004,216.25134568702856,120.36060120434988,99.29800928999992,75.78671303006867,100.40311375690445,81.27915114513735,71.42190842433149,59.23634856622972,70.31689460711488
2026-07-24 12:00:00,WP112026,7,2026-07-26 00:00:00,1 days 12:00:00,36,23.48,114.56,971.6,66.6,33.54970209285068,267.2735756891575,231.75166416972388,175.34770587374896,222.57970548386768,125.82193975185236,111.18634915116922,85.79866313583034,106.34998261843452,34.373542359210774,30.046657647908543,23.843033708076234,27.60757935197961
2026-07-24 12:00:00,WP112026,7,2026-07-26 06:00:00,1 days 18:00:00,42,24.05,114.37,981.5,48.5,16.640919327006714,113.91520249440548,119.7770328604658,96.02508882939792,94.43348980697158,0.0,0.0,0.0,0.0,0.0,0.0,0.0,0.0
2026-07-24 12:00:00,WP112026,7,2026-07-26 12:00:00,2 days 00:00:00,48,24.59,114.21,993.6,26.6,56.24621471276511,0.0,0.0,0.0,0.0,0.0,0.0,0.0,0.0,0.0,0.0,0.0,0.0
2026-07-24 12:00:00,WP112026,7,2026-07-26 18:00:00,2 days 06:00:00,54,25.68,114.24,998.8,23.4,95.91106817293029,0.0,0.0,0.0,0.0,0.0,0.0,0.0,0.0,0.0,0.0,0.0,0.0
2026-07-24 12:00:00,WP112026,7,2026-07-27 00:00:00,2 days 12:00:00,60,27.14,113.27,1000.0,23.2,33.84075209945414,0.0,0.0,0.0,0.0,0.0,0.0,0.0,0.0,0.0,0.0,0.0,0.0
2026-07-24 12:00:00,WP112026,7,2026-07-27 06:00:00,2 days 18:00:00,66,27.65,112.81,997.7,26.4,54.66564633839431,0.0,0.0,0.0,0.0,0.0,0.0,0.0,0.0,0.0,0.0,0.0,0.0
2026-07-24 12:00:00,WP112026,7,2026-07-27 12:00:00,3 days 00:00:00,72,28.18,112.65,1004.0,15.9,114.86939798236418,0.0,0.0,0.0,0.0,0.0,0.0,0.0,0.0,0.0,0.0,0.0,0.0
2026-07-24 12:00:00,EP062026,8,2026-07-24 12:00:00,0 days 00:00:00,0,18.5,-130.6,970.0,89.0,37.0,297.0,185.0,111.0,297.0,148.0,74.0,56.0,111.0,74.0,37.0,28.0,56.0
2026-07-24 12:00:00,EP062026,8,2026-07-24 18:00:00,0 days 06:00:00,6,18.77,-131.89,980.1,77.2,59.89193391289103,260.3350840019124,203.34057375393425,174.04086810508537,225.55815519118244,117.39665526327671,101.46406569914124,79.2745806793193,100.19170621350833,59.89193391289103,50.22702425495992,39.48323295673588,49.5325683420634
2026-07-24 12:00:00,EP062026,8,2026-07-25 00:00:00,0 days 12:00:00,12,18.97,-133.36,980.2,74.9,25.244490220995942,208.15979957711392,168.0304770677833,127.89065138076803,178.1768688502509,86.48602669585074,70.40720829677,47.266235888716494,72.0641231981524,40.543183681757725,32.56071248020372,22.74800485712809,33.30060547565736
2026-07-24 12:00:00,EP062026,8,2026-07-25 06:00:00,0 days 18:00:00,18,18.75,-134.29,976.3,85.7,34.37884971260803,212.2644309295688,155.76891601895704,153.62412566831972,197.36130664983057,90.63539906455073,75.39876745068136,59.68305580447691,79.55033943773628,44.74060299213716,37.32369065562386,30.555317085948843,37.46107988184031
2026-07-24 12:00:00,EP062026,8,2026-07-25 12:00:00,1 days 00:00:00,24,19.22,-135.5,980.9,75.5,42.47390874987792,213.7780634224316,163.9598741479238,120.62676218382784,191.791362357861,113.76205447230832,88.27434750521921,64.34743836756019,93.8791781666422,54.34792515072783,43.77377474148124,33.667939656250546,46.61674210799587
2026-07-24 12:00:00,EP062026,8,2026-07-25 18:00:00,1 days 06:00:00,30,19.35,-137.08,985.5,69.2,67.53407758564873,198.03934444937693,160.47984435613046,132.99770705087954,170.88391858958835,101.25954862527482,86.11711529631935,65.89158021018099,86.46941403206174,67.53407758564873,41.396889518655655,31.670145577250047,41.064937072511725
2026-07-24 12:00:00,EP062026,8,2026-07-26 00:00:00,1 days 12:00:00,36,19.62,-138.06,981.1,72.2,41.64395383161952,277.3889843823201,227.15952881212945,185.77580564567333,253.42966777226445,115.30421492927638,96.13953465298124,73.5564755427709,98.41230244900068,56.84668298521915,47.97305354314706,37.96933549568698,48.619057971867306
2026-07-24 12:00:00,EP062026,8,2026-07-26 06:00:00,1 days 18:00:00,42,19.73,-139.22,990.1,62.7,64.65141782253104,217.23318330186424,160.4660624901006,137.9238553505985,188.551450822596,92.02895159715504,71.97168028716484,49.6479033246531,78.76612915236893,0.0,0.0,0.0,0.0
2026-07-24 12:00:00,EP062026,8,2026-07-26 12:00:00,2 days 00:00:00,48,19.69,-140.52,987.9,64.7,44.96302165468239,175.2832303403269,117.96303417281106,94.26980707557618,158.67342694456198,83.86613383084894,65.91363044807073,46.52881243257859,68.75304781265201,44.96302165468239,29.215314906287503,21.889076364279997,30.132865129523804
2026-07-24 12:00:00,EP062026,8,2026-07-26 18:00:00,2 days 06:00:00,54,19.9,-141.59,993.6,59.1,42.22867215091446,194.03190391083265,155.85673596902234,115.63362198644336,164.5995566133115,61.17567007148,54.70403727216035,42.17312310794705,49.13746602410038,0.0,0.0,0.0,0.0
2026-07-24 12:00:00,EP062026,8,2026-07-27 00:00:00,2 days 12:00:00,60,20.08,-142.95,997.5,56.0,63.58755975887776,218.58612657940432,192.3889423969352,146.45161298144788,192.94921252167725,63.58755975887776,19.230634411737068,13.880532384816089,18.007342574720926,0.0,0.0,0.0,0.0
2026-07-24 12:00:00,EP062026,8,2026-07-27 06:00:00,2 days 18:00:00,66,19.97,-144.28,999.9,49.7,61.77450126485133,270.25837731429186,231.03768469810532,180.814685595498,232.8215278822336,0.0,0.0,0.0,0.0,0.0,0.0,0.0,0.0
2026-07-24 12:00:00,EP062026,8,2026-07-27 12:00:00,3 days 00:00:00,72,20.27,-145.66,1000.5,50.1,101.54841072652664,226.93906165332308,189.92047023898692,142.74390860002694,186.91805241567235,101.54841072652664,0.487666562278628,0.0,1.4012528784008471,0.0,0.0,0.0,0.0
2026-07-24 12:00:00,EP062026,8,2026-07-27 18:00:00,3 days 06:00:00,78,20.51,-147.16,997.1,51.4,78.52044508710321,154.1892146952307,117.56101145860856,87.0673804783737,118.7262399611314,78.52044508710321,0.0,0.0,0.0,0.0,0.0,0.0,0.0
2026-07-24 12:00:00,EP062026,8,2026-07-28 00:00:00,3 days 12:00:00,84,20.81,-148.69,999.1,51.0,102.63237572412254,238.2238638249611,197.5865331225137,155.8452261791905,193.62522384301565,102.63237572412254,0.0,0.0,0.0,0.0,0.0,0.0,0.0
2026-07-24 12:00:00,EP062026,8,2026-07-28 06:00:00,3 days 18:00:00,90,20.87,-150.42,1002.6,48.0,127.70183388824506,162.0029369430661,135.73616954766717,104.83876235273551,129.8776221461422,0.0,0.0,0.0,0.0,0.0,0.0,0.0,0.0
2026-07-24 12:00:00,EP062026,8,2026-07-28 12:00:00,4 days 00:00:00,96,20.84,-151.51,1006.8,38.2,94.09208370130416,175.07715949166993,145.85770976433784,112.88371213497788,142.53679654495852,0.0,0.0,0.0,0.0,0.0,0.0,0.0,0.0
2026-07-24 12:00:00,EP062026,8,2026-07-28 18:00:00,4 days 06:00:00,102,21.05,-153.44,1003.6,45.2,130.07526987638124,130.07526987638124,49.30048178163658,37.70959855293416,49.21250862297424,0.0,0.0,0.0,0.0,0.0,0.0,0.0,0.0
2026-07-24 12:00:00,EP062026,8,2026-07-29 00:00:00,4 days 12:00:00,108,21.12,-154.52,1006.0,35.3,46.67464355101595,1.1636672479259005,0.0,0.0,46.67464355101595,0.0,0.0,0.0,0.0,0.0,0.0,0.0,0.0
2026-07-24 12:00:00,EP062026,8,2026-07-29 06:00:00,4 days 18:00:00,114,21.19,-155.76,1009.3,27.1,152.5391570926386,0.0,0.0,0.0,0.0,0.0,0.0,0.0,0.0,0.0,0.0,0.0,0.0
2026-07-24 12:00:00,EP062026,8,2026-07-29 12:00:00,5 days 00:00:00,120,21.16,-157.58,1008.3,24.4,116.42701416678212,0.0,0.0,0.0,0.0,0.0,0.0,0.0,0.0,0.0,0.0,0.0,0.0
2026-07-24 12:00:00,EP072026,8,2026-07-24 12:00:00,0 days 00:00:00,0,8.9,-99.9,1005.0,29.0,93.0,0.0,0.0,0.0,0.0,0.0,0.0,0.0,0.0,0.0,0.0,0.0,0.0
2026-07-24 12:00:00,EP072026,8,2026-07-24 18:00:00,0 days 06:00:00,6,8.79,-100.53,1004.8,29.8,74.70173431582366,0.0,0.0,0.0,0.0,0.0,0.0,0.0,0.0,0.0,0.0,0.0,0.0
2026-07-24 12:00:00,EP072026,8,2026-07-25 00:00:00,0 days 12:00:00,12,9.6,-101.88,1004.8,32.6,61.72309039272807,0.0,0.0,0.0,0.0,0.0,0.0,0.0,0.0,0.0,0.0,0.0,0.0
2026-07-24 12:00:00,EP072026,8,2026-07-25 06:00:00,0 days 18:00:00,18,10.05,-102.54,998.9,40.9,42.622877013139686,50.491428245870814,40.535974319089576,33.603009667319434,40.67239245962798,0.0,0.0,0.0,0.0,0.0,0.0,0.0,0.0
2026-07-24 12:00:00,EP072026,8,2026-07-25 12:00:00,1 days 00:00:00,24,10.71,-103.94,1003.5,47.7,94.0091260784751,142.80598772278506,114.02197850239304,76.73329968802979,109.30756067462892,0.0,0.0,0.0,0.0,0.0,0.0,0.0,0.0
2026-07-24 12:00:00,EP072026,8,2026-07-25 18:00:00,1 days 06:00:00,30,11.6,-105.28,998.9,53.5,80.8295827671642,187.16486153862047,158.52570393259847,110.05821852948569,146.8171034970218,80.8295827671642,0.737614755245886,0.0,1.127798521553764,0.0,0.0,0.0,0.0
2026-07-24 12:00:00,EP072026,8,2026-07-26 00:00:00,1 days 12:00:00,36,12.08,-106.41,986.1,70.4,23.09879756854374,156.95963773807108,124.5298894855638,74.90623986718003,120.43993021513714,70.15136017651903,54.25034860031837,35.39609302670084,54.83999359036574,29.54387836756959,22.77384698594209,15.215636857753925,23.18661411624719
2026-07-24 12:00:00,EP072026,8,2026-07-26 06:00:00,1 days 18:00:00,42,12.54,-107.76,991.4,65.3,65.82345502494829,211.2937628188913,161.9801284713263,106.91558214667118,171.228095704593,67.65109672043847,50.32317598348219,29.72950404131672,52.80923825396668,65.82345502494829,19.14927272969984,11.544406470766196,19.81687573959801
2026-07-24 12:00:00,EP072026,8,2026-07-26 12:00:00,2 days 00:00:00,48,12.77,-108.89,981.8,74.7,71.2606687607401,208.84995379897205,153.25415762121418,117.78141809671033,177.30918165140778,106.239117556895,85.12298324856854,62.3069108151768,89.0176473652082,71.2606687607401,40.54166481943617,30.121500211610496,40.49285517796389
2026-07-24 12:00:00,EP072026,8,2026-07-26 18:00:00,2 days 06:00:00,54,13.44,-110.01,989.5,65.8,47.50858627001419,350.34577398176407,282.076002011454,212.81021916622257,293.0756325031671,69.82133890359148,52.48268842579496,30.400425229163123,51.26009176355753,47.50858627001419,20.06880433626118,12.274756583921269,19.829439689418088
2026-07-24 12:00:00,EP072026,8,2026-07-27 00:00:00,2 days 12:00:00,60,13.78,-111.1,982.1,81.0,13.12337318973994,230.99071673242668,184.5362689205265,138.2555413966823,196.6693997536709,114.37327516165186,95.2456992547156,69.52147907466079,95.1973872362104,54.09145381628852,46.59773351227488,34.565257937114886,45.38881037046214
2026-07-24 12:00:00,EP072026,8,2026-07-27 06:00:00,2 days 18:00:00,66,14.6,-112.62,969.7,93.2,8.915047286769331,229.30742374097892,189.44650131157923,119.4593097641334,177.66122825823578,106.4552954139578,86.80498268673767,61.006845641346615,87.0960026547321,50.79327812116279,42.13855951540268,31.584310638099133,42.74003695714229
2026-07-24 12:00:00,EP072026,8,2026-07-27 12:00:00,3 days 00:00:00,72,14.89,-113.61,966.8,91.7,30.372301264240605,226.9552765380465,184.0308544512864,128.18064346067672,202.0035297736822,118.6831385253115,96.3564470250974,71.85139514964607,99.7567554316065,58.84080657813973,49.787508903336914,38.83180102829397,50.44235962441565
2026-07-24 12:00:00,EP072026,8,2026-07-27 18:00:00,3 days 06:00:00,78,15.48,-114.35,958.9,99.8,41.11849549302425,255.99851256177675,215.9478964736936,149.5607532459258,208.25408654154225,109.00094401466028,88.80609441324943,63.62051608433311,91.30413450999616,54.13899671170517,45.777829714900925,35.32908892106913,46.302763685324
2026-07-24 12:00:00,EP072026,8,2026-07-28 00:00:00,3 days 12:00:00,84,16.24,-115.12,945.5,121.8,0.0,190.02842939024325,174.75637282808253,135.84357515976433,175.60147250116444,100.46082034128514,80.09207681008569,62.908107524962425,88.42715027003015,49.47370677534519,42.70608035265161,33.02387024193682,42.75571896024939
2026-07-24 12:00:00,EP072026,8,2026-07-28 06:00:00,3 days 18:00:00,90,16.78,-116.07,977.2,78.4,50.36310392422425,306.5100818753596,259.3129015527277,194.05981339752952,249.34726913552072,115.39189395366115,96.7951262559589,70.14801465980119,95.51335166546338,54.30139466596982,46.61821280584411,34.88322930707196,45.70753792211849
2026-07-24 12:00:00,EP072026,8,2026-07-28 12:00:00,4 days 00:00:00,96,17.23,-117.17,961.4,104.1,29.49530894553344,283.1775086710812,228.77707049097023,180.9133610352841,234.8897643979555,140.95629031043416,126.06019207848236,95.81504479266864,119.09847432312492,71.95346855717159,63.21334083188473,50.078070765662936,61.73880717005287
2026-07-24 12:00:00,EP072026,8,2026-07-28 18:00:00,4 days 06:00:00,102,17.6,-118.36,967.5,99.8,46.664485734406064,293.79184572514595,258.10774399042765,215.11870868100505,259.1483940696859,109.64979762344603,92.79739298620322,72.55512105375482,98.606624517601,56.77641014725364,48.62696276404476,37.11140916205475,48.333420244407606
2026-07-24 12:00:00,EP072026,8,2026-07-29 00:00:00,4 days 12:00:00,108,17.6,-119.24,983.8,67.2,37.484366083227,234.79253790019715,204.50311799275823,145.53704309753505,209.54848943757008,37.484366083227,23.56639461316013,10.957409521430666,24.430194024000144,37.484366083227,1.0380732355610176,0.0,2.070041732208648
2026-07-24 12:00:00,EP072026,8,2026-07-29 06:00:00,4 days 18:00:00,114,17.79,-120.2,986.8,67.1,55.09729757203274,189.05411837690065,154.1038110423035,122.29760271060304,159.625508153576,67.45519898570583,62.78425790339372,49.977879883542414,57.23953037270604,55.09729757203274,0.0,0.0,0.6743730641093499
2026-07-24 12:00:00,EP072026,8,2026-07-29 12:00:00,5 days 00:00:00,120,18.08,-121.52,992.0,56.0,77.64099471537733,263.71535133166554,224.65024519328423,169.21728744918775,217.1830506590385,97.68517078805188,88.37449675868451,73.06735356400972,80.25449614016455,0.0,0.0,0.0,0.0
2026-07-24 12:00:00,EP072026,8,2026-07-29 18:00:00,5 days 06:00:00,126,18.36,-122.94,995.0,55.1,115.3965084683536,327.3380945702627,293.7433909968199,241.8807342460882,275.8621349463517,115.3965084683536,47.08196873535864,38.842940253641984,42.82524041935446,0.0,0.0,0.0,0.0
2026-07-24 12:00:00,EP072026,8,2026-07-30 00:00:00,5 days 12:00:00,132,18.83,-123.9,991.6,59.7,30.31007823172115,249.7228345563285,232.99564222730487,177.85836455828758,210.8414844467552,71.04210795774196,67.56046097693286,56.89345857259752,59.3637439754134,0.0,0.0,0.0,0.0
2026-07-24 12:00:00,EP072026,8,2026-07-30 06:00:00,5 days 18:00:00,138,19.22,-125.28,996.7,53.4,120.28183420473287,222.8598393823214,180.2670229032052,140.65444105362474,182.42278760278623,120.28183420473287,1.6965801612579252,0.0,1.685461858398364,0.0,0.0,0.0,0.0
2026-07-24 12:00:00,EP072026,8,2026-07-30 12:00:00,6 days 00:00:00,144,19.84,-126.35,999.3,42.3,53.73435172136567,217.93491400787127,181.0359760473008,139.42239205628402,187.68873605227475,0.0,0.0,0.0,0.0,0.0,0.0,0.0,0.0
2026-07-24 12:00:00,EP072026,8,2026-07-30 18:00:00,6 days 06:00:00,150,19.85,-127.71,1001.8,44.7,42.91877409229141,63.56991749660392,51.10417345876408,42.56953240164444,56.69115628730333,0.0,0.0,0.0,0.0,0.0,0.0,0.0,0.0
2026-07-24 12:00:00,EP072026,8,2026-07-31 00:00:00,6 days 12:00:00,156,20.19,-128.81,999.7,46.8,108.06664574973088,187.83892120499723,158.93486493340927,120.8631189799542,158.2033599077747,0.0,0.0,0.0,0.0,0.0,0.0,0.0,0.0
2026-07-24 12:00:00,EP072026,8,2026-07-31 06:00:00,6 days 18:00:00,162,20.35,-130.16,1001.8,43.3,87.60033768918092,120.56178650069114,91.61977104133376,76.92197872607983,102.11084857662856,0.0,0.0,0.0,0.0,0.0,0.0,0.0,0.0
2026-07-24 12:00:00,EP072026,8,2026-07-31 12:00:00,7 days 00:00:00,168,20.91,-131.48,1006.3,36.5,105.28181893150428,105.28181893150428,42.75551402670787,26.255303715476792,55.01277371468234,0.0,0.0,0.0,0.0,0.0,0.0,0.0,0.0
2026-07-24 12:00:00,EP072026,8,2026-07-31 18:00:00,7 days 06:00:00,174,21.53,-133.1,1004.7,36.1,61.05803763396781,78.5366474719857,50.88036308303361,34.71671761026532,59.33079976609661,0.0,0.0,0.0,0.0,0.0,0.0,0.0,0.0
2026-07-24 12:00:00,EP072026,8,2026-08-01 00:00:00,7 days 12:00:00,180,22.05,-134.65,1003.5,39.4,40.14051244572893,115.5424111534922,87.33956046586721,53.84925154207885,91.36660788950546,0.0,0.0,0.0,0.0,0.0,0.0,0.0,0.0
2026-07-24 12:00:00,EP072026,8,2026-08-01 06:00:00,7 days 18:00:00,186,22.54,-136.16,1003.1,37.4,80.12647147436596,80.12647147436596,11.2241948945528,6.16471213256478,22.8076173861135,0.0,0.0,0.0,0.0,0.0,0.0,0.0,0.0
2026-07-24 12:00:00,EP072026,8,2026-08-01 12:00:00,8 days 00:00:00,192,23.22,-137.68,1010.5,31.0,106.62760703696588,0.0,0.0,0.0,0.0,0.0,0.0,0.0,0.0,0.0,0.0,0.0,0.0
2026-07-24 12:00:00,EP072026,8,2026-08-01 18:00:00,8 days 06:00:00,198,23.82,-139.05,1008.0,30.1,121.8591038981134,0.0,0.0,0.0,0.0,0.0,0.0,0.0,0.0,0.0,0.0,0.0,0.0
2026-07-24 12:00:00,EP072026,8,2026-08-02 00:00:00,8 days 12:00:00,204,24.57,-140.52,1001.5,39.7,55.68744575573557,55.68744575573557,4.141308888008272,0.0,16.11961412584496,0.0,0.0,0.0,0.0,0.0,0.0,0.0,0.0
2026-07-24 12:00:00,EP072026,8,2026-08-02 06:00:00,8 days 18:00:00,210,24.89,-142.07,1004.9,38.1,121.83210871844231,121.83210871844231,30.19970010124901,27.23693852810465,36.93110087309432,0.0,0.0,0.0,0.0,0.0,0.0,0.0,0.0
2026-07-24 12:00:00,EP072026,8,2026-08-02 12:00:00,9 days 00:00:00,216,25.24,-143.58,1007.3,35.8,64.76136228301448,64.76136228301448,0.0,0.0,8.11970084737061,0.0,0.0,0.0,0.0,0.0,0.0,0.0,0.0
2026-07-24 12:00:00,EP072026,8,2026-08-02 18:00:00,9 days 06:00:00,222,25.94,-144.65,1007.5,33.5,55.2939703733668,0.0,0.0,0.0,0.0,0.0,0.0,0.0,0.0,0.0,0.0,0.0,0.0
2026-07-24 12:00:00,EP072026,8,2026-08-03 00:00:00,9 days 12:00:00,228,26.72,-146.34,1007.6,30.6,60.5585508177752,0.0,0.0,0.0,0.0,0.0,0.0,0.0,0.0,0.0,0.0,0.0,0.0
2026-07-24 12:00:00,WP112026,8,2026-07-24 12:00:00,0 days 00:00:00,0,19.7,120.4,991.0,60.0,37.0,139.0,93.0,84.0,139.0,,,,,0.0,0.0,0.0,0.0
2026-07-24 12:00:00,WP112026,8,2026-07-24 18:00:00,0 days 06:00:00,6,19.69,119.24,967.4,78.7,40.10000933978648,219.60150947992665,182.7930341709728,160.2300256969964,181.25259514940623,93.42136511978214,77.81545267120201,59.06541748644878,79.0596771545496,40.10000933978648,29.47140716774928,21.549114006358177,29.46852213153676
2026-07-24 12:00:00,WP112026,8,2026-07-25 00:00:00,0 days 12:00:00,12,20.29,118.01,960.9,93.4,2.78549948640972,241.30447751040265,193.53894952164345,149.5186321794215,206.5844506866997,123.51387426056976,104.83091614978366,78.05008396706944,105.9337985864712,62.18526985618939,53.33229176804946,42.39318085344968,52.93905914244465
2026-07-24 12:00:00,WP112026,8,2026-07-25 06:00:00,0 days 18:00:00,18,21.26,116.96,933.8,123.7,0.0,277.0693197190154,246.8353613679646,218.04321529058836,252.5385674298985,133.6866562609213,116.99415836672426,102.16582226653507,120.83073102308528,73.72601340553858,66.94487365397065,55.47361591857611,65.1274638180894
2026-07-24 12:00:00,WP112026,8,2026-07-25 12:00:00,1 days 00:00:00,24,21.89,115.86,945.1,109.2,1.1619951355283715,147.7960521442057,137.8837164428882,115.32800353003928,129.0262235072094,49.95654690549689,40.2423993836622,32.518679037043164,46.03732254545983,26.727782346430597,22.3647731418552,17.769728507159908,22.138229621062955
2026-07-24 12:00:00,WP112026,8,2026-07-25 18:00:00,1 days 06:00:00,30,22.62,114.96,945.6,101.9,14.039809090332351,114.496296902444,114.2698408297022,80.28101879578577,97.55599125552244,39.65379576134112,26.864621255881108,17.822442046467312,32.36288332030351,19.06708796083851,14.023641879549846,11.527039003036515,16.22399419920713
2026-07-24 12:00:00,WP112026,8,2026-07-26 00:00:00,1 days 12:00:00,36,23.26,114.45,965.6,68.4,28.787287200745723,86.64048378057049,83.18431402486007,76.44901378300574,78.27745733347408,28.787287200745723,0.0,0.0,28.787287200745723,28.787287200745723,0.0,0.0,0.0
2026-07-24 12:00:00,WP112026,8,2026-07-26 06:00:00,1 days 18:00:00,42,23.79,113.72,991.0,44.3,64.09145824794145,104.97924823674728,94.2231509426829,77.85362774154389,83.86145070163853,0.0,0.0,0.0,0.0,0.0,0.0,0.0,0.0
2026-07-24 12:00:00,WP112026,8,2026-07-26 12:00:00,2 days 00:00:00,48,24.16,113.25,995.7,31.2,61.37093571504612,0.0,0.0,0.0,0.0,0.0,0.0,0.0,0.0,0.0,0.0,0.0,0.0
2026-07-24 12:00:00,WP112026,8,2026-07-26 18:00:00,2 days 06:00:00,54,24.92,112.91,1002.5,25.8,82.31188230036798,0.0,0.0,0.0,0.0,0.0,0.0,0.0,0.0,0.0,0.0,0.0,0.0
2026-07-24 12:00:00,WP112026,8,2026-07-27 00:00:00,2 days 12:00:00,60,26.2,112.79,1000.9,20.4,99.7813206269927,0.0,0.0,0.0,0.0,0.0,0.0,0.0,0.0,0.0,0.0,0.0,0.0
2026-07-24 12:00:00,WP112026,8,2026-07-27 06:00:00,2 days 18:00:00,66,26.9,112.64,1000.7,20.7,28.504861876566338,0.0,0.0,0.0,0.0,0.0,0.0,0.0,0.0,0.0,0.0,0.0,0.0
2026-07-24 12:00:00,WP112026,8,2026-07-27 12:00:00,3 days 00:00:00,72,27.73,112.18,1005.2,14.7,134.09492208894386,0.0,0.0,0.0,0.0,0.0,0.0,0.0,0.0,0.0,0.0,0.0,0.0
2026-07-24 12:00:00,EP062026,9,2026-07-24 12:00:00,0 days 00:00:00,0,18.5,-130.6,970.0,89.0,37.0,297.0,185.0,111.0,297.0,148.0,74.0,56.0,111.0,74.0,37.0,28.0,56.0
2026-07-24 12:00:00,EP062026,9,2026-07-24 18:00:00,0 days 06:00:00,6,18.66,-131.73,979.4,75.6,44.57531205721583,207.6076745386943,169.19384762489156,140.7989568185135,194.46806354673643,103.4902756840051,75.93910485698012,57.69764609591918,86.40145146347109,44.57531205721583,30.89582946424057,23.686210770183767,32.568278143528914
2026-07-24 12:00:00,EP062026,9,2026-07-25 00:00:00,0 days 12:00:00,12,18.76,-133.38,979.2,75.2,43.49360864296132,260.3019807187478,196.31302981244852,132.42066243286737,212.9645603362341,117.95411675163832,89.705038824718,65.03232822575958,96.27452580033771,46.20117191541093,38.76788499640887,29.020678355203597,38.82800918384288
2026-07-24 12:00:00,EP062026,9,2026-07-25 06:00:00,0 days 18:00:00,18,19.09,-134.7,983.9,68.3,51.894162702546026,304.32096007757764,247.83446260974392,184.247231218131,257.2740857886665,105.66890889285048,82.68235222811364,56.853782732183646,85.60409009629478,51.894162702546026,17.25496122869439,12.146793962393945,18.79040496073592
2026-07-24 12:00:00,EP062026,9,2026-07-25 12:00:00,1 days 00:00:00,24,19.4,-135.52,985.6,66.5,34.230299595012575,254.16986324516185,201.9254187357716,150.205202274921,225.09107301789223,97.20314448837036,72.3935704530526,49.5473135120376,78.01566048765191,34.230299595012575,25.360202826974906,17.90350928459402,26.578903807534186
2026-07-24 12:00:00,EP062026,9,2026-07-25 18:00:00,1 days 06:00:00,30,19.36,-136.38,986.9,64.2,60.04301424101513,202.3610204781683,164.11913357060817,123.34439999950206,170.19525562684638,67.4250128846794,48.21454118858026,32.19708533517698,53.60986524966397,60.04301424101513,14.257400436001962,10.757884370625218,15.496948282477634
2026-07-24 12:00:00,EP062026,9,2026-07-26 00:00:00,1 days 12:00:00,36,19.39,-137.76,975.0,75.8,85.5242117470865,477.41193551318975,403.8951860495736,354.2698316563683,401.24134158329343,157.83966341310474,131.0327061968169,98.8377651123444,126.67017927174912,85.5242117470865,31.71818523699119,24.915040226158556,32.939541173045455
2026-07-24 12:00:00,EP062026,9,2026-07-26 06:00:00,1 days 18:00:00,42,19.72,-138.59,987.3,63.2,57.85841841121791,204.427894531132,160.95223325410188,117.99052744284546,164.18962208286666,57.85841841121791,22.209722238410382,12.085421560019372,23.969643807025133,0.0,0.0,0.0,0.0
2026-07-24 12:00:00,EP062026,9,2026-07-26 12:00:00,2 days 00:00:00,48,19.71,-139.72,997.2,47.6,36.280104451493344,150.04588286555418,104.11272266804554,71.73242813616002,108.97628978389253,0.0,0.0,0.0,0.0,0.0,0.0,0.0,0.0
2026-07-24 12:00:00,EP062026,9,2026-07-26 18:00:00,2 days 06:00:00,54,19.93,-141.03,995.2,54.5,41.39282798990924,199.43785923300103,162.0301319712865,121.56650771589452,152.03359589239022,41.39282798990924,18.454865273117896,9.663005990116275,16.703145537915823,0.0,0.0,0.0,0.0
2026-07-24 12:00:00,EP062026,9,2026-07-27 00:00:00,2 days 12:00:00,60,19.92,-141.82,995.8,56.6,89.95790889540092,326.89437462014826,268.4129875470689,213.8910102707065,275.3466398392328,111.47632255267314,87.36344784308986,63.81071178268165,89.42037873650222,0.0,0.0,0.0,0.0
2026-07-24 12:00:00,EP062026,9,2026-07-27 06:00:00,2 days 18:00:00,66,19.99,-143.46,997.9,54.8,38.19736920375531,173.16359949037877,129.26911021210285,85.07884364824872,136.8177429038319,38.19736920375531,10.106133239108049,3.3460339315529426,12.77952724588656,0.0,0.0,0.0,0.0
2026-07-24 12:00:00,EP062026,9,2026-07-27 12:00:00,3 days 00:00:00,72,20.23,-144.61,994.9,55.3,61.764553581249416,251.0702999846769,209.9530468692381,155.54359468127308,210.2095268742956,66.62925370161167,52.35466697685738,31.424387368901247,49.46373923878303,0.0,0.0,0.0,0.0
2026-07-24 12:00:00,EP062026,9,2026-07-27 18:00:00,3 days 06:00:00,78,20.47,-146.2,992.4,57.9,54.46781310501319,279.9197374479263,224.37806843576985,170.38165428938373,227.6350944177684,64.65383258859401,50.47602357824508,31.60378988197408,49.33256324602553,0.0,0.0,0.0,0.0
2026-07-24 12:00:00,EP062026,9,2026-07-28 00:00:00,3 days 12:00:00,84,20.83,-147.73,1002.4,46.2,63.05943205368676,87.63063555614781,51.94878353976013,38.39710759841495,65.81730525510312,0.0,0.0,0.0,0.0,0.0,0.0,0.0,0.0
2026-07-24 12:00:00,EP062026,9,2026-07-28 06:00:00,3 days 18:00:00,90,20.41,-149.33,1001.5,42.8,68.55259972817841,96.83432168744773,71.54432951395546,44.49625575522821,68.32323718117415,0.0,0.0,0.0,0.0,0.0,0.0,0.0,0.0
2026-07-24 12:00:00,EP062026,9,2026-07-28 12:00:00,4 days 00:00:00,96,20.48,-150.57,1005.8,35.6,94.69704386348936,94.69704386348936,46.75153831186282,22.403906485850005,49.02688726605299,0.0,0.0,0.0,0.0,0.0,0.0,0.0,0.0
2026-07-24 12:00:00,EP062026,9,2026-07-28 18:00:00,4 days 06:00:00,102,20.53,-152.05,1005.5,35.1,78.73371354995705,78.73371354995705,20.747635009266297,7.15070749885402,22.10331268177368,0.0,0.0,0.0,0.0,0.0,0.0,0.0,0.0
2026-07-24 12:00:00,EP062026,9,2026-07-29 00:00:00,4 days 12:00:00,108,20.47,-153.36,1005.7,36.4,74.0776174847748,84.27887692444355,64.2233275415417,44.98374448522842,64.79831600706709,0.0,0.0,0.0,0.0,0.0,0.0,0.0,0.0
2026-07-24 12:00:00,EP062026,9,2026-07-29 06:00:00,4 days 18:00:00,114,20.33,-153.97,1006.9,32.5,117.64564120102796,0.0,0.0,0.0,0.0,0.0,0.0,0.0,0.0,0.0,0.0,0.0,0.0
2026-07-24 12:00:00,EP062026,9,2026-07-29 12:00:00,5 days 00:00:00,120,20.4,-155.52,1009.1,25.0,164.68204680974372,0.0,0.0,0.0,0.0,0.0,0.0,0.0,0.0,0.0,0.0,0.0,0.0
2026-07-24 12:00:00,EP062026,9,2026-07-29 18:00:00,5 days 06:00:00,126,20.7,-157.36,1008.3,27.7,101.59315837653376,0.0,0.0,0.0,0.0,0.0,0.0,0.0,0.0,0.0,0.0,0.0,0.0
2026-07-24 12:00:00,EP062026,9,2026-07-30 00:00:00,5 days 12:00:00,132,20.91,-158.75,1008.0,26.2,108.58413044248852,0.0,0.0,0.0,0.0,0.0,0.0,0.0,0.0,0.0,0.0,0.0,0.0
2026-07-24 12:00:00,EP072026,9,2026-07-24 12:00:00,0 days 00:00:00,0,8.9,-99.9,1005.0,29.0,93.0,0.0,0.0,0.0,0.0,0.0,0.0,0.0,0.0,0.0,0.0,0.0,0.0
2026-07-24 12:00:00,EP072026,9,2026-07-24 18:00:00,0 days 06:00:00,6,8.93,-101.03,1003.5,39.8,99.7869202714032,99.7869202714032,0.0,0.0,0.0,0.0,0.0,0.0,0.0,0.0,0.0,0.0,0.0
2026-07-24 12:00:00,EP072026,9,2026-07-25 00:00:00,0 days 12:00:00,12,9.3,-101.84,1001.0,39.8,60.26897807350728,141.68843406982768,126.18087456651564,96.15614786944654,114.87018068221334,0.0,0.0,0.0,0.0,0.0,0.0,0.0,0.0
2026-07-24 12:00:00,EP072026,9,2026-07-25 06:00:00,0 days 18:00:00,18,10.43,-102.99,1005.7,33.5,75.61379144941179,0.0,0.0,0.0,0.0,0.0,0.0,0.0,0.0,0.0,0.0,0.0,0.0
2026-07-24 12:00:00,EP072026,9,2026-07-25 12:00:00,1 days 00:00:00,24,10.45,-104.02,1003.4,44.3,79.73600907864181,79.73600907864181,17.860900972073487,1.6202164360793687,23.10400871559251,0.0,0.0,0.0,0.0,0.0,0.0,0.0,0.0
2026-07-24 12:00:00,EP072026,9,2026-07-25 18:00:00,1 days 06:00:00,30,11.48,-105.22,1002.8,44.3,70.66514879926234,70.66514879926234,25.04733220880153,6.103912275886387,14.88929125556821,0.0,0.0,0.0,0.0,0.0,0.0,0.0,0.0
2026-07-24 12:00:00,EP072026,9,2026-07-26 00:00:00,1 days 12:00:00,36,11.45,-106.38,999.2,52.2,69.75191730157847,299.0392128457037,259.54740177811146,222.37440417102272,240.84367024097116,69.75191730157847,32.340919961779385,20.65062372614421,26.5872111397238,0.0,0.0,0.0,0.0
2026-07-24 12:00:00,EP072026,9,2026-07-26 06:00:00,1 days 18:00:00,42,12.6,-107.5,989.2,64.2,65.68001896361973,122.15479738300932,99.41561984186876,57.57979821026307,84.95164843505619,65.68001896361973,2.477831781880825,0.0,2.5919327047856155,65.68001896361973,0.3058170916999341,0.0,0.3470174933881987
2026-07-24 12:00:00,EP072026,9,2026-07-26 12:00:00,2 days 00:00:00,48,13.01,-108.47,987.2,77.9,38.77755528575682,225.1427893574364,164.6684826799662,90.21639019302884,165.41046930778327,45.43829040740026,30.889989546170657,12.164672053621718,29.527159844935817,38.77755528575682,1.644542990106586,0.0,2.3307866724023514
2026-07-24 12:00:00,EP072026,9,2026-07-26 18:00:00,2 days 06:00:00,54,13.81,-109.43,989.8,67.5,33.1614455371962,271.95062147435226,205.2805250017228,126.9185532424134,211.8445104440396,109.98427191075308,84.67980855586444,54.61356995231829,82.50633081071794,33.339413237860626,27.98240933768796,19.443230920212205,27.911919648366958
2026-07-24 12:00:00,EP072026,9,2026-07-27 00:00:00,2 days 12:00:00,60,14.53,-110.66,978.8,79.9,16.002118140527326,166.20785962649154,117.1964827789501,73.1674876588279,133.03061947206763,77.85401880785602,58.47412650282191,39.60183926368937,60.97004671081416,31.824037794767968,26.424000382502943,19.72115308872435,26.697447201808423
2026-07-24 12:00:00,EP072026,9,2026-07-27 06:00:00,2 days 18:00:00,66,15.1,-111.55,973.8,87.4,35.92791422775687,221.65716649185163,175.77545622781605,100.89085356387557,171.41367295889663,35.92791422775687,14.27102361191518,0.0,14.469037594045757,35.92791422775687,0.0,0.0,0.0
2026-07-24 12:00:00,EP072026,9,2026-07-27 12:00:00,3 days 00:00:00,72,15.9,-112.5,965.4,93.0,0.0,197.76109338875915,153.0232496549935,107.73848221565572,141.66467618713307,104.91371287656308,89.16594111075398,68.10317437038739,82.97900351487695,51.95846017654439,47.068357812642944,37.69021649921014,44.81679879151318
2026-07-24 12:00:00,EP072026,9,2026-07-27 18:00:00,3 days 06:00:00,78,16.28,-113.12,984.5,73.1,41.91101498779128,211.5945607205206,169.1914135389041,112.64694600813036,171.22384794801496,90.4590657478266,71.95265759240397,50.77108884503205,73.04920726012593,41.91101498779128,26.41314807126881,20.093548289505407,26.783844438317104
2026-07-24 12:00:00,EP072026,9,2026-07-28 00:00:00,3 days 12:00:00,84,16.96,-113.56,974.0,82.4,17.411738250833878,187.1398849625464,140.13720782903454,82.32755609932599,141.22015474751913,102.78317838513544,83.33138906276378,57.84437520830653,80.8629555436761,46.60560260845881,40.181582120637415,30.906549490842263,39.40702155099659
2026-07-24 12:00:00,EP072026,9,2026-07-28 06:00:00,3 days 18:00:00,90,17.39,-114.05,970.9,85.2,38.90715721823697,217.9136566913893,165.9689469130481,86.45173795236234,162.20898700270925,82.96194633808392,63.91622242145493,40.6609107692681,63.86275280353601,39.70482802424611,33.73920433573525,24.454668199730023,32.55432247531846
2026-07-24 12:00:00,EP072026,9,2026-07-28 12:00:00,4 days 00:00:00,96,18.0,-114.92,966.7,92.3,37.50143129562287,283.3696036871993,233.46267262361064,147.7301539615653,243.43582775350887,125.14839979629414,99.86246519414112,68.31605601299344,101.59313544744305,56.08414235632228,45.755055968959766,34.03194025308113,47.28340471726051
2026-07-24 12:00:00,EP072026,9,2026-07-28 18:00:00,4 days 06:00:00,102,18.18,-115.32,973.7,91.2,44.5884451236484,195.8439538780713,150.3096243251348,98.61840816418952,175.17745134785946,142.62303316088946,117.04861306891053,98.61840816418952,128.69055267852582,85.87229386613762,75.84391727605362,62.86403697412516,75.65047215622235
2026-07-24 12:00:00,EP072026,9,2026-07-29 00:00:00,4 days 12:00:00,108,18.6,-116.01,978.8,73.7,35.096125906872786,243.06037786626348,203.8384426272089,133.8100349184025,195.90329952390584,94.00505527380004,73.30262405502606,51.12059496194252,74.16217436045201,35.096125906872786,29.402066646229883,21.810597369071296,28.59592556478141
2026-07-24 12:00:00,EP072026,9,2026-07-29 06:00:00,4 days 18:00:00,114,18.95,-116.97,968.8,87.3,14.910366282207832,277.9334257911969,200.31156888631915,126.52984900057686,188.9923830981338,130.34009092213705,107.81509432728444,81.47327479840891,107.34723209576669,72.72681128170672,63.08249770846024,49.56061859467039,60.667354297760255
2026-07-24 12:00:00,EP072026,9,2026-07-29 12:00:00,5 days 00:00:00,120,19.46,-117.79,980.7,72.7,40.29437279815513,273.2987613999828,209.9331551365324,144.67689545251034,234.21752215123612,125.18172677302256,99.27409654342324,68.95574416107054,101.11051714121304,42.66718667145753,35.237498444321744,25.942353912299648,36.288731661372495
2026-07-24 12:00:00,EP072026,9,2026-07-29 18:00:00,5 days 06:00:00,126,19.64,-118.15,984.4,70.9,47.46622080543487,226.884312989282,197.17170113104063,134.02699818227893,182.2650355168589,95.40300158143702,80.56890851571501,58.07877974345098,77.73300786832164,47.46622080543487,32.48825374052924,24.40799660098711,31.152755213582275
2026-07-24 12:00:00,EP072026,9,2026-07-30 00:00:00,5 days 12:00:00,132,20.25,-119.19,986.2,66.6,42.53069038339802,215.5966874197153,163.9860384673546,136.9953919307003,185.1188482796134,116.25494778917802,96.06840342498596,72.65111698722725,95.04520100547349,43.88700521953751,37.86862405178816,29.15364512203792,37.08950574181334
2026-07-24 12:00:00,EP072026,9,2026-07-30 06:00:00,5 days 18:00:00,138,20.57,-119.89,995.5,54.1,77.26802982059479,360.31013513579137,315.8026143484758,261.42988450525195,308.1070069880109,102.6663503287208,82.53119629270924,57.20066370365555,78.37082725837558,0.0,0.0,0.0,0.0
2026-07-24 12:00:00,EP072026,9,2026-07-30 12:00:00,6 days 00:00:00,144,20.92,-120.96,996.8,51.7,36.25697031439125,186.62146498155704,148.60453923377824,108.45973659473796,150.86241887508106,43.433628694391125,31.40404892587137,17.807166232288115,31.010415331557333,0.0,0.0,0.0,0.0
2026-07-24 12:00:00,EP072026,9,2026-07-30 18:00:00,6 days 06:00:00,150,21.42,-122.18,999.2,45.3,74.58386470210462,271.68287416302286,232.7252421570705,177.81907442166414,219.7536191684211,0.0,0.0,0.0,0.0,0.0,0.0,0.0,0.0
2026-07-24 12:00:00,EP072026,9,2026-07-31 00:00:00,6 days 12:00:00,156,21.61,-123.04,1000.7,45.5,75.05578095195088,250.57292064955868,205.1492146745752,156.61940920041224,203.3733317350052,0.0,0.0,0.0,0.0,0.0,0.0,0.0,0.0
2026-07-24 12:00:00,EP072026,9,2026-07-31 06:00:00,6 days 18:00:00,162,22.2,-123.92,1002.5,47.7,68.2655867968424,68.2655867968424,38.0885775231236,26.656589057669407,43.331984628821374,0.0,0.0,0.0,0.0,0.0,0.0,0.0,0.0
2026-07-24 12:00:00,EP072026,9,2026-07-31 12:00:00,7 days 00:00:00,168,22.65,-125.15,1001.8,42.0,36.14421232509479,149.75877713991855,108.23495595935591,79.79815426705233,120.31599617435892,0.0,0.0,0.0,0.0,0.0,0.0,0.0,0.0
2026-07-24 12:00:00,EP072026,9,2026-07-31 18:00:00,7 days 06:00:00,174,23.13,-126.18,1004.4,33.0,108.18020260076122,0.0,0.0,0.0,0.0,0.0,0.0,0.0,0.0,0.0,0.0,0.0,0.0
2026-07-24 12:00:00,EP072026,9,2026-08-01 00:00:00,7 days 12:00:00,180,23.54,-127.38,1008.5,31.1,116.9703381484469,0.0,0.0,0.0,0.0,0.0,0.0,0.0,0.0,0.0,0.0,0.0,0.0
2026-07-24 12:00:00,EP072026,9,2026-08-01 06:00:00,7 days 18:00:00,186,23.67,-128.59,1007.9,30.0,200.05191945473055,0.0,0.0,0.0,0.0,0.0,0.0,0.0,0.0,0.0,0.0,0.0,0.0
2026-07-24 12:00:00,EP072026,9,2026-08-01 12:00:00,8 days 00:00:00,192,24.16,-129.89,1007.1,32.3,105.50996914341552,0.0,0.0,0.0,0.0,0.0,0.0,0.0,0.0,0.0,0.0,0.0,0.0
2026-07-24 12:00:00,EP072026,9,2026-08-01 18:00:00,8 days 06:00:00,198,24.14,-131.08,1007.6,32.4,132.05716702762678,0.0,0.0,0.0,0.0,0.0,0.0,0.0,0.0,0.0,0.0,0.0,0.0
2026-07-24 12:00:00,EP072026,9,2026-08-02 00:00:00,8 days 12:00:00,204,24.94,-131.55,1007.7,28.0,73.36049485579605,0.0,0.0,0.0,0.0,0.0,0.0,0.0,0.0,0.0,0.0,0.0,0.0
2026-07-24 12:00:00,EP072026,9,2026-08-02 06:00:00,8 days 18:00:00,210,25.35,-132.58,1008.0,26.4,121.90328051408216,0.0,0.0,0.0,0.0,0.0,0.0,0.0,0.0,0.0,0.0,0.0,0.0
2026-07-24 12:00:00,EP072026,9,2026-08-02 12:00:00,9 days 00:00:00,216,25.85,-133.49,1006.6,27.2,61.29725130131601,0.0,0.0,0.0,0.0,0.0,0.0,0.0,0.0,0.0,0.0,0.0,0.0
2026-07-24 12:00:00,EP072026,9,2026-08-02 18:00:00,9 days 06:00:00,222,26.14,-134.28,1010.4,22.1,118.19251033700483,0.0,0.0,0.0,0.0,0.0,0.0,0.0,0.0,0.0,0.0,0.0,0.0
2026-07-24 12:00:00,EP072026,9,2026-08-03 00:00:00,9 days 12:00:00,228,26.51,-135.05,1004.3,28.3,105.93739261535416,0.0,0.0,0.0,0.0,0.0,0.0,0.0,0.0,0.0,0.0,0.0,0.0
2026-07-24 12:00:00,WP112026,9,2026-07-24 12:00:00,0 days 00:00:00,0,19.7,120.4,991.0,60.0,37.0,139.0,93.0,84.0,139.0,,,,,0.0,0.0,0.0,0.0
2026-07-24 12:00:00,WP112026,9,2026-07-24 18:00:00,0 days 06:00:00,6,20.01,119.0,973.8,76.3,42.4036742828626,190.08388384687288,146.63418613898114,123.81145724084487,170.41774027790174,116.05247533609398,96.35895903443924,79.04567669897985,101.35446589812102,54.60037533059693,46.97850680585546,38.2865858445693,46.53614063962423
2026-07-24 12:00:00,WP112026,9,2026-07-25 00:00:00,0 days 12:00:00,12,20.78,118.28,962.6,82.6,22.24354971915872,196.1581714596396,159.8760863918153,132.42124757343208,166.80456722222334,133.82732990872353,110.08677909430838,86.12184874762033,111.72604322457818,65.06401114959013,56.15987698715878,43.9537613962784,55.42847860220587
2026-07-24 12:00:00,WP112026,9,2026-07-25 06:00:00,0 days 18:00:00,18,21.09,117.06,960.3,93.9,12.23976285916774,239.8142221891221,190.80846296694745,168.57837380680576,207.51087836654733,136.07456165226176,114.42618399522873,94.61948227904304,118.07087852213864,67.24128772075892,57.504944794154426,46.76852309315427,56.83847750628093
2026-07-24 12:00:00,WP112026,9,2026-07-25 12:00:00,1 days 00:00:00,24,21.66,116.25,953.0,101.9,6.477992954871361,218.08018531627795,188.47821215635005,138.78921024780527,169.78032695874822,45.59486730833469,31.25518856670684,16.958290313849396,32.73311072014077,15.952555980126498,12.069294444964486,7.719131162595704,12.742501917863288
2026-07-24 12:00:00,WP112026,9,2026-07-25 18:00:00,1 days 06:00:00,30,22.08,115.64,949.1,104.9,44.42219661560256,254.14015469167697,238.35922979685975,184.49079151466103,216.95830709681064,83.68236440685999,70.5069815359343,52.63626885325402,68.46708508340969,44.42219661560256,27.743642120376578,21.41804167624608,27.82753922445567
2026-07-24 12:00:00,WP112026,9,2026-07-26 00:00:00,1 days 12:00:00,36,22.89,115.04,965.0,90.8,22.946982135200138,318.01103078745007,254.8546357731647,197.93881149017824,247.6591391647568,100.99462508629593,81.95195175655876,57.21198451583028,81.04403025915416,32.60251426645737,26.414034390635614,19.937413768277963,26.783730848850624
2026-07-24 12:00:00,WP112026,9,2026-07-26 06:00:00,1 days 18:00:00,42,23.44,114.5,975.0,67.4,0.0,245.42095307075903,208.09053745734343,161.2804802896169,192.00818872221285,102.41966339725418,86.86189802123593,61.65025319717388,80.22830778782702,25.92403101626281,21.95497387635789,15.04874893004802,20.19484022236964
2026-07-24 12:00:00,WP112026,9,2026-07-26 12:00:00,2 days 00:00:00,48,23.88,114.14,980.2,51.2,7.511298171723865,154.59849052664595,132.84083205905358,100.31623052977386,124.23145186669764,15.513723923290629,9.66375183184796,2.7396468598875217,8.411457468369541,0.0,0.0,0.0,0.0
2026-07-24 12:00:00,WP112026,9,2026-07-26 18:00:00,2 days 06:00:00,54,24.78,113.85,988.6,41.5,11.296654415138098,118.5682609261778,102.02658008960351,65.52337312351895,88.41842246554386,0.0,0.0,0.0,0.0,0.0,0.0,0.0,0.0
2026-07-24 12:00:00,WP112026,9,2026-07-27 00:00:00,2 days 12:00:00,60,25.78,113.7,1002.6,22.0,64.40222419437413,0.0,0.0,0.0,0.0,0.0,0.0,0.0,0.0,0.0,0.0,0.0,0.0
2026-07-24 12:00:00,WP112026,9,2026-07-27 06:00:00,2 days 18:00:00,66,26.81,113.43,1001.7,15.2,75.64023941095101,0.0,0.0,0.0,0.0,0.0,0.0,0.0,0.0,0.0,0.0,0.0,0.0
2026-07-24 12:00:00,WP112026,9,2026-07-27 12:00:00,3 days 00:00:00,72,27.6,112.8,1002.3,15.8,124.41518525117908,0.0,0.0,0.0,0.0,0.0,0.0,0.0,0.0,0.0,0.0,0.0,0.0
2026-07-24 12:00:00,WP112026,9,2026-07-27 18:00:00,3 days 06:00:00,78,28.2,112.95,1006.6,15.3,108.44331096567608,0.0,0.0,0.0,0.0,0.0,0.0,0.0,0.0,0.0,0.0,0.0,0.0
2026-07-24 12:00:00,WP112026,9,2026-07-28 00:00:00,3 days 12:00:00,84,29.18,112.09,1002.9,18.6,124.5298088925092,0.0,0.0,0.0,0.0,0.0,0.0,0.0,0.0,0.0,0.0,0.0,0.0
2026-07-24 12:00:00,WP112026,9,2026-07-28 06:00:00,3 days 18:00:00,90,29.87,112.02,1006.9,15.5,45.92363410489882,0.0,0.0,0.0,0.0,0.0,0.0,0.0,0.0,0.0,0.0,0.0,0.0
2026-07-24 12:00:00,WP112026,9,2026-07-28 12:00:00,4 days 00:00:00,96,30.01,110.13,1010.1,16.3,52.44098341770662,0.0,0.0,0.0,0.0,0.0,0.0,0.0,0.0,0.0,0.0,0.0,0.0
