# If this file contains data that relates to a time no more than 48 hours ago,
# BY USING IT YOU AGREE TO THE LEGALLY BINDING TERMS OF USE FOUND AT
#   https://storage.googleapis.com/weathernext-public/terms-of-use.pdf
# Any data that relates to a time more than 48 hours ago is licensed under the
# Creative Commons Attribution International License, Version 4.0 (CC BY 4.0).
# BEGIN DATA
init_time,track_id,sample,valid_time,lead_time,lead_time_hours,lat,lon,minimum_sea_level_pressure_hpa,maximum_sustained_wind_speed_knots,radius_of_maximum_winds_km,radius_34_knot_winds_ne_km,radius_34_knot_winds_se_km,radius_34_knot_winds_sw_km,radius_34_knot_winds_nw_km,radius_50_knot_winds_ne_km,radius_50_knot_winds_se_km,radius_50_knot_winds_sw_km,radius_50_knot_winds_nw_km,radius_64_knot_winds_ne_km,radius_64_knot_winds_se_km,radius_64_knot_winds_sw_km,radius_64_knot_winds_nw_km
2026-07-25 18:00:00,EP062026,0,2026-07-25 18:00:00,0 days 00:00:00,0,19.2,-137.0,971.0,86.0,56.0,297.0,241.0,185.0,297.0,130.0,74.0,74.0,111.0,65.0,46.0,37.0,65.0
2026-07-25 18:00:00,EP062026,0,2026-07-26 00:00:00,0 days 06:00:00,6,19.59,-138.35,975.3,78.6,44.69388947816363,266.9085315959551,216.84467194097112,167.92478393962656,219.77102768757203,115.11176637620277,100.75016810708487,78.30668444207478,97.94567354260964,58.36983462856272,51.16686910051759,40.01225619685279,49.51946735117987
2026-07-25 18:00:00,EP062026,0,2026-07-26 06:00:00,0 days 12:00:00,12,19.81,-139.44,984.2,65.5,37.031188491722766,217.16000317524035,180.8877770878048,153.18917272715606,188.90116014495408,106.51001258128268,92.1819324342232,71.02452334000628,90.13995905954664,50.98641981236575,44.18548368586922,35.12365207199021,42.79896944776448
2026-07-25 18:00:00,EP062026,0,2026-07-26 12:00:00,0 days 18:00:00,18,19.68,-140.34,980.9,74.7,42.60648089182815,244.6846845001577,192.929094736134,165.055748809151,220.20518246439724,128.20806781255374,113.1272893020762,90.16257108732262,108.59891859685246,62.44940840116851,55.8859417848714,45.06214675098738,53.49048751938256
2026-07-25 18:00:00,EP062026,0,2026-07-26 18:00:00,1 days 00:00:00,24,19.89,-141.61,984.7,69.3,25.209895882813782,181.3572548271264,144.12512766600634,97.89798879686086,154.78702227114564,82.05873976793566,64.308721122474,43.21670521232829,66.67646859503944,34.887185894805135,27.956757991125144,20.16666009177998,28.890165407957888
2026-07-25 18:00:00,EP062026,0,2026-07-27 00:00:00,1 days 06:00:00,30,20.12,-142.47,983.4,72.3,46.455846149136,258.6529419491839,201.392566264249,152.7478577082747,215.97812753821395,119.580990977321,100.89384464334356,75.23675018131175,101.53872545222052,57.60354234844176,49.41775744376476,37.605422797226105,48.320192189100325
2026-07-25 18:00:00,EP062026,0,2026-07-27 06:00:00,1 days 12:00:00,36,20.38,-143.89,985.5,69.0,48.7574160451437,226.7281113184886,166.7959258143007,124.33834954058712,189.8202384527848,104.69138750403216,84.36550463478899,58.54106435995928,86.01419440180472,48.7574160451437,37.58397301680364,27.59245513757244,37.85647380949725
2026-07-25 18:00:00,EP062026,0,2026-07-27 12:00:00,1 days 18:00:00,42,20.68,-145.11,980.3,78.5,33.084408333875835,218.73073390578668,164.16834364530848,105.49071183415433,186.3402052284532,108.81270837573354,88.95609642036067,64.82629890039054,88.88839095172831,50.68042356709699,43.37987939448392,33.81427000179402,43.5619289478542
2026-07-25 18:00:00,EP062026,0,2026-07-27 18:00:00,2 days 00:00:00,48,21.16,-146.16,988.8,66.3,68.38016279234935,227.24652507038,173.23836452561727,120.88258519446649,201.46729609915607,112.091253761898,91.76989296652786,66.62740610815023,95.779797256182,68.38016279234935,44.32767631558356,34.23556120653962,45.45855610189811
2026-07-25 18:00:00,EP062026,0,2026-07-28 00:00:00,2 days 06:00:00,54,21.42,-147.6,985.0,72.3,16.40590445745837,175.91390336770485,135.7841885222143,88.9828353872526,145.01719525357512,87.29276564261329,70.51236795542766,50.670432759306735,70.35208786549471,40.710358997066514,33.92592413406755,25.554959882035263,33.86948844297145
2026-07-25 18:00:00,EP062026,0,2026-07-28 06:00:00,2 days 12:00:00,60,21.59,-148.74,987.6,69.5,88.36152131471864,225.8796040519899,186.0376988791789,146.95804725250724,196.9159826217682,88.36152131471864,10.820079143980443,2.91766831303345,15.40997079465497,88.36152131471864,1.9958206383327155,1.0756679664102498,4.407946789629452
2026-07-25 18:00:00,EP062026,0,2026-07-28 12:00:00,2 days 18:00:00,66,22.06,-150.27,990.6,56.1,76.66645165175669,188.41420035915507,140.95464333928794,96.69883694561304,147.93667909193755,76.66645165175669,4.664081670367921,0.0,5.634536616249477,0.0,0.0,0.0,0.0
2026-07-25 18:00:00,EP062026,0,2026-07-28 18:00:00,3 days 00:00:00,72,22.55,-151.66,1004.6,39.7,81.67593527065988,90.57747797775389,57.830568969924,42.48673723584019,66.71628698696784,0.0,0.0,0.0,0.0,0.0,0.0,0.0,0.0
2026-07-25 18:00:00,EP062026,0,2026-07-29 00:00:00,3 days 06:00:00,78,22.44,-152.88,1005.6,39.6,123.494816201493,170.1814580590068,136.4112987579894,113.25351026380588,135.8489993202116,0.0,0.0,0.0,0.0,0.0,0.0,0.0,0.0
2026-07-25 18:00:00,EP062026,0,2026-07-29 06:00:00,3 days 12:00:00,84,22.79,-154.22,1002.9,36.5,132.99013109070324,132.99013109070324,0.187282920754896,0.0,1.6092949691006062,0.0,0.0,0.0,0.0,0.0,0.0,0.0,0.0
2026-07-25 18:00:00,EP062026,0,2026-07-29 12:00:00,3 days 18:00:00,90,22.77,-155.44,1005.5,38.8,104.18798998389492,104.18798998389492,0.0,0.0,2.080812803819548,0.0,0.0,0.0,0.0,0.0,0.0,0.0,0.0
2026-07-25 18:00:00,EP062026,0,2026-07-29 18:00:00,4 days 00:00:00,96,23.23,-156.26,1006.3,37.8,97.1725299027155,97.1725299027155,0.0,0.0,0.0,0.0,0.0,0.0,0.0,0.0,0.0,0.0,0.0
2026-07-25 18:00:00,EP062026,0,2026-07-30 00:00:00,4 days 06:00:00,102,23.6,-157.44,1007.7,37.6,119.8622163776848,119.8622163776848,0.0,0.0,2.343624715257704,0.0,0.0,0.0,0.0,0.0,0.0,0.0,0.0
2026-07-25 18:00:00,EP062026,0,2026-07-30 06:00:00,4 days 12:00:00,108,23.59,-158.31,1004.8,34.1,42.48236313002224,42.48236313002224,0.0,0.0,1.3695017965991951,0.0,0.0,0.0,0.0,0.0,0.0,0.0,0.0
2026-07-25 18:00:00,EP072026,0,2026-07-25 18:00:00,0 days 00:00:00,0,11.2,-105.1,995.0,54.0,28.0,204.0,167.0,56.0,130.0,56.0,37.0,,,0.0,0.0,0.0,0.0
2026-07-25 18:00:00,EP072026,0,2026-07-26 00:00:00,0 days 06:00:00,6,11.96,-106.21,991.0,66.9,70.76805874683896,280.8246492257775,223.8842171482676,168.63011248133304,234.2951185041049,97.1547016643805,76.96554328986878,52.44061702385002,78.61834136451324,70.76805874683896,35.197102247862034,24.909617669895347,34.98354861117256
2026-07-25 18:00:00,EP072026,0,2026-07-26 06:00:00,0 days 12:00:00,12,12.38,-107.82,974.2,84.0,30.201128642657,168.4487989812074,138.07046619273044,96.49853531365105,141.1395209384759,81.6305894569881,62.88980912334661,39.81072734142569,65.9634483554419,35.95682981866128,27.148368308107763,19.451853358958893,29.092536034083366
2026-07-25 18:00:00,EP072026,0,2026-07-26 12:00:00,0 days 18:00:00,18,13.01,-108.95,978.5,76.9,37.4798547639099,260.9657532477343,195.82153333735076,130.43106200277947,206.698067786936,123.56126065481943,99.53921089784482,65.99469914273325,97.30792015761054,54.26922506707168,44.07278334891899,31.57641068148534,43.87050894076528
2026-07-25 18:00:00,EP072026,0,2026-07-26 18:00:00,1 days 00:00:00,24,13.69,-110.2,976.1,85.2,29.64879706034121,193.5874327268665,156.4324004672571,83.45593199432595,147.85541706190088,87.81457521201624,68.03634803848438,39.62895568831827,70.02539104730323,37.68668821567744,29.504070622273684,19.67067460325697,30.66961611789064
2026-07-25 18:00:00,EP072026,0,2026-07-27 00:00:00,1 days 06:00:00,30,14.25,-111.32,954.6,116.6,27.58263756087438,353.0170406040394,327.27289535836053,275.82014593011826,304.3292978715937,156.6384170692933,138.85964314897456,110.50177676770672,134.693625202997,79.89081153339967,71.68438508109881,56.549594287918254,67.64612707860776
2026-07-25 18:00:00,EP072026,0,2026-07-27 06:00:00,1 days 12:00:00,36,14.76,-112.04,970.8,90.1,19.10918087167413,291.4760290511642,252.8131782471716,174.25884493915325,222.07451630012,134.98051003482803,114.36359489070443,79.25984855543297,110.12112157736384,61.50085474829644,52.96948441269326,38.66143204018543,50.92546472610552
2026-07-25 18:00:00,EP072026,0,2026-07-27 12:00:00,1 days 18:00:00,42,15.36,-112.71,978.0,80.7,26.949047583522145,252.0500283695922,197.1815348802492,133.46721599003055,209.69286708271432,117.794272393646,93.93270835292508,65.01830788024233,94.22783829348478,52.901849938163245,44.02803628415629,32.217831448095566,43.78551996441839
2026-07-25 18:00:00,EP072026,0,2026-07-27 18:00:00,2 days 00:00:00,48,15.79,-113.65,977.8,80.7,48.444169150524665,260.64636401819166,213.51233157292504,153.30147351015088,216.24220729855185,134.0727113496547,111.59832163463756,81.43409077956674,112.82389671643074,65.21580656135407,56.0565097588059,43.311464389003305,55.483177457962455
2026-07-25 18:00:00,EP072026,0,2026-07-28 00:00:00,2 days 06:00:00,54,16.47,-114.12,970.0,85.6,34.271352658775086,253.93625677437,234.0772871256892,159.51338765461588,188.59160449583575,116.20024763517124,99.40772839256994,71.94567902380152,94.72536631212948,56.74200325206864,49.0273607822385,37.83761834526295,47.29556545755637
2026-07-25 18:00:00,EP072026,0,2026-07-28 06:00:00,2 days 12:00:00,60,17.13,-114.88,967.4,92.2,60.9436859355456,184.67851339302223,167.22881808540865,120.98948343586552,147.0442627255995,87.64788871474445,75.87963574652565,54.88734053799747,74.11363732442344,60.9436859355456,37.59299284390372,28.223960728011065,36.2173051540486
2026-07-25 18:00:00,EP072026,0,2026-07-28 12:00:00,2 days 18:00:00,66,17.46,-115.59,968.4,91.2,35.223865306114746,267.38373442602057,215.8114696400753,161.6770761953938,219.0535222737873,91.61936497869192,74.15988532293119,52.78325069351653,75.8483890577535,43.49118894955815,35.95263369514785,24.9808301709136,35.81786247832615
2026-07-25 18:00:00,EP072026,0,2026-07-28 18:00:00,3 days 00:00:00,72,18.06,-116.48,972.6,83.6,41.04507767017592,250.2076897413346,204.29275176194045,168.07066693207082,199.9841193602636,84.58471697317745,68.72906364949506,48.77929560275845,70.16035540183634,41.04507767017592,32.79533165099932,23.49572968984416,33.58884034580024
2026-07-25 18:00:00,EP072026,0,2026-07-29 00:00:00,3 days 06:00:00,78,18.39,-117.1,974.0,81.9,32.681975208331544,224.8051332483624,186.650581786739,137.3546722985553,190.67114260836323,113.4835087041874,93.13452297107688,70.75950987777249,93.04957454668228,54.36404423082027,46.30986753018863,35.95782966786278,46.255899658970336
2026-07-25 18:00:00,EP072026,0,2026-07-29 06:00:00,3 days 12:00:00,84,18.81,-118.06,980.3,74.9,68.25983544965834,267.5906147258671,217.20078348919972,178.16755427875185,226.8991550493116,136.23112517391877,116.77817427846745,90.2542261772401,116.74770155352492,68.25983544965834,57.74095902481592,45.09348653881816,55.681302604497
2026-07-25 18:00:00,EP072026,0,2026-07-29 12:00:00,3 days 18:00:00,90,19.06,-119.02,978.8,68.1,53.5831262886433,300.3810392515033,257.43744762981976,219.7599262692696,259.23538833843486,72.71623221446478,56.52373795676941,37.57335021491052,60.504135534875104,53.5831262886433,24.10998763523692,15.34021232269686,24.583493485477227
2026-07-25 18:00:00,EP072026,0,2026-07-29 18:00:00,4 days 00:00:00,96,19.44,-119.85,986.0,60.4,63.22715730976159,252.22948433449417,228.27761261512336,178.30482774817636,215.82364187388373,65.41374474475751,56.27045453949496,39.17915787249805,49.86391652590498,0.0,0.0,0.0,0.0
2026-07-25 18:00:00,EP072026,0,2026-07-30 00:00:00,4 days 06:00:00,102,19.86,-120.68,988.7,67.1,51.27864894041088,235.6979620071224,201.19059329088856,156.78405751123233,202.67436088842567,118.69911050078548,101.98444516363918,75.89221626110547,99.49185650703942,56.43425891806018,48.61275807598744,36.38518299033655,46.69575045714452
2026-07-25 18:00:00,EP072026,0,2026-07-30 06:00:00,4 days 12:00:00,108,20.54,-121.78,978.8,70.5,41.5511822775177,210.37803648474733,202.84038425364628,183.17483091825977,190.1784642065735,41.5511822775177,24.83699151072176,21.46098831448957,28.84988461824455,41.5511822775177,0.8158695373379476,1.3121043645903798,2.0240152507326146
2026-07-25 18:00:00,EP072026,0,2026-07-30 12:00:00,4 days 18:00:00,114,20.93,-122.78,990.3,61.7,40.39273175894823,142.72714877695807,123.83122541837965,102.96413790403892,136.73378590742325,61.148640622445896,53.54380124657075,37.9020257942899,51.83613074761536,0.0,0.0,0.0,0.0
2026-07-25 18:00:00,EP072026,0,2026-07-30 18:00:00,5 days 00:00:00,120,21.18,-123.95,989.8,56.0,96.42666833682998,160.45672343503193,137.64666634221123,120.81424662790182,147.39958703561746,96.42666833682998,24.374986015114736,18.56213114272592,23.02936759377133,0.0,0.0,0.0,0.0
2026-07-25 18:00:00,EP072026,0,2026-07-31 00:00:00,5 days 06:00:00,126,21.61,-125.31,994.9,50.8,38.17434659201327,178.9706579203712,153.9504394152287,120.03056506081838,150.80916514776803,38.17434659201327,1.1623234299329317,0.2662960492778294,2.523958329317161,0.0,0.0,0.0,0.0
2026-07-25 18:00:00,EP072026,0,2026-07-31 06:00:00,5 days 12:00:00,132,22.28,-126.04,998.7,45.2,79.49850501765707,149.2378611249211,121.95534969499168,99.97876325497468,124.1922697126508,0.0,0.0,0.0,0.0,0.0,0.0,0.0,0.0
2026-07-25 18:00:00,EP072026,0,2026-07-31 12:00:00,5 days 18:00:00,138,22.84,-127.1,1005.3,34.9,45.437937377809135,127.16568273735942,100.85864647861516,69.87831751521838,101.20323074139505,0.0,0.0,0.0,0.0,0.0,0.0,0.0,0.0
2026-07-25 18:00:00,EP072026,0,2026-07-31 18:00:00,6 days 00:00:00,144,23.43,-128.67,1001.4,39.7,33.273196557634975,143.9344244046323,117.67652566766822,82.95564090118802,118.0599870972851,0.0,0.0,0.0,0.0,0.0,0.0,0.0,0.0
2026-07-25 18:00:00,EP072026,0,2026-08-01 00:00:00,6 days 06:00:00,150,23.99,-130.05,1002.8,39.1,43.295392779281045,163.74723381196569,127.03335373415894,94.27932917813968,136.17846653641158,0.0,0.0,0.0,0.0,0.0,0.0,0.0,0.0
2026-07-25 18:00:00,EP072026,0,2026-08-01 06:00:00,6 days 12:00:00,156,24.45,-131.1,1006.6,35.1,78.85880574766,78.85880574766,29.08525425998903,13.960038297790252,41.12572432976072,0.0,0.0,0.0,0.0,0.0,0.0,0.0,0.0
2026-07-25 18:00:00,EP072026,0,2026-08-01 12:00:00,6 days 18:00:00,162,25.06,-132.48,1004.6,32.3,52.36838557530478,0.0,0.0,0.0,0.0,0.0,0.0,0.0,0.0,0.0,0.0,0.0,0.0
2026-07-25 18:00:00,EP072026,0,2026-08-01 18:00:00,7 days 00:00:00,168,25.41,-133.8,1009.9,32.5,57.31342449147255,0.0,0.0,0.0,0.0,0.0,0.0,0.0,0.0,0.0,0.0,0.0,0.0
2026-07-25 18:00:00,EP072026,0,2026-08-02 00:00:00,7 days 06:00:00,174,25.53,-134.47,1008.5,27.5,50.15335118463675,0.0,0.0,0.0,0.0,0.0,0.0,0.0,0.0,0.0,0.0,0.0,0.0
2026-07-25 18:00:00,EP072026,0,2026-08-02 06:00:00,7 days 12:00:00,180,25.71,-135.45,1007.6,32.0,107.52397528453972,0.0,0.0,0.0,0.0,0.0,0.0,0.0,0.0,0.0,0.0,0.0,0.0
2026-07-25 18:00:00,EP072026,0,2026-08-02 12:00:00,7 days 18:00:00,186,25.48,-136.23,1012.2,17.7,138.32549416061784,0.0,0.0,0.0,0.0,0.0,0.0,0.0,0.0,0.0,0.0,0.0,0.0
2026-07-25 18:00:00,EP072026,0,2026-08-02 18:00:00,8 days 00:00:00,192,26.81,-136.92,1010.8,21.6,64.33922044985232,0.0,0.0,0.0,0.0,0.0,0.0,0.0,0.0,0.0,0.0,0.0,0.0
2026-07-25 18:00:00,EP072026,0,2026-08-03 00:00:00,8 days 06:00:00,198,27.32,-137.82,1013.0,18.2,144.2784890379742,0.0,0.0,0.0,0.0,0.0,0.0,0.0,0.0,0.0,0.0,0.0,0.0
2026-07-25 18:00:00,WP112026,0,2026-07-25 18:00:00,0 days 00:00:00,0,22.4,115.1,967.0,84.0,27.0,222.0,204.0,167.0,195.0,,,,,,,,
2026-07-25 18:00:00,WP112026,0,2026-07-26 00:00:00,0 days 06:00:00,6,23.06,114.46,968.1,71.1,14.46987647619487,104.10232208636066,89.74584794710793,77.6236658011031,86.06328823767001,1.5839075324130674,0.0,0.0,14.46987647619487,0.042935971833786,0.0,0.0,14.46987647619487
2026-07-25 18:00:00,WP112026,0,2026-07-26 06:00:00,0 days 12:00:00,12,23.59,114.12,979.2,57.4,29.698258176020783,103.8832977646816,97.01030594836598,69.1292253060588,82.32370486855694,35.9242849393145,31.602024669387504,20.68759644065201,26.20878098058615,0.0,0.0,0.0,0.0
2026-07-25 18:00:00,WP112026,0,2026-07-26 12:00:00,0 days 18:00:00,18,24.2,113.61,992.7,37.1,38.93206205517451,38.93206205517451,19.8926782085958,3.289208134638038,9.725581660228489,0.0,0.0,0.0,0.0,0.0,0.0,0.0,0.0
2026-07-25 18:00:00,WP112026,0,2026-07-26 18:00:00,1 days 00:00:00,24,24.66,113.59,995.6,32.6,25.77912659281148,0.0,0.0,0.0,0.0,0.0,0.0,0.0,0.0,0.0,0.0,0.0,0.0
2026-07-25 18:00:00,WP112026,0,2026-07-27 00:00:00,1 days 06:00:00,30,25.68,113.3,999.9,24.5,100.1931223176139,0.0,0.0,0.0,0.0,0.0,0.0,0.0,0.0,0.0,0.0,0.0,0.0
2026-07-25 18:00:00,WP112026,0,2026-07-27 06:00:00,1 days 12:00:00,36,26.88,113.05,1001.4,17.6,41.48726188484383,0.0,0.0,0.0,0.0,0.0,0.0,0.0,0.0,0.0,0.0,0.0,0.0
2026-07-25 18:00:00,WP112026,0,2026-07-27 12:00:00,1 days 18:00:00,42,27.32,112.16,1003.0,18.6,62.519970209403006,0.0,0.0,0.0,0.0,0.0,0.0,0.0,0.0,0.0,0.0,0.0,0.0
2026-07-25 18:00:00,WP112026,0,2026-07-27 18:00:00,2 days 00:00:00,48,28.51,111.58,1003.8,14.7,121.0679466648496,0.0,0.0,0.0,0.0,0.0,0.0,0.0,0.0,0.0,0.0,0.0,0.0
2026-07-25 18:00:00,WP112026,0,2026-07-28 00:00:00,2 days 06:00:00,54,28.96,111.89,1003.3,18.1,106.83282729087465,0.0,0.0,0.0,0.0,0.0,0.0,0.0,0.0,0.0,0.0,0.0,0.0
2026-07-25 18:00:00,EP062026,1,2026-07-25 18:00:00,0 days 00:00:00,0,19.2,-137.0,971.0,86.0,56.0,297.0,241.0,185.0,297.0,130.0,74.0,74.0,111.0,65.0,46.0,37.0,65.0
2026-07-25 18:00:00,EP062026,1,2026-07-26 00:00:00,0 days 06:00:00,6,19.55,-137.97,978.1,66.6,14.772077777275545,254.91580030890665,212.22406894935276,162.1749137077534,226.0924282797504,91.654806656643,66.28109645342411,43.376052998634194,72.0070991889247,24.873587338840963,19.647461264047624,12.986049648185592,20.619839725674662
2026-07-25 18:00:00,EP062026,1,2026-07-26 06:00:00,0 days 12:00:00,12,19.6,-139.09,983.0,72.0,53.40711624260032,249.52188274745896,191.94332657935848,135.51156068730523,209.07473493227545,121.65539127810229,95.62927061362842,71.30042508897745,101.20077190358968,53.40711624260032,41.20327193492366,32.03178104546093,41.98397582234119
2026-07-25 18:00:00,EP062026,1,2026-07-26 12:00:00,0 days 18:00:00,18,19.92,-140.29,981.8,68.6,44.52239137570812,199.93650178680085,142.69832959460726,114.39937917125071,172.6125003945212,122.19577803863828,96.813895761137,77.11783346197078,104.53713517159728,56.316294758311166,48.04161490247607,38.01935437893877,48.21852678018615
2026-07-25 18:00:00,EP062026,1,2026-07-26 18:00:00,1 days 00:00:00,24,20.02,-141.45,983.6,65.5,43.47435529759569,233.4211887574407,193.44661499414516,144.21797323249316,199.82588783190104,64.01513815189588,46.00452336683136,27.80426734420104,51.0515296819345,43.47435529759569,6.876913964142805,3.3437859152097165,9.14892362481559
2026-07-25 18:00:00,EP062026,1,2026-07-27 00:00:00,1 days 06:00:00,30,20.21,-142.43,985.5,65.9,39.6168111582501,271.0766182816513,221.56812028546744,165.74268920441853,226.4997546626817,108.87025208958816,84.732607564486,58.31689835915281,86.02345980490195,39.6168111582501,25.795868201344728,18.321266332951247,26.445512507910266
2026-07-25 18:00:00,EP062026,1,2026-07-27 06:00:00,1 days 12:00:00,36,20.51,-143.71,989.3,64.5,42.12312502550356,257.2600680160526,212.47719214894488,160.72764702351316,218.35425194793245,84.61667120417059,64.7274108186869,41.37633351824787,64.63891618878982,42.12312502550356,12.446917880203518,8.130825117809215,13.708475053836798
2026-07-25 18:00:00,EP062026,1,2026-07-27 12:00:00,1 days 18:00:00,42,20.56,-144.85,983.2,69.8,23.534021623697026,219.0619154215888,171.58836470918078,142.52750431586793,199.3107584492209,107.97604398099618,84.3309499919599,62.034312365307535,89.87623409744987,38.33780429338954,32.141151677327045,23.61853185325373,32.972141825869286
2026-07-25 18:00:00,EP062026,1,2026-07-27 18:00:00,2 days 00:00:00,48,20.98,-146.72,994.6,58.8,75.82388051900591,301.5693663500749,255.2171175678925,198.2940460408344,249.7815274368275,75.82388051900591,53.75132304268178,34.6472290112204,52.498132388999096,0.0,0.0,0.0,0.0
2026-07-25 18:00:00,EP062026,1,2026-07-28 00:00:00,2 days 06:00:00,54,21.3,-147.6,997.9,54.0,13.398084672255678,212.3256845531949,161.00504621593757,116.04507700597917,168.982072104307,50.82697002319436,36.28223671966862,19.4380304506632,35.68037744920355,0.0,0.0,0.0,0.0
2026-07-25 18:00:00,EP062026,1,2026-07-28 06:00:00,2 days 12:00:00,60,21.18,-149.11,999.1,50.6,82.71860995288492,125.75187439423608,88.57178309339501,66.90261186328513,99.43405993679454,0.3471674637824482,0.0,0.0,82.71860995288492,0.0,0.0,0.0,0.0
2026-07-25 18:00:00,EP062026,1,2026-07-28 12:00:00,2 days 18:00:00,66,21.23,-150.76,1002.4,48.1,147.30826710111575,147.30826710111575,19.96996065235131,6.651201047760807,33.93313398758367,0.0,0.0,0.0,0.0,0.0,0.0,0.0,0.0
2026-07-25 18:00:00,EP062026,1,2026-07-28 18:00:00,3 days 00:00:00,72,21.46,-152.02,1004.3,38.8,153.61525552694297,153.61525552694297,60.1546558615304,33.651998109765856,60.1816936053846,0.0,0.0,0.0,0.0,0.0,0.0,0.0,0.0
2026-07-25 18:00:00,EP062026,1,2026-07-29 00:00:00,3 days 06:00:00,78,21.72,-153.27,1001.0,40.7,152.89257437327694,152.89257437327694,118.57034324727351,90.67267034100624,112.019951267249,0.0,0.0,0.0,0.0,0.0,0.0,0.0,0.0
2026-07-25 18:00:00,EP062026,1,2026-07-29 06:00:00,3 days 12:00:00,84,21.89,-154.4,1002.2,44.4,159.4050137660306,159.4050137660306,96.52311435900764,62.92430831710704,95.5453816207164,0.0,0.0,0.0,0.0,0.0,0.0,0.0,0.0
2026-07-25 18:00:00,EP062026,1,2026-07-29 12:00:00,3 days 18:00:00,90,22.13,-155.71,1005.1,36.5,63.96191455063243,212.4364326871396,181.26120714728063,151.35508941919525,188.24964892027407,0.0,0.0,0.0,0.0,0.0,0.0,0.0,0.0
2026-07-25 18:00:00,EP062026,1,2026-07-29 18:00:00,4 days 00:00:00,96,22.01,-157.19,1006.1,35.9,72.2841548020631,72.2841548020631,10.021707746154831,2.9116774234232743,14.961114248306105,0.0,0.0,0.0,0.0,0.0,0.0,0.0,0.0
2026-07-25 18:00:00,EP062026,1,2026-07-30 00:00:00,4 days 06:00:00,102,21.69,-158.62,1008.9,33.4,86.77846204846911,0.0,0.0,0.0,0.0,0.0,0.0,0.0,0.0,0.0,0.0,0.0,0.0
2026-07-25 18:00:00,EP062026,1,2026-07-30 06:00:00,4 days 12:00:00,108,21.88,-160.15,1009.0,25.1,73.52440151249517,0.0,0.0,0.0,0.0,0.0,0.0,0.0,0.0,0.0,0.0,0.0,0.0
2026-07-25 18:00:00,EP062026,1,2026-07-30 12:00:00,4 days 18:00:00,114,22.3,-161.76,1009.4,19.0,133.99794040321086,0.0,0.0,0.0,0.0,0.0,0.0,0.0,0.0,0.0,0.0,0.0,0.0
2026-07-25 18:00:00,EP062026,1,2026-07-30 18:00:00,5 days 00:00:00,120,22.46,-163.8,1011.1,23.7,167.13286728354433,0.0,0.0,0.0,0.0,0.0,0.0,0.0,0.0,0.0,0.0,0.0,0.0
2026-07-25 18:00:00,EP072026,1,2026-07-25 18:00:00,0 days 00:00:00,0,11.2,-105.1,995.0,54.0,28.0,204.0,167.0,56.0,130.0,56.0,37.0,,,0.0,0.0,0.0,0.0
2026-07-25 18:00:00,EP072026,1,2026-07-26 00:00:00,0 days 06:00:00,6,12.14,-106.66,996.4,59.5,16.249210908122286,167.64834992599518,128.91907726412796,82.88350876257836,122.15615366294416,30.070134504824296,19.890498893173056,8.313912306471352,18.68214188196725,0.0,0.0,0.0,0.0
2026-07-25 18:00:00,EP072026,1,2026-07-26 06:00:00,0 days 12:00:00,12,12.44,-108.01,996.8,55.5,17.90817444572778,210.559296195502,158.08972552214425,109.96321755252396,163.5806913413635,37.661324943264745,25.56209916968537,11.479059864298415,25.055827780702494,0.0,0.0,0.0,0.0
2026-07-25 18:00:00,EP072026,1,2026-07-26 12:00:00,0 days 18:00:00,18,13.05,-109.02,989.4,63.5,41.74845120102994,192.33101731667608,160.9337345324577,95.02477682283634,141.2107554029357,48.2165759483152,36.52189382260004,20.28325437152468,33.11091453948697,0.0,0.0,0.0,0.0
2026-07-25 18:00:00,EP072026,1,2026-07-26 18:00:00,1 days 00:00:00,24,13.72,-110.07,987.2,74.9,42.55439937258489,278.7359604041976,222.2006876966952,134.5043799298704,220.74492446704403,75.87923208445736,49.83281513603504,24.72544651128055,55.0006041364304,42.55439937258489,3.407209908850504,0.0,5.523462111693972
2026-07-25 18:00:00,EP072026,1,2026-07-27 00:00:00,1 days 06:00:00,30,14.42,-111.07,958.9,100.0,12.972039508062302,210.20550913374288,182.09636237725877,116.66316361891988,164.71151086521743,47.18034265594342,28.29980778292341,11.223249299866447,31.955286794984524,17.82162980737897,12.452429872795816,7.305263968487258,14.173984329944956
2026-07-25 18:00:00,EP072026,1,2026-07-27 06:00:00,1 days 12:00:00,36,14.51,-112.05,955.2,110.6,17.140869844948313,245.75206330288097,187.98030903265283,109.8135253869952,200.88182958606475,133.9362853940033,104.92313706854382,76.98056869856435,113.66571574071116,74.25844591622916,62.41942048889968,47.94704531841464,63.25618973301494
2026-07-25 18:00:00,EP072026,1,2026-07-27 12:00:00,1 days 18:00:00,42,15.09,-112.89,948.8,112.8,22.34733668649392,212.94758446270384,167.33130345055577,101.34621909707565,176.55015187608691,100.42923066132045,75.82228613331266,52.69298672442911,84.115868948799,51.99980771934065,42.68712492548456,32.04630835678588,44.289948863872034
2026-07-25 18:00:00,EP072026,1,2026-07-27 18:00:00,2 days 00:00:00,48,15.7,-113.71,953.5,105.1,26.713997104867403,234.76268306056613,194.4628815266913,102.89023880815338,182.20208476824615,94.9566482412443,72.12750791933274,46.03381676514642,73.31358367444733,49.09508051454024,40.07795807317,28.481021367739903,40.42811141358488
2026-07-25 18:00:00,EP072026,1,2026-07-28 00:00:00,2 days 06:00:00,54,16.36,-114.55,957.2,103.2,4.79243845340444,191.68650688637177,185.6826758361495,116.63648201947376,152.44920825487668,14.039871865664493,6.705553105209303,0.0,5.208772213503043,4.79243845340444,0.0,0.0,0.0
2026-07-25 18:00:00,EP072026,1,2026-07-28 06:00:00,2 days 12:00:00,60,16.63,-115.12,946.8,114.4,26.07386863180809,311.43167654389305,289.2927398836216,225.10394072230787,263.05857245473004,88.99431355751679,70.02593940716919,46.093079886802,69.82782736148411,27.30422874050144,20.42672372917228,13.827631580150673,22.39285504943243
2026-07-25 18:00:00,EP072026,1,2026-07-28 12:00:00,2 days 18:00:00,66,17.07,-115.91,951.1,112.0,37.75146448220433,276.70736215659485,232.63709751298205,153.58714862752328,224.90108890122636,110.47930924316388,86.67081152338176,58.006519589498566,88.76952507814426,52.50395242762427,43.35611539301233,31.961003429749677,44.51984570009094
2026-07-25 18:00:00,EP072026,1,2026-07-28 18:00:00,3 days 00:00:00,72,17.2,-116.5,960.1,99.6,32.16310550616166,248.29829718294425,219.1658941787249,156.59275822882836,207.78752789808053,95.30830326436237,76.34492275628828,57.59363101815447,86.56359238429674,53.61554316350197,44.29870194098419,36.38617682616816,45.256333287416126
2026-07-25 18:00:00,EP072026,1,2026-07-29 00:00:00,3 days 06:00:00,78,17.34,-117.19,959.5,99.8,50.15859715838691,231.41121346038628,197.9922347857982,115.76202140471489,178.01583420510536,68.97056179537462,51.805900765808175,29.8104234786206,52.93791316257386,50.15859715838691,26.798859939621003,18.828607080538717,27.55696526818427
2026-07-25 18:00:00,EP072026,1,2026-07-29 06:00:00,3 days 12:00:00,84,17.64,-118.12,958.9,101.1,41.71642887755212,262.14813449168327,229.3019400664065,154.6347044039995,224.88473356576327,85.88277220969644,68.8570967690359,45.87050352897006,70.47650182576861,41.71642887755212,32.50735151237624,23.569433178458084,31.56135914056548
2026-07-25 18:00:00,EP072026,1,2026-07-29 12:00:00,3 days 18:00:00,90,17.73,-118.9,961.8,94.6,16.06013055322335,221.221447549206,175.98063837953038,113.72381111308133,193.46030888406415,123.17326600463343,99.2566835898782,78.27473348646639,108.9630561190842,73.05394253178994,63.01343848406173,50.04753017449843,62.09125970934775
2026-07-25 18:00:00,EP072026,1,2026-07-29 18:00:00,4 days 00:00:00,96,17.9,-119.78,960.9,96.2,20.725869803722876,192.73638707630585,166.09525611874687,106.06688544302511,156.6651338307786,74.25662464815485,60.21923274376354,39.66184857936682,62.53322803279087,41.96812855571284,35.5747419405098,26.41168866004071,35.41413457939905
2026-07-25 18:00:00,EP072026,1,2026-07-30 00:00:00,4 days 06:00:00,102,18.2,-120.47,979.5,77.3,45.80853587910302,271.7025579464654,236.357578713324,162.3496867308532,227.92979384533123,95.22953865735349,75.06528056565845,48.34661259115202,72.6393287931274,45.80853587910302,20.19835080657681,13.801263048625229,20.61705221509522
2026-07-25 18:00:00,EP072026,1,2026-07-30 06:00:00,4 days 12:00:00,108,18.47,-121.54,984.2,70.7,23.098811928085357,272.9773261384122,240.90730746749028,188.55496898445563,232.3593316501256,65.57860773059072,49.49422235901656,29.6575869650564,49.81782274082033,23.098811928085357,2.14219608451515,0.0368191754880591,3.466633358655903
2026-07-25 18:00:00,EP072026,1,2026-07-30 12:00:00,4 days 18:00:00,114,18.77,-122.42,988.5,65.3,48.826365289374166,227.37793299700263,177.77662443070875,141.41152560515883,194.23739727665804,106.25531171682115,85.67536987147918,64.51900744775176,86.08446206941551,48.826365289374166,32.37976909689739,24.55076325019367,31.513135491410143
2026-07-25 18:00:00,EP072026,1,2026-07-30 18:00:00,5 days 00:00:00,120,18.71,-123.47,988.5,55.9,75.80204885368806,182.669213148076,155.96892526930856,119.13614747218196,153.42234934847326,75.80204885368806,8.983146093309637,4.923989500621537,12.96433886219151,0.0,0.0,0.0,0.0
2026-07-25 18:00:00,EP072026,1,2026-07-31 00:00:00,5 days 06:00:00,126,18.84,-124.67,996.3,52.4,56.90141712015162,261.47421858145526,212.5301800846902,163.65595995471847,210.4331693342035,56.90141712015162,32.49330106540609,21.588617303143096,33.23731513316039,0.0,0.0,0.0,0.0
2026-07-25 18:00:00,EP072026,1,2026-07-31 06:00:00,5 days 12:00:00,132,19.04,-125.9,999.9,48.8,106.67957122093487,180.83760111853272,136.1595974472164,95.77106065618428,133.67041238510595,0.0,0.0,0.0,0.0,0.0,0.0,0.0,0.0
2026-07-25 18:00:00,EP072026,1,2026-07-31 12:00:00,5 days 18:00:00,138,19.28,-126.86,998.9,50.3,87.3695539715688,143.45699351379903,105.27531688716542,68.69321429252359,105.97417143876116,87.3695539715688,1.526954950916343,0.0,3.4349765808985437,0.0,0.0,0.0,0.0
2026-07-25 18:00:00,EP072026,1,2026-07-31 18:00:00,6 days 00:00:00,144,19.59,-128.06,995.8,48.4,67.27162402106516,121.55231354142764,90.23948710645772,62.11379523945605,94.00693318393796,0.0,0.0,0.0,0.0,0.0,0.0,0.0,0.0
2026-07-25 18:00:00,EP072026,1,2026-08-01 00:00:00,6 days 06:00:00,150,20.01,-129.5,999.3,47.2,50.72279163995401,192.11835332119472,138.75812331016056,103.92219461656418,156.05587144205208,0.0,0.0,0.0,0.0,0.0,0.0,0.0,0.0
2026-07-25 18:00:00,EP072026,1,2026-08-01 06:00:00,6 days 12:00:00,156,20.52,-130.8,1002.8,38.9,98.83927480963835,152.71956747345416,111.9338117521778,76.82604125811491,115.64669474587208,0.0,0.0,0.0,0.0,0.0,0.0,0.0,0.0
2026-07-25 18:00:00,EP072026,1,2026-08-01 12:00:00,6 days 18:00:00,162,20.89,-132.12,1000.3,45.3,77.17148624167666,215.9275257822628,169.72820099016076,119.4987564673286,162.8261882421191,0.0,0.0,0.0,0.0,0.0,0.0,0.0,0.0
2026-07-25 18:00:00,EP072026,1,2026-08-01 18:00:00,7 days 00:00:00,168,21.23,-133.7,1003.0,39.5,103.05866724841228,132.3577433880959,90.16334401893022,55.24676416663746,90.6798957071843,0.0,0.0,0.0,0.0,0.0,0.0,0.0,0.0
2026-07-25 18:00:00,EP072026,1,2026-08-02 00:00:00,7 days 06:00:00,174,21.61,-134.52,1003.9,44.3,109.94276599766768,109.94276599766768,54.79890721459447,38.37758661219581,66.97771470352114,0.0,0.0,0.0,0.0,0.0,0.0,0.0,0.0
2026-07-25 18:00:00,EP072026,1,2026-08-02 06:00:00,7 days 12:00:00,180,22.15,-135.91,1003.2,36.9,94.28894105265914,152.24086913151942,108.8423594451384,82.85473809930052,117.00914972467412,0.0,0.0,0.0,0.0,0.0,0.0,0.0,0.0
2026-07-25 18:00:00,EP072026,1,2026-08-02 12:00:00,7 days 18:00:00,186,22.85,-137.04,1002.1,35.9,64.80752659621314,64.80752659621314,0.6075342169874567,0.0,22.685229364042403,0.0,0.0,0.0,0.0,0.0,0.0,0.0,0.0
2026-07-25 18:00:00,EP072026,1,2026-08-02 18:00:00,8 days 00:00:00,192,23.02,-138.42,1007.5,38.2,113.92670263586216,113.92670263586216,3.6715615079676023,1.915155152974009,26.73530959126161,0.0,0.0,0.0,0.0,0.0,0.0,0.0,0.0
2026-07-25 18:00:00,EP072026,1,2026-08-03 00:00:00,8 days 06:00:00,198,23.46,-139.26,1005.7,31.8,125.21568214010078,0.0,0.0,0.0,0.0,0.0,0.0,0.0,0.0,0.0,0.0,0.0,0.0
2026-07-25 18:00:00,EP072026,1,2026-08-03 06:00:00,8 days 12:00:00,204,23.63,-140.25,1003.3,34.9,67.91131014362162,1.817600030007945,0.0,0.0,67.91131014362162,0.0,0.0,0.0,0.0,0.0,0.0,0.0,0.0
2026-07-25 18:00:00,EP072026,1,2026-08-03 12:00:00,8 days 18:00:00,210,23.81,-141.09,1004.8,33.3,130.68157056364453,0.0,0.0,0.0,0.0,0.0,0.0,0.0,0.0,0.0,0.0,0.0,0.0
2026-07-25 18:00:00,EP072026,1,2026-08-03 18:00:00,9 days 00:00:00,216,23.7,-141.72,1010.1,24.6,134.38932108011107,0.0,0.0,0.0,0.0,0.0,0.0,0.0,0.0,0.0,0.0,0.0,0.0
2026-07-25 18:00:00,EP072026,1,2026-08-04 00:00:00,9 days 06:00:00,222,23.77,-142.37,1007.8,28.1,109.2714193854538,0.0,0.0,0.0,0.0,0.0,0.0,0.0,0.0,0.0,0.0,0.0,0.0
2026-07-25 18:00:00,EP072026,1,2026-08-04 06:00:00,9 days 12:00:00,228,23.68,-143.41,1008.1,28.1,83.70228098688371,0.0,0.0,0.0,0.0,0.0,0.0,0.0,0.0,0.0,0.0,0.0,0.0
2026-07-25 18:00:00,EP072026,1,2026-08-04 12:00:00,9 days 18:00:00,234,23.33,-144.52,1010.3,24.4,139.61981927380293,0.0,0.0,0.0,0.0,0.0,0.0,0.0,0.0,0.0,0.0,0.0,0.0
2026-07-25 18:00:00,WP112026,1,2026-07-25 18:00:00,0 days 00:00:00,0,22.4,115.1,967.0,84.0,27.0,222.0,204.0,167.0,195.0,,,,,,,,
2026-07-25 18:00:00,WP112026,1,2026-07-26 00:00:00,0 days 06:00:00,6,22.99,114.5,961.9,82.7,31.87126992900012,175.3947581271612,160.80485603275463,128.80431705818782,130.91854286588844,56.81130186843468,44.53914401827131,32.893697697509225,42.79317696042106,31.87126992900012,17.325705960449245,13.110489752860229,16.898301284843562
2026-07-25 18:00:00,WP112026,1,2026-07-26 06:00:00,0 days 12:00:00,12,23.65,114.12,975.0,58.9,24.015788430021423,255.9015318684528,216.89978025958555,180.38188994027945,209.75354542591575,140.14519394332837,117.89063715828269,92.94577337084309,114.12054707359832,0.0,0.0,0.0,0.0
2026-07-25 18:00:00,WP112026,1,2026-07-26 12:00:00,0 days 18:00:00,18,24.23,113.76,985.5,39.8,38.40467132457197,124.0558968726354,104.54521147954746,81.61813533337926,99.82979668605208,0.0,0.0,0.0,0.0,0.0,0.0,0.0,0.0
2026-07-25 18:00:00,WP112026,1,2026-07-26 18:00:00,1 days 00:00:00,24,24.94,113.4,998.8,20.5,38.39306060241114,0.0,0.0,0.0,0.0,0.0,0.0,0.0,0.0,0.0,0.0,0.0,0.0
2026-07-25 18:00:00,WP112026,1,2026-07-27 00:00:00,1 days 06:00:00,30,25.68,113.3,997.9,22.1,75.07248752286696,0.0,0.0,0.0,0.0,0.0,0.0,0.0,0.0,0.0,0.0,0.0,0.0
2026-07-25 18:00:00,WP112026,1,2026-07-27 06:00:00,1 days 12:00:00,36,26.66,113.14,1003.5,12.1,69.91563929086385,0.0,0.0,0.0,0.0,0.0,0.0,0.0,0.0,0.0,0.0,0.0,0.0
2026-07-25 18:00:00,WP112026,1,2026-07-27 12:00:00,1 days 18:00:00,42,27.23,112.12,1003.8,15.0,116.49126124686472,0.0,0.0,0.0,0.0,0.0,0.0,0.0,0.0,0.0,0.0,0.0,0.0
2026-07-25 18:00:00,WP112026,1,2026-07-27 18:00:00,2 days 00:00:00,48,28.58,112.54,1006.8,16.3,119.83295387145712,0.0,0.0,0.0,0.0,0.0,0.0,0.0,0.0,0.0,0.0,0.0,0.0
2026-07-25 18:00:00,WP112026,1,2026-07-28 00:00:00,2 days 06:00:00,54,29.39,112.31,1006.3,15.8,42.129044831488045,0.0,0.0,0.0,0.0,0.0,0.0,0.0,0.0,0.0,0.0,0.0,0.0
2026-07-25 18:00:00,WP112026,1,2026-07-28 06:00:00,2 days 12:00:00,60,29.6,111.7,1005.3,16.4,87.46788170498284,0.0,0.0,0.0,0.0,0.0,0.0,0.0,0.0,0.0,0.0,0.0,0.0
2026-07-25 18:00:00,WP112026,1,2026-07-28 12:00:00,2 days 18:00:00,66,30.38,111.13,1006.3,16.1,130.52608435607215,0.0,0.0,0.0,0.0,0.0,0.0,0.0,0.0,0.0,0.0,0.0,0.0
2026-07-25 18:00:00,EP062026,10,2026-07-25 18:00:00,0 days 00:00:00,0,19.2,-137.0,971.0,86.0,56.0,297.0,241.0,185.0,297.0,130.0,74.0,74.0,111.0,65.0,46.0,37.0,65.0
2026-07-25 18:00:00,EP062026,10,2026-07-26 00:00:00,0 days 06:00:00,6,19.53,-138.14,977.3,73.3,44.45520937450212,245.11032571675577,179.910826264845,131.2231185221687,202.64258672763128,112.05999182972404,88.37312903637871,62.87092149206269,90.95606055411967,44.45520937450212,29.18795541408913,21.65871865524567,30.8691486996648
2026-07-25 18:00:00,EP062026,10,2026-07-26 06:00:00,0 days 12:00:00,12,19.53,-139.11,982.9,71.8,33.76589840155004,222.801565536251,163.2486308310205,115.11521211528373,188.11035323614527,117.12788647686014,98.05402076571136,74.81054276051684,99.17527483815913,38.189199902177,33.25339320494748,25.527520145743704,32.69804055006853
2026-07-25 18:00:00,EP062026,10,2026-07-26 12:00:00,0 days 18:00:00,18,19.92,-140.49,980.1,72.2,33.01541263812989,244.27535787961108,206.81796669310256,175.02935098303448,206.57209205472145,137.2408785962434,123.10579737761978,99.7275638291908,119.36698643329122,61.60257198605435,55.790677898195945,46.03759450368896,53.09825682807755
2026-07-25 18:00:00,EP062026,10,2026-07-26 18:00:00,1 days 00:00:00,24,19.94,-141.4,980.0,73.6,56.86866715248372,217.36686817932403,163.1784396231671,128.04695060099473,196.56223408744452,91.33215686544683,70.77083505145207,49.90274806230275,75.7449504404979,56.86866715248372,12.440481362495124,7.947241879237104,15.0435097261426
2026-07-25 18:00:00,EP062026,10,2026-07-27 00:00:00,1 days 06:00:00,30,20.25,-142.95,986.2,69.7,12.759290156685497,190.61112470175877,120.21103001871757,62.20047388480191,161.14233926329473,61.81992587492505,36.74330182380291,22.904174442706196,49.681001388577386,12.759290156685497,0.0,0.0,2.2738962020657123
2026-07-25 18:00:00,EP062026,10,2026-07-27 06:00:00,1 days 12:00:00,36,20.29,-144.39,987.4,57.4,20.484560333532254,246.66692621345223,203.32391239434384,153.5352776239597,201.6481248908988,101.8910184241136,87.04801173928314,62.88739247132732,82.39681169933522,0.0,0.0,0.0,0.0
2026-07-25 18:00:00,EP062026,10,2026-07-27 12:00:00,1 days 18:00:00,42,20.41,-145.5,988.3,57.8,32.99280116031852,230.85352128304277,165.024521508288,125.038725165045,190.9924870716885,103.5184781551338,86.8159785748066,63.141564177968974,83.52019887207676,0.0,0.0,0.0,0.0
2026-07-25 18:00:00,EP062026,10,2026-07-27 18:00:00,2 days 00:00:00,48,20.65,-146.75,987.4,60.2,16.141045968812993,247.27969135771087,188.86091976251487,134.0709232753091,203.1842461406616,73.69535382040746,61.717978252722254,43.51668316673941,62.04078287710918,0.0,0.0,0.0,0.0
2026-07-25 18:00:00,EP062026,10,2026-07-28 00:00:00,2 days 06:00:00,54,20.87,-147.85,995.9,55.2,41.68326696783844,184.7767851386648,127.43144500824764,80.2747063750183,151.95635853919129,41.68326696783844,5.8095975362489085,1.4469045652946075,10.10987133660063,0.0,0.0,0.0,0.0
2026-07-25 18:00:00,EP062026,10,2026-07-28 06:00:00,2 days 12:00:00,60,21.46,-149.15,994.4,53.2,23.76214466216979,205.73646336679616,167.23457294613365,114.38421640812786,165.07453515396531,61.34224876537694,50.4585156039455,34.44868775487984,49.47682721438346,0.0,0.0,0.0,0.0
2026-07-25 18:00:00,EP062026,10,2026-07-28 12:00:00,2 days 18:00:00,66,21.69,-151.26,1005.1,42.9,134.18535239957637,162.18162576852396,133.5818258527711,92.22794799278446,123.12654760170956,0.0,0.0,0.0,0.0,0.0,0.0,0.0,0.0
2026-07-25 18:00:00,EP062026,10,2026-07-28 18:00:00,3 days 00:00:00,72,22.2,-152.84,1007.2,38.7,185.1337840383412,190.7714212454892,171.14850557008862,129.74392688367112,152.95367343443627,0.0,0.0,0.0,0.0,0.0,0.0,0.0,0.0
2026-07-25 18:00:00,EP062026,10,2026-07-29 00:00:00,3 days 06:00:00,78,22.02,-154.0,1007.1,30.8,72.69750778747311,0.0,0.0,0.0,0.0,0.0,0.0,0.0,0.0,0.0,0.0,0.0,0.0
2026-07-25 18:00:00,EP062026,10,2026-07-29 06:00:00,3 days 12:00:00,84,22.14,-155.07,1007.4,27.0,148.84102931062566,0.0,0.0,0.0,0.0,0.0,0.0,0.0,0.0,0.0,0.0,0.0,0.0
2026-07-25 18:00:00,EP062026,10,2026-07-29 12:00:00,3 days 18:00:00,90,21.92,-155.77,1007.3,27.7,79.2382479337713,0.0,0.0,0.0,0.0,0.0,0.0,0.0,0.0,0.0,0.0,0.0,0.0
2026-07-25 18:00:00,EP062026,10,2026-07-29 18:00:00,4 days 00:00:00,96,22.6,-157.32,1008.1,21.8,125.24761060207356,0.0,0.0,0.0,0.0,0.0,0.0,0.0,0.0,0.0,0.0,0.0,0.0
2026-07-25 18:00:00,EP072026,10,2026-07-25 18:00:00,0 days 00:00:00,0,11.2,-105.1,995.0,54.0,28.0,204.0,167.0,56.0,130.0,56.0,37.0,,,0.0,0.0,0.0,0.0
2026-07-25 18:00:00,EP072026,10,2026-07-26 00:00:00,0 days 06:00:00,6,11.74,-106.47,992.3,63.0,36.35937675441206,109.9034038600976,79.60779468344342,36.57541888914655,82.2268084725336,43.63130197106584,31.604459321451525,18.060776168183025,32.17984292473161,0.0,0.0,0.0,0.0
2026-07-25 18:00:00,EP072026,10,2026-07-26 06:00:00,0 days 12:00:00,12,12.34,-107.22,996.1,57.4,50.522092968692526,126.47625637875572,103.25806877028374,61.0497271622188,103.0417726812552,50.522092968692526,20.96475517244865,10.22758836204376,20.675640755360263,0.0,0.0,0.0,0.0
2026-07-25 18:00:00,EP072026,10,2026-07-26 12:00:00,0 days 18:00:00,18,13.18,-108.45,986.0,72.8,48.26859625820785,182.19265430286487,152.31386600434814,86.96253517650968,143.10183987797916,91.36344878064278,74.6073156801126,50.06788187954516,71.53346411930397,48.26859625820785,16.508212147799732,10.602829266222995,16.91354386627968
2026-07-25 18:00:00,EP072026,10,2026-07-26 18:00:00,1 days 00:00:00,24,13.53,-109.36,963.2,105.5,7.103989855766248,177.5029852503156,162.72752544343416,115.63485082673812,144.80996675094693,78.13573539854511,64.32418469375216,45.58125710240039,63.607682476009614,36.166158583931086,31.482258519889285,24.229645685408933,31.390356188989728
2026-07-25 18:00:00,EP072026,10,2026-07-27 00:00:00,1 days 06:00:00,30,14.3,-110.93,982.0,76.6,27.948436735837856,188.91315849463228,144.40490830620558,80.47700359150039,153.72397476065197,52.80505565471927,35.291125215160505,20.454548442159243,40.03747302838815,27.948436735837856,2.03221200477289,0.0,3.791867998787677
2026-07-25 18:00:00,EP072026,10,2026-07-27 06:00:00,1 days 12:00:00,36,14.69,-111.85,989.4,67.5,27.35503317982299,237.6725777368095,184.00504107404464,112.76588229782368,200.12825368942796,91.71100697580204,72.90480358794358,48.52661073496368,76.7470381171391,27.35503317982299,11.384808207241278,6.8748744530624535,13.185391825034662
2026-07-25 18:00:00,EP072026,10,2026-07-27 12:00:00,1 days 18:00:00,42,15.12,-112.5,975.2,90.9,24.4263547799181,217.22685288545136,186.2732658648312,110.00748363036496,178.16892241240453,90.13867886515168,68.69464460975453,43.11071074018477,70.81982659667167,24.4263547799181,15.675520764999902,10.212092998472418,17.64529423022813
2026-07-25 18:00:00,EP072026,10,2026-07-27 18:00:00,2 days 00:00:00,48,15.63,-113.34,952.8,107.8,18.917801349808165,227.7574541440212,202.94259973472185,116.45848829562108,166.37900837074747,92.11576996737604,77.0692636571566,50.74656527132041,73.38944404345935,30.29552281706925,24.107606545068013,17.9439141022536,24.467345380123064
2026-07-25 18:00:00,EP072026,10,2026-07-28 00:00:00,2 days 06:00:00,54,16.04,-114.63,945.8,113.6,16.90021287429383,142.40198538080256,123.68148275284648,91.26384589819612,127.16930147188071,69.43458137483242,60.01286141554766,54.46628158816995,60.52519505520712,38.906359753343565,36.65797860793524,32.037067956193766,35.50971932577718
2026-07-25 18:00:00,EP072026,10,2026-07-28 06:00:00,2 days 12:00:00,60,16.78,-115.09,981.5,76.5,30.413302750337607,157.9573296170056,133.9968022764442,106.33927787181892,138.21055353720658,102.52038402134347,91.77982108120705,73.5219517579335,89.28961323733529,41.1344595896735,37.75623110399829,30.490744134504894,35.816549516464875
2026-07-25 18:00:00,EP072026,10,2026-07-28 12:00:00,2 days 18:00:00,66,16.84,-115.52,967.5,93.3,52.17031724128685,270.8906991665405,211.6346703941544,138.07114560342535,211.6317518897456,114.97028835151384,91.13403708111142,63.06059877582282,94.90986759382264,52.17031724128685,37.97665817701774,28.75718989986244,38.792095083795004
2026-07-25 18:00:00,EP072026,10,2026-07-28 18:00:00,3 days 00:00:00,72,17.25,-116.12,969.5,89.2,24.566068932670195,270.0945617614517,237.86792300000064,176.06741162023238,219.9370823141051,106.59344103259508,88.46373515389652,61.64625120896285,85.73832179572798,24.566068932670195,13.699494749428792,9.261453637639576,14.927525036522914
2026-07-25 18:00:00,EP072026,10,2026-07-29 00:00:00,3 days 06:00:00,78,17.63,-116.76,964.7,103.6,32.565787713209744,251.72762295921257,222.10582083251148,126.02930825008872,203.57572721980495,92.83215528401124,73.87535474008178,51.818156736604095,75.6238430713962,48.60572472461224,42.12462038055759,31.78407323076352,41.227569785286704
2026-07-25 18:00:00,EP072026,10,2026-07-29 06:00:00,3 days 12:00:00,84,17.69,-117.54,973.6,83.3,30.892637036388354,266.3593835616184,210.97783081698503,151.98965497134435,237.8730007703582,113.6343941553451,92.41360534214336,67.22235937734798,96.75147176311248,35.234526378722194,30.075621337743083,21.84420248465957,30.566549105056296
2026-07-25 18:00:00,EP072026,10,2026-07-29 12:00:00,3 days 18:00:00,90,18.41,-118.35,978.2,81.1,26.354228897806024,212.13505518742613,152.62299807669206,99.36242945014736,169.73124786992094,107.0993134648379,87.92984815947102,64.621535206359,88.80373984547714,39.28182058373045,33.92297753859282,25.935541946095213,34.296774709994224
2026-07-25 18:00:00,EP072026,10,2026-07-29 18:00:00,4 days 00:00:00,96,18.59,-119.09,980.0,76.3,59.04696281213239,247.726608421812,186.0471755492414,139.6797806762732,200.78099168734397,111.1822762427716,89.03328122406128,66.58563986772052,91.54903079135396,59.04696281213239,28.25722839515023,21.159476956493798,29.45199997783114
2026-07-25 18:00:00,EP072026,10,2026-07-30 00:00:00,4 days 06:00:00,102,19.02,-119.84,975.0,82.2,13.401723176060342,221.0078949210723,181.55913383443416,131.0600413825613,173.94520195838814,65.32600280459856,51.42926718272415,34.00049902657592,51.48570017217198,13.401723176060342,8.347255493151668,5.402466076578049,9.686408463157557
2026-07-25 18:00:00,EP072026,10,2026-07-30 06:00:00,4 days 12:00:00,108,19.35,-120.79,982.1,76.8,33.42936795753956,209.2666297225057,179.53521319865695,119.18941623091546,157.36952515216606,66.74246991175326,52.42990842986998,33.16953653084555,51.08606894451087,33.42936795753956,1.6657627609525147,0.0,2.502353684397398
2026-07-25 18:00:00,EP072026,10,2026-07-30 12:00:00,4 days 18:00:00,114,19.7,-122.02,991.6,61.4,19.81426823517544,210.93837766433856,175.19542956202497,122.93970493073223,154.69857986151612,102.75760152262336,87.45362277045643,62.38261278851347,80.83496429684408,0.0,0.0,0.0,0.0
2026-07-25 18:00:00,EP072026,10,2026-07-30 18:00:00,5 days 00:00:00,120,19.87,-123.01,982.4,65.6,36.696649783099474,192.17475662434867,147.44511597431847,125.9297427347672,163.01557970905776,79.22818970330454,65.0847554762071,48.9876872917436,65.94918406307178,36.696649783099474,6.289988143554034,3.1938968493081266,6.566529074302888
2026-07-25 18:00:00,EP072026,10,2026-07-31 00:00:00,5 days 06:00:00,126,20.11,-123.34,997.2,58.0,100.50597352211024,223.69888494945556,218.1296118534915,174.88981217830087,190.7167000169111,100.50597352211024,0.0,0.0,0.0,0.0,0.0,0.0,0.0
2026-07-25 18:00:00,EP072026,10,2026-07-31 06:00:00,5 days 12:00:00,132,20.72,-124.24,1001.6,44.3,38.95351200970556,119.64683228809628,111.09824377082504,82.20414474608859,95.4729015612517,0.0,0.0,0.0,0.0,0.0,0.0,0.0,0.0
2026-07-25 18:00:00,EP072026,10,2026-07-31 12:00:00,5 days 18:00:00,138,21.35,-125.43,1001.6,43.3,57.61586020805953,58.98559348157755,39.48830945731254,23.2548798426983,47.8196888437476,0.0,0.0,0.0,0.0,0.0,0.0,0.0,0.0
2026-07-25 18:00:00,EP072026,10,2026-07-31 18:00:00,6 days 00:00:00,144,21.78,-126.35,1006.4,33.0,72.73599689651992,0.0,0.0,0.0,0.0,0.0,0.0,0.0,0.0,0.0,0.0,0.0,0.0
2026-07-25 18:00:00,EP072026,10,2026-08-01 00:00:00,6 days 06:00:00,150,22.39,-127.52,1001.5,35.2,91.5397019560378,91.5397019560378,1.1059473626243843,0.0,2.192790747503848,0.0,0.0,0.0,0.0,0.0,0.0,0.0,0.0
2026-07-25 18:00:00,EP072026,10,2026-08-01 06:00:00,6 days 12:00:00,156,22.69,-128.79,1005.9,33.0,49.08277580891024,0.0,0.0,0.0,0.0,0.0,0.0,0.0,0.0,0.0,0.0,0.0,0.0
2026-07-25 18:00:00,EP072026,10,2026-08-01 12:00:00,6 days 18:00:00,162,23.09,-129.93,1003.8,30.3,109.62815680287898,0.0,0.0,0.0,0.0,0.0,0.0,0.0,0.0,0.0,0.0,0.0,0.0
2026-07-25 18:00:00,EP072026,10,2026-08-01 18:00:00,7 days 00:00:00,168,23.55,-130.89,1009.7,25.5,117.55671485030244,0.0,0.0,0.0,0.0,0.0,0.0,0.0,0.0,0.0,0.0,0.0,0.0
2026-07-25 18:00:00,EP072026,10,2026-08-02 00:00:00,7 days 06:00:00,174,23.95,-132.48,1009.2,23.3,88.38616197359758,0.0,0.0,0.0,0.0,0.0,0.0,0.0,0.0,0.0,0.0,0.0,0.0
2026-07-25 18:00:00,EP072026,10,2026-08-02 06:00:00,7 days 12:00:00,180,23.74,-133.6,1013.6,22.7,170.65331633842743,0.0,0.0,0.0,0.0,0.0,0.0,0.0,0.0,0.0,0.0,0.0,0.0
2026-07-25 18:00:00,EP072026,10,2026-08-02 12:00:00,7 days 18:00:00,186,24.02,-133.91,1008.5,24.7,104.28452768768084,0.0,0.0,0.0,0.0,0.0,0.0,0.0,0.0,0.0,0.0,0.0,0.0
2026-07-25 18:00:00,EP072026,10,2026-08-02 18:00:00,8 days 00:00:00,192,24.45,-135.32,1008.9,26.7,76.91645987170406,0.0,0.0,0.0,0.0,0.0,0.0,0.0,0.0,0.0,0.0,0.0,0.0
2026-07-25 18:00:00,WP112026,10,2026-07-25 18:00:00,0 days 00:00:00,0,22.4,115.1,967.0,84.0,27.0,222.0,204.0,167.0,195.0,,,,,,,,
2026-07-25 18:00:00,WP112026,10,2026-07-26 00:00:00,0 days 06:00:00,6,22.84,114.44,967.4,78.9,30.78719157005032,144.43868688380954,122.79418427807865,90.92862483609996,104.46520302630378,30.78719157005032,9.47114767965759,2.917202738356865,13.88363265208394,30.78719157005032,0.0,0.0,0.8306739597250435
2026-07-25 18:00:00,WP112026,10,2026-07-26 06:00:00,0 days 12:00:00,12,23.83,114.07,986.0,51.5,57.992956378673696,102.62104516733,84.3252071376088,54.9350569403211,72.92122825156235,57.992956378673696,0.0,0.0,0.0,0.0,0.0,0.0,0.0
2026-07-25 18:00:00,WP112026,10,2026-07-26 12:00:00,0 days 18:00:00,18,24.6,113.76,998.5,33.1,37.198492242514384,0.0,0.0,0.0,0.0,0.0,0.0,0.0,0.0,0.0,0.0,0.0,0.0
2026-07-25 18:00:00,WP112026,10,2026-07-26 18:00:00,1 days 00:00:00,24,25.25,113.23,997.3,28.5,113.90888982283096,0.0,0.0,0.0,0.0,0.0,0.0,0.0,0.0,0.0,0.0,0.0,0.0
2026-07-25 18:00:00,WP112026,10,2026-07-27 00:00:00,1 days 06:00:00,30,26.7,113.11,999.6,22.5,78.49594030772835,0.0,0.0,0.0,0.0,0.0,0.0,0.0,0.0,0.0,0.0,0.0,0.0
2026-07-25 18:00:00,WP112026,10,2026-07-27 06:00:00,1 days 12:00:00,36,27.48,112.83,1003.4,18.5,69.14955064348224,0.0,0.0,0.0,0.0,0.0,0.0,0.0,0.0,0.0,0.0,0.0,0.0
2026-07-25 18:00:00,WP112026,10,2026-07-27 12:00:00,1 days 18:00:00,42,28.03,112.09,1005.6,17.1,65.66027477959527,0.0,0.0,0.0,0.0,0.0,0.0,0.0,0.0,0.0,0.0,0.0,0.0
2026-07-25 18:00:00,WP112026,10,2026-07-27 18:00:00,2 days 00:00:00,48,28.49,111.55,1006.5,16.8,64.85817626956158,0.0,0.0,0.0,0.0,0.0,0.0,0.0,0.0,0.0,0.0,0.0,0.0
2026-07-25 18:00:00,EP062026,11,2026-07-25 18:00:00,0 days 00:00:00,0,19.2,-137.0,971.0,86.0,56.0,297.0,241.0,185.0,297.0,130.0,74.0,74.0,111.0,65.0,46.0,37.0,65.0
2026-07-25 18:00:00,EP062026,11,2026-07-26 00:00:00,0 days 06:00:00,6,19.28,-138.08,979.6,78.9,43.21853410707922,245.78838413745507,183.3775657553813,140.91917764373633,225.5322820430739,117.04915864905075,86.09881286114565,63.17917350815088,98.91323548640548,60.19320813867349,49.15425370482572,41.05583884763171,51.93855803771002
2026-07-25 18:00:00,EP062026,11,2026-07-26 06:00:00,0 days 12:00:00,12,19.69,-139.42,981.8,67.3,60.23112646071269,257.0906053045785,232.3538730145243,170.8620597223033,213.09409637050567,122.23363265216368,105.3303781392195,82.95495318734896,101.74406147612274,60.23112646071269,35.67452141917147,28.743487473717657,33.0493247349959
2026-07-25 18:00:00,EP062026,11,2026-07-26 12:00:00,0 days 18:00:00,18,19.55,-140.24,979.4,80.1,47.11305028601021,222.1354350781108,155.31902726850316,110.54139642276871,198.57168958867817,102.24801222309188,75.67657681225492,55.40825117431806,83.51666679635714,47.11305028601021,35.14953333265801,29.198380108065905,38.472009860589
2026-07-25 18:00:00,EP062026,11,2026-07-26 18:00:00,1 days 00:00:00,24,19.92,-141.32,983.0,67.6,34.96648275795634,239.79124764248724,196.747213371402,151.81982468846186,219.24346405517235,131.4575296675253,106.42281285873514,81.85746779624236,112.9965348231569,42.50423095697685,36.02017045007787,28.31410250671612,35.371979337586005
2026-07-25 18:00:00,EP062026,11,2026-07-27 00:00:00,1 days 06:00:00,30,19.94,-142.51,986.2,60.9,24.320421900403684,227.8754866923821,203.34771855911805,149.0185842422551,189.1378597782096,102.3573497744302,85.85404882899772,64.45323744138193,82.36221154151535,0.0,0.0,0.0,0.0
2026-07-25 18:00:00,EP062026,11,2026-07-27 06:00:00,1 days 12:00:00,36,20.31,-143.8,988.2,63.0,59.78362684203784,221.1064666855759,182.2679153886045,126.93549680408876,184.04203027657323,59.78362684203784,17.674085360028712,8.878384904511819,17.326518460286906,0.0,0.0,0.0,0.0
2026-07-25 18:00:00,EP062026,11,2026-07-27 12:00:00,1 days 18:00:00,42,20.33,-145.04,986.1,69.6,46.92533944854246,241.46928583535103,177.6142187813942,112.87816891235504,208.236202032178,122.06134033620282,93.38915578307468,66.69871542100694,98.29414479539304,46.92533944854246,22.90363737717301,17.396575751232753,24.99816518953239
2026-07-25 18:00:00,EP062026,11,2026-07-27 18:00:00,2 days 00:00:00,48,20.87,-146.71,994.3,61.3,47.63168301493053,207.0211785878316,174.50849721305835,104.96847344310775,164.35822539606608,47.63168301493053,0.414361053557025,0.0,3.9196796761713415,0.0,0.0,0.0,0.0
2026-07-25 18:00:00,EP062026,11,2026-07-28 00:00:00,2 days 06:00:00,54,21.16,-148.28,1003.3,42.0,97.8720063517957,185.01434632607217,149.1286238978035,100.19279505950868,152.6372958987517,0.0,0.0,0.0,0.0,0.0,0.0,0.0,0.0
2026-07-25 18:00:00,EP062026,11,2026-07-28 06:00:00,2 days 12:00:00,60,21.01,-149.67,1001.3,39.1,88.74894079913211,88.74894079913211,8.949665447107174,0.0,13.158697447339671,0.0,0.0,0.0,0.0,0.0,0.0,0.0,0.0
2026-07-25 18:00:00,EP062026,11,2026-07-28 12:00:00,2 days 18:00:00,66,21.45,-151.37,1004.8,37.2,158.24978498910144,158.24978498910144,104.11787691232529,63.16338690470316,112.82749165606424,0.0,0.0,0.0,0.0,0.0,0.0,0.0,0.0
2026-07-25 18:00:00,EP062026,11,2026-07-28 18:00:00,3 days 00:00:00,72,21.92,-152.73,1004.9,28.7,131.27296116354654,0.0,0.0,0.0,0.0,0.0,0.0,0.0,0.0,0.0,0.0,0.0,0.0
2026-07-25 18:00:00,EP062026,11,2026-07-29 00:00:00,3 days 06:00:00,78,22.9,-153.17,1005.4,33.6,113.83346218107668,0.0,0.0,0.0,0.0,0.0,0.0,0.0,0.0,0.0,0.0,0.0,0.0
2026-07-25 18:00:00,EP072026,11,2026-07-25 18:00:00,0 days 00:00:00,0,11.2,-105.1,995.0,54.0,28.0,204.0,167.0,56.0,130.0,56.0,37.0,,,0.0,0.0,0.0,0.0
2026-07-25 18:00:00,EP072026,11,2026-07-26 00:00:00,0 days 06:00:00,6,11.97,-106.46,999.4,53.4,54.617357267472414,127.6731107724246,97.62066797886985,68.02337030018111,108.5454579664114,54.617357267472414,20.58053673559704,13.24696630931716,21.05332418927634,0.0,0.0,0.0,0.0
2026-07-25 18:00:00,EP072026,11,2026-07-26 06:00:00,0 days 12:00:00,12,12.59,-107.86,997.5,61.5,57.9091149894521,133.83667669962352,112.44398575405144,79.1573951869632,101.66264679266196,57.9091149894521,34.246410036729195,21.07581338659901,35.56468171677836,0.0,0.0,0.0,0.0
2026-07-25 18:00:00,EP072026,11,2026-07-26 12:00:00,0 days 18:00:00,18,13.26,-108.84,983.5,87.6,58.98103896735256,172.19457349474882,143.717224145417,100.06687760442468,136.20331798838197,74.3004768067171,50.8495530303842,32.09946554501793,58.36769519698141,58.98103896735256,32.68633239932068,26.70191189506627,33.462542581975434
2026-07-25 18:00:00,EP072026,11,2026-07-26 18:00:00,1 days 00:00:00,24,14.08,-110.11,983.6,76.7,34.74527291225512,211.8769319203843,174.7195228509043,113.98656849313431,167.90720007043194,87.04500148407496,68.52182515299307,46.91903739275036,72.11285984825993,35.68463927817923,29.899242284266784,23.690361626637333,29.847855712091157
2026-07-25 18:00:00,EP072026,11,2026-07-27 00:00:00,1 days 06:00:00,30,14.6,-110.93,969.2,96.0,14.41421508275485,243.07121260720083,205.96013451154724,119.46606750803257,185.447737722516,115.98048122236384,86.3860588548085,57.65808059197508,90.54130233037807,45.24345024661103,36.426204966667385,28.50976548442782,38.21558625426391
2026-07-25 18:00:00,EP072026,11,2026-07-27 06:00:00,1 days 12:00:00,36,15.08,-111.91,965.1,97.9,21.117452359130795,241.5049345709556,213.75503476390563,148.84954725371475,193.2916551709556,69.15568143207076,51.96258345625154,29.102166269723103,49.12236977306959,21.117452359130795,4.866032793699574,1.2406991224881152,6.278388869110389
2026-07-25 18:00:00,EP072026,11,2026-07-27 12:00:00,1 days 18:00:00,42,15.81,-112.61,964.1,101.1,12.773724807876144,262.5903366997864,228.9259663246462,141.26849699259574,213.86005587302327,112.51940070108375,86.74466188062446,57.62388876396685,86.11323373308122,50.51998994764985,41.42435948512153,32.328199102780715,43.05436887599437
2026-07-25 18:00:00,EP072026,11,2026-07-27 18:00:00,2 days 00:00:00,48,16.58,-113.43,952.8,109.5,17.98270734222176,281.8848949448463,257.8437538641012,164.33662799583766,212.8453358483057,22.445241748689615,9.516964002925596,0.0,12.73369614932329,17.98270734222176,1.2512279372452202,0.0,1.0691610630807304
2026-07-25 18:00:00,EP072026,11,2026-07-28 00:00:00,2 days 06:00:00,54,16.91,-114.25,934.0,141.7,0.0,171.3493776697657,136.3675280913125,131.10812234937583,166.61584986881883,74.12217107222983,57.503709655585,48.61342006629621,66.24641387814344,53.13318110518652,45.45586827904068,39.04147924894306,49.2704985951816
2026-07-25 18:00:00,EP072026,11,2026-07-28 06:00:00,2 days 12:00:00,60,17.75,-115.08,985.5,66.3,106.02122308309316,315.0886690118086,305.6750600907914,202.62655873066217,256.35753465605734,106.02122308309316,30.239614454958392,20.04083237712257,27.01296736090066,106.02122308309316,0.0,0.0,0.6200164823068488
2026-07-25 18:00:00,EP072026,11,2026-07-28 12:00:00,2 days 18:00:00,66,18.29,-115.63,977.9,74.5,67.04967247398952,242.83731400752447,213.71280293734435,147.76748181503,191.420325381848,67.04967247398952,6.949000621569986,0.5336023954971587,10.446980900842355,67.04967247398952,0.0,0.0,0.1280472223298954
2026-07-25 18:00:00,EP072026,11,2026-07-28 18:00:00,3 days 00:00:00,72,18.66,-116.8,983.3,71.2,60.47288990622482,315.43018223464014,271.8922031751408,185.17487268519332,266.2054033636339,131.15188510152518,108.40359083946991,77.56284204375976,100.21269273150529,60.47288990622482,15.02880364276021,10.233826956421336,14.320282871976085
2026-07-25 18:00:00,EP072026,11,2026-07-29 00:00:00,3 days 06:00:00,78,19.25,-117.52,985.6,68.9,70.00417557845424,273.805762401016,246.75069470042556,150.23220394396475,216.60621521373176,107.4077987805864,81.59013765923055,54.76647459961828,81.07978207939976,70.00417557845424,16.661119565252,12.066413311437982,16.78694735178241
2026-07-25 18:00:00,EP072026,11,2026-07-29 06:00:00,3 days 12:00:00,84,19.39,-118.46,982.4,72.2,72.30161241861748,243.28589484487952,207.94926341836464,142.2939532531219,188.43382807711785,72.30161241861748,0.1361287832610997,0.0,2.216519009717098,72.30161241861748,0.1361287832610997,0.0,0.2072378062707187
2026-07-25 18:00:00,EP072026,11,2026-07-29 12:00:00,3 days 18:00:00,90,19.68,-119.46,983.6,67.3,61.59873337496739,286.1537571965448,259.3958477468027,179.39722839251172,224.43785492543375,61.59873337496739,3.5044485691460987,0.0,6.14999982614242,61.59873337496739,0.0,0.0,0.0
2026-07-25 18:00:00,EP072026,11,2026-07-29 18:00:00,4 days 00:00:00,96,19.9,-120.72,993.6,54.0,58.13746094813497,205.33109469690868,190.10134127635305,137.8710768199184,172.30082384245293,58.13746094813497,0.0,0.0,0.0,0.0,0.0,0.0,0.0
2026-07-25 18:00:00,EP072026,11,2026-07-30 00:00:00,4 days 06:00:00,102,20.23,-121.51,994.6,48.3,101.2680998035166,268.64594786621143,228.22541741583547,173.66531040889708,208.9297083760233,0.0,0.0,0.0,0.0,0.0,0.0,0.0,0.0
2026-07-25 18:00:00,EP072026,11,2026-07-30 06:00:00,4 days 12:00:00,108,20.61,-122.9,999.2,45.0,83.33419287936454,271.9358422240375,242.79836691410765,196.03175926671065,230.96916128769223,0.0,0.0,0.0,0.0,0.0,0.0,0.0,0.0
2026-07-25 18:00:00,EP072026,11,2026-07-30 12:00:00,4 days 18:00:00,114,20.8,-124.03,996.7,45.0,72.64057146478538,191.01162352514015,141.90225552552312,116.74951043861802,167.54058117326483,0.0,0.0,0.0,0.0,0.0,0.0,0.0,0.0
2026-07-25 18:00:00,EP072026,11,2026-07-30 18:00:00,5 days 00:00:00,120,20.64,-125.31,1003.0,35.1,66.17690333813988,112.21448639142476,85.72346910764996,64.83144747239277,96.71180297977686,0.0,0.0,0.0,0.0,0.0,0.0,0.0,0.0
2026-07-25 18:00:00,EP072026,11,2026-07-31 00:00:00,5 days 06:00:00,126,20.8,-126.1,1004.7,31.5,66.75358777759789,0.0,0.0,0.0,0.0,0.0,0.0,0.0,0.0,0.0,0.0,0.0,0.0
2026-07-25 18:00:00,EP072026,11,2026-07-31 06:00:00,5 days 12:00:00,132,20.85,-127.43,1004.7,34.5,87.5851405450475,87.5851405450475,0.0,0.0,0.0,0.0,0.0,0.0,0.0,0.0,0.0,0.0,0.0
2026-07-25 18:00:00,EP072026,11,2026-07-31 12:00:00,5 days 18:00:00,138,20.84,-128.58,1005.0,38.3,76.15292887482342,6.187481507374699,0.0,0.0,76.15292887482342,0.0,0.0,0.0,0.0,0.0,0.0,0.0,0.0
2026-07-25 18:00:00,EP072026,11,2026-07-31 18:00:00,6 days 00:00:00,144,21.2,-129.25,1002.0,34.2,95.62295492710238,95.62295492710238,0.0,0.0,0.0,0.0,0.0,0.0,0.0,0.0,0.0,0.0,0.0
2026-07-25 18:00:00,EP072026,11,2026-08-01 00:00:00,6 days 06:00:00,150,21.32,-130.5,1006.3,34.3,156.81206091842796,201.2142430814365,156.6667941991709,114.17494447992816,174.80197730440975,0.0,0.0,0.0,0.0,0.0,0.0,0.0,0.0
2026-07-25 18:00:00,EP072026,11,2026-08-01 06:00:00,6 days 12:00:00,156,21.27,-132.17,1007.1,28.4,66.95106422102481,0.0,0.0,0.0,0.0,0.0,0.0,0.0,0.0,0.0,0.0,0.0,0.0
2026-07-25 18:00:00,EP072026,11,2026-08-01 12:00:00,6 days 18:00:00,162,21.34,-133.29,997.5,41.0,0.0,19.846086281245817,10.97718899001859,21.127576782092824,12.164890428261558,0.0,0.0,0.0,0.0,0.0,0.0,0.0,0.0
2026-07-25 18:00:00,EP072026,11,2026-08-01 18:00:00,7 days 00:00:00,168,21.16,-134.57,1009.4,29.7,133.00107679641576,0.0,0.0,0.0,0.0,0.0,0.0,0.0,0.0,0.0,0.0,0.0,0.0
2026-07-25 18:00:00,EP072026,11,2026-08-02 00:00:00,7 days 06:00:00,174,21.52,-135.52,1007.5,23.7,74.75676483875145,0.0,0.0,0.0,0.0,0.0,0.0,0.0,0.0,0.0,0.0,0.0,0.0
2026-07-25 18:00:00,WP112026,11,2026-07-25 18:00:00,0 days 00:00:00,0,22.4,115.1,967.0,84.0,27.0,222.0,204.0,167.0,195.0,,,,,,,,
2026-07-25 18:00:00,WP112026,11,2026-07-26 00:00:00,0 days 06:00:00,6,22.98,114.48,971.0,69.6,21.432250070062334,207.9232082581179,196.7502620855,177.06648930630857,174.39531844049793,101.89113931184222,97.61102199974174,73.45515874767173,92.20151411675307,25.100850054906974,20.455492921303083,14.41208716004434,20.05502350624998
2026-07-25 18:00:00,WP112026,11,2026-07-26 06:00:00,0 days 12:00:00,12,23.62,113.97,986.7,50.8,35.875670299721946,63.62066706848037,57.13363489272668,48.95544072913095,53.08416971330461,0.2382083542232429,0.0,0.0,35.875670299721946,0.0,0.0,0.0,0.0
2026-07-25 18:00:00,WP112026,11,2026-07-26 12:00:00,0 days 18:00:00,18,23.97,113.99,985.7,49.0,28.22001476899897,69.94282704286402,71.87555575271557,55.54652800768479,63.71316163454188,0.0,0.0,0.0,0.0,0.0,0.0,0.0,0.0
2026-07-25 18:00:00,WP112026,11,2026-07-26 18:00:00,1 days 00:00:00,24,25.24,113.68,1002.1,30.4,53.45857938487627,0.0,0.0,0.0,0.0,0.0,0.0,0.0,0.0,0.0,0.0,0.0,0.0
2026-07-25 18:00:00,WP112026,11,2026-07-27 00:00:00,1 days 06:00:00,30,26.41,113.51,1001.4,22.1,84.16446478020019,0.0,0.0,0.0,0.0,0.0,0.0,0.0,0.0,0.0,0.0,0.0,0.0
2026-07-25 18:00:00,WP112026,11,2026-07-27 06:00:00,1 days 12:00:00,36,27.31,113.52,999.8,19.2,98.2967436032085,0.0,0.0,0.0,0.0,0.0,0.0,0.0,0.0,0.0,0.0,0.0,0.0
2026-07-25 18:00:00,WP112026,11,2026-07-27 12:00:00,1 days 18:00:00,42,27.67,112.87,1002.5,15.0,164.69203456650013,0.0,0.0,0.0,0.0,0.0,0.0,0.0,0.0,0.0,0.0,0.0,0.0
2026-07-25 18:00:00,EP062026,12,2026-07-25 18:00:00,0 days 00:00:00,0,19.2,-137.0,971.0,86.0,56.0,297.0,241.0,185.0,297.0,130.0,74.0,74.0,111.0,65.0,46.0,37.0,65.0
2026-07-25 18:00:00,EP062026,12,2026-07-26 00:00:00,0 days 06:00:00,6,19.33,-138.02,978.8,78.1,56.02306244351699,214.0737632690152,164.07421822145375,131.3306964761257,177.83125693818084,83.85629909812225,70.00469890112177,50.26041318238969,69.88467497458907,56.02306244351699,33.43226790178515,24.73212897714401,33.75002372859845
2026-07-25 18:00:00,EP062026,12,2026-07-26 06:00:00,0 days 12:00:00,12,19.75,-139.28,984.5,72.0,20.962183419150826,174.95733108086307,156.5439888480988,124.84759601034716,156.98873762529587,90.22471048967486,76.89189674588629,57.745358716142576,76.40792745730381,41.883950431938366,35.67451454006428,27.223392864046403,35.158267056331695
2026-07-25 18:00:00,EP062026,12,2026-07-26 12:00:00,0 days 18:00:00,18,19.91,-140.49,979.8,76.9,16.36222350378352,203.8582064707045,154.92097235207495,117.14106262411872,179.82198521934487,95.78584397513175,78.81403121325724,56.6037440917989,80.36402406833545,43.78757417309097,36.14295351229661,27.04102612933457,36.44504689352688
2026-07-25 18:00:00,EP062026,12,2026-07-26 18:00:00,1 days 00:00:00,24,20.2,-141.76,988.5,63.4,58.2837292443225,202.2932056191437,172.27459108888377,128.102972313502,157.58681374024832,58.2837292443225,3.223806609461313,0.0,3.057925807684799,0.0,0.0,0.0,0.0
2026-07-25 18:00:00,EP062026,12,2026-07-27 00:00:00,1 days 06:00:00,30,20.4,-142.93,985.0,69.0,51.65042211299993,175.2064812986317,138.85466847915905,99.56727644119124,148.9286612230002,85.69217714190255,76.14820330137401,57.69434749940829,69.16693345595476,51.65042211299993,1.1201959434920623,0.0,2.553953863020396
2026-07-25 18:00:00,EP062026,12,2026-07-27 06:00:00,1 days 12:00:00,36,20.68,-143.94,992.2,61.7,59.55913487931928,217.62005160973732,192.5209791930564,142.4740976745593,178.4533829739873,59.55913487931928,13.52514420229786,7.64956713994151,12.751949448819545,0.0,0.0,0.0,0.0
2026-07-25 18:00:00,EP062026,12,2026-07-27 12:00:00,1 days 18:00:00,42,21.06,-145.6,992.3,57.0,48.19528370171557,197.6052033377263,152.31675038862232,92.94537334680518,154.76373068551277,48.70999688188557,40.27118040684394,29.890863127052068,38.234477005074645,0.0,0.0,0.0,0.0
2026-07-25 18:00:00,EP062026,12,2026-07-27 18:00:00,2 days 00:00:00,48,21.62,-146.88,986.4,69.0,22.583625910645424,215.38514248974596,146.90487355703976,100.4852975984984,182.0273919411948,80.32891210862965,59.484685276065534,38.77726564802043,67.6343834800374,34.16987500852525,25.202675148981427,16.614073355278194,27.448827377408637
2026-07-25 18:00:00,EP062026,12,2026-07-28 00:00:00,2 days 06:00:00,54,21.69,-148.02,988.8,61.0,24.90631785741874,202.6444291916629,165.77374203982905,111.90734472771172,160.94228494918224,112.09512315889508,103.53278284437752,85.50728619249935,92.43589289596297,0.0,0.0,0.0,0.0
2026-07-25 18:00:00,EP062026,12,2026-07-28 06:00:00,2 days 12:00:00,60,22.13,-149.08,992.2,61.7,33.50994054147727,185.4523106464938,138.0921311786928,93.1132750617655,146.1527371899225,40.0413099191477,31.411893151615363,16.592743720570393,29.3026084826994,0.0,0.0,0.0,0.0
2026-07-25 18:00:00,EP062026,12,2026-07-28 12:00:00,2 days 18:00:00,66,22.76,-149.6,993.4,66.3,0.0,204.27639214626288,147.3130334072698,86.99671393528456,167.5257251074554,87.9274952720948,67.52543508421445,43.362816391672936,70.13111810703595,35.728631464716614,28.352221399643327,19.11665369539594,28.869421544849278
2026-07-25 18:00:00,EP062026,12,2026-07-28 18:00:00,3 days 00:00:00,72,23.1,-150.83,997.6,47.6,61.32989188888962,201.8687933774754,160.85792638611747,118.35217367535472,165.25203181255347,0.0,0.0,0.0,0.0,0.0,0.0,0.0,0.0
2026-07-25 18:00:00,EP062026,12,2026-07-29 00:00:00,3 days 06:00:00,78,23.33,-152.07,1005.0,43.9,65.7708684849328,201.60631601858097,167.54858038581227,134.28989989769028,165.15413901359756,0.0,0.0,0.0,0.0,0.0,0.0,0.0,0.0
2026-07-25 18:00:00,EP062026,12,2026-07-29 06:00:00,3 days 12:00:00,84,23.47,-152.91,1006.9,38.9,107.68702121338202,107.68702121338202,10.18018998096069,1.2148828124808055,19.492450503154068,0.0,0.0,0.0,0.0,0.0,0.0,0.0,0.0
2026-07-25 18:00:00,EP062026,12,2026-07-29 12:00:00,3 days 18:00:00,90,23.51,-153.9,1008.8,29.8,60.68972850830274,0.0,0.0,0.0,0.0,0.0,0.0,0.0,0.0,0.0,0.0,0.0,0.0
2026-07-25 18:00:00,EP062026,12,2026-07-29 18:00:00,4 days 00:00:00,96,23.77,-155.27,1005.3,37.1,93.82848461492924,4.599384280026285,0.0,0.0,93.82848461492924,0.0,0.0,0.0,0.0,0.0,0.0,0.0,0.0
2026-07-25 18:00:00,EP062026,12,2026-07-30 00:00:00,4 days 06:00:00,102,23.93,-156.65,1009.4,29.7,133.65174609487906,0.0,0.0,0.0,0.0,0.0,0.0,0.0,0.0,0.0,0.0,0.0,0.0
2026-07-25 18:00:00,EP062026,12,2026-07-30 06:00:00,4 days 12:00:00,108,24.41,-157.77,1006.5,26.9,148.95500632744557,0.0,0.0,0.0,0.0,0.0,0.0,0.0,0.0,0.0,0.0,0.0,0.0
2026-07-25 18:00:00,EP062026,12,2026-07-30 12:00:00,4 days 18:00:00,114,23.86,-158.58,1008.8,22.5,71.22292180944228,0.0,0.0,0.0,0.0,0.0,0.0,0.0,0.0,0.0,0.0,0.0,0.0
2026-07-25 18:00:00,EP072026,12,2026-07-25 18:00:00,0 days 00:00:00,0,11.2,-105.1,995.0,54.0,28.0,204.0,167.0,56.0,130.0,56.0,37.0,,,0.0,0.0,0.0,0.0
2026-07-25 18:00:00,EP072026,12,2026-07-26 00:00:00,0 days 06:00:00,6,12.07,-106.06,994.3,62.5,71.8558607318734,148.91385071592856,103.94544650199836,47.422503030490965,104.55046803865996,71.8558607318734,7.101138801562403,0.0,10.12991976638941,0.0,0.0,0.0,0.0
2026-07-25 18:00:00,EP072026,12,2026-07-26 06:00:00,0 days 12:00:00,12,12.61,-107.75,991.5,64.4,49.2253202709888,309.66734355759104,302.16894199236674,252.61707267657133,267.6689339482589,49.2253202709888,0.4297355220151473,0.0,1.0395645194496053,49.2253202709888,0.0,0.0,0.0
2026-07-25 18:00:00,EP072026,12,2026-07-26 12:00:00,0 days 18:00:00,18,13.31,-108.79,995.2,64.4,17.793140669051013,214.02194291315263,150.80134156592885,71.92064181551751,153.03922058929754,50.60316039266746,31.30099750772051,10.738754034606618,33.25892744130155,17.793140669051013,8.590245280828636,3.1244788906697227,10.284504315476235
2026-07-25 18:00:00,EP072026,12,2026-07-26 18:00:00,1 days 00:00:00,24,13.87,-110.06,989.7,70.5,54.22908294297071,160.9232232202309,123.62443090309893,74.51275157391572,115.19245725280172,54.22908294297071,9.968102237463292,0.3455170097416129,7.222198319088179,54.22908294297071,0.161595468758442,0.0,0.6384632685491667
2026-07-25 18:00:00,EP072026,12,2026-07-27 00:00:00,1 days 06:00:00,30,14.23,-110.8,978.0,80.1,45.69367494192899,246.88200005805268,189.32889764696512,124.4710597266131,184.68511091028756,93.98094953396156,75.07225700030799,54.613619239699474,75.4172424591128,45.69367494192899,37.33536057116295,28.739249426736965,37.2866717787484
2026-07-25 18:00:00,EP072026,12,2026-07-27 06:00:00,1 days 12:00:00,36,14.78,-111.88,970.2,89.8,34.97417149806461,234.91528774091037,191.38746146566905,132.9126479128979,191.72091811222208,117.05182708430698,96.70414611136653,71.40065715322191,97.1615426516837,55.7722962256546,47.62084629671256,36.87776221189574,47.619751227248685
2026-07-25 18:00:00,EP072026,12,2026-07-27 12:00:00,1 days 18:00:00,42,15.13,-112.77,954.2,107.5,4.1212871828965945,247.31138909602495,208.04305321111417,146.63208939863017,200.0063017395112,106.9577692115788,86.15632018319707,56.693167181125744,89.23430836305823,51.50353556178925,41.32875903355455,29.53081399635096,42.37605222451373
2026-07-25 18:00:00,EP072026,12,2026-07-27 18:00:00,2 days 00:00:00,48,15.59,-112.92,944.4,116.4,33.17087727204874,254.3572053790722,264.6249137100485,192.596132433444,212.5953076931957,127.65394059881226,116.30010548489226,92.5268535096496,104.635777356536,65.91959981200355,58.93546193812378,48.27388875239524,56.54471601759162
2026-07-25 18:00:00,EP072026,12,2026-07-28 00:00:00,2 days 06:00:00,54,16.21,-113.91,982.5,72.1,43.7056377411387,414.9986226769095,401.9454458876032,339.6340954077243,366.952635052173,61.919131673082006,54.76250563341444,39.473701760160566,49.22930061523724,43.7056377411387,2.2234023849738342,0.3115922965065323,2.934528722571528
2026-07-25 18:00:00,EP072026,12,2026-07-28 06:00:00,2 days 12:00:00,60,17.07,-114.79,974.7,86.6,15.255561444150278,188.08025755822587,174.04842391098134,114.7579062466732,142.29961526518952,87.49289943040733,79.03138529241426,57.41880920418622,71.17671799142961,41.674197669640144,36.76392998237555,27.82802788078476,34.11561217162119
2026-07-25 18:00:00,EP072026,12,2026-07-28 12:00:00,2 days 18:00:00,66,17.41,-115.42,978.0,80.9,16.795539322036646,191.9968468717408,151.37387018428717,96.86938455465778,156.3849527907629,85.74487699117088,65.54176642391872,43.56249545789774,69.32906132832733,36.52198751706135,28.16705412930604,19.314039072148603,29.341439588665445
2026-07-25 18:00:00,EP072026,12,2026-07-28 18:00:00,3 days 00:00:00,72,17.64,-116.43,974.3,85.8,42.125571750199,269.75408920971995,214.78846238296867,151.24704161100027,218.65813013565216,83.69831381369296,63.65562647092902,45.02158089513895,67.59311493366958,42.125571750199,28.744595778387392,21.832811450675365,30.684184762150668
2026-07-25 18:00:00,EP072026,12,2026-07-29 00:00:00,3 days 06:00:00,78,17.87,-117.6,985.3,71.8,20.708036305307232,187.4662030005949,140.24884737477433,101.75726159357036,156.2092407425265,70.29773079087335,52.81091973261319,32.74209338825279,56.178769477584765,27.911990537608624,20.92135864482098,13.806941326758103,21.724337355945963
2026-07-25 18:00:00,EP072026,12,2026-07-29 06:00:00,3 days 12:00:00,84,18.18,-118.17,985.0,67.0,64.48327731353208,186.359931752463,159.1070405171588,126.66508910627738,155.5411927859152,80.92603643677285,74.7349018307903,61.50617802059202,68.23461662115193,64.48327731353208,0.0,0.0,0.0
2026-07-25 18:00:00,EP072026,12,2026-07-29 12:00:00,3 days 18:00:00,90,18.37,-118.8,985.8,66.4,38.84297740136276,294.53631924836736,257.0040472147127,192.79545386816608,249.30682495531343,79.53891215837751,72.00213888575186,54.991588518613625,65.0622890172886,38.84297740136276,0.0,0.0,1.1308245597233617
2026-07-25 18:00:00,EP072026,12,2026-07-29 18:00:00,4 days 00:00:00,96,18.59,-119.84,988.7,59.7,56.78012313462568,216.02918929535008,183.7232556375202,153.14307563606235,178.76877052837517,0.7908133898449705,56.78012313462568,0.0,1.0986492082447512,0.0,0.0,0.0,0.0
2026-07-25 18:00:00,EP072026,12,2026-07-30 00:00:00,4 days 06:00:00,102,19.03,-120.2,986.9,63.3,60.9955133518027,190.89276789399884,164.84303175553435,118.14877413698504,152.4447072279981,120.28942468050636,113.42002215284718,92.1948389576762,98.06442070888116,0.0,0.0,0.0,0.0
2026-07-25 18:00:00,EP072026,12,2026-07-30 06:00:00,4 days 12:00:00,108,19.65,-121.3,987.1,58.9,90.7118960446525,207.20683250187795,176.6081881180409,136.44060932004226,175.95474446638758,90.7118960446525,27.09847396399264,21.26998953768206,25.575496740080112,0.0,0.0,0.0,0.0
2026-07-25 18:00:00,EP072026,12,2026-07-30 12:00:00,4 days 18:00:00,114,20.16,-122.22,995.3,52.0,53.45677574544855,172.48410517453016,146.25364448097525,115.54279514859152,151.5010615455504,74.53928997866016,68.7543245680803,56.35321986557166,61.19837022054212,0.0,0.0,0.0,0.0
2026-07-25 18:00:00,EP072026,12,2026-07-30 18:00:00,5 days 00:00:00,120,20.55,-123.68,994.8,52.1,43.15561047179808,185.2515552986697,152.00061057087123,116.2565848306638,160.6503619172135,43.15561047179808,7.013617166894061,1.915911308450968,6.679034513677463,0.0,0.0,0.0,0.0
2026-07-25 18:00:00,EP072026,12,2026-07-31 00:00:00,5 days 06:00:00,126,21.23,-124.93,996.3,50.6,50.27355139864813,186.3293362716213,156.88110249099554,127.96201083235792,164.64504376694094,50.27355139864813,39.30867989694525,32.20348397887574,36.30832041308895,0.0,0.0,0.0,0.0
2026-07-25 18:00:00,EP072026,12,2026-07-31 06:00:00,5 days 12:00:00,132,21.67,-126.27,997.7,47.7,65.87654184596397,152.2731019047397,118.676626865855,104.76882973206848,138.3812876567785,0.0,0.0,0.0,0.0,0.0,0.0,0.0,0.0
2026-07-25 18:00:00,EP072026,12,2026-07-31 12:00:00,5 days 18:00:00,138,21.94,-127.62,1001.9,35.1,53.53038088082468,69.16143101743516,51.961691848336656,44.66900566981356,63.95171747362431,0.0,0.0,0.0,0.0,0.0,0.0,0.0,0.0
2026-07-25 18:00:00,EP072026,12,2026-07-31 18:00:00,6 days 00:00:00,144,22.16,-128.52,1004.1,35.1,99.04361523804369,99.04361523804369,40.484500714607535,36.523134522458335,55.52071261301114,0.0,0.0,0.0,0.0,0.0,0.0,0.0,0.0
2026-07-25 18:00:00,EP072026,12,2026-08-01 00:00:00,6 days 06:00:00,150,22.55,-129.97,1005.2,35.0,84.66045224163636,84.66045224163636,16.883126868559245,15.94227179774618,32.04920217248794,0.0,0.0,0.0,0.0,0.0,0.0,0.0,0.0
2026-07-25 18:00:00,EP072026,12,2026-08-01 06:00:00,6 days 12:00:00,156,22.83,-131.38,1005.6,28.7,54.60976802490904,0.0,0.0,0.0,0.0,0.0,0.0,0.0,0.0,0.0,0.0,0.0,0.0
2026-07-25 18:00:00,EP072026,12,2026-08-01 12:00:00,6 days 18:00:00,162,23.21,-132.67,1003.0,34.3,90.90887363803472,90.90887363803472,0.0,0.0,2.4792803067743776,0.0,0.0,0.0,0.0,0.0,0.0,0.0,0.0
2026-07-25 18:00:00,EP072026,12,2026-08-01 18:00:00,7 days 00:00:00,168,23.89,-134.08,1005.7,27.4,85.69299265003161,0.0,0.0,0.0,0.0,0.0,0.0,0.0,0.0,0.0,0.0,0.0,0.0
2026-07-25 18:00:00,EP072026,12,2026-08-02 00:00:00,7 days 06:00:00,174,24.11,-135.24,1010.0,22.4,69.00453899546521,0.0,0.0,0.0,0.0,0.0,0.0,0.0,0.0,0.0,0.0,0.0,0.0
2026-07-25 18:00:00,EP072026,12,2026-08-02 06:00:00,7 days 12:00:00,180,24.47,-136.66,1007.4,24.0,85.50868519168579,0.0,0.0,0.0,0.0,0.0,0.0,0.0,0.0,0.0,0.0,0.0,0.0
2026-07-25 18:00:00,EP072026,12,2026-08-02 12:00:00,7 days 18:00:00,186,24.83,-137.8,1008.5,26.6,92.4644981280666,0.0,0.0,0.0,0.0,0.0,0.0,0.0,0.0,0.0,0.0,0.0,0.0
2026-07-25 18:00:00,EP072026,12,2026-08-02 18:00:00,8 days 00:00:00,192,25.45,-138.88,1009.8,23.1,168.6069147756503,0.0,0.0,0.0,0.0,0.0,0.0,0.0,0.0,0.0,0.0,0.0,0.0
2026-07-25 18:00:00,EP072026,12,2026-08-03 00:00:00,8 days 06:00:00,198,25.65,-139.82,1008.3,25.4,67.62399860639562,0.0,0.0,0.0,0.0,0.0,0.0,0.0,0.0,0.0,0.0,0.0,0.0
2026-07-25 18:00:00,WP112026,12,2026-07-25 18:00:00,0 days 00:00:00,0,22.4,115.1,967.0,84.0,27.0,222.0,204.0,167.0,195.0,,,,,,,,
2026-07-25 18:00:00,WP112026,12,2026-07-26 00:00:00,0 days 06:00:00,6,22.85,114.48,953.3,90.2,18.203429939144275,154.2941544534674,150.4035557228325,149.44000764410558,140.19630033696777,0.0,0.0,0.0,18.203429939144275,0.0,0.0,0.0,18.203429939144275
2026-07-25 18:00:00,WP112026,12,2026-07-26 06:00:00,0 days 12:00:00,12,23.67,114.2,990.5,51.1,4.5615373658870535,158.5281861753231,146.56980621033506,103.1329368200094,123.1689485872656,4.734628617036661,3.720694058891387,0.1177667001984188,1.0124543985903738,0.0,0.0,0.0,0.0
2026-07-25 18:00:00,WP112026,12,2026-07-26 12:00:00,0 days 18:00:00,18,24.14,113.67,995.2,39.6,24.680604545224558,119.13816467092244,100.75183317057709,76.12698876817763,82.93495316083929,0.0,0.0,0.0,0.0,0.0,0.0,0.0,0.0
2026-07-25 18:00:00,WP112026,12,2026-07-26 18:00:00,1 days 00:00:00,24,24.58,113.47,997.6,28.2,62.73556740503712,0.0,0.0,0.0,0.0,0.0,0.0,0.0,0.0,0.0,0.0,0.0,0.0
2026-07-25 18:00:00,WP112026,12,2026-07-27 00:00:00,1 days 06:00:00,30,25.83,113.29,1000.9,24.0,99.36266730477222,0.0,0.0,0.0,0.0,0.0,0.0,0.0,0.0,0.0,0.0,0.0,0.0
2026-07-25 18:00:00,WP112026,12,2026-07-27 06:00:00,1 days 12:00:00,36,26.92,113.01,1003.7,17.3,108.67713704201296,0.0,0.0,0.0,0.0,0.0,0.0,0.0,0.0,0.0,0.0,0.0,0.0
2026-07-25 18:00:00,WP112026,12,2026-07-27 12:00:00,1 days 18:00:00,42,27.09,112.77,1002.7,17.8,59.64639937812687,0.0,0.0,0.0,0.0,0.0,0.0,0.0,0.0,0.0,0.0,0.0,0.0
2026-07-25 18:00:00,WP112026,12,2026-07-27 18:00:00,2 days 00:00:00,48,28.31,112.13,1002.9,20.3,69.83208277113793,0.0,0.0,0.0,0.0,0.0,0.0,0.0,0.0,0.0,0.0,0.0,0.0
2026-07-25 18:00:00,WP112026,12,2026-07-28 00:00:00,2 days 06:00:00,54,29.3,112.33,1009.5,12.1,55.3308046812254,0.0,0.0,0.0,0.0,0.0,0.0,0.0,0.0,0.0,0.0,0.0,0.0
2026-07-25 18:00:00,WP112026,12,2026-07-28 06:00:00,2 days 12:00:00,60,30.21,112.11,1009.2,10.8,82.60064004808237,0.0,0.0,0.0,0.0,0.0,0.0,0.0,0.0,0.0,0.0,0.0,0.0
2026-07-25 18:00:00,WP112026,12,2026-07-28 12:00:00,2 days 18:00:00,66,30.72,112.43,1006.1,11.6,62.153390583913975,0.0,0.0,0.0,0.0,0.0,0.0,0.0,0.0,0.0,0.0,0.0,0.0
2026-07-25 18:00:00,EP062026,13,2026-07-25 18:00:00,0 days 00:00:00,0,19.2,-137.0,971.0,86.0,56.0,297.0,241.0,185.0,297.0,130.0,74.0,74.0,111.0,65.0,46.0,37.0,65.0
2026-07-25 18:00:00,EP062026,13,2026-07-26 00:00:00,0 days 06:00:00,6,19.49,-138.25,980.3,75.4,52.36417226962436,251.39665082028864,196.67602345220465,154.81456479060648,206.50988592002383,87.91820514613335,63.20060530907779,44.8109247038559,70.22975907051796,52.36417226962436,19.42275256424712,13.7432645434345,21.34763432366385
2026-07-25 18:00:00,EP062026,13,2026-07-26 06:00:00,0 days 12:00:00,12,19.41,-138.95,978.0,73.8,49.57431394502953,270.17756105956244,223.83023869856584,180.78591737815168,235.56200393312656,88.76151209391458,67.32372596000317,49.44362901060936,73.76233520434522,49.57431394502953,16.68468316641691,12.196092333929585,18.5897685502966
2026-07-25 18:00:00,EP062026,13,2026-07-26 12:00:00,0 days 18:00:00,18,19.82,-140.24,978.6,71.4,16.41351643694253,228.35301043555413,173.94894730864874,122.923586904338,200.8741933351006,111.991484978212,86.23198639357875,61.66558442255587,93.01008103412242,46.93944489816766,39.135851231515055,28.625864234914147,39.55110657680356
2026-07-25 18:00:00,EP062026,13,2026-07-26 18:00:00,1 days 00:00:00,24,19.76,-141.48,980.3,77.5,30.4465460148233,171.90447959048018,109.62145070046114,93.02317933225412,154.64660803845337,106.2718893863615,81.23414131017071,64.5019135602071,93.12834027227716,53.88745549802331,46.33392252659117,36.3052410977846,46.89604237993598
2026-07-25 18:00:00,EP062026,13,2026-07-27 00:00:00,1 days 06:00:00,30,19.88,-142.31,989.5,61.5,45.33004536035333,234.84531636144675,200.49235209332983,148.1203419386802,193.97491627441195,68.32024314116279,54.546854973476,32.49245816680195,50.39505930089945,0.0,0.0,0.0,0.0
2026-07-25 18:00:00,EP062026,13,2026-07-27 06:00:00,1 days 12:00:00,36,20.09,-143.81,989.5,61.9,62.99815212404053,216.6271469188844,168.70799899971257,120.03155064473208,166.3019127852749,62.99815212404053,28.532917681027957,15.15460240542739,26.93002978495784,0.0,0.0,0.0,0.0
2026-07-25 18:00:00,EP062026,13,2026-07-27 12:00:00,1 days 18:00:00,42,20.35,-145.18,997.3,51.9,16.77531177921568,173.37072390114568,121.20492659722696,78.07325087934227,136.53718989814757,17.373168101790696,9.172941745764524,0.0,9.280049640176678,0.0,0.0,0.0,0.0
2026-07-25 18:00:00,EP062026,13,2026-07-27 18:00:00,2 days 00:00:00,48,20.43,-146.38,996.5,53.8,44.26304326217263,178.740166126448,134.00473482919188,83.34587839950439,139.59751371138293,44.26304326217263,17.01631161103606,4.47617248080018,18.167273945706118,0.0,0.0,0.0,0.0
2026-07-25 18:00:00,EP062026,13,2026-07-28 00:00:00,2 days 06:00:00,54,20.82,-147.49,994.3,55.6,76.42933210592074,184.6065119180265,127.5697732182488,93.87752345341784,142.32985674161074,76.42933210592074,11.916375321151998,5.546322819880094,13.444303166498448,0.0,0.0,0.0,0.0
2026-07-25 18:00:00,EP062026,13,2026-07-28 06:00:00,2 days 12:00:00,60,21.17,-148.6,998.3,53.2,23.480762588785066,175.32965326784273,139.64707343156766,102.35275478017536,144.9917972345659,31.78871944710504,22.974249275001245,11.33680150971312,22.08710821698591,0.0,0.0,0.0,0.0
2026-07-25 18:00:00,EP062026,13,2026-07-28 12:00:00,2 days 18:00:00,66,21.11,-150.0,1000.2,46.6,89.00595605150198,89.00595605150198,41.66160372803712,23.46422179853032,47.26002827291934,0.0,0.0,0.0,0.0,0.0,0.0,0.0,0.0
2026-07-25 18:00:00,EP062026,13,2026-07-28 18:00:00,3 days 00:00:00,72,21.02,-151.05,1004.7,38.7,81.70456615716921,81.70456615716921,19.593428151446865,3.4782935428561856,28.841288753051813,0.0,0.0,0.0,0.0,0.0,0.0,0.0,0.0
2026-07-25 18:00:00,EP062026,13,2026-07-29 00:00:00,3 days 06:00:00,78,21.29,-152.11,1006.0,38.7,162.5455882729423,252.96062743319888,215.7766714711332,181.2248985297965,205.06562819575103,0.0,0.0,0.0,0.0,0.0,0.0,0.0,0.0
2026-07-25 18:00:00,EP062026,13,2026-07-29 06:00:00,3 days 12:00:00,84,21.29,-153.44,1006.6,36.2,90.00516670466867,90.00516670466867,8.587572446603758,0.0,3.42915493542742,0.0,0.0,0.0,0.0,0.0,0.0,0.0,0.0
2026-07-25 18:00:00,EP062026,13,2026-07-29 12:00:00,3 days 18:00:00,90,21.4,-154.39,1007.4,29.0,84.46812917888838,0.0,0.0,0.0,0.0,0.0,0.0,0.0,0.0,0.0,0.0,0.0,0.0
2026-07-25 18:00:00,EP062026,13,2026-07-29 18:00:00,4 days 00:00:00,96,21.53,-155.84,1007.1,30.6,92.9162273506105,0.0,0.0,0.0,0.0,0.0,0.0,0.0,0.0,0.0,0.0,0.0,0.0
2026-07-25 18:00:00,EP062026,13,2026-07-30 00:00:00,4 days 06:00:00,102,21.62,-156.9,1007.2,37.6,72.31931434452059,72.31931434452059,16.822497686938863,0.0,18.654775142176614,0.0,0.0,0.0,0.0,0.0,0.0,0.0,0.0
2026-07-25 18:00:00,EP072026,13,2026-07-25 18:00:00,0 days 00:00:00,0,11.2,-105.1,995.0,54.0,28.0,204.0,167.0,56.0,130.0,56.0,37.0,,,0.0,0.0,0.0,0.0
2026-07-25 18:00:00,EP072026,13,2026-07-26 00:00:00,0 days 06:00:00,6,11.78,-106.26,997.5,55.6,68.42376051781267,245.86905661823565,185.8322049788497,124.7860388237993,181.88910107500985,68.42376051781267,28.262875988680417,14.190072565104204,28.892044976285675,0.0,0.0,0.0,0.0
2026-07-25 18:00:00,EP072026,13,2026-07-26 06:00:00,0 days 12:00:00,12,12.69,-107.36,988.1,66.5,35.735657177786294,207.80334731644652,174.63864768831968,100.72945533979846,149.17361123063722,35.735657177786294,20.290332062100564,6.739003602425274,18.74441681537984,35.735657177786294,0.0,0.0,0.0
2026-07-25 18:00:00,EP072026,13,2026-07-26 12:00:00,0 days 18:00:00,18,13.2,-108.74,981.1,73.8,26.826232904223797,174.47943499122013,133.32156817844566,77.11453287478761,139.29864361041425,98.86437988948396,77.72299795078172,51.671043954536,76.41545369891585,42.46528155996218,35.06312597610234,25.137304490602148,35.0475269784918
2026-07-25 18:00:00,EP072026,13,2026-07-26 18:00:00,1 days 00:00:00,24,13.58,-110.03,981.5,81.6,37.953815071859935,282.7511198651809,242.08888325150656,166.75667028089447,236.40704313357128,78.94959553210629,59.85917386390975,37.854235412694834,60.03280163074169,37.953815071859935,11.394797456549613,7.017332631033696,13.155170174817329
2026-07-25 18:00:00,EP072026,13,2026-07-27 00:00:00,1 days 06:00:00,30,13.99,-111.28,982.4,69.6,23.432302810182925,214.23068790896565,178.152299933145,121.85610829644722,168.55410264232572,65.14053091784643,50.125244064804846,34.00153209948511,49.815630695563584,23.432302810182925,13.655780921182856,9.853006512837071,14.294472345728789
2026-07-25 18:00:00,EP072026,13,2026-07-27 06:00:00,1 days 12:00:00,36,14.67,-111.68,971.5,88.2,31.851566862473486,234.06212496388443,190.4808768412188,123.53449255045231,185.0350115230064,88.27267015501512,67.58004492669441,45.89989733600858,69.72655023201581,31.851566862473486,23.79800914707905,17.598469756218904,25.228343912822268
2026-07-25 18:00:00,EP072026,13,2026-07-27 12:00:00,1 days 18:00:00,42,15.34,-112.51,977.6,82.0,46.532665799275854,229.25171178018783,181.5255672943416,127.29462523687836,186.74892420781663,117.16065388991092,96.94009951520992,72.13362682000663,95.60810792336416,51.52470296953019,44.39334495733352,34.01404403253108,43.12860429488363
2026-07-25 18:00:00,EP072026,13,2026-07-27 18:00:00,2 days 00:00:00,48,15.85,-113.07,978.1,80.7,52.26123479829116,248.7988362144403,201.0247322432363,113.8194550657632,192.95150587729955,99.8121023554132,74.26761724718769,47.50654207724763,77.55750396483269,52.26123479829116,30.549961818024123,22.496267488399624,31.93958353058589
2026-07-25 18:00:00,EP072026,13,2026-07-28 00:00:00,2 days 06:00:00,54,16.27,-113.8,949.6,109.0,11.569483295220948,252.09992194101764,214.2554400144162,151.99960871821676,208.60034744165048,109.32098288062404,85.19206562130344,58.35701360505671,88.2650431757698,52.09163201806352,42.84044293921956,32.24104959475397,43.84163861471772
2026-07-25 18:00:00,EP072026,13,2026-07-28 06:00:00,2 days 12:00:00,60,16.68,-114.49,963.9,89.1,46.207792193866624,290.56200182627936,259.7180722918114,175.29908340979978,226.8340828928333,78.25831370501749,60.95229957343582,36.24473095795892,55.77889825988712,46.207792193866624,16.867901597009336,10.008443330088776,16.01316178009627
2026-07-25 18:00:00,EP072026,13,2026-07-28 12:00:00,2 days 18:00:00,66,17.28,-114.86,962.1,96.3,54.79635337509024,238.6092013548796,195.54435801874297,112.9004369818374,183.49675966135052,112.29266178836453,90.1011351174434,64.16336786702686,92.07439791588511,60.426530761013055,51.19441673085066,38.834115659022416,49.936665713441926
2026-07-25 18:00:00,EP072026,13,2026-07-28 18:00:00,3 days 00:00:00,72,17.41,-115.57,956.5,103.1,16.5484654138258,298.34994681426167,256.0962919036766,173.11191320839782,249.7736750394124,120.68964812259082,96.3415278326868,70.10971225439835,100.2278392782741,54.210512135313394,45.67218706185254,35.35754320767475,46.97543014268911
2026-07-25 18:00:00,EP072026,13,2026-07-29 00:00:00,3 days 06:00:00,78,17.68,-115.96,935.9,124.4,42.40772247024191,228.61438874241185,217.48736537808827,142.75642987160904,186.7045563511904,47.95844540556641,34.388714239489104,22.13164848077,39.558024942219504,42.40772247024191,22.38434783192025,16.77128640230881,24.185793000496005
2026-07-25 18:00:00,EP072026,13,2026-07-29 06:00:00,3 days 12:00:00,84,17.79,-116.66,961.7,97.1,23.691108718665795,291.9463384981267,268.6045189365167,210.97364915548783,255.53598750858887,123.6641830887652,106.2253557810079,83.33170595492531,109.51056909160572,67.3519133899612,58.81791874786408,47.88607278919774,57.738575864779285
2026-07-25 18:00:00,EP072026,13,2026-07-29 12:00:00,3 days 18:00:00,90,18.24,-117.03,960.1,94.3,40.83055199162985,242.5727101662651,189.21631861826492,106.99365743668324,184.71968233097027,97.34043043072164,75.46422284781437,48.41447010559622,73.51415672107328,49.76246332281747,43.10630061853098,30.738796659002688,41.81984046529854
2026-07-25 18:00:00,EP072026,13,2026-07-29 18:00:00,4 days 00:00:00,96,18.84,-117.53,967.5,84.5,45.25959030377623,294.8528291678039,250.69383574289225,171.48567223093409,251.1245394046912,159.10971769790254,135.16144594553597,107.12266015748688,139.07336927339946,85.52427148098548,74.23778833175294,61.10315987305105,73.22115600539927
2026-07-25 18:00:00,EP072026,13,2026-07-30 00:00:00,4 days 06:00:00,102,19.34,-118.16,971.1,87.2,48.32064953582055,295.59532446886215,262.057716362721,156.85933924342163,212.9763696107242,113.90604237745715,96.4196016945781,65.827371595138,87.07668677450432,49.50148078153736,42.67110589865685,32.70973073852231,40.76300613852619
2026-07-25 18:00:00,EP072026,13,2026-07-30 06:00:00,4 days 12:00:00,108,20.29,-119.11,974.1,79.0,47.99091249050434,266.9906787526142,217.9869180181645,142.66374920813016,214.73253278901416,139.7521193390037,116.64462272931088,87.16076643643478,115.593265699103,69.06051676717729,60.79932774151461,48.05786740867631,58.93465050518124
2026-07-25 18:00:00,EP072026,13,2026-07-30 12:00:00,4 days 18:00:00,114,20.82,-119.9,985.7,60.2,46.57883463434597,279.5837460984018,251.78217552439355,180.9358199081117,235.70400665954847,69.24021570380582,52.74197671315522,29.54577487311382,49.645266673566525,0.0,0.0,0.0,0.0
2026-07-25 18:00:00,EP072026,13,2026-07-30 18:00:00,5 days 00:00:00,120,21.33,-120.98,994.6,60.5,56.04553285733587,289.1759418678133,238.76544639840404,177.63727477845578,238.9656917996356,119.48102297063296,100.13022287043748,69.71109500944908,93.44765597045378,0.0,0.0,0.0,0.0
2026-07-25 18:00:00,EP072026,13,2026-07-31 00:00:00,5 days 06:00:00,126,21.91,-122.27,991.7,55.6,58.31781336083807,290.02585706222453,246.8190604399616,182.0010258675259,238.0170745254702,87.60135529485484,65.76918460158716,42.19772063311642,64.15139420813183,0.0,0.0,0.0,0.0
2026-07-25 18:00:00,EP072026,13,2026-07-31 06:00:00,5 days 12:00:00,132,22.7,-123.57,995.2,49.0,75.72469182921735,364.669097557675,332.00084045267386,261.4030144402907,313.2497212361721,0.0,0.0,0.0,0.0,0.0,0.0,0.0,0.0
2026-07-25 18:00:00,EP072026,13,2026-07-31 12:00:00,5 days 18:00:00,138,22.88,-124.69,998.1,42.0,46.80600491421353,167.83347660842787,144.2535258460075,117.45647372160352,148.5834414610656,0.0,0.0,0.0,0.0,0.0,0.0,0.0,0.0
2026-07-25 18:00:00,EP072026,13,2026-07-31 18:00:00,6 days 00:00:00,144,23.48,-126.04,997.4,41.0,77.91093930113948,111.72693570935915,88.4852249366013,63.30074311298813,85.17451171546145,0.0,0.0,0.0,0.0,0.0,0.0,0.0,0.0
2026-07-25 18:00:00,EP072026,13,2026-08-01 00:00:00,6 days 06:00:00,150,24.15,-127.27,1002.0,41.1,119.46094539213664,119.46094539213664,70.2678797129303,60.35534605447823,83.33263769083231,0.0,0.0,0.0,0.0,0.0,0.0,0.0,0.0
2026-07-25 18:00:00,EP072026,13,2026-08-01 06:00:00,6 days 12:00:00,156,24.68,-128.86,1002.5,35.2,171.61522022764063,1.5390650724745747,0.0,3.865885900794998,171.61522022764063,0.0,0.0,0.0,0.0,0.0,0.0,0.0,0.0
2026-07-25 18:00:00,EP072026,13,2026-08-01 12:00:00,6 days 18:00:00,162,25.18,-130.21,1005.9,33.8,77.57795581794278,0.0,0.0,0.0,0.0,0.0,0.0,0.0,0.0,0.0,0.0,0.0,0.0
2026-07-25 18:00:00,EP072026,13,2026-08-01 18:00:00,7 days 00:00:00,168,25.55,-131.8,1005.5,26.6,83.5798228813915,0.0,0.0,0.0,0.0,0.0,0.0,0.0,0.0,0.0,0.0,0.0,0.0
2026-07-25 18:00:00,EP072026,13,2026-08-02 00:00:00,7 days 06:00:00,174,26.03,-132.98,1004.9,32.2,114.3049242033946,0.0,0.0,0.0,0.0,0.0,0.0,0.0,0.0,0.0,0.0,0.0,0.0
2026-07-25 18:00:00,EP072026,13,2026-08-02 06:00:00,7 days 12:00:00,180,26.1,-133.96,1007.8,21.3,137.22072054843818,0.0,0.0,0.0,0.0,0.0,0.0,0.0,0.0,0.0,0.0,0.0,0.0
2026-07-25 18:00:00,EP072026,13,2026-08-02 12:00:00,7 days 18:00:00,186,26.69,-135.03,1008.8,20.8,138.135938888138,0.0,0.0,0.0,0.0,0.0,0.0,0.0,0.0,0.0,0.0,0.0,0.0
2026-07-25 18:00:00,EP072026,13,2026-08-02 18:00:00,8 days 00:00:00,192,27.18,-136.32,1008.9,21.6,84.76436597734451,0.0,0.0,0.0,0.0,0.0,0.0,0.0,0.0,0.0,0.0,0.0,0.0
2026-07-25 18:00:00,WP112026,13,2026-07-25 18:00:00,0 days 00:00:00,0,22.4,115.1,967.0,84.0,27.0,222.0,204.0,167.0,195.0,,,,,,,,
2026-07-25 18:00:00,WP112026,13,2026-07-26 00:00:00,0 days 06:00:00,6,23.06,114.45,967.7,77.1,28.39392917833028,146.92594282816248,159.49908973340473,107.44442813596928,105.19330836174883,28.39392917833028,16.901850377944232,8.40055219140567,10.038472905537676,28.39392917833028,0.0,0.0,0.0
2026-07-25 18:00:00,WP112026,13,2026-07-26 06:00:00,0 days 12:00:00,12,23.85,114.08,966.3,67.2,43.18760626230562,134.11234995753057,114.90161936549292,92.65698638060928,105.22349179384037,43.18760626230562,6.053771511066607,0.994433110163321,7.290765350323163,43.18760626230562,0.0,0.0,0.0
2026-07-25 18:00:00,WP112026,13,2026-07-26 12:00:00,0 days 18:00:00,18,23.94,113.87,990.9,41.3,18.570707000300445,37.17141305058664,36.15640392022726,30.13628432641656,30.853292302520373,0.0,0.0,0.0,0.0,0.0,0.0,0.0,0.0
2026-07-25 18:00:00,WP112026,13,2026-07-26 18:00:00,1 days 00:00:00,24,24.78,113.39,995.1,28.8,39.517379584287454,0.0,0.0,0.0,0.0,0.0,0.0,0.0,0.0,0.0,0.0,0.0,0.0
2026-07-25 18:00:00,WP112026,13,2026-07-27 00:00:00,1 days 06:00:00,30,25.01,113.63,1005.7,16.4,103.8053650540955,0.0,0.0,0.0,0.0,0.0,0.0,0.0,0.0,0.0,0.0,0.0,0.0
2026-07-25 18:00:00,WP112026,13,2026-07-27 06:00:00,1 days 12:00:00,36,26.43,112.88,1004.2,13.0,99.7550943536273,0.0,0.0,0.0,0.0,0.0,0.0,0.0,0.0,0.0,0.0,0.0,0.0
2026-07-25 18:00:00,WP112026,13,2026-07-27 12:00:00,1 days 18:00:00,42,26.48,112.41,1007.3,19.2,63.44989873498241,0.0,0.0,0.0,0.0,0.0,0.0,0.0,0.0,0.0,0.0,0.0,0.0
2026-07-25 18:00:00,EP062026,14,2026-07-25 18:00:00,0 days 00:00:00,0,19.2,-137.0,971.0,86.0,56.0,297.0,241.0,185.0,297.0,130.0,74.0,74.0,111.0,65.0,46.0,37.0,65.0
2026-07-25 18:00:00,EP062026,14,2026-07-26 00:00:00,0 days 06:00:00,6,19.48,-138.01,976.1,78.1,51.60400252660882,217.3118613164939,167.18753366560048,124.67252936508616,175.49429999897393,52.49199893081683,35.334442953626294,18.829939454650976,41.070230675137296,51.60400252660882,0.0,0.0,2.5002957069390788
2026-07-25 18:00:00,EP062026,14,2026-07-26 06:00:00,0 days 12:00:00,12,19.63,-139.41,979.0,75.6,56.820245892072826,210.53913131485135,160.1692092522744,123.99869944326272,174.65688984741917,107.66326143279504,86.89565834194828,63.89743861053493,89.03419446434444,56.820245892072826,28.7052760278851,21.38090650803885,29.255857751884346
2026-07-25 18:00:00,EP062026,14,2026-07-26 12:00:00,0 days 18:00:00,18,19.83,-140.23,981.2,75.5,38.26668638326419,282.5824431274359,214.8774017490564,176.6867836704237,253.38070583109263,141.74707653141718,122.23278951271313,94.47931880019416,121.92871770929388,48.03438398292178,42.38911044938493,33.036297609986235,41.898826469329606
2026-07-25 18:00:00,EP062026,14,2026-07-26 18:00:00,1 days 00:00:00,24,19.91,-141.32,973.5,80.6,33.07300860143344,194.40870667794425,133.79318812132033,101.20610791635552,160.98113709018253,97.27499058142368,76.23351609253186,56.46582113522726,80.99966126359988,33.07300860143344,24.6331138231166,18.416556857313797,25.45345428762934
2026-07-25 18:00:00,EP062026,14,2026-07-27 00:00:00,1 days 06:00:00,30,20.14,-142.69,984.5,65.6,59.16102031971332,253.10550420414572,184.2122040053746,123.61365149863924,199.0688544738296,81.58045523413148,63.45194547102688,43.56813059625051,65.60249571357667,59.16102031971332,1.4727570792734994,0.0,2.190386005493856
2026-07-25 18:00:00,EP062026,14,2026-07-27 06:00:00,1 days 12:00:00,36,20.46,-143.85,991.3,58.9,28.22647762558296,276.62731440383914,210.04638360786657,161.81160542817736,235.25883399415352,108.70516486397094,87.60997694777461,62.26576212645864,89.39176598113647,0.0,0.0,0.0,0.0
2026-07-25 18:00:00,EP062026,14,2026-07-27 12:00:00,1 days 18:00:00,42,20.65,-145.1,988.9,60.3,38.09580664397053,288.66789422693216,217.76897130161552,160.87886020860185,241.713608778892,54.83451256197752,41.5274387926291,27.00391924101845,44.261635659125176,0.0,0.0,0.0,0.0
2026-07-25 18:00:00,EP062026,14,2026-07-27 18:00:00,2 days 00:00:00,48,21.05,-146.4,988.5,67.2,54.67781066780746,237.70964698255767,169.8171713537301,102.82175237460848,192.40052143198545,98.33593082533224,74.34240481939396,47.36736964962984,76.55050119946127,54.67781066780746,3.619247123589542,0.0,6.635811686300956
2026-07-25 18:00:00,EP062026,14,2026-07-28 00:00:00,2 days 06:00:00,54,21.21,-147.33,989.8,61.9,74.89116370087467,180.02873870223715,133.4958392724187,76.82876432106929,140.2867619282172,74.89116370087467,0.0,0.0,4.88038813190125,0.0,0.0,0.0,0.0
2026-07-25 18:00:00,EP062026,14,2026-07-28 06:00:00,2 days 12:00:00,60,21.7,-148.39,991.1,63.6,70.55341378340954,210.88587027841413,172.11408140745857,118.081074991319,163.2529594999619,85.27765400127836,67.4176878810805,45.26339308150375,65.12336655111841,0.0,0.0,0.0,0.0
2026-07-25 18:00:00,EP062026,14,2026-07-28 12:00:00,2 days 18:00:00,66,22.45,-149.45,997.7,51.9,55.33412258225188,227.41012138243067,161.49713481958926,111.93419327434307,179.00309955489502,94.29471554647488,77.08754111269052,54.6416665859047,75.28371208674906,0.0,0.0,0.0,0.0
2026-07-25 18:00:00,EP062026,14,2026-07-28 18:00:00,3 days 00:00:00,72,22.75,-150.43,996.1,49.2,55.4212404915672,236.76966248196675,191.23270536087432,123.90554327207992,191.75502157834785,0.0,0.0,0.0,0.0,0.0,0.0,0.0,0.0
2026-07-25 18:00:00,EP062026,14,2026-07-29 00:00:00,3 days 06:00:00,78,23.29,-151.66,1002.1,39.8,42.38639909261997,46.5375452314482,27.972659474631403,12.904588527219616,33.10373441485463,0.0,0.0,0.0,0.0,0.0,0.0,0.0,0.0
2026-07-25 18:00:00,EP062026,14,2026-07-29 06:00:00,3 days 12:00:00,84,23.31,-152.34,1003.3,41.8,69.10155615620866,232.4802128840702,206.91429159318773,159.27340941693814,187.8985377191308,0.0,0.0,0.0,0.0,0.0,0.0,0.0,0.0
2026-07-25 18:00:00,EP062026,14,2026-07-29 12:00:00,3 days 18:00:00,90,23.73,-153.44,1006.1,36.6,125.8747336830395,125.8747336830395,50.280702698968014,30.262272064254347,53.37986946306381,0.0,0.0,0.0,0.0,0.0,0.0,0.0,0.0
2026-07-25 18:00:00,EP062026,14,2026-07-29 18:00:00,4 days 00:00:00,96,24.01,-154.4,1000.0,39.8,63.61266071822788,117.43817792125138,100.2069371549084,65.3326042634571,93.09075926459306,0.0,0.0,0.0,0.0,0.0,0.0,0.0,0.0
2026-07-25 18:00:00,EP062026,14,2026-07-30 00:00:00,4 days 06:00:00,102,24.2,-155.35,1001.7,36.4,54.48751206956865,57.55822109308801,45.012968842507306,31.25424465553894,49.097240416068544,0.0,0.0,0.0,0.0,0.0,0.0,0.0,0.0
2026-07-25 18:00:00,EP062026,14,2026-07-30 06:00:00,4 days 12:00:00,108,24.47,-156.51,1003.8,33.7,37.394101808600695,0.0,0.0,0.0,0.0,0.0,0.0,0.0,0.0,0.0,0.0,0.0,0.0
2026-07-25 18:00:00,EP062026,14,2026-07-30 12:00:00,4 days 18:00:00,114,24.43,-158.35,1009.5,31.8,60.231937240438505,0.0,0.0,0.0,0.0,0.0,0.0,0.0,0.0,0.0,0.0,0.0,0.0
2026-07-25 18:00:00,EP062026,14,2026-07-30 18:00:00,5 days 00:00:00,120,24.57,-159.61,1007.3,29.3,103.36158201846996,0.0,0.0,0.0,0.0,0.0,0.0,0.0,0.0,0.0,0.0,0.0,0.0
2026-07-25 18:00:00,EP062026,14,2026-07-31 00:00:00,5 days 06:00:00,126,25.31,-161.04,1009.6,29.4,74.92805324411424,0.0,0.0,0.0,0.0,0.0,0.0,0.0,0.0,0.0,0.0,0.0,0.0
2026-07-25 18:00:00,EP062026,14,2026-07-31 06:00:00,5 days 12:00:00,132,25.87,-162.75,1009.8,28.9,33.35481614750143,0.0,0.0,0.0,0.0,0.0,0.0,0.0,0.0,0.0,0.0,0.0,0.0
2026-07-25 18:00:00,EP062026,14,2026-07-31 12:00:00,5 days 18:00:00,138,26.02,-164.55,1005.6,31.2,81.12708203688688,0.0,0.0,0.0,0.0,0.0,0.0,0.0,0.0,0.0,0.0,0.0,0.0
2026-07-25 18:00:00,EP072026,14,2026-07-25 18:00:00,0 days 00:00:00,0,11.2,-105.1,995.0,54.0,28.0,204.0,167.0,56.0,130.0,56.0,37.0,,,0.0,0.0,0.0,0.0
2026-07-25 18:00:00,EP072026,14,2026-07-26 00:00:00,0 days 06:00:00,6,11.75,-106.42,994.5,66.6,33.67912306420905,158.3785438219761,121.64954857952716,61.81429448779879,122.36560231034844,40.43995777472777,25.17861547096075,7.498135593756998,26.834947973253986,33.67912306420905,0.0,0.0,1.0954859768464056
2026-07-25 18:00:00,EP072026,14,2026-07-26 06:00:00,0 days 12:00:00,12,12.08,-107.82,989.7,64.5,56.27191938286927,184.0065474688103,129.55041429154528,82.71396142015845,143.82659795970443,86.159436536365,66.59072916182501,45.64061487872468,70.09016190894243,56.27191938286927,12.456007144953444,7.785384543019116,14.545406321140558
2026-07-25 18:00:00,EP072026,14,2026-07-26 12:00:00,0 days 18:00:00,18,12.81,-108.8,983.1,74.8,34.844581226677434,232.13832734841725,194.7952652394156,115.11981109999662,185.70185351438332,108.11530315267332,87.41972555912308,61.65787384656835,86.30586958449366,37.47907927405737,32.44862217953974,23.86100965873186,31.180299086278644
2026-07-25 18:00:00,EP072026,14,2026-07-26 18:00:00,1 days 00:00:00,24,13.62,-109.69,973.7,90.1,14.215426133075653,178.66463184413624,152.2272835343574,83.06509441271987,141.7234556052672,79.10806833841662,64.10956532573232,42.83979752478433,64.27515131442055,22.276993378533632,18.49406335321663,12.734903765959274,17.95813272658154
2026-07-25 18:00:00,EP072026,14,2026-07-27 00:00:00,1 days 06:00:00,30,14.32,-110.81,967.4,93.1,22.945605803466904,269.86465680687604,221.7942615559462,149.13624434738426,212.7560990663852,110.23078453118724,88.5234486515468,57.99737734585351,86.90090646254833,41.7505164271451,33.788554330314255,23.89550585382966,34.022557014918306
2026-07-25 18:00:00,EP072026,14,2026-07-27 06:00:00,1 days 12:00:00,36,14.82,-111.79,963.8,100.9,23.545944080931925,228.6200156922497,190.07637252681852,120.17802020249528,189.57568429783737,113.2970294817433,90.36454935946853,60.86993995493624,91.93649012259544,48.959898735681605,39.534660276969575,29.419304831503887,41.18604696233753
2026-07-25 18:00:00,EP072026,14,2026-07-27 12:00:00,1 days 18:00:00,42,15.5,-112.53,966.2,103.6,16.78060655584492,308.47281488478666,268.8273816318225,191.7061283777008,251.69263896956855,105.0001600249473,79.18207921087404,48.11231780907245,79.00918100195642,28.53873645162818,20.698432599989545,13.20702911255578,22.58702360526668
2026-07-25 18:00:00,EP072026,14,2026-07-27 18:00:00,2 days 00:00:00,48,15.85,-113.33,936.6,145.6,5.623563744790717,217.31630965531733,200.50078743156104,142.20943494526665,181.44541732577488,112.18804758995527,102.5014536112328,80.91647903592812,100.05053704932205,51.78345984946392,45.71566386358101,37.31901043066311,46.68137356060767
2026-07-25 18:00:00,EP072026,14,2026-07-28 00:00:00,2 days 06:00:00,54,16.89,-114.25,974.8,87.7,15.087396219923122,192.2283320409422,164.43225765675825,103.8111669353521,146.46457156896523,34.28468927076959,26.82893390672488,15.181698975341972,24.344668005814373,15.087396219923122,0.0,0.0,0.0
2026-07-25 18:00:00,EP072026,14,2026-07-28 06:00:00,2 days 12:00:00,60,17.19,-114.6,968.0,87.2,6.294859970487801,243.51998449516137,215.8985594831487,148.47617790478253,204.75499993615628,134.4470044717018,115.5033270006332,86.3154814717532,110.66251981672016,50.24395000685264,43.76820794965968,33.18775308017719,42.580650642044375
2026-07-25 18:00:00,EP072026,14,2026-07-28 12:00:00,2 days 18:00:00,66,17.62,-115.27,981.5,76.6,42.86465626269958,240.3369517527874,206.8797299037817,148.22454929554132,186.39681059662468,45.1263159502192,35.45933427735073,19.72134475288979,34.20163218066956,42.86465626269958,0.4094900891580997,0.0,0.8513909426156233
2026-07-25 18:00:00,EP072026,14,2026-07-28 18:00:00,3 days 00:00:00,72,17.99,-115.9,970.8,91.1,36.01901191375596,329.16549404378526,280.451913007046,203.67280746459105,286.233303298501,142.90663696819428,125.19555700097972,95.3301033732417,123.139738144117,63.90510111834622,57.71580684911483,46.582533732663656,55.92806196720643
2026-07-25 18:00:00,EP072026,14,2026-07-29 00:00:00,3 days 06:00:00,78,18.45,-116.48,965.3,94.1,22.16672825320147,224.9407624562961,193.21511524364595,128.01068111763223,194.6277240713644,76.99284540989731,60.9413269999472,43.52095440493402,65.49965659182189,25.63251017033892,20.41585042531153,16.39265984358822,21.469958304867436
2026-07-25 18:00:00,EP072026,14,2026-07-29 06:00:00,3 days 12:00:00,84,18.67,-117.22,956.6,103.2,39.583436230062574,243.48469211798903,193.41910391133823,150.7961018890258,220.4891679402704,130.12591334754345,103.07911402043496,75.99660827671413,112.76698991400502,62.073418161165165,51.60807084276199,39.77738014273573,53.13322692648853
2026-07-25 18:00:00,EP072026,14,2026-07-29 12:00:00,3 days 18:00:00,90,18.71,-118.14,970.1,84.1,54.825949682613,287.1016303947938,218.98967734389748,164.57288136568673,250.78910039057703,140.38877111342782,115.11184724997416,90.7730134907867,123.9566492937984,73.27711093369047,64.0124399326001,51.006540318807126,63.038312811601706
2026-07-25 18:00:00,EP072026,14,2026-07-29 18:00:00,4 days 00:00:00,96,19.27,-118.88,971.1,80.4,19.61197769411917,270.02332271671133,228.90577981809523,168.70344865336222,208.9069924655701,125.36521569541712,107.36780893195343,78.8772414595021,104.0250906655528,52.45032126424727,47.36686221932705,36.9715141661579,44.886752743025845
2026-07-25 18:00:00,EP072026,14,2026-07-30 00:00:00,4 days 06:00:00,102,19.67,-119.7,972.4,72.6,24.97714018427977,278.6239715915634,242.83675814744663,179.74506417843102,236.9322255311554,127.3055990546016,114.86966632750128,87.86613113601614,105.1502555114882,57.718684771375365,54.32467566322672,43.70433933895352,51.44861068514931
2026-07-25 18:00:00,EP072026,14,2026-07-30 06:00:00,4 days 12:00:00,108,19.81,-120.91,986.1,57.7,34.308583529716344,189.20676060333503,130.3327456061379,95.73152895421848,164.6489440021558,132.95141234938248,112.49626550308804,83.95076371065235,112.64397547214472,0.0,0.0,0.0,0.0
2026-07-25 18:00:00,EP072026,14,2026-07-30 12:00:00,4 days 18:00:00,114,20.07,-121.82,981.0,70.4,36.977798640135646,242.24400463030932,182.5689042499394,125.2275297788676,214.8842406700556,110.5421596286628,88.52958284098402,67.00999863112004,92.21628367116192,36.977798640135646,25.786060697428017,19.338865883609195,26.59373040311246
2026-07-25 18:00:00,EP072026,14,2026-07-30 18:00:00,5 days 00:00:00,120,20.51,-123.17,979.9,70.9,67.41207892776737,228.4804703390716,180.09111580166223,129.22379606910846,179.48132875565005,82.20500726271322,66.54089421848468,45.21080945327755,64.31369315983721,67.41207892776737,0.0,0.0,1.43461388869605
2026-07-25 18:00:00,EP072026,14,2026-07-31 00:00:00,5 days 06:00:00,126,20.67,-124.41,992.4,53.2,40.250022875874095,160.5181097022779,124.7952069484054,82.31578183843891,130.30549198616563,49.106352123651774,37.09244727027099,22.79391859381247,36.653390833560216,0.0,0.0,0.0,0.0
2026-07-25 18:00:00,EP072026,14,2026-07-31 06:00:00,5 days 12:00:00,132,21.13,-125.76,998.1,45.6,53.19443695807807,227.8423151830872,193.24614700447523,144.14893621721302,193.76284175506015,0.0,0.0,0.0,0.0,0.0,0.0,0.0,0.0
2026-07-25 18:00:00,EP072026,14,2026-07-31 12:00:00,5 days 18:00:00,138,21.59,-127.25,1000.8,45.0,38.67012084836284,130.9465789202032,98.33349188311465,57.148238409115066,105.29238591823034,0.0,0.0,0.0,0.0,0.0,0.0,0.0,0.0
2026-07-25 18:00:00,EP072026,14,2026-07-31 18:00:00,6 days 00:00:00,144,22.15,-128.81,1004.1,34.2,123.2185492344458,123.2185492344458,0.0,0.0,1.9471122064080328,0.0,0.0,0.0,0.0,0.0,0.0,0.0,0.0
2026-07-25 18:00:00,EP072026,14,2026-08-01 00:00:00,6 days 06:00:00,150,22.85,-129.83,982.8,46.3,90.85932413058651,11.233684829777904,17.539479208751345,90.85932413058651,21.36669796897742,0.0,0.0,0.0,0.0,0.0,0.0,0.0,0.0
2026-07-25 18:00:00,EP072026,14,2026-08-01 06:00:00,6 days 12:00:00,156,23.3,-131.67,975.0,53.7,101.96286942646168,3.860003088703346,29.268182848383887,101.96286942646168,18.752314671917404,3.860003088703346,2.9081900666677054,101.96286942646168,7.704770829437145,0.0,0.0,0.0,0.0
2026-07-25 18:00:00,EP072026,14,2026-08-01 12:00:00,6 days 18:00:00,162,23.61,-133.08,1005.9,28.3,122.82020479244966,0.0,0.0,0.0,0.0,0.0,0.0,0.0,0.0,0.0,0.0,0.0,0.0
2026-07-25 18:00:00,EP072026,14,2026-08-01 18:00:00,7 days 00:00:00,168,24.12,-134.03,1006.8,27.3,54.824234206640526,0.0,0.0,0.0,0.0,0.0,0.0,0.0,0.0,0.0,0.0,0.0,0.0
2026-07-25 18:00:00,EP072026,14,2026-08-02 00:00:00,7 days 06:00:00,174,24.64,-135.62,1007.3,27.9,61.138602860482735,0.0,0.0,0.0,0.0,0.0,0.0,0.0,0.0,0.0,0.0,0.0,0.0
2026-07-25 18:00:00,EP072026,14,2026-08-02 06:00:00,7 days 12:00:00,180,24.8,-136.91,975.6,55.7,122.36495230377514,122.36495230377514,7.024309762263044,2.652433479205952,27.1369082571792,122.36495230377514,0.0,0.504682131597483,6.172460436176479,0.0,0.0,0.0,0.0
2026-07-25 18:00:00,EP072026,14,2026-08-02 12:00:00,7 days 18:00:00,186,25.13,-138.17,1000.0,28.6,145.3278995381149,0.0,0.0,0.0,0.0,0.0,0.0,0.0,0.0,0.0,0.0,0.0,0.0
2026-07-25 18:00:00,EP072026,14,2026-08-02 18:00:00,8 days 00:00:00,192,25.33,-139.86,1009.1,23.2,128.55293138811794,0.0,0.0,0.0,0.0,0.0,0.0,0.0,0.0,0.0,0.0,0.0,0.0
2026-07-25 18:00:00,WP112026,14,2026-07-25 18:00:00,0 days 00:00:00,0,22.4,115.1,967.0,84.0,27.0,222.0,204.0,167.0,195.0,,,,,,,,
2026-07-25 18:00:00,WP112026,14,2026-07-26 00:00:00,0 days 06:00:00,6,23.17,114.53,978.1,64.1,51.82723389868562,159.55015257948315,132.207978574096,104.71940541400268,129.11152895109666,55.84877656881,44.88846445699757,30.72880812629284,44.340918714273,51.82723389868562,2.0629333241044785,0.5743968519540346,3.027240277595576
2026-07-25 18:00:00,WP112026,14,2026-07-26 06:00:00,0 days 12:00:00,12,23.75,113.82,985.3,53.8,35.83449351334617,170.4595666079182,147.26448121706426,109.841481520432,140.15835680723532,35.83449351334617,9.4618820928251,4.0708198553274215,10.166313708200647,0.0,0.0,0.0,0.0
2026-07-25 18:00:00,WP112026,14,2026-07-26 12:00:00,0 days 18:00:00,18,24.1,113.43,989.9,37.2,32.01300297627639,0.0,0.0,32.01300297627639,0.0,0.0,0.0,0.0,0.0,0.0,0.0,0.0,0.0
2026-07-25 18:00:00,WP112026,14,2026-07-26 18:00:00,1 days 00:00:00,24,24.79,113.52,995.6,29.4,77.47329895766667,0.0,0.0,0.0,0.0,0.0,0.0,0.0,0.0,0.0,0.0,0.0,0.0
2026-07-25 18:00:00,WP112026,14,2026-07-27 00:00:00,1 days 06:00:00,30,25.73,112.75,999.4,23.0,103.85812010726212,0.0,0.0,0.0,0.0,0.0,0.0,0.0,0.0,0.0,0.0,0.0,0.0
2026-07-25 18:00:00,WP112026,14,2026-07-27 06:00:00,1 days 12:00:00,36,26.53,112.61,1003.3,18.7,56.54500940643436,0.0,0.0,0.0,0.0,0.0,0.0,0.0,0.0,0.0,0.0,0.0,0.0
2026-07-25 18:00:00,WP112026,14,2026-07-27 12:00:00,1 days 18:00:00,42,27.53,111.74,1003.3,21.6,45.14110489131133,0.0,0.0,0.0,0.0,0.0,0.0,0.0,0.0,0.0,0.0,0.0,0.0
2026-07-25 18:00:00,EP062026,15,2026-07-25 18:00:00,0 days 00:00:00,0,19.2,-137.0,971.0,86.0,56.0,297.0,241.0,185.0,297.0,130.0,74.0,74.0,111.0,65.0,46.0,37.0,65.0
2026-07-25 18:00:00,EP062026,15,2026-07-26 00:00:00,0 days 06:00:00,6,19.16,-137.89,981.2,78.3,35.034232977558666,251.0910579164957,199.9149892409177,154.4924458838211,223.59750897288268,103.04735738549984,73.12153693667976,49.43290227759928,80.48680780938142,35.034232977558666,5.169070444474103,2.084102352662636,8.71556826361957
2026-07-25 18:00:00,EP062026,15,2026-07-26 06:00:00,0 days 12:00:00,12,19.46,-139.41,972.2,85.7,28.67523422645252,235.86985382633827,186.3701420669654,143.4685785258066,210.4774864403548,91.07748381485452,71.39163526346277,56.58637885552636,83.35756304477695,65.97794416791675,57.59721844919203,48.53298321927176,57.31420737254089
2026-07-25 18:00:00,EP062026,15,2026-07-26 12:00:00,0 days 18:00:00,18,19.71,-140.71,979.5,73.4,25.029048686676177,219.0609875460552,165.30919444684434,129.515387680948,183.3795368505896,110.65745414781529,87.46430986256786,69.62593958273541,95.92985946799912,54.13426508022232,46.41289506630283,38.32724231867532,46.36636434655197
2026-07-25 18:00:00,EP062026,15,2026-07-26 18:00:00,1 days 00:00:00,24,19.96,-141.56,992.8,54.6,53.16647422669587,319.47487756150895,238.4782605445357,179.06629794749188,294.2637237775307,118.0893878127522,86.97633479819069,60.75777308273848,89.37725188501167,0.0,0.0,0.0,0.0
2026-07-25 18:00:00,EP062026,15,2026-07-27 00:00:00,1 days 06:00:00,30,20.17,-142.83,987.9,65.7,33.149013811241325,196.7727068052926,157.3490773178338,100.00830987444064,164.39321848068062,61.77873390757523,40.16617014039541,21.33951397775502,44.48109071774505,33.149013811241325,0.0,0.0,0.5988950128447448
2026-07-25 18:00:00,EP062026,15,2026-07-27 06:00:00,1 days 12:00:00,36,20.25,-144.22,995.4,60.1,35.53894226487945,176.4962978365233,147.70488070587817,102.97153581850004,145.72481685976587,35.53894226487945,0.0,0.0,2.6229451634902645,0.0,0.0,0.0,0.0
2026-07-25 18:00:00,EP062026,15,2026-07-27 12:00:00,1 days 18:00:00,42,20.57,-145.59,1004.8,51.8,67.21387080929125,310.8541860419218,231.1949754911751,154.91846795092297,274.1478965029813,135.31122113990403,103.58563745946088,72.77092063861167,100.14538616607275,0.0,0.0,0.0,0.0
2026-07-25 18:00:00,EP062026,15,2026-07-27 18:00:00,2 days 00:00:00,48,20.98,-146.76,1005.0,46.2,117.49531215613712,373.84201286721736,288.35423925181624,209.7750009515777,322.4301508556848,0.0,0.0,0.0,0.0,0.0,0.0,0.0,0.0
2026-07-25 18:00:00,EP062026,15,2026-07-28 00:00:00,2 days 06:00:00,54,21.29,-148.21,1000.5,41.0,71.99600863185971,154.91653426478132,123.60978365067908,88.18389657346557,130.00990831691718,0.0,0.0,0.0,0.0,0.0,0.0,0.0,0.0
2026-07-25 18:00:00,EP062026,15,2026-07-28 06:00:00,2 days 12:00:00,60,21.06,-149.6,1002.5,45.7,112.14859713497408,239.6510651563978,192.65720399467955,132.3961918953787,198.22273625015703,0.0,0.0,0.0,0.0,0.0,0.0,0.0,0.0
2026-07-25 18:00:00,EP062026,15,2026-07-28 12:00:00,2 days 18:00:00,66,21.45,-151.55,1005.9,35.4,70.14284234161212,70.14284234161212,4.4539239797600665,0.0,21.83173583758499,0.0,0.0,0.0,0.0,0.0,0.0,0.0,0.0
2026-07-25 18:00:00,EP062026,15,2026-07-28 18:00:00,3 days 00:00:00,72,21.45,-152.98,1004.5,30.4,81.9538445323004,0.0,0.0,0.0,0.0,0.0,0.0,0.0,0.0,0.0,0.0,0.0,0.0
2026-07-25 18:00:00,EP062026,15,2026-07-29 00:00:00,3 days 06:00:00,78,22.01,-154.2,1004.8,31.9,85.58551328177596,0.0,0.0,0.0,0.0,0.0,0.0,0.0,0.0,0.0,0.0,0.0,0.0
2026-07-25 18:00:00,EP062026,15,2026-07-29 06:00:00,3 days 12:00:00,84,21.93,-155.63,1009.9,26.7,89.8333411191744,0.0,0.0,0.0,0.0,0.0,0.0,0.0,0.0,0.0,0.0,0.0,0.0
2026-07-25 18:00:00,EP062026,15,2026-07-29 12:00:00,3 days 18:00:00,90,21.97,-156.46,1011.6,27.3,66.51571554727886,0.0,0.0,0.0,0.0,0.0,0.0,0.0,0.0,0.0,0.0,0.0,0.0
2026-07-25 18:00:00,EP062026,15,2026-07-29 18:00:00,4 days 00:00:00,96,21.92,-158.66,1010.6,23.1,50.58029377733567,0.0,0.0,0.0,0.0,0.0,0.0,0.0,0.0,0.0,0.0,0.0,0.0
2026-07-25 18:00:00,EP072026,15,2026-07-25 18:00:00,0 days 00:00:00,0,11.2,-105.1,995.0,54.0,28.0,204.0,167.0,56.0,130.0,56.0,37.0,,,0.0,0.0,0.0,0.0
2026-07-25 18:00:00,EP072026,15,2026-07-26 00:00:00,0 days 06:00:00,6,11.81,-106.38,994.2,66.7,42.67234752803512,157.98320549701955,139.5692455715435,86.41182412718543,119.30033781174636,42.67234752803512,7.908892824481985,1.1546688138563808,7.15577650391402,42.67234752803512,0.0,0.0,0.0
2026-07-25 18:00:00,EP072026,15,2026-07-26 06:00:00,0 days 12:00:00,12,12.47,-108.02,992.2,63.0,33.859895697338274,159.71748357586296,135.89415251935594,74.72532329734949,126.3497361185091,54.35908622502672,43.02361528596798,24.029806792256167,39.11912566892016,0.0,0.0,0.0,0.0
2026-07-25 18:00:00,EP072026,15,2026-07-26 12:00:00,0 days 18:00:00,18,13.03,-108.85,991.1,65.8,45.00185781547544,198.63066706295757,159.1258467184009,95.67480496160326,154.74723287460688,49.95872695512336,31.78518345075725,16.988721291579477,33.49123554038267,45.00185781547544,0.0,0.0,0.5885183178873942
2026-07-25 18:00:00,EP072026,15,2026-07-26 18:00:00,1 days 00:00:00,24,13.49,-109.88,977.4,85.6,5.685152169637517,232.8344258196627,178.71009100259002,96.6955649483598,178.75375344562104,96.62151974232894,73.88360800317297,44.74128751990693,71.5001032872859,26.31756302366644,21.10954700440537,14.19627787112155,22.038210084339127
2026-07-25 18:00:00,EP072026,15,2026-07-27 00:00:00,1 days 06:00:00,30,14.21,-110.97,983.8,74.0,35.39111133296821,199.34601281982935,155.54855757615482,99.83560069330731,173.27538899749277,96.3965162635055,65.53646750623903,42.27776081353153,76.02781059781495,35.39111133296821,18.574968329841187,15.41389867869366,23.749675582607168
2026-07-25 18:00:00,EP072026,15,2026-07-27 06:00:00,1 days 12:00:00,36,14.47,-111.91,957.6,92.5,40.06794407097358,124.16312584794407,103.77670030599332,79.5039295305842,108.79201958648028,45.47326292651273,37.5413176058115,28.614666346973337,41.45494951816373,43.16403119504877,37.5413176058115,28.614666346973337,38.72721731403157
2026-07-25 18:00:00,EP072026,15,2026-07-27 12:00:00,1 days 18:00:00,42,15.26,-112.81,988.0,67.8,39.42405693516158,276.86895458700053,227.02476508345316,148.83210361766825,229.4821188537865,137.23346002828424,110.2321141442902,79.76034810589832,107.6265811319522,39.42405693516158,26.04573327969843,19.615240213168303,25.380156222266187
2026-07-25 18:00:00,EP072026,15,2026-07-27 18:00:00,2 days 00:00:00,48,15.88,-113.31,985.2,71.1,26.054637944065803,237.8922240669648,199.4377723728532,126.49077189358924,195.97176351323,90.05287523010196,69.34425298593352,43.377895084347614,63.58502085668108,26.054637944065803,0.4650202075647711,0.0,1.023133868846183
2026-07-25 18:00:00,EP072026,15,2026-07-28 00:00:00,2 days 06:00:00,54,16.78,-114.13,964.6,90.1,10.97845286313238,170.61007099172446,163.2422486204843,105.61133494738657,137.6470185053758,75.28892325590638,55.01944501135023,36.24628960968066,54.60288778050566,18.255666616648245,14.438305417016036,10.693915069279647,15.097574785497097
2026-07-25 18:00:00,EP072026,15,2026-07-28 06:00:00,2 days 12:00:00,60,17.23,-114.51,981.0,80.2,48.48192514598494,197.5347240056013,170.95474390280793,101.69288323302172,156.5291576695038,87.93295529932401,68.53057263625847,47.16210490737135,68.1260352961844,48.48192514598494,28.906572204021792,22.801959412974742,27.812428590224084
2026-07-25 18:00:00,EP072026,15,2026-07-28 12:00:00,2 days 18:00:00,66,17.54,-115.18,974.6,88.0,9.21851194734242,239.36594488108665,196.8639027130671,140.71729976209934,196.0598235645018,101.26420877766896,79.75301865832654,52.92896949068751,80.87168598114499,35.37439741969567,28.735735195084573,21.7978500965754,29.362361985651333
2026-07-25 18:00:00,EP072026,15,2026-07-28 18:00:00,3 days 00:00:00,72,18.02,-115.84,968.4,89.9,27.092352313112293,193.30383702649567,147.82027637570056,102.26112417271663,150.60051913872286,79.35239734741982,52.00536565432282,34.16825065357631,62.783503807765086,29.588920062654484,24.126381427476364,17.023150306339478,25.38905612932408
2026-07-25 18:00:00,EP072026,15,2026-07-29 00:00:00,3 days 06:00:00,78,18.41,-116.26,965.6,87.1,36.26164489736422,160.66505640096875,123.01522921781458,92.8860012535209,127.9952983918608,67.09715746703772,46.2351389714498,28.337213287092403,52.02646136228514,36.26164489736422,13.513462197004312,7.670823693422961,15.466213754780869
2026-07-25 18:00:00,EP072026,15,2026-07-29 06:00:00,3 days 12:00:00,84,18.87,-117.12,975.8,80.4,20.89738802369277,205.97475165000424,172.42108576697342,138.06755410550824,177.79367203824643,111.96837737724276,87.95098191391975,63.11067996832281,93.8420149690449,43.26191874649993,36.73373937529573,28.085877478001198,36.8834249407265
2026-07-25 18:00:00,EP072026,15,2026-07-29 12:00:00,3 days 18:00:00,90,19.2,-117.97,982.5,76.4,9.364488906118789,166.7788729022273,157.5297223640271,123.00095653548266,129.76494710336726,38.22805255101372,25.210215192250708,11.59125088994195,29.037772461341227,9.364488906118789,1.4218262170218026,0.213778946541828,2.757467181167807
2026-07-25 18:00:00,EP072026,15,2026-07-29 18:00:00,4 days 00:00:00,96,19.57,-118.89,979.5,74.4,22.50319993093403,205.61522715361644,169.8119983287545,131.09685819623064,183.93840993521655,64.53101996046296,43.3744504500811,25.27797359429112,45.41749395657003,22.50319993093403,0.0,0.0,0.1629538772790117
2026-07-25 18:00:00,EP072026,15,2026-07-30 00:00:00,4 days 06:00:00,102,20.08,-119.71,983.8,69.4,34.36092410163624,248.7386046274296,196.4916034624435,146.26601710584896,207.9086624894227,77.24522197067355,55.00740148237881,34.72779517566584,57.70574797118231,34.36092410163624,0.0,0.0,1.3643210096937883
2026-07-25 18:00:00,EP072026,15,2026-07-30 06:00:00,4 days 12:00:00,108,20.66,-120.79,986.6,58.7,48.81437615789747,182.4254517679648,149.47436845941283,114.7862833966319,155.28290342645172,59.6721315689348,39.83004383945664,26.23518151078367,43.62713949997404,0.0,0.0,0.0,0.0
2026-07-25 18:00:00,EP072026,15,2026-07-30 12:00:00,4 days 18:00:00,114,21.15,-121.62,989.6,59.0,64.97717150099825,197.98949443271343,145.7654739398025,119.9921444510518,176.4533927609727,102.8499254771262,79.18042576108148,59.15116229734165,86.80715875642288,0.0,0.0,0.0,0.0
2026-07-25 18:00:00,EP072026,15,2026-07-30 18:00:00,5 days 00:00:00,120,21.31,-122.61,991.8,51.6,61.53928849746717,201.53910469528276,164.22103120785505,136.9854586284855,179.76551345157714,81.9035279849586,61.570327281358914,42.91976812899543,67.27743969654011,0.0,0.0,0.0,0.0
2026-07-25 18:00:00,EP072026,15,2026-07-31 00:00:00,5 days 06:00:00,126,21.63,-123.54,994.2,54.9,38.63923332101134,131.53014074953063,110.05580261255524,89.28871684995737,116.14517972251669,38.63923332101134,4.49470509844504,0.3600777827945007,7.491874427954368,0.0,0.0,0.0,0.0
2026-07-25 18:00:00,EP072026,15,2026-07-31 06:00:00,5 days 12:00:00,132,21.97,-124.73,1001.9,45.4,66.65536452645637,6.792075236268573,66.65536452645637,4.574288900297198,4.988660319501591,0.0,0.0,0.0,0.0,0.0,0.0,0.0,0.0
2026-07-25 18:00:00,EP072026,15,2026-07-31 12:00:00,5 days 18:00:00,138,22.34,-125.78,1005.5,37.0,102.97880585441516,102.97880585441516,27.33869362658809,13.506329059260285,33.08387349137878,0.0,0.0,0.0,0.0,0.0,0.0,0.0,0.0
2026-07-25 18:00:00,EP072026,15,2026-07-31 18:00:00,6 days 00:00:00,144,22.72,-126.94,1008.5,35.7,86.54145873696804,86.54145873696804,17.843020101278977,1.762576787711044,27.220344823699413,0.0,0.0,0.0,0.0,0.0,0.0,0.0,0.0
2026-07-25 18:00:00,EP072026,15,2026-08-01 00:00:00,6 days 06:00:00,150,22.99,-128.28,1006.2,27.7,42.999064769969614,0.0,0.0,0.0,0.0,0.0,0.0,0.0,0.0,0.0,0.0,0.0,0.0
2026-07-25 18:00:00,EP072026,15,2026-08-01 06:00:00,6 days 12:00:00,156,23.3,-129.32,1007.1,34.2,52.80511931999669,52.80511931999669,0.0,0.0,0.9007019857199339,0.0,0.0,0.0,0.0,0.0,0.0,0.0,0.0
2026-07-25 18:00:00,EP072026,15,2026-08-01 12:00:00,6 days 18:00:00,162,23.66,-130.86,1007.2,34.5,101.50566566418613,101.50566566418613,18.466867102201835,6.4816874243432245,31.12154075864057,0.0,0.0,0.0,0.0,0.0,0.0,0.0,0.0
2026-07-25 18:00:00,EP072026,15,2026-08-01 18:00:00,7 days 00:00:00,168,23.88,-132.14,1006.2,34.0,77.45002274888145,0.0,0.0,0.0,0.0,0.0,0.0,0.0,0.0,0.0,0.0,0.0,0.0
2026-07-25 18:00:00,EP072026,15,2026-08-02 00:00:00,7 days 06:00:00,174,24.01,-133.9,1007.3,35.2,120.23707101900813,120.23707101900813,38.543951216454445,26.34237952333996,44.8622964083587,0.0,0.0,0.0,0.0,0.0,0.0,0.0,0.0
2026-07-25 18:00:00,EP072026,15,2026-08-02 06:00:00,7 days 12:00:00,180,24.03,-135.39,1003.6,32.1,57.93277710993907,0.0,0.0,0.0,0.0,0.0,0.0,0.0,0.0,0.0,0.0,0.0,0.0
2026-07-25 18:00:00,EP072026,15,2026-08-02 12:00:00,7 days 18:00:00,186,23.61,-136.94,1007.9,27.4,57.680568038320565,0.0,0.0,0.0,0.0,0.0,0.0,0.0,0.0,0.0,0.0,0.0,0.0
2026-07-25 18:00:00,EP072026,15,2026-08-02 18:00:00,8 days 00:00:00,192,23.53,-138.09,1007.6,30.5,62.0106046593628,0.0,0.0,0.0,0.0,0.0,0.0,0.0,0.0,0.0,0.0,0.0,0.0
2026-07-25 18:00:00,EP072026,15,2026-08-03 00:00:00,8 days 06:00:00,198,23.28,-139.12,1007.5,28.8,58.14685597484534,0.0,0.0,0.0,0.0,0.0,0.0,0.0,0.0,0.0,0.0,0.0,0.0
2026-07-25 18:00:00,WP112026,15,2026-07-25 18:00:00,0 days 00:00:00,0,22.4,115.1,967.0,84.0,27.0,222.0,204.0,167.0,195.0,,,,,,,,
2026-07-25 18:00:00,WP112026,15,2026-07-26 00:00:00,0 days 06:00:00,6,22.87,114.52,972.5,70.2,6.465849493503097,149.84319192151767,143.78751256154348,127.81307449145548,125.39678687609604,30.291284321020576,24.293546090997957,14.428345696510824,26.921148577163,6.465849493503097,0.0,0.0,0.0
2026-07-25 18:00:00,WP112026,15,2026-07-26 06:00:00,0 days 12:00:00,12,23.78,114.01,980.0,53.2,0.0,119.0015876734428,112.87154820756513,87.82809262413836,93.73501162735155,0.0,0.0,0.5513829515144748,0.0,0.0,0.0,0.0,0.0
2026-07-25 18:00:00,WP112026,15,2026-07-26 12:00:00,0 days 18:00:00,18,24.23,113.48,995.2,32.5,88.56376375151379,0.0,0.0,0.0,0.0,0.0,0.0,0.0,0.0,0.0,0.0,0.0,0.0
2026-07-25 18:00:00,WP112026,15,2026-07-26 18:00:00,1 days 00:00:00,24,24.34,113.58,999.0,21.4,90.11653910286428,0.0,0.0,0.0,0.0,0.0,0.0,0.0,0.0,0.0,0.0,0.0,0.0
2026-07-25 18:00:00,WP112026,15,2026-07-27 00:00:00,1 days 06:00:00,30,26.05,113.38,994.7,24.4,55.567642209458526,0.0,0.0,0.0,0.0,0.0,0.0,0.0,0.0,0.0,0.0,0.0,0.0
2026-07-25 18:00:00,WP112026,15,2026-07-27 06:00:00,1 days 12:00:00,36,27.28,113.03,999.3,29.2,37.239393821832,0.0,0.0,0.0,0.0,0.0,0.0,0.0,0.0,0.0,0.0,0.0,0.0
2026-07-25 18:00:00,WP112026,15,2026-07-27 12:00:00,1 days 18:00:00,42,27.73,112.64,995.0,25.3,94.56740437400616,0.0,0.0,0.0,0.0,0.0,0.0,0.0,0.0,0.0,0.0,0.0,0.0
2026-07-25 18:00:00,WP112026,15,2026-07-27 18:00:00,2 days 00:00:00,48,28.28,112.4,1002.1,15.7,115.97167974879092,0.0,0.0,0.0,0.0,0.0,0.0,0.0,0.0,0.0,0.0,0.0,0.0
2026-07-25 18:00:00,WP112026,15,2026-07-28 00:00:00,2 days 06:00:00,54,29.14,112.6,1005.6,15.3,71.2493033182605,0.0,0.0,0.0,0.0,0.0,0.0,0.0,0.0,0.0,0.0,0.0,0.0
2026-07-25 18:00:00,WP112026,15,2026-07-28 06:00:00,2 days 12:00:00,60,29.79,112.36,1003.4,15.3,149.3640245596497,0.0,0.0,0.0,0.0,0.0,0.0,0.0,0.0,0.0,0.0,0.0,0.0
2026-07-25 18:00:00,WP112026,15,2026-07-28 12:00:00,2 days 18:00:00,66,30.57,112.39,1002.6,22.8,55.89463843716993,0.0,0.0,0.0,0.0,0.0,0.0,0.0,0.0,0.0,0.0,0.0,0.0
2026-07-25 18:00:00,WP112026,15,2026-07-28 18:00:00,3 days 00:00:00,72,31.47,112.72,1005.2,15.2,106.82001998693625,0.0,0.0,0.0,0.0,0.0,0.0,0.0,0.0,0.0,0.0,0.0,0.0
2026-07-25 18:00:00,WP112026,15,2026-07-29 00:00:00,3 days 06:00:00,78,32.46,113.01,1001.2,23.7,60.62331597584576,0.0,0.0,0.0,0.0,0.0,0.0,0.0,0.0,0.0,0.0,0.0,0.0
2026-07-25 18:00:00,WP112026,15,2026-07-29 06:00:00,3 days 12:00:00,84,33.29,113.48,1003.1,20.2,37.826724494600015,0.0,0.0,0.0,0.0,0.0,0.0,0.0,0.0,0.0,0.0,0.0,0.0
2026-07-25 18:00:00,EP062026,16,2026-07-25 18:00:00,0 days 00:00:00,0,19.2,-137.0,971.0,86.0,56.0,297.0,241.0,185.0,297.0,130.0,74.0,74.0,111.0,65.0,46.0,37.0,65.0
2026-07-25 18:00:00,EP062026,16,2026-07-26 00:00:00,0 days 06:00:00,6,19.37,-137.97,981.9,75.8,46.6900211496904,230.4444875119996,176.70936391744942,145.13462291924918,198.4739685173469,108.7786856697416,91.14613387133528,68.19495808473566,94.29165125187652,53.63037221517471,44.20861611944575,34.12673835668499,44.83878435748653
2026-07-25 18:00:00,EP062026,16,2026-07-26 06:00:00,0 days 12:00:00,12,19.59,-139.3,980.8,73.3,24.65896214114688,161.82253703336994,127.25981052495972,95.38752027902343,131.17705547991287,73.49803895159074,57.48474150198484,39.14320145410538,60.196363453211454,32.254354387649464,25.40009912313256,18.165284294904957,26.70796457821704
2026-07-25 18:00:00,EP062026,16,2026-07-26 12:00:00,0 days 18:00:00,18,19.89,-140.42,975.6,76.6,18.673194012471413,207.53613347026112,154.47050718106948,118.039080849328,172.16412604122343,83.38854459447066,67.58462137622882,48.3790957967824,68.7457026250031,38.537908325620265,31.459619985239897,22.962029613668165,31.931665217659656
2026-07-25 18:00:00,EP062026,16,2026-07-26 18:00:00,1 days 00:00:00,24,20.22,-141.34,988.2,67.0,59.649199756564485,234.18823003373157,179.86183704000723,146.15359202403056,197.8001823480245,92.2052515964442,75.64182487618427,55.92798404051644,78.64049399642954,59.649199756564485,36.11295793769489,27.43030860125521,36.776218548209386
2026-07-25 18:00:00,EP062026,16,2026-07-27 00:00:00,1 days 06:00:00,30,20.41,-142.62,975.7,81.9,22.265686857225845,225.800829514168,180.91829001110167,139.2234220511826,191.99707284488363,115.14677410896434,95.80039954903928,72.89990747959729,95.7055306210728,55.43540390261557,46.815122834611365,36.72147239880746,46.86237333247469
2026-07-25 18:00:00,EP062026,16,2026-07-27 06:00:00,1 days 12:00:00,36,20.57,-143.54,988.1,69.3,37.95110475356263,250.3859448470205,189.8955960845565,133.6946864259364,205.09573718584815,46.44725234412101,32.69554564601992,16.60169683385976,35.90754762347733,37.95110475356263,11.184573278763343,6.53958105454114,13.489404898071768
2026-07-25 18:00:00,EP062026,16,2026-07-27 12:00:00,1 days 18:00:00,42,20.98,-144.88,970.6,94.8,29.988877530580773,209.9636564635036,150.04956932896522,94.21326695793118,171.2960765496666,97.22907893725888,73.35900193843379,52.0232550681163,82.6964190631926,46.58174566437372,36.75931646764855,27.518428703104966,39.44886415779905
2026-07-25 18:00:00,EP062026,16,2026-07-27 18:00:00,2 days 00:00:00,48,21.34,-146.04,980.7,68.6,24.872797871131752,204.61542967720837,151.13144534342678,110.14182876609436,162.87641443219854,54.61321106704975,39.14955755929287,22.02950709341178,42.8013510992281,24.872797871131752,15.793973854870217,9.616582829510511,17.65425883305977
2026-07-25 18:00:00,EP062026,16,2026-07-28 00:00:00,2 days 06:00:00,54,21.79,-147.17,979.4,78.0,43.00826319593717,221.96458880295503,163.16485557154056,117.18755492540748,177.55759805444512,105.8911325342522,85.36596250469474,61.822667638654536,89.25778482524166,50.19779145704498,41.05969641752925,30.159207666437684,41.32264000646417
2026-07-25 18:00:00,EP062026,16,2026-07-28 06:00:00,2 days 12:00:00,60,22.27,-147.86,985.3,67.3,59.202365087407465,158.40922075931786,95.20063646402474,54.17914706234546,125.5689242566158,64.2935343255958,48.820916737406655,34.70619111388022,53.985547340449415,59.202365087407465,19.342804942887312,14.475976368057538,21.47841219417299
2026-07-25 18:00:00,EP062026,16,2026-07-28 12:00:00,2 days 18:00:00,66,22.36,-149.34,992.7,61.5,55.523484907742855,232.63367767320773,183.10953088208683,137.574490199315,193.57926251104183,55.523484907742855,1.0970789966578067,0.0,2.1100002186250704,0.0,0.0,0.0,0.0
2026-07-25 18:00:00,EP062026,16,2026-07-28 18:00:00,3 days 00:00:00,72,22.69,-150.32,1000.0,51.7,90.21122082148032,225.53359295402836,175.0512964563086,136.33816395018107,191.865454179454,90.21122082148032,7.87363541566188,4.546930932745269,8.545697421333642,0.0,0.0,0.0,0.0
2026-07-25 18:00:00,EP062026,16,2026-07-29 00:00:00,3 days 06:00:00,78,22.73,-151.62,1000.9,47.8,32.87075501901489,167.146493005925,132.59443932263397,97.62793764263569,139.00500762448732,0.0,0.0,0.0,0.0,0.0,0.0,0.0,0.0
2026-07-25 18:00:00,EP062026,16,2026-07-29 06:00:00,3 days 12:00:00,84,22.76,-152.92,1004.2,43.0,94.6307970959394,94.6307970959394,30.83453240908294,21.58968919568083,44.27733843791528,0.0,0.0,0.0,0.0,0.0,0.0,0.0,0.0
2026-07-25 18:00:00,EP062026,16,2026-07-29 12:00:00,3 days 18:00:00,90,22.84,-153.99,1006.0,38.8,83.06230248571396,83.06230248571396,0.1010855726254362,0.0,5.856529118783428,0.0,0.0,0.0,0.0,0.0,0.0,0.0,0.0
2026-07-25 18:00:00,EP062026,16,2026-07-29 18:00:00,4 days 00:00:00,96,23.23,-155.32,1005.8,45.3,116.17792657452172,144.84309398771808,107.0873490321065,81.53236480221219,109.77095341681934,0.0,0.0,0.0,0.0,0.0,0.0,0.0,0.0
2026-07-25 18:00:00,EP062026,16,2026-07-30 00:00:00,4 days 06:00:00,102,23.14,-156.53,1001.4,45.0,55.75483073058968,55.75483073058968,0.0,0.0,8.873187030691767,0.0,0.0,0.0,0.0,0.0,0.0,0.0,0.0
2026-07-25 18:00:00,EP062026,16,2026-07-30 06:00:00,4 days 12:00:00,108,23.44,-157.53,1005.6,41.5,55.43243968622277,5.344645812998003,0.0,0.0,55.43243968622277,0.0,0.0,0.0,0.0,0.0,0.0,0.0,0.0
2026-07-25 18:00:00,EP062026,16,2026-07-30 12:00:00,4 days 18:00:00,114,23.03,-159.0,1008.0,37.9,106.17461952326158,106.17461952326158,37.92130767596743,32.465048409562215,38.45619193196221,0.0,0.0,0.0,0.0,0.0,0.0,0.0,0.0
2026-07-25 18:00:00,EP062026,16,2026-07-30 18:00:00,5 days 00:00:00,120,24.0,-159.87,1003.0,44.4,61.047306259185454,126.92820027320072,89.64733687785595,75.55746014328429,99.03610970506466,0.0,0.0,0.0,0.0,0.0,0.0,0.0,0.0
2026-07-25 18:00:00,EP062026,16,2026-07-31 00:00:00,5 days 06:00:00,126,24.03,-160.88,1008.2,32.4,100.7844643925812,0.0,0.0,0.0,0.0,0.0,0.0,0.0,0.0,0.0,0.0,0.0,0.0
2026-07-25 18:00:00,EP072026,16,2026-07-25 18:00:00,0 days 00:00:00,0,11.2,-105.1,995.0,54.0,28.0,204.0,167.0,56.0,130.0,56.0,37.0,,,0.0,0.0,0.0,0.0
2026-07-25 18:00:00,EP072026,16,2026-07-26 00:00:00,0 days 06:00:00,6,11.93,-106.35,991.3,62.9,16.42187620696859,129.5150361772612,97.30608256751292,54.928377868887765,101.11398720375291,47.34011754409585,34.723469767381175,18.19896504801636,35.66463787943394,0.0,0.0,0.0,0.0
2026-07-25 18:00:00,EP072026,16,2026-07-26 06:00:00,0 days 12:00:00,12,12.34,-107.6,984.6,73.4,41.06922278689623,172.0295613861972,113.97168480172456,66.2440064137536,131.2316411634172,64.22413265840821,43.71666292452478,24.5598469835657,49.93141132220546,41.06922278689623,16.93721499416653,9.935493278584552,19.0642561429855
2026-07-25 18:00:00,EP072026,16,2026-07-26 12:00:00,0 days 18:00:00,18,13.09,-108.71,984.7,74.3,24.19071379069676,190.44515323392704,143.50314367825462,95.99413502585983,145.72274313306485,78.15195257298612,59.36134126193675,37.23752386257672,61.35490785974739,32.561509104553295,25.08546382077473,16.42582641283218,25.809878868493463
2026-07-25 18:00:00,EP072026,16,2026-07-26 18:00:00,1 days 00:00:00,24,13.85,-110.07,976.5,86.1,43.62749676155045,238.42775278799172,195.97708701556988,139.50069013792807,192.517062877949,117.18769275013416,97.64923696906943,69.14671661717277,95.19204184750004,54.523728660364064,46.05029218432034,34.84486141084972,45.39272764375645
2026-07-25 18:00:00,EP072026,16,2026-07-27 00:00:00,1 days 06:00:00,30,14.23,-110.99,965.1,92.2,29.505769659399448,256.5007012648057,216.99256613770197,142.41472799930852,217.06441116296628,128.29930458009403,102.74659337103004,68.14396803861746,105.30725456941946,60.181838536682335,49.75544540787087,36.21221186002276,49.964689022117454
2026-07-25 18:00:00,EP072026,16,2026-07-27 06:00:00,1 days 12:00:00,36,14.6,-111.9,954.2,110.4,5.928665950617161,209.2992002947949,163.22966175754723,112.12357627471982,174.46393678268606,100.88641061059948,76.36599689468689,54.17073631515417,84.07917909112135,48.83432402128603,39.16580863636276,29.79820914878241,41.92197165843679
2026-07-25 18:00:00,EP072026,16,2026-07-27 12:00:00,1 days 18:00:00,42,14.98,-112.76,952.1,114.1,10.151065615678784,295.6851358504836,239.94305827503464,150.37887236693405,252.7819968949143,146.41707635068167,118.14997233328732,83.89967066577735,120.81167706629216,71.55862298909909,61.81291871564642,48.707724716280666,62.67270376502359
2026-07-25 18:00:00,EP072026,16,2026-07-27 18:00:00,2 days 00:00:00,48,15.49,-113.21,954.0,111.4,20.65269251100042,271.957020955412,225.73068729232196,159.66047927098802,230.29071748358007,113.38259795667172,91.77836673401256,68.31113449115983,96.49294073088387,57.49276031505445,49.12138770667064,38.91454255881987,49.50154048524491
2026-07-25 18:00:00,EP072026,16,2026-07-28 00:00:00,2 days 06:00:00,54,16.16,-114.02,960.0,97.5,29.540001882798972,242.70756590990985,207.21386632981063,151.65502314065753,209.11680137511405,131.45434438331336,108.38158531903616,83.4563128572974,110.40361330235368,65.58878684157193,57.33337545188184,44.88225839400147,56.08632184603738
2026-07-25 18:00:00,EP072026,16,2026-07-28 06:00:00,2 days 12:00:00,60,16.78,-114.55,959.1,100.3,59.59643790744629,209.5369920076173,193.07360371626424,147.39240219006348,177.04832645244016,111.64721678544488,95.50367055129618,74.41882949159617,98.92272527791718,59.59643790744629,51.95029028762718,41.25524794464064,51.29406094618816
2026-07-25 18:00:00,EP072026,16,2026-07-28 12:00:00,2 days 18:00:00,66,17.12,-115.28,957.8,101.5,32.26617788002028,277.8453578369234,241.89255511406165,174.44506077921108,229.1040395470134,118.51369370020066,99.79774763730754,75.51107947683069,99.60346865878223,60.912677546199845,52.56258033182282,42.28783037949533,52.647889119080176
2026-07-25 18:00:00,EP072026,16,2026-07-28 18:00:00,3 days 00:00:00,72,17.57,-115.8,958.3,100.4,37.663051033280425,247.68519161173575,211.9872281380393,162.6590946125389,206.6985469520428,136.5700542874794,115.47272593550284,91.87100350159268,122.09171122477528,73.72276504858678,63.94277512940211,50.90446472048421,64.03411442597053
2026-07-25 18:00:00,EP072026,16,2026-07-29 00:00:00,3 days 06:00:00,78,17.64,-116.39,960.8,98.5,25.491500836768022,247.1893187808864,204.0289468608132,151.36639466358247,210.50775590509795,122.14793184711266,102.79815512446892,80.85848254580415,105.37337499832292,63.55875092856351,55.14997777714828,44.32606143611844,55.30302626280511
2026-07-25 18:00:00,EP072026,16,2026-07-29 06:00:00,3 days 12:00:00,84,18.04,-117.11,968.4,94.4,50.561367907465865,219.46300201765047,163.90620468939414,122.58307071704051,184.0966996025909,113.19215960901148,89.16596832706273,69.37149824590438,97.7469850783532,56.3521190784013,46.7993670472564,36.79631762854683,48.96862044906834
2026-07-25 18:00:00,EP072026,16,2026-07-29 12:00:00,3 days 18:00:00,90,18.34,-118.1,966.5,86.5,47.861189773549256,345.4308261523785,292.2248816345609,234.29642922485576,292.7816248719871,118.0091166199178,98.73943088841304,73.77558426465629,96.93950568386296,56.25622663895916,48.53262828240633,37.13616756745704,47.9902556839068
2026-07-25 18:00:00,EP072026,16,2026-07-29 18:00:00,4 days 00:00:00,96,18.52,-118.83,971.5,81.4,62.91799508807838,267.6840678687136,232.44687466216007,199.20904597099565,242.07263832959572,145.18169768608936,128.85739754451026,102.34368640544491,126.56886360115864,72.94694427052374,65.30058564625686,51.86933648399772,63.28415720057711
2026-07-25 18:00:00,EP072026,16,2026-07-30 00:00:00,4 days 06:00:00,102,18.93,-119.39,971.7,75.4,32.247314226535714,298.74528303364883,252.75937988660468,206.68565808115244,252.7918153669741,160.2473573753031,140.9323600529287,114.36441218515532,137.56914709748642,81.80413925497216,73.85581779286278,59.35728464938327,70.18676097596631
2026-07-25 18:00:00,EP072026,16,2026-07-30 06:00:00,4 days 12:00:00,108,19.7,-120.42,984.1,62.6,76.5800704601953,211.99815346728096,182.80247751179792,164.04169108242377,197.4279695234856,119.05344006879967,106.40095148829894,86.9739742736034,103.29780924799068,0.0,0.0,0.0,0.0
2026-07-25 18:00:00,EP072026,16,2026-07-30 12:00:00,4 days 18:00:00,114,19.97,-121.33,984.7,62.6,78.77492961530906,242.8655494803127,200.34688396262445,189.54615570672783,230.58337567453216,105.65335692773888,93.17198527144976,75.20848153259388,93.22910992639753,0.0,0.0,0.0,0.0
2026-07-25 18:00:00,EP072026,16,2026-07-30 18:00:00,5 days 00:00:00,120,20.48,-122.54,994.1,55.1,39.09265885513592,228.7269912518668,204.66557642240716,161.88249230635614,203.24468853000465,80.60232854088164,75.44344954071589,60.55391206320217,65.6362329830497,0.0,0.0,0.0,0.0
2026-07-25 18:00:00,EP072026,16,2026-07-31 00:00:00,5 days 06:00:00,126,21.09,-123.76,995.9,49.1,91.8260987492477,213.1087368981316,179.54180871504877,142.5726091019884,179.77410898179642,0.0,0.0,0.0,0.0,0.0,0.0,0.0,0.0
2026-07-25 18:00:00,EP072026,16,2026-07-31 06:00:00,5 days 12:00:00,132,21.46,-125.2,998.7,40.3,53.82690456229113,110.35752127207763,85.61859886446648,66.855800378313,89.55771879985377,0.0,0.0,0.0,0.0,0.0,0.0,0.0,0.0
2026-07-25 18:00:00,EP072026,16,2026-07-31 12:00:00,5 days 18:00:00,138,21.92,-126.6,1002.7,38.8,70.44773399990433,115.88779505427556,89.64997590415012,68.92076040700121,102.25546961991192,0.0,0.0,0.0,0.0,0.0,0.0,0.0,0.0
2026-07-25 18:00:00,EP072026,16,2026-07-31 18:00:00,6 days 00:00:00,144,22.4,-127.99,1005.4,28.4,91.6265819500186,0.0,0.0,0.0,0.0,0.0,0.0,0.0,0.0,0.0,0.0,0.0,0.0
2026-07-25 18:00:00,EP072026,16,2026-08-01 00:00:00,6 days 06:00:00,150,22.76,-129.59,1002.5,36.2,41.22933415091006,46.86754428623017,25.58513084556273,8.727406298547256,31.821118502696837,0.0,0.0,0.0,0.0,0.0,0.0,0.0,0.0
2026-07-25 18:00:00,EP072026,16,2026-08-01 06:00:00,6 days 12:00:00,156,23.26,-130.62,999.2,34.4,83.46433797186279,83.46433797186279,3.3374931519885216,1.2143943826379768,7.533972404360695,0.0,0.0,0.0,0.0,0.0,0.0,0.0,0.0
2026-07-25 18:00:00,EP072026,16,2026-08-01 12:00:00,6 days 18:00:00,162,23.65,-132.16,1004.0,33.2,57.913389455642346,0.0,0.0,0.0,0.0,0.0,0.0,0.0,0.0,0.0,0.0,0.0,0.0
2026-07-25 18:00:00,EP072026,16,2026-08-01 18:00:00,7 days 00:00:00,168,24.38,-133.21,1008.4,28.1,127.59948676141325,0.0,0.0,0.0,0.0,0.0,0.0,0.0,0.0,0.0,0.0,0.0,0.0
2026-07-25 18:00:00,EP072026,16,2026-08-02 00:00:00,7 days 06:00:00,174,24.94,-134.52,1008.3,29.9,132.16580026123663,0.0,0.0,0.0,0.0,0.0,0.0,0.0,0.0,0.0,0.0,0.0,0.0
2026-07-25 18:00:00,EP072026,16,2026-08-02 06:00:00,7 days 12:00:00,180,25.76,-135.75,1007.3,28.7,120.0682851464361,0.0,0.0,0.0,0.0,0.0,0.0,0.0,0.0,0.0,0.0,0.0,0.0
2026-07-25 18:00:00,EP072026,16,2026-08-02 12:00:00,7 days 18:00:00,186,26.28,-137.26,1010.3,23.6,144.28955679748216,0.0,0.0,0.0,0.0,0.0,0.0,0.0,0.0,0.0,0.0,0.0,0.0
2026-07-25 18:00:00,EP072026,16,2026-08-02 18:00:00,8 days 00:00:00,192,26.5,-137.8,1004.9,32.7,71.67934777167474,0.0,0.0,0.0,0.0,0.0,0.0,0.0,0.0,0.0,0.0,0.0,0.0
2026-07-25 18:00:00,EP072026,16,2026-08-03 00:00:00,8 days 06:00:00,198,26.85,-139.16,1008.3,27.1,97.28433017425805,0.0,0.0,0.0,0.0,0.0,0.0,0.0,0.0,0.0,0.0,0.0,0.0
2026-07-25 18:00:00,EP072026,16,2026-08-03 06:00:00,8 days 12:00:00,204,27.07,-140.0,1011.8,23.7,159.57753503579028,0.0,0.0,0.0,0.0,0.0,0.0,0.0,0.0,0.0,0.0,0.0,0.0
2026-07-25 18:00:00,EP072026,16,2026-08-03 12:00:00,8 days 18:00:00,210,27.63,-141.34,1012.4,20.9,139.4364988402693,0.0,0.0,0.0,0.0,0.0,0.0,0.0,0.0,0.0,0.0,0.0,0.0
2026-07-25 18:00:00,EP072026,16,2026-08-03 18:00:00,9 days 00:00:00,216,27.55,-141.96,1015.0,18.3,144.67403637003633,0.0,0.0,0.0,0.0,0.0,0.0,0.0,0.0,0.0,0.0,0.0,0.0
2026-07-25 18:00:00,WP112026,16,2026-07-25 18:00:00,0 days 00:00:00,0,22.4,115.1,967.0,84.0,27.0,222.0,204.0,167.0,195.0,,,,,,,,
2026-07-25 18:00:00,WP112026,16,2026-07-26 00:00:00,0 days 06:00:00,6,22.73,114.47,964.0,75.7,27.01261060613216,172.87137892171106,144.66256577819198,127.9695513558416,152.03258399200757,79.11801282719284,69.93841480253016,51.4033362698104,67.8438989724346,37.24551165213301,31.997270286457287,24.945094780748917,31.431265403025225
2026-07-25 18:00:00,WP112026,16,2026-07-26 06:00:00,0 days 12:00:00,12,23.5,113.83,986.2,57.9,42.22382558167806,195.6976687738657,160.84467074780093,121.43994734875878,158.1038381186071,42.22382558167806,0.1289360657433889,0.0,3.4622499132358127,0.0,0.0,0.0,0.0
2026-07-25 18:00:00,WP112026,16,2026-07-26 12:00:00,0 days 18:00:00,18,24.14,113.97,987.3,48.8,65.23729884527933,214.6069285091889,186.39273145746225,152.16171994640314,172.69229830971284,0.0,0.0,0.0,0.0,0.0,0.0,0.0,0.0
2026-07-25 18:00:00,WP112026,16,2026-07-26 18:00:00,1 days 00:00:00,24,24.6,113.89,1001.4,25.5,68.38423653251093,0.0,0.0,0.0,0.0,0.0,0.0,0.0,0.0,0.0,0.0,0.0,0.0
2026-07-25 18:00:00,WP112026,16,2026-07-27 00:00:00,1 days 06:00:00,30,26.23,113.2,999.0,25.8,103.10671280103412,0.0,0.0,0.0,0.0,0.0,0.0,0.0,0.0,0.0,0.0,0.0,0.0
2026-07-25 18:00:00,WP112026,16,2026-07-27 06:00:00,1 days 12:00:00,36,26.91,113.04,1000.5,19.4,50.67573941665549,0.0,0.0,0.0,0.0,0.0,0.0,0.0,0.0,0.0,0.0,0.0,0.0
2026-07-25 18:00:00,WP112026,16,2026-07-27 12:00:00,1 days 18:00:00,42,27.12,111.94,1004.4,17.8,76.3727139936812,0.0,0.0,0.0,0.0,0.0,0.0,0.0,0.0,0.0,0.0,0.0,0.0
2026-07-25 18:00:00,WP112026,16,2026-07-27 18:00:00,2 days 00:00:00,48,28.52,111.85,1001.5,20.0,120.33518494905292,0.0,0.0,0.0,0.0,0.0,0.0,0.0,0.0,0.0,0.0,0.0,0.0
2026-07-25 18:00:00,WP112026,16,2026-07-28 00:00:00,2 days 06:00:00,54,29.13,111.43,1008.2,11.8,74.80994051064772,0.0,0.0,0.0,0.0,0.0,0.0,0.0,0.0,0.0,0.0,0.0,0.0
2026-07-25 18:00:00,EP062026,17,2026-07-25 18:00:00,0 days 00:00:00,0,19.2,-137.0,971.0,86.0,56.0,297.0,241.0,185.0,297.0,130.0,74.0,74.0,111.0,65.0,46.0,37.0,65.0
2026-07-25 18:00:00,EP062026,17,2026-07-26 00:00:00,0 days 06:00:00,6,19.6,-138.32,985.7,68.0,55.67522868937901,284.45322615163826,246.3516257133204,188.24467576245547,238.04216151718293,64.3859291073872,48.985205243981554,28.347478085483555,46.62251737899747,55.67522868937901,0.4416742092951446,0.0,1.9925623569693416
2026-07-25 18:00:00,EP062026,17,2026-07-26 06:00:00,0 days 12:00:00,12,19.41,-139.15,982.9,71.8,31.149461943802173,205.6065709478173,168.90321823077684,132.80372625263055,179.25719895622586,72.02213912470366,57.00626527072424,40.35227203759995,59.6441603891432,31.149461943802173,20.829337627711425,15.388410265892158,20.932113613496167
2026-07-25 18:00:00,EP062026,17,2026-07-26 12:00:00,0 days 18:00:00,18,19.54,-140.16,980.0,72.6,25.517966179125903,211.14860630243888,159.25719572895832,128.79304708061338,201.5694222366693,129.11257665749386,100.07693165792033,80.71667681675741,114.01635707822588,64.59071025079024,54.92369746427672,43.17059846491879,55.54354526246546
2026-07-25 18:00:00,EP062026,17,2026-07-26 18:00:00,1 days 00:00:00,24,19.78,-141.29,976.3,78.8,50.10433811035341,185.28570237617328,127.181102958446,93.05501295609828,154.5664700624884,115.51437074869476,90.55584097146834,70.00187241584354,99.50480094785075,57.26031356006774,48.56378061420526,38.369106460443845,49.582476907405294
2026-07-25 18:00:00,EP062026,17,2026-07-27 00:00:00,1 days 06:00:00,30,20.0,-142.34,982.3,75.4,57.13828569955778,232.03750335699652,185.3674641536664,129.70392168772392,178.55483890377712,70.69066950109156,52.235966350320496,31.5341127857803,52.54069665986866,57.13828569955778,11.09448895128657,7.271847112787419,11.764627183607574
2026-07-25 18:00:00,EP062026,17,2026-07-27 06:00:00,1 days 12:00:00,36,20.13,-143.64,980.0,74.5,31.880861548563487,217.34612607607323,144.11278665897905,106.53070660722524,182.55049956288823,144.174433173726,117.3208342599245,92.0569006182034,122.90409886613604,70.90996443278934,61.53302833237258,48.854969601896805,61.23104240958929
2026-07-25 18:00:00,EP062026,17,2026-07-27 12:00:00,1 days 18:00:00,42,20.33,-145.25,986.5,65.9,45.845108327233646,200.1055601982871,130.88118371739054,93.9512597190236,167.92790493382515,102.59594281407205,78.33153513763422,54.6500254619444,84.01787164171651,45.845108327233646,31.398691687104545,24.026550301242484,33.19587202775864
2026-07-25 18:00:00,EP062026,17,2026-07-27 18:00:00,2 days 00:00:00,48,20.61,-146.55,986.3,60.7,8.741191570010749,244.7585949334221,185.6643569305139,129.58280298456998,201.50693870056816,76.32390226373226,55.66948344181888,33.162131840542344,58.56809875020318,0.0,0.0,0.0,0.0
2026-07-25 18:00:00,EP062026,17,2026-07-28 00:00:00,2 days 06:00:00,54,21.22,-147.44,994.8,62.3,43.22388362067255,193.2637584367651,123.00592543050097,64.82094777246965,138.4433275129336,43.22388362067255,11.381177844632376,0.0,14.749408479848178,0.0,0.0,0.0,0.0
2026-07-25 18:00:00,EP062026,17,2026-07-28 06:00:00,2 days 12:00:00,60,21.47,-148.63,993.4,55.5,9.787129410668602,187.9845205229817,159.93626386203132,122.39141814092586,156.04130919302358,35.61379725104371,27.48454717839742,14.624395135750646,24.47255880379696,0.0,0.0,0.0,0.0
2026-07-25 18:00:00,EP062026,17,2026-07-28 12:00:00,2 days 18:00:00,66,21.36,-150.04,994.1,56.4,89.62403084025054,192.0583252388401,153.88332786977338,109.8755858035056,153.05571220123713,89.62403084025054,27.15982567200794,16.212570811159885,26.81878438288628,0.0,0.0,0.0,0.0
2026-07-25 18:00:00,EP062026,17,2026-07-28 18:00:00,3 days 00:00:00,72,21.63,-151.04,1003.9,43.8,111.56697529142212,269.61498345358075,224.47604088435375,170.9146275502717,218.2776280340377,0.0,0.0,0.0,0.0,0.0,0.0,0.0,0.0
2026-07-25 18:00:00,EP062026,17,2026-07-29 00:00:00,3 days 06:00:00,78,21.87,-152.22,1002.6,44.6,90.5415314683437,269.7873401270449,223.23337331083692,175.05664440748936,220.98678222043165,0.0,0.0,0.0,0.0,0.0,0.0,0.0,0.0
2026-07-25 18:00:00,EP062026,17,2026-07-29 06:00:00,3 days 12:00:00,84,21.84,-153.6,1005.0,41.0,179.39661418845367,258.5279421068351,223.0472800208996,186.352480397607,211.3367457049983,0.0,0.0,0.0,0.0,0.0,0.0,0.0,0.0
2026-07-25 18:00:00,EP062026,17,2026-07-29 12:00:00,3 days 18:00:00,90,21.87,-154.52,1006.6,34.8,77.66041296892524,77.66041296892524,27.23651845837901,11.964405514940765,29.61267513807456,0.0,0.0,0.0,0.0,0.0,0.0,0.0,0.0
2026-07-25 18:00:00,EP062026,17,2026-07-29 18:00:00,4 days 00:00:00,96,21.98,-155.96,1006.0,34.9,119.30095908082416,119.30095908082416,17.0646409634074,4.26391094295116,15.098774265248473,0.0,0.0,0.0,0.0,0.0,0.0,0.0,0.0
2026-07-25 18:00:00,EP062026,17,2026-07-30 00:00:00,4 days 06:00:00,102,22.17,-157.15,1008.7,32.6,66.13373742701465,0.0,0.0,0.0,0.0,0.0,0.0,0.0,0.0,0.0,0.0,0.0,0.0
2026-07-25 18:00:00,EP072026,17,2026-07-25 18:00:00,0 days 00:00:00,0,11.2,-105.1,995.0,54.0,28.0,204.0,167.0,56.0,130.0,56.0,37.0,,,0.0,0.0,0.0,0.0
2026-07-25 18:00:00,EP072026,17,2026-07-26 00:00:00,0 days 06:00:00,6,11.88,-106.51,995.7,59.2,65.54984070673021,73.58329059601756,49.42831960712782,19.22148546593172,38.436561267939865,65.54984070673021,0.0,0.0,0.0,0.0,0.0,0.0,0.0
2026-07-25 18:00:00,EP072026,17,2026-07-26 06:00:00,0 days 12:00:00,12,12.5,-107.83,987.3,63.6,33.24244931862167,197.45185904417409,160.2959816219438,103.63501563175971,144.5999059344897,33.24244931862167,19.536701385236288,8.583793506977134,18.39125778499501,0.0,0.0,0.0,0.0
2026-07-25 18:00:00,EP072026,17,2026-07-26 12:00:00,0 days 18:00:00,18,12.83,-108.95,991.7,62.8,29.61324248502909,187.1499944846989,152.07302623700804,88.0362385090776,144.2996523477466,45.36668050980907,32.66134299773587,14.620110161168736,29.96450389065142,0.0,0.0,0.0,0.0
2026-07-25 18:00:00,EP072026,17,2026-07-26 18:00:00,1 days 00:00:00,24,13.23,-109.85,974.3,84.4,16.863510302208848,267.7230127308505,232.7878019939631,145.3666492335798,210.5805796124697,90.51444349246674,69.8973726407775,43.73181940552963,68.16333705932738,24.108303400853263,17.905337862421483,13.064967264101888,21.71146170688947
2026-07-25 18:00:00,EP072026,17,2026-07-27 00:00:00,1 days 06:00:00,30,14.03,-111.45,991.2,67.8,38.66077654813992,257.45901180579835,213.03427426495116,150.84046903662875,203.47882010240025,79.82498391674244,60.75097812630585,38.27853450555728,58.31380055892471,38.66077654813992,7.756454797717506,4.771677595819931,8.323288282878593
2026-07-25 18:00:00,EP072026,17,2026-07-27 06:00:00,1 days 12:00:00,36,14.71,-112.49,979.7,75.4,38.52186909971469,235.88766270559847,187.4780283926692,142.47173060046646,199.02892152770815,133.67114753973922,110.21766324549124,83.41250505836702,111.99193215143865,52.78541882708022,45.05979026455378,35.1285953188107,45.21280064661521
2026-07-25 18:00:00,EP072026,17,2026-07-27 12:00:00,1 days 18:00:00,42,15.17,-113.1,978.4,81.6,49.23216088837843,312.2941497950678,262.57262341117644,185.3782134882253,264.8802349700271,97.77548379486882,72.2550367901236,42.86395903652053,73.43426884658015,49.23216088837843,11.323826390859791,6.20348305124103,13.993326733103055
2026-07-25 18:00:00,EP072026,17,2026-07-27 18:00:00,2 days 00:00:00,48,16.0,-113.83,968.4,88.8,36.62419132208999,266.2216969069989,217.00251540022649,137.88670314836702,211.26850354330784,141.46837575325287,117.80109532089016,85.41149844906761,114.42829696500444,63.04812394779034,54.96040519693943,41.652492410177615,53.50608998358649
2026-07-25 18:00:00,EP072026,17,2026-07-28 00:00:00,2 days 06:00:00,54,16.55,-114.49,963.6,94.6,43.42178427358428,232.93503976886683,198.50462731001585,124.83067106225369,186.57002574156672,79.6991759956741,63.8629476597813,41.63625060721637,60.43292038443302,43.42178427358428,28.62311270794818,20.638713782700748,28.289336708147022
2026-07-25 18:00:00,EP072026,17,2026-07-28 06:00:00,2 days 12:00:00,60,17.12,-115.25,968.0,90.2,21.75038738895546,272.38376316886934,219.86815303002092,133.22569575706711,208.70214686329385,111.264164503521,83.88111902806895,54.73005591461788,86.29219023050427,44.39174117720677,36.61508915473223,26.175409424846634,37.455867208076825
2026-07-25 18:00:00,EP072026,17,2026-07-28 12:00:00,2 days 18:00:00,66,17.33,-116.21,968.7,89.2,37.00370054536552,299.4729269040072,241.14091631675308,163.84606361501417,242.07336969524383,97.1492401475673,73.23869495016402,46.57569767692118,75.66841331965531,37.00370054536552,23.485890120690243,15.80100667551968,25.40203038861468
2026-07-25 18:00:00,EP072026,17,2026-07-28 18:00:00,3 days 00:00:00,72,17.75,-116.9,947.7,111.1,16.598190765508548,224.01619487260135,205.48828538869347,142.02001235147935,191.4210525965981,56.35433315146692,40.82508456604207,22.483406097695227,42.94371173292425,28.307770967064364,21.190495376407963,14.236455521029242,22.628033812254312
2026-07-25 18:00:00,EP072026,17,2026-07-29 00:00:00,3 days 06:00:00,78,18.21,-117.56,951.7,101.9,36.08134232192987,247.08101060547187,194.9108730025049,124.07183422266417,201.1543186573849,75.93654447552592,51.69524895798679,28.518412275451908,59.872969798177735,36.08134232192987,26.42602260717584,17.99223570689491,29.206786175042154
2026-07-25 18:00:00,EP072026,17,2026-07-29 06:00:00,3 days 12:00:00,84,18.25,-118.59,967.3,89.2,40.48338406108305,231.47811101316617,207.54159600024545,160.76789100671658,205.93190036973925,52.520960107198256,37.829852348725055,25.30617764005599,45.51519768236428,40.48338406108305,12.123749783937887,8.314573378491309,12.614749974012112
2026-07-25 18:00:00,EP072026,17,2026-07-29 12:00:00,3 days 18:00:00,90,18.4,-119.12,976.7,80.3,49.44466806359927,231.0801182651205,188.63471860343844,121.5341160242765,196.2957895552418,112.87234567521762,91.91112030952802,66.91754173727085,94.709798992233,54.612236872503296,47.09263065194367,35.86804983675387,46.11125381165717
2026-07-25 18:00:00,EP072026,17,2026-07-29 18:00:00,4 days 00:00:00,96,18.73,-120.0,978.0,75.1,51.34438658626887,228.8812841100556,194.204842990197,138.46317396025722,203.1330438491178,114.43005738095694,93.52029829578032,73.64739356777369,98.24190837309357,57.626985365740886,50.50264603177406,39.89781962401926,48.991991212907166
2026-07-25 18:00:00,EP072026,17,2026-07-30 00:00:00,4 days 06:00:00,102,19.01,-121.29,984.3,57.9,56.53304049113871,327.172995183364,250.4701071631891,188.2178210797812,263.84583911761547,113.25435413074813,89.64748764870657,66.10292588450794,90.12521041519446,0.0,0.0,0.0,0.0
2026-07-25 18:00:00,EP072026,17,2026-07-30 06:00:00,4 days 12:00:00,108,19.21,-122.39,985.9,62.4,71.50001688879212,295.1442667476764,262.9921299140904,207.02483916024653,262.6516058050389,71.50001688879212,49.99404935292363,32.36358653973042,53.68658171793048,0.0,0.0,0.0,0.0
2026-07-25 18:00:00,EP072026,17,2026-07-30 12:00:00,4 days 18:00:00,114,19.37,-123.51,990.0,53.3,63.63014217945464,259.1398153257367,218.4904901282602,169.4825985181301,216.34110956088955,63.63014217945464,38.51245745810482,26.364067962284608,39.51933676872105,0.0,0.0,0.0,0.0
2026-07-25 18:00:00,EP072026,17,2026-07-30 18:00:00,5 days 00:00:00,120,19.71,-124.76,997.5,47.7,57.40627963348695,217.5244252727946,180.94937167824932,139.12944665626895,177.3217884118676,0.0,0.0,0.0,0.0,0.0,0.0,0.0,0.0
2026-07-25 18:00:00,EP072026,17,2026-07-31 00:00:00,5 days 06:00:00,126,20.16,-125.95,994.7,52.1,56.8707074376011,192.25789766128264,147.83652002518514,106.13937644257156,151.52459780523714,56.8707074376011,14.582938566864025,6.375564346697609,16.17849695737867,0.0,0.0,0.0,0.0
2026-07-25 18:00:00,EP072026,17,2026-07-31 06:00:00,5 days 12:00:00,132,20.46,-127.1,996.6,48.9,63.984522383422586,171.85265405206724,127.31492967723013,95.199538792822,127.00659342095504,0.0,0.0,0.0,0.0,0.0,0.0,0.0,0.0
2026-07-25 18:00:00,EP072026,17,2026-07-31 12:00:00,5 days 18:00:00,138,20.74,-128.88,999.6,48.3,47.95036502944339,227.59743145665564,173.9869112756443,134.8025400237031,188.9711644513809,0.0,0.0,0.0,0.0,0.0,0.0,0.0,0.0
2026-07-25 18:00:00,EP072026,17,2026-07-31 18:00:00,6 days 00:00:00,144,20.95,-130.19,1002.2,38.7,106.69318320497172,166.2415423024692,118.80000978233775,90.63403337165909,129.11538957018774,0.0,0.0,0.0,0.0,0.0,0.0,0.0,0.0
2026-07-25 18:00:00,EP072026,17,2026-08-01 00:00:00,6 days 06:00:00,150,21.57,-131.52,1000.0,48.4,34.565931179019074,189.4141019622615,135.19864082887443,102.67058271341084,154.2931743599018,0.0,0.0,0.0,0.0,0.0,0.0,0.0,0.0
2026-07-25 18:00:00,EP072026,17,2026-08-01 06:00:00,6 days 12:00:00,156,21.76,-133.01,1001.3,42.5,67.49853307817295,67.49853307817295,5.999021059368431,0.0,9.654871671289186,0.0,0.0,0.0,0.0,0.0,0.0,0.0,0.0
2026-07-25 18:00:00,EP072026,17,2026-08-01 12:00:00,6 days 18:00:00,162,22.13,-134.28,1004.4,37.5,81.28906237823257,81.28906237823257,18.57763427970983,7.809592732689097,36.50883616465743,0.0,0.0,0.0,0.0,0.0,0.0,0.0,0.0
2026-07-25 18:00:00,EP072026,17,2026-08-01 18:00:00,7 days 00:00:00,168,22.77,-135.49,1005.6,39.6,61.565985119053245,135.81438079131257,83.93286333388899,47.49759255563264,101.70387600331436,0.0,0.0,0.0,0.0,0.0,0.0,0.0,0.0
2026-07-25 18:00:00,EP072026,17,2026-08-02 00:00:00,7 days 06:00:00,174,23.35,-137.17,1000.5,41.2,119.20473823354672,119.20473823354672,10.540272118248318,0.448050786079758,24.45843539559304,0.0,0.0,0.0,0.0,0.0,0.0,0.0,0.0
2026-07-25 18:00:00,EP072026,17,2026-08-02 06:00:00,7 days 12:00:00,180,23.9,-138.53,1001.2,41.7,62.43878753448155,62.43878753448155,21.36293582209896,14.02680470919833,33.315434801681704,0.0,0.0,0.0,0.0,0.0,0.0,0.0,0.0
2026-07-25 18:00:00,EP072026,17,2026-08-02 12:00:00,7 days 18:00:00,186,24.27,-139.71,1005.5,34.1,64.84453561637235,64.84453561637235,19.982954407821097,11.57019334132562,37.92024363380639,0.0,0.0,0.0,0.0,0.0,0.0,0.0,0.0
2026-07-25 18:00:00,EP072026,17,2026-08-02 18:00:00,8 days 00:00:00,192,24.43,-140.7,1004.7,33.3,78.98754177550855,0.0,0.0,0.0,0.0,0.0,0.0,0.0,0.0,0.0,0.0,0.0,0.0
2026-07-25 18:00:00,EP072026,17,2026-08-03 00:00:00,8 days 06:00:00,198,24.77,-141.72,1003.2,34.9,141.61105366297085,141.61105366297085,0.0,0.0,8.101970933092385,0.0,0.0,0.0,0.0,0.0,0.0,0.0,0.0
2026-07-25 18:00:00,EP072026,17,2026-08-03 06:00:00,8 days 12:00:00,204,25.35,-142.22,1006.1,35.2,91.81012782839956,9.83039401722342,0.0,8.919598244546966,91.81012782839956,0.0,0.0,0.0,0.0,0.0,0.0,0.0,0.0
2026-07-25 18:00:00,EP072026,17,2026-08-03 12:00:00,8 days 18:00:00,210,25.86,-143.5,1004.3,26.5,82.62928291613542,0.0,0.0,0.0,0.0,0.0,0.0,0.0,0.0,0.0,0.0,0.0,0.0
2026-07-25 18:00:00,EP072026,17,2026-08-03 18:00:00,9 days 00:00:00,216,26.59,-144.74,1004.4,27.7,150.4664710403659,0.0,0.0,0.0,0.0,0.0,0.0,0.0,0.0,0.0,0.0,0.0,0.0
2026-07-25 18:00:00,WP112026,17,2026-07-25 18:00:00,0 days 00:00:00,0,22.4,115.1,967.0,84.0,27.0,222.0,204.0,167.0,195.0,,,,,,,,
2026-07-25 18:00:00,WP112026,17,2026-07-26 00:00:00,0 days 06:00:00,6,23.19,114.53,962.9,88.2,9.798351323679752,226.0145472062768,212.50240770987853,155.96010427601482,165.46372627585265,36.87323408848431,28.5206728384845,12.835927863750172,23.45799381520601,9.798351323679752,0.0,0.0,0.3565418456256743
2026-07-25 18:00:00,WP112026,17,2026-07-26 06:00:00,0 days 12:00:00,12,23.86,113.92,965.8,74.9,10.417259003358971,198.4313726232843,171.94292666404755,141.62131299122646,165.41419142327123,113.67955082283952,98.36102603472492,79.32175285210909,95.82383995251288,53.660612229705386,46.50661858953303,37.598346112976685,44.83939617731949
2026-07-25 18:00:00,WP112026,17,2026-07-26 12:00:00,0 days 18:00:00,18,24.63,113.6,987.5,47.7,5.226531881490111,119.96660629560787,101.62963370590842,64.94218420483878,89.02310196284948,0.0,0.0,0.0,0.0,0.0,0.0,0.0,0.0
2026-07-25 18:00:00,WP112026,17,2026-07-26 18:00:00,1 days 00:00:00,24,24.97,113.49,999.0,23.1,48.7075780445236,0.0,0.0,0.0,0.0,0.0,0.0,0.0,0.0,0.0,0.0,0.0,0.0
2026-07-25 18:00:00,WP112026,17,2026-07-27 00:00:00,1 days 06:00:00,30,26.26,113.26,1003.9,20.2,135.03570436541622,0.0,0.0,0.0,0.0,0.0,0.0,0.0,0.0,0.0,0.0,0.0,0.0
2026-07-25 18:00:00,WP112026,17,2026-07-27 06:00:00,1 days 12:00:00,36,27.08,113.21,1002.2,20.5,46.06353733300662,0.0,0.0,0.0,0.0,0.0,0.0,0.0,0.0,0.0,0.0,0.0,0.0
2026-07-25 18:00:00,WP112026,17,2026-07-27 12:00:00,1 days 18:00:00,42,27.82,112.25,1005.8,14.7,125.86346326333172,0.0,0.0,0.0,0.0,0.0,0.0,0.0,0.0,0.0,0.0,0.0,0.0
2026-07-25 18:00:00,WP112026,17,2026-07-27 18:00:00,2 days 00:00:00,48,28.38,112.37,1006.2,11.5,61.35023762987062,0.0,0.0,0.0,0.0,0.0,0.0,0.0,0.0,0.0,0.0,0.0,0.0
2026-07-25 18:00:00,EP062026,18,2026-07-25 18:00:00,0 days 00:00:00,0,19.2,-137.0,971.0,86.0,56.0,297.0,241.0,185.0,297.0,130.0,74.0,74.0,111.0,65.0,46.0,37.0,65.0
2026-07-25 18:00:00,EP062026,18,2026-07-26 00:00:00,0 days 06:00:00,6,19.5,-137.93,977.1,77.5,42.15450677778984,234.99154065811013,168.29280231945677,127.13534279907913,203.3441232770565,105.88208321221305,81.64920019812587,58.322137192158834,86.27751942458065,42.15450677778984,24.416484727097043,17.251184670228525,27.111974395397567
2026-07-25 18:00:00,EP062026,18,2026-07-26 06:00:00,0 days 12:00:00,12,19.41,-139.06,982.7,76.8,31.881245958362936,254.4616768751933,203.3181378820489,161.73678011688065,228.0806720586906,92.8581239711912,75.10614484437576,54.79293764303303,76.99529809664563,31.881245958362936,10.427914437660878,6.396133912851663,11.654885668161118
2026-07-25 18:00:00,EP062026,18,2026-07-26 12:00:00,0 days 18:00:00,18,19.82,-140.48,986.6,61.0,35.66875005597855,268.82354856970005,208.3161079120692,168.46473173235083,233.2074533123356,150.5548402648163,132.42866718620778,104.26899035631388,126.3401369141164,0.0,0.0,0.0,0.0
2026-07-25 18:00:00,EP062026,18,2026-07-26 18:00:00,1 days 00:00:00,24,19.88,-141.43,975.5,75.8,41.88803340673792,237.42330324698924,174.7118322878025,132.28635951785486,203.83412735898992,99.92503569707014,79.68317134578558,55.64929011198734,81.85352370610326,41.88803340673792,8.009793111209788,4.388212954739313,9.730494276773925
2026-07-25 18:00:00,EP062026,18,2026-07-27 00:00:00,1 days 06:00:00,30,20.08,-142.77,978.6,75.8,43.425570796397885,196.993394371252,150.3465991257279,105.31769399407592,166.82696663131037,105.80641731589724,86.83624197111115,66.92220613027507,90.08566724617766,47.647932847965,40.96056339450706,32.29669135977536,40.839886438620994
2026-07-25 18:00:00,EP062026,18,2026-07-27 06:00:00,1 days 12:00:00,36,20.22,-143.87,982.1,75.1,49.10877183129364,230.3643589875933,172.9835966243103,136.895543690718,207.0327812342506,122.61016893462316,100.86299440024828,78.51334976499045,104.36069078601022,52.75464188638015,45.658502063147296,35.92798007728405,45.69632979013655
2026-07-25 18:00:00,EP062026,18,2026-07-27 12:00:00,1 days 18:00:00,42,20.38,-145.41,980.3,76.9,23.55375170865892,241.61713130956215,189.60464746750563,122.2477111595233,194.6992171956904,109.2729512068954,84.55982367850447,58.5451260061991,87.89611549496499,32.925900849218976,24.719339335161067,16.951640421047955,26.824675570740624
2026-07-25 18:00:00,EP062026,18,2026-07-27 18:00:00,2 days 00:00:00,48,20.85,-146.42,982.9,72.7,12.162914272427354,236.3700223046999,176.69605968446518,117.7456021408389,193.0980858612777,89.92998553236768,66.48486674221031,42.19359713998433,72.02961974724671,18.07414239312674,10.772263609715282,5.82965210290617,14.3782987573049
2026-07-25 18:00:00,EP062026,18,2026-07-28 00:00:00,2 days 06:00:00,54,21.07,-147.68,986.5,70.2,42.92735086238366,151.0526742447148,100.71091137703236,53.18199326955674,121.21503109216964,42.92735086238366,18.476319637839627,9.454608973759566,24.15995998001751,42.92735086238366,0.2788603821132298,0.0,1.139824266304073
2026-07-25 18:00:00,EP062026,18,2026-07-28 06:00:00,2 days 12:00:00,60,21.29,-148.72,994.5,53.2,33.406318375858746,296.295406666947,249.78948008774591,176.2279846155966,252.85304731402493,79.24330597587414,64.89738029911507,42.83854148597061,63.97930436497359,0.0,0.0,0.0,0.0
2026-07-25 18:00:00,EP062026,18,2026-07-28 12:00:00,2 days 18:00:00,66,21.66,-150.23,1000.0,44.5,41.640124041924246,171.74373644688242,128.99373668499234,78.32060464177532,139.04176191253202,0.0,0.0,0.0,0.0,0.0,0.0,0.0,0.0
2026-07-25 18:00:00,EP062026,18,2026-07-28 18:00:00,3 days 00:00:00,72,21.58,-151.72,994.4,44.3,78.21438626273402,255.9686104543107,222.85977193352252,182.70939372523844,220.01640092446905,0.0,0.0,0.0,0.0,0.0,0.0,0.0,0.0
2026-07-25 18:00:00,EP062026,18,2026-07-29 00:00:00,3 days 06:00:00,78,22.33,-152.72,1003.1,44.0,61.62516314220782,261.0128285776169,219.5009160246883,170.8348019820082,210.58181061233932,0.0,0.0,0.0,0.0,0.0,0.0,0.0,0.0
2026-07-25 18:00:00,EP062026,18,2026-07-29 06:00:00,3 days 12:00:00,84,22.15,-153.85,1003.7,40.5,120.8162739506174,120.8162739506174,86.76799462788631,62.42528832032622,88.40778632877482,0.0,0.0,0.0,0.0,0.0,0.0,0.0,0.0
2026-07-25 18:00:00,EP062026,18,2026-07-29 12:00:00,3 days 18:00:00,90,22.18,-155.7,1004.8,38.0,71.5955487584472,161.1770803968766,145.84364001660197,121.1605042761662,134.4571881736324,0.0,0.0,0.0,0.0,0.0,0.0,0.0,0.0
2026-07-25 18:00:00,EP062026,18,2026-07-29 18:00:00,4 days 00:00:00,96,22.61,-156.48,1005.3,36.8,108.67740855713896,108.67740855713896,0.1298248564012212,0.0,1.991871837502707,0.0,0.0,0.0,0.0,0.0,0.0,0.0,0.0
2026-07-25 18:00:00,EP062026,18,2026-07-30 00:00:00,4 days 06:00:00,102,22.63,-157.79,1008.3,32.9,109.96512840357543,0.0,0.0,0.0,0.0,0.0,0.0,0.0,0.0,0.0,0.0,0.0,0.0
2026-07-25 18:00:00,EP062026,18,2026-07-30 06:00:00,4 days 12:00:00,108,22.62,-159.14,1010.7,28.9,58.13878449379477,0.0,0.0,0.0,0.0,0.0,0.0,0.0,0.0,0.0,0.0,0.0,0.0
2026-07-25 18:00:00,EP062026,18,2026-07-30 12:00:00,4 days 18:00:00,114,22.59,-160.5,1008.3,26.3,44.4742101309931,0.0,0.0,0.0,0.0,0.0,0.0,0.0,0.0,0.0,0.0,0.0,0.0
2026-07-25 18:00:00,EP062026,18,2026-07-30 18:00:00,5 days 00:00:00,120,22.74,-161.81,1001.8,31.9,147.13999170220063,0.0,0.0,0.0,0.0,0.0,0.0,0.0,0.0,0.0,0.0,0.0,0.0
2026-07-25 18:00:00,EP062026,18,2026-07-31 00:00:00,5 days 06:00:00,126,23.03,-162.66,1005.1,30.7,82.58583023123299,0.0,0.0,0.0,0.0,0.0,0.0,0.0,0.0,0.0,0.0,0.0,0.0
2026-07-25 18:00:00,EP062026,18,2026-07-31 06:00:00,5 days 12:00:00,132,23.3,-164.25,1009.7,29.0,87.30334255258441,0.0,0.0,0.0,0.0,0.0,0.0,0.0,0.0,0.0,0.0,0.0,0.0
2026-07-25 18:00:00,EP072026,18,2026-07-25 18:00:00,0 days 00:00:00,0,11.2,-105.1,995.0,54.0,28.0,204.0,167.0,56.0,130.0,56.0,37.0,,,0.0,0.0,0.0,0.0
2026-07-25 18:00:00,EP072026,18,2026-07-26 00:00:00,0 days 06:00:00,6,12.09,-106.21,995.6,53.9,41.45526389579256,153.56395664059627,122.71160650711067,77.24182718288998,118.95154980591386,41.45526389579256,0.0,0.0,0.0,0.0,0.0,0.0,0.0
2026-07-25 18:00:00,EP072026,18,2026-07-26 06:00:00,0 days 12:00:00,12,12.6,-107.56,986.9,66.0,28.7570768540059,193.27296023033145,150.090015237921,103.75970222400603,160.96968331949807,62.415326182736905,50.67157127177347,31.3608782215997,47.63640858775827,28.7570768540059,0.0,0.0,0.0
2026-07-25 18:00:00,EP072026,18,2026-07-26 12:00:00,0 days 18:00:00,18,13.09,-108.79,984.0,77.3,31.46763138009022,202.64324541954093,172.63613193042212,113.7622503578974,159.78700698362215,117.3436352565097,97.19654616527455,70.82884645822752,90.9819747164998,41.37784750754854,35.259227285275884,25.980220039709504,34.190489489963085
2026-07-25 18:00:00,EP072026,18,2026-07-26 18:00:00,1 days 00:00:00,24,13.68,-110.06,969.9,100.8,39.68649756943252,199.93533667271817,156.66622678002597,115.73947923785784,181.3225821605057,91.00102356391108,68.3789599365686,50.35051252689203,78.4815162854731,39.68649756943252,28.27649303554765,21.924811006691076,31.309881972696587
2026-07-25 18:00:00,EP072026,18,2026-07-27 00:00:00,1 days 06:00:00,30,14.1,-111.09,979.2,84.4,27.36457652801727,254.51042285197025,199.21294432849925,101.48735087382737,197.78081866756045,100.585791505626,74.71609755004886,45.30609248333472,77.01390309820076,35.4835786158922,27.313688160436303,17.83916112001124,27.968468648992555
2026-07-25 18:00:00,EP072026,18,2026-07-27 06:00:00,1 days 12:00:00,36,14.85,-111.98,969.7,91.0,13.087372481412215,269.3299214419923,236.5337214834461,162.17179687908072,213.65904087163415,129.8333237313517,110.79779929532856,79.95821337577502,106.16397484823672,60.74701836262019,53.43659420678932,41.137359059770745,51.95160886743242
2026-07-25 18:00:00,EP072026,18,2026-07-27 12:00:00,1 days 18:00:00,42,15.43,-112.73,961.2,106.6,23.25601155946412,191.39442659027384,169.34948543115306,90.18614117861244,146.22327742694645,59.294660825686805,42.062559314672505,20.99240552328265,44.26964699429371,23.25601155946412,15.683626042994058,9.557610594576964,17.640164049280752
2026-07-25 18:00:00,EP072026,18,2026-07-27 18:00:00,2 days 00:00:00,48,16.18,-113.22,961.7,108.6,33.40436261256019,251.966826183,194.3952915931848,142.5629448019143,228.29722115565505,106.17115688406903,85.12397894910222,64.7417058799663,94.17873818703224,49.31451559059089,42.05728235464312,33.715567891444095,43.5645016326563
2026-07-25 18:00:00,EP072026,18,2026-07-28 00:00:00,2 days 06:00:00,54,16.98,-113.9,966.9,95.4,36.411098252059546,229.28910233381347,185.0855581890336,113.7903560554617,184.82015270726697,104.4817148324982,81.06914093934421,53.73188950229267,83.01300890865579,39.76816335805899,32.16336642232818,22.550164992781102,31.97417890575473
2026-07-25 18:00:00,EP072026,18,2026-07-28 06:00:00,2 days 12:00:00,60,17.31,-114.3,963.8,101.4,25.489988669141923,224.73915980142505,188.32940996024345,124.08634658515248,191.11201327397504,113.50588894286216,92.66977529213489,67.82848056274486,96.03132660803708,40.31454465977988,34.293073342633406,27.307761864981074,34.68258699222643
2026-07-25 18:00:00,EP072026,18,2026-07-28 12:00:00,2 days 18:00:00,66,17.71,-114.94,963.6,95.9,14.99534117549084,232.64406681681115,206.43680281856663,137.92315066187876,182.7445108155401,108.16791822790972,87.20574403690256,60.20481849830547,86.0951340888104,41.13536468704005,32.935461673036855,23.857197182446377,33.002616155333406
2026-07-25 18:00:00,EP072026,18,2026-07-28 18:00:00,3 days 00:00:00,72,18.31,-115.56,967.8,99.2,35.281000490440306,218.4633614713512,170.12376194852095,132.8054229776776,202.81768667883807,117.50892000182604,97.68691617151036,80.49821414654434,103.50388869060066,62.44898187192928,55.50422571226318,44.50546492818012,54.60820500011869
2026-07-25 18:00:00,EP072026,18,2026-07-29 00:00:00,3 days 06:00:00,78,18.54,-116.38,958.7,112.9,76.26484569529497,254.0371220597653,201.39787289989857,148.79246758210502,214.594436332114,130.87215440059302,107.48551419359464,86.14712740173759,112.51091414087574,76.26484569529497,54.23309142483205,44.74536910893876,54.85456828469253
2026-07-25 18:00:00,EP072026,18,2026-07-29 06:00:00,3 days 12:00:00,84,18.6,-117.23,973.6,85.1,28.025310441200443,212.4403221656017,161.51338387958117,139.85235573449887,195.31764206247675,57.70218038446899,42.14072911713284,33.34224919689234,50.74412037285655,28.025310441200443,3.4055387876853422,1.0690084268456987,6.50495387249592
2026-07-25 18:00:00,EP072026,18,2026-07-29 12:00:00,3 days 18:00:00,90,18.75,-117.93,973.8,79.4,47.91110881989614,143.75148367084802,113.76149334481109,84.36169861760439,124.06839362810815,47.91110881989614,0.0,0.0,47.91110881989614,0.0,0.0,0.0,47.91110881989614
2026-07-25 18:00:00,EP072026,18,2026-07-29 18:00:00,4 days 00:00:00,96,19.12,-118.64,979.0,78.8,20.995353668642306,234.1707723957741,184.88669496288685,127.72839931223784,187.55692861439505,87.91090805590821,69.52307548570766,47.15356044937776,71.03285960586074,20.995353668642306,4.480270371612176,1.0677741412604695,6.693892076841408
2026-07-25 18:00:00,EP072026,18,2026-07-30 00:00:00,4 days 06:00:00,102,19.84,-119.63,977.0,72.4,59.1470264398381,241.15524245679632,178.30298890669914,125.6433048200458,202.22259656865447,103.90093386642027,82.79124112238574,60.81523151413033,84.92956225464623,59.1470264398381,6.853517182322653,4.172966568824089,9.267231506160009
2026-07-25 18:00:00,EP072026,18,2026-07-30 06:00:00,4 days 12:00:00,108,20.03,-120.86,990.8,52.9,62.565330153417314,167.8513538125085,138.84342433239382,102.69530304189554,134.02876570285986,62.565330153417314,0.0,0.0,1.6875395915464804,0.0,0.0,0.0,0.0
2026-07-25 18:00:00,EP072026,18,2026-07-30 12:00:00,4 days 18:00:00,114,20.27,-121.6,989.8,55.7,62.550287691267016,192.55181672707545,144.28337346216654,121.475953188623,171.9468841626143,89.28079669505462,73.32011308442947,50.44252507058218,72.08474284213713,0.0,0.0,0.0,0.0
2026-07-25 18:00:00,EP072026,18,2026-07-30 18:00:00,5 days 00:00:00,120,21.2,-122.65,996.4,52.8,61.39907356059945,200.73860011162105,162.6667895256827,121.88941405569189,167.72684793208202,61.39907356059945,9.79623982748359,4.305096641747827,10.572001861744909,0.0,0.0,0.0,0.0
2026-07-25 18:00:00,EP072026,18,2026-07-31 00:00:00,5 days 06:00:00,126,21.45,-123.89,992.7,57.2,43.330289757744254,174.79518886566876,141.20417402246403,101.02852913642144,144.11827229984806,43.330289757744254,2.008829715735466,0.6164481979094507,5.665425127382175,0.0,0.0,0.0,0.0
2026-07-25 18:00:00,EP072026,18,2026-07-31 06:00:00,5 days 12:00:00,132,21.61,-125.2,1005.0,40.1,58.80532764942667,90.22480295281434,62.74584963879288,34.64121720437353,70.5605215844588,0.0,0.0,0.0,0.0,0.0,0.0,0.0,0.0
2026-07-25 18:00:00,EP072026,18,2026-07-31 12:00:00,5 days 18:00:00,138,21.57,-125.59,979.6,58.0,117.17547000629315,132.7460495325895,94.29089358489966,60.304375170564015,117.17547000629315,6.4896314450367925,0.0,0.0,117.17547000629315,0.0,0.0,0.0,0.0
2026-07-25 18:00:00,EP072026,18,2026-07-31 18:00:00,6 days 00:00:00,144,21.56,-127.29,998.3,33.8,93.59952757465766,0.0,0.0,0.0,0.0,0.0,0.0,0.0,0.0,0.0,0.0,0.0,0.0
2026-07-25 18:00:00,EP072026,18,2026-08-01 00:00:00,6 days 06:00:00,150,22.38,-128.39,995.9,39.0,49.94025496504192,7.390562158976998,8.387326922807251,12.939212160618611,49.94025496504192,0.0,0.0,0.0,0.0,0.0,0.0,0.0,0.0
2026-07-25 18:00:00,EP072026,18,2026-08-01 06:00:00,6 days 12:00:00,156,22.36,-129.33,1009.6,26.8,142.36883656705095,0.0,0.0,0.0,0.0,0.0,0.0,0.0,0.0,0.0,0.0,0.0,0.0
2026-07-25 18:00:00,EP072026,18,2026-08-01 12:00:00,6 days 18:00:00,162,22.71,-131.16,1008.4,31.0,72.31401342536924,0.0,0.0,0.0,0.0,0.0,0.0,0.0,0.0,0.0,0.0,0.0,0.0
2026-07-25 18:00:00,EP072026,18,2026-08-01 18:00:00,7 days 00:00:00,168,22.97,-132.44,1003.6,27.3,80.36032192794667,0.0,0.0,0.0,0.0,0.0,0.0,0.0,0.0,0.0,0.0,0.0,0.0
2026-07-25 18:00:00,EP072026,18,2026-08-02 00:00:00,7 days 06:00:00,174,23.39,-133.63,1010.0,23.3,162.9225734842588,0.0,0.0,0.0,0.0,0.0,0.0,0.0,0.0,0.0,0.0,0.0,0.0
2026-07-25 18:00:00,WP112026,18,2026-07-25 18:00:00,0 days 00:00:00,0,22.4,115.1,967.0,84.0,27.0,222.0,204.0,167.0,195.0,,,,,,,,
2026-07-25 18:00:00,WP112026,18,2026-07-26 00:00:00,0 days 06:00:00,6,22.93,114.15,972.9,68.1,24.85491646648785,203.4756721592194,167.6112413314437,139.20968604504588,174.55933698602476,93.50487081343712,77.93631511714139,59.80504007430733,75.80591542369368,24.85491646648785,15.909103870384357,11.083467728649136,15.750617597952765
2026-07-25 18:00:00,WP112026,18,2026-07-26 06:00:00,0 days 12:00:00,12,23.43,113.71,983.7,57.8,15.6171545461785,188.4219864856601,150.16378767413013,114.43365212054078,149.44328656303776,68.27415115006468,56.05736653300816,37.86310571648215,54.64218486009446,0.0,0.0,0.0,0.0
2026-07-25 18:00:00,WP112026,18,2026-07-26 12:00:00,0 days 18:00:00,18,24.11,113.53,996.2,31.8,54.3500251463438,0.0,0.0,0.0,0.0,0.0,0.0,0.0,0.0,0.0,0.0,0.0,0.0
2026-07-25 18:00:00,WP112026,18,2026-07-26 18:00:00,1 days 00:00:00,24,24.86,113.33,999.0,27.2,95.02909556297776,0.0,0.0,0.0,0.0,0.0,0.0,0.0,0.0,0.0,0.0,0.0,0.0
2026-07-25 18:00:00,WP112026,18,2026-07-27 00:00:00,1 days 06:00:00,30,26.59,112.9,999.1,25.2,48.392938847922125,0.0,0.0,0.0,0.0,0.0,0.0,0.0,0.0,0.0,0.0,0.0,0.0
2026-07-25 18:00:00,WP112026,18,2026-07-27 06:00:00,1 days 12:00:00,36,27.04,112.68,1002.9,21.0,114.91392301660346,0.0,0.0,0.0,0.0,0.0,0.0,0.0,0.0,0.0,0.0,0.0,0.0
2026-07-25 18:00:00,WP112026,18,2026-07-27 12:00:00,1 days 18:00:00,42,27.11,112.17,1002.7,25.0,75.69414462079874,0.0,0.0,0.0,0.0,0.0,0.0,0.0,0.0,0.0,0.0,0.0,0.0
2026-07-25 18:00:00,EP062026,19,2026-07-25 18:00:00,0 days 00:00:00,0,19.2,-137.0,971.0,86.0,56.0,297.0,241.0,185.0,297.0,130.0,74.0,74.0,111.0,65.0,46.0,37.0,65.0
2026-07-25 18:00:00,EP062026,19,2026-07-26 00:00:00,0 days 06:00:00,6,19.23,-137.87,970.2,88.7,29.006435884725683,223.3274412480529,201.12034128154147,143.37106179582224,195.90884664436865,112.53039491086712,88.81021310652326,67.97095908434592,98.37800058364188,59.8486734616307,51.11584792590752,41.771947167891575,51.73501299307219
2026-07-25 18:00:00,EP062026,19,2026-07-26 06:00:00,0 days 12:00:00,12,19.55,-139.18,978.6,81.6,45.1950980111598,227.97999896971947,182.4615219758216,136.53930888343703,197.998388825757,103.2319047016007,79.27442096310364,59.242919452129584,89.33000471367788,48.2965244143939,40.547620830346766,32.65072045683239,40.91525374123552
2026-07-25 18:00:00,EP062026,19,2026-07-26 12:00:00,0 days 18:00:00,18,19.83,-140.52,985.9,71.4,50.62457096525444,269.994109449632,193.14645004806903,131.24788042573232,238.4041047169983,145.15412283783076,112.1579346389097,86.41298035165119,121.09570753522296,60.89920421487486,51.434078391277694,42.35763267531502,52.98170390081782
2026-07-25 18:00:00,EP062026,19,2026-07-26 18:00:00,1 days 00:00:00,24,20.16,-141.53,983.5,73.2,30.50395488258744,198.5507141212487,165.18393542988247,111.76649714234544,189.8278742320933,89.83830928189673,67.62066490317926,46.503891305183146,79.22325971457224,30.50395488258744,21.04637120832539,15.953966516556257,22.10167310673089
2026-07-25 18:00:00,EP062026,19,2026-07-27 00:00:00,1 days 06:00:00,30,20.05,-143.2,986.2,62.0,35.89234672798035,225.0570248058865,184.67210852347773,122.84814204105108,169.40798845574767,77.05913792972848,55.265226008715246,36.35031617681139,58.37616171545102,0.0,0.0,0.0,0.0
2026-07-25 18:00:00,EP062026,19,2026-07-27 06:00:00,1 days 12:00:00,36,20.27,-144.17,985.1,68.9,57.01899646506779,238.5322258914803,194.5964643248309,137.87827886149938,196.9653327090267,68.39564867815753,44.50805291263859,27.711494027936126,50.05455805111284,57.01899646506779,0.0,0.0,0.4089553478386486
2026-07-25 18:00:00,EP062026,19,2026-07-27 12:00:00,1 days 18:00:00,42,20.57,-145.55,991.7,60.6,30.000403474096323,221.74214737231708,166.20197972365767,129.83507050845674,194.17497547376416,6.212239841869181,0.0,0.0,30.000403474096323,0.0,0.0,0.0,0.0
2026-07-25 18:00:00,EP062026,19,2026-07-27 18:00:00,2 days 00:00:00,48,21.06,-147.21,991.1,63.0,46.72284417632264,196.3670319551356,176.97565604360375,123.65722871148164,158.42870880947845,46.72284417632264,0.0,0.0,1.6326552085390489,0.0,0.0,0.0,0.0
2026-07-25 18:00:00,EP062026,19,2026-07-28 00:00:00,2 days 06:00:00,54,21.46,-148.56,993.8,56.8,48.67809351539705,106.49948969400948,84.84868333072839,53.7877584545332,84.28596754805307,48.67809351539705,0.0,0.0,1.8665836200845969,0.0,0.0,0.0,0.0
2026-07-25 18:00:00,EP062026,19,2026-07-28 06:00:00,2 days 12:00:00,60,21.37,-149.6,999.2,46.9,56.10463538552101,184.3273914669718,143.90909324303516,84.96783380299732,148.85156543674958,0.0,0.0,0.0,0.0,0.0,0.0,0.0,0.0
2026-07-25 18:00:00,EP062026,19,2026-07-28 12:00:00,2 days 18:00:00,66,21.63,-151.51,1004.1,44.6,158.8905961534123,274.02669924511366,210.1041722994664,141.0343980833209,214.75810023748423,0.0,0.0,0.0,0.0,0.0,0.0,0.0,0.0
2026-07-25 18:00:00,EP062026,19,2026-07-28 18:00:00,3 days 00:00:00,72,21.8,-153.04,1006.2,40.9,72.8037460791528,72.8037460791528,27.503159570944124,0.0,36.60754827067206,0.0,0.0,0.0,0.0,0.0,0.0,0.0,0.0
2026-07-25 18:00:00,EP062026,19,2026-07-29 00:00:00,3 days 06:00:00,78,22.07,-154.01,1007.0,29.0,118.83042010861976,0.0,0.0,0.0,0.0,0.0,0.0,0.0,0.0,0.0,0.0,0.0,0.0
2026-07-25 18:00:00,EP062026,19,2026-07-29 06:00:00,3 days 12:00:00,84,22.62,-155.09,1004.4,36.7,60.51280777744088,60.51280777744088,10.912609191464746,0.0,15.3526663262736,0.0,0.0,0.0,0.0,0.0,0.0,0.0,0.0
2026-07-25 18:00:00,EP062026,19,2026-07-29 12:00:00,3 days 18:00:00,90,22.91,-155.78,1007.2,31.4,118.03877651461936,0.0,0.0,0.0,0.0,0.0,0.0,0.0,0.0,0.0,0.0,0.0,0.0
2026-07-25 18:00:00,EP062026,19,2026-07-29 18:00:00,4 days 00:00:00,96,22.96,-156.36,1007.9,34.8,85.48754476201665,22.274699393023944,1.979382769351055,0.0,85.48754476201665,0.0,0.0,0.0,0.0,0.0,0.0,0.0,0.0
2026-07-25 18:00:00,EP062026,19,2026-07-30 00:00:00,4 days 06:00:00,102,23.08,-158.17,1008.6,27.6,59.07459053032905,0.0,0.0,0.0,0.0,0.0,0.0,0.0,0.0,0.0,0.0,0.0,0.0
2026-07-25 18:00:00,EP062026,19,2026-07-30 06:00:00,4 days 12:00:00,108,23.08,-159.45,1010.3,28.5,77.62730122956329,0.0,0.0,0.0,0.0,0.0,0.0,0.0,0.0,0.0,0.0,0.0,0.0
2026-07-25 18:00:00,EP062026,19,2026-07-30 12:00:00,4 days 18:00:00,114,22.97,-160.94,1007.8,25.5,120.5141359899763,0.0,0.0,0.0,0.0,0.0,0.0,0.0,0.0,0.0,0.0,0.0,0.0
2026-07-25 18:00:00,EP062026,19,2026-07-30 18:00:00,5 days 00:00:00,120,23.66,-162.69,1011.7,29.3,79.60686677462324,0.0,0.0,0.0,0.0,0.0,0.0,0.0,0.0,0.0,0.0,0.0,0.0
2026-07-25 18:00:00,EP072026,19,2026-07-25 18:00:00,0 days 00:00:00,0,11.2,-105.1,995.0,54.0,28.0,204.0,167.0,56.0,130.0,56.0,37.0,,,0.0,0.0,0.0,0.0
2026-07-25 18:00:00,EP072026,19,2026-07-26 00:00:00,0 days 06:00:00,6,11.7,-106.22,997.8,56.1,41.33196537831543,154.04923786783615,132.90024496197708,70.23867503015836,105.59157998997364,41.33196537831543,5.200755539729185,0.0,4.891554902092301,0.0,0.0,0.0,0.0
2026-07-25 18:00:00,EP072026,19,2026-07-26 06:00:00,0 days 12:00:00,12,12.42,-107.51,990.4,64.1,48.89496672475814,202.0147571709602,174.17441104689175,102.55753983020026,160.14049779900682,74.12897915548511,57.00882419042532,34.62430168832616,51.54341522877169,48.89496672475814,0.0,0.0,0.2787060715655181
2026-07-25 18:00:00,EP072026,19,2026-07-26 12:00:00,0 days 18:00:00,18,13.04,-108.75,980.2,81.1,36.29148859523205,243.007581969448,188.8126510323788,118.08576058985231,208.4077496836676,139.6690827699191,105.43188904042228,76.7481550404649,110.49547545279732,47.65097990789863,39.71292388938939,31.511203011050583,41.09256704066144
2026-07-25 18:00:00,EP072026,19,2026-07-26 18:00:00,1 days 00:00:00,24,13.72,-109.73,977.6,82.9,15.458110299792292,201.64017858775864,170.539712096493,103.1405125243091,163.1371852163394,100.09346953499605,72.63423370648928,45.25661219650278,77.11432072049354,33.21546921563018,26.414777017994588,20.888356732954065,28.68975779512742
2026-07-25 18:00:00,EP072026,19,2026-07-27 00:00:00,1 days 06:00:00,30,14.27,-110.84,969.9,104.9,13.685766217857644,214.80762885894163,174.33427191434168,124.5427253626571,171.60586206549,87.77733314903924,66.72359671587566,47.141332327096606,74.58968533038964,52.45667873433906,45.35577592573183,37.28542999509513,46.54937000302248
2026-07-25 18:00:00,EP072026,19,2026-07-27 06:00:00,1 days 12:00:00,36,14.97,-111.66,963.6,99.3,33.04678920810174,302.5428565601579,241.47229044089883,144.19391026790447,233.47426225426847,146.5972680193661,109.02531062254953,71.46038377374848,109.82835729164012,47.504199232881554,39.10474838569015,27.64495686527642,39.95355259987788
2026-07-25 18:00:00,EP072026,19,2026-07-27 12:00:00,1 days 18:00:00,42,15.52,-112.4,953.2,117.1,3.5575271536135027,247.75033497218544,222.67709762534187,137.55683218344063,186.9488230208277,14.33410239647983,4.057458045630025,0.0,8.641640153992384,3.5575271536135027,0.4276057466943255,0.0,0.011659534616532
2026-07-25 18:00:00,EP072026,19,2026-07-27 18:00:00,2 days 00:00:00,48,16.36,-113.06,944.0,130.7,16.583747481865803,253.5158246329356,201.60165414349103,128.09597898914777,205.80050893670207,107.53295492923012,78.49635613953808,49.566768272057296,85.18780486447434,50.9910228863491,42.19773947295471,31.408484905867457,44.08183691424428
2026-07-25 18:00:00,EP072026,19,2026-07-28 00:00:00,2 days 06:00:00,54,16.91,-113.62,956.0,103.7,30.76281317219805,199.2048158669083,184.9942186575849,152.5817575528215,176.0755612506802,63.542577719606896,44.71484227243128,31.220045466094103,51.22403296314404,38.11630126820259,32.1712488528696,25.819421710134417,34.045437988576495
2026-07-25 18:00:00,EP072026,19,2026-07-28 06:00:00,2 days 12:00:00,60,17.39,-114.19,963.9,98.7,37.87434013218696,233.24767316383665,203.85574425775908,134.07678148365375,176.78779303999823,97.1764637375979,72.78986988662501,44.52233609139586,72.03909835216288,40.89992242326704,35.100641887114406,25.034175213687604,33.80057315791098
2026-07-25 18:00:00,EP072026,19,2026-07-28 12:00:00,2 days 18:00:00,66,17.94,-114.9,958.0,104.8,19.441512417119498,252.30468703371025,221.21922786810543,177.95428043141737,220.4255302604147,86.42338797879916,64.11290851837043,43.56761648776552,67.58110521475123,27.665318520192784,23.16212634824473,16.615001958947502,23.949991608400893
2026-07-25 18:00:00,EP072026,19,2026-07-28 18:00:00,3 days 00:00:00,72,18.19,-115.68,970.6,91.2,37.842825328338286,227.7387837126147,168.35625461759065,129.31348738548144,187.9492972771468,107.26397235099869,81.69860323400093,58.90891906959914,90.10912344193258,58.65920311195936,50.00917432172214,40.9000130253477,50.649242930502965
2026-07-25 18:00:00,EP072026,19,2026-07-29 00:00:00,3 days 06:00:00,78,18.32,-116.31,975.8,83.3,56.90962506054232,189.43200556122315,161.62825007886966,135.3136751853421,175.8353594302842,79.53508579430857,58.04634387636955,43.22329283179994,71.86864017982921,56.90962506054232,36.80403991759759,29.217830757832264,38.42822301397331
2026-07-25 18:00:00,EP072026,19,2026-07-29 06:00:00,3 days 12:00:00,84,18.56,-116.9,973.7,81.6,24.274656609250837,200.0761813842556,166.54252982186958,149.91709787277873,191.95248216002847,113.5682060223341,95.20633944902524,74.60353734512144,100.31895751199012,56.173833857914296,49.11688145261868,41.43254465703733,48.29545710383528
2026-07-25 18:00:00,EP072026,19,2026-07-29 12:00:00,3 days 18:00:00,90,18.76,-117.77,985.3,77.7,26.85374336493695,231.36935664631577,180.3904105109181,155.8998901315735,222.40483315025207,129.78144586640994,103.37391450121864,82.95564359776836,110.22141269990986,58.96519293274429,53.251818196130046,43.34533002693639,51.65146991030627
2026-07-25 18:00:00,EP072026,19,2026-07-29 18:00:00,4 days 00:00:00,96,18.64,-118.59,981.0,73.3,30.932831591199022,217.21664891569316,165.11426960164155,115.3680122853754,185.939576003467,88.29707113048352,66.0246861556561,45.35844042666298,71.02090990488895,30.932831591199022,15.866262886069745,11.420808571786328,16.97661997824518
2026-07-25 18:00:00,EP072026,19,2026-07-30 00:00:00,4 days 06:00:00,102,19.09,-119.42,984.7,67.6,27.73559067655313,179.7996171482162,157.82852091078138,141.91321311918176,163.32847661029956,27.73559067655313,9.019352822000949,5.210518547992699,13.775912772587542,27.73559067655313,0.0,0.0,0.1421077187257937
2026-07-25 18:00:00,EP072026,19,2026-07-30 06:00:00,4 days 12:00:00,108,19.27,-120.53,989.0,56.4,65.1367727398549,296.2279075688795,232.42788471513708,185.2724690111012,253.6389062993381,65.1367727398549,41.150531677161496,27.640985242133617,42.70670168534669,0.0,0.0,0.0,0.0
2026-07-25 18:00:00,EP072026,19,2026-07-30 12:00:00,4 days 18:00:00,114,19.63,-121.56,990.1,57.5,52.84182780386334,229.3445070728076,168.3148934446922,119.28850083597808,201.71132888499235,100.15665776501874,73.75737529816229,51.97047493728735,72.93500915310824,0.0,0.0,0.0,0.0
2026-07-25 18:00:00,EP072026,19,2026-07-30 18:00:00,5 days 00:00:00,120,19.97,-122.67,994.9,56.6,70.17397942383312,225.46299827502628,192.32588605994184,152.95860790733218,180.2150428965908,4.721577356339526,1.1950003992408025,0.0,70.17397942383312,0.0,0.0,0.0,0.0
2026-07-25 18:00:00,EP072026,19,2026-07-31 00:00:00,5 days 06:00:00,126,20.08,-123.81,994.2,49.8,74.19773910215599,210.33338344956843,170.89139461591046,130.705227700312,185.95542444121776,0.0,0.0,0.0,0.0,0.0,0.0,0.0,0.0
2026-07-25 18:00:00,EP072026,19,2026-07-31 06:00:00,5 days 12:00:00,132,19.96,-124.87,998.4,47.4,71.3963308657012,151.64752803354713,119.74314434127156,96.55570703500145,125.37733479261124,0.0,0.0,0.0,0.0,0.0,0.0,0.0,0.0
2026-07-25 18:00:00,EP072026,19,2026-07-31 12:00:00,5 days 18:00:00,138,20.38,-126.06,1002.3,39.6,80.85439717394506,158.30538116365614,126.03193906468692,96.49428520544411,148.6468904931233,0.0,0.0,0.0,0.0,0.0,0.0,0.0,0.0
2026-07-25 18:00:00,EP072026,19,2026-07-31 18:00:00,6 days 00:00:00,144,20.7,-127.23,1001.9,43.6,72.37313576036013,110.83742787001144,82.62863180157797,60.3036478287383,90.40259886803084,0.0,0.0,0.0,0.0,0.0,0.0,0.0,0.0
2026-07-25 18:00:00,EP072026,19,2026-08-01 00:00:00,6 days 06:00:00,150,20.94,-128.1,1004.1,40.9,57.12380648316599,57.12380648316599,17.025799435610068,9.369078568142648,26.20040563226543,0.0,0.0,0.0,0.0,0.0,0.0,0.0,0.0
2026-07-25 18:00:00,EP072026,19,2026-08-01 06:00:00,6 days 12:00:00,156,21.22,-129.71,1002.0,40.7,42.27938826833035,42.27938826833035,28.669272312421853,11.887637633163408,29.191552597731068,0.0,0.0,0.0,0.0,0.0,0.0,0.0,0.0
2026-07-25 18:00:00,EP072026,19,2026-08-01 12:00:00,6 days 18:00:00,162,21.69,-131.42,1005.5,37.5,88.76361054394967,88.76361054394967,49.01023873760656,19.51047992460572,55.013505112869936,0.0,0.0,0.0,0.0,0.0,0.0,0.0,0.0
2026-07-25 18:00:00,EP072026,19,2026-08-01 18:00:00,7 days 00:00:00,168,22.18,-133.12,1006.6,33.1,78.76281888163312,0.0,0.0,0.0,0.0,0.0,0.0,0.0,0.0,0.0,0.0,0.0,0.0
2026-07-25 18:00:00,EP072026,19,2026-08-02 00:00:00,7 days 06:00:00,174,22.8,-134.56,1007.6,29.7,91.5966426524511,0.0,0.0,0.0,0.0,0.0,0.0,0.0,0.0,0.0,0.0,0.0,0.0
2026-07-25 18:00:00,WP112026,19,2026-07-25 18:00:00,0 days 00:00:00,0,22.4,115.1,967.0,84.0,27.0,222.0,204.0,167.0,195.0,,,,,,,,
2026-07-25 18:00:00,WP112026,19,2026-07-26 00:00:00,0 days 06:00:00,6,23.0,114.36,970.3,67.7,0.0,135.39160604304487,120.30244928509836,97.40571546072474,99.39301127659822,6.769097985627411,6.169173422527833,0.4374927216644222,6.851908834297609,0.8288491132863534,0.0441269772602982,0.0,0.0
2026-07-25 18:00:00,WP112026,19,2026-07-26 06:00:00,0 days 12:00:00,12,23.83,114.03,987.3,52.1,27.171634420610957,164.10438931343057,154.34856754832552,117.05599560961036,143.90788360949804,53.10220043511132,45.12296628590183,27.003873381599707,41.45752264928542,0.0,0.0,0.0,0.0
2026-07-25 18:00:00,WP112026,19,2026-07-26 12:00:00,0 days 18:00:00,18,24.15,113.82,990.9,41.5,74.46591710188954,74.46591710188954,4.447966149973282,0.0,0.0,0.0,0.0,0.0,0.0,0.0,0.0,0.0,0.0
2026-07-25 18:00:00,WP112026,19,2026-07-26 18:00:00,1 days 00:00:00,24,24.93,113.29,993.4,34.9,34.015735062720566,34.015735062720566,0.0,0.0,0.0,0.0,0.0,0.0,0.0,0.0,0.0,0.0,0.0
2026-07-25 18:00:00,WP112026,19,2026-07-27 00:00:00,1 days 06:00:00,30,26.05,113.01,1004.3,23.9,89.6384330693719,0.0,0.0,0.0,0.0,0.0,0.0,0.0,0.0,0.0,0.0,0.0,0.0
2026-07-25 18:00:00,WP112026,19,2026-07-27 06:00:00,1 days 12:00:00,36,26.93,112.69,1000.2,15.7,76.3164459275914,0.0,0.0,0.0,0.0,0.0,0.0,0.0,0.0,0.0,0.0,0.0,0.0
2026-07-25 18:00:00,WP112026,19,2026-07-27 12:00:00,1 days 18:00:00,42,27.7,112.68,1002.3,20.4,59.24589311908987,0.0,0.0,0.0,0.0,0.0,0.0,0.0,0.0,0.0,0.0,0.0,0.0
2026-07-25 18:00:00,WP112026,19,2026-07-27 18:00:00,2 days 00:00:00,48,28.62,112.12,1002.7,22.7,67.27192786753938,0.0,0.0,0.0,0.0,0.0,0.0,0.0,0.0,0.0,0.0,0.0,0.0
2026-07-25 18:00:00,WP112026,19,2026-07-28 00:00:00,2 days 06:00:00,54,28.76,110.56,1007.6,15.4,76.87887720874365,0.0,0.0,0.0,0.0,0.0,0.0,0.0,0.0,0.0,0.0,0.0,0.0
2026-07-25 18:00:00,WP112026,19,2026-07-28 06:00:00,2 days 12:00:00,60,29.89,111.14,1002.6,25.0,61.88577714560489,0.0,0.0,0.0,0.0,0.0,0.0,0.0,0.0,0.0,0.0,0.0,0.0
2026-07-25 18:00:00,EP062026,2,2026-07-25 18:00:00,0 days 00:00:00,0,19.2,-137.0,971.0,86.0,56.0,297.0,241.0,185.0,297.0,130.0,74.0,74.0,111.0,65.0,46.0,37.0,65.0
2026-07-25 18:00:00,EP062026,2,2026-07-26 00:00:00,0 days 06:00:00,6,19.54,-138.01,972.2,83.4,28.595224497176268,227.64983877962808,166.72527835380257,128.6291006624588,194.0706553044963,98.110290201886,76.2435133173031,54.2117401987356,79.45044815565817,34.20213221259276,25.936119474518435,19.49276050785992,28.34167541870049
2026-07-25 18:00:00,EP062026,2,2026-07-26 06:00:00,0 days 12:00:00,12,19.51,-139.19,970.4,87.8,35.995313418528255,237.0655856727177,181.32508407916697,144.5025453714905,214.0795031787523,127.16336304049275,105.90201315006708,81.98240402081134,110.79328369179632,63.621173213227,55.35390740368779,43.59863209942569,55.14834678660334
2026-07-25 18:00:00,EP062026,2,2026-07-26 12:00:00,0 days 18:00:00,18,20.05,-140.79,975.2,88.6,13.545331812356842,251.21138827434663,191.02583082109905,150.60008778068345,216.19968380967,122.07681717882768,99.08744214188594,77.21375835583561,105.41119844188934,58.517151714075865,49.59057084380708,39.55399851546213,50.7054646084348
2026-07-25 18:00:00,EP062026,2,2026-07-26 18:00:00,1 days 00:00:00,24,20.05,-141.52,977.3,73.4,38.00220873948929,218.56300404198,164.4271122083668,137.37751338253463,232.60301277720436,114.95451883660374,92.87615521668783,76.41581011454448,103.50071923366389,57.97571791291657,49.79964336948485,40.13491668770755,50.79370136389417
2026-07-25 18:00:00,EP062026,2,2026-07-27 00:00:00,1 days 06:00:00,30,20.26,-142.64,973.0,86.1,33.06495904008035,158.45309640455417,101.88207184752778,76.99479571048445,146.14160739907877,91.3056633787265,70.03358857050779,53.22176467597904,76.71780338782233,46.41006488360158,37.68017102596026,30.18360534236455,40.28669154127181
2026-07-25 18:00:00,EP062026,2,2026-07-27 06:00:00,1 days 12:00:00,36,20.41,-143.87,980.6,74.0,37.64329293283236,204.6924650768703,155.24618212683896,119.96941813862166,192.47158028421137,102.30107385431754,81.68940867651173,65.44849176477767,88.1304974557684,37.64329293283236,31.089635511465104,25.37991103648281,32.132564994538015
2026-07-25 18:00:00,EP062026,2,2026-07-27 12:00:00,1 days 18:00:00,42,20.37,-145.39,979.5,77.3,36.8958558589953,240.82660311260108,185.6025029587157,126.46629199823934,205.3711880604844,122.64680250475516,100.41075199928088,77.06691308179202,105.48527957241046,55.40408483937391,46.27324751030152,36.68975614249838,46.72623615783037
2026-07-25 18:00:00,EP062026,2,2026-07-27 18:00:00,2 days 00:00:00,48,20.81,-146.67,979.7,78.9,14.481323293223856,202.47685157799748,156.79796482262145,86.14828791402522,158.81871456120314,49.72078448652283,32.50386568219666,16.9453289730128,38.914588647864775,14.481323293223856,0.5368192661863607,0.0,4.263238355551991
2026-07-25 18:00:00,EP062026,2,2026-07-28 00:00:00,2 days 06:00:00,54,20.86,-147.54,985.4,70.7,23.19771706646552,144.1695682549354,105.32428432420328,59.97376442202614,125.64952102664162,23.19771706646552,4.33160437302979,0.0,10.297761883197513,23.19771706646552,0.0,0.0,1.3398031275970042
2026-07-25 18:00:00,EP062026,2,2026-07-28 06:00:00,2 days 12:00:00,60,21.45,-148.96,974.6,84.3,52.60591926604594,210.70897608072625,171.07562542577688,93.7763632055763,173.24962957197954,87.94176755048261,66.24415168324245,40.71833372708297,68.92409970737074,52.60591926604594,27.6660725577124,18.65617513905883,29.950125587943816
2026-07-25 18:00:00,EP062026,2,2026-07-28 12:00:00,2 days 18:00:00,66,21.29,-150.54,994.9,57.5,19.931600319404257,206.4156832218032,165.2694174821481,112.70371356994644,161.5535190049058,44.25786421661027,36.45276032735301,23.46827190876745,34.24937078964357,0.0,0.0,0.0,0.0
2026-07-25 18:00:00,EP062026,2,2026-07-28 18:00:00,3 days 00:00:00,72,21.92,-151.86,998.8,48.0,48.02926953955806,258.041434675337,221.5152354934576,166.05069123209603,209.02764100601885,0.0,0.0,0.0,0.0,0.0,0.0,0.0,0.0
2026-07-25 18:00:00,EP062026,2,2026-07-29 00:00:00,3 days 06:00:00,78,22.09,-153.3,1000.8,39.7,89.81028581328303,223.76700733932245,190.8311619632699,153.53471100996808,183.0322948855792,0.0,0.0,0.0,0.0,0.0,0.0,0.0,0.0
2026-07-25 18:00:00,EP062026,2,2026-07-29 06:00:00,3 days 12:00:00,84,22.43,-154.87,1005.2,37.2,110.17846841311164,110.17846841311164,59.17773989770636,39.677941007636406,50.03442779418738,0.0,0.0,0.0,0.0,0.0,0.0,0.0,0.0
2026-07-25 18:00:00,EP062026,2,2026-07-29 12:00:00,3 days 18:00:00,90,22.52,-156.09,1006.0,31.1,113.00955084684732,0.0,0.0,0.0,0.0,0.0,0.0,0.0,0.0,0.0,0.0,0.0,0.0
2026-07-25 18:00:00,EP062026,2,2026-07-29 18:00:00,4 days 00:00:00,96,22.82,-157.57,1007.1,33.8,102.41976078983674,0.0,0.0,0.0,0.0,0.0,0.0,0.0,0.0,0.0,0.0,0.0,0.0
2026-07-25 18:00:00,EP062026,2,2026-07-30 00:00:00,4 days 06:00:00,102,22.99,-158.47,1010.0,24.7,68.1154766238368,0.0,0.0,0.0,0.0,0.0,0.0,0.0,0.0,0.0,0.0,0.0,0.0
2026-07-25 18:00:00,EP062026,2,2026-07-30 06:00:00,4 days 12:00:00,108,23.41,-159.7,1005.7,37.9,114.13950739872315,114.13950739872315,0.9664322888124596,0.0,3.9255080081914207,0.0,0.0,0.0,0.0,0.0,0.0,0.0,0.0
2026-07-25 18:00:00,EP062026,2,2026-07-30 12:00:00,4 days 18:00:00,114,23.93,-161.24,1008.4,26.1,62.323601201245154,0.0,0.0,0.0,0.0,0.0,0.0,0.0,0.0,0.0,0.0,0.0,0.0
2026-07-25 18:00:00,EP072026,2,2026-07-25 18:00:00,0 days 00:00:00,0,11.2,-105.1,995.0,54.0,28.0,204.0,167.0,56.0,130.0,56.0,37.0,,,0.0,0.0,0.0,0.0
2026-07-25 18:00:00,EP072026,2,2026-07-26 00:00:00,0 days 06:00:00,6,11.74,-106.05,993.1,60.7,39.529644966225625,111.07331777790446,83.72222203873494,51.512674343835485,88.58970068885415,39.529644966225625,0.0,0.0,0.0,0.0,0.0,0.0,0.0
2026-07-25 18:00:00,EP072026,2,2026-07-26 06:00:00,0 days 12:00:00,12,12.14,-107.2,993.4,58.1,50.71485210495435,185.39399211904407,157.5627347116952,115.96742281851142,157.94058705346333,50.71485210495435,14.458026955595388,7.121485724316213,15.242621443858924,0.0,0.0,0.0,0.0
2026-07-25 18:00:00,EP072026,2,2026-07-26 12:00:00,0 days 18:00:00,18,12.72,-108.29,975.9,99.6,40.421417391418686,246.5738405253076,208.1075792384106,153.75087819216378,224.54249462725056,125.77195728567426,108.12166240736929,84.88892348485354,110.11680769599025,56.492616976543104,48.812578395687865,38.66042197573887,49.68919820368649
2026-07-25 18:00:00,EP072026,2,2026-07-26 18:00:00,1 days 00:00:00,24,13.44,-109.64,983.0,74.1,34.36870109054264,208.48673322189475,165.99890609945746,104.3710332068751,182.5844015686036,118.43195990885158,101.89239410008167,78.70083467179384,103.05246349414674,49.97463320842228,45.05254980750902,36.44614226672515,43.73986698178513
2026-07-25 18:00:00,EP072026,2,2026-07-27 00:00:00,1 days 06:00:00,30,13.78,-110.79,982.5,77.0,13.030810365205395,198.36439072844803,151.46558960043285,96.7049737989839,150.77627632222095,81.83900753627879,62.97014592542385,40.4023244352024,61.16281586499625,13.030810365205395,3.806628833602436,0.2498495521629955,5.75755568031864
2026-07-25 18:00:00,EP072026,2,2026-07-27 06:00:00,1 days 12:00:00,36,14.61,-111.84,982.9,79.1,29.76277583973596,249.50359848759112,189.9082482391032,114.74128122717975,190.5947717310065,107.65169179847882,91.22707828046148,66.57660481461424,86.81283072462445,35.01991756698011,31.37207324386496,24.14624436666088,29.331345909408512
2026-07-25 18:00:00,EP072026,2,2026-07-27 12:00:00,1 days 18:00:00,42,15.4,-112.74,974.1,87.6,11.767560925827652,262.65335709615346,231.5118962959691,152.0821752467741,208.97714336067637,127.21748117321124,108.80957845559172,76.6496555802791,101.61150093273162,54.506159498483015,48.20673468654968,36.52601401551297,45.93542821192364
2026-07-25 18:00:00,EP072026,2,2026-07-27 18:00:00,2 days 00:00:00,48,15.89,-113.56,970.3,90.8,36.986335904102745,237.3626918829709,194.39250202271103,118.1845004869982,185.3367096548868,73.19510710925908,56.11724549790125,31.883825587472582,56.78671370662106,36.986335904102745,10.558035678025846,5.290396198141232,12.057184193436065
2026-07-25 18:00:00,EP072026,2,2026-07-28 00:00:00,2 days 06:00:00,54,16.6,-114.38,969.7,90.6,6.243976804971752,286.62090967902304,245.00944253186375,174.15758934708512,217.88816746302103,92.48013771372112,77.24032220933493,51.57729027721024,68.5221137515006,28.866764938972057,24.302518029234346,17.254530267455884,22.761090773742183
2026-07-25 18:00:00,EP072026,2,2026-07-28 06:00:00,2 days 12:00:00,60,16.93,-114.91,950.8,116.5,32.25027194098953,269.1184861798847,232.484781271076,160.25681348068866,209.48603543528912,104.97002981783882,87.95331946656728,59.84151921510015,84.82505401060978,48.990281790313695,40.73041948720233,30.7294527947757,39.98160288873288
2026-07-25 18:00:00,EP072026,2,2026-07-28 12:00:00,2 days 18:00:00,66,17.42,-115.53,959.9,102.6,19.407778585324063,232.78050568181635,203.2352628571865,136.0055564724108,168.83765993168495,87.29031625050303,72.53966468410636,53.42935521483695,67.58541232929923,35.53897731506346,30.4837448685566,24.434177822573147,30.172094387117447
2026-07-25 18:00:00,EP072026,2,2026-07-28 18:00:00,3 days 00:00:00,72,17.96,-116.22,965.8,98.9,13.865830776878129,299.1271945268056,249.98210016975824,180.36184016039647,236.31025280326256,121.89855087268472,102.86746670252398,71.22558911848353,99.02252917303144,50.760445062052725,44.49542167333369,33.471382450435364,43.01228661030935
2026-07-25 18:00:00,EP072026,2,2026-07-29 00:00:00,3 days 06:00:00,78,18.37,-116.98,968.6,89.3,30.036572948590702,245.0607405546354,201.35318495140825,143.53354073518983,208.80260318243927,94.95635147367592,77.07481913902956,52.31661896749645,76.36959370248033,35.413548940119696,28.743922389686336,22.005264507073417,29.186847396713404
2026-07-25 18:00:00,EP072026,2,2026-07-29 06:00:00,3 days 12:00:00,84,18.59,-117.6,959.8,89.5,27.298263820534363,291.726313236249,261.6876368163895,210.7845919268386,241.33559493338825,121.73161744029196,103.71066346629048,76.24508592278174,101.80009151273592,46.407865900662046,40.61338859780249,32.182292705065194,39.88095873923076
2026-07-25 18:00:00,EP072026,2,2026-07-29 12:00:00,3 days 18:00:00,90,18.76,-118.29,970.0,90.7,37.13339041780617,276.8848588380771,220.13239832853887,174.38950512258674,237.2959412675172,132.7291918959639,105.00305360448982,78.72997948655234,112.555011601761,52.53689800046608,42.521186134974975,33.71365713264351,43.207781273153486
2026-07-25 18:00:00,EP072026,2,2026-07-29 18:00:00,4 days 00:00:00,96,19.12,-119.03,971.3,84.7,22.21584602960933,211.6232644352046,171.15459599587956,134.51250567239413,183.08163102534624,114.5177933130124,96.68209321999672,69.94778916023766,95.93359003311764,35.326182813148264,31.62348262691296,23.32014626351373,31.414591916445264
2026-07-25 18:00:00,EP072026,2,2026-07-30 00:00:00,4 days 06:00:00,102,19.72,-120.1,975.6,72.3,16.95952110741704,268.07167911162435,218.1312857626781,153.06566857467874,212.4604425350024,129.2011047403329,112.91660291934882,88.38783222206312,107.01945403688548,51.265752348025785,47.43059571326226,38.04035341360418,44.147128985627006
2026-07-25 18:00:00,EP072026,2,2026-07-30 06:00:00,4 days 12:00:00,108,20.1,-120.83,987.3,61.1,41.77241782632096,277.8266749307393,221.09019611313332,161.2587510999199,236.12695061213697,112.39331929513594,95.03775869648724,64.93604002605238,91.98382141036824,0.0,0.0,0.0,0.0
2026-07-25 18:00:00,EP072026,2,2026-07-30 12:00:00,4 days 18:00:00,114,20.72,-122.05,992.8,52.5,49.90171164850554,287.64779416382726,231.0302189786563,168.42579912286146,234.8261557455012,86.32887369942944,72.58734508120506,46.737038615128256,67.35037605664724,0.0,0.0,0.0,0.0
2026-07-25 18:00:00,EP072026,2,2026-07-30 18:00:00,5 days 00:00:00,120,21.45,-123.37,998.6,46.1,76.11103657657117,242.1233012158855,195.5466736293635,139.88150358257096,202.74302242010063,0.0,0.0,0.0,0.0,0.0,0.0,0.0,0.0
2026-07-25 18:00:00,EP072026,2,2026-07-31 00:00:00,5 days 06:00:00,126,22.08,-124.52,993.8,50.2,118.78033561836958,273.4998162780713,230.69194495081135,176.77405077577637,230.97696063626245,118.78033561836958,13.576923062299832,5.980482228083883,14.911226750815668,0.0,0.0,0.0,0.0
2026-07-25 18:00:00,EP072026,2,2026-07-31 06:00:00,5 days 12:00:00,132,22.74,-125.78,994.4,46.5,134.8890836869113,227.12664417529624,203.0330866567653,160.63561656750466,192.6746442304781,0.0,0.0,0.0,0.0,0.0,0.0,0.0,0.0
2026-07-25 18:00:00,EP072026,2,2026-07-31 12:00:00,5 days 18:00:00,138,23.12,-126.69,994.5,39.9,104.89392710429723,104.89392710429723,18.093838204331384,16.59745168713002,29.650503978356745,0.0,0.0,0.0,0.0,0.0,0.0,0.0,0.0
2026-07-25 18:00:00,EP072026,2,2026-07-31 18:00:00,6 days 00:00:00,144,23.37,-128.15,1004.5,33.4,82.58078508295978,0.0,0.0,0.0,0.0,0.0,0.0,0.0,0.0,0.0,0.0,0.0,0.0
2026-07-25 18:00:00,EP072026,2,2026-08-01 00:00:00,6 days 06:00:00,150,23.59,-129.57,996.5,39.3,124.20076253804028,124.20076253804028,0.8185749424034938,0.0,9.428412073812286,0.0,0.0,0.0,0.0,0.0,0.0,0.0,0.0
2026-07-25 18:00:00,EP072026,2,2026-08-01 06:00:00,6 days 12:00:00,156,24.02,-130.43,1007.8,27.8,93.40197089914444,0.0,0.0,0.0,0.0,0.0,0.0,0.0,0.0,0.0,0.0,0.0,0.0
2026-07-25 18:00:00,EP072026,2,2026-08-01 12:00:00,6 days 18:00:00,162,24.33,-131.99,1006.2,24.8,111.40616499143069,0.0,0.0,0.0,0.0,0.0,0.0,0.0,0.0,0.0,0.0,0.0,0.0
2026-07-25 18:00:00,EP072026,2,2026-08-01 18:00:00,7 days 00:00:00,168,24.86,-132.99,1011.6,27.5,68.27130156176611,0.0,0.0,0.0,0.0,0.0,0.0,0.0,0.0,0.0,0.0,0.0,0.0
2026-07-25 18:00:00,EP072026,2,2026-08-02 00:00:00,7 days 06:00:00,174,25.38,-134.46,1010.1,30.8,63.627594665832966,0.0,0.0,0.0,0.0,0.0,0.0,0.0,0.0,0.0,0.0,0.0,0.0
2026-07-25 18:00:00,WP112026,2,2026-07-25 18:00:00,0 days 00:00:00,0,22.4,115.1,967.0,84.0,27.0,222.0,204.0,167.0,195.0,,,,,,,,
2026-07-25 18:00:00,WP112026,2,2026-07-26 00:00:00,0 days 06:00:00,6,22.91,114.35,972.4,71.8,25.32435992766944,146.3697157685148,124.7343306148234,109.48249956805948,110.41276128391571,25.32435992766944,8.96449051365004,5.121553755538743,8.519839655270427,25.32435992766944,0.0,0.0,0.0
2026-07-25 18:00:00,WP112026,2,2026-07-26 06:00:00,0 days 12:00:00,12,23.55,113.9,982.4,54.2,83.86531834418633,179.15316070797925,154.5537241894478,118.98595768642932,146.26069315574853,83.86531834418633,1.0718250659205435,0.0,1.3037117835090877,0.0,0.0,0.0,0.0
2026-07-25 18:00:00,WP112026,2,2026-07-26 12:00:00,0 days 18:00:00,18,24.22,113.85,994.3,35.4,43.2596729727712,43.2596729727712,1.6624734831462271,0.0,0.0,0.0,0.0,0.0,0.0,0.0,0.0,0.0,0.0
2026-07-25 18:00:00,WP112026,2,2026-07-26 18:00:00,1 days 00:00:00,24,24.78,113.35,1001.6,25.8,31.836672927915902,0.0,0.0,0.0,0.0,0.0,0.0,0.0,0.0,0.0,0.0,0.0,0.0
2026-07-25 18:00:00,WP112026,2,2026-07-27 00:00:00,1 days 06:00:00,30,26.24,113.05,1000.9,23.4,126.68546542831372,0.0,0.0,0.0,0.0,0.0,0.0,0.0,0.0,0.0,0.0,0.0,0.0
2026-07-25 18:00:00,WP112026,2,2026-07-27 06:00:00,1 days 12:00:00,36,26.75,112.39,1001.7,22.6,45.780124115006274,0.0,0.0,0.0,0.0,0.0,0.0,0.0,0.0,0.0,0.0,0.0,0.0
2026-07-25 18:00:00,WP112026,2,2026-07-27 12:00:00,1 days 18:00:00,42,27.51,112.29,1004.3,17.0,47.75711474444978,0.0,0.0,0.0,0.0,0.0,0.0,0.0,0.0,0.0,0.0,0.0,0.0
2026-07-25 18:00:00,WP112026,2,2026-07-27 18:00:00,2 days 00:00:00,48,28.5,112.05,1004.1,20.8,107.02150238353144,0.0,0.0,0.0,0.0,0.0,0.0,0.0,0.0,0.0,0.0,0.0,0.0
2026-07-25 18:00:00,WP112026,2,2026-07-28 00:00:00,2 days 06:00:00,54,29.16,111.61,1004.8,21.6,36.154770580561305,0.0,0.0,0.0,0.0,0.0,0.0,0.0,0.0,0.0,0.0,0.0,0.0
2026-07-25 18:00:00,WP112026,2,2026-07-28 06:00:00,2 days 12:00:00,60,29.85,111.44,1004.4,16.2,99.22989557426143,0.0,0.0,0.0,0.0,0.0,0.0,0.0,0.0,0.0,0.0,0.0,0.0
2026-07-25 18:00:00,EP062026,20,2026-07-25 18:00:00,0 days 00:00:00,0,19.2,-137.0,971.0,86.0,56.0,297.0,241.0,185.0,297.0,130.0,74.0,74.0,111.0,65.0,46.0,37.0,65.0
2026-07-25 18:00:00,EP062026,20,2026-07-26 00:00:00,0 days 06:00:00,6,19.42,-138.08,981.6,73.0,41.41334756934592,216.8832827781484,166.8247631969786,132.25893252429225,181.25380428831275,75.556752829099,61.46425637627358,44.19715139248484,61.44118001909218,41.41334756934592,29.052158055653678,21.069606678150613,29.642668308858816
2026-07-25 18:00:00,EP062026,20,2026-07-26 06:00:00,0 days 12:00:00,12,19.71,-139.12,989.0,66.3,43.93071384437769,180.8980186943936,130.40437995455522,95.3116894765442,159.22703266302824,78.88741734560199,60.261197176571386,39.96375520718186,66.11401759928162,43.93071384437769,25.783818722995875,17.62756535984056,27.67729776115334
2026-07-25 18:00:00,EP062026,20,2026-07-26 12:00:00,0 days 18:00:00,18,19.89,-140.49,980.0,71.4,57.49600640964563,236.29825707423456,184.30998312252737,139.23050394486916,203.1331333589164,112.17149025705564,94.0728411908618,68.99273608424619,93.59220456060692,57.49600640964563,44.344741118572905,33.92257158324535,43.43995480286097
2026-07-25 18:00:00,EP062026,20,2026-07-26 18:00:00,1 days 00:00:00,24,20.12,-141.62,984.6,72.7,33.53992324687562,193.5187509561761,144.25768730683365,101.65510001373946,160.017290230934,79.95323517498531,64.30369366365824,42.57590572138591,65.07917076623022,34.39076113354432,27.71885758263184,19.606648542073543,28.21375497214966
2026-07-25 18:00:00,EP062026,20,2026-07-27 00:00:00,1 days 06:00:00,30,20.5,-142.67,982.3,76.6,55.09792708519443,241.33706740241416,179.44078019409125,134.8295050483682,202.7077633022185,96.34943602319548,77.68715600704009,56.506663581717056,81.11253368314574,55.09792708519443,37.448335594752166,27.728962814689663,38.62220599246904
2026-07-25 18:00:00,EP062026,20,2026-07-27 06:00:00,1 days 12:00:00,36,20.85,-143.73,981.3,79.3,26.433141673481494,202.87358447255983,139.87159997512555,82.4715184579668,165.66929299243847,92.43656137669984,67.37828558953227,44.830088145201486,76.02223835435608,39.799991585767415,31.271570191816966,22.600061677337067,33.64752366153303
2026-07-25 18:00:00,EP062026,20,2026-07-27 12:00:00,1 days 18:00:00,42,21.07,-144.92,980.3,82.5,37.83337500015033,277.44469698603774,207.40277980940044,151.03864838472418,230.97326293728557,83.278064601678,60.02093892614224,39.00627805595177,69.63310425309936,38.37098750968666,28.15888368662232,19.24108174715137,31.452290006772785
2026-07-25 18:00:00,EP062026,20,2026-07-27 18:00:00,2 days 00:00:00,48,21.52,-146.45,988.2,71.1,30.96645202570204,165.2282969763054,129.16584859399728,85.5052198931833,119.67063048487827,30.96645202570204,1.285406413285763,0.0,0.9015445454656756,30.96645202570204,0.0,0.0,0.2895299677980247
2026-07-25 18:00:00,EP062026,20,2026-07-28 00:00:00,2 days 06:00:00,54,22.27,-147.4,985.9,74.2,10.123912140722313,174.67413508359743,126.91156718211656,79.55927425858721,155.57433954758687,82.17877113365176,62.647852323313344,43.04875911539649,69.4103328196114,38.275070876174254,29.677815541389364,21.538379744074568,31.391271643420566
2026-07-25 18:00:00,EP062026,20,2026-07-28 06:00:00,2 days 12:00:00,60,22.46,-148.58,992.1,63.8,53.31146587884815,159.09292701329656,104.12350569391292,58.04868190131913,125.07669901270827,53.31146587884815,36.33175114168338,17.14594765659726,40.22843899597389,0.0,0.0,0.0,0.0
2026-07-25 18:00:00,EP062026,20,2026-07-28 12:00:00,2 days 18:00:00,66,22.88,-149.97,1000.0,48.2,39.98746557592624,226.15691327470228,190.397391607761,149.1175908072027,200.0403613032693,0.0,0.0,0.0,0.0,0.0,0.0,0.0,0.0
2026-07-25 18:00:00,EP062026,20,2026-07-28 18:00:00,3 days 00:00:00,72,23.14,-150.85,1000.4,42.4,60.44190871214028,127.325430324486,84.78570461562737,62.14273680437719,97.92114073836105,0.0,0.0,0.0,0.0,0.0,0.0,0.0,0.0
2026-07-25 18:00:00,EP062026,20,2026-07-29 00:00:00,3 days 06:00:00,78,23.6,-151.44,1003.3,47.1,72.39726942295145,193.6707834990872,155.32644594463494,115.28473928086684,153.40951160952454,0.0,0.0,0.0,0.0,0.0,0.0,0.0,0.0
2026-07-25 18:00:00,EP062026,20,2026-07-29 06:00:00,3 days 12:00:00,84,24.13,-152.34,994.8,45.3,45.53230549604245,103.29372162928274,83.8982613306751,66.04931662027919,90.47823340951877,0.0,0.0,0.0,0.0,0.0,0.0,0.0,0.0
2026-07-25 18:00:00,EP062026,20,2026-07-29 12:00:00,3 days 18:00:00,90,23.97,-153.41,1007.4,35.7,85.20581434870529,162.12005983056477,136.76416562886573,119.7170178890104,132.247627543432,0.0,0.0,0.0,0.0,0.0,0.0,0.0,0.0
2026-07-25 18:00:00,EP062026,20,2026-07-29 18:00:00,4 days 00:00:00,96,24.27,-154.46,1007.0,29.6,85.20176055852889,0.0,0.0,0.0,0.0,0.0,0.0,0.0,0.0,0.0,0.0,0.0,0.0
2026-07-25 18:00:00,EP062026,20,2026-07-30 00:00:00,4 days 06:00:00,102,24.74,-155.18,1008.6,28.3,114.96967212119084,0.0,0.0,0.0,0.0,0.0,0.0,0.0,0.0,0.0,0.0,0.0,0.0
2026-07-25 18:00:00,EP062026,20,2026-07-30 06:00:00,4 days 12:00:00,108,24.71,-156.68,1010.9,18.0,52.05541371004942,0.0,0.0,0.0,0.0,0.0,0.0,0.0,0.0,0.0,0.0,0.0,0.0
2026-07-25 18:00:00,EP062026,20,2026-07-30 12:00:00,4 days 18:00:00,114,25.62,-157.49,1007.9,26.2,73.72108496006786,0.0,0.0,0.0,0.0,0.0,0.0,0.0,0.0,0.0,0.0,0.0,0.0
2026-07-25 18:00:00,EP072026,20,2026-07-25 18:00:00,0 days 00:00:00,0,11.2,-105.1,995.0,54.0,28.0,204.0,167.0,56.0,130.0,56.0,37.0,,,0.0,0.0,0.0,0.0
2026-07-25 18:00:00,EP072026,20,2026-07-26 00:00:00,0 days 06:00:00,6,11.96,-106.04,992.2,62.5,27.348608885288236,201.51600107908968,166.8860713918533,108.70371785109828,165.7380290975787,27.348608885288236,18.081213368849955,10.579766100424944,16.46036421277485,0.0,0.0,0.0,0.0
2026-07-25 18:00:00,EP072026,20,2026-07-26 06:00:00,0 days 12:00:00,12,12.55,-107.44,991.5,64.5,92.90271235375488,379.8305185190149,339.3593606516323,272.7303161963586,323.9109444501965,92.90271235375488,39.112632766678686,25.31672617881156,41.47222835224862,92.90271235375488,16.312852093886022,11.44672130012384,17.65206340878182
2026-07-25 18:00:00,EP072026,20,2026-07-26 12:00:00,0 days 18:00:00,18,13.17,-108.87,986.8,70.4,49.93722931476724,168.02751921231413,120.2903664328803,69.20227075229512,133.4668378876017,63.68911641263041,46.84079971293406,25.26747273369128,47.90785649834962,49.93722931476724,16.863258932477695,9.595878285818864,17.5176975516482
2026-07-25 18:00:00,EP072026,20,2026-07-26 18:00:00,1 days 00:00:00,24,14.01,-109.55,998.8,58.7,109.92374963917273,574.6060594294264,520.3331045999641,407.9944543921564,481.5398366446583,109.92374963917273,47.15051924825347,23.256593140370903,43.3387552210594,0.0,0.0,0.0,0.0
2026-07-25 18:00:00,EP072026,20,2026-07-27 00:00:00,1 days 06:00:00,30,14.41,-110.53,985.3,70.5,40.65551233279706,228.06063552474856,190.08206425602023,115.72892198642842,162.24889361364475,89.08484301597608,70.75120379504204,45.02819642733705,68.21435700413733,40.65551233279706,30.51378248405926,21.514748464934577,30.159815957901
2026-07-25 18:00:00,EP072026,20,2026-07-27 06:00:00,1 days 12:00:00,36,15.01,-111.17,963.3,96.1,47.70302878044137,218.88442105884383,196.2706341135508,141.32550544965625,190.47218433368275,107.85333389180308,87.08064674198393,65.07597377231451,91.28127343906785,47.70302878044137,38.66462360301141,29.148247608439675,39.43281088998673
2026-07-25 18:00:00,EP072026,20,2026-07-27 12:00:00,1 days 18:00:00,42,15.55,-112.08,974.5,85.0,17.4399670088797,252.47098813417165,208.99636890773,136.2107868130819,209.49598737344087,117.27316159615614,95.42413944558903,64.67263904381547,93.42489034717364,51.63253144729643,43.10665224828749,30.378290221252804,42.22360593975667
2026-07-25 18:00:00,EP072026,20,2026-07-27 18:00:00,2 days 00:00:00,48,15.98,-112.85,977.1,76.9,61.8816585600926,399.70429313778186,350.2938782752224,279.01233277538915,327.0964561048587,61.8816585600926,31.977756788482036,15.748347150467303,34.03128982805772,61.8816585600926,11.934320303267416,6.066183984605889,12.81867051771815
2026-07-25 18:00:00,EP072026,20,2026-07-28 00:00:00,2 days 06:00:00,54,16.35,-113.44,956.6,109.1,22.48993094827597,223.63307649006995,187.4160720269565,124.93346123855804,191.8992425003462,115.31681005572229,90.3644249276233,67.14019363164084,98.51856876927422,58.24803193003368,48.03055081217849,37.17549654545076,50.12557930447974
2026-07-25 18:00:00,EP072026,20,2026-07-28 06:00:00,2 days 12:00:00,60,16.68,-114.15,961.1,98.6,24.87029218930688,310.276263525916,260.63405974868215,199.92699441247805,263.2662030803044,136.74912403497288,118.29602109761947,95.54609877919684,114.69920550242476,71.22133662679741,64.45750152036604,53.74972411028181,63.491898638285335
2026-07-25 18:00:00,EP072026,20,2026-07-28 12:00:00,2 days 18:00:00,66,17.07,-114.88,945.0,121.1,27.81186620994441,242.7034685743272,194.7002990612175,137.74500567412247,219.36244533431451,128.42545269381822,100.6463549766645,79.53514169784683,108.07009139301532,65.34795751119259,55.07938687446199,44.81127921066741,57.38005689907152
2026-07-25 18:00:00,EP072026,20,2026-07-28 18:00:00,3 days 00:00:00,72,17.22,-115.79,964.2,94.9,32.23269324518355,195.8422078043417,163.19697025112342,131.9921397029567,178.44981682358878,90.3176959230598,72.60222243033391,55.515212388169246,79.82639508459931,46.84947491253478,38.98358656511043,31.0557136211336,41.05762280984264
2026-07-25 18:00:00,EP072026,20,2026-07-29 00:00:00,3 days 06:00:00,78,17.24,-116.49,954.1,111.3,41.03676892035861,240.2467726162089,186.8741181504648,145.30292343278273,219.0430995181125,115.802575923939,95.50747178138649,79.27462178824766,97.39970523321448,60.29602073138497,52.827281425109845,43.48720810272124,53.76371784899277
2026-07-25 18:00:00,EP072026,20,2026-07-29 06:00:00,3 days 12:00:00,84,17.35,-116.99,957.9,113.0,18.701338807476333,264.7224783948812,207.07690388434588,165.88678060745417,234.6863552633571,145.48605120321525,126.9180152376298,106.49290442600989,128.32007040250423,78.83635835778625,71.62007461323942,62.05621817827053,71.87914669163067
2026-07-25 18:00:00,EP072026,20,2026-07-29 12:00:00,3 days 18:00:00,90,17.61,-117.84,962.4,98.5,32.546925975973465,244.0820334783772,210.736150514584,150.9131385388639,214.8815651463863,124.2484115517658,106.01581572809611,79.379838002361,104.36870791725886,61.1986912334695,52.227189275521056,42.57360805825502,52.95600192341897
2026-07-25 18:00:00,EP072026,20,2026-07-29 18:00:00,4 days 00:00:00,96,18.19,-118.77,961.5,102.3,29.74408756782869,242.85361330761685,193.8096647086076,164.34258261475702,213.9026527856295,127.0065311371161,110.13980820071971,83.26014622192473,111.40914698945689,63.85432365134846,55.58305926114871,43.09418015648943,54.598302347352174
2026-07-25 18:00:00,EP072026,20,2026-07-30 00:00:00,4 days 06:00:00,102,18.42,-119.37,967.4,87.7,42.53520365893498,241.749299097213,208.91111905946877,167.57055964254408,208.2811568700792,120.64631599611393,100.39899290698465,78.14531437601522,101.91122315731796,59.97352748029353,51.49187048396304,41.02501326039328,51.53517199440245
2026-07-25 18:00:00,EP072026,20,2026-07-30 06:00:00,4 days 12:00:00,108,18.63,-120.33,974.2,82.7,39.19228953655541,244.82395002860247,203.808379870558,180.8696319372457,220.60477716194455,129.2756232940748,111.6412810842483,90.34204350402096,113.0870347503521,66.19724220111154,57.93041042057423,46.47355678950824,56.96323353021128
2026-07-25 18:00:00,EP072026,20,2026-07-30 12:00:00,4 days 18:00:00,114,19.03,-121.33,976.2,79.0,18.95359137904944,266.64023624617016,230.8477893818828,179.98370699506518,222.76577880648483,100.0343192669386,84.24059934205371,62.83450182601425,84.09283492728497,49.80511511185324,42.02012760182552,31.28016191383097,41.77296291930361
2026-07-25 18:00:00,EP072026,20,2026-07-30 18:00:00,5 days 00:00:00,120,19.65,-122.69,982.0,68.3,23.34585124508806,226.9281694914305,188.2619476776496,152.64808264157367,199.61319005809412,113.73345439103826,96.45364624010652,74.1456852268595,98.49608642990074,54.70244834855816,47.3033504199956,36.22501399618259,45.87686717323973
2026-07-25 18:00:00,EP072026,20,2026-07-31 00:00:00,5 days 06:00:00,126,19.82,-124.13,955.1,105.8,39.20173905773701,249.59752092906947,260.9116599136984,245.23488117873345,251.5819026159012,107.70675349268862,100.63805716443358,86.22666383565942,97.2436786404762,58.09162206485839,54.884416632047575,45.761297508188825,52.24140389991461
2026-07-25 18:00:00,EP072026,20,2026-07-31 06:00:00,5 days 12:00:00,132,20.31,-125.16,990.0,62.0,61.9872136947685,215.43130202568065,181.45757491182528,148.3373550425442,186.29537756644496,152.88634171873758,144.2011387318605,121.2215399007106,128.50263965686685,0.0,0.0,0.0,0.0
2026-07-25 18:00:00,EP072026,20,2026-07-31 12:00:00,5 days 18:00:00,138,20.71,-126.42,993.9,54.1,51.82305128599298,249.17830398495843,204.69315790949824,174.80802072147503,220.6828060369945,162.1328965718455,153.7733592639088,128.0329321471802,134.73942810600497,0.0,0.0,0.0,0.0
2026-07-25 18:00:00,EP072026,20,2026-07-31 18:00:00,6 days 00:00:00,144,20.86,-127.91,993.8,55.5,52.593195761664106,156.31428121557565,127.15954349229514,103.33064140409896,139.6137217909943,52.593195761664106,18.32844003969501,12.31947215265373,16.63228223553611,0.0,0.0,0.0,0.0
2026-07-25 18:00:00,EP072026,20,2026-08-01 00:00:00,6 days 06:00:00,150,21.16,-129.37,998.1,47.9,40.28724957179696,161.3195015921376,130.84060848646644,93.1371683016136,133.03649620952933,0.0,0.0,0.0,0.0,0.0,0.0,0.0,0.0
2026-07-25 18:00:00,EP072026,20,2026-08-01 06:00:00,6 days 12:00:00,156,21.49,-130.48,996.9,44.2,36.13993809352866,84.1122534327202,68.84213039337197,40.694393942470086,68.33488458294036,0.0,0.0,0.0,0.0,0.0,0.0,0.0,0.0
2026-07-25 18:00:00,EP072026,20,2026-08-01 12:00:00,6 days 18:00:00,162,22.32,-132.34,993.1,54.5,42.28632203510239,157.98092822553463,128.98000402829894,97.1598400225738,134.38261324017208,63.146523257582885,59.253586764363945,50.22968535397581,52.5728361496831,0.0,0.0,0.0,0.0
2026-07-25 18:00:00,EP072026,20,2026-08-01 18:00:00,7 days 00:00:00,168,22.62,-133.71,1003.9,45.6,91.12197538547996,170.8515471091301,130.26567977019312,97.09907285935668,134.79918723722275,0.0,0.0,0.0,0.0,0.0,0.0,0.0,0.0
2026-07-25 18:00:00,EP072026,20,2026-08-02 00:00:00,7 days 06:00:00,174,23.03,-135.42,1002.4,41.6,89.91313996440824,165.3918455514675,123.51543558619971,99.21142301783402,136.40804860722224,0.0,0.0,0.0,0.0,0.0,0.0,0.0,0.0
2026-07-25 18:00:00,EP072026,20,2026-08-02 06:00:00,7 days 12:00:00,180,23.26,-137.16,1004.2,36.0,103.62633082689808,14.602119632256064,1.8478728132208744,0.0,103.62633082689808,0.0,0.0,0.0,0.0,0.0,0.0,0.0,0.0
2026-07-25 18:00:00,EP072026,20,2026-08-02 12:00:00,7 days 18:00:00,186,23.92,-138.72,1002.9,34.1,60.77377207511028,156.48053412121374,120.26735491759082,93.47824760618671,125.5238007490713,0.0,0.0,0.0,0.0,0.0,0.0,0.0,0.0
2026-07-25 18:00:00,EP072026,20,2026-08-02 18:00:00,8 days 00:00:00,192,24.32,-140.06,1007.7,34.6,78.7527782536839,78.7527782536839,5.494537464486662,0.0,12.484765745181871,0.0,0.0,0.0,0.0,0.0,0.0,0.0,0.0
2026-07-25 18:00:00,EP072026,20,2026-08-03 00:00:00,8 days 06:00:00,198,24.6,-141.28,1005.8,30.1,54.030141471643454,0.0,0.0,0.0,0.0,0.0,0.0,0.0,0.0,0.0,0.0,0.0,0.0
2026-07-25 18:00:00,EP072026,20,2026-08-03 06:00:00,8 days 12:00:00,204,24.76,-142.66,1007.2,30.8,72.51973663405943,0.0,0.0,0.0,0.0,0.0,0.0,0.0,0.0,0.0,0.0,0.0,0.0
2026-07-25 18:00:00,EP072026,20,2026-08-03 12:00:00,8 days 18:00:00,210,25.38,-143.97,1005.0,31.6,59.71397660762511,0.0,0.0,0.0,0.0,0.0,0.0,0.0,0.0,0.0,0.0,0.0,0.0
2026-07-25 18:00:00,EP072026,20,2026-08-03 18:00:00,9 days 00:00:00,216,25.37,-145.08,1005.8,31.0,82.62382649616421,0.0,0.0,0.0,0.0,0.0,0.0,0.0,0.0,0.0,0.0,0.0,0.0
2026-07-25 18:00:00,EP072026,20,2026-08-04 00:00:00,9 days 06:00:00,222,25.62,-146.08,1007.2,29.8,70.1702204396971,0.0,0.0,0.0,0.0,0.0,0.0,0.0,0.0,0.0,0.0,0.0,0.0
2026-07-25 18:00:00,EP072026,20,2026-08-04 06:00:00,9 days 12:00:00,228,26.03,-146.85,1007.0,27.4,82.44720353307768,0.0,0.0,0.0,0.0,0.0,0.0,0.0,0.0,0.0,0.0,0.0,0.0
2026-07-25 18:00:00,EP072026,20,2026-08-04 12:00:00,9 days 18:00:00,234,26.52,-148.65,1006.9,31.4,130.73883445583516,0.0,0.0,0.0,0.0,0.0,0.0,0.0,0.0,0.0,0.0,0.0,0.0
2026-07-25 18:00:00,EP072026,20,2026-08-04 18:00:00,10 days 00:00:00,240,26.59,-149.43,1006.7,27.7,67.87597504728629,0.0,0.0,0.0,0.0,0.0,0.0,0.0,0.0,0.0,0.0,0.0,0.0
2026-07-25 18:00:00,EP072026,20,2026-08-05 00:00:00,10 days 06:00:00,246,27.24,-150.3,1005.3,33.7,88.12839606235593,0.0,0.0,0.0,0.0,0.0,0.0,0.0,0.0,0.0,0.0,0.0,0.0
2026-07-25 18:00:00,WP112026,20,2026-07-25 18:00:00,0 days 00:00:00,0,22.4,115.1,967.0,84.0,27.0,222.0,204.0,167.0,195.0,,,,,,,,
2026-07-25 18:00:00,WP112026,20,2026-07-26 00:00:00,0 days 06:00:00,6,22.95,114.79,963.9,79.2,26.10676449397801,176.68805687478718,156.9460407548583,116.32107280455593,140.73707405820574,70.87924535667892,65.97031328994564,46.65331695231514,55.606100305300544,26.10676449397801,0.0,0.0,1.195071646962629
2026-07-25 18:00:00,WP112026,20,2026-07-26 06:00:00,0 days 12:00:00,12,23.68,114.08,991.4,51.8,37.657833639421725,175.6199704990244,165.05602270593263,120.52951518145666,135.3603335792256,37.657833639421725,6.999189971786111,1.1728972527767478,6.004367422790338,0.0,0.0,0.0,0.0
2026-07-25 18:00:00,WP112026,20,2026-07-26 12:00:00,0 days 18:00:00,18,24.11,113.72,999.8,36.4,58.58380927987556,0.6613327376536118,58.58380927987556,0.0,0.0,0.0,0.0,0.0,0.0,0.0,0.0,0.0,0.0
2026-07-25 18:00:00,WP112026,20,2026-07-26 18:00:00,1 days 00:00:00,24,24.96,113.47,995.6,33.9,31.180875326816725,0.0,0.0,0.0,0.0,0.0,0.0,0.0,0.0,0.0,0.0,0.0,0.0
2026-07-25 18:00:00,WP112026,20,2026-07-27 00:00:00,1 days 06:00:00,30,26.4,113.04,1001.7,24.9,80.7369763379657,0.0,0.0,0.0,0.0,0.0,0.0,0.0,0.0,0.0,0.0,0.0,0.0
2026-07-25 18:00:00,WP112026,20,2026-07-27 06:00:00,1 days 12:00:00,36,27.11,112.79,999.2,21.4,70.20227909130422,0.0,0.0,0.0,0.0,0.0,0.0,0.0,0.0,0.0,0.0,0.0,0.0
2026-07-25 18:00:00,WP112026,20,2026-07-27 12:00:00,1 days 18:00:00,42,27.91,112.2,1000.1,17.5,55.39871546630731,0.0,0.0,0.0,0.0,0.0,0.0,0.0,0.0,0.0,0.0,0.0,0.0
2026-07-25 18:00:00,WP112026,20,2026-07-27 18:00:00,2 days 00:00:00,48,28.97,112.0,997.7,22.6,98.39053403167792,0.0,0.0,0.0,0.0,0.0,0.0,0.0,0.0,0.0,0.0,0.0,0.0
2026-07-25 18:00:00,WP112026,20,2026-07-28 00:00:00,2 days 06:00:00,54,29.85,112.15,1004.4,17.7,31.826832559671743,0.0,0.0,0.0,0.0,0.0,0.0,0.0,0.0,0.0,0.0,0.0,0.0
2026-07-25 18:00:00,WP112026,20,2026-07-28 06:00:00,2 days 12:00:00,60,31.19,112.55,1005.3,17.7,118.96475331204076,0.0,0.0,0.0,0.0,0.0,0.0,0.0,0.0,0.0,0.0,0.0,0.0
2026-07-25 18:00:00,WP112026,20,2026-07-28 12:00:00,2 days 18:00:00,66,31.73,111.92,1009.2,12.3,84.30148351515572,0.0,0.0,0.0,0.0,0.0,0.0,0.0,0.0,0.0,0.0,0.0,0.0
2026-07-25 18:00:00,WP112026,20,2026-07-28 18:00:00,3 days 00:00:00,72,32.99,112.0,1004.2,16.5,123.38942886051248,0.0,0.0,0.0,0.0,0.0,0.0,0.0,0.0,0.0,0.0,0.0,0.0
2026-07-25 18:00:00,EP062026,21,2026-07-25 18:00:00,0 days 00:00:00,0,19.2,-137.0,971.0,86.0,56.0,297.0,241.0,185.0,297.0,130.0,74.0,74.0,111.0,65.0,46.0,37.0,65.0
2026-07-25 18:00:00,EP062026,21,2026-07-26 00:00:00,0 days 06:00:00,6,19.34,-137.94,977.5,78.5,39.646168060082495,241.7940922978068,179.28750741757443,129.9633670748023,194.2939435638501,109.57279796959784,85.74985512672691,62.828661783077735,90.70301378831664,45.99640840971487,39.038091674495206,30.02543171259495,39.596482457866514
2026-07-25 18:00:00,EP062026,21,2026-07-26 06:00:00,0 days 12:00:00,12,19.54,-139.17,981.3,67.1,51.86718070841204,219.7582044601515,178.29459647993548,137.9514706509418,179.736579486293,64.2463283366829,46.79783710314173,30.60232152350751,49.12454596996359,51.86718070841204,9.300155666953616,6.202279947521943,10.94071592195154
2026-07-25 18:00:00,EP062026,21,2026-07-26 12:00:00,0 days 18:00:00,18,19.55,-140.43,982.9,67.1,14.519358698166045,198.55314263659457,166.00380578306405,117.95021198226732,161.53573638249773,55.49856820380042,41.66910940825572,24.97133892378713,41.753739519078216,14.519358698166045,10.545919838993044,6.439946966417833,11.30340286193834
2026-07-25 18:00:00,EP062026,21,2026-07-26 18:00:00,1 days 00:00:00,24,19.77,-141.26,982.7,69.0,27.59619418084455,264.70720853348786,232.71146942041256,168.0139712893518,222.58220286950507,54.855471551207,37.06666301954188,19.74239826303152,41.1322124234013,27.59619418084455,0.0,0.0,0.0588728418106327
2026-07-25 18:00:00,EP062026,21,2026-07-27 00:00:00,1 days 06:00:00,30,20.37,-142.65,984.2,71.1,54.562176976914,243.0298926395668,184.5875782105927,132.6255254084336,199.75723577037863,121.96991757462638,97.06513908723052,72.25967251124467,99.96519630035787,54.562176976914,40.09731909316318,31.12813533259664,40.37834636101047
2026-07-25 18:00:00,EP062026,21,2026-07-27 06:00:00,1 days 12:00:00,36,20.55,-144.11,993.8,58.2,21.6581535844964,233.53396573854187,186.63023243392803,140.8713692694403,195.28935434106,54.032218631973706,37.9188143658624,22.262125876809407,39.22221150338566,0.0,0.0,0.0,0.0
2026-07-25 18:00:00,EP062026,21,2026-07-27 12:00:00,1 days 18:00:00,42,20.53,-145.37,992.9,59.2,51.29442045305569,279.9786594608049,210.32945437530972,155.82863126235566,242.728777778864,99.76239144259308,75.83035548851791,49.84032351243988,78.5316409729798,0.0,0.0,0.0,0.0
2026-07-25 18:00:00,EP062026,21,2026-07-27 18:00:00,2 days 00:00:00,48,21.03,-147.01,999.1,46.0,53.44392760487879,195.28419675160987,146.8512217099082,104.61401084034084,155.3100371236648,0.0,0.0,0.0,0.0,0.0,0.0,0.0,0.0
2026-07-25 18:00:00,EP062026,21,2026-07-28 00:00:00,2 days 06:00:00,54,21.36,-148.04,989.4,62.5,23.723281475149623,203.6576335137956,150.87617694029942,100.23933527129446,163.5223683698954,60.50001933864017,45.46593080282841,27.26522282956066,44.33742678037584,0.0,0.0,0.0,0.0
2026-07-25 18:00:00,EP062026,21,2026-07-28 06:00:00,2 days 12:00:00,60,21.25,-149.01,1002.2,53.1,75.84393433331903,299.7132586367094,254.48524682409425,192.4764015365995,259.02246835805704,86.29612050208175,69.3710448194177,46.84619414691712,64.10735538312844,0.0,0.0,0.0,0.0
2026-07-25 18:00:00,EP062026,21,2026-07-28 12:00:00,2 days 18:00:00,66,21.56,-150.57,1002.6,42.9,101.27961004455706,101.27961004455706,16.17272935320014,8.240150447301303,25.835252096382337,0.0,0.0,0.0,0.0,0.0,0.0,0.0,0.0
2026-07-25 18:00:00,EP062026,21,2026-07-28 18:00:00,3 days 00:00:00,72,21.63,-151.55,1006.5,37.0,179.01781232965527,179.01781232965527,48.82934471132734,25.665917064478364,47.122386413207806,0.0,0.0,0.0,0.0,0.0,0.0,0.0,0.0
2026-07-25 18:00:00,EP062026,21,2026-07-29 00:00:00,3 days 06:00:00,78,22.12,-152.72,1004.3,37.6,93.5293589002854,93.5293589002854,4.698555800738035,0.0,11.174023797203006,0.0,0.0,0.0,0.0,0.0,0.0,0.0,0.0
2026-07-25 18:00:00,EP062026,21,2026-07-29 06:00:00,3 days 12:00:00,84,21.99,-154.2,1005.9,38.5,101.57141638615444,101.57141638615444,18.819770769943,6.067151010376826,26.227854851573746,0.0,0.0,0.0,0.0,0.0,0.0,0.0,0.0
2026-07-25 18:00:00,EP062026,21,2026-07-29 12:00:00,3 days 18:00:00,90,21.85,-155.3,1006.8,37.1,115.13401692291588,115.13401692291588,51.976444263781424,28.71556363035396,48.57649333841225,0.0,0.0,0.0,0.0,0.0,0.0,0.0,0.0
2026-07-25 18:00:00,EP062026,21,2026-07-29 18:00:00,4 days 00:00:00,96,22.13,-156.21,1006.8,32.1,106.8517795578816,0.0,0.0,0.0,0.0,0.0,0.0,0.0,0.0,0.0,0.0,0.0,0.0
2026-07-25 18:00:00,EP072026,21,2026-07-25 18:00:00,0 days 00:00:00,0,11.2,-105.1,995.0,54.0,28.0,204.0,167.0,56.0,130.0,56.0,37.0,,,0.0,0.0,0.0,0.0
2026-07-25 18:00:00,EP072026,21,2026-07-26 00:00:00,0 days 06:00:00,6,12.06,-106.41,991.9,57.0,25.809553447804625,170.72388422375522,134.91192699922354,72.70900765431799,120.97861145456818,25.809553447804625,8.711182979522738,0.0,7.503615951628036,0.0,0.0,0.0,0.0
2026-07-25 18:00:00,EP072026,21,2026-07-26 06:00:00,0 days 12:00:00,12,12.71,-107.79,985.5,64.2,51.64035266213847,291.2317643462293,245.7805793300497,186.2611330928985,234.6210254552884,86.04493997884788,66.1737026511073,44.11930722300474,65.56664319166714,51.64035266213847,5.066429914673158,3.0496400076049,6.462431609270922
2026-07-25 18:00:00,EP072026,21,2026-07-26 12:00:00,0 days 18:00:00,18,13.24,-108.89,983.6,75.9,35.24568486434113,199.63563326882092,148.66303393878977,66.78106325806577,146.45974525671707,83.75374426929098,62.21684032572105,37.25376760802922,62.96424505112149,35.24568486434113,23.66548108802299,15.874122983212292,24.659158022267807
2026-07-25 18:00:00,EP072026,21,2026-07-26 18:00:00,1 days 00:00:00,24,13.8,-110.08,976.2,83.9,5.155284038393392,226.3320486828081,181.40997566235305,111.83203918135324,173.34695979509632,82.86266065908106,60.88533792444301,38.433310921563255,62.42194411324523,25.89066146796054,20.60521179816584,13.815315453840942,20.83402058274952
2026-07-25 18:00:00,EP072026,21,2026-07-27 00:00:00,1 days 06:00:00,30,14.36,-111.11,973.0,85.7,20.164297057228183,227.12555715564392,184.55328563193507,121.30023554902016,176.3158675769593,95.69115591588016,74.07960004031649,49.16941377380508,73.64053863858356,34.62875752925952,28.691628122618468,20.292677030988827,28.72497404028065
2026-07-25 18:00:00,EP072026,21,2026-07-27 06:00:00,1 days 12:00:00,36,14.79,-111.85,962.4,100.8,13.44668884991348,219.38244891796305,185.7972326074621,112.6336201444252,177.20735873745673,75.37338281324008,57.76041584962689,36.36025890957836,57.73716654941124,35.58087651101623,29.093972525467635,20.30526962408621,29.604936295586395
2026-07-25 18:00:00,EP072026,21,2026-07-27 12:00:00,1 days 18:00:00,42,15.34,-112.41,959.8,101.0,27.255967871607893,206.323021356214,164.6493957811411,95.9624017779776,164.39596292572526,84.42805392777191,61.46822675760758,40.32145930152899,68.6999584111077,46.75575656337926,38.1994089614671,27.761394612037307,38.97976304201272
2026-07-25 18:00:00,EP072026,21,2026-07-27 18:00:00,2 days 00:00:00,48,15.78,-113.03,967.5,96.5,21.950801425179787,216.78418955081355,192.62678640769255,132.93560565137614,178.27148260580728,75.88078151893504,61.73107956244085,42.37623155076996,61.32356689117567,32.6116371896986,27.20071571662188,19.956929064124587,27.44599028035653
2026-07-25 18:00:00,EP072026,21,2026-07-28 00:00:00,2 days 06:00:00,54,16.36,-113.91,958.0,110.1,21.808255705041432,345.4779791533572,310.1604832778619,228.8644422726502,305.3614357356962,163.180434881942,150.37573867971776,122.02055321171042,137.08470629462812,76.32198452259502,76.45152380896917,63.34934259345357,69.69009999804507
2026-07-25 18:00:00,EP072026,21,2026-07-28 06:00:00,2 days 12:00:00,60,16.85,-114.68,969.5,84.2,47.55448458181662,273.5686002950696,237.43714458327645,161.1381967095241,213.4286891053354,77.77081192760718,64.40874179426288,41.49612059851341,60.97455348564949,47.55448458181662,10.866538367920104,7.194925339154078,11.663644888414536
2026-07-25 18:00:00,EP072026,21,2026-07-28 12:00:00,2 days 18:00:00,66,17.15,-115.05,967.9,90.4,50.49090466057743,258.2660702106588,195.81166638531244,123.9753650580276,206.78925377998604,134.6181178464976,108.33834126375224,80.42033922865018,114.17245172374358,66.5092241378563,56.36567403162592,44.06637985623834,56.46418409101213
2026-07-25 18:00:00,EP072026,21,2026-07-28 18:00:00,3 days 00:00:00,72,17.36,-115.66,969.2,87.7,48.39985418829758,219.5042230723956,179.2621985391473,108.66497541074637,158.15302956013238,108.68691797187417,93.16966238781066,71.07387234599608,93.32182987548074,58.623254044449375,50.88335776166261,40.8524203912949,49.35341173878555
2026-07-25 18:00:00,EP072026,21,2026-07-29 00:00:00,3 days 06:00:00,78,17.55,-116.39,959.5,98.4,15.13290715988633,240.1486013916806,214.17966051033,160.23072668849704,192.97271583778445,59.407973401510574,47.76819912977797,30.79637344965562,43.36435708847799,19.703714792092605,16.193797179915173,10.67633860308968,15.537316651509784
2026-07-25 18:00:00,EP072026,21,2026-07-29 06:00:00,3 days 12:00:00,84,17.49,-117.02,955.3,110.5,18.477501328588232,267.6276905784422,241.9345906275724,187.34337029806576,258.0552031569512,121.37999807369675,100.53947852543412,86.75924001273131,106.21782889652904,60.09276648213142,56.85623130483272,47.3832906919493,56.845847149394686
2026-07-25 18:00:00,EP072026,21,2026-07-29 12:00:00,3 days 18:00:00,90,18.37,-117.77,978.8,69.5,37.27342297241629,276.79177203110754,221.57035455561933,171.2047004766716,235.05170398761163,160.6359232275941,138.34158900293608,110.08408189973407,136.30432335567005,71.08451408602157,63.51459405364712,50.88523439763543,60.88614996950995
2026-07-25 18:00:00,EP072026,21,2026-07-29 18:00:00,4 days 00:00:00,96,18.74,-118.12,983.5,68.4,16.20849705866725,232.46754494062287,183.24461158075889,123.91961164025136,182.1904174392877,132.17645037074578,108.68583045735356,82.53942059415766,108.14263173984006,59.47789495407262,51.26282682317951,39.92330581349615,50.502023620711896
2026-07-25 18:00:00,EP072026,21,2026-07-30 00:00:00,4 days 06:00:00,102,19.29,-118.78,983.2,66.3,33.798581245528965,283.90185768010906,248.11091726555676,173.7935240295119,230.61489223965827,95.37487697029157,77.0381052451171,49.62871517542774,71.14733310344894,33.798581245528965,18.96300320955476,12.499755757865351,18.660009987392428
2026-07-25 18:00:00,EP072026,21,2026-07-30 06:00:00,4 days 12:00:00,108,19.73,-119.94,992.2,57.4,38.46937626593503,233.80398513173893,184.10501691431423,112.86526057458066,179.04045247323148,38.46937626593503,20.535224081271984,7.531480150194357,21.67061224811448,0.0,0.0,0.0,0.0
2026-07-25 18:00:00,EP072026,21,2026-07-30 12:00:00,4 days 18:00:00,114,20.48,-121.18,991.9,57.8,56.68097697491703,228.82214808701383,182.01862435148496,125.53434800304808,170.93308903174602,56.68097697491703,25.655457916012608,14.240784560741844,24.92044276102405,0.0,0.0,0.0,0.0
2026-07-25 18:00:00,EP072026,21,2026-07-30 18:00:00,5 days 00:00:00,120,21.05,-122.55,998.9,44.8,95.20033782454294,230.1218391908956,181.17456146650068,135.85903952039158,177.44085386098612,0.0,0.0,0.0,0.0,0.0,0.0,0.0,0.0
2026-07-25 18:00:00,EP072026,21,2026-07-31 00:00:00,5 days 06:00:00,126,21.56,-124.14,993.5,50.5,78.7007717619311,263.15579647498976,207.914766374078,161.21073633533024,200.564596732037,78.7007717619311,26.453058761061257,16.8074339313644,25.81081897205924,0.0,0.0,0.0,0.0
2026-07-25 18:00:00,EP072026,21,2026-07-31 06:00:00,5 days 12:00:00,132,21.84,-124.92,1000.3,42.2,89.06272101384552,129.84403997492282,108.85053385076776,76.94514833384021,101.7516699206684,0.0,0.0,0.0,0.0,0.0,0.0,0.0,0.0
2026-07-25 18:00:00,EP072026,21,2026-07-31 12:00:00,5 days 18:00:00,138,22.38,-126.39,1002.6,40.7,96.91315694535136,99.534802077869,65.8912199097888,42.29978361435455,75.47694497076618,0.0,0.0,0.0,0.0,0.0,0.0,0.0,0.0
2026-07-25 18:00:00,EP072026,21,2026-07-31 18:00:00,6 days 00:00:00,144,22.76,-127.65,1002.1,37.5,55.05971275647945,55.05971275647945,7.804549885619423,0.0,19.084830854642043,0.0,0.0,0.0,0.0,0.0,0.0,0.0,0.0
2026-07-25 18:00:00,EP072026,21,2026-08-01 00:00:00,6 days 06:00:00,150,23.12,-129.14,1006.9,32.0,120.02057638680807,0.0,0.0,0.0,0.0,0.0,0.0,0.0,0.0,0.0,0.0,0.0,0.0
2026-07-25 18:00:00,EP072026,21,2026-08-01 06:00:00,6 days 12:00:00,156,23.85,-130.24,1010.6,29.0,143.55494241903847,0.0,0.0,0.0,0.0,0.0,0.0,0.0,0.0,0.0,0.0,0.0,0.0
2026-07-25 18:00:00,EP072026,21,2026-08-01 12:00:00,6 days 18:00:00,162,24.38,-131.57,1004.3,28.9,105.43064776431795,0.0,0.0,0.0,0.0,0.0,0.0,0.0,0.0,0.0,0.0,0.0,0.0
2026-07-25 18:00:00,EP072026,21,2026-08-01 18:00:00,7 days 00:00:00,168,24.9,-132.71,1009.2,26.7,139.6331431028167,0.0,0.0,0.0,0.0,0.0,0.0,0.0,0.0,0.0,0.0,0.0,0.0
2026-07-25 18:00:00,EP072026,21,2026-08-02 00:00:00,7 days 06:00:00,174,25.57,-134.07,1003.2,31.9,93.1537038024314,0.0,0.0,0.0,0.0,0.0,0.0,0.0,0.0,0.0,0.0,0.0,0.0
2026-07-25 18:00:00,EP072026,21,2026-08-02 06:00:00,7 days 12:00:00,180,25.95,-134.89,1007.4,32.9,126.36926008757844,0.0,0.0,0.0,0.0,0.0,0.0,0.0,0.0,0.0,0.0,0.0,0.0
2026-07-25 18:00:00,EP072026,21,2026-08-02 12:00:00,7 days 18:00:00,186,26.51,-135.99,1007.8,24.0,170.42875323334135,0.0,0.0,0.0,0.0,0.0,0.0,0.0,0.0,0.0,0.0,0.0,0.0
2026-07-25 18:00:00,WP112026,21,2026-07-25 18:00:00,0 days 00:00:00,0,22.4,115.1,967.0,84.0,27.0,222.0,204.0,167.0,195.0,,,,,,,,
2026-07-25 18:00:00,WP112026,21,2026-07-26 00:00:00,0 days 06:00:00,6,22.97,114.68,966.7,82.2,13.310705502861822,197.2206802720332,172.76900321804828,136.0690775569659,138.90274526615417,48.53044373794529,37.97210773645918,25.67957176906154,33.28019610759796,13.935034849431148,11.496277034904423,7.9927527471273905,11.098337560196413
2026-07-25 18:00:00,WP112026,21,2026-07-26 06:00:00,0 days 12:00:00,12,23.88,113.77,988.5,50.4,41.76475246860113,201.81133375024692,171.4238668840939,147.81252828869845,179.89954400889417,66.92051096590627,50.69051058911809,36.06487084104161,53.34775986051284,0.0,0.0,0.0,0.0
2026-07-25 18:00:00,WP112026,21,2026-07-26 12:00:00,0 days 18:00:00,18,23.93,113.73,986.5,37.1,42.84685932913511,227.34218207979308,218.07397796175525,187.7559382477078,204.9956935279576,0.0,0.0,0.0,0.0,0.0,0.0,0.0,0.0
2026-07-25 18:00:00,WP112026,21,2026-07-26 18:00:00,1 days 00:00:00,24,24.69,113.63,995.3,27.5,73.22686144807318,0.0,0.0,0.0,0.0,0.0,0.0,0.0,0.0,0.0,0.0,0.0,0.0
2026-07-25 18:00:00,WP112026,21,2026-07-27 00:00:00,1 days 06:00:00,30,26.21,113.63,1004.8,20.2,91.23950099566255,0.0,0.0,0.0,0.0,0.0,0.0,0.0,0.0,0.0,0.0,0.0,0.0
2026-07-25 18:00:00,WP112026,21,2026-07-27 06:00:00,1 days 12:00:00,36,27.01,112.65,1003.0,13.0,78.97506934621845,0.0,0.0,0.0,0.0,0.0,0.0,0.0,0.0,0.0,0.0,0.0,0.0
2026-07-25 18:00:00,WP112026,21,2026-07-27 12:00:00,1 days 18:00:00,42,27.91,112.4,1006.5,15.3,113.85786135123408,0.0,0.0,0.0,0.0,0.0,0.0,0.0,0.0,0.0,0.0,0.0,0.0
2026-07-25 18:00:00,EP062026,22,2026-07-25 18:00:00,0 days 00:00:00,0,19.2,-137.0,971.0,86.0,56.0,297.0,241.0,185.0,297.0,130.0,74.0,74.0,111.0,65.0,46.0,37.0,65.0
2026-07-25 18:00:00,EP062026,22,2026-07-26 00:00:00,0 days 06:00:00,6,19.52,-137.69,969.6,84.1,73.68747891904303,212.59352803302352,176.66918760136957,129.3404583695327,189.9741304219596,73.68747891904303,17.940083971671008,5.7234246312952415,26.027430744166104,73.68747891904303,0.2793475876379663,0.0,4.221155861531077
2026-07-25 18:00:00,EP062026,22,2026-07-26 06:00:00,0 days 12:00:00,12,19.48,-139.21,978.6,79.9,72.07787613160102,214.03148614294747,170.6008885663317,123.94045404859833,188.683361231394,106.56272719363926,81.35650552643938,58.42664096747619,89.33085630895464,72.07787613160102,38.17031999254634,28.04165923162396,39.786711202878486
2026-07-25 18:00:00,EP062026,22,2026-07-26 12:00:00,0 days 18:00:00,18,19.95,-140.44,985.0,75.4,41.02842306624652,236.43486438316611,196.41815104243747,162.5947890429505,195.88707328142505,105.26278030026384,87.29164687040556,68.8280352238541,87.09916565345213,41.02842306624652,31.21810612453183,25.27988733373934,31.409167388204544
2026-07-25 18:00:00,EP062026,22,2026-07-26 18:00:00,1 days 00:00:00,24,19.88,-141.44,975.6,76.2,46.99190628867805,219.40077265799155,176.10402817644731,149.45932123619974,204.04436441854784,121.08230573097592,104.16782568973451,82.75751935484287,105.82729001261704,50.29233228834196,43.93472267705026,35.84140312063657,43.92180382102745
2026-07-25 18:00:00,EP062026,22,2026-07-27 00:00:00,1 days 06:00:00,30,20.48,-142.71,972.7,83.7,23.587937359105936,202.10026265554097,155.4152126590202,115.3184881441127,175.3756704089767,86.35355291190302,70.74964516093726,52.01285502648948,74.39784799819199,32.69943382034229,25.786214888449862,21.6551980199229,27.417800946785
2026-07-25 18:00:00,EP062026,22,2026-07-27 06:00:00,1 days 12:00:00,36,20.32,-143.65,984.6,72.1,16.646431268736105,266.3017499286806,203.64048697047835,160.9367141860838,251.24800409809728,151.83984106243932,129.43534943982198,103.8012267863226,133.37110944867766,51.15372568061705,44.64255130116884,35.6101239756919,44.47280675499277
2026-07-25 18:00:00,EP062026,22,2026-07-27 12:00:00,1 days 18:00:00,42,20.49,-145.13,987.5,68.4,16.088913149640376,176.63262189370374,138.24827000223308,92.37774302626283,132.07677223437187,54.27638546230909,40.65899131768023,23.8458276616321,39.243062069451895,16.088913149640376,0.0,0.0,0.7443473683308071
2026-07-25 18:00:00,EP062026,22,2026-07-27 18:00:00,2 days 00:00:00,48,20.62,-146.32,986.1,70.3,45.89583523324862,190.76144655572045,159.91932120119026,96.3910618340956,155.9614341559813,45.89583523324862,0.0,0.0,45.89583523324862,45.89583523324862,0.0,0.0,0.4016410027439661
2026-07-25 18:00:00,EP062026,22,2026-07-28 00:00:00,2 days 06:00:00,54,20.92,-147.85,989.8,64.4,32.96122822465048,260.9165240447716,212.4241559658373,141.12297577459643,211.67012825739857,63.99352819322306,51.52542412760022,34.36707353514706,49.407371780812326,32.96122822465048,0.0,0.0,0.3875138318265581
2026-07-25 18:00:00,EP062026,22,2026-07-28 06:00:00,2 days 12:00:00,60,21.09,-149.1,993.7,59.1,90.1037781446939,161.59113820006792,113.66244933348536,68.52582991029938,132.0546016545169,90.1037781446939,1.132750688480833,0.0,4.719816954887376,0.0,0.0,0.0,0.0
2026-07-25 18:00:00,EP062026,22,2026-07-28 12:00:00,2 days 18:00:00,66,21.58,-150.34,997.3,52.6,92.9506373587941,169.82773467407895,136.1899106285644,90.89608369852051,131.32317900152722,0.9125172912277648,0.0,0.0,92.9506373587941,0.0,0.0,0.0,0.0
2026-07-25 18:00:00,EP062026,22,2026-07-28 18:00:00,3 days 00:00:00,72,21.61,-151.67,1000.4,45.0,68.25893257146285,189.51339999123763,159.13169996157512,112.1596509558347,152.29902132947905,0.0,0.0,0.0,0.0,0.0,0.0,0.0,0.0
2026-07-25 18:00:00,EP062026,22,2026-07-29 00:00:00,3 days 06:00:00,78,21.94,-152.87,1001.5,39.7,62.03858351066821,183.37451034070315,160.21124119133754,123.76002822019396,149.436019448303,0.0,0.0,0.0,0.0,0.0,0.0,0.0,0.0
2026-07-25 18:00:00,EP062026,22,2026-07-29 06:00:00,3 days 12:00:00,84,22.43,-154.26,1001.7,39.9,107.46880324538084,109.43607624906376,89.94690813306319,58.54687560268089,85.05801341607949,0.0,0.0,0.0,0.0,0.0,0.0,0.0,0.0
2026-07-25 18:00:00,EP062026,22,2026-07-29 12:00:00,3 days 18:00:00,90,22.55,-155.12,1003.2,35.6,74.87051352329087,74.87051352329087,0.0,0.0,0.5238684206473359,0.0,0.0,0.0,0.0,0.0,0.0,0.0,0.0
2026-07-25 18:00:00,EP062026,22,2026-07-29 18:00:00,4 days 00:00:00,96,22.76,-155.91,1000.2,47.6,76.0568752930001,76.0568752930001,0.0,0.0,5.584080824928077,0.0,0.0,0.0,0.0,0.0,0.0,0.0,0.0
2026-07-25 18:00:00,EP062026,22,2026-07-30 00:00:00,4 days 06:00:00,102,23.05,-156.84,1004.6,38.7,91.09133114847008,91.09133114847008,0.8408585072636328,0.0,5.486214143295424,0.0,0.0,0.0,0.0,0.0,0.0,0.0,0.0
2026-07-25 18:00:00,EP062026,22,2026-07-30 06:00:00,4 days 12:00:00,108,23.02,-157.87,997.3,42.9,53.21889958325728,157.35401971825024,129.30017937409764,86.77283814000464,121.01031003731416,0.0,0.0,0.0,0.0,0.0,0.0,0.0,0.0
2026-07-25 18:00:00,EP062026,22,2026-07-30 12:00:00,4 days 18:00:00,114,23.74,-159.79,1001.8,33.2,62.14502400005912,0.0,0.0,0.0,0.0,0.0,0.0,0.0,0.0,0.0,0.0,0.0,0.0
2026-07-25 18:00:00,EP062026,22,2026-07-30 18:00:00,5 days 00:00:00,120,23.91,-161.22,999.5,34.0,57.40865891562319,1.0400932265238652,8.151892956242229,57.40865891562319,10.802175331219049,0.0,0.0,0.0,0.0,0.0,0.0,0.0,0.0
2026-07-25 18:00:00,EP072026,22,2026-07-25 18:00:00,0 days 00:00:00,0,11.2,-105.1,995.0,54.0,28.0,204.0,167.0,56.0,130.0,56.0,37.0,,,0.0,0.0,0.0,0.0
2026-07-25 18:00:00,EP072026,22,2026-07-26 00:00:00,0 days 06:00:00,6,12.11,-106.35,989.5,61.8,48.61999896722573,119.4838408449218,94.79353287361448,42.79247185459931,96.38993557186852,48.61999896722573,5.071906062801133,0.0,3.8869133839899175,0.0,0.0,0.0,0.0
2026-07-25 18:00:00,EP072026,22,2026-07-26 06:00:00,0 days 12:00:00,12,12.71,-107.14,986.0,66.2,46.52861350554085,171.67462557053454,124.85239984957994,75.72168374032694,145.78127304609797,82.42154123407055,67.27151224036845,46.12279759113373,68.07305773570764,46.52861350554085,15.810733304212707,11.614675618658374,16.333374020762868
2026-07-25 18:00:00,EP072026,22,2026-07-26 12:00:00,0 days 18:00:00,18,12.99,-108.33,976.4,89.7,79.1389823438648,135.70289544434752,106.81517729232256,74.62934065163809,119.97167876044251,79.1389823438648,26.85123224196986,23.163058130193928,79.1389823438648,7.035049829544761,2.598340399823261,4.344355541227994,79.1389823438648
2026-07-25 18:00:00,EP072026,22,2026-07-26 18:00:00,1 days 00:00:00,24,13.52,-109.14,985.7,76.6,57.5054803818859,238.37718097598545,192.93437110627232,126.26858257010544,192.1019347946673,113.56041637817152,93.6168248884105,66.14683373218199,91.48921755214604,57.5054803818859,28.577221089706416,20.517122639548525,28.18010244046792
2026-07-25 18:00:00,EP072026,22,2026-07-27 00:00:00,1 days 06:00:00,30,14.59,-110.04,976.4,83.0,40.503882958270125,196.8018835471948,155.76894071334056,93.4563512136858,158.78179852628787,78.92354389085247,60.78938610827668,39.2890126336336,60.18219165950632,40.503882958270125,17.772010085478755,12.389753475063332,18.59378145909937
2026-07-25 18:00:00,EP072026,22,2026-07-27 06:00:00,1 days 12:00:00,36,15.24,-110.91,959.4,106.3,40.04732580876576,310.97151281188883,274.969645605943,173.93561974528393,244.98151158499036,128.66444847116293,113.6162458195657,80.22279715322551,105.4790563647098,60.68273518946639,54.27362165529328,42.05346500206464,50.52294847317968
2026-07-25 18:00:00,EP072026,22,2026-07-27 12:00:00,1 days 18:00:00,42,16.03,-111.82,964.6,103.0,20.353457321775373,191.62824370926933,160.95563651311392,93.8943626287202,136.97331076852717,73.22041065238949,58.105969842282086,34.872873714636924,53.54359012973431,27.12087358818333,22.24357731335368,16.128877884306625,22.11408896027924
2026-07-25 18:00:00,EP072026,22,2026-07-27 18:00:00,2 days 00:00:00,48,16.69,-112.45,954.6,110.3,42.96708483937134,286.59508789764016,240.80440973122165,158.6725150474885,231.2393256545871,106.53397792044684,79.50935641843779,45.05486378141869,85.46257845123864,42.96708483937134,25.40885873530128,16.527676715857897,28.34461951401895
2026-07-25 18:00:00,EP072026,22,2026-07-28 00:00:00,2 days 06:00:00,54,17.21,-113.24,963.4,106.5,50.19694345318651,219.32471009554308,166.30293354217395,93.4045844384246,178.043977315659,91.15950398126776,68.06692804706546,47.763029307218815,73.6172897480462,50.19694345318651,28.77876895094124,21.98912779351644,30.040675106349923
2026-07-25 18:00:00,EP072026,22,2026-07-28 06:00:00,2 days 12:00:00,60,17.17,-113.69,950.2,106.9,34.2400611024424,263.7573527429782,226.45476283310165,186.4345615863909,215.98321605596988,123.00067417162651,106.99978737521236,82.54256334724873,103.91931230246988,58.92386595806306,51.89415627804962,40.98862248691167,49.79794179012509
2026-07-25 18:00:00,EP072026,22,2026-07-28 12:00:00,2 days 18:00:00,66,17.8,-114.22,951.7,102.0,33.27863502570965,273.1402438308934,210.814568723412,155.29478492453148,213.87705086436063,125.2280411686814,99.80552182660836,66.09682589995973,102.8245509378278,46.764478132838974,36.79872676504323,27.016346038203707,37.99909002421731
2026-07-25 18:00:00,EP072026,22,2026-07-28 18:00:00,3 days 00:00:00,72,18.01,-115.2,973.1,89.5,49.06271913800847,257.0068246891473,209.38379987013928,148.06984608306294,221.4658417217936,132.56577332109993,109.32801270839232,85.37211895106662,115.13386779338752,72.53968910632574,64.62136253410787,50.920684828065,64.030674173078
2026-07-25 18:00:00,EP072026,22,2026-07-29 00:00:00,3 days 06:00:00,78,18.57,-115.67,968.6,88.4,37.36233343811124,249.11500283322945,197.4036262466288,170.2817148645167,209.1613480080176,92.32677718027506,74.24442745823163,56.33387235045526,76.0452664701035,37.36233343811124,27.616348553751216,21.693958999112684,28.2386106219429
2026-07-25 18:00:00,EP072026,22,2026-07-29 06:00:00,3 days 12:00:00,84,18.52,-116.12,961.8,93.4,31.8941359565465,175.83767770173264,160.64416146719492,149.86146031584477,169.13222569563067,31.8941359565465,11.174049894643224,6.93153362508771,19.426705880784223,31.8941359565465,0.0,0.0,2.155060185667651
2026-07-25 18:00:00,EP072026,22,2026-07-29 12:00:00,3 days 18:00:00,90,18.72,-117.15,957.6,98.4,46.59259664371889,269.2361103401298,214.67779628370928,182.37963707664784,230.5057133133353,129.03672828350057,108.49883522603056,87.0503261885982,113.71355095070685,66.52078587882647,58.36588470790994,47.7545245303456,57.795552197303095
2026-07-25 18:00:00,EP072026,22,2026-07-29 18:00:00,4 days 00:00:00,96,18.97,-117.63,971.9,82.1,51.17342624580124,247.3357903893866,183.38993247830692,146.76470721541955,211.45656026069264,144.73966259933331,120.9328546806246,88.49846921365133,123.56777193659856,54.44399719895773,46.59011312119037,36.01252603753437,46.785293392735184
2026-07-25 18:00:00,EP072026,22,2026-07-30 00:00:00,4 days 06:00:00,102,19.38,-118.4,973.7,77.9,67.65932030169097,238.6777531189291,177.34464608390408,131.26711742697444,187.89733012959184,137.60872955303785,116.24471373999404,82.79105085531774,111.8481328135822,67.65932030169097,40.78655870836701,31.074071915182685,39.82556994606057
2026-07-25 18:00:00,EP072026,22,2026-07-30 06:00:00,4 days 12:00:00,108,19.86,-119.21,983.3,69.7,40.59671984327355,223.85104210951025,166.28450356867916,120.03416616757022,193.03430275836627,117.10113148242932,98.1518882833858,73.55371399979038,99.41320740601589,40.59671984327355,28.13933487801728,21.24559020806249,27.832289753596
2026-07-25 18:00:00,EP072026,22,2026-07-30 12:00:00,4 days 18:00:00,114,20.31,-120.72,987.5,58.7,37.10071426473501,252.31668474073643,199.4560313184503,135.30263024929707,194.8812031948413,99.13689249164236,86.27047998774415,59.46926269966927,77.55313481325734,0.0,0.0,0.0,0.0
2026-07-25 18:00:00,EP072026,22,2026-07-30 18:00:00,5 days 00:00:00,120,20.67,-122.02,996.6,51.8,48.33509834880792,167.56027322260672,129.1817675092807,86.79691458384004,133.0482284227957,69.02671551700749,55.524008715051735,35.6031147328484,53.531138091444845,0.0,0.0,0.0,0.0
2026-07-25 18:00:00,EP072026,22,2026-07-31 00:00:00,5 days 06:00:00,126,20.89,-123.25,990.6,60.9,42.70827128105644,185.35744580924356,147.00971409161826,130.01326216246002,158.24842274939795,72.56942879128732,59.20151160285573,41.19699388075704,57.03122421303841,0.0,0.0,0.0,0.0
2026-07-25 18:00:00,EP072026,22,2026-07-31 06:00:00,5 days 12:00:00,132,21.35,-124.59,1000.7,43.8,98.12907144341338,174.59109634424527,152.06693667777984,121.80242876278416,150.2039616267024,0.0,0.0,0.0,0.0,0.0,0.0,0.0,0.0
2026-07-25 18:00:00,EP072026,22,2026-07-31 12:00:00,5 days 18:00:00,138,21.72,-125.96,1001.9,40.3,134.41360948507466,161.265840211112,145.60496985763382,109.05902141680237,127.58146799578712,0.0,0.0,0.0,0.0,0.0,0.0,0.0,0.0
2026-07-25 18:00:00,EP072026,22,2026-07-31 18:00:00,6 days 00:00:00,144,22.03,-127.37,996.3,46.6,93.58486183048797,93.58486183048797,39.25150374208194,17.454062742546476,43.91040312359649,0.0,0.0,0.0,0.0,0.0,0.0,0.0,0.0
2026-07-25 18:00:00,EP072026,22,2026-08-01 00:00:00,6 days 06:00:00,150,22.25,-128.74,990.6,43.7,93.70175886080938,137.86893224414845,128.1536241858473,113.74740609911107,125.22928182149552,0.0,0.0,0.0,0.0,0.0,0.0,0.0,0.0
2026-07-25 18:00:00,EP072026,22,2026-08-01 06:00:00,6 days 12:00:00,156,22.17,-130.21,1008.5,29.2,142.51152448880092,0.0,0.0,0.0,0.0,0.0,0.0,0.0,0.0,0.0,0.0,0.0,0.0
2026-07-25 18:00:00,EP072026,22,2026-08-01 12:00:00,6 days 18:00:00,162,22.39,-132.01,1004.1,35.7,70.17959517565885,70.17959517565885,0.0,0.0,1.674038631152447,0.0,0.0,0.0,0.0,0.0,0.0,0.0,0.0
2026-07-25 18:00:00,EP072026,22,2026-08-01 18:00:00,7 days 00:00:00,168,23.07,-133.57,1006.0,31.7,50.23223133380827,0.0,0.0,0.0,0.0,0.0,0.0,0.0,0.0,0.0,0.0,0.0,0.0
2026-07-25 18:00:00,EP072026,22,2026-08-02 00:00:00,7 days 06:00:00,174,23.22,-134.74,1007.1,31.1,55.55337960514044,0.0,0.0,0.0,0.0,0.0,0.0,0.0,0.0,0.0,0.0,0.0,0.0
2026-07-25 18:00:00,EP072026,22,2026-08-02 06:00:00,7 days 12:00:00,180,23.13,-135.91,997.8,29.4,65.57761891832837,0.0,0.0,0.0,0.0,0.0,0.0,0.0,0.0,0.0,0.0,0.0,0.0
2026-07-25 18:00:00,EP072026,22,2026-08-02 12:00:00,7 days 18:00:00,186,23.29,-137.57,1002.3,30.1,121.97279058091247,0.0,0.0,0.0,0.0,0.0,0.0,0.0,0.0,0.0,0.0,0.0,0.0
2026-07-25 18:00:00,EP072026,22,2026-08-02 18:00:00,8 days 00:00:00,192,23.42,-138.01,998.8,27.6,84.01945640188313,0.0,0.0,0.0,0.0,0.0,0.0,0.0,0.0,0.0,0.0,0.0,0.0
2026-07-25 18:00:00,EP072026,22,2026-08-03 00:00:00,8 days 06:00:00,198,23.59,-138.69,980.1,50.7,137.99127177403707,30.31936809662791,12.137534685368705,8.199263054450018,137.99127177403707,5.886553336799148,0.0,1.1049572149962228,137.99127177403707,0.0,0.0,0.0,0.0
2026-07-25 18:00:00,WP112026,22,2026-07-25 18:00:00,0 days 00:00:00,0,22.4,115.1,967.0,84.0,27.0,222.0,204.0,167.0,195.0,,,,,,,,
2026-07-25 18:00:00,WP112026,22,2026-07-26 00:00:00,0 days 06:00:00,6,23.35,114.43,963.3,83.5,44.1637940345925,226.36486180548985,197.4658538937529,175.20567750627112,211.25345475365063,96.28216709841894,86.50965588692515,74.74279777616653,85.22340225118728,44.1637940345925,36.77962770587924,31.09196576966416,35.08642390707624
2026-07-25 18:00:00,WP112026,22,2026-07-26 06:00:00,0 days 12:00:00,12,23.86,113.97,980.6,65.2,26.25823992918361,147.94191597138712,113.93357150469008,95.10424304291126,117.74561963044756,50.77207549751566,41.16298211477212,26.504586938559385,41.04440197678865,26.25823992918361,2.763360274131119,1.1982277963948302,4.361063156138539
2026-07-25 18:00:00,WP112026,22,2026-07-26 12:00:00,0 days 18:00:00,18,24.19,113.57,994.4,43.5,31.012052895175746,76.03318518383401,71.87724170492078,64.13049207057409,75.13401803290509,0.0,0.0,0.0,0.0,0.0,0.0,0.0,0.0
2026-07-25 18:00:00,WP112026,22,2026-07-26 18:00:00,1 days 00:00:00,24,25.06,113.01,998.0,28.1,22.73528959684265,0.0,0.0,0.0,0.0,0.0,0.0,0.0,0.0,0.0,0.0,0.0,0.0
2026-07-25 18:00:00,WP112026,22,2026-07-27 00:00:00,1 days 06:00:00,30,26.22,113.03,1003.1,17.0,50.94988011503894,0.0,0.0,0.0,0.0,0.0,0.0,0.0,0.0,0.0,0.0,0.0,0.0
2026-07-25 18:00:00,WP112026,22,2026-07-27 06:00:00,1 days 12:00:00,36,26.88,112.7,1003.3,15.6,71.01257868014109,0.0,0.0,0.0,0.0,0.0,0.0,0.0,0.0,0.0,0.0,0.0,0.0
2026-07-25 18:00:00,WP112026,22,2026-07-27 12:00:00,1 days 18:00:00,42,27.47,111.72,1003.4,21.2,63.47117354960631,0.0,0.0,0.0,0.0,0.0,0.0,0.0,0.0,0.0,0.0,0.0,0.0
2026-07-25 18:00:00,EP062026,23,2026-07-25 18:00:00,0 days 00:00:00,0,19.2,-137.0,971.0,86.0,56.0,297.0,241.0,185.0,297.0,130.0,74.0,74.0,111.0,65.0,46.0,37.0,65.0
2026-07-25 18:00:00,EP062026,23,2026-07-26 00:00:00,0 days 06:00:00,6,19.4,-137.92,975.8,80.6,33.78617549862406,208.5627116547406,185.92948398489145,136.8490456403218,187.90038561209556,83.85755953854266,61.59717390177999,40.70206458027183,70.65297836639976,33.78617549862406,23.00864134899937,17.720522604018246,25.48458147619017
2026-07-25 18:00:00,EP062026,23,2026-07-26 06:00:00,0 days 12:00:00,12,19.72,-139.15,979.2,81.1,38.38423629303699,239.81393620675635,191.01811238717085,148.64271732558473,227.3099060149898,97.76619492007671,74.79371024301264,54.825650250148016,78.87701540712641,38.38423629303699,14.352679509576047,10.386751063972198,16.177307844401376
2026-07-25 18:00:00,EP062026,23,2026-07-26 12:00:00,0 days 18:00:00,18,19.73,-140.37,981.4,77.9,47.97007151736606,239.90679628678916,186.9743495893612,145.8138735756676,204.83821770232964,127.703357042616,104.07290849476692,82.7694941158633,108.58982437080508,57.51101119444862,48.818612220833096,40.25912464471934,48.540693347121405
2026-07-25 18:00:00,EP062026,23,2026-07-26 18:00:00,1 days 00:00:00,24,20.05,-141.48,977.5,78.2,36.10419081961824,208.56012830056693,159.3925478193063,110.08319609633918,177.93045756140793,84.06158890797641,62.62623351301252,43.77428913922543,67.48115086578372,36.10419081961824,28.0366881568482,22.823448914592205,29.43565464335873
2026-07-25 18:00:00,EP062026,23,2026-07-27 00:00:00,1 days 06:00:00,30,20.24,-142.49,974.2,82.7,35.44801135984413,241.70211296241973,199.76494618058047,136.29081893411615,213.40763625410176,113.8466721788598,87.99440535837587,65.33042317194983,96.64706430069906,46.60927589070468,38.47177214925408,30.18620858257527,38.848674396903455
2026-07-25 18:00:00,EP062026,23,2026-07-27 06:00:00,1 days 12:00:00,36,20.2,-143.55,987.3,71.3,26.84011486930036,290.0257957689192,224.2698483556438,155.08330759247755,251.6222072250009,80.76044997531412,54.899307465123485,35.183626407673955,59.52221447506635,26.84011486930036,0.0,0.0,0.2027380060932803
2026-07-25 18:00:00,EP062026,23,2026-07-27 12:00:00,1 days 18:00:00,42,20.58,-145.25,994.2,60.1,49.5022563002233,201.0246271823014,153.70268976031545,109.30971848586456,167.14750178710796,49.5022563002233,13.50902971864096,8.485254389612122,17.775599731266226,0.0,0.0,0.0,0.0
2026-07-25 18:00:00,EP062026,23,2026-07-27 18:00:00,2 days 00:00:00,48,20.9,-146.56,996.9,52.1,91.59913721083822,282.4736349193117,229.00866231305463,161.22807781988192,230.6345051472266,91.59913721083822,5.124088185838472,0.8106579911498009,11.6688666127209,0.0,0.0,0.0,0.0
2026-07-25 18:00:00,EP062026,23,2026-07-28 00:00:00,2 days 06:00:00,54,21.13,-147.94,998.9,52.7,83.32492984514533,166.83739796527863,126.77639259341888,86.51920572236271,130.74772603339648,83.32492984514533,6.235038441583937,0.5872735935296136,8.718572523861685,0.0,0.0,0.0,0.0
2026-07-25 18:00:00,EP062026,23,2026-07-28 06:00:00,2 days 12:00:00,60,21.41,-149.31,999.5,48.7,40.28646967907318,127.16513362564848,93.2157377259182,50.213877928210565,97.07034775309783,0.0,0.0,0.0,0.0,0.0,0.0,0.0,0.0
2026-07-25 18:00:00,EP062026,23,2026-07-28 12:00:00,2 days 18:00:00,66,21.5,-151.24,1005.0,39.8,100.35181237240116,195.83718386525072,151.53044472243346,101.07829269799974,155.786561747958,0.0,0.0,0.0,0.0,0.0,0.0,0.0,0.0
2026-07-25 18:00:00,EP062026,23,2026-07-28 18:00:00,3 days 00:00:00,72,22.12,-152.18,1004.2,35.9,64.15799196787675,64.15799196787675,0.0,0.0,0.9521271256548792,0.0,0.0,0.0,0.0,0.0,0.0,0.0,0.0
2026-07-25 18:00:00,EP062026,23,2026-07-29 00:00:00,3 days 06:00:00,78,22.11,-153.34,1006.6,33.5,113.22366077268316,0.0,0.0,0.0,0.0,0.0,0.0,0.0,0.0,0.0,0.0,0.0,0.0
2026-07-25 18:00:00,EP062026,23,2026-07-29 06:00:00,3 days 12:00:00,84,22.48,-154.82,1006.2,31.4,124.12456513787107,0.0,0.0,0.0,0.0,0.0,0.0,0.0,0.0,0.0,0.0,0.0,0.0
2026-07-25 18:00:00,EP062026,23,2026-07-29 12:00:00,3 days 18:00:00,90,22.72,-156.26,1007.5,33.9,79.98941387981318,0.0,0.0,0.0,0.0,0.0,0.0,0.0,0.0,0.0,0.0,0.0,0.0
2026-07-25 18:00:00,EP062026,23,2026-07-29 18:00:00,4 days 00:00:00,96,22.8,-157.1,1010.6,33.4,46.14969184541404,0.0,0.0,0.0,0.0,0.0,0.0,0.0,0.0,0.0,0.0,0.0,0.0
2026-07-25 18:00:00,EP062026,23,2026-07-30 00:00:00,4 days 06:00:00,102,23.14,-158.81,1007.5,28.6,64.21601677757275,0.0,0.0,0.0,0.0,0.0,0.0,0.0,0.0,0.0,0.0,0.0,0.0
2026-07-25 18:00:00,EP072026,23,2026-07-25 18:00:00,0 days 00:00:00,0,11.2,-105.1,995.0,54.0,28.0,204.0,167.0,56.0,130.0,56.0,37.0,,,0.0,0.0,0.0,0.0
2026-07-25 18:00:00,EP072026,23,2026-07-26 00:00:00,0 days 06:00:00,6,11.99,-106.37,992.6,61.5,42.61869502077505,164.09284896042664,144.8770544339974,75.10207265277165,121.4446243943858,42.61869502077505,11.39087616294074,2.4558122536437565,12.695810792236175,0.0,0.0,0.0,0.0
2026-07-25 18:00:00,EP072026,23,2026-07-26 06:00:00,0 days 12:00:00,12,12.86,-107.66,993.4,71.6,51.92370827330589,221.2184829440579,182.7648591629953,115.60431525104892,174.74028418475552,51.92370827330589,32.3887429487882,17.20978956818533,30.133317025060656,51.92370827330589,0.0,0.0,0.3858508671803442
2026-07-25 18:00:00,EP072026,23,2026-07-26 12:00:00,0 days 18:00:00,18,13.42,-108.66,979.5,82.6,38.58841399087023,201.9387052982936,158.0539061971846,97.55503282460194,154.10891429139798,97.95003815661929,71.63153538494916,45.03404828648159,77.1008447372746,38.58841399087023,23.179642599976503,16.657685093569725,26.171457983562696
2026-07-25 18:00:00,EP072026,23,2026-07-26 18:00:00,1 days 00:00:00,24,14.14,-109.73,984.0,84.6,26.18924475073345,194.8754352939933,178.5858038934728,133.87249083008928,172.02293790679053,80.81679130201569,61.9882976889176,42.856077546982846,69.65877412770921,31.933254002284517,26.68929335256246,20.72745265376981,27.961970075311537
2026-07-25 18:00:00,EP072026,23,2026-07-27 00:00:00,1 days 06:00:00,30,14.49,-110.37,937.7,139.3,15.162213753157175,180.5299649352632,117.70360819638412,127.49916078772368,171.17985505578176,105.88087475955618,90.0419266527729,78.13661303896197,95.34596194373964,85.24911383856177,75.79821983041185,63.74519026847331,75.9773733640322
2026-07-25 18:00:00,EP072026,23,2026-07-27 06:00:00,1 days 12:00:00,36,15.26,-111.73,989.5,64.9,55.98192023159125,243.3139386245736,206.3652966787509,141.92968266167097,174.1552579894936,55.98192023159125,55.98192023159125,0.0,1.385669422715902,0.0,55.98192023159125,0.0,0.0
2026-07-25 18:00:00,EP072026,23,2026-07-27 12:00:00,1 days 18:00:00,42,15.93,-112.44,983.9,71.8,41.21750546060438,218.10078879363203,192.3058626049857,116.5257284312358,162.08213050560693,41.21750546060438,9.375393446573131,2.179456390793592,10.274870537198144,41.21750546060438,0.0,0.0,0.1814070880916047
2026-07-25 18:00:00,EP072026,23,2026-07-27 18:00:00,2 days 00:00:00,48,16.57,-113.44,986.9,75.5,41.5715701710532,304.1123412899831,238.5278257040124,157.80713389816117,244.1843316573317,57.76803421483931,38.09861710485499,22.2864839708774,37.42203979415793,41.5715701710532,0.0,0.0,1.512877209397542
2026-07-25 18:00:00,EP072026,23,2026-07-28 00:00:00,2 days 06:00:00,54,17.06,-114.12,980.2,78.5,40.134036894711016,185.0205603752269,155.27700102424984,116.67509292987896,157.5027321348948,92.4937120462524,70.0554034014536,50.27509291803293,78.0531634012235,40.134036894711016,26.061747073680788,19.059093044316107,27.207456079301632
2026-07-25 18:00:00,EP072026,23,2026-07-28 06:00:00,2 days 12:00:00,60,17.35,-114.8,972.4,82.7,36.50968259560614,244.4740845967317,218.69627745296748,152.84046452320763,186.93133699792088,53.40315938927597,42.21393741264728,27.075580754439216,36.035039865741055,36.50968259560614,0.0,0.0,0.2807231097390286
2026-07-25 18:00:00,EP072026,23,2026-07-28 12:00:00,2 days 18:00:00,66,17.66,-114.91,979.4,71.6,30.4840768066324,248.36784788044133,202.9584464577329,126.78531154878556,201.71843758214527,122.894842024406,102.4153159029056,71.6963659338769,95.38665854359942,30.4840768066324,23.05213887157845,16.30915542481938,22.85258632728312
2026-07-25 18:00:00,EP072026,23,2026-07-28 18:00:00,3 days 00:00:00,72,17.87,-115.45,975.4,81.3,39.1779692436437,216.36996807050585,175.98072973626677,119.54848586129538,180.9157197089044,99.39348829953542,79.174250792159,57.81151731806017,82.09190387763965,39.1779692436437,28.68441522318972,21.567099567517857,28.915469838347235
2026-07-25 18:00:00,EP072026,23,2026-07-29 00:00:00,3 days 06:00:00,78,18.09,-116.04,978.0,78.0,66.17186488420202,211.4292931865075,182.12123024916943,142.92693877198872,175.6254877204883,69.78596838927388,54.40123442489221,38.595003098556845,56.28855612084772,66.17186488420202,12.633448020921264,10.076028851660794,14.57831108121411
2026-07-25 18:00:00,EP072026,23,2026-07-29 06:00:00,3 days 12:00:00,84,18.51,-116.28,974.8,82.2,37.61470607255176,211.25314761265923,197.9571919764884,137.18009748523878,173.1640769366695,77.61558277730902,62.95977587448105,43.46295643985259,62.150521405654615,37.61470607255176,29.069811819769225,22.73579842547333,28.281598458000243
2026-07-25 18:00:00,EP072026,23,2026-07-29 12:00:00,3 days 18:00:00,90,18.65,-116.94,977.3,81.6,20.66304100515732,232.41694873194749,199.22172830678824,148.19679283617216,208.3092146742632,109.25949591983598,90.13369579234678,69.35643486677984,89.73904603135526,38.23256791111019,34.00322862284288,26.81344606482547,32.523833650519315
2026-07-25 18:00:00,EP072026,23,2026-07-29 18:00:00,4 days 00:00:00,96,19.03,-117.84,977.8,76.2,14.768160349296808,226.89555210737103,194.85808137303945,134.97803694037145,186.3702437788272,64.2966922067568,47.38675976991596,26.49550826458024,43.49893784173179,14.768160349296808,2.0754298520043517,0.0,1.984294391029376
2026-07-25 18:00:00,EP072026,23,2026-07-30 00:00:00,4 days 06:00:00,102,19.21,-118.45,983.3,68.1,32.40144943224987,208.4358464410111,166.52896489417807,113.13934901731768,177.37332065346789,96.86542166734051,69.52610182954328,49.50515329776107,76.57693351304441,32.40144943224987,13.64570299072565,9.776434470607567,15.101466331729938
2026-07-25 18:00:00,EP072026,23,2026-07-30 06:00:00,4 days 12:00:00,108,19.89,-119.38,995.0,56.1,72.71394878879725,191.12856732256105,160.85092173354423,121.087729458697,163.8455657686799,72.71394878879725,0.0,0.0,3.360931171794838,0.0,0.0,0.0,0.0
2026-07-25 18:00:00,EP072026,23,2026-07-30 12:00:00,4 days 18:00:00,114,20.3,-120.88,991.0,57.9,59.72238450387548,304.91078284696573,268.2725018955591,192.7017504160292,265.5240645811118,158.6181845184368,129.706439740068,94.49860445156604,119.90786913676708,0.0,0.0,0.0,0.0
2026-07-25 18:00:00,EP072026,23,2026-07-30 18:00:00,5 days 00:00:00,120,20.94,-121.83,993.7,50.8,79.16835881735376,228.01713253925155,206.0897508164514,175.40496884774245,197.77841602444855,79.16835881735376,7.364801087842535,2.793440641670621,9.063530899031935,0.0,0.0,0.0,0.0
2026-07-25 18:00:00,EP072026,23,2026-07-31 00:00:00,5 days 06:00:00,126,21.37,-123.28,994.7,54.6,38.992674014737055,157.66371929779442,124.2415095580555,99.3365156529255,134.15544585879135,38.992674014737055,19.08962119317442,9.7447725037799,21.86256568147031,0.0,0.0,0.0,0.0
2026-07-25 18:00:00,EP072026,23,2026-07-31 06:00:00,5 days 12:00:00,132,21.66,-124.61,997.7,50.2,48.78507016797918,123.38034013864876,108.79970076023908,89.53818950152322,114.61812492041548,48.78507016797918,14.694599330399692,10.022857333443817,15.409126247745109,0.0,0.0,0.0,0.0
2026-07-25 18:00:00,EP072026,23,2026-07-31 12:00:00,5 days 18:00:00,138,22.0,-125.95,1003.1,38.4,101.21359006935954,144.7771658798735,115.75282849444623,93.5070787020308,128.7223167324151,0.0,0.0,0.0,0.0,0.0,0.0,0.0,0.0
2026-07-25 18:00:00,EP072026,23,2026-07-31 18:00:00,6 days 00:00:00,144,22.42,-127.17,1004.6,32.3,64.26546321749476,0.0,0.0,0.0,0.0,0.0,0.0,0.0,0.0,0.0,0.0,0.0,0.0
2026-07-25 18:00:00,EP072026,23,2026-08-01 00:00:00,6 days 06:00:00,150,22.64,-128.37,1007.0,32.5,93.6105573110141,0.0,0.0,0.0,0.0,0.0,0.0,0.0,0.0,0.0,0.0,0.0,0.0
2026-07-25 18:00:00,EP072026,23,2026-08-01 06:00:00,6 days 12:00:00,156,23.13,-129.24,1004.9,37.5,107.78723127050608,296.68665028428586,244.5346079554397,188.23879752425523,249.73100491039304,0.0,0.0,0.0,0.0,0.0,0.0,0.0,0.0
2026-07-25 18:00:00,EP072026,23,2026-08-01 12:00:00,6 days 18:00:00,162,23.85,-130.42,1008.0,30.0,97.39300887325165,0.0,0.0,0.0,0.0,0.0,0.0,0.0,0.0,0.0,0.0,0.0,0.0
2026-07-25 18:00:00,EP072026,23,2026-08-01 18:00:00,7 days 00:00:00,168,24.51,-131.81,1006.2,27.1,158.0470414397097,0.0,0.0,0.0,0.0,0.0,0.0,0.0,0.0,0.0,0.0,0.0,0.0
2026-07-25 18:00:00,EP072026,23,2026-08-02 00:00:00,7 days 06:00:00,174,25.15,-132.71,1004.5,26.7,59.06282189372119,0.0,0.0,0.0,0.0,0.0,0.0,0.0,0.0,0.0,0.0,0.0,0.0
2026-07-25 18:00:00,EP072026,23,2026-08-02 06:00:00,7 days 12:00:00,180,25.79,-133.84,1003.4,32.9,113.56274457895265,0.0,0.0,0.0,0.0,0.0,0.0,0.0,0.0,0.0,0.0,0.0,0.0
2026-07-25 18:00:00,EP072026,23,2026-08-02 12:00:00,7 days 18:00:00,186,26.53,-134.94,1006.2,29.5,114.99166239973648,0.0,0.0,0.0,0.0,0.0,0.0,0.0,0.0,0.0,0.0,0.0,0.0
2026-07-25 18:00:00,WP112026,23,2026-07-25 18:00:00,0 days 00:00:00,0,22.4,115.1,967.0,84.0,27.0,222.0,204.0,167.0,195.0,,,,,,,,
2026-07-25 18:00:00,WP112026,23,2026-07-26 00:00:00,0 days 06:00:00,6,23.08,114.31,977.4,65.0,0.7711691454915695,152.76776272331267,150.12716406077084,109.754447307305,126.81047745044408,22.063748404967,17.63039005791714,8.1059549370027,17.556682357104563,0.7711691454915695,0.0,0.0,0.0
2026-07-25 18:00:00,WP112026,23,2026-07-26 06:00:00,0 days 12:00:00,12,23.82,113.9,987.4,50.0,39.0427246331692,39.0427246331692,26.885332786429636,10.00010767378092,22.160458481854345,0.0,0.0,0.0,0.0,0.0,0.0,0.0,0.0
2026-07-25 18:00:00,WP112026,23,2026-07-26 12:00:00,0 days 18:00:00,18,24.39,113.56,991.3,38.0,58.95402569208737,58.95402569208737,41.53816209102612,25.66639260999997,37.09987414308617,0.0,0.0,0.0,0.0,0.0,0.0,0.0,0.0
2026-07-25 18:00:00,WP112026,23,2026-07-26 18:00:00,1 days 00:00:00,24,25.07,113.19,994.6,33.3,74.95490579917897,0.0,0.0,0.0,0.0,0.0,0.0,0.0,0.0,0.0,0.0,0.0,0.0
2026-07-25 18:00:00,WP112026,23,2026-07-27 00:00:00,1 days 06:00:00,30,25.77,113.05,1000.3,26.1,30.347504478898216,0.0,0.0,0.0,0.0,0.0,0.0,0.0,0.0,0.0,0.0,0.0,0.0
2026-07-25 18:00:00,WP112026,23,2026-07-27 06:00:00,1 days 12:00:00,36,26.79,112.8,998.9,23.2,44.739767415191714,0.0,0.0,0.0,0.0,0.0,0.0,0.0,0.0,0.0,0.0,0.0,0.0
2026-07-25 18:00:00,WP112026,23,2026-07-27 12:00:00,1 days 18:00:00,42,27.12,112.94,999.0,20.5,74.31692998493374,0.0,0.0,0.0,0.0,0.0,0.0,0.0,0.0,0.0,0.0,0.0,0.0
2026-07-25 18:00:00,WP112026,23,2026-07-27 18:00:00,2 days 00:00:00,48,28.01,112.63,1004.4,15.3,57.728468165768405,0.0,0.0,0.0,0.0,0.0,0.0,0.0,0.0,0.0,0.0,0.0,0.0
2026-07-25 18:00:00,WP112026,23,2026-07-28 00:00:00,2 days 06:00:00,54,29.11,111.98,1004.5,18.0,115.37523048699572,0.0,0.0,0.0,0.0,0.0,0.0,0.0,0.0,0.0,0.0,0.0,0.0
2026-07-25 18:00:00,EP062026,24,2026-07-25 18:00:00,0 days 00:00:00,0,19.2,-137.0,971.0,86.0,56.0,297.0,241.0,185.0,297.0,130.0,74.0,74.0,111.0,65.0,46.0,37.0,65.0
2026-07-25 18:00:00,EP062026,24,2026-07-26 00:00:00,0 days 06:00:00,6,19.43,-138.01,983.0,73.3,57.72201182227701,261.4945909536085,209.798016993316,169.9915528351417,230.00636910087684,98.8942810703794,82.83511252761028,62.03426017182288,83.11077744827496,57.72201182227701,39.1650080549089,29.71817039637504,39.80674420650881
2026-07-25 18:00:00,EP062026,24,2026-07-26 06:00:00,0 days 12:00:00,12,19.72,-139.33,981.1,70.0,38.82751856584977,186.444759622252,154.56846191215777,115.0225996434624,158.09867734220813,74.02809811236189,61.825454653350135,43.90004340125572,60.05805131070829,38.82751856584977,27.582381986326773,20.25628204998634,27.07380564804772
2026-07-25 18:00:00,EP062026,24,2026-07-26 12:00:00,0 days 18:00:00,18,19.71,-140.47,983.3,72.5,22.770408569708597,212.54032871403703,176.99304295729758,140.3762136567616,190.7932865467089,111.70642546701843,98.98188344214702,76.7671067302536,96.78264361073671,54.829701595216335,47.40066975413495,37.81347212361314,46.68642966726088
2026-07-25 18:00:00,EP062026,24,2026-07-26 18:00:00,1 days 00:00:00,24,19.79,-142.0,984.8,68.6,57.76435720275627,171.26932105912124,130.65683361232834,95.9467267003344,149.89663551290556,76.96543409031975,64.56899171038819,43.10921426776456,63.69710605211613,57.76435720275627,26.318570775135527,17.95135558233715,26.142279774785763
2026-07-25 18:00:00,EP062026,24,2026-07-27 00:00:00,1 days 06:00:00,30,19.91,-142.85,978.0,81.8,24.596589828197622,219.06174166429756,162.34424847769594,117.10664255900616,179.5081957005665,77.36222325510073,59.82977577368598,39.86080664638075,62.61455249643063,34.10088966933468,26.292310114515782,18.504618697444144,28.03493945008372
2026-07-25 18:00:00,EP062026,24,2026-07-27 06:00:00,1 days 12:00:00,36,20.21,-144.32,976.7,84.7,86.48394750865941,210.64168220054532,139.7013610799274,109.23293293618092,182.56686131080264,101.4109754939898,82.27702679136047,61.89625270116228,89.69234825252177,86.48394750865941,40.71837982765787,31.20130641763106,42.57369746418087
2026-07-25 18:00:00,EP062026,24,2026-07-27 12:00:00,1 days 18:00:00,42,20.33,-145.34,970.8,84.8,47.051773350514594,217.8087993771146,157.78224521249592,131.05339329767125,201.61921158530603,110.8975138189197,92.3909374896388,74.5995436722894,99.4530339189697,59.295794773244594,49.940281757757774,40.91881595386883,51.95394323751411
2026-07-25 18:00:00,EP062026,24,2026-07-27 18:00:00,2 days 00:00:00,48,20.54,-146.9,973.7,84.2,27.537337485313486,179.33033428438478,138.66723101624882,91.94904352063128,152.25890495525175,79.50231844480493,60.72921433804788,39.311892388044726,64.58755307329488,35.13283593056579,27.12498364063876,18.7237553743077,29.084996083178623
2026-07-25 18:00:00,EP062026,24,2026-07-28 00:00:00,2 days 06:00:00,54,20.8,-148.2,981.8,77.1,27.86362254640653,200.96713361313869,155.8164507345934,119.55243505455292,173.7407602839814,91.91186491863022,74.26420099279893,51.55861834923377,76.87606575375358,43.21436612663908,34.63459274309012,24.5874490574528,35.53647295812177
2026-07-25 18:00:00,EP062026,24,2026-07-28 06:00:00,2 days 12:00:00,60,21.29,-149.34,983.1,72.7,8.950898765075294,239.11888890097956,176.547239087668,109.96555826399845,191.4118607426144,99.48928386327223,79.14716805202488,53.30932077487319,76.47823543670779,42.15741156546744,35.263150743814094,25.80421703189603,34.991596171650485
2026-07-25 18:00:00,EP062026,24,2026-07-28 12:00:00,2 days 18:00:00,66,21.6,-150.35,981.9,75.0,18.146061971767462,157.36929190393792,113.46619863036126,73.91884891517222,130.35475779069975,67.96272573646893,51.5909614174216,32.23291075238461,54.57149586051232,29.188550084447435,22.04021074327145,15.32103412365521,23.70298916298408
2026-07-25 18:00:00,EP062026,24,2026-07-28 18:00:00,3 days 00:00:00,72,22.02,-151.14,988.1,63.8,33.774869227876174,183.4193662337162,156.9515795566466,92.01138364497216,138.8326072447231,33.774869227876174,7.035614930537779,0.0,7.446140891559931,0.0,0.0,0.0,0.0
2026-07-25 18:00:00,EP062026,24,2026-07-29 00:00:00,3 days 06:00:00,78,22.16,-152.31,987.9,71.2,48.51884709096578,211.640620960256,150.89003022812608,93.08883571889976,162.26177097085588,91.03551163421936,71.27622293151978,47.13265537474717,71.54864207169555,48.51884709096578,31.61331364551268,22.49313258249387,31.967269566725207
2026-07-25 18:00:00,EP062026,24,2026-07-29 06:00:00,3 days 12:00:00,84,22.67,-153.35,989.9,63.1,33.528165835863206,166.47826565721954,127.68776407178652,89.55538905297652,139.10376151329064,33.528165835863206,5.608623566837671,0.8828460706869259,5.814016226551431,0.0,0.0,0.0,0.0
2026-07-25 18:00:00,EP062026,24,2026-07-29 12:00:00,3 days 18:00:00,90,22.84,-154.17,994.3,57.1,63.39597779520805,206.7156264339961,148.40566516024583,104.43342771595049,182.14369818991392,83.70246289483543,64.77019362434038,44.767390381738586,66.63038557231846,0.0,0.0,0.0,0.0
2026-07-25 18:00:00,EP062026,24,2026-07-29 18:00:00,4 days 00:00:00,96,22.98,-154.75,995.4,53.8,71.17242281378421,195.49574818064707,147.57421891778688,117.65143106633728,170.6209263283303,71.17242281378421,2.722442430416873,0.4306944098635097,5.7413455253495895,0.0,0.0,0.0,0.0
2026-07-25 18:00:00,EP062026,24,2026-07-30 00:00:00,4 days 06:00:00,102,23.11,-155.63,1001.1,51.2,80.99022674433502,135.6690463005316,93.6865089265973,65.62601656003574,109.08413308068792,80.99022674433502,21.68450165655517,17.24638258516329,20.1134859482301,0.0,0.0,0.0,0.0
2026-07-25 18:00:00,EP062026,24,2026-07-30 06:00:00,4 days 12:00:00,108,23.51,-156.75,1005.9,46.9,81.06535411782005,117.23704860049884,79.50767054971962,55.02579262474082,90.8110857821376,0.0,0.0,0.0,0.0,0.0,0.0,0.0,0.0
2026-07-25 18:00:00,EP062026,24,2026-07-30 12:00:00,4 days 18:00:00,114,24.36,-157.65,1004.8,40.4,84.51040433365313,84.51040433365313,44.55644766455828,34.811478669404266,54.512373104867095,0.0,0.0,0.0,0.0,0.0,0.0,0.0,0.0
2026-07-25 18:00:00,EP062026,24,2026-07-30 18:00:00,5 days 00:00:00,120,24.86,-159.1,1006.8,42.6,78.42561372251345,111.44737804687878,71.84000646251137,60.35153316396665,83.19153797284062,0.0,0.0,0.0,0.0,0.0,0.0,0.0,0.0
2026-07-25 18:00:00,EP062026,24,2026-07-31 00:00:00,5 days 06:00:00,126,25.29,-160.45,1002.4,41.6,44.87166953611224,146.85632248514744,112.98062587657054,84.07571659651074,120.31462322024224,0.0,0.0,0.0,0.0,0.0,0.0,0.0,0.0
2026-07-25 18:00:00,EP062026,24,2026-07-31 06:00:00,5 days 12:00:00,132,25.62,-161.58,1006.0,40.5,58.29728306887328,86.1881010629352,67.2315260264525,46.646623457528605,70.21208776219632,0.0,0.0,0.0,0.0,0.0,0.0,0.0,0.0
2026-07-25 18:00:00,EP062026,24,2026-07-31 12:00:00,5 days 18:00:00,138,26.22,-162.89,1007.4,41.9,111.30865231345612,111.30865231345612,0.0,0.0,6.348103865114261,0.0,0.0,0.0,0.0,0.0,0.0,0.0,0.0
2026-07-25 18:00:00,EP072026,24,2026-07-25 18:00:00,0 days 00:00:00,0,11.2,-105.1,995.0,54.0,28.0,204.0,167.0,56.0,130.0,56.0,37.0,,,0.0,0.0,0.0,0.0
2026-07-25 18:00:00,EP072026,24,2026-07-26 00:00:00,0 days 06:00:00,6,11.98,-106.32,993.2,64.3,48.05983540662119,153.18366529644976,115.9654687335152,70.85631369944576,118.97337007118654,61.07521904299513,45.92286307954123,26.557903080927534,47.98093727195018,48.05983540662119,17.38844612924829,10.065390683502743,18.285257422872867
2026-07-25 18:00:00,EP072026,24,2026-07-26 06:00:00,0 days 12:00:00,12,12.71,-107.85,992.9,62.9,45.54048362051502,160.15577823880466,125.54568252645396,72.6720595524264,114.66354062965542,45.54048362051502,18.193368012297704,3.392255829677687,16.11381893970688,0.0,0.0,0.0,0.0
2026-07-25 18:00:00,EP072026,24,2026-07-26 12:00:00,0 days 18:00:00,18,12.99,-109.05,982.1,71.6,30.338236883752803,138.8082570537088,106.37992890549656,66.23212127061461,103.8422558908758,54.30634505959597,39.75442167793936,18.69946703029438,40.50486571334135,30.338236883752803,13.324777374233076,6.500729844463827,15.038766890016907
2026-07-25 18:00:00,EP072026,24,2026-07-26 18:00:00,1 days 00:00:00,24,13.21,-110.38,975.0,97.9,45.79846993465064,247.079548829604,185.48817256981823,120.93104374541996,211.83985906147848,110.27412298064188,82.67906969816946,56.33122130212182,90.61076838193787,50.39529274458273,40.58127122862183,29.737257195963466,42.76541562697293
2026-07-25 18:00:00,EP072026,24,2026-07-27 00:00:00,1 days 06:00:00,30,13.91,-111.23,964.8,94.8,64.24301718055423,491.8052377148436,455.34988132937576,383.0365217654322,439.7490623645373,102.18168816946906,84.83293179625888,61.09092193784056,85.48218016753613,64.24301718055423,41.14852699559477,31.340553522357517,39.96808995949966
2026-07-25 18:00:00,EP072026,24,2026-07-27 06:00:00,1 days 12:00:00,36,14.71,-112.29,975.2,85.0,20.02805708618325,176.6814141928977,137.0231444944253,92.32732168580816,140.10979754304887,71.42667483917265,54.49030695453635,32.87295485186061,57.72038915793316,28.944775788573796,21.819055516195167,13.61057915703293,22.849781944885724
2026-07-25 18:00:00,EP072026,24,2026-07-27 12:00:00,1 days 18:00:00,42,15.39,-113.15,940.3,123.6,24.42797756727141,254.35747593411952,260.31631354949644,211.4590674534859,222.22915951533355,131.83566926113582,119.74100571572508,98.31775817977108,116.62443920907292,69.8204748409691,64.04452504846603,51.76753725106768,60.7035135832474
2026-07-25 18:00:00,EP072026,24,2026-07-27 18:00:00,2 days 00:00:00,48,16.09,-114.03,972.1,87.1,24.130358176479177,216.7495720132981,183.07767150932077,116.75747098158132,183.0431510966028,104.65016627820606,82.46052330419707,55.66789473400091,87.7214949468448,47.367161889114,39.22280617914159,27.747517547063318,39.44015300478524
2026-07-25 18:00:00,EP072026,24,2026-07-28 00:00:00,2 days 06:00:00,54,16.6,-115.2,958.9,105.5,12.139107479518884,215.1186435219488,186.27989737663847,121.44110118033429,173.40963188059868,96.97192462845668,77.35686466842958,50.99449159801861,78.91032861071903,45.31784688895914,36.34806947390234,26.17916768534008,37.32263748871901
2026-07-25 18:00:00,EP072026,24,2026-07-28 06:00:00,2 days 12:00:00,60,17.13,-116.15,962.2,102.4,25.169566150739456,236.7107521633834,179.1557854769503,122.37358244520374,201.18770666199816,118.64712294632592,96.52742298430373,73.33260738574006,101.11355717896843,58.10103399623449,49.27191227086212,39.527225271510645,50.5054935185558
2026-07-25 18:00:00,EP072026,24,2026-07-28 12:00:00,2 days 18:00:00,66,17.12,-116.73,956.0,107.0,46.25541557348765,191.2985914135791,155.8653561223621,98.93758071319972,172.60483619491532,105.23301952040951,81.0325670031705,62.60008914814865,89.62794477120427,54.45263029525756,44.76115798257308,37.76491574730184,49.423762498350015
2026-07-25 18:00:00,EP072026,24,2026-07-28 18:00:00,3 days 00:00:00,72,17.63,-117.65,963.6,94.9,17.338123522125592,165.40020205531556,136.8700135937155,84.78417370040549,125.68117584575658,43.99506375416584,28.606241355358648,13.996560388695633,34.05091626602164,18.3659856098374,12.349320479922662,7.121042874321466,15.025765297579143
2026-07-25 18:00:00,EP072026,24,2026-07-29 00:00:00,3 days 06:00:00,78,17.89,-118.39,964.9,91.5,38.5990125190264,229.5753759986557,183.19695997374131,121.70763289352462,200.8894420263891,113.64993239050038,88.95362236262805,64.5729777672771,94.9563574800753,55.43159782973282,45.66356416884111,35.07568551507548,47.958268728712056
2026-07-25 18:00:00,EP072026,24,2026-07-29 06:00:00,3 days 12:00:00,84,18.1,-119.28,966.5,85.9,24.84010655078388,278.923131285492,218.87505057667832,182.8265014757401,233.20031667709827,100.47058503945804,81.8040893681196,63.17456018854944,84.66273816757055,48.82520879688837,41.163473962693416,32.39903605895216,41.938023392061
2026-07-25 18:00:00,EP072026,24,2026-07-29 12:00:00,3 days 18:00:00,90,18.36,-120.05,971.8,83.0,22.359420787624657,201.65956647450776,164.32590900336413,136.4867332556006,191.26670476818663,108.0411500896198,91.89549312626838,67.5172693725157,92.42379918424297,52.28891722265365,44.44608513775441,34.366245809437245,44.50175785824285
2026-07-25 18:00:00,EP072026,24,2026-07-29 18:00:00,4 days 00:00:00,96,18.61,-120.49,988.6,64.9,22.899947396713404,206.96693869286952,179.5455910462731,123.01294027146244,167.08579929213352,92.83329943291304,80.4518623658269,56.76420868544241,73.55496020356253,22.899947396713404,5.572612262160578,2.706304895494625,5.982613918458155
2026-07-25 18:00:00,EP072026,24,2026-07-30 00:00:00,4 days 06:00:00,102,19.27,-121.34,975.3,74.9,31.828877009705185,196.0201879589453,167.85173107177263,122.31281183919027,158.16494368363897,102.25082590146089,85.65033957684759,62.04223050131955,84.6438035974941,49.049730548911256,42.16550849714666,32.22584723568592,41.02645298035355
2026-07-25 18:00:00,EP072026,24,2026-07-30 06:00:00,4 days 12:00:00,108,19.9,-122.42,987.1,60.7,63.77989147936756,245.45184716588776,214.87076029519065,173.31155138232987,210.95208940458133,67.795369451248,58.4702128821472,43.79415591376798,56.0164476744086,0.0,0.0,0.0,0.0
2026-07-25 18:00:00,EP072026,24,2026-07-30 12:00:00,4 days 18:00:00,114,20.28,-123.61,989.9,57.7,43.65304298185343,243.96038828854813,206.79678788223328,159.708697006286,204.5714813978002,62.551586642901256,56.93207757637504,44.74949654056239,50.20444537124708,0.0,0.0,0.0,0.0
2026-07-25 18:00:00,EP072026,24,2026-07-30 18:00:00,5 days 00:00:00,120,20.67,-124.93,996.6,47.4,91.04058924030576,198.032362874592,172.138489073276,141.6624796027166,165.53984047220237,0.0,0.0,0.0,0.0,0.0,0.0,0.0,0.0
2026-07-25 18:00:00,EP072026,24,2026-07-31 00:00:00,5 days 06:00:00,126,21.02,-126.08,997.2,48.4,41.49734106841037,194.264786165118,168.30504741033272,135.0738263786474,173.58857845257447,0.0,0.0,0.0,0.0,0.0,0.0,0.0,0.0
2026-07-25 18:00:00,EP072026,24,2026-07-31 06:00:00,5 days 12:00:00,132,21.34,-127.42,998.6,45.2,46.42549119496398,127.69663933290612,95.27402316113192,71.03088375252713,107.61580073242082,0.0,0.0,0.0,0.0,0.0,0.0,0.0,0.0
2026-07-25 18:00:00,EP072026,24,2026-07-31 12:00:00,5 days 18:00:00,138,21.56,-128.51,1005.1,38.9,101.52121678481836,143.8105089801221,112.12668422527943,100.38351939843407,125.94259727191783,0.0,0.0,0.0,0.0,0.0,0.0,0.0,0.0
2026-07-25 18:00:00,EP072026,24,2026-07-31 18:00:00,6 days 00:00:00,144,21.81,-129.73,1006.6,37.3,57.68751651071716,183.39419446468327,145.55154317610663,116.5309215726387,155.2459874395654,0.0,0.0,0.0,0.0,0.0,0.0,0.0,0.0
2026-07-25 18:00:00,EP072026,24,2026-08-01 00:00:00,6 days 06:00:00,150,22.24,-130.63,1000.8,37.9,39.966538209082046,64.49197263824004,46.9171839152757,23.175454310881943,50.24833207217347,0.0,0.0,0.0,0.0,0.0,0.0,0.0,0.0
2026-07-25 18:00:00,EP072026,24,2026-08-01 06:00:00,6 days 12:00:00,156,22.78,-131.56,1004.8,37.0,94.50696531221465,94.50696531221465,46.13540928570988,32.19749519351913,55.79763229570635,0.0,0.0,0.0,0.0,0.0,0.0,0.0,0.0
2026-07-25 18:00:00,EP072026,24,2026-08-01 12:00:00,6 days 18:00:00,162,23.55,-132.96,1004.9,37.1,100.54313836709449,100.54313836709449,40.65666433591402,26.26184020849298,48.16156656693702,0.0,0.0,0.0,0.0,0.0,0.0,0.0,0.0
2026-07-25 18:00:00,EP072026,24,2026-08-01 18:00:00,7 days 00:00:00,168,24.04,-133.93,1007.5,34.0,74.0166208166429,74.0166208166429,0.0,0.0,7.885885011371158,0.0,0.0,0.0,0.0,0.0,0.0,0.0,0.0
2026-07-25 18:00:00,EP072026,24,2026-08-02 00:00:00,7 days 06:00:00,174,24.48,-135.02,1008.6,38.7,79.74894564004748,79.74894564004748,37.369815767355824,18.0899785951511,43.776370537144174,0.0,0.0,0.0,0.0,0.0,0.0,0.0,0.0
2026-07-25 18:00:00,EP072026,24,2026-08-02 06:00:00,7 days 12:00:00,180,24.93,-136.26,1008.5,28.0,49.46418848720413,0.0,0.0,0.0,0.0,0.0,0.0,0.0,0.0,0.0,0.0,0.0,0.0
2026-07-25 18:00:00,EP072026,24,2026-08-02 12:00:00,7 days 18:00:00,186,25.25,-137.25,1007.2,31.7,115.25847523564512,0.0,0.0,0.0,0.0,0.0,0.0,0.0,0.0,0.0,0.0,0.0,0.0
2026-07-25 18:00:00,EP072026,24,2026-08-02 18:00:00,8 days 00:00:00,192,25.61,-138.25,1005.6,36.2,74.68403308641669,5.364804006896797,0.0,0.0,74.68403308641669,0.0,0.0,0.0,0.0,0.0,0.0,0.0,0.0
2026-07-25 18:00:00,EP072026,24,2026-08-03 00:00:00,8 days 06:00:00,198,26.11,-138.9,1009.4,30.9,141.54602228932026,0.0,0.0,0.0,0.0,0.0,0.0,0.0,0.0,0.0,0.0,0.0,0.0
2026-07-25 18:00:00,EP072026,24,2026-08-03 06:00:00,8 days 12:00:00,204,26.55,-140.52,1011.5,22.8,75.74054988377418,0.0,0.0,0.0,0.0,0.0,0.0,0.0,0.0,0.0,0.0,0.0,0.0
2026-07-25 18:00:00,EP072026,24,2026-08-03 12:00:00,8 days 18:00:00,210,25.9,-140.9,1010.1,28.1,79.82407243873078,0.0,0.0,0.0,0.0,0.0,0.0,0.0,0.0,0.0,0.0,0.0,0.0
2026-07-25 18:00:00,WP112026,24,2026-07-25 18:00:00,0 days 00:00:00,0,22.4,115.1,967.0,84.0,27.0,222.0,204.0,167.0,195.0,,,,,,,,
2026-07-25 18:00:00,WP112026,24,2026-07-26 00:00:00,0 days 06:00:00,6,23.08,114.64,974.4,66.8,36.189979963712574,36.189979963712574,36.189979963712574,14.86860139538797,18.679263170424434,36.189979963712574,0.0,0.0,0.0,36.189979963712574,0.0,0.0,0.0
2026-07-25 18:00:00,WP112026,24,2026-07-26 06:00:00,0 days 12:00:00,12,23.61,113.84,977.7,61.3,43.00010967461161,206.85944542333905,180.9070324047074,132.35297996914295,163.78773420577818,43.00010967461161,3.5103605646691336,0.3660299691443658,4.640950281463098,0.0,0.0,0.0,0.0
2026-07-25 18:00:00,WP112026,24,2026-07-26 12:00:00,0 days 18:00:00,18,23.79,113.81,993.3,41.5,45.81851241479131,68.79044984109703,70.3252432202063,46.19603480852617,42.95941879348973,0.0,0.0,0.0,0.0,0.0,0.0,0.0,0.0
2026-07-25 18:00:00,WP112026,24,2026-07-26 18:00:00,1 days 00:00:00,24,24.72,113.61,996.6,25.9,51.9701888393825,0.0,0.0,0.0,0.0,0.0,0.0,0.0,0.0,0.0,0.0,0.0,0.0
2026-07-25 18:00:00,WP112026,24,2026-07-27 00:00:00,1 days 06:00:00,30,26.62,113.45,998.4,25.5,110.56975107060887,0.0,0.0,0.0,0.0,0.0,0.0,0.0,0.0,0.0,0.0,0.0,0.0
2026-07-25 18:00:00,WP112026,24,2026-07-27 06:00:00,1 days 12:00:00,36,27.19,113.15,1003.3,16.4,62.322741681053614,0.0,0.0,0.0,0.0,0.0,0.0,0.0,0.0,0.0,0.0,0.0,0.0
2026-07-25 18:00:00,WP112026,24,2026-07-27 12:00:00,1 days 18:00:00,42,28.01,112.94,1004.5,15.5,135.86830255908794,0.0,0.0,0.0,0.0,0.0,0.0,0.0,0.0,0.0,0.0,0.0,0.0
2026-07-25 18:00:00,WP112026,24,2026-07-27 18:00:00,2 days 00:00:00,48,28.95,112.63,1002.9,16.9,74.19609817714937,0.0,0.0,0.0,0.0,0.0,0.0,0.0,0.0,0.0,0.0,0.0,0.0
2026-07-25 18:00:00,WP112026,24,2026-07-28 00:00:00,2 days 06:00:00,54,29.61,113.07,1005.1,16.3,58.67769871383817,0.0,0.0,0.0,0.0,0.0,0.0,0.0,0.0,0.0,0.0,0.0,0.0
2026-07-25 18:00:00,WP112026,24,2026-07-28 06:00:00,2 days 12:00:00,60,31.15,112.19,1008.2,13.0,79.310686783653,0.0,0.0,0.0,0.0,0.0,0.0,0.0,0.0,0.0,0.0,0.0,0.0
2026-07-25 18:00:00,WP112026,24,2026-07-28 12:00:00,2 days 18:00:00,66,30.73,112.29,1007.3,15.7,126.44869424210914,0.0,0.0,0.0,0.0,0.0,0.0,0.0,0.0,0.0,0.0,0.0,0.0
2026-07-25 18:00:00,WP112026,24,2026-07-28 18:00:00,3 days 00:00:00,72,32.36,112.16,1002.7,22.4,106.00576912265645,0.0,0.0,0.0,0.0,0.0,0.0,0.0,0.0,0.0,0.0,0.0,0.0
2026-07-25 18:00:00,EP062026,25,2026-07-25 18:00:00,0 days 00:00:00,0,19.2,-137.0,971.0,86.0,56.0,297.0,241.0,185.0,297.0,130.0,74.0,74.0,111.0,65.0,46.0,37.0,65.0
2026-07-25 18:00:00,EP062026,25,2026-07-26 00:00:00,0 days 06:00:00,6,19.31,-138.06,969.4,81.7,26.85797875446056,205.31477376509275,153.50138010597243,125.153647806132,183.048406099855,83.09685885011163,60.98993549158351,43.45569841893867,68.739142662571,34.53754829146708,27.524301121215828,19.95968754778466,28.860754564974904
2026-07-25 18:00:00,EP062026,25,2026-07-26 06:00:00,0 days 12:00:00,12,19.38,-139.24,981.3,74.7,55.105279629290536,254.4898659952616,202.1404747436435,148.25966544633468,213.78595986939808,109.7634200606003,85.73092808442242,61.33631185776997,89.70871032121917,55.105279629290536,31.73945023683909,23.922507991056957,33.303249836401775
2026-07-25 18:00:00,EP062026,25,2026-07-26 12:00:00,0 days 18:00:00,18,19.59,-139.85,962.2,111.4,71.11892695264885,292.99414136505254,234.9734006954842,172.50464162798818,246.8468662306664,136.35029743364785,116.90226697476288,94.147152066558,117.13362393147824,75.9071172691853,70.49749150096392,57.25455444024398,67.19450328318064
2026-07-25 18:00:00,EP062026,25,2026-07-26 18:00:00,1 days 00:00:00,24,19.88,-141.28,974.7,79.8,53.580960318038265,263.4137664724019,208.28851991753172,144.1178034315434,209.123178351914,99.68535908615712,75.13670407168036,52.52639748296191,79.90646900698883,53.580960318038265,28.060405809233952,20.482050721005237,28.85692659724489
2026-07-25 18:00:00,EP062026,25,2026-07-27 00:00:00,1 days 06:00:00,30,20.13,-142.6,987.4,61.4,41.56420435968984,318.3040151949529,263.26960059212524,206.21368203169445,261.40403205066207,96.24568998527666,78.40484028295938,51.56040733253634,73.46062104597095,0.0,0.0,0.0,0.0
2026-07-25 18:00:00,EP062026,25,2026-07-27 06:00:00,1 days 12:00:00,36,20.49,-143.67,983.1,60.8,39.50685397620385,270.35128440654853,223.32158240632887,169.7098474369335,220.68277253986764,82.52491552308925,65.37338752490658,44.49749344604668,63.75643794847838,0.0,0.0,0.0,0.0
2026-07-25 18:00:00,EP062026,25,2026-07-27 12:00:00,1 days 18:00:00,42,20.71,-144.91,989.8,62.0,61.67261561680192,259.33714924049787,204.1067875151147,158.69034664850062,219.67743957085503,66.0904591947257,49.27595827321407,29.99902431063316,49.07045629015779,0.0,0.0,0.0,0.0
2026-07-25 18:00:00,EP062026,25,2026-07-27 18:00:00,2 days 00:00:00,48,21.17,-146.57,991.9,62.2,57.46343583049637,239.5977261621199,164.87076348690752,127.53864568574198,205.33679233569325,134.11414067299052,108.78843558178396,83.88457732785729,113.04792584285364,0.0,0.0,0.0,0.0
2026-07-25 18:00:00,EP062026,25,2026-07-28 00:00:00,2 days 06:00:00,54,21.25,-147.86,992.5,58.1,42.60279318250305,231.19851700210253,156.4338724762189,106.24555603952192,189.47214104102,123.94260323116752,101.00595484429208,78.97333250751694,104.23587087296642,0.0,0.0,0.0,0.0
2026-07-25 18:00:00,EP062026,25,2026-07-28 06:00:00,2 days 12:00:00,60,21.54,-149.33,993.6,57.7,113.49010926845916,185.9166966879361,132.7243329234227,99.67369473848842,145.03477466345907,113.49010926845916,13.288833878192762,6.093163013441718,14.020900390061485,0.0,0.0,0.0,0.0
2026-07-25 18:00:00,EP062026,25,2026-07-28 12:00:00,2 days 18:00:00,66,21.81,-150.22,1000.4,49.3,83.36560056626172,261.0289562483196,215.3657205785524,161.1489465642706,210.11715459040704,0.0,0.0,0.0,0.0,0.0,0.0,0.0,0.0
2026-07-25 18:00:00,EP062026,25,2026-07-28 18:00:00,3 days 00:00:00,72,22.06,-151.6,1001.3,41.4,97.96213855765488,155.5853944105033,121.28736041176856,80.56117068073021,116.84089634426032,0.0,0.0,0.0,0.0,0.0,0.0,0.0,0.0
2026-07-25 18:00:00,EP062026,25,2026-07-29 00:00:00,3 days 06:00:00,78,22.73,-152.22,1001.2,44.8,54.777353664121165,250.52185269918527,194.90657160318824,141.6027686744295,199.603914378926,0.0,0.0,0.0,0.0,0.0,0.0,0.0,0.0
2026-07-25 18:00:00,EP062026,25,2026-07-29 06:00:00,3 days 12:00:00,84,22.88,-152.95,1007.3,42.4,72.026874234613,148.70471628273248,101.6230659552306,69.71688315706837,112.47378967822256,0.0,0.0,0.0,0.0,0.0,0.0,0.0,0.0
2026-07-25 18:00:00,EP062026,25,2026-07-29 12:00:00,3 days 18:00:00,90,23.19,-154.02,1006.3,37.9,109.55917698597432,109.55917698597432,12.16702002326349,0.1915359565177823,29.050155179697583,0.0,0.0,0.0,0.0,0.0,0.0,0.0,0.0
2026-07-25 18:00:00,EP062026,25,2026-07-29 18:00:00,4 days 00:00:00,96,23.54,-154.78,1001.8,42.8,42.55397610591362,131.80684519297068,93.66820092339104,61.93560483389514,100.2649508088582,0.0,0.0,0.0,0.0,0.0,0.0,0.0,0.0
2026-07-25 18:00:00,EP062026,25,2026-07-30 00:00:00,4 days 06:00:00,102,23.83,-155.75,1006.9,35.6,70.4004942227486,161.62286522720396,124.11173617777122,91.0911321814638,123.2061952282601,0.0,0.0,0.0,0.0,0.0,0.0,0.0,0.0
2026-07-25 18:00:00,EP062026,25,2026-07-30 06:00:00,4 days 12:00:00,108,24.34,-157.01,1006.5,37.9,106.30334855639518,106.30334855639518,0.0932235414146163,0.0,11.064681559339782,0.0,0.0,0.0,0.0,0.0,0.0,0.0,0.0
2026-07-25 18:00:00,EP062026,25,2026-07-30 12:00:00,4 days 18:00:00,114,24.9,-158.69,1005.7,36.7,114.95043027791009,114.95043027791009,77.22400439338384,44.87571740481496,71.99628324831059,0.0,0.0,0.0,0.0,0.0,0.0,0.0,0.0
2026-07-25 18:00:00,EP062026,25,2026-07-30 18:00:00,5 days 00:00:00,120,25.45,-159.8,1009.4,34.3,125.2178060779413,125.2178060779413,5.513956945905306,0.0,13.516789642000049,0.0,0.0,0.0,0.0,0.0,0.0,0.0,0.0
2026-07-25 18:00:00,EP062026,25,2026-07-31 00:00:00,5 days 06:00:00,126,25.38,-161.39,1012.4,26.2,140.86031111200458,0.0,0.0,0.0,0.0,0.0,0.0,0.0,0.0,0.0,0.0,0.0,0.0
2026-07-25 18:00:00,EP062026,25,2026-07-31 06:00:00,5 days 12:00:00,132,26.15,-162.01,1009.8,35.7,128.78871144341466,128.78871144341466,60.40806758880579,38.68948170446156,57.86858417362569,0.0,0.0,0.0,0.0,0.0,0.0,0.0,0.0
2026-07-25 18:00:00,EP062026,25,2026-07-31 12:00:00,5 days 18:00:00,138,26.83,-163.41,1008.2,36.1,55.990873953108576,55.990873953108576,6.265851184450554,0.0,18.30624907069931,0.0,0.0,0.0,0.0,0.0,0.0,0.0,0.0
2026-07-25 18:00:00,EP072026,25,2026-07-25 18:00:00,0 days 00:00:00,0,11.2,-105.1,995.0,54.0,28.0,204.0,167.0,56.0,130.0,56.0,37.0,,,0.0,0.0,0.0,0.0
2026-07-25 18:00:00,EP072026,25,2026-07-26 00:00:00,0 days 06:00:00,6,11.99,-106.43,990.5,63.7,37.72654916499469,140.3545246049171,105.95177016013696,60.362435805482136,95.13376366563634,37.72654916499469,2.612079119747928,0.0,2.4159135990457274,0.0,0.0,0.0,0.0
2026-07-25 18:00:00,EP072026,25,2026-07-26 06:00:00,0 days 12:00:00,12,12.5,-107.29,991.2,66.7,35.75935574926428,163.00305709334188,139.38798229930737,86.60280042526743,118.62198988080236,35.75935574926428,13.427302623396988,4.192182146343669,12.085677770940876,35.75935574926428,0.0,0.0,0.0
2026-07-25 18:00:00,EP072026,25,2026-07-26 12:00:00,0 days 18:00:00,18,12.56,-108.69,974.6,80.5,25.55205917659562,160.83311738373658,131.56552549500776,103.99276646397358,117.22050892523832,49.054435999926326,39.554312018175885,30.29466175912208,37.25097800487537,25.55205917659562,16.4101411564775,12.416481433451953,16.609145860073802
2026-07-25 18:00:00,EP072026,25,2026-07-26 18:00:00,1 days 00:00:00,24,13.42,-110.5,987.7,71.9,35.14909879758691,266.88376373878504,239.7448092384899,154.09106035144634,206.29767744664164,57.84441882070956,43.87898042018551,21.939040426929413,39.24696412867745,35.14909879758691,0.93305780135313,0.0,1.202303857425942
2026-07-25 18:00:00,EP072026,25,2026-07-27 00:00:00,1 days 06:00:00,30,13.89,-111.43,980.8,82.4,40.59584433359587,226.6269705697354,171.74061338185024,99.97540681518213,167.43559152945744,84.24725235473639,62.95926134844471,41.08985503990133,64.45770594855614,40.59584433359587,24.63175794344262,17.197132067301617,25.42352687708533
2026-07-25 18:00:00,EP072026,25,2026-07-27 06:00:00,1 days 12:00:00,36,14.55,-112.4,959.4,95.1,10.774124892141115,210.29658665513037,171.20071525174944,110.0085808132808,180.17836357599757,86.9638718632882,63.00132198878646,43.76211923973983,71.19750333551156,40.40429438830381,33.01372429664684,24.48667577672103,34.08778914843504
2026-07-25 18:00:00,EP072026,25,2026-07-27 12:00:00,1 days 18:00:00,42,15.81,-113.23,982.3,83.4,30.421126330260293,195.90971615188397,173.66676621853776,114.6799335207857,148.74937444012954,37.83587416267704,30.73438326963132,15.213421469207612,25.217474086774544,30.421126330260293,1.6118712991684974,0.0,0.7692711553819684
2026-07-25 18:00:00,EP072026,25,2026-07-27 18:00:00,2 days 00:00:00,48,15.73,-113.96,987.0,65.0,44.13732186617747,270.5548205322421,222.24231406808423,148.51280804032876,212.9209514105376,114.4002119458896,95.41855704790356,66.70093020281813,91.08156962584756,44.13732186617747,28.24362435664008,21.17753110939373,28.525599862705967
2026-07-25 18:00:00,EP072026,25,2026-07-28 00:00:00,2 days 06:00:00,54,16.02,-114.65,979.5,76.1,35.06239882314041,221.5398412038425,185.48121704515944,119.72613953232865,169.43357221317683,66.28256881274045,51.9659821581746,32.18271530113368,48.75510414075811,35.06239882314041,14.814932425264862,10.444934515800208,14.44364919524774
2026-07-25 18:00:00,EP072026,25,2026-07-28 06:00:00,2 days 12:00:00,60,16.38,-115.31,969.8,93.2,38.25422362308956,258.85879728614685,200.7110136338316,111.13262550049969,190.44811059059032,98.12070793002488,74.31601192429707,48.46518953115519,78.58470215102858,40.36971816009213,33.12295926689016,24.826222279147597,33.771812141691605
2026-07-25 18:00:00,EP072026,25,2026-07-28 12:00:00,2 days 18:00:00,66,16.92,-115.97,967.8,93.8,30.231126969221496,243.9836674552451,216.28304452097652,135.224741615249,197.87070968249571,106.46715962387476,84.97581031499567,54.59087777203074,82.12957600755306,46.89312774014838,39.313609563997176,27.528596922595675,38.24657761831596
2026-07-25 18:00:00,EP072026,25,2026-07-28 18:00:00,3 days 00:00:00,72,17.05,-116.72,966.7,91.1,26.85675459061264,238.9190627090352,196.38570751102415,114.1681608789242,181.49803225849632,106.00030848919664,85.17332600418399,62.47451260191431,89.54779046142676,51.9522826585673,43.94904515148292,35.15286293621014,44.59401420919724
2026-07-25 18:00:00,EP072026,25,2026-07-29 00:00:00,3 days 06:00:00,78,17.41,-117.37,984.4,68.4,26.17180399042704,311.5848474100726,263.1029466823718,175.88316080646334,247.2737907123808,81.94349046875956,60.67844119110176,35.16548797210309,59.05069819146407,26.17180399042704,4.404020329700579,0.7656496777803676,5.407862229855469
2026-07-25 18:00:00,EP072026,25,2026-07-29 06:00:00,3 days 12:00:00,84,17.59,-118.33,988.9,63.5,46.92365488129607,322.38669675396943,265.28501829818805,200.14898419350152,272.75893991470093,151.00216758667716,125.25846781779154,95.93467741844104,125.86329608470274,0.0,0.0,0.0,0.0
2026-07-25 18:00:00,EP072026,25,2026-07-29 12:00:00,3 days 18:00:00,90,18.08,-119.38,986.0,64.0,59.47355198297899,265.2171419389812,227.89170193549683,171.80990546898374,222.3609619395397,59.47355198297899,35.89387982620718,21.69763749180187,35.831469080737406,0.0,0.0,0.0,0.0
2026-07-25 18:00:00,EP072026,25,2026-07-29 18:00:00,4 days 00:00:00,96,18.08,-120.48,992.4,60.5,43.51273758916015,246.7649650410941,201.24176489679255,148.3061837262909,201.8140180354037,43.51273758916015,29.81285796470482,16.358991867216147,28.27566352997475,0.0,0.0,0.0,0.0
2026-07-25 18:00:00,EP072026,25,2026-07-30 00:00:00,4 days 06:00:00,102,18.58,-121.1,975.0,78.0,42.50549948518756,271.7637154442563,224.29456826635777,161.60558700578216,226.98878749248016,108.2315300680886,86.38455412025641,59.25806689422261,85.86499402622394,42.50549948518756,27.87770914261739,20.392552618194895,28.848117727562222
2026-07-25 18:00:00,EP072026,25,2026-07-30 06:00:00,4 days 12:00:00,108,19.01,-122.68,989.9,54.3,85.214605394295,199.93947567443303,162.7634056820155,111.35956109114304,149.8822806888097,85.214605394295,11.496485134838824,4.000466697023523,11.863454166731792,0.0,0.0,0.0,0.0
2026-07-25 18:00:00,EP072026,25,2026-07-30 12:00:00,4 days 18:00:00,114,19.32,-123.49,994.1,49.7,73.74560482684953,339.52849840073713,280.8416886691029,219.80575702223817,272.4057115863395,0.0,0.0,0.0,0.0,0.0,0.0,0.0,0.0
2026-07-25 18:00:00,EP072026,25,2026-07-30 18:00:00,5 days 00:00:00,120,19.97,-124.75,996.4,51.4,95.0073743965545,95.0073743965545,38.71400924821057,21.276341525405314,46.606977745341055,95.0073743965545,0.0,0.0,0.0,0.0,0.0,0.0,0.0
2026-07-25 18:00:00,EP072026,25,2026-07-31 00:00:00,5 days 06:00:00,126,20.47,-126.1,991.8,53.1,36.08243877177637,284.5275180343213,238.03802013908825,188.0353114934504,228.55751842635988,63.71408810710471,50.123492007008295,31.485923247154155,46.26968195316182,0.0,0.0,0.0,0.0
2026-07-25 18:00:00,EP072026,25,2026-07-31 06:00:00,5 days 12:00:00,132,20.76,-127.1,998.3,43.6,78.53169128412523,165.2687960095373,132.5664400623544,92.4913595992718,126.73394282971992,0.0,0.0,0.0,0.0,0.0,0.0,0.0,0.0
2026-07-25 18:00:00,EP072026,25,2026-07-31 12:00:00,5 days 18:00:00,138,20.88,-128.49,1002.7,43.5,53.743054152912656,53.743054152912656,13.414710231147756,4.302612650322836,33.18213477147794,0.0,0.0,0.0,0.0,0.0,0.0,0.0,0.0
2026-07-25 18:00:00,EP072026,25,2026-07-31 18:00:00,6 days 00:00:00,144,20.98,-129.39,1002.2,40.7,93.6049229164186,93.6049229164186,0.0,0.7118710028318045,10.59343793063452,0.0,0.0,0.0,0.0,0.0,0.0,0.0,0.0
2026-07-25 18:00:00,EP072026,25,2026-08-01 00:00:00,6 days 06:00:00,150,21.33,-130.21,1004.0,36.1,74.02170692796635,74.02170692796635,13.764679028136952,11.582356571674184,25.956036660729403,0.0,0.0,0.0,0.0,0.0,0.0,0.0,0.0
2026-07-25 18:00:00,EP072026,25,2026-08-01 06:00:00,6 days 12:00:00,156,21.56,-131.48,1005.7,32.0,133.09804729679718,0.0,0.0,0.0,0.0,0.0,0.0,0.0,0.0,0.0,0.0,0.0,0.0
2026-07-25 18:00:00,EP072026,25,2026-08-01 12:00:00,6 days 18:00:00,162,21.9,-132.76,1008.0,31.4,76.99802573546259,0.0,0.0,0.0,0.0,0.0,0.0,0.0,0.0,0.0,0.0,0.0,0.0
2026-07-25 18:00:00,EP072026,25,2026-08-01 18:00:00,7 days 00:00:00,168,22.29,-133.6,1005.3,33.5,94.42594425199482,0.0,0.0,0.0,0.0,0.0,0.0,0.0,0.0,0.0,0.0,0.0,0.0
2026-07-25 18:00:00,EP072026,25,2026-08-02 00:00:00,7 days 06:00:00,174,22.65,-134.49,1005.3,35.9,88.20285767274656,111.78074816934068,78.18642386258972,51.89568553271066,81.39836459686117,0.0,0.0,0.0,0.0,0.0,0.0,0.0,0.0
2026-07-25 18:00:00,EP072026,25,2026-08-02 06:00:00,7 days 12:00:00,180,23.11,-135.56,1002.8,36.3,140.39551308355703,221.12349827497877,188.52102844346012,146.41528161849936,178.95432034466495,0.0,0.0,0.0,0.0,0.0,0.0,0.0,0.0
2026-07-25 18:00:00,EP072026,25,2026-08-02 12:00:00,7 days 18:00:00,186,23.73,-136.18,1002.9,39.2,105.7457164600546,105.7457164600546,2.091628304882306,0.0,11.32914009569754,0.0,0.0,0.0,0.0,0.0,0.0,0.0,0.0
2026-07-25 18:00:00,EP072026,25,2026-08-02 18:00:00,8 days 00:00:00,192,24.41,-137.24,1006.6,35.5,148.36193934144737,148.36193934144737,0.0,0.0,9.894709288320891,0.0,0.0,0.0,0.0,0.0,0.0,0.0,0.0
2026-07-25 18:00:00,EP072026,25,2026-08-03 00:00:00,8 days 06:00:00,198,25.1,-137.89,1005.4,36.4,81.44374077332591,81.44374077332591,16.33482614224706,4.454731394190644,21.07739290097052,0.0,0.0,0.0,0.0,0.0,0.0,0.0,0.0
2026-07-25 18:00:00,EP072026,25,2026-08-03 06:00:00,8 days 12:00:00,204,26.45,-138.6,1005.4,35.5,116.25945542895704,116.25945542895704,0.0,3.173149980177556,0.0,0.0,0.0,0.0,0.0,0.0,0.0,0.0,0.0
2026-07-25 18:00:00,EP072026,25,2026-08-03 12:00:00,8 days 18:00:00,210,27.09,-140.31,1003.4,25.5,154.24654949706644,0.0,0.0,0.0,0.0,0.0,0.0,0.0,0.0,0.0,0.0,0.0,0.0
2026-07-25 18:00:00,EP072026,25,2026-08-03 18:00:00,9 days 00:00:00,216,27.64,-141.35,1004.3,33.8,136.23057729344873,0.0,0.0,0.0,0.0,0.0,0.0,0.0,0.0,0.0,0.0,0.0,0.0
2026-07-25 18:00:00,EP072026,25,2026-08-04 00:00:00,9 days 06:00:00,222,28.63,-141.4,1004.9,33.7,75.14076112781328,0.0,0.0,0.0,0.0,0.0,0.0,0.0,0.0,0.0,0.0,0.0,0.0
2026-07-25 18:00:00,EP072026,25,2026-08-04 06:00:00,9 days 12:00:00,228,29.24,-141.95,1006.5,30.9,177.05847381426037,0.0,0.0,0.0,0.0,0.0,0.0,0.0,0.0,0.0,0.0,0.0,0.0
2026-07-25 18:00:00,EP072026,25,2026-08-04 12:00:00,9 days 18:00:00,234,30.44,-142.23,1007.5,30.2,140.67912481717983,0.0,0.0,0.0,0.0,0.0,0.0,0.0,0.0,0.0,0.0,0.0,0.0
2026-07-25 18:00:00,EP072026,25,2026-08-04 18:00:00,10 days 00:00:00,240,31.83,-142.59,1004.5,29.1,53.080504092500064,0.0,0.0,0.0,0.0,0.0,0.0,0.0,0.0,0.0,0.0,0.0,0.0
2026-07-25 18:00:00,EP072026,25,2026-08-05 00:00:00,10 days 06:00:00,246,32.87,-142.05,1004.6,32.6,74.90457778020692,0.0,0.0,0.0,0.0,0.0,0.0,0.0,0.0,0.0,0.0,0.0,0.0
2026-07-25 18:00:00,EP072026,25,2026-08-05 06:00:00,10 days 12:00:00,252,34.01,-141.0,1004.3,29.0,63.62078263412144,0.0,0.0,0.0,0.0,0.0,0.0,0.0,0.0,0.0,0.0,0.0,0.0
2026-07-25 18:00:00,EP072026,25,2026-08-05 12:00:00,10 days 18:00:00,258,35.43,-141.51,1008.4,25.1,84.94088782972965,0.0,0.0,0.0,0.0,0.0,0.0,0.0,0.0,0.0,0.0,0.0,0.0
2026-07-25 18:00:00,WP112026,25,2026-07-25 18:00:00,0 days 00:00:00,0,22.4,115.1,967.0,84.0,27.0,222.0,204.0,167.0,195.0,,,,,,,,
2026-07-25 18:00:00,WP112026,25,2026-07-26 00:00:00,0 days 06:00:00,6,22.96,114.54,968.6,81.2,46.53053208007888,195.35610637600612,180.7410395412022,161.65876565634983,152.36030618569933,104.13065749550532,94.25374184979717,78.55219825355962,88.25693214700476,48.0952840158996,43.04434823938352,35.137035731867144,40.08939983081847
2026-07-25 18:00:00,WP112026,25,2026-07-26 06:00:00,0 days 12:00:00,12,23.85,114.17,969.7,66.3,30.242342469540883,133.73580528032568,118.82638857631986,79.12353615141015,97.58057793599023,30.242342469540883,4.074223865436618,0.0,2.704473847637406,30.242342469540883,0.0,0.0,0.0
2026-07-25 18:00:00,WP112026,25,2026-07-26 12:00:00,0 days 18:00:00,18,24.31,113.84,990.3,35.1,59.44174751079228,59.44174751079228,10.111625845404845,7.012043429404045,9.099895327871266,0.0,0.0,0.0,0.0,0.0,0.0,0.0,0.0
2026-07-25 18:00:00,WP112026,25,2026-07-26 18:00:00,1 days 00:00:00,24,25.49,113.77,997.0,26.5,100.58152076843773,0.0,0.0,0.0,0.0,0.0,0.0,0.0,0.0,0.0,0.0,0.0,0.0
2026-07-25 18:00:00,WP112026,25,2026-07-27 00:00:00,1 days 06:00:00,30,26.81,113.77,1007.1,14.1,54.024863089877215,0.0,0.0,0.0,0.0,0.0,0.0,0.0,0.0,0.0,0.0,0.0,0.0
2026-07-25 18:00:00,WP112026,25,2026-07-27 06:00:00,1 days 12:00:00,36,27.51,112.9,1003.5,21.5,48.29686905927048,0.0,0.0,0.0,0.0,0.0,0.0,0.0,0.0,0.0,0.0,0.0,0.0
2026-07-25 18:00:00,WP112026,25,2026-07-27 12:00:00,1 days 18:00:00,42,27.82,112.29,1008.0,10.6,128.16239878522305,0.0,0.0,0.0,0.0,0.0,0.0,0.0,0.0,0.0,0.0,0.0,0.0
2026-07-25 18:00:00,WP112026,25,2026-07-27 18:00:00,2 days 00:00:00,48,29.08,111.9,1004.2,18.1,102.03005482347746,0.0,0.0,0.0,0.0,0.0,0.0,0.0,0.0,0.0,0.0,0.0,0.0
2026-07-25 18:00:00,WP112026,25,2026-07-28 00:00:00,2 days 06:00:00,54,30.29,112.03,998.9,30.5,0.0,0.0,0.0,0.0,0.0,0.0,0.0,0.0,0.0,0.0,0.0,0.0,0.0
2026-07-25 18:00:00,WP112026,25,2026-07-28 06:00:00,2 days 12:00:00,60,30.33,111.09,1007.2,11.6,92.24763641842776,0.0,0.0,0.0,0.0,0.0,0.0,0.0,0.0,0.0,0.0,0.0,0.0
2026-07-25 18:00:00,EP062026,26,2026-07-25 18:00:00,0 days 00:00:00,0,19.2,-137.0,971.0,86.0,56.0,297.0,241.0,185.0,297.0,130.0,74.0,74.0,111.0,65.0,46.0,37.0,65.0
2026-07-25 18:00:00,EP062026,26,2026-07-26 00:00:00,0 days 06:00:00,6,19.41,-138.08,972.1,90.8,31.839946590745164,172.632596968631,122.79321214462507,87.20685046218773,143.2048272770567,71.39618070993617,52.96504135947369,39.864278724374586,60.19052856858177,35.77577817035547,28.68594070222416,23.005817975007087,31.09565464648795
2026-07-25 18:00:00,EP062026,26,2026-07-26 06:00:00,0 days 12:00:00,12,19.46,-139.0,973.0,80.2,65.13575447072219,210.50086721759067,149.5639420201203,129.57767926867746,181.20152357420125,98.92134045851004,76.80657959281757,53.97201861869934,84.49083719163855,65.13575447072219,28.81744430387829,21.871197074862494,31.361986377225577
2026-07-25 18:00:00,EP062026,26,2026-07-26 12:00:00,0 days 18:00:00,18,19.8,-140.46,969.8,85.9,35.77268609220755,247.71335716001704,184.38694100283465,156.2342815482043,206.30080797717528,127.768066286244,102.52244738704394,77.4341793940639,105.27485232948855,52.94179425177572,44.26331659379048,34.225659869844094,44.61417134062504
2026-07-25 18:00:00,EP062026,26,2026-07-26 18:00:00,1 days 00:00:00,24,19.89,-141.51,976.2,82.0,35.739564699022594,185.93486749911185,129.07175274479323,93.43335902965931,165.09028669278848,83.97013971734074,64.74826680741072,48.3040006357612,73.26305293519653,35.739564699022594,26.25430689773464,19.75332625707187,27.20775278801195
2026-07-25 18:00:00,EP062026,26,2026-07-27 00:00:00,1 days 06:00:00,30,19.77,-142.52,968.0,84.8,39.72457289555785,232.90788000784968,171.33007840265373,120.80316607223924,194.09473279644143,99.64222752174028,85.85854804524746,73.40600434781965,89.89408175189692,52.58724827342768,46.87538409280626,39.60608999951616,45.6718675458662
2026-07-25 18:00:00,EP062026,26,2026-07-27 06:00:00,1 days 12:00:00,36,20.27,-143.8,979.0,77.3,40.78672182391114,214.15330888599917,163.35559709916492,119.88014337484384,189.51536032561697,95.91574811881358,77.20699829855151,56.92879615744207,82.46174005816863,40.78672182391114,30.53154226852757,23.649757481763917,31.20100947927923
2026-07-25 18:00:00,EP062026,26,2026-07-27 12:00:00,1 days 18:00:00,42,20.8,-145.11,961.7,104.7,12.515889331878029,179.89639896526518,154.25692795233863,108.8513669077862,156.7840791828287,41.29491462815506,30.009448019613277,19.756400394699284,33.6725276445177,12.515889331878029,2.8430796428242644,1.3160116094684455,5.242802842333839
2026-07-25 18:00:00,EP062026,26,2026-07-27 18:00:00,2 days 00:00:00,48,21.67,-146.51,995.3,56.7,73.20089082363006,180.75640549540336,124.4578603444865,80.01459388277925,150.30655286018424,73.20089082363006,9.283408715950491,4.238991703865505,11.33635836457562,0.0,0.0,0.0,0.0
2026-07-25 18:00:00,EP062026,26,2026-07-28 00:00:00,2 days 06:00:00,54,21.88,-148.1,1005.6,38.4,146.02342154018527,160.87295781794126,121.38248203375366,84.25616242790127,125.5537824064984,0.0,0.0,0.0,0.0,0.0,0.0,0.0,0.0
2026-07-25 18:00:00,EP062026,26,2026-07-28 06:00:00,2 days 12:00:00,60,22.07,-149.64,1002.6,40.5,110.56822071214398,110.56822071214398,52.10218861244414,33.74411254475242,53.96631689601652,0.0,0.0,0.0,0.0,0.0,0.0,0.0,0.0
2026-07-25 18:00:00,EP062026,26,2026-07-28 12:00:00,2 days 18:00:00,66,22.46,-150.31,1003.9,36.7,72.68987147995745,153.7617730596012,126.81094154307742,94.65105995505152,119.0382940250337,0.0,0.0,0.0,0.0,0.0,0.0,0.0,0.0
2026-07-25 18:00:00,EP062026,26,2026-07-28 18:00:00,3 days 00:00:00,72,22.63,-152.47,1006.0,35.2,138.29902695635127,138.29902695635127,0.3474041054207131,0.0,4.368138184732669,0.0,0.0,0.0,0.0,0.0,0.0,0.0,0.0
2026-07-25 18:00:00,EP062026,26,2026-07-29 00:00:00,3 days 06:00:00,78,23.22,-153.01,1004.7,29.8,84.92248524450861,0.0,0.0,0.0,0.0,0.0,0.0,0.0,0.0,0.0,0.0,0.0,0.0
2026-07-25 18:00:00,EP062026,26,2026-07-29 06:00:00,3 days 12:00:00,84,23.79,-154.5,1005.6,32.5,98.532776218579,0.0,0.0,0.0,0.0,0.0,0.0,0.0,0.0,0.0,0.0,0.0,0.0
2026-07-25 18:00:00,EP062026,26,2026-07-29 12:00:00,3 days 18:00:00,90,23.93,-155.78,987.8,50.0,72.28323379509052,72.28323379509052,1.4659961348714337,0.0,16.607191502675274,0.0,0.0,0.0,0.0,0.0,0.0,0.0,0.0
2026-07-25 18:00:00,EP062026,26,2026-07-29 18:00:00,4 days 00:00:00,96,24.18,-157.03,1008.3,24.8,108.22819542870934,0.0,0.0,0.0,0.0,0.0,0.0,0.0,0.0,0.0,0.0,0.0,0.0
2026-07-25 18:00:00,EP072026,26,2026-07-25 18:00:00,0 days 00:00:00,0,11.2,-105.1,995.0,54.0,28.0,204.0,167.0,56.0,130.0,56.0,37.0,,,0.0,0.0,0.0,0.0
2026-07-25 18:00:00,EP072026,26,2026-07-26 00:00:00,0 days 06:00:00,6,11.93,-106.37,991.1,61.5,25.185281608436437,168.85045552799198,131.7053462775489,87.16202017283321,141.79000455315455,46.03564247513704,35.551014094013695,21.46849744147149,33.120818133652875,0.0,0.0,0.0,0.0
2026-07-25 18:00:00,EP072026,26,2026-07-26 06:00:00,0 days 12:00:00,12,12.59,-107.65,991.1,62.6,49.81436712392991,153.08220678483605,116.03671620560397,70.04727715196566,123.60619465544892,51.34398594463772,39.89736110881802,24.16241455886791,40.109224814282925,0.0,0.0,0.0,0.0
2026-07-25 18:00:00,EP072026,26,2026-07-26 12:00:00,0 days 18:00:00,18,13.11,-108.74,979.2,88.5,16.33001893185116,169.02745986776213,127.7158671973615,84.42558423761272,133.60026727906836,80.19192276268589,62.07807484788604,42.08167922635312,65.69759178775101,23.7312696336616,18.218259567348863,12.852344519961548,19.37951219387937
2026-07-25 18:00:00,EP072026,26,2026-07-26 18:00:00,1 days 00:00:00,24,13.9,-109.85,975.8,89.7,29.83116517681266,180.9355011519034,146.08910757251346,92.10521658659744,137.61320760639603,67.10895536113442,50.74791200715607,33.186305931165975,52.903723649043805,29.83116517681266,10.825486226298022,6.849023214392746,12.327756052732168
2026-07-25 18:00:00,EP072026,26,2026-07-27 00:00:00,1 days 06:00:00,30,14.48,-110.79,971.0,87.6,25.771218276006024,165.42374107210378,134.1004370780374,76.26000554047963,128.5056293111886,85.72098121552716,68.16027764807853,50.65038369559482,69.16990669454937,45.50343460230869,38.7605183062395,29.772908783745265,37.89317125210043
2026-07-25 18:00:00,EP072026,26,2026-07-27 06:00:00,1 days 12:00:00,36,15.09,-112.1,951.5,110.8,19.29305615881367,237.000612986604,192.05781767917995,121.23312436593427,182.8519820091367,105.5590230556761,84.65948359434535,60.88675540631154,88.13572817103184,51.15019835648732,41.14810428905064,31.831006041583308,41.79230298812274
2026-07-25 18:00:00,EP072026,26,2026-07-27 12:00:00,1 days 18:00:00,42,15.75,-113.12,958.0,119.2,31.549601439245105,194.07642523450687,193.44469833919095,144.6263473467307,152.1516664604942,37.5095782806998,30.94239489200857,21.852762304644337,29.79120891830078,31.549601439245105,14.203993364232346,11.296409733408366,14.57029405912769
2026-07-25 18:00:00,EP072026,26,2026-07-27 18:00:00,2 days 00:00:00,48,16.47,-113.58,982.8,75.9,39.32498683020748,200.10149963424868,166.55132388999183,117.50608476320032,156.04902856663392,45.962965337065626,39.643128168790696,25.963631806544136,35.043059682715395,0.9413592179660822,39.32498683020748,0.0,0.3033114142583865
2026-07-25 18:00:00,EP072026,26,2026-07-28 00:00:00,2 days 06:00:00,54,16.74,-114.56,975.6,81.7,39.72175250704784,200.5401125766197,142.07537512953525,97.78042017607144,154.20255553469485,102.90845835465734,84.46887480006177,60.21577483193934,85.0079426426449,39.72175250704784,28.03831772916141,21.602300471295308,28.304626502940927
2026-07-25 18:00:00,EP072026,26,2026-07-28 06:00:00,2 days 12:00:00,60,17.03,-114.65,972.5,91.1,22.37043843148831,227.08352751602524,203.17814868578623,152.4145051259602,190.5565429565322,107.45699779456028,95.19559225127296,72.18034757914211,91.18411045802212,39.429887323145294,35.54518421252169,27.87473754130633,33.647615827377194
2026-07-25 18:00:00,EP072026,26,2026-07-28 12:00:00,2 days 18:00:00,66,17.31,-115.47,969.3,89.8,50.07291159994614,226.70488827540424,198.33082129048768,123.90757651109531,179.9171129554564,113.56416675750351,94.75775482146078,67.51310344771318,92.17644573736538,53.425892651489406,46.01480035900555,35.50794003340131,45.45817679013214
2026-07-25 18:00:00,EP072026,26,2026-07-28 18:00:00,3 days 00:00:00,72,17.86,-115.82,958.2,97.6,34.86151392254379,264.5524838439786,232.3846638064512,180.4493463143299,208.78443980860544,101.39324584417584,82.07780395540142,60.71116768885689,83.54349880641344,37.66896260823554,30.083295484296187,22.956930969294064,31.72571925601365
2026-07-25 18:00:00,EP072026,26,2026-07-29 00:00:00,3 days 06:00:00,78,18.13,-116.54,957.8,92.2,20.54198174306814,319.29712091500573,278.3869950987761,192.54503683587336,254.68795771130112,90.50457406510527,74.00528336043676,47.035942554216845,67.6444824408087,24.638600939260044,20.05184966362236,14.480415644564385,19.289068673612597
2026-07-25 18:00:00,EP072026,26,2026-07-29 06:00:00,3 days 12:00:00,84,18.55,-117.54,960.4,95.7,36.051223460291,260.555351000541,209.0128786531921,186.0482668461308,219.6865506303303,139.70938392571193,120.09976009143064,97.2116817156148,121.37550411684992,61.61636514722642,56.37573265602696,46.10967939663203,54.03114869079427
2026-07-25 18:00:00,EP072026,26,2026-07-29 12:00:00,3 days 18:00:00,90,18.62,-118.07,967.4,84.3,44.62800915567023,305.9527231459574,231.53360614933348,190.9154478643921,262.4445365921174,159.4040523020558,137.7300837707643,108.42865225360524,135.70030579489946,73.07949015821299,65.54525589990132,53.51874112455373,62.88056996867232
2026-07-25 18:00:00,EP072026,26,2026-07-29 18:00:00,4 days 00:00:00,96,18.96,-118.77,969.7,82.4,77.60879112355907,330.6950838948322,271.2648495342552,212.33375696058212,269.82865674653374,169.45293771578906,147.3731947740581,112.47470271441571,142.03498988511134,77.60879112355907,64.0769009728072,51.231753752887634,61.61305260532963
2026-07-25 18:00:00,EP072026,26,2026-07-30 00:00:00,4 days 06:00:00,102,19.7,-119.7,978.7,74.4,26.204593683657457,198.89766967380257,169.52356242290313,124.70203278143056,157.20593823301363,87.0551170549854,63.72197492153606,41.36554064717288,62.19934241027124,26.204593683657457,9.585595918657049,3.9933282169467783,10.398483778471112
2026-07-25 18:00:00,EP072026,26,2026-07-30 06:00:00,4 days 12:00:00,108,20.09,-120.79,981.5,75.8,62.94354237295974,199.56907492179084,172.84373868143547,131.3544172932578,168.12290881688972,87.2070742674702,72.9356382083401,57.60655658782066,73.44419064935565,62.94354237295974,23.70097133469854,18.96275253553357,23.17515644535472
2026-07-25 18:00:00,EP072026,26,2026-07-30 12:00:00,4 days 18:00:00,114,20.39,-121.81,986.9,61.2,35.92736797729932,164.14050392194585,119.906096117853,85.40726045605658,130.27615608871685,86.59999422818437,70.54310749602655,48.82789745483254,68.23807863107108,0.0,0.0,0.0,0.0
2026-07-25 18:00:00,EP072026,26,2026-07-30 18:00:00,5 days 00:00:00,120,20.65,-123.19,993.7,62.4,76.96758698146078,214.38443089558905,168.56222897653623,119.91038787793468,168.08284262269305,76.96758698146078,53.5768176608687,35.598621985414454,51.77419678151959,0.0,0.0,0.0,0.0
2026-07-25 18:00:00,EP072026,26,2026-07-31 00:00:00,5 days 06:00:00,126,21.08,-124.32,987.2,56.2,55.80904404456753,280.4982833421949,212.9631851075445,173.15082683764842,245.57905751185348,148.37815122029116,124.73933457846584,90.97460313803326,120.76415697048928,0.0,0.0,0.0,0.0
2026-07-25 18:00:00,EP072026,26,2026-07-31 06:00:00,5 days 12:00:00,132,21.45,-125.84,997.2,56.6,86.22975389322801,129.36680128366515,102.50451987340487,67.59165496724552,106.95636586876684,86.22975389322801,15.342475534293952,7.599374380237421,16.637517497316793,0.0,0.0,0.0,0.0
2026-07-25 18:00:00,EP072026,26,2026-07-31 12:00:00,5 days 18:00:00,138,21.41,-127.61,989.2,46.8,86.580335905949,195.9266203306553,172.0007255540636,126.8957350884975,164.6706753990228,0.0,0.0,0.0,0.0,0.0,0.0,0.0,0.0
2026-07-25 18:00:00,EP072026,26,2026-07-31 18:00:00,6 days 00:00:00,144,21.93,-129.01,1000.5,40.9,75.51425591271492,202.27531279763744,169.23302097747217,132.6650886592331,174.95109062372276,0.0,0.0,0.0,0.0,0.0,0.0,0.0,0.0
2026-07-25 18:00:00,EP072026,26,2026-08-01 00:00:00,6 days 06:00:00,150,22.58,-130.45,994.3,44.4,112.38796770971967,204.66001895013432,184.29287220567156,156.21074892630787,169.29166814942178,0.0,0.0,0.0,0.0,0.0,0.0,0.0,0.0
2026-07-25 18:00:00,EP072026,26,2026-08-01 06:00:00,6 days 12:00:00,156,22.82,-132.12,996.0,35.9,78.86883806013569,109.75260169929456,95.43529000568267,77.06782288942595,95.79959796637011,0.0,0.0,0.0,0.0,0.0,0.0,0.0,0.0
2026-07-25 18:00:00,EP072026,26,2026-08-01 12:00:00,6 days 18:00:00,162,22.78,-134.11,999.7,40.5,78.29647054831086,83.45220708173936,66.70625584331502,49.352043160519386,63.77388379728762,0.0,0.0,0.0,0.0,0.0,0.0,0.0,0.0
2026-07-25 18:00:00,EP072026,26,2026-08-01 18:00:00,7 days 00:00:00,168,23.18,-135.87,1000.8,33.7,70.10422292630444,0.0,0.0,0.0,0.0,0.0,0.0,0.0,0.0,0.0,0.0,0.0,0.0
2026-07-25 18:00:00,EP072026,26,2026-08-02 00:00:00,7 days 06:00:00,174,23.38,-137.1,1006.2,35.7,46.92689309761292,46.92689309761292,0.0,0.0,5.60687247842749,0.0,0.0,0.0,0.0,0.0,0.0,0.0,0.0
2026-07-25 18:00:00,EP072026,26,2026-08-02 06:00:00,7 days 12:00:00,180,23.23,-138.63,1005.6,34.4,45.83386162320311,45.83386162320311,0.0,0.0,3.561641756611873,0.0,0.0,0.0,0.0,0.0,0.0,0.0,0.0
2026-07-25 18:00:00,EP072026,26,2026-08-02 12:00:00,7 days 18:00:00,186,23.31,-140.52,1006.1,29.1,101.96528883661088,0.0,0.0,0.0,0.0,0.0,0.0,0.0,0.0,0.0,0.0,0.0,0.0
2026-07-25 18:00:00,EP072026,26,2026-08-02 18:00:00,8 days 00:00:00,192,23.64,-141.56,1006.3,26.7,103.6303985376158,0.0,0.0,0.0,0.0,0.0,0.0,0.0,0.0,0.0,0.0,0.0,0.0
2026-07-25 18:00:00,EP072026,26,2026-08-03 00:00:00,8 days 06:00:00,198,23.51,-143.78,1009.9,27.4,114.28211304910464,0.0,0.0,0.0,0.0,0.0,0.0,0.0,0.0,0.0,0.0,0.0,0.0
2026-07-25 18:00:00,WP112026,26,2026-07-25 18:00:00,0 days 00:00:00,0,22.4,115.1,967.0,84.0,27.0,222.0,204.0,167.0,195.0,,,,,,,,
2026-07-25 18:00:00,WP112026,26,2026-07-26 00:00:00,0 days 06:00:00,6,23.1,114.27,960.7,73.5,49.900895975749656,153.8864385722348,117.63114155482378,104.44297914634085,138.97886344570213,84.90141142149344,71.10932084099787,57.105535168077104,70.45637688044602,49.900895975749656,13.629672272880882,11.23237686689505,13.75057621772622
2026-07-25 18:00:00,WP112026,26,2026-07-26 06:00:00,0 days 12:00:00,12,23.8,114.11,984.6,42.5,47.6680329544472,100.95555321272847,81.00320175370899,60.90403807581464,83.98953938533504,0.0,0.0,0.0,0.0,0.0,0.0,0.0,0.0
2026-07-25 18:00:00,WP112026,26,2026-07-26 12:00:00,0 days 18:00:00,18,24.21,113.79,993.7,34.2,33.39366385437342,0.0,7.862087188474497,33.39366385437342,0.1841055379403542,0.0,0.0,0.0,0.0,0.0,0.0,0.0,0.0
2026-07-25 18:00:00,WP112026,26,2026-07-26 18:00:00,1 days 00:00:00,24,25.02,113.43,994.2,27.4,83.65720320120312,0.0,0.0,0.0,0.0,0.0,0.0,0.0,0.0,0.0,0.0,0.0,0.0
2026-07-25 18:00:00,WP112026,26,2026-07-27 00:00:00,1 days 06:00:00,30,25.73,113.48,997.9,25.9,68.73651775290944,0.0,0.0,0.0,0.0,0.0,0.0,0.0,0.0,0.0,0.0,0.0,0.0
2026-07-25 18:00:00,WP112026,26,2026-07-27 06:00:00,1 days 12:00:00,36,26.79,113.34,998.5,21.2,86.73973921266565,0.0,0.0,0.0,0.0,0.0,0.0,0.0,0.0,0.0,0.0,0.0,0.0
2026-07-25 18:00:00,WP112026,26,2026-07-27 12:00:00,1 days 18:00:00,42,27.43,112.62,999.0,22.0,115.35671489325614,0.0,0.0,0.0,0.0,0.0,0.0,0.0,0.0,0.0,0.0,0.0,0.0
2026-07-25 18:00:00,WP112026,26,2026-07-27 18:00:00,2 days 00:00:00,48,28.4,112.8,999.9,21.9,120.11330128292283,0.0,0.0,0.0,0.0,0.0,0.0,0.0,0.0,0.0,0.0,0.0,0.0
2026-07-25 18:00:00,WP112026,26,2026-07-28 00:00:00,2 days 06:00:00,54,29.34,112.54,1005.5,15.4,110.51167383375444,0.0,0.0,0.0,0.0,0.0,0.0,0.0,0.0,0.0,0.0,0.0,0.0
2026-07-25 18:00:00,WP112026,26,2026-07-28 06:00:00,2 days 12:00:00,60,30.17,112.63,1004.7,19.9,133.96483151859633,0.0,0.0,0.0,0.0,0.0,0.0,0.0,0.0,0.0,0.0,0.0,0.0
2026-07-25 18:00:00,EP062026,27,2026-07-25 18:00:00,0 days 00:00:00,0,19.2,-137.0,971.0,86.0,56.0,297.0,241.0,185.0,297.0,130.0,74.0,74.0,111.0,65.0,46.0,37.0,65.0
2026-07-25 18:00:00,EP062026,27,2026-07-26 00:00:00,0 days 06:00:00,6,19.43,-137.87,983.0,72.3,56.19100897701279,203.9341877837137,164.0404894426693,121.12467694920728,189.54639193433275,126.75724215284478,98.21932046668812,76.89709341196232,111.23730599620798,56.19100897701279,37.943099335025416,29.79125423181511,40.31822717109286
2026-07-25 18:00:00,EP062026,27,2026-07-26 06:00:00,0 days 12:00:00,12,19.59,-139.12,971.7,81.0,43.76006903435853,244.33663999410305,204.70661055671604,152.74092785058303,221.5077658045688,126.4927819418159,101.42631388250832,82.55954710799223,113.14619212856076,69.63135941769423,59.58966967233214,49.96109037395654,58.840797311283936
2026-07-25 18:00:00,EP062026,27,2026-07-26 12:00:00,0 days 18:00:00,18,19.74,-140.5,976.4,81.9,22.047202150215675,193.98248748093465,138.03751519924998,110.15589080488736,183.59537336451396,97.45785588790872,73.80937598347239,57.79030459955947,83.68279124376123,57.699346188175056,47.18908157449779,39.32927910953242,49.8248508247206
2026-07-25 18:00:00,EP062026,27,2026-07-26 18:00:00,1 days 00:00:00,24,19.83,-141.45,989.6,69.5,54.25353520210594,211.0689259536684,166.58580890012445,101.13421240797118,171.0203729268061,91.18005504075536,68.52072407345776,47.8584195682259,78.69774366691999,54.25353520210594,28.514339474195125,22.123995888156927,29.77003043280395
2026-07-25 18:00:00,EP062026,27,2026-07-27 00:00:00,1 days 06:00:00,30,19.74,-142.52,980.8,79.6,35.66352721581649,199.9480588492995,152.75221474494168,116.90567646840636,168.69231454697604,45.688971089093954,27.07798738645212,12.787991867845648,36.93852097244846,35.66352721581649,0.0,0.0,2.510076708676237
2026-07-25 18:00:00,EP062026,27,2026-07-27 06:00:00,1 days 12:00:00,36,19.79,-143.61,972.4,80.1,50.61266885884655,204.1851268096653,166.0575851859424,111.6922223322367,175.335894972877,52.07128659500046,29.96788153173028,16.13187234886129,44.18453567583954,50.61266885884655,9.535356788176529,7.387038129484386,12.530658546199335
2026-07-25 18:00:00,EP062026,27,2026-07-27 12:00:00,1 days 18:00:00,42,20.19,-145.15,982.6,79.8,28.03487508627741,214.06109342947093,153.34033913193227,98.287250236171,184.55148132600203,74.52053643612948,49.937806681111056,32.1007038377947,59.25463196520849,28.03487508627741,16.312697926223088,11.920005263079686,17.5646263697735
2026-07-25 18:00:00,EP062026,27,2026-07-27 18:00:00,2 days 00:00:00,48,20.5,-146.36,981.2,75.9,31.006895334058758,216.3192981002433,166.63651294461755,99.14707647067452,190.2353219721676,69.19924670130925,47.05132309948633,28.45258056995736,51.30752559651852,31.006895334058758,1.5843023798817202,0.366155370857651,5.140987649668094
2026-07-25 18:00:00,EP062026,27,2026-07-28 00:00:00,2 days 06:00:00,54,20.9,-147.56,982.0,73.2,31.541863107207995,230.2939816033536,178.74123379291862,108.80040666554068,203.05896630617409,81.52885838742016,56.363037359638014,32.866778959287664,62.87985278372191,31.541863107207995,13.303491452780005,9.583905873731773,17.98586591466281
2026-07-25 18:00:00,EP062026,27,2026-07-28 06:00:00,2 days 12:00:00,60,21.28,-148.94,982.6,77.0,59.89089604577141,248.02644352119296,202.40535791523783,118.01117431940295,206.06737288355004,123.52148841134748,105.53829764783676,72.2741670954691,98.75914473337916,59.89089604577141,43.11267717550905,33.310972110616795,40.357992394033296
2026-07-25 18:00:00,EP062026,27,2026-07-28 12:00:00,2 days 18:00:00,66,21.68,-150.18,982.2,81.0,24.50890773927381,169.46225712095793,144.99768472198582,79.87688519577728,123.1801547163132,24.50890773927381,2.5190003275920105,0.0,3.7792781279026286,24.50890773927381,0.0,0.0,0.0
2026-07-25 18:00:00,EP062026,27,2026-07-28 18:00:00,3 days 00:00:00,72,22.08,-151.38,994.9,61.3,11.04075904302619,159.74229653670176,134.45958044006386,90.06153062599427,131.2019004140057,26.34039440188246,12.958604347212482,2.9419091505755843,16.218167145012874,0.0,0.0,0.0,0.0
2026-07-25 18:00:00,EP062026,27,2026-07-29 00:00:00,3 days 06:00:00,78,22.32,-152.18,992.9,56.9,22.45541190304067,139.30976930079896,116.76141137581789,76.7232993263389,116.5181821592957,22.45541190304067,0.0,0.0,4.356586737176442,0.0,0.0,0.0,0.0
2026-07-25 18:00:00,EP062026,27,2026-07-29 06:00:00,3 days 12:00:00,84,22.93,-153.41,1000.3,45.4,68.23305344731858,194.21206362336775,160.54842044468026,107.75326840278794,156.71217145109588,0.0,0.0,0.0,0.0,0.0,0.0,0.0,0.0
2026-07-25 18:00:00,EP062026,27,2026-07-29 12:00:00,3 days 18:00:00,90,23.28,-154.6,1002.6,42.4,129.48513950640458,187.15533286289715,152.75335132235404,89.53827447925124,146.94361902211358,0.0,0.0,0.0,0.0,0.0,0.0,0.0,0.0
2026-07-25 18:00:00,EP062026,27,2026-07-29 18:00:00,4 days 00:00:00,96,23.58,-155.8,1005.0,38.1,124.69595530879792,124.69595530879792,89.6543013451932,45.87650361550995,93.79785149710148,0.0,0.0,0.0,0.0,0.0,0.0,0.0,0.0
2026-07-25 18:00:00,EP062026,27,2026-07-30 00:00:00,4 days 06:00:00,102,24.2,-156.77,1003.8,36.7,56.51607881518773,56.51607881518773,0.0,0.0,13.267353333207003,0.0,0.0,0.0,0.0,0.0,0.0,0.0,0.0
2026-07-25 18:00:00,EP062026,27,2026-07-30 06:00:00,4 days 12:00:00,108,24.54,-158.27,1006.4,32.0,129.5888140804903,0.0,0.0,0.0,0.0,0.0,0.0,0.0,0.0,0.0,0.0,0.0,0.0
2026-07-25 18:00:00,EP062026,27,2026-07-30 12:00:00,4 days 18:00:00,114,25.2,-159.76,1007.5,30.3,86.22480565276763,0.0,0.0,0.0,0.0,0.0,0.0,0.0,0.0,0.0,0.0,0.0,0.0
2026-07-25 18:00:00,EP062026,27,2026-07-30 18:00:00,5 days 00:00:00,120,25.7,-160.94,1008.8,33.0,64.01875876705776,0.0,0.0,0.0,0.0,0.0,0.0,0.0,0.0,0.0,0.0,0.0,0.0
2026-07-25 18:00:00,EP072026,27,2026-07-25 18:00:00,0 days 00:00:00,0,11.2,-105.1,995.0,54.0,28.0,204.0,167.0,56.0,130.0,56.0,37.0,,,0.0,0.0,0.0,0.0
2026-07-25 18:00:00,EP072026,27,2026-07-26 00:00:00,0 days 06:00:00,6,11.99,-106.35,998.1,52.3,84.33465645954196,177.6425379182403,147.65935410575156,83.26340210592446,126.23884045476808,84.33465645954196,0.0276017024191954,0.0,1.089736357556062,0.0,0.0,0.0,0.0
2026-07-25 18:00:00,EP072026,27,2026-07-26 06:00:00,0 days 12:00:00,12,12.74,-107.6,990.5,64.2,59.192081663148656,186.87699939980035,164.22285229840463,102.94611575300463,148.91426357180515,94.05839126800916,75.53124635450443,55.05602047829222,73.4415725132056,59.192081663148656,23.64317287988863,18.83414890703218,22.67937725089218
2026-07-25 18:00:00,EP072026,27,2026-07-26 12:00:00,0 days 18:00:00,18,13.2,-108.29,982.5,76.7,45.07104919513752,226.07786497279764,189.73306682513655,107.10952981872047,166.2197779077033,122.57982211187364,98.95612965297406,70.83734619882775,96.67288520797727,47.4316386677379,41.25739784829177,31.391308448462286,40.3167361311405
2026-07-25 18:00:00,EP072026,27,2026-07-26 18:00:00,1 days 00:00:00,24,13.93,-109.7,976.2,85.2,31.8449880867977,216.73363534803963,196.08025537155177,101.61288595605222,151.7583928814697,90.66660238572614,69.19595485407021,40.86790670921076,64.97705475824395,31.8449880867977,18.788607122080823,12.89926178738382,17.803854864621794
2026-07-25 18:00:00,EP072026,27,2026-07-27 00:00:00,1 days 06:00:00,30,14.53,-110.7,976.1,84.3,45.57651882585711,189.74205602203764,154.6740386830592,94.661377201636,143.43781956176224,74.17227576076715,51.02125700786634,29.58490164003645,51.82360321494253,45.57651882585711,3.2471921995796063,0.1637458024713717,5.739858796526843
2026-07-25 18:00:00,EP072026,27,2026-07-27 06:00:00,1 days 12:00:00,36,15.08,-111.68,954.4,105.5,45.6729773274509,156.3668704465579,100.786894430509,71.8862241141179,155.38848582124265,77.88976426074026,69.77862066784448,59.85799260791713,71.56264679057017,48.83131586216806,42.56725841917446,36.04767692457841,44.30822400293223
2026-07-25 18:00:00,EP072026,27,2026-07-27 12:00:00,1 days 18:00:00,42,15.61,-112.55,984.9,65.5,50.48001375355534,249.07756044658493,203.42765882750336,130.1380709967193,211.7474615479623,103.53256440967245,75.1005318088367,49.856344190858735,73.31378727233036,50.48001375355534,0.0,0.0,1.7704383714786929
2026-07-25 18:00:00,EP072026,27,2026-07-27 18:00:00,2 days 00:00:00,48,15.99,-112.96,978.9,77.5,42.97965504735401,232.3953437232096,185.100165107687,121.8106531044444,186.4262937235816,90.10491466946137,67.72777854183221,45.526985914388376,71.31385053555402,42.97965504735401,31.838857203376776,23.855203254812963,31.27611429282387
2026-07-25 18:00:00,EP072026,27,2026-07-28 00:00:00,2 days 06:00:00,54,16.56,-113.64,971.9,89.9,31.753853316579296,205.0985610306357,178.67070250536997,114.46137010670498,164.74027662324056,82.79069642213835,60.49530070319827,37.484158317311824,64.06549024849483,37.08597165904854,31.38294654187104,24.653326930338835,31.62776130162692
2026-07-25 18:00:00,EP072026,27,2026-07-28 06:00:00,2 days 12:00:00,60,17.12,-114.24,971.1,87.5,50.426118489264525,199.2107669127505,183.43842667338805,119.31022369629385,155.10609942621977,74.61029330681896,65.15122274448242,45.08285826552655,62.9273889980268,50.426118489264525,41.45227065131809,34.51118491358035,39.31996737791465
2026-07-25 18:00:00,EP072026,27,2026-07-28 12:00:00,2 days 18:00:00,66,17.51,-114.92,982.5,80.4,34.729337805797826,225.5141984914835,205.09127990668696,135.21282476760865,169.18139990882617,83.48280885176482,65.82850085526798,41.47256841182352,64.654694660453,34.729337805797826,17.32808016380561,11.677634036401669,15.441125429664485
2026-07-25 18:00:00,EP072026,27,2026-07-28 18:00:00,3 days 00:00:00,72,17.72,-115.77,977.7,82.0,31.116378395962307,189.58157310229967,150.38945549645666,110.54945874569329,157.97097173958383,81.88761375213949,62.40011681220941,42.259107497206735,68.43391818255228,40.95379064844936,34.50049778531524,26.372231818162877,34.33911029809291
2026-07-25 18:00:00,EP072026,27,2026-07-29 00:00:00,3 days 06:00:00,78,17.79,-116.37,979.4,79.5,35.788716048498685,201.7162645832156,174.614364258048,137.85920576099795,175.1055725411749,66.43503656261645,46.991588943892495,31.933618994262705,54.78402548573696,35.788716048498685,15.423324388304746,11.16588882430086,16.283821235349222
2026-07-25 18:00:00,EP072026,27,2026-07-29 06:00:00,3 days 12:00:00,84,17.99,-117.19,970.3,89.3,38.80767964669299,175.9626836558936,178.1957105096328,145.47344702216037,151.3333589066125,38.80767964669299,0.0,0.0,0.0,38.80767964669299,0.0,0.0,0.0
2026-07-25 18:00:00,EP072026,27,2026-07-29 12:00:00,3 days 18:00:00,90,18.25,-117.91,985.4,70.3,61.7142800333346,213.76491153736083,181.24107067559555,117.65354530100336,173.9243304539914,125.99312216133308,102.94035662799274,81.42079807657922,110.0152451873509,68.9342816814484,63.53964220288722,52.032734378308845,59.51835217913049
2026-07-25 18:00:00,EP072026,27,2026-07-29 18:00:00,4 days 00:00:00,96,18.44,-118.51,985.6,64.8,49.87312491724824,194.766161064932,147.62711231549866,97.08160616481273,161.66713468838995,61.03191819045116,41.62472372379963,24.80403381163756,43.96961453973838,49.87312491724824,0.0,0.0,0.2736350827372225
2026-07-25 18:00:00,EP072026,27,2026-07-30 00:00:00,4 days 06:00:00,102,18.87,-119.26,995.8,59.3,37.04064449697688,190.39069472322467,151.55817510145664,105.15864664197484,157.32141271958426,46.48826238521079,30.559189958076303,13.622336368965245,32.41362237688246,0.0,0.0,0.0,0.0
2026-07-25 18:00:00,EP072026,27,2026-07-30 06:00:00,4 days 12:00:00,108,19.12,-120.23,994.4,60.9,64.8539109965617,220.41758020861607,187.0827468325197,135.18286871387295,182.2074513709672,64.8539109965617,22.828487313999744,11.952132045249105,22.158664376571256,0.0,0.0,0.0,0.0
2026-07-25 18:00:00,EP072026,27,2026-07-30 12:00:00,4 days 18:00:00,114,19.29,-121.35,991.8,54.8,90.26819322834376,244.61481474305648,178.87897197315283,125.75990667707376,205.4859198213281,90.26819322834376,28.07855772184086,18.385955196401884,35.943577890051934,0.0,0.0,0.0,0.0
2026-07-25 18:00:00,EP072026,27,2026-07-30 18:00:00,5 days 00:00:00,120,19.06,-122.25,991.5,57.4,20.944861151196605,165.15059468002588,132.32003060610663,126.98437469618727,164.42070602015843,65.58108188882974,46.3454821081159,32.631577078683165,50.52172498546391,0.0,0.0,0.0,0.0
2026-07-25 18:00:00,EP072026,27,2026-07-31 00:00:00,5 days 06:00:00,126,19.29,-122.83,993.3,55.7,32.273435622634295,180.18109576522,145.054458396168,116.4582725181974,149.50718511609898,32.273435622634295,10.09197582657487,2.657241055311641,13.881966961010612,0.0,0.0,0.0,0.0
2026-07-25 18:00:00,EP072026,27,2026-07-31 06:00:00,5 days 12:00:00,132,19.51,-124.05,1003.9,49.8,78.52935416156338,168.82217957034538,143.5459904123505,130.04431304751486,151.01223619223052,0.0,0.0,0.0,0.0,0.0,0.0,0.0,0.0
2026-07-25 18:00:00,EP072026,27,2026-07-31 12:00:00,5 days 18:00:00,138,19.77,-125.06,1000.5,49.7,54.289763349872686,166.28299596706307,135.12534165050025,113.9496380605136,150.8669047363801,0.0,0.0,0.0,0.0,0.0,0.0,0.0,0.0
2026-07-25 18:00:00,EP072026,27,2026-07-31 18:00:00,6 days 00:00:00,144,20.01,-126.16,1004.5,45.3,58.88787198966304,169.7076175311488,128.54011664563248,99.8230855394018,149.20896097784183,0.0,0.0,0.0,0.0,0.0,0.0,0.0,0.0
2026-07-25 18:00:00,EP072026,27,2026-08-01 00:00:00,6 days 06:00:00,150,20.29,-127.48,1000.2,51.9,97.20930910536902,243.96247084202497,212.56891502314272,159.11651613790116,202.5370274129158,97.20930910536902,0.41802284810319,0.0,6.431938142058783,0.0,0.0,0.0,0.0
2026-07-25 18:00:00,EP072026,27,2026-08-01 06:00:00,6 days 12:00:00,156,20.55,-128.71,999.5,50.4,57.14080326589817,180.1840094688993,142.43957987826587,109.89370590812612,146.9521183448178,0.0,0.0,0.0,57.14080326589817,0.0,0.0,0.0,0.0
2026-07-25 18:00:00,EP072026,27,2026-08-01 12:00:00,6 days 18:00:00,162,20.57,-130.57,1001.9,48.6,45.076871322041775,184.0909735723148,138.90761732070465,96.08291262699622,158.06261646299563,0.0,0.0,0.0,0.0,0.0,0.0,0.0,0.0
2026-07-25 18:00:00,EP072026,27,2026-08-01 18:00:00,7 days 00:00:00,168,21.02,-132.42,1009.9,34.8,136.06687159853158,136.06687159853158,93.0533656423608,57.05418475172932,108.53155608304516,0.0,0.0,0.0,0.0,0.0,0.0,0.0,0.0
2026-07-25 18:00:00,EP072026,27,2026-08-02 00:00:00,7 days 06:00:00,174,21.08,-134.04,1006.1,39.2,140.52182939857738,223.9957409988363,176.30035147658788,117.48128573378575,178.8452661585122,0.0,0.0,0.0,0.0,0.0,0.0,0.0,0.0
2026-07-25 18:00:00,EP072026,27,2026-08-02 06:00:00,7 days 12:00:00,180,21.19,-135.36,1004.6,38.0,56.02155641440463,56.02155641440463,0.0,0.0,2.846411097405266,0.0,0.0,0.0,0.0,0.0,0.0,0.0,0.0
2026-07-25 18:00:00,EP072026,27,2026-08-02 12:00:00,7 days 18:00:00,186,21.41,-136.88,1008.5,31.7,88.83675891367972,0.0,0.0,0.0,0.0,0.0,0.0,0.0,0.0,0.0,0.0,0.0,0.0
2026-07-25 18:00:00,EP072026,27,2026-08-02 18:00:00,8 days 00:00:00,192,21.56,-138.41,1004.1,37.6,128.06358073796724,128.06358073796724,52.06942747983257,25.195576207008006,55.23260492985855,0.0,0.0,0.0,0.0,0.0,0.0,0.0,0.0
2026-07-25 18:00:00,EP072026,27,2026-08-03 00:00:00,8 days 06:00:00,198,21.64,-139.64,1008.0,28.8,75.9223156429682,0.0,0.0,0.0,0.0,0.0,0.0,0.0,0.0,0.0,0.0,0.0,0.0
2026-07-25 18:00:00,EP072026,27,2026-08-03 06:00:00,8 days 12:00:00,204,21.42,-140.94,1008.3,32.1,99.23047275057031,0.0,0.0,0.0,0.0,0.0,0.0,0.0,0.0,0.0,0.0,0.0,0.0
2026-07-25 18:00:00,EP072026,27,2026-08-03 12:00:00,8 days 18:00:00,210,21.92,-141.97,1009.4,26.4,70.9667101503459,0.0,0.0,0.0,0.0,0.0,0.0,0.0,0.0,0.0,0.0,0.0,0.0
2026-07-25 18:00:00,EP072026,27,2026-08-03 18:00:00,9 days 00:00:00,216,22.22,-142.66,1008.7,26.4,87.86894536223411,0.0,0.0,0.0,0.0,0.0,0.0,0.0,0.0,0.0,0.0,0.0,0.0
2026-07-25 18:00:00,WP112026,27,2026-07-25 18:00:00,0 days 00:00:00,0,22.4,115.1,967.0,84.0,27.0,222.0,204.0,167.0,195.0,,,,,,,,
2026-07-25 18:00:00,WP112026,27,2026-07-26 00:00:00,0 days 06:00:00,6,23.39,114.46,963.8,79.4,25.607715467511817,249.45441960332545,224.7282811096071,177.58442571446128,214.07116197128028,122.10841015531872,111.36871463874463,94.08627034189982,111.36728572253168,69.13518409465303,63.04903891243624,52.22733651041324,58.92546388184567
2026-07-25 18:00:00,WP112026,27,2026-07-26 06:00:00,0 days 12:00:00,12,23.79,114.0,975.4,62.9,31.174824501218875,152.10149600715454,114.64292425722648,85.103862654359,133.14928045272518,42.79017396020944,33.03963607623197,22.89999569343469,38.97639314559344,0.0,0.0,0.0,0.0
2026-07-25 18:00:00,WP112026,27,2026-07-26 12:00:00,0 days 18:00:00,18,24.16,114.13,981.3,53.1,49.62739385372206,129.2638394818742,126.42857251338164,85.94169877447632,94.89469869492872,0.0,49.62739385372206,0.0,0.0,0.0,0.0,0.0,0.0
2026-07-25 18:00:00,WP112026,27,2026-07-26 18:00:00,1 days 00:00:00,24,25.39,114.08,990.1,33.5,23.288871262647177,0.0,0.0,0.0,0.0,0.0,0.0,0.0,0.0,0.0,0.0,0.0,0.0
2026-07-25 18:00:00,WP112026,27,2026-07-27 00:00:00,1 days 06:00:00,30,26.25,113.94,996.7,33.2,9.03680113907438,0.0,0.0,0.0,0.0,0.0,0.0,0.0,0.0,0.0,0.0,0.0,0.0
2026-07-25 18:00:00,WP112026,27,2026-07-27 06:00:00,1 days 12:00:00,36,27.67,112.91,996.9,33.3,22.030348872200506,0.0,0.0,0.0,0.0,0.0,0.0,0.0,0.0,0.0,0.0,0.0,0.0
2026-07-25 18:00:00,WP112026,27,2026-07-27 12:00:00,1 days 18:00:00,42,27.7,112.86,1000.6,22.2,107.1483636643154,0.0,0.0,0.0,0.0,0.0,0.0,0.0,0.0,0.0,0.0,0.0,0.0
2026-07-25 18:00:00,WP112026,27,2026-07-27 18:00:00,2 days 00:00:00,48,28.68,112.58,1005.3,12.9,168.63816226479742,0.0,0.0,0.0,0.0,0.0,0.0,0.0,0.0,0.0,0.0,0.0,0.0
2026-07-25 18:00:00,WP112026,27,2026-07-28 00:00:00,2 days 06:00:00,54,29.59,112.59,1004.6,19.3,135.47008655915053,0.0,0.0,0.0,0.0,0.0,0.0,0.0,0.0,0.0,0.0,0.0,0.0
2026-07-25 18:00:00,WP112026,27,2026-07-28 06:00:00,2 days 12:00:00,60,30.37,112.39,1001.7,18.0,118.4296698790998,0.0,0.0,0.0,0.0,0.0,0.0,0.0,0.0,0.0,0.0,0.0,0.0
2026-07-25 18:00:00,WP112026,27,2026-07-28 12:00:00,2 days 18:00:00,66,30.86,112.13,1005.4,13.0,79.26053100653743,0.0,0.0,0.0,0.0,0.0,0.0,0.0,0.0,0.0,0.0,0.0,0.0
2026-07-25 18:00:00,EP062026,28,2026-07-25 18:00:00,0 days 00:00:00,0,19.2,-137.0,971.0,86.0,56.0,297.0,241.0,185.0,297.0,130.0,74.0,74.0,111.0,65.0,46.0,37.0,65.0
2026-07-25 18:00:00,EP062026,28,2026-07-26 00:00:00,0 days 06:00:00,6,19.21,-137.94,971.1,90.5,38.03724268805034,185.9672796141797,163.70595426757097,132.6211566029566,164.7397722326019,89.14321708834412,74.4293650365849,57.35439461068315,76.39011547073885,43.46480024975736,36.64085880906299,29.055040107157964,38.41679546875149
2026-07-25 18:00:00,EP062026,28,2026-07-26 06:00:00,0 days 12:00:00,12,19.75,-138.95,980.7,71.4,76.03241454599853,215.38272516415952,192.8029842402238,154.2012732993841,183.9004013930472,76.03241454599853,1.8745285113719188,0.0,3.8747459184447495,76.03241454599853,0.0,0.0,0.0
2026-07-25 18:00:00,EP062026,28,2026-07-26 12:00:00,0 days 18:00:00,18,19.74,-140.29,991.2,60.8,17.164702628237066,136.03516969962254,95.86285046796904,71.1502243156143,124.80994863593976,55.599682267457126,42.57681012681154,24.72592134841945,44.679699719057496,0.0,0.0,0.0,0.0
2026-07-25 18:00:00,EP062026,28,2026-07-26 18:00:00,1 days 00:00:00,24,19.91,-141.65,989.4,64.3,19.3037301221962,160.82743889211832,129.2371148878509,88.67381167775426,140.00350347258097,66.80540696257535,53.928834046034005,33.79017733297004,54.733919631754205,26.2596158810353,20.875724042272232,13.400608580425176,20.64020214984682
2026-07-25 18:00:00,EP062026,28,2026-07-27 00:00:00,1 days 06:00:00,30,20.05,-143.02,995.6,59.6,42.533860849266816,175.11640680264594,141.5137174997247,94.82797920334392,150.01465145404703,42.533860849266816,4.422819127820171,0.0,5.09289493990819,0.0,0.0,0.0,0.0
2026-07-25 18:00:00,EP062026,28,2026-07-27 06:00:00,1 days 12:00:00,36,20.16,-144.51,1000.1,52.4,51.7572789279263,248.81995281205727,206.90145059432612,163.73006557297032,212.05148170726267,51.7572789279263,0.0,0.0,0.0,0.0,0.0,0.0,0.0
2026-07-25 18:00:00,EP062026,28,2026-07-27 12:00:00,1 days 18:00:00,42,20.53,-145.93,998.1,51.3,37.709618001425554,166.2493642400286,131.9064045608132,88.04498388999171,138.2053611515871,37.709618001425554,20.966541278876427,16.433719773532836,20.92349920528328,0.0,0.0,0.0,0.0
2026-07-25 18:00:00,EP062026,28,2026-07-27 18:00:00,2 days 00:00:00,48,21.1,-147.55,998.6,42.1,54.62258352753679,163.65745561306358,129.15273916141268,96.55649484235892,138.15952569900765,0.0,0.0,0.0,0.0,0.0,0.0,0.0,0.0
2026-07-25 18:00:00,EP062026,28,2026-07-28 00:00:00,2 days 06:00:00,54,21.27,-149.07,1000.2,43.7,61.11292609793017,167.24612558374528,137.37401336175435,102.73745945515584,139.1811098223733,0.0,0.0,0.0,0.0,0.0,0.0,0.0,0.0
2026-07-25 18:00:00,EP062026,28,2026-07-28 06:00:00,2 days 12:00:00,60,21.23,-150.51,1003.4,42.3,103.8279301802626,103.8279301802626,64.26422514229753,38.788805963985325,61.97246961440827,0.0,0.0,0.0,0.0,0.0,0.0,0.0,0.0
2026-07-25 18:00:00,EP062026,28,2026-07-28 12:00:00,2 days 18:00:00,66,21.74,-152.08,1004.3,32.9,68.20221633766442,0.0,0.0,0.0,0.0,0.0,0.0,0.0,0.0,0.0,0.0,0.0,0.0
2026-07-25 18:00:00,EP072026,28,2026-07-25 18:00:00,0 days 00:00:00,0,11.2,-105.1,995.0,54.0,28.0,204.0,167.0,56.0,130.0,56.0,37.0,,,0.0,0.0,0.0,0.0
2026-07-25 18:00:00,EP072026,28,2026-07-26 00:00:00,0 days 06:00:00,6,11.86,-106.27,995.6,57.3,42.46080531843664,111.11048032335792,86.753313767887,57.83537558729503,88.36434724239942,42.46080531843664,5.598553378812326,1.5742821762329724,5.5860373700901125,0.0,0.0,0.0,0.0
2026-07-25 18:00:00,EP072026,28,2026-07-26 06:00:00,0 days 12:00:00,12,12.04,-107.59,985.6,75.1,8.607157571921825,191.46071912074197,167.97263138455463,128.08203284390115,160.3843859228459,73.83364429201933,67.19062114388964,54.88924154599477,61.59192687264425,8.607157571921825,0.0,0.0,0.689191488502408
2026-07-25 18:00:00,EP072026,28,2026-07-26 12:00:00,0 days 18:00:00,18,12.82,-108.63,991.4,65.6,27.53711636723548,143.69389257847706,106.34806491584882,61.63361514744355,110.71703721657904,57.76575150012353,41.39166169408347,22.870662952395328,43.59714841650113,27.53711636723548,14.146388156930572,8.1226546043755,15.526131409129905
2026-07-25 18:00:00,EP072026,28,2026-07-26 18:00:00,1 days 00:00:00,24,13.3,-109.7,992.3,61.9,31.72041746676439,162.3567689817528,121.87519021585877,67.5480562473158,122.89778664963568,31.72041746676439,19.71744438942241,8.935851620628384,20.867301288321016,0.0,0.0,0.0,0.0
2026-07-25 18:00:00,EP072026,28,2026-07-27 00:00:00,1 days 06:00:00,30,14.0,-110.42,983.4,72.5,33.48601989628586,215.33002173020023,170.91843006292336,112.49894718548146,160.6828960832447,89.38041797467746,68.39867136441777,42.53828685597307,72.2909398070816,38.2314006732875,28.77250976050137,18.34394579901744,29.838218966614328
2026-07-25 18:00:00,EP072026,28,2026-07-27 06:00:00,1 days 12:00:00,36,14.39,-111.75,978.2,84.9,23.806984440361305,219.27652273511035,181.64501443332236,130.2062350281309,172.11676599101793,93.44264560012608,76.4701749533491,50.28069736691748,77.5142699519705,40.43255386630835,31.973023571930757,22.137121926113597,32.13786155283859
2026-07-25 18:00:00,EP072026,28,2026-07-27 12:00:00,1 days 18:00:00,42,15.01,-112.45,975.9,83.4,18.669968651436623,216.19000689475536,181.4131635234843,116.6055579601536,173.47212511669358,105.07336199472792,83.37444896872759,54.18715616153752,82.46158768918282,44.79080862440906,35.853747809169114,25.56165218151938,36.19939524316317
2026-07-25 18:00:00,EP072026,28,2026-07-27 18:00:00,2 days 00:00:00,48,15.37,-113.05,974.1,91.0,24.470853391104136,270.5487079243412,219.70855809492969,159.14683973047516,230.28049915418148,131.66212352684136,110.66197697919527,83.02617054140353,113.56447278952656,63.20091746041738,54.39078009898744,41.69919910681489,54.13450512883352
2026-07-25 18:00:00,EP072026,28,2026-07-28 00:00:00,2 days 06:00:00,54,16.03,-113.59,958.3,100.8,21.982020360174992,279.75704972279624,241.4752360499416,158.95976315584522,221.4497506439106,141.8682578111086,119.54637981710712,84.07431959384209,114.79692693912752,68.56385475765107,59.29521111492811,45.28018161697024,57.65145228972718
2026-07-25 18:00:00,EP072026,28,2026-07-28 06:00:00,2 days 12:00:00,60,16.59,-113.94,965.4,90.1,38.354683663216775,225.89356337180564,204.7386896084164,144.9063301485289,184.00953895789456,103.42726421934276,89.3043551607193,67.66853890355289,87.08986132238981,51.72239885168841,44.430896516551286,34.6054474717552,43.4113278454891
2026-07-25 18:00:00,EP072026,28,2026-07-28 12:00:00,2 days 18:00:00,66,16.88,-114.74,962.7,96.4,34.65780207607742,223.18681739334363,182.99679656184856,143.80429675882465,180.04444865916537,101.09018909649228,84.5297666798242,59.675455304334776,84.46793467860533,48.10708998062549,40.44596261325421,29.40012699286021,39.2352394643319
2026-07-25 18:00:00,EP072026,28,2026-07-28 18:00:00,3 days 00:00:00,72,17.14,-115.43,965.6,95.6,11.627978755036215,205.5147560331129,174.55827442858617,128.68179689368458,169.48878026503814,102.6560721311394,82.18337257888595,60.00835620914831,85.30424277843434,49.53852060403019,41.29051695473939,32.240149479065664,42.83774681075313
2026-07-25 18:00:00,EP072026,28,2026-07-29 00:00:00,3 days 06:00:00,78,17.54,-115.76,966.3,91.0,33.0804098985841,291.0314296508494,227.42832338475245,169.94688014468608,233.3463543649254,100.8381440469262,83.73465623450079,61.035898271688346,84.52380036795641,49.57464397647925,41.85802870965452,30.868236876950807,41.69958739588789
2026-07-25 18:00:00,EP072026,28,2026-07-29 06:00:00,3 days 12:00:00,84,17.82,-116.63,981.2,78.4,10.37305978117326,233.7341422029733,193.09089044208463,151.71526598190928,210.66125870226003,88.92651460048431,76.09254030527586,55.64249955061361,76.11113794487164,41.37446766533552,34.90360054449667,26.68095083961144,35.31113792405332
2026-07-25 18:00:00,EP072026,28,2026-07-29 12:00:00,3 days 18:00:00,90,18.32,-117.03,971.4,82.7,39.02455264340495,246.3842226006807,198.60915292046013,151.50974383997357,216.6678346799288,114.38176489322268,93.45613533891088,70.55829974382922,95.68462709939809,53.34204943307782,45.90158962971898,35.482232402219324,45.33998536591525
2026-07-25 18:00:00,EP072026,28,2026-07-29 18:00:00,4 days 00:00:00,96,18.54,-117.9,977.2,72.1,37.33440421972633,315.1421528182791,270.6181812451284,224.9073085750829,257.9999387792392,102.73920509395272,89.69680714532092,69.41032469435117,83.91940616161864,49.78354413429302,43.35553060623276,34.281922325185704,41.78959559888229
2026-07-25 18:00:00,EP072026,28,2026-07-30 00:00:00,4 days 06:00:00,102,19.05,-118.42,975.4,79.7,20.336998155153516,186.27198764239017,157.987120711241,126.71472525978976,153.4029937489291,78.44199268912647,61.034708855533815,41.90501385682923,66.7581231811163,36.25488026084998,28.62307941892311,19.141803304121765,29.493518297653843
2026-07-25 18:00:00,EP072026,28,2026-07-30 06:00:00,4 days 12:00:00,108,19.56,-119.48,981.5,69.2,42.71093241341797,265.7465671495012,219.0192402468421,155.5332672063285,210.4426569502432,94.68494020817823,75.7502302507883,49.09355521166393,76.25599128100008,43.66267110198432,34.41211839632206,24.29161191594416,35.94746977566056
2026-07-25 18:00:00,EP072026,28,2026-07-30 12:00:00,4 days 18:00:00,114,20.09,-120.55,984.3,66.0,17.47052267839618,179.34746497932477,151.15881920301825,111.04289286802296,145.4511218522737,67.11253737490634,52.5467178039444,33.17013218683794,52.98183674399864,27.311280037813034,21.355169860665782,13.167301174209378,21.786019961353357
2026-07-25 18:00:00,EP072026,28,2026-07-30 18:00:00,5 days 00:00:00,120,20.68,-122.07,978.7,73.3,27.878729084178783,185.94725713420883,158.66301722177553,132.4755216155706,163.24185476752584,90.79667920373868,78.16105164746921,59.88990620343835,79.27394277359188,43.18760014325069,37.96625293980438,29.40088866480658,36.819813792159096
2026-07-25 18:00:00,EP072026,28,2026-07-31 00:00:00,5 days 06:00:00,126,21.28,-123.06,981.2,65.3,47.75477170042413,228.59240182049652,201.26061082488437,164.27960824435786,193.0416188323959,142.98574624389698,136.599386320336,115.11434987240506,119.8111258231752,0.0436265138635398,0.0,0.0,47.75477170042413
2026-07-25 18:00:00,EP072026,28,2026-07-31 06:00:00,5 days 12:00:00,132,21.55,-124.15,992.0,53.5,34.77811864034395,236.3612930105716,217.33697502246804,174.20596680205006,214.08211768534443,45.34856550917749,39.38553024315938,30.6088283400004,36.91391209544531,0.0,0.0,0.0,0.0
2026-07-25 18:00:00,EP072026,28,2026-07-31 12:00:00,5 days 18:00:00,138,21.92,-125.54,1001.0,40.0,48.99896135547725,216.362101186269,180.64221733856408,156.61822530049574,191.25326275769092,0.0,0.0,0.0,0.0,0.0,0.0,0.0,0.0
2026-07-25 18:00:00,EP072026,28,2026-07-31 18:00:00,6 days 00:00:00,144,22.24,-126.78,998.0,48.7,49.75715882045832,49.75715882045832,20.78170847873369,19.56015954987987,31.60017778699708,0.0,0.0,0.0,0.0,0.0,0.0,0.0,0.0
2026-07-25 18:00:00,EP072026,28,2026-08-01 00:00:00,6 days 06:00:00,150,22.91,-128.36,1003.2,37.8,60.6881419572312,153.3881764714497,120.25582473423876,99.08885397786582,129.00919582896034,0.0,0.0,0.0,0.0,0.0,0.0,0.0,0.0
2026-07-25 18:00:00,EP072026,28,2026-08-01 06:00:00,6 days 12:00:00,156,23.4,-129.56,1005.4,33.4,122.54608530495425,0.0,0.0,0.0,0.0,0.0,0.0,0.0,0.0,0.0,0.0,0.0,0.0
2026-07-25 18:00:00,EP072026,28,2026-08-01 12:00:00,6 days 18:00:00,162,23.68,-131.3,1008.1,27.2,49.182253394067374,0.0,0.0,0.0,0.0,0.0,0.0,0.0,0.0,0.0,0.0,0.0,0.0
2026-07-25 18:00:00,EP072026,28,2026-08-01 18:00:00,7 days 00:00:00,168,23.88,-132.57,1008.0,27.9,74.83625571514116,0.0,0.0,0.0,0.0,0.0,0.0,0.0,0.0,0.0,0.0,0.0,0.0
2026-07-25 18:00:00,EP072026,28,2026-08-02 00:00:00,7 days 06:00:00,174,24.22,-133.91,1009.9,22.2,118.43117777937358,0.0,0.0,0.0,0.0,0.0,0.0,0.0,0.0,0.0,0.0,0.0,0.0
2026-07-25 18:00:00,EP072026,28,2026-08-02 06:00:00,7 days 12:00:00,180,24.39,-135.23,1009.7,22.5,144.71298578107033,0.0,0.0,0.0,0.0,0.0,0.0,0.0,0.0,0.0,0.0,0.0,0.0
2026-07-25 18:00:00,EP072026,28,2026-08-02 12:00:00,7 days 18:00:00,186,24.85,-136.15,1004.8,26.1,122.3664091793102,0.0,0.0,0.0,0.0,0.0,0.0,0.0,0.0,0.0,0.0,0.0,0.0
2026-07-25 18:00:00,EP072026,28,2026-08-02 18:00:00,8 days 00:00:00,192,25.35,-137.45,1010.3,22.3,137.97228780924684,0.0,0.0,0.0,0.0,0.0,0.0,0.0,0.0,0.0,0.0,0.0,0.0
2026-07-25 18:00:00,EP072026,28,2026-08-03 00:00:00,8 days 06:00:00,198,25.23,-138.26,1008.2,25.9,82.1432235798736,0.0,0.0,0.0,0.0,0.0,0.0,0.0,0.0,0.0,0.0,0.0,0.0
2026-07-25 18:00:00,WP112026,28,2026-07-25 18:00:00,0 days 00:00:00,0,22.4,115.1,967.0,84.0,27.0,222.0,204.0,167.0,195.0,,,,,,,,
2026-07-25 18:00:00,WP112026,28,2026-07-26 00:00:00,0 days 06:00:00,6,22.81,114.61,929.5,120.7,0.0,159.37592551768924,161.17279963902328,150.95910169343978,145.69200796248725,44.51201625815614,40.918973040942745,32.12957032067185,41.62047074060429,25.326899857608844,23.28827516205519,20.806373509689315,24.98144988525189
2026-07-25 18:00:00,WP112026,28,2026-07-26 06:00:00,0 days 12:00:00,12,23.49,114.08,983.1,57.8,48.06902910190524,162.28060902707008,134.81248693066144,96.72667648494792,121.06270080495904,48.06902910190524,8.766041191376384,2.6686985589635097,6.762549474322442,0.0,0.0,0.0,0.0
2026-07-25 18:00:00,WP112026,28,2026-07-26 12:00:00,0 days 18:00:00,18,23.86,113.53,995.5,35.8,48.05858456036808,134.1089622875446,118.32635488991396,96.47146881688175,110.48574195981269,0.0,0.0,0.0,0.0,0.0,0.0,0.0,0.0
2026-07-25 18:00:00,WP112026,28,2026-07-26 18:00:00,1 days 00:00:00,24,24.12,112.9,997.9,23.1,45.56575402341728,0.0,0.0,0.0,0.0,0.0,0.0,0.0,0.0,0.0,0.0,0.0,0.0
2026-07-25 18:00:00,WP112026,28,2026-07-27 00:00:00,1 days 06:00:00,30,25.14,112.9,995.7,27.2,41.104259979564425,0.0,0.0,0.0,0.0,0.0,0.0,0.0,0.0,0.0,0.0,0.0,0.0
2026-07-25 18:00:00,WP112026,28,2026-07-27 06:00:00,1 days 12:00:00,36,26.08,112.68,999.9,19.3,36.44395100163856,0.0,0.0,0.0,0.0,0.0,0.0,0.0,0.0,0.0,0.0,0.0,0.0
2026-07-25 18:00:00,WP112026,28,2026-07-27 12:00:00,1 days 18:00:00,42,27.03,112.69,997.3,20.7,65.78347472588044,0.0,0.0,0.0,0.0,0.0,0.0,0.0,0.0,0.0,0.0,0.0,0.0
2026-07-25 18:00:00,WP112026,28,2026-07-27 18:00:00,2 days 00:00:00,48,27.92,111.57,1000.0,20.1,77.01032137224092,0.0,0.0,0.0,0.0,0.0,0.0,0.0,0.0,0.0,0.0,0.0,0.0
2026-07-25 18:00:00,WP112026,28,2026-07-28 00:00:00,2 days 06:00:00,54,28.99,111.29,1000.6,15.2,76.18402046598116,0.0,0.0,0.0,0.0,0.0,0.0,0.0,0.0,0.0,0.0,0.0,0.0
2026-07-25 18:00:00,WP112026,28,2026-07-28 06:00:00,2 days 12:00:00,60,29.84,110.68,1008.0,15.6,112.14108511326248,0.0,0.0,0.0,0.0,0.0,0.0,0.0,0.0,0.0,0.0,0.0,0.0
2026-07-25 18:00:00,WP112026,28,2026-07-28 12:00:00,2 days 18:00:00,66,31.02,110.42,1006.6,15.4,57.24834503078532,0.0,0.0,0.0,0.0,0.0,0.0,0.0,0.0,0.0,0.0,0.0,0.0
2026-07-25 18:00:00,WP112026,28,2026-07-28 18:00:00,3 days 00:00:00,72,32.2,111.01,1005.0,16.2,60.99784957229926,0.0,0.0,0.0,0.0,0.0,0.0,0.0,0.0,0.0,0.0,0.0,0.0
2026-07-25 18:00:00,EP062026,29,2026-07-25 18:00:00,0 days 00:00:00,0,19.2,-137.0,971.0,86.0,56.0,297.0,241.0,185.0,297.0,130.0,74.0,74.0,111.0,65.0,46.0,37.0,65.0
2026-07-25 18:00:00,EP062026,29,2026-07-26 00:00:00,0 days 06:00:00,6,19.39,-138.09,979.4,70.9,31.93263085362406,236.4616141611332,206.2945099575311,153.54284356570065,190.915637133186,36.59167900014617,25.18812109897263,9.534205705070631,22.78463420210778,31.93263085362406,0.0,0.0,0.0
2026-07-25 18:00:00,EP062026,29,2026-07-26 06:00:00,0 days 12:00:00,12,19.55,-139.53,985.2,69.3,65.51707160443691,209.81010940364956,158.69547445999325,124.88430738268328,184.63656434163383,112.88010877105886,90.35557319537403,72.3150239380541,97.32070824459674,65.51707160443691,41.682420469230976,33.319879092991044,42.72036602011384
2026-07-25 18:00:00,EP062026,29,2026-07-26 12:00:00,0 days 18:00:00,18,19.64,-140.19,988.9,61.3,34.41928637639609,224.8906334102288,181.13749461509892,144.21529070542687,198.50820028089495,117.87074701789447,96.6824950547322,75.93624604940784,101.03438711931906,0.0,0.0,0.0,0.0
2026-07-25 18:00:00,EP062026,29,2026-07-26 18:00:00,1 days 00:00:00,24,19.74,-141.58,984.1,71.3,48.44667926548086,207.5300349879942,170.4078097994345,119.3834271892038,163.1558902577278,89.37596169018352,71.68507231235937,51.56237182321984,72.76606296877418,48.44667926548086,27.863371155426563,21.15093327540648,27.874431162641105
2026-07-25 18:00:00,EP062026,29,2026-07-27 00:00:00,1 days 06:00:00,30,19.99,-142.69,983.7,72.5,53.09793802148796,273.3106933315468,213.781480103668,161.5106915145737,226.8977723428864,64.50178528953305,47.04591042440036,27.051938562022343,48.713434769433405,53.09793802148796,2.795799140535273,0.5687430481592877,4.433335683944633
2026-07-25 18:00:00,EP062026,29,2026-07-27 06:00:00,1 days 12:00:00,36,20.21,-144.4,986.6,66.8,48.39337266916186,307.849347023729,250.03414445376663,195.5483599490872,258.3706291965409,110.93543418045374,90.33564443072964,62.43556618665525,86.75847242819668,48.39337266916186,16.22063659796143,11.861581576778091,17.680296986024473
2026-07-25 18:00:00,EP062026,29,2026-07-27 12:00:00,1 days 18:00:00,42,20.4,-145.71,991.4,59.8,70.7949332971395,363.9017157328626,302.3980606915885,233.74462598366452,305.1405378914727,103.48764706650472,81.44712572108529,55.34557823844058,80.25121459002847,0.0,0.0,0.0,0.0
2026-07-25 18:00:00,EP062026,29,2026-07-27 18:00:00,2 days 00:00:00,48,20.58,-147.44,997.6,50.8,52.00387936129248,200.2597891241826,172.5410034856206,124.7659723686939,164.84622089718232,52.00387936129248,24.559715051498557,15.235570939668545,23.92803327982025,0.0,0.0,0.0,0.0
2026-07-25 18:00:00,EP062026,29,2026-07-28 00:00:00,2 days 06:00:00,54,20.82,-148.16,996.5,55.6,59.63589118256744,245.73807890473967,192.1496404132922,149.0739934193044,199.10793185359103,59.63589118256744,38.35666568530023,24.18343597553628,38.0749356829658,0.0,0.0,0.0,0.0
2026-07-25 18:00:00,EP062026,29,2026-07-28 06:00:00,2 days 12:00:00,60,21.17,-149.22,994.9,55.0,43.334395230470136,204.01162087420653,162.10616109794228,127.67021188787383,164.09981786395383,43.334395230470136,21.12214783380477,12.504159315040454,21.21413413360904,0.0,0.0,0.0,0.0
2026-07-25 18:00:00,EP062026,29,2026-07-28 12:00:00,2 days 18:00:00,66,21.1,-150.58,1002.0,45.4,129.1867601621924,129.1867601621924,21.024784419677463,1.2710671653530907,28.69809643877401,0.0,0.0,0.0,0.0,0.0,0.0,0.0,0.0
2026-07-25 18:00:00,EP062026,29,2026-07-28 18:00:00,3 days 00:00:00,72,21.25,-152.14,1001.8,37.1,122.71608099330707,233.58452892112248,199.50803449486008,156.46509116115544,191.4845344265756,0.0,0.0,0.0,0.0,0.0,0.0,0.0,0.0
2026-07-25 18:00:00,EP062026,29,2026-07-29 00:00:00,3 days 06:00:00,78,21.41,-153.11,1001.3,42.9,112.6922672164742,141.2983217280526,120.27662981314351,81.13249497871561,108.1519795181662,0.0,0.0,0.0,0.0,0.0,0.0,0.0,0.0
2026-07-25 18:00:00,EP062026,29,2026-07-29 06:00:00,3 days 12:00:00,84,21.69,-154.37,1006.1,35.7,128.7662350926276,188.58180315046823,163.84002779979107,122.44973132745976,148.3090954544905,0.0,0.0,0.0,0.0,0.0,0.0,0.0,0.0
2026-07-25 18:00:00,EP062026,29,2026-07-29 12:00:00,3 days 18:00:00,90,22.15,-155.52,1005.1,36.9,156.41033949061284,156.41033949061284,10.086985379450198,0.0,10.626338388220006,0.0,0.0,0.0,0.0,0.0,0.0,0.0,0.0
2026-07-25 18:00:00,EP062026,29,2026-07-29 18:00:00,4 days 00:00:00,96,22.24,-156.86,1006.9,36.6,169.45485577074504,169.45485577074504,115.7251241111984,83.08835145734855,105.70990813157432,0.0,0.0,0.0,0.0,0.0,0.0,0.0,0.0
2026-07-25 18:00:00,EP062026,29,2026-07-30 00:00:00,4 days 06:00:00,102,22.13,-158.23,1006.3,33.2,70.88513712617927,0.0,0.0,0.0,0.0,0.0,0.0,0.0,0.0,0.0,0.0,0.0,0.0
2026-07-25 18:00:00,EP072026,29,2026-07-25 18:00:00,0 days 00:00:00,0,11.2,-105.1,995.0,54.0,28.0,204.0,167.0,56.0,130.0,56.0,37.0,,,0.0,0.0,0.0,0.0
2026-07-25 18:00:00,EP072026,29,2026-07-26 00:00:00,0 days 06:00:00,6,11.98,-106.73,993.2,60.8,50.8052763299856,91.3585167719748,65.10935391355824,28.59391087428845,55.85620519831984,50.8052763299856,0.3737711781960211,0.0,0.0,0.0,0.0,0.0,0.0
2026-07-25 18:00:00,EP072026,29,2026-07-26 06:00:00,0 days 12:00:00,12,12.26,-107.61,995.6,56.5,55.31372410309814,159.93213837452302,127.19140695965484,79.64557402074507,116.5682913989415,55.31372410309814,9.959430321040225,2.2244241739696538,8.86526151238372,0.0,0.0,0.0,0.0
2026-07-25 18:00:00,EP072026,29,2026-07-26 12:00:00,0 days 18:00:00,18,13.07,-108.9,990.6,66.0,35.17018434572762,219.31790044900464,181.8544738622128,110.10044925622331,164.65380728958826,57.93646442360208,43.49177387303507,23.783565816427515,41.328551873643015,35.17018434572762,4.116400548945592,1.7294923532273772,4.9028343768419935
2026-07-25 18:00:00,EP072026,29,2026-07-26 18:00:00,1 days 00:00:00,24,13.85,-109.82,988.4,64.5,53.69120654282124,168.22013774056256,134.76107361428512,79.13584513468732,117.3099150534904,53.69120654282124,7.279048898303957,0.1834412633745744,7.251766295059458,53.69120654282124,0.0913457697446136,0.0,0.0
2026-07-25 18:00:00,EP072026,29,2026-07-27 00:00:00,1 days 06:00:00,30,14.17,-110.85,976.0,82.3,25.862876920627777,197.59480569050487,155.0597757594161,92.9761762662662,144.50182105319564,45.33837114132525,28.284286256014138,13.023963548147332,30.78251101150697,25.862876920627777,4.068067569723611,1.275030437280393,5.212208235831365
2026-07-25 18:00:00,EP072026,29,2026-07-27 06:00:00,1 days 12:00:00,36,14.95,-111.75,972.4,83.8,15.481848925378609,217.38463428104728,185.08994173814585,111.7734415787318,172.4009334989054,59.631619830677096,40.458608540084114,18.130505724639885,43.334027788976485,15.481848925378609,9.787283257047498,4.517965431441463,10.49992500935364
2026-07-25 18:00:00,EP072026,29,2026-07-27 12:00:00,1 days 18:00:00,42,15.52,-112.46,965.9,96.6,10.5924569576954,208.93094019581065,166.44954813813814,79.41358560474903,156.22490806214878,97.6282220769224,72.24333331481438,45.06634774116071,75.7893851074071,50.20905725774864,41.86026895068952,29.96307933517445,41.03961226826807
2026-07-25 18:00:00,EP072026,29,2026-07-27 18:00:00,2 days 00:00:00,48,16.03,-113.14,956.5,108.6,23.28053037061848,243.1438267609031,213.94658819562568,130.3819865588448,194.2677746415747,96.25695220812182,78.60946830356109,51.18603428264348,75.19014676742232,40.114084653753125,33.42843179378482,23.91244920514453,33.68591078631178
2026-07-25 18:00:00,EP072026,29,2026-07-28 00:00:00,2 days 06:00:00,54,16.45,-113.76,950.8,109.3,6.460535482985261,223.26863339770864,211.7102600332114,138.07357480999565,185.83264288732985,40.328069615591744,28.386886983573795,10.731740266615022,26.94774892628381,15.723805677401277,10.52797110315124,6.232601109029444,12.55548272533412
2026-07-25 18:00:00,EP072026,29,2026-07-28 06:00:00,2 days 12:00:00,60,16.94,-114.27,966.0,97.6,27.052163349927117,224.06200081888775,192.139169508496,116.58621501403763,175.6998940119505,62.72222367147373,43.44210078230649,24.52516595765381,47.28442061040688,27.052163349927117,15.47312172188137,9.890189182169845,17.113599874239465
2026-07-25 18:00:00,EP072026,29,2026-07-28 12:00:00,2 days 18:00:00,66,17.32,-115.15,959.3,97.2,24.507124320561687,217.17274700886423,174.11269541862447,109.99384872706123,180.74426234205976,71.59642287440309,46.269483776713415,28.37561041803784,57.82793484817995,30.90880832177811,23.42391203907769,15.782164761597382,25.970386217440925
2026-07-25 18:00:00,EP072026,29,2026-07-28 18:00:00,3 days 00:00:00,72,17.78,-115.59,963.8,97.3,19.72651353385811,200.0913099788713,192.696254438749,123.1406769173076,149.5829675416508,58.29065391605221,45.42510471314098,26.303793099971813,42.4642611286908,20.49459040891864,16.976064787513817,11.344034609374908,16.819361231891293
2026-07-25 18:00:00,EP072026,29,2026-07-29 00:00:00,3 days 06:00:00,78,18.29,-116.44,955.9,90.5,21.156260925128947,298.61950940925635,269.10838430896524,205.8457859299333,250.36931769041848,95.5919619803127,71.70110795985681,47.28643538559072,74.2597516579902,31.48191066229461,24.135474110278267,17.45906278770982,26.31000940549681
2026-07-25 18:00:00,EP072026,29,2026-07-29 06:00:00,3 days 12:00:00,84,18.4,-117.26,971.6,92.0,44.79119141508428,227.0429142348509,167.6437918387093,116.4692663544996,179.94529710268836,119.33384498320218,91.9600806857779,70.89414302502942,102.0240620719091,60.46798198262505,51.2957353963738,40.54086743192965,52.016884446698334
2026-07-25 18:00:00,EP072026,29,2026-07-29 12:00:00,3 days 18:00:00,90,18.7,-117.96,969.3,89.8,31.99252051847246,219.97044161208348,187.13194970815732,126.92493583053168,197.9889210175992,102.42347234025776,80.9063755873288,58.21876269593339,87.0137701112989,49.371314207553695,41.07394562646443,31.383294554114137,41.8115690964588
2026-07-25 18:00:00,EP072026,29,2026-07-29 18:00:00,4 days 00:00:00,96,18.99,-119.02,983.3,73.1,42.27480657633495,221.72681026096495,171.83600659315636,130.92065223505645,186.4021534316204,135.007900212803,110.27540068525228,83.08848820707794,112.08431260262807,58.77821615354661,50.566900727911566,38.56409123480449,49.93203062058535
2026-07-25 18:00:00,EP072026,29,2026-07-30 00:00:00,4 days 06:00:00,102,19.39,-120.1,982.7,65.0,21.1120700186008,234.09938380776003,181.6747475903965,131.00708802660728,197.6320372002633,109.03448010289851,88.60618322050502,64.25083642710942,87.62030166630059,40.81091231891846,34.79593030218992,26.28057724212022,33.6413931265652
2026-07-25 18:00:00,EP072026,29,2026-07-30 06:00:00,4 days 12:00:00,108,19.8,-121.38,986.3,64.0,20.742786431277523,226.0173996888145,184.95447537668,142.07977685822038,197.1939362443445,55.07252671148825,41.14170434555001,23.831066660987773,40.066787859824274,0.0,0.0,0.0,0.0
2026-07-25 18:00:00,EP072026,29,2026-07-30 12:00:00,4 days 18:00:00,114,20.17,-122.02,991.2,58.8,37.4502083921217,238.92652855552484,197.793221617548,148.03576375491087,203.8993726838808,62.25875008640855,45.93194934395056,29.027827084971207,47.65267254056303,0.0,0.0,0.0,0.0
2026-07-25 18:00:00,EP072026,29,2026-07-30 18:00:00,5 days 00:00:00,120,20.82,-123.57,994.5,48.9,60.41542352271206,226.95338283906943,188.32222201752825,129.8619621094458,182.81950418819247,0.0,0.0,0.0,0.0,0.0,0.0,0.0,0.0
2026-07-25 18:00:00,EP072026,29,2026-07-31 00:00:00,5 days 06:00:00,126,21.04,-124.93,996.4,49.1,88.35106348850535,237.6062112891709,185.3937517437388,146.16427442906632,179.8223489724428,0.0,0.0,0.0,0.0,0.0,0.0,0.0,0.0
2026-07-25 18:00:00,EP072026,29,2026-07-31 06:00:00,5 days 12:00:00,132,21.34,-126.23,998.8,45.1,120.27449288879144,200.38897345207764,150.74897514941955,113.87237736087836,147.97869092598694,0.0,0.0,0.0,0.0,0.0,0.0,0.0,0.0
2026-07-25 18:00:00,EP072026,29,2026-07-31 12:00:00,5 days 18:00:00,138,21.64,-127.57,999.8,42.9,49.6501122300154,132.3957918087228,93.58152133381422,54.36370527851578,93.56392363074926,0.0,0.0,0.0,0.0,0.0,0.0,0.0,0.0
2026-07-25 18:00:00,EP072026,29,2026-07-31 18:00:00,6 days 00:00:00,144,21.7,-128.94,1002.7,35.7,36.092734978507,50.47964423309986,27.306861059498036,16.767861484542664,39.393363907644016,0.0,0.0,0.0,0.0,0.0,0.0,0.0,0.0
2026-07-25 18:00:00,EP072026,29,2026-08-01 00:00:00,6 days 06:00:00,150,22.18,-130.03,999.7,38.5,51.12151892434599,63.69467460794772,38.755080322641845,25.25988495251198,46.474943805019166,0.0,0.0,0.0,0.0,0.0,0.0,0.0,0.0
2026-07-25 18:00:00,EP072026,29,2026-08-01 06:00:00,6 days 12:00:00,156,22.39,-131.01,1005.9,36.3,82.90052290878396,82.90052290878396,0.0,2.8643989191363346,24.052779823800247,0.0,0.0,0.0,0.0,0.0,0.0,0.0,0.0
2026-07-25 18:00:00,EP072026,29,2026-08-01 12:00:00,6 days 18:00:00,162,23.05,-132.24,1003.9,32.7,129.285912238771,0.0,0.0,0.0,0.0,0.0,0.0,0.0,0.0,0.0,0.0,0.0,0.0
2026-07-25 18:00:00,EP072026,29,2026-08-01 18:00:00,7 days 00:00:00,168,23.71,-133.74,1001.1,38.8,119.87083075002548,119.87083075002548,16.835186502298498,6.646754471427419,24.32339911961002,0.0,0.0,0.0,0.0,0.0,0.0,0.0,0.0
2026-07-25 18:00:00,EP072026,29,2026-08-02 00:00:00,7 days 06:00:00,174,23.88,-135.49,1008.0,34.5,193.19349246763196,308.2189183787013,264.08643639938964,216.8516688166463,247.92331565559675,0.0,0.0,0.0,0.0,0.0,0.0,0.0,0.0
2026-07-25 18:00:00,EP072026,29,2026-08-02 06:00:00,7 days 12:00:00,180,23.86,-136.94,1007.3,29.7,79.00498984218063,0.0,0.0,0.0,0.0,0.0,0.0,0.0,0.0,0.0,0.0,0.0,0.0
2026-07-25 18:00:00,EP072026,29,2026-08-02 12:00:00,7 days 18:00:00,186,23.95,-138.39,1003.6,32.2,79.74848310152186,0.0,0.0,0.0,0.0,0.0,0.0,0.0,0.0,0.0,0.0,0.0,0.0
2026-07-25 18:00:00,EP072026,29,2026-08-02 18:00:00,8 days 00:00:00,192,24.42,-139.07,1006.5,27.9,70.57966403811861,0.0,0.0,0.0,0.0,0.0,0.0,0.0,0.0,0.0,0.0,0.0,0.0
2026-07-25 18:00:00,EP072026,29,2026-08-03 00:00:00,8 days 06:00:00,198,24.88,-139.98,1004.3,30.9,193.6165344984478,0.0,0.0,0.0,0.0,0.0,0.0,0.0,0.0,0.0,0.0,0.0,0.0
2026-07-25 18:00:00,WP112026,29,2026-07-25 18:00:00,0 days 00:00:00,0,22.4,115.1,967.0,84.0,27.0,222.0,204.0,167.0,195.0,,,,,,,,
2026-07-25 18:00:00,WP112026,29,2026-07-26 00:00:00,0 days 06:00:00,6,23.23,114.51,966.8,79.1,34.53312775368684,119.4850246806463,108.0938278012796,70.08782873427127,73.99080998919256,34.53312775368684,0.0,0.0,1.973150607862268,34.53312775368684,0.0,0.0,0.0
2026-07-25 18:00:00,WP112026,29,2026-07-26 06:00:00,0 days 12:00:00,12,23.69,114.14,978.7,59.5,27.11849260578484,140.57080029638388,121.03452048239484,95.45228785227984,109.69792966012196,27.11849260578484,17.41265158784169,10.178994817270224,16.082641369553414,0.0,0.0,0.0,0.0
2026-07-25 18:00:00,WP112026,29,2026-07-26 12:00:00,0 days 18:00:00,18,24.22,113.94,985.4,48.5,2.171533930711547,212.31098795489697,209.3418827535181,164.0145400683548,170.0512407386617,0.0,0.0,0.0,0.0,0.0,0.0,0.0,0.0
2026-07-25 18:00:00,WP112026,29,2026-07-26 18:00:00,1 days 00:00:00,24,24.97,113.6,1001.0,20.5,77.12722194195982,0.0,0.0,0.0,0.0,0.0,0.0,0.0,0.0,0.0,0.0,0.0,0.0
2026-07-25 18:00:00,WP112026,29,2026-07-27 00:00:00,1 days 06:00:00,30,26.43,113.61,1001.1,23.2,100.12997890619184,0.0,0.0,0.0,0.0,0.0,0.0,0.0,0.0,0.0,0.0,0.0,0.0
2026-07-25 18:00:00,WP112026,29,2026-07-27 06:00:00,1 days 12:00:00,36,27.5,113.03,1002.6,21.1,108.5574821128222,0.0,0.0,0.0,0.0,0.0,0.0,0.0,0.0,0.0,0.0,0.0,0.0
2026-07-25 18:00:00,WP112026,29,2026-07-27 12:00:00,1 days 18:00:00,42,27.95,112.77,1006.2,15.8,117.08540792109406,0.0,0.0,0.0,0.0,0.0,0.0,0.0,0.0,0.0,0.0,0.0,0.0
2026-07-25 18:00:00,EP062026,3,2026-07-25 18:00:00,0 days 00:00:00,0,19.2,-137.0,971.0,86.0,56.0,297.0,241.0,185.0,297.0,130.0,74.0,74.0,111.0,65.0,46.0,37.0,65.0
2026-07-25 18:00:00,EP062026,3,2026-07-26 00:00:00,0 days 06:00:00,6,19.42,-138.23,980.8,72.3,42.75543048392637,182.57362049007585,167.81432447177275,122.03321069923476,156.4497285694544,68.48247843021802,48.92700864776872,30.78697440453675,52.21176459993245,42.75543048392637,7.326443632568172,3.5283778832781643,7.899280906903962
2026-07-25 18:00:00,EP062026,3,2026-07-26 06:00:00,0 days 12:00:00,12,19.69,-139.4,979.8,81.3,31.31732435717053,210.04486340683985,172.87059142369282,114.59803558467704,174.99884877113334,91.2289222171425,70.61086607769369,51.47476482289282,78.25933314713433,46.07887700774063,38.37963362010663,31.75733746779036,39.43676254773757
2026-07-25 18:00:00,EP062026,3,2026-07-26 12:00:00,0 days 18:00:00,18,19.72,-140.54,977.5,82.3,19.62448790062261,203.3407786563748,161.62995517669043,131.8018018229302,179.62040781004282,65.5246557783424,47.305180049227104,34.87063857151042,57.2686382606507,35.26545841220897,29.040086737369773,24.864835357785037,30.483833176510046
2026-07-25 18:00:00,EP062026,3,2026-07-26 18:00:00,1 days 00:00:00,24,19.95,-141.59,994.2,60.1,42.28590510161615,185.04306477897185,137.58687641469285,101.83079605463637,155.8278951911631,42.28590510161615,25.131420140159136,11.966381532415747,31.87229524132318,0.0,0.0,0.0,0.0
2026-07-25 18:00:00,EP062026,3,2026-07-27 00:00:00,1 days 06:00:00,30,20.25,-143.03,987.5,59.5,44.02426585151255,201.24780951329728,155.1215399700599,96.98767982510566,164.81245591257522,93.89392186142942,71.95586517696995,50.91546629414212,75.38798071524342,0.0,0.0,0.0,0.0
2026-07-25 18:00:00,EP062026,3,2026-07-27 06:00:00,1 days 12:00:00,36,20.55,-143.99,988.9,70.0,27.34923765159106,169.55711688192457,130.7042444519652,89.92096488295141,146.593755878654,54.73930839372272,37.71801677397153,22.531389147254213,41.13359741738383,27.34923765159106,0.0,0.0,1.0257061754156127
2026-07-25 18:00:00,EP062026,3,2026-07-27 12:00:00,1 days 18:00:00,42,20.74,-145.4,989.2,64.4,50.02854843840214,260.71653179354325,192.6950047753344,135.68854361993726,219.40907579449413,50.02854843840214,20.00557902406399,12.216563972355743,22.169876679618028,50.02854843840214,0.0,0.0,0.1147662487306888
2026-07-25 18:00:00,EP062026,3,2026-07-27 18:00:00,2 days 00:00:00,48,21.01,-146.6,996.6,54.5,85.11051731759827,283.44038605878245,204.0828812946216,130.02033047498315,238.6844328165383,85.11051731759827,38.00046724364552,21.10245869299084,43.405053001255546,0.0,0.0,0.0,0.0
2026-07-25 18:00:00,EP062026,3,2026-07-28 00:00:00,2 days 06:00:00,54,21.34,-148.13,991.1,58.9,71.00725763227777,228.1804237516955,195.78499453362755,125.62231639645196,182.07422433853608,71.00725763227777,5.509220608042817,0.0,5.742051884792165,0.0,0.0,0.0,0.0
2026-07-25 18:00:00,EP062026,3,2026-07-28 06:00:00,2 days 12:00:00,60,21.04,-149.84,997.3,51.9,107.0807970165624,216.96196837774997,187.97699621123243,152.98451576495992,192.41385938600143,107.0807970165624,0.3765091273532581,0.0,0.0,0.0,0.0,0.0,0.0
2026-07-25 18:00:00,EP062026,3,2026-07-28 12:00:00,2 days 18:00:00,66,21.77,-150.92,1002.9,48.0,75.4023299918579,157.41185122881313,125.57053256770288,68.35690303769762,124.47876079235353,0.0,0.0,0.0,0.0,0.0,0.0,0.0,0.0
2026-07-25 18:00:00,EP062026,3,2026-07-28 18:00:00,3 days 00:00:00,72,22.03,-152.25,999.4,41.7,155.86996203584846,270.44617705430466,216.0578386232974,145.9973680794259,211.53814416520797,0.0,0.0,0.0,0.0,0.0,0.0,0.0,0.0
2026-07-25 18:00:00,EP062026,3,2026-07-29 00:00:00,3 days 06:00:00,78,22.45,-153.54,1003.1,39.5,67.55672816288521,67.55672816288521,16.21031735976579,2.386207839455688,22.727842483344443,0.0,0.0,0.0,0.0,0.0,0.0,0.0,0.0
2026-07-25 18:00:00,EP062026,3,2026-07-29 06:00:00,3 days 12:00:00,84,22.58,-154.51,1006.2,34.9,55.77106121621778,55.77106121621778,0.0,0.0,0.0,0.0,0.0,0.0,0.0,0.0,0.0,0.0,0.0
2026-07-25 18:00:00,EP062026,3,2026-07-29 12:00:00,3 days 18:00:00,90,22.91,-155.09,1004.8,37.2,102.87444360308322,102.87444360308322,0.2748731113007636,0.0,6.790703623855727,0.0,0.0,0.0,0.0,0.0,0.0,0.0,0.0
2026-07-25 18:00:00,EP062026,3,2026-07-29 18:00:00,4 days 00:00:00,96,23.28,-156.6,1004.5,33.1,63.98496185765847,0.0,0.0,0.0,0.0,0.0,0.0,0.0,0.0,0.0,0.0,0.0,0.0
2026-07-25 18:00:00,EP062026,3,2026-07-30 00:00:00,4 days 06:00:00,102,23.48,-157.69,1006.2,36.4,99.84334851393214,99.84334851393214,3.500725281667087,0.0,10.566238613619191,0.0,0.0,0.0,0.0,0.0,0.0,0.0,0.0
2026-07-25 18:00:00,EP062026,3,2026-07-30 06:00:00,4 days 12:00:00,108,23.14,-159.12,1007.9,28.6,143.9573963009273,0.0,0.0,0.0,0.0,0.0,0.0,0.0,0.0,0.0,0.0,0.0,0.0
2026-07-25 18:00:00,EP062026,3,2026-07-30 12:00:00,4 days 18:00:00,114,23.9,-160.38,1011.0,25.3,141.6012950294039,0.0,0.0,0.0,0.0,0.0,0.0,0.0,0.0,0.0,0.0,0.0,0.0
2026-07-25 18:00:00,EP072026,3,2026-07-25 18:00:00,0 days 00:00:00,0,11.2,-105.1,995.0,54.0,28.0,204.0,167.0,56.0,130.0,56.0,37.0,,,0.0,0.0,0.0,0.0
2026-07-25 18:00:00,EP072026,3,2026-07-26 00:00:00,0 days 06:00:00,6,11.93,-105.59,975.1,91.1,23.99424594157547,214.3476836840544,171.75205757081736,125.04442982416982,183.2449218834373,126.42727095223098,112.6603325580246,88.25761616580894,106.20956962987933,64.92388306814365,58.20421048534213,47.53160236583075,56.31559263436537
2026-07-25 18:00:00,EP072026,3,2026-07-26 06:00:00,0 days 12:00:00,12,12.43,-107.46,999.3,52.8,97.24189914746822,186.6032191056922,155.09314835242583,101.41908550461623,150.25322715685363,97.24189914746822,0.0,0.0,0.9598594604137536,0.0,0.0,0.0,0.0
2026-07-25 18:00:00,EP072026,3,2026-07-26 12:00:00,0 days 18:00:00,18,13.01,-108.57,995.8,59.2,43.18884759471232,181.7722978943953,152.5499182545773,68.20617356725167,130.72518889851375,43.18884759471232,0.0,0.0,2.524895889564302,0.0,0.0,0.0,0.0
2026-07-25 18:00:00,EP072026,3,2026-07-26 18:00:00,1 days 00:00:00,24,13.57,-109.79,993.3,61.3,52.9009448238756,172.33289575177747,145.88847200877169,80.03700876178482,124.56687013255844,52.9009448238756,9.512555329171809,4.117314000046658,8.010491819020498,0.0,0.0,0.0,0.0
2026-07-25 18:00:00,EP072026,3,2026-07-27 00:00:00,1 days 06:00:00,30,14.16,-110.7,991.0,64.8,56.38269397405499,214.6482633650696,182.07399971836745,111.97032258495209,167.9310652519446,99.59920463686862,76.37742501205557,52.28425878000744,75.99826640261908,56.38269397405499,12.45012832434191,8.473721242166889,11.619991830074564
2026-07-25 18:00:00,EP072026,3,2026-07-27 06:00:00,1 days 12:00:00,36,14.53,-111.7,972.9,94.5,12.156330769518872,208.66832237140136,159.28211660161293,86.63836747340682,163.18406370442025,61.78626218518487,41.98659307783938,22.908038584212285,40.459767872556576,12.156330769518872,0.0,0.0,1.1036633155574127
2026-07-25 18:00:00,EP072026,3,2026-07-27 12:00:00,1 days 18:00:00,42,15.32,-112.82,943.8,122.8,6.393614836446162,218.29064692146557,187.02208267982076,117.70420800181311,175.92500341764938,57.20891806185606,38.65226084822252,19.211889318913546,40.06760377079158,8.974576326717377,4.856684897660753,2.549329755586345,7.975608966158062
2026-07-25 18:00:00,EP072026,3,2026-07-27 18:00:00,2 days 00:00:00,48,15.99,-113.58,962.7,102.1,10.481667199737828,348.42723868607976,269.9723467096284,177.62121876144505,292.75484115722486,132.70715328124132,98.51671770623366,64.94603051618775,102.93833848146409,34.324854980497264,26.34124197821717,19.21036615962219,30.264516527903936
2026-07-25 18:00:00,EP072026,3,2026-07-28 00:00:00,2 days 06:00:00,54,16.35,-114.03,970.6,91.6,37.4180146666511,242.10917589066256,210.73485950863585,154.25387062870888,197.12929592999836,42.75964002735996,22.082889171175903,7.964570229066318,28.70980781663171,37.4180146666511,0.509376516455859,0.0,2.872707802726404
2026-07-25 18:00:00,EP072026,3,2026-07-28 06:00:00,2 days 12:00:00,60,16.58,-114.95,945.6,116.8,35.64034245443989,140.87630619342335,128.76076500529604,126.12864368263784,132.07122022680252,71.12011838458953,69.24283679958316,61.46918616119135,69.75840429868106,45.55178706717878,40.96847836126169,34.8849411195107,42.04687391075672
2026-07-25 18:00:00,EP072026,3,2026-07-28 12:00:00,2 days 18:00:00,66,17.51,-115.48,983.6,71.6,42.20137269690467,310.9355218805574,271.1391550821013,172.6535900671165,248.05216158496785,68.15768864701374,52.21110340748682,30.670622831867053,42.65134025514779,42.20137269690467,0.0,0.0,0.0
2026-07-25 18:00:00,EP072026,3,2026-07-28 18:00:00,3 days 00:00:00,72,17.89,-116.62,987.5,66.5,68.87240333812534,262.42439094369126,217.246877864056,148.37776001318127,219.4311631884527,72.33912463237738,53.88888522303999,35.62213658405408,48.90870004022497,68.87240333812534,0.0,0.0,0.6088389605420583
2026-07-25 18:00:00,EP072026,3,2026-07-29 00:00:00,3 days 06:00:00,78,17.76,-117.01,971.1,91.8,26.90991812580524,207.8968627622028,175.64194237003292,131.6502648928767,182.5171843902056,72.17518244672002,53.93948473849355,37.032194050120665,60.66835367203828,26.90991812580524,15.287366629748904,9.481414733407457,14.824275527837868
2026-07-25 18:00:00,EP072026,3,2026-07-29 06:00:00,3 days 12:00:00,84,18.04,-117.99,971.9,80.9,23.931165587332043,221.4805839543305,190.16412053867063,141.7594652738208,189.69325769651232,80.48880585776278,61.335420767909,42.17716610901446,65.09180916707109,23.931165587332043,16.05175780021176,11.322662056122118,15.811880265934663
2026-07-25 18:00:00,EP072026,3,2026-07-29 12:00:00,3 days 18:00:00,90,18.22,-118.73,990.7,68.8,42.92873295137963,214.73826857686385,168.34722174745178,122.35672350497272,187.51256796732733,98.42381615617003,74.82928209010396,49.6458755868711,72.83604361514327,42.92873295137963,9.84008683703078,6.902357279319364,11.07437817557646
2026-07-25 18:00:00,EP072026,3,2026-07-29 18:00:00,4 days 00:00:00,96,18.13,-119.37,980.9,80.8,23.41519779829821,199.64713368682263,188.00409780313043,143.40961639779033,161.89536565487978,0.0,23.41519779829821,0.3434036227266634,0.2343593999949549,0.0,23.41519779829821,0.3434036227266634,0.2343593999949549
2026-07-25 18:00:00,EP072026,3,2026-07-30 00:00:00,4 days 06:00:00,102,18.31,-119.97,982.4,62.5,49.1786014460578,201.52342898563785,164.2288276450583,109.13022313233182,164.8520060377973,86.60974749487377,61.76330258820809,38.19128847284102,67.2099539224549,0.0,0.0,0.0,0.0
2026-07-25 18:00:00,EP072026,3,2026-07-30 06:00:00,4 days 12:00:00,108,18.69,-120.68,991.8,57.9,43.45690006123522,253.54406742823775,203.4628463158058,165.2907924225263,231.19046165562156,117.3410709092642,97.73528030826192,72.7691529163725,89.5377630987565,0.0,0.0,0.0,0.0
2026-07-25 18:00:00,EP072026,3,2026-07-30 12:00:00,4 days 18:00:00,114,19.09,-121.43,990.9,59.3,56.083378765626975,195.7362359346364,159.9929002922696,116.20532647151072,167.9305040249874,56.083378765626975,15.747540244457484,6.265656742529714,18.39677815790849,0.0,0.0,0.0,0.0
2026-07-25 18:00:00,EP072026,3,2026-07-30 18:00:00,5 days 00:00:00,120,19.63,-122.45,997.0,53.6,116.82135523797706,251.1225338518261,200.5660555289637,138.61807535249818,191.59455553663884,116.82135523797706,16.51240534061074,6.297055296153857,19.68142620955757,0.0,0.0,0.0,0.0
2026-07-25 18:00:00,EP072026,3,2026-07-31 00:00:00,5 days 06:00:00,126,19.75,-123.75,991.6,62.8,49.91088322013639,250.955999838103,202.963281637088,146.70544615456058,206.21319018037755,128.10882438356367,99.4028200281388,71.64293729989726,100.60126903542483,0.0,0.0,0.0,0.0
2026-07-25 18:00:00,EP072026,3,2026-07-31 06:00:00,5 days 12:00:00,132,19.95,-124.83,998.3,50.2,51.77286409863993,134.69431903248346,119.73884371924214,102.08683921713356,111.48932109881969,51.77286409863993,2.918528573359307,1.6346956238970876,3.605576654020375,0.0,0.0,0.0,0.0
2026-07-25 18:00:00,EP072026,3,2026-07-31 12:00:00,5 days 18:00:00,138,20.29,-125.9,1001.5,41.7,110.37822642062748,190.005262593304,156.77113081208518,113.53054543601412,159.5397327706669,0.0,0.0,0.0,0.0,0.0,0.0,0.0,0.0
2026-07-25 18:00:00,EP072026,3,2026-07-31 18:00:00,6 days 00:00:00,144,20.71,-126.89,1004.8,40.6,106.69809380898865,207.91593341892357,172.95469611575632,126.59922868694764,178.80436693851803,0.0,0.0,0.0,0.0,0.0,0.0,0.0,0.0
2026-07-25 18:00:00,EP072026,3,2026-08-01 00:00:00,6 days 06:00:00,150,21.32,-127.85,1001.7,44.4,54.588718930851726,160.45330053538606,135.08044510484007,96.02263072489436,124.72094548901688,0.0,0.0,0.0,0.0,0.0,0.0,0.0,0.0
2026-07-25 18:00:00,EP072026,3,2026-08-01 06:00:00,6 days 12:00:00,156,21.83,-129.15,1005.1,37.1,50.17032454871139,50.17032454871139,11.244466720159522,4.7238586163207685,20.38319104819547,0.0,0.0,0.0,0.0,0.0,0.0,0.0,0.0
2026-07-25 18:00:00,EP072026,3,2026-08-01 12:00:00,6 days 18:00:00,162,21.89,-130.19,1006.7,35.3,126.53026994385884,154.3001071917112,117.55976626485896,69.97627664178509,119.57384558626772,0.0,0.0,0.0,0.0,0.0,0.0,0.0,0.0
2026-07-25 18:00:00,EP072026,3,2026-08-01 18:00:00,7 days 00:00:00,168,22.5,-131.33,1008.9,36.4,117.39410199830093,179.07572588771404,138.25376786673382,88.8331682242972,144.30695100605885,0.0,0.0,0.0,0.0,0.0,0.0,0.0,0.0
2026-07-25 18:00:00,EP072026,3,2026-08-02 00:00:00,7 days 06:00:00,174,22.96,-132.55,1004.8,36.0,143.2112441946735,158.15521723588893,116.82765536245104,68.08519112087211,128.5853192744303,0.0,0.0,0.0,0.0,0.0,0.0,0.0,0.0
2026-07-25 18:00:00,EP072026,3,2026-08-02 06:00:00,7 days 12:00:00,180,23.16,-133.42,999.0,38.3,65.0368203797795,128.8155782382904,87.0409587391951,49.61464589726876,102.71308795814424,0.0,0.0,0.0,0.0,0.0,0.0,0.0,0.0
2026-07-25 18:00:00,EP072026,3,2026-08-02 12:00:00,7 days 18:00:00,186,23.48,-134.51,1001.3,38.9,166.44755532036652,266.2743665893504,199.76675535328832,133.38122572220527,214.1917422221668,0.0,0.0,0.0,0.0,0.0,0.0,0.0,0.0
2026-07-25 18:00:00,EP072026,3,2026-08-02 18:00:00,8 days 00:00:00,192,24.07,-135.53,1003.4,33.8,228.39763699994552,0.0,0.0,0.0,0.0,0.0,0.0,0.0,0.0,0.0,0.0,0.0,0.0
2026-07-25 18:00:00,EP072026,3,2026-08-03 00:00:00,8 days 06:00:00,198,24.7,-136.07,1007.9,28.9,122.7446253211732,0.0,0.0,0.0,0.0,0.0,0.0,0.0,0.0,0.0,0.0,0.0,0.0
2026-07-25 18:00:00,EP072026,3,2026-08-03 06:00:00,8 days 12:00:00,204,25.18,-136.74,1004.7,28.0,86.1056539348579,0.0,0.0,0.0,0.0,0.0,0.0,0.0,0.0,0.0,0.0,0.0,0.0
2026-07-25 18:00:00,EP072026,3,2026-08-03 12:00:00,8 days 18:00:00,210,25.5,-137.54,1003.8,25.1,131.04674597835822,0.0,0.0,0.0,0.0,0.0,0.0,0.0,0.0,0.0,0.0,0.0,0.0
2026-07-25 18:00:00,EP072026,3,2026-08-03 18:00:00,9 days 00:00:00,216,26.29,-138.18,1002.9,29.5,139.97130563575837,0.0,0.0,0.0,0.0,0.0,0.0,0.0,0.0,0.0,0.0,0.0,0.0
2026-07-25 18:00:00,WP112026,3,2026-07-25 18:00:00,0 days 00:00:00,0,22.4,115.1,967.0,84.0,27.0,222.0,204.0,167.0,195.0,,,,,,,,
2026-07-25 18:00:00,WP112026,3,2026-07-26 00:00:00,0 days 06:00:00,6,23.13,114.33,970.6,67.9,0.0,211.9012724230901,196.65583877315876,159.74662406852894,175.25228646579762,78.04784062026147,70.17921825951328,50.33247184289979,63.082183686559176,4.432641833249914,1.8891766660680744,0.0,2.049287397711428
2026-07-25 18:00:00,WP112026,3,2026-07-26 06:00:00,0 days 12:00:00,12,23.93,114.16,983.9,53.0,91.06123146327336,165.2922715143506,163.89458023223614,109.70350434020446,130.24042141307254,1.6261452025210374,1.4868745752606536,0.0,91.06123146327336,0.0,0.0,0.0,0.0
2026-07-25 18:00:00,WP112026,3,2026-07-26 12:00:00,0 days 18:00:00,18,24.32,113.89,991.0,29.0,60.09208838803048,0.0,0.0,0.0,0.0,0.0,0.0,0.0,0.0,0.0,0.0,0.0,0.0
2026-07-25 18:00:00,WP112026,3,2026-07-26 18:00:00,1 days 00:00:00,24,25.15,113.38,996.4,26.3,38.58116661982685,0.0,0.0,0.0,0.0,0.0,0.0,0.0,0.0,0.0,0.0,0.0,0.0
2026-07-25 18:00:00,WP112026,3,2026-07-27 00:00:00,1 days 06:00:00,30,25.94,113.08,996.2,24.0,71.78540226874779,0.0,0.0,0.0,0.0,0.0,0.0,0.0,0.0,0.0,0.0,0.0,0.0
2026-07-25 18:00:00,WP112026,3,2026-07-27 06:00:00,1 days 12:00:00,36,26.76,112.98,1002.8,19.4,58.95800235149829,0.0,0.0,0.0,0.0,0.0,0.0,0.0,0.0,0.0,0.0,0.0,0.0
2026-07-25 18:00:00,WP112026,3,2026-07-27 12:00:00,1 days 18:00:00,42,27.05,112.56,1002.5,18.5,114.88533455471446,0.0,0.0,0.0,0.0,0.0,0.0,0.0,0.0,0.0,0.0,0.0,0.0
2026-07-25 18:00:00,WP112026,3,2026-07-27 18:00:00,2 days 00:00:00,48,27.86,111.77,1002.4,18.1,140.9187475041872,0.0,0.0,0.0,0.0,0.0,0.0,0.0,0.0,0.0,0.0,0.0,0.0
2026-07-25 18:00:00,EP062026,30,2026-07-25 18:00:00,0 days 00:00:00,0,19.2,-137.0,971.0,86.0,56.0,297.0,241.0,185.0,297.0,130.0,74.0,74.0,111.0,65.0,46.0,37.0,65.0
2026-07-25 18:00:00,EP062026,30,2026-07-26 00:00:00,0 days 06:00:00,6,19.69,-138.21,984.7,70.5,53.25476503327918,251.8802656242708,188.46628687965125,140.43013065396875,219.40243554848496,114.30374515714604,91.4363153558824,66.60931838349913,95.39339596368256,53.25476503327918,17.363808329730315,12.96145396014447,19.122772430906387
2026-07-25 18:00:00,EP062026,30,2026-07-26 06:00:00,0 days 12:00:00,12,19.64,-139.71,979.2,73.8,48.26616629891782,232.7689545158349,189.80389838208927,141.14002754738885,195.679650123143,92.84779363235684,75.37605498361319,57.50365602341146,78.73465742344142,48.26616629891782,26.573895444830264,20.795160931197564,27.19036864551786
2026-07-25 18:00:00,EP062026,30,2026-07-26 12:00:00,0 days 18:00:00,18,19.81,-140.84,987.0,63.7,35.425471584324185,254.05199859881063,198.359010015342,155.09538294308828,209.590779159858,112.88419271456075,93.293116265672,69.67414449762663,93.52883481441508,0.0,0.0,0.0,0.0
2026-07-25 18:00:00,EP062026,30,2026-07-26 18:00:00,1 days 00:00:00,24,19.8,-141.79,977.8,75.3,26.823433760134364,229.1337560295756,180.68649263150587,138.68999485254423,202.52924655454055,110.94760928503084,90.3038991626004,67.52564468442297,94.53637893303164,30.10899638343819,24.379701599222983,18.35016226776903,25.24415688927405
2026-07-25 18:00:00,EP062026,30,2026-07-27 00:00:00,1 days 06:00:00,30,20.25,-142.98,986.1,71.4,33.42666338151447,243.37965185154536,181.46522797875397,123.66871247399202,210.40589737630884,91.86544205766978,72.50738231299245,47.69281184969401,73.59561237881974,33.42666338151447,0.0,0.0,0.2988461788876307
2026-07-25 18:00:00,EP062026,30,2026-07-27 06:00:00,1 days 12:00:00,36,20.45,-144.43,991.2,59.8,50.70705783408904,333.7436264919538,264.562027001556,180.7368653732088,283.7352550592434,136.8157018325929,113.99939847929052,84.13864522974777,113.4978774307928,0.0,0.0,0.0,0.0
2026-07-25 18:00:00,EP062026,30,2026-07-27 12:00:00,1 days 18:00:00,42,20.64,-145.93,993.7,55.0,37.60282253714453,181.19095061163483,126.33855275079424,85.17967484339113,155.3631918717477,76.3971697389,60.3425340237132,43.62294300863104,62.52398734641244,0.0,0.0,0.0,0.0
2026-07-25 18:00:00,EP062026,30,2026-07-27 18:00:00,2 days 00:00:00,48,20.92,-147.13,994.1,56.5,45.480337490744894,217.55132725321812,172.637224015296,113.14757283065175,178.96799871471796,45.480337490744894,16.12768840855837,7.102860055942175,16.6127392246571,0.0,0.0,0.0,0.0
2026-07-25 18:00:00,EP062026,30,2026-07-28 00:00:00,2 days 06:00:00,54,21.0,-148.58,994.8,55.1,16.260334126289308,202.66730590216437,148.3666631796769,91.0079676995847,162.23795002497906,64.09806730412325,49.83004787413367,31.15205106880116,49.29087281902648,0.0,0.0,0.0,0.0
2026-07-25 18:00:00,EP062026,30,2026-07-28 06:00:00,2 days 12:00:00,60,21.6,-149.07,998.4,49.6,56.746059570749125,224.9756834441037,170.9696546685687,107.5584807614772,188.18039043544584,0.0,0.0,0.0,0.0,0.0,0.0,0.0,0.0
2026-07-25 18:00:00,EP062026,30,2026-07-28 12:00:00,2 days 18:00:00,66,21.79,-150.21,993.2,52.9,78.16941532982776,78.16941532982776,20.35895252954744,2.2523056527257523,32.90989171484176,78.16941532982776,0.0,0.0,0.0,0.0,0.0,0.0,0.0
2026-07-25 18:00:00,EP062026,30,2026-07-28 18:00:00,3 days 00:00:00,72,22.25,-151.37,996.1,52.1,55.48607994753034,302.1148381283083,248.1990491992481,186.46218028723752,249.9835893136035,55.48607994753034,41.55580304653334,26.66137806324956,38.20445153055611,0.0,0.0,0.0,0.0
2026-07-25 18:00:00,EP062026,30,2026-07-29 00:00:00,3 days 06:00:00,78,22.69,-152.51,1000.8,45.8,84.1082092147635,144.01471815418068,109.09500166066928,68.28773747047029,113.73124696152806,0.0,0.0,0.0,0.0,0.0,0.0,0.0,0.0
2026-07-25 18:00:00,EP062026,30,2026-07-29 06:00:00,3 days 12:00:00,84,22.69,-153.75,1000.8,40.7,72.63601233039213,72.63601233039213,2.4889698238793727,0.0,0.8899261492180273,0.0,0.0,0.0,0.0,0.0,0.0,0.0,0.0
2026-07-25 18:00:00,EP062026,30,2026-07-29 12:00:00,3 days 18:00:00,90,23.21,-155.21,1004.1,42.4,62.668332437020986,171.8651720289348,141.07415256051104,102.92631434478682,135.0082718615219,0.0,0.0,0.0,0.0,0.0,0.0,0.0,0.0
2026-07-25 18:00:00,EP062026,30,2026-07-29 18:00:00,4 days 00:00:00,96,23.68,-156.33,1004.8,42.3,116.37593623955524,116.37593623955524,79.9999666910644,57.101862729774496,78.02299388819915,0.0,0.0,0.0,0.0,0.0,0.0,0.0,0.0
2026-07-25 18:00:00,EP062026,30,2026-07-30 00:00:00,4 days 06:00:00,102,23.69,-157.51,1005.0,39.5,172.79120951989069,194.5596594669343,166.62670842178022,123.38840175766924,152.70762707187723,0.0,0.0,0.0,0.0,0.0,0.0,0.0,0.0
2026-07-25 18:00:00,EP062026,30,2026-07-30 06:00:00,4 days 12:00:00,108,24.12,-159.0,1005.9,35.5,80.78842065395429,82.8960692160696,56.06820919928867,25.79193351492351,54.41411314175248,0.0,0.0,0.0,0.0,0.0,0.0,0.0,0.0
2026-07-25 18:00:00,EP062026,30,2026-07-30 12:00:00,4 days 18:00:00,114,24.35,-160.14,1007.6,31.3,102.96912087148348,0.0,0.0,0.0,0.0,0.0,0.0,0.0,0.0,0.0,0.0,0.0,0.0
2026-07-25 18:00:00,EP062026,30,2026-07-30 18:00:00,5 days 00:00:00,120,25.19,-161.55,1010.7,38.0,127.6279247820172,127.6279247820172,4.631332671025717,0.0,5.426757205428785,0.0,0.0,0.0,0.0,0.0,0.0,0.0,0.0
2026-07-25 18:00:00,EP062026,30,2026-07-31 00:00:00,5 days 06:00:00,126,25.06,-163.03,1007.8,36.3,101.6800228556647,101.6800228556647,0.0,0.0,2.9495121561167963,0.0,0.0,0.0,0.0,0.0,0.0,0.0,0.0
2026-07-25 18:00:00,EP072026,30,2026-07-25 18:00:00,0 days 00:00:00,0,11.2,-105.1,995.0,54.0,28.0,204.0,167.0,56.0,130.0,56.0,37.0,,,0.0,0.0,0.0,0.0
2026-07-25 18:00:00,EP072026,30,2026-07-26 00:00:00,0 days 06:00:00,6,11.71,-105.88,984.9,73.1,24.941050476096397,172.45205839582192,164.04383601014914,104.75029661686446,152.95760958912354,78.94243740823488,70.60915808523973,52.97276392963193,64.10762812015415,24.941050476096397,13.696113188879568,10.661419538702946,12.935203255295548
2026-07-25 18:00:00,EP072026,30,2026-07-26 06:00:00,0 days 12:00:00,12,12.42,-107.72,992.4,60.9,46.16404292208304,178.63497159647665,137.4063924109348,96.17731879364408,140.530408926198,58.601276678884105,46.82101079469609,28.14723909819763,45.10938260127759,0.0,0.0,0.0,0.0
2026-07-25 18:00:00,EP072026,30,2026-07-26 12:00:00,0 days 18:00:00,18,13.18,-108.66,990.9,65.6,29.614271336437824,234.05267693813397,197.58522717603148,118.76009433250148,193.61458621271208,95.432258329651,72.35444990685428,44.99834604911002,72.9279507253542,29.614271336437824,10.182159009381646,5.119160747145312,12.730287863014215
2026-07-25 18:00:00,EP072026,30,2026-07-26 18:00:00,1 days 00:00:00,24,13.63,-109.88,976.4,82.0,49.25971637964793,236.44019408342243,187.91123069772453,127.24363447731568,178.351135999915,103.99851027246106,83.20297223278108,54.83036690330403,83.90625635029393,49.25971637964793,17.64990029265941,12.047617070463216,18.88291829617977
2026-07-25 18:00:00,EP072026,30,2026-07-27 00:00:00,1 days 06:00:00,30,14.36,-110.74,965.5,98.7,35.16259542079662,225.5626408539628,202.8776292130273,134.4345393740158,176.32138491999868,119.3556654600432,101.08377963840206,72.09116473959402,95.9012874570724,53.378384489854206,46.31859283883997,35.52916492428156,44.23323853011291
2026-07-25 18:00:00,EP072026,30,2026-07-27 06:00:00,1 days 12:00:00,36,14.85,-111.69,934.5,127.7,63.9094657793036,273.6468189126415,272.3983340495171,217.3079568502017,247.70545139921296,145.9767756509772,135.47168730090948,111.54038873895068,121.82719438832028,66.41093404679702,61.037459024769205,53.00010763193857,60.8432437620346
2026-07-25 18:00:00,EP072026,30,2026-07-27 12:00:00,1 days 18:00:00,42,15.47,-112.43,973.4,85.6,45.53860877806897,309.3548059993229,271.32367896298274,185.199760681266,246.1453775033177,156.52198067089364,138.59557623225058,108.06378955119284,131.18239753903816,65.54400612004045,60.16046020855471,48.1769688628145,56.92949786008835
2026-07-25 18:00:00,EP072026,30,2026-07-27 18:00:00,2 days 00:00:00,48,16.25,-112.98,977.5,76.4,26.113752497428663,221.1475322634974,171.93167141707636,126.0225681455679,174.86345039567095,95.2053278337221,79.9159082089875,52.54632376593486,75.30245700951423,26.113752497428663,0.5359251338631097,0.0,1.2855169795839885
2026-07-25 18:00:00,EP072026,30,2026-07-28 00:00:00,2 days 06:00:00,54,17.01,-113.54,973.0,85.6,20.77910775857272,236.4972551461808,212.19676862624857,143.01052170519392,182.1149821115299,123.38216046183815,106.54751901249664,77.22815024252276,100.63877567097802,55.66436130846306,49.27795601121984,38.16419293668268,46.8410699510639
2026-07-25 18:00:00,EP072026,30,2026-07-28 06:00:00,2 days 12:00:00,60,17.57,-114.18,975.3,83.4,58.43196563239442,212.76700669411971,184.90129181044364,117.92104556424366,164.3128546538586,93.1212608442637,77.88694714055154,56.2575101518059,78.88982271365339,58.43196563239442,42.589161147873725,33.42591397054373,41.93045736497771
2026-07-25 18:00:00,EP072026,30,2026-07-28 12:00:00,2 days 18:00:00,66,17.9,-114.7,958.0,100.0,34.87865747550957,289.6133962404149,250.1538586198624,166.04350095680212,230.7769619597028,123.5004409872874,99.5739024816668,70.98166125977022,102.055027625747,57.0232928626164,48.67060643130864,37.00961370792862,48.12491873676369
2026-07-25 18:00:00,EP072026,30,2026-07-28 18:00:00,3 days 00:00:00,72,18.42,-115.41,967.0,94.6,39.6948824783864,319.394196735495,291.2526700483653,221.04702959729931,248.3530477962235,77.40764152037335,64.2402341591922,42.86467085817144,59.715673199869045,39.6948824783864,0.0,0.0,0.1939513600426146
2026-07-25 18:00:00,EP072026,30,2026-07-29 00:00:00,3 days 06:00:00,78,18.77,-115.92,961.3,93.1,41.30788815681992,300.47008218246856,259.2382515269365,210.18111869037185,240.65707020821932,124.59764964051408,106.2001761530768,75.09261853405744,99.33608301350549,41.30788815681992,27.63289686766332,20.5790700481574,26.971582177968443
2026-07-25 18:00:00,EP072026,30,2026-07-29 06:00:00,3 days 12:00:00,84,19.05,-116.58,963.3,86.9,17.495860714900786,320.631551210368,280.8776673302351,223.8893388026001,273.7893260008175,160.67996824186176,143.115980013631,111.70220345388395,137.92960858155627,61.384491896767344,56.3522299616296,45.649457271810775,53.39541541500698
2026-07-25 18:00:00,EP072026,30,2026-07-29 12:00:00,3 days 18:00:00,90,19.59,-117.48,977.8,69.0,34.38230104808408,254.6947960061983,203.0951660039032,135.0185002732103,209.77342828011885,125.98672608290931,109.43004332184395,86.66360579099627,105.08342013629526,46.42355906790888,42.64404324801896,34.39857974791738,38.672172756077785
2026-07-25 18:00:00,EP072026,30,2026-07-29 18:00:00,4 days 00:00:00,96,19.92,-118.3,978.6,74.2,57.15870567803013,320.89575329362606,253.85095002278683,196.6866720631804,272.8079156887229,182.4449062766437,160.67035140260094,123.1432561508236,155.9844234396603,59.11647319241907,52.90978986295941,41.310313089277,50.600626145078735
2026-07-25 18:00:00,EP072026,30,2026-07-30 00:00:00,4 days 06:00:00,102,20.35,-119.38,984.0,56.6,59.44866419507002,308.13954834255856,240.68456419410177,196.51693290912408,264.6119244115798,150.27142794247538,127.64748640093605,95.62426559213873,122.77231412289576,0.0,0.0,0.0,0.0
2026-07-25 18:00:00,EP072026,30,2026-07-30 06:00:00,4 days 12:00:00,108,20.68,-120.51,996.9,47.5,52.212574090455874,166.47520698470936,139.37978164795624,116.00131204202914,155.80778679725708,0.0,0.0,0.0,0.0,0.0,0.0,0.0,0.0
2026-07-25 18:00:00,EP072026,30,2026-07-30 12:00:00,4 days 18:00:00,114,20.93,-121.72,997.6,40.1,125.41193415678924,193.3487969421874,165.02159326172182,134.56507706297725,169.2698462425642,0.0,0.0,0.0,0.0,0.0,0.0,0.0,0.0
2026-07-25 18:00:00,EP072026,30,2026-07-30 18:00:00,5 days 00:00:00,120,20.83,-122.72,998.3,37.6,121.01459489941288,193.1047194884288,181.5031952610762,149.4267057401771,172.32211824733542,0.0,0.0,0.0,0.0,0.0,0.0,0.0,0.0
2026-07-25 18:00:00,EP072026,30,2026-07-31 00:00:00,5 days 06:00:00,126,21.37,-123.8,999.3,41.5,102.4870910754882,195.85554364028613,172.66403367506427,140.9134563225458,162.52796789260125,0.0,0.0,0.0,0.0,0.0,0.0,0.0,0.0
2026-07-25 18:00:00,EP072026,30,2026-07-31 06:00:00,5 days 12:00:00,132,21.89,-125.06,997.5,32.4,133.81785905351126,0.0,0.0,0.0,0.0,0.0,0.0,0.0,0.0,0.0,0.0,0.0,0.0
2026-07-25 18:00:00,EP072026,30,2026-07-31 12:00:00,5 days 18:00:00,138,22.88,-126.38,999.3,36.2,50.41777680441728,50.41777680441728,0.0,0.0,4.392184685548923,0.0,0.0,0.0,0.0,0.0,0.0,0.0,0.0
2026-07-25 18:00:00,EP072026,30,2026-07-31 18:00:00,6 days 00:00:00,144,23.2,-127.75,972.3,57.6,105.37852887784857,105.37852887784857,7.46233800316179,3.015830312006216,105.37852887784857,5.732667772564163,0.1294675697781429,1.21781931200519,105.37852887784857,0.0,0.0,0.0,0.0
2026-07-25 18:00:00,EP072026,30,2026-08-01 00:00:00,6 days 06:00:00,150,23.89,-129.25,1005.6,30.1,50.658932440675954,0.0,0.0,0.0,0.0,0.0,0.0,0.0,0.0,0.0,0.0,0.0,0.0
2026-07-25 18:00:00,EP072026,30,2026-08-01 06:00:00,6 days 12:00:00,156,24.01,-130.63,1009.6,30.7,133.77135102700402,0.0,0.0,0.0,0.0,0.0,0.0,0.0,0.0,0.0,0.0,0.0,0.0
2026-07-25 18:00:00,WP112026,30,2026-07-25 18:00:00,0 days 00:00:00,0,22.4,115.1,967.0,84.0,27.0,222.0,204.0,167.0,195.0,,,,,,,,
2026-07-25 18:00:00,WP112026,30,2026-07-26 00:00:00,0 days 06:00:00,6,22.81,114.39,968.4,79.7,15.512574294795836,90.43289674994892,95.91229806721502,73.06673112099622,65.33015514613234,15.512574294795836,1.2247092694069537,0.0,2.204926014178515,15.512574294795836,0.0,0.0,0.0
2026-07-25 18:00:00,WP112026,30,2026-07-26 06:00:00,0 days 12:00:00,12,23.45,113.78,984.8,52.6,37.15182505374342,147.17235317658532,125.43158601222956,93.98897327072083,116.18142434333078,37.15182505374342,17.96237416875195,11.551275553840943,16.130001285406045,0.0,0.0,0.0,0.0
2026-07-25 18:00:00,WP112026,30,2026-07-26 12:00:00,0 days 18:00:00,18,24.31,113.62,991.5,38.2,27.484175128668536,27.484175128668536,0.0,0.099402746334257,0.5001333098069813,0.0,0.0,0.0,0.0,0.0,0.0,0.0,0.0
2026-07-25 18:00:00,WP112026,30,2026-07-26 18:00:00,1 days 00:00:00,24,25.26,113.27,997.7,29.8,87.38234523399434,0.0,0.0,0.0,0.0,0.0,0.0,0.0,0.0,0.0,0.0,0.0,0.0
2026-07-25 18:00:00,WP112026,30,2026-07-27 00:00:00,1 days 06:00:00,30,25.9,112.85,1004.7,20.8,93.803270004838,0.0,0.0,0.0,0.0,0.0,0.0,0.0,0.0,0.0,0.0,0.0,0.0
2026-07-25 18:00:00,WP112026,30,2026-07-27 06:00:00,1 days 12:00:00,36,27.62,112.48,1006.7,13.6,68.25585177492823,0.0,0.0,0.0,0.0,0.0,0.0,0.0,0.0,0.0,0.0,0.0,0.0
2026-07-25 18:00:00,WP112026,30,2026-07-27 12:00:00,1 days 18:00:00,42,27.73,112.28,1007.0,15.6,62.482305929862434,0.0,0.0,0.0,0.0,0.0,0.0,0.0,0.0,0.0,0.0,0.0,0.0
2026-07-25 18:00:00,EP062026,31,2026-07-25 18:00:00,0 days 00:00:00,0,19.2,-137.0,971.0,86.0,56.0,297.0,241.0,185.0,297.0,130.0,74.0,74.0,111.0,65.0,46.0,37.0,65.0
2026-07-25 18:00:00,EP062026,31,2026-07-26 00:00:00,0 days 06:00:00,6,19.37,-138.17,978.8,75.3,68.45856202643809,230.5507537010897,197.19247342865128,146.96708760776627,201.10163378753805,121.8767555522819,97.23672979028942,74.85330346577689,105.24081396469604,68.45856202643809,52.11498055854959,42.71847078020983,52.30635028206234
2026-07-25 18:00:00,EP062026,31,2026-07-26 06:00:00,0 days 12:00:00,12,19.53,-139.24,977.7,78.1,26.777395238434707,223.13038271564005,179.8050686827761,143.5317253124075,197.1846737290828,101.30482647300369,81.54188834140126,64.4002824400803,90.29161501420263,47.87510311016155,41.20461018721917,34.390246599645096,40.24872501869288
2026-07-25 18:00:00,EP062026,31,2026-07-26 12:00:00,0 days 18:00:00,18,19.86,-140.43,986.1,67.3,36.82830543528169,302.5728923724686,227.5268701645924,170.09421553686337,266.7344892556199,151.5472182770127,122.0766058721528,93.15241560222375,120.74293617585562,36.82830543528169,25.281510796356983,19.974816297734783,27.244671037170413
2026-07-25 18:00:00,EP062026,31,2026-07-26 18:00:00,1 days 00:00:00,24,19.85,-141.54,981.0,76.3,42.740957308151806,174.91466671867877,141.83852419843544,96.6532572852358,154.98965227145794,75.78920379579151,57.49474157906184,43.35731348785431,71.08246217530566,45.85907289463958,38.88679756314961,31.373939740645856,38.72449454717322
2026-07-25 18:00:00,EP062026,31,2026-07-27 00:00:00,1 days 06:00:00,30,19.95,-142.59,978.0,86.8,48.790469615806586,245.3500118507932,177.9439278394475,105.02651579196448,211.14054790694215,116.33678288148792,82.00553690296886,54.474826886807904,93.20448988440468,48.790469615806586,32.572799261000455,25.242675819423557,36.22144099479689
2026-07-25 18:00:00,EP062026,31,2026-07-27 06:00:00,1 days 12:00:00,36,19.92,-143.68,979.7,79.1,50.83721102113959,244.67708060304332,197.96814988666307,134.34745646207142,209.5577038162909,122.381519001503,93.22556600848182,70.61092408324188,110.82141285039336,74.10920348998349,63.98377574933321,52.3944448448523,63.945983554727306
2026-07-25 18:00:00,EP062026,31,2026-07-27 12:00:00,1 days 18:00:00,42,20.42,-145.33,986.9,67.7,32.714012982444785,217.16804549731307,169.69919564523582,118.24346031567694,193.10791754499235,107.37543319497011,78.98216237091711,55.28537374665561,85.46870785992917,32.714012982444785,17.726122100751017,12.70577805134183,19.267641027198344
2026-07-25 18:00:00,EP062026,31,2026-07-27 18:00:00,2 days 00:00:00,48,20.87,-146.78,980.8,74.6,38.709972587940285,227.2846134472419,178.12710420285566,109.90817914316985,197.4045961794543,87.5806820333571,63.24355275228294,37.62406960223669,65.68755964708885,38.709972587940285,7.700407251896792,3.350387390158572,9.24452232574972
2026-07-25 18:00:00,EP062026,31,2026-07-28 00:00:00,2 days 06:00:00,54,21.52,-148.05,992.5,60.1,53.89456791696617,140.8832251482413,89.72998972943674,46.59451247692704,124.25339299508796,53.89456791696617,35.96014132070454,20.92062695230825,39.88436713348276,0.0,0.0,0.0,0.0
2026-07-25 18:00:00,EP062026,31,2026-07-28 06:00:00,2 days 12:00:00,60,22.0,-149.8,997.5,49.4,34.81624097107337,123.54207037637048,100.9761419829038,60.65352539226933,99.35600167680484,0.0,0.0,0.0,0.0,0.0,0.0,0.0,0.0
2026-07-25 18:00:00,EP062026,31,2026-07-28 12:00:00,2 days 18:00:00,66,22.09,-151.19,1007.0,37.8,48.48136629028707,48.48136629028707,14.477571915242471,1.5680459951978314,20.748234890464,0.0,0.0,0.0,0.0,0.0,0.0,0.0,0.0
2026-07-25 18:00:00,EP062026,31,2026-07-28 18:00:00,3 days 00:00:00,72,22.68,-152.46,1004.3,40.4,154.14716546479116,217.3032639567121,161.07758026016316,95.87342277040588,168.3577142854856,0.0,0.0,0.0,0.0,0.0,0.0,0.0,0.0
2026-07-25 18:00:00,EP062026,31,2026-07-29 00:00:00,3 days 06:00:00,78,23.15,-153.24,1003.3,40.9,170.95374205067623,266.54692420455626,225.68685106801888,151.4803716613374,211.310862930006,0.0,0.0,0.0,0.0,0.0,0.0,0.0,0.0
2026-07-25 18:00:00,EP062026,31,2026-07-29 06:00:00,3 days 12:00:00,84,23.36,-154.41,1004.3,34.8,153.46325960652695,177.98242687639527,143.02167143047637,93.5050678669312,147.9792328823904,0.0,0.0,0.0,0.0,0.0,0.0,0.0,0.0
2026-07-25 18:00:00,EP062026,31,2026-07-29 12:00:00,3 days 18:00:00,90,23.42,-155.43,1005.7,43.0,81.50580899005229,81.50580899005229,1.4732344589547497,0.0,7.8823798050987,0.0,0.0,0.0,0.0,0.0,0.0,0.0,0.0
2026-07-25 18:00:00,EP062026,31,2026-07-29 18:00:00,4 days 00:00:00,96,23.62,-156.34,1006.1,34.4,71.90706284739059,71.90706284739059,0.0,0.0,0.0,0.0,0.0,0.0,0.0,0.0,0.0,0.0,0.0
2026-07-25 18:00:00,EP062026,31,2026-07-30 00:00:00,4 days 06:00:00,102,23.81,-157.65,1007.9,28.4,56.39682849996552,0.0,0.0,0.0,0.0,0.0,0.0,0.0,0.0,0.0,0.0,0.0,0.0
2026-07-25 18:00:00,EP062026,31,2026-07-30 06:00:00,4 days 12:00:00,108,24.39,-159.11,1006.1,33.1,71.91064231023657,0.0,0.0,0.0,0.0,0.0,0.0,0.0,0.0,0.0,0.0,0.0,0.0
2026-07-25 18:00:00,EP062026,31,2026-07-30 12:00:00,4 days 18:00:00,114,24.82,-160.76,1003.7,31.7,208.08517369871092,0.0,0.0,0.0,0.0,0.0,0.0,0.0,0.0,0.0,0.0,0.0,0.0
2026-07-25 18:00:00,EP062026,31,2026-07-30 18:00:00,5 days 00:00:00,120,24.84,-161.57,1008.8,28.5,109.37489770505526,0.0,0.0,0.0,0.0,0.0,0.0,0.0,0.0,0.0,0.0,0.0,0.0
2026-07-25 18:00:00,EP062026,31,2026-07-31 00:00:00,5 days 06:00:00,126,25.21,-162.94,1010.5,27.8,56.03068531946768,0.0,0.0,0.0,0.0,0.0,0.0,0.0,0.0,0.0,0.0,0.0,0.0
2026-07-25 18:00:00,EP072026,31,2026-07-25 18:00:00,0 days 00:00:00,0,11.2,-105.1,995.0,54.0,28.0,204.0,167.0,56.0,130.0,56.0,37.0,,,0.0,0.0,0.0,0.0
2026-07-25 18:00:00,EP072026,31,2026-07-26 00:00:00,0 days 06:00:00,6,11.95,-106.24,996.8,52.2,78.7762845023014,179.88830409659533,149.70214898362084,89.27730323784039,142.8121602871653,78.7762845023014,23.259163147226296,11.51494301896482,21.81542998880904,0.0,0.0,0.0,0.0
2026-07-25 18:00:00,EP072026,31,2026-07-26 06:00:00,0 days 12:00:00,12,12.48,-107.78,994.6,59.9,42.94690468577636,198.18790340597295,165.49603406766346,112.01036985589847,173.3429768700821,70.29139871378368,52.30467440995699,31.63574813775375,50.8232065298746,0.0,0.0,0.0,0.0
2026-07-25 18:00:00,EP072026,31,2026-07-26 12:00:00,0 days 18:00:00,18,13.19,-108.49,959.9,95.0,39.993161718708905,188.91099103860185,135.69837764380566,107.87910405842206,162.10809266626885,106.45350471036798,72.08397402938927,55.0751136446072,88.00242486199588,60.35045401188291,50.59578666160645,40.156161112584286,54.82559742060222
2026-07-25 18:00:00,EP072026,31,2026-07-26 18:00:00,1 days 00:00:00,24,13.62,-109.7,992.3,56.5,91.4665907362252,185.31810756310648,147.4431936980033,73.66160942352637,136.2533881013607,91.4665907362252,19.592569847915,6.761771678983858,20.71910742098929,0.0,0.0,0.0,0.0
2026-07-25 18:00:00,EP072026,31,2026-07-27 00:00:00,1 days 06:00:00,30,14.32,-110.73,986.1,71.3,38.849893514579485,203.81310357584687,165.18713484224492,104.64523892041008,160.10723045054618,87.32771300172827,59.89770751667546,35.75421834528865,63.01102194252661,38.849893514579485,0.1562334952012962,0.0,2.6568359509235124
2026-07-25 18:00:00,EP072026,31,2026-07-27 06:00:00,1 days 12:00:00,36,14.8,-111.77,979.9,82.2,35.646662758838545,298.8748172571486,250.19984167066715,151.4920098335429,222.8906936059973,127.96177000254742,104.63845882219115,73.2320745625741,104.6530480667114,57.628874679538086,52.04960107891543,39.661976732806735,48.71257232194113
2026-07-25 18:00:00,EP072026,31,2026-07-27 12:00:00,1 days 18:00:00,42,15.43,-112.39,971.4,91.1,19.23727611935969,286.48302464122963,233.48726991184316,131.38675897534085,220.29004927204443,139.85916988193893,113.24492949524272,75.61754485195942,106.86423821637668,53.42947690419779,45.95781005772975,35.24753110751469,44.42937328328014
2026-07-25 18:00:00,EP072026,31,2026-07-27 18:00:00,2 days 00:00:00,48,16.49,-113.3,955.9,107.0,18.329173593517933,249.55501448021943,208.01106436473492,131.67581851894343,198.5607256753344,99.82006662384208,75.68654857136633,47.011717289491166,76.76431631828746,31.169284023928803,24.699166635384348,16.95848220449162,26.073978017873305
2026-07-25 18:00:00,EP072026,31,2026-07-28 00:00:00,2 days 06:00:00,54,16.92,-113.98,956.2,112.6,60.4705592176337,272.73413231847087,243.90522041562383,173.84128404024636,209.0557645068405,135.38660312057343,116.94106977862904,90.44091043812016,115.57995451698592,74.95443214261311,69.46746178426756,55.66296796153015,64.58828975095304
2026-07-25 18:00:00,EP072026,31,2026-07-28 06:00:00,2 days 12:00:00,60,17.22,-114.59,970.9,96.2,29.10715488939743,218.9649526070052,176.58288434801204,115.9672869410496,192.43548209261417,109.13765639530124,83.79868362009097,61.3078740347652,91.9038057034158,67.54832215065636,58.7585945789775,49.824725519234434,59.20111990538756
2026-07-25 18:00:00,EP072026,31,2026-07-28 12:00:00,2 days 18:00:00,66,17.52,-115.04,954.3,107.5,20.99960985566162,223.4682656492932,182.4081607104427,139.64397596701485,169.39267578616526,34.8172173191549,16.066070832520175,5.960320119361837,22.92709082510799,20.99960985566162,2.0303022398953607,0.0,4.521951514990233
2026-07-25 18:00:00,EP072026,31,2026-07-28 18:00:00,3 days 00:00:00,72,17.92,-115.83,961.7,102.4,33.89954038698567,180.43854430616645,141.566611151732,109.1501335301694,158.25051020183383,81.19123717854049,64.91971772723906,48.741464974797466,75.28992670222908,40.99353033664508,34.62369945225693,27.374436976697865,34.97819982724048
2026-07-25 18:00:00,EP072026,31,2026-07-29 00:00:00,3 days 06:00:00,78,17.85,-116.17,972.8,95.1,40.590118605578255,179.31264860500687,135.82005477150233,111.2604605370052,186.79396561461363,78.06078321938458,47.76167044709973,38.61185672330453,68.40173334297879,56.73006444587463,45.85842261360858,38.61185672330453,50.53589503315152
2026-07-25 18:00:00,EP072026,31,2026-07-29 06:00:00,3 days 12:00:00,84,18.14,-116.92,972.7,89.4,57.66057480448533,252.26138239247663,213.4305486122192,146.1381313745947,212.56566697572092,111.35493461332835,89.95187769898801,64.84936009203014,93.80854154244965,57.66057480448533,41.37732931286877,32.764494582030586,41.85653814484054
2026-07-25 18:00:00,EP072026,31,2026-07-29 12:00:00,3 days 18:00:00,90,18.5,-117.73,968.5,85.8,27.974864255354163,243.2044872687594,209.2310211627963,152.3650703809643,205.65710326624597,103.28678074050742,79.79264761142588,57.88153730371528,86.41651809217711,62.30012919540289,55.052710677804185,43.479513741420845,53.45284985794467
2026-07-25 18:00:00,EP072026,31,2026-07-29 18:00:00,4 days 00:00:00,96,19.0,-118.47,972.1,85.2,27.232337806870877,206.53493263634027,165.90969317533472,110.19296046284671,171.9056334620218,65.89506614418133,44.81376405717856,21.451825874326687,47.36557274778124,27.232337806870877,10.865825538514969,5.606098459975044,11.77134248509924
2026-07-25 18:00:00,EP072026,31,2026-07-30 00:00:00,4 days 06:00:00,102,19.37,-119.57,975.0,77.8,42.31275691109664,222.845529189392,199.59772545957912,170.2675503887897,193.66573058694257,42.31275691109664,3.986183602667012,0.0,12.186407371258866,42.31275691109664,0.0,0.0,0.0
2026-07-25 18:00:00,EP072026,31,2026-07-30 06:00:00,4 days 12:00:00,108,19.46,-120.34,990.6,57.7,32.231486736409366,236.0632560894548,175.94663423921867,145.54995587005857,208.5013179948697,81.39154294707515,58.79002817711853,38.5785018577882,60.63487065581165,0.0,0.0,0.0,0.0
2026-07-25 18:00:00,EP072026,31,2026-07-30 12:00:00,4 days 18:00:00,114,19.89,-121.52,994.3,54.0,64.97874970815042,265.56528338406275,203.0335522814928,154.37347683159618,245.8496271952828,113.28845172853244,83.17793987476833,57.91431974157752,84.29449837793477,0.0,0.0,0.0,0.0
2026-07-25 18:00:00,EP072026,31,2026-07-30 18:00:00,5 days 00:00:00,120,20.34,-122.8,999.5,46.6,98.85882286070525,239.28501146271344,213.40244035464517,168.878262074654,194.8040350884676,0.0,0.0,0.0,0.0,0.0,0.0,0.0,0.0
2026-07-25 18:00:00,EP072026,31,2026-07-31 00:00:00,5 days 06:00:00,126,20.84,-123.61,996.2,50.8,45.50184882179164,157.34380292069088,142.64220278158876,117.3009564692836,129.48104629313184,45.50184882179164,0.0,0.0,2.4136765459071,0.0,0.0,0.0,0.0
2026-07-25 18:00:00,EP072026,31,2026-07-31 06:00:00,5 days 12:00:00,132,21.21,-125.03,1002.3,44.2,70.87339936428708,149.9708888300118,128.57051084436392,101.499663709249,124.07386887367224,0.0,0.0,0.0,0.0,0.0,0.0,0.0,0.0
2026-07-25 18:00:00,EP072026,31,2026-07-31 12:00:00,5 days 18:00:00,138,21.67,-126.06,1004.5,38.3,52.64298279501304,87.36176065507857,66.87077987735177,43.88940901935098,74.04876156977753,0.0,0.0,0.0,0.0,0.0,0.0,0.0,0.0
2026-07-25 18:00:00,EP072026,31,2026-07-31 18:00:00,6 days 00:00:00,144,21.93,-127.31,1004.6,32.4,47.49464485740658,0.0,0.0,0.0,0.0,0.0,0.0,0.0,0.0,0.0,0.0,0.0,0.0
2026-07-25 18:00:00,EP072026,31,2026-08-01 00:00:00,6 days 06:00:00,150,22.23,-128.41,1004.5,34.0,94.61277467567534,0.0,0.0,0.0,0.0,0.0,0.0,0.0,0.0,0.0,0.0,0.0,0.0
2026-07-25 18:00:00,EP072026,31,2026-08-01 06:00:00,6 days 12:00:00,156,22.47,-129.59,1007.3,29.6,51.33170463701917,0.0,0.0,0.0,0.0,0.0,0.0,0.0,0.0,0.0,0.0,0.0,0.0
2026-07-25 18:00:00,EP072026,31,2026-08-01 12:00:00,6 days 18:00:00,162,22.98,-130.74,1007.5,31.7,57.22229862365952,0.0,0.0,0.0,0.0,0.0,0.0,0.0,0.0,0.0,0.0,0.0,0.0
2026-07-25 18:00:00,EP072026,31,2026-08-01 18:00:00,7 days 00:00:00,168,23.3,-132.04,1007.6,28.3,122.40938037419092,0.0,0.0,0.0,0.0,0.0,0.0,0.0,0.0,0.0,0.0,0.0,0.0
2026-07-25 18:00:00,EP072026,31,2026-08-02 00:00:00,7 days 06:00:00,174,23.94,-133.29,1006.4,34.4,119.98493759635971,119.98493759635971,33.66934321268823,16.224948642743783,45.8971240704268,0.0,0.0,0.0,0.0,0.0,0.0,0.0,0.0
2026-07-25 18:00:00,EP072026,31,2026-08-02 06:00:00,7 days 12:00:00,180,24.06,-134.33,1009.8,26.7,95.3724718582572,0.0,0.0,0.0,0.0,0.0,0.0,0.0,0.0,0.0,0.0,0.0,0.0
2026-07-25 18:00:00,EP072026,31,2026-08-02 12:00:00,7 days 18:00:00,186,23.85,-135.27,1009.3,26.2,58.96974873595387,0.0,0.0,0.0,0.0,0.0,0.0,0.0,0.0,0.0,0.0,0.0,0.0
2026-07-25 18:00:00,WP112026,31,2026-07-25 18:00:00,0 days 00:00:00,0,22.4,115.1,967.0,84.0,27.0,222.0,204.0,167.0,195.0,,,,,,,,
2026-07-25 18:00:00,WP112026,31,2026-07-26 00:00:00,0 days 06:00:00,6,22.95,114.44,967.7,75.3,34.65439192506256,188.0535144186572,168.31097444006474,132.10539290057125,149.44372678509353,96.7870795341013,88.31954313107737,71.34957324344556,88.65109590980336,51.2950510755137,46.8476806151734,38.25945750381085,45.49681346387767
2026-07-25 18:00:00,WP112026,31,2026-07-26 06:00:00,0 days 12:00:00,12,23.59,114.16,974.6,64.8,10.480845260773892,139.9246353813635,136.64226622759625,108.73789120457758,106.35974316690708,10.480845260773892,4.046318918865546,1.394083779291745,10.480845260773892,10.480845260773892,0.2888636727236188,0.1458160361905638,0.0
2026-07-25 18:00:00,WP112026,31,2026-07-26 12:00:00,0 days 18:00:00,18,24.33,113.54,988.4,36.9,85.47344322797818,85.47344322797818,51.53735093800343,31.370062236458462,52.73206300646802,0.0,0.0,0.0,0.0,0.0,0.0,0.0,0.0
2026-07-25 18:00:00,WP112026,31,2026-07-26 18:00:00,1 days 00:00:00,24,25.03,113.53,994.4,31.2,109.06598134259173,0.0,0.0,0.0,0.0,0.0,0.0,0.0,0.0,0.0,0.0,0.0,0.0
2026-07-25 18:00:00,WP112026,31,2026-07-27 00:00:00,1 days 06:00:00,30,26.1,112.84,999.1,19.7,84.77004859061627,0.0,0.0,0.0,0.0,0.0,0.0,0.0,0.0,0.0,0.0,0.0,0.0
2026-07-25 18:00:00,WP112026,31,2026-07-27 06:00:00,1 days 12:00:00,36,26.67,113.01,996.2,22.6,100.75361859525476,0.0,0.0,0.0,0.0,0.0,0.0,0.0,0.0,0.0,0.0,0.0,0.0
2026-07-25 18:00:00,WP112026,31,2026-07-27 12:00:00,1 days 18:00:00,42,27.15,112.65,1000.3,18.5,52.99223414711423,0.0,0.0,0.0,0.0,0.0,0.0,0.0,0.0,0.0,0.0,0.0,0.0
2026-07-25 18:00:00,WP112026,31,2026-07-27 18:00:00,2 days 00:00:00,48,28.22,112.3,1007.7,15.5,102.79523750356756,0.0,0.0,0.0,0.0,0.0,0.0,0.0,0.0,0.0,0.0,0.0,0.0
2026-07-25 18:00:00,WP112026,31,2026-07-28 00:00:00,2 days 06:00:00,54,28.65,112.18,1003.4,16.3,122.10651217616264,0.0,0.0,0.0,0.0,0.0,0.0,0.0,0.0,0.0,0.0,0.0,0.0
2026-07-25 18:00:00,WP112026,31,2026-07-28 06:00:00,2 days 12:00:00,60,28.58,112.54,1004.6,18.7,86.97563590661633,0.0,0.0,0.0,0.0,0.0,0.0,0.0,0.0,0.0,0.0,0.0,0.0
2026-07-25 18:00:00,EP062026,32,2026-07-25 18:00:00,0 days 00:00:00,0,19.2,-137.0,971.0,86.0,56.0,297.0,241.0,185.0,297.0,130.0,74.0,74.0,111.0,65.0,46.0,37.0,65.0
2026-07-25 18:00:00,EP062026,32,2026-07-26 00:00:00,0 days 06:00:00,6,19.45,-138.01,982.3,78.1,29.425128971829803,188.4076581318753,154.04855671385252,112.11225873674498,158.53088157014474,89.66662423455028,74.01493252359458,50.54374008652947,73.82183631914066,41.92134645473546,34.11498923495261,25.42812149205917,35.63296306107887
2026-07-25 18:00:00,EP062026,32,2026-07-26 06:00:00,0 days 12:00:00,12,19.74,-139.2,979.5,76.6,59.25739407826458,306.7218522243287,241.63524433618272,182.27797802084984,257.77387082371104,124.33134249428858,104.99342338869909,78.42402349696627,104.8964080533505,61.14897018910648,52.30128592665595,40.85739933617613,52.52812720953145
2026-07-25 18:00:00,EP062026,32,2026-07-26 12:00:00,0 days 18:00:00,18,19.88,-140.5,983.2,72.8,21.11605973086199,211.1242976014986,161.8593505712338,120.62372465344612,184.1526546715372,106.90199311542312,84.45788223483709,58.90838335075495,86.76503002262791,47.8657518093064,38.97726470414477,29.14337832590772,40.05615548701599
2026-07-25 18:00:00,EP062026,32,2026-07-26 18:00:00,1 days 00:00:00,24,19.95,-141.64,970.0,89.3,24.57598162473485,164.47200781568392,128.8955530600092,96.85178989481112,148.91465509563238,75.62551213636686,56.00761754032436,37.63703160277584,65.42164326724838,36.36412471602236,27.501267169532724,19.080674064612523,30.6137374006324
2026-07-25 18:00:00,EP062026,32,2026-07-27 00:00:00,1 days 06:00:00,30,20.16,-142.55,972.2,94.0,45.79682156956136,189.10938424834745,129.93335873527002,82.55519683437848,166.20651023662143,91.98371261211275,68.91074693447524,50.38306085014591,79.47952069097852,46.59772657170798,35.952269181138746,27.317939778684117,40.02772506990375
2026-07-25 18:00:00,EP062026,32,2026-07-27 06:00:00,1 days 12:00:00,36,20.48,-144.17,973.5,84.3,46.91001606767755,180.6187315525376,136.9128700620672,103.21675431845658,145.4902259868676,77.62595125326837,62.74188987139959,45.46972843532332,65.72595347916075,46.91001606767755,30.394707721772026,22.02299730286985,31.035969649976103
2026-07-25 18:00:00,EP062026,32,2026-07-27 12:00:00,1 days 18:00:00,42,20.7,-145.4,979.8,78.4,19.470790223707446,176.55223736488824,135.3836543383227,90.48275085288935,144.6355012853461,84.00711715843306,68.59086846894644,45.69295047923684,68.65537593864431,38.65770892069123,31.26865712541868,22.23095690850171,31.34750733056295
2026-07-25 18:00:00,EP062026,32,2026-07-27 18:00:00,2 days 00:00:00,48,21.15,-146.49,986.4,68.4,47.71998914272859,235.92728213359305,177.96154309548615,114.09608628471244,197.8715306101326,91.0491540730493,72.58282635963621,48.12115120213559,74.34465717443265,47.71998914272859,32.442502844781984,22.75533814779095,32.94008433024263
2026-07-25 18:00:00,EP062026,32,2026-07-28 00:00:00,2 days 06:00:00,54,21.2,-147.83,983.5,71.2,43.82214050518601,200.23405490454184,152.09678610625832,106.738210434922,157.11039423757046,72.16918967079721,53.3540756217426,32.89504996199027,58.93338161170723,43.82214050518601,22.14735673104687,13.580652026974231,23.16588984057637
2026-07-25 18:00:00,EP062026,32,2026-07-28 06:00:00,2 days 12:00:00,60,21.83,-148.98,981.6,71.4,27.65940946527878,196.5897177039829,142.12348584850122,107.25401288984104,159.47794120926775,99.55306060940325,82.48461520581904,59.61590146778395,83.11231649513364,46.42483367742007,38.89119731901337,29.46988994154308,38.32482005829862
2026-07-25 18:00:00,EP062026,32,2026-07-28 12:00:00,2 days 18:00:00,66,21.98,-149.73,983.1,72.9,37.5979796539046,202.27585699480247,175.78815664359175,120.982157994743,173.95570293294102,37.5979796539046,0.0,0.0,37.5979796539046,0.5399957426019271,0.0,0.0,37.5979796539046
2026-07-25 18:00:00,EP062026,32,2026-07-28 18:00:00,3 days 00:00:00,72,22.31,-150.95,992.9,57.5,46.51475379357993,222.21482575995668,185.9046755258252,118.21858220165464,170.3478220696661,46.51475379357993,13.93885129746601,8.610320633972787,12.283114837833,0.0,0.0,0.0,0.0
2026-07-25 18:00:00,EP062026,32,2026-07-29 00:00:00,3 days 06:00:00,78,22.46,-151.74,997.3,51.8,69.45182262014605,202.58459537817663,163.771995184642,138.75309498058988,176.46969317681118,69.45182262014605,0.717186631027602,0.0,1.7598715195625676,0.0,0.0,0.0,0.0
2026-07-25 18:00:00,EP062026,32,2026-07-29 06:00:00,3 days 12:00:00,84,22.73,-152.6,994.4,48.5,93.2339107790798,218.5486052891414,194.5049941120568,156.33142926630185,190.91231494231783,0.0,0.0,0.0,0.0,0.0,0.0,0.0,0.0
2026-07-25 18:00:00,EP062026,32,2026-07-29 12:00:00,3 days 18:00:00,90,22.87,-153.51,997.7,49.3,67.90865842867899,184.9370157711624,145.9784781043801,100.40380966856802,147.03495604761272,0.0,0.0,0.0,0.0,0.0,0.0,0.0,0.0
2026-07-25 18:00:00,EP062026,32,2026-07-29 18:00:00,4 days 00:00:00,96,23.25,-154.88,1006.0,42.4,90.93894646818444,203.6351872882551,169.6796241802582,134.98656444960068,171.24628096136234,0.0,0.0,0.0,0.0,0.0,0.0,0.0,0.0
2026-07-25 18:00:00,EP062026,32,2026-07-30 00:00:00,4 days 06:00:00,102,23.6,-156.08,1004.6,41.0,65.6010679253738,65.6010679253738,21.713054221902667,17.571902861666587,35.85060873404814,0.0,0.0,0.0,0.0,0.0,0.0,0.0,0.0
2026-07-25 18:00:00,EP062026,32,2026-07-30 06:00:00,4 days 12:00:00,108,23.89,-157.55,1009.0,39.0,117.92545152433976,167.34491186254502,132.15318527546174,107.4776556448443,137.3669691915651,0.0,0.0,0.0,0.0,0.0,0.0,0.0,0.0
2026-07-25 18:00:00,EP062026,32,2026-07-30 12:00:00,4 days 18:00:00,114,24.78,-159.14,1006.8,38.7,44.49728502967578,117.52100472266152,87.72556065378626,68.88976469018203,93.7550749916564,0.0,0.0,0.0,0.0,0.0,0.0,0.0,0.0
2026-07-25 18:00:00,EP062026,32,2026-07-30 18:00:00,5 days 00:00:00,120,24.88,-160.14,1010.7,37.4,90.05512842037353,218.0441356676547,187.29522089270404,151.0245093933604,177.459629236173,0.0,0.0,0.0,0.0,0.0,0.0,0.0,0.0
2026-07-25 18:00:00,EP072026,32,2026-07-25 18:00:00,0 days 00:00:00,0,11.2,-105.1,995.0,54.0,28.0,204.0,167.0,56.0,130.0,56.0,37.0,,,0.0,0.0,0.0,0.0
2026-07-25 18:00:00,EP072026,32,2026-07-26 00:00:00,0 days 06:00:00,6,11.88,-106.25,994.2,55.1,33.151080468963926,143.9121934384961,114.41545006765467,57.773492104082976,105.91964628917758,33.151080468963926,2.6788187872671823,0.0,3.814483685618073,0.0,0.0,0.0,0.0
2026-07-25 18:00:00,EP072026,32,2026-07-26 06:00:00,0 days 12:00:00,12,12.53,-107.5,996.0,62.9,43.51273303472762,215.9377739381917,165.5916283396444,103.23949318613606,165.31137569800617,43.51273303472762,28.41638777931211,11.652428307109837,29.8032986493903,0.0,0.0,0.0,0.0
2026-07-25 18:00:00,EP072026,32,2026-07-26 12:00:00,0 days 18:00:00,18,13.31,-108.59,988.2,69.6,21.0210737470386,213.0168181525065,165.24896405342682,90.15003893720971,166.33617993311623,95.80030026946896,72.73350183934977,41.98376250181908,74.20304583779843,38.69869785775668,29.36070382215003,18.63293303046229,30.212013487138776
2026-07-25 18:00:00,EP072026,32,2026-07-26 18:00:00,1 days 00:00:00,24,13.83,-109.9,982.5,77.4,25.05431774280385,163.37199937817468,131.47790413817597,69.85068582051707,127.4145763524714,67.95904717504493,48.04329624683089,24.587626619043817,52.88278893671316,26.3606887256438,18.296084349425783,11.420625990448045,20.82144795493602
2026-07-25 18:00:00,EP072026,32,2026-07-27 00:00:00,1 days 06:00:00,30,14.32,-110.33,972.7,87.5,28.533869550886365,232.19324286048072,182.5955639532892,104.99674160573878,189.91231774640937,108.46138891532274,83.92654231136052,55.57210718733944,86.55133653021784,48.9360349872578,40.59789006811566,30.83451478301865,41.61844152529562
2026-07-25 18:00:00,EP072026,32,2026-07-27 06:00:00,1 days 12:00:00,36,15.01,-111.22,959.0,107.4,57.02350010027228,234.43397627953652,176.95202007328984,110.3884844627886,190.61296202225083,108.98623082259716,89.24983831175273,61.37932462706221,92.91017549546989,57.02350010027228,44.68259100602108,33.987212472248565,46.784284220418826
2026-07-25 18:00:00,EP072026,32,2026-07-27 12:00:00,1 days 18:00:00,42,15.55,-111.82,957.1,105.1,14.27328604742327,217.14993310002976,183.84602556963048,105.0868942843675,166.7930814718158,102.55265370100425,82.00688319610006,55.21708785172524,79.77291639661799,49.10626768959403,42.21628128957662,32.80061612729416,42.45012043397605
2026-07-25 18:00:00,EP072026,32,2026-07-27 18:00:00,2 days 00:00:00,48,16.48,-112.45,960.9,98.0,43.36726569360509,295.9759656628964,260.12506105640267,174.3193473120893,238.66449755893927,128.51384527057706,101.16491823823742,73.43878793311451,103.36211244410136,62.00101166148416,52.41135669990345,39.75625286127591,52.46355665593936
2026-07-25 18:00:00,EP072026,32,2026-07-28 00:00:00,2 days 06:00:00,54,16.91,-113.31,961.5,101.2,13.634272578432691,241.90577918176572,200.1179730465084,136.3849427811643,190.19044782648797,107.47500394271196,86.83183210986388,63.44775984094984,89.17327776598677,54.05863633152035,45.10548812275185,34.32107809720978,46.19742321598562
2026-07-25 18:00:00,EP072026,32,2026-07-28 06:00:00,2 days 12:00:00,60,17.63,-114.01,962.2,97.8,30.437784612957135,225.9640662412472,176.4006136334777,145.9908792613724,203.82282484688815,119.4630890642041,99.82414561530042,79.46302590085497,104.50098957205554,60.61420251419437,52.16485571592594,41.85522361268938,52.853871976673176
2026-07-25 18:00:00,EP072026,32,2026-07-28 12:00:00,2 days 18:00:00,66,17.85,-114.56,956.5,108.5,49.35564969202227,242.50498981732116,200.06557458308163,156.4705512355016,213.88359059641016,128.72601171466482,108.52307540575744,86.6116451203037,111.74668033706972,65.92065055037673,58.09114048940961,47.49191574380325,57.70972047541398
2026-07-25 18:00:00,EP072026,32,2026-07-28 18:00:00,3 days 00:00:00,72,18.2,-115.63,956.3,104.2,41.64632132221294,256.7617423898773,211.9223467089905,157.73652556124398,214.5812868572048,128.90050932164013,102.89801140072676,78.31707880863291,109.8505317759209,66.83122624170414,55.73780714145386,44.4532456342364,58.39251681916835
2026-07-25 18:00:00,EP072026,32,2026-07-29 00:00:00,3 days 06:00:00,78,18.44,-116.2,967.1,101.3,46.12608503668807,226.26841741187457,173.31655782229063,135.24408208377827,200.3487789724777,121.19485681130992,100.186061177064,81.07116765429157,103.698510128819,61.41343174961023,53.59314285342487,44.01963597648219,54.14237898505564
2026-07-25 18:00:00,EP072026,32,2026-07-29 06:00:00,3 days 12:00:00,84,18.43,-117.43,963.2,89.5,54.085077826893325,276.13633301751315,228.3065586688168,193.04744134809405,228.81932614020047,118.62509228808744,103.76361464770514,82.94921472078408,101.04110431472816,60.95182889041416,53.8632531946451,43.41552705737803,53.45860999009477
2026-07-25 18:00:00,EP072026,32,2026-07-29 12:00:00,3 days 18:00:00,90,18.66,-118.14,972.7,81.4,34.62734643548818,272.58431410115946,225.9108768624164,182.13706333849612,251.9339911183062,153.27313098149128,130.6982546977668,103.54179120512644,131.88986881570514,77.2194749354222,66.68556950208652,54.00209715779977,67.79230631515654
2026-07-25 18:00:00,EP072026,32,2026-07-29 18:00:00,4 days 00:00:00,96,18.93,-119.21,977.5,73.9,32.2944542420181,225.18559097294687,187.81225200163567,156.1469217443743,194.29839283609425,115.48589443958956,99.36730720868928,76.37239815696157,97.55770949092748,55.79257266401022,48.64946596690371,37.6120576985276,47.36251069531379
2026-07-25 18:00:00,EP072026,32,2026-07-30 00:00:00,4 days 06:00:00,102,19.46,-120.23,976.6,72.1,54.430617893834096,271.7060375824258,228.48126186958507,185.24927233004928,230.05390023284417,123.3830571336348,105.97591938902131,84.32121617497432,105.60218424912456,62.96840432904219,54.4979036725008,42.50013372418925,53.08082497826854
2026-07-25 18:00:00,EP072026,32,2026-07-30 06:00:00,4 days 12:00:00,108,19.79,-121.31,988.4,59.6,79.73795826274802,179.3471941159321,154.22835843615337,121.8084506398518,158.00226987279498,88.4401357000983,76.28665339254141,56.9089820538908,74.69303277201008,0.0,0.0,0.0,0.0
2026-07-25 18:00:00,EP072026,32,2026-07-30 12:00:00,4 days 18:00:00,114,20.12,-122.34,994.7,50.6,58.25691338670176,238.12619293280127,221.31705712507545,178.89925350624088,211.03921981826448,94.85090906686057,88.60180426871995,72.18530991446288,78.87456316498424,0.0,0.0,0.0,0.0
2026-07-25 18:00:00,EP072026,32,2026-07-30 18:00:00,5 days 00:00:00,120,20.33,-123.64,996.7,46.0,53.16256527654226,172.71359666117306,158.87760275105347,129.77268090952754,158.35234489080625,0.0,0.0,0.0,0.0,0.0,0.0,0.0,0.0
2026-07-25 18:00:00,EP072026,32,2026-07-31 00:00:00,5 days 06:00:00,126,20.69,-124.7,995.7,46.4,84.02670932933876,223.97079364938787,185.9888771869435,150.0998816549943,192.78280374797797,0.0,0.0,0.0,0.0,0.0,0.0,0.0,0.0
2026-07-25 18:00:00,EP072026,32,2026-07-31 06:00:00,5 days 12:00:00,132,21.16,-125.86,996.5,47.7,87.01311617485752,153.13904478188306,127.37566031628356,99.4852071494973,131.25110050317926,0.0,0.0,0.0,0.0,0.0,0.0,0.0,0.0
2026-07-25 18:00:00,EP072026,32,2026-07-31 12:00:00,5 days 18:00:00,138,21.69,-127.16,1003.1,38.5,72.47545004005627,194.2243470308979,162.47742922652702,127.7018215929184,163.89491805284,0.0,0.0,0.0,0.0,0.0,0.0,0.0,0.0
2026-07-25 18:00:00,EP072026,32,2026-07-31 18:00:00,6 days 00:00:00,144,22.12,-128.64,1003.8,36.6,121.5192683042008,121.5192683042008,78.64851388558725,66.8883117468582,88.84993251141998,0.0,0.0,0.0,0.0,0.0,0.0,0.0,0.0
2026-07-25 18:00:00,EP072026,32,2026-08-01 00:00:00,6 days 06:00:00,150,22.74,-130.17,1001.7,37.2,72.61571154521195,161.03594654192486,124.78552153945498,90.53157309643836,135.31647993467362,0.0,0.0,0.0,0.0,0.0,0.0,0.0,0.0
2026-07-25 18:00:00,EP072026,32,2026-08-01 06:00:00,6 days 12:00:00,156,22.89,-131.48,1002.0,35.3,96.69851248375656,96.69851248375656,0.0,0.0,8.794938313711958,0.0,0.0,0.0,0.0,0.0,0.0,0.0,0.0
2026-07-25 18:00:00,EP072026,32,2026-08-01 12:00:00,6 days 18:00:00,162,23.13,-133.13,1007.6,30.4,55.26578321314101,0.0,0.0,0.0,0.0,0.0,0.0,0.0,0.0,0.0,0.0,0.0,0.0
2026-07-25 18:00:00,EP072026,32,2026-08-01 18:00:00,7 days 00:00:00,168,23.32,-134.72,1004.6,35.0,90.6020495883098,90.6020495883098,0.0,0.0,11.464068777056596,0.0,0.0,0.0,0.0,0.0,0.0,0.0,0.0
2026-07-25 18:00:00,EP072026,32,2026-08-02 00:00:00,7 days 06:00:00,174,23.55,-136.07,1003.1,33.0,23.278357304637154,0.0,0.0,0.0,0.0,0.0,0.0,0.0,0.0,0.0,0.0,0.0,0.0
2026-07-25 18:00:00,EP072026,32,2026-08-02 06:00:00,7 days 12:00:00,180,23.96,-137.43,1008.3,28.3,134.60306197675663,0.0,0.0,0.0,0.0,0.0,0.0,0.0,0.0,0.0,0.0,0.0,0.0
2026-07-25 18:00:00,EP072026,32,2026-08-02 12:00:00,7 days 18:00:00,186,24.42,-138.88,1007.2,31.0,69.69563112602759,0.0,0.0,0.0,0.0,0.0,0.0,0.0,0.0,0.0,0.0,0.0,0.0
2026-07-25 18:00:00,EP072026,32,2026-08-02 18:00:00,8 days 00:00:00,192,24.8,-140.28,1008.0,26.9,77.21772974410226,0.0,0.0,0.0,0.0,0.0,0.0,0.0,0.0,0.0,0.0,0.0,0.0
2026-07-25 18:00:00,WP112026,32,2026-07-25 18:00:00,0 days 00:00:00,0,22.4,115.1,967.0,84.0,27.0,222.0,204.0,167.0,195.0,,,,,,,,
2026-07-25 18:00:00,WP112026,32,2026-07-26 00:00:00,0 days 06:00:00,6,22.76,114.41,976.4,66.6,18.685316018747788,70.76153846929517,64.34442929544198,36.275581908734125,55.70124494528019,19.11734164010646,14.99348295068937,9.7084261068298,16.095825950788807,18.685316018747788,0.0,0.0,0.0
2026-07-25 18:00:00,WP112026,32,2026-07-26 06:00:00,0 days 12:00:00,12,23.42,113.55,992.1,45.4,44.88009615573776,10.589776570556026,3.908626872695443,3.8263893056082665,44.88009615573776,0.0,0.0,0.0,0.0,0.0,0.0,0.0,0.0
2026-07-25 18:00:00,WP112026,32,2026-07-26 12:00:00,0 days 18:00:00,18,23.82,113.56,993.0,36.7,40.59641752800599,130.92157918290377,119.12469465022332,91.89245861291784,103.41105576738164,0.0,0.0,0.0,0.0,0.0,0.0,0.0,0.0
2026-07-25 18:00:00,WP112026,32,2026-07-26 18:00:00,1 days 00:00:00,24,24.2,113.25,995.8,26.9,42.71731523009724,0.0,0.0,0.0,0.0,0.0,0.0,0.0,0.0,0.0,0.0,0.0,0.0
2026-07-25 18:00:00,WP112026,32,2026-07-27 00:00:00,1 days 06:00:00,30,25.24,113.01,1000.2,25.8,112.89926006993367,0.0,0.0,0.0,0.0,0.0,0.0,0.0,0.0,0.0,0.0,0.0,0.0
2026-07-25 18:00:00,WP112026,32,2026-07-27 06:00:00,1 days 12:00:00,36,26.7,112.64,999.9,18.6,145.77248816504627,0.0,0.0,0.0,0.0,0.0,0.0,0.0,0.0,0.0,0.0,0.0,0.0
2026-07-25 18:00:00,WP112026,32,2026-07-27 12:00:00,1 days 18:00:00,42,27.36,112.18,1001.2,20.4,99.51236674000091,0.0,0.0,0.0,0.0,0.0,0.0,0.0,0.0,0.0,0.0,0.0,0.0
2026-07-25 18:00:00,WP112026,32,2026-07-27 18:00:00,2 days 00:00:00,48,28.52,112.3,1003.9,19.0,135.66125807534402,0.0,0.0,0.0,0.0,0.0,0.0,0.0,0.0,0.0,0.0,0.0,0.0
2026-07-25 18:00:00,WP112026,32,2026-07-28 00:00:00,2 days 06:00:00,54,29.48,112.43,1003.8,16.9,61.30418825720718,0.0,0.0,0.0,0.0,0.0,0.0,0.0,0.0,0.0,0.0,0.0,0.0
2026-07-25 18:00:00,WP112026,32,2026-07-28 06:00:00,2 days 12:00:00,60,30.62,112.46,1003.3,15.1,108.10729942590558,0.0,0.0,0.0,0.0,0.0,0.0,0.0,0.0,0.0,0.0,0.0,0.0
2026-07-25 18:00:00,WP112026,32,2026-07-28 12:00:00,2 days 18:00:00,66,31.54,112.13,1006.2,13.7,118.5009054014756,0.0,0.0,0.0,0.0,0.0,0.0,0.0,0.0,0.0,0.0,0.0,0.0
2026-07-25 18:00:00,WP112026,32,2026-07-28 18:00:00,3 days 00:00:00,72,32.0,111.94,1004.6,13.9,117.5971065347774,0.0,0.0,0.0,0.0,0.0,0.0,0.0,0.0,0.0,0.0,0.0,0.0
2026-07-25 18:00:00,EP062026,33,2026-07-25 18:00:00,0 days 00:00:00,0,19.2,-137.0,971.0,86.0,56.0,297.0,241.0,185.0,297.0,130.0,74.0,74.0,111.0,65.0,46.0,37.0,65.0
2026-07-25 18:00:00,EP062026,33,2026-07-26 00:00:00,0 days 06:00:00,6,19.25,-138.02,975.6,75.6,54.35235586047288,225.13725708816864,185.77627762886777,139.2105550287542,175.39632594088133,88.85195237041411,74.2617906258976,52.81980000991321,69.43461798979108,54.35235586047288,27.73640806169587,20.918356066642684,26.84673902271082
2026-07-25 18:00:00,EP062026,33,2026-07-26 06:00:00,0 days 12:00:00,12,19.8,-139.17,981.5,74.0,51.81877972218776,249.1146505814268,190.5152786685118,135.68858719060324,206.48687596312251,119.86573130960348,93.6671025329315,69.92059577320904,103.14489653640724,51.81877972218776,42.718433572811634,33.46717033101347,43.72975971679859
2026-07-25 18:00:00,EP062026,33,2026-07-26 12:00:00,0 days 18:00:00,18,20.16,-140.09,974.1,81.4,37.01293344800067,226.7397011114795,171.78103284425882,128.39149594478434,194.91439287254093,113.52814154236998,88.61706113964946,68.67904728956175,97.1566749423928,53.31461026775361,45.38607098774919,35.256979375040515,45.85499123016432
2026-07-25 18:00:00,EP062026,33,2026-07-26 18:00:00,1 days 00:00:00,24,20.23,-141.35,976.2,74.4,44.99608427633544,235.02472864441165,179.31263058292652,141.0490425628388,205.03553255274647,110.80144664133849,85.49992454990348,63.93369544871141,94.71425093984108,45.770018711413854,37.850665204425134,29.102927575528263,39.4593817740938
2026-07-25 18:00:00,EP062026,33,2026-07-27 00:00:00,1 days 06:00:00,30,20.25,-142.8,984.7,70.5,44.26068753396317,237.14361218972493,164.05757478786842,142.47463330356496,207.3159124023373,130.68052624931977,105.1632378614648,83.07925830926526,111.96160525643596,49.96541328266506,42.4007700360273,33.96279444208939,43.02386545406596
2026-07-25 18:00:00,EP062026,33,2026-07-27 06:00:00,1 days 12:00:00,36,20.47,-144.28,988.2,61.8,80.42331858292164,313.67339457165326,259.26389363104045,202.4352504789349,266.409185401757,80.42331858292164,59.70683294888477,38.4070514164689,58.46277696705965,0.0,0.0,0.0,0.0
2026-07-25 18:00:00,EP062026,33,2026-07-27 12:00:00,1 days 18:00:00,42,20.61,-145.71,993.4,57.3,61.80851505283909,262.4889993749462,198.14000500892703,156.34398647219848,227.54037103180085,85.09340442598892,63.54091903246534,42.06728710197908,67.16618764173796,0.0,0.0,0.0,0.0
2026-07-25 18:00:00,EP062026,33,2026-07-27 18:00:00,2 days 00:00:00,48,20.88,-147.28,999.9,52.1,52.0105937281766,245.5054725809996,189.97664316503813,144.28120399582193,207.2882989534664,88.01462554907675,69.27776440480216,47.82833161293394,69.49914044319709,0.0,0.0,0.0,0.0
2026-07-25 18:00:00,EP062026,33,2026-07-28 00:00:00,2 days 06:00:00,54,21.1,-148.46,996.9,56.5,36.5795875075375,221.9024786810977,159.57388947659683,116.99921430913564,182.49590759324644,104.8493622612138,82.22730313238515,59.3395352333668,85.35000819813456,0.0,0.0,0.0,0.0
2026-07-25 18:00:00,EP062026,33,2026-07-28 06:00:00,2 days 12:00:00,60,21.15,-150.02,1001.6,39.4,72.96731954245654,114.83962650061471,83.18309018770196,58.555395850449074,82.02607173155562,0.0,0.0,0.0,0.0,0.0,0.0,0.0,0.0
2026-07-25 18:00:00,EP062026,33,2026-07-28 12:00:00,2 days 18:00:00,66,21.3,-151.37,1004.1,41.1,70.11948058920161,280.9785928301324,242.9483833668253,192.1942843695988,236.05989762388455,0.0,0.0,0.0,0.0,0.0,0.0,0.0,0.0
2026-07-25 18:00:00,EP062026,33,2026-07-28 18:00:00,3 days 00:00:00,72,21.6,-152.45,1003.7,37.7,73.23176194138705,137.73704983109118,108.39768576463824,73.19708526351704,105.70567963749642,0.0,0.0,0.0,0.0,0.0,0.0,0.0,0.0
2026-07-25 18:00:00,EP062026,33,2026-07-29 00:00:00,3 days 06:00:00,78,21.99,-153.55,1006.5,40.0,167.32450907392473,167.32450907392473,92.64028737827223,68.40465355321558,83.56899701035259,0.0,0.0,0.0,0.0,0.0,0.0,0.0,0.0
2026-07-25 18:00:00,EP062026,33,2026-07-29 06:00:00,3 days 12:00:00,84,21.87,-154.84,1004.8,33.9,130.72498124935942,0.0,0.0,0.0,0.0,0.0,0.0,0.0,0.0,0.0,0.0,0.0,0.0
2026-07-25 18:00:00,EP062026,33,2026-07-29 12:00:00,3 days 18:00:00,90,22.21,-156.11,1008.0,36.3,126.98719741849987,126.98719741849987,28.05734033470498,16.05875765659433,20.53836323193424,0.0,0.0,0.0,0.0,0.0,0.0,0.0,0.0
2026-07-25 18:00:00,EP062026,33,2026-07-29 18:00:00,4 days 00:00:00,96,22.41,-157.29,1008.0,30.0,181.27110311261467,0.0,0.0,0.0,0.0,0.0,0.0,0.0,0.0,0.0,0.0,0.0,0.0
2026-07-25 18:00:00,EP062026,33,2026-07-30 00:00:00,4 days 06:00:00,102,22.47,-159.02,1006.9,32.0,114.18141386277962,0.0,0.0,0.0,0.0,0.0,0.0,0.0,0.0,0.0,0.0,0.0,0.0
2026-07-25 18:00:00,EP072026,33,2026-07-25 18:00:00,0 days 00:00:00,0,11.2,-105.1,995.0,54.0,28.0,204.0,167.0,56.0,130.0,56.0,37.0,,,0.0,0.0,0.0,0.0
2026-07-25 18:00:00,EP072026,33,2026-07-26 00:00:00,0 days 06:00:00,6,12.1,-106.45,992.5,58.9,51.47606346847303,64.03368652625194,31.37621682924317,0.0,30.69641761113381,51.47606346847303,0.0,0.0,0.0140516362648384,0.0,0.0,0.0,0.0
2026-07-25 18:00:00,EP072026,33,2026-07-26 06:00:00,0 days 12:00:00,12,12.38,-107.84,997.1,56.3,42.57702267907097,236.2922083270386,205.8667307015845,150.47757488079318,194.3527445520396,48.45702366579234,37.13795977299824,21.602210829687092,34.6141628352742,0.0,0.0,0.0,0.0
2026-07-25 18:00:00,EP072026,33,2026-07-26 12:00:00,0 days 18:00:00,18,13.28,-109.08,982.3,75.5,25.969018854710495,238.8924544206628,201.90165503355323,141.2474576878352,190.9682264790971,56.3689882520914,39.00808052127422,20.98876882306415,39.42147956898535,25.969018854710495,0.0,0.0,1.1581901792965192
2026-07-25 18:00:00,EP072026,33,2026-07-26 18:00:00,1 days 00:00:00,24,13.92,-110.02,981.9,74.9,19.73329759304201,238.11513669386608,209.54093039041453,138.83698880395576,181.6501021687351,80.76702203547451,62.283338217860205,36.0170739523286,57.01015676369369,20.470445068035183,16.004567767407103,9.519521941855986,15.437486626824096
2026-07-25 18:00:00,EP072026,33,2026-07-27 00:00:00,1 days 06:00:00,30,14.38,-111.16,968.7,91.8,17.75994866195862,253.57408579672529,205.8700004922768,134.96640852213278,203.75840323966588,102.78315043387704,77.69471585063746,51.59908174484458,80.57758647778815,38.6225352741173,30.9109673911676,21.771238775391964,32.35515641038597
2026-07-25 18:00:00,EP072026,33,2026-07-27 06:00:00,1 days 12:00:00,36,14.96,-112.02,960.7,100.6,13.117802854812794,256.77897472092167,232.58756473019875,152.83704975310982,211.01818289696627,50.68078754399658,32.853946662547244,11.931525992343436,35.08948664342876,13.117802854812794,7.01788767426199,2.3126077165468075,8.497867458015119
2026-07-25 18:00:00,EP072026,33,2026-07-27 12:00:00,1 days 18:00:00,42,15.38,-112.71,963.0,98.9,31.293467299902268,218.6499893719506,182.37589391426036,100.95629818645088,182.05483579867743,85.40460448484745,62.00512134212696,37.81048285015234,68.33643458172124,44.76901651814405,35.71458999092868,24.88386494991188,36.44190348362526
2026-07-25 18:00:00,EP072026,33,2026-07-27 18:00:00,2 days 00:00:00,48,16.06,-113.51,960.5,97.2,24.0201200229014,257.86804081196834,218.60532913884688,131.4371427880322,204.28360007916396,82.16465766662856,64.06822181128662,35.65466153980845,62.00628946531347,38.18493599259384,29.68656306420349,20.06898234831953,30.853218705635395
2026-07-25 18:00:00,EP072026,33,2026-07-28 00:00:00,2 days 06:00:00,54,16.74,-114.16,940.5,130.4,39.30594648341082,314.2125584541664,260.04343986202093,199.03731555134252,280.04024357513936,154.002086358425,129.378958225436,106.20369714579648,129.03946134573357,83.06220743952497,78.26921798882802,64.50930766802821,75.77840731068432
2026-07-25 18:00:00,EP072026,33,2026-07-28 06:00:00,2 days 12:00:00,60,17.3,-115.21,967.6,93.7,25.20546013700161,237.98973567669344,218.9724980939219,158.83849657566023,193.4548150857931,48.89578821310258,39.38360053296385,25.273346014314196,36.69455510476112,25.20546013700161,5.748666120028537,3.821944819060128,6.474638422103594
2026-07-25 18:00:00,EP072026,33,2026-07-28 12:00:00,2 days 18:00:00,66,17.5,-115.42,968.8,89.0,36.508350731065775,240.50550354202085,193.97942382831025,139.724570530998,187.8240090968534,145.1175850277524,124.13344849209916,97.91848717269984,122.86562596181528,77.46012474617186,67.6515243091336,54.0668868342307,64.722946749502
2026-07-25 18:00:00,EP072026,33,2026-07-28 18:00:00,3 days 00:00:00,72,17.83,-116.07,969.6,83.0,30.142373965292293,289.65570108761347,262.5174801136779,190.46937736618952,225.2303434455387,88.01528658575228,75.08595270347621,52.51911094718649,67.27627532227069,30.142373965292293,23.070219419255608,16.557857765946995,21.44953228732868
2026-07-25 18:00:00,EP072026,33,2026-07-29 00:00:00,3 days 06:00:00,78,18.24,-116.56,963.0,97.2,51.2823581459873,271.2444655699144,227.4719183944532,140.9772181392072,207.380442185971,108.4357821027967,86.3609738105477,58.81704649172521,87.15082232429062,51.2823581459873,41.575928531817695,31.788159261012552,42.493209703087686
2026-07-25 18:00:00,EP072026,33,2026-07-29 06:00:00,3 days 12:00:00,84,18.48,-117.24,973.5,79.5,29.45361563983716,335.7289523688338,286.321131801255,236.48131328294693,291.07072837197575,151.16776789253544,125.76443660055426,97.43213746677088,127.09686873178605,54.91734327640035,47.24177550126769,37.34315371381052,47.71128582723984
2026-07-25 18:00:00,EP072026,33,2026-07-29 12:00:00,3 days 18:00:00,90,18.96,-118.11,970.2,81.7,50.74356069666093,324.9360018683045,278.0318730195076,217.76346168444832,291.2902609934996,135.77088760746608,106.24127654762302,78.84394034900347,112.46997138165082,50.74356069666093,36.191088407873536,26.646456770898823,37.12587862884116
2026-07-25 18:00:00,EP072026,33,2026-07-29 18:00:00,4 days 00:00:00,96,19.25,-118.79,974.6,75.8,44.97674741756367,287.928218240933,252.08679633589415,176.22421186143163,242.40266608215552,105.4890640050134,85.08192654295698,58.60564347046325,86.43837213615234,44.97674741756367,29.336574106537512,21.787369779934096,29.96214193748632
2026-07-25 18:00:00,EP072026,33,2026-07-30 00:00:00,4 days 06:00:00,102,19.8,-119.93,982.7,67.5,34.55384533557293,340.4391115975609,286.3623095536195,212.40594490940884,269.7823300588525,78.9048809270389,59.8640595049003,35.73290986298116,56.10511016441888,34.55384533557293,0.8283938227871275,0.0,1.2051042228724391
2026-07-25 18:00:00,EP072026,33,2026-07-30 06:00:00,4 days 12:00:00,108,20.45,-121.03,988.2,58.6,58.74334899357764,304.23013249749926,261.37253721954306,194.92455510288372,249.0574050732457,78.64409032268988,61.88846490026526,38.52081603945418,59.62667035722178,0.0,0.0,0.0,0.0
2026-07-25 18:00:00,EP072026,33,2026-07-30 12:00:00,4 days 18:00:00,114,21.05,-122.6,985.5,54.3,53.23056321931343,270.79185887705853,220.4559780190625,178.9567288639685,231.93773207289095,120.08346326207597,98.64195947711596,73.88021108925587,97.44500802850196,0.0,0.0,0.0,0.0
2026-07-25 18:00:00,EP072026,33,2026-07-30 18:00:00,5 days 00:00:00,120,21.2,-124.05,999.8,45.2,51.353039000728046,229.3697767659138,186.4312765237539,143.80735972384693,189.4131684067784,0.0,0.0,0.0,0.0,0.0,0.0,0.0,0.0
2026-07-25 18:00:00,EP072026,33,2026-07-31 00:00:00,5 days 06:00:00,126,21.58,-125.39,1000.1,46.0,110.2623066788571,372.99514759448914,321.3248158631104,263.13612407831806,305.73429667174406,0.0,0.0,0.0,0.0,0.0,0.0,0.0,0.0
2026-07-25 18:00:00,EP072026,33,2026-07-31 06:00:00,5 days 12:00:00,132,21.97,-126.52,996.2,45.8,124.24893395145044,187.4798366611384,152.79759034957823,123.77285712664154,146.19757658146943,0.0,0.0,0.0,0.0,0.0,0.0,0.0,0.0
2026-07-25 18:00:00,EP072026,33,2026-07-31 12:00:00,5 days 18:00:00,138,22.56,-128.05,999.8,39.9,106.74337627161776,106.74337627161776,55.56042534350172,35.516283042736404,56.66151222997405,0.0,0.0,0.0,0.0,0.0,0.0,0.0,0.0
2026-07-25 18:00:00,EP072026,33,2026-07-31 18:00:00,6 days 00:00:00,144,23.13,-129.29,1003.6,37.3,99.99817857746508,99.99817857746508,8.652362323726408,0.4919255363003003,15.602660402098074,0.0,0.0,0.0,0.0,0.0,0.0,0.0,0.0
2026-07-25 18:00:00,EP072026,33,2026-08-01 00:00:00,6 days 06:00:00,150,23.59,-130.91,1003.6,33.3,66.19553499062746,0.0,0.0,0.0,0.0,0.0,0.0,0.0,0.0,0.0,0.0,0.0,0.0
2026-07-25 18:00:00,EP072026,33,2026-08-01 06:00:00,6 days 12:00:00,156,24.12,-132.2,1005.3,32.4,136.67080593976343,0.0,0.0,0.0,0.0,0.0,0.0,0.0,0.0,0.0,0.0,0.0,0.0
2026-07-25 18:00:00,EP072026,33,2026-08-01 12:00:00,6 days 18:00:00,162,24.71,-133.85,1004.1,27.9,88.19008139559355,0.0,0.0,0.0,0.0,0.0,0.0,0.0,0.0,0.0,0.0,0.0,0.0
2026-07-25 18:00:00,EP072026,33,2026-08-01 18:00:00,7 days 00:00:00,168,25.2,-135.39,1004.1,28.3,123.46087630846375,0.0,0.0,0.0,0.0,0.0,0.0,0.0,0.0,0.0,0.0,0.0,0.0
2026-07-25 18:00:00,EP072026,33,2026-08-02 00:00:00,7 days 06:00:00,174,25.88,-136.94,1008.5,30.2,162.1861541734974,0.0,0.0,0.0,0.0,0.0,0.0,0.0,0.0,0.0,0.0,0.0,0.0
2026-07-25 18:00:00,EP072026,33,2026-08-02 06:00:00,7 days 12:00:00,180,25.78,-138.37,1003.2,36.0,113.50251169136482,113.50251169136482,3.7209926670819407,0.8644956388578668,17.45280391106487,0.0,0.0,0.0,0.0,0.0,0.0,0.0,0.0
2026-07-25 18:00:00,EP072026,33,2026-08-02 12:00:00,7 days 18:00:00,186,26.58,-139.55,1004.7,32.5,90.2636661907003,0.0,0.0,0.0,0.0,0.0,0.0,0.0,0.0,0.0,0.0,0.0,0.0
2026-07-25 18:00:00,EP072026,33,2026-08-02 18:00:00,8 days 00:00:00,192,26.87,-141.0,1008.9,27.8,152.26298772534966,0.0,0.0,0.0,0.0,0.0,0.0,0.0,0.0,0.0,0.0,0.0,0.0
2026-07-25 18:00:00,EP072026,33,2026-08-03 00:00:00,8 days 06:00:00,198,28.04,-141.85,1002.4,31.5,88.82327621340478,0.0,0.0,0.0,0.0,0.0,0.0,0.0,0.0,0.0,0.0,0.0,0.0
2026-07-25 18:00:00,WP112026,33,2026-07-25 18:00:00,0 days 00:00:00,0,22.4,115.1,967.0,84.0,27.0,222.0,204.0,167.0,195.0,,,,,,,,
2026-07-25 18:00:00,WP112026,33,2026-07-26 00:00:00,0 days 06:00:00,6,23.21,114.74,961.1,84.8,13.527268192144843,186.29026523922815,161.17951449624567,125.34225725921968,145.80578061963837,55.25486263610473,44.190842708377545,30.63052514370164,42.85614742859891,18.80673859126772,15.306127976446376,11.25667551759064,15.944586864731152
2026-07-25 18:00:00,WP112026,33,2026-07-26 06:00:00,0 days 12:00:00,12,24.12,114.14,976.6,61.8,19.18453470285148,189.11710630525243,175.43968446361902,124.83339299565613,158.47408677313285,65.56403884985161,53.39825589577167,39.819150922272726,51.14579633737743,0.0,0.0,0.0,0.0
2026-07-25 18:00:00,WP112026,33,2026-07-26 12:00:00,0 days 18:00:00,18,24.42,113.71,994.0,30.0,71.47181194160366,0.0,0.0,0.0,0.0,0.0,0.0,0.0,0.0,0.0,0.0,0.0,0.0
2026-07-25 18:00:00,WP112026,33,2026-07-26 18:00:00,1 days 00:00:00,24,25.0,113.66,999.5,23.5,107.88952748630548,0.0,0.0,0.0,0.0,0.0,0.0,0.0,0.0,0.0,0.0,0.0,0.0
2026-07-25 18:00:00,WP112026,33,2026-07-27 00:00:00,1 days 06:00:00,30,26.38,113.54,1000.9,18.6,105.9493260994056,0.0,0.0,0.0,0.0,0.0,0.0,0.0,0.0,0.0,0.0,0.0,0.0
2026-07-25 18:00:00,WP112026,33,2026-07-27 06:00:00,1 days 12:00:00,36,27.04,112.79,1002.8,13.6,109.19107699337953,0.0,0.0,0.0,0.0,0.0,0.0,0.0,0.0,0.0,0.0,0.0,0.0
2026-07-25 18:00:00,WP112026,33,2026-07-27 12:00:00,1 days 18:00:00,42,27.84,113.29,1004.9,18.3,133.91436021023293,0.0,0.0,0.0,0.0,0.0,0.0,0.0,0.0,0.0,0.0,0.0,0.0
2026-07-25 18:00:00,WP112026,33,2026-07-27 18:00:00,2 days 00:00:00,48,29.13,112.79,1006.2,24.1,26.955418920161986,0.0,0.0,0.0,0.0,0.0,0.0,0.0,0.0,0.0,0.0,0.0,0.0
2026-07-25 18:00:00,EP062026,34,2026-07-25 18:00:00,0 days 00:00:00,0,19.2,-137.0,971.0,86.0,56.0,297.0,241.0,185.0,297.0,130.0,74.0,74.0,111.0,65.0,46.0,37.0,65.0
2026-07-25 18:00:00,EP062026,34,2026-07-26 00:00:00,0 days 06:00:00,6,19.41,-137.91,980.8,69.1,58.29770232470389,262.19580647812,191.49154988088807,139.54080367614466,221.66396019494408,127.85149350115655,100.89341758138656,72.32935635861652,105.0294462587604,58.29770232470389,38.4097652326456,28.3093486830438,40.01495798148978
2026-07-25 18:00:00,EP062026,34,2026-07-26 06:00:00,0 days 12:00:00,12,19.62,-139.09,978.2,77.5,55.660794534879216,246.50630194085423,176.00980949176568,129.0643957741472,213.33884722604287,123.24464700052287,98.57477390275724,72.90540828149078,104.8948756704296,55.660794534879216,43.7753397660056,33.56642318645342,44.71930538498979
2026-07-25 18:00:00,EP062026,34,2026-07-26 12:00:00,0 days 18:00:00,18,19.66,-140.36,988.8,64.0,59.954711780665136,274.4176986921757,212.1220411071582,153.86457952643747,235.5040724181664,118.1042519347874,91.3308960622478,62.79565362385968,94.61053472364576,59.954711780665136,11.853627964802582,6.385877619996202,14.012551034575427
2026-07-25 18:00:00,EP062026,34,2026-07-26 18:00:00,1 days 00:00:00,24,20.19,-141.4,983.0,75.8,35.41778002026734,252.36384529746664,197.6083934342056,149.8437509323119,209.06148098039148,113.7809556436578,94.20145202688693,67.80858267351829,93.14578824395024,35.41778002026734,21.3463074922697,15.772064354804456,22.696538895891745
2026-07-25 18:00:00,EP062026,34,2026-07-27 00:00:00,1 days 06:00:00,30,20.46,-142.6,979.4,76.0,38.4019259720381,247.6502873853924,179.76986168777012,134.85877577044192,210.7712342439621,130.8431016434733,108.03407031419286,81.25268923916396,111.15835150652696,54.931915703430576,45.98796508831471,36.04881301016066,46.329667779236445
2026-07-25 18:00:00,EP062026,34,2026-07-27 06:00:00,1 days 12:00:00,36,20.44,-143.67,979.3,75.0,36.12862568235892,313.59132398456177,247.1775563842848,190.18889009396867,279.8325153801204,174.96069443399233,145.78837014466762,113.18159416132346,150.04443060556355,65.62070253883692,56.47216685791733,44.52530532724424,56.38147473785307
2026-07-25 18:00:00,EP062026,34,2026-07-27 12:00:00,1 days 18:00:00,42,20.5,-145.07,992.0,58.2,80.7937720064048,201.26093045376552,138.87695877566512,95.3106373340186,156.85411344683385,80.7937720064048,36.25741168854475,22.87836322217773,38.26237755940819,0.0,0.0,0.0,0.0
2026-07-25 18:00:00,EP062026,34,2026-07-27 18:00:00,2 days 00:00:00,48,20.72,-146.05,990.6,63.1,56.67719423246071,205.9174166329249,153.7521298124645,98.4532052988035,173.544686764329,62.48948107894833,48.40781311246422,32.13015850612859,50.45290840022914,0.0,0.0,0.0,0.0
2026-07-25 18:00:00,EP062026,34,2026-07-28 00:00:00,2 days 06:00:00,54,21.16,-147.39,996.6,49.2,46.95877208200881,255.5373810011972,200.8741920856171,133.67142506744244,202.6848561578745,0.0,0.0,0.0,0.0,0.0,0.0,0.0,0.0
2026-07-25 18:00:00,EP062026,34,2026-07-28 06:00:00,2 days 12:00:00,60,21.44,-148.7,996.3,50.2,101.63867646002052,229.37751505738916,170.38596990842416,118.49403941978852,187.3851397599626,101.63867646002052,70.08615556960035,49.255176188422894,67.17979228536058,0.0,0.0,0.0,0.0
2026-07-25 18:00:00,EP062026,34,2026-07-28 12:00:00,2 days 18:00:00,66,21.74,-150.17,1000.3,45.2,66.4887811249366,274.3487932691895,227.30845936860177,161.22282871838945,217.32400393559612,0.0,0.0,0.0,0.0,0.0,0.0,0.0,0.0
2026-07-25 18:00:00,EP062026,34,2026-07-28 18:00:00,3 days 00:00:00,72,22.38,-151.1,1001.7,48.3,61.67239940912475,221.62892896918092,184.65172019198064,124.9314113734984,177.2053407213889,0.0,0.0,0.0,0.0,0.0,0.0,0.0,0.0
2026-07-25 18:00:00,EP062026,34,2026-07-29 00:00:00,3 days 06:00:00,78,22.58,-152.5,1005.8,42.9,83.14838322260734,245.35560774315937,197.4121684516154,149.0320793930564,191.0662000252551,0.0,0.0,0.0,0.0,0.0,0.0,0.0,0.0
2026-07-25 18:00:00,EP062026,34,2026-07-29 06:00:00,3 days 12:00:00,84,22.51,-153.67,1003.1,38.9,62.172094559406325,117.805267135705,106.1008702777096,87.5131005797917,100.12784937853108,0.0,0.0,0.0,0.0,0.0,0.0,0.0,0.0
2026-07-25 18:00:00,EP062026,34,2026-07-29 12:00:00,3 days 18:00:00,90,22.78,-155.51,1006.6,27.2,74.34392123771099,0.0,0.0,0.0,0.0,0.0,0.0,0.0,0.0,0.0,0.0,0.0,0.0
2026-07-25 18:00:00,EP062026,34,2026-07-29 18:00:00,4 days 00:00:00,96,22.77,-156.44,1004.3,30.4,94.7520872657296,0.0,0.0,0.0,0.0,0.0,0.0,0.0,0.0,0.0,0.0,0.0,0.0
2026-07-25 18:00:00,EP062026,34,2026-07-30 00:00:00,4 days 06:00:00,102,23.13,-157.53,1005.7,28.7,54.97207078801203,0.0,0.0,0.0,0.0,0.0,0.0,0.0,0.0,0.0,0.0,0.0,0.0
2026-07-25 18:00:00,EP062026,34,2026-07-30 06:00:00,4 days 12:00:00,108,23.11,-159.13,1009.8,28.4,77.13026736399047,0.0,0.0,0.0,0.0,0.0,0.0,0.0,0.0,0.0,0.0,0.0,0.0
2026-07-25 18:00:00,EP072026,34,2026-07-25 18:00:00,0 days 00:00:00,0,11.2,-105.1,995.0,54.0,28.0,204.0,167.0,56.0,130.0,56.0,37.0,,,0.0,0.0,0.0,0.0
2026-07-25 18:00:00,EP072026,34,2026-07-26 00:00:00,0 days 06:00:00,6,11.71,-106.38,994.6,62.9,39.08888914666649,138.89620827389595,107.8543274461506,61.49585130008391,115.8106556827574,46.637307951090605,35.09660473909295,20.021372099396302,34.05212836461696,0.0,0.0,0.0,0.0
2026-07-25 18:00:00,EP072026,34,2026-07-26 06:00:00,0 days 12:00:00,12,12.54,-107.61,994.2,59.6,49.13198803662812,186.14709689123345,149.4268337270673,94.45159891249553,149.43524592685333,53.23351993704848,41.99159022917591,26.262581024182637,40.48811812502657,0.0,0.0,0.0,0.0
2026-07-25 18:00:00,EP072026,34,2026-07-26 12:00:00,0 days 18:00:00,18,13.18,-108.54,989.6,63.7,36.19050883494927,174.6001125392719,148.3505682294591,94.16672784902336,140.4843860569424,53.23644532080026,42.72536563693932,25.27343846818141,40.6176798179086,0.0,0.0,0.0,0.0
2026-07-25 18:00:00,EP072026,34,2026-07-26 18:00:00,1 days 00:00:00,24,13.97,-109.82,979.8,82.9,34.97364757166889,244.1222480580164,204.62175862982923,123.94581486130303,176.62854216130745,90.17150513748577,71.95738598432781,43.39612721531206,67.6212654368837,34.97364757166889,10.07116809367364,4.69124104634776,12.091120154210463
2026-07-25 18:00:00,EP072026,34,2026-07-27 00:00:00,1 days 06:00:00,30,14.61,-110.71,975.9,86.6,31.169016906859618,198.38019651918003,146.39600045518102,88.37038818670823,157.54911771772726,110.24913082569012,89.85933780913231,64.71915898381579,89.30640189638385,44.88051411067159,38.12727649797227,29.255103327153883,37.33281261504854
2026-07-25 18:00:00,EP072026,34,2026-07-27 06:00:00,1 days 12:00:00,36,15.05,-111.9,971.6,93.4,15.983727376603616,243.54202572134693,192.34695466367572,145.5530736130132,198.86809702035185,115.44542520247155,95.56154381408052,69.24280254793278,96.5980481674584,47.93047816316971,40.53290652989204,30.969654226643488,40.51199409928488
2026-07-25 18:00:00,EP072026,34,2026-07-27 12:00:00,1 days 18:00:00,42,15.64,-112.38,968.4,96.0,20.419258882959067,286.9421262825957,240.2566445770228,154.53753707130787,222.6909190081056,119.7115813766105,95.85287933649786,64.54579821658356,95.2868793467628,47.41752785590424,38.11088594797778,27.126248329508293,38.156859221907375
2026-07-25 18:00:00,EP072026,34,2026-07-27 18:00:00,2 days 00:00:00,48,16.17,-112.94,971.7,97.8,12.432497434238968,289.56229231142106,240.4180579771578,141.31562531261002,232.7098885135698,105.26193569051183,81.61318580302657,49.235240019772135,83.29128732809261,34.01870417685548,26.75929536758268,17.525481223234223,27.84612939530852
2026-07-25 18:00:00,EP072026,34,2026-07-28 00:00:00,2 days 06:00:00,54,16.62,-113.5,974.5,92.1,35.880214394634294,222.0143158199737,179.4880132467494,123.06276006566124,180.5145099344396,112.79308137410294,90.18395879132952,61.56165551156454,89.87632532977184,50.05295012881189,41.54649471654835,31.887441088054626,41.60146723697677
2026-07-25 18:00:00,EP072026,34,2026-07-28 06:00:00,2 days 12:00:00,60,17.02,-114.22,966.4,104.9,3.2850423230540784,297.83829522268064,229.14002682840356,163.329237667983,253.80173204507145,132.75458931251185,105.76711742496688,79.2453959854455,111.61946054029836,60.17134957231753,50.3855542814168,39.29418100813533,51.12510071329842
2026-07-25 18:00:00,EP072026,34,2026-07-28 12:00:00,2 days 18:00:00,66,17.48,-114.57,950.7,117.1,5.813574652392791,240.86475363402425,215.84851461345684,124.53021880266296,195.79649015015335,86.93658451129431,70.04602821117766,44.64974114433453,69.61157678671802,49.67483911308773,42.25604691144834,31.973722922374545,41.54742254202881
2026-07-25 18:00:00,EP072026,34,2026-07-28 18:00:00,3 days 00:00:00,72,17.89,-115.18,962.9,94.6,10.115227343923843,199.9486249685592,184.8889041640539,109.96616163948676,159.8338381731195,35.34419571405527,23.812943351678943,8.50508465813351,23.413361308145284,10.115227343923843,2.076766822125572,0.0,4.614438730897781
2026-07-25 18:00:00,EP072026,34,2026-07-29 00:00:00,3 days 06:00:00,78,18.41,-116.14,963.4,98.0,27.204974479366182,222.59037592991496,180.839455604697,132.60052843842482,178.90981476345053,88.43897687324018,70.26505951393264,55.63752816387964,71.90598063033107,42.005102376984205,35.35210748323894,28.85528421518756,36.0581332133718
2026-07-25 18:00:00,EP072026,34,2026-07-29 06:00:00,3 days 12:00:00,84,18.66,-116.75,968.8,95.9,22.646080991556683,256.2120936082101,204.56990858260417,151.3084584841827,216.0301370803928,76.95857741906349,56.87956450138273,40.38654491702675,64.60713817176031,23.941587383075152,17.340234028699083,11.326793398344767,19.63907545246271
2026-07-25 18:00:00,EP072026,34,2026-07-29 12:00:00,3 days 18:00:00,90,18.78,-117.51,970.3,91.1,23.18826315185736,239.15146665149027,181.54431743521863,147.39312230249675,202.32416435877985,96.81426754090204,77.56624279443871,55.34652093963028,81.77383031035438,33.75242890382067,26.823411396699505,20.154492833186893,28.72985710441804
2026-07-25 18:00:00,EP072026,34,2026-07-29 18:00:00,4 days 00:00:00,96,19.09,-118.35,968.6,89.3,3.4602403183971155,173.15125088307212,145.5910100778329,100.97069851771175,135.49176801834832,58.377300529163634,40.59816208384396,24.326282859624836,44.90009108753844,14.246669310118254,8.51919868512983,4.750361041673334,11.445581188304228
2026-07-25 18:00:00,EP072026,34,2026-07-30 00:00:00,4 days 06:00:00,102,19.4,-119.06,971.6,79.7,25.706466571279808,215.03174916708363,160.13157948318712,128.9994386759344,197.51662483381207,136.0602277582055,114.35836519689286,93.00150573023356,117.8872886233161,59.90317243054288,53.42832805251841,44.26820872119909,52.290951268887305
2026-07-25 18:00:00,EP072026,34,2026-07-30 06:00:00,4 days 12:00:00,108,19.76,-120.2,977.6,73.4,29.65903766360672,244.6848252835213,198.541107492132,144.67486691921349,199.3003518155521,89.21374183117894,70.2980287719533,48.44414771264637,70.82861338149283,29.65903766360672,19.343673774644248,13.357514241941876,20.621786676660182
2026-07-25 18:00:00,EP072026,34,2026-07-30 12:00:00,4 days 18:00:00,114,19.94,-121.04,987.7,64.4,33.71041673230645,195.17031421044612,141.58200003428476,113.44642246242556,173.5634754676421,72.86302621117588,53.58174074825909,35.30642262310626,60.57625738979039,33.71041673230645,0.8643970184522072,0.0,3.606731317452586
2026-07-25 18:00:00,EP072026,34,2026-07-30 18:00:00,5 days 00:00:00,120,20.32,-122.44,984.2,60.2,33.8589185094306,230.03712483907103,186.87353724508284,152.61705981164715,197.90653967444055,87.43561878564236,73.68341568443086,56.433824364464,72.76529392728874,0.0,0.0,0.0,0.0
2026-07-25 18:00:00,EP072026,34,2026-07-31 00:00:00,5 days 06:00:00,126,20.62,-123.52,993.1,56.1,59.73815201972553,155.13199230781464,121.9816195208187,86.31067931905056,124.87154709229112,59.73815201972553,5.3579908238313365,0.5724824247134008,7.037354648405344,0.0,0.0,0.0,0.0
2026-07-25 18:00:00,EP072026,34,2026-07-31 06:00:00,5 days 12:00:00,132,20.91,-124.43,994.3,49.6,69.30214094665708,178.5663449935864,142.15220774000096,115.46823203888616,159.90897973058688,0.0,0.0,0.0,0.0,0.0,0.0,0.0,0.0
2026-07-25 18:00:00,EP072026,34,2026-07-31 12:00:00,5 days 18:00:00,138,21.39,-125.4,996.6,45.5,40.74047544993664,159.75931750381278,134.33733670082802,98.53130161355784,134.92497851134976,0.0,0.0,0.0,0.0,0.0,0.0,0.0,0.0
2026-07-25 18:00:00,EP072026,34,2026-07-31 18:00:00,6 days 00:00:00,144,21.84,-126.32,998.8,40.0,46.34289629807752,46.34289629807752,5.562594350280719,0.0,7.045102433843006,0.0,0.0,0.0,0.0,0.0,0.0,0.0,0.0
2026-07-25 18:00:00,EP072026,34,2026-08-01 00:00:00,6 days 06:00:00,150,22.58,-127.46,1003.7,35.1,38.51713182204128,119.32657065019566,108.10933573529884,79.77837336897414,93.77073630987934,0.0,0.0,0.0,0.0,0.0,0.0,0.0,0.0
2026-07-25 18:00:00,EP072026,34,2026-08-01 06:00:00,6 days 12:00:00,156,22.98,-128.74,1001.5,35.8,111.57244916876353,111.57244916876353,87.75721150434231,65.57802961828321,84.01026709568075,0.0,0.0,0.0,0.0,0.0,0.0,0.0,0.0
2026-07-25 18:00:00,EP072026,34,2026-08-01 12:00:00,6 days 18:00:00,162,23.1,-129.81,1004.1,30.8,88.40100707503825,0.0,0.0,0.0,0.0,0.0,0.0,0.0,0.0,0.0,0.0,0.0,0.0
2026-07-25 18:00:00,EP072026,34,2026-08-01 18:00:00,7 days 00:00:00,168,23.51,-130.87,1006.7,29.2,55.074175168706645,0.0,0.0,0.0,0.0,0.0,0.0,0.0,0.0,0.0,0.0,0.0,0.0
2026-07-25 18:00:00,EP072026,34,2026-08-02 00:00:00,7 days 06:00:00,174,23.69,-132.14,1009.0,26.6,123.11316329441512,0.0,0.0,0.0,0.0,0.0,0.0,0.0,0.0,0.0,0.0,0.0,0.0
2026-07-25 18:00:00,EP072026,34,2026-08-02 06:00:00,7 days 12:00:00,180,23.84,-132.91,1008.3,26.7,63.88163095628639,0.0,0.0,0.0,0.0,0.0,0.0,0.0,0.0,0.0,0.0,0.0,0.0
2026-07-25 18:00:00,EP072026,34,2026-08-02 12:00:00,7 days 18:00:00,186,23.79,-133.77,1000.8,26.5,89.04489333440253,0.0,0.0,0.0,0.0,0.0,0.0,0.0,0.0,0.0,0.0,0.0,0.0
2026-07-25 18:00:00,EP072026,34,2026-08-02 18:00:00,8 days 00:00:00,192,24.11,-135.21,1007.5,19.7,115.93450377548066,0.0,0.0,0.0,0.0,0.0,0.0,0.0,0.0,0.0,0.0,0.0,0.0
2026-07-25 18:00:00,EP072026,34,2026-08-03 00:00:00,8 days 06:00:00,198,24.45,-136.12,1004.8,23.5,69.31388891610885,0.0,0.0,0.0,0.0,0.0,0.0,0.0,0.0,0.0,0.0,0.0,0.0
2026-07-25 18:00:00,WP112026,34,2026-07-25 18:00:00,0 days 00:00:00,0,22.4,115.1,967.0,84.0,27.0,222.0,204.0,167.0,195.0,,,,,,,,
2026-07-25 18:00:00,WP112026,34,2026-07-26 00:00:00,0 days 06:00:00,6,22.83,114.44,966.8,81.6,33.75700162995334,181.6122334159112,143.4380552515468,110.87105813246328,137.12830756218003,71.99449213520316,54.51485063827326,39.11756739974852,57.52295740027297,33.75700162995334,8.740884770385966,6.423757228806515,10.585213502520729
2026-07-25 18:00:00,WP112026,34,2026-07-26 06:00:00,0 days 12:00:00,12,23.72,114.33,981.4,58.4,30.274628155392136,169.51280369690747,165.192063682905,135.04797992114763,142.70527684864513,30.274628155392136,2.0859797460254974,0.0,0.1392571876150725,0.0,0.0,0.0,0.0
2026-07-25 18:00:00,WP112026,34,2026-07-26 12:00:00,0 days 18:00:00,18,24.45,113.7,992.2,35.3,82.9809356399881,82.9809356399881,0.0,0.5317974115097854,1.891011363861068,0.0,0.0,0.0,0.0,0.0,0.0,0.0,0.0
2026-07-25 18:00:00,WP112026,34,2026-07-26 18:00:00,1 days 00:00:00,24,24.73,113.34,1001.3,27.1,49.54882470027366,0.0,0.0,0.0,0.0,0.0,0.0,0.0,0.0,0.0,0.0,0.0,0.0
2026-07-25 18:00:00,WP112026,34,2026-07-27 00:00:00,1 days 06:00:00,30,26.22,113.15,996.5,28.1,111.95727933795592,0.0,0.0,0.0,0.0,0.0,0.0,0.0,0.0,0.0,0.0,0.0,0.0
2026-07-25 18:00:00,WP112026,34,2026-07-27 06:00:00,1 days 12:00:00,36,26.74,112.96,1000.1,21.6,104.03437934463985,0.0,0.0,0.0,0.0,0.0,0.0,0.0,0.0,0.0,0.0,0.0,0.0
2026-07-25 18:00:00,WP112026,34,2026-07-27 12:00:00,1 days 18:00:00,42,27.42,112.68,1000.4,19.2,110.68073774582354,0.0,0.0,0.0,0.0,0.0,0.0,0.0,0.0,0.0,0.0,0.0,0.0
2026-07-25 18:00:00,WP112026,34,2026-07-27 18:00:00,2 days 00:00:00,48,28.89,111.63,1007.5,11.3,129.28331520885854,0.0,0.0,0.0,0.0,0.0,0.0,0.0,0.0,0.0,0.0,0.0,0.0
2026-07-25 18:00:00,WP112026,34,2026-07-28 00:00:00,2 days 06:00:00,54,29.19,112.07,1008.1,10.7,62.40099549742857,0.0,0.0,0.0,0.0,0.0,0.0,0.0,0.0,0.0,0.0,0.0,0.0
2026-07-25 18:00:00,EP062026,35,2026-07-25 18:00:00,0 days 00:00:00,0,19.2,-137.0,971.0,86.0,56.0,297.0,241.0,185.0,297.0,130.0,74.0,74.0,111.0,65.0,46.0,37.0,65.0
2026-07-25 18:00:00,EP062026,35,2026-07-26 00:00:00,0 days 06:00:00,6,19.42,-138.08,972.2,84.3,21.299820703448503,259.3060871371854,228.7224922213533,177.20464417595645,232.19824539148885,78.79962620493319,54.929669413112975,34.89336673363441,61.70872407224118,21.299820703448503,11.23803008082816,7.953092137873857,14.95029984265936
2026-07-25 18:00:00,EP062026,35,2026-07-26 06:00:00,0 days 12:00:00,12,19.72,-139.49,983.3,70.1,38.231286876196464,254.7261780596365,207.7163410902576,135.06811865645707,209.0105638333889,107.32047069003188,77.41152068839264,56.29252641843277,87.968474462247,38.231286876196464,28.150999031840385,20.827790549437395,27.923405891121146
2026-07-25 18:00:00,EP062026,35,2026-07-26 12:00:00,0 days 18:00:00,18,19.79,-140.46,983.8,71.6,35.27310013546254,262.6329900505068,193.5821266321697,146.21896032629098,235.9578721408936,97.10917155581464,69.37230146556499,46.27702871180488,77.45002399299881,35.27310013546254,0.0118473564789967,0.0,4.108300786491915
2026-07-25 18:00:00,EP062026,35,2026-07-26 18:00:00,1 days 00:00:00,24,19.87,-141.79,981.5,74.6,22.325205136348583,202.07347127187492,154.40487645851044,105.65334026880372,174.16609215414246,89.25204981082152,65.23925842750668,46.73300031025724,78.81935324473943,38.4489917673418,30.992171672983886,24.671898620313183,32.258690490835306
2026-07-25 18:00:00,EP062026,35,2026-07-27 00:00:00,1 days 06:00:00,30,20.12,-142.88,985.4,70.6,55.11905139531518,217.3203455780604,155.69674656551797,93.92203576659084,189.717075847002,96.339075640004,66.09581464041185,42.34799033750096,78.24014693279605,55.11905139531518,29.65972405199136,23.287980246333063,33.62987345404963
2026-07-25 18:00:00,EP062026,35,2026-07-27 06:00:00,1 days 12:00:00,36,20.33,-144.13,984.0,75.9,39.11520117781888,258.9005150203764,195.7988876537132,144.27033319546058,233.10864053443447,111.86548771142292,84.7810726268574,63.7823394596324,97.31576214154644,57.61503285104024,48.35659614348566,39.33577675896129,49.15308757525662
2026-07-25 18:00:00,EP062026,35,2026-07-27 12:00:00,1 days 18:00:00,42,20.78,-145.32,987.9,69.3,55.28331203896322,212.45990201494868,144.99583102096062,86.26887529123209,202.57621669753652,102.08282326855748,73.0726116681048,51.04691252652644,83.86076011626561,55.28331203896322,33.0093680299163,26.70159829197704,36.1158340076618
2026-07-25 18:00:00,EP062026,35,2026-07-27 18:00:00,2 days 00:00:00,48,20.93,-146.8,995.6,62.9,30.94062188675696,260.8147670072575,203.38753274598704,127.61207974359483,222.2475959818721,79.81487347491552,55.62301523616448,33.816411969662695,55.24667041675924,0.0,0.0,0.0,0.0
2026-07-25 18:00:00,EP062026,35,2026-07-28 00:00:00,2 days 06:00:00,54,21.47,-147.99,993.4,61.4,21.211209216043407,210.76261670365915,159.3386805895771,83.01497320058873,174.73574299224543,87.04890486143289,61.20959942597496,32.189659922167834,60.83212811599772,0.0,0.0,0.0,0.0
2026-07-25 18:00:00,EP062026,35,2026-07-28 06:00:00,2 days 12:00:00,60,22.1,-149.31,989.1,59.2,60.934951068427765,183.4825220270312,169.8183268738714,118.85234981068166,152.69136378120317,60.934951068427765,0.0,0.0,0.1696326919958046,0.0,0.0,0.0,0.0
2026-07-25 18:00:00,EP062026,35,2026-07-28 12:00:00,2 days 18:00:00,66,22.52,-150.44,999.1,51.0,34.33867572622141,138.17181860475924,109.45294453098076,68.02149683891984,117.0704270753126,34.33867572622141,0.0,0.0,0.0,0.0,0.0,0.0,0.0
2026-07-25 18:00:00,EP062026,35,2026-07-28 18:00:00,3 days 00:00:00,72,22.79,-151.94,998.7,48.5,96.258746770575,256.5358745420533,213.34732472107137,134.10244388832916,200.38923376922827,0.0,0.0,0.0,0.0,0.0,0.0,0.0,0.0
2026-07-25 18:00:00,EP062026,35,2026-07-29 00:00:00,3 days 06:00:00,78,23.11,-152.62,1003.7,44.0,76.52218893533765,76.52218893533765,31.89908553628453,7.185367740171357,43.74103810419932,0.0,0.0,0.0,0.0,0.0,0.0,0.0,0.0
2026-07-25 18:00:00,EP062026,35,2026-07-29 06:00:00,3 days 12:00:00,84,23.55,-153.62,1003.8,38.1,113.15260445688976,113.15260445688976,41.52319479155977,13.37938010225879,49.15497052206824,0.0,0.0,0.0,0.0,0.0,0.0,0.0,0.0
2026-07-25 18:00:00,EP062026,35,2026-07-29 12:00:00,3 days 18:00:00,90,23.92,-154.98,1005.5,36.8,94.59236985349486,94.59236985349486,0.0,0.0,8.99063367708139,0.0,0.0,0.0,0.0,0.0,0.0,0.0,0.0
2026-07-25 18:00:00,EP062026,35,2026-07-29 18:00:00,4 days 00:00:00,96,24.15,-156.6,1010.8,32.1,97.50101510388646,0.0,0.0,0.0,0.0,0.0,0.0,0.0,0.0,0.0,0.0,0.0,0.0
2026-07-25 18:00:00,EP062026,35,2026-07-30 00:00:00,4 days 06:00:00,102,24.56,-158.09,1007.2,29.0,140.441480783102,0.0,0.0,0.0,0.0,0.0,0.0,0.0,0.0,0.0,0.0,0.0,0.0
2026-07-25 18:00:00,EP072026,35,2026-07-25 18:00:00,0 days 00:00:00,0,11.2,-105.1,995.0,54.0,28.0,204.0,167.0,56.0,130.0,56.0,37.0,,,0.0,0.0,0.0,0.0
2026-07-25 18:00:00,EP072026,35,2026-07-26 00:00:00,0 days 06:00:00,6,11.85,-106.33,997.0,52.8,68.62319265147471,164.53050444070306,146.38111762812915,80.47431913082319,120.55840075798024,68.62319265147471,0.2320433678131552,0.0,2.0021379876459218,0.0,0.0,0.0,0.0
2026-07-25 18:00:00,EP072026,35,2026-07-26 06:00:00,0 days 12:00:00,12,12.51,-107.45,990.1,64.1,53.889275212946686,190.70501762570476,152.70025553577028,96.76151457725908,148.39683313916973,59.77355742026048,45.69812304700744,29.391506851278763,41.44721960662122,53.889275212946686,0.0,0.0,0.1032334844363147
2026-07-25 18:00:00,EP072026,35,2026-07-26 12:00:00,0 days 18:00:00,18,13.12,-108.58,967.0,109.3,44.94985681028366,217.06641668999185,190.26170015522035,140.1995369600982,179.40865259939443,77.71326451131164,71.30157777148057,59.56989321837401,66.10377607757742,44.94985681028366,18.167730116000484,15.878281047718897,20.002710301278785
2026-07-25 18:00:00,EP072026,35,2026-07-26 18:00:00,1 days 00:00:00,24,13.54,-109.92,985.5,65.7,30.85942137739792,154.6108965556557,129.89742670297665,82.37576755913648,129.14741374009265,53.41296471765219,38.08135345855803,22.685619190854965,39.90809628616955,30.85942137739792,0.0,0.0,0.0
2026-07-25 18:00:00,EP072026,35,2026-07-27 00:00:00,1 days 06:00:00,30,14.23,-110.73,990.9,67.7,38.04252792987893,186.43922091914297,154.48143872107173,109.57010581855803,155.16905340664462,90.93234337147965,65.08264393335864,42.88430307169751,66.77222788594878,38.04252792987893,10.864518667052607,7.009499450862907,11.67898726363873
2026-07-25 18:00:00,EP072026,35,2026-07-27 06:00:00,1 days 12:00:00,36,15.05,-111.49,971.5,84.7,33.48813161324651,252.56287184367488,216.55477335213584,127.4749994880176,184.0180201314976,108.27652936804122,89.80345986453568,61.9963804144322,85.83445061052768,43.93843932415434,38.79507263823053,30.998562620607014,38.26993544905606
2026-07-25 18:00:00,EP072026,35,2026-07-27 12:00:00,1 days 18:00:00,42,15.81,-112.12,970.0,95.6,38.21863421596073,209.44684807554367,178.14167966078483,112.21577738078167,168.78904630754187,104.80443574329333,79.33418418783921,53.45511802235051,81.36447969341096,59.31081825171884,51.40380557911289,41.786616842770485,53.46175215300008
2026-07-25 18:00:00,EP072026,35,2026-07-27 18:00:00,2 days 00:00:00,48,16.58,-113.21,960.4,109.0,25.75521368016541,265.4757177347582,219.14907397183867,134.23226705688478,217.2095468299171,91.8163153016589,64.95123608205583,36.684743895356725,61.217871111131686,25.75521368016541,10.616698550964454,6.412692445068493,13.965044152339692
2026-07-25 18:00:00,EP072026,35,2026-07-28 00:00:00,2 days 06:00:00,54,16.96,-113.62,969.4,94.2,36.375482284936425,258.46643591682823,226.4398150716024,158.31667758669118,213.44716880566372,109.76744636153217,84.49374583745066,57.89363211728232,89.53427197926658,57.12938410469906,49.727274170417104,39.33718291404534,50.08297865724853
2026-07-25 18:00:00,EP072026,35,2026-07-28 06:00:00,2 days 12:00:00,60,17.32,-114.27,969.7,93.7,28.109550283907524,173.2614844999651,152.06751324779526,124.2151925352681,162.23399295201182,72.43391152172157,50.73180484986625,38.35539498141488,63.60143279093116,53.45276638507436,44.636969314925146,38.35539498141488,46.89647717447781
2026-07-25 18:00:00,EP072026,35,2026-07-28 12:00:00,2 days 18:00:00,66,17.89,-114.79,962.0,96.0,21.885905607162123,207.44314610164437,174.42963381113216,117.941101002385,162.785530428838,91.37830031492857,70.5617574323888,45.75891155116588,71.0637769707435,46.593121276375626,40.208345588892286,29.03813196404231,39.283916013893446
2026-07-25 18:00:00,EP072026,35,2026-07-28 18:00:00,3 days 00:00:00,72,18.35,-115.63,958.2,102.8,44.98638224781874,209.33976225314836,172.17463618950308,125.28969855588883,186.69465934017128,112.99009730684496,82.58836506478734,64.61928728701422,97.10140653570464,64.25053169645314,54.56246446483502,44.73456948105986,56.71712210371072
2026-07-25 18:00:00,EP072026,35,2026-07-29 00:00:00,3 days 06:00:00,78,18.4,-116.52,969.0,89.8,60.91892147266383,255.53356144315677,199.39519314609632,166.84622871570653,220.35042886401163,135.66728045990772,107.4892296925078,87.55286706863399,118.85575238560828,73.95608666610418,64.65308545047994,53.332891277569054,65.71761872576224
2026-07-25 18:00:00,EP072026,35,2026-07-29 06:00:00,3 days 12:00:00,84,18.62,-117.14,966.6,94.6,63.69705357872802,280.0479549077036,250.9248063569742,188.75578495035344,230.17349488140363,131.37946319068672,110.96098277827284,84.5669485985152,114.13814613924568,63.69705357872802,54.3470750385892,42.98623815261145,52.74994589547113
2026-07-25 18:00:00,EP072026,35,2026-07-29 12:00:00,3 days 18:00:00,90,18.97,-117.87,969.9,85.2,19.107912858503784,251.92732519813717,193.70086672258827,127.63616262991314,202.4188541177961,126.5680375721568,99.15937760874702,65.55869910636565,99.8296276763752,46.73052590734247,38.82297281983455,29.541852073941723,39.567123255694085
2026-07-25 18:00:00,EP072026,35,2026-07-29 18:00:00,4 days 00:00:00,96,19.33,-118.93,970.1,87.4,41.11673423676249,242.0860355334368,207.15078050288804,169.44560564929748,213.25251115118283,112.90804819986047,93.70767616001676,74.26696301305682,97.90667958336778,56.02816863616738,49.98272232293894,39.63366982251601,47.87724865234431
2026-07-25 18:00:00,EP072026,35,2026-07-30 00:00:00,4 days 06:00:00,102,19.6,-119.62,978.5,74.2,66.73471872429687,248.5482329414081,202.0679412748753,160.10848009109446,213.93060163984305,124.70300740625856,98.35402962048224,80.44080914731981,110.86376647462922,66.73471872429687,54.419183080122735,45.27674991247727,53.89780743809567
2026-07-25 18:00:00,EP072026,35,2026-07-30 06:00:00,4 days 12:00:00,108,20.07,-120.53,984.9,63.7,34.87314419119225,213.28837534946973,183.9352306082165,159.6641371836398,207.54823622153145,118.32468976059496,95.26024452360826,70.94470586662732,97.6741491223911,0.0,0.0,0.0,0.0
2026-07-25 18:00:00,EP072026,35,2026-07-30 12:00:00,4 days 18:00:00,114,20.33,-121.68,989.3,59.2,38.26740058998576,304.3051994650259,234.1596822033057,186.0009507917412,275.9904211422663,163.48974996051084,133.3946751553865,99.90061435969938,133.5332081106153,0.0,0.0,0.0,0.0
2026-07-25 18:00:00,EP072026,35,2026-07-30 18:00:00,5 days 00:00:00,120,20.99,-122.94,996.5,59.0,46.48802876829852,204.0812950031356,171.80141161990005,142.5901860388132,173.88812429422956,46.48802876829852,26.231150628917035,15.293672660964615,28.6211650859274,0.0,0.0,0.0,0.0
2026-07-25 18:00:00,EP072026,35,2026-07-31 00:00:00,5 days 06:00:00,126,21.25,-124.09,992.2,54.1,31.157207686025163,168.06479226545054,139.5529897127256,132.3278118729771,161.96827401085508,65.41518831844922,42.96646301880224,29.37385475936792,46.36301571180848,0.0,0.0,0.0,0.0
2026-07-25 18:00:00,EP072026,35,2026-07-31 06:00:00,5 days 12:00:00,132,21.68,-125.59,999.5,46.7,63.16504837513359,200.2633478261364,164.9395487940074,119.71342255303364,169.40669682482343,0.0,0.0,0.0,0.0,0.0,0.0,0.0,0.0
2026-07-25 18:00:00,EP072026,35,2026-07-31 12:00:00,5 days 18:00:00,138,21.92,-126.81,1000.0,48.3,53.86729832238878,163.12644378773928,138.81609204053595,118.0635195801746,136.01992624087413,0.0,0.0,0.0,0.0,0.0,0.0,0.0,0.0
2026-07-25 18:00:00,EP072026,35,2026-07-31 18:00:00,6 days 00:00:00,144,22.11,-127.92,1005.3,40.7,79.8231478455566,79.8231478455566,47.747128807334605,27.556325636032252,68.6013522338925,0.0,0.0,0.0,0.0,0.0,0.0,0.0,0.0
2026-07-25 18:00:00,EP072026,35,2026-08-01 00:00:00,6 days 06:00:00,150,22.51,-128.92,1003.4,45.3,28.49657053115429,82.08586704226627,52.15754901121794,25.633793002383342,65.94638973291768,0.0,0.0,0.0,0.0,0.0,0.0,0.0,0.0
2026-07-25 18:00:00,EP072026,35,2026-08-01 06:00:00,6 days 12:00:00,156,22.71,-130.29,1005.1,35.0,47.42000813434407,1.726622856619155,0.0,0.0,47.42000813434407,0.0,0.0,0.0,0.0,0.0,0.0,0.0,0.0
2026-07-25 18:00:00,EP072026,35,2026-08-01 12:00:00,6 days 18:00:00,162,22.83,-131.4,1005.0,32.1,53.293832463480896,0.0,0.0,0.0,0.0,0.0,0.0,0.0,0.0,0.0,0.0,0.0,0.0
2026-07-25 18:00:00,EP072026,35,2026-08-01 18:00:00,7 days 00:00:00,168,23.1,-132.97,1006.1,34.9,112.22028122213705,112.22028122213705,0.4831823930863947,0.0,13.934765937617383,0.0,0.0,0.0,0.0,0.0,0.0,0.0,0.0
2026-07-25 18:00:00,EP072026,35,2026-08-02 00:00:00,7 days 06:00:00,174,23.11,-133.72,1007.2,32.3,131.8731593373966,0.0,0.0,0.0,0.0,0.0,0.0,0.0,0.0,0.0,0.0,0.0,0.0
2026-07-25 18:00:00,EP072026,35,2026-08-02 06:00:00,7 days 12:00:00,180,23.46,-134.98,1006.8,29.8,119.38327944320022,0.0,0.0,0.0,0.0,0.0,0.0,0.0,0.0,0.0,0.0,0.0,0.0
2026-07-25 18:00:00,EP072026,35,2026-08-02 12:00:00,7 days 18:00:00,186,23.84,-135.83,1007.5,29.0,139.18793988705838,0.0,0.0,0.0,0.0,0.0,0.0,0.0,0.0,0.0,0.0,0.0,0.0
2026-07-25 18:00:00,EP072026,35,2026-08-02 18:00:00,8 days 00:00:00,192,24.15,-137.15,1006.1,28.6,65.25159969262633,0.0,0.0,0.0,0.0,0.0,0.0,0.0,0.0,0.0,0.0,0.0,0.0
2026-07-25 18:00:00,EP072026,35,2026-08-03 00:00:00,8 days 06:00:00,198,24.54,-137.71,1005.7,28.3,131.31952325692623,0.0,0.0,0.0,0.0,0.0,0.0,0.0,0.0,0.0,0.0,0.0,0.0
2026-07-25 18:00:00,WP112026,35,2026-07-25 18:00:00,0 days 00:00:00,0,22.4,115.1,967.0,84.0,27.0,222.0,204.0,167.0,195.0,,,,,,,,
2026-07-25 18:00:00,WP112026,35,2026-07-26 00:00:00,0 days 06:00:00,6,23.18,114.24,964.6,74.8,21.05907395495462,214.87015851705644,202.1734798343261,162.31360973478763,186.7833242711067,104.23952378987264,92.40798371447563,69.40602601685427,86.44073239483447,22.685977671763336,18.890355856974885,14.249265612694913,18.09538456889966
2026-07-25 18:00:00,WP112026,35,2026-07-26 06:00:00,0 days 12:00:00,12,23.45,114.38,982.5,53.4,47.47706235271785,122.82761000729636,131.48886615306287,99.68092730177794,96.08314461933774,3.8817488033933336,47.47706235271785,0.7104359455932205,4.287899134922403,0.0,0.0,0.0,0.0
2026-07-25 18:00:00,WP112026,35,2026-07-26 12:00:00,0 days 18:00:00,18,24.32,113.79,988.8,39.0,91.78730296440024,95.03551683433352,88.50077699609389,49.05184123783247,66.4469970321002,0.0,0.0,0.0,0.0,0.0,0.0,0.0,0.0
2026-07-25 18:00:00,WP112026,35,2026-07-26 18:00:00,1 days 00:00:00,24,24.99,113.62,998.6,23.6,46.3792671891141,0.0,0.0,0.0,0.0,0.0,0.0,0.0,0.0,0.0,0.0,0.0,0.0
2026-07-25 18:00:00,WP112026,35,2026-07-27 00:00:00,1 days 06:00:00,30,25.82,113.38,1000.8,18.8,89.48786974898132,0.0,0.0,0.0,0.0,0.0,0.0,0.0,0.0,0.0,0.0,0.0,0.0
2026-07-25 18:00:00,WP112026,35,2026-07-27 06:00:00,1 days 12:00:00,36,26.72,113.0,1001.4,20.0,110.46767982903242,0.0,0.0,0.0,0.0,0.0,0.0,0.0,0.0,0.0,0.0,0.0,0.0
2026-07-25 18:00:00,WP112026,35,2026-07-27 12:00:00,1 days 18:00:00,42,27.54,112.86,1004.5,17.2,136.48067861581933,0.0,0.0,0.0,0.0,0.0,0.0,0.0,0.0,0.0,0.0,0.0,0.0
2026-07-25 18:00:00,WP112026,35,2026-07-27 18:00:00,2 days 00:00:00,48,28.26,112.52,1001.6,18.8,69.83403895867664,0.0,0.0,0.0,0.0,0.0,0.0,0.0,0.0,0.0,0.0,0.0,0.0
2026-07-25 18:00:00,WP112026,35,2026-07-28 00:00:00,2 days 06:00:00,54,29.71,112.12,1002.3,23.8,110.49073542669385,0.0,0.0,0.0,0.0,0.0,0.0,0.0,0.0,0.0,0.0,0.0,0.0
2026-07-25 18:00:00,WP112026,35,2026-07-28 06:00:00,2 days 12:00:00,60,30.87,111.87,1001.0,21.0,56.917157123871576,0.0,0.0,0.0,0.0,0.0,0.0,0.0,0.0,0.0,0.0,0.0,0.0
2026-07-25 18:00:00,WP112026,35,2026-07-28 12:00:00,2 days 18:00:00,66,30.76,111.86,1004.7,15.6,53.83582547356347,0.0,0.0,0.0,0.0,0.0,0.0,0.0,0.0,0.0,0.0,0.0,0.0
2026-07-25 18:00:00,EP062026,36,2026-07-25 18:00:00,0 days 00:00:00,0,19.2,-137.0,971.0,86.0,56.0,297.0,241.0,185.0,297.0,130.0,74.0,74.0,111.0,65.0,46.0,37.0,65.0
2026-07-25 18:00:00,EP062026,36,2026-07-26 00:00:00,0 days 06:00:00,6,19.25,-138.0,979.2,75.9,29.304038532500385,194.13054774568943,157.50600325124572,122.54531633102545,170.45453787761403,94.1011058323171,79.91363275234181,59.030351445318445,77.5474182293184,45.18122024193775,38.01777097559065,29.548943715234003,38.44657464768437
2026-07-25 18:00:00,EP062026,36,2026-07-26 06:00:00,0 days 12:00:00,12,19.48,-139.22,983.9,64.3,40.07939472742241,212.8529101480073,172.5180860413843,147.02816295340426,191.1890260893256,118.2159152013272,102.71491274165916,81.34882001109136,101.37151831060773,58.97055437942659,52.00795662538262,41.45987758687447,50.507336675668846
2026-07-25 18:00:00,EP062026,36,2026-07-26 12:00:00,0 days 18:00:00,18,19.73,-140.43,984.7,68.8,49.7050098584088,167.86238673556443,127.30745193866407,105.89884743989516,150.8151967075297,71.3411008764248,55.86631477859461,36.98143983192901,59.40648200341977,49.7050098584088,23.566287633993937,16.687656929845474,24.65329073827388
2026-07-25 18:00:00,EP062026,36,2026-07-26 18:00:00,1 days 00:00:00,24,19.9,-141.34,968.0,89.1,49.98066621848968,226.2039541108429,212.37802657961737,178.53999819240522,205.839825789977,106.89859191454885,90.13247466993798,75.44750147339116,95.68753375410672,54.80912799145891,48.94590549432765,39.114615991072526,47.75252351516323
2026-07-25 18:00:00,EP062026,36,2026-07-27 00:00:00,1 days 06:00:00,30,20.36,-142.34,981.1,80.1,51.84451968991311,238.26827649623044,175.11569564814545,129.38495942648296,202.45773061120255,111.04416827547232,90.58794328638017,67.82919511858856,94.14546697476167,53.79703889306606,44.893026964511535,34.52349225259053,45.04484920866537
2026-07-25 18:00:00,EP062026,36,2026-07-27 06:00:00,1 days 12:00:00,36,20.64,-143.61,983.9,75.3,23.40468470422133,211.989758103126,151.0508607047541,112.5666918504266,184.20761106834465,90.16699344948032,70.91149127052701,50.76085582740672,74.75042452696155,40.38867993829717,33.1165455903423,24.63839370640414,33.74143608825171
2026-07-25 18:00:00,EP062026,36,2026-07-27 12:00:00,1 days 18:00:00,42,20.77,-144.74,980.8,81.5,8.519805157942699,164.21415367196403,119.1060821409925,89.27341255220112,140.2056782819529,80.09669801631436,59.38554960747941,42.36166479150566,66.05201509459789,37.16571245967013,28.897287258418867,20.949424624651986,30.12825437362962
2026-07-25 18:00:00,EP062026,36,2026-07-27 18:00:00,2 days 00:00:00,48,21.04,-146.21,980.6,80.3,44.04042736035413,152.17340747098012,104.79966664609464,84.57042718675291,123.14661173966016,67.17771273844946,51.755667561875214,35.092188765487464,56.98085686453419,44.04042736035413,23.743467775579973,16.222553542728384,24.83264459534585
2026-07-25 18:00:00,EP062026,36,2026-07-28 00:00:00,2 days 06:00:00,54,21.47,-147.33,985.6,70.9,44.88961237384112,194.84843733279143,139.3288610539715,94.61462804130532,169.15035991209822,91.29458602580476,74.92818202918147,53.894061088327234,74.46763197693778,44.88961237384112,36.118065063556806,27.97174146778197,36.69650290771018
2026-07-25 18:00:00,EP062026,36,2026-07-28 06:00:00,2 days 12:00:00,60,21.96,-148.67,984.8,68.4,69.77285889890175,203.9419687361437,142.93264158783086,100.39881522967175,160.8116010497988,95.20864413484514,76.34691178887874,54.278616462533705,78.15375929700531,69.77285889890175,34.31857285760907,25.40072837227234,34.57707538179932
2026-07-25 18:00:00,EP062026,36,2026-07-28 12:00:00,2 days 18:00:00,66,22.04,-149.64,992.4,61.5,67.0776325324412,193.72323897822395,125.34127783378268,92.10250941834472,162.64398678217012,67.0776325324412,46.44182265374231,27.588306701509097,51.49355816460823,0.0,0.0,0.0,0.0
2026-07-25 18:00:00,EP062026,36,2026-07-28 18:00:00,3 days 00:00:00,72,22.48,-150.61,989.0,62.5,25.96782898595485,179.1707692836909,150.5141598843602,113.96424802242284,155.52929332001605,95.98007664025758,88.74747834453464,76.0995606738595,82.78073384373857,0.0,0.0,0.0,0.0
2026-07-25 18:00:00,EP062026,36,2026-07-29 00:00:00,3 days 06:00:00,78,22.56,-151.8,994.8,57.9,35.2602633256138,227.45034502367017,176.93012517712617,129.89305243580964,190.36385795060772,35.2602633256138,1.7219725379027755,0.0,3.384410180286565,0.0,0.0,0.0,0.0
2026-07-25 18:00:00,EP062026,36,2026-07-29 06:00:00,3 days 12:00:00,84,22.66,-152.65,997.6,49.1,31.31615267826578,212.96807131834865,191.43054322635885,141.3564810192736,183.2973457539474,0.0,0.0,0.0,0.0,0.0,0.0,0.0,0.0
2026-07-25 18:00:00,EP062026,36,2026-07-29 12:00:00,3 days 18:00:00,90,22.74,-154.01,995.1,44.9,50.67537558318735,160.4991438709818,123.18047424213746,94.20030218803588,139.90162133397234,0.0,0.0,0.0,0.0,0.0,0.0,0.0,0.0
2026-07-25 18:00:00,EP062026,36,2026-07-29 18:00:00,4 days 00:00:00,96,22.98,-154.73,1001.2,42.1,43.86342574601427,186.3299379829058,150.2829860663409,121.74494187983944,154.4736201751653,0.0,0.0,0.0,0.0,0.0,0.0,0.0,0.0
2026-07-25 18:00:00,EP062026,36,2026-07-30 00:00:00,4 days 06:00:00,102,23.41,-156.22,1005.1,43.5,61.10619682677629,202.9539509670344,162.500390282721,128.59413092582906,170.96327383242647,0.0,0.0,0.0,0.0,0.0,0.0,0.0,0.0
2026-07-25 18:00:00,EP062026,36,2026-07-30 06:00:00,4 days 12:00:00,108,23.75,-157.36,1008.2,37.3,144.92143306086083,144.92143306086083,0.0,0.0,7.186324906619955,0.0,0.0,0.0,0.0,0.0,0.0,0.0,0.0
2026-07-25 18:00:00,EP062026,36,2026-07-30 12:00:00,4 days 18:00:00,114,24.29,-159.0,1010.7,35.0,61.18369775152428,61.18369775152428,0.0,0.0,5.7564009208430775,0.0,0.0,0.0,0.0,0.0,0.0,0.0,0.0
2026-07-25 18:00:00,EP062026,36,2026-07-30 18:00:00,5 days 00:00:00,120,24.1,-160.19,1004.7,37.9,89.0847890156569,89.0847890156569,0.0,0.0,2.451923710164289,0.0,0.0,0.0,0.0,0.0,0.0,0.0,0.0
2026-07-25 18:00:00,EP062026,36,2026-07-31 00:00:00,5 days 06:00:00,126,24.96,-161.34,1008.4,37.7,69.12681800123312,69.12681800123312,0.0,0.0,5.846281812971029,0.0,0.0,0.0,0.0,0.0,0.0,0.0,0.0
2026-07-25 18:00:00,EP062026,36,2026-07-31 06:00:00,5 days 12:00:00,132,25.22,-162.69,1009.5,33.0,51.90251362497997,0.0,0.0,0.0,0.0,0.0,0.0,0.0,0.0,0.0,0.0,0.0,0.0
2026-07-25 18:00:00,EP062026,36,2026-07-31 12:00:00,5 days 18:00:00,138,24.83,-164.9,1009.6,27.3,52.35188543363125,0.0,0.0,0.0,0.0,0.0,0.0,0.0,0.0,0.0,0.0,0.0,0.0
2026-07-25 18:00:00,EP062026,36,2026-07-31 18:00:00,6 days 00:00:00,144,25.37,-165.89,1010.2,33.0,124.11707111199532,0.0,0.0,0.0,0.0,0.0,0.0,0.0,0.0,0.0,0.0,0.0,0.0
2026-07-25 18:00:00,EP062026,36,2026-08-01 00:00:00,6 days 06:00:00,150,25.47,-166.68,1010.3,37.2,115.13001899633625,115.13001899633625,0.0,0.0,0.7191241410056222,0.0,0.0,0.0,0.0,0.0,0.0,0.0,0.0
2026-07-25 18:00:00,EP072026,36,2026-07-25 18:00:00,0 days 00:00:00,0,11.2,-105.1,995.0,54.0,28.0,204.0,167.0,56.0,130.0,56.0,37.0,,,0.0,0.0,0.0,0.0
2026-07-25 18:00:00,EP072026,36,2026-07-26 00:00:00,0 days 06:00:00,6,11.86,-106.26,998.3,54.8,43.21164105614997,148.58758772659752,97.21580565432798,44.07110741777792,106.49142923604184,53.13593538905749,35.54647225790417,16.10035570722956,38.06312597604301,0.0,0.0,0.0,0.0
2026-07-25 18:00:00,EP072026,36,2026-07-26 06:00:00,0 days 12:00:00,12,12.41,-107.71,987.3,73.4,40.02591210028896,166.22172221558606,132.7347708611786,100.88230521974124,141.67874031344138,80.95294456564288,68.33004672294655,49.30942413902496,66.37682287396939,40.02591210028896,31.101470257241573,23.09081464086595,30.03890582249776
2026-07-25 18:00:00,EP072026,36,2026-07-26 12:00:00,0 days 18:00:00,18,12.81,-108.54,984.4,72.7,38.330192079388254,200.50555046653403,143.20383873368607,85.41568399294778,150.37680422216584,86.47861879237139,65.58912780107607,41.49483917245824,67.3819204427352,38.330192079388254,28.203353444723174,18.902508999623407,28.55686085149068
2026-07-25 18:00:00,EP072026,36,2026-07-26 18:00:00,1 days 00:00:00,24,13.39,-109.93,982.4,79.8,37.41319543954151,152.4483728944382,137.14042080457574,97.49881457158044,124.48323505522664,61.93620458860339,53.69356522477669,38.502777544450986,50.900168057989816,37.41319543954151,23.69317441763927,18.218724041179414,23.267394162066445
2026-07-25 18:00:00,EP072026,36,2026-07-27 00:00:00,1 days 06:00:00,30,13.93,-110.57,982.9,75.5,76.41851898070483,276.47153177769394,221.5153218499425,154.09600493528188,208.6433833951589,83.86790241198878,67.46941096747622,45.91179866551674,68.47713951201604,76.41851898070483,31.652849456232985,22.98014950207257,32.01016950461607
2026-07-25 18:00:00,EP072026,36,2026-07-27 06:00:00,1 days 12:00:00,36,14.52,-111.31,970.1,89.4,6.282415826802345,202.08226621042527,175.47008431644252,123.6751407981507,163.52992473834482,94.79506977465267,76.65439719355281,55.01613354114906,79.06807456350016,44.89059255324744,36.75914701362353,27.687931058639624,37.17838848684408
2026-07-25 18:00:00,EP072026,36,2026-07-27 12:00:00,1 days 18:00:00,42,15.03,-111.97,959.7,105.9,23.407298560144795,220.72209806754896,179.92458026833884,129.60836009635835,189.3376953009294,110.31874189668392,90.0820085356255,66.61214893841601,95.2601760106316,55.4895331217472,47.24264533627253,37.31902265294078,48.7621311296229
2026-07-25 18:00:00,EP072026,36,2026-07-27 18:00:00,2 days 00:00:00,48,15.45,-112.33,969.1,88.3,25.200618197213338,232.6994499457488,196.4309150447319,134.79084714777292,169.89597324750184,100.32885069770052,83.62006942720818,57.43932777675685,80.60777082596871,48.333458499963605,40.58457928814284,30.185314686710765,39.761770736316336
2026-07-25 18:00:00,EP072026,36,2026-07-28 00:00:00,2 days 06:00:00,54,16.1,-112.82,962.2,93.9,22.721038241604465,226.5362297313382,206.35866388918436,133.60469081833492,183.35909907000757,106.7230741053208,85.41507743783365,60.59887978494309,87.90799359641188,52.135853390659776,43.82933155089552,33.45172546355459,44.1590147180616
2026-07-25 18:00:00,EP072026,36,2026-07-28 06:00:00,2 days 12:00:00,60,16.51,-113.52,963.6,93.1,33.45193641248079,201.30912920657647,169.50663830166377,130.7007066249971,173.01801011528005,103.42265079084608,84.58613122250244,65.57612328789219,91.18365888070002,54.39773824611712,45.65140135640286,36.53429736566704,46.72955551376435
2026-07-25 18:00:00,EP072026,36,2026-07-28 12:00:00,2 days 18:00:00,66,17.15,-114.24,955.7,102.4,48.37845968980462,352.6132336287933,308.0128719357304,227.5102500940585,295.249965599848,105.11820555683622,82.40958620516956,57.14016856634068,85.60580396403961,48.37845968980462,39.86346693649719,29.238431956365478,40.08526159935131
2026-07-25 18:00:00,EP072026,36,2026-07-28 18:00:00,3 days 00:00:00,72,17.5,-114.96,957.5,101.7,11.731883545290811,211.52066437314195,182.66262224915744,136.53277983299327,193.65681436839884,115.56104767467345,100.97984526529882,81.24508632205388,101.70762990811504,61.22310045880417,55.353380753042686,46.65977140135307,54.21561232574405
2026-07-25 18:00:00,EP072026,36,2026-07-29 00:00:00,3 days 06:00:00,78,17.8,-115.53,957.4,107.1,18.164005610169028,189.22014290462425,160.54267201319306,101.3805502251488,162.13584427830938,87.53190562818634,64.66087297914385,46.5081620706506,71.38233228976901,41.91079414577166,34.05563133350191,25.05110214038777,35.68495759964833
2026-07-25 18:00:00,EP072026,36,2026-07-29 06:00:00,3 days 12:00:00,84,18.21,-116.41,960.6,100.5,22.73537687447152,215.2466368055025,163.8143945808331,120.76869721809356,173.50996965898784,98.56877994017216,76.97221039213309,57.932369286977,84.29203205383584,48.47804624060234,39.5543892005569,29.12944093614345,41.73755590072313
2026-07-25 18:00:00,EP072026,36,2026-07-29 12:00:00,3 days 18:00:00,90,18.47,-117.28,966.0,93.9,29.728322928455025,314.1318904650089,254.304231743604,196.70240425614736,263.8329315604169,137.7181636393578,117.76992089792635,90.73614910451715,117.0675804976544,69.99760455365097,60.30668024824529,48.17256246310667,60.65355396502408
2026-07-25 18:00:00,EP072026,36,2026-07-29 18:00:00,4 days 00:00:00,96,18.8,-118.04,972.8,84.4,43.3986142747269,262.338866943158,220.57508869488257,160.69097217163494,215.33461733139444,123.24746593891275,101.9361278781046,73.61565382591499,100.2268601888,57.402312228557264,48.68050860180007,37.62181199577357,48.25390693712072
2026-07-25 18:00:00,EP072026,36,2026-07-30 00:00:00,4 days 06:00:00,102,19.02,-118.86,969.9,91.0,42.8826142869426,255.7488835878776,196.94971620939967,141.17348092051145,221.06017562779928,131.5579585426633,107.98627684688982,80.3008462947022,111.6243376631311,65.5066681327377,54.518231510649,42.74441289547242,56.72196371787832
2026-07-25 18:00:00,EP072026,36,2026-07-30 06:00:00,4 days 12:00:00,108,19.62,-119.8,982.5,69.0,44.38042122665314,234.9591811559449,190.7532280862456,144.88530462122782,204.1235924742545,122.13602748466904,104.34988966705744,77.9848713788056,103.27578952594938,52.291542768830936,43.37945146569584,33.154548000566734,44.15866092455678
2026-07-25 18:00:00,EP072026,36,2026-07-30 12:00:00,4 days 18:00:00,114,19.89,-120.79,989.6,59.7,43.16511307220817,219.93048111137,203.7214161511309,157.81081004180908,181.7729424402852,133.09133725669426,126.5107857894722,105.47191598096028,111.96011231702984,0.0,0.0,0.0,0.0
2026-07-25 18:00:00,EP072026,36,2026-07-30 18:00:00,5 days 00:00:00,120,20.49,-121.97,989.9,57.6,70.24211315077167,218.22638130714572,196.39308907102884,163.5120253641752,189.25312758410809,88.84781989506787,83.56144465293298,68.80398353418784,74.35668672431407,0.0,0.0,0.0,0.0
2026-07-25 18:00:00,EP072026,36,2026-07-31 00:00:00,5 days 06:00:00,126,21.32,-123.12,993.9,49.2,46.40823399760077,206.08632422857173,179.0187550882652,138.0273145558673,183.16634434105828,0.0,0.0,0.0,0.0,0.0,0.0,0.0,0.0
2026-07-25 18:00:00,EP072026,36,2026-07-31 06:00:00,5 days 12:00:00,132,21.86,-124.47,997.9,41.4,54.88559112248866,193.4902165187367,162.1093916960621,120.98988456572307,168.7164467730217,0.0,0.0,0.0,0.0,0.0,0.0,0.0,0.0
2026-07-25 18:00:00,EP072026,36,2026-07-31 12:00:00,5 days 18:00:00,138,22.15,-125.99,1000.9,39.1,36.85358636497305,164.6842784829546,134.83006520408378,99.20048155621524,134.93509262829673,0.0,0.0,0.0,0.0,0.0,0.0,0.0,0.0
2026-07-25 18:00:00,EP072026,36,2026-07-31 18:00:00,6 days 00:00:00,144,22.41,-127.37,998.7,42.9,72.63863409124251,72.63863409124251,0.0,0.0,11.583497142690804,0.0,0.0,0.0,0.0,0.0,0.0,0.0,0.0
2026-07-25 18:00:00,EP072026,36,2026-08-01 00:00:00,6 days 06:00:00,150,22.87,-128.35,1002.7,36.5,72.14455778717215,7.995571964190162,0.0,0.0,72.14455778717215,0.0,0.0,0.0,0.0,0.0,0.0,0.0,0.0
2026-07-25 18:00:00,EP072026,36,2026-08-01 06:00:00,6 days 12:00:00,156,23.19,-129.64,1005.8,33.2,96.19993719594652,0.0,0.0,0.0,0.0,0.0,0.0,0.0,0.0,0.0,0.0,0.0,0.0
2026-07-25 18:00:00,EP072026,36,2026-08-01 12:00:00,6 days 18:00:00,162,23.55,-130.77,1007.2,32.2,90.23453389270428,0.0,0.0,0.0,0.0,0.0,0.0,0.0,0.0,0.0,0.0,0.0,0.0
2026-07-25 18:00:00,EP072026,36,2026-08-01 18:00:00,7 days 00:00:00,168,24.1,-131.9,1007.8,32.8,106.5363064943474,0.0,0.0,0.0,0.0,0.0,0.0,0.0,0.0,0.0,0.0,0.0,0.0
2026-07-25 18:00:00,EP072026,36,2026-08-02 00:00:00,7 days 06:00:00,174,24.96,-133.16,1007.2,28.5,51.13414945136114,0.0,0.0,0.0,0.0,0.0,0.0,0.0,0.0,0.0,0.0,0.0,0.0
2026-07-25 18:00:00,EP072026,36,2026-08-02 06:00:00,7 days 12:00:00,180,25.42,-134.26,1005.5,31.3,99.01445265168589,0.0,0.0,0.0,0.0,0.0,0.0,0.0,0.0,0.0,0.0,0.0,0.0
2026-07-25 18:00:00,EP072026,36,2026-08-02 12:00:00,7 days 18:00:00,186,25.86,-135.23,1008.0,29.3,119.4571777259599,0.0,0.0,0.0,0.0,0.0,0.0,0.0,0.0,0.0,0.0,0.0,0.0
2026-07-25 18:00:00,EP072026,36,2026-08-02 18:00:00,8 days 00:00:00,192,25.91,-137.43,1010.6,22.4,157.4576277529146,0.0,0.0,0.0,0.0,0.0,0.0,0.0,0.0,0.0,0.0,0.0,0.0
2026-07-25 18:00:00,EP072026,36,2026-08-03 00:00:00,8 days 06:00:00,198,27.06,-137.69,1001.8,31.0,48.46727527503069,0.0,0.0,0.0,0.0,0.0,0.0,0.0,0.0,0.0,0.0,0.0,0.0
2026-07-25 18:00:00,EP072026,36,2026-08-03 06:00:00,8 days 12:00:00,204,27.68,-138.98,1007.7,25.2,60.66661841658527,0.0,0.0,0.0,0.0,0.0,0.0,0.0,0.0,0.0,0.0,0.0,0.0
2026-07-25 18:00:00,EP072026,36,2026-08-03 12:00:00,8 days 18:00:00,210,28.64,-139.79,1008.4,28.8,143.61454399628784,0.0,0.0,0.0,0.0,0.0,0.0,0.0,0.0,0.0,0.0,0.0,0.0
2026-07-25 18:00:00,WP112026,36,2026-07-25 18:00:00,0 days 00:00:00,0,22.4,115.1,967.0,84.0,27.0,222.0,204.0,167.0,195.0,,,,,,,,
2026-07-25 18:00:00,WP112026,36,2026-07-26 00:00:00,0 days 06:00:00,6,23.1,114.44,964.7,79.0,19.26678730229209,98.33701512148669,88.33483905882547,78.04280824684575,84.50344047792468,19.26678730229209,1.8631394701331452,0.4073199950825197,2.8363565837682843,19.26678730229209,0.0,0.0,0.1532648272905462
2026-07-25 18:00:00,WP112026,36,2026-07-26 06:00:00,0 days 12:00:00,12,23.54,113.88,990.2,52.8,70.41274456792507,93.12491047303024,55.60055560400383,48.79805862956795,66.76248067127847,70.41274456792507,0.0,0.0,0.0,0.0,0.0,0.0,0.0
2026-07-25 18:00:00,WP112026,36,2026-07-26 12:00:00,0 days 18:00:00,18,24.1,113.82,991.5,41.9,90.74258440862144,185.3403207286622,168.5508487032644,144.58496069008297,154.8573556209,0.0,0.0,0.0,0.0,0.0,0.0,0.0,0.0
2026-07-25 18:00:00,WP112026,36,2026-07-26 18:00:00,1 days 00:00:00,24,24.68,113.22,1004.0,23.2,65.27919386284988,0.0,0.0,0.0,0.0,0.0,0.0,0.0,0.0,0.0,0.0,0.0,0.0
2026-07-25 18:00:00,WP112026,36,2026-07-27 00:00:00,1 days 06:00:00,30,26.01,113.15,999.9,18.7,118.67138138007611,0.0,0.0,0.0,0.0,0.0,0.0,0.0,0.0,0.0,0.0,0.0,0.0
2026-07-25 18:00:00,WP112026,36,2026-07-27 06:00:00,1 days 12:00:00,36,27.04,112.61,1002.8,18.2,51.57837051232416,0.0,0.0,0.0,0.0,0.0,0.0,0.0,0.0,0.0,0.0,0.0,0.0
2026-07-25 18:00:00,WP112026,36,2026-07-27 12:00:00,1 days 18:00:00,42,27.62,111.51,999.4,20.7,63.045134579044486,0.0,0.0,0.0,0.0,0.0,0.0,0.0,0.0,0.0,0.0,0.0,0.0
2026-07-25 18:00:00,WP112026,36,2026-07-27 18:00:00,2 days 00:00:00,48,28.7,112.09,1000.8,20.8,103.09231794944998,0.0,0.0,0.0,0.0,0.0,0.0,0.0,0.0,0.0,0.0,0.0,0.0
2026-07-25 18:00:00,WP112026,36,2026-07-28 00:00:00,2 days 06:00:00,54,29.83,111.64,998.8,20.1,104.90433452769076,0.0,0.0,0.0,0.0,0.0,0.0,0.0,0.0,0.0,0.0,0.0,0.0
2026-07-25 18:00:00,EP062026,37,2026-07-25 18:00:00,0 days 00:00:00,0,19.2,-137.0,971.0,86.0,56.0,297.0,241.0,185.0,297.0,130.0,74.0,74.0,111.0,65.0,46.0,37.0,65.0
2026-07-25 18:00:00,EP062026,37,2026-07-26 00:00:00,0 days 06:00:00,6,19.19,-137.92,978.1,79.9,64.27889360139453,212.18385473221144,154.08381108061607,121.73603761885182,187.28329524167904,113.91589370421188,91.25786760985008,71.67321509787894,97.37327823435795,64.27889360139453,50.37376231059176,39.93430112651785,50.21041181273122
2026-07-25 18:00:00,EP062026,37,2026-07-26 06:00:00,0 days 12:00:00,12,19.68,-139.14,977.7,78.3,55.42933131046978,253.7459394488274,194.35314816057803,155.84536401790945,224.63843100763097,146.40589989225293,118.83239356449825,93.83632654594086,127.94912673913296,61.67683913675775,51.72405515284328,41.46328004162589,53.28065324330109
2026-07-25 18:00:00,EP062026,37,2026-07-26 12:00:00,0 days 18:00:00,18,19.74,-140.42,985.3,65.6,47.01203261505917,199.1847201868478,157.65855198624246,123.48821329516583,175.89722770571825,92.2268826019706,70.47778915274023,52.06913355646199,75.77783025288821,47.01203261505917,27.045667328313726,20.34976675915884,27.934786984448515
2026-07-25 18:00:00,EP062026,37,2026-07-26 18:00:00,1 days 00:00:00,24,20.02,-141.58,982.9,68.8,35.94343849359849,225.3107438845552,188.91765612477496,142.4779010226905,193.08354814899323,65.48611595279934,46.54644558041838,28.224492568410334,51.10671819118071,35.94343849359849,7.895834437080078,4.461646569261371,9.39367320512191
2026-07-25 18:00:00,EP062026,37,2026-07-27 00:00:00,1 days 06:00:00,30,19.85,-142.7,990.5,65.2,32.28618537826618,235.26328539738157,171.86172784271895,133.42094381676435,206.52895506376575,125.95529765597531,100.5977086633188,76.03223408033688,104.93813379193342,49.54321124641282,42.10220639694212,32.706171062764554,42.33020107098805
2026-07-25 18:00:00,EP062026,37,2026-07-27 06:00:00,1 days 12:00:00,36,20.36,-144.18,985.0,62.8,31.959672799226382,263.9592934076727,193.7956947199468,142.4536762858961,216.07058581710865,117.40129655973531,91.73998244118228,68.90977231320073,96.16635428877544,0.0,0.0,0.0,0.0
2026-07-25 18:00:00,EP062026,37,2026-07-27 12:00:00,1 days 18:00:00,42,20.42,-145.52,983.5,69.4,45.39437470359587,221.56904931290728,150.12294134889316,104.77815417114874,177.48439906456565,108.03348461320547,82.74524855189009,60.21598273152679,88.05474572998992,45.39437470359587,34.16608310859161,25.813432506200385,35.91514935760273
2026-07-25 18:00:00,EP062026,37,2026-07-27 18:00:00,2 days 00:00:00,48,20.53,-147.02,982.4,73.5,25.117414768027608,210.0824059603653,137.10464440544658,88.18286017661883,162.00837865343064,85.45262057585352,63.34830657850416,43.02915812590813,67.82747981217695,27.148010193682207,21.39693484062149,16.106975162632146,23.53694853475976
2026-07-25 18:00:00,EP062026,37,2026-07-28 00:00:00,2 days 06:00:00,54,20.94,-148.11,994.1,63.1,23.375141025820724,246.20271982964127,192.7593552934883,140.1280571857024,204.94694006523665,66.31867500300751,50.12180467632096,31.187863897907317,49.75117481499272,0.0,0.0,0.0,0.0
2026-07-25 18:00:00,EP062026,37,2026-07-28 06:00:00,2 days 12:00:00,60,21.38,-148.92,992.0,62.8,19.0321653017717,197.88378688531984,149.4537942940176,107.78190455908486,163.11874721065874,72.2923878183189,56.053823882586414,38.44178405346449,55.66412768263149,0.0,0.0,0.0,0.0
2026-07-25 18:00:00,EP062026,37,2026-07-28 12:00:00,2 days 18:00:00,66,21.38,-150.2,998.5,53.6,43.04160897157551,178.27421811745972,136.1899504184315,91.26487009772444,137.14744532453489,43.04160897157551,9.358668365831164,2.2076676148686865,10.644601620667252,0.0,0.0,0.0,0.0
2026-07-25 18:00:00,EP062026,37,2026-07-28 18:00:00,3 days 00:00:00,72,21.51,-151.45,999.9,42.9,64.51269239891565,153.33044993733506,122.42453483362334,86.809129616998,117.46746553707584,0.0,0.0,0.0,0.0,0.0,0.0,0.0,0.0
2026-07-25 18:00:00,EP062026,37,2026-07-29 00:00:00,3 days 06:00:00,78,21.81,-152.21,1001.5,40.6,93.63653280244034,112.6927527085454,77.20849927466531,54.80359607591481,84.84194758967953,0.0,0.0,0.0,0.0,0.0,0.0,0.0,0.0
2026-07-25 18:00:00,EP062026,37,2026-07-29 06:00:00,3 days 12:00:00,84,22.06,-153.56,1004.1,35.9,94.21926025891742,94.21926025891742,5.149112503238371,0.0,5.408195851709763,0.0,0.0,0.0,0.0,0.0,0.0,0.0,0.0
2026-07-25 18:00:00,EP062026,37,2026-07-29 12:00:00,3 days 18:00:00,90,22.16,-154.47,1007.0,35.4,135.14678336635876,135.14678336635876,16.55858765033482,6.286804143276733,18.740633026294116,0.0,0.0,0.0,0.0,0.0,0.0,0.0,0.0
2026-07-25 18:00:00,EP062026,37,2026-07-29 18:00:00,4 days 00:00:00,96,22.7,-155.95,1007.1,35.9,87.04136826918517,87.04136826918517,17.719671695317118,7.160949198871549,20.51723558925777,0.0,0.0,0.0,0.0,0.0,0.0,0.0,0.0
2026-07-25 18:00:00,EP072026,37,2026-07-25 18:00:00,0 days 00:00:00,0,11.2,-105.1,995.0,54.0,28.0,204.0,167.0,56.0,130.0,56.0,37.0,,,0.0,0.0,0.0,0.0
2026-07-25 18:00:00,EP072026,37,2026-07-26 00:00:00,0 days 06:00:00,6,12.1,-106.7,991.7,64.4,84.99421773547112,107.40691003309492,78.17229391187865,41.07994104107239,64.30005275145675,84.99421773547112,0.3746061192812586,0.0517142853147911,0.5484252268115126,84.99421773547112,0.1017982970718978,0.0517142853147911,0.118781105850485
2026-07-25 18:00:00,EP072026,37,2026-07-26 06:00:00,0 days 12:00:00,12,12.66,-107.7,992.0,67.5,23.51153623910838,149.27655060523546,118.5474027010788,73.10524852986714,113.86629304627866,27.355517765625933,18.13820752924745,6.650581513511117,17.822093424063233,23.51153623910838,0.0,0.0,0.0
2026-07-25 18:00:00,EP072026,37,2026-07-26 12:00:00,0 days 18:00:00,18,13.12,-108.89,986.7,73.0,29.973589971275864,216.00341518100063,173.6333619682573,103.5445683648563,165.24474251056324,55.24061597550816,38.70428806105368,19.426712681058987,39.235175618863295,29.973589971275864,4.096136243809568,0.8366649969886801,4.697986189916428
2026-07-25 18:00:00,EP072026,37,2026-07-26 18:00:00,1 days 00:00:00,24,13.87,-109.91,986.5,65.7,35.300166780522595,200.6399218052765,159.68525083793378,94.1990819903234,144.47605631311237,35.300166780522595,18.384667857292538,6.005944548963765,17.721709095857225,35.300166780522595,0.0,0.0,0.0
2026-07-25 18:00:00,EP072026,37,2026-07-27 00:00:00,1 days 06:00:00,30,14.68,-110.86,980.4,77.8,31.87402606631697,213.75116357603807,164.36678033297125,104.01314414932482,163.7549449077485,119.37787006470792,95.80183727228987,70.22026671572624,96.34870352157624,50.56725641136751,42.40121038474102,32.55905570039486,42.54679287487454
2026-07-25 18:00:00,EP072026,37,2026-07-27 06:00:00,1 days 12:00:00,36,15.06,-111.99,968.9,92.3,0.0,230.54048541995476,187.0170599968557,109.85819421277506,187.17552044730525,100.00397903664904,76.61527875221226,52.05400539784078,79.70689388862473,40.62023513747622,33.60002394345246,25.17213047159675,35.41136809814926
2026-07-25 18:00:00,EP072026,37,2026-07-27 12:00:00,1 days 18:00:00,42,15.88,-112.84,975.7,85.3,27.587481674122948,235.48662504176752,189.70266271259132,107.05543857465317,174.61334828027643,89.43738962285788,62.23144929503865,38.80576370766757,68.66619893693132,29.436862167363884,22.63945670432682,15.596684055263443,25.094359046360147
2026-07-25 18:00:00,EP072026,37,2026-07-27 18:00:00,2 days 00:00:00,48,16.33,-113.51,964.8,98.7,15.025357883103048,214.110335764506,185.6923161680484,114.89955810526794,168.38055580550486,89.14390006189925,69.85750159383154,47.43874779714926,71.79810703754801,41.05854668580748,34.31828198349414,25.39817968529034,34.04248826687533
2026-07-25 18:00:00,EP072026,37,2026-07-28 00:00:00,2 days 06:00:00,54,17.12,-114.34,961.0,101.9,27.967204308104712,258.9537839588193,221.21971356086985,140.27536874381826,200.3080225694009,91.38121351532622,73.73996658137976,47.25639184660919,69.76689516185706,38.47539774217511,31.51271692450076,22.475457186265025,31.547198533898317
2026-07-25 18:00:00,EP072026,37,2026-07-28 06:00:00,2 days 12:00:00,60,17.52,-114.97,972.4,97.0,42.26628403588433,269.6649842703049,225.81356353623963,147.14985718533828,205.53108215231208,102.71180296856728,80.95703272938717,55.09186351876649,80.34130835176897,45.21739675394692,38.64951166547348,28.10011571861122,37.19457025675604
2026-07-25 18:00:00,EP072026,37,2026-07-28 12:00:00,2 days 18:00:00,66,17.86,-115.59,965.1,87.0,37.89662342846958,250.0603626156207,210.74652253014068,135.16226068005227,206.4273634313616,101.40612482594273,77.9239288515176,50.245289968558566,78.26753749021498,43.1216997174782,34.25302755455622,24.132258477848342,35.75969108420473
2026-07-25 18:00:00,EP072026,37,2026-07-28 18:00:00,3 days 00:00:00,72,18.29,-116.46,968.6,82.8,26.4620828200906,326.1332800166413,283.7922351896358,187.87262480790187,254.10375074840024,85.93861099861844,65.02323521968485,40.17839214432743,64.44333874432631,26.4620828200906,15.91231797441231,9.652391181787902,16.759604231301694
2026-07-25 18:00:00,EP072026,37,2026-07-29 00:00:00,3 days 06:00:00,78,18.64,-117.32,960.8,88.1,6.477085353903927,217.697062142387,191.64238028149956,138.85882542423877,201.74037700275173,83.79152373984631,59.88475175184804,40.04470823330463,66.57052371569645,36.16224509829164,28.23524165969951,20.274579458230107,29.3973555604173
2026-07-25 18:00:00,EP072026,37,2026-07-29 06:00:00,3 days 12:00:00,84,18.97,-118.1,967.1,88.3,20.91572003932123,284.9609452632278,265.60157173460584,193.5875908319933,217.40048728491183,105.6548157761804,90.35324586290886,63.1872081740714,84.35656595097731,35.40107822495955,30.935453154903712,22.327588386078844,28.71749994299257
2026-07-25 18:00:00,EP072026,37,2026-07-29 12:00:00,3 days 18:00:00,90,19.28,-119.12,980.2,71.5,16.649391391978515,246.90468718017237,219.20850985354448,169.19772831545646,215.61229734306957,91.53535257366372,74.78862837580044,48.628429156580594,70.49793716962557,24.10954953339159,19.56405952166785,12.791105008025433,19.411293431879542
2026-07-25 18:00:00,EP072026,37,2026-07-29 18:00:00,4 days 00:00:00,96,19.37,-120.28,987.1,65.5,41.08898983935072,235.61624081168196,187.213135353123,145.36679185197426,189.4198672472587,70.62660565740784,54.79468082722792,35.13305309443831,54.240275588936754,41.08898983935072,7.788476892300247,5.408862774247283,9.946102188055974
2026-07-25 18:00:00,EP072026,37,2026-07-30 00:00:00,4 days 06:00:00,102,19.7,-121.08,987.7,63.0,64.70918882234685,265.161228715279,229.2050392547336,179.7365034830067,216.29018889844852,64.70918882234685,33.89367267213304,20.716518044239617,31.35717822473897,0.0,0.0,0.0,0.0
2026-07-25 18:00:00,EP072026,37,2026-07-30 06:00:00,4 days 12:00:00,108,20.24,-122.21,991.7,58.8,67.00446665465171,253.56893384686072,192.5230760427949,144.88529601209382,213.2761632846484,96.74450317006304,73.58293338536653,50.510114448498015,77.30493154826972,0.0,0.0,0.0,0.0
2026-07-25 18:00:00,EP072026,37,2026-07-30 12:00:00,4 days 18:00:00,114,20.34,-123.32,996.8,48.5,57.03645643667137,224.2365051388568,181.5342560773279,136.89693664109558,186.0522915431469,0.0,0.0,0.0,0.0,0.0,0.0,0.0,0.0
2026-07-25 18:00:00,EP072026,37,2026-07-30 18:00:00,5 days 00:00:00,120,20.46,-124.72,1001.5,41.3,91.5440794694313,258.5351230040752,230.35719482821736,181.98459212916043,227.92401211500555,0.0,0.0,0.0,0.0,0.0,0.0,0.0,0.0
2026-07-25 18:00:00,EP072026,37,2026-07-31 00:00:00,5 days 06:00:00,126,20.68,-125.65,1000.5,43.1,61.46832338837833,146.67415950969095,122.81203735805346,93.6215189887731,123.2419259109542,0.0,0.0,0.0,0.0,0.0,0.0,0.0,0.0
2026-07-25 18:00:00,EP072026,37,2026-07-31 06:00:00,5 days 12:00:00,132,21.08,-126.97,1000.9,41.4,137.58179665941782,224.1481483313572,197.9193064283737,159.47772670022692,185.123508616369,0.0,0.0,0.0,0.0,0.0,0.0,0.0,0.0
2026-07-25 18:00:00,EP072026,37,2026-07-31 12:00:00,5 days 18:00:00,138,21.53,-128.38,1001.3,37.6,105.88343747610836,105.88343747610836,13.420972524767706,0.5982024442523937,19.18531746045661,0.0,0.0,0.0,0.0,0.0,0.0,0.0,0.0
2026-07-25 18:00:00,EP072026,37,2026-07-31 18:00:00,6 days 00:00:00,144,21.54,-129.62,1005.8,36.5,130.98631620043102,130.98631620043102,0.0,0.0,4.49149536795488,0.0,0.0,0.0,0.0,0.0,0.0,0.0,0.0
2026-07-25 18:00:00,EP072026,37,2026-08-01 00:00:00,6 days 06:00:00,150,21.88,-130.88,1003.8,36.9,100.67697818747428,100.67697818747428,0.0,0.0,5.865790191963484,0.0,0.0,0.0,0.0,0.0,0.0,0.0,0.0
2026-07-25 18:00:00,EP072026,37,2026-08-01 06:00:00,6 days 12:00:00,156,22.16,-132.51,1008.8,30.3,129.51629337508734,0.0,0.0,0.0,0.0,0.0,0.0,0.0,0.0,0.0,0.0,0.0,0.0
2026-07-25 18:00:00,EP072026,37,2026-08-01 12:00:00,6 days 18:00:00,162,22.47,-134.36,1005.0,30.0,102.18201985551252,0.0,0.0,0.0,0.0,0.0,0.0,0.0,0.0,0.0,0.0,0.0,0.0
2026-07-25 18:00:00,EP072026,37,2026-08-01 18:00:00,7 days 00:00:00,168,22.68,-135.67,1006.1,27.7,64.44861718527997,0.0,0.0,0.0,0.0,0.0,0.0,0.0,0.0,0.0,0.0,0.0,0.0
2026-07-25 18:00:00,EP072026,37,2026-08-02 00:00:00,7 days 06:00:00,174,23.14,-137.08,1005.4,30.0,75.94775347938182,0.0,0.0,0.0,0.0,0.0,0.0,0.0,0.0,0.0,0.0,0.0,0.0
2026-07-25 18:00:00,EP072026,37,2026-08-02 06:00:00,7 days 12:00:00,180,23.62,-138.32,1007.0,31.7,84.52647830644844,0.0,0.0,0.0,0.0,0.0,0.0,0.0,0.0,0.0,0.0,0.0,0.0
2026-07-25 18:00:00,EP072026,37,2026-08-02 12:00:00,7 days 18:00:00,186,23.75,-139.38,1007.8,33.2,94.8230091356561,0.0,0.0,0.0,0.0,0.0,0.0,0.0,0.0,0.0,0.0,0.0,0.0
2026-07-25 18:00:00,EP072026,37,2026-08-02 18:00:00,8 days 00:00:00,192,23.87,-140.79,1003.8,35.8,66.77074924503268,175.3140392495589,139.26427794299622,106.93444363028392,147.85029489360477,0.0,0.0,0.0,0.0,0.0,0.0,0.0,0.0
2026-07-25 18:00:00,EP072026,37,2026-08-03 00:00:00,8 days 06:00:00,198,24.08,-141.69,1006.3,32.1,71.9224208251397,0.0,0.0,0.0,0.0,0.0,0.0,0.0,0.0,0.0,0.0,0.0,0.0
2026-07-25 18:00:00,EP072026,37,2026-08-03 06:00:00,8 days 12:00:00,204,23.87,-142.5,1006.2,36.5,152.8252874806698,152.8252874806698,0.0,0.0,0.0,0.0,0.0,0.0,0.0,0.0,0.0,0.0,0.0
2026-07-25 18:00:00,EP072026,37,2026-08-03 12:00:00,8 days 18:00:00,210,24.1,-143.37,1007.8,29.2,134.58870636577328,0.0,0.0,0.0,0.0,0.0,0.0,0.0,0.0,0.0,0.0,0.0,0.0
2026-07-25 18:00:00,EP072026,37,2026-08-03 18:00:00,9 days 00:00:00,216,23.56,-144.68,1006.1,26.5,84.09137371083213,0.0,0.0,0.0,0.0,0.0,0.0,0.0,0.0,0.0,0.0,0.0,0.0
2026-07-25 18:00:00,EP072026,37,2026-08-04 00:00:00,9 days 06:00:00,222,24.76,-144.66,1006.4,25.7,96.96068412083233,0.0,0.0,0.0,0.0,0.0,0.0,0.0,0.0,0.0,0.0,0.0,0.0
2026-07-25 18:00:00,WP112026,37,2026-07-25 18:00:00,0 days 00:00:00,0,22.4,115.1,967.0,84.0,27.0,222.0,204.0,167.0,195.0,,,,,,,,
2026-07-25 18:00:00,WP112026,37,2026-07-26 00:00:00,0 days 06:00:00,6,23.05,114.66,968.9,75.2,30.33112597036116,196.5084212928119,168.1442299924644,124.78238304090334,143.59297703953743,33.90170524281088,24.105883748170697,12.46220936307923,23.92020416860405,30.33112597036116,0.3096542909926967,0.0,0.7401844362845273
2026-07-25 18:00:00,WP112026,37,2026-07-26 06:00:00,0 days 12:00:00,12,23.63,113.97,981.7,57.2,18.90214743388324,288.68198095185414,251.9495080339658,189.80944441248627,221.6945164613308,72.34894504169516,53.98702473193292,32.33696831764817,50.76655477672277,0.0,0.0,0.0,0.0
2026-07-25 18:00:00,WP112026,37,2026-07-26 12:00:00,0 days 18:00:00,18,24.02,113.82,988.3,44.5,34.24905543328202,26.430396252991265,34.24905543328202,9.927871006941086,18.633727743396584,0.0,0.0,0.0,0.0,0.0,0.0,0.0,0.0
2026-07-25 18:00:00,WP112026,37,2026-07-26 18:00:00,1 days 00:00:00,24,24.61,113.74,994.6,29.0,88.26528512160394,0.0,0.0,0.0,0.0,0.0,0.0,0.0,0.0,0.0,0.0,0.0,0.0
2026-07-25 18:00:00,WP112026,37,2026-07-27 00:00:00,1 days 06:00:00,30,26.04,113.21,1001.8,16.0,74.78045324631859,0.0,0.0,0.0,0.0,0.0,0.0,0.0,0.0,0.0,0.0,0.0,0.0
2026-07-25 18:00:00,WP112026,37,2026-07-27 06:00:00,1 days 12:00:00,36,26.85,113.41,1003.3,14.3,49.344536611700775,0.0,0.0,0.0,0.0,0.0,0.0,0.0,0.0,0.0,0.0,0.0,0.0
2026-07-25 18:00:00,EP062026,38,2026-07-25 18:00:00,0 days 00:00:00,0,19.2,-137.0,971.0,86.0,56.0,297.0,241.0,185.0,297.0,130.0,74.0,74.0,111.0,65.0,46.0,37.0,65.0
2026-07-25 18:00:00,EP062026,38,2026-07-26 00:00:00,0 days 06:00:00,6,19.44,-137.95,977.6,74.4,89.75926812891483,229.4762204509539,164.11925356133486,120.31655452599554,178.75149175221563,89.75926812891483,53.08428892654215,32.91996550263732,55.65703444613728,89.75926812891483,5.85623471124081,3.275631037762761,8.316268631386297
2026-07-25 18:00:00,EP062026,38,2026-07-26 06:00:00,0 days 12:00:00,12,19.65,-139.09,984.0,73.2,51.79987857396247,258.2661575252717,195.00972464383085,142.76485406953734,219.3998113363429,142.0462339514459,118.26532957432605,89.82502659196642,122.07106052399352,53.53185873716415,45.05879172922637,35.585312241012055,45.35717075296997
2026-07-25 18:00:00,EP062026,38,2026-07-26 12:00:00,0 days 18:00:00,18,19.65,-140.26,979.3,77.0,55.80443467796671,236.94797914692288,175.18637610863053,134.71316239736456,216.67627022034011,121.89346682788792,102.60206811384144,83.27437788603038,106.62883629422574,55.80443467796671,45.34947517422273,36.69549894202095,44.58887799396782
2026-07-25 18:00:00,EP062026,38,2026-07-26 18:00:00,1 days 00:00:00,24,20.12,-141.27,985.2,67.1,52.22368884742069,243.74052303810132,179.6946029677041,121.75240709409364,216.28377236397185,126.66361244163826,104.44750125410658,79.37132169431054,109.30229628263372,52.22368884742069,40.21499044300253,31.22151868787832,40.38665502395908
2026-07-25 18:00:00,EP062026,38,2026-07-27 00:00:00,1 days 06:00:00,30,20.24,-142.48,987.7,62.2,61.12827985478469,257.6329134343507,183.2899036285684,141.81636738569716,228.0396529964359,130.8627564892489,108.19602568658108,81.54278962433571,111.96781849863788,0.0,0.0,0.0,0.0
2026-07-25 18:00:00,EP062026,38,2026-07-27 06:00:00,1 days 12:00:00,36,20.5,-143.52,978.6,72.1,37.74903347608445,234.5830660150664,190.59982279104884,143.53093447539084,196.1418296621464,109.37780337061317,92.67600139639184,73.08865180186447,94.3925527977439,44.18570847646816,39.44238902113712,31.97991921560015,38.400519075082016
2026-07-25 18:00:00,EP062026,38,2026-07-27 12:00:00,1 days 18:00:00,42,20.86,-145.03,986.2,67.4,42.83167856033676,149.66355191612834,106.54181581070593,64.3949691561682,117.55663549564686,42.83167856033676,0.0,0.0,2.623798961982888,42.83167856033676,0.0,0.0,0.2801020422126576
2026-07-25 18:00:00,EP062026,38,2026-07-27 18:00:00,2 days 00:00:00,48,20.68,-146.15,975.7,88.3,0.0,150.73155734547368,152.00710664245594,113.85630309036864,137.68119420483112,35.532425758897446,28.80409272807773,19.22778112885172,28.518692613969822,2.725885793989661,0.976110896538036,0.0,3.2554703806156997
2026-07-25 18:00:00,EP062026,38,2026-07-28 00:00:00,2 days 06:00:00,54,21.53,-147.55,991.8,57.4,96.31648860426075,142.6074056075945,107.13165457222456,58.76619431388921,110.32167998673772,96.31648860426075,1.1609303636323451,0.0,2.703358931982452,0.0,0.0,0.0,0.0
2026-07-25 18:00:00,EP062026,38,2026-07-28 06:00:00,2 days 12:00:00,60,21.92,-148.66,997.0,54.7,98.23209248577103,137.98272166731752,104.06871028601287,56.45124581648615,104.9646701780332,98.23209248577103,0.1508443313359873,0.0,1.662675751101844,0.0,0.0,0.0,0.0
2026-07-25 18:00:00,EP062026,38,2026-07-28 12:00:00,2 days 18:00:00,66,22.44,-150.49,1003.8,43.1,66.23710800611823,193.95334276193392,159.66374768094818,106.59809103774938,154.4252067281542,0.0,0.0,0.0,0.0,0.0,0.0,0.0,0.0
2026-07-25 18:00:00,EP062026,38,2026-07-28 18:00:00,3 days 00:00:00,72,22.97,-151.69,1004.4,43.9,77.1687520975454,259.93927303661104,239.7808351422853,205.16919138470325,215.56424552121155,0.0,0.0,0.0,0.0,0.0,0.0,0.0,0.0
2026-07-25 18:00:00,EP062026,38,2026-07-29 00:00:00,3 days 06:00:00,78,23.26,-152.66,1005.6,34.0,79.39775212668044,178.07584136362493,154.21222596845956,119.91766586556328,142.33568698031397,0.0,0.0,0.0,0.0,0.0,0.0,0.0,0.0
2026-07-25 18:00:00,EP062026,38,2026-07-29 06:00:00,3 days 12:00:00,84,23.71,-153.96,1007.3,28.0,132.6010277424313,0.0,0.0,0.0,0.0,0.0,0.0,0.0,0.0,0.0,0.0,0.0,0.0
2026-07-25 18:00:00,EP062026,38,2026-07-29 12:00:00,3 days 18:00:00,90,24.12,-155.3,1007.6,32.8,153.03307125970088,0.0,0.0,0.0,0.0,0.0,0.0,0.0,0.0,0.0,0.0,0.0,0.0
2026-07-25 18:00:00,EP062026,38,2026-07-29 18:00:00,4 days 00:00:00,96,24.38,-156.41,1007.8,33.9,158.13293575104785,0.0,0.0,0.0,0.0,0.0,0.0,0.0,0.0,0.0,0.0,0.0,0.0
2026-07-25 18:00:00,EP062026,38,2026-07-30 00:00:00,4 days 06:00:00,102,24.81,-157.98,1006.7,28.8,125.02905845493802,0.0,0.0,0.0,0.0,0.0,0.0,0.0,0.0,0.0,0.0,0.0,0.0
2026-07-25 18:00:00,EP062026,38,2026-07-30 06:00:00,4 days 12:00:00,108,24.99,-159.17,1004.1,33.1,51.41699113603936,0.0,0.0,0.0,0.0,0.0,0.0,0.0,0.0,0.0,0.0,0.0,0.0
2026-07-25 18:00:00,EP072026,38,2026-07-25 18:00:00,0 days 00:00:00,0,11.2,-105.1,995.0,54.0,28.0,204.0,167.0,56.0,130.0,56.0,37.0,,,0.0,0.0,0.0,0.0
2026-07-25 18:00:00,EP072026,38,2026-07-26 00:00:00,0 days 06:00:00,6,12.09,-106.45,997.6,50.8,76.0224375100665,159.7572475756755,130.5877447927839,79.40659378212509,124.21012914993231,76.0224375100665,0.0,0.0,0.1667227867761589,0.0,0.0,0.0,0.0
2026-07-25 18:00:00,EP072026,38,2026-07-26 06:00:00,0 days 12:00:00,12,12.64,-107.47,992.3,67.7,32.825658221145474,198.1073866223805,156.91670884771656,96.4903741841403,161.90595446819293,85.36891085363649,69.65705088760129,45.60651479838832,65.80115131238792,32.825658221145474,1.6256174638024647,0.0,2.6005238182497576
2026-07-25 18:00:00,EP072026,38,2026-07-26 12:00:00,0 days 18:00:00,18,13.13,-108.75,985.0,78.3,33.95887900018181,225.54431084853263,188.0165147719773,139.44890717647763,184.3245750663941,113.57941410226238,93.64525443711403,68.84691300272033,90.32213570726918,34.95156478196841,29.492070142501507,21.90346625551857,29.79433867367417
2026-07-25 18:00:00,EP072026,38,2026-07-26 18:00:00,1 days 00:00:00,24,13.67,-109.63,980.4,80.9,30.87156823727573,271.59490621106283,219.2802232613956,136.92267605223844,219.0993853116661,117.44080361704732,94.88396355459317,65.58407438727926,95.92474899627427,41.56938515220992,35.32935010924312,25.81058294250025,36.0161757610399
2026-07-25 18:00:00,EP072026,38,2026-07-27 00:00:00,1 days 06:00:00,30,14.42,-110.87,975.6,87.2,33.91041294050577,295.2969527432417,254.6499184425785,177.60232076515987,243.20789304287345,154.70729095385394,136.73113168483178,104.45332556384643,126.28844744438564,59.3160631822734,54.27081748721599,42.06714497792183,50.21575615959531
2026-07-25 18:00:00,EP072026,38,2026-07-27 06:00:00,1 days 12:00:00,36,15.06,-111.5,981.1,83.8,26.717772606410616,302.42021267676,249.64911399191823,164.83175021324814,241.4455070249843,135.26503058447767,113.35575514641836,81.30820552510497,110.99402193112844,45.11721374549991,40.02142819361387,30.17044768605988,38.91719578202806
2026-07-25 18:00:00,EP072026,38,2026-07-27 12:00:00,1 days 18:00:00,42,15.88,-112.48,959.3,107.4,0.0,272.1233419611144,219.6069218244045,144.86386058528976,206.02430961363237,97.47598155325426,78.40326396786793,52.24587185621835,73.95322116676454,40.12502921820791,34.03352111467671,23.894521246811124,31.61629340101489
2026-07-25 18:00:00,EP072026,38,2026-07-27 18:00:00,2 days 00:00:00,48,16.44,-113.22,943.7,110.8,20.432655581166387,195.44322262996863,210.92424578707505,174.45213848686626,182.05909739789604,104.94076298497656,100.05218587014178,85.12970838022011,88.37164113482959,60.00335880227499,58.05374990866813,49.04006277191206,55.00194421705555
2026-07-25 18:00:00,EP072026,38,2026-07-28 00:00:00,2 days 06:00:00,54,17.1,-113.83,979.1,82.1,41.97877570010807,203.17124452250644,168.87353425934552,112.7673404675738,157.3806909073618,66.96207224742659,54.382515716298414,34.27347628803687,50.97640129164655,41.97877570010807,1.073350583714441,0.0,1.975492813028192
2026-07-25 18:00:00,EP072026,38,2026-07-28 06:00:00,2 days 12:00:00,60,17.41,-114.11,976.4,83.5,35.131693003045655,207.1426202391353,188.2765197013307,138.29278351668307,173.78140382769618,94.6654757175639,81.04392474163433,59.16540302943876,78.56416062399865,35.131693003045655,28.568254976835,21.437809235156703,27.810068065786467
2026-07-25 18:00:00,EP072026,38,2026-07-28 12:00:00,2 days 18:00:00,66,17.99,-115.25,972.3,89.1,32.40755356632157,322.1011590892895,255.14297320022268,188.1636862050899,250.07256872092816,92.46952057252037,70.5368111725747,42.17424838873521,71.62570145537522,32.40755356632157,3.186431459665352,0.3570028059436181,6.35577302361845
2026-07-25 18:00:00,EP072026,38,2026-07-28 18:00:00,3 days 00:00:00,72,18.38,-115.42,973.0,88.2,40.9539320875468,244.7404569577108,219.8398332076748,143.44320505144873,187.9899423866485,79.61167271382119,69.095233772862,47.84802860817047,62.0369225047685,40.9539320875468,16.935966724091564,12.115700699993956,15.589776519372542
2026-07-25 18:00:00,EP072026,38,2026-07-29 00:00:00,3 days 06:00:00,78,18.8,-116.17,972.3,78.2,19.31629055698258,278.2530648773576,239.95917127398724,172.47393154164052,223.54118579896004,111.73690307776548,94.16662066222308,68.35735774533732,88.62213485431398,40.91364068983577,36.344567384253565,28.23181648915244,35.32519798691666
2026-07-25 18:00:00,EP072026,38,2026-07-29 06:00:00,3 days 12:00:00,84,19.02,-116.74,971.3,83.9,35.0001595543434,282.9815241978506,235.40216998781423,167.89119371940876,241.6486968470706,138.32062415585528,117.31637657281873,90.18593596422065,120.64326896675864,62.94414470312704,56.53349413923013,45.435573653493975,55.664448866445696
2026-07-25 18:00:00,EP072026,38,2026-07-29 12:00:00,3 days 18:00:00,90,19.5,-117.53,966.8,88.8,25.93925844745629,220.0260988391209,184.38251137553232,127.6193485544107,174.17917855883297,127.23780243131976,107.32613341472418,81.71260120053563,106.05896391003128,51.58433655342239,46.14555702476581,36.25340523889295,44.30301670847381
2026-07-25 18:00:00,EP072026,38,2026-07-29 18:00:00,4 days 00:00:00,96,20.17,-118.37,984.1,67.1,61.164588383973225,212.0606228882714,162.98722164793284,108.05417258049458,167.09476742509955,97.20934094967448,79.68003340021455,52.159670339095626,77.23851812741272,61.164588383973225,4.098894204412709,0.7019296527857111,5.123294757758639
2026-07-25 18:00:00,EP072026,38,2026-07-30 00:00:00,4 days 06:00:00,102,20.78,-119.46,981.1,64.1,69.89440993275815,257.512769485435,198.27273476259413,151.79838739761885,214.0255369223773,118.2619670373458,97.3053639927292,69.64789306566036,94.48434101122793,69.89440993275815,16.65538646128708,11.989696884272137,16.798518124903495
2026-07-25 18:00:00,EP072026,38,2026-07-30 06:00:00,4 days 12:00:00,108,21.13,-120.63,990.7,53.1,40.60976764596821,264.19145089852213,209.9308049214625,158.7575131404979,223.8404355433637,111.2308440549917,90.82064640578083,61.40172580195343,89.05414072224985,0.0,0.0,0.0,0.0
2026-07-25 18:00:00,EP072026,38,2026-07-30 12:00:00,4 days 18:00:00,114,21.77,-121.68,986.2,59.9,69.50469152901753,208.1458599802868,157.93161775324492,126.14859270892144,173.19954444545155,75.30846832365503,60.20690826919751,39.79534923631832,58.671970331076295,0.0,0.0,0.0,0.0
2026-07-25 18:00:00,EP072026,38,2026-07-30 18:00:00,5 days 00:00:00,120,22.65,-122.91,995.4,51.9,101.4598855887557,159.38516080171968,139.3009462574185,104.97158514589948,128.93232357373813,101.4598855887557,14.75347853683117,7.024250597674622,13.252226634496424,0.0,0.0,0.0,0.0
2026-07-25 18:00:00,EP072026,38,2026-07-31 00:00:00,5 days 06:00:00,126,23.24,-124.09,1000.1,49.9,77.07757081417786,184.1962193096896,142.07310007902035,101.25859001410733,150.33106151348127,0.0,0.0,0.0,0.0,0.0,0.0,0.0,0.0
2026-07-25 18:00:00,EP072026,38,2026-07-31 06:00:00,5 days 12:00:00,132,23.68,-125.81,990.8,42.0,93.09800343977498,205.15259558522808,196.71980645619,168.49823217555445,180.5385864423688,0.0,0.0,0.0,0.0,0.0,0.0,0.0,0.0
2026-07-25 18:00:00,EP072026,38,2026-07-31 12:00:00,5 days 18:00:00,138,24.28,-126.89,1000.1,34.2,55.38946401657714,55.38946401657714,0.0,0.0,2.6111604564129047,0.0,0.0,0.0,0.0,0.0,0.0,0.0,0.0
2026-07-25 18:00:00,EP072026,38,2026-07-31 18:00:00,6 days 00:00:00,144,24.68,-128.35,1003.4,32.4,85.82529850090324,0.0,0.0,0.0,0.0,0.0,0.0,0.0,0.0,0.0,0.0,0.0,0.0
2026-07-25 18:00:00,EP072026,38,2026-08-01 00:00:00,6 days 06:00:00,150,25.2,-129.44,1009.1,27.0,142.19921446836514,0.0,0.0,0.0,0.0,0.0,0.0,0.0,0.0,0.0,0.0,0.0,0.0
2026-07-25 18:00:00,EP072026,38,2026-08-01 06:00:00,6 days 12:00:00,156,25.7,-130.62,1007.1,28.7,65.72345159590294,0.0,0.0,0.0,0.0,0.0,0.0,0.0,0.0,0.0,0.0,0.0,0.0
2026-07-25 18:00:00,EP072026,38,2026-08-01 12:00:00,6 days 18:00:00,162,26.69,-131.6,1004.5,23.7,82.63232148666447,0.0,0.0,0.0,0.0,0.0,0.0,0.0,0.0,0.0,0.0,0.0,0.0
2026-07-25 18:00:00,EP072026,38,2026-08-01 18:00:00,7 days 00:00:00,168,27.01,-132.98,1009.1,24.8,93.42995399566624,0.0,0.0,0.0,0.0,0.0,0.0,0.0,0.0,0.0,0.0,0.0,0.0
2026-07-25 18:00:00,EP072026,38,2026-08-02 00:00:00,7 days 06:00:00,174,27.6,-134.36,1009.5,20.0,103.95585243689048,0.0,0.0,0.0,0.0,0.0,0.0,0.0,0.0,0.0,0.0,0.0,0.0
2026-07-25 18:00:00,EP072026,38,2026-08-02 06:00:00,7 days 12:00:00,180,27.78,-135.31,1006.0,27.0,95.11804437649648,0.0,0.0,0.0,0.0,0.0,0.0,0.0,0.0,0.0,0.0,0.0,0.0
2026-07-25 18:00:00,EP072026,38,2026-08-02 12:00:00,7 days 18:00:00,186,28.01,-136.24,1007.0,26.4,119.87638864059066,0.0,0.0,0.0,0.0,0.0,0.0,0.0,0.0,0.0,0.0,0.0,0.0
2026-07-25 18:00:00,EP072026,38,2026-08-02 18:00:00,8 days 00:00:00,192,28.38,-136.9,1011.1,18.8,143.74655075614876,0.0,0.0,0.0,0.0,0.0,0.0,0.0,0.0,0.0,0.0,0.0,0.0
2026-07-25 18:00:00,WP112026,38,2026-07-25 18:00:00,0 days 00:00:00,0,22.4,115.1,967.0,84.0,27.0,222.0,204.0,167.0,195.0,,,,,,,,
2026-07-25 18:00:00,WP112026,38,2026-07-26 00:00:00,0 days 06:00:00,6,23.2,114.6,973.5,66.6,57.12964782942217,177.9928670415165,142.19679644646803,120.38222188949834,150.33406094036732,100.15322691773304,84.12508321142698,64.44194070556951,81.61994067074413,57.12964782942217,30.696682212677352,23.82359735544549,30.42449596269964
2026-07-25 18:00:00,WP112026,38,2026-07-26 06:00:00,0 days 12:00:00,12,23.74,114.27,983.0,61.3,42.057064153614704,133.67914017093048,118.01044775168374,92.13528026363048,108.37875003152888,42.057064153614704,0.5607907653687949,0.0,0.2960805268248858,0.0,0.0,0.0,0.0
2026-07-25 18:00:00,WP112026,38,2026-07-26 12:00:00,0 days 18:00:00,18,23.92,113.55,991.2,44.1,20.266426320597716,47.55032663007075,36.350593389985534,35.823504171389125,43.87703324715812,0.0,0.0,0.0,0.0,0.0,0.0,0.0,0.0
2026-07-25 18:00:00,WP112026,38,2026-07-26 18:00:00,1 days 00:00:00,24,24.76,113.44,993.9,33.4,26.986986708679424,0.0,0.0,0.0,0.0,0.0,0.0,0.0,0.0,0.0,0.0,0.0,0.0
2026-07-25 18:00:00,WP112026,38,2026-07-27 00:00:00,1 days 06:00:00,30,25.84,113.2,1002.4,20.0,56.88886019750647,0.0,0.0,0.0,0.0,0.0,0.0,0.0,0.0,0.0,0.0,0.0,0.0
2026-07-25 18:00:00,WP112026,38,2026-07-27 06:00:00,1 days 12:00:00,36,26.92,112.76,1000.1,26.4,48.53143016059681,0.0,0.0,0.0,0.0,0.0,0.0,0.0,0.0,0.0,0.0,0.0,0.0
2026-07-25 18:00:00,WP112026,38,2026-07-27 12:00:00,1 days 18:00:00,42,28.08,112.01,1004.5,20.5,84.04322965310934,0.0,0.0,0.0,0.0,0.0,0.0,0.0,0.0,0.0,0.0,0.0,0.0
2026-07-25 18:00:00,EP062026,39,2026-07-25 18:00:00,0 days 00:00:00,0,19.2,-137.0,971.0,86.0,56.0,297.0,241.0,185.0,297.0,130.0,74.0,74.0,111.0,65.0,46.0,37.0,65.0
2026-07-25 18:00:00,EP062026,39,2026-07-26 00:00:00,0 days 06:00:00,6,19.4,-138.06,976.7,79.9,29.80537021386168,188.3431874874467,159.78562574164573,109.06157256359975,161.79471951079728,84.99924326100927,56.91477463032433,33.555800151690086,62.71355677726038,29.80537021386168,1.4477281173358494,0.0,5.976404095831033
2026-07-25 18:00:00,EP062026,39,2026-07-26 06:00:00,0 days 12:00:00,12,19.41,-139.28,980.1,78.7,34.21781766612465,143.4299506526866,120.57375189069728,79.99572246792474,125.35649508001087,61.237323667097286,40.71183509255864,28.200342536419523,54.05524296656834,34.784056886348054,27.558715957001088,23.748871375730104,30.388924531707257
2026-07-25 18:00:00,EP062026,39,2026-07-26 12:00:00,0 days 18:00:00,18,19.83,-140.82,981.5,75.6,47.57408274796285,187.72210554304115,152.962053063555,111.63370157726456,156.5775246959024,90.64721274338967,68.07217969864621,50.0464207381412,76.65636924141364,47.57408274796285,26.85186569191524,20.82253553117411,27.596359261729177
2026-07-25 18:00:00,EP062026,39,2026-07-26 18:00:00,1 days 00:00:00,24,19.98,-142.07,991.5,63.2,58.392026832159154,246.00493944051615,195.11793752473528,138.15768431543864,214.11724375863204,127.02536549747347,98.9838553469739,75.07861729061187,106.20234763808304,0.0,0.0,0.0,0.0
2026-07-25 18:00:00,EP062026,39,2026-07-27 00:00:00,1 days 06:00:00,30,20.25,-143.03,988.1,68.6,34.10289164053954,237.31232887373832,198.12814009849723,140.5192207351306,215.9073946872358,121.21250899826308,95.82064179291784,72.85046027309292,104.48213856544037,47.33192846546678,40.81319214742269,32.553592455820365,40.66285252192438
2026-07-25 18:00:00,EP062026,39,2026-07-27 06:00:00,1 days 12:00:00,36,20.16,-144.36,976.0,68.4,31.25446473367741,218.6981449787248,186.9661485027397,126.0612933213686,185.7723374360759,103.20912622138198,83.34304240300527,58.86042989782888,84.92008742422978,35.52658107006421,29.68756089955149,22.716026517849365,29.152399948840458
2026-07-25 18:00:00,EP062026,39,2026-07-27 12:00:00,1 days 18:00:00,42,20.79,-145.74,991.2,69.0,7.386753874493065,238.0335293238912,201.76678341163856,141.13128102646954,203.2246425785408,71.12758624494126,51.6381442184927,31.94865433880776,51.7410669249324,7.386753874493065,0.0,0.0,0.0
2026-07-25 18:00:00,EP062026,39,2026-07-27 18:00:00,2 days 00:00:00,48,21.2,-147.21,982.9,75.7,25.959468155892736,187.58714559589947,152.55202828849167,88.80039139491541,147.31229955863745,69.26131511728396,48.186864843900366,29.356467727546345,49.93657534670746,25.959468155892736,0.764595411491495,0.0,1.6851753105734115
2026-07-25 18:00:00,EP062026,39,2026-07-28 00:00:00,2 days 06:00:00,54,21.31,-148.3,994.1,63.3,35.21010656329783,193.8650316959733,158.61488133777857,101.85778768341464,157.184266112325,35.21010656329783,14.487267917364772,5.158938439537681,16.42078648344667,0.0,0.0,0.0,0.0
2026-07-25 18:00:00,EP062026,39,2026-07-28 06:00:00,2 days 12:00:00,60,22.0,-149.36,989.1,59.1,31.10502216575174,174.892170958184,115.19806630139436,62.5197917880815,153.52703834784603,71.57910064732846,51.14776738576296,32.5865436366286,54.012517185679584,0.0,0.0,0.0,0.0
2026-07-25 18:00:00,EP062026,39,2026-07-28 12:00:00,2 days 18:00:00,66,21.65,-151.11,1001.1,45.1,87.74901706446013,215.98553888692624,174.32480729712026,114.2488517334248,174.87582818257368,0.0,0.0,0.0,0.0,0.0,0.0,0.0,0.0
2026-07-25 18:00:00,EP062026,39,2026-07-28 18:00:00,3 days 00:00:00,72,21.95,-152.54,1002.2,39.1,108.58348158502469,121.8620286482314,84.59279147177241,45.33344102793314,97.1118324490441,0.0,0.0,0.0,0.0,0.0,0.0,0.0,0.0
2026-07-25 18:00:00,EP062026,39,2026-07-29 00:00:00,3 days 06:00:00,78,22.13,-153.64,1003.8,38.4,74.53762042350607,74.53762042350607,11.765391253960438,0.0,16.49785281533258,0.0,0.0,0.0,0.0,0.0,0.0,0.0,0.0
2026-07-25 18:00:00,EP062026,39,2026-07-29 06:00:00,3 days 12:00:00,84,22.37,-154.93,1004.0,37.1,67.20222991752479,67.20222991752479,34.9954554865192,6.807153855133628,35.088266252028056,0.0,0.0,0.0,0.0,0.0,0.0,0.0,0.0
2026-07-25 18:00:00,EP062026,39,2026-07-29 12:00:00,3 days 18:00:00,90,22.26,-156.3,1009.8,29.8,75.31049757234173,0.0,0.0,0.0,0.0,0.0,0.0,0.0,0.0,0.0,0.0,0.0,0.0
2026-07-25 18:00:00,EP062026,39,2026-07-29 18:00:00,4 days 00:00:00,96,22.65,-157.64,1006.3,35.9,68.27050294401242,68.27050294401242,0.0,0.0,0.0,0.0,0.0,0.0,0.0,0.0,0.0,0.0,0.0
2026-07-25 18:00:00,EP062026,39,2026-07-30 00:00:00,4 days 06:00:00,102,22.84,-158.99,1006.7,39.1,100.05431338713132,100.05431338713132,37.821119457215445,17.914279844995644,48.1197222220854,0.0,0.0,0.0,0.0,0.0,0.0,0.0,0.0
2026-07-25 18:00:00,EP062026,39,2026-07-30 06:00:00,4 days 12:00:00,108,22.77,-160.85,1010.6,22.5,91.30421771165452,0.0,0.0,0.0,0.0,0.0,0.0,0.0,0.0,0.0,0.0,0.0,0.0
2026-07-25 18:00:00,EP062026,39,2026-07-30 12:00:00,4 days 18:00:00,114,23.12,-162.17,1009.1,28.5,116.28760587242252,0.0,0.0,0.0,0.0,0.0,0.0,0.0,0.0,0.0,0.0,0.0,0.0
2026-07-25 18:00:00,EP072026,39,2026-07-25 18:00:00,0 days 00:00:00,0,11.2,-105.1,995.0,54.0,28.0,204.0,167.0,56.0,130.0,56.0,37.0,,,0.0,0.0,0.0,0.0
2026-07-25 18:00:00,EP072026,39,2026-07-26 00:00:00,0 days 06:00:00,6,11.85,-106.33,998.7,54.5,62.39479261126849,168.9207244106211,142.26655428185364,74.00470529761427,117.96333508849604,62.39479261126849,17.02590513189468,5.620097325704078,16.027870794435046,0.0,0.0,0.0,0.0
2026-07-25 18:00:00,EP072026,39,2026-07-26 06:00:00,0 days 12:00:00,12,12.51,-107.48,989.4,70.0,40.17757034375956,187.35806968138763,149.82482595334295,77.43524549712606,145.2987206076083,48.13574915085084,34.76987657934288,16.87902197600748,32.91948952932614,40.17757034375956,0.0,0.0,0.5309729124335529
2026-07-25 18:00:00,EP072026,39,2026-07-26 12:00:00,0 days 18:00:00,18,13.26,-108.77,967.9,97.4,13.36434742147415,214.24866610321828,180.32892729980995,78.1559225457481,155.9839433279372,99.52616029302249,72.31057182900551,44.92286407292346,75.21382509503871,41.62692459279899,33.01171815901329,24.82698206877297,34.13432119324533
2026-07-25 18:00:00,EP072026,39,2026-07-26 18:00:00,1 days 00:00:00,24,13.73,-109.85,977.6,84.5,39.33060724985778,249.46960053232084,202.77063117646355,124.92937950900296,202.56942209171163,121.89187594632948,92.2066429375455,62.55530593052592,98.09321322025212,43.14725176875247,35.70738616921186,27.07750099992714,37.4436513846377
2026-07-25 18:00:00,EP072026,39,2026-07-27 00:00:00,1 days 06:00:00,30,13.99,-110.9,970.9,92.0,21.360197156469383,207.15551796090745,170.70269661816337,93.90363777495838,149.3993692356005,108.6856605249775,87.57488078543372,59.66410580343148,85.43558276663305,52.08940783480142,44.9222447663924,34.95972757782022,44.41381812709403
2026-07-25 18:00:00,EP072026,39,2026-07-27 06:00:00,1 days 12:00:00,36,14.66,-111.66,961.9,104.0,19.95598942810162,260.85625817412784,224.4135056841981,125.875752618021,186.4115605427604,114.4958226491915,95.77882913518626,67.72843767389276,90.53556005928824,62.206176968810425,56.42632439938641,44.65191619811395,53.51267992793374
2026-07-25 18:00:00,EP072026,39,2026-07-27 12:00:00,1 days 18:00:00,42,15.26,-112.76,950.8,117.6,26.703660647450057,274.6937253681206,218.36056463332017,147.02318008544523,240.73209710890427,98.5062036620633,68.67144058806474,40.52276442278004,76.29936011651333,31.90294391056887,25.933875458559186,19.62017815444141,30.148766503582863
2026-07-25 18:00:00,EP072026,39,2026-07-27 18:00:00,2 days 00:00:00,48,15.53,-113.32,954.2,107.9,13.60345666142092,235.47390937496883,189.45202333191656,130.210774990204,211.5180789956387,111.89534644366532,78.63305355674115,56.70674169023988,89.97116586010992,45.70941042084958,37.11344384612673,28.25111241321643,39.76292853330999
2026-07-25 18:00:00,EP072026,39,2026-07-28 00:00:00,2 days 06:00:00,54,16.03,-114.04,947.9,118.3,12.242940340202594,276.3211636372937,236.7062557708713,168.53509694035895,221.84540207246448,52.37804357931424,29.19546226791848,11.730364079932826,36.072396822492834,12.242940340202594,8.358255535018678,1.8710719685718975,8.602049557239496
2026-07-25 18:00:00,EP072026,39,2026-07-28 06:00:00,2 days 12:00:00,60,16.12,-114.73,968.9,94.3,32.48047318632544,184.2811683778236,148.64184701340213,141.5073879999377,175.26501356890026,73.53087560136339,60.02219485521012,45.78572676891099,68.07457577121151,38.50367196552979,33.001165510467594,25.385199133492183,33.42158844729667
2026-07-25 18:00:00,EP072026,39,2026-07-28 12:00:00,2 days 18:00:00,66,16.65,-115.36,965.2,95.7,35.38403657415747,228.990990345339,176.18560962293526,104.78925968727263,179.8385070249068,107.24160436907454,84.86424980764224,58.63130353958259,83.64437801959002,45.07550143285711,38.11702784924751,30.124591127952385,38.243518855625695
2026-07-25 18:00:00,EP072026,39,2026-07-28 18:00:00,3 days 00:00:00,72,16.88,-116.15,972.0,89.8,51.008201040597314,222.06032375376367,171.6333731976374,121.47054713614432,186.9759965667281,100.60655065442224,77.89343298641522,59.98879302595569,88.35941052887287,52.610928325850814,45.49168799532958,36.75452970313927,46.00291942434566
2026-07-25 18:00:00,EP072026,39,2026-07-29 00:00:00,3 days 06:00:00,78,16.91,-116.92,962.2,101.7,31.805995964654635,165.33674202994794,124.32214974654362,93.54482544472368,150.70858080678494,75.42238483085936,53.191656385377456,35.10952659304557,60.03435536027006,31.805995964654635,18.849197151684244,14.282239381360744,21.52275420867534
2026-07-25 18:00:00,EP072026,39,2026-07-29 06:00:00,3 days 12:00:00,84,17.0,-117.57,965.5,95.4,35.344291029866824,195.80145210846257,176.29022867143317,145.27181936777257,170.142246582435,77.44762650480718,65.39753870716743,52.0324961540081,72.55503971781837,48.58120859145217,42.34156191378946,34.6209321826108,41.26729709958968
2026-07-25 18:00:00,EP072026,39,2026-07-29 12:00:00,3 days 18:00:00,90,16.95,-118.09,966.8,95.5,45.67064098424275,256.8241671080395,213.78606421097328,175.2796629417638,239.72708561261865,122.56891335894512,97.37531466563377,76.20543220027076,107.76624965151396,66.00814335547231,55.71315282301887,45.82565174413784,55.94010134676074
2026-07-25 18:00:00,EP072026,39,2026-07-29 18:00:00,4 days 00:00:00,96,17.27,-118.74,967.3,92.6,0.0,165.92028524990883,159.66646016064095,127.3588738091567,156.83067692722486,25.110119923629945,11.558892248435876,2.8018557094515746,18.020753115777293,0.0,0.0,0.0,0.0
2026-07-25 18:00:00,EP072026,39,2026-07-30 00:00:00,4 days 06:00:00,102,17.5,-119.55,986.5,66.1,55.9098353001367,203.73159251090323,175.2902907830973,126.56685676197066,175.91771711179248,69.23025262411745,43.765002029654624,25.94577450058433,51.74393125529042,55.9098353001367,0.0,0.0,1.6575740763792877
2026-07-25 18:00:00,EP072026,39,2026-07-30 06:00:00,4 days 12:00:00,108,17.8,-120.33,992.3,61.9,31.14983992789599,281.16336138293366,221.1378442732369,167.62432708586243,242.2012610878193,64.34043300917148,41.23687217475814,26.01654444768897,44.95988356692239,0.0,0.0,0.0,0.0
2026-07-25 18:00:00,EP072026,39,2026-07-30 12:00:00,4 days 18:00:00,114,18.18,-121.19,992.9,55.0,63.02920226124616,240.68131378876168,185.55558481179733,133.8146671544663,210.2340954301764,69.95720560896223,47.6206680071937,29.277146543877038,47.51180222636125,0.0,0.0,0.0,0.0
2026-07-25 18:00:00,EP072026,39,2026-07-30 18:00:00,5 days 00:00:00,120,18.83,-121.99,997.8,51.2,56.87868486122432,225.0510849641673,182.9289517660548,135.3953012713585,205.27895273592765,84.3548633562727,59.46826514686731,37.452784705073526,57.32834512240096,0.0,0.0,0.0,0.0
2026-07-25 18:00:00,EP072026,39,2026-07-31 00:00:00,5 days 06:00:00,126,19.35,-123.04,993.8,54.9,53.07021374112124,186.57362844847785,159.1121591257749,125.15112223129508,149.98593802601735,53.07021374112124,0.8496826887599616,0.0,7.310619944917565,0.0,0.0,0.0,0.0
2026-07-25 18:00:00,EP072026,39,2026-07-31 06:00:00,5 days 12:00:00,132,19.83,-124.12,999.8,48.6,55.14462635811651,207.6559069392497,162.3424006401401,124.52412074416496,194.62563282167685,0.0,0.0,0.0,0.0,0.0,0.0,0.0,0.0
2026-07-25 18:00:00,EP072026,39,2026-07-31 12:00:00,5 days 18:00:00,138,20.13,-125.02,996.6,51.8,35.49345437976152,224.7604473588982,177.9782179766905,142.69659830010164,195.7506001237001,39.71190063858442,23.98756171034698,12.926106870522087,26.9314754205402,0.0,0.0,0.0,0.0
2026-07-25 18:00:00,EP072026,39,2026-07-31 18:00:00,6 days 00:00:00,144,20.47,-126.29,1004.7,48.5,49.74250578052478,120.83841025634912,106.34839901228034,88.26955407637777,111.66942131897346,0.0,0.0,0.0,0.0,0.0,0.0,0.0,0.0
2026-07-25 18:00:00,EP072026,39,2026-08-01 00:00:00,6 days 06:00:00,150,20.85,-127.29,1006.5,41.3,64.91480540426011,122.52565900426544,109.1114930592347,90.80681838942536,114.2756330350797,0.0,0.0,0.0,0.0,0.0,0.0,0.0,0.0
2026-07-25 18:00:00,EP072026,39,2026-08-01 06:00:00,6 days 12:00:00,156,21.26,-128.19,1001.7,42.6,86.26107896233837,86.26107896233837,1.0822859428152205,0.0,3.364095596870566,0.0,0.0,0.0,0.0,0.0,0.0,0.0,0.0
2026-07-25 18:00:00,EP072026,39,2026-08-01 12:00:00,6 days 18:00:00,162,21.82,-129.38,1002.6,38.6,61.98180101351693,61.98180101351693,14.743181464212697,1.7598460986349806,21.195262789287824,0.0,0.0,0.0,0.0,0.0,0.0,0.0,0.0
2026-07-25 18:00:00,EP072026,39,2026-08-01 18:00:00,7 days 00:00:00,168,22.46,-130.61,1004.5,37.5,58.19431013407506,58.19431013407506,21.736782796983096,5.179128383958027,20.68402530146262,0.0,0.0,0.0,0.0,0.0,0.0,0.0,0.0
2026-07-25 18:00:00,EP072026,39,2026-08-02 00:00:00,7 days 06:00:00,174,22.95,-131.78,1005.1,36.8,56.52331335786205,94.95735081326318,65.13685322896617,42.92148224112724,85.05508849758786,0.0,0.0,0.0,0.0,0.0,0.0,0.0,0.0
2026-07-25 18:00:00,EP072026,39,2026-08-02 06:00:00,7 days 12:00:00,180,23.24,-133.01,1008.9,33.9,111.7288200551968,0.0,0.0,0.0,0.0,0.0,0.0,0.0,0.0,0.0,0.0,0.0,0.0
2026-07-25 18:00:00,EP072026,39,2026-08-02 12:00:00,7 days 18:00:00,186,23.64,-133.95,1008.0,30.8,62.99442949966381,0.0,0.0,0.0,0.0,0.0,0.0,0.0,0.0,0.0,0.0,0.0,0.0
2026-07-25 18:00:00,EP072026,39,2026-08-02 18:00:00,8 days 00:00:00,192,23.92,-135.16,1007.8,35.7,94.78526646929892,94.78526646929892,18.679397812849587,4.187245877221283,26.03882364674569,0.0,0.0,0.0,0.0,0.0,0.0,0.0,0.0
2026-07-25 18:00:00,EP072026,39,2026-08-03 00:00:00,8 days 06:00:00,198,24.02,-135.85,1007.7,26.1,84.92349706918534,0.0,0.0,0.0,0.0,0.0,0.0,0.0,0.0,0.0,0.0,0.0,0.0
2026-07-25 18:00:00,EP072026,39,2026-08-03 06:00:00,8 days 12:00:00,204,24.53,-136.67,1004.9,23.7,149.7519408197241,0.0,0.0,0.0,0.0,0.0,0.0,0.0,0.0,0.0,0.0,0.0,0.0
2026-07-25 18:00:00,EP072026,39,2026-08-03 12:00:00,8 days 18:00:00,210,24.64,-136.97,1009.2,27.8,81.8716645858261,0.0,0.0,0.0,0.0,0.0,0.0,0.0,0.0,0.0,0.0,0.0,0.0
2026-07-25 18:00:00,EP072026,39,2026-08-03 18:00:00,9 days 00:00:00,216,24.92,-137.74,1007.4,25.3,138.52891778117564,0.0,0.0,0.0,0.0,0.0,0.0,0.0,0.0,0.0,0.0,0.0,0.0
2026-07-25 18:00:00,EP072026,39,2026-08-04 00:00:00,9 days 06:00:00,222,24.92,-138.76,1008.7,21.4,56.14823687990166,0.0,0.0,0.0,0.0,0.0,0.0,0.0,0.0,0.0,0.0,0.0,0.0
2026-07-25 18:00:00,WP112026,39,2026-07-25 18:00:00,0 days 00:00:00,0,22.4,115.1,967.0,84.0,27.0,222.0,204.0,167.0,195.0,,,,,,,,
2026-07-25 18:00:00,WP112026,39,2026-07-26 00:00:00,0 days 06:00:00,6,23.11,114.49,962.7,83.9,25.400792950873548,173.31081557247188,153.1921138380144,109.2649053850624,137.3151856827213,76.53022601578891,65.7786850991273,47.24314459243908,64.62450712007558,25.400792950873548,20.035969202643937,16.04975835496769,21.79955254984209
2026-07-25 18:00:00,WP112026,39,2026-07-26 06:00:00,0 days 12:00:00,12,23.6,114.04,981.3,50.6,24.72723012479153,134.18226119256,118.69497405855498,94.87925767218648,108.44519698869247,5.880524269010187,3.790501938727459,0.0,24.72723012479153,0.0,0.0,0.0,0.0
2026-07-25 18:00:00,WP112026,39,2026-07-26 12:00:00,0 days 18:00:00,18,24.1,113.96,987.0,46.4,15.767387888134888,42.65325561761478,38.723983708510666,19.53145844187321,22.90064712995633,0.0,0.0,0.0,0.0,0.0,0.0,0.0,0.0
2026-07-25 18:00:00,WP112026,39,2026-07-26 18:00:00,1 days 00:00:00,24,25.29,113.63,993.0,36.1,57.66629335958364,57.66629335958364,43.12241357974808,25.51125646185795,40.590365441923055,0.0,0.0,0.0,0.0,0.0,0.0,0.0,0.0
2026-07-25 18:00:00,WP112026,39,2026-07-27 00:00:00,1 days 06:00:00,30,26.3,113.33,994.6,27.5,61.52379008733028,0.0,0.0,0.0,0.0,0.0,0.0,0.0,0.0,0.0,0.0,0.0,0.0
2026-07-25 18:00:00,WP112026,39,2026-07-27 06:00:00,1 days 12:00:00,36,27.06,113.17,1002.2,18.0,82.97851346224917,0.0,0.0,0.0,0.0,0.0,0.0,0.0,0.0,0.0,0.0,0.0,0.0
2026-07-25 18:00:00,WP112026,39,2026-07-27 12:00:00,1 days 18:00:00,42,27.43,112.62,1000.2,24.5,55.39189947736461,0.0,0.0,0.0,0.0,0.0,0.0,0.0,0.0,0.0,0.0,0.0,0.0
2026-07-25 18:00:00,WP112026,39,2026-07-27 18:00:00,2 days 00:00:00,48,28.31,112.91,1003.9,16.8,98.02785487132182,0.0,0.0,0.0,0.0,0.0,0.0,0.0,0.0,0.0,0.0,0.0,0.0
2026-07-25 18:00:00,WP112026,39,2026-07-28 00:00:00,2 days 06:00:00,54,28.95,111.65,1006.0,19.6,76.29106659290238,0.0,0.0,0.0,0.0,0.0,0.0,0.0,0.0,0.0,0.0,0.0,0.0
2026-07-25 18:00:00,WP112026,39,2026-07-28 06:00:00,2 days 12:00:00,60,29.58,111.42,1001.8,17.3,114.39140024999278,0.0,0.0,0.0,0.0,0.0,0.0,0.0,0.0,0.0,0.0,0.0,0.0
2026-07-25 18:00:00,WP112026,39,2026-07-28 12:00:00,2 days 18:00:00,66,30.65,111.28,999.6,20.7,36.89127827150888,0.0,0.0,0.0,0.0,0.0,0.0,0.0,0.0,0.0,0.0,0.0,0.0
2026-07-25 18:00:00,EP062026,4,2026-07-25 18:00:00,0 days 00:00:00,0,19.2,-137.0,971.0,86.0,56.0,297.0,241.0,185.0,297.0,130.0,74.0,74.0,111.0,65.0,46.0,37.0,65.0
2026-07-25 18:00:00,EP062026,4,2026-07-26 00:00:00,0 days 06:00:00,6,19.42,-138.07,986.5,70.5,32.61253750306017,231.51076087936175,178.76787144057394,141.46813102489662,200.21422346301813,104.10905369654256,84.4233075502679,61.10846210383457,86.56172189269698,48.42278005072124,39.7684766225441,30.50733123103517,41.10688436454718
2026-07-25 18:00:00,EP062026,4,2026-07-26 06:00:00,0 days 12:00:00,12,19.46,-139.12,955.1,110.7,23.04720317967125,269.06945822119815,246.1959019326145,191.8211895470821,239.4982964903172,117.90032393436718,97.83906939258308,81.92615164935393,104.16831830005589,59.82006215211515,52.34597468409153,44.40037686667925,53.45607986182547
2026-07-25 18:00:00,EP062026,4,2026-07-26 12:00:00,0 days 18:00:00,18,20.0,-140.08,982.5,76.3,32.031666053055545,213.24072178889676,163.64548208280155,124.97674310019109,186.34529276809303,88.07639598578487,69.94606498109243,49.30837967086256,76.71360246314686,40.46988470679,32.90433605097536,24.07375928801333,33.03383416233629
2026-07-25 18:00:00,EP062026,4,2026-07-26 18:00:00,1 days 00:00:00,24,19.7,-141.24,985.9,80.0,39.149674357462246,202.63627962941436,175.27166517676324,148.5242539558554,183.78136432380532,108.57858090884602,90.72306420986403,72.99608415514473,94.3472734505953,52.736089064196015,46.038251225974506,37.069988916651816,45.41342995057161
2026-07-25 18:00:00,EP062026,4,2026-07-27 00:00:00,1 days 06:00:00,30,19.82,-141.6,995.6,53.5,54.98480306896556,200.95079435822456,192.029927829238,160.62765876538424,172.96188353155185,0.0,0.7295475109747969,54.98480306896556,0.3436953589166478,0.0,0.0,0.0,0.0
2026-07-25 18:00:00,EP062026,4,2026-07-27 06:00:00,1 days 12:00:00,36,20.41,-143.88,999.9,48.7,84.66045028381882,154.37226000078135,127.53352620119462,105.39481808113985,119.77582400150736,0.0,0.0,0.0,0.0,0.0,0.0,0.0,0.0
2026-07-25 18:00:00,EP062026,4,2026-07-27 12:00:00,1 days 18:00:00,42,20.67,-145.38,1003.9,37.7,64.50011895701877,118.27649392429169,83.49440749916226,64.58159322035019,89.62627792157025,0.0,0.0,0.0,0.0,0.0,0.0,0.0,0.0
2026-07-25 18:00:00,EP062026,4,2026-07-27 18:00:00,2 days 00:00:00,48,21.03,-147.11,1002.9,41.4,135.31999318481917,135.31999318481917,27.181349928924117,11.34255058479345,24.26714384860577,0.0,0.0,0.0,0.0,0.0,0.0,0.0,0.0
2026-07-25 18:00:00,EP062026,4,2026-07-28 00:00:00,2 days 06:00:00,54,21.03,-148.82,1005.1,36.5,137.32779597169116,169.02574318348553,142.1500706921012,118.73126291465243,134.95585647743064,0.0,0.0,0.0,0.0,0.0,0.0,0.0,0.0
2026-07-25 18:00:00,EP062026,4,2026-07-28 06:00:00,2 days 12:00:00,60,20.84,-150.16,1004.3,40.6,130.81223230968857,130.81223230968857,105.2762726652044,82.16910961936235,96.46772160611462,0.0,0.0,0.0,0.0,0.0,0.0,0.0,0.0
2026-07-25 18:00:00,EP062026,4,2026-07-28 12:00:00,2 days 18:00:00,66,21.15,-151.64,1006.3,34.1,138.20938282552646,138.20938282552646,0.0,0.0,0.0,0.0,0.0,0.0,0.0,0.0,0.0,0.0,0.0
2026-07-25 18:00:00,EP062026,4,2026-07-28 18:00:00,3 days 00:00:00,72,22.03,-152.55,1003.5,37.1,104.9264166540537,104.9264166540537,2.0667844419759582,0.0,5.881769946867832,0.0,0.0,0.0,0.0,0.0,0.0,0.0,0.0
2026-07-25 18:00:00,EP062026,4,2026-07-29 00:00:00,3 days 06:00:00,78,21.83,-154.25,1006.2,32.8,119.9856881818099,0.0,0.0,0.0,0.0,0.0,0.0,0.0,0.0,0.0,0.0,0.0,0.0
2026-07-25 18:00:00,EP062026,4,2026-07-29 06:00:00,3 days 12:00:00,84,21.45,-155.58,1007.2,23.8,103.24402813909134,0.0,0.0,0.0,0.0,0.0,0.0,0.0,0.0,0.0,0.0,0.0,0.0
2026-07-25 18:00:00,EP062026,4,2026-07-29 12:00:00,3 days 18:00:00,90,22.2,-157.04,1008.8,31.5,108.7596376017907,0.0,0.0,0.0,0.0,0.0,0.0,0.0,0.0,0.0,0.0,0.0,0.0
2026-07-25 18:00:00,EP062026,4,2026-07-29 18:00:00,4 days 00:00:00,96,22.79,-158.5,1006.7,28.3,60.03189518812954,0.0,0.0,0.0,0.0,0.0,0.0,0.0,0.0,0.0,0.0,0.0,0.0
2026-07-25 18:00:00,EP062026,4,2026-07-30 00:00:00,4 days 06:00:00,102,22.48,-159.8,1013.2,15.6,65.94306997164375,0.0,0.0,0.0,0.0,0.0,0.0,0.0,0.0,0.0,0.0,0.0,0.0
2026-07-25 18:00:00,EP072026,4,2026-07-25 18:00:00,0 days 00:00:00,0,11.2,-105.1,995.0,54.0,28.0,204.0,167.0,56.0,130.0,56.0,37.0,,,0.0,0.0,0.0,0.0
2026-07-25 18:00:00,EP072026,4,2026-07-26 00:00:00,0 days 06:00:00,6,11.95,-105.94,994.7,61.6,47.36355443439665,175.73352728136086,123.65547521142253,77.33516941107908,144.00834726532705,68.57667283330895,48.6856045995828,27.70675947427173,54.83602753705878,0.0,0.0,0.0,0.0
2026-07-25 18:00:00,EP072026,4,2026-07-26 06:00:00,0 days 12:00:00,12,12.57,-107.62,985.9,72.8,0.0,152.4217425818735,146.17415514156096,108.52730821685668,126.96877527289593,33.64796754165416,25.19993534053647,14.916451296460608,26.06704570704604,11.343244109977286,8.073688988735805,4.601343274617568,8.69926159764588
2026-07-25 18:00:00,EP072026,4,2026-07-26 12:00:00,0 days 18:00:00,18,13.26,-108.98,989.4,66.9,29.774477868825592,210.8233729872152,163.7571479128916,116.2539040023091,173.13932915367818,81.42327345139391,63.808815402744784,40.07468637931103,65.22591902733024,33.79171793022408,25.939111415807822,17.10297631645808,26.15478798774363
2026-07-25 18:00:00,EP072026,4,2026-07-26 18:00:00,1 days 00:00:00,24,13.64,-109.92,980.0,76.2,59.169902931787206,254.7733342323544,228.1901067907013,185.94136377565897,216.7185291470852,134.45009759621703,118.08658898422304,95.83058487355808,116.18007116195402,67.38183368069133,60.6432766376241,48.65146689916891,58.19077854992295
2026-07-25 18:00:00,EP072026,4,2026-07-27 00:00:00,1 days 06:00:00,30,14.24,-110.51,958.9,109.3,56.95396380519537,431.3933572015152,419.0036979625442,331.8804513351705,360.9291494606049,124.72924533185557,108.12380485048982,80.67298686805796,101.5855088251244,61.70391413590593,55.2594164349445,42.93978680642757,51.33523437794764
2026-07-25 18:00:00,EP072026,4,2026-07-27 06:00:00,1 days 12:00:00,36,14.62,-111.23,979.4,79.4,42.59616020910221,276.53675368550387,229.95186454177232,171.4957339355571,210.73190709830004,100.18721074569842,86.18744298751285,59.7382903705022,82.10197641524924,46.55636629963276,39.85975783506479,28.414342572971112,38.50752464339091
2026-07-25 18:00:00,EP072026,4,2026-07-27 12:00:00,1 days 18:00:00,42,15.2,-112.3,959.5,105.7,13.315089269544842,247.96940809670195,202.44268100419868,149.97367925925573,200.77685851656133,123.39999282596546,107.9318901708284,79.53008602864247,104.15757574152668,62.4227663100537,54.1451937046977,41.98074249208821,53.07882802918903
2026-07-25 18:00:00,EP072026,4,2026-07-27 18:00:00,2 days 00:00:00,48,15.73,-113.01,965.0,92.9,55.003339629990975,311.7241993814703,266.8247480577021,176.4334985653098,235.91205854914529,151.44619085125936,123.57590939620208,89.68525104837784,123.8429161110611,74.73300882437314,63.34167293414055,49.31882530131172,63.55513163080507
2026-07-25 18:00:00,EP072026,4,2026-07-28 00:00:00,2 days 06:00:00,54,16.31,-113.78,960.0,99.2,32.57379536145952,250.4126378705816,209.68641131153572,162.87488942346047,208.4795746500131,124.3119267676396,107.03581627709688,82.31330927368724,106.38806385233435,63.80911761084325,55.779207883041664,43.80786418178063,54.690807689832965
2026-07-25 18:00:00,EP072026,4,2026-07-28 06:00:00,2 days 12:00:00,60,16.45,-114.32,965.3,97.2,31.80533261697351,256.3312154299765,205.3723524374641,149.39833097472876,205.8382931004368,117.39679071982064,96.51400562149196,71.31160890407392,100.39747623622767,57.76740504779824,47.97022044755087,36.90084573282824,48.83749991050199
2026-07-25 18:00:00,EP072026,4,2026-07-28 12:00:00,2 days 18:00:00,66,16.78,-114.91,952.8,108.6,17.790752035014457,211.28972734436763,171.30583388947304,126.2471984652165,180.66980282945767,102.37358957006818,79.89322663255527,63.35275131827455,87.92243047540316,51.59134651655143,43.05502992308709,34.20659110866664,44.72356632663944
2026-07-25 18:00:00,EP072026,4,2026-07-28 18:00:00,3 days 00:00:00,72,17.2,-115.72,967.0,88.9,45.57026734381026,264.8991100655393,221.26993378079104,174.4531446545679,231.7791295431859,120.14521910113356,100.96364790649048,79.01639535479731,105.24547230264696,61.2157319967226,52.70966066137123,42.41461494322613,53.20943130984882
2026-07-25 18:00:00,EP072026,4,2026-07-29 00:00:00,3 days 06:00:00,78,17.58,-116.35,963.7,91.4,30.00488804628617,251.03064685836176,210.0235805889576,163.8484856196941,214.9607970640019,131.67887938327928,113.32854681496129,90.81224147289412,111.53220003639318,68.75665314115759,60.4012932650578,48.73138575951843,60.03843448716752
2026-07-25 18:00:00,EP072026,4,2026-07-29 06:00:00,3 days 12:00:00,84,17.8,-117.18,973.0,91.9,15.91273026875092,206.1701152216832,157.98295982004447,131.31199578195623,200.94053861235807,109.0371042689543,89.25271195868606,66.29145958670307,95.27427588121948,54.17995064421208,44.28501690694384,34.988958931338146,46.98167826592498
2026-07-25 18:00:00,EP072026,4,2026-07-29 12:00:00,3 days 18:00:00,90,17.88,-117.82,969.9,86.1,59.35918373689701,235.10710362137905,200.41447038878496,153.2750501039817,202.71711814963615,123.29439793128763,103.98095545480092,79.85520246688341,103.23876873346136,62.05272824586971,53.79836247635685,42.275902557510406,53.49980668538269
2026-07-25 18:00:00,EP072026,4,2026-07-29 18:00:00,4 days 00:00:00,96,18.06,-118.77,972.9,84.7,24.14199344851524,266.7578604426758,214.26187802421444,160.5434036960877,239.11998266978355,141.10003492062395,116.4671227614105,90.98491011042164,119.09757562677218,70.41630463049881,60.53978082605708,48.46385953798794,61.58287719459139
2026-07-25 18:00:00,EP072026,4,2026-07-30 00:00:00,4 days 06:00:00,102,18.18,-119.63,965.6,90.3,9.480622005665571,242.994405411828,213.96062737836615,166.33878768391332,203.48535078895029,117.81863312230152,102.41506766714036,76.75833339272135,100.7501748518712,59.56152197733201,50.68529005077913,38.35475143300468,50.61785344796235
2026-07-25 18:00:00,EP072026,4,2026-07-30 06:00:00,4 days 12:00:00,108,18.55,-120.42,974.6,79.3,71.95521945880311,236.0310594204529,179.04611334552163,141.94317855251748,197.5360462370424,113.56132479436474,95.47426433283094,72.52746187732494,98.26373370023104,71.95521945880311,48.16191170165758,36.10468293092981,48.71861800681894
2026-07-25 18:00:00,EP072026,4,2026-07-30 12:00:00,4 days 18:00:00,114,19.32,-121.68,985.7,64.5,71.54534393539495,243.4234242973608,200.49102180171784,155.6517358986534,213.3773812295615,112.95936285023282,96.63861207517328,71.73358543814778,95.22274419857872,71.54534393539495,45.88488015954713,34.63540582387465,43.91798461833428
2026-07-25 18:00:00,EP072026,4,2026-07-30 18:00:00,5 days 00:00:00,120,19.79,-122.88,989.5,66.5,47.3855214143137,233.24663659363188,188.1471192735494,138.5445851250015,202.02225147913845,123.64538023865262,106.842892118443,80.17449006746786,103.42177024521662,59.95437123890053,52.66038193887701,40.1300972222376,50.54318464812529
2026-07-25 18:00:00,EP072026,4,2026-07-31 00:00:00,5 days 06:00:00,126,20.28,-124.6,990.6,60.0,49.23510064376268,277.2822195402592,242.62885152880995,182.7024940663896,225.0502807676953,158.48532098683586,148.96954529758133,120.53811440772802,129.87250041910352,0.0,0.0,0.0,0.0
2026-07-25 18:00:00,EP072026,4,2026-07-31 06:00:00,5 days 12:00:00,132,20.66,-126.13,994.3,52.0,55.45681316554169,199.332521215124,169.47760042388472,142.59600416108515,176.67715041980773,135.5086899007374,128.56494750315005,109.9832927256898,113.69084926761523,0.0,0.0,0.0,0.0
2026-07-25 18:00:00,EP072026,4,2026-07-31 12:00:00,5 days 18:00:00,138,21.16,-127.55,1000.4,46.1,79.54094722320012,304.2848919214656,267.00136101374045,219.07203428594892,268.1221969996583,0.0,0.0,0.0,0.0,0.0,0.0,0.0,0.0
2026-07-25 18:00:00,EP072026,4,2026-07-31 18:00:00,6 days 00:00:00,144,21.25,-129.35,997.1,45.8,83.25033151829538,189.02432818630277,149.64029832738856,119.81220983402488,152.36094601508668,0.0,0.0,0.0,0.0,0.0,0.0,0.0,0.0
2026-07-25 18:00:00,EP072026,4,2026-08-01 00:00:00,6 days 06:00:00,150,21.7,-130.67,1002.9,44.6,77.80866775412997,213.69943199412245,176.78457909931902,147.94256199798482,189.6213250219203,0.0,0.0,0.0,0.0,0.0,0.0,0.0,0.0
2026-07-25 18:00:00,EP072026,4,2026-08-01 06:00:00,6 days 12:00:00,156,22.15,-132.24,1003.7,37.7,69.36826458142386,201.5624136498961,162.8177309777518,132.95070752830622,167.23332079534185,0.0,0.0,0.0,0.0,0.0,0.0,0.0,0.0
2026-07-25 18:00:00,EP072026,4,2026-08-01 12:00:00,6 days 18:00:00,162,22.4,-133.67,1004.5,35.3,69.60345706666604,210.74527845519583,168.31244995584586,136.20061962025642,176.1840700400936,0.0,0.0,0.0,0.0,0.0,0.0,0.0,0.0
2026-07-25 18:00:00,EP072026,4,2026-08-01 18:00:00,7 days 00:00:00,168,22.86,-135.14,1007.7,32.4,127.82363631623592,0.0,0.0,0.0,0.0,0.0,0.0,0.0,0.0,0.0,0.0,0.0,0.0
2026-07-25 18:00:00,EP072026,4,2026-08-02 00:00:00,7 days 06:00:00,174,23.41,-136.38,1006.5,36.3,81.37269222742401,81.37269222742401,0.0,0.0,4.603882690019816,0.0,0.0,0.0,0.0,0.0,0.0,0.0,0.0
2026-07-25 18:00:00,EP072026,4,2026-08-02 06:00:00,7 days 12:00:00,180,24.31,-138.08,1007.3,36.2,119.26611670165316,119.26611670165316,26.422326914571823,13.621888182147964,31.02671062043085,0.0,0.0,0.0,0.0,0.0,0.0,0.0,0.0
2026-07-25 18:00:00,EP072026,4,2026-08-02 12:00:00,7 days 18:00:00,186,25.06,-139.32,1005.5,37.2,66.27994253214888,200.20938962814603,159.08221458507296,123.90049769981316,154.3257361779331,0.0,0.0,0.0,0.0,0.0,0.0,0.0,0.0
2026-07-25 18:00:00,EP072026,4,2026-08-02 18:00:00,8 days 00:00:00,192,26.08,-141.0,1007.4,33.8,47.93584503249681,0.0,0.0,0.0,0.0,0.0,0.0,0.0,0.0,0.0,0.0,0.0,0.0
2026-07-25 18:00:00,EP072026,4,2026-08-03 00:00:00,8 days 06:00:00,198,26.85,-142.11,1006.7,34.0,133.43887096031094,133.43887096031094,0.0,0.0,11.425201493698342,0.0,0.0,0.0,0.0,0.0,0.0,0.0,0.0
2026-07-25 18:00:00,EP072026,4,2026-08-03 06:00:00,8 days 12:00:00,204,27.31,-143.67,1007.8,30.6,76.72406842227949,0.0,0.0,0.0,0.0,0.0,0.0,0.0,0.0,0.0,0.0,0.0,0.0
2026-07-25 18:00:00,EP072026,4,2026-08-03 12:00:00,8 days 18:00:00,210,27.89,-144.29,1008.8,26.5,132.63570457737836,0.0,0.0,0.0,0.0,0.0,0.0,0.0,0.0,0.0,0.0,0.0,0.0
2026-07-25 18:00:00,EP072026,4,2026-08-03 18:00:00,9 days 00:00:00,216,28.4,-144.88,1012.8,24.0,182.53023510036743,0.0,0.0,0.0,0.0,0.0,0.0,0.0,0.0,0.0,0.0,0.0,0.0
2026-07-25 18:00:00,WP112026,4,2026-07-25 18:00:00,0 days 00:00:00,0,22.4,115.1,967.0,84.0,27.0,222.0,204.0,167.0,195.0,,,,,,,,
2026-07-25 18:00:00,WP112026,4,2026-07-26 00:00:00,0 days 06:00:00,6,23.03,114.2,969.8,68.1,19.30753420574228,115.84262579770774,97.9466746430806,55.22687519722462,91.66447508766672,33.767513738974884,27.106492025903325,17.472482902001598,25.000554133842734,19.30753420574228,10.468866793493568,9.029939453419304,10.496433708208558
2026-07-25 18:00:00,WP112026,4,2026-07-26 06:00:00,0 days 12:00:00,12,23.59,114.04,991.0,45.9,17.31691266693093,139.09949787543752,128.3558065382388,97.70146790861878,111.55173868492562,0.0,0.0,0.0,0.0,0.0,0.0,0.0,0.0
2026-07-25 18:00:00,WP112026,4,2026-07-26 12:00:00,0 days 18:00:00,18,23.99,114.0,993.6,44.5,19.47586239613024,26.982978001807847,31.187121505991097,12.782942882834208,15.853498163390976,0.0,0.0,0.0,0.0,0.0,0.0,0.0,0.0
2026-07-25 18:00:00,WP112026,4,2026-07-26 18:00:00,1 days 00:00:00,24,24.71,113.38,1000.8,32.6,62.87409920464376,0.0,0.0,0.0,0.0,0.0,0.0,0.0,0.0,0.0,0.0,0.0,0.0
2026-07-25 18:00:00,WP112026,4,2026-07-27 00:00:00,1 days 06:00:00,30,26.07,113.64,999.9,24.0,58.38960197176653,0.0,0.0,0.0,0.0,0.0,0.0,0.0,0.0,0.0,0.0,0.0,0.0
2026-07-25 18:00:00,WP112026,4,2026-07-27 06:00:00,1 days 12:00:00,36,26.97,112.63,999.9,24.2,106.81996554761692,0.0,0.0,0.0,0.0,0.0,0.0,0.0,0.0,0.0,0.0,0.0,0.0
2026-07-25 18:00:00,WP112026,4,2026-07-27 12:00:00,1 days 18:00:00,42,27.63,111.83,1003.9,15.0,74.59328963352203,0.0,0.0,0.0,0.0,0.0,0.0,0.0,0.0,0.0,0.0,0.0,0.0
2026-07-25 18:00:00,WP112026,4,2026-07-27 18:00:00,2 days 00:00:00,48,28.64,111.68,1003.5,16.3,112.61146793633876,0.0,0.0,0.0,0.0,0.0,0.0,0.0,0.0,0.0,0.0,0.0,0.0
2026-07-25 18:00:00,WP112026,4,2026-07-28 00:00:00,2 days 06:00:00,54,29.48,111.66,1004.9,16.7,148.0510037921074,0.0,0.0,0.0,0.0,0.0,0.0,0.0,0.0,0.0,0.0,0.0,0.0
2026-07-25 18:00:00,WP112026,4,2026-07-28 06:00:00,2 days 12:00:00,60,30.89,111.08,1004.0,16.8,117.612996419401,0.0,0.0,0.0,0.0,0.0,0.0,0.0,0.0,0.0,0.0,0.0,0.0
2026-07-25 18:00:00,EP062026,40,2026-07-25 18:00:00,0 days 00:00:00,0,19.2,-137.0,971.0,86.0,56.0,297.0,241.0,185.0,297.0,130.0,74.0,74.0,111.0,65.0,46.0,37.0,65.0
2026-07-25 18:00:00,EP062026,40,2026-07-26 00:00:00,0 days 06:00:00,6,19.44,-138.09,980.2,73.4,4.280695784163832,196.49390123598116,168.61539840796712,121.30297952072812,170.19592413307709,100.07450838014373,85.22588263610787,63.232987178850486,82.30164363134514,47.660198462044,40.4459512092911,31.7923366632726,40.74260056644104
2026-07-25 18:00:00,EP062026,40,2026-07-26 06:00:00,0 days 12:00:00,12,19.52,-138.86,986.6,70.4,41.32554012327165,194.51841295058665,149.47610856630362,125.88135438168317,172.51016891949257,85.62912860518604,69.9143794289289,51.84856491124655,73.38936499658865,41.32554012327165,33.78389095028447,26.408928371256515,34.71017411846877
2026-07-25 18:00:00,EP062026,40,2026-07-26 12:00:00,0 days 18:00:00,18,19.67,-140.24,979.9,76.4,71.23936139631394,241.4950109235832,174.4940052149557,152.92732121873888,217.97903586557288,126.77158020755807,106.49990681356032,81.69444186098659,108.08804014804232,71.23936139631394,51.877044093437135,40.88513707248096,51.39947971114361
2026-07-25 18:00:00,EP062026,40,2026-07-26 18:00:00,1 days 00:00:00,24,19.82,-141.53,984.8,70.5,29.29806343716851,223.86389109281947,169.8292947299907,136.5403593628675,200.1538904773663,110.48040919359003,88.6546781546947,65.4857443835117,92.342531840334,50.30916115346176,42.4544689026267,32.7222055304923,42.63080671529952
2026-07-25 18:00:00,EP062026,40,2026-07-27 00:00:00,1 days 06:00:00,30,20.09,-142.41,981.5,75.3,55.0365308161024,311.5933771797246,223.3139893307783,174.30812709116964,257.56298532908085,122.70812259141675,94.45390406562048,67.85457322808972,102.2523395255326,55.47833460838919,44.110891390103056,32.97879950958506,46.47246738476039
2026-07-25 18:00:00,EP062026,40,2026-07-27 06:00:00,1 days 12:00:00,36,20.26,-143.87,976.6,82.8,50.44348778021117,189.40810858891317,151.4528358686812,110.35453502791422,144.72389437502142,86.99888627456154,74.47866797233837,54.9398612099285,73.49800452904397,50.44348778021117,34.90858792245086,25.94472597686908,34.7641563062433
2026-07-25 18:00:00,EP062026,40,2026-07-27 12:00:00,1 days 18:00:00,42,20.57,-145.01,986.9,71.7,39.57991448805785,196.4158945785337,141.7485166993626,111.04738163838076,179.30502658368414,97.00390796887623,75.87389168450595,53.36491580410453,82.48232747065953,44.26777324623029,35.41090385914216,26.39459107756249,37.26814077964151
2026-07-25 18:00:00,EP062026,40,2026-07-27 18:00:00,2 days 00:00:00,48,20.7,-146.1,995.0,58.0,37.5853456840105,255.35348104690271,198.8992423694057,145.3998583906734,215.5642402541976,92.25509077444596,72.5311035061257,45.50826660409884,72.56287124197718,0.0,0.0,0.0,0.0
2026-07-25 18:00:00,EP062026,40,2026-07-28 00:00:00,2 days 06:00:00,54,20.85,-147.69,983.5,72.2,11.085963973922674,184.7170814178681,139.96506543400477,82.93365334588432,146.96574451059706,81.90250156441243,64.57334783416098,42.56744720824064,66.39584628900744,36.540188880312485,28.58373065137512,19.946649159806096,29.96667527866196
2026-07-25 18:00:00,EP062026,40,2026-07-28 06:00:00,2 days 12:00:00,60,21.49,-148.91,983.3,70.8,38.69384841949281,159.2012859652182,118.70666492232556,85.58167804439759,136.0001783379994,81.46629172526673,70.79831879909047,52.32666633107548,68.18806917702781,38.69384841949281,13.794061990453423,10.350311987107023,14.5479342432347
2026-07-25 18:00:00,EP062026,40,2026-07-28 12:00:00,2 days 18:00:00,66,21.9,-150.19,988.0,65.4,31.60069417904932,267.1736355337873,204.69563154597137,131.61341898935757,204.75930840375133,79.51101387684099,60.147707729199325,35.85876433015557,59.37914524250573,32.68659881433787,24.866790157059206,16.042047685923723,26.349990811744465
2026-07-25 18:00:00,EP062026,40,2026-07-28 18:00:00,3 days 00:00:00,72,22.01,-151.65,998.3,54.3,67.68998496474593,251.4358335767265,212.7069826005448,156.97600121460417,214.4104124188167,67.68998496474593,4.544633563573682,0.5956350715015049,5.679667738704806,0.0,0.0,0.0,0.0
2026-07-25 18:00:00,EP062026,40,2026-07-29 00:00:00,3 days 06:00:00,78,22.54,-152.77,1003.3,48.3,116.58169004719495,116.58169004719495,59.529683765352985,37.24252988383749,71.95514673394554,0.0,0.0,0.0,0.0,0.0,0.0,0.0,0.0
2026-07-25 18:00:00,EP062026,40,2026-07-29 06:00:00,3 days 12:00:00,84,22.58,-154.23,1000.8,46.6,92.92757619757958,187.98908065151105,148.89416797186024,121.27108586171678,153.18883687971078,0.0,0.0,0.0,0.0,0.0,0.0,0.0,0.0
2026-07-25 18:00:00,EP062026,40,2026-07-29 12:00:00,3 days 18:00:00,90,22.81,-155.05,1003.2,46.3,122.64282973174689,161.70622141176466,117.36007752583824,91.72628088245858,122.24449766393964,0.0,0.0,0.0,0.0,0.0,0.0,0.0,0.0
2026-07-25 18:00:00,EP062026,40,2026-07-29 18:00:00,4 days 00:00:00,96,22.77,-156.55,1008.0,38.3,65.80116989173395,166.41851483426058,139.39386585685585,111.44973803520313,137.21383983812385,0.0,0.0,0.0,0.0,0.0,0.0,0.0,0.0
2026-07-25 18:00:00,EP062026,40,2026-07-30 00:00:00,4 days 06:00:00,102,22.95,-157.73,1004.8,40.6,110.61642286390318,110.61642286390318,2.5302567806935485,0.0,10.798595975293589,0.0,0.0,0.0,0.0,0.0,0.0,0.0,0.0
2026-07-25 18:00:00,EP062026,40,2026-07-30 06:00:00,4 days 12:00:00,108,23.05,-158.8,1007.1,43.4,92.68141578158632,125.42743647698587,101.08452314968582,68.03917207130976,97.68337782282217,0.0,0.0,0.0,0.0,0.0,0.0,0.0,0.0
2026-07-25 18:00:00,EP062026,40,2026-07-30 12:00:00,4 days 18:00:00,114,23.19,-159.77,1003.0,36.2,73.61341956650402,73.61341956650402,0.0,0.0,5.428121540999797,0.0,0.0,0.0,0.0,0.0,0.0,0.0,0.0
2026-07-25 18:00:00,EP062026,40,2026-07-30 18:00:00,5 days 00:00:00,120,23.25,-161.66,1010.9,28.0,128.2588945134521,0.0,0.0,0.0,0.0,0.0,0.0,0.0,0.0,0.0,0.0,0.0,0.0
2026-07-25 18:00:00,EP072026,40,2026-07-25 18:00:00,0 days 00:00:00,0,11.2,-105.1,995.0,54.0,28.0,204.0,167.0,56.0,130.0,56.0,37.0,,,0.0,0.0,0.0,0.0
2026-07-25 18:00:00,EP072026,40,2026-07-26 00:00:00,0 days 06:00:00,6,11.89,-106.3,994.1,60.1,28.926412166146093,149.01768196995047,117.827456005627,71.69508850803507,118.72429447427558,74.93472530805599,66.51939339215807,54.26976123774347,60.59892949155984,0.0,0.0,0.0,0.0
2026-07-25 18:00:00,EP072026,40,2026-07-26 06:00:00,0 days 12:00:00,12,12.56,-107.39,996.9,59.1,53.24456448403012,151.7399823804881,122.30067756943292,62.44929336828816,109.57931308362964,53.24456448403012,23.745390239338573,14.252662978744592,21.178960992542656,0.0,0.0,0.0,0.0
2026-07-25 18:00:00,EP072026,40,2026-07-26 12:00:00,0 days 18:00:00,18,13.23,-108.8,986.7,70.9,58.008490836485805,174.66431549948564,128.67107333809847,80.60176435138317,141.9251555126249,84.94834267500056,65.10051980961576,39.68467184746345,67.20031704276546,58.008490836485805,26.674645380663947,17.84764497991682,27.332449206375745
2026-07-25 18:00:00,EP072026,40,2026-07-26 18:00:00,1 days 00:00:00,24,14.31,-109.68,983.4,74.4,33.791910076314906,232.54399065952043,183.59177883691683,116.67721699952014,184.9031476509505,115.43672431563336,93.0837313448106,66.72321434951822,93.26777858417388,51.61160058223219,44.49070798497233,34.064033244313194,43.46866705312924
2026-07-25 18:00:00,EP072026,40,2026-07-27 00:00:00,1 days 06:00:00,30,14.61,-110.76,974.9,82.5,19.72695909231385,219.8127911593433,172.67152013157633,112.69446799361806,178.80066748646624,95.83000245125729,72.88127638929724,44.65260392369751,74.74121981006343,41.11100763033341,31.74640773295709,20.86804996719088,32.85659005716397
2026-07-25 18:00:00,EP072026,40,2026-07-27 06:00:00,1 days 12:00:00,36,14.92,-111.69,970.4,95.4,24.512003185730485,220.7210969264356,197.533787890553,154.7407581951217,198.9260967519568,112.88544875545298,98.23718282486064,78.2363782645166,96.43412532934944,55.05570833371864,50.893339071452445,41.68774194942334,48.30691789656336
2026-07-25 18:00:00,EP072026,40,2026-07-27 12:00:00,1 days 18:00:00,42,15.62,-112.41,974.6,85.8,23.13907778129063,222.64204399224417,190.1586174400204,132.41823267895245,177.56313832155172,109.32500167371364,91.7089158139018,65.55472596540048,89.59182777168829,50.92445920941758,43.51801263984965,32.76434384302952,41.97188359254487
2026-07-25 18:00:00,EP072026,40,2026-07-27 18:00:00,2 days 00:00:00,48,16.12,-113.5,974.4,84.3,25.83466896530194,254.1347206014945,196.08735558225465,133.75176487802753,204.6992017836756,119.4738303197746,96.75309602320624,68.94357283769943,95.05463503070725,52.90094322173334,44.698412221018,34.38288375508718,44.638806906604266
2026-07-25 18:00:00,EP072026,40,2026-07-28 00:00:00,2 days 06:00:00,54,16.68,-114.27,962.6,93.9,17.264617167681855,249.23547429133728,220.56700299197988,158.38099232515737,204.91579282141907,104.59306753110144,84.32345224481668,58.63925283051144,84.99398170181199,49.097239595350686,40.69089659833911,30.63443391837832,41.31808236874623
2026-07-25 18:00:00,EP072026,40,2026-07-28 06:00:00,2 days 12:00:00,60,17.22,-115.21,955.1,104.3,73.78425797226708,215.90306304903623,176.05043470272662,139.69750523039505,195.00226610371865,111.91698608332572,100.48707691336716,81.03913938052584,101.69914782380724,73.78425797226708,53.40400047141868,42.514664093106425,52.22501859832154
2026-07-25 18:00:00,EP072026,40,2026-07-28 12:00:00,2 days 18:00:00,66,17.6,-116.03,962.6,93.7,20.452179887836408,253.8626724779131,210.50294652959195,136.90139721158585,204.7988467168988,116.20900677296837,91.16365061778284,61.24246307035225,95.67326620756566,54.82510981185101,44.45775008538892,33.16276214475986,45.790144346925466
2026-07-25 18:00:00,EP072026,40,2026-07-28 18:00:00,3 days 00:00:00,72,18.09,-116.63,957.8,107.5,33.948176484800086,270.91183186998217,226.58723043485543,179.5505048135718,227.5771724485119,95.45375448639808,76.40523706731352,58.460783001936406,81.86849889375527,47.96146167192735,40.39620412264357,30.97679209421315,41.11619275698598
2026-07-25 18:00:00,EP072026,40,2026-07-29 00:00:00,3 days 06:00:00,78,18.37,-117.47,964.1,88.4,33.42251330999123,261.9959049312265,231.755395864178,168.14354628495056,217.521102100128,107.7639997142789,87.57186254024907,62.36329913815318,89.28276783878675,52.08191588116395,43.812150570808654,32.48400484623561,43.73438912318463
2026-07-25 18:00:00,EP072026,40,2026-07-29 06:00:00,3 days 12:00:00,84,18.89,-118.56,966.2,88.2,55.353449652917135,218.3048724976627,182.03938921655023,147.73102579294533,188.1756651674085,116.319647538638,101.70486371632056,81.03418056037839,100.39270934496996,59.85960392398508,53.37053347213836,42.50168717596655,52.28080843668085
2026-07-25 18:00:00,EP072026,40,2026-07-29 12:00:00,3 days 18:00:00,90,19.27,-119.47,968.9,79.7,34.63678859175883,234.97460406278333,207.0243855941416,153.3175376136636,203.04005768107868,129.04230473792086,108.27990389694963,83.34072841961114,108.39561913632934,63.938420574102906,55.30718269928667,42.637019184495614,54.29599870804776
2026-07-25 18:00:00,EP072026,40,2026-07-29 18:00:00,4 days 00:00:00,96,19.73,-120.67,976.2,81.6,61.836102434345946,268.4776168381354,227.57774571262416,187.54894667758845,232.96988020940196,149.77769935861454,132.68598958342875,108.51552787286994,130.17440032560927,76.81931467849068,69.37567786992037,55.96420603935312,66.4176077687004
2026-07-25 18:00:00,EP072026,40,2026-07-30 00:00:00,4 days 06:00:00,102,20.01,-121.59,978.7,69.6,60.07262959300596,188.76516730067897,158.93285020760936,131.04882225079874,163.9794267181557,69.49222332608079,56.86633622572403,40.93819028079312,57.03817402844621,60.07262959300596,26.18001077757233,19.178298189121907,25.86717610995141
2026-07-25 18:00:00,EP072026,40,2026-07-30 06:00:00,4 days 12:00:00,108,20.29,-122.86,994.8,54.5,67.57687275169133,188.8945118123196,168.4518428650762,134.50341092103102,168.57482924364905,67.57687275169133,60.55156687755472,46.83474674003224,53.90832669006683,0.0,0.0,0.0,0.0
2026-07-25 18:00:00,EP072026,40,2026-07-30 12:00:00,4 days 18:00:00,114,20.63,-124.02,991.6,56.0,46.33532681302424,224.11795518501972,199.2090815452126,165.97466559178173,199.54419754491664,46.33532681302424,12.875037319482791,6.924636279391132,11.248329224520376,0.0,0.0,0.0,0.0
2026-07-25 18:00:00,EP072026,40,2026-07-30 18:00:00,5 days 00:00:00,120,20.79,-125.17,995.8,51.8,97.09727777567292,194.11109603178608,160.34426858795595,137.98420374279428,168.99872467633253,97.09727777567292,1.2545328156056303,0.2465146312237891,2.016367417907052,0.0,0.0,0.0,0.0
2026-07-25 18:00:00,EP072026,40,2026-07-31 00:00:00,5 days 06:00:00,126,21.26,-126.28,996.9,43.1,60.25074280957253,210.99351614975572,177.81029897022998,145.2953617937625,187.6901283048936,0.0,0.0,0.0,0.0,0.0,0.0,0.0,0.0
2026-07-25 18:00:00,EP072026,40,2026-07-31 06:00:00,5 days 12:00:00,132,21.49,-127.56,1001.3,42.7,65.56918523493638,128.09274594277565,101.74506595297068,75.66908563254688,105.19850111166556,0.0,0.0,0.0,0.0,0.0,0.0,0.0,0.0
2026-07-25 18:00:00,EP072026,40,2026-07-31 12:00:00,5 days 18:00:00,138,22.2,-128.82,1001.9,34.0,47.034138806195045,47.034138806195045,2.035205411396042,0.0,12.56388608829316,0.0,0.0,0.0,0.0,0.0,0.0,0.0,0.0
2026-07-25 18:00:00,EP072026,40,2026-07-31 18:00:00,6 days 00:00:00,144,22.75,-130.48,1005.0,36.9,80.7352958876138,80.7352958876138,0.3984045681796715,0.0,9.137236181472533,0.0,0.0,0.0,0.0,0.0,0.0,0.0,0.0
2026-07-25 18:00:00,EP072026,40,2026-08-01 00:00:00,6 days 06:00:00,150,23.31,-131.93,1004.3,32.8,39.99468720098065,0.0,0.0,0.0,0.0,0.0,0.0,0.0,0.0,0.0,0.0,0.0,0.0
2026-07-25 18:00:00,EP072026,40,2026-08-01 06:00:00,6 days 12:00:00,156,24.0,-133.54,1003.6,32.6,51.874562518317845,0.0,0.0,0.0,0.0,0.0,0.0,0.0,0.0,0.0,0.0,0.0,0.0
2026-07-25 18:00:00,EP072026,40,2026-08-01 12:00:00,6 days 18:00:00,162,24.73,-134.83,1007.3,29.2,128.72070230800497,0.0,0.0,0.0,0.0,0.0,0.0,0.0,0.0,0.0,0.0,0.0,0.0
2026-07-25 18:00:00,EP072026,40,2026-08-01 18:00:00,7 days 00:00:00,168,25.32,-136.43,1007.3,30.6,55.9633667535225,0.0,0.0,0.0,0.0,0.0,0.0,0.0,0.0,0.0,0.0,0.0,0.0
2026-07-25 18:00:00,EP072026,40,2026-08-02 00:00:00,7 days 06:00:00,174,25.68,-137.84,1007.9,28.8,73.01512016734631,0.0,0.0,0.0,0.0,0.0,0.0,0.0,0.0,0.0,0.0,0.0,0.0
2026-07-25 18:00:00,EP072026,40,2026-08-02 06:00:00,7 days 12:00:00,180,26.07,-139.18,1010.3,26.3,73.39667296732432,0.0,0.0,0.0,0.0,0.0,0.0,0.0,0.0,0.0,0.0,0.0,0.0
2026-07-25 18:00:00,WP112026,40,2026-07-25 18:00:00,0 days 00:00:00,0,22.4,115.1,967.0,84.0,27.0,222.0,204.0,167.0,195.0,,,,,,,,
2026-07-25 18:00:00,WP112026,40,2026-07-26 00:00:00,0 days 06:00:00,6,22.96,114.53,971.9,68.4,22.131370198484333,76.06746187049936,55.852619944886,36.53943344528979,54.59824684203912,22.131370198484333,2.636724253231563,0.0,22.131370198484333,22.131370198484333,0.0,0.0,0.4643325542569618
2026-07-25 18:00:00,WP112026,40,2026-07-26 06:00:00,0 days 12:00:00,12,23.81,113.71,979.7,59.0,18.9135974150579,116.16518187718164,91.81616695415448,66.21524867254776,89.1453387699746,18.9135974150579,6.280478730501534,2.321154839560754,6.429497442663198,0.0,0.0,0.0,0.0
2026-07-25 18:00:00,WP112026,40,2026-07-26 12:00:00,0 days 18:00:00,18,23.94,113.71,998.5,32.0,52.66081846228325,0.0,0.0,0.0,0.0,0.0,0.0,0.0,0.0,0.0,0.0,0.0,0.0
2026-07-25 18:00:00,WP112026,40,2026-07-26 18:00:00,1 days 00:00:00,24,24.58,113.37,997.5,27.9,35.19114554098779,0.0,0.0,0.0,0.0,0.0,0.0,0.0,0.0,0.0,0.0,0.0,0.0
2026-07-25 18:00:00,WP112026,40,2026-07-27 00:00:00,1 days 06:00:00,30,26.28,112.46,998.6,21.5,76.42038216165697,0.0,0.0,0.0,0.0,0.0,0.0,0.0,0.0,0.0,0.0,0.0,0.0
2026-07-25 18:00:00,WP112026,40,2026-07-27 06:00:00,1 days 12:00:00,36,27.11,112.17,1002.6,18.6,136.87052620528624,0.0,0.0,0.0,0.0,0.0,0.0,0.0,0.0,0.0,0.0,0.0,0.0
2026-07-25 18:00:00,WP112026,40,2026-07-27 12:00:00,1 days 18:00:00,42,27.84,112.43,1004.2,15.0,72.43993706787388,0.0,0.0,0.0,0.0,0.0,0.0,0.0,0.0,0.0,0.0,0.0,0.0
2026-07-25 18:00:00,WP112026,40,2026-07-27 18:00:00,2 days 00:00:00,48,28.63,111.71,1001.4,15.1,57.35232123045692,0.0,0.0,0.0,0.0,0.0,0.0,0.0,0.0,0.0,0.0,0.0,0.0
2026-07-25 18:00:00,WP112026,40,2026-07-28 00:00:00,2 days 06:00:00,54,29.48,111.7,1006.3,14.9,65.23582419748192,0.0,0.0,0.0,0.0,0.0,0.0,0.0,0.0,0.0,0.0,0.0,0.0
2026-07-25 18:00:00,EP062026,41,2026-07-25 18:00:00,0 days 00:00:00,0,19.2,-137.0,971.0,86.0,56.0,297.0,241.0,185.0,297.0,130.0,74.0,74.0,111.0,65.0,46.0,37.0,65.0
2026-07-25 18:00:00,EP062026,41,2026-07-26 00:00:00,0 days 06:00:00,6,19.43,-137.98,980.3,79.6,51.11760180012361,212.95858652425383,147.47464744212374,105.03777223558887,177.36824251994278,105.11155664123066,78.21697912652573,58.13540848156397,87.3215897409008,51.11760180012361,39.07658298146467,30.358247423142217,40.54604279967435
2026-07-25 18:00:00,EP062026,41,2026-07-26 06:00:00,0 days 12:00:00,12,19.59,-139.18,978.6,79.5,41.8507504089438,206.1832696824301,145.3033003831062,120.80004650799302,179.6205863066386,118.39485996196368,92.82056540467266,73.06065433276703,103.25539508962775,55.27218383779695,46.10632812341497,37.078479763216144,47.67214106644067
2026-07-25 18:00:00,EP062026,41,2026-07-26 12:00:00,0 days 18:00:00,18,19.84,-140.29,980.9,74.4,33.68301108163055,201.13893723132009,153.27298927742885,114.3551865104956,177.36547461154453,101.71607113023444,77.67037512725003,57.7915235619553,86.43361612951101,43.42793571189141,36.33628712425447,27.462680263023707,37.29748827806729
2026-07-25 18:00:00,EP062026,41,2026-07-26 18:00:00,1 days 00:00:00,24,19.76,-141.53,981.9,71.1,20.41010919965431,211.57166508100605,151.71523690137835,118.32814037444076,180.2166347278607,82.78015311230524,55.7826506116451,36.52708895933112,67.4330714122964,30.607614405320245,24.44497135947132,16.69565995806974,26.24740445475194
2026-07-25 18:00:00,EP062026,41,2026-07-27 00:00:00,1 days 06:00:00,30,19.92,-142.69,978.5,78.6,48.2769469933953,253.90763741204637,206.47187998305992,155.532954109833,212.2826427431172,98.33499074895484,76.22150025053195,51.8327494706113,77.70426806120183,48.2769469933953,22.31218828353876,15.70534026842654,23.31463587348067
2026-07-25 18:00:00,EP062026,41,2026-07-27 06:00:00,1 days 12:00:00,36,20.05,-144.16,982.3,75.4,65.06074666483278,184.52234254092664,127.66845375955144,77.57275070957428,139.83242790688234,65.06074666483278,44.33339578801733,27.430579697477757,47.00950490548041,65.06074666483278,16.797471554264796,12.683263747440392,18.91128640180188
2026-07-25 18:00:00,EP062026,41,2026-07-27 12:00:00,1 days 18:00:00,42,20.41,-145.47,986.3,64.7,21.436391403371807,240.264029058268,172.45562334186565,130.14918861947797,218.89571768786897,128.63631508832873,100.30295258621796,72.04614993765918,105.40140674695137,48.4818860585892,40.00171998721843,29.26251017152847,41.18798427843284
2026-07-25 18:00:00,EP062026,41,2026-07-27 18:00:00,2 days 00:00:00,48,20.96,-147.01,987.5,63.9,30.232255387165743,154.5767802324981,123.34679980959868,91.8392720979802,138.0165839125063,53.2238661211067,42.1686353930303,27.5636113656347,42.90409177965398,0.0,0.0,0.0,0.0
2026-07-25 18:00:00,EP062026,41,2026-07-28 00:00:00,2 days 06:00:00,54,20.85,-148.27,987.0,68.2,44.11852310389392,230.19102326338327,167.2318320351488,124.61970788737636,191.37976974978997,66.53225662636532,51.09407209553753,31.031089622457536,49.60441800610957,44.11852310389392,6.187277084134507,4.613698729506199,7.750281655003257
2026-07-25 18:00:00,EP062026,41,2026-07-28 06:00:00,2 days 12:00:00,60,21.14,-149.56,997.7,55.3,33.28954705303461,246.41627010823092,187.6668528299815,138.5177892395107,207.1325368080415,73.77799982648956,54.490100623388415,32.66865792860312,54.73390606727188,0.0,0.0,0.0,0.0
2026-07-25 18:00:00,EP062026,41,2026-07-28 12:00:00,2 days 18:00:00,66,21.14,-150.63,1003.1,45.1,32.208280995001985,237.95692585609413,177.88622754124242,124.74465849365764,193.8982073043719,0.0,0.0,0.0,0.0,0.0,0.0,0.0,0.0
2026-07-25 18:00:00,EP062026,41,2026-07-28 18:00:00,3 days 00:00:00,72,21.4,-152.03,1004.0,46.5,67.53752142583471,215.4354611581512,183.96407146200363,146.65981276008824,180.8727068103035,0.0,0.0,0.0,0.0,0.0,0.0,0.0,0.0
2026-07-25 18:00:00,EP062026,41,2026-07-29 00:00:00,3 days 06:00:00,78,21.66,-153.2,1002.6,44.2,126.571194422315,132.90405537307055,93.30118591086766,66.74198937590506,96.67439411028433,0.0,0.0,0.0,0.0,0.0,0.0,0.0,0.0
2026-07-25 18:00:00,EP062026,41,2026-07-29 06:00:00,3 days 12:00:00,84,21.84,-154.27,1004.8,38.8,171.59072335156975,263.24406158626346,230.75136971343187,190.55357775844035,213.0133106898677,0.0,0.0,0.0,0.0,0.0,0.0,0.0,0.0
2026-07-25 18:00:00,EP062026,41,2026-07-29 12:00:00,3 days 18:00:00,90,21.67,-155.48,1007.2,28.1,92.59258379967775,0.0,0.0,0.0,0.0,0.0,0.0,0.0,0.0,0.0,0.0,0.0,0.0
2026-07-25 18:00:00,EP062026,41,2026-07-29 18:00:00,4 days 00:00:00,96,22.21,-156.35,1006.2,42.5,80.89077452133976,80.89077452133976,52.98934311709472,28.72925852581633,52.529424276238586,0.0,0.0,0.0,0.0,0.0,0.0,0.0,0.0
2026-07-25 18:00:00,EP062026,41,2026-07-30 00:00:00,4 days 06:00:00,102,22.24,-157.68,1000.8,39.4,55.54219736611867,158.52975604675612,139.20719155526513,104.3779106786194,126.67866050099748,0.0,0.0,0.0,0.0,0.0,0.0,0.0,0.0
2026-07-25 18:00:00,EP062026,41,2026-07-30 06:00:00,4 days 12:00:00,108,22.17,-159.07,1010.1,27.7,141.55698369040613,0.0,0.0,0.0,0.0,0.0,0.0,0.0,0.0,0.0,0.0,0.0,0.0
2026-07-25 18:00:00,EP062026,41,2026-07-30 12:00:00,4 days 18:00:00,114,22.11,-160.56,1007.2,27.6,133.27653446373154,0.0,0.0,0.0,0.0,0.0,0.0,0.0,0.0,0.0,0.0,0.0,0.0
2026-07-25 18:00:00,EP062026,41,2026-07-30 18:00:00,5 days 00:00:00,120,22.55,-161.67,1009.0,30.2,37.50040026821932,0.0,0.0,0.0,0.0,0.0,0.0,0.0,0.0,0.0,0.0,0.0,0.0
2026-07-25 18:00:00,EP072026,41,2026-07-25 18:00:00,0 days 00:00:00,0,11.2,-105.1,995.0,54.0,28.0,204.0,167.0,56.0,130.0,56.0,37.0,,,0.0,0.0,0.0,0.0
2026-07-25 18:00:00,EP072026,41,2026-07-26 00:00:00,0 days 06:00:00,6,12.1,-106.36,998.0,51.9,80.88800196203225,267.8194760659291,216.0507561455445,146.26401625151738,202.0261465363205,80.88800196203225,32.667424143938455,17.48447902718144,30.2177086773008,0.0,0.0,0.0,0.0
2026-07-25 18:00:00,EP072026,41,2026-07-26 06:00:00,0 days 12:00:00,12,12.79,-107.59,992.2,60.6,46.89157151964355,157.4650376084385,126.260294159372,80.32866677198257,112.26738665717572,46.89157151964355,11.778095169918316,4.060748952484537,10.059668258129868,0.0,0.0,0.0,0.0
2026-07-25 18:00:00,EP072026,41,2026-07-26 12:00:00,0 days 18:00:00,18,13.1,-108.84,978.0,79.0,4.524729323548343,189.8253963480709,151.66888236438666,86.93015041835422,142.5128267231933,55.33941756055723,38.07697387227779,21.489292522244277,41.96431081910073,14.0461420658694,10.743770087802623,6.150308040410582,10.936825084045166
2026-07-25 18:00:00,EP072026,41,2026-07-26 18:00:00,1 days 00:00:00,24,13.58,-110.08,977.5,75.7,17.77350017207312,245.7566459341288,214.6253439820441,144.19973670626143,207.80335459063983,110.2022217951194,89.11037882243808,59.76136777308494,88.50058435271828,38.50971474651762,32.736281974563624,22.931791512249127,32.82289494450747
2026-07-25 18:00:00,EP072026,41,2026-07-27 00:00:00,1 days 06:00:00,30,13.72,-110.91,973.9,88.5,29.597486616329483,212.3785954234465,164.02755140240325,91.39033582421752,164.11622051452767,65.77599798246271,41.83367930708865,22.55374038498653,48.29604754948062,29.597486616329483,17.340335599332345,11.50309988517637,19.27869107227758
2026-07-25 18:00:00,EP072026,41,2026-07-27 06:00:00,1 days 12:00:00,36,14.73,-111.71,967.6,98.1,22.26194133256173,216.98775209034488,161.87843135213123,77.92843117417769,154.3823451175635,93.18471980801728,68.27909429150341,46.0850071995641,74.42348109864409,42.25855569074076,34.48872918920125,25.10392471983859,36.196068724364416
2026-07-25 18:00:00,EP072026,41,2026-07-27 12:00:00,1 days 18:00:00,42,15.11,-112.51,968.0,94.8,35.941609078569314,212.9637131392549,160.19479503232986,90.83799814395378,169.00137747068186,82.70947133650736,56.154414608863846,34.535864122598575,64.53718757767804,37.33004816481712,29.33804012701848,20.233817042772344,30.82105175995329
2026-07-25 18:00:00,EP072026,41,2026-07-27 18:00:00,2 days 00:00:00,48,15.84,-113.33,961.1,103.2,28.323166905565188,224.4047412340582,189.33386072492408,101.8264771473748,175.2852256210325,45.70387402669687,30.690503216076834,9.642886184027953,29.171390986671668,28.323166905565188,11.80173713695226,6.081741574626109,12.048753855199422
2026-07-25 18:00:00,EP072026,41,2026-07-28 00:00:00,2 days 06:00:00,54,16.19,-113.97,943.1,118.5,3.271974741047032,240.74927857914264,197.534261691978,124.42944491898535,200.50366434283453,103.76259417255348,74.43523405290715,51.385859943872205,87.14890895376304,58.267366239981015,46.84711012999556,35.5226869616797,49.4904394248577
2026-07-25 18:00:00,EP072026,41,2026-07-28 06:00:00,2 days 12:00:00,60,16.56,-114.41,950.8,111.4,16.67682594581811,255.30902363110863,215.7560996182037,150.68216405105295,212.15583209967463,117.87946378431252,92.39105987124844,65.89489457646823,97.4506953313014,60.45362867436609,50.53394858247282,38.62237682422801,51.85395778165548
2026-07-25 18:00:00,EP072026,41,2026-07-28 12:00:00,2 days 18:00:00,66,16.92,-115.17,947.9,115.0,33.75447140998163,256.9621121771941,209.88544721168952,134.61453365863505,221.7857596539404,112.6953713284181,87.40164603227736,62.74953463473829,94.92379089525862,62.33681017639238,51.95585089173446,40.22779052461166,53.81070002377547
2026-07-25 18:00:00,EP072026,41,2026-07-28 18:00:00,3 days 00:00:00,72,17.4,-115.74,949.5,103.7,30.809282972202865,259.68739927812874,218.08815763466,154.05581651252857,222.09564142373333,98.7201165879242,75.36196180427169,52.99582671233888,83.16364582360765,54.40557425570005,44.463725588554,33.92079254613505,46.17241274209459
2026-07-25 18:00:00,EP072026,41,2026-07-29 00:00:00,3 days 06:00:00,78,17.61,-116.5,962.4,99.6,42.04215769955552,271.0144274457333,238.45074782681084,168.1002772173646,224.189901192386,97.05423326869838,81.2925559833176,57.07043805673474,80.82457240525386,48.99387786032397,40.028510610871066,30.897795538427605,40.33595753525665
2026-07-25 18:00:00,EP072026,41,2026-07-29 06:00:00,3 days 12:00:00,84,18.13,-117.02,966.5,89.3,28.191130979702383,275.60177111473934,240.45629594440783,177.6976502591745,243.8645951143274,111.64893590131516,89.31773897562842,66.5661624612857,95.43743940534526,55.22101619653391,45.825519909370485,35.792057851923914,45.80583241998026
2026-07-25 18:00:00,EP072026,41,2026-07-29 12:00:00,3 days 18:00:00,90,18.13,-117.7,960.4,94.0,35.51238147081314,236.45677062367733,184.02557844796735,126.31563632408644,213.2232092437125,110.142759253259,81.08101555498972,62.53981660997627,97.41422628146674,61.13949475000952,50.07790050119339,38.99850816462134,52.14157099405743
2026-07-25 18:00:00,EP072026,41,2026-07-29 18:00:00,4 days 00:00:00,96,18.3,-118.63,963.4,95.0,35.00921588796459,182.844781807806,148.11903788978896,89.12957318241251,150.30611700911862,67.55484312581976,50.909231850755575,33.898576227491816,56.95065094463315,39.2626392649424,32.30831096448958,23.888137173922747,33.28689235424851
2026-07-25 18:00:00,EP072026,41,2026-07-30 00:00:00,4 days 06:00:00,102,18.68,-119.54,965.7,91.4,41.52957161984841,230.8237950107341,183.5254908077532,117.52908408883286,183.33063078920168,78.99488725517585,59.21532763966388,38.58503828406492,62.148939801601045,41.52957161984841,28.885289825862856,20.35194185715204,28.4254806317274
2026-07-25 18:00:00,EP072026,41,2026-07-30 06:00:00,4 days 12:00:00,108,19.34,-120.54,977.7,76.1,32.60051708727892,242.2287836093118,196.938742156722,146.1966176812685,195.52867697372008,114.43022799425468,91.68004758729782,66.09017996735585,91.51745187876556,42.59045448378198,36.0047271156171,26.913513473458583,35.37187886350887
2026-07-25 18:00:00,EP072026,41,2026-07-30 12:00:00,4 days 18:00:00,114,19.94,-121.7,987.2,59.9,44.77923233024578,281.26347161625984,223.15412749561267,158.9868312115767,225.622227354314,94.14484675121864,71.42831057590512,44.6110686705879,69.30647061679733,0.0,0.0,0.0,0.0
2026-07-25 18:00:00,EP072026,41,2026-07-30 18:00:00,5 days 00:00:00,120,20.57,-123.05,992.4,54.5,34.858306509709,266.7151759663191,233.7267350018789,170.51624271438862,215.8120492311785,59.56587186385229,43.7117495459722,24.773262727661265,40.84925345342808,0.0,0.0,0.0,0.0
2026-07-25 18:00:00,EP072026,41,2026-07-31 00:00:00,5 days 06:00:00,126,21.12,-124.54,995.3,52.4,45.22782697063625,220.4367067393173,173.3505486458498,122.44627920760009,176.39756598502325,45.22782697063625,26.470908542899178,12.492461716833525,27.89014262835224,0.0,0.0,0.0,0.0
2026-07-25 18:00:00,EP072026,41,2026-07-31 06:00:00,5 days 12:00:00,132,21.28,-125.79,999.6,46.3,45.11847616315309,107.10018989254554,78.16966349081824,46.70473734196041,74.61000526980021,0.0,0.0,0.0,0.0,0.0,0.0,0.0,0.0
2026-07-25 18:00:00,EP072026,41,2026-07-31 12:00:00,5 days 18:00:00,138,21.64,-126.57,1000.9,42.9,53.26476210588618,113.64096977484664,75.35155880641429,52.51912342239598,83.94981324753007,0.0,0.0,0.0,0.0,0.0,0.0,0.0,0.0
2026-07-25 18:00:00,EP072026,41,2026-07-31 18:00:00,6 days 00:00:00,144,21.83,-128.05,1002.8,41.9,79.0899044429666,79.0899044429666,4.860091251406772,2.147233378477278,18.739011895684698,0.0,0.0,0.0,0.0,0.0,0.0,0.0,0.0
2026-07-25 18:00:00,EP072026,41,2026-08-01 00:00:00,6 days 06:00:00,150,22.21,-129.33,1005.9,34.1,115.53694706821771,228.0024611445691,188.78406365108012,153.5328546550594,185.78099267792027,0.0,0.0,0.0,0.0,0.0,0.0,0.0,0.0
2026-07-25 18:00:00,EP072026,41,2026-08-01 06:00:00,6 days 12:00:00,156,22.79,-130.59,1008.2,33.2,119.36625671807118,0.0,0.0,0.0,0.0,0.0,0.0,0.0,0.0,0.0,0.0,0.0,0.0
2026-07-25 18:00:00,EP072026,41,2026-08-01 12:00:00,6 days 18:00:00,162,23.07,-131.9,1003.7,34.2,104.7674025615584,12.351425220683725,10.358385895753043,4.835880162888103,104.7674025615584,0.0,0.0,0.0,0.0,0.0,0.0,0.0,0.0
2026-07-25 18:00:00,EP072026,41,2026-08-01 18:00:00,7 days 00:00:00,168,23.14,-133.22,1007.6,27.3,105.50488967598984,0.0,0.0,0.0,0.0,0.0,0.0,0.0,0.0,0.0,0.0,0.0,0.0
2026-07-25 18:00:00,EP072026,41,2026-08-02 00:00:00,7 days 06:00:00,174,24.02,-134.48,1008.1,31.9,164.60834967936205,0.0,0.0,0.0,0.0,0.0,0.0,0.0,0.0,0.0,0.0,0.0,0.0
2026-07-25 18:00:00,EP072026,41,2026-08-02 06:00:00,7 days 12:00:00,180,24.46,-136.0,1004.5,32.1,58.35023302364212,0.0,0.0,0.0,0.0,0.0,0.0,0.0,0.0,0.0,0.0,0.0,0.0
2026-07-25 18:00:00,EP072026,41,2026-08-02 12:00:00,7 days 18:00:00,186,24.66,-137.3,1007.6,27.6,66.60275457612168,0.0,0.0,0.0,0.0,0.0,0.0,0.0,0.0,0.0,0.0,0.0,0.0
2026-07-25 18:00:00,EP072026,41,2026-08-02 18:00:00,8 days 00:00:00,192,24.49,-138.32,1008.9,28.5,108.01577542415858,0.0,0.0,0.0,0.0,0.0,0.0,0.0,0.0,0.0,0.0,0.0,0.0
2026-07-25 18:00:00,EP072026,41,2026-08-03 00:00:00,8 days 06:00:00,198,25.1,-139.57,1008.1,28.0,90.03809028958615,0.0,0.0,0.0,0.0,0.0,0.0,0.0,0.0,0.0,0.0,0.0,0.0
2026-07-25 18:00:00,EP072026,41,2026-08-03 06:00:00,8 days 12:00:00,204,25.39,-140.71,1006.5,32.9,75.2721181530884,0.0,0.0,0.0,0.0,0.0,0.0,0.0,0.0,0.0,0.0,0.0,0.0
2026-07-25 18:00:00,WP112026,41,2026-07-25 18:00:00,0 days 00:00:00,0,22.4,115.1,967.0,84.0,27.0,222.0,204.0,167.0,195.0,,,,,,,,
2026-07-25 18:00:00,WP112026,41,2026-07-26 00:00:00,0 days 06:00:00,6,23.11,114.29,972.5,61.4,43.36011866799268,166.45075217742425,147.1565742524932,123.66438943348876,137.05454858254996,72.74189573997634,55.18438559923791,41.71651616073822,59.03479037237099,0.0,0.0,0.0,0.0
2026-07-25 18:00:00,WP112026,41,2026-07-26 06:00:00,0 days 12:00:00,12,23.71,113.89,983.6,55.0,11.140309336185975,206.77152279964093,171.60811177683215,123.25616804200416,156.51348452838658,40.496539989497975,30.344955981809587,17.00062511150685,28.718527024838163,0.0,0.0,0.0,0.0
2026-07-25 18:00:00,WP112026,41,2026-07-26 12:00:00,0 days 18:00:00,18,24.21,113.71,988.1,40.0,36.84354414428904,36.84354414428904,28.382430743207287,11.40593740686812,18.616943735159985,0.0,0.0,0.0,0.0,0.0,0.0,0.0,0.0
2026-07-25 18:00:00,WP112026,41,2026-07-26 18:00:00,1 days 00:00:00,24,25.21,114.04,994.9,28.6,39.12360599723319,0.0,0.0,0.0,0.0,0.0,0.0,0.0,0.0,0.0,0.0,0.0,0.0
2026-07-25 18:00:00,WP112026,41,2026-07-27 00:00:00,1 days 06:00:00,30,26.21,113.88,1006.5,23.4,85.4795201904628,0.0,0.0,0.0,0.0,0.0,0.0,0.0,0.0,0.0,0.0,0.0,0.0
2026-07-25 18:00:00,WP112026,41,2026-07-27 06:00:00,1 days 12:00:00,36,27.43,113.44,1003.4,20.0,154.99435703247582,0.0,0.0,0.0,0.0,0.0,0.0,0.0,0.0,0.0,0.0,0.0,0.0
2026-07-25 18:00:00,WP112026,41,2026-07-27 12:00:00,1 days 18:00:00,42,28.1,113.15,1005.8,12.9,98.15827048759364,0.0,0.0,0.0,0.0,0.0,0.0,0.0,0.0,0.0,0.0,0.0,0.0
2026-07-25 18:00:00,WP112026,41,2026-07-27 18:00:00,2 days 00:00:00,48,29.26,112.9,1007.4,13.1,45.29774233596379,0.0,0.0,0.0,0.0,0.0,0.0,0.0,0.0,0.0,0.0,0.0,0.0
2026-07-25 18:00:00,WP112026,41,2026-07-28 00:00:00,2 days 06:00:00,54,30.79,112.22,1002.9,19.6,95.80305512620416,0.0,0.0,0.0,0.0,0.0,0.0,0.0,0.0,0.0,0.0,0.0,0.0
2026-07-25 18:00:00,WP112026,41,2026-07-28 06:00:00,2 days 12:00:00,60,30.97,112.22,1002.3,24.6,117.17318682608774,0.0,0.0,0.0,0.0,0.0,0.0,0.0,0.0,0.0,0.0,0.0,0.0
2026-07-25 18:00:00,EP062026,42,2026-07-25 18:00:00,0 days 00:00:00,0,19.2,-137.0,971.0,86.0,56.0,297.0,241.0,185.0,297.0,130.0,74.0,74.0,111.0,65.0,46.0,37.0,65.0
2026-07-25 18:00:00,EP062026,42,2026-07-26 00:00:00,0 days 06:00:00,6,19.68,-138.13,986.1,69.9,68.40838680072703,212.4227651073968,166.62494334786163,118.44472702419938,178.187746928639,68.40838680072703,17.21092721582547,10.41380602913011,68.40838680072703,1.0867218594456225,0.0,0.0,68.40838680072703
2026-07-25 18:00:00,EP062026,42,2026-07-26 06:00:00,0 days 12:00:00,12,19.65,-139.11,980.5,74.1,29.49922637879174,210.41796369029652,162.96986531489844,126.44031805271923,172.9541157920246,69.68900011923247,51.89575864345879,34.53671417940645,56.76691793071309,29.49922637879174,4.0072195582416645,0.8838646660654753,4.9793431529308005
2026-07-25 18:00:00,EP062026,42,2026-07-26 12:00:00,0 days 18:00:00,18,19.79,-140.59,981.4,69.9,23.875138694203777,224.61251386764357,177.62408434636882,144.19094189864168,196.05948985400812,118.6288123100316,100.26188689096055,76.70110970388465,100.12673898075344,37.94838956341204,32.89485598663903,25.157512028152787,32.51692500211517
2026-07-25 18:00:00,EP062026,42,2026-07-26 18:00:00,1 days 00:00:00,24,19.42,-141.77,981.9,69.5,52.61070686511139,301.3352257065356,236.46131908735936,173.7133345417517,264.104977962738,161.6796742277216,142.06804297491925,113.76085200502575,140.78366367239303,58.39064945704706,52.26030243557543,42.38088917782949,50.89465711453913
2026-07-25 18:00:00,EP062026,42,2026-07-27 00:00:00,1 days 06:00:00,30,20.25,-142.75,990.5,61.8,28.66984053541457,240.5786228181125,172.93729179900194,127.88693241223292,204.3889258052335,102.51238637901716,83.28999064961717,60.53952908491354,84.47277506219586,0.0,0.0,0.0,0.0
2026-07-25 18:00:00,EP062026,42,2026-07-27 06:00:00,1 days 12:00:00,36,20.2,-144.27,992.5,61.1,56.474133831203616,158.5228301702282,123.31625938181212,82.63517667225966,129.27867806678478,56.474133831203616,31.017125182810133,18.65961010544836,31.452401234558664,0.0,0.0,0.0,0.0
2026-07-25 18:00:00,EP062026,42,2026-07-27 12:00:00,1 days 18:00:00,42,20.63,-145.75,991.9,64.4,33.68129355917216,174.11513378447864,128.628210838511,85.66074594934221,138.70799390894592,35.42894729770089,25.76596419293449,16.455424265925117,26.75027249628088,33.68129355917216,0.0,0.0,0.0725795430068174
2026-07-25 18:00:00,EP062026,42,2026-07-27 18:00:00,2 days 00:00:00,48,20.95,-147.17,996.6,53.9,50.58332735972161,173.49276799528172,126.51954141501368,83.52800627188259,144.70656963055404,50.58332735972161,23.183456674512605,14.69838792266876,25.33960912587535,0.0,0.0,0.0,0.0
2026-07-25 18:00:00,EP062026,42,2026-07-28 00:00:00,2 days 06:00:00,54,21.12,-148.39,997.1,56.0,45.82493022853641,137.83194532004367,99.46322688411506,54.01355108378496,109.21297954746711,45.82493022853641,0.0,0.0,0.8029659838877454,0.0,0.0,0.0,0.0
2026-07-25 18:00:00,EP062026,42,2026-07-28 06:00:00,2 days 12:00:00,60,21.42,-149.88,995.6,53.0,72.87300772889985,170.88793635603724,125.50430684938948,73.47428911467317,129.7834607388405,72.87300772889985,40.65411135881117,25.32811665775485,39.62794109998508,0.0,0.0,0.0,0.0
2026-07-25 18:00:00,EP062026,42,2026-07-28 12:00:00,2 days 18:00:00,66,21.83,-151.08,1000.5,42.9,52.27675682797638,231.52065387753868,192.55041989662612,128.38476252722182,189.01216012433628,0.0,0.0,0.0,0.0,0.0,0.0,0.0,0.0
2026-07-25 18:00:00,EP062026,42,2026-07-28 18:00:00,3 days 00:00:00,72,21.78,-152.54,1000.6,44.9,111.09935814641491,247.03531405136405,220.3329308558533,177.90701940868723,207.4260103636128,0.0,0.0,0.0,0.0,0.0,0.0,0.0,0.0
2026-07-25 18:00:00,EP062026,42,2026-07-29 00:00:00,3 days 06:00:00,78,21.98,-153.71,1005.2,35.3,64.31269622831304,64.31269622831304,45.44442009428998,25.97870407183485,44.07968244507856,0.0,0.0,0.0,0.0,0.0,0.0,0.0,0.0
2026-07-25 18:00:00,EP062026,42,2026-07-29 06:00:00,3 days 12:00:00,84,21.99,-154.82,1003.8,34.4,123.119260010166,123.119260010166,0.0,0.0,0.0,0.0,0.0,0.0,0.0,0.0,0.0,0.0,0.0
2026-07-25 18:00:00,EP062026,42,2026-07-29 12:00:00,3 days 18:00:00,90,22.14,-155.85,1005.2,35.8,67.23500548622623,67.23500548622623,3.0647373724190885,0.0,11.622311944929482,0.0,0.0,0.0,0.0,0.0,0.0,0.0,0.0
2026-07-25 18:00:00,EP062026,42,2026-07-29 18:00:00,4 days 00:00:00,96,22.25,-157.18,1006.6,31.8,67.44674396230613,0.0,0.0,0.0,0.0,0.0,0.0,0.0,0.0,0.0,0.0,0.0,0.0
2026-07-25 18:00:00,EP062026,42,2026-07-30 00:00:00,4 days 06:00:00,102,22.34,-158.54,1008.3,31.1,142.07705830094943,0.0,0.0,0.0,0.0,0.0,0.0,0.0,0.0,0.0,0.0,0.0,0.0
2026-07-25 18:00:00,EP062026,42,2026-07-30 06:00:00,4 days 12:00:00,108,22.37,-159.69,1008.0,27.5,105.35732606658893,0.0,0.0,0.0,0.0,0.0,0.0,0.0,0.0,0.0,0.0,0.0,0.0
2026-07-25 18:00:00,EP062026,42,2026-07-30 12:00:00,4 days 18:00:00,114,22.54,-161.26,1009.4,30.6,66.8345039937207,0.0,0.0,0.0,0.0,0.0,0.0,0.0,0.0,0.0,0.0,0.0,0.0
2026-07-25 18:00:00,EP062026,42,2026-07-30 18:00:00,5 days 00:00:00,120,23.09,-162.79,1002.0,35.3,57.092136059661655,3.992938620734776,4.745153826058342,2.657688894897412,57.092136059661655,0.0,0.0,0.0,0.0,0.0,0.0,0.0,0.0
2026-07-25 18:00:00,EP062026,42,2026-07-31 00:00:00,5 days 06:00:00,126,23.32,-164.23,1008.0,34.4,62.326841302105805,62.326841302105805,24.326864725347008,14.33979662343425,27.839783228994712,0.0,0.0,0.0,0.0,0.0,0.0,0.0,0.0
2026-07-25 18:00:00,EP072026,42,2026-07-25 18:00:00,0 days 00:00:00,0,11.2,-105.1,995.0,54.0,28.0,204.0,167.0,56.0,130.0,56.0,37.0,,,0.0,0.0,0.0,0.0
2026-07-25 18:00:00,EP072026,42,2026-07-26 00:00:00,0 days 06:00:00,6,11.92,-106.19,993.2,64.7,51.71897545592887,139.03302845393557,109.84597465234128,60.99452627463601,111.1594177529159,51.71897545592887,15.60270254648852,5.513821615247903,13.95707154096316,51.71897545592887,0.0,0.0,0.0
2026-07-25 18:00:00,EP072026,42,2026-07-26 06:00:00,0 days 12:00:00,12,12.57,-107.08,985.7,71.4,18.15466203209293,180.26943711054463,146.37326371701872,102.11469099029998,156.24607740961704,56.447203249785375,43.98640697412659,26.57469467241605,45.13214924892918,18.15466203209293,0.4896453265405898,0.0,1.5162726847080732
2026-07-25 18:00:00,EP072026,42,2026-07-26 12:00:00,0 days 18:00:00,18,13.32,-108.39,990.9,62.8,29.396234136961823,238.0495248322729,196.5466119711457,112.93903569524826,181.7081803853312,104.56236414811848,87.27255730323253,56.19944176670475,80.70508632217303,0.0,0.0,0.0,0.0
2026-07-25 18:00:00,EP072026,42,2026-07-26 18:00:00,1 days 00:00:00,24,13.92,-109.22,969.5,97.1,38.0028173122161,235.4729756534133,215.66236538610107,178.24212900808251,212.49101383675415,117.24534814006248,106.40388681511745,85.28277028174448,98.45697498511694,38.0028173122161,34.9705085188789,29.63017778202778,34.68585649705974
2026-07-25 18:00:00,EP072026,42,2026-07-27 00:00:00,1 days 06:00:00,30,14.56,-109.95,983.0,80.6,41.733096964237774,224.8529776546928,181.40063723553027,121.35544376730444,175.81426060785924,93.2038141797718,73.77466579071063,48.30373078546295,74.59620830300898,41.733096964237774,25.958012039437907,18.372273609533725,25.936346099084588
2026-07-25 18:00:00,EP072026,42,2026-07-27 06:00:00,1 days 12:00:00,36,14.85,-111.27,983.8,77.2,33.37332523949064,214.64256571331677,164.13651159822174,111.08917857847014,179.2631475668247,102.91140675526376,83.78121972904353,56.49938964498181,83.7655950841352,33.37332523949064,23.704788660283956,16.60112480296913,24.037348506827517
2026-07-25 18:00:00,EP072026,42,2026-07-27 12:00:00,1 days 18:00:00,42,15.7,-111.73,969.1,90.5,30.89064130449528,254.292936600808,211.20787732681063,121.41428265877914,191.0467972144936,99.4617609113622,83.04001176596284,55.729392082517634,78.94841800891689,37.49925631282312,31.71728922437201,22.89157153825809,30.04215872460976
2026-07-25 18:00:00,EP072026,42,2026-07-27 18:00:00,2 days 00:00:00,48,16.28,-112.35,972.2,90.2,3.836963837576501,288.4987718970111,248.7791117477112,154.43377214007475,215.4983877410448,102.75878547220488,89.05584590254745,61.67800692432323,81.69866450271535,48.51451908274359,44.664157429907966,34.07282609377397,41.30686535355144
2026-07-25 18:00:00,EP072026,42,2026-07-28 00:00:00,2 days 06:00:00,54,16.9,-112.78,955.5,119.0,21.39159328146386,198.61378375381543,175.12035856566484,112.79745668069717,150.65018298104778,89.30070641426633,75.19232150765428,54.70188971022331,74.74502244302971,55.14992308177493,48.835142560649786,38.21235852327636,48.13566097946661
2026-07-25 18:00:00,EP072026,42,2026-07-28 06:00:00,2 days 12:00:00,60,17.22,-113.3,960.6,102.1,0.0,186.49059747562205,160.73711054785963,115.38924548328396,139.2473996797862,61.29285969810917,48.30515840363205,31.001466560953304,49.12763691995861,20.335001927933263,17.61644727827229,13.059619565264144,17.83053951396664
2026-07-25 18:00:00,EP072026,42,2026-07-28 12:00:00,2 days 18:00:00,66,17.45,-114.03,966.2,95.5,21.005278537760624,147.69133138833476,116.44163611140934,87.01690169945469,120.3604578252963,84.53293486893403,71.45865669151976,54.496719016736805,72.97843902950899,42.09871556362496,36.88748157321061,29.71757414090505,36.51830763969046
2026-07-25 18:00:00,EP072026,42,2026-07-28 18:00:00,3 days 00:00:00,72,17.63,-114.35,976.2,87.3,24.657904640893108,185.4848425806841,158.05805171443575,115.68239916115884,148.03278179337903,85.52186659547178,72.61613453207167,48.17284989009495,69.59558283606968,25.59976452655456,21.10856358181113,14.78023152992488,20.95555264059101
2026-07-25 18:00:00,EP072026,42,2026-07-29 00:00:00,3 days 06:00:00,78,18.31,-115.31,978.6,76.8,22.05149875293489,204.90153963602427,160.34679468173215,104.22200016212471,161.24503712963298,70.37151328120305,53.84264433158964,35.61934220253599,54.80755953131529,22.05149875293489,10.967750401007326,6.604212993323445,13.396360334550987
2026-07-25 18:00:00,EP072026,42,2026-07-29 06:00:00,3 days 12:00:00,84,18.38,-115.86,979.4,76.4,42.47394138882606,229.9533251378707,181.9269963628139,138.11715841642385,203.9977751306324,104.231598841269,86.88961008204386,64.70038992779538,88.87719018460095,42.47394138882606,25.93816312890928,19.589274277411345,26.739709457810907
2026-07-25 18:00:00,EP072026,42,2026-07-29 12:00:00,3 days 18:00:00,90,18.48,-116.54,978.1,75.8,53.62370512858556,234.44453784973587,174.47382191640364,124.66161960935412,192.8025635925374,86.82851779945045,72.05972609502803,54.05426229664784,74.84883418601167,53.62370512858556,28.89041256899744,22.684788128489338,28.22476092879403
2026-07-25 18:00:00,EP072026,42,2026-07-29 18:00:00,4 days 00:00:00,96,18.97,-117.39,986.5,60.6,55.57555453702194,261.9568149104478,211.3424062085572,150.72172336339423,206.1624327734036,106.98589683511555,90.55169941408788,63.53733066541301,87.21800511842085,0.0,0.0,0.0,0.0
2026-07-25 18:00:00,EP072026,42,2026-07-30 00:00:00,4 days 06:00:00,102,19.27,-118.09,987.1,60.6,69.51711860132423,237.15763991608677,168.5153993236081,112.8746695276659,187.00128725564173,103.4863053298168,81.45207635586735,55.17761951726152,82.14827291598294,0.0,0.0,0.0,0.0
2026-07-25 18:00:00,EP072026,42,2026-07-30 06:00:00,4 days 12:00:00,108,19.6,-119.28,986.5,60.9,64.98436070404745,263.20015524937025,198.93413814938032,138.02353908243242,215.57642466151984,79.37870785666148,64.72792672146356,43.464475342208175,64.76394977090368,0.0,0.0,0.0,0.0
2026-07-25 18:00:00,EP072026,42,2026-07-30 12:00:00,4 days 18:00:00,114,20.36,-120.76,995.2,53.5,58.511565223584114,228.2028559021387,182.12647297249725,123.357073208396,187.7715641261273,65.82218776323468,53.26341403711395,37.2811162500374,51.932829688630605,0.0,0.0,0.0,0.0
2026-07-25 18:00:00,EP072026,42,2026-07-30 18:00:00,5 days 00:00:00,120,20.72,-122.26,999.1,47.7,82.45163735968833,243.42792289713717,203.12860856713812,147.71662108779083,207.1028624536982,0.0,0.0,0.0,0.0,0.0,0.0,0.0,0.0
2026-07-25 18:00:00,EP072026,42,2026-07-31 00:00:00,5 days 06:00:00,126,20.68,-123.56,999.0,42.5,62.31916329987253,188.8798930965876,163.21994229553678,139.2021109826241,170.13237145928812,0.0,0.0,0.0,0.0,0.0,0.0,0.0,0.0
2026-07-25 18:00:00,EP072026,42,2026-07-31 06:00:00,5 days 12:00:00,132,20.75,-124.52,1000.3,41.0,106.52164842220756,145.48107784916803,123.71796356850568,101.19017643932573,122.64271649016897,0.0,0.0,0.0,0.0,0.0,0.0,0.0,0.0
2026-07-25 18:00:00,EP072026,42,2026-07-31 12:00:00,5 days 18:00:00,138,20.91,-126.22,977.6,48.6,69.645839062704,66.61730532461449,73.34686183711322,75.27449935824573,82.0337721020218,0.0,0.0,0.0,0.0,0.0,0.0,0.0,0.0
2026-07-25 18:00:00,EP072026,42,2026-07-31 18:00:00,6 days 00:00:00,144,21.74,-127.24,974.3,50.2,77.52460018706,137.27841687447142,151.34626441102955,156.568700389662,146.64820226801749,3.335355005932506,1.471853888294156,9.57951355795689,77.52460018706,0.0,0.0,0.0,0.0
2026-07-25 18:00:00,EP072026,42,2026-08-01 00:00:00,6 days 06:00:00,150,22.09,-127.95,1003.6,26.0,145.74662183792623,0.0,0.0,0.0,0.0,0.0,0.0,0.0,0.0,0.0,0.0,0.0,0.0
2026-07-25 18:00:00,EP072026,42,2026-08-01 06:00:00,6 days 12:00:00,156,22.6,-129.34,1006.0,25.4,83.39334009225394,0.0,0.0,0.0,0.0,0.0,0.0,0.0,0.0,0.0,0.0,0.0,0.0
2026-07-25 18:00:00,EP072026,42,2026-08-01 12:00:00,6 days 18:00:00,162,23.27,-130.94,1006.7,35.8,126.23999131946488,252.29067432542,222.25661809522367,173.41170923021275,202.02734229083268,0.0,0.0,0.0,0.0,0.0,0.0,0.0,0.0
2026-07-25 18:00:00,WP112026,42,2026-07-25 18:00:00,0 days 00:00:00,0,22.4,115.1,967.0,84.0,27.0,222.0,204.0,167.0,195.0,,,,,,,,
2026-07-25 18:00:00,WP112026,42,2026-07-26 00:00:00,0 days 06:00:00,6,23.13,114.61,970.5,77.0,34.06951151631059,169.2829881533538,153.82649482891875,104.68518911558436,140.84003100131235,77.38065368660584,62.76770074340001,41.6510062917849,60.06273579684207,34.06951151631059,18.081452733589,11.905740862119975,19.788855507841298
2026-07-25 18:00:00,WP112026,42,2026-07-26 06:00:00,0 days 12:00:00,12,23.56,114.21,979.8,55.9,46.3283752651879,179.55689433438056,162.42736300626785,128.81284766892674,139.52296059811397,46.3283752651879,8.379817742142256,5.1440031521031,7.210285278101258,0.0,0.0,0.0,0.0
2026-07-25 18:00:00,WP112026,42,2026-07-26 12:00:00,0 days 18:00:00,18,24.57,113.65,992.1,37.2,48.71047850329832,48.71047850329832,2.794788580406191,6.554721467303487,9.321340668427109,0.0,0.0,0.0,0.0,0.0,0.0,0.0,0.0
2026-07-25 18:00:00,WP112026,42,2026-07-26 18:00:00,1 days 00:00:00,24,25.1,113.43,1001.1,26.5,40.764022008536,0.0,0.0,0.0,0.0,0.0,0.0,0.0,0.0,0.0,0.0,0.0,0.0
2026-07-25 18:00:00,WP112026,42,2026-07-27 00:00:00,1 days 06:00:00,30,26.62,113.33,996.7,26.3,100.6870753551334,0.0,0.0,0.0,0.0,0.0,0.0,0.0,0.0,0.0,0.0,0.0,0.0
2026-07-25 18:00:00,WP112026,42,2026-07-27 06:00:00,1 days 12:00:00,36,26.7,112.42,1004.0,19.2,85.50005149846334,0.0,0.0,0.0,0.0,0.0,0.0,0.0,0.0,0.0,0.0,0.0,0.0
2026-07-25 18:00:00,WP112026,42,2026-07-27 12:00:00,1 days 18:00:00,42,27.44,112.21,1002.5,19.7,83.93017990917019,0.0,0.0,0.0,0.0,0.0,0.0,0.0,0.0,0.0,0.0,0.0,0.0
2026-07-25 18:00:00,WP112026,42,2026-07-27 18:00:00,2 days 00:00:00,48,28.42,112.46,1002.4,21.1,71.23562143756148,0.0,0.0,0.0,0.0,0.0,0.0,0.0,0.0,0.0,0.0,0.0,0.0
2026-07-25 18:00:00,EP062026,43,2026-07-25 18:00:00,0 days 00:00:00,0,19.2,-137.0,971.0,86.0,56.0,297.0,241.0,185.0,297.0,130.0,74.0,74.0,111.0,65.0,46.0,37.0,65.0
2026-07-25 18:00:00,EP062026,43,2026-07-26 00:00:00,0 days 06:00:00,6,19.29,-137.99,947.2,118.8,48.92442220115888,275.40392583716994,193.08562070879975,182.86426166727205,247.65635059727217,147.06768123833967,126.97177051959528,107.50862607756096,133.00541968441655,87.32421934586631,74.03295410906003,62.92726737712544,78.66406710599213
2026-07-25 18:00:00,EP062026,43,2026-07-26 06:00:00,0 days 12:00:00,12,19.76,-138.45,993.9,60.6,60.23110983825228,202.54641287281515,172.56225771396998,110.72789784088116,160.15746071782087,60.23110983825228,0.0,0.0,1.7168747715625583,0.0,0.0,0.0,0.0
2026-07-25 18:00:00,EP062026,43,2026-07-26 12:00:00,0 days 18:00:00,18,20.14,-140.22,995.5,50.4,71.421473476909,241.706363888148,190.56853189874775,138.85124348907857,196.56092535743983,71.421473476909,0.0,0.0,2.0624570240762665,0.0,0.0,0.0,0.0
2026-07-25 18:00:00,EP062026,43,2026-07-26 18:00:00,1 days 00:00:00,24,20.04,-141.58,979.5,82.8,28.51087341825454,160.4988518246922,136.10477881358815,112.42085354244742,149.9932661256041,54.47382039099188,49.13671556785423,40.42590568073614,46.193158539792975,3.904703673375356,1.8917904951132376,1.1514625393647626,28.51087341825454
2026-07-25 18:00:00,EP062026,43,2026-07-27 00:00:00,1 days 06:00:00,30,20.46,-143.01,995.8,59.1,61.1044984198677,158.8314297220217,127.34568031672868,68.49905931261829,115.88566571636038,61.1044984198677,5.695678518356665,0.0,8.3134077244277,0.0,0.0,0.0,0.0
2026-07-25 18:00:00,EP062026,43,2026-07-27 06:00:00,1 days 12:00:00,36,20.54,-144.38,995.9,50.4,50.180707501273815,115.17362917879028,95.68036825384104,55.96834739948369,81.92486254630086,50.180707501273815,0.0,0.0,0.0,0.0,0.0,0.0,0.0
2026-07-25 18:00:00,EP062026,43,2026-07-27 12:00:00,1 days 18:00:00,42,20.85,-145.72,997.5,48.7,123.44246768131708,200.74027422237117,153.41263363413375,96.08201574018548,167.9037189964885,0.0,0.0,0.0,0.0,0.0,0.0,0.0,0.0
2026-07-25 18:00:00,EP062026,43,2026-07-27 18:00:00,2 days 00:00:00,48,21.2,-147.07,999.5,48.6,108.1210003511014,273.81529428631376,218.89624695308856,151.1749583105196,232.6837390377847,0.0,0.0,0.0,0.0,0.0,0.0,0.0,0.0
2026-07-25 18:00:00,EP062026,43,2026-07-28 00:00:00,2 days 06:00:00,54,21.82,-148.71,1002.4,39.7,48.57820152539256,48.57820152539256,2.362721062262425,0.0,10.361439676762116,0.0,0.0,0.0,0.0,0.0,0.0,0.0,0.0
2026-07-25 18:00:00,EP062026,43,2026-07-28 06:00:00,2 days 12:00:00,60,21.89,-150.5,1005.1,35.4,67.83143764425995,67.83143764425995,5.89885582272359,0.0,6.792030468153598,0.0,0.0,0.0,0.0,0.0,0.0,0.0,0.0
2026-07-25 18:00:00,EP062026,43,2026-07-28 12:00:00,2 days 18:00:00,66,23.21,-152.12,1008.0,31.7,94.71243683746562,0.0,0.0,0.0,0.0,0.0,0.0,0.0,0.0,0.0,0.0,0.0,0.0
2026-07-25 18:00:00,EP062026,43,2026-07-28 18:00:00,3 days 00:00:00,72,23.04,-153.21,1010.8,32.1,137.23268959166782,0.0,0.0,0.0,0.0,0.0,0.0,0.0,0.0,0.0,0.0,0.0,0.0
2026-07-25 18:00:00,EP062026,43,2026-07-29 00:00:00,3 days 06:00:00,78,24.34,-154.5,1011.3,27.2,96.80627231805089,0.0,0.0,0.0,0.0,0.0,0.0,0.0,0.0,0.0,0.0,0.0,0.0
2026-07-25 18:00:00,EP062026,43,2026-07-29 06:00:00,3 days 12:00:00,84,23.21,-155.51,1009.3,20.5,72.31370745335737,0.0,0.0,0.0,0.0,0.0,0.0,0.0,0.0,0.0,0.0,0.0,0.0
2026-07-25 18:00:00,EP062026,43,2026-07-29 12:00:00,3 days 18:00:00,90,24.29,-156.27,1005.8,24.0,159.40598269088233,0.0,0.0,0.0,0.0,0.0,0.0,0.0,0.0,0.0,0.0,0.0,0.0
2026-07-25 18:00:00,EP072026,43,2026-07-25 18:00:00,0 days 00:00:00,0,11.2,-105.1,995.0,54.0,28.0,204.0,167.0,56.0,130.0,56.0,37.0,,,0.0,0.0,0.0,0.0
2026-07-25 18:00:00,EP072026,43,2026-07-26 00:00:00,0 days 06:00:00,6,11.83,-106.13,980.4,76.5,42.40438634416527,133.97003717243126,101.42596167100184,65.72673874152083,114.44649164504916,77.85078660599734,61.55265959837636,46.08950709301258,67.19066170761955,46.19134013930887,39.582001609236166,31.732360764359854,39.83605424260563
2026-07-25 18:00:00,EP072026,43,2026-07-26 06:00:00,0 days 12:00:00,12,12.6,-107.74,993.9,67.3,71.0632247616746,156.77423831840437,131.7028760902947,66.42107827568283,111.19748177581856,71.0632247616746,0.0945623138168925,0.0,71.0632247616746,0.0,0.0945623138168925,0.0,71.0632247616746
2026-07-25 18:00:00,EP072026,43,2026-07-26 12:00:00,0 days 18:00:00,18,13.3,-108.83,985.7,72.5,37.67656984317374,167.71196731121609,145.50386367295525,90.41027134830574,123.24890449853083,37.67656984317374,0.4917132849370542,0.0168962992184977,1.9178935001287205,37.67656984317374,0.0,0.0168962992184977,0.0
2026-07-25 18:00:00,EP072026,43,2026-07-26 18:00:00,1 days 00:00:00,24,13.51,-110.13,960.1,108.2,37.99096070022673,117.61594022239962,62.35082363254658,46.66357671115415,117.90790841099908,59.80699402732685,39.43110353741236,30.2658039164942,54.64593141084949,38.29434636135416,29.462900999558524,24.74844309251222,34.559866484131994
2026-07-25 18:00:00,EP072026,43,2026-07-27 00:00:00,1 days 06:00:00,30,14.06,-111.02,985.8,65.4,41.82969696148718,177.60446444266722,163.393632810446,106.6242280649444,137.23988915616195,56.056590626507806,41.73349619761064,23.621761402466355,37.23179623259343,41.82969696148718,0.0,0.0,0.0
2026-07-25 18:00:00,EP072026,43,2026-07-27 06:00:00,1 days 12:00:00,36,14.89,-111.98,986.6,68.8,36.91463632700376,213.98340695703504,187.9310109334369,127.30597208382504,170.43922544302805,61.15582140578269,46.62836253481295,27.830680696673703,42.90477050145215,36.91463632700376,0.0,0.0,0.1952573386145267
2026-07-25 18:00:00,EP072026,43,2026-07-27 12:00:00,1 days 18:00:00,42,15.54,-112.92,984.9,81.7,28.443066923442053,233.7602116012875,202.38961855156683,132.16370569588994,176.57501998461998,127.55122986352762,106.05250877961416,79.21677849767973,103.6445615281119,52.24566889920364,47.24475586933339,38.27853346420815,45.179733214962965
2026-07-25 18:00:00,EP072026,43,2026-07-27 18:00:00,2 days 00:00:00,48,16.01,-113.4,973.5,82.0,20.9652369976901,223.81882212238912,179.9458945259404,107.53017007450735,183.64880526071337,41.68642780385304,27.107010205137662,12.483870832793482,26.712506610938124,20.9652369976901,0.0,0.0,0.6835757932268653
2026-07-25 18:00:00,EP072026,43,2026-07-28 00:00:00,2 days 06:00:00,54,16.76,-114.14,968.7,94.6,24.729759787124536,246.66827471141536,190.25408945101395,106.80840090665912,186.27968554496977,100.6464668391326,73.15167418136068,44.96502850990354,73.40212635912312,27.57609538410633,23.20582586283417,15.415217865168058,23.00861915176873
2026-07-25 18:00:00,EP072026,43,2026-07-28 06:00:00,2 days 12:00:00,60,17.14,-114.89,973.3,86.5,29.1945179763127,216.57837959495723,188.13594668140144,136.08015114653696,179.38158081569313,99.27797235035764,81.20979459729975,61.67670804065028,81.12161541413772,42.8532627405836,37.44106150481466,30.793735549672743,36.4420852231967
2026-07-25 18:00:00,EP072026,43,2026-07-28 12:00:00,2 days 18:00:00,66,17.27,-115.36,964.9,92.4,23.20064260132989,246.48638768502985,219.14939126308784,155.20938172414145,211.93047893026585,101.44197857433628,76.62710809958318,53.140185951782485,81.53787571474467,51.95703437229877,44.07517991580414,35.334070710635146,44.63001245279143
2026-07-25 18:00:00,EP072026,43,2026-07-28 18:00:00,3 days 00:00:00,72,17.78,-116.34,961.2,101.2,57.13898856486077,300.27959505263107,256.9901139760075,174.00090827901386,237.0518166619709,57.13898856486077,0.3028966686368868,0.0,6.873145857070014,57.13898856486077,0.3028966686368868,0.0,0.4777361528279193
2026-07-25 18:00:00,EP072026,43,2026-07-29 00:00:00,3 days 06:00:00,78,18.2,-117.12,966.9,94.3,36.53612745353841,235.59944998208263,200.4423211033329,146.5643599025688,202.02312427378268,110.29107680195771,87.91665017607973,65.62578493931434,91.31752183727588,55.51270577957875,47.33314008733844,39.83102691436359,48.91971373230216
2026-07-25 18:00:00,EP072026,43,2026-07-29 06:00:00,3 days 12:00:00,84,18.37,-117.54,966.0,95.6,24.95322932155094,214.6847433878304,190.8771209761082,164.99184772189662,202.9067679709804,63.32214271540326,41.15512973908724,26.72861131327386,50.839694641311375,24.95322932155094,3.4204511218849585,2.074137874531332,7.440057088392756
2026-07-25 18:00:00,EP072026,43,2026-07-29 12:00:00,3 days 18:00:00,90,18.76,-118.43,971.5,91.1,46.93034964589548,249.81781777916237,195.6425296028291,152.3891005871213,219.9959515952943,111.86969617918544,84.80581801418977,65.29634519992888,90.86607581552192,66.27142707316042,57.90343079972403,46.9226236811519,57.67140882686687
2026-07-25 18:00:00,EP072026,43,2026-07-29 18:00:00,4 days 00:00:00,96,18.87,-119.22,970.5,84.9,50.00816431592043,299.1905559617076,232.35027313717924,197.4006715525927,264.7304705189145,138.09777609894877,111.54843478202427,88.81186503322445,124.60272313725514,64.14169842110242,57.59376507689338,45.34082120956987,55.4965145154781
2026-07-25 18:00:00,EP072026,43,2026-07-30 00:00:00,4 days 06:00:00,102,19.28,-119.68,976.6,72.3,43.23965276165087,287.0930338393976,248.996864939682,191.7107420061679,230.41982929834933,145.66199941462762,120.48290906604508,84.64982097675306,117.33844656085404,49.79711380632078,43.81180542826355,32.979888720384004,42.14178033860061
2026-07-25 18:00:00,EP072026,43,2026-07-30 06:00:00,4 days 12:00:00,108,19.53,-120.64,982.4,68.7,37.70295663560047,219.02657437950845,183.39541421110275,157.76625413719825,193.9684444209161,132.42810510325887,108.60515538692503,85.75992559304656,117.7273205795616,54.20172420189161,48.3535792317987,36.95544071856558,45.55531412255253
2026-07-25 18:00:00,EP072026,43,2026-07-30 12:00:00,4 days 18:00:00,114,19.91,-121.79,992.2,61.1,48.45134385486518,261.62357416335425,227.20714047312632,189.7077864843488,231.4537024401993,125.21989579668602,100.01960483825788,78.56556949741375,102.07744727118614,0.0,0.0,0.0,0.0
2026-07-25 18:00:00,EP072026,43,2026-07-30 18:00:00,5 days 00:00:00,120,20.2,-122.93,983.9,65.4,28.855982712102215,224.8855300275672,184.61005691359924,151.02163738308354,207.04940933173276,102.60946709948422,83.10633873962496,63.9183152432516,85.68288227663535,28.855982712102215,20.31876037563725,15.527455696121596,20.518425985653383
2026-07-25 18:00:00,EP072026,43,2026-07-31 00:00:00,5 days 06:00:00,126,20.43,-124.12,985.0,65.3,27.947941527300536,166.56313291360058,131.2208380879685,103.34972273171164,158.15269147908188,50.34239415816108,35.60782789162917,21.59156254142458,39.77689927946979,27.947941527300536,0.0,0.0,1.1383870464045098
2026-07-25 18:00:00,EP072026,43,2026-07-31 06:00:00,5 days 12:00:00,132,20.45,-124.99,994.2,55.9,52.64509089565074,207.61448726044952,140.46564759992805,137.6834141550818,188.7714697664381,65.83511079321221,44.28550159283533,31.39691269920728,49.510666745792825,0.0,0.0,0.0,0.0
2026-07-25 18:00:00,EP072026,43,2026-07-31 12:00:00,5 days 18:00:00,138,20.56,-126.67,996.0,54.1,23.081989425671424,203.71452095028485,155.3532632528431,133.57918556493885,199.91667548951136,56.61324449582034,37.764569876827096,26.46828437660733,38.83753723460632,0.0,0.0,0.0,0.0
2026-07-25 18:00:00,EP072026,43,2026-07-31 18:00:00,6 days 00:00:00,144,20.79,-128.1,1003.2,47.3,101.78487611486344,223.7606782021321,176.77460442337906,133.07841818792076,185.4337910854374,0.0,0.0,0.0,0.0,0.0,0.0,0.0,0.0
2026-07-25 18:00:00,EP072026,43,2026-08-01 00:00:00,6 days 06:00:00,150,20.74,-129.27,994.9,50.0,38.92068639321482,181.46124037190287,147.29859440775715,115.14894600870176,159.63450658515444,0.0,0.0,0.0,0.0,0.0,0.0,0.0,0.0
2026-07-25 18:00:00,EP072026,43,2026-08-01 06:00:00,6 days 12:00:00,156,20.68,-130.87,1004.8,45.6,121.89167364689224,227.1548442177854,179.13022574165566,126.64316573484392,169.93726226882848,0.0,0.0,0.0,0.0,0.0,0.0,0.0,0.0
2026-07-25 18:00:00,EP072026,43,2026-08-01 12:00:00,6 days 18:00:00,162,20.81,-132.38,1002.0,39.1,61.79052559943713,121.91314209502788,85.5653283793369,56.58901417260474,99.80648267897458,0.0,0.0,0.0,0.0,0.0,0.0,0.0,0.0
2026-07-25 18:00:00,EP072026,43,2026-08-01 18:00:00,7 days 00:00:00,168,20.52,-134.05,1007.6,40.4,138.44208878538058,183.52396903024092,129.0961180051711,80.99718726909529,150.80649340359804,0.0,0.0,0.0,0.0,0.0,0.0,0.0,0.0
2026-07-25 18:00:00,EP072026,43,2026-08-02 00:00:00,7 days 06:00:00,174,20.74,-135.68,1005.7,36.3,82.71672692012491,99.85985600417644,73.38167244173853,44.108344448775455,83.24399308261054,0.0,0.0,0.0,0.0,0.0,0.0,0.0,0.0
2026-07-25 18:00:00,EP072026,43,2026-08-02 06:00:00,7 days 12:00:00,180,20.76,-137.31,1004.2,37.0,118.24775731362888,118.24775731362888,8.951086145267595,0.0,10.040288442525934,0.0,0.0,0.0,0.0,0.0,0.0,0.0,0.0
2026-07-25 18:00:00,EP072026,43,2026-08-02 12:00:00,7 days 18:00:00,186,20.95,-138.57,1008.6,29.1,64.14966168046817,0.0,0.0,0.0,0.0,0.0,0.0,0.0,0.0,0.0,0.0,0.0,0.0
2026-07-25 18:00:00,EP072026,43,2026-08-02 18:00:00,8 days 00:00:00,192,21.06,-140.05,1005.6,31.5,114.11130743183628,0.0,0.0,0.0,0.0,0.0,0.0,0.0,0.0,0.0,0.0,0.0,0.0
2026-07-25 18:00:00,EP072026,43,2026-08-03 00:00:00,8 days 06:00:00,198,21.44,-141.4,1006.9,31.4,61.39061520411519,0.0,0.0,0.0,0.0,0.0,0.0,0.0,0.0,0.0,0.0,0.0,0.0
2026-07-25 18:00:00,EP072026,43,2026-08-03 06:00:00,8 days 12:00:00,204,21.59,-142.93,1005.6,31.4,83.17474333281193,0.0,0.0,0.0,0.0,0.0,0.0,0.0,0.0,0.0,0.0,0.0,0.0
2026-07-25 18:00:00,WP112026,43,2026-07-25 18:00:00,0 days 00:00:00,0,22.4,115.1,967.0,84.0,27.0,222.0,204.0,167.0,195.0,,,,,,,,
2026-07-25 18:00:00,WP112026,43,2026-07-26 00:00:00,0 days 06:00:00,6,22.94,114.39,969.0,78.8,26.857198311300618,183.58083251177231,146.76989251717558,115.0590346920726,147.65184352632042,80.61642416174038,66.63058317858082,48.36496049790638,68.66434614941488,26.857198311300618,20.36265704287929,15.368211817414302,21.843486092498253
2026-07-25 18:00:00,WP112026,43,2026-07-26 06:00:00,0 days 12:00:00,12,23.53,113.87,978.9,59.5,15.03305573085646,58.90957314129686,57.95478981722968,46.16339456326273,42.21066282016477,0.0,0.0,15.03305573085646,0.0,0.0,0.0,0.0,0.0
2026-07-25 18:00:00,WP112026,43,2026-07-26 12:00:00,0 days 18:00:00,18,24.07,113.61,985.6,43.1,45.187759605209166,130.37162223489003,106.27425891274925,78.62902774964236,90.82914746328422,0.0,0.0,0.0,0.0,0.0,0.0,0.0,0.0
2026-07-25 18:00:00,WP112026,43,2026-07-26 18:00:00,1 days 00:00:00,24,24.7,113.34,993.6,26.8,84.4357977319032,0.0,0.0,0.0,0.0,0.0,0.0,0.0,0.0,0.0,0.0,0.0,0.0
2026-07-25 18:00:00,WP112026,43,2026-07-27 00:00:00,1 days 06:00:00,30,25.95,113.26,1001.9,21.8,67.650880584636,0.0,0.0,0.0,0.0,0.0,0.0,0.0,0.0,0.0,0.0,0.0,0.0
2026-07-25 18:00:00,WP112026,43,2026-07-27 06:00:00,1 days 12:00:00,36,26.85,112.94,996.5,23.6,66.54563958432018,0.0,0.0,0.0,0.0,0.0,0.0,0.0,0.0,0.0,0.0,0.0,0.0
2026-07-25 18:00:00,WP112026,43,2026-07-27 12:00:00,1 days 18:00:00,42,28.3,112.61,1000.7,20.3,91.7910836003233,0.0,0.0,0.0,0.0,0.0,0.0,0.0,0.0,0.0,0.0,0.0,0.0
2026-07-25 18:00:00,WP112026,43,2026-07-27 18:00:00,2 days 00:00:00,48,28.38,112.26,1002.5,16.5,112.14624160628578,0.0,0.0,0.0,0.0,0.0,0.0,0.0,0.0,0.0,0.0,0.0,0.0
2026-07-25 18:00:00,WP112026,43,2026-07-28 00:00:00,2 days 06:00:00,54,29.52,111.97,1003.8,22.0,107.14845899484332,0.0,0.0,0.0,0.0,0.0,0.0,0.0,0.0,0.0,0.0,0.0,0.0
2026-07-25 18:00:00,EP062026,44,2026-07-25 18:00:00,0 days 00:00:00,0,19.2,-137.0,971.0,86.0,56.0,297.0,241.0,185.0,297.0,130.0,74.0,74.0,111.0,65.0,46.0,37.0,65.0
2026-07-25 18:00:00,EP062026,44,2026-07-26 00:00:00,0 days 06:00:00,6,19.19,-137.96,957.1,113.2,19.81787814827589,308.88015567632465,283.038200952853,243.4530027754554,298.1091886882896,133.06934583591828,108.06336083533232,92.81606585907684,117.63819537687776,68.90569762586074,60.11367519371311,51.18623218688299,61.83720726754655
2026-07-25 18:00:00,EP062026,44,2026-07-26 06:00:00,0 days 12:00:00,12,19.59,-138.83,980.8,79.0,35.55628011464732,162.13057024514717,129.23067204321868,84.88583669536216,138.4154462611131,67.75403612208629,53.68389449272138,33.858420596053634,57.40611379028449,35.55628011464732,22.69787533390636,15.195179716213769,22.597160009806966
2026-07-25 18:00:00,EP062026,44,2026-07-26 12:00:00,0 days 18:00:00,18,19.72,-140.18,982.5,72.0,27.829945328895768,247.09729920907208,192.5700771965725,153.76185791703503,204.82903581088,75.50448345995397,58.22070828799325,39.33036650117849,62.18123434706783,33.37017182389232,25.558333708074105,17.58577235264307,26.77245654625763
2026-07-25 18:00:00,EP062026,44,2026-07-26 18:00:00,1 days 00:00:00,24,19.75,-141.35,988.3,61.6,63.03036938156046,172.57068441575902,120.88565956846564,85.90310206702699,144.39638031587643,80.60205870786947,65.04233963833614,45.8009691407397,69.88522643401892,0.0,0.0,0.0,0.0
2026-07-25 18:00:00,EP062026,44,2026-07-27 00:00:00,1 days 06:00:00,30,20.07,-142.68,989.7,65.0,24.397484354746275,199.46826001029535,159.02894179539797,118.10296695720808,178.04835628260804,94.75279699798176,80.4322845918294,55.415235764508,78.6837333831212,40.65907894791128,34.89966823924374,25.158601435649164,33.17650007950451
2026-07-25 18:00:00,EP062026,44,2026-07-27 06:00:00,1 days 12:00:00,36,20.21,-144.16,989.0,64.9,29.70385799471262,199.5951868160414,168.49868190936877,110.83442328437764,160.56640150546627,29.70385799471262,8.534620628323438,0.362536942299954,7.460688404391476,29.70385799471262,0.2518151583310981,0.0,0.3398977715774478
2026-07-25 18:00:00,EP062026,44,2026-07-27 12:00:00,1 days 18:00:00,42,20.39,-145.23,991.0,58.5,30.33097629691798,165.2675620694364,135.1323417843688,86.7273783630493,134.01247960026376,30.33097629691798,5.035861920978654,0.6675358512773926,4.988980198617178,0.0,0.0,0.0,0.0
2026-07-25 18:00:00,EP062026,44,2026-07-27 18:00:00,2 days 00:00:00,48,20.71,-146.53,996.8,52.0,33.94395626553552,217.6906579371482,189.26700018478,147.59147655937315,186.387110951602,62.42773493507172,57.03258248986447,45.78375349028816,50.67080582599935,0.0,0.0,0.0,0.0
2026-07-25 18:00:00,EP062026,44,2026-07-28 00:00:00,2 days 06:00:00,54,21.08,-148.15,995.9,54.9,68.11041055342889,154.71523566535467,122.21521669834902,82.83792078775282,122.38848587988836,68.11041055342889,0.0,0.0,0.2027224453019291,0.0,0.0,0.0,0.0
2026-07-25 18:00:00,EP062026,44,2026-07-28 06:00:00,2 days 12:00:00,60,21.37,-149.51,994.9,52.8,76.25966849306482,76.25966849306482,7.968167325241254,0.0,22.63775902150586,76.25966849306482,0.3981509718854372,0.0,0.9925446922540287,0.0,0.0,0.0,0.0
2026-07-25 18:00:00,EP062026,44,2026-07-28 12:00:00,2 days 18:00:00,66,21.59,-150.89,990.2,55.9,23.85032272397497,162.36393084485945,127.86199611194762,91.53830227987564,144.78653224419878,23.85032272397497,0.0,0.0,3.565463140566021,0.0,0.0,0.0,0.0
2026-07-25 18:00:00,EP062026,44,2026-07-28 18:00:00,3 days 00:00:00,72,21.76,-152.06,998.3,48.0,80.15089244323579,80.15089244323579,3.975977050870704,0.0,16.587109477910474,0.0,0.0,0.0,0.0,0.0,0.0,0.0,0.0
2026-07-25 18:00:00,EP062026,44,2026-07-29 00:00:00,3 days 06:00:00,78,22.06,-153.08,998.2,48.6,46.65001291688104,137.5382897947074,109.13864095439516,74.54705492528171,111.83095200045028,0.0,0.0,0.0,0.0,0.0,0.0,0.0,0.0
2026-07-25 18:00:00,EP062026,44,2026-07-29 06:00:00,3 days 12:00:00,84,22.2,-154.68,1004.0,41.4,106.09599662630056,106.09599662630056,0.0,0.0,4.2489878524843405,0.0,0.0,0.0,0.0,0.0,0.0,0.0,0.0
2026-07-25 18:00:00,EP062026,44,2026-07-29 12:00:00,3 days 18:00:00,90,22.37,-156.03,1005.1,32.1,65.57345100057327,0.0,0.0,0.0,0.0,0.0,0.0,0.0,0.0,0.0,0.0,0.0,0.0
2026-07-25 18:00:00,EP072026,44,2026-07-25 18:00:00,0 days 00:00:00,0,11.2,-105.1,995.0,54.0,28.0,204.0,167.0,56.0,130.0,56.0,37.0,,,0.0,0.0,0.0,0.0
2026-07-25 18:00:00,EP072026,44,2026-07-26 00:00:00,0 days 06:00:00,6,11.67,-106.53,992.5,64.4,16.809349326238323,217.02266188766384,197.6024797348853,139.4419370789838,179.97033851617576,16.809349326238323,5.503371977198729,0.0,6.716104540487519,16.809349326238323,0.2575312362891575,0.0,0.987301374213478
2026-07-25 18:00:00,EP072026,44,2026-07-26 06:00:00,0 days 12:00:00,12,12.69,-107.44,992.0,65.2,43.02216186196704,157.79746113799337,123.02637641794628,72.20204273083068,119.17947438052732,43.02216186196704,10.067124335869376,4.236052342071231,9.846734310315302,43.02216186196704,0.0850693782391917,0.0,0.502089296206843
2026-07-25 18:00:00,EP072026,44,2026-07-26 12:00:00,0 days 18:00:00,18,12.98,-108.92,986.5,70.6,62.03398188847559,177.881499543716,128.03007972205492,80.76253893885209,141.10626581593016,80.41811810298913,60.78242919547103,37.533424177570105,63.49404874353992,62.03398188847559,24.619964695225125,16.23927321201862,25.53947102934284
2026-07-25 18:00:00,EP072026,44,2026-07-26 18:00:00,1 days 00:00:00,24,13.43,-109.73,984.8,69.1,31.941805293880616,221.15908173725188,169.54836521026832,119.95233702481,178.2588593929253,102.19455884048315,82.98668173216312,58.7543063772445,84.23565409565661,45.78799170009265,37.40918016034879,27.238992507231508,37.51800468871096
2026-07-25 18:00:00,EP072026,44,2026-07-27 00:00:00,1 days 06:00:00,30,13.88,-110.98,983.4,72.0,32.26627295905782,262.9053920113832,212.52522613040168,145.5402110631167,214.30246072356093,128.45919579594175,106.31585276499902,73.19818741830949,103.20059342613168,57.47998643331084,48.2839826884193,35.57987432116784,47.141657916384894
2026-07-25 18:00:00,EP072026,44,2026-07-27 06:00:00,1 days 12:00:00,36,14.48,-111.68,977.4,83.0,34.73495041878496,288.26018618776163,232.1619088177436,154.3362288029249,228.15984146221547,137.5284061150176,115.11965445095228,86.44543535507482,113.89519533220675,64.25269343968833,55.78872837633604,43.10401822854179,54.18360080340392
2026-07-25 18:00:00,EP072026,44,2026-07-27 12:00:00,1 days 18:00:00,42,14.93,-112.55,961.5,100.7,22.484825064792744,239.6111186911168,184.6816323011019,126.77005710616956,194.1783154169916,86.21700680770493,66.52156758719252,43.54993295076128,71.3387485793584,40.554488902625,32.07753253083999,22.186964514397214,32.967764741283105
2026-07-25 18:00:00,EP072026,44,2026-07-27 18:00:00,2 days 00:00:00,48,15.27,-113.3,966.9,94.3,11.138516925156802,267.1961627867412,219.5024350070697,163.9994731646194,232.0952427188115,138.97735935414295,110.29912663369802,82.89860091139195,116.8536654062794,66.79416926480098,56.464888458223534,43.56502444799772,57.77520765013941
2026-07-25 18:00:00,EP072026,44,2026-07-28 00:00:00,2 days 06:00:00,54,16.04,-113.94,956.7,104.2,27.09389519907613,270.07352289584503,240.3275400466326,159.70377433146734,211.26207272204343,113.07338684626916,92.23505148565756,64.47131101367458,92.44573024287745,55.74514241987666,47.34880533774806,35.0960018330806,46.83847444879092
2026-07-25 18:00:00,EP072026,44,2026-07-28 06:00:00,2 days 12:00:00,60,16.84,-114.92,956.2,105.1,25.616083764126135,223.3456567551908,195.36254322334955,141.98219673456325,182.1400669416269,106.81835521912804,91.23770590340293,67.70441164148161,92.59914547601096,55.42326527550736,48.057555033119165,37.992604877522425,47.26895047760663
2026-07-25 18:00:00,EP072026,44,2026-07-28 12:00:00,2 days 18:00:00,66,17.08,-115.55,958.3,100.7,11.69875755925,233.02784226277743,189.55381026148015,136.1015307670146,193.90268501473068,108.07898915785088,86.38597988016329,63.23009053773136,89.51689960741257,53.224252076640525,44.69516384980355,33.93347700116326,45.07327998008502
2026-07-25 18:00:00,EP072026,44,2026-07-28 18:00:00,3 days 00:00:00,72,17.36,-116.31,959.6,99.1,23.24234359653031,200.3939681065781,162.58874835427423,141.34238072524178,175.0351176051724,90.61416947834836,76.59163108229471,61.54001008389079,79.48863449259561,46.58604580312898,40.49871915651535,32.005054804819245,40.603456989426
2026-07-25 18:00:00,EP072026,44,2026-07-29 00:00:00,3 days 06:00:00,78,17.82,-117.13,959.0,97.5,28.54326715318879,305.46116098889854,270.2847251154501,198.50983422759185,260.85410085778176,109.79467431421138,89.95490471827526,63.78380285909737,91.26865100377717,54.690073868951245,46.22335831347141,35.5512915701694,46.9386386665898
2026-07-25 18:00:00,EP072026,44,2026-07-29 06:00:00,3 days 12:00:00,84,18.04,-117.89,977.7,80.6,54.57945402795488,239.72418579218555,176.42223940326238,137.59855930587818,193.80571576225736,102.7281361140948,85.4368751763751,63.32266224021416,85.65562427520464,54.57945402795488,41.0078784289545,31.82579499670687,41.8049975074592
2026-07-25 18:00:00,EP072026,44,2026-07-29 12:00:00,3 days 18:00:00,90,18.44,-118.69,973.4,80.6,35.1835896569461,221.02938987933112,190.33512637117465,143.4050685372166,182.01683323179827,105.74344577044698,90.44995222700145,67.12193945352205,88.94827329983814,51.34660490054475,43.99778747252441,32.78227142855067,43.15929539196785
2026-07-25 18:00:00,EP072026,44,2026-07-29 18:00:00,4 days 00:00:00,96,18.81,-119.46,987.0,64.7,15.972732161251912,200.6464176728977,168.70052373062558,125.1015659947278,169.25562274029292,64.92665449702199,54.36945417249315,35.286683170457856,52.41206141387181,26.798752019533328,21.45405758198949,15.17659189719295,21.45036491049086
2026-07-25 18:00:00,EP072026,44,2026-07-30 00:00:00,4 days 06:00:00,102,19.3,-120.38,990.1,63.9,50.25016340252489,260.7768234090252,218.44342541760324,155.02346323474546,211.3437134594907,147.31953185028937,132.6179162108654,104.08120912501715,118.76170415388393,0.0,0.0,0.0,0.0
2026-07-25 18:00:00,EP072026,44,2026-07-30 06:00:00,4 days 12:00:00,108,20.0,-121.78,995.2,53.5,40.422150707539785,270.05766508470145,247.4023798727647,181.0323157577729,223.32164998146249,40.422150707539785,3.715040929736772,0.0,3.5302130949197545,0.0,0.0,0.0,0.0
2026-07-25 18:00:00,EP072026,44,2026-07-30 12:00:00,4 days 18:00:00,114,20.24,-123.02,977.4,63.5,54.58614631485045,245.02679844147812,222.6887516467416,172.07874512849946,195.7666281570733,54.58614631485045,9.141787021052236,3.122440623768302,8.692165717458067,0.0,0.0,0.0,0.0
2026-07-25 18:00:00,EP072026,44,2026-07-30 18:00:00,5 days 00:00:00,120,20.34,-123.99,996.6,44.2,126.46042520014008,299.49914004583854,270.77708879327224,230.5701019867752,258.6795411116456,0.0,0.0,0.0,0.0,0.0,0.0,0.0,0.0
2026-07-25 18:00:00,EP072026,44,2026-07-31 00:00:00,5 days 06:00:00,126,20.75,-125.15,988.3,56.7,50.09714733287311,262.87613664998366,218.58487367906676,176.84837108209575,238.30034867636164,84.6285710293998,69.94716414310847,48.94699817400426,68.847473180316,0.0,0.0,0.0,0.0
2026-07-25 18:00:00,EP072026,44,2026-07-31 06:00:00,5 days 12:00:00,132,20.96,-126.08,1000.6,42.5,111.04589152032608,111.04589152032608,46.51558950133792,43.48470435397935,63.92305598310646,0.0,0.0,0.0,0.0,0.0,0.0,0.0,0.0
2026-07-25 18:00:00,EP072026,44,2026-07-31 12:00:00,5 days 18:00:00,138,21.55,-127.01,1005.3,36.1,96.55356505177916,96.55356505177916,0.7729915694275249,0.0,9.5084012460316,0.0,0.0,0.0,0.0,0.0,0.0,0.0,0.0
2026-07-25 18:00:00,EP072026,44,2026-07-31 18:00:00,6 days 00:00:00,144,22.05,-128.06,1004.3,36.6,44.35875452473395,173.7082991030831,135.470114926426,110.01467363112896,141.73367105063704,0.0,0.0,0.0,0.0,0.0,0.0,0.0,0.0
2026-07-25 18:00:00,EP072026,44,2026-08-01 00:00:00,6 days 06:00:00,150,22.69,-129.33,1003.1,36.7,53.26690165051488,53.26690165051488,8.553254658621299,0.0,12.97796342794832,0.0,0.0,0.0,0.0,0.0,0.0,0.0,0.0
2026-07-25 18:00:00,EP072026,44,2026-08-01 06:00:00,6 days 12:00:00,156,23.13,-130.55,1005.1,32.6,110.25327610093078,0.0,0.0,0.0,0.0,0.0,0.0,0.0,0.0,0.0,0.0,0.0,0.0
2026-07-25 18:00:00,EP072026,44,2026-08-01 12:00:00,6 days 18:00:00,162,23.67,-131.38,1011.2,29.3,114.88711104920289,0.0,0.0,0.0,0.0,0.0,0.0,0.0,0.0,0.0,0.0,0.0,0.0
2026-07-25 18:00:00,EP072026,44,2026-08-01 18:00:00,7 days 00:00:00,168,24.41,-132.76,1006.0,34.1,44.49716569382798,44.49716569382798,17.465955047318765,0.0,24.49348895810366,0.0,0.0,0.0,0.0,0.0,0.0,0.0,0.0
2026-07-25 18:00:00,EP072026,44,2026-08-02 00:00:00,7 days 06:00:00,174,24.82,-133.61,1001.6,37.2,82.41821236326388,82.41821236326388,0.0,0.0,7.395506397519153,0.0,0.0,0.0,0.0,0.0,0.0,0.0,0.0
2026-07-25 18:00:00,EP072026,44,2026-08-02 06:00:00,7 days 12:00:00,180,25.33,-134.89,1006.0,34.4,43.19462739773117,54.271400430475126,27.22808130507135,12.410498019545614,36.00058588605941,0.0,0.0,0.0,0.0,0.0,0.0,0.0,0.0
2026-07-25 18:00:00,EP072026,44,2026-08-02 12:00:00,7 days 18:00:00,186,25.65,-135.9,1009.7,28.9,99.28928863559786,0.0,0.0,0.0,0.0,0.0,0.0,0.0,0.0,0.0,0.0,0.0,0.0
2026-07-25 18:00:00,EP072026,44,2026-08-02 18:00:00,8 days 00:00:00,192,26.21,-137.11,1005.5,30.0,167.5157597810721,0.0,0.0,0.0,0.0,0.0,0.0,0.0,0.0,0.0,0.0,0.0,0.0
2026-07-25 18:00:00,EP072026,44,2026-08-03 00:00:00,8 days 06:00:00,198,26.41,-138.17,1011.6,30.4,125.20652918262056,0.0,0.0,0.0,0.0,0.0,0.0,0.0,0.0,0.0,0.0,0.0,0.0
2026-07-25 18:00:00,WP112026,44,2026-07-25 18:00:00,0 days 00:00:00,0,22.4,115.1,967.0,84.0,27.0,222.0,204.0,167.0,195.0,,,,,,,,
2026-07-25 18:00:00,WP112026,44,2026-07-26 00:00:00,0 days 06:00:00,6,22.93,114.35,967.2,74.8,28.76070063010694,180.7030654375928,163.36560517844777,128.33016438728853,152.83988027630426,2.826829040406178,0.0,0.0,28.76070063010694,0.4495424532833532,0.0,0.0,28.76070063010694
2026-07-25 18:00:00,WP112026,44,2026-07-26 06:00:00,0 days 12:00:00,12,23.52,113.89,988.4,47.7,17.139946114194633,101.51910340923514,79.76692598726459,48.83514674620103,66.85164292293786,0.0,0.0,0.0,0.0,0.0,0.0,0.0,0.0
2026-07-25 18:00:00,WP112026,44,2026-07-26 12:00:00,0 days 18:00:00,18,24.03,113.67,993.4,39.6,47.16093645794764,51.36328716351424,32.256887614402714,23.482606450485168,34.50214255331199,0.0,0.0,0.0,0.0,0.0,0.0,0.0,0.0
2026-07-25 18:00:00,WP112026,44,2026-07-26 18:00:00,1 days 00:00:00,24,24.51,113.42,998.9,30.2,60.31615226412102,0.0,0.0,0.0,0.0,0.0,0.0,0.0,0.0,0.0,0.0,0.0,0.0
2026-07-25 18:00:00,WP112026,44,2026-07-27 00:00:00,1 days 06:00:00,30,26.11,113.42,999.9,23.5,52.889725475464274,0.0,0.0,0.0,0.0,0.0,0.0,0.0,0.0,0.0,0.0,0.0,0.0
2026-07-25 18:00:00,WP112026,44,2026-07-27 06:00:00,1 days 12:00:00,36,26.69,113.23,1001.6,16.3,39.85262836374926,0.0,0.0,0.0,0.0,0.0,0.0,0.0,0.0,0.0,0.0,0.0,0.0
2026-07-25 18:00:00,WP112026,44,2026-07-27 12:00:00,1 days 18:00:00,42,27.79,112.67,1002.2,21.7,111.95403456633112,0.0,0.0,0.0,0.0,0.0,0.0,0.0,0.0,0.0,0.0,0.0,0.0
2026-07-25 18:00:00,WP112026,44,2026-07-27 18:00:00,2 days 00:00:00,48,29.21,111.88,1005.2,15.6,47.6965751197292,0.0,0.0,0.0,0.0,0.0,0.0,0.0,0.0,0.0,0.0,0.0,0.0
2026-07-25 18:00:00,WP112026,44,2026-07-28 00:00:00,2 days 06:00:00,54,29.55,112.0,1003.8,18.9,130.6513281015281,0.0,0.0,0.0,0.0,0.0,0.0,0.0,0.0,0.0,0.0,0.0,0.0
2026-07-25 18:00:00,EP062026,45,2026-07-25 18:00:00,0 days 00:00:00,0,19.2,-137.0,971.0,86.0,56.0,297.0,241.0,185.0,297.0,130.0,74.0,74.0,111.0,65.0,46.0,37.0,65.0
2026-07-25 18:00:00,EP062026,45,2026-07-26 00:00:00,0 days 06:00:00,6,19.56,-138.13,980.5,73.3,47.61433962424978,254.0942304032996,202.3673715439993,154.90173795987494,213.21643412109077,98.69227812350157,75.71320928868103,53.08583550452536,79.15630059406257,47.61433962424978,26.210323696573564,19.20602160703681,26.92436202267095
2026-07-25 18:00:00,EP062026,45,2026-07-26 06:00:00,0 days 12:00:00,12,19.31,-139.12,982.6,71.0,35.160935858772504,206.2598041607337,164.79734602985835,129.10438847583603,170.9309287703965,64.91857249124511,49.04458481334793,32.8252618468112,52.05850710360771,35.160935858772504,16.981900660461502,12.21062179839488,17.44286420195774
2026-07-25 18:00:00,EP062026,45,2026-07-26 12:00:00,0 days 18:00:00,18,19.53,-140.05,979.4,71.3,24.37253004497057,178.95800474238604,153.696298506233,114.38313684521968,162.24939945303504,98.41585311821484,80.5529564673891,62.25664312993692,84.49875593445114,49.887049219264526,42.38642112097429,32.94601785127085,41.94265338107937
2026-07-25 18:00:00,EP062026,45,2026-07-26 18:00:00,1 days 00:00:00,24,19.81,-141.27,980.6,74.8,34.28808929271044,243.9943525108506,183.49085576481548,137.23698736707007,212.2421413579243,116.93150528746496,88.64592519112901,66.37611413360074,100.60775158232664,51.92950988248074,43.11987492241491,32.68299171178144,44.50095922661549
2026-07-25 18:00:00,EP062026,45,2026-07-27 00:00:00,1 days 06:00:00,30,20.11,-142.55,985.8,67.4,31.387018765265186,254.45800690053116,199.60111764209216,152.09543123093883,208.81526879411345,120.612356793783,98.10623483083234,73.02201941292466,97.22903205103472,43.57566821642343,37.47268711052598,28.520049592994035,37.19396012972839
2026-07-25 18:00:00,EP062026,45,2026-07-27 06:00:00,1 days 12:00:00,36,20.17,-143.68,990.8,65.6,57.976890043882975,201.42425363694588,164.5906630417819,109.25833993655216,149.67037747455402,57.976890043882975,23.08976431465493,9.100201883713927,20.59912985967749,57.976890043882975,0.0,0.0,0.0
2026-07-25 18:00:00,EP062026,45,2026-07-27 12:00:00,1 days 18:00:00,42,20.65,-144.82,990.3,65.2,66.85100033896255,292.10455018166624,232.3346298134622,174.05606020291003,240.31441041772524,67.90245478721293,50.209701772371375,28.901639739635392,50.27796056453429,66.85100033896255,1.1218125915932986,0.0,1.6734681343687012
2026-07-25 18:00:00,EP062026,45,2026-07-27 18:00:00,2 days 00:00:00,48,21.06,-146.41,996.0,57.6,31.944025938041108,227.1793482216798,181.01175087892463,129.54180422022682,187.8741302504889,75.67859447632054,58.43012177725569,35.69420393336554,56.87810307112972,0.0,0.0,0.0,0.0
2026-07-25 18:00:00,EP062026,45,2026-07-28 00:00:00,2 days 06:00:00,54,21.32,-147.57,992.9,53.7,20.97209237429493,253.3576330561133,210.34064009985025,158.0209909862764,205.24174730814445,71.28991642555958,57.4054549392973,37.03808293950432,52.63524918864806,0.0,0.0,0.0,0.0
2026-07-25 18:00:00,EP062026,45,2026-07-28 06:00:00,2 days 12:00:00,60,21.6,-148.79,1001.7,52.0,86.73934558172937,86.73934558172937,38.510720340810025,20.45312306685972,55.69368383390805,86.73934558172937,0.0,0.0,0.0,0.0,0.0,0.0,0.0
2026-07-25 18:00:00,EP062026,45,2026-07-28 12:00:00,2 days 18:00:00,66,21.9,-150.48,1001.9,44.1,132.32370804200994,153.62400708514684,117.52223481422855,76.40819886089389,106.51610308733864,0.0,0.0,0.0,0.0,0.0,0.0,0.0,0.0
2026-07-25 18:00:00,EP062026,45,2026-07-28 18:00:00,3 days 00:00:00,72,22.07,-151.72,1002.8,37.1,65.95035467318144,308.3500274693326,269.04756127554487,223.00242333144172,274.8819024135831,0.0,0.0,0.0,0.0,0.0,0.0,0.0,0.0
2026-07-25 18:00:00,EP062026,45,2026-07-29 00:00:00,3 days 06:00:00,78,22.32,-152.81,1002.8,40.6,127.09225616935576,129.06858832096285,95.66007112603064,72.26986453217049,97.10964469707312,0.0,0.0,0.0,0.0,0.0,0.0,0.0,0.0
2026-07-25 18:00:00,EP062026,45,2026-07-29 06:00:00,3 days 12:00:00,84,22.22,-154.11,1004.2,36.2,102.23868470670178,102.23868470670178,0.0,0.0,2.06267950540639,0.0,0.0,0.0,0.0,0.0,0.0,0.0,0.0
2026-07-25 18:00:00,EP062026,45,2026-07-29 12:00:00,3 days 18:00:00,90,22.65,-155.29,1007.5,32.5,109.62042759011251,0.0,0.0,0.0,0.0,0.0,0.0,0.0,0.0,0.0,0.0,0.0,0.0
2026-07-25 18:00:00,EP062026,45,2026-07-29 18:00:00,4 days 00:00:00,96,22.77,-156.6,1007.9,29.0,83.69977766675424,0.0,0.0,0.0,0.0,0.0,0.0,0.0,0.0,0.0,0.0,0.0,0.0
2026-07-25 18:00:00,EP062026,45,2026-07-30 00:00:00,4 days 06:00:00,102,22.67,-157.86,1009.3,24.4,113.09474021980202,0.0,0.0,0.0,0.0,0.0,0.0,0.0,0.0,0.0,0.0,0.0,0.0
2026-07-25 18:00:00,EP062026,45,2026-07-30 06:00:00,4 days 12:00:00,108,22.88,-159.2,1008.0,25.3,70.00561008339436,0.0,0.0,0.0,0.0,0.0,0.0,0.0,0.0,0.0,0.0,0.0,0.0
2026-07-25 18:00:00,EP062026,45,2026-07-30 12:00:00,4 days 18:00:00,114,23.47,-160.24,1007.5,31.5,77.52026533319489,0.0,0.0,0.0,0.0,0.0,0.0,0.0,0.0,0.0,0.0,0.0,0.0
2026-07-25 18:00:00,EP062026,45,2026-07-30 18:00:00,5 days 00:00:00,120,23.68,-161.92,1008.0,25.3,65.35348859243058,0.0,0.0,0.0,0.0,0.0,0.0,0.0,0.0,0.0,0.0,0.0,0.0
2026-07-25 18:00:00,EP072026,45,2026-07-25 18:00:00,0 days 00:00:00,0,11.2,-105.1,995.0,54.0,28.0,204.0,167.0,56.0,130.0,56.0,37.0,,,0.0,0.0,0.0,0.0
2026-07-25 18:00:00,EP072026,45,2026-07-26 00:00:00,0 days 06:00:00,6,11.91,-106.61,995.3,55.0,69.32574007334408,69.32574007334408,27.85164872403945,6.95794890430642,20.93965392769628,69.32574007334408,0.0,0.0,0.0,0.0,0.0,0.0,0.0
2026-07-25 18:00:00,EP072026,45,2026-07-26 06:00:00,0 days 12:00:00,12,12.55,-107.77,990.8,69.9,35.36889779780108,120.32003131900105,85.0025374830559,31.168147920777955,76.30752122770696,35.36889779780108,0.1208986469188815,0.0,2.216721846419261,35.36889779780108,0.0,0.0,0.085101220943935
2026-07-25 18:00:00,EP072026,45,2026-07-26 12:00:00,0 days 18:00:00,18,13.17,-109.2,986.1,71.1,28.770641702053418,192.5513710444812,144.694620852443,85.71529037262286,149.07112887789643,71.81140767419075,52.833596900038685,31.367438843696604,53.504313214407134,28.770641702053418,15.80893388404828,10.608474153193086,17.324923881576474
2026-07-25 18:00:00,EP072026,45,2026-07-26 18:00:00,1 days 00:00:00,24,13.66,-110.39,991.1,64.0,50.288715361105886,233.3288509330681,185.63936552911403,127.04991128111055,189.87857891128425,86.3333098934734,64.87290472283982,43.88837654813314,66.08859370650802,50.288715361105886,15.9900964950486,11.0886602466282,15.994850634977638
2026-07-25 18:00:00,EP072026,45,2026-07-27 00:00:00,1 days 06:00:00,30,14.3,-111.21,987.9,66.6,32.60319470279596,210.25203149021792,170.49549724391005,120.69904429358937,167.78746389827162,41.49146212866143,30.85428050763836,17.479560119678162,28.55158712584601,32.60319470279596,0.0,0.0,0.0
2026-07-25 18:00:00,EP072026,45,2026-07-27 06:00:00,1 days 12:00:00,36,14.66,-111.98,986.2,76.7,34.28595981790704,243.18671630871583,207.84216080387128,139.9984151088955,190.4931479924917,90.49487694043783,71.14551522180108,46.187340040976416,68.49830621966399,34.28595981790704,21.47146603647314,14.518867403879288,20.898984043595995
2026-07-25 18:00:00,EP072026,45,2026-07-27 12:00:00,1 days 18:00:00,42,15.28,-112.9,971.9,88.4,30.9714673385579,218.75840854202173,178.85157263278745,94.91772899606346,169.45492342682633,63.2399173909356,45.914631933210416,23.937222698019056,44.66932023707047,30.9714673385579,15.710955100018136,9.157643302068006,16.149774604214063
2026-07-25 18:00:00,EP072026,45,2026-07-27 18:00:00,2 days 00:00:00,48,15.73,-113.78,968.3,95.2,25.452406946564142,201.621767929694,177.2149327584563,105.0209261514602,160.23725333229743,96.27482522409508,77.57335312642266,52.850395131007055,76.57560637304644,46.62640499362944,39.82099635265608,29.19629830207532,39.21874496162016
2026-07-25 18:00:00,EP072026,45,2026-07-28 00:00:00,2 days 06:00:00,54,16.08,-114.52,964.5,99.7,22.19937633101695,223.48654831251363,176.00877554998834,101.15240166707824,178.77391273405067,107.99501767707233,87.71237427100611,61.09138025149408,88.29697912658183,58.53266709574049,50.146266019318624,37.78002662512407,48.70936038374717
2026-07-25 18:00:00,EP072026,45,2026-07-28 06:00:00,2 days 12:00:00,60,16.45,-115.03,954.7,104.9,27.987596338512237,266.96594179826127,219.41928181742423,124.77328857301896,208.58287952619088,93.1552183998398,70.43996642399402,44.9380009754162,76.086823337509,42.59752619115955,34.857168929666315,24.703356321712874,35.199656150603175
2026-07-25 18:00:00,EP072026,45,2026-07-28 12:00:00,2 days 18:00:00,66,16.85,-115.74,954.7,107.0,37.70404378130024,218.9781613743112,193.05173209244165,106.74081381876238,177.08544328735434,92.73603253248804,75.40189050699382,47.613812269809614,73.17197775893567,49.1470449242546,40.63269542041394,29.522862523654368,40.77802274847375
2026-07-25 18:00:00,EP072026,45,2026-07-28 18:00:00,3 days 00:00:00,72,17.22,-116.37,973.6,88.1,56.37235577291534,224.406697024457,168.7753572740579,87.49604337052625,159.20341367161632,92.29864016652664,73.66685771887984,47.9542316163776,75.40653069864726,56.37235577291534,40.164068330495496,30.66970628774662,39.95575331826626
2026-07-25 18:00:00,EP072026,45,2026-07-29 00:00:00,3 days 06:00:00,78,17.44,-117.0,955.9,101.6,40.55310550113691,222.8612323335732,207.6610076335837,144.81870091278887,201.11184090382383,84.37518559972258,69.56426634553141,51.8727303786397,71.5197295985976,46.36768031338261,39.226666595476,31.316652191669867,38.397481467678695
2026-07-25 18:00:00,EP072026,45,2026-07-29 06:00:00,3 days 12:00:00,84,17.61,-117.43,968.9,84.6,30.940370505701694,287.34358837531266,256.89356294496656,180.07307915145543,227.84797253765424,129.39239494690855,105.58410279755265,75.19242901401854,103.35533242059454,56.65527961544306,47.97848684608301,36.487218696291535,47.69771810390503
2026-07-25 18:00:00,EP072026,45,2026-07-29 12:00:00,3 days 18:00:00,90,17.89,-118.17,973.8,77.9,28.90123585171662,305.8090622678043,259.6660489269674,191.72778823243092,259.94492794440055,111.01173373652028,87.796117403719,61.38149147907046,89.78744279199891,34.789008502810894,28.525447026398872,20.55998348911872,28.80150831539392
2026-07-25 18:00:00,EP072026,45,2026-07-29 18:00:00,4 days 00:00:00,96,18.22,-119.04,983.9,71.6,44.88079387557895,261.1601372008316,218.4678371515492,156.98948924398016,214.8687898099525,75.43361904476808,59.77554908252502,38.870312531569375,57.6467907255016,44.88079387557895,10.949620472187704,6.579977681998221,11.820895535287123
2026-07-25 18:00:00,EP072026,45,2026-07-30 00:00:00,4 days 06:00:00,102,18.71,-119.87,984.8,67.8,38.296062627588384,252.5888315999064,197.96053083565243,147.7010241340911,206.89826141918215,103.41324173977966,83.24167820672884,58.30773244868836,80.7498495377641,38.296062627588384,25.569453494151944,18.19040793244317,25.00843224994045
2026-07-25 18:00:00,EP072026,45,2026-07-30 06:00:00,4 days 12:00:00,108,19.07,-120.79,989.3,60.3,49.83442488670309,236.05344259002032,200.29297236927675,132.83141148132597,184.15031729911425,49.83442488670309,25.43817047500837,11.664320192670296,25.458057076237537,0.0,0.0,0.0,0.0
2026-07-25 18:00:00,EP072026,45,2026-07-30 12:00:00,4 days 18:00:00,114,19.88,-122.31,993.7,55.5,75.624050072866,264.76778311352166,214.5386316120983,151.25680323775225,209.18717766330823,75.624050072866,38.72175123459357,21.868296128327287,36.83481734193103,0.0,0.0,0.0,0.0
2026-07-25 18:00:00,EP072026,45,2026-07-30 18:00:00,5 days 00:00:00,120,20.24,-123.58,996.0,54.0,77.96587519687684,320.4136013423381,276.4559558532612,227.3062038478166,269.52587005942974,83.40625691741494,62.69955534831536,43.6998028861023,62.62766146580618,0.0,0.0,0.0,0.0
2026-07-25 18:00:00,EP072026,45,2026-07-31 00:00:00,5 days 06:00:00,126,20.65,-124.76,994.9,54.8,80.11759723200103,217.08561703682432,167.20330175094108,145.76270878863866,183.01107802668437,80.11759723200103,28.69187890830353,20.186907133879775,32.894486972017695,0.0,0.0,0.0,0.0
2026-07-25 18:00:00,EP072026,45,2026-07-31 06:00:00,5 days 12:00:00,132,21.04,-125.8,996.9,49.9,62.89591004414867,218.7888065845085,187.1918247131185,156.00993110191916,189.0350354841762,0.0,0.0,0.0,0.0,0.0,0.0,0.0,0.0
2026-07-25 18:00:00,EP072026,45,2026-07-31 12:00:00,5 days 18:00:00,138,21.37,-127.19,1001.1,41.9,89.58431804977953,152.177086385541,118.37561691162816,93.14020971810557,122.1125452410164,0.0,0.0,0.0,0.0,0.0,0.0,0.0,0.0
2026-07-25 18:00:00,EP072026,45,2026-07-31 18:00:00,6 days 00:00:00,144,21.68,-128.23,1002.9,39.7,76.27036840709222,76.27036840709222,47.7402565831087,34.65108630582397,55.91382277723884,0.0,0.0,0.0,0.0,0.0,0.0,0.0,0.0
2026-07-25 18:00:00,EP072026,45,2026-08-01 00:00:00,6 days 06:00:00,150,21.84,-129.5,1002.9,40.0,52.52610834927532,202.4647979894544,161.21304599156883,129.43521279862944,169.244010593653,0.0,0.0,0.0,0.0,0.0,0.0,0.0,0.0
2026-07-25 18:00:00,EP072026,45,2026-08-01 06:00:00,6 days 12:00:00,156,21.99,-130.81,1004.7,37.6,84.12119238836786,84.12119238836786,42.86327823476495,31.37825441297076,46.97226992326019,0.0,0.0,0.0,0.0,0.0,0.0,0.0,0.0
2026-07-25 18:00:00,EP072026,45,2026-08-01 12:00:00,6 days 18:00:00,162,22.06,-132.14,1006.9,32.2,132.0773200244829,0.0,0.0,0.0,0.0,0.0,0.0,0.0,0.0,0.0,0.0,0.0,0.0
2026-07-25 18:00:00,EP072026,45,2026-08-01 18:00:00,7 days 00:00:00,168,22.47,-133.4,1008.4,35.7,107.0073038545938,107.0073038545938,6.962403406820339,0.0,23.481334466931195,0.0,0.0,0.0,0.0,0.0,0.0,0.0,0.0
2026-07-25 18:00:00,EP072026,45,2026-08-02 00:00:00,7 days 06:00:00,174,22.82,-134.46,1004.3,34.2,78.27361711002573,78.27361711002573,0.0,0.0,7.386627897123429,0.0,0.0,0.0,0.0,0.0,0.0,0.0,0.0
2026-07-25 18:00:00,EP072026,45,2026-08-02 06:00:00,7 days 12:00:00,180,22.9,-135.84,1006.4,33.3,99.4245375148883,0.0,0.0,0.0,0.0,0.0,0.0,0.0,0.0,0.0,0.0,0.0,0.0
2026-07-25 18:00:00,EP072026,45,2026-08-02 12:00:00,7 days 18:00:00,186,23.22,-137.49,1008.2,30.8,125.53129874114867,0.0,0.0,0.0,0.0,0.0,0.0,0.0,0.0,0.0,0.0,0.0,0.0
2026-07-25 18:00:00,EP072026,45,2026-08-02 18:00:00,8 days 00:00:00,192,23.44,-138.12,1005.9,31.4,77.83400565266983,0.0,0.0,0.0,0.0,0.0,0.0,0.0,0.0,0.0,0.0,0.0,0.0
2026-07-25 18:00:00,EP072026,45,2026-08-03 00:00:00,8 days 06:00:00,198,23.61,-139.0,1008.1,27.6,85.6903637281218,0.0,0.0,0.0,0.0,0.0,0.0,0.0,0.0,0.0,0.0,0.0,0.0
2026-07-25 18:00:00,EP072026,45,2026-08-03 06:00:00,8 days 12:00:00,204,23.98,-139.52,1005.1,28.0,118.51992017599336,0.0,0.0,0.0,0.0,0.0,0.0,0.0,0.0,0.0,0.0,0.0,0.0
2026-07-25 18:00:00,EP072026,45,2026-08-03 12:00:00,8 days 18:00:00,210,24.23,-140.22,1009.6,26.4,112.5539197495965,0.0,0.0,0.0,0.0,0.0,0.0,0.0,0.0,0.0,0.0,0.0,0.0
2026-07-25 18:00:00,EP072026,45,2026-08-03 18:00:00,9 days 00:00:00,216,24.52,-140.88,1009.2,24.4,175.13131032406096,0.0,0.0,0.0,0.0,0.0,0.0,0.0,0.0,0.0,0.0,0.0,0.0
2026-07-25 18:00:00,EP072026,45,2026-08-04 00:00:00,9 days 06:00:00,222,24.65,-141.69,1011.9,19.8,197.3248601870165,0.0,0.0,0.0,0.0,0.0,0.0,0.0,0.0,0.0,0.0,0.0,0.0
2026-07-25 18:00:00,EP072026,45,2026-08-04 06:00:00,9 days 12:00:00,228,24.65,-142.75,1012.8,26.0,107.61860085041522,0.0,0.0,0.0,0.0,0.0,0.0,0.0,0.0,0.0,0.0,0.0,0.0
2026-07-25 18:00:00,EP072026,45,2026-08-04 12:00:00,9 days 18:00:00,234,24.13,-143.25,1012.6,17.5,111.6193100980418,0.0,0.0,0.0,0.0,0.0,0.0,0.0,0.0,0.0,0.0,0.0,0.0
2026-07-25 18:00:00,WP112026,45,2026-07-25 18:00:00,0 days 00:00:00,0,22.4,115.1,967.0,84.0,27.0,222.0,204.0,167.0,195.0,,,,,,,,
2026-07-25 18:00:00,WP112026,45,2026-07-26 00:00:00,0 days 06:00:00,6,23.05,114.42,967.1,83.7,29.8921973014003,189.8637114713856,195.9088862120261,141.69853086433795,138.82894302579007,29.8921973014003,25.762010840544008,15.098721760375156,17.580244220835993,29.8921973014003,0.0,0.0,0.0
2026-07-25 18:00:00,WP112026,45,2026-07-26 06:00:00,0 days 12:00:00,12,23.7,114.23,970.4,68.4,28.15735770976349,256.12440254516645,218.24623048118457,164.3331143055642,198.4174914732404,138.67128094958383,119.1065084595786,96.32407407385998,114.48658071686664,66.68032843642649,58.81815778329423,48.565355195079306,55.24153952234404
2026-07-25 18:00:00,WP112026,45,2026-07-26 12:00:00,0 days 18:00:00,18,24.15,114.08,986.7,39.3,27.514616565182745,96.41457920217243,98.9797037908955,71.84339707741839,80.94609814890701,0.0,0.0,0.0,0.0,0.0,0.0,0.0,0.0
2026-07-25 18:00:00,WP112026,45,2026-07-26 18:00:00,1 days 00:00:00,24,25.49,113.66,997.6,26.6,40.50679909691317,0.0,0.0,0.0,0.0,0.0,0.0,0.0,0.0,0.0,0.0,0.0,0.0
2026-07-25 18:00:00,WP112026,45,2026-07-27 00:00:00,1 days 06:00:00,30,26.22,113.75,1005.8,18.2,28.45616312650473,0.0,0.0,0.0,0.0,0.0,0.0,0.0,0.0,0.0,0.0,0.0,0.0
2026-07-25 18:00:00,WP112026,45,2026-07-27 06:00:00,1 days 12:00:00,36,27.14,112.85,1002.8,16.6,121.7388304539632,0.0,0.0,0.0,0.0,0.0,0.0,0.0,0.0,0.0,0.0,0.0,0.0
2026-07-25 18:00:00,WP112026,45,2026-07-27 12:00:00,1 days 18:00:00,42,27.7,112.84,1004.9,16.0,136.59137365158853,0.0,0.0,0.0,0.0,0.0,0.0,0.0,0.0,0.0,0.0,0.0,0.0
2026-07-25 18:00:00,WP112026,45,2026-07-27 18:00:00,2 days 00:00:00,48,28.43,112.71,1008.2,11.4,93.57556522319985,0.0,0.0,0.0,0.0,0.0,0.0,0.0,0.0,0.0,0.0,0.0,0.0
2026-07-25 18:00:00,WP112026,45,2026-07-28 00:00:00,2 days 06:00:00,54,29.9,112.15,1012.2,16.1,71.09433956947595,0.0,0.0,0.0,0.0,0.0,0.0,0.0,0.0,0.0,0.0,0.0,0.0
2026-07-25 18:00:00,EP062026,46,2026-07-25 18:00:00,0 days 00:00:00,0,19.2,-137.0,971.0,86.0,56.0,297.0,241.0,185.0,297.0,130.0,74.0,74.0,111.0,65.0,46.0,37.0,65.0
2026-07-25 18:00:00,EP062026,46,2026-07-26 00:00:00,0 days 06:00:00,6,19.68,-138.0,985.1,66.8,56.78084557179963,230.90894795810573,159.25493257023095,111.96725426211448,198.69021742706968,91.83230425625106,70.8776317419792,48.65000231670493,75.61957999306605,56.78084557179963,13.338583696095084,9.96433780994542,15.815558084694317
2026-07-25 18:00:00,EP062026,46,2026-07-26 06:00:00,0 days 12:00:00,12,19.57,-139.4,985.3,67.9,53.482276838113314,233.6787128696286,180.3353619266184,136.99530305267092,195.2053634462156,120.2068919079727,101.31316756756384,79.26973557419522,104.40872938423304,53.482276838113314,38.038294151516126,30.986148325503056,38.73974106280652
2026-07-25 18:00:00,EP062026,46,2026-07-26 12:00:00,0 days 18:00:00,18,19.83,-140.44,990.2,65.6,56.66737599603304,210.6501591182094,150.98297437299885,118.72669389986385,167.55893995005331,94.1821663724054,73.06781286906514,51.1617380882233,75.92923002778656,56.66737599603304,13.750019475487903,9.082677051101864,15.80779255423299
2026-07-25 18:00:00,EP062026,46,2026-07-26 18:00:00,1 days 00:00:00,24,19.83,-141.43,984.3,72.2,47.42112894206412,192.7299735647084,140.9872974397931,87.4988433021199,156.6348546180143,78.40111632117805,57.06679121534671,39.39618003679743,65.03859486619967,47.42112894206412,15.109651093947264,10.214298301187569,17.51194408284482
2026-07-25 18:00:00,EP062026,46,2026-07-27 00:00:00,1 days 06:00:00,30,19.99,-142.72,985.1,70.1,16.97434498362209,202.3029335946437,142.69652563900476,103.22431133193632,172.7339108696158,57.82762315964152,39.10173046672333,24.269668064892517,43.91195658685661,16.97434498362209,0.0,0.0,1.514620335058351
2026-07-25 18:00:00,EP062026,46,2026-07-27 06:00:00,1 days 12:00:00,36,20.3,-143.64,981.9,73.7,39.63902442442503,248.1987593808601,204.95931076297984,157.72469394407972,204.7190207078338,56.65869000675764,42.287066834013615,29.621630343150684,44.674609952713865,39.63902442442503,0.6411856770381128,0.0,2.472132883879823
2026-07-25 18:00:00,EP062026,46,2026-07-27 12:00:00,1 days 18:00:00,42,20.36,-144.97,990.1,66.6,57.41009801757151,235.07931164238448,164.23973366396166,117.1937005572101,181.9046544800142,90.72163093802465,71.53017345839848,50.34350545385709,73.43811860566478,57.41009801757151,6.355571143216633,4.411439303607842,7.810698252615632
2026-07-25 18:00:00,EP062026,46,2026-07-27 18:00:00,2 days 00:00:00,48,20.69,-146.4,988.5,64.0,50.29389558026476,202.51921987434983,153.52903706457062,88.10120898377693,153.68857789659376,77.71185405260849,57.48855679708305,36.30325779074143,60.96678904537484,0.0,0.0,0.0,0.0
2026-07-25 18:00:00,EP062026,46,2026-07-28 00:00:00,2 days 06:00:00,54,21.04,-147.65,983.6,69.6,48.34309243879813,178.65348892566476,134.70275601116,78.0586562146107,150.00617218871855,49.44549672979346,34.060560653248515,19.693069447146208,37.77943374657956,48.34309243879813,0.0,0.0,1.6637115154484083
2026-07-25 18:00:00,EP062026,46,2026-07-28 06:00:00,2 days 12:00:00,60,21.0,-148.89,996.5,52.2,41.20893030711792,282.52583127064486,232.37798465725743,162.92549356053007,226.4495842271008,41.20893030711792,0.0,0.0,1.1973632621953172,0.0,0.0,0.0,0.0
2026-07-25 18:00:00,EP062026,46,2026-07-28 12:00:00,2 days 18:00:00,66,20.98,-150.84,1001.3,50.7,90.90610917716552,297.1547047887794,252.723308721959,177.04992787576532,237.8010914892501,90.90610917716552,0.0,0.0,0.0,0.0,0.0,0.0,0.0
2026-07-25 18:00:00,EP062026,46,2026-07-28 18:00:00,3 days 00:00:00,72,21.56,-152.18,1000.8,41.9,92.8862553340138,191.87780029857512,162.14609779876082,112.767987052136,157.2362051912703,0.0,0.0,0.0,0.0,0.0,0.0,0.0,0.0
2026-07-25 18:00:00,EP062026,46,2026-07-29 00:00:00,3 days 06:00:00,78,21.53,-153.53,1005.5,33.3,58.79228645900682,0.0,0.0,0.0,0.0,0.0,0.0,0.0,0.0,0.0,0.0,0.0,0.0
2026-07-25 18:00:00,EP062026,46,2026-07-29 06:00:00,3 days 12:00:00,84,21.76,-154.53,1001.8,38.8,126.30483317978764,126.30483317978764,0.0,0.0,4.829321153386685,0.0,0.0,0.0,0.0,0.0,0.0,0.0,0.0
2026-07-25 18:00:00,EP062026,46,2026-07-29 12:00:00,3 days 18:00:00,90,22.15,-155.45,1004.7,33.9,59.37240389504696,0.0,0.0,0.0,0.0,0.0,0.0,0.0,0.0,0.0,0.0,0.0,0.0
2026-07-25 18:00:00,EP062026,46,2026-07-29 18:00:00,4 days 00:00:00,96,22.71,-156.2,1005.5,33.5,111.30429604953248,0.0,0.0,0.0,0.0,0.0,0.0,0.0,0.0,0.0,0.0,0.0,0.0
2026-07-25 18:00:00,EP062026,46,2026-07-30 00:00:00,4 days 06:00:00,102,22.86,-157.68,1007.4,31.3,88.48919688730012,0.0,0.0,0.0,0.0,0.0,0.0,0.0,0.0,0.0,0.0,0.0,0.0
2026-07-25 18:00:00,EP062026,46,2026-07-30 06:00:00,4 days 12:00:00,108,23.19,-158.78,1004.7,32.6,76.98738805252701,0.0,0.0,0.0,0.0,0.0,0.0,0.0,0.0,0.0,0.0,0.0,0.0
2026-07-25 18:00:00,EP062026,46,2026-07-30 12:00:00,4 days 18:00:00,114,23.62,-160.12,1007.8,29.7,88.98268733128836,0.0,0.0,0.0,0.0,0.0,0.0,0.0,0.0,0.0,0.0,0.0,0.0
2026-07-25 18:00:00,EP072026,46,2026-07-25 18:00:00,0 days 00:00:00,0,11.2,-105.1,995.0,54.0,28.0,204.0,167.0,56.0,130.0,56.0,37.0,,,0.0,0.0,0.0,0.0
2026-07-25 18:00:00,EP072026,46,2026-07-26 00:00:00,0 days 06:00:00,6,12.24,-106.32,993.0,62.9,16.94102906962138,147.73898492203466,127.74294079544248,83.94954915649444,115.1083946788373,32.97975638217684,27.810146491014727,16.70279926547103,24.1770864500302,0.0,0.0,0.0,0.0
2026-07-25 18:00:00,EP072026,46,2026-07-26 06:00:00,0 days 12:00:00,12,12.84,-107.87,990.4,62.7,36.7158807772377,172.7127912973458,129.795812427704,88.9864130985363,150.6806365576132,83.83239114335731,70.37952227904496,50.8137241567072,69.40072210903011,0.0,0.0,0.0,0.0
2026-07-25 18:00:00,EP072026,46,2026-07-26 12:00:00,0 days 18:00:00,18,13.33,-108.93,990.3,67.2,33.56597265278712,193.47394358300937,157.93721755129178,93.03920184073812,145.58802137024705,65.89535333579134,51.65479316030937,30.839874037649174,50.43995145046269,33.56597265278712,0.0,0.0,0.2339705422199123
2026-07-25 18:00:00,EP072026,46,2026-07-26 18:00:00,1 days 00:00:00,24,13.98,-110.31,982.2,76.3,25.070002878489504,246.7336659151196,206.18592463241816,139.0714955750181,170.26798289144904,100.84212496222848,87.27808258228703,61.91034889202095,78.96964890097917,27.262381916926813,23.423949331952755,16.998017065290256,21.651783397624182
2026-07-25 18:00:00,EP072026,46,2026-07-27 00:00:00,1 days 06:00:00,30,14.66,-111.2,958.2,110.3,16.097481259132863,246.93446805752865,198.57763034345916,143.00985657768155,200.5548311874396,93.45227520309038,71.4577537797023,48.99539995644868,72.76419268498947,32.83092012962179,25.53034894005081,18.845135443562427,27.46311273489087
2026-07-25 18:00:00,EP072026,46,2026-07-27 06:00:00,1 days 12:00:00,36,15.14,-112.19,949.9,114.8,27.21226563491863,247.3806569895051,219.695331286832,121.60747463873524,192.61853884021824,82.67890075187361,58.72796383980703,33.917833370663175,61.23489701486739,27.312986557667134,19.148550356843124,12.203088789964802,22.797312897630544
2026-07-25 18:00:00,EP072026,46,2026-07-27 12:00:00,1 days 18:00:00,42,15.8,-113.22,956.0,106.4,15.26345821797672,295.2391313084776,248.28304898475665,180.51725298838164,239.20207081362776,128.56304302496335,108.64363440564614,79.38939216568946,104.15228206703488,60.00970095575295,52.5975157982237,40.315963087245066,49.77183452911783
2026-07-25 18:00:00,EP072026,46,2026-07-27 18:00:00,2 days 00:00:00,48,16.31,-114.11,967.2,95.9,24.733536791757217,257.09649645118697,205.74757956527588,136.50693572216733,202.9259529365023,114.83088298709592,88.94238033077553,60.25945841862234,91.5272908865728,34.61393408460903,26.788658098842337,18.914212276251043,29.03342438507021
2026-07-25 18:00:00,EP072026,46,2026-07-28 00:00:00,2 days 06:00:00,54,16.9,-114.86,952.7,105.9,10.413521509164887,240.97384952142613,199.29470198646575,128.63349209009368,193.1862865043224,119.56224231445586,95.12655946749476,64.60896861281725,94.32690813645505,48.66257245622122,40.1970065104918,28.947704135778068,39.96365871667623
2026-07-25 18:00:00,EP072026,46,2026-07-28 06:00:00,2 days 12:00:00,60,17.43,-115.43,968.7,90.7,33.305297671692,293.45785946604224,254.5539400270622,182.3603078984816,251.96983718145665,124.00822652104355,102.92318620657714,72.27482753026686,104.98271402842036,38.37951981789908,32.06006448088033,23.91605839514329,32.46889424338042
2026-07-25 18:00:00,EP072026,46,2026-07-28 12:00:00,2 days 18:00:00,66,17.53,-116.53,955.0,113.7,34.052429909245376,282.23607432027313,229.14572718691176,190.4052652312548,245.03569342811744,128.02639677281826,106.98714673854028,86.17963658149898,110.6547896832962,67.14035477415523,59.01291105021198,49.10257563905067,57.97712449259387
2026-07-25 18:00:00,EP072026,46,2026-07-28 18:00:00,3 days 00:00:00,72,18.08,-117.31,963.4,98.3,49.46169255869242,304.6797084744774,243.07834824245083,208.0783945913359,271.0242812909181,161.08227119898837,140.11457337465748,112.44430838243194,141.41289106202478,81.25695807395468,73.33948085457779,59.44125461548092,70.99577198256146
2026-07-25 18:00:00,EP072026,46,2026-07-29 00:00:00,3 days 06:00:00,78,18.37,-118.12,968.3,85.8,30.871568009056546,223.3726898068088,177.5763729735262,131.76971227692178,178.6167646938179,112.29603252615186,95.13341648187412,72.0930897927575,92.91741502318696,50.576506159066525,44.47553035923721,35.47688249847832,42.85168884202551
2026-07-25 18:00:00,EP072026,46,2026-07-29 06:00:00,3 days 12:00:00,84,18.42,-119.07,977.7,75.7,24.293587460572496,247.8692544213026,206.19882998293187,156.7715084380956,211.86059488346024,130.2840797155241,112.0880217397176,87.92808261092303,111.19628076494102,46.259576016755815,42.433770994034106,33.20518666465223,40.32419032185217
2026-07-25 18:00:00,EP072026,46,2026-07-29 12:00:00,3 days 18:00:00,90,18.66,-119.87,976.2,79.4,53.37605038909135,182.6192721585341,146.66198189050843,103.76024844714333,161.43731291285957,53.37605038909135,38.13522049168076,26.89566251608008,41.16984517450121,53.37605038909135,2.6599842280950066,0.1474836073369618,4.970413999782173
2026-07-25 18:00:00,EP072026,46,2026-07-29 18:00:00,4 days 00:00:00,96,18.86,-121.07,980.7,71.0,27.21835276402189,200.66920224078052,152.35996320731485,117.56277638711096,165.19924166403925,96.34848541111892,79.54537528661842,55.25237441642766,77.12912527990491,27.21835276402189,5.92734485075823,2.3143313627707567,6.7501040314301
2026-07-25 18:00:00,EP072026,46,2026-07-30 00:00:00,4 days 06:00:00,102,19.04,-122.0,993.0,52.6,68.8594305217831,171.38661062502132,140.32720772939547,98.2970428593787,139.46066791519263,68.8594305217831,3.944987648711273,0.0,4.532223184192166,0.0,0.0,0.0,0.0
2026-07-25 18:00:00,EP072026,46,2026-07-30 06:00:00,4 days 12:00:00,108,19.35,-123.03,989.7,56.8,82.83856342275604,233.1127814021323,189.18456191051985,132.9465386754255,197.74345530180943,82.83856342275604,27.23909360866992,17.933665564629447,30.038105571165577,0.0,0.0,0.0,0.0
2026-07-25 18:00:00,EP072026,46,2026-07-30 12:00:00,4 days 18:00:00,114,20.09,-124.1,998.5,48.1,109.00390913282024,208.86193938097483,160.8410346918207,109.67919804328363,169.65037367242087,0.0,0.0,0.0,0.0,0.0,0.0,0.0,0.0
2026-07-25 18:00:00,EP072026,46,2026-07-30 18:00:00,5 days 00:00:00,120,20.27,-125.22,982.0,57.2,84.38986929673953,225.8252447635614,188.4893377350066,150.27176407066355,194.8611606983058,4.456815838393952,0.1387297836005263,0.0,84.38986929673953,0.0,0.0,0.0,0.0
2026-07-25 18:00:00,EP072026,46,2026-07-31 00:00:00,5 days 06:00:00,126,20.52,-126.21,983.1,44.1,74.72833670853879,111.9365810395816,114.434883829701,105.34677637638788,113.26706341258704,0.0,0.0,0.0,0.0,0.0,0.0,0.0,0.0
2026-07-25 18:00:00,EP072026,46,2026-07-31 06:00:00,5 days 12:00:00,132,20.8,-127.79,979.5,51.9,111.47042186785131,2.5753860525939984,22.63867967752388,111.47042186785131,17.65965205391477,2.5753860525939984,3.123413492646428,111.47042186785131,8.083163260246465,0.0,0.0,0.0,0.0
2026-07-25 18:00:00,EP072026,46,2026-07-31 12:00:00,5 days 18:00:00,138,21.55,-128.46,988.0,42.2,57.25854271127589,61.21742176840278,61.26422710530222,48.40627148035519,61.52611640754232,0.0,0.0,0.0,0.0,0.0,0.0,0.0,0.0
2026-07-25 18:00:00,EP072026,46,2026-07-31 18:00:00,6 days 00:00:00,144,21.6,-130.11,1002.9,32.3,110.38811770693589,0.0,0.0,0.0,0.0,0.0,0.0,0.0,0.0,0.0,0.0,0.0,0.0
2026-07-25 18:00:00,EP072026,46,2026-08-01 00:00:00,6 days 06:00:00,150,22.02,-131.76,994.0,40.6,69.13805149396666,119.20976981691716,88.72654118589853,60.046750531338205,92.10723004113976,0.0,0.0,0.0,0.0,0.0,0.0,0.0,0.0
2026-07-25 18:00:00,EP072026,46,2026-08-01 06:00:00,6 days 12:00:00,156,22.55,-133.05,985.9,44.9,73.29734638596557,73.29734638596557,5.691140621416125,0.1550960547300643,19.223383014562533,0.0,0.0,0.0,0.0,0.0,0.0,0.0,0.0
2026-07-25 18:00:00,EP072026,46,2026-08-01 12:00:00,6 days 18:00:00,162,22.53,-135.01,999.6,29.4,122.79952693678943,0.0,0.0,0.0,0.0,0.0,0.0,0.0,0.0,0.0,0.0,0.0,0.0
2026-07-25 18:00:00,EP072026,46,2026-08-01 18:00:00,7 days 00:00:00,168,22.81,-136.18,1004.5,28.5,104.5798777839313,0.0,0.0,0.0,0.0,0.0,0.0,0.0,0.0,0.0,0.0,0.0,0.0
2026-07-25 18:00:00,EP072026,46,2026-08-02 00:00:00,7 days 06:00:00,174,23.57,-137.68,1010.3,30.1,68.97523821445475,0.0,0.0,0.0,0.0,0.0,0.0,0.0,0.0,0.0,0.0,0.0,0.0
2026-07-25 18:00:00,WP112026,46,2026-07-25 18:00:00,0 days 00:00:00,0,22.4,115.1,967.0,84.0,27.0,222.0,204.0,167.0,195.0,,,,,,,,
2026-07-25 18:00:00,WP112026,46,2026-07-26 00:00:00,0 days 06:00:00,6,23.13,114.44,979.6,59.8,20.60166435355948,133.93961281824622,112.88134477414114,96.60270300143318,109.23571950292656,20.604838102002844,14.88131922803175,12.494082425049564,16.27870319582844,0.0,0.0,0.0,0.0
2026-07-25 18:00:00,WP112026,46,2026-07-26 06:00:00,0 days 12:00:00,12,23.43,114.01,987.1,47.6,28.313496069128675,35.39509120300173,22.224481731806627,25.05053677885821,30.369282451618112,0.0,0.0,0.0,0.0,0.0,0.0,0.0,0.0
2026-07-25 18:00:00,WP112026,46,2026-07-26 12:00:00,0 days 18:00:00,18,24.08,113.64,996.1,33.6,86.27274383793116,0.0,0.0,0.0,0.0,0.0,0.0,0.0,0.0,0.0,0.0,0.0,0.0
2026-07-25 18:00:00,WP112026,46,2026-07-26 18:00:00,1 days 00:00:00,24,25.03,113.41,999.1,24.1,49.25731605894449,0.0,0.0,0.0,0.0,0.0,0.0,0.0,0.0,0.0,0.0,0.0,0.0
2026-07-25 18:00:00,WP112026,46,2026-07-27 00:00:00,1 days 06:00:00,30,25.75,113.21,1002.7,18.1,47.93725714044501,0.0,0.0,0.0,0.0,0.0,0.0,0.0,0.0,0.0,0.0,0.0,0.0
2026-07-25 18:00:00,WP112026,46,2026-07-27 06:00:00,1 days 12:00:00,36,26.74,113.45,1003.1,22.4,53.84317692172687,0.0,0.0,0.0,0.0,0.0,0.0,0.0,0.0,0.0,0.0,0.0,0.0
2026-07-25 18:00:00,WP112026,46,2026-07-27 12:00:00,1 days 18:00:00,42,27.35,112.64,1003.0,20.1,133.08279402102252,0.0,0.0,0.0,0.0,0.0,0.0,0.0,0.0,0.0,0.0,0.0,0.0
2026-07-25 18:00:00,WP112026,46,2026-07-27 18:00:00,2 days 00:00:00,48,28.38,112.6,1001.2,23.1,118.46518238127686,0.0,0.0,0.0,0.0,0.0,0.0,0.0,0.0,0.0,0.0,0.0,0.0
2026-07-25 18:00:00,WP112026,46,2026-07-28 00:00:00,2 days 06:00:00,54,28.82,112.7,1005.0,21.3,99.98586579008696,0.0,0.0,0.0,0.0,0.0,0.0,0.0,0.0,0.0,0.0,0.0,0.0
2026-07-25 18:00:00,WP112026,46,2026-07-28 06:00:00,2 days 12:00:00,60,29.81,112.3,1005.3,12.3,60.88074242549638,0.0,0.0,0.0,0.0,0.0,0.0,0.0,0.0,0.0,0.0,0.0,0.0
2026-07-25 18:00:00,EP062026,47,2026-07-25 18:00:00,0 days 00:00:00,0,19.2,-137.0,971.0,86.0,56.0,297.0,241.0,185.0,297.0,130.0,74.0,74.0,111.0,65.0,46.0,37.0,65.0
2026-07-25 18:00:00,EP062026,47,2026-07-26 00:00:00,0 days 06:00:00,6,19.12,-137.72,971.8,84.9,29.88306229307605,214.3746637205815,157.01508087815188,99.83628862390142,199.3956144898042,89.08574373765572,59.67676372000466,38.91792315312861,74.71398317367476,46.11078929636871,35.57726645839925,28.737785857554933,39.92118110386713
2026-07-25 18:00:00,EP062026,47,2026-07-26 06:00:00,0 days 12:00:00,12,19.54,-139.21,984.7,71.6,42.20832597268122,250.9382284746316,218.0906149430912,160.2494921604075,215.15000123735808,99.32750636525452,77.38281096859191,55.12349470099139,76.2737844795779,42.20832597268122,15.560078671501344,12.755795691704575,16.1707553401003
2026-07-25 18:00:00,EP062026,47,2026-07-26 12:00:00,0 days 18:00:00,18,19.6,-140.24,976.0,82.2,29.204621456056408,213.368630344843,158.07580640216295,137.97091502782652,197.7316284990751,91.63447279203244,67.70087271951787,49.46981574931398,75.86783554433104,29.662964927092617,21.4201996994532,17.67306766021882,25.124196954217176
2026-07-25 18:00:00,EP062026,47,2026-07-26 18:00:00,1 days 00:00:00,24,19.72,-141.83,978.7,75.7,52.030284137196034,228.53378943626663,194.81842331405528,141.11842728068711,185.19757579289643,113.06273046792552,98.47766208799048,81.75755457393603,100.3523870174714,61.88830957919545,56.577449054518624,46.464558665455485,53.60714801687692
2026-07-25 18:00:00,EP062026,47,2026-07-27 00:00:00,1 days 06:00:00,30,19.97,-142.67,981.8,75.9,50.05315826495298,203.9611324541304,160.60441056131103,120.9380582282914,184.8299545797963,68.94649934302944,45.5269865327136,27.726714111990024,55.81596167680757,50.05315826495298,6.5410902807751015,5.222604260375048,9.860485540386865
2026-07-25 18:00:00,EP062026,47,2026-07-27 06:00:00,1 days 12:00:00,36,20.17,-144.02,976.8,83.3,32.406259203736994,208.10026467286883,153.8360956439255,95.14765661513466,188.72127523458173,108.742691929515,79.40499700775305,58.34091396634022,92.87519047115862,59.00538769698996,48.82072129755761,40.60693464843657,50.66327423429365
2026-07-25 18:00:00,EP062026,47,2026-07-27 12:00:00,1 days 18:00:00,42,20.4,-145.52,988.3,69.6,39.97523312194154,264.75489326587365,210.24851817865957,139.22574482339934,239.15959346699023,125.58477873435127,97.84998052478711,68.7646196119808,100.61448177754016,47.062859839221886,39.417731936818,31.12989023879817,40.78604473651333
2026-07-25 18:00:00,EP062026,47,2026-07-27 18:00:00,2 days 00:00:00,48,21.05,-147.03,993.0,64.9,33.859888050328784,266.037941380962,207.377671070576,144.5319148144127,226.10935394912343,73.85609760132704,50.70539629968621,31.392141984156265,50.92670160959279,33.859888050328784,0.0,0.0,0.7348100731770676
2026-07-25 18:00:00,EP062026,47,2026-07-28 00:00:00,2 days 06:00:00,54,21.34,-148.36,969.6,95.2,11.35296743937118,156.15632403490986,119.84279471540712,81.71435745629543,153.44366661469178,61.13945470753026,48.32506998510957,32.850347257404295,49.239588089347706,21.3198262539784,15.626211226641416,12.38276721974228,19.459009116721735
2026-07-25 18:00:00,EP062026,47,2026-07-28 06:00:00,2 days 12:00:00,60,21.68,-149.52,1001.2,50.1,114.41200880454764,264.71891747302607,226.18833150814535,138.43181258561336,208.26708408763244,114.41200880454764,0.1610596097305539,0.0,0.0,0.0,0.0,0.0,0.0
2026-07-25 18:00:00,EP062026,47,2026-07-28 12:00:00,2 days 18:00:00,66,21.77,-150.7,995.9,56.7,41.21785064512328,215.8152796329971,154.4131887709755,87.99640300465106,186.51744422659544,88.67247457910264,63.57854708439977,41.07244034513538,61.69149501030964,0.0,0.0,0.0,0.0
2026-07-25 18:00:00,EP062026,47,2026-07-28 18:00:00,3 days 00:00:00,72,22.27,-151.89,1003.4,43.0,69.44950902277705,197.2761191938662,159.17778210160117,110.37317749012244,155.65567538797362,0.0,0.0,0.0,0.0,0.0,0.0,0.0,0.0
2026-07-25 18:00:00,EP062026,47,2026-07-29 00:00:00,3 days 06:00:00,78,23.08,-152.74,1005.0,41.2,97.53253573512892,243.6761708369031,191.96661138725904,127.12836557536366,192.05608454766295,0.0,0.0,0.0,0.0,0.0,0.0,0.0,0.0
2026-07-25 18:00:00,EP062026,47,2026-07-29 06:00:00,3 days 12:00:00,84,23.38,-153.8,1000.8,42.9,70.4512155964012,190.7314082970406,150.99847455000332,91.65546107531202,148.37879454000395,0.0,0.0,0.0,0.0,0.0,0.0,0.0,0.0
2026-07-25 18:00:00,EP062026,47,2026-07-29 12:00:00,3 days 18:00:00,90,23.79,-154.74,1003.6,40.0,71.15902069782001,71.15902069782001,0.0,0.0,12.13241037465555,0.0,0.0,0.0,0.0,0.0,0.0,0.0,0.0
2026-07-25 18:00:00,EP062026,47,2026-07-29 18:00:00,4 days 00:00:00,96,23.79,-155.9,1007.3,39.0,77.58828678485932,77.58828678485932,29.017984005244795,6.635452692520137,30.90746291051817,0.0,0.0,0.0,0.0,0.0,0.0,0.0,0.0
2026-07-25 18:00:00,EP062026,47,2026-07-30 00:00:00,4 days 06:00:00,102,24.19,-156.4,1006.4,35.5,114.34173442447116,114.34173442447116,0.0,0.0,7.397663358968991,0.0,0.0,0.0,0.0,0.0,0.0,0.0,0.0
2026-07-25 18:00:00,EP062026,47,2026-07-30 06:00:00,4 days 12:00:00,108,24.59,-157.52,1009.3,33.0,70.43047627385022,0.0,0.0,0.0,0.0,0.0,0.0,0.0,0.0,0.0,0.0,0.0,0.0
2026-07-25 18:00:00,EP062026,47,2026-07-30 12:00:00,4 days 18:00:00,114,25.16,-158.41,1009.6,24.4,134.67602221332712,0.0,0.0,0.0,0.0,0.0,0.0,0.0,0.0,0.0,0.0,0.0,0.0
2026-07-25 18:00:00,EP062026,47,2026-07-30 18:00:00,5 days 00:00:00,120,25.7,-160.43,1007.4,29.5,131.10235722792362,0.0,0.0,0.0,0.0,0.0,0.0,0.0,0.0,0.0,0.0,0.0,0.0
2026-07-25 18:00:00,EP072026,47,2026-07-25 18:00:00,0 days 00:00:00,0,11.2,-105.1,995.0,54.0,28.0,204.0,167.0,56.0,130.0,56.0,37.0,,,0.0,0.0,0.0,0.0
2026-07-25 18:00:00,EP072026,47,2026-07-26 00:00:00,0 days 06:00:00,6,12.0,-106.14,994.3,59.6,28.976817517957063,148.45836438916206,123.00162392189824,71.81263838632476,121.85219490781462,55.11691953110267,35.15396416477451,18.949772553026826,38.07972227915901,0.0,0.0,0.0,0.0
2026-07-25 18:00:00,EP072026,47,2026-07-26 06:00:00,0 days 12:00:00,12,12.62,-107.57,992.3,64.4,39.2417984607464,185.7240416293762,157.4320694039252,85.27540817986664,149.707334040324,39.2417984607464,21.984005663489317,10.85020942035692,20.977305549120103,39.2417984607464,0.0,0.0,0.0
2026-07-25 18:00:00,EP072026,47,2026-07-26 12:00:00,0 days 18:00:00,18,12.75,-108.57,969.8,104.6,47.37593245481503,215.36461900389804,159.76739835663648,118.7676769645359,188.86468242562117,111.32907815349972,85.16447403942948,69.49838594390258,93.9238227601636,59.013326751049135,50.38482621151525,42.38190491393516,52.6587702681727
2026-07-25 18:00:00,EP072026,47,2026-07-26 18:00:00,1 days 00:00:00,24,13.56,-110.06,994.3,66.5,35.82276272747498,200.7322417275749,166.18416436002667,110.10700482964982,166.97998452875507,68.6138475902087,51.99646902639623,31.732638135851957,52.782993772178685,35.82276272747498,5.917520465247311,1.716052998970944,5.782590353461989
2026-07-25 18:00:00,EP072026,47,2026-07-27 00:00:00,1 days 06:00:00,30,14.25,-110.84,985.5,69.7,47.90567394735366,212.28410931231664,175.67554056155478,111.23372644693929,169.14004967568198,94.12838987415807,64.41188661946583,41.357941609680736,71.35769878569008,47.90567394735366,20.150658947611596,13.413148842415543,21.414415169232814
2026-07-25 18:00:00,EP072026,47,2026-07-27 06:00:00,1 days 12:00:00,36,14.76,-111.91,979.9,91.6,25.58167798356132,304.51038443558195,228.34352036197032,130.49137127626778,226.20945357860217,116.4639173600836,87.15616912793664,57.01083959649921,87.9677631362413,32.671836596057744,28.44145065915593,18.805311783005983,27.297117921020725
2026-07-25 18:00:00,EP072026,47,2026-07-27 12:00:00,1 days 18:00:00,42,15.34,-112.62,964.2,99.7,28.170377092611314,365.3446848720334,278.53665620473805,173.98313891956417,295.8235313362743,173.21891915768902,135.41434677263285,96.81986485148803,134.30128750434756,58.07448922600389,49.57739548358175,37.33130334715181,49.879516945041374
2026-07-25 18:00:00,EP072026,47,2026-07-27 18:00:00,2 days 00:00:00,48,15.98,-113.63,969.5,99.1,6.404752757128577,267.3622580523411,225.021167025769,162.40133140439482,214.4016869102519,70.59177366833673,52.52030880961294,29.08256845000548,51.235939780558766,9.004198798519383,5.875165378639919,1.006273671954975,6.086630998336065
2026-07-25 18:00:00,EP072026,47,2026-07-28 00:00:00,2 days 06:00:00,54,16.81,-114.68,942.2,125.1,45.70371358573397,98.95479808295558,78.46304925924244,56.63902060809606,86.17569372063673,59.70998181948585,53.17020725292088,41.38380202007397,54.632791221614966,57.0372290685982,51.4256010316075,41.38380202007397,52.069650654620986
2026-07-25 18:00:00,EP072026,47,2026-07-28 06:00:00,2 days 12:00:00,60,17.42,-114.86,969.4,89.8,30.417739343754995,233.22697732193888,230.1284429895956,199.139965926878,215.30790816661943,132.93572326400292,133.55333680610983,112.39738481551362,112.68042294833543,21.37920097788436,30.417739343754995,18.844766283885907,19.699468279903424
2026-07-25 18:00:00,EP072026,47,2026-07-28 12:00:00,2 days 18:00:00,66,17.84,-115.04,988.6,69.9,42.15150449505211,187.77640498634688,155.93521288928977,94.6936744551118,138.97984450322602,65.85606392509777,47.55412699787691,31.54681036575183,43.468837556445,42.15150449505211,0.0,0.0,1.2217107318600946
2026-07-25 18:00:00,EP072026,47,2026-07-28 18:00:00,3 days 00:00:00,72,17.95,-115.83,977.7,73.5,36.3258801367285,253.7383297783582,216.87698520094972,172.5228450314753,228.5751608563905,64.9744283491379,50.2656603913135,36.31273626628353,46.4244525076216,0.7195095434620556,0.0,0.0,36.3258801367285
2026-07-25 18:00:00,EP072026,47,2026-07-29 00:00:00,3 days 06:00:00,78,18.06,-115.97,981.9,68.0,42.38752278090065,243.9856897394603,230.46977075529855,173.1493549482081,213.1213982411113,82.38601531418647,71.927161645257,52.19277484719341,63.102388108050505,42.38752278090065,3.830782923598397,1.8175813412536213,2.693495176852683
2026-07-25 18:00:00,EP072026,47,2026-07-29 06:00:00,3 days 12:00:00,84,18.32,-116.31,972.2,83.4,20.52210694362401,238.47789568587683,210.12204463609044,161.50490169684974,207.44636423917672,40.32105311914895,28.232366488806772,16.89661004525624,27.312739018665667,20.52210694362401,0.0,0.0,0.2156465967041686
2026-07-25 18:00:00,EP072026,47,2026-07-29 12:00:00,3 days 18:00:00,90,18.49,-116.51,981.5,70.3,39.93981244746942,204.0530302034276,160.61372989781785,113.49933364167032,167.65799155707418,100.41968222736296,87.60668537377524,68.16560794022053,89.36365754044937,53.660090310732926,48.58326186205432,38.129262129672895,46.597462981510944
2026-07-25 18:00:00,EP072026,47,2026-07-29 18:00:00,4 days 00:00:00,96,19.15,-117.26,985.7,66.7,63.934041658360286,165.63760241839736,160.52403712071313,121.80414961408178,139.2202208614136,63.934041658360286,8.12742691115958,1.6487545356016602,9.518215860861496,63.934041658360286,0.0,0.0,0.0
2026-07-25 18:00:00,EP072026,47,2026-07-30 00:00:00,4 days 06:00:00,102,19.3,-117.89,987.7,61.6,46.46620791324753,225.16093659162283,181.66614740536127,126.3207310853768,201.05378459748096,117.44535867183318,86.64916754724703,61.15878598784848,90.9266050751288,0.0,0.0,0.0,0.0
2026-07-25 18:00:00,EP072026,47,2026-07-30 06:00:00,4 days 12:00:00,108,19.9,-119.03,989.7,58.9,48.853522352291336,241.3039613209538,203.3946229042895,145.54019932294253,206.2169212378432,53.13617312244396,35.122184533246184,20.558575713953537,34.03589023990443,0.0,0.0,0.0,0.0
2026-07-25 18:00:00,EP072026,47,2026-07-30 12:00:00,4 days 18:00:00,114,20.37,-119.95,992.2,56.7,65.8245596697828,249.10750234013605,187.6108608779506,139.64797010980726,219.54472322956852,82.37476849439595,58.07741622580643,37.756016276809774,57.30618075276809,0.0,0.0,0.0,0.0
2026-07-25 18:00:00,EP072026,47,2026-07-30 18:00:00,5 days 00:00:00,120,21.14,-121.17,999.5,48.1,97.8202142945753,180.84520663910237,148.81693718270031,113.78773870839905,155.2783963975544,0.0,0.0,0.0,0.0,0.0,0.0,0.0,0.0
2026-07-25 18:00:00,EP072026,47,2026-07-31 00:00:00,5 days 06:00:00,126,21.61,-122.48,997.5,49.9,68.41389329734602,222.34959750289545,181.35655476853208,147.07864957428592,193.00766284344536,0.0,0.0,0.0,0.0,0.0,0.0,0.0,0.0
2026-07-25 18:00:00,EP072026,47,2026-07-31 06:00:00,5 days 12:00:00,132,22.08,-123.89,998.3,52.3,54.649597850354496,144.13602472727953,124.47597149022454,89.62420688553189,116.4972694567196,54.649597850354496,1.1651161852044112,0.0,0.0,0.0,0.0,0.0,0.0
2026-07-25 18:00:00,EP072026,47,2026-07-31 12:00:00,5 days 18:00:00,138,22.25,-125.2,1004.8,37.9,102.95919048653246,218.6559763443776,190.43073779327037,166.49856685350676,205.8053458687782,0.0,0.0,0.0,0.0,0.0,0.0,0.0,0.0
2026-07-25 18:00:00,EP072026,47,2026-07-31 18:00:00,6 days 00:00:00,144,22.58,-126.39,1004.2,37.1,56.89735162723433,56.89735162723433,5.994865255828902,4.238828138853769,16.09362205010859,0.0,0.0,0.0,0.0,0.0,0.0,0.0,0.0
2026-07-25 18:00:00,EP072026,47,2026-08-01 00:00:00,6 days 06:00:00,150,23.03,-127.64,1006.8,32.1,38.704424534077134,0.0,0.0,0.0,0.0,0.0,0.0,0.0,0.0,0.0,0.0,0.0,0.0
2026-07-25 18:00:00,EP072026,47,2026-08-01 06:00:00,6 days 12:00:00,156,23.47,-129.04,1008.8,29.2,90.36170862200764,0.0,0.0,0.0,0.0,0.0,0.0,0.0,0.0,0.0,0.0,0.0,0.0
2026-07-25 18:00:00,EP072026,47,2026-08-01 12:00:00,6 days 18:00:00,162,23.67,-130.53,1006.9,31.8,42.23467575153491,0.0,0.0,0.0,0.0,0.0,0.0,0.0,0.0,0.0,0.0,0.0,0.0
2026-07-25 18:00:00,EP072026,47,2026-08-01 18:00:00,7 days 00:00:00,168,24.04,-132.44,1007.1,31.1,67.39305856307107,0.0,0.0,0.0,0.0,0.0,0.0,0.0,0.0,0.0,0.0,0.0,0.0
2026-07-25 18:00:00,EP072026,47,2026-08-02 00:00:00,7 days 06:00:00,174,24.43,-133.66,1007.4,26.7,45.0164129689738,0.0,0.0,0.0,0.0,0.0,0.0,0.0,0.0,0.0,0.0,0.0,0.0
2026-07-25 18:00:00,EP072026,47,2026-08-02 06:00:00,7 days 12:00:00,180,24.99,-135.85,1011.1,23.6,73.97803189096537,0.0,0.0,0.0,0.0,0.0,0.0,0.0,0.0,0.0,0.0,0.0,0.0
2026-07-25 18:00:00,EP072026,47,2026-08-02 12:00:00,7 days 18:00:00,186,24.74,-136.37,1008.4,24.8,123.2920314117273,0.0,0.0,0.0,0.0,0.0,0.0,0.0,0.0,0.0,0.0,0.0,0.0
2026-07-25 18:00:00,WP112026,47,2026-07-25 18:00:00,0 days 00:00:00,0,22.4,115.1,967.0,84.0,27.0,222.0,204.0,167.0,195.0,,,,,,,,
2026-07-25 18:00:00,WP112026,47,2026-07-26 00:00:00,0 days 06:00:00,6,23.04,114.37,979.1,64.0,30.27180040133166,153.45927772121215,145.789025343842,125.04381545002803,139.41883944095576,37.85669670947996,30.769000981866142,19.85018295817269,28.213468609920994,30.27180040133166,0.0,0.0,0.0
2026-07-25 18:00:00,WP112026,47,2026-07-26 06:00:00,0 days 12:00:00,12,23.7,113.96,983.7,50.4,22.11015386080376,144.85283640968424,133.03926934147836,106.07877865151892,114.9492249747607,5.350987608648444,22.11015386080376,1.5491327484848134,5.184232140703328,0.0,0.0,0.0,0.0
2026-07-25 18:00:00,WP112026,47,2026-07-26 12:00:00,0 days 18:00:00,18,24.1,114.08,987.7,44.0,71.90920433528287,111.8373721814731,106.34412671859133,69.37636246002207,78.1981265110557,0.0,0.0,0.0,0.0,0.0,0.0,0.0,0.0
2026-07-25 18:00:00,WP112026,47,2026-07-26 18:00:00,1 days 00:00:00,24,25.06,113.38,999.7,24.9,90.0829566373256,0.0,0.0,0.0,0.0,0.0,0.0,0.0,0.0,0.0,0.0,0.0,0.0
2026-07-25 18:00:00,WP112026,47,2026-07-27 00:00:00,1 days 06:00:00,30,26.62,113.1,1000.5,21.6,27.748113473589058,0.0,0.0,0.0,0.0,0.0,0.0,0.0,0.0,0.0,0.0,0.0,0.0
2026-07-25 18:00:00,WP112026,47,2026-07-27 06:00:00,1 days 12:00:00,36,26.99,112.86,1001.0,17.6,108.1614812018904,0.0,0.0,0.0,0.0,0.0,0.0,0.0,0.0,0.0,0.0,0.0,0.0
2026-07-25 18:00:00,WP112026,47,2026-07-27 12:00:00,1 days 18:00:00,42,27.73,112.6,998.3,22.1,88.55035741924655,0.0,0.0,0.0,0.0,0.0,0.0,0.0,0.0,0.0,0.0,0.0,0.0
2026-07-25 18:00:00,WP112026,47,2026-07-27 18:00:00,2 days 00:00:00,48,28.51,112.4,1003.7,18.1,72.26693598696937,0.0,0.0,0.0,0.0,0.0,0.0,0.0,0.0,0.0,0.0,0.0,0.0
2026-07-25 18:00:00,EP062026,48,2026-07-25 18:00:00,0 days 00:00:00,0,19.2,-137.0,971.0,86.0,56.0,297.0,241.0,185.0,297.0,130.0,74.0,74.0,111.0,65.0,46.0,37.0,65.0
2026-07-25 18:00:00,EP062026,48,2026-07-26 00:00:00,0 days 06:00:00,6,19.45,-138.05,984.2,74.8,41.32615789617058,229.5067861335043,175.9635361073476,127.30272510243778,187.2350762704468,110.97515892052942,92.82084644794593,68.40985048025455,91.10552639708354,53.29851302433678,43.98088976546253,34.17548028593937,45.48901717202153
2026-07-25 18:00:00,EP062026,48,2026-07-26 06:00:00,0 days 12:00:00,12,19.69,-139.07,983.0,72.2,32.67787868679066,178.7178018785997,151.7108421946694,123.64452686378633,158.73341465854904,87.90327778426433,74.31244850143123,55.158883525604814,75.19453973217136,41.2870917301499,35.20171449143555,27.677053914528194,34.95631061638689
2026-07-25 18:00:00,EP062026,48,2026-07-26 12:00:00,0 days 18:00:00,18,19.9,-140.29,988.4,65.5,33.457690703401866,172.7488565347304,124.27339474147205,91.66958227332162,150.16242106006067,45.720184371728365,31.30492315435948,14.984596329241976,35.5621407494778,33.457690703401866,9.871969493365764,4.790868697569192,12.337769048549394
2026-07-25 18:00:00,EP062026,48,2026-07-26 18:00:00,1 days 00:00:00,24,20.16,-141.28,985.2,68.8,53.104229664877366,239.1782828171117,174.3834309919793,139.2604529002105,199.36959351980468,99.61453696947146,78.01782950988357,55.7482864418996,84.11593270924831,53.104229664877366,35.301551940656125,26.170305597376068,36.99241216023937
2026-07-25 18:00:00,EP062026,48,2026-07-27 00:00:00,1 days 06:00:00,30,20.4,-142.28,974.6,77.6,38.21162879886468,211.4070164072484,160.24498728008382,111.53041836489156,166.30861981165515,38.21162879886468,5.678517375517497,0.1081385870683182,9.044792118736275,38.21162879886468,0.5860198668630392,0.0,2.44547348624122
2026-07-25 18:00:00,EP062026,48,2026-07-27 06:00:00,1 days 12:00:00,36,20.53,-143.57,989.2,63.2,53.146763533807984,139.00330823411628,103.90257849708732,87.31754961313652,111.1426357529458,58.11767648814044,46.10340713845409,31.30236967618383,48.65203754041236,0.0,0.0,0.0,0.0
2026-07-25 18:00:00,EP062026,48,2026-07-27 12:00:00,1 days 18:00:00,42,20.67,-144.77,986.7,67.6,24.225686979527755,180.3690294003454,136.94402596653774,96.16323182601876,150.6919476632811,63.65775432096834,50.33491781452794,31.621354631850984,49.10422959306266,26.428777926719125,20.54311398931311,13.31810239405423,20.72890042193517
2026-07-25 18:00:00,EP062026,48,2026-07-27 18:00:00,2 days 00:00:00,48,21.06,-146.0,987.8,57.0,58.62403273099848,216.85145478247424,175.00083989774186,112.94040752174315,161.65638929844823,58.62403273099848,9.672092406048591,1.598213383247013,8.915992362483333,0.0,0.0,0.0,0.0
2026-07-25 18:00:00,EP062026,48,2026-07-28 00:00:00,2 days 06:00:00,54,21.66,-147.51,996.2,54.3,40.69003861783331,158.85083420884757,121.59361217429029,83.27771984976576,135.6933585050807,40.69003861783331,31.803743168736155,22.606317036871783,28.17599528495559,0.0,0.0,0.0,0.0
2026-07-25 18:00:00,EP062026,48,2026-07-28 06:00:00,2 days 12:00:00,60,21.89,-148.71,998.8,52.5,84.62879841434187,270.8518711131446,231.82011983605756,179.87552226110893,236.44507964304464,84.62879841434187,24.65953834231044,18.11025395332408,23.6316608024419,0.0,0.0,0.0,0.0
2026-07-25 18:00:00,EP062026,48,2026-07-28 12:00:00,2 days 18:00:00,66,21.88,-149.87,997.2,50.4,94.85021792992453,209.50002598734392,173.70491265336645,141.93260431161707,188.6559421090812,94.85021792992453,31.16100244769618,26.449710778628894,29.297583726363943,0.0,0.0,0.0,0.0
2026-07-25 18:00:00,EP062026,48,2026-07-28 18:00:00,3 days 00:00:00,72,22.35,-151.3,1002.4,51.8,116.47985572635586,173.07409846575763,127.71011105760192,88.89256908894507,137.08013752711133,116.47985572635586,1.4103102585619265,0.0,3.595423757110101,0.0,0.0,0.0,0.0
2026-07-25 18:00:00,EP062026,48,2026-07-29 00:00:00,3 days 06:00:00,78,22.76,-152.34,1004.4,38.9,44.90076340814322,177.93961620689055,137.32089227698498,107.0107604108454,139.454997396308,0.0,0.0,0.0,0.0,0.0,0.0,0.0,0.0
2026-07-25 18:00:00,EP062026,48,2026-07-29 06:00:00,3 days 12:00:00,84,23.13,-153.38,1005.7,45.7,117.95265331504598,178.4280476507094,146.52360603630876,109.67408059991511,144.11499930408866,0.0,0.0,0.0,0.0,0.0,0.0,0.0,0.0
2026-07-25 18:00:00,EP062026,48,2026-07-29 12:00:00,3 days 18:00:00,90,23.17,-154.23,1003.8,48.6,58.98335417700278,225.52127353895335,193.4037212234303,152.89286495143034,190.58803646743291,0.0,0.0,0.0,0.0,0.0,0.0,0.0,0.0
2026-07-25 18:00:00,EP062026,48,2026-07-29 18:00:00,4 days 00:00:00,96,23.5,-154.98,1002.9,45.3,68.66589188949331,186.63428313680367,135.40540234447656,102.4596906073872,157.08257429198352,0.0,0.0,0.0,0.0,0.0,0.0,0.0,0.0
2026-07-25 18:00:00,EP062026,48,2026-07-30 00:00:00,4 days 06:00:00,102,23.76,-156.24,1002.1,34.3,76.59175828475307,76.59175828475307,8.396338072036777,0.0202362215974822,18.24365444364648,0.0,0.0,0.0,0.0,0.0,0.0,0.0,0.0
2026-07-25 18:00:00,EP062026,48,2026-07-30 06:00:00,4 days 12:00:00,108,23.93,-157.23,1007.9,37.5,129.8683376978557,129.8683376978557,0.0,0.0,1.250483874253696,0.0,0.0,0.0,0.0,0.0,0.0,0.0,0.0
2026-07-25 18:00:00,EP062026,48,2026-07-30 12:00:00,4 days 18:00:00,114,24.27,-158.32,1006.0,35.2,59.09543757245224,59.09543757245224,8.613066424813814,5.126079357493397,18.16914044852645,0.0,0.0,0.0,0.0,0.0,0.0,0.0,0.0
2026-07-25 18:00:00,EP062026,48,2026-07-30 18:00:00,5 days 00:00:00,120,24.61,-159.44,1005.4,39.1,71.12289814697422,71.12289814697422,0.0,0.0,5.826154945123808,0.0,0.0,0.0,0.0,0.0,0.0,0.0,0.0
2026-07-25 18:00:00,EP062026,48,2026-07-31 00:00:00,5 days 06:00:00,126,24.99,-161.09,1009.4,30.9,58.47040790385035,0.0,0.0,0.0,0.0,0.0,0.0,0.0,0.0,0.0,0.0,0.0,0.0
2026-07-25 18:00:00,EP072026,48,2026-07-25 18:00:00,0 days 00:00:00,0,11.2,-105.1,995.0,54.0,28.0,204.0,167.0,56.0,130.0,56.0,37.0,,,0.0,0.0,0.0,0.0
2026-07-25 18:00:00,EP072026,48,2026-07-26 00:00:00,0 days 06:00:00,6,12.09,-106.45,997.4,55.8,46.97246726169746,137.54978975430788,101.13503798873111,42.39006905971536,97.17576957195752,46.97246726169746,11.259657413201111,0.8805417853940245,11.35133973378571,0.0,0.0,0.0,0.0
2026-07-25 18:00:00,EP072026,48,2026-07-26 06:00:00,0 days 12:00:00,12,12.68,-107.88,991.4,67.6,34.67790310720588,170.721016020543,138.982719997959,100.73199900614908,139.14782029927832,75.26987569595897,61.10587725782575,41.19344019279137,62.014966548396295,34.67790310720588,25.543019206253817,17.56229778072521,25.41004672930752
2026-07-25 18:00:00,EP072026,48,2026-07-26 12:00:00,0 days 18:00:00,18,13.1,-108.97,988.3,68.9,21.614247819051645,224.72093807581123,173.64372938850534,113.73089573025035,176.58140238287706,87.26421948069108,68.61220921566206,43.5573521100459,69.06590190933363,37.72486452731293,29.70704471207596,20.42555938528252,29.795774705936207
2026-07-25 18:00:00,EP072026,48,2026-07-26 18:00:00,1 days 00:00:00,24,13.62,-109.93,976.0,88.2,33.962273634271355,231.58412833313,179.22661711659345,118.4483423843486,191.2226403057521,112.49951848763628,91.32821594461032,64.71504010729932,95.10763574625628,53.09502465110055,44.26737628354586,33.33587849102202,45.48209490114663
2026-07-25 18:00:00,EP072026,48,2026-07-27 00:00:00,1 days 06:00:00,30,14.15,-110.35,955.3,116.9,19.893907444391147,153.86770032025052,140.06469260735275,125.66173381104528,146.58927304925922,87.16169512546142,77.26526856285543,65.34790893149344,80.26194645900044,45.31029641193156,41.73474755473805,35.037475014466615,39.65342098398708
2026-07-25 18:00:00,EP072026,48,2026-07-27 06:00:00,1 days 12:00:00,36,14.31,-111.28,976.0,88.0,39.744504238005966,295.2039958563662,247.72662651469105,183.62683461305403,242.10352343914175,95.55937785149962,78.96236901714586,53.4677892143272,78.19825468225528,44.12333379000448,37.31200680531292,27.9041594740846,37.27144204307246
2026-07-25 18:00:00,EP072026,48,2026-07-27 12:00:00,1 days 18:00:00,42,14.99,-112.33,967.1,99.0,23.53227784107457,237.0225618149844,229.9791051302388,173.9870591801366,191.2111852722172,104.62751093565996,91.41792693134973,60.98895693140692,83.25145849147839,49.01484442770524,42.04772870942646,29.32907193692663,38.94192719001009
2026-07-25 18:00:00,EP072026,48,2026-07-27 18:00:00,2 days 00:00:00,48,15.49,-112.72,975.7,85.5,42.393549990552735,243.33351853867697,194.04908741522715,123.15610558679606,187.08144859859377,106.75653417270902,89.71319079412984,64.58815571550618,88.9553638503304,51.11259082526093,43.784361728379295,32.76792068881577,42.32946212474353
2026-07-25 18:00:00,EP072026,48,2026-07-28 00:00:00,2 days 06:00:00,54,15.88,-113.58,978.0,85.1,40.698720750601154,303.2997996959561,231.40351118270405,152.30687672030055,247.2007257353032,140.331482509827,114.89771820669264,86.43898298399301,115.70893312797256,66.86275319176583,57.84867014924394,44.63312373021624,57.09888294181314
2026-07-25 18:00:00,EP072026,48,2026-07-28 06:00:00,2 days 12:00:00,60,16.33,-114.27,952.2,113.8,44.81704246673311,235.3695615941843,178.4542248062674,135.2609218398698,212.03868711314675,123.45775312094784,103.41096160574617,83.39194069412602,109.24663395993444,65.13740325808908,55.76761894290604,46.53001404876282,57.44051033185506
2026-07-25 18:00:00,EP072026,48,2026-07-28 12:00:00,2 days 18:00:00,66,16.46,-114.81,952.1,117.4,30.187631996853025,181.8933327676964,142.173349920884,110.36164618545592,168.5300372795892,94.61403115556708,73.92151897541592,60.06967631982816,84.18725107307893,52.32832557714401,43.27717305113044,36.007250360946266,46.4615117957644
2026-07-25 18:00:00,EP072026,48,2026-07-28 18:00:00,3 days 00:00:00,72,16.99,-115.44,951.0,107.2,29.77613068004399,258.9579419224951,226.0150043340036,163.5474810164562,225.4337622231995,139.67303802682892,118.45295752940297,91.03531831306394,118.58941880480307,72.32826653819387,64.96296363867998,52.44239716341924,63.34070964015852
2026-07-25 18:00:00,EP072026,48,2026-07-29 00:00:00,3 days 06:00:00,78,17.18,-116.26,958.7,100.9,30.795535715356856,193.58504356439985,157.06454809512766,133.11182161662248,177.61974694292786,95.7533979483035,78.1148080895566,61.40604416281374,80.70349446810317,49.08485391221001,42.35558330572872,34.267964978754776,42.9762124150564
2026-07-25 18:00:00,EP072026,48,2026-07-29 06:00:00,3 days 12:00:00,84,17.64,-117.2,965.4,98.2,61.3602848715269,249.02844122562465,192.92716311754668,144.08699531093455,211.53627392005876,129.2316624000069,108.51830432092244,84.20322672774282,108.69106198956936,63.52755423137791,54.80324366109265,45.189762575269285,56.05054037395508
2026-07-25 18:00:00,EP072026,48,2026-07-29 12:00:00,3 days 18:00:00,90,17.93,-117.78,966.7,99.4,35.33866081955764,232.545422071953,193.68903603766088,142.15612922544693,209.0393034416969,121.79152748264778,100.49820117483934,75.44180887307441,100.47431928093737,58.61011845101904,50.815484871523054,40.49457800973509,51.16235023804559
2026-07-25 18:00:00,EP072026,48,2026-07-29 18:00:00,4 days 00:00:00,96,17.96,-118.7,963.0,93.1,29.94451957640413,210.9450116787901,169.60997002774695,130.5196689739369,200.06153423234923,111.31323294912892,87.85179306536322,63.06099006771687,95.84604783793908,54.797600722020114,43.8001985054921,33.81689599746716,46.95631088505584
2026-07-25 18:00:00,EP072026,48,2026-07-30 00:00:00,4 days 06:00:00,102,17.86,-119.41,958.1,108.4,38.11511347253358,291.9359462261365,231.033179553994,191.5124749881237,257.75421010272044,148.23444909578177,131.0362666805064,111.2276998833361,131.03634406407016,80.96473862472655,73.52824229912824,62.74525673749935,72.67116116436412
2026-07-25 18:00:00,EP072026,48,2026-07-30 06:00:00,4 days 12:00:00,108,18.55,-120.4,969.9,84.1,39.66752397221543,273.758138864707,217.06600316882648,176.11311361979477,237.14477523950168,151.10684111380058,131.29147061171994,104.37133432774046,129.23392127050576,76.63584124151197,67.73365161924688,55.24858801755029,67.35587274560007
2026-07-25 18:00:00,EP072026,48,2026-07-30 12:00:00,4 days 18:00:00,114,18.83,-121.22,977.5,72.9,21.731579061774216,219.5876614432941,182.8089144128228,140.69227570052433,199.03987419465835,107.82961707845882,87.74380301963168,60.66712109136188,91.71707121343633,50.056125705801705,40.03372582738329,28.59732229063853,41.13604969938736
2026-07-25 18:00:00,EP072026,48,2026-07-30 18:00:00,5 days 00:00:00,120,19.28,-122.25,992.1,57.5,12.599598285690092,222.40686816821943,178.35802298894356,125.42003030890162,178.23442421217277,117.43461723161886,105.19073381530968,79.99168716398995,94.0064854120686,0.0,0.0,0.0,0.0
2026-07-25 18:00:00,EP072026,48,2026-07-31 00:00:00,5 days 06:00:00,126,19.94,-123.33,988.4,61.7,16.02560756321293,175.84653916647676,151.45975010986376,98.94623303590038,144.7367683549419,62.42855327844666,52.977703690025805,36.645847176760014,46.76942653702031,0.0,0.0,0.0,0.0
2026-07-25 18:00:00,EP072026,48,2026-07-31 06:00:00,5 days 12:00:00,132,20.48,-124.87,993.9,53.3,43.512222295048005,193.14586121172368,148.60786348874203,100.10912280701262,165.74750335434987,61.6356812661966,48.55457232446814,29.848521141043356,45.64662780098756,0.0,0.0,0.0,0.0
2026-07-25 18:00:00,EP072026,48,2026-07-31 12:00:00,5 days 18:00:00,138,20.78,-126.48,998.1,51.9,21.67253186875375,155.08524612481486,135.2626141609851,92.46908251108114,136.27524068236687,57.44488962327792,51.27526743144176,41.67830506388961,44.91031190446347,0.0,0.0,0.0,0.0
2026-07-25 18:00:00,EP072026,48,2026-07-31 18:00:00,6 days 00:00:00,144,21.02,-128.17,1003.4,41.9,49.537478897935486,117.5193962900616,88.71226941114702,69.31927709147269,112.60948965003628,0.0,0.0,0.0,0.0,0.0,0.0,0.0,0.0
2026-07-25 18:00:00,EP072026,48,2026-08-01 00:00:00,6 days 06:00:00,150,21.22,-130.01,996.3,46.0,38.87962897894776,106.8166328329385,71.87203335177203,38.22607944092255,80.47057610234432,0.0,0.0,0.0,0.0,0.0,0.0,0.0,0.0
2026-07-25 18:00:00,EP072026,48,2026-08-01 06:00:00,6 days 12:00:00,156,21.57,-131.7,998.5,50.3,46.01846802691536,157.8592635338285,124.4765082535467,87.41425684122751,128.93879818227012,46.01846802691536,0.9603235581769468,0.0,3.730915709163829,0.0,0.0,0.0,0.0
2026-07-25 18:00:00,EP072026,48,2026-08-01 12:00:00,6 days 18:00:00,162,21.85,-133.19,1004.1,43.9,80.58777987981665,171.89628397314752,132.03716748804527,98.35785933959409,139.0742965228785,0.0,0.0,0.0,0.0,0.0,0.0,0.0,0.0
2026-07-25 18:00:00,EP072026,48,2026-08-01 18:00:00,7 days 00:00:00,168,22.13,-134.49,1004.2,36.8,57.48166381452907,142.35551643059267,103.53693059975942,77.3594205128752,114.70722152684108,0.0,0.0,0.0,0.0,0.0,0.0,0.0,0.0
2026-07-25 18:00:00,EP072026,48,2026-08-02 00:00:00,7 days 06:00:00,174,22.42,-136.0,1008.1,33.9,119.11220902277137,0.0,0.0,0.0,0.0,0.0,0.0,0.0,0.0,0.0,0.0,0.0,0.0
2026-07-25 18:00:00,EP072026,48,2026-08-02 06:00:00,7 days 12:00:00,180,22.68,-137.38,1006.7,30.0,79.02906985712701,0.0,0.0,0.0,0.0,0.0,0.0,0.0,0.0,0.0,0.0,0.0,0.0
2026-07-25 18:00:00,EP072026,48,2026-08-02 12:00:00,7 days 18:00:00,186,23.16,-138.41,1004.7,30.4,147.06161263678223,0.0,0.0,0.0,0.0,0.0,0.0,0.0,0.0,0.0,0.0,0.0,0.0
2026-07-25 18:00:00,EP072026,48,2026-08-02 18:00:00,8 days 00:00:00,192,23.26,-139.8,1008.6,28.4,127.37641454548576,0.0,0.0,0.0,0.0,0.0,0.0,0.0,0.0,0.0,0.0,0.0,0.0
2026-07-25 18:00:00,EP072026,48,2026-08-03 00:00:00,8 days 06:00:00,198,23.76,-140.6,1007.6,28.8,73.62865050477858,0.0,0.0,0.0,0.0,0.0,0.0,0.0,0.0,0.0,0.0,0.0,0.0
2026-07-25 18:00:00,EP072026,48,2026-08-03 06:00:00,8 days 12:00:00,204,23.83,-142.0,1008.7,22.6,172.5825802533015,0.0,0.0,0.0,0.0,0.0,0.0,0.0,0.0,0.0,0.0,0.0,0.0
2026-07-25 18:00:00,EP072026,48,2026-08-03 12:00:00,8 days 18:00:00,210,24.51,-142.48,1009.6,24.0,72.84225400660364,0.0,0.0,0.0,0.0,0.0,0.0,0.0,0.0,0.0,0.0,0.0,0.0
2026-07-25 18:00:00,WP112026,48,2026-07-25 18:00:00,0 days 00:00:00,0,22.4,115.1,967.0,84.0,27.0,222.0,204.0,167.0,195.0,,,,,,,,
2026-07-25 18:00:00,WP112026,48,2026-07-26 00:00:00,0 days 06:00:00,6,23.01,114.5,977.7,72.8,14.485418013829758,211.69077990376357,180.1225622012953,137.3582087525624,194.74183867955253,103.462236346204,91.56406419414724,70.26427116378773,89.42728064550738,48.74872485959918,43.84418351053614,36.47571585932724,43.50629159847222
2026-07-25 18:00:00,WP112026,48,2026-07-26 06:00:00,0 days 12:00:00,12,23.52,114.45,977.0,59.2,22.57399797411196,126.02072597078994,122.41282842422146,82.71545616318487,96.39568257432413,52.2314329558716,47.92185237694376,32.90400918391058,39.02879823558966,0.0,0.0,0.0,0.0
2026-07-25 18:00:00,WP112026,48,2026-07-26 12:00:00,0 days 18:00:00,18,24.07,113.91,995.1,41.0,31.895387739371323,105.06246394082314,83.45643847211522,59.1524189703342,76.93849653661087,0.0,0.0,0.0,0.0,0.0,0.0,0.0,0.0
2026-07-25 18:00:00,WP112026,48,2026-07-26 18:00:00,1 days 00:00:00,24,24.71,113.63,999.3,25.8,54.80706541875645,0.0,0.0,0.0,0.0,0.0,0.0,0.0,0.0,0.0,0.0,0.0,0.0
2026-07-25 18:00:00,WP112026,48,2026-07-27 00:00:00,1 days 06:00:00,30,26.41,113.9,996.6,32.1,82.30216008891995,0.0,0.0,0.0,0.0,0.0,0.0,0.0,0.0,0.0,0.0,0.0,0.0
2026-07-25 18:00:00,WP112026,48,2026-07-27 06:00:00,1 days 12:00:00,36,27.11,113.93,998.6,30.2,80.68727087179585,0.0,0.0,0.0,0.0,0.0,0.0,0.0,0.0,0.0,0.0,0.0,0.0
2026-07-25 18:00:00,WP112026,48,2026-07-27 12:00:00,1 days 18:00:00,42,27.81,112.82,1003.6,15.6,76.48152593567437,0.0,0.0,0.0,0.0,0.0,0.0,0.0,0.0,0.0,0.0,0.0,0.0
2026-07-25 18:00:00,WP112026,48,2026-07-27 18:00:00,2 days 00:00:00,48,29.11,112.46,1002.7,21.0,106.58067281603472,0.0,0.0,0.0,0.0,0.0,0.0,0.0,0.0,0.0,0.0,0.0,0.0
2026-07-25 18:00:00,WP112026,48,2026-07-28 00:00:00,2 days 06:00:00,54,29.75,112.42,1004.6,16.7,84.36052527989327,0.0,0.0,0.0,0.0,0.0,0.0,0.0,0.0,0.0,0.0,0.0,0.0
2026-07-25 18:00:00,EP062026,49,2026-07-25 18:00:00,0 days 00:00:00,0,19.2,-137.0,971.0,86.0,56.0,297.0,241.0,185.0,297.0,130.0,74.0,74.0,111.0,65.0,46.0,37.0,65.0
2026-07-25 18:00:00,EP062026,49,2026-07-26 00:00:00,0 days 06:00:00,6,19.25,-138.03,982.1,74.6,57.40467452564703,200.5288034830083,145.83633504564727,112.23697028885177,164.91593482321238,84.32397620694832,64.55699733159487,45.64283548068125,68.10302639332264,57.40467452564703,28.58425444089628,22.56360326826597,29.45476336128919
2026-07-25 18:00:00,EP062026,49,2026-07-26 06:00:00,0 days 12:00:00,12,19.54,-139.39,980.8,72.1,36.90233629358352,245.69267715769,191.5041390911529,155.51978354575704,209.596858597366,88.57088433105264,64.37649382486825,42.0344418924401,70.8987633908514,36.90233629358352,16.858074104661114,11.562740583515932,18.94313288867056
2026-07-25 18:00:00,EP062026,49,2026-07-26 12:00:00,0 days 18:00:00,18,19.48,-140.41,984.8,71.6,49.44671083265639,194.93607753507243,144.99987599757358,103.94998793714558,159.39502145118536,90.2767273942254,72.15270537697872,52.30015521563024,74.91142893532239,49.44671083265639,32.274082256954706,24.56745686611007,32.2167123091226
2026-07-25 18:00:00,EP062026,49,2026-07-26 18:00:00,1 days 00:00:00,24,19.62,-141.75,983.8,75.8,23.678757666638145,217.71910224494383,164.6908544480117,118.05471125233612,177.6211365442458,76.30842065659371,58.41841258142154,41.20497801609045,63.90096055624314,28.250981422375823,22.805211050797457,16.83866749828274,24.21138874252817
2026-07-25 18:00:00,EP062026,49,2026-07-27 00:00:00,1 days 06:00:00,30,20.12,-142.63,977.3,78.2,44.39240700020708,280.1924337519496,215.2791163953005,158.35661365050117,231.0817061978803,117.25870251262468,90.69072425978364,64.26943330336367,95.16111022288254,44.39240700020708,33.00920352827653,24.56109742138391,34.078787268807446
2026-07-25 18:00:00,EP062026,49,2026-07-27 06:00:00,1 days 12:00:00,36,20.67,-143.58,968.4,97.0,59.648782543481246,314.8370828896564,273.9520824370113,211.7481639060636,250.41019125977937,156.6701954650448,138.04563785782187,106.52970596958704,126.5647245904907,66.76210055367915,61.91449363952839,50.31154887183925,58.706952450770416
2026-07-25 18:00:00,EP062026,49,2026-07-27 12:00:00,1 days 18:00:00,42,20.9,-145.44,982.9,71.0,57.035530992715024,246.6094562066222,187.3925732792216,121.112180149434,195.3325863081261,103.80059615223712,80.9835264128615,54.36418108849496,83.67318205209656,57.035530992715024,24.869932021619263,18.540998879639865,26.46638886987873
2026-07-25 18:00:00,EP062026,49,2026-07-27 18:00:00,2 days 00:00:00,48,21.15,-147.26,995.3,52.3,80.29705065589917,285.37941723989337,227.20525013961168,181.29310654318292,237.50497923601665,80.29705065589917,42.3998549284769,28.27581366884249,42.755277028996325,0.0,0.0,0.0,0.0
2026-07-25 18:00:00,EP062026,49,2026-07-28 00:00:00,2 days 06:00:00,54,21.33,-148.12,1000.0,43.8,57.23281120510677,257.191632910499,216.11278981638287,165.69264431490424,210.8968182179433,0.0,0.0,0.0,0.0,0.0,0.0,0.0,0.0
2026-07-25 18:00:00,EP062026,49,2026-07-28 06:00:00,2 days 12:00:00,60,21.29,-149.36,1001.2,46.8,78.55562735965847,171.80049494594363,122.23007067054056,88.35630035222069,133.57846229052063,0.0,0.0,0.0,0.0,0.0,0.0,0.0,0.0
2026-07-25 18:00:00,EP062026,49,2026-07-28 12:00:00,2 days 18:00:00,66,21.46,-150.73,1005.6,39.2,71.88512747895652,221.749343799401,179.32043945807777,138.367686380456,187.33786562755813,0.0,0.0,0.0,0.0,0.0,0.0,0.0,0.0
2026-07-25 18:00:00,EP062026,49,2026-07-28 18:00:00,3 days 00:00:00,72,21.67,-152.08,1003.4,38.9,93.22838236299764,174.3052858844847,149.57976772657605,116.00451217654486,139.29976393206854,0.0,0.0,0.0,0.0,0.0,0.0,0.0,0.0
2026-07-25 18:00:00,EP062026,49,2026-07-29 00:00:00,3 days 06:00:00,78,21.74,-153.12,1004.9,36.5,84.07604362492606,232.4944865579785,200.63883987811835,162.78461184347373,188.61998271231903,0.0,0.0,0.0,0.0,0.0,0.0,0.0,0.0
2026-07-25 18:00:00,EP062026,49,2026-07-29 06:00:00,3 days 12:00:00,84,22.09,-154.15,1006.4,37.0,157.39614616317863,157.39614616317863,2.9529639748944057,0.0,1.5813681196757194,0.0,0.0,0.0,0.0,0.0,0.0,0.0,0.0
2026-07-25 18:00:00,EP062026,49,2026-07-29 12:00:00,3 days 18:00:00,90,22.34,-155.18,1003.7,31.4,89.20074490213679,0.0,0.0,0.0,0.0,0.0,0.0,0.0,0.0,0.0,0.0,0.0,0.0
2026-07-25 18:00:00,EP062026,49,2026-07-29 18:00:00,4 days 00:00:00,96,22.28,-155.81,1007.6,29.7,82.12896752655712,0.0,0.0,0.0,0.0,0.0,0.0,0.0,0.0,0.0,0.0,0.0,0.0
2026-07-25 18:00:00,EP062026,49,2026-07-30 00:00:00,4 days 06:00:00,102,22.24,-157.11,1010.2,25.2,166.220728940279,0.0,0.0,0.0,0.0,0.0,0.0,0.0,0.0,0.0,0.0,0.0,0.0
2026-07-25 18:00:00,EP062026,49,2026-07-30 06:00:00,4 days 12:00:00,108,22.64,-158.87,1009.0,29.7,82.36701562779099,0.0,0.0,0.0,0.0,0.0,0.0,0.0,0.0,0.0,0.0,0.0,0.0
2026-07-25 18:00:00,EP062026,49,2026-07-30 12:00:00,4 days 18:00:00,114,22.03,-161.5,1012.6,19.0,173.24588900397904,0.0,0.0,0.0,0.0,0.0,0.0,0.0,0.0,0.0,0.0,0.0,0.0
2026-07-25 18:00:00,EP062026,49,2026-07-30 18:00:00,5 days 00:00:00,120,22.81,-162.49,1010.4,23.3,94.527997161975,0.0,0.0,0.0,0.0,0.0,0.0,0.0,0.0,0.0,0.0,0.0,0.0
2026-07-25 18:00:00,EP072026,49,2026-07-25 18:00:00,0 days 00:00:00,0,11.2,-105.1,995.0,54.0,28.0,204.0,167.0,56.0,130.0,56.0,37.0,,,0.0,0.0,0.0,0.0
2026-07-25 18:00:00,EP072026,49,2026-07-26 00:00:00,0 days 06:00:00,6,12.11,-106.56,990.9,63.1,18.914499037334224,126.40818181965749,104.23089190705976,71.30805087606774,90.51098673500412,18.914499037334224,8.083989441135405,0.8109872950302037,6.7410026735754895,0.0,0.0,0.0,0.0
2026-07-25 18:00:00,EP072026,49,2026-07-26 06:00:00,0 days 12:00:00,12,12.51,-107.91,984.8,70.5,27.06962387203572,234.8111874806396,191.1413266316883,139.93820059135265,191.7117372288056,89.88203275095132,72.22940708464546,50.64900367973635,71.63605250597371,27.06962387203572,17.626692665270152,12.971713305869413,18.450308352528275
2026-07-25 18:00:00,EP072026,49,2026-07-26 12:00:00,0 days 18:00:00,18,12.96,-109.04,989.4,69.5,49.7935840853871,217.22630795789476,175.31908459851223,114.83997209863496,168.0892704904482,49.7935840853871,35.56362162110212,20.147837733956976,34.7093907251998,49.7935840853871,2.3325438341289675,0.5600064068133803,2.782170858126105
2026-07-25 18:00:00,EP072026,49,2026-07-26 18:00:00,1 days 00:00:00,24,13.37,-110.27,979.5,79.5,11.118013505993854,218.9497939507657,196.0324707366017,132.99734596402,179.68882381021234,79.42961058310645,63.75825548517247,40.74871617744177,60.722945544002,25.58473850390488,21.107109712454218,14.345008734619544,20.90724199560863
2026-07-25 18:00:00,EP072026,49,2026-07-27 00:00:00,1 days 06:00:00,30,14.08,-111.22,974.6,87.6,10.562131026168764,241.7650584986989,207.427761622292,131.96208470183154,187.62446859690775,46.84580335888554,29.81988400430012,7.73434865197625,28.60063995531519,10.562131026168764,1.6249949992257742,0.0,3.339941103555829
2026-07-25 18:00:00,EP072026,49,2026-07-27 06:00:00,1 days 12:00:00,36,14.63,-112.25,961.9,113.5,17.81899188884779,294.72564696020345,236.7244844308032,158.8111964249107,210.97855750413785,132.68178025368752,114.41671024442871,85.89249859423171,103.5293640422026,57.09545871749191,53.32260631212745,40.98745298450939,49.93302603427128
2026-07-25 18:00:00,EP072026,49,2026-07-27 12:00:00,1 days 18:00:00,42,15.11,-113.02,974.7,83.1,20.21495638799225,212.6156491107456,158.89628065970928,104.137711683185,180.56722037055783,103.30331452476358,75.54077363596835,54.6380839542164,84.31224726224696,41.45316277100128,33.484544701885106,25.67088944542735,35.77764107066665
2026-07-25 18:00:00,EP072026,49,2026-07-27 18:00:00,2 days 00:00:00,48,15.93,-113.8,961.5,101.1,22.08325333335437,258.938746490297,209.1039077432546,125.53962556666036,199.2742610602939,120.77693756343932,95.3132419092988,64.43757338709247,96.0069036576962,58.84606446740296,50.03454858596941,37.56423283854686,49.48654122874906
2026-07-25 18:00:00,EP072026,49,2026-07-28 00:00:00,2 days 06:00:00,54,16.5,-114.82,955.1,100.2,33.59585330683633,246.66768495086097,205.5037156404538,133.64365849204748,194.2248530518709,90.1054191579671,73.33540323163045,46.3712229103258,70.1191019526423,41.025330821444,33.79832849331086,23.82630962294088,34.348057009231994
2026-07-25 18:00:00,EP072026,49,2026-07-28 06:00:00,2 days 12:00:00,60,16.83,-115.66,953.6,103.3,30.69804327208669,250.68868330040985,199.1195773653158,139.97862460330776,210.8282927240197,98.12773980297658,70.82183441267537,48.48907261113618,82.81014057978774,49.578695190009554,39.50827296823939,28.989316867860914,41.52712245149435
2026-07-25 18:00:00,EP072026,49,2026-07-28 12:00:00,2 days 18:00:00,66,17.17,-116.22,964.4,98.3,53.80485281873121,280.2774707064113,230.91345866018315,162.84424751115435,214.36291513303584,94.44408365854488,77.69981642768366,51.75378368268339,73.8086934976661,53.80485281873121,29.363946388920485,20.06157849200298,29.284271216872547
2026-07-25 18:00:00,EP072026,49,2026-07-28 18:00:00,3 days 00:00:00,72,17.36,-116.79,964.0,94.1,41.2893123960742,227.75146405658543,212.22721293564743,143.3410436592294,189.313677253303,94.22059098739489,80.73975807005183,63.04464472382504,80.75815219046255,55.09586410081302,47.45998174908014,38.24779597754314,46.27822897895858
2026-07-25 18:00:00,EP072026,49,2026-07-29 00:00:00,3 days 06:00:00,78,17.78,-117.63,969.7,89.5,34.48350159990908,252.7172268002014,224.8274483012575,154.30291286887729,211.0027070700592,104.20170919191077,83.80140055594177,60.07319159324671,83.085855732861,44.170928380124096,36.37762695412573,28.10017803948164,37.121457946950514
2026-07-25 18:00:00,EP072026,49,2026-07-29 06:00:00,3 days 12:00:00,84,17.89,-118.35,971.0,86.7,33.23195179844235,271.4481715736528,258.84148360074414,195.93824885109603,231.43902676299228,74.38527946667658,60.21567301389342,40.89743135996888,60.48416269794541,33.23195179844235,15.689365662959965,11.505416813824842,16.178164259946392
2026-07-25 18:00:00,EP072026,49,2026-07-29 12:00:00,3 days 18:00:00,90,18.34,-119.09,973.2,82.1,22.14326899132103,207.4179357340316,163.17109597845797,102.18046082139576,168.0917359612573,110.77443685560743,88.02059897136124,65.24573081813352,90.70275601683812,54.819140441478126,47.001808132561074,35.922592300327324,45.59928150942848
2026-07-25 18:00:00,EP072026,49,2026-07-29 18:00:00,4 days 00:00:00,96,18.65,-119.62,967.1,93.8,33.72257265069911,298.6704548908677,280.0123108864629,205.44688415179132,237.65523711742625,142.90502768224965,132.75228973970675,108.19026830128637,116.22429722659504,68.21360700393913,68.03697536274711,56.396871155130086,61.12574183665929
2026-07-25 18:00:00,EP072026,49,2026-07-30 00:00:00,4 days 06:00:00,102,19.14,-120.68,988.6,60.3,53.01524894893238,401.9696841334693,345.0213798325459,263.15094509539045,328.50585153549906,101.9313760545022,82.6560805631245,52.256103572862486,75.03132592222444,0.0,0.0,0.0,0.0
2026-07-25 18:00:00,EP072026,49,2026-07-30 06:00:00,4 days 12:00:00,108,19.4,-121.58,990.7,64.7,47.96993156741526,238.90281166259007,193.06478015064005,150.95681008391904,192.73914195755623,83.62561282276803,65.37419649308683,46.18342831937279,65.40597412437086,47.96993156741526,18.91385853606552,14.362413844312735,18.77370667372524
2026-07-25 18:00:00,EP072026,49,2026-07-30 12:00:00,4 days 18:00:00,114,19.71,-122.71,991.3,52.0,93.53756289379456,299.8735908931116,255.66152541394436,195.6656804336953,242.5333150237492,93.53756289379456,48.75125568338733,31.6410311248716,47.12212030684084,0.0,0.0,0.0,0.0
2026-07-25 18:00:00,EP072026,49,2026-07-30 18:00:00,5 days 00:00:00,120,20.19,-123.55,996.7,46.4,63.56436882877711,128.2115713938564,86.07877806425367,61.93166819073898,93.53949772895682,0.0,0.0,0.0,0.0,0.0,0.0,0.0,0.0
2026-07-25 18:00:00,EP072026,49,2026-07-31 00:00:00,5 days 06:00:00,126,20.64,-124.6,996.2,42.6,78.90095189287706,147.05002202196923,112.87927650812928,87.5127061738737,111.0836496592665,0.0,0.0,0.0,0.0,0.0,0.0,0.0,0.0
2026-07-25 18:00:00,EP072026,49,2026-07-31 06:00:00,5 days 12:00:00,132,20.78,-125.85,1005.4,39.7,116.70962069600746,233.07455040049064,172.9913117330899,136.79996708304787,187.68785223774728,0.0,0.0,0.0,0.0,0.0,0.0,0.0,0.0
2026-07-25 18:00:00,EP072026,49,2026-07-31 12:00:00,5 days 18:00:00,138,21.26,-126.88,1003.8,36.3,79.3947919159964,79.3947919159964,22.257377156410485,9.83184291831958,26.887671667169343,0.0,0.0,0.0,0.0,0.0,0.0,0.0,0.0
2026-07-25 18:00:00,EP072026,49,2026-07-31 18:00:00,6 days 00:00:00,144,21.5,-127.84,1005.5,31.7,152.32726140529644,0.0,0.0,0.0,0.0,0.0,0.0,0.0,0.0,0.0,0.0,0.0,0.0
2026-07-25 18:00:00,EP072026,49,2026-08-01 00:00:00,6 days 06:00:00,150,22.14,-128.97,1003.9,34.4,130.13158517986923,130.13158517986923,53.31810723105406,39.49620072651955,56.30248177864445,0.0,0.0,0.0,0.0,0.0,0.0,0.0,0.0
2026-07-25 18:00:00,EP072026,49,2026-08-01 06:00:00,6 days 12:00:00,156,22.62,-130.06,1005.0,34.7,157.58420475258856,157.58420475258856,55.379711683567294,44.93446280767519,62.4196798514279,0.0,0.0,0.0,0.0,0.0,0.0,0.0,0.0
2026-07-25 18:00:00,EP072026,49,2026-08-01 12:00:00,6 days 18:00:00,162,23.54,-131.2,1004.0,31.1,102.47050268361686,0.0,0.0,0.0,0.0,0.0,0.0,0.0,0.0,0.0,0.0,0.0,0.0
2026-07-25 18:00:00,EP072026,49,2026-08-01 18:00:00,7 days 00:00:00,168,24.43,-132.27,1006.4,31.3,95.57876127129155,0.0,0.0,0.0,0.0,0.0,0.0,0.0,0.0,0.0,0.0,0.0,0.0
2026-07-25 18:00:00,EP072026,49,2026-08-02 00:00:00,7 days 06:00:00,174,25.06,-132.78,1003.2,34.7,108.46852027257565,108.46852027257565,28.49934376357043,23.901558151406487,35.57639854852236,0.0,0.0,0.0,0.0,0.0,0.0,0.0,0.0
2026-07-25 18:00:00,EP072026,49,2026-08-02 06:00:00,7 days 12:00:00,180,25.65,-133.65,1003.4,31.4,86.29915782800552,0.0,0.0,0.0,0.0,0.0,0.0,0.0,0.0,0.0,0.0,0.0,0.0
2026-07-25 18:00:00,EP072026,49,2026-08-02 12:00:00,7 days 18:00:00,186,26.37,-134.89,1004.0,29.6,152.39589172848105,0.0,0.0,0.0,0.0,0.0,0.0,0.0,0.0,0.0,0.0,0.0,0.0
2026-07-25 18:00:00,EP072026,49,2026-08-02 18:00:00,8 days 00:00:00,192,26.78,-135.29,1010.5,24.3,168.68182588261226,0.0,0.0,0.0,0.0,0.0,0.0,0.0,0.0,0.0,0.0,0.0,0.0
2026-07-25 18:00:00,EP072026,49,2026-08-03 00:00:00,8 days 06:00:00,198,27.1,-135.63,1004.9,29.3,115.70733921281828,0.0,0.0,0.0,0.0,0.0,0.0,0.0,0.0,0.0,0.0,0.0,0.0
2026-07-25 18:00:00,EP072026,49,2026-08-03 06:00:00,8 days 12:00:00,204,27.91,-136.24,1006.8,27.0,153.47052050288914,0.0,0.0,0.0,0.0,0.0,0.0,0.0,0.0,0.0,0.0,0.0,0.0
2026-07-25 18:00:00,EP072026,49,2026-08-03 12:00:00,8 days 18:00:00,210,27.85,-136.5,1007.6,19.3,84.86004752203036,0.0,0.0,0.0,0.0,0.0,0.0,0.0,0.0,0.0,0.0,0.0,0.0
2026-07-25 18:00:00,EP072026,49,2026-08-03 18:00:00,9 days 00:00:00,216,28.51,-136.49,1009.4,23.8,57.68777413536961,0.0,0.0,0.0,0.0,0.0,0.0,0.0,0.0,0.0,0.0,0.0,0.0
2026-07-25 18:00:00,EP072026,49,2026-08-04 00:00:00,9 days 06:00:00,222,29.08,-135.36,1010.0,22.0,82.59007829983487,0.0,0.0,0.0,0.0,0.0,0.0,0.0,0.0,0.0,0.0,0.0,0.0
2026-07-25 18:00:00,WP112026,49,2026-07-25 18:00:00,0 days 00:00:00,0,22.4,115.1,967.0,84.0,27.0,222.0,204.0,167.0,195.0,,,,,,,,
2026-07-25 18:00:00,WP112026,49,2026-07-26 00:00:00,0 days 06:00:00,6,23.14,114.71,958.8,89.8,1.6073771969183923,133.8700415697813,109.55028921275188,80.04048750384005,91.618020263034,4.240435969919133,0.136350590283425,0.0,1.1004429928240045,1.6073771969183923,0.0,0.0,0.0
2026-07-25 18:00:00,WP112026,49,2026-07-26 06:00:00,0 days 12:00:00,12,23.78,113.82,982.0,57.3,35.758358334806175,268.0887704584847,253.58152273780613,209.1153359780472,229.51870146069732,91.021688880534,74.28053394082896,54.560495350505306,70.44290506207815,0.0,0.0,0.0,0.0
2026-07-25 18:00:00,WP112026,49,2026-07-26 12:00:00,0 days 18:00:00,18,24.12,113.74,999.7,27.4,46.72820928264024,0.0,0.0,0.0,0.0,0.0,0.0,0.0,0.0,0.0,0.0,0.0,0.0
2026-07-25 18:00:00,WP112026,49,2026-07-26 18:00:00,1 days 00:00:00,24,24.78,113.74,1000.4,20.0,37.79521187152704,0.0,0.0,0.0,0.0,0.0,0.0,0.0,0.0,0.0,0.0,0.0,0.0
2026-07-25 18:00:00,WP112026,49,2026-07-27 00:00:00,1 days 06:00:00,30,26.15,113.37,1003.8,12.4,122.1283685449817,0.0,0.0,0.0,0.0,0.0,0.0,0.0,0.0,0.0,0.0,0.0,0.0
2026-07-25 18:00:00,WP112026,49,2026-07-27 06:00:00,1 days 12:00:00,36,26.7,113.24,1004.5,15.1,118.8167620371754,0.0,0.0,0.0,0.0,0.0,0.0,0.0,0.0,0.0,0.0,0.0,0.0
2026-07-25 18:00:00,WP112026,49,2026-07-27 12:00:00,1 days 18:00:00,42,28.06,112.64,999.7,27.1,113.2765923772341,0.0,0.0,0.0,0.0,0.0,0.0,0.0,0.0,0.0,0.0,0.0,0.0
2026-07-25 18:00:00,WP112026,49,2026-07-27 18:00:00,2 days 00:00:00,48,28.83,112.14,1004.5,19.1,82.89480850249159,0.0,0.0,0.0,0.0,0.0,0.0,0.0,0.0,0.0,0.0,0.0,0.0
2026-07-25 18:00:00,EP062026,5,2026-07-25 18:00:00,0 days 00:00:00,0,19.2,-137.0,971.0,86.0,56.0,297.0,241.0,185.0,297.0,130.0,74.0,74.0,111.0,65.0,46.0,37.0,65.0
2026-07-25 18:00:00,EP062026,5,2026-07-26 00:00:00,0 days 06:00:00,6,19.46,-138.07,979.1,72.5,24.29043983863461,297.25202256769774,234.6160828649437,185.03911406003036,250.99968943612305,105.71457737925716,76.9993276094421,52.5819650598757,83.38671887861076,27.52310714520752,20.962552530047876,14.119367050991851,22.54920108876766
2026-07-25 18:00:00,EP062026,5,2026-07-26 06:00:00,0 days 12:00:00,12,19.65,-139.39,980.6,71.5,51.44945659663587,248.868248879534,196.69461645591144,144.22102936408726,208.64500800536663,108.2848163498014,84.66548057846937,62.388350338545145,87.96419637323443,51.44945659663587,29.44218999471841,22.32914864488976,30.883676870946594
2026-07-25 18:00:00,EP062026,5,2026-07-26 12:00:00,0 days 18:00:00,18,19.89,-140.37,983.1,70.6,64.77547960850575,234.46466158079056,175.3879659301781,130.3630966251202,198.8239639848612,109.5681749661079,86.493204600159,64.17100047162015,91.32590497587756,64.77547960850575,35.324706827078614,26.591796332770716,36.47235717405341
2026-07-25 18:00:00,EP062026,5,2026-07-26 18:00:00,1 days 00:00:00,24,20.0,-141.54,983.2,76.5,35.32740886867646,217.39264049496344,156.4070036365374,111.25571763558082,178.13973214076577,121.95980638365744,100.64812033993849,77.39862062499651,105.1091736348726,59.11206835877533,51.41899777527897,40.80793293334273,51.0457997502549
2026-07-25 18:00:00,EP062026,5,2026-07-27 00:00:00,1 days 06:00:00,30,20.45,-142.91,987.7,59.6,51.84211723796102,231.11343216453264,180.23339626454296,126.39617502000264,184.25917370329907,51.84211723796102,22.993388299230205,9.971989167600096,25.178149625625437,0.0,0.0,0.0,0.0
2026-07-25 18:00:00,EP062026,5,2026-07-27 06:00:00,1 days 12:00:00,36,20.72,-144.05,987.6,67.7,54.42065622659671,213.4128792242577,147.64064002392774,110.18386194679366,168.50600966946377,99.02143578235166,76.74233940906703,57.02740956732139,80.78961544090659,54.42065622659671,35.45617401306719,28.126635190049686,35.88495634686063
2026-07-25 18:00:00,EP062026,5,2026-07-27 12:00:00,1 days 18:00:00,42,20.6,-145.4,978.8,70.1,29.016104216888998,189.59910205587,127.22903423324216,89.34127523249013,162.34755321030764,112.23164954587256,86.35277993714446,65.238184631471,93.90167130047828,49.558928155518615,42.04892790300458,31.970941477959556,42.55898279713291
2026-07-25 18:00:00,EP062026,5,2026-07-27 18:00:00,2 days 00:00:00,48,20.72,-146.45,978.9,76.4,41.02210839012696,186.77778804376885,126.99084699137347,72.97369474502875,145.7234025094249,78.58880950326784,55.48718621042826,38.66380449451094,64.80288628362496,41.02210839012696,28.63490104321272,21.51843195830486,29.664693732359183
2026-07-25 18:00:00,EP062026,5,2026-07-28 00:00:00,2 days 06:00:00,54,21.08,-147.62,992.1,61.2,27.606063498085632,226.16287162762728,160.01244222166088,106.22531142343348,167.10119409770823,69.2201503020766,49.40327598257886,30.337703162955847,50.30182557103353,0.0,0.0,0.0,0.0
2026-07-25 18:00:00,EP062026,5,2026-07-28 06:00:00,2 days 12:00:00,60,21.32,-148.6,993.3,62.9,17.92448692718093,209.846441000128,160.29992498744937,104.88606730722246,169.49980127171645,43.607262038246766,29.03819163214833,13.101692778424306,30.801518170054383,0.0,0.0,0.0,0.0
2026-07-25 18:00:00,EP062026,5,2026-07-28 12:00:00,2 days 18:00:00,66,21.63,-150.1,1002.0,47.4,43.55641306627372,254.56130457914975,215.23027717576815,161.5614236989749,213.9715556627237,0.0,0.0,0.0,0.0,0.0,0.0,0.0,0.0
2026-07-25 18:00:00,EP062026,5,2026-07-28 18:00:00,3 days 00:00:00,72,21.87,-151.63,1006.4,37.7,162.77612666397147,281.29779802921325,242.80877641496195,191.6719347220411,231.7686749969425,0.0,0.0,0.0,0.0,0.0,0.0,0.0,0.0
2026-07-25 18:00:00,EP062026,5,2026-07-29 00:00:00,3 days 06:00:00,78,22.38,-153.0,1006.2,31.5,139.0685829856047,0.0,0.0,0.0,0.0,0.0,0.0,0.0,0.0,0.0,0.0,0.0,0.0
2026-07-25 18:00:00,EP062026,5,2026-07-29 06:00:00,3 days 12:00:00,84,22.56,-153.62,1004.4,39.4,150.3544221311131,150.3544221311131,89.87474309835761,70.38921543747256,91.09977285316177,0.0,0.0,0.0,0.0,0.0,0.0,0.0,0.0
2026-07-25 18:00:00,EP062026,5,2026-07-29 12:00:00,3 days 18:00:00,90,22.97,-154.75,1004.5,32.0,86.894798405264,0.0,0.0,0.0,0.0,0.0,0.0,0.0,0.0,0.0,0.0,0.0,0.0
2026-07-25 18:00:00,EP062026,5,2026-07-29 18:00:00,4 days 00:00:00,96,22.22,-155.75,1005.9,32.8,101.437442040785,0.0,0.0,0.0,0.0,0.0,0.0,0.0,0.0,0.0,0.0,0.0,0.0
2026-07-25 18:00:00,EP062026,5,2026-07-30 00:00:00,4 days 06:00:00,102,22.51,-156.79,1008.0,32.5,79.50957362311033,0.0,0.0,0.0,0.0,0.0,0.0,0.0,0.0,0.0,0.0,0.0,0.0
2026-07-25 18:00:00,EP072026,5,2026-07-25 18:00:00,0 days 00:00:00,0,11.2,-105.1,995.0,54.0,28.0,204.0,167.0,56.0,130.0,56.0,37.0,,,0.0,0.0,0.0,0.0
2026-07-25 18:00:00,EP072026,5,2026-07-26 00:00:00,0 days 06:00:00,6,12.08,-106.43,999.5,56.8,39.293784103812186,104.39528421128416,73.9695751735121,42.80732235845533,67.91986350005784,39.293784103812186,0.0,0.0,1.2487006656107678,0.0,0.0,0.0,0.0
2026-07-25 18:00:00,EP072026,5,2026-07-26 06:00:00,0 days 12:00:00,12,12.58,-107.6,996.9,60.9,74.34457937914442,76.47055707639828,50.54519012813064,17.280891026819546,43.63995561667912,74.34457937914442,0.0,0.0,0.0,0.0,0.0,0.0,0.0
2026-07-25 18:00:00,EP072026,5,2026-07-26 12:00:00,0 days 18:00:00,18,13.11,-108.76,990.4,62.8,66.3206204034475,147.72108958189676,103.67345185776377,50.136894905803146,94.19007127727434,66.3206204034475,1.6264675703897122,0.0,2.9546894273295368,0.0,0.0,0.0,0.0
2026-07-25 18:00:00,EP072026,5,2026-07-26 18:00:00,1 days 00:00:00,24,13.71,-109.77,988.5,67.0,45.67845567887321,237.49922947463727,192.61855572594052,127.9776015162611,178.35062307659393,45.67845567887321,33.44535890223416,18.154888876863797,30.07410170837395,45.67845567887321,0.0,0.0,0.0
2026-07-25 18:00:00,EP072026,5,2026-07-27 00:00:00,1 days 06:00:00,30,14.23,-110.57,978.1,82.4,12.108264887393156,209.9316658203473,168.1640114247425,108.74866373469337,162.70170490890777,76.64680343565358,57.60809401493243,36.50293500707191,57.310549900429166,27.102630199012708,21.631401051819346,15.278388431075092,22.177077936630614
2026-07-25 18:00:00,EP072026,5,2026-07-27 06:00:00,1 days 12:00:00,36,14.76,-111.2,976.2,84.9,30.03548688318968,221.20395419127868,163.11734321393817,103.81633385463282,178.04563831285753,107.44524138956864,82.23683033478422,59.35639442052556,88.09251547371372,44.71706837813343,37.39612766309223,28.38223243946849,38.010295812659294
2026-07-25 18:00:00,EP072026,5,2026-07-27 12:00:00,1 days 18:00:00,42,15.3,-112.18,969.4,86.4,20.37373927909597,226.457822090629,178.30912836248245,104.26586195299956,183.11460107207432,118.42012063288274,91.86538821951584,64.31579379514037,95.2259424746326,55.20794954995566,46.30018744506533,33.99016405247498,46.26001990596399
2026-07-25 18:00:00,EP072026,5,2026-07-27 18:00:00,2 days 00:00:00,48,15.84,-112.8,959.6,94.2,35.15463684052562,227.8729385061987,192.09949318084645,115.6547596653952,194.9387422864483,81.79228345020601,60.96115154787735,39.89178017630141,67.0983535253711,41.62796430789849,34.27680001269022,25.062172653102223,35.18729199563357
2026-07-25 18:00:00,EP072026,5,2026-07-28 00:00:00,2 days 06:00:00,54,16.32,-113.46,958.0,105.2,30.513532507941324,232.96788891474185,213.2809898339915,134.95603827860035,180.83022307931253,45.35556139430074,31.028570869378747,12.997383853737952,27.703769750947234,30.513532507941324,7.540441273966305,3.934008420987696,8.805050154083386
2026-07-25 18:00:00,EP072026,5,2026-07-28 06:00:00,2 days 12:00:00,60,16.83,-113.94,951.0,105.7,17.114465393377913,309.3657797904912,269.6488278367564,183.20040995000815,275.00520836296687,121.64375332558052,90.3277003109984,60.70764735711339,100.2578963768026,58.0658105738523,46.94687978071855,34.92469999278083,49.40451318555876
2026-07-25 18:00:00,EP072026,5,2026-07-28 12:00:00,2 days 18:00:00,66,17.27,-114.77,962.8,101.6,23.49492020821303,217.72289403509365,174.28764263453868,119.35565864139204,188.4868639051466,96.93797968694987,69.36402083145558,48.52122403291705,77.44875719635881,47.04004973090946,38.26976265126618,27.84278638616314,38.60478048975481
2026-07-25 18:00:00,EP072026,5,2026-07-28 18:00:00,3 days 00:00:00,72,17.52,-115.57,969.2,87.1,22.08991929860133,199.8603167028164,172.20482280493889,114.19285612398016,152.79698342372558,96.48277208946502,78.11030311754848,53.26115409819352,76.67066519470654,45.62822814087736,38.521098865051385,28.17718451641059,37.21946267651879
2026-07-25 18:00:00,EP072026,5,2026-07-29 00:00:00,3 days 06:00:00,78,17.98,-116.5,962.5,97.3,19.87994878310465,257.20739961992206,210.66126629846076,148.04466876889776,218.34597898149136,85.24450683183775,61.65574103122084,38.370028417621214,64.81218727226661,29.532460113786748,22.283140686485893,15.077143960043651,23.84798895729793
2026-07-25 18:00:00,EP072026,5,2026-07-29 06:00:00,3 days 12:00:00,84,18.16,-117.44,980.5,71.2,59.02545294516523,246.527940228144,215.9604484053027,160.83143820651867,201.17960878984604,59.02545294516523,41.33368583154726,24.530401581176815,41.17744889638806,59.02545294516523,0.0,0.0,0.0645344720923155
2026-07-25 18:00:00,EP072026,5,2026-07-29 12:00:00,3 days 18:00:00,90,18.28,-117.89,985.2,71.4,41.75742820533469,270.6946140754699,215.7316096116701,147.99909387077423,215.3464969280285,154.61449952190924,129.4857705622826,98.48642521322743,126.64595740755158,66.54722433544521,59.20350214703376,46.242135289735415,56.96956823998153
2026-07-25 18:00:00,EP072026,5,2026-07-29 18:00:00,4 days 00:00:00,96,18.85,-119.33,992.8,57.0,64.7301718754173,321.97849417267776,281.23063230057835,219.3856995778209,273.4580677706184,76.45290966337097,59.2643204526577,40.29729152981106,58.337353209884014,0.0,0.0,0.0,0.0
2026-07-25 18:00:00,EP072026,5,2026-07-30 00:00:00,4 days 06:00:00,102,19.22,-120.24,994.6,52.9,62.99786366366533,391.0167181272705,330.7748681386706,255.85020460531905,313.73630086766525,90.60931145767496,71.61009428239413,48.03666107105704,67.32820305384826,0.0,0.0,0.0,0.0
2026-07-25 18:00:00,EP072026,5,2026-07-30 06:00:00,4 days 12:00:00,108,19.98,-121.22,995.8,51.0,83.55655374470905,170.27991068990602,129.178246924732,85.15298865449041,116.79517097653192,83.55655374470905,2.376037520347029,0.0,1.915406013008838,0.0,0.0,0.0,0.0
2026-07-25 18:00:00,EP072026,5,2026-07-30 12:00:00,4 days 18:00:00,114,20.56,-122.48,998.4,47.3,85.88876386278778,319.54200526722445,254.2587513121006,190.77764767134477,257.79503606383776,0.0,0.0,0.0,0.0,0.0,0.0,0.0,0.0
2026-07-25 18:00:00,EP072026,5,2026-07-30 18:00:00,5 days 00:00:00,120,21.11,-123.53,998.7,43.0,136.818045019083,136.818045019083,8.930736445363664,2.548899319721613,15.171267107520409,0.0,0.0,0.0,0.0,0.0,0.0,0.0,0.0
2026-07-25 18:00:00,EP072026,5,2026-07-31 00:00:00,5 days 06:00:00,126,21.72,-124.6,998.1,41.3,80.6322941722846,117.28345064717986,88.4426719892977,72.74027655743109,90.805949408611,0.0,0.0,0.0,0.0,0.0,0.0,0.0,0.0
2026-07-25 18:00:00,EP072026,5,2026-07-31 06:00:00,5 days 12:00:00,132,22.39,-126.06,1002.9,33.1,166.07823587085477,0.0,0.0,0.0,0.0,0.0,0.0,0.0,0.0,0.0,0.0,0.0,0.0
2026-07-25 18:00:00,EP072026,5,2026-07-31 12:00:00,5 days 18:00:00,138,22.98,-127.48,1003.1,31.8,170.1139313979997,0.0,0.0,0.0,0.0,0.0,0.0,0.0,0.0,0.0,0.0,0.0,0.0
2026-07-25 18:00:00,EP072026,5,2026-07-31 18:00:00,6 days 00:00:00,144,23.2,-128.7,1006.9,28.6,107.79382700643768,0.0,0.0,0.0,0.0,0.0,0.0,0.0,0.0,0.0,0.0,0.0,0.0
2026-07-25 18:00:00,EP072026,5,2026-08-01 00:00:00,6 days 06:00:00,150,23.78,-129.61,1007.0,23.9,170.30599932105537,0.0,0.0,0.0,0.0,0.0,0.0,0.0,0.0,0.0,0.0,0.0,0.0
2026-07-25 18:00:00,WP112026,5,2026-07-25 18:00:00,0 days 00:00:00,0,22.4,115.1,967.0,84.0,27.0,222.0,204.0,167.0,195.0,,,,,,,,
2026-07-25 18:00:00,WP112026,5,2026-07-26 00:00:00,0 days 06:00:00,6,23.09,114.31,961.7,79.9,7.032075288896742,110.20708037033113,88.38917732736085,71.09352517590038,88.31739703256343,15.3425181263982,6.704038268926077,4.777175733378757,12.192123830363617,4.574928174956318,3.237394121846232,2.8246568979353706,7.032075288896742
2026-07-25 18:00:00,WP112026,5,2026-07-26 06:00:00,0 days 12:00:00,12,23.56,113.88,973.4,69.1,25.062825324511078,237.20559219664497,202.6706028825577,174.32454223023117,203.1309057103812,92.06081739025488,73.23323734579496,56.0865222459562,72.17884834445564,25.339644647644725,20.737476663950584,16.153611398193124,21.18025682914238
2026-07-25 18:00:00,WP112026,5,2026-07-26 12:00:00,0 days 18:00:00,18,24.07,113.6,993.7,29.3,74.55511969533056,0.0,0.0,0.0,0.0,0.0,0.0,0.0,0.0,0.0,0.0,0.0,0.0
2026-07-25 18:00:00,WP112026,5,2026-07-26 18:00:00,1 days 00:00:00,24,24.94,113.37,995.9,33.1,49.44860284425352,0.0,0.0,0.0,0.0,0.0,0.0,0.0,0.0,0.0,0.0,0.0,0.0
2026-07-25 18:00:00,WP112026,5,2026-07-27 00:00:00,1 days 06:00:00,30,26.26,112.93,1003.6,16.9,126.0195988712313,0.0,0.0,0.0,0.0,0.0,0.0,0.0,0.0,0.0,0.0,0.0,0.0
2026-07-25 18:00:00,WP112026,5,2026-07-27 06:00:00,1 days 12:00:00,36,27.52,112.8,1002.3,17.1,59.00643025405594,0.0,0.0,0.0,0.0,0.0,0.0,0.0,0.0,0.0,0.0,0.0,0.0
2026-07-25 18:00:00,WP112026,5,2026-07-27 12:00:00,1 days 18:00:00,42,28.03,112.16,1005.8,13.2,57.41858984581816,0.0,0.0,0.0,0.0,0.0,0.0,0.0,0.0,0.0,0.0,0.0,0.0
2026-07-25 18:00:00,EP062026,6,2026-07-25 18:00:00,0 days 00:00:00,0,19.2,-137.0,971.0,86.0,56.0,297.0,241.0,185.0,297.0,130.0,74.0,74.0,111.0,65.0,46.0,37.0,65.0
2026-07-25 18:00:00,EP062026,6,2026-07-26 00:00:00,0 days 06:00:00,6,19.45,-137.75,979.0,72.3,76.53554490821855,238.0634913860681,186.81569650675465,135.86389805342623,220.61570140350196,76.53554490821855,37.98500459604919,21.880314966571177,45.06645437330272,76.53554490821855,2.471333123626731,0.0,5.085069002373542
2026-07-25 18:00:00,EP062026,6,2026-07-26 06:00:00,0 days 12:00:00,12,19.64,-139.02,978.9,78.1,37.09207284368271,254.94523801985144,185.3080255117388,140.07853664826692,221.1005963477907,114.30807495679308,96.5640368859368,77.59707614595214,101.5194029104961,42.66918184104698,37.510553449790194,30.490753865595803,36.93931215682163
2026-07-25 18:00:00,EP062026,6,2026-07-26 12:00:00,0 days 18:00:00,18,19.87,-140.21,974.2,84.0,48.26580438721443,208.40907149837915,146.05850719631377,107.6658674447962,168.11792452898518,76.95983673280375,55.7354461946071,35.76943447586152,60.463650487903294,48.26580438721443,12.38171201613218,8.204507781459018,15.140794991298288
2026-07-25 18:00:00,EP062026,6,2026-07-26 18:00:00,1 days 00:00:00,24,19.99,-141.39,982.9,72.8,40.01290096048348,267.06089786833866,207.22542485224687,164.17901777315365,235.32782281438017,136.3876861721542,114.09387512711606,83.32054475038936,115.40068320767205,40.01290096048348,30.491060064812416,22.70296255814784,31.39506821604654
2026-07-25 18:00:00,EP062026,6,2026-07-27 00:00:00,1 days 06:00:00,30,20.07,-142.73,986.2,66.4,71.68042898376643,201.6689427938645,137.7579388491754,95.87400734471078,170.62035920079052,104.50065787692164,78.74682666386252,54.72139387471583,84.94190160973847,71.68042898376643,22.38750382030909,15.556984396708245,24.397430436682896
2026-07-25 18:00:00,EP062026,6,2026-07-27 06:00:00,1 days 12:00:00,36,20.36,-143.96,988.5,63.7,54.080562208204896,219.03036776679977,164.07430070635698,119.84761042842236,186.05163517072705,71.89999179231748,53.8308216081209,36.543903726673285,58.48447447191761,0.0,0.0,0.0,0.0
2026-07-25 18:00:00,EP062026,6,2026-07-27 12:00:00,1 days 18:00:00,42,20.51,-145.53,986.7,69.1,50.92756506134525,210.4059067971,153.08607943708083,95.38491704678424,160.0905170685048,77.85708868133182,59.5831562578592,38.30418447625073,60.9922678855753,50.92756506134525,2.0967401185966383,0.0,4.344042388738949
2026-07-25 18:00:00,EP062026,6,2026-07-27 18:00:00,2 days 00:00:00,48,20.65,-146.73,990.6,55.7,45.06418730259007,243.38151273732035,185.3009121607741,117.13356564724182,192.4677341982199,82.57067240907861,68.49251380053121,47.62192757180861,66.93794099876769,0.0,0.0,0.0,0.0
2026-07-25 18:00:00,EP062026,6,2026-07-28 00:00:00,2 days 06:00:00,54,21.2,-147.79,994.3,59.9,48.07951903078877,174.0952114715679,132.4259306549232,67.67153512342307,141.0958141431763,48.07951903078877,18.53184129260364,10.014845020590492,21.13984304116912,0.0,0.0,0.0,0.0
2026-07-25 18:00:00,EP062026,6,2026-07-28 06:00:00,2 days 12:00:00,60,21.62,-148.95,996.6,55.8,56.87349471601711,184.92856859744631,146.85968311401615,92.01525148572584,150.75927970617755,56.87349471601711,3.290125785817148,0.0,5.946712179875089,0.0,0.0,0.0,0.0
2026-07-25 18:00:00,EP062026,6,2026-07-28 12:00:00,2 days 18:00:00,66,21.81,-150.3,998.6,53.4,135.5347255175447,223.7471701542314,178.3544138966214,131.88854169916584,179.85288351648194,135.5347255175447,10.349919128400288,3.1754178150956527,10.155407307647422,0.0,0.0,0.0,0.0
2026-07-25 18:00:00,EP062026,6,2026-07-28 18:00:00,3 days 00:00:00,72,22.29,-151.27,1007.7,45.2,113.92632683285046,208.5019118222408,175.46597646339796,120.89006911369506,164.4325064169243,0.0,0.0,0.0,0.0,0.0,0.0,0.0,0.0
2026-07-25 18:00:00,EP062026,6,2026-07-29 00:00:00,3 days 06:00:00,78,22.31,-152.68,1001.9,41.2,47.06203000175083,194.78755706176707,157.0687728658977,107.61086151518612,158.509893674649,0.0,0.0,0.0,0.0,0.0,0.0,0.0,0.0
2026-07-25 18:00:00,EP062026,6,2026-07-29 06:00:00,3 days 12:00:00,84,22.56,-153.68,1002.3,40.7,115.64279583496209,198.0673256381906,162.71688535613498,122.25252474364764,167.65156694071322,0.0,0.0,0.0,0.0,0.0,0.0,0.0,0.0
2026-07-25 18:00:00,EP062026,6,2026-07-29 12:00:00,3 days 18:00:00,90,22.67,-154.85,1006.0,35.2,63.207411470710944,63.207411470710944,0.0,0.0,4.665000317839869,0.0,0.0,0.0,0.0,0.0,0.0,0.0,0.0
2026-07-25 18:00:00,EP062026,6,2026-07-29 18:00:00,4 days 00:00:00,96,22.92,-156.02,1006.5,40.7,74.91311840793139,192.4302778652877,165.7733425460087,126.8052696885477,153.9401483190743,0.0,0.0,0.0,0.0,0.0,0.0,0.0,0.0
2026-07-25 18:00:00,EP062026,6,2026-07-30 00:00:00,4 days 06:00:00,102,23.62,-157.09,1005.7,34.6,53.4922311858458,155.25700226540982,132.6921628254101,97.22320956283596,123.08355007188251,0.0,0.0,0.0,0.0,0.0,0.0,0.0,0.0
2026-07-25 18:00:00,EP062026,6,2026-07-30 06:00:00,4 days 12:00:00,108,23.46,-158.79,1007.1,32.7,57.776519373339326,0.0,0.0,0.0,0.0,0.0,0.0,0.0,0.0,0.0,0.0,0.0,0.0
2026-07-25 18:00:00,EP062026,6,2026-07-30 12:00:00,4 days 18:00:00,114,23.64,-159.81,1000.1,39.4,90.562241416858,90.562241416858,0.0,0.0,10.115270738471215,0.0,0.0,0.0,0.0,0.0,0.0,0.0,0.0
2026-07-25 18:00:00,EP062026,6,2026-07-30 18:00:00,5 days 00:00:00,120,24.02,-161.49,1006.5,31.5,88.87489066114043,0.0,0.0,0.0,0.0,0.0,0.0,0.0,0.0,0.0,0.0,0.0,0.0
2026-07-25 18:00:00,EP062026,6,2026-07-31 00:00:00,5 days 06:00:00,126,24.24,-162.81,1006.3,31.7,147.38440520918437,0.0,0.0,0.0,0.0,0.0,0.0,0.0,0.0,0.0,0.0,0.0,0.0
2026-07-25 18:00:00,EP062026,6,2026-07-31 06:00:00,5 days 12:00:00,132,24.2,-163.7,1004.8,31.1,56.31371116293198,0.0,0.0,0.0,0.0,0.0,0.0,0.0,0.0,0.0,0.0,0.0,0.0
2026-07-25 18:00:00,EP062026,6,2026-07-31 12:00:00,5 days 18:00:00,138,24.47,-164.88,991.7,47.4,54.71302947625461,54.71302947625461,0.0,0.0,16.136851104252074,0.0,0.0,0.0,0.0,0.0,0.0,0.0,0.0
2026-07-25 18:00:00,EP062026,6,2026-07-31 18:00:00,6 days 00:00:00,144,24.66,-165.73,1011.0,32.2,62.92319909326261,0.0,0.0,0.0,0.0,0.0,0.0,0.0,0.0,0.0,0.0,0.0,0.0
2026-07-25 18:00:00,EP072026,6,2026-07-25 18:00:00,0 days 00:00:00,0,11.2,-105.1,995.0,54.0,28.0,204.0,167.0,56.0,130.0,56.0,37.0,,,0.0,0.0,0.0,0.0
2026-07-25 18:00:00,EP072026,6,2026-07-26 00:00:00,0 days 06:00:00,6,12.05,-106.26,992.1,56.7,53.05152718091523,144.34230449447455,119.10167840337044,59.46249377875745,114.20589467109414,53.05152718091523,2.167408960513889,0.0,1.870310217976524,0.0,0.0,0.0,0.0
2026-07-25 18:00:00,EP072026,6,2026-07-26 06:00:00,0 days 12:00:00,12,12.67,-107.45,989.3,64.8,27.02299532238212,171.22370249504513,141.67673467312716,84.80589800758321,138.41219469572843,65.33539997229053,53.80635969949725,34.7260512603921,52.06676137698452,27.02299532238212,1.2418767674739897,0.0,2.021225813805442
2026-07-25 18:00:00,EP072026,6,2026-07-26 12:00:00,0 days 18:00:00,18,13.49,-108.62,982.3,78.5,20.048561620144444,188.1201169816344,149.7829987016347,83.42535418888951,126.96361523160589,71.14953974638881,52.79291846578116,30.992890632183787,52.09638780710054,20.048561620144444,9.074223071257402,3.900473273605578,10.615010103977973
2026-07-25 18:00:00,EP072026,6,2026-07-26 18:00:00,1 days 00:00:00,24,14.15,-109.78,971.7,96.8,30.410858281229626,276.6396990419662,218.39799673558997,137.22669080528567,216.0969455061336,131.69023172093964,109.08099000000118,77.66757667722945,105.9349334094031,54.721649806963015,45.62766802655241,34.71612083007385,44.625158596085626
2026-07-25 18:00:00,EP072026,6,2026-07-27 00:00:00,1 days 06:00:00,30,14.61,-110.7,970.4,92.7,16.89329247646255,226.09267628176127,172.58419871093088,90.32682851092451,169.10755762836118,81.80701253911172,56.59433746581382,32.929626069658,59.09773729906576,22.518895083109484,15.54007233682579,8.583662738210004,17.793417206326946
2026-07-25 18:00:00,EP072026,6,2026-07-27 06:00:00,1 days 12:00:00,36,15.17,-111.65,958.7,104.3,23.27006746810161,258.5290394995827,215.6288608970326,129.41795566871951,195.6077192457869,99.1887315430222,79.08907217492015,51.14415088804958,78.14597010595116,40.81194999181957,34.04410584943025,25.2458662267112,33.83849358279349
2026-07-25 18:00:00,EP072026,6,2026-07-27 12:00:00,1 days 18:00:00,42,15.8,-112.28,964.6,100.0,45.11514555357203,184.30631568522884,153.41311639311493,82.29858723400073,137.98630929676153,82.1275289150827,61.36290659678125,38.68885601324688,63.72911892889684,45.11514555357203,26.5322246878477,19.03183585394773,28.10350121419107
2026-07-25 18:00:00,EP072026,6,2026-07-27 18:00:00,2 days 00:00:00,48,16.64,-113.33,967.1,95.1,32.55804358233372,299.1389235467099,254.0768368185198,199.4959508220756,251.83060392012985,141.09451318363338,127.40960216947332,103.76061410168371,120.2644048500626,70.00151548632198,65.58434160695879,54.37302184663768,61.37148548216504
2026-07-25 18:00:00,EP072026,6,2026-07-28 00:00:00,2 days 06:00:00,54,16.81,-113.99,971.2,84.6,28.92992532904984,293.25809337092846,241.1316840770222,187.02918668381164,232.0678051367665,130.82933501741138,111.62076115946684,83.7272167932309,105.61424494573237,51.581018264419896,46.614886695627234,36.65996549061076,44.31047039526334
2026-07-25 18:00:00,EP072026,6,2026-07-28 06:00:00,2 days 12:00:00,60,17.36,-114.48,966.8,90.9,45.29590890139605,279.5474314602744,238.52738693462257,169.6462711522201,222.8663157453733,87.81809628624566,73.09413873543953,47.42991806118103,70.50961660626305,45.29590890139605,23.05427539652628,16.12590581445404,22.078720466316348
2026-07-25 18:00:00,EP072026,6,2026-07-28 12:00:00,2 days 18:00:00,66,17.86,-115.41,957.7,104.5,26.77160030960014,212.97372535907607,194.27848100440184,148.701645850196,179.59936123333364,26.77160030960014,1.91111316049596,0.0,4.086878004687995,26.77160030960014,0.0,0.0,0.5760580396849047
2026-07-25 18:00:00,EP072026,6,2026-07-28 18:00:00,3 days 00:00:00,72,18.18,-116.08,962.7,101.5,34.68959076301053,252.85880036455544,203.6417400357832,154.03458113039937,206.88802513688688,121.59989106680632,102.41266377057023,80.65666295608901,102.79143914780344,58.921837192839234,51.720196630160274,40.87717395856663,50.711275965610525
2026-07-25 18:00:00,EP072026,6,2026-07-29 00:00:00,3 days 06:00:00,78,18.76,-116.39,935.4,133.6,2.8012811095425523,245.42312160023192,261.81950697568016,198.6870330821552,200.2232334767324,137.0336501826687,133.5402534855333,116.20048648046384,116.22568671967858,77.06660035918344,75.77171351612648,65.36922552260066,70.83525026217221
2026-07-25 18:00:00,EP072026,6,2026-07-29 06:00:00,3 days 12:00:00,84,18.69,-117.27,972.5,86.3,47.17325667853942,294.17032496108266,268.0587958269483,201.19788081975537,256.29925919884454,99.73789337631216,88.0122487457175,62.08828813020763,84.45001723591042,47.17325667853942,15.60160586714507,10.460425413493398,14.6566587471869
2026-07-25 18:00:00,EP072026,6,2026-07-29 12:00:00,3 days 18:00:00,90,19.17,-118.31,973.1,82.2,26.733046180031675,271.3312279223069,211.59954942412185,172.85472764875692,240.2887918004334,117.70649071673276,100.43233478079148,79.08079404093317,101.04461840761094,34.017947757375964,30.27116669263596,24.454617055592852,30.01050604268268
2026-07-25 18:00:00,EP072026,6,2026-07-29 18:00:00,4 days 00:00:00,96,19.46,-118.65,976.8,73.2,38.08946826525779,238.24968222321195,204.71303889427725,146.37415545800337,200.2198357294755,124.19989955403626,109.94293340151825,81.15290742014545,103.70870497158845,38.08946826525779,33.3987457716432,25.08899203169632,31.98133874617694
2026-07-25 18:00:00,EP072026,6,2026-07-30 00:00:00,4 days 06:00:00,102,20.14,-119.64,989.3,57.0,39.2357082348887,233.79518196452196,200.0510501149936,143.6450032773241,188.8632647810263,39.2357082348887,10.102026479055146,2.944136617710957,7.39005208039613,0.0,0.0,0.0,0.0
2026-07-25 18:00:00,EP072026,6,2026-07-30 06:00:00,4 days 12:00:00,108,20.53,-120.6,989.8,49.6,57.15003311766979,322.11262433030834,262.4614960038408,190.71251256147752,276.76838593948344,0.0,0.0,0.0,0.0,0.0,0.0,0.0,0.0
2026-07-25 18:00:00,EP072026,6,2026-07-30 12:00:00,4 days 18:00:00,114,21.14,-122.07,988.0,51.7,56.927812300841296,185.93416557600813,151.63437806605384,118.41719773699978,153.5613281421571,56.927812300841296,16.568002575080513,9.3253548734869,16.990403591579256,0.0,0.0,0.0,0.0
2026-07-25 18:00:00,EP072026,6,2026-07-30 18:00:00,5 days 00:00:00,120,21.45,-123.71,992.9,46.0,114.20064835618038,236.299872737155,216.81560020066175,184.5061056691904,205.2844095395203,0.0,0.0,0.0,0.0,0.0,0.0,0.0,0.0
2026-07-25 18:00:00,EP072026,6,2026-07-31 00:00:00,5 days 06:00:00,126,21.5,-124.81,997.3,42.5,115.57728704369654,153.28244274611205,134.84147126866452,115.96445828591315,129.72840330787523,0.0,0.0,0.0,0.0,0.0,0.0,0.0,0.0
2026-07-25 18:00:00,EP072026,6,2026-07-31 06:00:00,5 days 12:00:00,132,21.45,-126.05,1002.1,39.1,54.930968559758064,102.75503797704197,86.52761675602224,57.14204020318791,85.25412456877412,0.0,0.0,0.0,0.0,0.0,0.0,0.0,0.0
2026-07-25 18:00:00,EP072026,6,2026-07-31 12:00:00,5 days 18:00:00,138,22.34,-127.14,995.1,42.7,58.301366807188046,70.0515303777637,50.90033858156737,37.459489496875534,58.08119839102967,0.0,0.0,0.0,0.0,0.0,0.0,0.0,0.0
2026-07-25 18:00:00,EP072026,6,2026-07-31 18:00:00,6 days 00:00:00,144,22.65,-128.37,997.5,41.7,53.392178467357056,53.392178467357056,0.0,0.0,12.013074463582557,0.0,0.0,0.0,0.0,0.0,0.0,0.0,0.0
2026-07-25 18:00:00,EP072026,6,2026-08-01 00:00:00,6 days 06:00:00,150,23.14,-129.83,1003.8,34.1,53.67640406296231,53.67640406296231,0.0,0.0,4.365962778654137,0.0,0.0,0.0,0.0,0.0,0.0,0.0,0.0
2026-07-25 18:00:00,EP072026,6,2026-08-01 06:00:00,6 days 12:00:00,156,23.25,-131.22,1004.5,35.8,50.003592005059325,50.003592005059325,0.0,0.0,0.3309434550939123,0.0,0.0,0.0,0.0,0.0,0.0,0.0,0.0
2026-07-25 18:00:00,EP072026,6,2026-08-01 12:00:00,6 days 18:00:00,162,23.62,-132.67,1006.5,32.1,54.96348648111166,0.0,0.0,0.0,0.0,0.0,0.0,0.0,0.0,0.0,0.0,0.0,0.0
2026-07-25 18:00:00,EP072026,6,2026-08-01 18:00:00,7 days 00:00:00,168,23.89,-134.19,1007.1,28.6,83.10428149940748,0.0,0.0,0.0,0.0,0.0,0.0,0.0,0.0,0.0,0.0,0.0,0.0
2026-07-25 18:00:00,EP072026,6,2026-08-02 00:00:00,7 days 06:00:00,174,23.75,-135.57,1007.2,28.0,56.642133024132406,0.0,0.0,0.0,0.0,0.0,0.0,0.0,0.0,0.0,0.0,0.0,0.0
2026-07-25 18:00:00,EP072026,6,2026-08-02 06:00:00,7 days 12:00:00,180,23.9,-137.4,1001.1,34.4,58.017402890117246,58.017402890117246,1.046870900606514,0.0,5.187558762201419,0.0,0.0,0.0,0.0,0.0,0.0,0.0,0.0
2026-07-25 18:00:00,EP072026,6,2026-08-02 12:00:00,7 days 18:00:00,186,24.3,-138.41,1007.0,23.5,136.1974612259355,0.0,0.0,0.0,0.0,0.0,0.0,0.0,0.0,0.0,0.0,0.0,0.0
2026-07-25 18:00:00,EP072026,6,2026-08-02 18:00:00,8 days 00:00:00,192,24.34,-139.45,1003.1,31.3,102.02310826087331,0.0,0.0,0.0,0.0,0.0,0.0,0.0,0.0,0.0,0.0,0.0,0.0
2026-07-25 18:00:00,WP112026,6,2026-07-25 18:00:00,0 days 00:00:00,0,22.4,115.1,967.0,84.0,27.0,222.0,204.0,167.0,195.0,,,,,,,,
2026-07-25 18:00:00,WP112026,6,2026-07-26 00:00:00,0 days 06:00:00,6,23.11,114.52,966.7,83.1,23.776307868809745,121.03780108380056,103.68900835805796,92.92305259506904,105.3073477996778,68.57222966326701,56.05005476542437,43.2959811096341,56.76616792539904,33.29609848955383,27.341687897685706,21.007628415489272,27.161265220885117
2026-07-25 18:00:00,WP112026,6,2026-07-26 06:00:00,0 days 12:00:00,12,23.71,114.04,987.6,47.1,26.45083693643635,153.31157021825297,130.03353368126977,105.8828450093058,132.6707382291873,0.0,0.0,0.0,0.0,0.0,0.0,0.0,0.0
2026-07-25 18:00:00,WP112026,6,2026-07-26 12:00:00,0 days 18:00:00,18,23.98,113.75,992.9,39.4,94.87815553473942,94.87815553473942,0.7304198347912738,0.3410948391657169,12.14186064085878,0.0,0.0,0.0,0.0,0.0,0.0,0.0,0.0
2026-07-25 18:00:00,WP112026,6,2026-07-26 18:00:00,1 days 00:00:00,24,24.76,113.54,994.1,24.5,47.39694583828655,0.0,0.0,0.0,0.0,0.0,0.0,0.0,0.0,0.0,0.0,0.0,0.0
2026-07-25 18:00:00,WP112026,6,2026-07-27 00:00:00,1 days 06:00:00,30,26.15,113.21,1003.4,21.6,87.86205689481402,0.0,0.0,0.0,0.0,0.0,0.0,0.0,0.0,0.0,0.0,0.0,0.0
2026-07-25 18:00:00,WP112026,6,2026-07-27 06:00:00,1 days 12:00:00,36,26.46,112.76,999.7,22.7,100.34377286950992,0.0,0.0,0.0,0.0,0.0,0.0,0.0,0.0,0.0,0.0,0.0,0.0
2026-07-25 18:00:00,WP112026,6,2026-07-27 12:00:00,1 days 18:00:00,42,27.56,112.5,1000.8,22.1,134.271255661088,0.0,0.0,0.0,0.0,0.0,0.0,0.0,0.0,0.0,0.0,0.0,0.0
2026-07-25 18:00:00,WP112026,6,2026-07-27 18:00:00,2 days 00:00:00,48,28.12,112.16,1002.8,20.1,57.84677181968205,0.0,0.0,0.0,0.0,0.0,0.0,0.0,0.0,0.0,0.0,0.0,0.0
2026-07-25 18:00:00,WP112026,6,2026-07-28 00:00:00,2 days 06:00:00,54,28.92,112.26,1005.2,16.9,100.33468139532084,0.0,0.0,0.0,0.0,0.0,0.0,0.0,0.0,0.0,0.0,0.0,0.0
2026-07-25 18:00:00,WP112026,6,2026-07-28 06:00:00,2 days 12:00:00,60,29.54,112.15,1003.9,21.5,99.72610636400636,0.0,0.0,0.0,0.0,0.0,0.0,0.0,0.0,0.0,0.0,0.0,0.0
2026-07-25 18:00:00,WP112026,6,2026-07-28 12:00:00,2 days 18:00:00,66,30.16,112.46,1007.4,13.4,106.00809807681485,0.0,0.0,0.0,0.0,0.0,0.0,0.0,0.0,0.0,0.0,0.0,0.0
2026-07-25 18:00:00,EP062026,7,2026-07-25 18:00:00,0 days 00:00:00,0,19.2,-137.0,971.0,86.0,56.0,297.0,241.0,185.0,297.0,130.0,74.0,74.0,111.0,65.0,46.0,37.0,65.0
2026-07-25 18:00:00,EP062026,7,2026-07-26 00:00:00,0 days 06:00:00,6,19.35,-137.95,979.5,78.2,31.497680750533178,264.9905554714577,230.2890149252238,163.5617230188658,230.56039303988652,85.42704739458767,62.42073298696543,38.078439430383085,66.18003485225337,31.497680750533178,6.287785574621806,3.887161122313848,9.711644566103782
2026-07-25 18:00:00,EP062026,7,2026-07-26 06:00:00,0 days 12:00:00,12,19.85,-139.28,979.8,74.8,19.21771640888488,249.65782183080364,209.10645782067328,155.84569307620998,216.66713117026296,100.95051155776012,82.01079932111558,62.30738827441903,86.42753621704156,42.38960190337262,36.227192612230944,29.50666849480504,36.05979840844204
2026-07-25 18:00:00,EP062026,7,2026-07-26 12:00:00,0 days 18:00:00,18,19.85,-140.29,979.0,79.6,22.817294449611712,215.4432499548157,173.04131306082715,128.78753681530995,182.93024576054964,101.44806421640251,79.88695191363875,61.4101641890037,82.5353630679933,43.4311596509889,36.210548129268886,29.926415207550725,36.80809397885341
2026-07-25 18:00:00,EP062026,7,2026-07-26 18:00:00,1 days 00:00:00,24,20.12,-141.67,988.6,62.5,36.05311150479491,212.58673536653595,167.30063987005764,124.8194961306069,180.53854029871104,81.0881545324888,62.56535528754546,43.124106000658685,62.41982715225481,0.0,0.0,0.0,0.0
2026-07-25 18:00:00,EP062026,7,2026-07-27 00:00:00,1 days 06:00:00,30,20.28,-142.75,988.6,70.0,26.28984339152575,178.731078280024,122.31506683362728,94.17707555631212,170.77567908038787,59.324908344524616,36.338758519352936,20.74717903522467,47.07756941826792,26.28984339152575,1.681943990950008,0.901088723149602,6.174271409076346
2026-07-25 18:00:00,EP062026,7,2026-07-27 06:00:00,1 days 12:00:00,36,20.39,-144.04,989.9,71.9,27.206225665234385,206.08686004788808,156.4895121225617,99.8300976394284,168.996104184456,55.42872523157725,36.695013770379866,20.978741933040745,38.328875613482055,27.206225665234385,0.0,0.0,0.2582259757002302
2026-07-25 18:00:00,EP062026,7,2026-07-27 12:00:00,1 days 18:00:00,42,20.61,-145.73,993.5,53.6,52.865460317269935,168.57582427152465,135.6455287146224,93.44571969384536,134.98114144742007,52.865460317269935,0.0,0.0,3.4119854855388505,0.0,0.0,0.0,0.0
2026-07-25 18:00:00,EP062026,7,2026-07-27 18:00:00,2 days 00:00:00,48,20.83,-147.01,1000.6,48.8,75.66277198029866,195.033252085942,151.28074706704228,108.86526593287454,154.5327143917484,0.0,0.0,0.0,0.0,0.0,0.0,0.0,0.0
2026-07-25 18:00:00,EP062026,7,2026-07-28 00:00:00,2 days 06:00:00,54,21.09,-148.62,1000.9,46.5,100.80943325630506,226.22533027283495,177.10370990348747,108.13092671531194,174.36953507861472,0.0,0.0,0.0,0.0,0.0,0.0,0.0,0.0
2026-07-25 18:00:00,EP062026,7,2026-07-28 06:00:00,2 days 12:00:00,60,21.51,-149.92,1002.7,47.7,74.69706704165219,215.7624386590533,162.55683507011182,93.51275787343752,171.1715151249035,0.0,0.0,0.0,0.0,0.0,0.0,0.0,0.0
2026-07-25 18:00:00,EP062026,7,2026-07-28 12:00:00,2 days 18:00:00,66,21.74,-151.68,1002.7,48.7,101.49376306496453,234.86607809346972,186.75380763759105,117.75922369131348,183.5483545992276,0.0,0.0,0.0,0.0,0.0,0.0,0.0,0.0
2026-07-25 18:00:00,EP062026,7,2026-07-28 18:00:00,3 days 00:00:00,72,22.25,-152.86,1005.3,39.4,91.04782038784046,148.33575531987722,111.27740491282442,62.05079876108099,110.22601387410728,0.0,0.0,0.0,0.0,0.0,0.0,0.0,0.0
2026-07-25 18:00:00,EP062026,7,2026-07-29 00:00:00,3 days 06:00:00,78,22.24,-153.85,1004.0,42.4,144.8329555705705,158.73958417651738,113.34026694814136,61.31693207031135,120.7354945908927,0.0,0.0,0.0,0.0,0.0,0.0,0.0,0.0
2026-07-25 18:00:00,EP062026,7,2026-07-29 06:00:00,3 days 12:00:00,84,22.61,-155.32,1003.8,40.5,124.86184698782282,237.1446355845552,203.53191597768532,136.37755356493113,195.99233778045624,0.0,0.0,0.0,0.0,0.0,0.0,0.0,0.0
2026-07-25 18:00:00,EP062026,7,2026-07-29 12:00:00,3 days 18:00:00,90,22.64,-156.49,1003.2,42.8,88.60992154010819,88.60992154010819,4.047562985931009,0.0,6.174026102133297,0.0,0.0,0.0,0.0,0.0,0.0,0.0,0.0
2026-07-25 18:00:00,EP062026,7,2026-07-29 18:00:00,4 days 00:00:00,96,23.09,-158.29,1007.7,31.8,124.5038287302632,0.0,0.0,0.0,0.0,0.0,0.0,0.0,0.0,0.0,0.0,0.0,0.0
2026-07-25 18:00:00,EP062026,7,2026-07-30 00:00:00,4 days 06:00:00,102,23.12,-159.93,1006.9,31.2,93.79047996350812,0.0,0.0,0.0,0.0,0.0,0.0,0.0,0.0,0.0,0.0,0.0,0.0
2026-07-25 18:00:00,EP072026,7,2026-07-25 18:00:00,0 days 00:00:00,0,11.2,-105.1,995.0,54.0,28.0,204.0,167.0,56.0,130.0,56.0,37.0,,,0.0,0.0,0.0,0.0
2026-07-25 18:00:00,EP072026,7,2026-07-26 00:00:00,0 days 06:00:00,6,11.95,-106.3,998.1,51.5,84.56164568363187,221.2293602882052,183.43645818149565,90.72495809939107,161.76704576945858,84.56164568363187,0.0,0.0,0.0,0.0,0.0,0.0,0.0
2026-07-25 18:00:00,EP072026,7,2026-07-26 06:00:00,0 days 12:00:00,12,12.7,-107.4,995.5,63.9,25.289564652296917,197.92337610520053,148.09040759541574,78.16662684187301,157.40769948784433,70.6136398385046,51.64328478011336,30.533477204587854,47.90259401387007,0.0,0.0,0.0,0.0
2026-07-25 18:00:00,EP072026,7,2026-07-26 12:00:00,0 days 18:00:00,18,13.24,-108.56,983.7,67.7,19.636928777179005,118.9935823833606,105.61292671452316,56.92776228151077,94.7491770596512,44.38576977764682,30.23714839412416,17.669355510976523,30.896034284446344,19.636928777179005,0.0,0.0,0.4592539822421555
2026-07-25 18:00:00,EP072026,7,2026-07-26 18:00:00,1 days 00:00:00,24,13.82,-109.7,984.0,80.6,25.67042688369243,171.797237536051,152.90389844334476,100.37135823131634,140.04322100596588,81.04469629556263,65.23778249259935,45.92523267527041,64.18930729336819,25.67042688369243,20.893477550153037,16.28863464015334,20.388517481198853
2026-07-25 18:00:00,EP072026,7,2026-07-27 00:00:00,1 days 06:00:00,30,14.48,-110.56,971.5,86.3,3.667433151121042,196.80691409348984,171.50385114844647,108.13360326022791,151.16970934892905,70.01426921166619,49.73065942921952,29.54956806519969,49.77143470044884,16.82431691089868,13.551270958523816,8.724590051994772,13.772597554754114
2026-07-25 18:00:00,EP072026,7,2026-07-27 06:00:00,1 days 12:00:00,36,14.99,-111.38,983.5,84.5,26.3688294330901,218.70099066761907,172.87845424055388,106.61672762378748,174.7560807148035,79.63214913817933,57.55309968093718,31.777796547281923,56.55959193332552,26.3688294330901,5.03762121813925,0.8622095880504812,6.26013267572873
2026-07-25 18:00:00,EP072026,7,2026-07-27 12:00:00,1 days 18:00:00,42,15.4,-112.05,970.7,86.5,3.6717023213717113,174.07352581373416,143.8120274141021,79.59223373003755,135.22895099163784,50.73414027859087,31.31779630795087,15.49112062398567,34.936473276792725,3.6717023213717113,0.0299196176580333,0.0,1.3596557146056254
2026-07-25 18:00:00,EP072026,7,2026-07-27 18:00:00,2 days 00:00:00,48,16.3,-112.76,961.0,95.8,25.98184197689377,218.9825493031871,193.0472964403076,123.14410750714536,176.38450919026926,100.11270836526218,77.42537881461192,51.495534631590814,79.10315422378979,39.80265155495602,33.09695369483212,23.837022352494262,33.57886581500179
2026-07-25 18:00:00,EP072026,7,2026-07-28 00:00:00,2 days 06:00:00,54,16.47,-113.27,972.0,83.0,36.501627197665584,219.50322105475607,173.8119231796577,116.44981011138134,182.45674510996832,121.6433343950448,91.50980860490812,68.07598610606124,99.036291179111,56.54456826161481,48.08587530293141,38.53162106940499,49.619226246963535
2026-07-25 18:00:00,EP072026,7,2026-07-28 06:00:00,2 days 12:00:00,60,17.07,-113.98,958.8,107.1,6.269317769064216,194.5513928973731,168.89546239783292,125.55642513668204,163.4639648238351,63.005350909635446,46.93523408361516,29.018857678872244,49.53083391967429,22.58421174059165,17.93078375251187,12.54801534299444,19.00652512532541
2026-07-25 18:00:00,EP072026,7,2026-07-28 12:00:00,2 days 18:00:00,66,17.43,-114.67,963.2,93.6,20.306660142327612,206.7996270425325,177.76082842006326,109.1274741852003,167.84560496652475,92.89032880171465,68.48455723038916,44.57907533213015,73.56946108511067,39.48349295392231,32.44338914192252,24.908069622415184,33.13107529407182
2026-07-25 18:00:00,EP072026,7,2026-07-28 18:00:00,3 days 00:00:00,72,17.7,-115.25,974.3,84.6,55.2437746312298,156.0546815426773,128.43632886432394,100.00322986718822,140.05734856943803,68.79656257949065,46.33943265036103,29.55473753707261,57.65540594949569,55.2437746312298,8.123179903249024,5.491215546624243,12.410969549996231
2026-07-25 18:00:00,EP072026,7,2026-07-29 00:00:00,3 days 06:00:00,78,17.53,-115.9,959.5,105.0,21.85573918526819,210.9118883466696,156.24484893773788,107.27006253618129,194.1682263165456,107.92919384749776,76.75624083664403,54.48589116875857,90.37862393226118,56.72742863935885,45.74948848587547,36.157706746948925,48.76021381474784
2026-07-25 18:00:00,EP072026,7,2026-07-29 06:00:00,3 days 12:00:00,84,17.62,-116.8,968.0,92.4,26.795450890485967,197.02823579498383,152.1641316832504,117.14629127574553,178.0543144769406,107.54480238224642,82.99249101086713,62.55294217954298,96.98521713542829,54.899927358319246,46.76453196029488,36.16845863913578,46.406253174437495
2026-07-25 18:00:00,EP072026,7,2026-07-29 12:00:00,3 days 18:00:00,90,17.72,-117.68,981.9,80.9,36.44161672048664,191.46365881533984,160.61032950658893,100.97116311396178,158.2844924794154,73.73587257556102,53.9121089176991,40.19411505683787,68.51689674389021,47.95126358679089,42.0526120079341,33.34717895357679,41.056360003651065
2026-07-25 18:00:00,EP072026,7,2026-07-29 18:00:00,4 days 00:00:00,96,17.78,-118.39,972.6,88.3,38.278058725719134,187.23141587448103,158.98534610378138,113.95030943793786,165.47956531778715,90.77734802044276,73.05702498888647,55.773005611837526,80.0031964605913,38.278058725719134,32.74003764557354,26.437951168790587,32.8302642076061
2026-07-25 18:00:00,EP072026,7,2026-07-30 00:00:00,4 days 06:00:00,102,17.9,-118.83,977.3,80.4,47.40691072034057,208.57588394944835,174.25102643982302,136.19094799818313,181.64300574735705,107.26198189578076,80.29967007161324,57.12550574595099,88.423482225582,47.40691072034057,22.92324176284205,16.251692845878402,24.936296760075955
2026-07-25 18:00:00,EP072026,7,2026-07-30 06:00:00,4 days 12:00:00,108,17.95,-119.34,979.0,81.5,30.12593672545791,220.43578536780228,172.2178791267757,127.38590196667148,188.45508124136063,104.72066373206044,80.30557760905407,59.120092778704525,89.95691873026114,45.37028846281108,39.051186015161335,28.6868330491232,38.98478553803843
2026-07-25 18:00:00,EP072026,7,2026-07-30 12:00:00,4 days 18:00:00,114,18.3,-119.99,987.8,66.8,30.41774570149713,171.7857696959648,151.00682448690566,125.7150137135229,166.62077117658106,93.09649583972733,71.28886632533023,54.111401494690966,83.25357870901331,33.60584471738143,27.14291160169613,21.64573636196692,29.08485318633285
2026-07-25 18:00:00,EP072026,7,2026-07-30 18:00:00,5 days 00:00:00,120,18.53,-120.67,984.1,64.3,17.653393280397907,181.1926928900462,133.73778146311798,95.32014191467826,163.730765793493,91.71208985818043,65.40281191941129,41.30528049047447,70.81143550367092,17.653393280397907,7.70049784287937,3.149102576413087,10.03948790935044
2026-07-25 18:00:00,EP072026,7,2026-07-31 00:00:00,5 days 06:00:00,126,18.79,-121.48,986.1,61.7,22.605796013696505,171.8558117230906,135.74571509675616,116.64915636929892,154.21410695577697,75.6829508972047,54.19435246158372,37.315861196171966,57.66000315292388,0.0,0.0,0.0,0.0
2026-07-25 18:00:00,EP072026,7,2026-07-31 06:00:00,5 days 12:00:00,132,18.66,-122.67,968.8,98.7,14.35586834651252,201.7775479077736,183.3121480011476,180.7516287968733,193.28170080865888,107.37200780612008,102.57496630506192,89.7711014971695,96.50820458462104,37.721893834173336,34.72474712277793,28.03398206835314,33.074594792350226
2026-07-25 18:00:00,EP072026,7,2026-07-31 12:00:00,5 days 18:00:00,138,19.38,-123.38,993.1,52.7,76.37931734374823,180.78587381245995,161.01772629622195,129.22274368665592,155.78270175179824,0.4452013356516318,0.0,0.0,76.37931734374823,0.0,0.0,0.0,0.0
2026-07-25 18:00:00,EP072026,7,2026-07-31 18:00:00,6 days 00:00:00,144,19.44,-124.56,996.1,50.1,78.09123336432019,152.78093450272144,117.27316844864492,82.36832680016252,120.55328832953154,78.09123336432019,9.46220604311172,4.457703641928388,13.671071048163393,0.0,0.0,0.0,0.0
2026-07-25 18:00:00,EP072026,7,2026-08-01 00:00:00,6 days 06:00:00,150,19.79,-125.82,999.9,47.5,61.1861063423687,179.21826696069678,155.91472884464855,114.96098525834532,148.38551795678143,0.0,0.0,0.0,0.0,0.0,0.0,0.0,0.0
2026-07-25 18:00:00,EP072026,7,2026-08-01 06:00:00,6 days 12:00:00,156,20.17,-126.96,1001.3,45.3,57.71024115314641,57.71024115314641,46.7406756910028,30.91162201049447,44.22159271182715,0.0,0.0,0.0,0.0,0.0,0.0,0.0,0.0
2026-07-25 18:00:00,EP072026,7,2026-08-01 12:00:00,6 days 18:00:00,162,20.37,-128.01,1001.6,37.7,65.29661029488612,178.1116077180565,149.08430330341574,115.85993562911378,153.3349488389681,0.0,0.0,0.0,0.0,0.0,0.0,0.0,0.0
2026-07-25 18:00:00,EP072026,7,2026-08-01 18:00:00,7 days 00:00:00,168,20.52,-129.08,1007.2,34.2,78.63524016536184,14.625523775876948,0.1000327492476103,0.0,78.63524016536184,0.0,0.0,0.0,0.0,0.0,0.0,0.0,0.0
2026-07-25 18:00:00,EP072026,7,2026-08-02 00:00:00,7 days 06:00:00,174,20.89,-130.25,1003.0,40.8,119.47410298469735,236.9285656609403,190.19105160599668,136.78060083326724,188.280176355676,0.0,0.0,0.0,0.0,0.0,0.0,0.0,0.0
2026-07-25 18:00:00,EP072026,7,2026-08-02 06:00:00,7 days 12:00:00,180,21.07,-131.36,1004.3,37.2,77.01922239946029,0.5079663624891211,0.0,0.0,77.01922239946029,0.0,0.0,0.0,0.0,0.0,0.0,0.0,0.0
2026-07-25 18:00:00,EP072026,7,2026-08-02 12:00:00,7 days 18:00:00,186,21.52,-132.51,1002.7,36.7,86.4765988488667,86.4765988488667,20.845756591566627,0.0,36.93407598331032,0.0,0.0,0.0,0.0,0.0,0.0,0.0,0.0
2026-07-25 18:00:00,EP072026,7,2026-08-02 18:00:00,8 days 00:00:00,192,21.71,-133.57,1005.4,33.7,61.28101284159743,0.0,0.0,0.0,0.0,0.0,0.0,0.0,0.0,0.0,0.0,0.0,0.0
2026-07-25 18:00:00,EP072026,7,2026-08-03 00:00:00,8 days 06:00:00,198,21.86,-134.37,1005.0,30.0,101.3792120329426,0.0,0.0,0.0,0.0,0.0,0.0,0.0,0.0,0.0,0.0,0.0,0.0
2026-07-25 18:00:00,EP072026,7,2026-08-03 06:00:00,8 days 12:00:00,204,22.24,-135.34,1001.8,34.9,99.184164195545,99.184164195545,0.0,0.0,9.068826590162203,0.0,0.0,0.0,0.0,0.0,0.0,0.0,0.0
2026-07-25 18:00:00,EP072026,7,2026-08-03 12:00:00,8 days 18:00:00,210,22.47,-136.18,1006.4,26.2,106.93536607239824,0.0,0.0,0.0,0.0,0.0,0.0,0.0,0.0,0.0,0.0,0.0,0.0
2026-07-25 18:00:00,EP072026,7,2026-08-03 18:00:00,9 days 00:00:00,216,22.65,-137.61,1005.2,25.0,68.33874936457853,0.0,0.0,0.0,0.0,0.0,0.0,0.0,0.0,0.0,0.0,0.0,0.0
2026-07-25 18:00:00,EP072026,7,2026-08-04 00:00:00,9 days 06:00:00,222,22.23,-138.54,1007.4,28.4,51.30679271651484,0.0,0.0,0.0,0.0,0.0,0.0,0.0,0.0,0.0,0.0,0.0,0.0
2026-07-25 18:00:00,WP112026,7,2026-07-25 18:00:00,0 days 00:00:00,0,22.4,115.1,967.0,84.0,27.0,222.0,204.0,167.0,195.0,,,,,,,,
2026-07-25 18:00:00,WP112026,7,2026-07-26 00:00:00,0 days 06:00:00,6,22.93,114.51,979.4,62.4,7.011031947683566,90.27975666937002,96.2686882738994,67.61639213628861,65.11148586720383,7.011031947683566,0.3090062960731834,0.0,3.9784920866254314,0.0,0.0,0.0,0.0
2026-07-25 18:00:00,WP112026,7,2026-07-26 06:00:00,0 days 12:00:00,12,23.88,113.93,990.3,45.9,14.147767984250958,154.19890546455375,138.0554501905676,107.01086520705968,126.31348711415248,0.0,0.0,0.0,0.0,0.0,0.0,0.0,0.0
2026-07-25 18:00:00,WP112026,7,2026-07-26 12:00:00,0 days 18:00:00,18,24.07,113.89,990.6,37.4,26.91801356107932,30.348008871541296,22.15260153751,7.018744591786771,7.618109246543504,0.0,0.0,0.0,0.0,0.0,0.0,0.0,0.0
2026-07-25 18:00:00,WP112026,7,2026-07-26 18:00:00,1 days 00:00:00,24,25.62,113.64,999.2,26.6,65.85124758903098,0.0,0.0,0.0,0.0,0.0,0.0,0.0,0.0,0.0,0.0,0.0,0.0
2026-07-25 18:00:00,WP112026,7,2026-07-27 00:00:00,1 days 06:00:00,30,26.88,113.26,998.2,23.3,53.78214226698952,0.0,0.0,0.0,0.0,0.0,0.0,0.0,0.0,0.0,0.0,0.0,0.0
2026-07-25 18:00:00,WP112026,7,2026-07-27 06:00:00,1 days 12:00:00,36,27.43,113.45,1002.8,21.4,45.603549930269736,0.0,0.0,0.0,0.0,0.0,0.0,0.0,0.0,0.0,0.0,0.0,0.0
2026-07-25 18:00:00,WP112026,7,2026-07-27 12:00:00,1 days 18:00:00,42,28.11,112.73,1001.2,18.0,61.30046984849183,0.0,0.0,0.0,0.0,0.0,0.0,0.0,0.0,0.0,0.0,0.0,0.0
2026-07-25 18:00:00,WP112026,7,2026-07-27 18:00:00,2 days 00:00:00,48,29.15,112.54,1003.6,19.2,67.52019154212365,0.0,0.0,0.0,0.0,0.0,0.0,0.0,0.0,0.0,0.0,0.0,0.0
2026-07-25 18:00:00,WP112026,7,2026-07-28 00:00:00,2 days 06:00:00,54,30.45,112.4,1003.4,18.6,102.51915043782228,0.0,0.0,0.0,0.0,0.0,0.0,0.0,0.0,0.0,0.0,0.0,0.0
2026-07-25 18:00:00,WP112026,7,2026-07-28 06:00:00,2 days 12:00:00,60,30.9,112.37,1005.6,16.1,70.59649328933538,0.0,0.0,0.0,0.0,0.0,0.0,0.0,0.0,0.0,0.0,0.0,0.0
2026-07-25 18:00:00,WP112026,7,2026-07-28 12:00:00,2 days 18:00:00,66,32.19,111.58,1004.4,13.6,56.05701965375464,0.0,0.0,0.0,0.0,0.0,0.0,0.0,0.0,0.0,0.0,0.0,0.0
2026-07-25 18:00:00,WP112026,7,2026-07-28 18:00:00,3 days 00:00:00,72,33.02,111.64,1004.5,18.6,55.59601493086393,0.0,0.0,0.0,0.0,0.0,0.0,0.0,0.0,0.0,0.0,0.0,0.0
2026-07-25 18:00:00,EP062026,8,2026-07-25 18:00:00,0 days 00:00:00,0,19.2,-137.0,971.0,86.0,56.0,297.0,241.0,185.0,297.0,130.0,74.0,74.0,111.0,65.0,46.0,37.0,65.0
2026-07-25 18:00:00,EP062026,8,2026-07-26 00:00:00,0 days 06:00:00,6,19.36,-137.99,982.2,74.0,34.90987506118864,235.04718945578293,182.93425560500816,151.30931328243355,208.42985064334027,110.12865119820134,93.378832108889,72.1107475391521,93.80159151940168,53.869151127889566,45.56354868566909,35.800948308189724,45.92419136248557
2026-07-25 18:00:00,EP062026,8,2026-07-26 06:00:00,0 days 12:00:00,12,19.8,-139.32,985.5,72.4,36.53039525076889,227.4486328758694,174.02754927314868,136.54427077950186,201.2578405187569,114.6638841928518,95.20503282507524,71.12720215909576,95.80712143214214,52.25244870116455,44.79109015294495,34.46462480529121,44.76532240680274
2026-07-25 18:00:00,EP062026,8,2026-07-26 12:00:00,0 days 18:00:00,18,19.83,-140.42,978.0,76.0,35.11541501905907,254.40449015782224,202.12517826249723,152.79138906781577,220.179118094836,122.26360492194692,102.30354965691208,76.98246908996907,102.05848363848791,58.56121001148461,50.320744287835424,39.63800827059558,50.01859178410041
2026-07-25 18:00:00,EP062026,8,2026-07-26 18:00:00,1 days 00:00:00,24,20.07,-141.75,982.1,65.4,44.09480382992854,256.5460652758507,202.45391060698896,157.19226753742305,207.0551294395304,112.1082014751486,97.29887179162338,75.13769874888202,93.00382675508162,53.38009392093376,47.59438794250372,38.16080997432727,45.57177896635024
2026-07-25 18:00:00,EP062026,8,2026-07-27 00:00:00,1 days 06:00:00,30,20.42,-142.67,979.6,78.0,38.45778111405855,222.61193334611173,164.72816235999176,123.3743018795786,193.09783700747116,111.79827942585516,95.22414946320532,73.24687759181128,96.2056622829836,54.34079616057613,46.87062842576202,37.27521810707272,46.702670945187606
2026-07-25 18:00:00,EP062026,8,2026-07-27 06:00:00,1 days 12:00:00,36,20.69,-143.98,983.3,71.1,37.83241530241797,163.69484766290114,124.3681314864993,90.27916696427548,138.00562896765945,77.33628637294649,62.35408278669364,42.88936018968726,65.35397263765137,37.83241530241797,28.45166206941238,21.164288331284418,29.920424973296733
2026-07-25 18:00:00,EP062026,8,2026-07-27 12:00:00,1 days 18:00:00,42,20.92,-145.44,986.9,66.1,15.021351129487698,220.19439225872725,171.3264741245555,108.61835124068034,173.0473863474067,33.34622570077991,20.60077956378308,7.9396631693267,23.576709139934906,15.021351129487698,5.541671187796453,2.5210645310080224,6.8794048698732695
2026-07-25 18:00:00,EP062026,8,2026-07-27 18:00:00,2 days 00:00:00,48,21.25,-146.74,985.5,69.2,53.94626485016281,170.57875667903002,132.06455675723163,76.3271074103991,128.08471963541493,53.94626485016281,6.8334291364887925,0.0,4.997089849277771,53.94626485016281,0.0,0.0,0.4034476099052027
2026-07-25 18:00:00,EP062026,8,2026-07-28 00:00:00,2 days 06:00:00,54,21.75,-147.95,990.0,68.5,69.12993583229304,164.36690740812057,121.30384022824693,74.95502293276292,124.69468502159052,69.12993583229304,52.12160502091406,31.464058518174213,54.38435691526775,69.12993583229304,20.90166591347535,12.699257181294644,22.26469655120608
2026-07-25 18:00:00,EP062026,8,2026-07-28 06:00:00,2 days 12:00:00,60,22.3,-148.84,989.8,59.4,49.22746060334126,196.87656199959824,153.87456243587738,107.72124282124368,129.86967743505022,131.6904123206621,123.77685579676805,104.23234200263576,108.21004118637823,0.0,0.0,0.0,0.0
2026-07-25 18:00:00,EP062026,8,2026-07-28 12:00:00,2 days 18:00:00,66,22.93,-149.65,988.3,58.6,47.2713543512199,247.66538353974352,213.3433628044287,164.85560498628115,203.61395892426924,47.2713543512199,20.492376579929164,16.869906309855804,19.60879757573884,0.0,0.0,0.0,0.0
2026-07-25 18:00:00,EP062026,8,2026-07-28 18:00:00,3 days 00:00:00,72,23.4,-150.32,994.9,48.6,66.14891698729943,192.99982523127645,158.4123184917226,117.70400041522656,153.3408984444469,0.0,0.0,0.0,0.0,0.0,0.0,0.0,0.0
2026-07-25 18:00:00,EP062026,8,2026-07-29 00:00:00,3 days 06:00:00,78,23.87,-151.02,997.8,53.8,57.9186734069727,184.22263896681625,162.69040904105714,118.55934181708454,160.01245275867467,57.9186734069727,1.2101851247180293,0.0,2.7065066520417367,0.0,0.0,0.0,0.0
2026-07-25 18:00:00,EP062026,8,2026-07-29 06:00:00,3 days 12:00:00,84,24.34,-151.76,997.0,46.3,65.42964904999029,228.04707267896293,193.82230562159003,144.58451745506096,194.62473663322007,0.0,0.0,0.0,0.0,0.0,0.0,0.0,0.0
2026-07-25 18:00:00,EP062026,8,2026-07-29 12:00:00,3 days 18:00:00,90,24.91,-152.43,998.9,45.2,42.60089213000737,215.6976398295485,176.64684051539712,127.08937322282397,172.36473583869247,0.0,0.0,0.0,0.0,0.0,0.0,0.0,0.0
2026-07-25 18:00:00,EP062026,8,2026-07-29 18:00:00,4 days 00:00:00,96,25.05,-153.33,1005.5,41.4,59.27695512911371,150.42397803079487,116.6901910419696,89.07915107444205,125.18992958655495,0.0,0.0,0.0,0.0,0.0,0.0,0.0,0.0
2026-07-25 18:00:00,EP062026,8,2026-07-30 00:00:00,4 days 06:00:00,102,25.8,-154.03,1007.5,34.6,62.77458499871632,150.7507900229295,113.74068790714394,95.35047229219091,125.79881784998813,0.0,0.0,0.0,0.0,0.0,0.0,0.0,0.0
2026-07-25 18:00:00,EP062026,8,2026-07-30 06:00:00,4 days 12:00:00,108,25.58,-155.16,1009.1,25.8,52.11023246139135,0.0,0.0,0.0,0.0,0.0,0.0,0.0,0.0,0.0,0.0,0.0,0.0
2026-07-25 18:00:00,EP062026,8,2026-07-30 12:00:00,4 days 18:00:00,114,26.19,-156.14,1008.9,35.3,110.46623345533726,110.46623345533726,0.0,0.0,1.4297796958215372,0.0,0.0,0.0,0.0,0.0,0.0,0.0,0.0
2026-07-25 18:00:00,EP072026,8,2026-07-25 18:00:00,0 days 00:00:00,0,11.2,-105.1,995.0,54.0,28.0,204.0,167.0,56.0,130.0,56.0,37.0,,,0.0,0.0,0.0,0.0
2026-07-25 18:00:00,EP072026,8,2026-07-26 00:00:00,0 days 06:00:00,6,12.07,-106.25,998.2,55.2,28.32303284554551,101.03561488513112,73.27467942551252,21.39160124540907,78.3530673128868,28.32303284554551,7.71818696076444,0.0,10.536124607581982,0.0,0.0,0.0,0.0
2026-07-25 18:00:00,EP072026,8,2026-07-26 06:00:00,0 days 12:00:00,12,12.8,-107.58,999.6,54.3,71.56555070945637,186.62422972208265,154.78175676377214,112.72597669818424,149.6706845556705,79.61755703892845,72.96184246102769,60.19067392845585,65.29546621957866,0.0,0.0,0.0,0.0
2026-07-25 18:00:00,EP072026,8,2026-07-26 12:00:00,0 days 18:00:00,18,13.38,-108.71,991.7,63.5,39.07268564474371,96.5217892998188,65.94332457987107,23.703275340275106,66.05232324703721,39.07268564474371,18.114809690734177,5.702766550752635,19.28835434742534,0.0,0.0,0.0,0.0
2026-07-25 18:00:00,EP072026,8,2026-07-26 18:00:00,1 days 00:00:00,24,13.75,-109.61,988.7,66.5,37.80416917564981,210.95186653463315,156.25176992941851,110.31908130669764,160.04084366268944,88.96001541926671,74.65340073087646,51.50777195331102,71.33285810645248,39.09897559670571,32.724471366327634,22.902737185133446,31.437930916639743
2026-07-25 18:00:00,EP072026,8,2026-07-27 00:00:00,1 days 06:00:00,30,14.59,-110.45,985.9,67.1,48.90634629825806,253.997445120901,194.04352433737853,134.29824701759657,197.585396207668,121.37936723946852,99.55268895256626,68.69136362630542,96.38092130885974,54.15299887109539,45.320082984124525,34.03896232976842,45.28476496184554
2026-07-25 18:00:00,EP072026,8,2026-07-27 06:00:00,1 days 12:00:00,36,15.16,-111.32,979.5,75.8,26.311707384989404,189.4102107646826,148.82784210499847,105.52539377155992,151.64774727341882,82.70277114445645,66.94180809168712,43.948696712689056,66.9110089391482,35.850062789560326,29.3301575183288,20.742226520664843,29.323949073176557
2026-07-25 18:00:00,EP072026,8,2026-07-27 12:00:00,1 days 18:00:00,42,15.68,-111.94,965.0,94.9,24.091747987046155,212.091617898954,207.9669018141024,176.65879857012646,193.7914256935036,103.04687207168068,97.39469793371644,76.6352575997391,93.64558410633836,53.65107890168889,48.3571717535764,38.51160040541876,45.57005281974804
2026-07-25 18:00:00,EP072026,8,2026-07-27 18:00:00,2 days 00:00:00,48,16.04,-112.4,979.6,81.8,68.73872128961379,234.31472600341064,173.51942937877462,127.2529204559238,184.73762091038407,92.74137109992606,75.39920224497182,50.8506095735009,76.39598459482168,68.73872128961379,32.75507169585221,23.831975409749848,32.97068546368807
2026-07-25 18:00:00,EP072026,8,2026-07-28 00:00:00,2 days 06:00:00,54,16.68,-113.04,974.6,83.9,58.991922000570696,273.2650851508788,221.55426911082697,152.44729077837684,214.62752557893043,115.78441553251844,97.9798653728154,70.69785961987031,93.62729054787825,58.991922000570696,47.03951107182711,35.60327200806737,45.61690980071928
2026-07-25 18:00:00,EP072026,8,2026-07-28 06:00:00,2 days 12:00:00,60,16.98,-113.67,956.2,103.3,27.37330446789,244.4438776766266,197.92129216439324,147.6134223221474,198.6438778742915,108.62355243588182,89.32763435537294,69.33935477466937,92.98432353459673,54.799534343481625,47.40672908974136,38.50974121592549,47.2919317775076
2026-07-25 18:00:00,EP072026,8,2026-07-28 12:00:00,2 days 18:00:00,66,17.3,-114.1,954.1,111.7,27.029368222768586,215.9449527356017,166.9884953613909,126.15245231563026,193.88539048977395,119.17498295321256,96.2631642762048,77.5520976639026,102.45020194461152,63.472226296369215,53.24018345649998,45.66149500411481,56.846055838169256
2026-07-25 18:00:00,EP072026,8,2026-07-28 18:00:00,3 days 00:00:00,72,17.65,-114.6,959.0,99.9,25.16829282574286,168.2254228227108,141.57837786820338,106.47302491971408,138.0310434727072,83.01369014860987,63.20162436526903,46.06875149798879,72.95668153838697,41.74257785717286,33.57660658306381,25.31338919402004,36.01199517218725
2026-07-25 18:00:00,EP072026,8,2026-07-29 00:00:00,3 days 06:00:00,78,17.97,-114.93,958.4,104.7,63.58126193956665,481.9875783419265,472.2155245484233,395.90080158794825,423.864561008755,124.1244198078555,111.91052975160343,92.2288980509499,110.04970872673292,65.7138548336134,60.871199150565005,48.25078681345549,56.14201469882854
2026-07-25 18:00:00,EP072026,8,2026-07-29 06:00:00,3 days 12:00:00,84,17.8,-115.16,974.3,87.6,12.838658301923992,187.9765948283185,164.42025196147878,135.8611415462974,168.8907524530524,90.00817531765759,79.99007191302067,63.3075979083237,78.75228583024946,44.59232655269921,40.62762063756865,33.70533667564717,38.25348487342582
2026-07-25 18:00:00,EP072026,8,2026-07-29 12:00:00,3 days 18:00:00,90,18.05,-116.06,967.9,91.0,10.313356472165514,228.3612082821048,183.77875705951288,139.2974237208954,189.7533522658207,106.726989739517,88.10997618923233,63.50313495999181,89.40328060658591,48.77308847751711,40.9771120287821,32.3374830837094,41.64130793923832
2026-07-25 18:00:00,EP072026,8,2026-07-29 18:00:00,4 days 00:00:00,96,18.13,-116.86,975.8,75.2,38.555578476383246,244.72248379585733,207.4564070739277,168.00563052019604,218.4519746426902,126.46871348243856,110.01094230308392,84.51395634978488,107.7996385664396,61.04934981577543,53.8886327017722,43.39846446843222,53.085703174292696
2026-07-25 18:00:00,EP072026,8,2026-07-30 00:00:00,4 days 06:00:00,102,18.4,-117.47,970.5,84.9,9.93877979801072,248.86734976720507,192.5067865706948,155.64638662480678,230.0819290459209,128.563925109008,109.26675744065508,86.88456009703282,111.67787717754564,64.29061863665856,55.93923170095363,45.06125809838073,55.6495531828447
2026-07-25 18:00:00,EP072026,8,2026-07-30 06:00:00,4 days 12:00:00,108,18.68,-118.36,976.9,77.5,28.44645874875772,233.37476186879005,190.02854196719235,133.1760660132701,193.9101496466021,113.10867909321772,91.33870134828186,67.35029992947315,95.14111864063706,55.43939030267136,45.136024283513,34.13592187265833,47.15784882344093
2026-07-25 18:00:00,EP072026,8,2026-07-30 12:00:00,4 days 18:00:00,114,19.09,-119.27,979.5,71.2,22.158675223814733,224.407920765636,180.34672200904305,142.34431563510938,191.3623568769549,106.50413026694696,89.34723242099602,66.33220794419873,88.86043336103242,50.05814847857688,42.757979687509525,32.250932284476754,41.879883961106685
2026-07-25 18:00:00,EP072026,8,2026-07-30 18:00:00,5 days 00:00:00,120,19.73,-120.22,987.1,64.2,6.667505528118923,243.2788340813039,187.5850391426596,126.57604674959111,203.99180633095807,109.69681169549813,91.68901108411548,65.50452991809935,92.07948594524116,51.14970443733793,43.10668118544128,32.19565085617124,43.70765286892794
2026-07-25 18:00:00,EP072026,8,2026-07-31 00:00:00,5 days 06:00:00,126,20.12,-121.34,985.0,67.3,30.689524272462226,184.89463598241127,153.3041983272415,118.82439132862784,169.46189018958103,89.79093942116015,71.7616919545253,50.29359824151652,74.42645965859992,41.56240180180612,33.944102357030715,24.202869307860052,34.112433181131564
2026-07-25 18:00:00,EP072026,8,2026-07-31 06:00:00,5 days 12:00:00,132,20.39,-122.57,992.2,56.0,42.573807434531126,191.7115917782505,168.6913171372003,141.79192667571556,177.79906792490203,43.04390949060824,38.5124151978601,31.87263111140598,36.63620597269309,0.0,0.0,0.0,0.0
2026-07-25 18:00:00,EP072026,8,2026-07-31 12:00:00,5 days 18:00:00,138,20.74,-124.02,993.1,54.3,58.13734629554836,216.61481049883093,183.02495047472928,130.83518025045817,173.35824679456334,58.13734629554836,5.627103516129324,0.8515073219396072,4.482278276720916,0.0,0.0,0.0,0.0
2026-07-25 18:00:00,EP072026,8,2026-07-31 18:00:00,6 days 00:00:00,144,20.68,-125.19,1001.1,43.0,60.03616502101589,167.07096167101884,139.1156769492101,108.86277515286314,140.99821586181037,0.0,0.0,0.0,0.0,0.0,0.0,0.0,0.0
2026-07-25 18:00:00,EP072026,8,2026-08-01 00:00:00,6 days 06:00:00,150,20.65,-126.36,1004.0,39.2,47.03726086965143,165.09290713967735,131.0957995250127,103.80055352094332,134.8466756151622,0.0,0.0,0.0,0.0,0.0,0.0,0.0,0.0
2026-07-25 18:00:00,EP072026,8,2026-08-01 06:00:00,6 days 12:00:00,156,21.03,-127.48,1001.9,39.1,82.1530859013633,130.58150415347933,96.61846167414627,79.60576084503138,109.23895702953492,0.0,0.0,0.0,0.0,0.0,0.0,0.0,0.0
2026-07-25 18:00:00,EP072026,8,2026-08-01 12:00:00,6 days 18:00:00,162,21.5,-128.65,1000.7,41.3,25.881598097549546,85.08839985486182,55.90647832713813,37.5399544578586,67.08960154347609,0.0,0.0,0.0,0.0,0.0,0.0,0.0,0.0
2026-07-25 18:00:00,EP072026,8,2026-08-01 18:00:00,7 days 00:00:00,168,22.11,-130.03,1007.7,35.5,31.399497273329,106.25919661508205,80.19736712696616,59.02678226871244,85.22331723820649,0.0,0.0,0.0,0.0,0.0,0.0,0.0,0.0
2026-07-25 18:00:00,EP072026,8,2026-08-02 00:00:00,7 days 06:00:00,174,22.56,-130.97,1006.1,31.1,102.16317996398442,0.0,0.0,0.0,0.0,0.0,0.0,0.0,0.0,0.0,0.0,0.0,0.0
2026-07-25 18:00:00,EP072026,8,2026-08-02 06:00:00,7 days 12:00:00,180,22.81,-132.25,1001.7,34.7,74.49066632982613,74.49066632982613,0.0,0.0,14.521590148660138,0.0,0.0,0.0,0.0,0.0,0.0,0.0,0.0
2026-07-25 18:00:00,EP072026,8,2026-08-02 12:00:00,7 days 18:00:00,186,23.2,-133.21,1005.3,37.0,47.85023996201238,147.26968526161238,109.06593840618008,85.23678531347628,117.13893606974148,0.0,0.0,0.0,0.0,0.0,0.0,0.0,0.0
2026-07-25 18:00:00,EP072026,8,2026-08-02 18:00:00,8 days 00:00:00,192,23.59,-133.9,1003.3,40.2,98.45047990350736,98.45047990350736,1.337891892384505,0.0,2.413331304020886,0.0,0.0,0.0,0.0,0.0,0.0,0.0,0.0
2026-07-25 18:00:00,EP072026,8,2026-08-03 00:00:00,8 days 06:00:00,198,23.99,-134.72,1008.9,27.4,42.48513960138765,0.0,0.0,0.0,0.0,0.0,0.0,0.0,0.0,0.0,0.0,0.0,0.0
2026-07-25 18:00:00,EP072026,8,2026-08-03 06:00:00,8 days 12:00:00,204,24.17,-135.47,1004.5,30.8,65.87733840693028,0.0,0.0,0.0,0.0,0.0,0.0,0.0,0.0,0.0,0.0,0.0,0.0
2026-07-25 18:00:00,EP072026,8,2026-08-03 12:00:00,8 days 18:00:00,210,24.57,-136.13,1009.9,24.0,68.51323150838476,0.0,0.0,0.0,0.0,0.0,0.0,0.0,0.0,0.0,0.0,0.0,0.0
2026-07-25 18:00:00,EP072026,8,2026-08-03 18:00:00,9 days 00:00:00,216,25.22,-135.73,1007.4,23.0,73.76005405971166,0.0,0.0,0.0,0.0,0.0,0.0,0.0,0.0,0.0,0.0,0.0,0.0
2026-07-25 18:00:00,EP072026,8,2026-08-04 00:00:00,9 days 06:00:00,222,25.15,-136.05,1009.5,20.1,140.45118425665126,0.0,0.0,0.0,0.0,0.0,0.0,0.0,0.0,0.0,0.0,0.0,0.0
2026-07-25 18:00:00,WP112026,8,2026-07-25 18:00:00,0 days 00:00:00,0,22.4,115.1,967.0,84.0,27.0,222.0,204.0,167.0,195.0,,,,,,,,
2026-07-25 18:00:00,WP112026,8,2026-07-26 00:00:00,0 days 06:00:00,6,22.77,114.52,972.8,69.2,17.353099381289084,56.52644486431551,57.395728415125646,44.92151346857258,54.658903791280885,17.353099381289084,4.457538440581069,1.1794088632582205,17.353099381289084,17.353099381289084,0.0,0.0,0.0
2026-07-25 18:00:00,WP112026,8,2026-07-26 06:00:00,0 days 12:00:00,12,23.94,113.43,984.1,49.4,42.59191158485761,160.2501564207716,136.4837084472406,105.62114223460232,134.4478265270281,0.0,0.0,0.0,0.0,0.0,0.0,0.0,0.0
2026-07-25 18:00:00,WP112026,8,2026-07-26 12:00:00,0 days 18:00:00,18,24.13,113.76,995.3,36.6,70.71687660301919,70.71687660301919,9.486482356690876,0.9055109499387056,0.920524400747574,0.0,0.0,0.0,0.0,0.0,0.0,0.0,0.0
2026-07-25 18:00:00,WP112026,8,2026-07-26 18:00:00,1 days 00:00:00,24,24.59,113.89,996.3,35.8,66.45912284845744,66.45912284845744,54.346997115754384,42.63980780111243,42.83616238286994,0.0,0.0,0.0,0.0,0.0,0.0,0.0,0.0
2026-07-25 18:00:00,WP112026,8,2026-07-27 00:00:00,1 days 06:00:00,30,26.35,113.63,1000.2,22.1,70.13717576892896,0.0,0.0,0.0,0.0,0.0,0.0,0.0,0.0,0.0,0.0,0.0,0.0
2026-07-25 18:00:00,WP112026,8,2026-07-27 06:00:00,1 days 12:00:00,36,26.99,112.61,1000.9,19.6,122.20080618451884,0.0,0.0,0.0,0.0,0.0,0.0,0.0,0.0,0.0,0.0,0.0,0.0
2026-07-25 18:00:00,WP112026,8,2026-07-27 12:00:00,1 days 18:00:00,42,27.83,112.52,1002.4,19.8,70.0303580703399,0.0,0.0,0.0,0.0,0.0,0.0,0.0,0.0,0.0,0.0,0.0,0.0
2026-07-25 18:00:00,EP062026,9,2026-07-25 18:00:00,0 days 00:00:00,0,19.2,-137.0,971.0,86.0,56.0,297.0,241.0,185.0,297.0,130.0,74.0,74.0,111.0,65.0,46.0,37.0,65.0
2026-07-25 18:00:00,EP062026,9,2026-07-26 00:00:00,0 days 06:00:00,6,19.11,-138.01,971.1,82.7,36.143987435970885,210.4156633286892,168.99227818722082,127.43960626521776,187.2006836962616,116.78840645594084,93.46415454990633,72.71846889299533,99.62422091286012,58.87291114218711,50.36907647078108,39.27713425710017,50.39395622472503
2026-07-25 18:00:00,EP062026,9,2026-07-26 06:00:00,0 days 12:00:00,12,19.64,-139.12,977.8,76.6,27.696305146685816,189.0839939674118,143.2608506392253,106.0031245347449,164.5840757904276,80.24655380502574,55.518785420810346,39.437394495447926,66.27738782539346,32.05420642510058,25.613638809692223,18.757938465211947,27.454987234534016
2026-07-25 18:00:00,EP062026,9,2026-07-26 12:00:00,0 days 18:00:00,18,19.47,-140.36,981.9,68.7,50.656358886926,292.6574139107737,231.94367645892288,201.65452842457577,252.1636906766378,135.41692348964466,112.533306462332,90.07620487084483,112.94239313141252,50.656358886926,44.616359428166064,35.63490293994377,43.47802299710384
2026-07-25 18:00:00,EP062026,9,2026-07-26 18:00:00,1 days 00:00:00,24,20.18,-141.42,981.2,73.4,17.62823943013028,188.15629304176755,149.3344809641987,103.51226683309022,150.52502951620014,79.55656701590974,63.81063239085501,44.20402273862845,62.71523624168509,30.363641433574664,25.760443196796075,18.57376976360011,25.73525130134789
2026-07-25 18:00:00,EP062026,9,2026-07-27 00:00:00,1 days 06:00:00,30,20.34,-142.7,994.0,61.1,44.0114297976404,180.1240255190421,124.4280386772832,96.43985889464123,151.75664313125753,75.93580406728859,57.06558427067125,38.93393903141225,59.60309800613447,0.0,0.0,0.0,0.0
2026-07-25 18:00:00,EP062026,9,2026-07-27 06:00:00,1 days 12:00:00,36,20.48,-143.9,993.9,58.9,35.10919615647759,245.14493380574555,194.18169667586744,138.81045920664985,193.8189645669364,42.4939051412953,30.843591754526056,16.71090848944361,31.12969405365568,0.0,0.0,0.0,0.0
2026-07-25 18:00:00,EP062026,9,2026-07-27 12:00:00,1 days 18:00:00,42,20.91,-145.15,989.7,63.5,42.905760314215286,287.8934386502168,212.95518911011132,160.00203315567373,246.8620846943532,126.85434907085748,97.56068270069268,67.91331710782484,102.15983789352082,0.0,0.0,0.0,0.0
2026-07-25 18:00:00,EP062026,9,2026-07-27 18:00:00,2 days 00:00:00,48,21.46,-146.65,994.3,57.4,61.14642447793606,288.8083288543991,228.56747228785912,172.75657016302156,235.90914534510665,68.7437275639675,48.9984851637288,29.845620659541225,51.14722653835927,0.0,0.0,0.0,0.0
2026-07-25 18:00:00,EP062026,9,2026-07-28 00:00:00,2 days 06:00:00,54,21.29,-148.48,988.5,56.1,26.303940068090988,206.053831651398,177.1602238908302,142.90913723163507,166.5107161344639,34.3329558387513,28.68011674870383,19.144545303249892,26.47546573717508,0.0,0.0,0.0,0.0
2026-07-25 18:00:00,EP062026,9,2026-07-28 06:00:00,2 days 12:00:00,60,21.81,-148.82,998.6,55.9,40.37795916334108,245.1748851748476,199.37523296865743,153.64479777387027,202.9398386051544,91.12861210338596,74.45894765833881,53.279013681370536,71.66021833294792,0.0,0.0,0.0,0.0
2026-07-25 18:00:00,EP062026,9,2026-07-28 12:00:00,2 days 18:00:00,66,21.9,-150.29,1002.8,40.7,117.55484146556532,117.55484146556532,22.02002585081034,4.608946325106306,31.56617332219599,0.0,0.0,0.0,0.0,0.0,0.0,0.0,0.0
2026-07-25 18:00:00,EP062026,9,2026-07-28 18:00:00,3 days 00:00:00,72,22.03,-151.01,1000.2,49.4,124.0429710203164,124.0429710203164,8.690521344893032,0.0,20.384982906684115,0.0,0.0,0.0,0.0,0.0,0.0,0.0,0.0
2026-07-25 18:00:00,EP062026,9,2026-07-29 00:00:00,3 days 06:00:00,78,22.36,-152.38,1001.9,37.3,89.14825990980269,196.7758995957329,159.750550483235,123.4534573834922,153.42495941996472,0.0,0.0,0.0,0.0,0.0,0.0,0.0,0.0
2026-07-25 18:00:00,EP062026,9,2026-07-29 06:00:00,3 days 12:00:00,84,22.35,-153.73,1004.1,34.4,66.04773081803035,86.18106634894582,68.56211109314359,52.2935312423881,67.53345008791132,0.0,0.0,0.0,0.0,0.0,0.0,0.0,0.0
2026-07-25 18:00:00,EP062026,9,2026-07-29 12:00:00,3 days 18:00:00,90,22.59,-155.02,1007.6,34.6,112.63942255231224,112.63942255231224,19.757580460007816,1.84624699808103,20.090128409274374,0.0,0.0,0.0,0.0,0.0,0.0,0.0,0.0
2026-07-25 18:00:00,EP062026,9,2026-07-29 18:00:00,4 days 00:00:00,96,22.1,-157.2,1008.9,27.9,142.56686208836814,0.0,0.0,0.0,0.0,0.0,0.0,0.0,0.0,0.0,0.0,0.0,0.0
2026-07-25 18:00:00,EP062026,9,2026-07-30 00:00:00,4 days 06:00:00,102,22.19,-157.84,1002.7,26.7,115.56450449645024,0.0,0.0,0.0,0.0,0.0,0.0,0.0,0.0,0.0,0.0,0.0,0.0
2026-07-25 18:00:00,EP072026,9,2026-07-25 18:00:00,0 days 00:00:00,0,11.2,-105.1,995.0,54.0,28.0,204.0,167.0,56.0,130.0,56.0,37.0,,,0.0,0.0,0.0,0.0
2026-07-25 18:00:00,EP072026,9,2026-07-26 00:00:00,0 days 06:00:00,6,11.83,-106.59,996.3,47.4,42.69505842467947,245.22302931158856,212.1476997203718,172.5778937169587,200.48399490100343,0.0,0.0,0.0,0.0,0.0,0.0,0.0,0.0
2026-07-25 18:00:00,EP072026,9,2026-07-26 06:00:00,0 days 12:00:00,12,12.47,-107.68,990.6,65.9,42.14672099611632,236.63828802261207,191.0863858499388,129.81052715201187,180.05356869221112,43.256321251249446,31.5586756598275,16.151169829031545,29.87678445166812,42.14672099611632,0.0,0.0,0.0
2026-07-25 18:00:00,EP072026,9,2026-07-26 12:00:00,0 days 18:00:00,18,12.58,-108.97,989.3,64.7,37.76550183538583,214.860995444261,176.97623669823275,135.20570297743188,169.3971999370066,53.7235015731914,43.19018016568826,27.19760238838797,38.58459680573643,37.76550183538583,2.61035751729606,0.2310061575180825,2.214261260685239
2026-07-25 18:00:00,EP072026,9,2026-07-26 18:00:00,1 days 00:00:00,24,13.91,-110.21,988.7,67.8,46.66393084722977,237.17716171519095,186.59650278556109,123.14752446408012,185.1687168191024,113.85262929689654,93.24293821755556,67.69942463269722,91.02230829176594,46.66393084722977,31.142473098766605,23.02008666970893,30.596336954993188
2026-07-25 18:00:00,EP072026,9,2026-07-27 00:00:00,1 days 06:00:00,30,14.71,-111.27,986.2,73.0,9.655348665998218,286.0472525655153,229.6938725640804,147.0584049705183,228.3067647674514,95.79554311655,68.47457785293616,37.636223838705305,67.73396140544497,22.49497111872874,15.476639812091674,9.54570360214798,17.8449801203112
2026-07-25 18:00:00,EP072026,9,2026-07-27 06:00:00,1 days 12:00:00,36,14.98,-112.45,974.7,91.3,30.46808074591956,269.7744097755935,224.03218892260423,139.8457802868559,204.19147433750183,64.19465514654921,43.49694842180615,22.68517364383735,45.43298212401908,30.46808074591956,7.85748659776071,4.050902171627156,9.47163156079274
2026-07-25 18:00:00,EP072026,9,2026-07-27 12:00:00,1 days 18:00:00,42,15.69,-113.03,954.0,112.8,21.908217186559725,291.6920906056225,233.8768056744252,137.3150757163791,226.81624356080016,142.80616739842142,111.184470546447,80.53795231378555,119.01522313695128,78.57575456720564,65.3457695591007,50.4588828517247,65.55425989764548
2026-07-25 18:00:00,EP072026,9,2026-07-27 18:00:00,2 days 00:00:00,48,16.35,-113.79,956.0,109.0,32.09850810270632,266.5387999927907,198.88946531134752,117.31532246084087,217.07910664572228,124.67110295565362,94.971640512083,65.82624767504649,105.37360156946352,71.03538304376889,59.13204045357065,45.49845174934944,59.76243768844279
2026-07-25 18:00:00,EP072026,9,2026-07-28 00:00:00,2 days 06:00:00,54,16.79,-114.96,960.3,112.2,17.615460713632828,312.70909693605853,255.1660473231321,188.4075332151465,250.4946477585495,148.6132741871723,124.8535853792096,95.51860252563044,121.24119769537012,71.23146804074386,63.07940324731149,50.68815186231187,61.38368254533859
2026-07-25 18:00:00,EP072026,9,2026-07-28 06:00:00,2 days 12:00:00,60,17.38,-115.29,978.1,82.8,48.23968366065359,199.7729347665085,175.88156694678338,114.47597365999388,153.0545989211407,54.0142720304148,47.0909945001132,29.19904906274291,40.87154288290802,48.23968366065359,13.774188352780088,9.76877131918233,12.699878434669936
2026-07-25 18:00:00,EP072026,9,2026-07-28 12:00:00,2 days 18:00:00,66,17.97,-115.99,984.1,73.7,41.67085545722352,248.5936025368428,185.7823776506084,120.17580602119916,194.3972267095578,156.58045906830012,131.25240019192006,100.67365840681668,131.04736114815842,80.32482801236847,70.0402888341373,55.12938799533504,66.88543846917264
2026-07-25 18:00:00,EP072026,9,2026-07-28 18:00:00,3 days 00:00:00,72,18.58,-116.96,977.8,72.1,46.00461456880822,233.61314295081567,190.21839119805597,144.49113830691388,196.10840384287644,116.0416800750888,97.6993892176021,73.06611436810729,96.51940498903149,46.37705079506485,39.92143212146132,30.995645065910868,38.95697843077278
2026-07-25 18:00:00,EP072026,9,2026-07-29 00:00:00,3 days 06:00:00,78,18.58,-117.58,972.9,80.9,29.53217864275799,226.86055064847628,189.32172021610936,134.48849134684156,188.7711378503028,90.6658798549116,71.38336452209212,51.795899760346806,73.44333991434476,35.11332119336206,29.584043797100136,21.991018046374403,29.772180577563997
2026-07-25 18:00:00,EP072026,9,2026-07-29 06:00:00,3 days 12:00:00,84,18.76,-118.59,981.2,65.2,18.471203965602115,237.6332728317404,191.63789626571483,148.26670930234113,196.8397934457554,100.2969483775782,83.55654582401363,61.917677026651326,83.13623249252049,36.90494181451872,32.03810389889064,24.78043572460521,32.249611258923274
2026-07-25 18:00:00,EP072026,9,2026-07-29 12:00:00,3 days 18:00:00,90,18.86,-119.21,992.2,62.6,64.17465928091124,247.94800772120675,223.82268619593412,167.02322139260457,222.7838693199205,91.9927500213088,76.47593614588052,53.06254653663703,75.16558442631282,0.0,0.0,0.0,0.0
2026-07-25 18:00:00,EP072026,9,2026-07-29 18:00:00,4 days 00:00:00,96,19.26,-120.05,977.6,73.5,41.37218043692863,249.1872632687549,222.25307727136885,186.20738631247943,190.9732734429026,117.3300354233503,107.56545571285916,86.55724140606085,93.76425468043313,42.89642625222078,41.30793416225544,33.691158260851694,36.90538062567784
2026-07-25 18:00:00,EP072026,9,2026-07-30 00:00:00,4 days 06:00:00,102,19.81,-120.86,991.5,58.9,58.22368972405798,246.8564735086661,209.6450386221181,141.14754791837504,189.70419354079104,58.22368972405798,35.86581677552459,19.9547396114194,34.43120164628735,0.0,0.0,0.0,0.0
2026-07-25 18:00:00,EP072026,9,2026-07-30 06:00:00,4 days 12:00:00,108,19.88,-122.06,998.1,44.3,52.6401710679981,203.7375574190024,163.3127598741894,120.11642348554554,170.55972211507867,0.0,0.0,0.0,0.0,0.0,0.0,0.0,0.0
2026-07-25 18:00:00,EP072026,9,2026-07-30 12:00:00,4 days 18:00:00,114,20.18,-123.39,999.0,39.2,102.59266680964356,128.55239706265115,107.43180756821158,77.80144838811825,99.7497523110809,0.0,0.0,0.0,0.0,0.0,0.0,0.0,0.0
2026-07-25 18:00:00,EP072026,9,2026-07-30 18:00:00,5 days 00:00:00,120,20.27,-124.56,1001.0,40.1,104.15433714461678,318.1783712824296,269.81699897783784,212.81775686814407,263.6768805620592,0.0,0.0,0.0,0.0,0.0,0.0,0.0,0.0
2026-07-25 18:00:00,EP072026,9,2026-07-31 00:00:00,5 days 06:00:00,126,20.89,-126.1,1001.0,38.1,112.0509350641403,229.1618729993374,187.29451990002417,151.05604345086306,184.902463598839,0.0,0.0,0.0,0.0,0.0,0.0,0.0,0.0
2026-07-25 18:00:00,EP072026,9,2026-07-31 06:00:00,5 days 12:00:00,132,21.22,-127.44,1003.8,41.1,62.60190262876334,85.19862995921619,67.02097991233508,38.473338443495074,65.43166760449057,0.0,0.0,0.0,0.0,0.0,0.0,0.0,0.0
2026-07-25 18:00:00,EP072026,9,2026-07-31 12:00:00,5 days 18:00:00,138,21.29,-129.13,1000.0,43.0,118.55479633917456,118.55479633917456,70.49804336505986,52.40884463206908,76.17890550511902,0.0,0.0,0.0,0.0,0.0,0.0,0.0,0.0
2026-07-25 18:00:00,EP072026,9,2026-07-31 18:00:00,6 days 00:00:00,144,21.72,-130.57,1003.1,42.8,39.56397949041987,102.89426845361228,66.7250128421465,38.59794716164746,79.9784655316383,0.0,0.0,0.0,0.0,0.0,0.0,0.0,0.0
2026-07-25 18:00:00,EP072026,9,2026-08-01 00:00:00,6 days 06:00:00,150,21.91,-131.97,1002.2,41.9,84.1026637937803,84.1026637937803,53.61964681247191,37.536317610948245,64.5742463079013,0.0,0.0,0.0,0.0,0.0,0.0,0.0,0.0
2026-07-25 18:00:00,EP072026,9,2026-08-01 06:00:00,6 days 12:00:00,156,22.06,-133.21,1002.7,43.8,36.13950941073048,147.12665273658686,101.58056694355876,66.19363366806414,118.91905644793415,0.0,0.0,0.0,0.0,0.0,0.0,0.0,0.0
2026-07-25 18:00:00,EP072026,9,2026-08-01 12:00:00,6 days 18:00:00,162,22.26,-134.8,1000.6,41.8,69.95341229051792,69.95341229051792,5.647407581700534,0.0,21.51865961113628,0.0,0.0,0.0,0.0,0.0,0.0,0.0,0.0
2026-07-25 18:00:00,EP072026,9,2026-08-01 18:00:00,7 days 00:00:00,168,22.61,-136.37,1004.4,37.8,92.20923469380524,101.41011065020814,65.39297481388212,42.76198658747279,71.92969474916333,0.0,0.0,0.0,0.0,0.0,0.0,0.0,0.0
2026-07-25 18:00:00,WP112026,9,2026-07-25 18:00:00,0 days 00:00:00,0,22.4,115.1,967.0,84.0,27.0,222.0,204.0,167.0,195.0,,,,,,,,
2026-07-25 18:00:00,WP112026,9,2026-07-26 00:00:00,0 days 06:00:00,6,23.03,114.65,970.2,70.2,25.035032428017225,222.4096561645636,192.86677243973284,158.53176636679962,175.75293262121102,94.26970117699072,74.27665138531026,56.32165988649469,72.85849056821485,33.34429092476499,28.21359583816315,21.91777023446963,27.615412121312712
2026-07-25 18:00:00,WP112026,9,2026-07-26 06:00:00,0 days 12:00:00,12,23.7,114.28,973.2,61.9,16.363588729736787,216.06962468012927,181.790208855076,147.98207649056494,179.91878880584724,111.06732918370038,90.71867858686906,69.50052927740188,88.81313325889595,0.0,0.0,0.0,0.0
2026-07-25 18:00:00,WP112026,9,2026-07-26 12:00:00,0 days 18:00:00,18,24.57,113.87,988.7,41.6,66.12652570672046,66.12652570672046,6.776201596291503,2.979746340121113,4.425698638983098,0.0,0.0,0.0,0.0,0.0,0.0,0.0,0.0
2026-07-25 18:00:00,WP112026,9,2026-07-26 18:00:00,1 days 00:00:00,24,25.23,114.1,993.7,30.9,28.395820465756728,0.0,0.0,0.0,0.0,0.0,0.0,0.0,0.0,0.0,0.0,0.0,0.0
2026-07-25 18:00:00,WP112026,9,2026-07-27 00:00:00,1 days 06:00:00,30,26.47,113.56,1001.4,17.3,67.08037421437295,0.0,0.0,0.0,0.0,0.0,0.0,0.0,0.0,0.0,0.0,0.0,0.0
2026-07-25 18:00:00,WP112026,9,2026-07-27 06:00:00,1 days 12:00:00,36,27.24,113.19,1002.9,14.8,84.48615530717501,0.0,0.0,0.0,0.0,0.0,0.0,0.0,0.0,0.0,0.0,0.0,0.0
2026-07-25 18:00:00,WP112026,9,2026-07-27 12:00:00,1 days 18:00:00,42,27.71,112.96,1005.0,15.7,146.43423022894234,0.0,0.0,0.0,0.0,0.0,0.0,0.0,0.0,0.0,0.0,0.0,0.0
2026-07-25 18:00:00,WP112026,9,2026-07-27 18:00:00,2 days 00:00:00,48,28.67,113.18,1008.4,15.7,140.85412035344228,0.0,0.0,0.0,0.0,0.0,0.0,0.0,0.0,0.0,0.0,0.0,0.0
2026-07-25 18:00:00,WP112026,9,2026-07-28 00:00:00,2 days 06:00:00,54,29.12,113.02,1007.3,18.1,106.288944301396,0.0,0.0,0.0,0.0,0.0,0.0,0.0,0.0,0.0,0.0,0.0,0.0
2026-07-25 18:00:00,WP112026,9,2026-07-28 06:00:00,2 days 12:00:00,60,30.62,112.41,1003.5,15.0,70.18035351122795,0.0,0.0,0.0,0.0,0.0,0.0,0.0,0.0,0.0,0.0,0.0,0.0
2026-07-25 18:00:00,WP112026,9,2026-07-28 12:00:00,2 days 18:00:00,66,31.27,112.59,1006.1,19.7,135.51371266772384,0.0,0.0,0.0,0.0,0.0,0.0,0.0,0.0,0.0,0.0,0.0,0.0
2026-07-25 18:00:00,WP112026,9,2026-07-28 18:00:00,3 days 00:00:00,72,32.24,112.57,1006.8,16.3,111.06180166640236,0.0,0.0,0.0,0.0,0.0,0.0,0.0,0.0,0.0,0.0,0.0,0.0
