# If this file contains data that relates to a time no more than 48 hours ago,
# BY USING IT YOU AGREE TO THE LEGALLY BINDING TERMS OF USE FOUND AT
#   https://storage.googleapis.com/weathernext-public/terms-of-use.pdf
# Any data that relates to a time more than 48 hours ago is licensed under the
# Creative Commons Attribution International License, Version 4.0 (CC BY 4.0).
# BEGIN DATA
init_time,track_id,sample,valid_time,lead_time,lead_time_hours,lat,lon,minimum_sea_level_pressure_hpa,maximum_sustained_wind_speed_knots,radius_of_maximum_winds_km,radius_34_knot_winds_ne_km,radius_34_knot_winds_se_km,radius_34_knot_winds_sw_km,radius_34_knot_winds_nw_km,radius_50_knot_winds_ne_km,radius_50_knot_winds_se_km,radius_50_knot_winds_sw_km,radius_50_knot_winds_nw_km,radius_64_knot_winds_ne_km,radius_64_knot_winds_se_km,radius_64_knot_winds_sw_km,radius_64_knot_winds_nw_km
2026-09-11,EP122026,0,2026-09-11 00:00:00,0 days 00:00:00,0,29.0,-169.5,997.0,45.0,148.0,297.0,148.0,,222.0,0.0,0.0,0.0,0.0,0.0,0.0,0.0,0.0
2026-09-11,EP122026,0,2026-09-11 06:00:00,0 days 06:00:00,6,28.9,-170.55,998.1,38.4,106.24374044361105,106.24374044361105,0.0,0.0,2.904420973345008,0.0,0.0,0.0,0.0,0.0,0.0,0.0,0.0
2026-09-11,EP142026,0,2026-09-11 00:00:00,0 days 00:00:00,0,16.4,-121.3,1002.0,41.0,74.0,111.0,,,74.0,0.0,0.0,0.0,0.0,0.0,0.0,0.0,0.0
2026-09-11,EP142026,0,2026-09-11 06:00:00,0 days 06:00:00,6,16.7,-122.58,980.7,71.4,13.262140777019331,136.1077275940979,87.9050404713142,50.92274041396217,105.93315433800808,13.262140777019331,0.1024189851619343,0.0,3.3520529816451896,13.262140777019331,0.0,0.0,0.4769881016533559
2026-09-11,EP142026,0,2026-09-11 12:00:00,0 days 12:00:00,12,16.94,-123.42,992.8,56.3,40.15322625812277,151.72512180650872,117.7149405658416,76.32707770466007,126.66243979618964,47.26163960016916,41.94152774344219,34.9661574909295,40.40907510055964,0.0,0.0,0.0,0.0
2026-09-11,EP142026,0,2026-09-11 18:00:00,0 days 18:00:00,18,17.02,-125.04,973.9,80.4,35.58877888452975,114.04476642685488,54.39683108185352,22.93897504685492,89.0561509578071,35.58877888452975,12.79039582416426,4.944841559131952,27.64216336543412,35.58877888452975,5.912047973930067,2.330775047827015,9.991460182151732
2026-09-11,EP142026,0,2026-09-12 00:00:00,1 days 00:00:00,24,17.23,-125.91,984.4,67.7,36.160441778905096,120.2805656867676,84.56752119181908,51.7855635018322,112.7023423132738,60.09325900694967,50.32660119469493,41.84214606254267,52.46726511656669,36.160441778905096,0.0,0.0,0.8747145201441082
2026-09-11,EP142026,0,2026-09-12 06:00:00,1 days 06:00:00,30,17.2,-126.94,972.4,79.3,13.084890915400871,100.50797535814962,62.16092056636322,26.71301459836451,88.97694974792063,13.084890915400871,0.0,0.0,7.521802701243404,13.084890915400871,0.0,0.0,1.5856962415726472
2026-09-11,EP142026,0,2026-09-12 12:00:00,1 days 12:00:00,36,17.79,-128.16,982.9,73.1,9.187232925470385,148.70988158274423,125.6114452684408,86.37830625827254,133.98183578876078,68.52992546783341,54.38643021146187,35.36507877839747,55.24978981389101,28.761793531181773,23.622286130600333,16.89643885693203,23.479838437851317
2026-09-11,EP142026,0,2026-09-12 18:00:00,1 days 18:00:00,42,17.82,-128.87,959.2,101.2,1.5373052811309549,119.4602252852406,95.39030064409634,93.82160180249554,120.82375045506885,58.07232026898639,44.29605099872467,39.115028366662266,54.52920241524603,30.63380359161033,25.044148098496805,20.14119395450416,26.777387385926637
2026-09-11,EP142026,0,2026-09-13 00:00:00,2 days 00:00:00,48,17.98,-129.69,965.8,97.1,23.52997930498969,120.46292545934068,85.78040155284259,60.29821895247778,111.92697727305192,52.02417727802077,37.02368037311419,25.4901342002145,42.4453133118451,24.8700440123869,17.856762465536676,13.08425639520442,20.732750977563995
2026-09-11,EP142026,0,2026-09-13 06:00:00,2 days 06:00:00,54,18.46,-130.85,960.0,91.4,18.3130538750432,136.58422400999348,95.22228034707103,77.91098771622292,118.0260695089296,58.80677633322362,43.46232671198834,30.70323570125475,52.050967186087945,29.58350324842077,22.90348790773832,17.4799605469076,25.273665554787797
2026-09-11,EP142026,0,2026-09-13 12:00:00,2 days 12:00:00,60,18.93,-132.21,957.6,111.5,22.57185804077612,159.8687326698526,106.1052367894054,66.38785727111015,128.18838726361628,62.09948172280603,43.93147600727872,29.430669992600563,56.1360383282084,30.942130992717267,22.273856355476752,16.542985685075358,25.90326856485037
2026-09-11,EP142026,0,2026-09-13 18:00:00,2 days 18:00:00,66,19.35,-133.45,959.2,101.6,13.813833643943552,73.49896442321592,50.61306830676991,22.35689579723663,55.21704985823993,17.358130484816606,8.064576324184756,1.9763613816071264,13.38629818786563,13.813833643943552,2.0452434429485478,0.6733093476724386,3.9371506553639937
2026-09-11,EP142026,0,2026-09-14 00:00:00,3 days 00:00:00,72,19.6,-134.42,966.4,96.9,1.810530881253584,169.4572568486583,123.97531908929784,92.85613727020892,133.85676749689816,77.8021048335259,65.24856910244961,48.86910727754688,62.79421638016453,38.0727945665908,31.662403321660463,25.04428734480959,31.772487793294275
2026-09-11,EP142026,0,2026-09-14 06:00:00,3 days 06:00:00,78,19.83,-135.43,978.7,75.0,26.334100926274346,96.17822426242208,60.10308109987773,38.8968773082496,76.16395138324367,26.334100926274346,8.043082758360676,3.1837692462734357,12.165706153199828,26.334100926274346,1.521638439361814,0.7057763890893884,3.0569857731907124
2026-09-11,EP142026,0,2026-09-14 12:00:00,3 days 12:00:00,84,19.93,-136.52,985.9,63.3,3.365157930741063,156.9605122803602,117.36301695264004,75.6934593125772,135.34938020742408,72.46715055850325,56.63668562797861,36.66861608302504,56.54855125353819,0.0,0.0,0.0,0.0
2026-09-11,EP142026,0,2026-09-14 18:00:00,3 days 18:00:00,90,20.15,-137.16,997.1,45.8,60.90781564403821,129.0534952697862,102.71488121685246,76.60742944544228,104.56878015827482,0.0,0.0,0.0,0.0,0.0,0.0,0.0,0.0
2026-09-11,EP142026,0,2026-09-15 00:00:00,4 days 00:00:00,96,20.42,-138.67,997.7,49.8,54.03771376163425,196.8267689655998,169.90777349112025,133.85828200903498,166.38804405299638,0.0,0.0,0.0,0.0,0.0,0.0,0.0,0.0
2026-09-11,EP142026,0,2026-09-15 06:00:00,4 days 06:00:00,102,20.29,-139.52,1004.8,37.3,54.91620018374643,173.53021427125165,144.76169929610083,114.56098971678546,144.66742863745225,0.0,0.0,0.0,0.0,0.0,0.0,0.0,0.0
2026-09-11,EP142026,0,2026-09-15 12:00:00,4 days 12:00:00,108,19.85,-140.33,1003.5,36.4,78.97306561613107,78.97306561613107,0.0,1.9784582218232,0.0,0.0,0.0,0.0,0.0,0.0,0.0,0.0,0.0
2026-09-11,EP142026,0,2026-09-15 18:00:00,4 days 18:00:00,114,19.63,-141.32,1005.4,26.7,89.57401017580025,0.0,0.0,0.0,0.0,0.0,0.0,0.0,0.0,0.0,0.0,0.0,0.0
2026-09-11,EP142026,0,2026-09-16 00:00:00,5 days 00:00:00,120,19.34,-142.52,1005.6,27.3,70.79866949129439,0.0,0.0,0.0,0.0,0.0,0.0,0.0,0.0,0.0,0.0,0.0,0.0
2026-09-11,EP142026,0,2026-09-16 06:00:00,5 days 06:00:00,126,18.47,-143.82,1007.2,26.0,116.80179628038717,0.0,0.0,0.0,0.0,0.0,0.0,0.0,0.0,0.0,0.0,0.0,0.0
2026-09-11,EP142026,0,2026-09-16 12:00:00,5 days 12:00:00,132,18.35,-145.4,1006.9,24.3,125.62243432872756,0.0,0.0,0.0,0.0,0.0,0.0,0.0,0.0,0.0,0.0,0.0,0.0
2026-09-11,EP122026,1,2026-09-11 00:00:00,0 days 00:00:00,0,29.0,-169.5,997.0,45.0,148.0,297.0,148.0,,222.0,0.0,0.0,0.0,0.0,0.0,0.0,0.0,0.0
2026-09-11,EP122026,1,2026-09-11 06:00:00,0 days 06:00:00,6,28.97,-170.41,1000.3,37.7,104.1174304111874,235.05388309690125,205.2180363318405,170.00025646223685,186.5782892823686,0.0,0.0,0.0,0.0,0.0,0.0,0.0,0.0
2026-09-11,EP122026,1,2026-09-11 12:00:00,0 days 12:00:00,12,28.94,-171.49,1004.2,29.1,169.38280024157314,0.0,0.0,0.0,0.0,0.0,0.0,0.0,0.0,0.0,0.0,0.0,0.0
2026-09-11,EP122026,1,2026-09-11 18:00:00,0 days 18:00:00,18,29.45,-171.78,1000.0,39.1,93.54574440693531,210.56688186189731,187.3648037963089,150.80883511493028,177.00217338253094,0.0,0.0,0.0,0.0,0.0,0.0,0.0,0.0
2026-09-11,EP122026,1,2026-09-12 00:00:00,1 days 00:00:00,24,30.41,-171.3,999.4,26.5,157.5929255578406,0.0,0.0,0.0,0.0,0.0,0.0,0.0,0.0,0.0,0.0,0.0,0.0
2026-09-11,EP142026,1,2026-09-11 00:00:00,0 days 00:00:00,0,16.4,-121.3,1002.0,41.0,74.0,111.0,,,74.0,0.0,0.0,0.0,0.0,0.0,0.0,0.0,0.0
2026-09-11,EP142026,1,2026-09-11 06:00:00,0 days 06:00:00,6,16.62,-122.63,989.2,63.3,20.537969383580688,162.48013426936538,122.22968686909346,65.27823756987429,116.70982246205642,20.537969383580688,1.6074991496889115,0.0,2.5913958979855414,0.0,0.0,0.0,0.0
2026-09-11,EP142026,1,2026-09-11 12:00:00,0 days 12:00:00,12,16.64,-123.84,980.7,76.8,28.54302545910776,157.39434460417203,102.73261029096122,63.11215197394752,134.91623069807164,85.15921215010022,63.69085517471248,44.89551903720571,70.03966517195582,36.01639240710742,30.062052649484716,22.61956890703885,31.13398663122032
2026-09-11,EP142026,1,2026-09-11 18:00:00,0 days 18:00:00,18,16.81,-125.26,991.5,61.1,31.34803549911964,159.40069599850318,123.10472028773783,66.90817665582918,123.25037566530972,31.34803549911964,8.364071957843564,0.0,8.623885641796608,0.0,0.0,0.0,0.0
2026-09-11,EP142026,1,2026-09-12 00:00:00,1 days 00:00:00,24,16.74,-126.22,988.0,68.3,41.95758911204194,173.53268607771156,130.40226687472162,88.53998860118811,147.71012228955598,41.95758911204194,11.255328152443036,4.181373786447567,16.963996154722675,41.95758911204194,0.0,0.0,0.0
2026-09-11,EP142026,1,2026-09-12 06:00:00,1 days 06:00:00,30,16.81,-127.65,993.3,54.4,42.69906664180097,97.68451310486142,62.10662102106241,35.06673421637889,70.33841481641319,42.69906664180097,0.1394767255163422,0.0,1.8911762525953415,0.0,0.0,0.0,0.0
2026-09-11,EP142026,1,2026-09-12 12:00:00,1 days 12:00:00,36,17.1,-128.72,987.7,66.9,25.87214952257375,165.1927941989768,127.288817946236,90.23364084082658,138.2333761216969,27.916323996258058,17.511722437912752,8.105055289573997,18.918244965499294,25.87214952257375,0.2439941988016691,0.0,0.6954566679801495
2026-09-11,EP142026,1,2026-09-12 18:00:00,1 days 18:00:00,42,17.38,-129.3,987.3,58.9,27.751045420355595,160.01387569188137,121.00366251020446,79.3512939651174,126.0605831203157,27.751045420355595,9.64400597060131,1.926517812142736,11.630297035203617,0.0,0.0,0.0,0.0
2026-09-11,EP142026,1,2026-09-13 00:00:00,2 days 00:00:00,48,17.42,-130.24,990.1,60.1,43.82274586564839,125.0285937156734,92.15150566369954,58.95256132748163,101.71280084572128,43.82274586564839,0.0,0.0,1.9473553784485755,0.0,0.0,0.0,0.0
2026-09-11,EP142026,1,2026-09-13 06:00:00,2 days 06:00:00,54,17.57,-131.08,994.5,52.2,31.035410869307054,165.5368829406918,128.51443287255995,87.78067300187541,131.21994811478828,31.035410869307054,9.7760371293903,2.5199898460675096,10.37610938453768,0.0,0.0,0.0,0.0
2026-09-11,EP142026,1,2026-09-13 12:00:00,2 days 12:00:00,60,17.75,-131.9,997.3,46.8,41.47275728414052,148.70194467717533,117.20775144274958,83.04812532067083,130.85534751915034,0.0,0.0,0.0,0.0,0.0,0.0,0.0,0.0
2026-09-11,EP142026,1,2026-09-13 18:00:00,2 days 18:00:00,66,18.13,-133.19,999.1,45.6,22.188486760154788,44.50711233555508,17.36003957754371,0.0,29.61767703157011,0.0,0.0,0.0,0.0,0.0,0.0,0.0,0.0
2026-09-11,EP142026,1,2026-09-14 00:00:00,3 days 00:00:00,72,17.87,-134.27,997.8,42.1,25.338415761346397,144.85796021736635,101.12719648696284,74.20405358838559,108.62134730468668,0.0,0.0,0.0,0.0,0.0,0.0,0.0,0.0
2026-09-11,EP142026,1,2026-09-14 06:00:00,3 days 06:00:00,78,18.12,-134.98,995.4,49.6,23.01139924826436,174.20989520135876,135.2568929324723,101.53815189796316,143.09530846061062,0.0,0.0,0.0,0.0,0.0,0.0,0.0,0.0
2026-09-11,EP142026,1,2026-09-14 12:00:00,3 days 12:00:00,84,17.91,-135.96,996.2,49.7,60.34760537443046,60.34760537443046,11.164873999322973,2.632785036169224,19.96867419108681,0.0,0.0,0.0,0.0,0.0,0.0,0.0,0.0
2026-09-11,EP142026,1,2026-09-14 18:00:00,3 days 18:00:00,90,17.83,-137.16,1000.8,40.3,81.51177110241419,81.51177110241419,14.079981819933725,1.824842817759868,16.939526062159146,0.0,0.0,0.0,0.0,0.0,0.0,0.0,0.0
2026-09-11,EP142026,1,2026-09-15 00:00:00,4 days 00:00:00,96,17.81,-138.76,1001.3,38.2,103.89781055617152,6.496989108387972,3.252425899364404,2.696440485852399,103.89781055617152,0.0,0.0,0.0,0.0,0.0,0.0,0.0,0.0
2026-09-11,EP142026,1,2026-09-15 06:00:00,4 days 06:00:00,102,18.01,-139.45,1003.0,33.0,74.81639853191089,0.0,0.0,0.0,0.0,0.0,0.0,0.0,0.0,0.0,0.0,0.0,0.0
2026-09-11,EP142026,1,2026-09-15 12:00:00,4 days 12:00:00,108,17.64,-140.98,1004.5,32.6,79.87599357639951,0.0,0.0,0.0,0.0,0.0,0.0,0.0,0.0,0.0,0.0,0.0,0.0
2026-09-11,EP142026,1,2026-09-15 18:00:00,4 days 18:00:00,114,17.43,-142.44,1004.5,29.8,133.89560463926932,0.0,0.0,0.0,0.0,0.0,0.0,0.0,0.0,0.0,0.0,0.0,0.0
2026-09-11,EP142026,1,2026-09-16 00:00:00,5 days 00:00:00,120,17.37,-143.77,1004.1,30.0,72.07628805036228,0.0,0.0,0.0,0.0,0.0,0.0,0.0,0.0,0.0,0.0,0.0,0.0
2026-09-11,EP142026,1,2026-09-16 06:00:00,5 days 06:00:00,126,17.42,-145.29,1006.4,24.6,96.72819095563602,0.0,0.0,0.0,0.0,0.0,0.0,0.0,0.0,0.0,0.0,0.0,0.0
2026-09-11,EP142026,1,2026-09-16 12:00:00,5 days 12:00:00,132,17.13,-146.94,1007.7,24.8,123.57369237965298,0.0,0.0,0.0,0.0,0.0,0.0,0.0,0.0,0.0,0.0,0.0,0.0
2026-09-11,EP142026,1,2026-09-16 18:00:00,5 days 18:00:00,138,16.9,-148.61,1004.6,31.9,66.38459588403987,0.0,0.0,0.0,0.0,0.0,0.0,0.0,0.0,0.0,0.0,0.0,0.0
2026-09-11,EP142026,1,2026-09-17 00:00:00,6 days 00:00:00,144,16.81,-150.04,1003.5,23.9,66.35072886057291,0.0,0.0,0.0,0.0,0.0,0.0,0.0,0.0,0.0,0.0,0.0,0.0
2026-09-11,EP122026,10,2026-09-11 00:00:00,0 days 00:00:00,0,29.0,-169.5,997.0,45.0,148.0,297.0,148.0,,222.0,0.0,0.0,0.0,0.0,0.0,0.0,0.0,0.0
2026-09-11,EP122026,10,2026-09-11 06:00:00,0 days 06:00:00,6,29.66,-170.1,998.5,36.3,120.09899851924403,120.09899851924403,45.58956159529832,25.993084155780934,47.567342888069575,0.0,0.0,0.0,0.0,0.0,0.0,0.0,0.0
2026-09-11,EP122026,10,2026-09-11 12:00:00,0 days 12:00:00,12,29.15,-171.59,1000.2,34.8,60.00187756708175,60.00187756708175,0.0,0.0,4.686319709936527,0.0,0.0,0.0,0.0,0.0,0.0,0.0,0.0
2026-09-11,EP122026,10,2026-09-11 18:00:00,0 days 18:00:00,18,30.18,-172.28,1000.4,36.5,139.44041382710407,0.9386696520159604,1.7402013010847668,0.0,139.44041382710407,0.0,0.0,0.0,0.0,0.0,0.0,0.0,0.0
2026-09-11,EP122026,10,2026-09-12 00:00:00,1 days 00:00:00,24,30.7,-172.37,999.0,33.5,155.09890418082148,0.0,0.0,0.0,0.0,0.0,0.0,0.0,0.0,0.0,0.0,0.0,0.0
2026-09-11,EP142026,10,2026-09-11 00:00:00,0 days 00:00:00,0,16.4,-121.3,1002.0,41.0,74.0,111.0,,,74.0,0.0,0.0,0.0,0.0,0.0,0.0,0.0,0.0
2026-09-11,EP142026,10,2026-09-11 06:00:00,0 days 06:00:00,6,16.52,-122.49,964.7,83.2,0.0,79.87523083799651,67.14077776266765,56.33824848377316,77.36016024976684,0.2650847006653907,0.4248152359318169,0.5057626906138633,2.236825753051825,0.2650847006653907,0.034219876901183,0.0,0.9868703716919652
2026-09-11,EP142026,10,2026-09-11 12:00:00,0 days 12:00:00,12,16.7,-123.65,990.2,57.7,35.438189044283774,141.9717259570718,117.41531657581726,70.27129714473372,117.3569700765106,35.438189044283774,7.719668650605499,1.5563878494561827,8.80289371507024,0.0,0.0,0.0,0.0
2026-09-11,EP142026,10,2026-09-11 18:00:00,0 days 18:00:00,18,16.62,-124.77,985.5,62.6,36.2299898233598,148.11260715617527,109.26101843591528,78.40788494314666,127.05226501157676,36.2299898233598,0.0,0.0,1.192386109213018,0.0,0.0,0.0,0.0
2026-09-11,EP142026,10,2026-09-12 00:00:00,1 days 00:00:00,24,16.48,-125.99,977.1,75.8,25.68843645356373,103.05274919575498,59.39147902893606,34.03928943452571,84.8634903658605,30.894261708294213,21.40556017503761,14.341020989564289,25.103953985883336,25.68843645356373,0.0,0.0,0.9504213087074362
2026-09-11,EP142026,10,2026-09-12 06:00:00,1 days 06:00:00,30,16.51,-126.87,988.9,59.5,36.119347850322,126.72982010510252,87.02051078870329,65.23774426820322,110.72763906718497,36.119347850322,18.97426446674953,14.270276172668222,21.414309142194224,0.0,0.0,0.0,0.0
2026-09-11,EP142026,10,2026-09-12 12:00:00,1 days 12:00:00,36,16.4,-128.21,988.6,57.0,24.43120082011956,210.220755812079,172.39117373489353,133.0799663272992,168.0470211676584,66.33427440799187,54.89014343922645,39.44996844926936,53.65845413366333,0.0,0.0,0.0,0.0
2026-09-11,EP142026,10,2026-09-12 18:00:00,1 days 18:00:00,42,16.9,-128.58,996.3,48.5,35.871705879564786,116.58378759750416,84.22916674264889,59.54611276880971,105.86733745985248,0.0,0.0,0.0,0.0,0.0,0.0,0.0,0.0
2026-09-11,EP142026,10,2026-09-13 00:00:00,2 days 00:00:00,48,16.93,-129.44,983.2,71.5,32.768515370323485,142.05895668195444,107.42383988107758,67.52086791828106,117.0243927537308,32.768515370323485,0.8109195833244485,0.0,1.4182938437326698,32.768515370323485,0.8109195833244485,0.0,0.7691045368194125
2026-09-11,EP142026,10,2026-09-13 06:00:00,2 days 06:00:00,54,17.33,-130.41,966.7,87.4,20.484728526801547,168.75165489576642,116.03335796544252,97.00381259784425,161.98318105968767,72.50300219192948,60.13257957059764,51.82439224193054,67.91251690416254,38.1919977108775,34.224288730790406,30.0938131328102,34.445288175638225
2026-09-11,EP142026,10,2026-09-13 12:00:00,2 days 12:00:00,60,17.46,-131.43,955.2,111.9,17.009891637939436,155.51770071593535,118.68923875166882,75.63967779735304,131.61301176404362,58.78506027560354,40.464588178748784,25.46478967296297,48.41470839981965,29.597113596323734,20.944052048209077,15.605402903635586,24.279365113379438
2026-09-11,EP142026,10,2026-09-13 18:00:00,2 days 18:00:00,66,17.41,-132.31,962.6,91.5,8.386960893430182,208.9866073689421,159.5181387983662,108.9567689364578,180.33056274269603,31.629365249257773,19.749970190270314,12.147529976460646,26.340897520792712,5.5311237329908565,2.591585102767847,1.2250517160984085,8.386960893430182
2026-09-11,EP142026,10,2026-09-14 00:00:00,3 days 00:00:00,72,17.37,-133.22,944.2,119.5,17.402000179748697,150.5133788837974,95.52173436164776,50.86034715266914,133.89082384885631,73.65429759717811,50.132602176354126,34.766766755157725,61.868926181853126,48.45815899460641,38.04323913726178,29.883941140412595,41.81967635135965
2026-09-11,EP142026,10,2026-09-14 06:00:00,3 days 06:00:00,78,17.26,-133.82,955.7,105.5,11.386511139036712,135.81044984794846,96.70572149389876,50.00972240916212,136.76875003173137,58.00565142020213,41.89380546050842,32.92390696689537,53.95447070050781,23.27567785962185,17.906513656001934,14.698949413251016,20.94064780578337
2026-09-11,EP142026,10,2026-09-14 12:00:00,3 days 12:00:00,84,17.17,-134.68,956.1,110.9,23.62549195832767,182.7715046032676,130.4909219304523,103.4084773991561,184.46591378602272,88.1493232843091,63.63801720481722,51.62928867762006,79.28002426364723,51.77571659082056,41.21123003554113,33.73760353981086,45.77622660541769
2026-09-11,EP142026,10,2026-09-14 18:00:00,3 days 18:00:00,90,16.77,-135.63,953.7,105.8,12.302872266413818,90.20038324291856,61.05846665245432,55.13308595691754,96.44407763419876,9.6786891127309,4.6638395251122375,4.119687208434149,12.302872266413818,6.828189264479377,4.6638395251122375,3.745309998957618,12.302872266413818
2026-09-11,EP142026,10,2026-09-15 00:00:00,4 days 00:00:00,96,16.42,-136.55,966.0,97.3,34.643030989938,146.41857594898997,83.19755215355308,60.93332130212255,142.3359966649274,84.99159364533693,61.88213767184075,48.43756870628891,74.25663779395379,47.15327822909017,38.00350585657845,30.40464270135373,41.33796967931306
2026-09-11,EP142026,10,2026-09-15 06:00:00,4 days 06:00:00,102,15.89,-137.22,949.8,100.6,8.345317670807582,143.94696766268277,123.40668189114496,112.70105395695188,144.86941794437632,61.68547858676711,55.484273381625655,49.28554133932337,58.65582623396711,39.02125664057572,36.393455839113145,30.515012567669515,36.3738567459298
2026-09-11,EP142026,10,2026-09-15 12:00:00,4 days 12:00:00,108,15.58,-138.2,951.0,117.1,12.60583397000424,171.7115544896343,118.81515060962556,88.94815379206645,163.1389595595652,77.09834988389154,56.97942082342907,43.744746926010585,70.86604781927724,48.87792110055458,39.30233882395494,31.848803965016167,43.02471635359242
2026-09-11,EP142026,10,2026-09-15 18:00:00,4 days 18:00:00,114,15.09,-139.07,948.6,109.7,0.0,83.4558215593523,50.10545996979511,47.49152783537805,95.34125474026312,45.56219808608428,34.63333761761512,30.77116722843432,45.72883485748698,37.68741559203154,31.90696524266713,27.72689840415041,34.6410217887247
2026-09-11,EP142026,10,2026-09-16 00:00:00,5 days 00:00:00,120,14.65,-139.8,955.8,108.4,6.068014960120646,66.07108457048021,40.2781322908466,35.610407778258846,71.77565221350119,31.137831328991208,24.10909650145916,20.004131857674672,30.59781926176258,29.018976003825504,24.10909650145916,20.004131857674672,26.606173950225678
2026-09-11,EP142026,10,2026-09-16 06:00:00,5 days 06:00:00,126,14.01,-140.59,932.2,130.8,31.163387670007708,165.29814511623317,128.79000712079892,121.18392474874098,175.95161869713053,85.54178522817602,72.43309701173105,62.39584273130932,82.2658118803569,52.567564811442736,44.72482417325682,39.25187838754226,47.14448446675924
2026-09-11,EP142026,10,2026-09-16 12:00:00,5 days 12:00:00,132,13.5,-141.74,913.4,149.5,4.884181174704338,72.23623808867512,39.55928841230048,37.87812933339535,92.38832715417846,53.92115615020237,39.55928841230048,37.87812933339535,57.887224926309045,48.968691343009766,39.55928841230048,36.629558254241175,44.75135085437432
2026-09-11,EP142026,10,2026-09-16 18:00:00,5 days 18:00:00,138,12.84,-142.37,917.0,153.0,5.164477719355261,119.8245844157998,84.59224049776081,85.20872857656352,146.37903675529384,77.44604251495888,61.475083078686566,60.59251987001094,80.46222303118603,54.41913491569623,46.135119958013,41.06757252568505,50.06482529265766
2026-09-11,EP142026,10,2026-09-17 00:00:00,6 days 00:00:00,144,12.67,-143.41,910.1,149.6,17.56317481820494,132.55509136971477,81.28463884056225,87.68260547508008,153.0087037990478,95.31337316144516,70.39165116466849,64.0409792343886,90.00567085902811,56.28383227968298,43.53363385242914,39.33409228932348,51.27157827586656
2026-09-11,EP142026,10,2026-09-17 06:00:00,6 days 06:00:00,150,12.23,-144.42,926.9,140.6,26.8340274839926,149.22825195923502,105.08130057694432,105.76388384074475,162.59588252029886,95.42454457101849,78.33167006791666,66.93280000593003,88.90480809947462,46.63829876519912,38.66757569511205,35.06587680312792,41.40701353928563
2026-09-11,EP142026,10,2026-09-17 12:00:00,6 days 12:00:00,156,12.02,-145.34,931.2,142.5,0.0,89.7248385713072,55.52483988270744,67.98360700963455,109.4049830187165,62.70875897010819,41.50746535570214,36.17954324018697,63.06726926155977,41.51878746429424,31.051722026537696,26.178665471454742,38.15373181875943
2026-09-11,EP142026,10,2026-09-17 18:00:00,6 days 18:00:00,162,11.94,-145.92,948.2,112.1,41.19333910878683,137.9976849391025,123.53372437791114,139.69612829358977,151.08604591106894,59.21487896265656,50.67567926276784,51.12596149342343,60.31991599515009,41.19333910878683,34.28258636908232,31.23115066014818,35.11524875471339
2026-09-11,EP142026,10,2026-09-18 00:00:00,7 days 00:00:00,168,12.37,-146.21,955.0,99.9,18.5187063158885,213.79433994476852,183.31060956841708,155.9182250854759,179.59778179907792,84.14365503496282,81.12309018519467,72.36470267684706,76.16247489058749,51.6544118858467,52.16850892554687,45.84202844592081,46.21833607067205
2026-09-11,EP142026,10,2026-09-18 06:00:00,7 days 06:00:00,174,13.04,-146.58,953.5,108.5,10.906575233226995,191.8431065996989,167.5062597578379,133.56863419133884,162.7351898819145,29.986737851128854,19.09425553568413,14.192786929916045,24.84185772192064,12.021374249063356,8.104269066406344,6.247649077387356,10.524157978494824
2026-09-11,EP142026,10,2026-09-18 12:00:00,7 days 12:00:00,180,13.48,-146.33,963.8,95.8,25.70772968309272,177.16265286372496,171.070477479096,102.26365212304566,113.38059530443512,67.38582784529112,60.82431392082049,40.97585751084347,51.44166638991852,39.88679468162093,37.7068475462591,29.104910139616116,34.20546862637352
2026-09-11,EP142026,10,2026-09-18 18:00:00,7 days 18:00:00,186,14.19,-146.37,943.5,126.0,14.168081928457628,211.10537757351344,241.94258200280515,187.46055570417928,185.2496802834513,93.90893845565512,97.94526748831714,85.28488429494001,79.1769097633899,54.91878197814045,55.02121299789408,47.4858181156865,49.20818255199473
2026-09-11,EP142026,10,2026-09-19 00:00:00,8 days 00:00:00,192,14.67,-146.52,955.8,106.8,29.09242262321988,181.0942659983523,179.65280330040787,132.18014152300665,149.3054590256274,57.57573969949669,51.63305345353423,45.94583183056845,51.61431182740161,38.42107108380725,36.680386958903945,30.550853687464446,35.24010822884104
2026-09-11,EP142026,10,2026-09-19 06:00:00,8 days 06:00:00,198,15.18,-146.31,976.7,81.0,45.660600862418654,121.0761146784596,123.23300201609072,95.10808291264618,105.47089503015722,67.34682416582018,66.92033555389351,59.03888026874592,59.14843888645476,37.684242573041416,45.660600862418654,32.348522689569364,33.47039070948196
2026-09-11,EP142026,10,2026-09-19 12:00:00,8 days 12:00:00,204,16.14,-146.12,964.5,100.0,5.888466422365752,230.47048790415715,219.66938831273055,141.2442154658885,166.44358472194858,80.61760908590554,73.77826403922933,50.49534516624641,60.32159054020877,34.84656326048761,31.794789975876228,23.913582648171115,28.47558023124901
2026-09-11,EP142026,10,2026-09-19 18:00:00,8 days 18:00:00,210,16.55,-146.1,964.9,99.3,24.210491986674757,195.53599486081043,195.72243708621863,135.7399215924297,155.63418822639528,87.45588738215633,81.71064143090302,61.92716760083397,71.46423230162736,44.80983272611405,41.14612479908613,33.75147903872471,38.28062674443612
2026-09-11,EP142026,10,2026-09-20 00:00:00,9 days 00:00:00,216,17.47,-146.56,959.4,104.5,21.56343331554808,186.5888350752377,155.4048094245809,111.09444596245773,169.77275248594697,101.548863553126,87.05513828595633,69.59713605581936,87.040976199145,60.38039275508794,54.3990643253776,44.4885347858837,53.00278076919869
2026-09-11,EP142026,10,2026-09-20 06:00:00,9 days 06:00:00,222,18.25,-146.98,956.0,110.0,39.158101781198496,164.97879037418352,149.28514190486737,82.76590347420182,144.19580722815977,93.38264926133364,77.41171275604194,53.32021799318724,80.18461624037167,47.40042979069071,38.812178041796784,30.159523138247565,39.45659219265701
2026-09-11,EP142026,10,2026-09-20 12:00:00,9 days 12:00:00,228,19.12,-147.52,948.5,110.7,14.305651915681471,239.33933870356773,214.39158442347704,148.38711244081946,201.88363090793223,111.96386421759884,95.42016659163484,71.94904184071135,94.50240072955356,57.80351290875235,49.71665921912543,41.34984255655525,48.96695485576102
2026-09-11,EP142026,10,2026-09-20 18:00:00,9 days 18:00:00,234,19.59,-148.27,946.1,115.5,19.12457208102584,298.82489030326315,270.5336461822204,207.1268461521605,261.5751291729723,156.77245969469516,140.22199847575925,113.12164328419702,137.6082527263123,89.6432818592566,82.42445164124987,67.50194800880435,78.54138308199323
2026-09-11,EP142026,10,2026-09-21 00:00:00,10 days 00:00:00,240,20.04,-149.31,963.4,87.2,40.17717027203213,375.8756643826798,328.40690093094486,234.3986818653027,307.40767512698494,142.68075573379053,125.20504051725568,89.00420872429652,112.36133553262442,47.79059038648239,41.30285150306494,33.008547387484455,39.37966805808213
2026-09-11,EP142026,10,2026-09-21 06:00:00,10 days 06:00:00,246,20.39,-150.33,968.9,90.1,55.81333785635218,273.27800857439894,224.87074286982528,178.0549887680662,259.6668776510786,133.45560953032685,107.44914913080746,83.81140746740623,115.36281248181538,55.81333785635218,38.80357219584765,32.20996366537904,41.37171401655861
2026-09-11,EP142026,10,2026-09-21 12:00:00,10 days 12:00:00,252,20.51,-151.42,983.3,68.9,24.605415848767763,279.40518119087574,223.96396201035031,159.33139787042933,222.713483127769,105.64963472011118,86.94149559320977,61.227935836749424,81.7645190478172,24.605415848767763,17.378283430663302,11.936936978161675,18.028081461972825
2026-09-11,EP142026,10,2026-09-21 18:00:00,10 days 18:00:00,258,20.79,-152.73,982.2,67.7,30.629164168492547,255.0937690988806,218.4913021151641,162.40574195153573,206.4125720449141,120.4788513262013,98.04832081038964,69.85884630647107,95.5276894111875,30.629164168492547,17.868166724736717,12.5407680093599,20.56489340598086
2026-09-11,EP142026,10,2026-09-22 00:00:00,11 days 00:00:00,264,20.88,-153.92,987.1,57.1,30.879091120215573,359.5550061183305,301.70376229730823,247.13282283358728,300.30153267579,130.50633258842652,117.52331724460362,88.60379270219626,107.8535481305221,0.0,0.0,0.0,0.0
2026-09-11,EP142026,10,2026-09-22 06:00:00,11 days 06:00:00,270,21.43,-154.39,995.5,57.7,103.18457662944486,217.32180962515463,197.8727947303004,152.26489269605918,183.225408590444,103.18457662944486,11.848507916593986,4.1281822467810505,12.49700206402692,0.0,0.0,0.0,0.0
2026-09-11,EP142026,10,2026-09-22 12:00:00,11 days 12:00:00,276,22.11,-156.06,994.0,54.7,42.47504915808538,356.68855685995703,308.8527544468649,234.59628298411437,289.8082168534607,108.53187395360769,94.38269057216128,66.92253952316308,88.63462686373583,0.0,0.0,0.0,0.0
2026-09-11,EP142026,10,2026-09-22 18:00:00,11 days 18:00:00,282,22.67,-156.93,989.6,59.4,87.62221926674695,251.9169636082254,213.6709550334831,159.00721542693117,204.8841679501888,87.62221926674695,23.82571414452111,14.767547349550538,21.81267717315964,0.0,0.0,0.0,0.0
2026-09-11,EP142026,10,2026-09-23 00:00:00,12 days 00:00:00,288,23.2,-157.89,996.8,52.3,71.64223763901981,205.82990975826092,172.56758095546232,125.35434443894336,171.0361320807883,71.64223763901981,13.859713383076755,7.811040878209259,14.398155488520388,0.0,0.0,0.0,0.0
2026-09-11,EP142026,10,2026-09-23 06:00:00,12 days 06:00:00,294,23.27,-158.76,992.5,62.0,51.60504921681395,234.67235117144253,178.2724211359697,130.20894939353644,199.0356134877832,68.19463971670781,56.36173278425712,38.2084781215634,55.58379828466671,0.0,0.0,0.0,0.0
2026-09-11,EP142026,10,2026-09-23 12:00:00,12 days 12:00:00,300,23.67,-160.34,997.4,49.8,93.64595943382034,223.12232042673088,174.52305263536476,130.53388473481186,186.986756820524,0.0,0.0,0.0,0.0,0.0,0.0,0.0,0.0
2026-09-11,EP142026,10,2026-09-23 18:00:00,12 days 18:00:00,306,23.97,-161.09,999.4,43.1,64.42727682281101,190.71469314445767,168.19546339541375,128.56533652162983,158.05259280568015,0.0,0.0,0.0,0.0,0.0,0.0,0.0,0.0
2026-09-11,EP142026,10,2026-09-24 00:00:00,13 days 00:00:00,312,24.81,-161.93,1001.9,44.8,95.64398003797328,226.7476159118969,195.03289803648977,140.9549364607892,180.66601862728112,0.0,0.0,0.0,0.0,0.0,0.0,0.0,0.0
2026-09-11,EP142026,10,2026-09-24 06:00:00,13 days 06:00:00,318,25.59,-162.91,999.7,43.2,120.97058793715274,145.40327047130393,119.1169396409398,77.90373797270848,117.28793557161846,0.0,0.0,0.0,0.0,0.0,0.0,0.0,0.0
2026-09-11,EP142026,10,2026-09-24 12:00:00,13 days 12:00:00,324,26.1,-163.59,1001.3,43.3,98.46150431691666,190.2945226125768,163.941436354171,115.54112016315946,159.16499871189777,0.0,0.0,0.0,0.0,0.0,0.0,0.0,0.0
2026-09-11,EP142026,10,2026-09-24 18:00:00,13 days 18:00:00,330,27.28,-163.52,998.5,46.4,43.525030799260826,246.4585989732857,219.49197569290544,166.0237532859312,197.0978681294636,0.0,0.0,0.0,0.0,0.0,0.0,0.0,0.0
2026-09-11,EP142026,10,2026-09-25 00:00:00,14 days 00:00:00,336,28.23,-163.25,998.9,38.7,47.84372199073522,47.84372199073522,15.765055902472028,1.1298841386865774,17.464324491731816,0.0,0.0,0.0,0.0,0.0,0.0,0.0,0.0
2026-09-11,EP142026,10,2026-09-25 06:00:00,14 days 06:00:00,342,29.71,-162.65,1001.4,35.9,114.35360698447576,114.35360698447576,42.73069836330746,28.79684065503133,41.61695510800367,0.0,0.0,0.0,0.0,0.0,0.0,0.0,0.0
2026-09-11,EP142026,10,2026-09-25 12:00:00,14 days 12:00:00,348,32.23,-161.89,997.6,46.0,77.5631957332331,27.18950885531271,77.5631957332331,5.539457829092356,19.533527299655702,0.0,0.0,0.0,0.0,0.0,0.0,0.0,0.0
2026-09-11,EP142026,10,2026-09-25 18:00:00,14 days 18:00:00,354,34.17,-161.39,992.7,47.3,41.57075342291056,264.8072257663267,260.01335645006657,202.4522680931436,213.8817920586576,0.0,0.0,0.0,0.0,0.0,0.0,0.0,0.0
2026-09-11,EP142026,10,2026-09-26 00:00:00,15 days 00:00:00,360,36.92,-160.28,994.0,43.6,95.65651950683514,0.0,95.65651950683514,3.028003203029129,0.0,0.0,0.0,0.0,0.0,0.0,0.0,0.0,0.0
2026-09-11,EP122026,11,2026-09-11 00:00:00,0 days 00:00:00,0,29.0,-169.5,997.0,45.0,148.0,297.0,148.0,,222.0,0.0,0.0,0.0,0.0,0.0,0.0,0.0,0.0
2026-09-11,EP122026,11,2026-09-11 06:00:00,0 days 06:00:00,6,29.04,-170.49,1002.5,34.4,122.00601836205745,122.00601836205745,0.0,0.0,2.198263363073238,0.0,0.0,0.0,0.0,0.0,0.0,0.0,0.0
2026-09-11,EP122026,11,2026-09-11 12:00:00,0 days 12:00:00,12,28.9,-171.41,1000.1,38.7,171.58571035592024,335.0541594369381,292.28926373335435,214.895534712912,281.26010433785314,0.0,0.0,0.0,0.0,0.0,0.0,0.0,0.0
2026-09-11,EP122026,11,2026-09-11 18:00:00,0 days 18:00:00,18,29.57,-171.87,1002.5,35.1,84.7833737297608,84.7833737297608,0.0,0.0,0.1583207016539063,0.0,0.0,0.0,0.0,0.0,0.0,0.0,0.0
2026-09-11,EP122026,11,2026-09-12 00:00:00,1 days 00:00:00,24,30.54,-171.41,1001.6,35.0,76.61014457723888,76.61014457723888,0.0,0.0,0.0,0.0,0.0,0.0,0.0,0.0,0.0,0.0,0.0
2026-09-11,EP122026,11,2026-09-12 06:00:00,1 days 06:00:00,30,31.81,-171.57,995.2,38.5,136.0732987574836,136.0732987574836,68.26489593543236,52.578894907738416,55.98472374860967,0.0,0.0,0.0,0.0,0.0,0.0,0.0,0.0
2026-09-11,EP122026,11,2026-09-12 12:00:00,1 days 12:00:00,36,33.22,-172.46,1000.8,44.4,150.1512600292587,361.89189590463263,333.1877340990838,251.24451076897188,291.5057706685137,0.0,0.0,0.0,0.0,0.0,0.0,0.0,0.0
2026-09-11,EP122026,11,2026-09-12 18:00:00,1 days 18:00:00,42,34.53,-173.79,991.1,44.1,61.90807345092215,88.24561205733887,76.05088931146554,44.134896671444096,69.17133062050034,0.0,0.0,0.0,0.0,0.0,0.0,0.0,0.0
2026-09-11,EP122026,11,2026-09-13 00:00:00,2 days 00:00:00,48,35.24,-174.46,1001.3,31.3,137.22727163896377,0.0,0.0,0.0,0.0,0.0,0.0,0.0,0.0,0.0,0.0,0.0,0.0
2026-09-11,EP142026,11,2026-09-11 00:00:00,0 days 00:00:00,0,16.4,-121.3,1002.0,41.0,74.0,111.0,,,74.0,0.0,0.0,0.0,0.0,0.0,0.0,0.0,0.0
2026-09-11,EP142026,11,2026-09-11 06:00:00,0 days 06:00:00,6,16.61,-122.75,998.6,44.9,70.64246980842753,70.64246980842753,48.48162710281728,12.469410530189766,43.01304379456278,0.0,0.0,0.0,0.0,0.0,0.0,0.0,0.0
2026-09-11,EP142026,11,2026-09-11 12:00:00,0 days 12:00:00,12,16.8,-123.8,993.9,53.1,29.983226746839364,115.18952769214845,95.422567669763,60.07320467861484,92.9740738092894,29.983226746839364,12.029859727725082,5.206485464674685,16.761879419702964,0.0,0.0,0.0,0.0
2026-09-11,EP142026,11,2026-09-11 18:00:00,0 days 18:00:00,18,16.98,-125.12,988.4,67.5,49.45457035155687,131.38394267532453,107.49795274307225,68.28840775671699,90.90473551728904,1.880038479976733,0.0,0.0,49.45457035155687,0.0,0.0,0.0,49.45457035155687
2026-09-11,EP142026,11,2026-09-12 00:00:00,1 days 00:00:00,24,17.04,-126.51,989.1,58.9,35.90474699634467,136.74920931662706,115.74490428720762,93.23472766588117,114.44856395024846,35.90474699634467,0.0,0.0,0.8467810676843053,0.0,0.0,0.0,0.0
2026-09-11,EP142026,11,2026-09-12 06:00:00,1 days 06:00:00,30,16.82,-127.61,994.5,63.3,14.738977563671751,82.89618788733523,65.89302047550825,40.97046362158773,80.4667985162969,14.738977563671751,5.892159096767003,1.0868856134583424,10.583921545774828,0.0,0.0,0.0,0.0
2026-09-11,EP142026,11,2026-09-12 12:00:00,1 days 12:00:00,36,16.76,-128.63,987.2,59.4,0.0,103.08355792608796,66.8160843175028,43.30770580492191,101.22527018818516,46.64589018505176,27.821005450759287,16.3710762041763,34.71276765970379,0.0,0.0,0.0,0.0
2026-09-11,EP142026,11,2026-09-12 18:00:00,1 days 18:00:00,42,17.11,-129.78,977.4,79.1,9.907133338230196,149.16039649638935,107.35255735758906,80.8280840102236,129.79597406378184,21.045168258776208,10.79075858956821,4.717259571569073,18.74484581559533,9.907133338230196,0.0,0.0,0.0
2026-09-11,EP142026,11,2026-09-13 00:00:00,2 days 00:00:00,48,17.04,-130.8,960.9,97.5,0.0,127.28484627916436,82.11364278912663,59.48133778987369,112.10664824394688,65.8880606177322,46.63282706210824,34.47631438800296,55.557715717849085,29.726904125396967,23.389591601169712,18.07091574294963,25.012769120085935
2026-09-11,EP142026,11,2026-09-13 06:00:00,2 days 06:00:00,54,17.08,-131.97,979.4,71.8,0.0,104.5016561955747,76.32516489248218,52.56699571745651,101.79176970074852,61.23470566959831,41.91812682817847,28.35677663254381,48.34112336061432,15.267719852953084,10.87245126776185,8.142151042158414,13.038797631414832
2026-09-11,EP142026,11,2026-09-13 12:00:00,2 days 12:00:00,60,17.37,-132.93,969.6,89.6,22.445213411424447,119.58149266893452,86.97077745848947,62.76354082506623,94.73155926720392,54.24388249561434,39.7977426884986,25.28239493118963,42.67181946809251,22.445213411424447,16.69152283514859,12.452043594686527,18.57292486684537
2026-09-11,EP142026,11,2026-09-13 18:00:00,2 days 18:00:00,66,17.6,-134.14,978.6,72.6,16.484888716913233,83.95961062402972,67.08592344346535,57.53401888213595,76.33963243652933,36.01421873679948,25.1469095528903,16.8779310918598,31.121372035492573,16.484888716913233,8.740209164057418,5.844123367729095,9.97186548354229
2026-09-11,EP142026,11,2026-09-14 00:00:00,3 days 00:00:00,72,17.65,-135.44,998.7,52.2,43.33330031030629,122.63393706057946,84.26843831581273,60.083745152721335,105.79202993933647,43.33330031030629,12.255241641647768,6.515510297913792,13.765784719028847,0.0,0.0,0.0,0.0
2026-09-11,EP142026,11,2026-09-14 06:00:00,3 days 06:00:00,78,17.78,-136.84,998.5,45.4,27.059271693209205,72.08124128850196,55.67038367763021,23.42800316736544,50.41741441372192,0.0,0.0,0.0,0.0,0.0,0.0,0.0,0.0
2026-09-11,EP142026,11,2026-09-14 12:00:00,3 days 12:00:00,84,17.94,-137.92,1003.6,38.0,74.02827663550474,74.02827663550474,7.898899010044289,9.155414789501211,26.51651771941188,0.0,0.0,0.0,0.0,0.0,0.0,0.0,0.0
2026-09-11,EP142026,11,2026-09-14 18:00:00,3 days 18:00:00,90,17.85,-138.9,999.5,43.2,81.59422745842082,81.59422745842082,24.7841791331995,17.86576692388332,37.03332656236134,0.0,0.0,0.0,0.0,0.0,0.0,0.0,0.0
2026-09-11,EP142026,11,2026-09-15 00:00:00,4 days 00:00:00,96,17.97,-140.83,1002.1,35.7,73.45011861899688,73.45011861899688,7.008957838525129,0.0,7.85158217599188,0.0,0.0,0.0,0.0,0.0,0.0,0.0,0.0
2026-09-11,EP142026,11,2026-09-15 06:00:00,4 days 06:00:00,102,18.35,-142.23,1003.5,31.0,63.309482743484295,0.0,0.0,0.0,0.0,0.0,0.0,0.0,0.0,0.0,0.0,0.0,0.0
2026-09-11,EP142026,11,2026-09-15 12:00:00,4 days 12:00:00,108,18.47,-143.38,1005.9,26.3,106.1583474821334,0.0,0.0,0.0,0.0,0.0,0.0,0.0,0.0,0.0,0.0,0.0,0.0
2026-09-11,EP142026,11,2026-09-15 18:00:00,4 days 18:00:00,114,18.75,-144.83,1003.8,34.8,48.83425899460089,48.83425899460089,7.738667975188498,0.0,6.470102809661135,0.0,0.0,0.0,0.0,0.0,0.0,0.0,0.0
2026-09-11,EP142026,11,2026-09-16 00:00:00,5 days 00:00:00,120,18.51,-145.89,1006.8,32.1,137.6842275445639,0.0,0.0,0.0,0.0,0.0,0.0,0.0,0.0,0.0,0.0,0.0,0.0
2026-09-11,EP142026,11,2026-09-16 06:00:00,5 days 06:00:00,126,17.98,-147.02,1005.9,23.1,60.786930871375546,0.0,0.0,0.0,0.0,0.0,0.0,0.0,0.0,0.0,0.0,0.0,0.0
2026-09-11,EP142026,11,2026-09-16 12:00:00,5 days 12:00:00,132,18.28,-148.58,1007.2,26.2,63.80799139411336,0.0,0.0,0.0,0.0,0.0,0.0,0.0,0.0,0.0,0.0,0.0,0.0
2026-09-11,EP122026,12,2026-09-11 00:00:00,0 days 00:00:00,0,29.0,-169.5,997.0,45.0,148.0,297.0,148.0,,222.0,0.0,0.0,0.0,0.0,0.0,0.0,0.0,0.0
2026-09-11,EP122026,12,2026-09-11 06:00:00,0 days 06:00:00,6,28.95,-170.54,1002.3,35.1,126.313615933932,126.313615933932,0.0,0.0,1.4080750121163028,0.0,0.0,0.0,0.0,0.0,0.0,0.0,0.0
2026-09-11,EP122026,12,2026-09-11 12:00:00,0 days 12:00:00,12,28.99,-171.46,1002.6,32.9,115.72184288668552,0.0,0.0,0.0,0.0,0.0,0.0,0.0,0.0,0.0,0.0,0.0,0.0
2026-09-11,EP122026,12,2026-09-11 18:00:00,0 days 18:00:00,18,28.98,-171.99,1000.7,29.7,97.01740108168268,0.0,0.0,0.0,0.0,0.0,0.0,0.0,0.0,0.0,0.0,0.0,0.0
2026-09-11,EP122026,12,2026-09-12 00:00:00,1 days 00:00:00,24,30.1,-171.89,1003.3,30.5,130.12933026306672,0.0,0.0,0.0,0.0,0.0,0.0,0.0,0.0,0.0,0.0,0.0,0.0
2026-09-11,EP122026,12,2026-09-12 06:00:00,1 days 06:00:00,30,30.85,-171.6,1000.1,34.9,68.49592921859642,5.492495559153701,68.49592921859642,0.0,0.0,0.0,0.0,0.0,0.0,0.0,0.0,0.0,0.0
2026-09-11,EP122026,12,2026-09-12 12:00:00,1 days 12:00:00,36,31.63,-171.83,998.2,38.3,56.74539934854907,0.7864500212180694,0.0,1.8802009860691824,56.74539934854907,0.0,0.0,0.0,0.0,0.0,0.0,0.0,0.0
2026-09-11,EP142026,12,2026-09-11 00:00:00,0 days 00:00:00,0,16.4,-121.3,1002.0,41.0,74.0,111.0,,,74.0,0.0,0.0,0.0,0.0,0.0,0.0,0.0,0.0
2026-09-11,EP142026,12,2026-09-11 06:00:00,0 days 06:00:00,6,16.5,-122.44,963.4,96.9,40.23449708688849,40.23449708688849,24.93328911679767,3.375950303465359,40.23449708688849,40.23449708688849,0.2473105362238943,0.0,40.23449708688849,0.7830514835843188,0.0,0.0,40.23449708688849
2026-09-11,EP142026,12,2026-09-11 12:00:00,0 days 12:00:00,12,16.69,-123.88,992.6,56.7,24.319049442430483,24.674650835823115,23.66815332221444,7.035961411554183,19.74014856846874,24.319049442430483,0.0,0.0,0.0,0.0,0.0,0.0,0.0
2026-09-11,EP142026,12,2026-09-11 18:00:00,0 days 18:00:00,18,16.92,-124.75,990.7,52.8,38.45031832314406,148.60738417892622,116.95746546642958,74.90752848809312,117.71042411725338,38.45031832314406,0.9306352505683196,0.0,2.7102257362584203,0.0,0.0,0.0,0.0
2026-09-11,EP142026,12,2026-09-12 00:00:00,1 days 00:00:00,24,16.63,-125.76,993.6,55.4,52.97962476365866,172.9129066483007,146.32563629028363,107.87545816102876,147.3316446822176,52.97962476365866,9.339869687842253,7.192206852012907,9.982570660774773,0.0,0.0,0.0,0.0
2026-09-11,EP142026,12,2026-09-12 06:00:00,1 days 06:00:00,30,16.69,-126.94,994.5,49.4,49.15783414236724,145.03965320809834,112.63465694895564,88.43266186588411,120.65566250399212,0.0,0.0,0.0,0.0,0.0,0.0,0.0,0.0
2026-09-11,EP142026,12,2026-09-12 12:00:00,1 days 12:00:00,36,17.02,-127.82,994.4,55.7,32.62986247809007,194.18504743529493,167.28731172720308,125.18317105998278,158.2346861264251,32.62986247809007,0.272714470109622,0.0,1.0681628746416931,0.0,0.0,0.0,0.0
2026-09-11,EP142026,12,2026-09-12 18:00:00,1 days 18:00:00,42,17.08,-128.5,985.1,59.4,29.94347731710303,118.18381851948465,76.90437325640144,59.58793375587626,83.60760673457881,29.94347731710303,1.1772703806571343,0.0,2.3132873308911286,0.0,0.0,0.0,0.0
2026-09-11,EP142026,12,2026-09-13 00:00:00,2 days 00:00:00,48,17.64,-129.28,994.6,50.0,17.178169086492574,105.93946732297306,84.43141118156036,47.350759988521325,84.87480635411562,0.0,0.0,0.0,0.0,0.0,0.0,0.0,0.0
2026-09-11,EP142026,12,2026-09-13 06:00:00,2 days 06:00:00,54,18.26,-130.12,988.8,62.9,37.6783771941439,117.3303435906793,73.93651823950417,38.967514921739394,98.62362976628066,37.6783771941439,7.551149208595493,3.336177750191333,15.684318688155129,0.0,0.0,0.0,0.0
2026-09-11,EP142026,12,2026-09-13 12:00:00,2 days 12:00:00,60,18.18,-130.89,986.4,72.9,34.63774992900517,122.07133541145367,80.89665364261327,42.68177706269034,98.64169684453918,44.423783698512125,29.96381856435653,14.25856648518834,33.23152114477841,34.63774992900517,10.081668036589178,5.108785579738054,11.38506481324913
2026-09-11,EP142026,12,2026-09-13 18:00:00,2 days 18:00:00,66,18.41,-131.81,993.7,59.3,20.83082767795515,148.61362703199404,123.53290229616898,91.33464453540458,127.70441639546324,41.92816606909169,36.471114154452096,29.588829810443784,34.614751372150224,0.0,0.0,0.0,0.0
2026-09-11,EP142026,12,2026-09-14 00:00:00,3 days 00:00:00,72,18.42,-132.8,995.5,53.5,32.02679254209488,124.48704988948089,95.03197410062262,61.08964374497941,106.94252468232004,32.02679254209488,3.1926092843757203,1.9224957689829691,6.965271244321528,0.0,0.0,0.0,0.0
2026-09-11,EP142026,12,2026-09-14 06:00:00,3 days 06:00:00,78,18.54,-133.91,1000.4,46.5,48.573533446340505,139.42388835371486,117.60826141324614,89.5563366311794,114.89237154257,0.0,0.0,0.0,0.0,0.0,0.0,0.0,0.0
2026-09-11,EP142026,12,2026-09-14 12:00:00,3 days 12:00:00,84,18.53,-135.33,992.7,57.7,7.589578032964127,113.3552657279592,84.56742235637135,55.298531777256464,89.86275048741884,0.3441173207121295,0.0,0.0,7.589578032964127,0.0,0.0,0.0,0.0
2026-09-11,EP142026,12,2026-09-14 18:00:00,3 days 18:00:00,90,18.35,-135.82,1000.6,38.1,7.610473023627392,5.792420116307952,9.789131027048782,0.0,4.240628616060739,0.0,0.0,0.0,0.0,0.0,0.0,0.0,0.0
2026-09-11,EP142026,12,2026-09-15 00:00:00,4 days 00:00:00,96,18.84,-137.92,1003.9,36.7,66.65947025919468,67.25043061450538,42.65608428818359,32.09880408920185,51.00177961075315,0.0,0.0,0.0,0.0,0.0,0.0,0.0,0.0
2026-09-11,EP142026,12,2026-09-15 06:00:00,4 days 06:00:00,102,19.01,-139.05,1005.9,26.4,123.70060890689308,0.0,0.0,0.0,0.0,0.0,0.0,0.0,0.0,0.0,0.0,0.0,0.0
2026-09-11,EP142026,12,2026-09-15 12:00:00,4 days 12:00:00,108,18.4,-140.2,1003.6,31.4,56.46720192589579,0.0,0.0,0.0,0.0,0.0,0.0,0.0,0.0,0.0,0.0,0.0,0.0
2026-09-11,EP142026,12,2026-09-15 18:00:00,4 days 18:00:00,114,18.16,-141.16,1004.7,33.7,44.21577277646284,0.0,0.0,0.0,0.0,0.0,0.0,0.0,0.0,0.0,0.0,0.0,0.0
2026-09-11,EP142026,12,2026-09-16 00:00:00,5 days 00:00:00,120,18.06,-142.38,1004.1,33.0,52.69826891391966,0.0,0.0,0.0,0.0,0.0,0.0,0.0,0.0,0.0,0.0,0.0,0.0
2026-09-11,EP122026,13,2026-09-11 00:00:00,0 days 00:00:00,0,29.0,-169.5,997.0,45.0,148.0,297.0,148.0,,222.0,0.0,0.0,0.0,0.0,0.0,0.0,0.0,0.0
2026-09-11,EP122026,13,2026-09-11 06:00:00,0 days 06:00:00,6,28.74,-170.31,1001.7,34.8,84.62500502393108,90.82337633194912,72.92768775807863,53.3915183544024,70.49732926401856,0.0,0.0,0.0,0.0,0.0,0.0,0.0,0.0
2026-09-11,EP122026,13,2026-09-11 12:00:00,0 days 12:00:00,12,28.85,-171.48,1003.0,32.3,152.56641172969466,0.0,0.0,0.0,0.0,0.0,0.0,0.0,0.0,0.0,0.0,0.0,0.0
2026-09-11,EP122026,13,2026-09-11 18:00:00,0 days 18:00:00,18,29.54,-172.2,1003.3,32.9,192.1618888608043,0.0,0.0,0.0,0.0,0.0,0.0,0.0,0.0,0.0,0.0,0.0,0.0
2026-09-11,EP122026,13,2026-09-12 00:00:00,1 days 00:00:00,24,30.33,-172.21,1001.5,37.8,143.3294912272712,143.3294912272712,10.031488817537465,3.004298335224277,12.191086477086644,0.0,0.0,0.0,0.0,0.0,0.0,0.0,0.0
2026-09-11,EP122026,13,2026-09-12 06:00:00,1 days 06:00:00,30,31.54,-171.76,998.4,30.9,154.6485221160143,0.0,0.0,0.0,0.0,0.0,0.0,0.0,0.0,0.0,0.0,0.0,0.0
2026-09-11,EP122026,13,2026-09-12 12:00:00,1 days 12:00:00,36,33.08,-171.61,995.4,42.4,148.7339998931517,148.7339998931517,101.41454057054762,63.70089845723443,92.01802512488746,0.0,0.0,0.0,0.0,0.0,0.0,0.0,0.0
2026-09-11,EP122026,13,2026-09-12 18:00:00,1 days 18:00:00,42,34.58,-172.48,998.1,37.5,103.28370096441289,103.28370096441289,54.20440343195147,37.09235166128305,55.02125894965175,0.0,0.0,0.0,0.0,0.0,0.0,0.0,0.0
2026-09-11,EP122026,13,2026-09-13 00:00:00,2 days 00:00:00,48,36.18,-174.83,995.0,53.8,51.47642013078351,100.72433687931895,72.40033638939589,34.73027041634642,69.53194625808841,51.47642013078351,0.0,0.0,0.0,0.0,0.0,0.0,0.0
2026-09-11,EP122026,13,2026-09-13 06:00:00,2 days 06:00:00,54,36.29,-176.4,1000.4,27.8,132.00250420578664,0.0,0.0,0.0,0.0,0.0,0.0,0.0,0.0,0.0,0.0,0.0,0.0
2026-09-11,EP122026,13,2026-09-13 12:00:00,2 days 12:00:00,60,36.16,-177.55,1002.7,26.0,86.53739917530217,0.0,0.0,0.0,0.0,0.0,0.0,0.0,0.0,0.0,0.0,0.0,0.0
2026-09-11,EP142026,13,2026-09-11 00:00:00,0 days 00:00:00,0,16.4,-121.3,1002.0,41.0,74.0,111.0,,,74.0,0.0,0.0,0.0,0.0,0.0,0.0,0.0,0.0
2026-09-11,EP142026,13,2026-09-11 06:00:00,0 days 06:00:00,6,16.63,-122.24,992.6,51.4,35.91429375294365,156.277940802353,103.93363245343778,59.20892132214647,117.64404654454565,35.91429375294365,0.0,0.0,3.2476156460441388,0.0,0.0,0.0,0.0
2026-09-11,EP142026,13,2026-09-11 12:00:00,0 days 12:00:00,12,16.84,-123.55,982.1,70.6,20.49606713545212,175.7893369719723,125.81302286918064,83.53182551406778,135.76260913587737,25.76012711184836,12.62595672516408,3.6408417474162778,17.71280604848226,20.49606713545212,0.0,0.0,0.0
2026-09-11,EP142026,13,2026-09-11 18:00:00,0 days 18:00:00,18,16.98,-124.73,986.4,65.6,27.40176880062543,173.84946652874197,130.23367219798973,87.31183175546417,147.18212240372898,38.12851856807509,23.68745503700884,11.199615766627634,28.9769312350268,27.40176880062543,1.1954776454027387,0.0,1.6585187172313354
2026-09-11,EP142026,13,2026-09-12 00:00:00,1 days 00:00:00,24,16.99,-125.85,980.0,76.5,17.90099475078435,125.36902797639256,74.61787644083742,46.25842493748674,117.6670901765263,51.04194836561595,31.668334090261236,22.312456372971724,42.417829351651534,19.96055986424065,15.35698019817923,11.692059117609077,17.792194671910813
2026-09-11,EP142026,13,2026-09-12 06:00:00,1 days 06:00:00,30,17.02,-127.01,973.6,82.2,23.89284396479377,111.5578205115928,70.74733702375693,52.79404819479828,101.59436100037216,67.04735837291537,48.887905882590985,38.55228011403676,57.25839439441416,33.21717942643443,27.730063862798943,22.01721608109264,29.100392551719267
2026-09-11,EP142026,13,2026-09-12 12:00:00,1 days 12:00:00,36,17.29,-127.84,971.5,83.1,19.09864342418864,164.46691491709032,120.9198884964645,87.70462686713574,152.87610583747346,81.51996870507197,59.981665998309325,43.294517174714926,67.36231529417385,36.664230808832656,30.46988065161653,22.621630184185687,31.530611081627555
2026-09-11,EP142026,13,2026-09-12 18:00:00,1 days 18:00:00,42,17.52,-128.83,965.9,94.4,0.0,174.3442094873589,132.92097892732448,90.47735671150524,140.72289690904358,42.262887352735326,26.37328450100577,15.1045365401307,31.46952945417631,14.21883196585823,10.820698571626693,7.624244976708812,12.433134359576671
2026-09-11,EP142026,13,2026-09-13 00:00:00,2 days 00:00:00,48,17.73,-130.04,975.9,80.5,13.691138032064616,119.8774096417149,81.50084796235862,50.19791352952089,110.16813204247704,50.0675851717606,33.823526000799646,23.4769322988146,40.72661121467215,28.96746670065401,24.23529531960465,18.80871006457817,24.9629871818103
2026-09-11,EP142026,13,2026-09-13 06:00:00,2 days 06:00:00,54,17.92,-130.78,980.9,77.9,28.80448735706362,143.36199306465514,103.11426575712466,76.96233073853145,125.12406688452865,39.41543160253151,26.114273304534603,15.266052175553916,31.354579945730837,28.80448735706362,9.686259525880274,7.266270523217122,12.064093959680612
2026-09-11,EP142026,13,2026-09-13 12:00:00,2 days 12:00:00,60,18.27,-131.76,965.0,94.0,8.47389624043192,183.6699469982125,133.1354967359587,85.51973820544936,154.67891600691888,60.59404119327871,38.80368462385063,23.745098773793107,46.3944094194115,22.770062508001864,17.21940132288146,12.043781934450925,19.75352726705807
2026-09-11,EP142026,13,2026-09-13 18:00:00,2 days 18:00:00,66,18.66,-132.94,982.7,72.3,22.75607174808701,189.41619567413136,118.55332954173925,74.61682043550206,152.45469140292522,106.33321096792385,78.52114646109158,54.66517024025197,85.59021180026667,46.42736159009445,38.93445501333216,28.91287473244354,39.67892911753427
2026-09-11,EP142026,13,2026-09-14 00:00:00,3 days 00:00:00,72,18.84,-134.18,975.9,80.8,5.554912178412241,133.50809170702465,70.6967108797799,48.23855235581652,114.08329023293022,68.5796488007685,46.55193838437687,31.65529768536223,55.95434929944236,33.05684354785005,27.00923193026565,19.886664042705323,27.887870976830644
2026-09-11,EP142026,13,2026-09-14 06:00:00,3 days 06:00:00,78,18.81,-135.19,995.4,52.1,0.0,112.91411559913166,80.39922407395002,49.238343837012536,89.0296994352635,6.137418680986475,1.0393374492060392,0.0,1.863457077221021,0.0,0.0,0.0,0.0
2026-09-11,EP142026,13,2026-09-14 12:00:00,3 days 12:00:00,84,18.96,-136.2,996.1,45.8,14.659138474318166,147.2079498717818,95.6878936460686,51.99353321597169,112.97293818637208,0.0,0.0,0.0,0.0,0.0,0.0,0.0,0.0
2026-09-11,EP142026,13,2026-09-14 18:00:00,3 days 18:00:00,90,18.92,-138.14,1001.2,43.3,61.08812525723781,127.69004257947468,106.257135283338,77.58005048842472,103.45430190897557,0.0,0.0,0.0,0.0,0.0,0.0,0.0,0.0
2026-09-11,EP142026,13,2026-09-15 00:00:00,4 days 00:00:00,96,18.94,-139.05,1002.8,36.4,80.21965916302884,80.21965916302884,0.4730398689235073,0.0,6.829034696497818,0.0,0.0,0.0,0.0,0.0,0.0,0.0,0.0
2026-09-11,EP142026,13,2026-09-15 06:00:00,4 days 06:00:00,102,19.24,-140.42,1006.0,26.8,119.61562006049252,0.0,0.0,0.0,0.0,0.0,0.0,0.0,0.0,0.0,0.0,0.0,0.0
2026-09-11,EP142026,13,2026-09-15 12:00:00,4 days 12:00:00,108,19.09,-141.49,1004.8,33.6,45.74179964953413,0.0,0.0,0.0,0.0,0.0,0.0,0.0,0.0,0.0,0.0,0.0,0.0
2026-09-11,EP142026,13,2026-09-15 18:00:00,4 days 18:00:00,114,18.77,-143.0,1005.2,32.2,110.50033821594138,0.0,0.0,0.0,0.0,0.0,0.0,0.0,0.0,0.0,0.0,0.0,0.0
2026-09-11,EP142026,13,2026-09-16 00:00:00,5 days 00:00:00,120,18.9,-144.9,1005.6,27.6,67.84610443953369,0.0,0.0,0.0,0.0,0.0,0.0,0.0,0.0,0.0,0.0,0.0,0.0
2026-09-11,EP142026,13,2026-09-16 06:00:00,5 days 06:00:00,126,18.95,-146.23,1007.0,22.0,53.47163187491736,0.0,0.0,0.0,0.0,0.0,0.0,0.0,0.0,0.0,0.0,0.0,0.0
2026-09-11,EP142026,13,2026-09-16 12:00:00,5 days 12:00:00,132,18.47,-147.51,1006.6,25.5,93.7589515496195,0.0,0.0,0.0,0.0,0.0,0.0,0.0,0.0,0.0,0.0,0.0,0.0
2026-09-11,EP142026,13,2026-09-16 18:00:00,5 days 18:00:00,138,18.18,-149.02,1005.9,29.7,49.55210743562524,0.0,0.0,0.0,0.0,0.0,0.0,0.0,0.0,0.0,0.0,0.0,0.0
2026-09-11,EP122026,14,2026-09-11 00:00:00,0 days 00:00:00,0,29.0,-169.5,997.0,45.0,148.0,297.0,148.0,,222.0,0.0,0.0,0.0,0.0,0.0,0.0,0.0,0.0
2026-09-11,EP122026,14,2026-09-11 06:00:00,0 days 06:00:00,6,28.95,-170.53,998.2,33.8,130.98099932228956,0.0,0.0,0.0,0.0,0.0,0.0,0.0,0.0,0.0,0.0,0.0,0.0
2026-09-11,EP122026,14,2026-09-11 12:00:00,0 days 12:00:00,12,28.78,-171.42,1002.9,30.7,76.39719649052105,0.0,0.0,0.0,0.0,0.0,0.0,0.0,0.0,0.0,0.0,0.0,0.0
2026-09-11,EP122026,14,2026-09-11 18:00:00,0 days 18:00:00,18,30.0,-171.72,998.1,37.1,121.12320944368118,0.0,121.12320944368118,0.0,0.0,0.0,0.0,0.0,0.0,0.0,0.0,0.0,0.0
2026-09-11,EP122026,14,2026-09-12 00:00:00,1 days 00:00:00,24,30.44,-171.29,999.9,36.5,57.12593887529646,0.0881685255377178,0.0,57.12593887529646,0.0,0.0,0.0,0.0,0.0,0.0,0.0,0.0,0.0
2026-09-11,EP122026,14,2026-09-12 06:00:00,1 days 06:00:00,30,32.19,-171.55,995.6,35.9,114.50529715967672,114.50529715967672,0.4698254243935906,0.0,0.0,0.0,0.0,0.0,0.0,0.0,0.0,0.0,0.0
2026-09-11,EP122026,14,2026-09-12 12:00:00,1 days 12:00:00,36,33.72,-172.13,986.7,53.1,117.1344087724808,171.4313885242513,157.46403909801086,118.73064951965232,131.11597217528464,0.0,117.1344087724808,0.0,0.0601445763823056,0.0,0.0,0.0,0.0
2026-09-11,EP122026,14,2026-09-12 18:00:00,1 days 18:00:00,42,35.14,-173.95,989.8,44.8,85.00545024721647,360.9089793466689,331.66351910414903,280.40572352208244,309.16089798515645,0.0,0.0,0.0,0.0,0.0,0.0,0.0,0.0
2026-09-11,EP122026,14,2026-09-13 00:00:00,2 days 00:00:00,48,35.63,-176.0,996.6,36.9,106.93447091726898,106.93447091726898,29.84624322047705,19.76062784538226,41.58179162123031,0.0,0.0,0.0,0.0,0.0,0.0,0.0,0.0
2026-09-11,EP122026,14,2026-09-13 06:00:00,2 days 06:00:00,54,35.47,-177.76,1001.1,32.5,112.32870550445044,0.0,0.0,0.0,0.0,0.0,0.0,0.0,0.0,0.0,0.0,0.0,0.0
2026-09-11,EP142026,14,2026-09-11 00:00:00,0 days 00:00:00,0,16.4,-121.3,1002.0,41.0,74.0,111.0,,,74.0,0.0,0.0,0.0,0.0,0.0,0.0,0.0,0.0
2026-09-11,EP142026,14,2026-09-11 06:00:00,0 days 06:00:00,6,16.71,-122.5,994.9,47.7,59.95186047620141,97.59417933335708,60.9930275147847,17.96885181644577,81.68881654037476,0.0,0.0,0.0,0.0,0.0,0.0,0.0,0.0
2026-09-11,EP142026,14,2026-09-11 12:00:00,0 days 12:00:00,12,16.67,-123.72,991.6,57.5,47.5015622508427,175.86156875304098,119.67968002772088,69.25810189731884,133.77790490676517,66.3931335457097,51.56305342228286,33.39863798499402,51.41582972546263,0.0,0.0,0.0,0.0
2026-09-11,EP142026,14,2026-09-11 18:00:00,0 days 18:00:00,18,16.6,-125.14,979.9,71.8,16.4628337528775,121.88732717718578,82.14418653882215,55.09979912799701,103.0814680763612,45.52580087758785,35.006758353980345,25.79514297784168,38.938259849545545,16.4628337528775,4.764198313131275,3.917628833964104,6.198726462511672
2026-09-11,EP142026,14,2026-09-12 00:00:00,1 days 00:00:00,24,16.68,-126.35,967.2,92.4,17.82828300217274,158.0601246059013,117.87972629623036,87.90807058150783,140.9199991281414,85.03616609267499,65.27402116291144,49.727415473587264,71.71690419410977,41.84395374588706,33.21082226075323,25.20086697553792,35.34177831264311
2026-09-11,EP142026,14,2026-09-12 06:00:00,1 days 06:00:00,30,16.92,-127.21,961.1,101.7,19.893007485934454,170.95997171223985,134.8803229516607,105.47107776988656,142.93141209231248,85.85039945835555,70.5608381351565,55.03319440627561,74.79370440140735,39.99361913804499,32.76278479216512,26.323834067157243,33.82705372817708
2026-09-11,EP142026,14,2026-09-12 12:00:00,1 days 12:00:00,36,17.18,-128.19,961.0,103.3,13.649601362268754,129.24570390380973,88.77302672860446,59.47729391113228,132.27506476570488,81.3614735397341,61.08929746111198,45.67886313964698,74.2870927743304,43.151075523157374,35.45179438644914,27.80904519785696,38.10809803513757
2026-09-11,EP142026,14,2026-09-12 18:00:00,1 days 18:00:00,42,16.77,-129.08,911.0,156.1,18.556596445137583,219.13193028557907,182.6783809665352,185.2460961675561,230.8883025570311,91.32528840458671,81.1021561980919,73.6340960989519,90.13493845642084,61.61273975420213,55.31316719713094,46.69347925533606,56.84000198020619
2026-09-11,EP142026,14,2026-09-13 00:00:00,2 days 00:00:00,48,17.34,-130.32,959.7,105.6,7.286895011459599,92.83267065036468,71.01206544330131,42.5083025961553,83.27413418217927,45.18671952809699,34.956207943965794,26.54021116154995,39.62404057170666,31.45338576787557,26.119952836238088,21.24792272745548,27.347851503392302
2026-09-11,EP142026,14,2026-09-13 06:00:00,2 days 06:00:00,54,17.6,-131.32,976.4,87.0,10.6148946985178,144.62926949519465,101.04789110450224,64.10656168813036,120.37299594802298,18.972213444730723,6.562806318810555,0.1957362558735234,14.1507778304522,10.6148946985178,0.9485221442585106,0.0,3.358085300981685
2026-09-11,EP142026,14,2026-09-13 12:00:00,2 days 12:00:00,60,18.07,-132.3,968.3,94.1,11.521941948187305,202.15063011936763,161.56030374573493,103.08826253368623,175.18534774268483,94.11579275602708,73.56786517791625,53.04571613921371,78.81210244845715,42.151966845801326,35.50921337273485,27.158267568057227,36.007675520763314
2026-09-11,EP142026,14,2026-09-13 18:00:00,2 days 18:00:00,66,18.25,-133.4,966.9,90.9,1.8635407860214104,143.4247963183097,107.62193675268256,85.09601407048768,141.62366269914529,35.98663658998754,22.52304239559677,14.767802599540282,32.961790041050335,13.499881446837,8.28099327400898,4.881367742664171,11.998171596832393
2026-09-11,EP142026,14,2026-09-14 00:00:00,3 days 00:00:00,72,18.51,-134.64,967.6,89.9,30.107693947869848,126.73857168455288,87.54647858911267,51.12269324596673,121.50663513498148,61.54911881923909,42.596390043658175,27.91867454008752,50.72673900816153,30.107693947869848,21.463364485409784,15.772673955422306,24.66368343827071
2026-09-11,EP142026,14,2026-09-14 06:00:00,3 days 06:00:00,78,18.32,-135.55,985.1,65.8,10.61965807872545,114.2760702324712,79.6358630649585,61.513499777967645,98.64796783521922,16.570542170268702,9.781347105858952,2.367763486574777,12.64361938409812,10.61965807872545,0.0,0.0,0.0
2026-09-11,EP142026,14,2026-09-14 12:00:00,3 days 12:00:00,84,18.24,-136.73,996.7,56.3,46.17446091818459,106.8502966002742,67.5035900763769,43.03974636412886,89.03726114911092,46.17446091818459,21.436760384421035,15.167233265436252,21.67651941171087,0.0,0.0,0.0,0.0
2026-09-11,EP142026,14,2026-09-14 18:00:00,3 days 18:00:00,90,18.17,-137.97,998.2,44.1,41.32807512197312,76.94411609721976,55.92053572894834,40.06448113725318,65.6801133681904,0.0,0.0,0.0,0.0,0.0,0.0,0.0,0.0
2026-09-11,EP142026,14,2026-09-15 00:00:00,4 days 00:00:00,96,17.83,-138.66,999.8,39.1,73.05642757722032,73.05642757722032,0.0,0.0,9.72814070299284,0.0,0.0,0.0,0.0,0.0,0.0,0.0,0.0
2026-09-11,EP142026,14,2026-09-15 06:00:00,4 days 06:00:00,102,17.63,-139.65,997.1,41.1,56.05931737594064,89.4706461780686,69.66856503362933,44.56996010268403,71.96947002491737,0.0,0.0,0.0,0.0,0.0,0.0,0.0,0.0
2026-09-11,EP142026,14,2026-09-15 12:00:00,4 days 12:00:00,108,17.59,-141.28,1001.5,39.1,76.94012339850498,76.94012339850498,17.524538032414746,6.444954518449016,23.15220627551942,0.0,0.0,0.0,0.0,0.0,0.0,0.0,0.0
2026-09-11,EP142026,14,2026-09-15 18:00:00,4 days 18:00:00,114,17.39,-142.58,997.6,37.4,76.09867525341687,76.09867525341687,0.0,0.0,8.811846992771473,0.0,0.0,0.0,0.0,0.0,0.0,0.0,0.0
2026-09-11,EP142026,14,2026-09-16 00:00:00,5 days 00:00:00,120,16.9,-143.99,999.3,39.6,64.23401828059713,64.23401828059713,0.0,0.0,6.752735633799906,0.0,0.0,0.0,0.0,0.0,0.0,0.0,0.0
2026-09-11,EP142026,14,2026-09-16 06:00:00,5 days 06:00:00,126,16.64,-145.28,1003.2,34.7,86.95914910907163,86.95914910907163,0.0,0.0,0.0,0.0,0.0,0.0,0.0,0.0,0.0,0.0,0.0
2026-09-11,EP142026,14,2026-09-16 12:00:00,5 days 12:00:00,132,16.06,-146.56,1005.3,35.7,67.7532004132283,113.331571647577,101.4199626516832,77.01652116684367,95.39426807821572,0.0,0.0,0.0,0.0,0.0,0.0,0.0,0.0
2026-09-11,EP142026,14,2026-09-16 18:00:00,5 days 18:00:00,138,15.85,-147.65,998.5,35.7,65.26007785453297,65.26007785453297,4.336218783864098,0.0,7.8856593266466035,0.0,0.0,0.0,0.0,0.0,0.0,0.0,0.0
2026-09-11,EP142026,14,2026-09-17 00:00:00,6 days 00:00:00,144,15.71,-148.34,1001.1,39.9,74.40847537917227,101.71882801182196,83.63134156214801,58.404412882971386,82.17354364378679,0.0,0.0,0.0,0.0,0.0,0.0,0.0,0.0
2026-09-11,EP142026,14,2026-09-17 06:00:00,6 days 06:00:00,150,15.7,-149.36,990.9,44.9,74.91146972730178,7.066145781178953,9.262616299973356,11.51566846848861,74.91146972730178,0.0,0.0,0.0,0.0,0.0,0.0,0.0,0.0
2026-09-11,EP142026,14,2026-09-17 12:00:00,6 days 12:00:00,156,15.12,-150.51,997.8,33.1,90.91089053119704,0.0,0.0,0.0,0.0,0.0,0.0,0.0,0.0,0.0,0.0,0.0,0.0
2026-09-11,EP142026,14,2026-09-17 18:00:00,6 days 18:00:00,162,14.99,-151.78,992.3,38.1,101.46393631927128,5.497727683606968,10.442285781721353,6.895890338795425,101.46393631927128,0.0,0.0,0.0,0.0,0.0,0.0,0.0,0.0
2026-09-11,EP142026,14,2026-09-18 00:00:00,7 days 00:00:00,168,15.95,-152.38,999.9,25.1,59.15069520178081,0.0,0.0,0.0,0.0,0.0,0.0,0.0,0.0,0.0,0.0,0.0,0.0
2026-09-11,EP142026,14,2026-09-18 06:00:00,7 days 06:00:00,174,15.41,-152.7,1002.6,24.3,65.6903012855784,0.0,0.0,0.0,0.0,0.0,0.0,0.0,0.0,0.0,0.0,0.0,0.0
2026-09-11,EP122026,15,2026-09-11 00:00:00,0 days 00:00:00,0,29.0,-169.5,997.0,45.0,148.0,297.0,148.0,,222.0,0.0,0.0,0.0,0.0,0.0,0.0,0.0,0.0
2026-09-11,EP122026,15,2026-09-11 06:00:00,0 days 06:00:00,6,29.27,-170.52,1003.3,36.1,74.39932185885286,74.39932185885286,0.0,0.0,4.55385990747891,0.0,0.0,0.0,0.0,0.0,0.0,0.0,0.0
2026-09-11,EP122026,15,2026-09-11 12:00:00,0 days 12:00:00,12,28.58,-171.62,1001.8,36.5,151.86685325683726,293.8146346518515,249.84039246160265,184.58600497076824,243.0846123306748,0.0,0.0,0.0,0.0,0.0,0.0,0.0,0.0
2026-09-11,EP122026,15,2026-09-11 18:00:00,0 days 18:00:00,18,29.11,-172.22,1004.9,31.5,86.44185905185994,0.0,0.0,0.0,0.0,0.0,0.0,0.0,0.0,0.0,0.0,0.0,0.0
2026-09-11,EP122026,15,2026-09-12 00:00:00,1 days 00:00:00,24,29.63,-172.42,1000.4,37.3,83.01941321155638,83.01941321155638,0.0,0.0,1.7821721352342692,0.0,0.0,0.0,0.0,0.0,0.0,0.0,0.0
2026-09-11,EP142026,15,2026-09-11 00:00:00,0 days 00:00:00,0,16.4,-121.3,1002.0,41.0,74.0,111.0,,,74.0,0.0,0.0,0.0,0.0,0.0,0.0,0.0,0.0
2026-09-11,EP142026,15,2026-09-11 06:00:00,0 days 06:00:00,6,16.68,-122.45,994.8,46.9,34.87567003595725,61.16048923964835,50.80692210468351,25.679573848369163,53.64905277053171,0.0,0.0,0.0,0.0,0.0,0.0,0.0,0.0
2026-09-11,EP142026,15,2026-09-11 12:00:00,0 days 12:00:00,12,16.37,-124.0,998.8,43.0,22.864842929583723,0.0,0.0,0.0,22.864842929583723,0.0,0.0,0.0,0.0,0.0,0.0,0.0,0.0
2026-09-11,EP142026,15,2026-09-11 18:00:00,0 days 18:00:00,18,16.75,-125.14,997.7,53.1,12.4456550040088,104.64221577666054,77.98605026941955,59.6037427477013,80.48088183122564,12.4456550040088,0.0,0.0,0.692599817674953,0.0,0.0,0.0,0.0
2026-09-11,EP142026,15,2026-09-12 00:00:00,1 days 00:00:00,24,16.62,-126.35,984.7,65.3,5.911084083601537,107.78431818926728,81.0308437703155,53.85265105808139,89.00517750734878,9.460807742480004,2.3731248987954707,0.0,6.073872291767447,5.911084083601537,0.0,0.0,0.0
2026-09-11,EP142026,15,2026-09-12 06:00:00,1 days 06:00:00,30,16.61,-127.38,982.7,65.3,32.69951484452042,123.39938222586028,102.88795334894218,64.99855043945186,99.547643745245,32.69951484452042,2.456099807557397,0.0,8.364190299203827,32.69951484452042,0.0,0.0,0.0
2026-09-11,EP142026,15,2026-09-12 12:00:00,1 days 12:00:00,36,16.72,-128.44,984.0,65.2,28.114193529115425,110.3365389351212,84.50578536824435,58.16615572217546,87.75940414861293,28.114193529115425,0.3073741949713948,0.0,6.115697836119658,28.114193529115425,0.0,0.0,0.0
2026-09-11,EP142026,15,2026-09-12 18:00:00,1 days 18:00:00,42,17.06,-129.14,983.4,74.1,25.232742522433792,143.17865740852017,100.64875711593572,75.52837801916658,123.5397693801964,74.29746619021957,54.525154164601055,37.72344609496763,63.288168164757,46.33845961174343,40.26795227589139,32.15047031318505,39.33243748605827
2026-09-11,EP142026,15,2026-09-13 00:00:00,2 days 00:00:00,48,17.58,-130.03,961.7,97.7,0.4361701545488738,131.5497615223477,88.85884483960598,67.34795217364614,124.90526351767696,65.70431678897933,42.30037393859239,31.09419008417679,58.41860641808356,37.568814490953685,30.39918593423345,24.161521115626257,32.86915099301524
2026-09-11,EP142026,15,2026-09-13 06:00:00,2 days 06:00:00,54,17.46,-130.58,969.5,91.0,33.018221387361905,166.42228527165275,130.38172773283918,93.57343104427162,145.27241697798036,85.10591524966753,59.01497876101314,43.29981741680456,76.42336357066222,43.77116792782647,35.96148016653996,28.48529847809368,37.064682921057965
2026-09-11,EP142026,15,2026-09-13 12:00:00,2 days 12:00:00,60,17.74,-131.81,964.8,92.7,23.322354183324933,153.65421587704986,106.09650516129932,82.67621295332083,141.63906252038032,72.36233298531397,47.05580486439567,31.13316328904466,60.33800076694115,38.60106136847435,29.479968653139167,24.56129895067193,34.68173449736855
2026-09-11,EP142026,15,2026-09-13 18:00:00,2 days 18:00:00,66,18.17,-132.91,968.0,97.0,23.55710538041781,171.1859100955033,140.96681316507488,104.50500632929794,149.85249811378264,1.96487076478768,0.0,0.0,23.55710538041781,0.2581209264293953,0.0,0.0,23.55710538041781
2026-09-11,EP142026,15,2026-09-14 00:00:00,3 days 00:00:00,72,18.04,-133.6,953.0,108.2,8.994500683832825,123.51194253674362,82.85672641020665,61.05545105960937,109.09619833208126,25.080922288299742,9.735119094194502,6.365524988731821,17.95626618904788,12.654161911768725,8.077741308183434,6.365524988731821,12.503714865320433
2026-09-11,EP142026,15,2026-09-14 06:00:00,3 days 06:00:00,78,17.88,-134.45,971.6,88.6,27.033745861791303,146.08905724814517,110.31712627234428,85.6814878522529,138.31454308984453,75.74638235375681,57.41260473240666,44.26525701047538,66.82645464002937,55.45768036243359,49.5731027476501,40.42817097347483,47.37174639270843
2026-09-11,EP142026,15,2026-09-14 12:00:00,3 days 12:00:00,84,17.92,-135.25,972.2,89.6,28.75787317154884,178.14399729898497,128.9116002056482,84.2609041944601,134.30683660991895,82.07905952482508,66.36807404274609,51.32470718955449,70.61724856254668,44.31015517724863,37.184431045238256,30.18449626261073,37.676507204526985
2026-09-11,EP142026,15,2026-09-14 18:00:00,3 days 18:00:00,90,17.88,-135.76,975.1,85.3,4.754071156947873,170.03152272222383,119.18574465799792,82.84488861480077,157.77800527595264,87.89562281996768,59.79085030041608,42.17307657744186,73.66662018273314,41.07270553041343,33.212672183652785,25.56731999166161,35.46067257835489
2026-09-11,EP142026,15,2026-09-15 00:00:00,4 days 00:00:00,96,18.03,-136.63,981.3,67.3,13.185417685267248,79.66843678697393,32.25573737643349,21.628371841215504,76.43586997591532,45.01006021248125,27.692080856063274,16.935236649715854,37.68514497038775,13.185417685267248,8.147054884947975,4.771314469774371,10.097072819895455
2026-09-11,EP142026,15,2026-09-15 06:00:00,4 days 06:00:00,102,17.6,-137.67,993.8,58.1,15.449865600446678,116.18639480581017,94.82641777505754,64.26224294367148,100.04252780493329,15.449865600446678,0.0,0.0,4.739520361652838,0.0,0.0,0.0,0.0
2026-09-11,EP142026,15,2026-09-15 12:00:00,4 days 12:00:00,108,17.8,-138.7,988.0,68.7,29.62061800943863,143.62001952927096,105.02301869659708,73.31869577287783,119.63667046300309,61.44271707675975,42.20295785020002,30.159800907958385,50.14772749879117,29.62061800943863,6.709732356840705,3.664216631811426,7.913746037856251
2026-09-11,EP142026,15,2026-09-15 18:00:00,4 days 18:00:00,114,17.38,-139.78,992.3,49.5,71.38812183291513,141.17217873307507,114.43148677843104,85.54502078395063,110.92137155407616,0.0,0.0,0.0,0.0,0.0,0.0,0.0,0.0
2026-09-11,EP142026,15,2026-09-16 00:00:00,5 days 00:00:00,120,16.63,-140.67,995.2,52.9,69.2814373773359,141.93601530434853,105.84216310950788,75.2231693171789,112.73414485037412,0.2138044330682085,0.0,0.0,69.2814373773359,0.0,0.0,0.0,0.0
2026-09-11,EP142026,15,2026-09-16 06:00:00,5 days 06:00:00,126,16.44,-141.48,998.3,40.3,49.411961792351214,0.0,0.0,0.0,49.411961792351214,0.0,0.0,0.0,0.0,0.0,0.0,0.0,0.0
2026-09-11,EP142026,15,2026-09-16 12:00:00,5 days 12:00:00,132,15.72,-142.44,994.3,44.5,42.1015774468456,111.62046649056607,98.95440240611536,82.81544618730253,105.56917297547336,0.0,0.0,0.0,0.0,0.0,0.0,0.0,0.0
2026-09-11,EP142026,15,2026-09-16 18:00:00,5 days 18:00:00,138,15.18,-142.73,1001.3,39.2,93.59208478615828,93.59208478615828,21.65279777152413,8.923138386162101,24.93633099652365,0.0,0.0,0.0,0.0,0.0,0.0,0.0,0.0
2026-09-11,EP142026,15,2026-09-17 00:00:00,6 days 00:00:00,144,14.52,-143.78,1000.8,36.7,38.22825001421646,38.22825001421646,0.0,0.0,2.45596594608413,0.0,0.0,0.0,0.0,0.0,0.0,0.0,0.0
2026-09-11,EP142026,15,2026-09-17 06:00:00,6 days 06:00:00,150,13.96,-143.84,1004.9,36.2,65.9318818169148,1.5853338924091744,0.0,0.0,65.9318818169148,0.0,0.0,0.0,0.0,0.0,0.0,0.0,0.0
2026-09-11,EP142026,15,2026-09-17 12:00:00,6 days 12:00:00,156,14.04,-144.39,1005.5,27.9,61.85473769360476,0.0,0.0,0.0,0.0,0.0,0.0,0.0,0.0,0.0,0.0,0.0,0.0
2026-09-11,EP142026,15,2026-09-17 18:00:00,6 days 18:00:00,162,14.37,-144.46,999.8,45.6,24.78050046470581,24.78050046470581,20.607741874423617,8.424740877517753,11.74582663755061,0.0,0.0,0.0,0.0,0.0,0.0,0.0,0.0
2026-09-11,EP142026,15,2026-09-18 00:00:00,7 days 00:00:00,168,14.26,-144.55,1003.6,30.0,74.89427317669735,0.0,0.0,0.0,0.0,0.0,0.0,0.0,0.0,0.0,0.0,0.0,0.0
2026-09-11,EP142026,15,2026-09-18 06:00:00,7 days 06:00:00,174,13.68,-143.96,1006.2,29.4,84.00598052912535,0.0,0.0,0.0,0.0,0.0,0.0,0.0,0.0,0.0,0.0,0.0,0.0
2026-09-11,EP142026,15,2026-09-18 12:00:00,7 days 12:00:00,180,13.94,-143.48,1004.3,26.8,80.64839867534934,0.0,0.0,0.0,0.0,0.0,0.0,0.0,0.0,0.0,0.0,0.0,0.0
2026-09-11,EP142026,15,2026-09-18 18:00:00,7 days 18:00:00,186,13.4,-143.77,1004.3,30.4,69.8689738889228,0.0,0.0,0.0,0.0,0.0,0.0,0.0,0.0,0.0,0.0,0.0,0.0
2026-09-11,EP142026,15,2026-09-19 00:00:00,8 days 00:00:00,192,13.68,-143.36,1002.6,36.0,71.04474267967711,1.34802407413396,3.569627981256687,2.182208816601792,71.04474267967711,0.0,0.0,0.0,0.0,0.0,0.0,0.0,0.0
2026-09-11,EP142026,15,2026-09-19 06:00:00,8 days 06:00:00,198,13.38,-143.37,1001.5,37.4,48.66096608781544,48.66096608781544,0.0,0.0,0.0,0.0,0.0,0.0,0.0,0.0,0.0,0.0,0.0
2026-09-11,EP142026,15,2026-09-19 12:00:00,8 days 12:00:00,204,13.68,-142.65,998.4,37.4,51.42326365498465,0.0,2.7790013441451578,51.42326365498465,0.7188268006390564,0.0,0.0,0.0,0.0,0.0,0.0,0.0,0.0
2026-09-11,EP142026,15,2026-09-19 18:00:00,8 days 18:00:00,210,13.64,-141.5,997.9,33.7,50.9608935166337,0.0,0.0,0.0,0.0,0.0,0.0,0.0,0.0,0.0,0.0,0.0,0.0
2026-09-11,EP142026,15,2026-09-20 00:00:00,9 days 00:00:00,216,13.29,-141.92,999.1,35.6,86.26303002236352,107.73395084778385,108.00288497563248,82.5760323507402,99.95514752785562,0.0,0.0,0.0,0.0,0.0,0.0,0.0,0.0
2026-09-11,EP122026,16,2026-09-11 00:00:00,0 days 00:00:00,0,29.0,-169.5,997.0,45.0,148.0,297.0,148.0,,222.0,0.0,0.0,0.0,0.0,0.0,0.0,0.0,0.0
2026-09-11,EP122026,16,2026-09-11 06:00:00,0 days 06:00:00,6,28.83,-170.44,1001.2,35.5,137.06734671806396,137.06734671806396,1.382973292012636,0.0,0.4883632903557711,0.0,0.0,0.0,0.0,0.0,0.0,0.0,0.0
2026-09-11,EP122026,16,2026-09-11 12:00:00,0 days 12:00:00,12,28.99,-171.35,1000.0,37.0,109.3123843737157,109.3123843737157,0.0,0.4113013897096937,1.4207291546467289,0.0,0.0,0.0,0.0,0.0,0.0,0.0,0.0
2026-09-11,EP122026,16,2026-09-11 18:00:00,0 days 18:00:00,18,29.77,-172.61,1001.7,35.8,130.93209024647854,0.0,0.0,0.0,130.93209024647854,0.0,0.0,0.0,0.0,0.0,0.0,0.0,0.0
2026-09-11,EP122026,16,2026-09-12 00:00:00,1 days 00:00:00,24,30.88,-172.15,992.5,38.4,88.5491758974663,5.35897661650376,88.5491758974663,7.63424528946598,5.215989504526437,0.0,0.0,0.0,0.0,0.0,0.0,0.0,0.0
2026-09-11,EP122026,16,2026-09-12 06:00:00,1 days 06:00:00,30,31.96,-171.55,1000.5,42.0,144.38016642301565,0.0,144.38016642301565,0.0,0.0,0.0,0.0,0.0,0.0,0.0,0.0,0.0,0.0
2026-09-11,EP142026,16,2026-09-11 00:00:00,0 days 00:00:00,0,16.4,-121.3,1002.0,41.0,74.0,111.0,,,74.0,0.0,0.0,0.0,0.0,0.0,0.0,0.0,0.0
2026-09-11,EP142026,16,2026-09-11 06:00:00,0 days 06:00:00,6,16.76,-122.39,986.4,62.0,42.75206062900828,95.5685413049502,59.55607806374286,15.377707423706894,75.1659004799307,42.75206062900828,4.954892363103172,0.0,7.013545446116147,0.0,0.0,0.0,0.0
2026-09-11,EP142026,16,2026-09-11 12:00:00,0 days 12:00:00,12,16.59,-123.74,982.1,73.3,10.94339636156355,158.2669830201778,120.85972861097412,73.402808169818,125.06963925409684,10.94339636156355,4.016478787024775,0.3459072764629867,4.631206849309807,10.94339636156355,0.0,0.0,0.7020516366667808
2026-09-11,EP142026,16,2026-09-11 18:00:00,0 days 18:00:00,18,16.59,-125.03,979.2,77.2,5.625140156224981,99.8758283413452,65.54513851912698,30.921595088571973,85.95786444951261,19.611695264040986,7.694248257903268,0.0,15.917910679336227,5.990586536465873,1.326514878291188,0.0,4.407449592866009
2026-09-11,EP142026,16,2026-09-12 00:00:00,1 days 00:00:00,24,17.04,-126.04,978.4,83.0,35.3429419634121,130.71115289770884,93.26226722163986,45.25764386999131,97.6219897282931,44.35177578630368,29.603806664868763,13.067358278297146,36.00467641849871,35.3429419634121,9.81263739669514,5.003918724637339,13.064129633262873
2026-09-11,EP142026,16,2026-09-12 06:00:00,1 days 06:00:00,30,17.04,-126.8,954.9,109.5,16.770350896654968,72.20848539618873,43.41540963589603,31.843053402242937,72.92522680877761,32.51864866660598,17.42070034165289,13.330910074690632,30.218689134498558,17.068437875594633,11.218094773531476,9.858598876073238,15.336553188672545
2026-09-11,EP142026,16,2026-09-12 12:00:00,1 days 12:00:00,36,17.41,-128.01,942.0,117.4,14.876935479788044,102.53615336251036,55.28181143845899,54.166046181558585,106.32196118267127,44.68820990718061,27.288820409650203,23.751395600099123,44.64871643671802,24.886138382680134,18.073121243591025,13.475806406039926,21.42904461289358
2026-09-11,EP142026,16,2026-09-12 18:00:00,1 days 18:00:00,42,17.42,-129.31,951.1,104.9,8.760273462415466,91.50663499844856,75.90711901397131,54.23836040881298,89.69310480885821,24.681040654358057,15.93566457215154,10.01217547680648,23.06552209873905,12.00226757140967,9.264370012490032,6.832626706952698,12.08524458696732
2026-09-11,EP142026,16,2026-09-13 00:00:00,2 days 00:00:00,48,17.87,-129.86,975.0,79.6,23.63305388878604,156.27652259645305,115.8556916577893,97.09814596909472,152.4803705338362,76.59149026130515,61.94522492719864,45.97021391640561,68.59694606882525,36.06020839763434,29.88050030101726,22.109640407741463,29.41835181288964
2026-09-11,EP142026,16,2026-09-13 06:00:00,2 days 06:00:00,54,17.82,-131.07,966.6,95.9,9.133169763205744,142.4223839768094,113.04718766583744,84.15803691370378,122.92990171668472,60.10620807110006,44.99310510595147,32.40361943661236,50.349817961538704,27.658990204443853,21.262669728781816,16.03459064586554,22.997673672355887
2026-09-11,EP142026,16,2026-09-13 12:00:00,2 days 12:00:00,60,18.3,-131.76,953.9,112.4,1.1548227570541345,77.35767117191415,44.81063413363859,19.76476514205415,74.36604694179917,5.101284180400503,0.0,0.0,5.246090496888893,1.5735231497796498,0.0,0.0,1.5689551772423451
2026-09-11,EP142026,16,2026-09-13 18:00:00,2 days 18:00:00,66,18.08,-132.92,960.4,102.6,27.61462143365868,134.21581574170165,83.61201088150302,53.407635135281,120.11785174977618,51.24980341115817,35.026083225909815,24.72823220236972,44.400561432986166,27.61462143365868,18.469075473925056,14.07640935221704,22.23683200075207
2026-09-11,EP142026,16,2026-09-14 00:00:00,3 days 00:00:00,72,18.33,-133.82,946.3,120.1,21.234094886813125,82.7080712888291,72.30840926238128,39.85137790258676,73.16926000049567,34.897489039342226,19.70196769586788,19.9641146526009,32.67801875845521,21.234094886813125,8.292004803237996,6.987866495857179,11.424036628590102
2026-09-11,EP142026,16,2026-09-14 06:00:00,3 days 06:00:00,78,18.54,-134.77,958.9,107.5,0.0,156.78220328162,132.10988681148245,121.41974381382174,146.96590752032935,84.47738550498678,69.61475843732617,58.8760434013318,78.5711655668472,45.51301460049629,38.49045985055793,31.348162763157116,38.986100082456666
2026-09-11,EP142026,16,2026-09-14 12:00:00,3 days 12:00:00,84,18.51,-135.62,972.7,88.2,3.896034085417419,155.61970162629842,131.13281261816564,89.08461003302395,119.25434842502764,3.896034085417419,0.0,0.0,3.896034085417419,3.896034085417419,0.0,0.0,0.236614199390889
2026-09-11,EP142026,16,2026-09-14 18:00:00,3 days 18:00:00,90,18.5,-136.39,975.2,81.6,49.59999073297031,124.64939377152132,74.5681019312262,57.05730035273016,105.0022966618972,52.20870705443794,33.987741473368075,26.96414096273379,47.21195129683747,49.59999073297031,19.132442552744365,14.897758598702888,22.501867902397017
2026-09-11,EP142026,16,2026-09-15 00:00:00,4 days 00:00:00,96,18.53,-137.98,980.4,71.1,7.622583625414336,167.42701500376052,132.7910752837288,100.0746939722742,145.99850069026206,81.53355217916214,68.0784591276772,51.65397658946267,66.46931236728028,37.472157527670106,32.18447267729641,24.85611789588546,31.52607428601891
2026-09-11,EP142026,16,2026-09-15 06:00:00,4 days 06:00:00,102,18.44,-139.28,983.2,67.2,34.99735128864778,144.1877826527795,109.05888584283596,81.26677335205022,118.95605430860093,57.30345414582797,48.34512534599307,34.892445047290835,46.221987700784126,34.99735128864778,20.93623115437736,15.782033877712117,20.412067787250585
2026-09-11,EP142026,16,2026-09-15 12:00:00,4 days 12:00:00,108,18.13,-140.13,998.6,44.5,53.65440250415693,147.23768465720127,103.07845169699848,80.1740913250426,119.26440006179476,0.0,0.0,0.0,0.0,0.0,0.0,0.0,0.0
2026-09-11,EP142026,16,2026-09-15 18:00:00,4 days 18:00:00,114,18.19,-140.98,1004.1,36.5,99.76206190648226,130.55121978129483,98.1053529171234,79.12118503221566,104.63495895513398,0.0,0.0,0.0,0.0,0.0,0.0,0.0,0.0
2026-09-11,EP142026,16,2026-09-16 00:00:00,5 days 00:00:00,120,17.33,-141.97,1001.6,36.4,81.25386849251063,81.25386849251063,1.339863234395381,0.0,7.676947870853343,0.0,0.0,0.0,0.0,0.0,0.0,0.0,0.0
2026-09-11,EP142026,16,2026-09-16 06:00:00,5 days 06:00:00,126,16.98,-143.39,1003.7,35.9,108.3500554332572,108.3500554332572,24.981422692395316,17.412325078056483,32.03251003113848,0.0,0.0,0.0,0.0,0.0,0.0,0.0,0.0
2026-09-11,EP142026,16,2026-09-16 12:00:00,5 days 12:00:00,132,16.43,-145.08,999.9,40.0,96.5356639897202,133.86049279637075,108.22017473372624,90.24746087405822,110.3600048577668,0.0,0.0,0.0,0.0,0.0,0.0,0.0,0.0
2026-09-11,EP142026,16,2026-09-16 18:00:00,5 days 18:00:00,138,15.83,-146.1,1002.3,38.0,87.32597324604914,87.32597324604914,5.202938657567685,1.3794887955302428,12.146899551726182,0.0,0.0,0.0,0.0,0.0,0.0,0.0,0.0
2026-09-11,EP142026,16,2026-09-17 00:00:00,6 days 00:00:00,144,15.53,-147.4,993.2,43.0,23.57113005714133,57.28380879612888,48.62729240019701,42.707886874476976,45.77001760774736,0.0,0.0,0.0,0.0,0.0,0.0,0.0,0.0
2026-09-11,EP142026,16,2026-09-17 06:00:00,6 days 06:00:00,150,15.19,-148.35,1003.6,29.5,74.47977576800294,0.0,0.0,0.0,0.0,0.0,0.0,0.0,0.0,0.0,0.0,0.0,0.0
2026-09-11,EP142026,16,2026-09-17 12:00:00,6 days 12:00:00,156,14.35,-149.3,1004.2,29.4,94.60825940004328,0.0,0.0,0.0,0.0,0.0,0.0,0.0,0.0,0.0,0.0,0.0,0.0
2026-09-11,EP142026,16,2026-09-17 18:00:00,6 days 18:00:00,162,13.89,-150.11,1003.4,29.9,51.158350057172136,0.0,0.0,0.0,0.0,0.0,0.0,0.0,0.0,0.0,0.0,0.0,0.0
2026-09-11,EP142026,16,2026-09-18 00:00:00,7 days 00:00:00,168,13.68,-150.81,1006.4,25.1,100.3380605590402,0.0,0.0,0.0,0.0,0.0,0.0,0.0,0.0,0.0,0.0,0.0,0.0
2026-09-11,EP142026,16,2026-09-18 06:00:00,7 days 06:00:00,174,13.43,-151.64,1004.8,26.2,47.5593427155253,0.0,0.0,0.0,0.0,0.0,0.0,0.0,0.0,0.0,0.0,0.0,0.0
2026-09-11,EP122026,17,2026-09-11 00:00:00,0 days 00:00:00,0,29.0,-169.5,997.0,45.0,148.0,297.0,148.0,,222.0,0.0,0.0,0.0,0.0,0.0,0.0,0.0,0.0
2026-09-11,EP122026,17,2026-09-11 06:00:00,0 days 06:00:00,6,28.89,-170.47,1000.9,35.8,100.9568682558745,100.9568682558745,44.81734680570986,33.016278468929414,43.55056816274162,0.0,0.0,0.0,0.0,0.0,0.0,0.0,0.0
2026-09-11,EP122026,17,2026-09-11 12:00:00,0 days 12:00:00,12,28.78,-171.53,1000.7,35.2,93.31537985192344,93.31537985192344,8.291952727724528,2.118046971396062,11.085435978040543,0.0,0.0,0.0,0.0,0.0,0.0,0.0,0.0
2026-09-11,EP122026,17,2026-09-11 18:00:00,0 days 18:00:00,18,29.17,-171.92,1001.4,32.5,105.70297009479395,0.0,0.0,0.0,0.0,0.0,0.0,0.0,0.0,0.0,0.0,0.0,0.0
2026-09-11,EP122026,17,2026-09-12 00:00:00,1 days 00:00:00,24,29.85,-172.19,1002.7,31.9,199.86436036860152,0.0,0.0,0.0,0.0,0.0,0.0,0.0,0.0,0.0,0.0,0.0,0.0
2026-09-11,EP122026,17,2026-09-12 06:00:00,1 days 06:00:00,30,30.89,-171.37,998.7,32.9,168.97158894108833,0.0,0.0,0.0,0.0,0.0,0.0,0.0,0.0,0.0,0.0,0.0,0.0
2026-09-11,EP122026,17,2026-09-12 12:00:00,1 days 12:00:00,36,30.98,-171.31,996.5,46.4,80.86543796297983,21.624245949041477,80.86543796297983,0.1826545365642005,7.732738019835132,0.0,0.0,0.0,0.0,0.0,0.0,0.0,0.0
2026-09-11,EP142026,17,2026-09-11 00:00:00,0 days 00:00:00,0,16.4,-121.3,1002.0,41.0,74.0,111.0,,,74.0,0.0,0.0,0.0,0.0,0.0,0.0,0.0,0.0
2026-09-11,EP142026,17,2026-09-11 06:00:00,0 days 06:00:00,6,16.62,-122.5,994.9,54.5,44.06028288428671,230.5279108960742,169.19381655476673,107.56298497170984,181.644943203336,49.910188166241255,31.977783365938016,13.88446843277538,31.95786723992776,0.0,0.0,0.0,0.0
2026-09-11,EP142026,17,2026-09-11 12:00:00,0 days 12:00:00,12,16.64,-123.46,986.9,69.1,43.83828499195715,126.1912955415637,72.95094470808635,43.14785530226618,102.86298640287804,43.83828499195715,2.232529841405096,0.0,6.628126825634695,43.83828499195715,0.0,0.0,0.0
2026-09-11,EP142026,17,2026-09-11 18:00:00,0 days 18:00:00,18,16.86,-124.7,990.9,62.9,22.051210617939063,186.72208679822845,147.15019961224925,91.34829703162424,151.8520863094697,27.46319205168812,16.3362125838464,6.232784522439175,17.674469667039975,0.0,0.0,0.0,0.0
2026-09-11,EP142026,17,2026-09-12 00:00:00,1 days 00:00:00,24,16.83,-126.14,991.2,56.8,35.50078734416163,226.7446236213498,170.41257733094642,131.94143697523324,186.9227000897968,46.77588204209584,34.38770898831887,20.4382418518533,34.07698921738667,0.0,0.0,0.0,0.0
2026-09-11,EP142026,17,2026-09-12 06:00:00,1 days 06:00:00,30,16.94,-127.28,988.0,56.1,37.296719435565294,118.73867715454767,90.39703021448544,66.00614077676826,95.9514138835607,37.296719435565294,2.5594205152177936,0.0,2.8421857825802213,0.0,0.0,0.0,0.0
2026-09-11,EP142026,17,2026-09-12 12:00:00,1 days 12:00:00,36,17.21,-127.99,984.9,65.3,49.55484276568926,189.07178926303263,130.30929236807674,81.26617688146084,165.44391083267362,61.92506162356047,39.3917472052646,24.122905840956697,49.51066546367738,49.55484276568926,10.729697215131775,7.05426864364054,13.226267959565297
2026-09-11,EP142026,17,2026-09-12 18:00:00,1 days 18:00:00,42,17.14,-129.26,990.9,61.9,22.03175155323873,193.363700479082,144.18160309532672,98.84156891313012,161.63885373685144,29.465105945621943,15.05904744790473,3.569355975115892,20.098469843525184,0.0,0.0,0.0,0.0
2026-09-11,EP142026,17,2026-09-13 00:00:00,2 days 00:00:00,48,17.28,-129.94,984.3,68.1,13.208728255133424,192.24898550646677,150.70476480392273,125.78517224939708,165.70932843147253,38.75848732122493,27.56597245244706,17.724188705151533,28.80695118245403,13.208728255133424,0.4264417243521707,0.0,1.2581672696813484
2026-09-11,EP142026,17,2026-09-13 06:00:00,2 days 06:00:00,54,17.33,-131.18,992.6,54.2,16.11632712642617,126.8890504486083,86.59153471416427,61.46775034874708,110.72509094097944,48.08383690682435,35.78988728946136,23.633327214386476,38.55790274742365,0.0,0.0,0.0,0.0
2026-09-11,EP142026,17,2026-09-13 12:00:00,2 days 12:00:00,60,17.44,-132.01,990.5,66.2,8.449297983388881,137.8667983033256,92.26684353744092,63.25240538794094,115.37024314410937,44.37719629570922,32.503353153323815,21.081532003261103,33.79525801555036,13.353063291203338,10.905113204793269,7.968142741061509,11.182761857020452
2026-09-11,EP142026,17,2026-09-13 18:00:00,2 days 18:00:00,66,17.75,-132.96,987.2,63.0,16.11656318057809,160.19055460073974,116.60217908069887,77.68437993344598,129.9664522463511,46.81691482991789,31.242438054785232,14.922468787186478,33.64587718977964,0.0,0.0,0.0,0.0
2026-09-11,EP142026,17,2026-09-14 00:00:00,3 days 00:00:00,72,17.66,-134.06,985.0,71.1,25.89258589413668,119.1221464356407,74.39623241154843,39.59360657340861,98.63853271074844,60.84823520401776,45.22118391208679,28.868650968196548,47.83904826762642,29.505434239257752,24.24798413511975,18.54837450960816,24.927275793298453
2026-09-11,EP142026,17,2026-09-14 06:00:00,3 days 06:00:00,78,17.38,-135.74,997.9,44.1,15.05788884651338,42.20521650896808,25.735496494931795,10.270440558641894,30.76275380941479,0.0,0.0,0.0,0.0,0.0,0.0,0.0,0.0
2026-09-11,EP142026,17,2026-09-14 12:00:00,3 days 12:00:00,84,17.53,-136.58,994.7,55.9,55.852539238190175,61.42622873124137,29.055301065143954,13.271137714451005,44.918217682901634,55.852539238190175,0.0,0.0,0.5847292522420648,0.0,0.0,0.0,0.0
2026-09-11,EP142026,17,2026-09-14 18:00:00,3 days 18:00:00,90,17.54,-138.14,1001.1,38.8,62.837090692262,62.837090692262,4.261472885123947,0.0,9.927543838364938,0.0,0.0,0.0,0.0,0.0,0.0,0.0,0.0
2026-09-11,EP142026,17,2026-09-15 00:00:00,4 days 00:00:00,96,17.84,-139.45,1003.0,32.8,66.36224079371587,0.0,0.0,0.0,0.0,0.0,0.0,0.0,0.0,0.0,0.0,0.0,0.0
2026-09-11,EP142026,17,2026-09-15 06:00:00,4 days 06:00:00,102,17.94,-140.96,1006.1,30.5,65.15226713736058,0.0,0.0,0.0,0.0,0.0,0.0,0.0,0.0,0.0,0.0,0.0,0.0
2026-09-11,EP142026,17,2026-09-15 12:00:00,4 days 12:00:00,108,17.79,-142.44,1004.7,34.5,47.2447960030225,47.2447960030225,0.0,0.0,6.178388034145549,0.0,0.0,0.0,0.0,0.0,0.0,0.0,0.0
2026-09-11,EP142026,17,2026-09-15 18:00:00,4 days 18:00:00,114,17.72,-144.3,1005.0,27.0,54.35150660645738,0.0,0.0,0.0,0.0,0.0,0.0,0.0,0.0,0.0,0.0,0.0,0.0
2026-09-11,EP142026,17,2026-09-16 00:00:00,5 days 00:00:00,120,17.53,-145.42,1003.0,29.4,96.16039393329932,0.0,0.0,0.0,0.0,0.0,0.0,0.0,0.0,0.0,0.0,0.0,0.0
2026-09-11,EP142026,17,2026-09-16 06:00:00,5 days 06:00:00,126,17.38,-146.98,1006.3,27.5,85.1232838387669,0.0,0.0,0.0,0.0,0.0,0.0,0.0,0.0,0.0,0.0,0.0,0.0
2026-09-11,EP142026,17,2026-09-16 12:00:00,5 days 12:00:00,132,16.74,-148.75,1006.1,26.6,81.2640535037441,0.0,0.0,0.0,0.0,0.0,0.0,0.0,0.0,0.0,0.0,0.0,0.0
2026-09-11,EP142026,17,2026-09-16 18:00:00,5 days 18:00:00,138,17.3,-149.65,1003.7,23.4,75.78699365666066,0.0,0.0,0.0,0.0,0.0,0.0,0.0,0.0,0.0,0.0,0.0,0.0
2026-09-11,EP122026,18,2026-09-11 00:00:00,0 days 00:00:00,0,29.0,-169.5,997.0,45.0,148.0,297.0,148.0,,222.0,0.0,0.0,0.0,0.0,0.0,0.0,0.0,0.0
2026-09-11,EP122026,18,2026-09-11 06:00:00,0 days 06:00:00,6,29.02,-170.42,998.4,39.9,83.45540655305368,83.45540655305368,0.0,0.0,0.0,0.0,0.0,0.0,0.0,0.0,0.0,0.0,0.0
2026-09-11,EP122026,18,2026-09-11 12:00:00,0 days 12:00:00,12,29.57,-172.23,1003.9,29.3,123.59217640961842,0.0,0.0,0.0,0.0,0.0,0.0,0.0,0.0,0.0,0.0,0.0,0.0
2026-09-11,EP122026,18,2026-09-11 18:00:00,0 days 18:00:00,18,29.85,-172.03,1002.7,33.1,121.10896399788592,0.0,0.0,0.0,0.0,0.0,0.0,0.0,0.0,0.0,0.0,0.0,0.0
2026-09-11,EP122026,18,2026-09-12 00:00:00,1 days 00:00:00,24,30.65,-171.66,1000.2,39.6,108.78367729216052,108.78367729216052,0.0,0.0,0.0,0.0,0.0,0.0,0.0,0.0,0.0,0.0,0.0
2026-09-11,EP122026,18,2026-09-12 06:00:00,1 days 06:00:00,30,32.49,-171.32,994.0,44.1,50.39680038361036,120.93778183187196,132.46184054357286,96.2897975806217,81.53501557594763,0.0,0.0,0.0,0.0,0.0,0.0,0.0,0.0
2026-09-11,EP122026,18,2026-09-12 12:00:00,1 days 12:00:00,36,34.23,-172.64,995.3,47.3,65.41263857606918,65.41263857606918,52.36503034451744,29.80362718427432,41.79259851368033,0.0,0.0,0.0,0.0,0.0,0.0,0.0,0.0
2026-09-11,EP122026,18,2026-09-12 18:00:00,1 days 18:00:00,42,36.3,-175.02,997.5,37.5,50.37257762641775,50.37257762641775,3.09229794976136,0.0,0.0,0.0,0.0,0.0,0.0,0.0,0.0,0.0,0.0
2026-09-11,EP142026,18,2026-09-11 00:00:00,0 days 00:00:00,0,16.4,-121.3,1002.0,41.0,74.0,111.0,,,74.0,0.0,0.0,0.0,0.0,0.0,0.0,0.0,0.0
2026-09-11,EP142026,18,2026-09-11 06:00:00,0 days 06:00:00,6,16.66,-122.52,993.1,48.4,50.09760585514965,152.75196666133422,123.0503298707913,88.11405435134611,122.6360323918052,0.0,0.0,0.0,0.0,0.0,0.0,0.0,0.0
2026-09-11,EP142026,18,2026-09-11 12:00:00,0 days 12:00:00,12,16.53,-123.85,995.4,55.8,48.83058854540848,177.30178723435913,149.7844686819736,95.91879003326343,142.8231665172063,48.83058854540848,0.0,0.0,1.9758155203095968,0.0,0.0,0.0,0.0
2026-09-11,EP142026,18,2026-09-11 18:00:00,0 days 18:00:00,18,16.69,-124.95,996.2,54.2,53.2179231804605,58.38795264460305,47.39620017286211,53.2179231804605,42.74995065770395,0.0,0.0,53.2179231804605,0.0,0.0,0.0,0.0,0.0
2026-09-11,EP142026,18,2026-09-12 00:00:00,1 days 00:00:00,24,16.37,-125.84,998.9,46.5,100.14716074207216,100.14716074207216,0.3898871013466305,0.0,0.0,0.0,0.0,0.0,0.0,0.0,0.0,0.0,0.0
2026-09-11,EP142026,18,2026-09-12 06:00:00,1 days 06:00:00,30,16.53,-127.24,1001.1,41.6,50.69535896487914,225.0745804251115,197.9019783898393,152.6060814488385,184.87108316392863,0.0,0.0,0.0,0.0,0.0,0.0,0.0,0.0
2026-09-11,EP142026,18,2026-09-12 12:00:00,1 days 12:00:00,36,16.61,-127.92,997.8,42.2,45.146347357139,45.146347357139,0.0,0.0,4.792196767807553,0.0,0.0,0.0,0.0,0.0,0.0,0.0,0.0
2026-09-11,EP142026,18,2026-09-12 18:00:00,1 days 18:00:00,42,16.87,-128.6,998.1,43.9,39.56854534090276,46.76399150509522,33.94060479170591,15.133482752882824,33.670480060441335,0.0,0.0,0.0,0.0,0.0,0.0,0.0,0.0
2026-09-11,EP142026,18,2026-09-13 00:00:00,2 days 00:00:00,48,16.88,-129.74,992.1,55.4,38.5187761250743,139.6664164726067,113.08776393554608,81.76856793121928,115.00696028158518,38.5187761250743,0.0,0.0,0.2693547051343756,0.0,0.0,0.0,0.0
2026-09-11,EP142026,18,2026-09-13 06:00:00,2 days 06:00:00,54,17.16,-130.3,985.1,65.3,19.27616363723976,126.56567753612605,104.98617401286576,85.30419813794424,108.7012742845729,19.27616363723976,4.181041131529535,1.3025246418347898,5.032163687355487,19.27616363723976,0.3869032350343904,0.1614017090448807,0.910633270482012
2026-09-11,EP142026,18,2026-09-13 12:00:00,2 days 12:00:00,60,17.64,-131.38,991.3,60.5,38.68133803310866,129.72665980103466,95.88596053812944,64.31239674014114,106.6396243705958,38.68133803310866,22.843495275190435,13.955792328197616,22.47889439491769,0.0,0.0,0.0,0.0
2026-09-11,EP142026,18,2026-09-13 18:00:00,2 days 18:00:00,66,18.01,-132.33,992.4,57.7,32.898764588910986,99.78525641777146,71.08942524882156,57.18344011556165,81.85009816567829,41.8722524135949,31.88762726036638,22.163460719352592,32.882020460949946,0.0,0.0,0.0,0.0
2026-09-11,EP142026,18,2026-09-14 00:00:00,3 days 00:00:00,72,17.98,-133.28,968.7,98.7,9.808428476673384,118.83483758284297,74.5839559610281,51.95419156368223,101.978156412428,50.25627809886044,36.03617986268614,23.26171147721448,41.74337326551847,29.80291933037074,21.904356454964613,16.70123296684966,24.42136059912684
2026-09-11,EP142026,18,2026-09-14 06:00:00,3 days 06:00:00,78,18.17,-134.05,970.0,89.6,18.191595128801083,160.03550501096163,115.23739341156522,97.28908776175932,149.712477996299,56.61991913734573,43.49485551802172,34.2591953944177,50.19106901906423,30.19257519100552,24.94686063295464,19.314900913120795,25.900524285883648
2026-09-11,EP142026,18,2026-09-14 12:00:00,3 days 12:00:00,84,18.19,-135.16,966.7,92.8,10.020575277311863,133.98729467654948,95.51212216435296,69.12294912704844,133.95616021591843,26.206344672837403,12.870835596568776,9.817344413060836,24.18421968171832,10.020575277311863,6.042743846162349,5.406533522340853,8.528438730164556
2026-09-11,EP142026,18,2026-09-14 18:00:00,3 days 18:00:00,90,17.64,-135.97,953.6,106.2,21.845654984766757,137.40157214443337,77.58566029669058,64.75570738135222,135.45974306340773,62.74920053590664,44.956836803690365,38.33920338406063,58.94604252981995,45.35031779365811,37.22605434971234,30.374326965986448,40.274395710217576
2026-09-11,EP142026,18,2026-09-15 00:00:00,4 days 00:00:00,96,17.72,-136.59,945.8,120.4,8.314940577270164,173.33501437376674,127.42705638460076,87.06914935961942,157.76289298878112,63.69096262786434,45.89036370172154,36.040953540930985,56.12371587126043,30.15785041314618,23.874455836814377,19.940803999817973,27.89007829288836
2026-09-11,EP142026,18,2026-09-15 06:00:00,4 days 06:00:00,102,18.24,-137.78,941.8,137.9,0.0,174.43555784216807,140.27642869578068,131.5497018523073,161.40476906448706,59.95488601050387,49.63846013145941,43.821888517852514,57.24750507234698,36.56290230108669,31.897966753310605,27.469512766820166,34.25853059663646
2026-09-11,EP142026,18,2026-09-15 12:00:00,4 days 12:00:00,108,17.92,-137.97,987.3,72.8,18.941460690735312,110.84427313490994,77.03784495780391,60.12236461941288,95.7133879330679,47.63290929491615,40.32423668541344,29.967506914564325,38.3406311986046,18.941460690735312,0.6806812747577862,0.0,1.0356490664264015
2026-09-11,EP142026,18,2026-09-15 18:00:00,4 days 18:00:00,114,17.11,-139.22,993.6,49.3,76.54807212952409,153.80789822580425,135.8628699320817,102.62711691166044,133.6022900370948,0.0,0.0,0.0,0.0,0.0,0.0,0.0,0.0
2026-09-11,EP142026,18,2026-09-16 00:00:00,5 days 00:00:00,120,16.77,-139.93,997.9,48.7,98.38193757471804,197.71098648094863,165.5995637168897,124.7101403691632,160.01467184778352,0.0,0.0,0.0,0.0,0.0,0.0,0.0,0.0
2026-09-11,EP142026,18,2026-09-16 06:00:00,5 days 06:00:00,126,16.52,-140.45,998.7,43.4,77.68579671082962,117.57050041360849,88.98562597752269,64.72212527926057,101.06811665063049,0.0,0.0,0.0,0.0,0.0,0.0,0.0,0.0
2026-09-11,EP142026,18,2026-09-16 12:00:00,5 days 12:00:00,132,15.94,-140.97,991.7,56.7,87.41125159479571,87.41125159479571,78.02614190602421,87.41125159479571,76.63890878292696,0.0,0.0,87.41125159479571,0.0527736406301357,0.0,0.0,0.0,0.0
2026-09-11,EP142026,18,2026-09-16 18:00:00,5 days 18:00:00,138,15.43,-141.77,1000.7,44.2,86.28247246220647,197.1788144359812,175.3333555286596,137.1727817088515,165.01326003559984,0.0,0.0,0.0,0.0,0.0,0.0,0.0,0.0
2026-09-11,EP142026,18,2026-09-17 00:00:00,6 days 00:00:00,144,15.25,-142.34,998.1,44.0,45.19046266504694,69.49754173483075,59.63615897882707,45.76648173721647,61.36343182961224,0.0,0.0,0.0,0.0,0.0,0.0,0.0,0.0
2026-09-11,EP142026,18,2026-09-17 06:00:00,6 days 06:00:00,150,15.3,-142.4,997.8,44.1,71.88855942479174,166.43121240323953,163.91691893124465,141.27444831102508,152.5567722386431,0.0,0.0,0.0,0.0,0.0,0.0,0.0,0.0
2026-09-11,EP142026,18,2026-09-17 12:00:00,6 days 12:00:00,156,14.8,-142.53,998.0,41.8,125.81039854812455,174.26720505622797,167.48510562668295,138.93902477712516,145.44989898222943,0.0,0.0,0.0,0.0,0.0,0.0,0.0,0.0
2026-09-11,EP142026,18,2026-09-17 18:00:00,6 days 18:00:00,162,15.35,-143.24,994.7,55.3,29.91757129067049,126.6878449118029,110.42151368551188,82.44297368656336,110.26806617166902,29.91757129067049,7.364284135517463,5.181668399846772,6.660327468486573,0.0,0.0,0.0,0.0
2026-09-11,EP142026,18,2026-09-18 00:00:00,7 days 00:00:00,168,15.33,-143.44,997.9,43.6,45.6080566052049,45.6080566052049,0.7934609608650618,0.0,2.965993896891547,0.0,0.0,0.0,0.0,0.0,0.0,0.0,0.0
2026-09-11,EP142026,18,2026-09-18 06:00:00,7 days 06:00:00,174,15.12,-143.88,996.0,44.6,79.06848816436279,164.86735437886193,147.0854048952932,117.38925062904715,137.9804427036043,0.0,0.0,0.0,0.0,0.0,0.0,0.0,0.0
2026-09-11,EP142026,18,2026-09-18 12:00:00,7 days 12:00:00,180,15.5,-144.13,996.5,41.9,83.9222326367756,149.79566329985846,127.983009379856,99.48419877977813,120.78984837168912,0.0,0.0,0.0,0.0,0.0,0.0,0.0,0.0
2026-09-11,EP142026,18,2026-09-18 18:00:00,7 days 18:00:00,186,15.97,-144.38,990.2,58.3,23.773044904600567,161.5802510075343,139.7903738414322,96.34069395888682,122.85997731422034,42.82089757074985,36.49455087648235,24.37164486481005,32.54581939931063,0.0,0.0,0.0,0.0
2026-09-11,EP142026,18,2026-09-19 00:00:00,8 days 00:00:00,192,15.7,-145.17,990.6,65.3,24.715940305468692,150.2623290853873,121.78325272007235,84.03406593492073,125.02535002358368,46.70953572526208,38.06438256010877,25.23467253645801,38.06632584639726,24.715940305468692,1.2598320203131863,0.0,2.090677786386551
2026-09-11,EP142026,18,2026-09-19 06:00:00,8 days 06:00:00,198,15.8,-145.52,991.6,54.2,12.5454231936113,127.60305308108236,105.42324664721008,101.51279361530304,118.28024732093166,5.400177715656664,12.5454231936113,3.659754369767338,5.839085772010765,0.0,0.0,0.0,0.0
2026-09-11,EP142026,18,2026-09-19 12:00:00,8 days 12:00:00,204,16.14,-145.78,995.8,48.1,65.93353876733607,150.05072415144286,137.08048042569033,112.02816154447235,111.88151172940076,0.0,0.0,0.0,0.0,0.0,0.0,0.0,0.0
2026-09-11,EP142026,18,2026-09-19 18:00:00,8 days 18:00:00,210,15.76,-146.25,975.1,96.0,0.0,166.07126727773175,155.52218719777034,137.11241187965277,157.92623874721482,2.5975537409584426,0.0,0.6873569800745649,4.756985209089176,0.6504213571284883,0.0,0.0,1.3134347514152171
2026-09-11,EP142026,18,2026-09-20 00:00:00,9 days 00:00:00,216,15.82,-146.77,992.2,50.4,55.69004447458154,227.23186534497376,212.73427280962608,191.98378845575985,212.22124641274,0.6705886083729062,0.0,0.0,55.69004447458154,0.0,0.0,0.0,0.0
2026-09-11,EP142026,18,2026-09-20 06:00:00,9 days 06:00:00,222,15.32,-147.2,989.3,53.8,52.09522605578818,153.03296535467132,133.01469428425446,106.75649659975608,134.77517405175158,0.2413656960168995,0.0,0.0,52.09522605578818,0.0,0.0,0.0,0.0
2026-09-11,EP142026,18,2026-09-20 12:00:00,9 days 12:00:00,228,15.25,-147.44,991.9,54.3,67.15765727221344,113.783721399774,94.40520406303614,88.69017029080257,96.89137059301186,67.15765727221344,0.0,0.0,0.0,0.0,0.0,0.0,0.0
2026-09-11,EP142026,18,2026-09-20 18:00:00,9 days 18:00:00,234,15.28,-147.6,991.5,56.1,47.10870929664063,147.97820709459077,126.3695562661846,110.62710225356292,130.61445692232803,47.10870929664063,13.559260837193069,10.821033231930498,14.585231882544411,0.0,0.0,0.0,0.0
2026-09-11,EP142026,18,2026-09-21 00:00:00,10 days 00:00:00,240,15.22,-148.06,977.6,84.9,17.383068580524196,158.93124719474827,131.3167443879629,118.71563875619108,136.62917585882997,98.5192732078167,84.73773959559844,70.67682369576676,86.51712562572607,45.31711209631101,40.77051074049916,33.33336734855703,39.78597173146045
2026-09-11,EP142026,18,2026-09-21 06:00:00,10 days 06:00:00,246,15.72,-148.22,979.8,68.6,37.57699856583464,148.67445883057155,117.5698126371381,96.54018014588948,150.11121803250563,55.0675943256764,43.018170211461,33.35196860371779,46.73353391259101,37.57699856583464,8.300613100248079,6.459807272039996,9.265747448729064
2026-09-11,EP142026,18,2026-09-21 12:00:00,10 days 12:00:00,252,15.73,-148.2,956.1,112.0,37.81554898968764,210.04653607453764,177.94701267308574,162.56906176983858,197.178887713861,116.49814379685328,104.92883950148422,93.42370290863025,106.9485825513334,64.47119464971252,61.668045517558966,52.35971069521443,58.92038184504432
2026-09-11,EP142026,18,2026-09-21 18:00:00,10 days 18:00:00,258,16.43,-148.27,949.5,108.4,2.109690194648685,171.01068959996806,158.12594932157208,119.48409287121174,150.96154174118118,77.71507374036294,71.65531593305924,61.02125970958992,71.310509771748,43.02512571431336,39.92637095842656,34.17591857047219,36.78468559316544
2026-09-11,EP142026,18,2026-09-22 00:00:00,11 days 00:00:00,264,17.31,-148.87,951.8,112.4,13.149768758033105,146.92459008216042,119.51805747663946,84.50379466172848,131.2493517782156,47.98324541034441,35.22996971573974,26.34522120012113,40.537454082862325,20.1038385377992,15.567514551558524,13.156211513406646,17.180478262759863
2026-09-11,EP142026,18,2026-09-22 06:00:00,11 days 06:00:00,270,17.99,-149.45,944.8,117.3,25.688748151906275,138.2803313748131,110.42648314773818,107.94496771601736,155.3523000225236,94.4719305749748,79.9522953975841,70.34018597529203,87.50941986766193,52.24069891520018,46.07726507571597,40.08486090048808,46.14223836944376
2026-09-11,EP142026,18,2026-09-22 12:00:00,11 days 12:00:00,276,19.11,-149.71,970.7,87.4,17.389805408980504,172.8109099265725,159.87530564995672,115.06823336507476,172.75076022152265,89.58511562769962,76.7014602855562,61.20538429846932,78.16109374285811,46.2187932178088,42.11891432496737,34.51538191569237,40.94299371438315
2026-09-11,EP142026,18,2026-09-22 18:00:00,11 days 18:00:00,282,19.83,-150.21,970.1,88.8,27.169163764771383,129.61159058774388,118.6306991817737,79.15034408835686,90.3193376222764,71.28926517950595,57.49215162287237,39.03922378577681,54.527389755054855,31.941303951162013,25.327448832949813,20.48519137468344,25.88839584574185
2026-09-11,EP142026,18,2026-09-23 00:00:00,12 days 00:00:00,288,21.11,-150.43,969.5,87.0,43.46574979475282,161.83730166620848,135.98254540769477,93.17988567196286,139.6140344200113,79.60001080060074,65.74279386821775,52.90146247192546,66.7776428814054,43.46574979475282,37.4130225783018,30.13507840614586,35.56581216126239
2026-09-11,EP142026,18,2026-09-23 06:00:00,12 days 06:00:00,294,21.63,-150.41,990.6,62.2,67.70277922861635,166.30142520360852,153.64417706200433,111.04528724342651,128.67901648175803,105.31792271297896,95.33177671680014,77.87091080653664,87.25578189057953,0.0,0.0,0.0,0.0
2026-09-11,EP142026,18,2026-09-23 12:00:00,12 days 12:00:00,300,22.58,-150.96,995.9,57.1,75.4325606881044,172.01146939034797,140.4599055701708,99.99413853497056,142.5579993870787,75.4325606881044,41.098012978662894,25.07072145781147,39.96325425472674,0.0,0.0,0.0,0.0
2026-09-11,EP142026,18,2026-09-23 18:00:00,12 days 18:00:00,306,23.94,-151.13,993.1,56.0,46.35852402554652,117.0065949489132,103.45863141906212,57.66402713332663,86.82694024682657,46.35852402554652,0.0,0.0,0.1406242242644748,0.0,0.0,0.0,0.0
2026-09-11,EP142026,18,2026-09-24 00:00:00,13 days 00:00:00,312,24.88,-151.34,1000.7,44.1,49.78295756914753,115.75453297707418,107.65779109082632,75.13499289851484,90.11887598566204,0.0,0.0,0.0,0.0,0.0,0.0,0.0,0.0
2026-09-11,EP142026,18,2026-09-24 06:00:00,13 days 06:00:00,318,26.12,-150.77,999.7,40.9,53.52890989667958,272.25916150373814,264.8078205512984,211.714755054094,220.7273464366972,0.0,0.0,0.0,0.0,0.0,0.0,0.0,0.0
2026-09-11,EP142026,18,2026-09-24 12:00:00,13 days 12:00:00,324,27.78,-149.96,999.3,42.6,42.164755067727725,15.50940282167403,42.164755067727725,0.0,3.126386482969778,0.0,0.0,0.0,0.0,0.0,0.0,0.0,0.0
2026-09-11,EP142026,18,2026-09-24 18:00:00,13 days 18:00:00,330,29.59,-148.19,994.6,49.8,47.809937256085895,140.32158481398886,148.8143878903408,120.60400688633727,105.5342664061166,0.0,0.0,0.0,0.0,0.0,0.0,0.0,0.0
2026-09-11,EP142026,18,2026-09-25 00:00:00,14 days 00:00:00,336,32.34,-144.66,1002.4,40.5,48.495345687318576,32.74885535215569,48.495345687318576,21.190863559650943,14.57302537321138,0.0,0.0,0.0,0.0,0.0,0.0,0.0,0.0
2026-09-11,EP122026,19,2026-09-11 00:00:00,0 days 00:00:00,0,29.0,-169.5,997.0,45.0,148.0,297.0,148.0,,222.0,0.0,0.0,0.0,0.0,0.0,0.0,0.0,0.0
2026-09-11,EP122026,19,2026-09-11 06:00:00,0 days 06:00:00,6,28.95,-170.92,996.0,40.8,168.2570297203203,323.73743902190404,287.1184872823874,225.16094315553715,277.6324677613648,0.0,0.0,0.0,0.0,0.0,0.0,0.0,0.0
2026-09-11,EP122026,19,2026-09-11 12:00:00,0 days 12:00:00,12,29.25,-171.46,1001.1,33.7,132.10606442731012,0.0,0.0,0.0,0.0,0.0,0.0,0.0,0.0,0.0,0.0,0.0,0.0
2026-09-11,EP122026,19,2026-09-11 18:00:00,0 days 18:00:00,18,29.41,-172.16,1002.0,32.1,104.94591148863331,0.0,0.0,0.0,0.0,0.0,0.0,0.0,0.0,0.0,0.0,0.0,0.0
2026-09-11,EP122026,19,2026-09-12 00:00:00,1 days 00:00:00,24,30.07,-172.27,1001.6,34.8,94.06914313492042,94.06914313492042,11.643868168715674,1.7353410274275485,16.669361692770643,0.0,0.0,0.0,0.0,0.0,0.0,0.0,0.0
2026-09-11,EP142026,19,2026-09-11 00:00:00,0 days 00:00:00,0,16.4,-121.3,1002.0,41.0,74.0,111.0,,,74.0,0.0,0.0,0.0,0.0,0.0,0.0,0.0,0.0
2026-09-11,EP142026,19,2026-09-11 06:00:00,0 days 06:00:00,6,16.83,-122.45,993.6,55.4,24.323058850700463,76.84727245110305,50.89114277284966,12.457267626400776,58.514729456998765,0.4724736732048891,0.0,0.0,24.323058850700463,0.0,0.0,0.0,0.0
2026-09-11,EP142026,19,2026-09-11 12:00:00,0 days 12:00:00,12,16.57,-124.16,987.0,58.4,61.21547550027561,126.8773910415247,96.32897273056923,61.56050372445788,97.00197656920584,61.21547550027561,9.183921298114104,3.4634825615617992,10.361371978499957,0.0,0.0,0.0,0.0
2026-09-11,EP142026,19,2026-09-11 18:00:00,0 days 18:00:00,18,17.2,-125.5,978.3,71.9,28.36680539613996,178.34314719830786,157.85225492222892,122.89224131192589,164.69271323762675,39.6517295852256,28.28730236441965,19.531524026685247,27.86403720992579,28.36680539613996,0.0,0.0,0.0
2026-09-11,EP142026,19,2026-09-12 00:00:00,1 days 00:00:00,24,17.0,-126.58,997.7,52.9,64.97495951331865,119.27489206901488,90.2579791775316,45.33961615148916,89.32919238300892,64.97495951331865,0.0,0.0,0.6035606001312335,0.0,0.0,0.0,0.0
2026-09-11,EP142026,19,2026-09-12 06:00:00,1 days 06:00:00,30,17.45,-127.36,986.5,60.3,37.10247207543972,205.65640696655544,172.84593898681612,115.31931336039004,186.89628315189657,94.43826132866413,72.7570229253572,50.34007282957685,70.27464872042282,0.0,0.0,0.0,0.0
2026-09-11,EP142026,19,2026-09-12 12:00:00,1 days 12:00:00,36,17.59,-128.33,987.4,65.3,29.14871953843709,173.0741352510347,132.40487694866704,96.02178401068544,164.52122955710638,75.8605471189125,56.61265810146279,38.35085740076758,63.32340056640595,29.14871953843709,14.097925381361868,9.582011179511124,15.548001031363055
2026-09-11,EP142026,19,2026-09-12 18:00:00,1 days 18:00:00,42,17.93,-129.26,989.8,61.9,41.31443309148604,154.1860764383025,116.63796199802752,91.37479813328731,127.89652409597778,41.31443309148604,6.697168144588893,2.8116757732562467,9.538531455871208,0.0,0.0,0.0,0.0
2026-09-11,EP142026,19,2026-09-13 00:00:00,2 days 00:00:00,48,17.83,-130.14,982.0,70.3,20.87577979348734,124.53200375400604,92.8291558277713,90.01443334059437,117.74266629653836,32.90775826337676,23.735160389808808,19.40240211451519,25.152816242057444,20.87577979348734,0.0,0.0,0.0
2026-09-11,EP142026,19,2026-09-13 06:00:00,2 days 06:00:00,54,18.46,-131.05,993.7,56.7,64.84194324212709,159.01103715990052,137.67130244568148,70.47852133524009,131.3501988163439,64.84194324212709,32.8209450163245,17.247152833691622,32.56324861515158,0.0,0.0,0.0,0.0
2026-09-11,EP142026,19,2026-09-13 12:00:00,2 days 12:00:00,60,18.86,-131.79,989.1,63.7,26.663583023533675,170.5275720416333,129.45630837515182,81.88627392779165,158.5468926474706,90.85652951346016,65.528916584189,43.00030799712147,67.9091420288081,0.0,0.0,0.0,0.0
2026-09-11,EP142026,19,2026-09-13 18:00:00,2 days 18:00:00,66,19.22,-132.73,970.3,79.4,10.48163575274276,162.90379749770233,110.07592103214144,77.50302570521195,143.6449258713404,69.57053789462829,46.87203593340866,32.007542129196054,60.96152545819896,27.860253744052272,21.055057197780783,15.89399358475452,22.497098797732924
2026-09-11,EP142026,19,2026-09-14 00:00:00,3 days 00:00:00,72,19.52,-134.01,989.8,59.2,8.888257603844249,146.72655888759613,117.34396966363433,72.21298181054485,124.6877064000427,30.798145012107348,17.958628981277876,6.340730592601738,21.858709459627867,0.0,0.0,0.0,0.0
2026-09-11,EP142026,19,2026-09-14 06:00:00,3 days 06:00:00,78,19.53,-135.36,1001.1,40.9,46.91395225991575,137.0116694235237,100.30828084368412,58.38704921977143,106.09135188309976,0.0,0.0,0.0,0.0,0.0,0.0,0.0,0.0
2026-09-11,EP142026,19,2026-09-14 12:00:00,3 days 12:00:00,84,19.55,-136.61,997.8,41.8,66.40874073035576,158.17388974904492,120.97838806995696,82.05216124562372,120.12472737295676,0.0,0.0,0.0,0.0,0.0,0.0,0.0,0.0
2026-09-11,EP142026,19,2026-09-14 18:00:00,3 days 18:00:00,90,19.86,-138.15,1002.4,37.8,39.13629390446367,39.13629390446367,3.89586661968584,0.0,14.499256186686516,0.0,0.0,0.0,0.0,0.0,0.0,0.0,0.0
2026-09-11,EP142026,19,2026-09-15 00:00:00,4 days 00:00:00,96,19.89,-139.32,1004.1,34.6,57.19005621884453,0.5024230448403983,0.0,0.0,57.19005621884453,0.0,0.0,0.0,0.0,0.0,0.0,0.0,0.0
2026-09-11,EP142026,19,2026-09-15 06:00:00,4 days 06:00:00,102,20.29,-140.83,1005.1,30.9,112.83731129160016,0.0,0.0,0.0,0.0,0.0,0.0,0.0,0.0,0.0,0.0,0.0,0.0
2026-09-11,EP142026,19,2026-09-15 12:00:00,4 days 12:00:00,108,20.11,-141.79,1005.8,31.8,117.08770071875632,0.0,0.0,0.0,0.0,0.0,0.0,0.0,0.0,0.0,0.0,0.0,0.0
2026-09-11,EP142026,19,2026-09-15 18:00:00,4 days 18:00:00,114,20.28,-143.39,1005.1,31.8,48.1064351872456,0.0,0.0,0.0,0.0,0.0,0.0,0.0,0.0,0.0,0.0,0.0,0.0
2026-09-11,EP142026,19,2026-09-16 00:00:00,5 days 00:00:00,120,20.3,-145.11,1002.9,30.1,55.32391602785733,0.0,0.0,0.0,0.0,0.0,0.0,0.0,0.0,0.0,0.0,0.0,0.0
2026-09-11,EP142026,19,2026-09-16 06:00:00,5 days 06:00:00,126,20.45,-146.69,1007.9,26.4,131.4255551350994,0.0,0.0,0.0,0.0,0.0,0.0,0.0,0.0,0.0,0.0,0.0,0.0
2026-09-11,EP122026,2,2026-09-11 00:00:00,0 days 00:00:00,0,29.0,-169.5,997.0,45.0,148.0,297.0,148.0,,222.0,0.0,0.0,0.0,0.0,0.0,0.0,0.0,0.0
2026-09-11,EP122026,2,2026-09-11 06:00:00,0 days 06:00:00,6,28.94,-170.52,1001.0,41.2,162.4928185545875,445.9036683884218,384.2247216388219,300.1800667387655,356.6477585321879,0.0,0.0,0.0,0.0,0.0,0.0,0.0,0.0
2026-09-11,EP142026,2,2026-09-11 00:00:00,0 days 00:00:00,0,16.4,-121.3,1002.0,41.0,74.0,111.0,,,74.0,0.0,0.0,0.0,0.0,0.0,0.0,0.0,0.0
2026-09-11,EP142026,2,2026-09-11 06:00:00,0 days 06:00:00,6,16.63,-122.4,975.9,77.4,0.0,169.6191997380064,136.21577514744365,98.58458490700949,133.413525796684,0.6726066155924859,0.0859301506240033,0.0967300119944577,0.9880112612663722,0.6726066155924859,0.0859301506240033,0.0967300119944577,0.9880112612663722
2026-09-11,EP142026,2,2026-09-11 12:00:00,0 days 12:00:00,12,16.74,-123.48,993.8,56.1,29.99222672411956,47.29988053978138,21.860113777850188,0.0,44.95236823327728,29.99222672411956,1.4817288213606652,0.0,4.285626347205094,0.0,0.0,0.0,0.0
2026-09-11,EP142026,2,2026-09-11 18:00:00,0 days 18:00:00,18,16.85,-124.52,977.2,78.6,15.850318181786996,86.90615552614737,38.14706947433228,24.85681570223677,74.90889646709643,55.131028810803926,37.67063365279647,24.85681570223677,45.11007031094815,26.942368529124643,19.165220334030813,13.34859383178207,21.96443551937219
2026-09-11,EP142026,2,2026-09-12 00:00:00,1 days 00:00:00,24,17.04,-125.28,986.9,64.2,28.52083815867942,117.9543467061739,79.75363547956218,54.45403452188999,108.04948262404928,52.70076953562678,41.946777112288586,30.31272697794314,45.397904351819705,28.52083815867942,11.111007731746412,8.147914937397362,11.778799376224752
2026-09-11,EP142026,2,2026-09-12 06:00:00,1 days 06:00:00,30,17.14,-126.36,985.5,62.9,42.30349690247317,134.36176074081095,92.3500632234418,51.46971635485807,118.50633616494588,57.242941043455176,45.40985568167935,30.553097472052517,48.07379129210949,0.0,0.0,0.0,0.0
2026-09-11,EP142026,2,2026-09-12 12:00:00,1 days 12:00:00,36,17.59,-127.54,975.4,81.7,13.959393312675726,169.90674991172446,117.88753779636993,74.74718144672434,141.33452236678067,69.47636773653005,53.04224771485139,38.582536152027046,57.557509461550005,32.785742872964,26.756852668532503,19.949558072226655,27.905604529700163
2026-09-11,EP142026,2,2026-09-12 18:00:00,1 days 18:00:00,42,17.3,-128.54,965.2,96.1,2.3085619349526496,172.8699181482089,156.2639152441223,144.68458830080232,180.07782701346505,59.56198100282947,48.74702418471057,43.03016067389375,56.76195601370051,23.515480771453788,18.6500339209687,16.592767736286195,22.18964825586599
2026-09-11,EP142026,2,2026-09-13 00:00:00,2 days 00:00:00,48,17.62,-129.61,981.9,77.7,41.85957403749164,144.0991708589956,106.50921976001942,60.58328822405983,108.76157073502748,55.90336627008847,42.6207129360364,27.549900265844563,45.27534696305886,41.85957403749164,5.440813662303171,3.0385928972955423,6.991003013219736
2026-09-11,EP142026,2,2026-09-13 06:00:00,2 days 06:00:00,54,17.79,-130.44,978.6,80.8,38.12991533872224,132.0768389452094,93.801906145414,66.89859582919095,123.43386220332071,62.52580117747962,48.07716088901071,36.18950135392389,51.98926895507623,38.12991533872224,19.17238376094207,13.695444026781184,19.73012016289976
2026-09-11,EP142026,2,2026-09-13 12:00:00,2 days 12:00:00,60,17.76,-131.52,977.3,76.6,8.251744328840484,264.6705634993295,200.72509042000496,153.19762963517508,229.4140593027689,106.30419043529622,83.80519774473117,62.049767666444254,88.41358124652884,36.46588980380601,30.45926032844394,22.525267729208117,31.811050644158733
2026-09-11,EP142026,2,2026-09-13 18:00:00,2 days 18:00:00,66,17.85,-132.23,970.9,85.9,37.10427547816312,158.88447918748034,116.65889385042578,80.43431519296678,134.42901805917222,50.016114760877485,32.60370594162214,20.656847202818767,40.7964708254608,37.10427547816312,13.598554414355476,9.617635200459176,16.71583665474239
2026-09-11,EP142026,2,2026-09-14 00:00:00,3 days 00:00:00,72,17.68,-133.03,967.8,95.7,13.989719507308486,174.69319622687823,123.1709304309596,79.41246008777176,162.23001999871389,67.91843029037318,44.32517626083471,26.6279981447388,60.22246354542247,33.93571590193763,24.166514899709743,15.747400051122534,27.99220817118356
2026-09-11,EP142026,2,2026-09-14 06:00:00,3 days 06:00:00,78,17.87,-134.35,970.4,92.4,13.934464562280557,227.1295282068868,175.98616515743646,139.0944129787684,212.0789744835355,101.94605107588492,83.8287567433272,71.16746396234568,93.04413562144084,61.0768802104638,53.47626906315521,44.01432394902877,53.78551273335114
2026-09-11,EP142026,2,2026-09-14 12:00:00,3 days 12:00:00,84,17.85,-135.07,952.1,113.6,14.441008761917374,169.38711643067973,139.0891336134323,93.46790241459996,134.08257506374366,14.441008761917374,2.6335372321864554,0.801356311296118,9.44640585474393,14.441008761917374,2.6335372321864554,0.801356311296118,7.373109534278733
2026-09-11,EP142026,2,2026-09-14 18:00:00,3 days 18:00:00,90,18.02,-136.03,967.3,95.1,8.049103064261356,164.36792344951317,128.44694398570743,81.10820367344522,141.69581952359042,13.052999964427416,0.0,0.0,7.996087674996238,8.049103064261356,0.0,0.0,4.209812243157828
2026-09-11,EP142026,2,2026-09-15 00:00:00,4 days 00:00:00,96,17.97,-136.87,956.0,105.1,5.62817959292579,249.3573276633275,195.5307529390913,135.9056540079256,200.69883841748788,66.62766173448459,47.38098149158608,29.36723514959051,53.16591682198232,18.706700641736138,12.32389362335975,8.38422529190553,15.666128694796596
2026-09-11,EP142026,2,2026-09-15 06:00:00,4 days 06:00:00,102,17.76,-137.68,961.1,97.5,0.0,187.58495899113487,131.96057472283997,89.66212138464651,186.99375256914905,40.31507072319553,19.436905895925687,16.110183027943815,38.113347688642094,12.362915434566114,6.127013472697613,4.566739035521406,11.905214898001317
2026-09-11,EP142026,2,2026-09-15 12:00:00,4 days 12:00:00,108,17.45,-139.08,943.9,125.9,0.0,132.9068969111582,87.09715184565096,33.65047170082887,126.54646234629908,42.89619283899125,19.65107667695065,14.916862534050749,36.01006079573309,29.03874598351277,19.65107667695065,14.916862534050749,25.179511263296902
2026-09-11,EP142026,2,2026-09-15 18:00:00,4 days 18:00:00,114,17.1,-139.72,947.4,121.8,13.326956849336142,123.98648655695946,76.51635794610655,41.214236774441744,110.084531096609,58.74903804009317,41.917878626985306,31.759332170315343,53.90554638649006,40.13044765926503,32.1455954734719,25.6352626089184,35.900825829571815
2026-09-11,EP142026,2,2026-09-16 00:00:00,5 days 00:00:00,120,16.82,-140.74,940.7,119.6,17.112707616523043,51.91446677075908,31.45640502523386,28.29435401819726,66.64795017860354,50.05812748357632,31.45640502523386,28.29435401819726,45.941748625801424,33.12067878022213,24.62848328159921,19.81398777874226,29.33279019801981
2026-09-11,EP142026,2,2026-09-16 06:00:00,5 days 06:00:00,126,16.72,-141.81,955.3,105.8,0.0,145.75760193834896,95.2628713292862,74.55356571071027,155.17917473491843,42.73209986954434,30.45980903069608,26.589675179649767,41.12671724023961,19.66730160963321,16.208315732398283,13.600829023339433,18.424197488637528
2026-09-11,EP142026,2,2026-09-16 12:00:00,5 days 12:00:00,132,16.18,-142.84,946.1,121.0,17.12665928620025,201.28419815739085,146.08282519599192,100.23303703108692,162.15251114923922,43.5864508853647,28.20361628608309,18.4275357424588,38.58624299056101,17.12665928620025,8.124108726150482,6.855175213238946,11.919275554546848
2026-09-11,EP142026,2,2026-09-16 18:00:00,5 days 18:00:00,138,15.76,-143.91,931.5,127.8,23.99508607683377,170.31198019467206,135.69076040035475,105.77259835366768,166.5712458854657,35.738276508100085,22.039568934173243,17.91637745284122,32.3744344023978,23.99508607683377,7.258931778935249,5.98945283186665,12.841610874136515
2026-09-11,EP142026,2,2026-09-17 00:00:00,6 days 00:00:00,144,15.65,-144.97,937.2,129.3,23.362152578934424,116.272087041857,64.4134474582771,58.319144782594655,131.1211360481246,53.73636204900237,32.226268233446426,27.289442514353446,53.73921985739192,27.396767877729413,18.11572579038394,16.6520449731838,24.537333978459472
2026-09-11,EP142026,2,2026-09-17 06:00:00,6 days 06:00:00,150,15.27,-146.22,945.8,110.6,2.9497263754503216,124.96337149529737,62.61339588894002,70.59036584307658,135.8128142292943,78.05529595153004,58.83084468707277,52.89433102141903,72.30260903329123,51.27917940672396,43.5928466337034,36.71561430716241,45.71758786880503
2026-09-11,EP142026,2,2026-09-17 12:00:00,6 days 12:00:00,156,14.85,-146.94,954.0,104.8,19.42707838727964,159.1780919453397,113.22029332577428,98.52698763965724,163.0031482464235,87.11467826271934,66.54603062710166,57.302118392441656,79.28577554380743,49.129895494655045,40.746571231580944,34.9515808985274,44.15272295474932
2026-09-11,EP142026,2,2026-09-17 18:00:00,6 days 18:00:00,162,14.6,-147.99,928.6,134.9,37.736757660301485,66.46399058047997,42.84597506143351,45.54208884412817,82.11415735957947,56.71946952921785,42.84597506143351,39.13337255631189,56.50091448094128,48.132143708536496,39.89789384443919,33.76927751151099,42.91579042062392
2026-09-11,EP142026,2,2026-09-18 00:00:00,7 days 00:00:00,168,14.91,-148.37,941.7,124.5,24.601499553523556,83.41054546316957,53.43216046132488,56.88064755916359,96.9244995759286,64.1699762958491,49.60460983557941,40.99836308652772,60.265794291303806,36.234628532314034,28.18273828067216,23.677708481650196,32.00275020410152
2026-09-11,EP142026,2,2026-09-18 06:00:00,7 days 06:00:00,174,14.9,-148.91,940.3,117.7,28.326106002453407,185.960875975134,134.6215534809522,128.087916220669,203.9304274051294,97.597232853399,77.79661804779013,68.81701822147191,91.47726783249492,54.06728545800483,46.72677666150791,40.78125411989252,49.357609649517606
2026-09-11,EP142026,2,2026-09-18 12:00:00,7 days 12:00:00,180,14.83,-149.08,964.1,99.9,14.805482392950442,157.31691306514023,101.25999314231362,98.98847259383784,158.95370308796174,79.06122791978848,64.01857891178409,58.06570033017827,76.31917112655569,51.04835140549793,43.47602975036703,36.49986984995857,45.31302013602271
2026-09-11,EP142026,2,2026-09-18 18:00:00,7 days 18:00:00,186,15.11,-149.53,967.2,94.8,7.500281754952537,93.93059087103993,64.6359651698875,63.620300245213855,92.46634839204056,46.73460726148189,33.78541372580163,23.13428632636306,38.36698035169972,22.438191925641032,17.109370525152077,12.206739887461993,18.919712656993504
2026-09-11,EP142026,2,2026-09-19 00:00:00,8 days 00:00:00,192,15.44,-149.72,963.0,96.8,30.22797121558046,108.92278856361791,90.2051645826812,70.59183855847516,88.86448840722699,54.131940865226426,42.083874916283776,34.73826833250456,47.05416895611848,31.716061117912844,27.62759381067488,21.54403605239889,26.767907573882677
2026-09-11,EP142026,2,2026-09-19 06:00:00,8 days 06:00:00,198,16.01,-149.85,981.6,72.1,25.236119538137867,129.5713842220615,108.06188935832324,75.32996105968715,110.8180074095528,58.59122704672742,47.34218235658107,31.28990725188068,46.94954667535136,25.236119538137867,11.359256888537413,6.706495225151266,12.800591368433064
2026-09-11,EP142026,2,2026-09-19 12:00:00,8 days 12:00:00,204,15.66,-150.33,987.6,70.8,26.72443371582497,112.48128891211708,71.8835273167863,59.98016060967085,103.0255083654896,48.90091489582999,36.83603826720312,27.935954997441108,43.1687368556494,26.72443371582497,10.210194886044478,7.425724069772001,11.94198468156328
2026-09-11,EP142026,2,2026-09-19 18:00:00,8 days 18:00:00,210,15.42,-150.96,996.1,47.2,48.14639997579702,76.80809566081813,56.95571714524606,47.104984126715244,72.66213692257189,0.0,0.0,0.0,0.0,0.0,0.0,0.0,0.0
2026-09-11,EP142026,2,2026-09-20 00:00:00,9 days 00:00:00,216,14.88,-151.49,1002.1,35.4,46.09377811101194,53.23798742132854,43.32788101555303,34.00355330438602,47.96263819600877,0.0,0.0,0.0,0.0,0.0,0.0,0.0,0.0
2026-09-11,EP142026,2,2026-09-20 06:00:00,9 days 06:00:00,222,14.76,-151.8,1003.0,38.8,52.08617672038592,52.08617672038592,20.482455929477734,11.23210167203535,28.212401895720507,0.0,0.0,0.0,0.0,0.0,0.0,0.0,0.0
2026-09-11,EP142026,2,2026-09-20 12:00:00,9 days 12:00:00,228,14.56,-152.15,997.7,47.2,36.996843675427954,39.07759028362924,25.888777707278297,17.710927116339892,38.67872904878969,0.0,0.0,0.0,0.0,0.0,0.0,0.0,0.0
2026-09-11,EP142026,2,2026-09-20 18:00:00,9 days 18:00:00,234,13.25,-152.22,1004.9,33.7,54.00190756684757,0.0,0.0,0.0,0.0,0.0,0.0,0.0,0.0,0.0,0.0,0.0,0.0
2026-09-11,EP142026,2,2026-09-21 00:00:00,10 days 00:00:00,240,12.97,-152.34,1001.8,29.0,62.04869730650691,0.0,0.0,0.0,0.0,0.0,0.0,0.0,0.0,0.0,0.0,0.0,0.0
2026-09-11,EP142026,2,2026-09-21 06:00:00,10 days 06:00:00,246,12.74,-152.08,1003.0,32.5,69.6648680303739,0.0,0.0,0.0,0.0,0.0,0.0,0.0,0.0,0.0,0.0,0.0,0.0
2026-09-11,EP142026,2,2026-09-21 12:00:00,10 days 12:00:00,252,12.47,-152.73,1004.9,28.0,96.55720618087356,0.0,0.0,0.0,0.0,0.0,0.0,0.0,0.0,0.0,0.0,0.0,0.0
2026-09-11,EP142026,2,2026-09-21 18:00:00,10 days 18:00:00,258,11.52,-151.58,1004.0,31.4,83.36478758564101,0.0,0.0,0.0,0.0,0.0,0.0,0.0,0.0,0.0,0.0,0.0,0.0
2026-09-11,EP142026,2,2026-09-22 00:00:00,11 days 00:00:00,264,11.34,-150.94,1002.7,25.7,53.22932284987216,0.0,0.0,0.0,0.0,0.0,0.0,0.0,0.0,0.0,0.0,0.0,0.0
2026-09-11,EP142026,2,2026-09-22 06:00:00,11 days 06:00:00,270,13.17,-150.43,1002.1,26.8,77.22285433531943,0.0,0.0,0.0,0.0,0.0,0.0,0.0,0.0,0.0,0.0,0.0,0.0
2026-09-11,EP122026,20,2026-09-11 00:00:00,0 days 00:00:00,0,29.0,-169.5,997.0,45.0,148.0,297.0,148.0,,222.0,0.0,0.0,0.0,0.0,0.0,0.0,0.0,0.0
2026-09-11,EP122026,20,2026-09-11 06:00:00,0 days 06:00:00,6,28.99,-170.63,1001.0,30.1,57.71990728207818,0.0,0.0,0.0,0.0,0.0,0.0,0.0,0.0,0.0,0.0,0.0,0.0
2026-09-11,EP122026,20,2026-09-11 12:00:00,0 days 12:00:00,12,29.02,-171.36,998.9,39.6,113.27813185795029,0.854128753118772,0.0,0.0,113.27813185795029,0.0,0.0,0.0,0.0,0.0,0.0,0.0,0.0
2026-09-11,EP122026,20,2026-09-11 18:00:00,0 days 18:00:00,18,29.61,-172.13,1000.6,37.8,108.69392748881036,1.3001921204991105,0.0,0.0,108.69392748881036,0.0,0.0,0.0,0.0,0.0,0.0,0.0,0.0
2026-09-11,EP122026,20,2026-09-12 00:00:00,1 days 00:00:00,24,30.36,-172.01,1003.3,34.7,103.03884778890216,103.03884778890216,4.04754925973447,0.8570135036956437,0.0,0.0,0.0,0.0,0.0,0.0,0.0,0.0,0.0
2026-09-11,EP122026,20,2026-09-12 06:00:00,1 days 06:00:00,30,31.65,-171.61,1001.2,33.0,137.55553272082813,0.0,0.0,0.0,0.0,0.0,0.0,0.0,0.0,0.0,0.0,0.0,0.0
2026-09-11,EP122026,20,2026-09-12 12:00:00,1 days 12:00:00,36,32.39,-172.05,1001.2,36.5,60.19121194526088,60.19121194526088,0.6391526572406292,0.0,2.894179077266017,0.0,0.0,0.0,0.0,0.0,0.0,0.0,0.0
2026-09-11,EP142026,20,2026-09-11 00:00:00,0 days 00:00:00,0,16.4,-121.3,1002.0,41.0,74.0,111.0,,,74.0,0.0,0.0,0.0,0.0,0.0,0.0,0.0,0.0
2026-09-11,EP142026,20,2026-09-11 06:00:00,0 days 06:00:00,6,16.7,-122.58,993.9,46.4,52.99234043685939,152.4571922151813,115.66401682779863,70.47978533974441,117.69166412925286,0.0,0.0,0.0,0.0,0.0,0.0,0.0,0.0
2026-09-11,EP142026,20,2026-09-11 12:00:00,0 days 12:00:00,12,16.74,-123.39,979.1,74.5,27.71144405741977,187.4146041909646,149.2520493696201,105.24627089289028,159.17295373767223,27.71144405741977,0.0,0.0,2.8472236724240068,27.71144405741977,0.0,0.0,0.4464656919057204
2026-09-11,EP142026,20,2026-09-11 18:00:00,0 days 18:00:00,18,16.58,-124.89,979.3,77.7,6.184088278904298,133.77711135641383,89.37522241752714,61.09208899264627,114.43185614114644,59.5107688385398,46.55128633887094,31.87298809443053,47.61732703516357,25.46467682380673,20.802657399668043,15.030714831290451,20.9667136658038
2026-09-11,EP142026,20,2026-09-12 00:00:00,1 days 00:00:00,24,16.73,-126.14,988.4,64.8,8.369643545139695,154.53391378475516,130.1002940104288,91.055486573568,128.2182899624454,8.369643545139695,0.9195885966938347,0.0,2.5831767050122174,8.369643545139695,0.0,0.0,0.0949442137282687
2026-09-11,EP142026,20,2026-09-12 06:00:00,1 days 06:00:00,30,16.67,-126.86,993.1,57.9,39.16129770108235,166.2202161429139,136.18677597349523,103.65219911095456,141.89214099698737,39.16129770108235,0.1649079720607789,0.0,2.154892208649039,0.0,0.0,0.0,0.0
2026-09-11,EP142026,20,2026-09-12 12:00:00,1 days 12:00:00,36,16.9,-127.76,986.9,58.5,14.06068686510136,169.80046348014918,138.24743452856043,102.89444944833382,140.44128125937704,14.06068686510136,0.0,0.0,1.9665981858585104,0.0,0.0,0.0,0.0
2026-09-11,EP142026,20,2026-09-12 18:00:00,1 days 18:00:00,42,17.01,-128.72,970.4,82.2,9.51828946064992,121.2279314168179,73.7283844131701,52.16144521313828,102.4708753243691,48.344866640984144,35.221997405258364,22.170607813393648,40.30347926967702,19.662044209764357,14.537008007056468,9.492756612666843,15.998218581639158
2026-09-11,EP142026,20,2026-09-13 00:00:00,2 days 00:00:00,48,17.43,-129.7,985.3,68.9,14.414848994106269,68.96616260443784,47.97214050514836,17.346459705313123,58.47371249435515,16.731325146991352,8.76786895599422,1.4918596809754447,10.09466727957369,14.414848994106269,0.5505446691059706,0.0,1.3671967395998117
2026-09-11,EP142026,20,2026-09-13 06:00:00,2 days 06:00:00,54,17.86,-130.44,972.0,83.8,9.90945449463473,127.59734248292426,101.71376006326,82.33443177451056,106.65662281393064,54.47813538867251,40.897227822531775,28.93243138269831,45.44224502391381,24.63850780334789,18.94124939812972,13.628618323643655,20.17810743350388
2026-09-11,EP142026,20,2026-09-13 12:00:00,2 days 12:00:00,60,18.21,-131.04,986.9,62.5,18.54024279649664,169.37886873475105,144.6575055567806,112.04863688163144,151.03404071438246,26.5666057540889,21.89835055237186,17.378710219602375,22.997627437974018,0.0,0.0,0.0,0.0
2026-09-11,EP142026,20,2026-09-13 18:00:00,2 days 18:00:00,66,18.38,-132.0,974.7,84.3,16.802061037669013,184.87771196348496,137.5596012154312,90.98443941285774,148.10973822248036,76.85487051197956,59.16614034798558,39.70572104876618,62.81487750606483,34.26913641218244,26.46402887931993,18.46334867309688,28.23027121826714
2026-09-11,EP142026,20,2026-09-14 00:00:00,3 days 00:00:00,72,18.44,-133.09,970.9,87.4,15.713661445959744,143.2250344417683,108.8103487629055,80.9039161354483,118.76721581402742,61.24806585960317,46.9017995780608,32.27564361746731,51.22866459131427,28.82058707309565,22.22758388758615,15.620053219717882,23.336959053029503
2026-09-11,EP142026,20,2026-09-14 06:00:00,3 days 06:00:00,78,18.75,-134.21,974.0,79.9,6.658823970174595,104.17629251070042,77.16371036884115,41.57283906917725,73.26157005348361,24.68483512174321,12.931666002157437,2.020870847519353,16.05148770280011,6.658823970174595,2.1337826014390444,0.4688441948785504,4.105597920743641
2026-09-11,EP142026,20,2026-09-14 12:00:00,3 days 12:00:00,84,18.63,-135.15,981.2,71.5,17.366961743910295,164.3268811009313,109.95191719526042,73.25059942517109,141.81320117420776,68.73867082762018,51.858179542321786,35.22429732192374,56.7006378874225,30.27159938152932,23.057172546655224,17.531372360184545,25.46841001822282
2026-09-11,EP142026,20,2026-09-14 18:00:00,3 days 18:00:00,90,18.87,-136.3,984.5,65.8,34.56465229475074,155.48372918199658,127.51677024542018,92.2508117724673,127.71199583604076,34.56465229475074,4.741569754721902,2.949632254915948,7.04499134103682,34.56465229475074,0.0716223556817412,0.0,0.0
2026-09-11,EP142026,20,2026-09-15 00:00:00,4 days 00:00:00,96,18.85,-137.42,985.4,65.0,41.3380183072518,200.98586043902068,172.53869459827524,129.18677235719622,167.79766291903948,41.3380183072518,0.1308509051839479,0.0,2.4038670505486524,41.3380183072518,0.1308509051839479,0.0,0.0
2026-09-11,EP142026,20,2026-09-15 06:00:00,4 days 06:00:00,102,18.54,-138.27,988.5,57.8,29.12272194427106,109.49860287501484,83.66698108431102,48.6890710240845,88.4180664033712,29.12272194427106,8.830568611235135,2.834366772100765,8.562839637941982,0.0,0.0,0.0,0.0
2026-09-11,EP142026,20,2026-09-15 12:00:00,4 days 12:00:00,108,18.65,-139.13,991.8,59.7,15.453585588514237,185.77773607353248,151.22318920644992,103.95544823149268,147.9217218597932,15.453585588514237,1.7526720651042569,0.2293311226510184,4.74914586589379,0.0,0.0,0.0,0.0
2026-09-11,EP142026,20,2026-09-15 18:00:00,4 days 18:00:00,114,17.79,-140.45,997.3,43.5,67.63673937520821,67.63673937520821,39.24057944937675,25.01837102216507,48.886204866972776,0.0,0.0,0.0,0.0,0.0,0.0,0.0,0.0
2026-09-11,EP142026,20,2026-09-16 00:00:00,5 days 00:00:00,120,17.52,-141.17,997.1,41.9,38.9479967679556,169.32185428409866,143.7215701017883,111.2262420967602,136.78792634819592,0.0,0.0,0.0,0.0,0.0,0.0,0.0,0.0
2026-09-11,EP142026,20,2026-09-16 06:00:00,5 days 06:00:00,126,17.03,-142.02,999.2,45.4,86.7647291286353,86.7647291286353,52.12507427344512,39.20053652209941,63.19422947918173,0.0,0.0,0.0,0.0,0.0,0.0,0.0,0.0
2026-09-11,EP142026,20,2026-09-16 12:00:00,5 days 12:00:00,132,16.91,-142.89,1000.9,40.4,55.001069588977884,64.32610487082763,46.13671047935589,29.518284121388547,53.600785184868585,0.0,0.0,0.0,0.0,0.0,0.0,0.0,0.0
2026-09-11,EP142026,20,2026-09-16 18:00:00,5 days 18:00:00,138,16.34,-143.77,1001.4,42.2,98.49766237696858,157.75232650499356,130.9139408786546,108.6051313707591,130.5310401729431,0.0,0.0,0.0,0.0,0.0,0.0,0.0,0.0
2026-09-11,EP142026,20,2026-09-17 00:00:00,6 days 00:00:00,144,15.86,-144.9,1001.8,37.1,95.6445622777252,11.114022117790284,2.379845939594873,0.0,95.6445622777252,0.0,0.0,0.0,0.0,0.0,0.0,0.0,0.0
2026-09-11,EP142026,20,2026-09-17 06:00:00,6 days 06:00:00,150,15.38,-145.66,1004.0,29.5,66.81459449513035,0.0,0.0,0.0,0.0,0.0,0.0,0.0,0.0,0.0,0.0,0.0,0.0
2026-09-11,EP142026,20,2026-09-17 12:00:00,6 days 12:00:00,156,15.47,-145.9,1002.7,33.2,40.13557353735496,0.0,0.0,0.0,0.0,0.0,0.0,0.0,0.0,0.0,0.0,0.0,0.0
2026-09-11,EP142026,20,2026-09-17 18:00:00,6 days 18:00:00,162,15.5,-146.4,1000.9,35.4,90.0613811725326,90.0613811725326,0.0,0.0111903877812089,2.57574017084403,0.0,0.0,0.0,0.0,0.0,0.0,0.0,0.0
2026-09-11,EP142026,20,2026-09-18 00:00:00,7 days 00:00:00,168,15.44,-146.61,1002.8,25.7,64.5739108376374,0.0,0.0,0.0,0.0,0.0,0.0,0.0,0.0,0.0,0.0,0.0,0.0
2026-09-11,EP142026,20,2026-09-18 06:00:00,7 days 06:00:00,174,15.48,-146.89,1004.6,29.7,93.94570149276534,0.0,0.0,0.0,0.0,0.0,0.0,0.0,0.0,0.0,0.0,0.0,0.0
2026-09-11,EP142026,20,2026-09-18 12:00:00,7 days 12:00:00,180,15.13,-147.19,1003.1,32.3,103.39220652556976,0.0,0.0,0.0,0.0,0.0,0.0,0.0,0.0,0.0,0.0,0.0,0.0
2026-09-11,EP142026,20,2026-09-18 18:00:00,7 days 18:00:00,186,15.88,-147.57,998.4,46.1,72.43824730253368,119.79905720535452,92.34152438382245,77.48629178181758,95.83701422553791,0.0,0.0,0.0,0.0,0.0,0.0,0.0,0.0
2026-09-11,EP142026,20,2026-09-19 00:00:00,8 days 00:00:00,192,15.79,-147.36,998.9,43.2,97.05463728799774,158.1289480228395,136.04504934773752,115.58756277877067,131.11506872658754,0.0,0.0,0.0,0.0,0.0,0.0,0.0,0.0
2026-09-11,EP142026,20,2026-09-19 06:00:00,8 days 06:00:00,198,15.4,-148.24,999.5,39.1,79.03383449063675,0.0,0.0,1.4356815468573672,79.03383449063675,0.0,0.0,0.0,0.0,0.0,0.0,0.0,0.0
2026-09-11,EP142026,20,2026-09-19 12:00:00,8 days 12:00:00,204,15.42,-148.88,1002.1,41.2,53.04029557995904,53.04029557995904,4.973531777116037,0.0,7.447489147400891,0.0,0.0,0.0,0.0,0.0,0.0,0.0,0.0
2026-09-11,EP142026,20,2026-09-19 18:00:00,8 days 18:00:00,210,15.43,-149.48,1003.8,38.8,66.15539729266786,91.3477554949319,70.27823820203575,55.82999438442283,69.61048829526108,0.0,0.0,0.0,0.0,0.0,0.0,0.0,0.0
2026-09-11,EP142026,20,2026-09-20 00:00:00,9 days 00:00:00,216,14.73,-150.47,1001.8,36.5,139.5619181068347,139.5619181068347,0.0,0.0,3.5777741028449164,0.0,0.0,0.0,0.0,0.0,0.0,0.0,0.0
2026-09-11,EP142026,20,2026-09-20 06:00:00,9 days 06:00:00,222,14.38,-150.98,1007.1,29.5,73.71743060629973,0.0,0.0,0.0,0.0,0.0,0.0,0.0,0.0,0.0,0.0,0.0,0.0
2026-09-11,EP142026,20,2026-09-20 12:00:00,9 days 12:00:00,228,14.15,-151.86,1002.0,32.8,63.26671043196332,0.0,0.0,0.0,0.0,0.0,0.0,0.0,0.0,0.0,0.0,0.0,0.0
2026-09-11,EP122026,21,2026-09-11 00:00:00,0 days 00:00:00,0,29.0,-169.5,997.0,45.0,148.0,297.0,148.0,,222.0,0.0,0.0,0.0,0.0,0.0,0.0,0.0,0.0
2026-09-11,EP122026,21,2026-09-11 06:00:00,0 days 06:00:00,6,29.08,-170.44,1001.4,34.9,105.94184560708196,256.5761025377543,230.08941616504336,194.8633943534812,212.81833840802688,0.0,0.0,0.0,0.0,0.0,0.0,0.0,0.0
2026-09-11,EP122026,21,2026-09-11 12:00:00,0 days 12:00:00,12,28.95,-171.62,1000.4,38.7,94.61101812141167,94.61101812141167,14.184877954968329,11.065255835314929,20.417685710695423,0.0,0.0,0.0,0.0,0.0,0.0,0.0,0.0
2026-09-11,EP122026,21,2026-09-11 18:00:00,0 days 18:00:00,18,29.4,-171.81,1000.1,40.0,101.03466858437378,101.03466858437378,13.390020768977593,4.027913884241229,8.623992662724959,0.0,0.0,0.0,0.0,0.0,0.0,0.0,0.0
2026-09-11,EP122026,21,2026-09-12 00:00:00,1 days 00:00:00,24,29.98,-171.56,1006.3,29.6,182.62217875222711,0.0,0.0,0.0,0.0,0.0,0.0,0.0,0.0,0.0,0.0,0.0,0.0
2026-09-11,EP122026,21,2026-09-12 06:00:00,1 days 06:00:00,30,31.35,-171.29,999.7,35.4,63.40970293231196,63.40970293231196,8.248307803450967,0.0,6.366702166438529,0.0,0.0,0.0,0.0,0.0,0.0,0.0,0.0
2026-09-11,EP122026,21,2026-09-12 12:00:00,1 days 12:00:00,36,33.99,-172.13,996.7,36.8,127.23004909145988,321.2027692461592,305.8603520552822,240.48873923934264,263.7351860327028,0.0,0.0,0.0,0.0,0.0,0.0,0.0,0.0
2026-09-11,EP122026,21,2026-09-12 18:00:00,1 days 18:00:00,42,35.31,-172.8,1005.5,24.4,117.64011790746204,0.0,0.0,0.0,0.0,0.0,0.0,0.0,0.0,0.0,0.0,0.0,0.0
2026-09-11,EP142026,21,2026-09-11 00:00:00,0 days 00:00:00,0,16.4,-121.3,1002.0,41.0,74.0,111.0,,,74.0,0.0,0.0,0.0,0.0,0.0,0.0,0.0,0.0
2026-09-11,EP142026,21,2026-09-11 06:00:00,0 days 06:00:00,6,16.54,-122.62,992.8,56.6,31.275652912812475,135.15092049472838,94.56509475215724,62.0070841124883,105.2358100477935,31.275652912812475,0.0,0.0,1.0315564228967613,0.0,0.0,0.0,0.0
2026-09-11,EP142026,21,2026-09-11 12:00:00,0 days 12:00:00,12,16.73,-123.5,988.5,64.1,38.46272834292751,192.54167785992288,156.8585562018609,97.83949435966132,162.12938721157695,38.46272834292751,5.805160064848629,0.0,7.3810631407595935,38.46272834292751,0.0,0.0,0.0
2026-09-11,EP142026,21,2026-09-11 18:00:00,0 days 18:00:00,18,16.56,-124.95,983.8,75.8,36.275046279157614,180.1602737752193,125.21307872691716,73.02300879835553,146.25824381498396,36.275046279157614,10.581452804443726,0.0,15.007553130694738,36.275046279157614,0.0,0.0,0.0
2026-09-11,EP142026,21,2026-09-12 00:00:00,1 days 00:00:00,24,16.41,-125.88,989.2,65.9,41.59120039076733,176.97792081840635,134.5265501923895,101.03312911892688,154.41012695520405,41.59120039076733,24.704840840822715,14.40228530505634,27.774349948409004,41.59120039076733,0.5780998678273943,0.0,1.047755908513912
2026-09-11,EP142026,21,2026-09-12 06:00:00,1 days 06:00:00,30,16.78,-127.17,986.5,70.0,52.0901699414063,179.110203162194,125.14070912309826,85.11181174597066,153.47258800646284,52.0901699414063,24.86925616781292,15.813339795638855,30.452404274198454,52.0901699414063,5.416911234164597,3.716662678755564,6.831561808500085
2026-09-11,EP142026,21,2026-09-12 12:00:00,1 days 12:00:00,36,17.19,-127.92,981.3,72.7,26.30773416938496,191.06616248977335,145.58496064041458,100.95803863883168,174.36868984698813,81.4267105736425,59.03710819499142,40.9295676942978,67.30668094975037,27.888195909559684,22.61276294722507,15.981569329696264,23.35354749787197
2026-09-11,EP142026,21,2026-09-12 18:00:00,1 days 18:00:00,42,17.22,-128.85,961.4,106.8,3.2712481468848864,150.17788152715207,114.26596185325955,82.43029653451163,130.64871217620612,61.65405628656748,42.76251183831647,31.23050881541616,51.34120436028843,35.884480882344405,29.564817165502973,22.317971047511406,31.046900196824424
2026-09-11,EP142026,21,2026-09-13 00:00:00,2 days 00:00:00,48,17.53,-129.83,950.3,111.2,16.560925308165025,148.73276101735905,120.67877869119287,84.63919172385016,133.70726972100564,31.777547701457134,13.217982445073734,8.578999732625057,25.030929667566333,17.23792556219926,12.195083942196334,8.578999732625057,14.859691808152515
2026-09-11,EP142026,21,2026-09-13 06:00:00,2 days 06:00:00,54,17.59,-130.77,958.2,107.1,28.828555232634884,175.5387498973111,124.6516480910152,80.12288546118424,145.87333319042773,76.83442398640605,55.28526341404256,37.77848606562623,62.52213657975315,38.99638287429387,31.39431576816756,23.6896878703762,34.14267091326277
2026-09-11,EP142026,21,2026-09-13 12:00:00,2 days 12:00:00,60,17.92,-131.87,962.7,97.9,7.3141319188646,175.28544449741483,131.7439025113642,85.59704363559625,156.11755463987845,53.29189768825579,28.73473013574716,15.928390982209551,40.89201251061222,23.28217282606044,16.76493364874851,11.277380661429188,20.132523031710495
2026-09-11,EP142026,21,2026-09-13 18:00:00,2 days 18:00:00,66,17.8,-132.69,948.5,121.6,9.267995437247876,137.1000363490952,91.1081335154838,56.72703018070162,121.9108233722855,40.59289568823908,22.075976637396703,15.378308571688049,34.80113156238701,26.756017669286454,19.93684527391199,15.378308571688049,23.93837070923396
2026-09-11,EP142026,21,2026-09-14 00:00:00,3 days 00:00:00,72,17.95,-134.02,959.6,104.8,1.9282595248475405,150.5123401426376,110.52832366055208,78.8283050122942,137.64504931992542,61.04105407982462,38.92971816795113,26.360776904841146,50.390502433902064,30.34673461487081,23.43113091145676,17.410083936819134,26.784341954048408
2026-09-11,EP142026,21,2026-09-14 06:00:00,3 days 06:00:00,78,17.86,-134.9,979.9,77.9,19.58297238633914,151.4436511105305,84.57691546333234,51.611642098379725,132.35665645179645,84.22694113188065,60.44866243047673,41.95467116435174,69.68366118300105,40.28612156004123,32.26578002227619,25.17686537818773,35.3075892417081
2026-09-11,EP142026,21,2026-09-14 12:00:00,3 days 12:00:00,84,17.9,-135.56,987.5,71.0,43.18491822389783,120.7345169934044,88.04093654129075,68.04030719785005,107.18343966630056,60.6952175832267,45.80226494961401,33.29386119660701,51.20926245520184,43.18491822389783,21.28890805337484,15.818745308495515,21.25231195539979
2026-09-11,EP142026,21,2026-09-14 18:00:00,3 days 18:00:00,90,17.82,-137.0,991.6,57.4,24.0293514198979,113.067628525939,89.43347381247924,56.05835115498461,90.57087245274228,24.0293514198979,2.5474730118884965,0.0,2.658485383856867,0.0,0.0,0.0,0.0
2026-09-11,EP142026,21,2026-09-15 00:00:00,4 days 00:00:00,96,17.81,-138.21,996.0,49.4,3.776181604822448,148.0671609410178,114.45285294806725,84.33141545469599,118.12284376394194,0.0,0.0,0.0,0.0,0.0,0.0,0.0,0.0
2026-09-11,EP142026,21,2026-09-15 06:00:00,4 days 06:00:00,102,17.9,-139.53,996.5,45.2,16.92489352072377,61.813326191779446,36.625556061656496,16.490470473107024,46.80334515858834,0.0,0.0,0.0,0.0,0.0,0.0,0.0,0.0
2026-09-11,EP142026,21,2026-09-15 12:00:00,4 days 12:00:00,108,17.92,-140.91,1000.9,41.8,35.55989992557648,37.74157805218144,15.04545712032447,2.0917618064314647,28.30069553837569,0.0,0.0,0.0,0.0,0.0,0.0,0.0,0.0
2026-09-11,EP142026,21,2026-09-15 18:00:00,4 days 18:00:00,114,17.53,-142.2,1003.8,39.4,107.03155937045769,107.03155937045769,11.158047875350684,0.0,13.577571685724877,0.0,0.0,0.0,0.0,0.0,0.0,0.0,0.0
2026-09-11,EP142026,21,2026-09-16 00:00:00,5 days 00:00:00,120,17.45,-143.88,1006.0,29.4,51.24692914501991,0.0,0.0,0.0,0.0,0.0,0.0,0.0,0.0,0.0,0.0,0.0,0.0
2026-09-11,EP142026,21,2026-09-16 06:00:00,5 days 06:00:00,126,16.75,-145.58,1006.4,31.0,39.76680356957685,0.0,0.0,0.0,0.0,0.0,0.0,0.0,0.0,0.0,0.0,0.0,0.0
2026-09-11,EP142026,21,2026-09-16 12:00:00,5 days 12:00:00,132,16.54,-146.03,1000.9,26.9,63.85963759526204,0.0,0.0,0.0,0.0,0.0,0.0,0.0,0.0,0.0,0.0,0.0,0.0
2026-09-11,EP142026,21,2026-09-16 18:00:00,5 days 18:00:00,138,16.31,-147.79,1007.2,23.5,51.81590440113403,0.0,0.0,0.0,0.0,0.0,0.0,0.0,0.0,0.0,0.0,0.0,0.0
2026-09-11,EP142026,21,2026-09-17 00:00:00,6 days 00:00:00,144,16.15,-149.19,1004.6,30.8,42.78814375075893,0.0,0.0,0.0,0.0,0.0,0.0,0.0,0.0,0.0,0.0,0.0,0.0
2026-09-11,EP142026,21,2026-09-17 06:00:00,6 days 06:00:00,150,16.27,-150.66,1005.3,25.0,43.04543594910494,0.0,0.0,0.0,0.0,0.0,0.0,0.0,0.0,0.0,0.0,0.0,0.0
2026-09-11,EP122026,22,2026-09-11 00:00:00,0 days 00:00:00,0,29.0,-169.5,997.0,45.0,148.0,297.0,148.0,,222.0,0.0,0.0,0.0,0.0,0.0,0.0,0.0,0.0
2026-09-11,EP122026,22,2026-09-11 06:00:00,0 days 06:00:00,6,29.01,-170.5,1002.9,41.4,130.32547709380648,130.32547709380648,116.46388399472994,84.49064364720556,102.30939501446105,0.0,0.0,0.0,0.0,0.0,0.0,0.0,0.0
2026-09-11,EP122026,22,2026-09-11 12:00:00,0 days 12:00:00,12,29.13,-172.02,1002.9,29.2,129.61932847818366,0.0,0.0,0.0,0.0,0.0,0.0,0.0,0.0,0.0,0.0,0.0,0.0
2026-09-11,EP122026,22,2026-09-11 18:00:00,0 days 18:00:00,18,29.6,-172.17,1004.2,36.7,211.18120131742492,260.37183636121154,239.5143779786075,190.7551723190616,202.57728424911372,0.0,0.0,0.0,0.0,0.0,0.0,0.0,0.0
2026-09-11,EP122026,22,2026-09-12 00:00:00,1 days 00:00:00,24,31.3,-172.41,1006.4,25.7,173.72399872158744,0.0,0.0,0.0,0.0,0.0,0.0,0.0,0.0,0.0,0.0,0.0,0.0
2026-09-11,EP122026,22,2026-09-12 06:00:00,1 days 06:00:00,30,32.58,-172.08,998.3,44.8,27.164301204945676,27.164301204945676,26.52200123284166,3.320091067154806,12.336733321255394,0.0,0.0,0.0,0.0,0.0,0.0,0.0,0.0
2026-09-11,EP122026,22,2026-09-12 12:00:00,1 days 12:00:00,36,34.42,-173.45,997.1,42.9,44.831687556631,75.97845715378631,50.05359850646035,38.28155804647089,52.64446803537976,0.0,0.0,0.0,0.0,0.0,0.0,0.0,0.0
2026-09-11,EP142026,22,2026-09-11 00:00:00,0 days 00:00:00,0,16.4,-121.3,1002.0,41.0,74.0,111.0,,,74.0,0.0,0.0,0.0,0.0,0.0,0.0,0.0,0.0
2026-09-11,EP142026,22,2026-09-11 06:00:00,0 days 06:00:00,6,16.67,-122.34,990.0,61.6,13.317598470337902,104.36957809642242,69.68205938343498,36.8606744108562,78.24538719769905,13.317598470337902,0.0,0.0,1.9277461507039657,0.0,0.0,0.0,0.0
2026-09-11,EP142026,22,2026-09-11 12:00:00,0 days 12:00:00,12,16.66,-124.0,994.2,50.0,55.120893926908046,116.18317259955742,82.39818119684483,43.820443862859086,91.50059487158944,55.120893926908046,10.151115371349588,5.847375828725919,11.936817398533158,0.0,0.0,0.0,0.0
2026-09-11,EP142026,22,2026-09-11 18:00:00,0 days 18:00:00,18,16.54,-125.16,994.4,53.4,69.20895341601863,168.16546351032957,127.63999233710638,80.83312869049041,133.82241876411808,69.20895341601863,0.0,0.0,1.358102688558006,0.0,0.0,0.0,0.0
2026-09-11,EP142026,22,2026-09-12 00:00:00,1 days 00:00:00,24,16.3,-126.35,987.3,60.6,79.49657649083218,104.6637819361974,80.03770657647524,59.54047765601016,80.29291851810177,79.49657649083218,0.0,0.0,0.4017516864811297,0.0,0.0,0.0,0.0
2026-09-11,EP142026,22,2026-09-12 06:00:00,1 days 06:00:00,30,16.68,-127.25,992.7,56.1,49.279906747807175,123.46993592320092,91.78561468578168,49.73627691836647,100.92913661502902,49.279906747807175,1.9319719586153097,0.0,1.183129637294578,0.0,0.0,0.0,0.0
2026-09-11,EP142026,22,2026-09-12 12:00:00,1 days 12:00:00,36,17.01,-128.58,998.6,46.7,47.576760565328414,123.01453709027624,89.53686365558008,53.85630183122987,96.27933676237468,0.0,0.0,0.0,0.0,0.0,0.0,0.0,0.0
2026-09-11,EP142026,22,2026-09-12 18:00:00,1 days 18:00:00,42,16.86,-130.17,998.6,46.9,84.53525736093343,158.27975050364648,133.29740150182198,94.5354805809178,128.36748962243297,0.0,0.0,0.0,0.0,0.0,0.0,0.0,0.0
2026-09-11,EP142026,22,2026-09-13 00:00:00,2 days 00:00:00,48,17.02,-131.18,1003.6,43.5,119.56383168632787,134.03496499429747,106.87084073296931,76.30985586984673,107.15896532320858,0.0,0.0,0.0,0.0,0.0,0.0,0.0,0.0
2026-09-11,EP142026,22,2026-09-13 06:00:00,2 days 06:00:00,54,17.13,-132.57,1001.3,43.7,60.05113883435544,157.23120873531352,137.38751109903075,103.9547112374346,127.0140178624048,0.0,0.0,0.0,0.0,0.0,0.0,0.0,0.0
2026-09-11,EP142026,22,2026-09-13 12:00:00,2 days 12:00:00,60,17.32,-133.45,997.0,46.5,101.3156012030554,174.07514016585992,150.96781159321426,111.30672047961455,142.75232371462243,0.0,0.0,0.0,0.0,0.0,0.0,0.0,0.0
2026-09-11,EP142026,22,2026-09-13 18:00:00,2 days 18:00:00,66,16.66,-134.5,997.8,41.1,109.81898699195452,109.81898699195452,34.81478757654671,18.631344028755585,38.99202039094165,0.0,0.0,0.0,0.0,0.0,0.0,0.0,0.0
2026-09-11,EP142026,22,2026-09-14 00:00:00,3 days 00:00:00,72,16.69,-135.73,1003.3,32.0,66.54347031680244,0.0,0.0,0.0,0.0,0.0,0.0,0.0,0.0,0.0,0.0,0.0,0.0
2026-09-11,EP142026,22,2026-09-14 06:00:00,3 days 06:00:00,78,17.28,-136.03,1000.3,43.4,47.558975424082455,47.558975424082455,2.302901291912528,0.0,8.544632410471804,0.0,0.0,0.0,0.0,0.0,0.0,0.0,0.0
2026-09-11,EP142026,22,2026-09-14 12:00:00,3 days 12:00:00,84,17.0,-137.74,1002.6,38.8,132.27323951947375,132.27323951947375,51.43591432413528,34.811376202689104,51.73576891158251,0.0,0.0,0.0,0.0,0.0,0.0,0.0,0.0
2026-09-11,EP142026,22,2026-09-14 18:00:00,3 days 18:00:00,90,17.1,-139.02,1002.3,34.9,112.89518158879424,0.0,0.0,0.0,112.89518158879424,0.0,0.0,0.0,0.0,0.0,0.0,0.0,0.0
2026-09-11,EP142026,22,2026-09-15 00:00:00,4 days 00:00:00,96,17.73,-141.55,1004.9,27.8,99.02778864186156,0.0,0.0,0.0,0.0,0.0,0.0,0.0,0.0,0.0,0.0,0.0,0.0
2026-09-11,EP122026,23,2026-09-11 00:00:00,0 days 00:00:00,0,29.0,-169.5,997.0,45.0,148.0,297.0,148.0,,222.0,0.0,0.0,0.0,0.0,0.0,0.0,0.0,0.0
2026-09-11,EP142026,23,2026-09-11 00:00:00,0 days 00:00:00,0,16.4,-121.3,1002.0,41.0,74.0,111.0,,,74.0,0.0,0.0,0.0,0.0,0.0,0.0,0.0,0.0
2026-09-11,EP142026,23,2026-09-11 06:00:00,0 days 06:00:00,6,16.78,-122.53,992.7,65.0,73.44998710602744,119.57489517790708,94.86156014077112,43.66130704305048,76.92718112529587,73.44998710602744,0.0668837302100353,0.0517335505218756,73.44998710602744,0.0,0.0668837302100353,0.0517335505218756,73.44998710602744
2026-09-11,EP142026,23,2026-09-11 12:00:00,0 days 12:00:00,12,16.97,-123.92,996.7,54.8,45.40248410440101,164.36707849267697,126.69466878491248,64.6015918670787,112.5237261594452,45.40248410440101,0.0,0.0,2.314669125343795,0.0,0.0,0.0,0.0
2026-09-11,EP142026,23,2026-09-11 18:00:00,0 days 18:00:00,18,16.92,-125.43,998.3,50.6,40.18621353612884,185.6717834013801,144.9483638723845,99.33367474568028,148.63657009925316,40.18621353612884,0.0,0.0,1.84405325719133,0.0,0.0,0.0,0.0
2026-09-11,EP142026,23,2026-09-12 00:00:00,1 days 00:00:00,24,16.76,-126.67,993.0,50.7,23.68767223362704,136.71153264832037,113.25300156486492,90.46967124538968,123.39199951809678,23.68767223362704,0.0,0.0,0.6712618265206913,0.0,0.0,0.0,0.0
2026-09-11,EP142026,23,2026-09-12 06:00:00,1 days 06:00:00,30,17.0,-127.73,986.4,66.8,34.17385194918481,165.087334591485,104.71215750341928,59.080322366383015,143.54226457666988,38.47534445106592,15.93087061622155,8.791542023979256,34.17385194918481,0.4430317077329464,0.0,0.0,34.17385194918481
2026-09-11,EP142026,23,2026-09-12 12:00:00,1 days 12:00:00,36,17.4,-129.16,986.2,67.2,12.156478783891174,144.7427729871447,100.97657677914007,66.30901290090947,129.57533649976182,65.36334731993921,44.43097913436196,28.896223054598693,50.63241811682377,13.09404667197574,8.727686116660514,6.1691520994339815,10.80951659435695
2026-09-11,EP142026,23,2026-09-12 18:00:00,1 days 18:00:00,42,17.66,-129.99,977.3,79.7,16.81306001173698,107.99477330378886,83.45810874621338,67.95512711684069,93.2883092556267,44.39902598602771,31.58973634418578,22.23237927872458,42.16726616537403,28.46048900079677,23.79001297251648,17.506430546695015,23.111438039909217
2026-09-11,EP142026,23,2026-09-13 00:00:00,2 days 00:00:00,48,17.86,-131.62,976.1,83.4,0.9686986157995392,175.2064606885889,127.14620182801954,87.34796337006354,135.6917583641403,74.90535296572693,56.00524927937734,39.98359591614064,61.91295802136757,43.19390592133957,37.03038646041347,29.4002383515568,36.85687195071319
2026-09-11,EP142026,23,2026-09-13 06:00:00,2 days 06:00:00,54,18.27,-132.84,989.1,62.3,11.383218086244256,180.8211638789587,127.45295885367642,79.72703436030008,166.86609679753025,77.33485362602403,51.26270403711155,32.82186275666285,58.30769703495507,0.0,0.0,0.0,0.0
2026-09-11,EP142026,23,2026-09-13 12:00:00,2 days 12:00:00,60,18.64,-134.07,983.8,63.6,15.346147804414898,150.5096943111721,111.01940794837752,76.16256929040196,138.82986143746575,57.96173180881232,37.507123317073024,22.39037682571862,41.7899223068984,0.0,0.0,0.0,0.0
2026-09-11,EP142026,23,2026-09-13 18:00:00,2 days 18:00:00,66,18.65,-135.16,994.3,60.4,36.90224005708305,128.53754536384048,98.9486980245918,69.59378143396862,99.97504875764288,36.90224005708305,8.487039553729502,2.0834193585845497,12.37786549126853,0.0,0.0,0.0,0.0
2026-09-11,EP142026,23,2026-09-14 00:00:00,3 days 00:00:00,72,18.93,-136.67,992.6,53.8,17.26295785636745,88.93108544105795,72.83887909822178,52.2871102600977,79.15412010181826,27.57759214438239,18.539167340568675,9.268832137225514,21.701234455375616,0.0,0.0,0.0,0.0
2026-09-11,EP142026,23,2026-09-14 06:00:00,3 days 06:00:00,78,19.02,-137.96,996.9,51.9,68.16353173475109,134.41215944690396,88.53103588069588,59.21020472609786,104.93512198194298,68.16353173475109,0.7662989840298753,0.0,1.4203229880828996,0.0,0.0,0.0,0.0
2026-09-11,EP142026,23,2026-09-14 12:00:00,3 days 12:00:00,84,19.22,-139.08,997.6,47.7,47.65919845425696,150.50895184772213,122.09611335984496,103.71006626119627,130.5417746483891,0.0,0.0,0.0,0.0,0.0,0.0,0.0,0.0
2026-09-11,EP142026,23,2026-09-14 18:00:00,3 days 18:00:00,90,19.6,-140.76,1002.7,45.3,56.92912065248368,166.7357952197758,126.93110780105962,79.75703531241038,135.47194421550557,0.0,0.0,0.0,0.0,0.0,0.0,0.0,0.0
2026-09-11,EP142026,23,2026-09-15 00:00:00,4 days 00:00:00,96,19.67,-141.82,1005.1,31.1,67.28007829442085,0.0,0.0,0.0,0.0,0.0,0.0,0.0,0.0,0.0,0.0,0.0,0.0
2026-09-11,EP142026,23,2026-09-15 06:00:00,4 days 06:00:00,102,19.92,-143.31,1004.8,30.3,103.24660544895768,0.0,0.0,0.0,0.0,0.0,0.0,0.0,0.0,0.0,0.0,0.0,0.0
2026-09-11,EP142026,23,2026-09-15 12:00:00,4 days 12:00:00,108,20.05,-144.92,1006.1,33.1,55.91529047736592,0.0,0.0,0.0,0.0,0.0,0.0,0.0,0.0,0.0,0.0,0.0,0.0
2026-09-11,EP142026,23,2026-09-15 18:00:00,4 days 18:00:00,114,20.35,-146.64,1005.6,27.2,106.94635443443671,0.0,0.0,0.0,0.0,0.0,0.0,0.0,0.0,0.0,0.0,0.0,0.0
2026-09-11,EP122026,24,2026-09-11 00:00:00,0 days 00:00:00,0,29.0,-169.5,997.0,45.0,148.0,297.0,148.0,,222.0,0.0,0.0,0.0,0.0,0.0,0.0,0.0,0.0
2026-09-11,EP122026,24,2026-09-11 06:00:00,0 days 06:00:00,6,28.72,-170.77,999.9,39.6,113.84321242023292,0.0,0.0,0.0,113.84321242023292,0.0,0.0,0.0,0.0,0.0,0.0,0.0,0.0
2026-09-11,EP122026,24,2026-09-11 12:00:00,0 days 12:00:00,12,28.9,-171.57,1003.2,29.0,149.56718267496498,0.0,0.0,0.0,0.0,0.0,0.0,0.0,0.0,0.0,0.0,0.0,0.0
2026-09-11,EP122026,24,2026-09-11 18:00:00,0 days 18:00:00,18,29.33,-172.07,998.4,42.2,90.91737536963689,90.91737536963689,0.0,0.0,4.192912341816282,0.0,0.0,0.0,0.0,0.0,0.0,0.0,0.0
2026-09-11,EP122026,24,2026-09-12 00:00:00,1 days 00:00:00,24,30.39,-172.23,1002.3,32.1,42.05011647772345,0.0,0.0,0.0,0.0,0.0,0.0,0.0,0.0,0.0,0.0,0.0,0.0
2026-09-11,EP122026,24,2026-09-12 06:00:00,1 days 06:00:00,30,30.96,-171.63,998.9,37.3,62.27354657049341,21.994410801130016,62.27354657049341,14.836564678729417,17.202130741051633,0.0,0.0,0.0,0.0,0.0,0.0,0.0,0.0
2026-09-11,EP142026,24,2026-09-11 00:00:00,0 days 00:00:00,0,16.4,-121.3,1002.0,41.0,74.0,111.0,,,74.0,0.0,0.0,0.0,0.0,0.0,0.0,0.0,0.0
2026-09-11,EP142026,24,2026-09-11 06:00:00,0 days 06:00:00,6,16.72,-122.3,982.4,69.7,48.01988152021686,248.33792761831344,213.25667701788495,151.6645134262767,209.22019321379415,48.01988152021686,8.235975629293106,4.330743071624774,11.423067200299323,48.01988152021686,0.0,0.0,1.2264860003977431
2026-09-11,EP142026,24,2026-09-11 12:00:00,0 days 12:00:00,12,16.75,-123.82,984.9,66.7,9.789905188924642,201.12272089066408,167.4177631957517,123.76303006601428,170.90743118408892,9.789905188924642,1.3815947548362608,0.0,3.2843829890406235,9.789905188924642,0.0,0.0,0.249877518807672
2026-09-11,EP142026,24,2026-09-11 18:00:00,0 days 18:00:00,18,16.37,-125.32,993.4,57.8,15.961218658998776,149.07245251665412,113.14555368189932,84.40748526289295,124.6196767494869,25.743322111038044,21.945360417848534,17.482733248597427,19.86234834885275,0.0,0.0,0.0,0.0
2026-09-11,EP142026,24,2026-09-12 00:00:00,1 days 00:00:00,24,16.37,-126.18,993.2,60.7,0.0,64.11725247337498,44.699946433653615,17.20103553388572,50.726056347133486,4.217810192826338,1.963587764668116,0.0,2.783243794358568,0.0,0.0,0.0,0.0
2026-09-11,EP142026,24,2026-09-12 06:00:00,1 days 06:00:00,30,16.4,-127.17,994.2,52.2,35.107439939659834,153.44642016652512,123.00386962257834,96.78776597208471,127.140614144216,0.0,0.0077208808881419,0.0,35.107439939659834,0.0,0.0,0.0,0.0
2026-09-11,EP142026,24,2026-09-12 12:00:00,1 days 12:00:00,36,16.83,-127.86,996.0,51.4,52.48272564266215,147.37355958981863,113.50871787492844,88.77599629496052,121.5951029286614,52.48272564266215,0.0088635244542185,0.0,0.0963714927519809,0.0,0.0,0.0,0.0
2026-09-11,EP142026,24,2026-09-12 18:00:00,1 days 18:00:00,42,16.82,-128.84,1001.5,43.1,61.111387811963,183.96016458052293,154.83306386569893,113.91031210919608,153.23143760306905,0.0,0.0,0.0,0.0,0.0,0.0,0.0,0.0
2026-09-11,EP142026,24,2026-09-13 00:00:00,2 days 00:00:00,48,16.86,-129.72,988.6,64.5,19.86106427722399,30.553110995067243,13.424882137755816,2.154411376592037,32.875769101125826,19.86106427722399,0.0,0.0,19.86106427722399,19.86106427722399,0.0,0.0,0.0
2026-09-11,EP142026,24,2026-09-13 06:00:00,2 days 06:00:00,54,17.42,-130.31,991.8,57.9,38.3272713182866,188.1430939163774,165.90090348164242,129.12807675202086,167.44782096657968,38.3272713182866,19.059977197922045,14.799591120314677,19.743967218910417,0.0,0.0,0.0,0.0
2026-09-11,EP142026,24,2026-09-13 12:00:00,2 days 12:00:00,60,17.94,-131.03,985.7,63.0,21.88721955020336,147.5097662046442,121.9070140712098,80.46390704638121,109.67335495721458,55.275438432692525,50.08887762741599,39.94361681940208,44.82048562826968,0.0,0.0,0.0,0.0
2026-09-11,EP142026,24,2026-09-13 18:00:00,2 days 18:00:00,66,18.42,-131.92,981.3,77.1,24.754064060230803,181.98643517785104,141.32093947871044,98.95654772302032,149.55121919265412,84.50468821061577,66.72962737696048,45.09371757624638,68.48321291547381,37.20824500598553,29.405309891592992,21.892099491701455,30.83184688606269
2026-09-11,EP142026,24,2026-09-14 00:00:00,3 days 00:00:00,72,18.5,-132.44,977.3,77.8,6.43696930061434,132.23643335130416,83.57800923992743,43.37313729948343,109.68701630606192,29.42291909896018,17.524123449263833,7.340552053880446,21.702880399008222,8.272647224021798,3.985491918145233,1.3387065831101062,6.206520190511652
2026-09-11,EP142026,24,2026-09-14 06:00:00,3 days 06:00:00,78,18.39,-133.59,979.2,74.2,34.310117726812734,144.80669609850412,100.1336693757839,70.74917679414187,122.95699369991316,46.62427837313935,32.869481126238284,21.07510525513948,38.00990375949424,34.310117726812734,13.529213330066147,8.781113128245032,14.363768377381676
2026-09-11,EP142026,24,2026-09-14 12:00:00,3 days 12:00:00,84,18.49,-134.78,987.3,66.1,10.226302039241538,183.9402071444497,148.79341653179523,114.77871386640244,150.6443261842622,10.226302039241538,0.0,0.2967320465125658,1.2272650922102055,10.226302039241538,0.0,0.0,0.209287011697729
2026-09-11,EP142026,24,2026-09-14 18:00:00,3 days 18:00:00,90,18.32,-135.95,992.7,59.2,51.0357596509046,105.13288597226524,77.12287665439814,56.65002664461056,87.20109962296536,51.0357596509046,0.3489077588385267,0.0,2.5020115489209718,0.0,0.0,0.0,0.0
2026-09-11,EP142026,24,2026-09-15 00:00:00,4 days 00:00:00,96,18.1,-137.52,997.4,43.4,48.636563783110326,48.636563783110326,15.8126336734803,11.051346964527124,29.745782812733736,0.0,0.0,0.0,0.0,0.0,0.0,0.0,0.0
2026-09-11,EP142026,24,2026-09-15 06:00:00,4 days 06:00:00,102,18.24,-138.65,1004.2,34.8,115.44760869264792,115.44760869264792,16.181110585889414,14.11621564298093,22.9407881635506,0.0,0.0,0.0,0.0,0.0,0.0,0.0,0.0
2026-09-11,EP142026,24,2026-09-15 12:00:00,4 days 12:00:00,108,18.12,-139.71,995.8,45.6,54.99819529319878,54.99819529319878,30.41919919158128,19.150229434325944,38.448261321773145,0.0,0.0,0.0,0.0,0.0,0.0,0.0,0.0
2026-09-11,EP142026,24,2026-09-15 18:00:00,4 days 18:00:00,114,17.64,-140.98,1002.3,37.4,125.44134835370144,130.5760304242658,101.34235973669666,84.11892972551604,107.35062395191778,0.0,0.0,0.0,0.0,0.0,0.0,0.0,0.0
2026-09-11,EP142026,24,2026-09-16 00:00:00,5 days 00:00:00,120,17.69,-142.57,1001.7,45.6,94.18554785802536,149.688930840958,120.01232014549468,94.966470374387,120.06829464768192,0.0,0.0,0.0,0.0,0.0,0.0,0.0,0.0
2026-09-11,EP142026,24,2026-09-16 06:00:00,5 days 06:00:00,126,17.27,-143.77,1002.8,37.5,99.7544452958682,99.7544452958682,30.848003560291374,23.75622675575205,23.862140380187185,0.0,0.0,0.0,0.0,0.0,0.0,0.0,0.0
2026-09-11,EP142026,24,2026-09-16 12:00:00,5 days 12:00:00,132,17.22,-145.1,996.6,45.8,97.55966281251628,97.55966281251628,6.804745029672057,0.0,17.20786753541954,0.0,0.0,0.0,0.0,0.0,0.0,0.0,0.0
2026-09-11,EP142026,24,2026-09-16 18:00:00,5 days 18:00:00,138,16.82,-145.78,998.1,36.7,60.773704773543024,9.426824208820964,0.0,0.8587393080071912,60.773704773543024,0.0,0.0,0.0,0.0,0.0,0.0,0.0,0.0
2026-09-11,EP142026,24,2026-09-17 00:00:00,6 days 00:00:00,144,16.7,-147.29,1003.5,33.5,97.0309793421826,0.0,0.0,0.0,0.0,0.0,0.0,0.0,0.0,0.0,0.0,0.0,0.0
2026-09-11,EP142026,24,2026-09-17 06:00:00,6 days 06:00:00,150,16.1,-149.28,1008.8,21.8,138.1806650694394,0.0,0.0,0.0,0.0,0.0,0.0,0.0,0.0,0.0,0.0,0.0,0.0
2026-09-11,EP142026,24,2026-09-17 12:00:00,6 days 12:00:00,156,15.66,-150.16,1002.6,31.0,45.75171712900946,0.0,0.0,0.0,0.0,0.0,0.0,0.0,0.0,0.0,0.0,0.0,0.0
2026-09-11,EP142026,24,2026-09-17 18:00:00,6 days 18:00:00,162,15.12,-151.54,1009.0,26.7,30.373086547282615,0.0,0.0,0.0,0.0,0.0,0.0,0.0,0.0,0.0,0.0,0.0,0.0
2026-09-11,EP122026,25,2026-09-11 00:00:00,0 days 00:00:00,0,29.0,-169.5,997.0,45.0,148.0,297.0,148.0,,222.0,0.0,0.0,0.0,0.0,0.0,0.0,0.0,0.0
2026-09-11,EP122026,25,2026-09-11 06:00:00,0 days 06:00:00,6,28.85,-170.27,1001.4,34.2,142.5996911855079,270.38017375445554,243.32310829703752,202.70193214113493,218.93052924847987,0.0,0.0,0.0,0.0,0.0,0.0,0.0,0.0
2026-09-11,EP122026,25,2026-09-11 12:00:00,0 days 12:00:00,12,28.84,-171.41,1001.7,37.7,84.07151247594234,84.07151247594234,8.574294409232138,7.637549930562356,12.719472242135431,0.0,0.0,0.0,0.0,0.0,0.0,0.0,0.0
2026-09-11,EP122026,25,2026-09-11 18:00:00,0 days 18:00:00,18,29.1,-172.02,1005.0,28.8,186.5784539039659,0.0,0.0,0.0,0.0,0.0,0.0,0.0,0.0,0.0,0.0,0.0,0.0
2026-09-11,EP122026,25,2026-09-12 00:00:00,1 days 00:00:00,24,30.02,-172.08,1001.3,32.4,88.41708065485383,0.0,0.0,0.0,0.0,0.0,0.0,0.0,0.0,0.0,0.0,0.0,0.0
2026-09-11,EP122026,25,2026-09-12 06:00:00,1 days 06:00:00,30,30.63,-172.11,1005.4,27.4,165.86273645349922,0.0,0.0,0.0,0.0,0.0,0.0,0.0,0.0,0.0,0.0,0.0,0.0
2026-09-11,EP122026,25,2026-09-12 12:00:00,1 days 12:00:00,36,31.77,-172.05,1000.9,33.0,185.0648915431325,0.0,0.0,0.0,0.0,0.0,0.0,0.0,0.0,0.0,0.0,0.0,0.0
2026-09-11,EP142026,25,2026-09-11 00:00:00,0 days 00:00:00,0,16.4,-121.3,1002.0,41.0,74.0,111.0,,,74.0,0.0,0.0,0.0,0.0,0.0,0.0,0.0,0.0
2026-09-11,EP142026,25,2026-09-11 06:00:00,0 days 06:00:00,6,16.63,-122.21,993.1,59.1,40.96896248251543,201.88368946815683,155.03011235348507,89.59498218817299,158.6136907079673,40.96896248251543,22.841978252305843,9.800064115395733,24.070194380791296,0.0,0.0,0.0,0.0
2026-09-11,EP142026,25,2026-09-11 12:00:00,0 days 12:00:00,12,16.6,-123.74,992.0,61.5,40.77213577398442,122.01340851906888,93.17118116918073,59.29288484148648,92.03964205343856,40.77213577398442,0.0,0.0,1.778774735773908,0.0,0.0,0.0,0.0
2026-09-11,EP142026,25,2026-09-11 18:00:00,0 days 18:00:00,18,16.73,-124.66,988.2,61.8,30.14173143805371,126.21726789635736,97.84452060499282,59.74949114057796,102.52731852253535,30.14173143805371,3.883488732383984,0.0,6.266094410950595,0.0,0.0,0.0,0.0
2026-09-11,EP142026,25,2026-09-12 00:00:00,1 days 00:00:00,24,16.7,-125.9,990.5,60.6,22.872556785895288,78.95568216678515,48.90852417635461,21.588092465545003,60.10144561500488,22.872556785895288,0.0,0.0,0.9948670400517154,0.0,0.0,0.0,0.0
2026-09-11,EP142026,25,2026-09-12 06:00:00,1 days 06:00:00,30,16.66,-127.15,996.6,51.4,76.9954709870513,165.5034801387901,125.7424590480608,87.0789640562355,130.58275024289816,76.9954709870513,11.021659188744618,4.04028443054692,13.37060413277598,0.0,0.0,0.0,0.0
2026-09-11,EP142026,25,2026-09-12 12:00:00,1 days 12:00:00,36,16.99,-127.94,992.9,55.4,60.33097867896742,132.65542595193045,69.47221303248091,29.90493793767606,101.4660459789012,60.33097867896742,2.2684954038694816,0.0,9.321254025867535,0.0,0.0,0.0,0.0
2026-09-11,EP142026,25,2026-09-12 18:00:00,1 days 18:00:00,42,17.0,-128.7,990.6,54.8,17.38776779160005,160.6424794684744,121.10341813136372,87.76536428187792,130.7097330962617,22.046080462098605,14.686576342627296,5.813733666612189,14.100308748724055,0.0,0.0,0.0,0.0
2026-09-11,EP142026,25,2026-09-13 00:00:00,2 days 00:00:00,48,17.36,-129.97,990.9,56.2,31.881781508711107,164.2357948995059,113.77563570169436,79.82622770744527,131.16942408023272,38.58674669284345,25.68990888138252,14.129640190679208,28.836788565261305,0.0,0.0,0.0,0.0
2026-09-11,EP142026,25,2026-09-13 06:00:00,2 days 06:00:00,54,17.86,-130.96,999.5,41.9,72.2873528291612,72.2873528291612,13.085729665126728,0.0784328603915724,23.44070829989904,0.0,0.0,0.0,0.0,0.0,0.0,0.0,0.0
2026-09-11,EP142026,25,2026-09-13 12:00:00,2 days 12:00:00,60,18.24,-131.78,997.4,46.6,56.82077103777264,56.82077103777264,8.493938189650017,0.0,25.550826543519197,0.0,0.0,0.0,0.0,0.0,0.0,0.0,0.0
2026-09-11,EP142026,25,2026-09-13 18:00:00,2 days 18:00:00,66,18.5,-132.84,997.4,47.4,72.10871567149779,72.10871567149779,17.686731177815368,5.886780352092907,26.20951043978304,0.0,0.0,0.0,0.0,0.0,0.0,0.0,0.0
2026-09-11,EP142026,25,2026-09-14 00:00:00,3 days 00:00:00,72,18.58,-133.64,998.2,43.7,27.447380555226346,57.74548807921292,30.584697303672897,7.496496724821554,41.8023410342289,0.0,0.0,0.0,0.0,0.0,0.0,0.0,0.0
2026-09-11,EP142026,25,2026-09-14 06:00:00,3 days 06:00:00,78,18.3,-135.14,1002.8,34.3,92.37363578247982,92.37363578247982,2.4888192054835496,0.0,3.4259840670927293,0.0,0.0,0.0,0.0,0.0,0.0,0.0,0.0
2026-09-11,EP142026,25,2026-09-14 12:00:00,3 days 12:00:00,84,18.31,-136.8,1005.4,28.5,62.34650600683127,0.0,0.0,0.0,0.0,0.0,0.0,0.0,0.0,0.0,0.0,0.0,0.0
2026-09-11,EP142026,25,2026-09-14 18:00:00,3 days 18:00:00,90,18.31,-138.61,1006.0,26.3,83.66045469788604,0.0,0.0,0.0,0.0,0.0,0.0,0.0,0.0,0.0,0.0,0.0,0.0
2026-09-11,EP142026,25,2026-09-15 00:00:00,4 days 00:00:00,96,18.53,-140.06,1003.1,25.8,73.61451191198759,0.0,0.0,0.0,0.0,0.0,0.0,0.0,0.0,0.0,0.0,0.0,0.0
2026-09-11,EP122026,26,2026-09-11 00:00:00,0 days 00:00:00,0,29.0,-169.5,997.0,45.0,148.0,297.0,148.0,,222.0,0.0,0.0,0.0,0.0,0.0,0.0,0.0,0.0
2026-09-11,EP122026,26,2026-09-11 06:00:00,0 days 06:00:00,6,28.89,-170.61,1002.0,38.1,76.79683459054633,287.12987739773905,271.3815069875511,232.0535165434864,246.10501986439243,0.0,0.0,0.0,0.0,0.0,0.0,0.0,0.0
2026-09-11,EP142026,26,2026-09-11 00:00:00,0 days 00:00:00,0,16.4,-121.3,1002.0,41.0,74.0,111.0,,,74.0,0.0,0.0,0.0,0.0,0.0,0.0,0.0,0.0
2026-09-11,EP142026,26,2026-09-11 06:00:00,0 days 06:00:00,6,16.59,-122.22,994.7,47.5,30.72788235305961,144.32635143971854,115.7131497872902,76.55375953784952,125.30189701395692,0.0,0.0,0.0,0.0,0.0,0.0,0.0,0.0
2026-09-11,EP142026,26,2026-09-11 12:00:00,0 days 12:00:00,12,16.95,-123.49,984.9,65.1,40.2690804885077,144.1390196945404,103.58270462160084,56.286139434533055,112.33979732808386,40.2690804885077,0.1018415563551915,0.0,4.412765470900064,40.2690804885077,0.1018415563551915,0.0,1.1429865652633429
2026-09-11,EP142026,26,2026-09-11 18:00:00,0 days 18:00:00,18,16.87,-124.86,977.7,76.4,15.226164396361156,163.57963206062573,115.81454273133876,69.05630398272294,134.7529930981135,42.98615017454159,28.875787676460547,14.02631177477901,34.57317251166947,15.226164396361156,5.06938223933086,1.3184032674043582,7.849892836987198
2026-09-11,EP142026,26,2026-09-12 00:00:00,1 days 00:00:00,24,16.75,-126.08,989.1,59.5,32.92558923139103,135.228721814919,89.37258563019545,48.156262197896375,112.40848861326326,34.810275261328506,26.055515660312807,15.803778505736082,27.467732265028147,0.0,0.0,0.0,0.0
2026-09-11,EP142026,26,2026-09-12 06:00:00,1 days 06:00:00,30,16.71,-127.28,987.2,57.1,24.006716798440998,64.64565631676817,46.61070034452192,33.29816815140462,53.43774432108538,0.0,0.0,24.006716798440998,0.2852437055433392,0.0,0.0,0.0,0.0
2026-09-11,EP142026,26,2026-09-12 12:00:00,1 days 12:00:00,36,16.72,-128.32,997.7,45.0,60.697310958504026,131.99624330765332,114.71583487218972,86.20240684515232,105.46914825346823,0.0,0.0,0.0,0.0,0.0,0.0,0.0,0.0
2026-09-11,EP142026,26,2026-09-12 18:00:00,1 days 18:00:00,42,16.93,-129.23,999.7,43.9,70.8647939073872,70.8647939073872,38.20120608421158,18.78801601028982,48.73487778415451,0.0,0.0,0.0,0.0,0.0,0.0,0.0,0.0
2026-09-11,EP142026,26,2026-09-13 00:00:00,2 days 00:00:00,48,17.1,-130.65,1003.0,39.4,53.83151256618662,66.25446341253858,52.98776405595768,37.03687099062293,51.18849795664583,0.0,0.0,0.0,0.0,0.0,0.0,0.0,0.0
2026-09-11,EP142026,26,2026-09-13 06:00:00,2 days 06:00:00,54,17.15,-131.65,1002.4,38.7,118.75686357794834,118.75686357794834,5.244491843077569,0.0,12.401210593016652,0.0,0.0,0.0,0.0,0.0,0.0,0.0,0.0
2026-09-11,EP142026,26,2026-09-13 12:00:00,2 days 12:00:00,60,17.71,-132.67,995.7,48.4,44.156629435174274,176.39875073956503,154.14236694378093,109.18491265759911,143.75396004403004,0.0,0.0,0.0,0.0,0.0,0.0,0.0,0.0
2026-09-11,EP142026,26,2026-09-13 18:00:00,2 days 18:00:00,66,17.87,-133.77,996.5,46.5,45.61033799313785,102.53325873820836,86.48434310259799,56.1003873279968,90.24271005127962,0.0,0.0,0.0,0.0,0.0,0.0,0.0,0.0
2026-09-11,EP142026,26,2026-09-14 00:00:00,3 days 00:00:00,72,18.16,-134.77,995.9,44.3,22.516608381995503,85.6922752311898,69.93653473738352,38.160697703253234,64.33975798827161,0.0,0.0,0.0,0.0,0.0,0.0,0.0,0.0
2026-09-11,EP142026,26,2026-09-14 06:00:00,3 days 06:00:00,78,17.91,-136.01,1000.4,39.8,70.71405346916696,150.05645393150962,133.9349828544805,99.63550821070244,122.0840580725828,0.0,0.0,0.0,0.0,0.0,0.0,0.0,0.0
2026-09-11,EP142026,26,2026-09-14 12:00:00,3 days 12:00:00,84,18.08,-137.55,1004.0,32.8,107.09325808920296,0.0,0.0,0.0,0.0,0.0,0.0,0.0,0.0,0.0,0.0,0.0,0.0
2026-09-11,EP142026,26,2026-09-14 18:00:00,3 days 18:00:00,90,18.32,-138.88,1002.9,33.2,132.51554585083932,0.0,0.0,0.0,0.0,0.0,0.0,0.0,0.0,0.0,0.0,0.0,0.0
2026-09-11,EP142026,26,2026-09-15 00:00:00,4 days 00:00:00,96,18.44,-139.88,1005.5,28.8,95.64160302124868,0.0,0.0,0.0,0.0,0.0,0.0,0.0,0.0,0.0,0.0,0.0,0.0
2026-09-11,EP142026,26,2026-09-15 06:00:00,4 days 06:00:00,102,18.49,-141.29,1005.5,26.9,61.701464378631016,0.0,0.0,0.0,0.0,0.0,0.0,0.0,0.0,0.0,0.0,0.0,0.0
2026-09-11,EP142026,26,2026-09-15 12:00:00,4 days 12:00:00,108,18.4,-142.41,1005.1,35.3,65.93294893322152,70.27729694774166,58.56727549727355,39.66708193789347,53.31942170505316,0.0,0.0,0.0,0.0,0.0,0.0,0.0,0.0
2026-09-11,EP142026,26,2026-09-15 18:00:00,4 days 18:00:00,114,18.22,-143.83,1005.1,28.0,82.71647649173099,0.0,0.0,0.0,0.0,0.0,0.0,0.0,0.0,0.0,0.0,0.0,0.0
2026-09-11,EP142026,26,2026-09-16 00:00:00,5 days 00:00:00,120,18.04,-144.47,1006.0,24.2,50.28103878474779,0.0,0.0,0.0,0.0,0.0,0.0,0.0,0.0,0.0,0.0,0.0,0.0
2026-09-11,EP142026,26,2026-09-16 06:00:00,5 days 06:00:00,126,17.19,-145.28,1007.2,29.2,51.002469618760514,0.0,0.0,0.0,0.0,0.0,0.0,0.0,0.0,0.0,0.0,0.0,0.0
2026-09-11,EP142026,26,2026-09-16 12:00:00,5 days 12:00:00,132,16.78,-146.92,1007.1,23.1,45.90833594950231,0.0,0.0,0.0,0.0,0.0,0.0,0.0,0.0,0.0,0.0,0.0,0.0
2026-09-11,EP142026,26,2026-09-16 18:00:00,5 days 18:00:00,138,16.29,-148.12,1005.0,27.4,52.56178652147628,0.0,0.0,0.0,0.0,0.0,0.0,0.0,0.0,0.0,0.0,0.0,0.0
2026-09-11,EP122026,27,2026-09-11 00:00:00,0 days 00:00:00,0,29.0,-169.5,997.0,45.0,148.0,297.0,148.0,,222.0,0.0,0.0,0.0,0.0,0.0,0.0,0.0,0.0
2026-09-11,EP122026,27,2026-09-11 06:00:00,0 days 06:00:00,6,28.84,-170.74,1001.2,34.1,143.43167242135573,143.43167242135573,47.53724660034448,30.41291899875352,52.14141118422927,0.0,0.0,0.0,0.0,0.0,0.0,0.0,0.0
2026-09-11,EP122026,27,2026-09-11 12:00:00,0 days 12:00:00,12,28.88,-171.4,1002.3,30.1,139.8475860365495,0.0,0.0,0.0,0.0,0.0,0.0,0.0,0.0,0.0,0.0,0.0,0.0
2026-09-11,EP122026,27,2026-09-11 18:00:00,0 days 18:00:00,18,29.55,-172.17,1001.9,28.6,80.8369925000163,0.0,0.0,0.0,0.0,0.0,0.0,0.0,0.0,0.0,0.0,0.0,0.0
2026-09-11,EP122026,27,2026-09-12 00:00:00,1 days 00:00:00,24,30.38,-171.56,998.1,33.3,147.50206849379617,0.0,0.0,0.0,0.0,0.0,0.0,0.0,0.0,0.0,0.0,0.0,0.0
2026-09-11,EP122026,27,2026-09-12 06:00:00,1 days 06:00:00,30,31.97,-171.55,1002.8,36.1,51.24233108814143,24.21857316418673,51.24233108814143,11.75883556717826,2.2500286261092057,0.0,0.0,0.0,0.0,0.0,0.0,0.0,0.0
2026-09-11,EP142026,27,2026-09-11 00:00:00,0 days 00:00:00,0,16.4,-121.3,1002.0,41.0,74.0,111.0,,,74.0,0.0,0.0,0.0,0.0,0.0,0.0,0.0,0.0
2026-09-11,EP142026,27,2026-09-11 06:00:00,0 days 06:00:00,6,16.65,-122.64,997.5,45.7,60.99588807374468,60.99588807374468,14.795919375631158,0.0,11.961274589460103,0.0,0.0,0.0,0.0,0.0,0.0,0.0,0.0
2026-09-11,EP142026,27,2026-09-11 12:00:00,0 days 12:00:00,12,16.86,-123.58,995.0,48.8,74.02976632575461,235.00614325743695,183.9082446363132,122.45854597977936,186.5151917637812,0.0,0.0,0.0,0.0,0.0,0.0,0.0,0.0
2026-09-11,EP142026,27,2026-09-11 18:00:00,0 days 18:00:00,18,16.75,-124.79,996.1,48.0,40.28407047782397,146.54585522565105,117.42091534219549,76.74200531229229,121.90650230622006,0.0,0.0,0.0,0.0,0.0,0.0,0.0,0.0
2026-09-11,EP142026,27,2026-09-12 00:00:00,1 days 00:00:00,24,16.49,-126.14,992.3,51.8,65.88644756522929,117.60710910901008,90.14439955659935,61.26725585333992,98.53494541625273,65.88644756522929,0.0,0.0,2.0130144464443696,0.0,0.0,0.0,0.0
2026-09-11,EP142026,27,2026-09-12 06:00:00,1 days 06:00:00,30,16.6,-127.09,996.3,45.9,81.73768031682948,242.2655477831404,201.5119008723059,142.12895484659066,195.33050841219028,0.0,0.0,0.0,0.0,0.0,0.0,0.0,0.0
2026-09-11,EP142026,27,2026-09-12 12:00:00,1 days 12:00:00,36,16.9,-127.82,996.0,51.2,33.83079314683147,76.33667361996172,51.17002442670256,24.688778937268125,61.06938698799695,33.83079314683147,0.0,0.0,0.4144075151198478,0.0,0.0,0.0,0.0
2026-09-11,EP142026,27,2026-09-12 18:00:00,1 days 18:00:00,42,17.18,-129.23,993.2,48.9,70.12589502833977,183.2910504207884,150.97927038012648,102.68356283684577,147.20826228716345,0.0,0.0,0.0,0.0,0.0,0.0,0.0,0.0
2026-09-11,EP142026,27,2026-09-13 00:00:00,2 days 00:00:00,48,17.31,-129.83,984.6,64.7,5.275456477908429,130.88868230890242,90.69563962149265,74.53472550701925,128.83586244498403,77.22346937952682,54.98978306455726,38.08728584932476,63.75616823864951,22.793618352619067,17.648756338061766,12.998503867010966,19.29483976682041
2026-09-11,EP142026,27,2026-09-13 06:00:00,2 days 06:00:00,54,17.55,-131.12,985.9,60.7,3.020413405163371,89.57281079915137,63.7628295421274,50.61650512768484,81.02273309118033,24.926958251274,14.6238877390386,6.870361623594147,19.66398248307039,0.0,0.0,0.0,0.0
2026-09-11,EP142026,27,2026-09-13 12:00:00,2 days 12:00:00,60,17.86,-132.05,991.0,59.9,14.895349106887068,94.28021034760252,65.8660795809376,36.93054468801395,73.14818824025866,33.5509477331928,20.027307614290294,10.105975410393995,23.520720426554615,0.0,0.0,0.0,0.0
2026-09-11,EP142026,27,2026-09-13 18:00:00,2 days 18:00:00,66,18.22,-132.85,992.4,62.9,25.802540092852613,146.1447107327557,121.17930530146336,80.30403438190957,107.88049972788852,25.802540092852613,0.0,0.0,0.0,0.0,0.0,0.0,0.0
2026-09-11,EP142026,27,2026-09-14 00:00:00,3 days 00:00:00,72,18.19,-134.31,993.4,50.9,15.040373593521508,115.14328520264462,90.24380072904025,87.21299887330679,110.0252501795694,15.040373593521508,6.480387756216828,1.3680021571291263,9.39211369619602,0.0,0.0,0.0,0.0
2026-09-11,EP142026,27,2026-09-14 06:00:00,3 days 06:00:00,78,18.18,-135.56,1001.9,41.1,14.682262487786126,8.887591253025661,5.19710945786051,3.69476109889872,18.71028229763727,0.0,0.0,0.0,0.0,0.0,0.0,0.0,0.0
2026-09-11,EP142026,27,2026-09-14 12:00:00,3 days 12:00:00,84,18.52,-136.72,1000.2,50.4,48.1058384534652,132.13640149587616,108.92273464074108,64.70310607364512,99.41262346893976,48.1058384534652,0.0,0.0,0.4382268987597477,0.0,0.0,0.0,0.0
2026-09-11,EP142026,27,2026-09-14 18:00:00,3 days 18:00:00,90,18.38,-138.21,998.6,42.1,58.38010098751744,179.47781064769617,148.31397310247382,95.95010315918132,139.3066885108799,0.0,0.0,0.0,0.0,0.0,0.0,0.0,0.0
2026-09-11,EP142026,27,2026-09-15 00:00:00,4 days 00:00:00,96,18.7,-139.3,1001.1,41.6,113.85981621650213,185.3780668844173,149.0823519175799,104.799247992718,149.40085503977184,0.0,0.0,0.0,0.0,0.0,0.0,0.0,0.0
2026-09-11,EP142026,27,2026-09-15 06:00:00,4 days 06:00:00,102,18.57,-140.98,1004.1,45.2,107.78792170421912,116.7538894513208,90.5473097006253,44.09327702514099,90.0457582860081,0.0,0.0,0.0,0.0,0.0,0.0,0.0,0.0
2026-09-11,EP142026,27,2026-09-15 12:00:00,4 days 12:00:00,108,18.48,-142.15,1006.0,33.6,123.1713215323293,0.0,0.0,0.0,0.0,0.0,0.0,0.0,0.0,0.0,0.0,0.0,0.0
2026-09-11,EP142026,27,2026-09-15 18:00:00,4 days 18:00:00,114,18.36,-143.36,1005.5,29.1,83.35396325932976,0.0,0.0,0.0,0.0,0.0,0.0,0.0,0.0,0.0,0.0,0.0,0.0
2026-09-11,EP142026,27,2026-09-16 00:00:00,5 days 00:00:00,120,18.23,-144.73,1004.6,29.4,84.33967362351723,0.0,0.0,0.0,0.0,0.0,0.0,0.0,0.0,0.0,0.0,0.0,0.0
2026-09-11,EP142026,27,2026-09-16 06:00:00,5 days 06:00:00,126,17.96,-146.29,1003.2,33.4,73.5002433196684,0.0,0.0,0.0,0.0,0.0,0.0,0.0,0.0,0.0,0.0,0.0,0.0
2026-09-11,EP142026,27,2026-09-16 12:00:00,5 days 12:00:00,132,17.83,-147.7,1005.6,28.6,104.47808181292012,0.0,0.0,0.0,0.0,0.0,0.0,0.0,0.0,0.0,0.0,0.0,0.0
2026-09-11,EP142026,27,2026-09-16 18:00:00,5 days 18:00:00,138,17.55,-149.77,1005.0,32.6,119.41689927115912,0.0,0.0,0.0,0.0,0.0,0.0,0.0,0.0,0.0,0.0,0.0,0.0
2026-09-11,EP122026,28,2026-09-11 00:00:00,0 days 00:00:00,0,29.0,-169.5,997.0,45.0,148.0,297.0,148.0,,222.0,0.0,0.0,0.0,0.0,0.0,0.0,0.0,0.0
2026-09-11,EP142026,28,2026-09-11 00:00:00,0 days 00:00:00,0,16.4,-121.3,1002.0,41.0,74.0,111.0,,,74.0,0.0,0.0,0.0,0.0,0.0,0.0,0.0,0.0
2026-09-11,EP142026,28,2026-09-11 06:00:00,0 days 06:00:00,6,16.52,-122.24,990.4,55.8,28.369018754066246,185.2891119693052,153.78287090205447,89.83299186099367,148.35634503072254,28.369018754066246,3.872898621428329,0.0,5.603126748950933,0.0,0.0,0.0,0.0
2026-09-11,EP142026,28,2026-09-11 12:00:00,0 days 12:00:00,12,16.54,-123.46,985.6,60.3,47.40962896635077,129.2912255957708,91.08935290670978,58.322279630694,102.68443479123005,47.40962896635077,0.0,0.0,2.328015701549156,0.0,0.0,0.0,0.0
2026-09-11,EP142026,28,2026-09-11 18:00:00,0 days 18:00:00,18,16.48,-124.76,979.8,75.9,0.2569302929996624,167.4128183372874,118.77469343447808,86.51396323513684,132.99101234958647,6.213197296944567,1.5314107366377652,0.0,3.5379090149167043,0.3434682522951062,0.0,0.0,0.15378364548764
2026-09-11,EP142026,28,2026-09-12 00:00:00,1 days 00:00:00,24,16.54,-125.64,983.5,70.4,6.650214981674132,111.880065719435,69.28370303765145,39.08820259871051,98.4988701007683,33.7300433016613,22.087975466502733,10.438135113269349,26.76448713462849,11.28197818586778,6.7030972364183805,3.0054395633736948,8.01478427550697
2026-09-11,EP142026,28,2026-09-12 06:00:00,1 days 06:00:00,30,16.52,-127.06,991.6,63.8,10.378155170436465,30.157075272435204,20.33186080026048,10.367142971765908,18.50877227321108,2.8692174146641687,0.0,0.0,10.378155170436465,0.0,0.0,0.0,0.0
2026-09-11,EP142026,28,2026-09-12 12:00:00,1 days 12:00:00,36,16.83,-127.98,987.4,63.3,14.186661724109229,165.20231402305492,132.25506583934805,96.37992903730968,138.72681804801738,27.80190140938941,21.34447802901792,17.13932351293724,22.35977876950794,0.0,0.0,0.0,0.0
2026-09-11,EP142026,28,2026-09-12 18:00:00,1 days 18:00:00,42,17.09,-128.62,986.9,62.8,21.646970398832465,130.87521629931325,97.63157477148528,55.83901523552869,105.3686105495141,74.7697181194334,62.77843695788937,48.379124497531016,59.925828887782274,0.0,0.0,0.0,0.0
2026-09-11,EP142026,28,2026-09-13 00:00:00,2 days 00:00:00,48,17.07,-129.6,979.5,82.1,11.094730625388376,20.330408984307983,7.62156812271798,5.25049763569808,23.007756361462548,11.094730625388376,0.0,0.0,11.094730625388376,11.094730625388376,0.0,0.0,0.0
2026-09-11,EP142026,28,2026-09-13 06:00:00,2 days 06:00:00,54,17.55,-130.45,996.9,50.6,44.5991929220638,155.3595492975106,134.4585858079838,100.06478935018598,135.97351745142132,44.5991929220638,32.694463094078905,27.36395264545179,31.284514643074896,0.0,0.0,0.0,0.0
2026-09-11,EP142026,28,2026-09-13 12:00:00,2 days 12:00:00,60,18.01,-131.47,988.4,58.4,3.826895062405384,144.6167485307817,113.71178676975546,73.86926592145852,122.11685910501188,27.703864390240327,21.22718066816951,16.26406291371381,22.65796787904817,0.0,0.0,0.0,0.0
2026-09-11,EP142026,28,2026-09-13 18:00:00,2 days 18:00:00,66,18.12,-132.66,966.7,91.6,17.444834857532406,123.87898433400488,82.07469861535802,65.32812167191469,108.0424672225357,4.557242344985462,0.0,0.0,17.444834857532406,1.123397538295995,0.0,0.0,17.444834857532406
2026-09-11,EP142026,28,2026-09-14 00:00:00,3 days 00:00:00,72,18.22,-133.52,968.2,95.0,22.842267604137,162.78331198452136,104.33584886140432,77.52330706532807,152.3288748269406,71.68567786002062,56.35251422657703,46.241147960348,65.20093459668166,36.84766772496238,30.83736435902962,25.303563166232472,32.53791799312621
2026-09-11,EP142026,28,2026-09-14 06:00:00,3 days 06:00:00,78,18.17,-134.26,969.4,86.7,5.269259467776635,74.29032193372794,53.64135647928737,16.93580891494971,66.23865241289182,13.708511820498924,3.4587447569568024,0.0469071943938033,12.221397984513498,6.10569862246742,1.044494729104891,0.0,3.7836843926009673
2026-09-11,EP142026,28,2026-09-14 12:00:00,3 days 12:00:00,84,18.13,-135.09,974.0,85.5,22.65175570539529,112.5601030651898,71.32336089771422,44.94371055903204,99.14028350559256,22.65175570539529,4.293316215556308,1.0909401983256517,12.508460710069317,22.65175570539529,1.9050047297099124,0.4136400305692007,4.968056083639631
2026-09-11,EP142026,28,2026-09-14 18:00:00,3 days 18:00:00,90,18.19,-136.23,972.3,95.3,36.84110701445047,119.95949478088824,74.26868247304628,37.75480439158128,98.63121130920943,55.601153663755895,32.37927679095708,22.14634672580973,47.44219771905091,36.84110701445047,17.916349829764727,12.74031374221903,22.761700846661935
2026-09-11,EP142026,28,2026-09-15 00:00:00,4 days 00:00:00,96,18.32,-137.85,986.1,66.5,30.982209765528825,131.1322334921833,86.23448282573281,62.43924061575823,108.93855043990142,55.28434112265515,40.17891400648522,25.16043823326221,43.950692467397865,30.982209765528825,16.629658583201305,10.862298061438093,17.414556079319393
2026-09-11,EP142026,28,2026-09-15 06:00:00,4 days 06:00:00,102,18.0,-138.49,987.8,61.9,12.472728698137985,108.25271854838944,90.71984147011496,54.85066866211578,90.51296434559691,12.472728698137985,0.0,0.0,1.9189867133758085,0.0,0.0,0.0,0.0
2026-09-11,EP142026,28,2026-09-15 12:00:00,4 days 12:00:00,108,17.54,-139.76,996.3,53.4,33.49656064286279,143.34807023985076,103.798174776839,80.1642228100061,122.64440616633873,33.49656064286279,0.0,0.0,0.4838049062328009,0.0,0.0,0.0,0.0
2026-09-11,EP142026,28,2026-09-15 18:00:00,4 days 18:00:00,114,17.2,-140.69,1000.3,40.3,37.89308342497357,86.93024787819432,57.90015769274388,45.81795907720851,72.20359936834794,0.0,0.0,0.0,0.0,0.0,0.0,0.0,0.0
2026-09-11,EP142026,28,2026-09-16 00:00:00,5 days 00:00:00,120,16.85,-142.42,998.9,42.0,97.9827619284846,97.9827619284846,5.28036899140497,0.0,12.96932094752745,0.0,0.0,0.0,0.0,0.0,0.0,0.0,0.0
2026-09-11,EP142026,28,2026-09-16 06:00:00,5 days 06:00:00,126,16.44,-143.51,998.6,41.9,85.84071001398931,85.84071001398931,31.777429702440536,27.40097447102432,34.56460996061186,0.0,0.0,0.0,0.0,0.0,0.0,0.0,0.0
2026-09-11,EP142026,28,2026-09-16 12:00:00,5 days 12:00:00,132,16.25,-144.78,1001.0,43.6,57.24813941883561,122.07200451521344,90.49677052828416,64.27792303936035,97.7861913876845,0.0,0.0,0.0,0.0,0.0,0.0,0.0,0.0
2026-09-11,EP142026,28,2026-09-16 18:00:00,5 days 18:00:00,138,15.72,-145.89,1004.3,37.0,56.52947938934765,56.52947938934765,15.575189365121862,9.708880191560596,19.82009186785192,0.0,0.0,0.0,0.0,0.0,0.0,0.0,0.0
2026-09-11,EP142026,28,2026-09-17 00:00:00,6 days 00:00:00,144,15.6,-147.15,1003.5,31.8,66.29942727514383,0.0,0.0,0.0,0.0,0.0,0.0,0.0,0.0,0.0,0.0,0.0,0.0
2026-09-11,EP142026,28,2026-09-17 06:00:00,6 days 06:00:00,150,15.7,-148.35,1004.5,23.7,92.87846445441626,0.0,0.0,0.0,0.0,0.0,0.0,0.0,0.0,0.0,0.0,0.0,0.0
2026-09-11,EP142026,28,2026-09-17 12:00:00,6 days 12:00:00,156,15.55,-149.3,1004.4,24.9,52.50520745715451,0.0,0.0,0.0,0.0,0.0,0.0,0.0,0.0,0.0,0.0,0.0,0.0
2026-09-11,EP142026,28,2026-09-17 18:00:00,6 days 18:00:00,162,15.15,-150.1,1007.0,18.2,147.12525048737157,0.0,0.0,0.0,0.0,0.0,0.0,0.0,0.0,0.0,0.0,0.0,0.0
2026-09-11,EP122026,29,2026-09-11 00:00:00,0 days 00:00:00,0,29.0,-169.5,997.0,45.0,148.0,297.0,148.0,,222.0,0.0,0.0,0.0,0.0,0.0,0.0,0.0,0.0
2026-09-11,EP122026,29,2026-09-11 06:00:00,0 days 06:00:00,6,28.93,-170.44,999.7,35.8,113.7865642383576,113.7865642383576,4.818382724940143,2.352947703797149,5.269321451738236,0.0,0.0,0.0,0.0,0.0,0.0,0.0,0.0
2026-09-11,EP122026,29,2026-09-11 12:00:00,0 days 12:00:00,12,29.06,-171.3,1000.7,34.0,99.34344238508004,132.96137863295257,111.24382692680264,81.14823448772518,103.35259480633296,0.0,0.0,0.0,0.0,0.0,0.0,0.0,0.0
2026-09-11,EP122026,29,2026-09-11 18:00:00,0 days 18:00:00,18,29.23,-172.21,1002.3,29.9,123.29210977157024,0.0,0.0,0.0,0.0,0.0,0.0,0.0,0.0,0.0,0.0,0.0,0.0
2026-09-11,EP122026,29,2026-09-12 00:00:00,1 days 00:00:00,24,29.84,-172.15,1002.3,30.6,124.32111716534564,0.0,0.0,0.0,0.0,0.0,0.0,0.0,0.0,0.0,0.0,0.0,0.0
2026-09-11,EP122026,29,2026-09-12 06:00:00,1 days 06:00:00,30,30.12,-171.96,1002.4,28.9,95.34253975520596,0.0,0.0,0.0,0.0,0.0,0.0,0.0,0.0,0.0,0.0,0.0,0.0
2026-09-11,EP142026,29,2026-09-11 00:00:00,0 days 00:00:00,0,16.4,-121.3,1002.0,41.0,74.0,111.0,,,74.0,0.0,0.0,0.0,0.0,0.0,0.0,0.0,0.0
2026-09-11,EP142026,29,2026-09-11 06:00:00,0 days 06:00:00,6,16.7,-122.54,997.3,50.1,40.43418452561218,100.6031790288962,53.28672160676888,17.06463866695003,66.8425671515688,40.43418452561218,0.0,0.0,0.1151189512374912,0.0,0.0,0.0,0.0
2026-09-11,EP142026,29,2026-09-11 12:00:00,0 days 12:00:00,12,16.82,-123.46,986.0,68.6,10.442593342667188,199.0403371949112,159.27062420636406,113.1524670151708,170.27030883358304,60.11736483428734,44.80233476394527,27.83084976984449,46.620279587818416,12.052090467646089,8.997854307521841,5.650398066126889,9.68733115771778
2026-09-11,EP142026,29,2026-09-11 18:00:00,0 days 18:00:00,18,16.93,-124.99,984.9,60.2,21.21720206104908,134.7661851041378,86.83646231273617,52.25446012927439,98.72208275252228,21.21720206104908,0.6310507204247644,0.0,5.059392147596239,0.0,0.0,0.0,0.0
2026-09-11,EP142026,29,2026-09-12 00:00:00,1 days 00:00:00,24,16.89,-126.15,983.3,71.3,9.591570752602696,78.50501867667384,43.930216823534536,28.67964595707573,60.454034007256126,9.591570752602696,0.213715859381671,0.0,0.2923173200739752,9.591570752602696,0.213715859381671,0.0,0.2923173200739752
2026-09-11,EP142026,29,2026-09-12 06:00:00,1 days 06:00:00,30,17.54,-127.28,990.3,56.4,52.08777996913554,207.91983935401248,147.8480023853988,96.75781519973091,162.8018745560525,52.08777996913554,6.866172481359406,0.0,11.921651035170353,0.0,0.0,0.0,0.0
2026-09-11,EP142026,29,2026-09-12 12:00:00,1 days 12:00:00,36,17.3,-128.37,985.7,67.6,28.024539922607765,195.31366780248476,144.25819238461588,106.8702425739572,169.30758369220985,59.7902687490983,42.42059790621573,26.36631857149425,46.986520167387766,28.024539922607765,7.541958693096895,4.4967141268122965,8.622566832715075
2026-09-11,EP142026,29,2026-09-12 18:00:00,1 days 18:00:00,42,17.56,-129.72,988.5,61.8,11.07611734990138,145.20226202147842,104.03638986507576,81.87235289297689,134.86091632862917,52.00830228756348,37.51662110742177,24.59038056204733,42.82363488788104,0.0,0.0,0.0,0.0
2026-09-11,EP142026,29,2026-09-13 00:00:00,2 days 00:00:00,48,17.63,-130.7,982.4,70.1,11.38848024211172,145.39763548321628,116.3899045149065,85.85315463545263,124.45794822513253,45.10469153494394,34.654947056448485,21.562087091032005,34.56848211699012,11.978178322805114,9.314902595651136,6.687654842912454,10.32649584013154
2026-09-11,EP142026,29,2026-09-13 06:00:00,2 days 06:00:00,54,17.57,-132.04,993.6,55.6,87.15872208134695,149.337373143427,108.4187746959747,78.7514636539548,111.57575739518856,87.15872208134695,0.0,0.0,3.63007080805903,0.0,0.0,0.0,0.0
2026-09-11,EP142026,29,2026-09-13 12:00:00,2 days 12:00:00,60,17.99,-132.82,996.5,49.8,46.043027827248594,159.7219544391815,125.22946499511372,79.49569138374312,131.38509690856534,0.0,0.0,0.0,0.0,0.0,0.0,0.0,0.0
2026-09-11,EP142026,29,2026-09-13 18:00:00,2 days 18:00:00,66,18.37,-134.23,997.1,43.1,85.12557551222865,109.37715082076306,74.91982682487775,50.00719632065635,85.06868712572725,0.0,0.0,0.0,0.0,0.0,0.0,0.0,0.0
2026-09-11,EP142026,29,2026-09-14 00:00:00,3 days 00:00:00,72,18.57,-135.03,999.2,41.7,69.71742819438748,290.4136423705668,233.43745165809327,194.77030616390857,238.88129246146215,0.0,0.0,0.0,0.0,0.0,0.0,0.0,0.0
2026-09-11,EP142026,29,2026-09-14 06:00:00,3 days 06:00:00,78,18.53,-136.44,999.9,42.4,65.04256602157382,67.43412273348673,46.02055575422669,19.114469863971976,48.077035515404106,0.0,0.0,0.0,0.0,0.0,0.0,0.0,0.0
2026-09-11,EP142026,29,2026-09-14 12:00:00,3 days 12:00:00,84,18.67,-137.64,1000.4,41.1,54.93540818369272,149.23324649069542,109.49075068713046,71.10017051029641,111.7650632087058,0.0,0.0,0.0,0.0,0.0,0.0,0.0,0.0
2026-09-11,EP142026,29,2026-09-14 18:00:00,3 days 18:00:00,90,18.72,-138.74,1000.4,44.4,42.28085353735745,92.73865138727888,66.48398673787875,52.24242356689209,78.82805176179207,0.0,0.0,0.0,0.0,0.0,0.0,0.0,0.0
2026-09-11,EP142026,29,2026-09-15 00:00:00,4 days 00:00:00,96,19.24,-140.33,1000.2,40.1,87.12555631231761,87.12555631231761,44.829073276194606,32.672537342477135,49.48691061557105,0.0,0.0,0.0,0.0,0.0,0.0,0.0,0.0
2026-09-11,EP142026,29,2026-09-15 06:00:00,4 days 06:00:00,102,19.68,-141.31,1003.4,31.5,52.27417532228371,0.0,0.0,0.0,0.0,0.0,0.0,0.0,0.0,0.0,0.0,0.0,0.0
2026-09-11,EP142026,29,2026-09-15 12:00:00,4 days 12:00:00,108,19.44,-142.64,1003.1,27.3,75.08967329143599,0.0,0.0,0.0,0.0,0.0,0.0,0.0,0.0,0.0,0.0,0.0,0.0
2026-09-11,EP142026,29,2026-09-15 18:00:00,4 days 18:00:00,114,19.62,-143.94,1004.8,32.7,57.44957145666205,0.0,0.0,0.0,0.0,0.0,0.0,0.0,0.0,0.0,0.0,0.0,0.0
2026-09-11,EP142026,29,2026-09-16 00:00:00,5 days 00:00:00,120,19.22,-145.51,1008.9,24.8,105.80841457250128,0.0,0.0,0.0,0.0,0.0,0.0,0.0,0.0,0.0,0.0,0.0,0.0
2026-09-11,EP142026,29,2026-09-16 06:00:00,5 days 06:00:00,126,19.08,-147.15,1007.3,28.7,82.52927599802558,0.0,0.0,0.0,0.0,0.0,0.0,0.0,0.0,0.0,0.0,0.0,0.0
2026-09-11,EP142026,29,2026-09-16 12:00:00,5 days 12:00:00,132,19.13,-148.96,1006.8,26.3,86.32481797235675,0.0,0.0,0.0,0.0,0.0,0.0,0.0,0.0,0.0,0.0,0.0,0.0
2026-09-11,EP142026,29,2026-09-16 18:00:00,5 days 18:00:00,138,18.8,-150.35,1006.7,23.9,89.98153310475574,0.0,0.0,0.0,0.0,0.0,0.0,0.0,0.0,0.0,0.0,0.0,0.0
2026-09-11,EP142026,29,2026-09-17 00:00:00,6 days 00:00:00,144,18.48,-152.06,1007.0,22.0,95.05886393050848,0.0,0.0,0.0,0.0,0.0,0.0,0.0,0.0,0.0,0.0,0.0,0.0
2026-09-11,EP142026,29,2026-09-17 06:00:00,6 days 06:00:00,150,17.9,-153.42,1008.5,20.1,82.81526425160494,0.0,0.0,0.0,0.0,0.0,0.0,0.0,0.0,0.0,0.0,0.0,0.0
2026-09-11,EP122026,3,2026-09-11 00:00:00,0 days 00:00:00,0,29.0,-169.5,997.0,45.0,148.0,297.0,148.0,,222.0,0.0,0.0,0.0,0.0,0.0,0.0,0.0,0.0
2026-09-11,EP122026,3,2026-09-11 06:00:00,0 days 06:00:00,6,28.75,-170.79,998.0,41.2,177.47325043722344,402.4453756301909,353.0670318867884,286.62634614528434,349.6454268633769,0.0,0.0,0.0,0.0,0.0,0.0,0.0,0.0
2026-09-11,EP122026,3,2026-09-11 12:00:00,0 days 12:00:00,12,28.8,-171.58,1002.1,35.9,97.47248553168748,97.47248553168748,18.981565772987786,7.787600488041596,20.97206493530355,0.0,0.0,0.0,0.0,0.0,0.0,0.0,0.0
2026-09-11,EP122026,3,2026-09-11 18:00:00,0 days 18:00:00,18,28.97,-172.15,1005.0,31.4,105.17524370964344,0.0,0.0,0.0,0.0,0.0,0.0,0.0,0.0,0.0,0.0,0.0,0.0
2026-09-11,EP122026,3,2026-09-12 00:00:00,1 days 00:00:00,24,30.4,-172.17,1000.8,35.0,194.9477129171445,194.9477129171445,150.85844888173256,101.616466468798,140.4210630226912,0.0,0.0,0.0,0.0,0.0,0.0,0.0,0.0
2026-09-11,EP122026,3,2026-09-12 06:00:00,1 days 06:00:00,30,32.1,-171.31,1002.3,36.9,126.603307330283,3.1194992011050147,126.603307330283,0.0,0.0,0.0,0.0,0.0,0.0,0.0,0.0,0.0,0.0
2026-09-11,EP122026,3,2026-09-12 12:00:00,1 days 12:00:00,36,32.36,-171.71,1001.6,41.5,78.82098228560005,152.03222276801012,116.17231192464668,64.67386358071877,110.0975162965202,0.0,0.0,0.0,0.0,0.0,0.0,0.0,0.0
2026-09-11,EP122026,3,2026-09-12 18:00:00,1 days 18:00:00,42,34.34,-172.79,994.6,47.3,204.9354330495752,284.8126784850526,247.2351534447083,190.60463187116733,229.99348867113287,0.0,0.0,0.0,0.0,0.0,0.0,0.0,0.0
2026-09-11,EP122026,3,2026-09-13 00:00:00,2 days 00:00:00,48,34.43,-174.55,1001.4,36.6,56.6184230244551,1.2109793441288057,0.0,5.732558027055543,56.6184230244551,0.0,0.0,0.0,0.0,0.0,0.0,0.0,0.0
2026-09-11,EP142026,3,2026-09-11 00:00:00,0 days 00:00:00,0,16.4,-121.3,1002.0,41.0,74.0,111.0,,,74.0,0.0,0.0,0.0,0.0,0.0,0.0,0.0,0.0
2026-09-11,EP142026,3,2026-09-11 06:00:00,0 days 06:00:00,6,16.67,-122.56,997.9,49.4,42.50742921077296,42.50742921077296,20.909679284641697,4.406428451429548,17.277826939376098,0.0,0.0,0.0,0.0,0.0,0.0,0.0,0.0
2026-09-11,EP142026,3,2026-09-11 12:00:00,0 days 12:00:00,12,16.81,-123.84,994.4,58.9,27.292941113835525,141.4420784242015,105.60177763742035,59.79931500083683,119.37630967993596,27.292941113835525,2.374376092787827,0.0,9.371435142335264,0.0,0.0,0.0,0.0
2026-09-11,EP142026,3,2026-09-11 18:00:00,0 days 18:00:00,18,16.77,-124.95,993.6,63.2,47.45363305760121,121.83050922098757,86.40756457823309,47.626967972191935,85.74149475054219,47.45363305760121,1.158235347805653,0.0,1.9462392719679065,0.0,0.0,0.0,0.0
2026-09-11,EP142026,3,2026-09-12 00:00:00,1 days 00:00:00,24,17.14,-125.9,976.8,81.0,0.0,117.09688984907189,75.25111241152162,61.11970183800853,106.9218644451891,59.46532585745692,43.92094766170791,33.613716247261976,53.53908765957901,27.360473215885804,22.870582071911784,17.454349839486007,23.33576358784421
2026-09-11,EP142026,3,2026-09-12 06:00:00,1 days 06:00:00,30,17.44,-127.33,977.7,72.4,27.812622944443035,241.53571961688823,185.9860129155228,125.6477693806644,205.95127468396572,28.50378267994678,12.158724029921522,5.569034995128502,18.86337409586977,27.812622944443035,0.0,0.0,0.0
2026-09-11,EP142026,3,2026-09-12 12:00:00,1 days 12:00:00,36,17.38,-128.09,983.7,77.2,8.081337151815191,134.73521007981256,85.75506679483014,58.46917005048366,137.60129608902625,67.34071627895023,42.3496785776505,29.035281404187774,55.04797042232052,23.01457093441753,16.923845791961448,12.231888436385749,19.573615286549074
2026-09-11,EP142026,3,2026-09-12 18:00:00,1 days 18:00:00,42,17.63,-129.32,956.3,107.3,12.012863863197444,136.00709675868063,93.66405683824206,70.55646299016806,109.17959974504076,46.9276512405998,32.29012570417818,21.14273836481403,39.27596020968127,18.82180076560683,14.106443444833916,10.731381605719353,16.070618659784643
2026-09-11,EP142026,3,2026-09-13 00:00:00,2 days 00:00:00,48,17.88,-130.45,988.9,64.3,27.980232147480123,153.30476716151634,98.96658085540508,61.844026639407474,139.98117999849836,78.18122479956781,54.05100304318617,36.955303635700986,60.423665638323456,27.980232147480123,13.696027598695974,9.70715866530266,15.682114652501522
2026-09-11,EP142026,3,2026-09-13 06:00:00,2 days 06:00:00,54,17.77,-131.39,978.4,71.7,15.300293226938251,143.6469181971093,108.55327558747136,68.31681957383145,134.55076754520184,76.44733866421547,52.53096816040997,38.66564385910549,65.14193368696414,32.18468825580845,26.6876081013516,19.699013626404152,27.415817088000843
2026-09-11,EP142026,3,2026-09-13 12:00:00,2 days 12:00:00,60,18.02,-132.64,990.8,66.7,27.94262123720268,143.4643336133749,97.95025978913878,52.69412412259163,126.8347577330442,63.88996373983837,42.84186959665541,26.504227546009737,51.57213667006274,27.94262123720268,8.619945081254981,6.2232364334363,12.107175827212842
2026-09-11,EP142026,3,2026-09-13 18:00:00,2 days 18:00:00,66,18.4,-133.8,974.2,84.4,0.0,122.2688424168546,88.63763056374955,54.249563852281646,115.14762273101776,30.913318176210318,16.049336457880102,8.758581871986877,23.59023982148978,5.7022294726770015,2.4150728446032383,1.2752752725403005,4.4658545578490285
2026-09-11,EP142026,3,2026-09-14 00:00:00,3 days 00:00:00,72,18.32,-134.87,986.7,64.5,27.197391702869133,115.31531333384804,88.05940122536269,59.193443595104334,92.37647285246057,27.197391702869133,3.3625781387103526,0.826693865519827,27.197391702869133,0.0719613431657544,0.0,0.0,27.197391702869133
2026-09-11,EP142026,3,2026-09-14 06:00:00,3 days 06:00:00,78,18.17,-135.9,996.9,53.0,64.329737523007,215.5767411901064,149.75955718327015,99.40722719978592,187.99032081721228,81.49242147248765,54.66545511173121,35.98345357248452,56.8340859649087,0.0,0.0,0.0,0.0
2026-09-11,EP142026,3,2026-09-14 12:00:00,3 days 12:00:00,84,18.12,-136.97,1002.9,47.3,57.19107206365756,99.08976635552382,70.55427182608292,55.54911121356277,89.59752469188626,0.0,0.0,0.0,0.0,0.0,0.0,0.0,0.0
2026-09-11,EP142026,3,2026-09-14 18:00:00,3 days 18:00:00,90,18.06,-138.36,999.7,41.7,49.05503006376533,49.05503006376533,18.181128830679327,1.3089920220161089,27.713157817888657,0.0,0.0,0.0,0.0,0.0,0.0,0.0,0.0
2026-09-11,EP142026,3,2026-09-15 00:00:00,4 days 00:00:00,96,18.08,-139.64,999.8,40.5,53.21765251919744,65.39487901840477,46.924566780241214,33.07515531331778,60.21106860204419,0.0,0.0,0.0,0.0,0.0,0.0,0.0,0.0
2026-09-11,EP142026,3,2026-09-15 06:00:00,4 days 06:00:00,102,18.05,-140.98,1002.8,37.0,169.92859843051858,229.3624510389158,183.21481059158532,126.68738291589506,188.6230939792962,0.0,0.0,0.0,0.0,0.0,0.0,0.0,0.0
2026-09-11,EP142026,3,2026-09-15 12:00:00,4 days 12:00:00,108,18.19,-142.25,999.1,39.5,62.42468428904323,75.94875285369564,63.91921828433617,39.70592490276466,59.70649268249392,0.0,0.0,0.0,0.0,0.0,0.0,0.0,0.0
2026-09-11,EP122026,30,2026-09-11 00:00:00,0 days 00:00:00,0,29.0,-169.5,997.0,45.0,148.0,297.0,148.0,,222.0,0.0,0.0,0.0,0.0,0.0,0.0,0.0,0.0
2026-09-11,EP122026,30,2026-09-11 06:00:00,0 days 06:00:00,6,28.86,-170.63,1001.1,32.2,57.0614201504618,0.0,0.0,0.0,0.0,0.0,0.0,0.0,0.0,0.0,0.0,0.0,0.0
2026-09-11,EP122026,30,2026-09-11 12:00:00,0 days 12:00:00,12,29.03,-172.24,1003.5,32.7,120.87070873655466,0.0,0.0,0.0,0.0,0.0,0.0,0.0,0.0,0.0,0.0,0.0,0.0
2026-09-11,EP122026,30,2026-09-11 18:00:00,0 days 18:00:00,18,30.04,-172.06,1001.9,37.0,65.79043856418933,103.5495796282612,92.21233200743352,65.3888243720878,80.13476920876283,0.0,0.0,0.0,0.0,0.0,0.0,0.0,0.0
2026-09-11,EP122026,30,2026-09-12 00:00:00,1 days 00:00:00,24,30.45,-171.81,1002.7,38.9,181.4597443283021,181.4597443283021,88.64238005233908,64.71177100951323,73.60255792624315,0.0,0.0,0.0,0.0,0.0,0.0,0.0,0.0
2026-09-11,EP122026,30,2026-09-12 06:00:00,1 days 06:00:00,30,32.27,-171.56,994.5,43.4,138.61314309309697,139.12885066381966,143.85339237339485,117.34869252486476,112.20383587219963,0.0,0.0,0.0,0.0,0.0,0.0,0.0,0.0
2026-09-11,EP122026,30,2026-09-12 12:00:00,1 days 12:00:00,36,33.62,-173.12,990.8,54.5,112.89416846383251,149.73518826882454,124.35914276956623,87.31746524398672,121.90880680996892,112.89416846383251,28.232564811741124,17.32019149952404,28.89918324892329,0.0,0.0,0.0,0.0
2026-09-11,EP122026,30,2026-09-12 18:00:00,1 days 18:00:00,42,34.89,-174.34,988.7,51.7,48.37578735049212,255.43989851882,238.9901627668621,199.5174925787221,217.1864730653988,0.0,0.0,0.0,48.37578735049212,0.0,0.0,0.0,0.0
2026-09-11,EP122026,30,2026-09-13 00:00:00,2 days 00:00:00,48,35.5,-176.12,996.3,40.6,78.71137099923976,232.8215597456831,207.7719739692548,182.9182358055623,198.7254371959898,0.0,0.0,0.0,0.0,0.0,0.0,0.0,0.0
2026-09-11,EP122026,30,2026-09-13 06:00:00,2 days 06:00:00,54,35.33,-177.42,998.2,36.4,167.80861685945837,167.80861685945837,73.05744800302479,74.98628532420628,89.9424787522353,0.0,0.0,0.0,0.0,0.0,0.0,0.0,0.0
2026-09-11,EP122026,30,2026-09-13 12:00:00,2 days 12:00:00,60,34.66,-177.79,998.9,35.6,63.67798209680228,72.88920746502158,62.99038726618359,51.43663219225237,64.92834704730294,0.0,0.0,0.0,0.0,0.0,0.0,0.0,0.0
2026-09-11,EP122026,30,2026-09-13 18:00:00,2 days 18:00:00,66,34.24,-178.31,1000.6,31.2,125.93522302509028,0.0,0.0,0.0,0.0,0.0,0.0,0.0,0.0,0.0,0.0,0.0,0.0
2026-09-11,EP122026,30,2026-09-14 00:00:00,3 days 00:00:00,72,33.9,-178.6,1001.1,27.3,77.16079620879918,0.0,0.0,0.0,0.0,0.0,0.0,0.0,0.0,0.0,0.0,0.0,0.0
2026-09-11,EP122026,30,2026-09-14 06:00:00,3 days 06:00:00,78,32.96,-178.36,1004.7,24.0,139.29969671519154,0.0,0.0,0.0,0.0,0.0,0.0,0.0,0.0,0.0,0.0,0.0,0.0
2026-09-11,EP142026,30,2026-09-11 00:00:00,0 days 00:00:00,0,16.4,-121.3,1002.0,41.0,74.0,111.0,,,74.0,0.0,0.0,0.0,0.0,0.0,0.0,0.0,0.0
2026-09-11,EP142026,30,2026-09-11 06:00:00,0 days 06:00:00,6,16.63,-122.24,991.7,53.3,20.41033182738151,106.10256095999848,79.24085969845815,46.651903857074544,94.44153995148817,20.41033182738151,0.0,0.0,0.0,0.0,0.0,0.0,0.0
2026-09-11,EP142026,30,2026-09-11 12:00:00,0 days 12:00:00,12,16.69,-123.57,987.4,64.0,46.13392653644052,121.84805638834364,91.78327521354667,61.01498541712196,98.79363640242131,46.13392653644052,0.0,0.0,0.0,0.0,0.0,0.0,0.0
2026-09-11,EP142026,30,2026-09-11 18:00:00,0 days 18:00:00,18,16.68,-124.74,985.3,65.1,34.20755206984741,90.79997022872443,53.505238966944674,15.28070728041571,71.41460312906881,0.2685371521923587,34.20755206984741,0.0,0.2897666789299185,0.2685371521923587,34.20755206984741,0.0,0.2897666789299185
2026-09-11,EP142026,30,2026-09-12 00:00:00,1 days 00:00:00,24,16.73,-126.06,993.6,52.7,46.797427853721445,121.84761680950464,88.41046870931552,57.06394965062253,99.63518032587956,46.797427853721445,5.856441243781909,2.042956344181306,7.836970253466937,0.0,0.0,0.0,0.0
2026-09-11,EP142026,30,2026-09-12 06:00:00,1 days 06:00:00,30,16.97,-127.21,986.4,65.4,18.05727164163204,148.59701970069383,98.29042404436112,69.14483796198763,118.68917576589274,75.25820756798099,61.16984514583698,44.07534867963672,63.64124697522653,23.438835326586272,18.6882834764695,13.599436592485535,19.283444822626578
2026-09-11,EP142026,30,2026-09-12 12:00:00,1 days 12:00:00,36,16.8,-128.11,990.9,59.7,15.398456017669105,128.20101952575567,80.85909546201208,53.53044454824868,102.95531731241874,68.4774748401145,55.26440783378968,42.430002301158254,57.00621404629794,0.0,0.0,0.0,0.0
2026-09-11,EP142026,30,2026-09-12 18:00:00,1 days 18:00:00,42,16.97,-128.82,997.3,53.4,24.80498823396661,127.30739835735692,84.35418746137029,55.31020934115193,105.31728038697204,24.80498823396661,16.534826908969595,6.939668296841965,18.35011430028308,0.0,0.0,0.0,0.0
2026-09-11,EP142026,30,2026-09-13 00:00:00,2 days 00:00:00,48,17.13,-129.67,996.4,47.3,24.409379605217737,109.5457420416392,74.32771698078204,39.739247544735576,87.58654288330854,0.0,0.0,0.0,0.0,0.0,0.0,0.0,0.0
2026-09-11,EP142026,30,2026-09-13 06:00:00,2 days 06:00:00,54,17.48,-130.75,993.4,59.9,30.78715330669506,77.46485353229363,40.76114910567989,21.977166870132223,66.03535191252834,30.78715330669506,17.03231278481247,10.878018840572944,19.0732707415276,0.0,0.0,0.0,0.0
2026-09-11,EP142026,30,2026-09-13 12:00:00,2 days 12:00:00,60,17.9,-131.47,994.2,60.7,24.01190632476292,161.94782399742564,129.4910107660544,80.73115844362172,131.0905724922941,45.57120573385973,36.64085219698214,22.641913461618188,35.5641752013441,0.0,0.0,0.0,0.0
2026-09-11,EP142026,30,2026-09-13 18:00:00,2 days 18:00:00,66,18.37,-132.16,973.3,87.1,15.702277294067692,146.4170552698631,110.65830962746884,62.34817761566378,114.80202383397544,78.48568198922344,62.26720687164796,42.68409088017728,64.84632118301869,34.19675814378799,28.030905398646222,20.86886610764167,28.828098660193223
2026-09-11,EP142026,30,2026-09-14 00:00:00,3 days 00:00:00,72,18.63,-133.12,967.1,92.0,16.210540303208973,157.2725588116432,128.36450016684103,71.57518951219004,140.86063496411816,72.63069609725221,54.231360719120175,37.6266040201474,61.46761767516659,38.5760458911858,31.67365083049458,24.178558031387524,33.18116685497864
2026-09-11,EP142026,30,2026-09-14 06:00:00,3 days 06:00:00,78,18.79,-133.86,969.8,88.9,28.710729152576008,134.8088626801854,91.4569384528252,64.31982724551929,121.28896773302222,54.39701500142108,40.121140029860925,27.566994775905904,44.866895696673176,28.710729152576008,19.426354717190183,13.966314351060811,21.57255876006769
2026-09-11,EP142026,30,2026-09-14 12:00:00,3 days 12:00:00,84,18.72,-134.79,973.7,87.8,34.9292674311553,158.4054184249405,110.89837575696924,65.76444292920317,130.96953223423856,78.03670443965753,58.102513409798135,40.37055702263495,66.71892942425126,37.94016892285399,30.456013253501624,22.76161228781703,32.36277919709967
2026-09-11,EP142026,30,2026-09-14 18:00:00,3 days 18:00:00,90,19.01,-135.86,962.6,88.0,19.69768803173701,183.35210241466493,148.79315037937542,115.0260121814989,168.1620079220919,19.69768803173701,6.652286522060249,0.723174163426541,19.69768803173701,2.146566315578766,0.2173950303269186,0.2161520146646047,19.69768803173701
2026-09-11,EP142026,30,2026-09-15 00:00:00,4 days 00:00:00,96,19.4,-136.68,975.5,80.6,19.77355920001216,170.59284677769986,125.66370088532318,73.2365180876105,154.1661667504172,49.62780811036604,31.090575624023888,19.3184952060366,39.48757683841258,19.77355920001216,7.66761391077836,4.733891140812049,11.384147711891895
2026-09-11,EP142026,30,2026-09-15 06:00:00,4 days 06:00:00,102,19.31,-137.24,979.6,83.4,20.01372713364439,116.40241959080086,78.7530344514791,41.46617042929375,120.79167995347694,71.68000104400012,53.73186375769762,36.83124373954249,61.31474818371014,30.40519031738568,23.719373107563364,16.437506467595384,25.267230741457396
2026-09-11,EP142026,30,2026-09-15 12:00:00,4 days 12:00:00,108,19.21,-138.38,985.8,72.2,35.584748609949884,130.5030710584444,88.73606029530362,55.4744671957032,105.74935939342808,35.584748609949884,12.512827155436344,8.118090177192988,35.584748609949884,2.7723816284924165,0.442067880311737,0.0,35.584748609949884
2026-09-11,EP142026,30,2026-09-15 18:00:00,4 days 18:00:00,114,19.04,-138.91,981.3,68.5,27.872658944962225,80.21466217282318,73.92182573996467,66.00676830358414,88.97928000454183,10.697116724442855,3.070448043300898,1.164795906707775,27.872658944962225,0.9959710011919074,0.0,0.0,27.872658944962225
2026-09-11,EP142026,30,2026-09-16 00:00:00,5 days 00:00:00,120,18.6,-140.03,972.7,68.4,45.97088069387868,107.08545920793416,81.73621196614847,81.37516743487404,113.51472292800236,51.1360241280746,40.39456545665571,33.948173002218674,46.99951616029922,9.997416350196856,7.919470694397548,5.8222954538617735,45.97088069387868
2026-09-11,EP142026,30,2026-09-16 06:00:00,5 days 06:00:00,126,18.35,-141.26,998.2,43.3,58.5348587564651,94.64516936505734,83.77086754354556,58.5285223592837,86.35661003241205,0.0,0.0,0.0,0.0,0.0,0.0,0.0,0.0
2026-09-11,EP142026,30,2026-09-16 12:00:00,5 days 12:00:00,132,17.75,-142.66,996.0,39.9,61.61759282512366,229.42995228096845,195.5381988217904,157.46466393039643,197.99222756339316,0.0,0.0,0.0,0.0,0.0,0.0,0.0,0.0
2026-09-11,EP142026,30,2026-09-16 18:00:00,5 days 18:00:00,138,17.3,-144.03,998.7,40.2,77.14882758331419,77.14882758331419,44.90971994904072,29.09804696902292,49.579602102005765,0.0,0.0,0.0,0.0,0.0,0.0,0.0,0.0
2026-09-11,EP142026,30,2026-09-17 00:00:00,6 days 00:00:00,144,16.41,-145.26,1002.1,32.7,104.43485564673804,0.0,0.0,0.0,0.0,0.0,0.0,0.0,0.0,0.0,0.0,0.0,0.0
2026-09-11,EP142026,30,2026-09-17 06:00:00,6 days 06:00:00,150,16.29,-145.87,1003.4,37.3,115.03155715228242,115.03155715228242,2.7633866024660243,0.0,0.4092005924032591,0.0,0.0,0.0,0.0,0.0,0.0,0.0,0.0
2026-09-11,EP142026,30,2026-09-17 12:00:00,6 days 12:00:00,156,15.77,-147.65,1000.6,38.7,46.3670722229602,74.75822076171232,59.57314577753553,43.2727936224599,62.38155679957974,0.0,0.0,0.0,0.0,0.0,0.0,0.0,0.0
2026-09-11,EP142026,30,2026-09-17 18:00:00,6 days 18:00:00,162,15.76,-148.7,999.9,39.2,63.40430885556368,63.40430885556368,9.36484079668147,0.0,14.992533907669642,0.0,0.0,0.0,0.0,0.0,0.0,0.0,0.0
2026-09-11,EP142026,30,2026-09-18 00:00:00,7 days 00:00:00,168,16.03,-149.22,995.6,36.4,49.662358886210185,49.662358886210185,3.152632032070976,0.0,6.176203311390642,0.0,0.0,0.0,0.0,0.0,0.0,0.0,0.0
2026-09-11,EP142026,30,2026-09-18 06:00:00,7 days 06:00:00,174,15.75,-150.04,1001.9,34.3,69.87799148864383,69.87799148864383,12.90260416420179,0.0,17.21125543050823,0.0,0.0,0.0,0.0,0.0,0.0,0.0,0.0
2026-09-11,EP122026,31,2026-09-11 00:00:00,0 days 00:00:00,0,29.0,-169.5,997.0,45.0,148.0,297.0,148.0,,222.0,0.0,0.0,0.0,0.0,0.0,0.0,0.0,0.0
2026-09-11,EP122026,31,2026-09-11 06:00:00,0 days 06:00:00,6,29.12,-170.47,997.2,37.7,95.54964227430813,127.39714050468106,91.84581549944028,59.9852361271959,106.65411371452682,0.0,0.0,0.0,0.0,0.0,0.0,0.0,0.0
2026-09-11,EP122026,31,2026-09-11 12:00:00,0 days 12:00:00,12,29.07,-171.79,1001.9,36.2,95.05334430105044,95.05334430105044,0.2252120945640143,0.0,1.957260249814297,0.0,0.0,0.0,0.0,0.0,0.0,0.0,0.0
2026-09-11,EP122026,31,2026-09-11 18:00:00,0 days 18:00:00,18,29.41,-172.39,1002.7,31.3,98.94177256799144,0.0,0.0,0.0,0.0,0.0,0.0,0.0,0.0,0.0,0.0,0.0,0.0
2026-09-11,EP122026,31,2026-09-12 00:00:00,1 days 00:00:00,24,29.64,-172.43,1003.0,34.9,92.80444496238192,92.80444496238192,0.0,0.0,0.0,0.0,0.0,0.0,0.0,0.0,0.0,0.0,0.0
2026-09-11,EP122026,31,2026-09-12 06:00:00,1 days 06:00:00,30,30.49,-172.25,998.3,34.7,209.2158463942149,323.51678358582103,287.98343740285867,211.48688498188,264.94709743904593,0.0,0.0,0.0,0.0,0.0,0.0,0.0,0.0
2026-09-11,EP142026,31,2026-09-11 00:00:00,0 days 00:00:00,0,16.4,-121.3,1002.0,41.0,74.0,111.0,,,74.0,0.0,0.0,0.0,0.0,0.0,0.0,0.0,0.0
2026-09-11,EP142026,31,2026-09-11 06:00:00,0 days 06:00:00,6,16.58,-122.76,998.9,53.0,49.57470163212225,49.57470163212225,49.57470163212225,3.076907225687457,26.38706112526369,0.0,49.57470163212225,0.0084184497436767,0.0,0.0,0.0,0.0,0.0
2026-09-11,EP142026,31,2026-09-11 12:00:00,0 days 12:00:00,12,16.55,-123.94,993.8,50.9,64.002436899864,184.242964939224,142.51089979575508,77.66458943725559,134.44975916731772,64.002436899864,0.0,0.0,0.0,0.0,0.0,0.0,0.0
2026-09-11,EP142026,31,2026-09-11 18:00:00,0 days 18:00:00,18,16.7,-125.14,996.7,50.3,36.34488837512117,166.24718024330434,118.68191655505996,80.40799802670836,130.18783474611348,36.34488837512117,0.0,0.0,0.3426727404756917,0.0,0.0,0.0,0.0
2026-09-11,EP142026,31,2026-09-12 00:00:00,1 days 00:00:00,24,16.59,-126.29,989.5,60.3,41.028037165819455,144.0702145795341,116.93343718365634,83.05736583733758,117.98302176617614,41.028037165819455,0.0,0.0,0.8964674153280541,0.0,0.0,0.0,0.0
2026-09-11,EP142026,31,2026-09-12 06:00:00,1 days 06:00:00,30,16.65,-127.45,996.3,52.5,37.02657855009731,94.4199904319965,69.9379353646708,43.76946248720037,77.53502008197292,37.02657855009731,4.514523644723269,0.5826055557871914,6.344981723680316,0.0,0.0,0.0,0.0
2026-09-11,EP142026,31,2026-09-12 12:00:00,1 days 12:00:00,36,17.03,-128.19,997.1,47.9,33.42402631240619,33.42402631240619,15.809978126304363,5.091048684456684,22.490670076292588,0.0,0.0,0.0,0.0,0.0,0.0,0.0,0.0
2026-09-11,EP142026,31,2026-09-12 18:00:00,1 days 18:00:00,42,17.49,-129.19,996.3,50.2,56.0604693742174,159.20445894518983,104.06441566730572,61.0569157284736,127.0490287820532,56.0604693742174,0.0,0.0,2.019350331074511,0.0,0.0,0.0,0.0
2026-09-11,EP142026,31,2026-09-13 00:00:00,2 days 00:00:00,48,17.54,-130.06,988.4,56.2,22.9713307287132,125.57191519366296,91.6045779012988,73.89215256186776,107.28559410765232,0.301114926042854,0.0,0.0,22.9713307287132,0.0,0.0,0.0,0.0
2026-09-11,EP142026,31,2026-09-13 06:00:00,2 days 06:00:00,54,17.81,-131.22,995.7,54.9,52.087466187383576,148.8973730598211,115.8865216120009,68.95174853802848,116.25506281809702,52.087466187383576,13.504364967309844,5.270378687555131,15.505737042990267,0.0,0.0,0.0,0.0
2026-09-11,EP142026,31,2026-09-13 12:00:00,2 days 12:00:00,60,18.06,-132.3,991.2,57.5,40.147345117037474,62.76150440824413,43.12168891296962,30.698275639681057,53.46597919994118,40.147345117037474,0.0,0.0,0.0,0.0,0.0,0.0,0.0
2026-09-11,EP142026,31,2026-09-13 18:00:00,2 days 18:00:00,66,18.41,-133.57,991.0,59.0,17.290640992953712,124.97655103185484,85.24335254996276,53.81090125870208,108.65183751695736,56.95389224783423,36.36884579351576,23.64270305997056,42.67121049336916,0.0,0.0,0.0,0.0
2026-09-11,EP142026,31,2026-09-14 00:00:00,3 days 00:00:00,72,18.44,-134.8,985.9,68.7,21.62047189224553,131.10305604654317,103.53659596152004,70.04632735921092,113.41483362833924,51.764983615688216,36.18655456055015,20.278512498896763,41.655765083856565,21.62047189224553,8.551437917076534,5.151936596406583,9.26264866926988
2026-09-11,EP142026,31,2026-09-14 06:00:00,3 days 06:00:00,78,18.39,-135.54,983.2,69.0,16.734304295122918,131.6617409009309,94.9009221686796,62.77570586811529,117.3322849071616,70.13362969948932,50.08570648761834,35.42299801780185,59.45941416920338,19.66088712505885,15.720654496202917,10.593465760104316,16.485707690009736
2026-09-11,EP142026,31,2026-09-14 12:00:00,3 days 12:00:00,84,18.25,-136.92,994.4,51.3,49.69676756384576,128.29748779976674,92.06569783801262,60.19036524717711,101.7965641821625,49.69676756384576,6.291407650903149,0.8440551829009473,10.34574740211147,0.0,0.0,0.0,0.0
2026-09-11,EP142026,31,2026-09-14 18:00:00,3 days 18:00:00,90,18.38,-138.4,999.8,46.8,53.56138032508632,124.79279206374495,87.77242737564228,53.6711900983845,102.25691668015526,0.0,0.0,0.0,0.0,0.0,0.0,0.0,0.0
2026-09-11,EP142026,31,2026-09-15 00:00:00,4 days 00:00:00,96,18.56,-140.2,1003.5,39.6,40.925913141511,90.25354463494944,69.18059844345473,41.97717986700754,75.00781780082393,0.0,0.0,0.0,0.0,0.0,0.0,0.0,0.0
2026-09-11,EP142026,31,2026-09-15 06:00:00,4 days 06:00:00,102,18.84,-141.7,1004.3,31.4,78.35982143224601,0.0,0.0,0.0,0.0,0.0,0.0,0.0,0.0,0.0,0.0,0.0,0.0
2026-09-11,EP142026,31,2026-09-15 12:00:00,4 days 12:00:00,108,19.08,-142.74,1003.6,37.3,55.1875809430829,55.1875809430829,0.0,0.0,2.798371742702363,0.0,0.0,0.0,0.0,0.0,0.0,0.0,0.0
2026-09-11,EP142026,31,2026-09-15 18:00:00,4 days 18:00:00,114,18.93,-143.86,1006.7,37.5,78.40441021183918,78.40441021183918,40.61060778040376,25.452544834345023,45.69045611330749,0.0,0.0,0.0,0.0,0.0,0.0,0.0,0.0
2026-09-11,EP142026,31,2026-09-16 00:00:00,5 days 00:00:00,120,18.63,-144.79,1002.5,38.2,134.87767733264332,204.93513271090785,163.05844202700808,121.98894560277054,179.0430062627071,0.0,0.0,0.0,0.0,0.0,0.0,0.0,0.0
2026-09-11,EP142026,31,2026-09-16 06:00:00,5 days 06:00:00,126,17.8,-147.56,1006.9,24.1,142.16681064018206,0.0,0.0,0.0,0.0,0.0,0.0,0.0,0.0,0.0,0.0,0.0,0.0
2026-09-11,EP142026,31,2026-09-16 12:00:00,5 days 12:00:00,132,17.82,-148.42,1005.7,31.4,88.65596174492538,0.0,0.0,0.0,0.0,0.0,0.0,0.0,0.0,0.0,0.0,0.0,0.0
2026-09-11,EP142026,31,2026-09-16 18:00:00,5 days 18:00:00,138,17.53,-149.89,1008.4,29.8,134.70529502030251,0.0,0.0,0.0,0.0,0.0,0.0,0.0,0.0,0.0,0.0,0.0,0.0
2026-09-11,EP142026,31,2026-09-17 00:00:00,6 days 00:00:00,144,17.71,-150.94,1003.6,29.1,101.49280381046522,0.0,0.0,0.0,0.0,0.0,0.0,0.0,0.0,0.0,0.0,0.0,0.0
2026-09-11,EP122026,32,2026-09-11 00:00:00,0 days 00:00:00,0,29.0,-169.5,997.0,45.0,148.0,297.0,148.0,,222.0,0.0,0.0,0.0,0.0,0.0,0.0,0.0,0.0
2026-09-11,EP122026,32,2026-09-11 06:00:00,0 days 06:00:00,6,29.0,-170.69,998.1,32.6,68.18364639959668,0.0,0.0,0.0,0.0,0.0,0.0,0.0,0.0,0.0,0.0,0.0,0.0
2026-09-11,EP122026,32,2026-09-11 12:00:00,0 days 12:00:00,12,28.96,-171.3,1002.1,29.8,73.72858095908214,0.0,0.0,0.0,0.0,0.0,0.0,0.0,0.0,0.0,0.0,0.0,0.0
2026-09-11,EP142026,32,2026-09-11 00:00:00,0 days 00:00:00,0,16.4,-121.3,1002.0,41.0,74.0,111.0,,,74.0,0.0,0.0,0.0,0.0,0.0,0.0,0.0,0.0
2026-09-11,EP142026,32,2026-09-11 06:00:00,0 days 06:00:00,6,16.7,-122.52,995.9,49.3,21.835961851483518,130.86436261727897,97.57798850320876,58.63264532784638,102.05857661271152,0.0,0.0,0.0,0.0,0.0,0.0,0.0,0.0
2026-09-11,EP142026,32,2026-09-11 12:00:00,0 days 12:00:00,12,16.84,-123.42,992.7,60.6,50.13929673239171,158.14273597043106,109.85954857625572,58.31404234656944,124.82911427212112,50.13929673239171,10.359241488421336,0.0,13.454101904111813,0.0,0.0,0.0,0.0
2026-09-11,EP142026,32,2026-09-11 18:00:00,0 days 18:00:00,18,16.82,-124.7,979.4,74.5,16.94520929588538,158.95625441888683,122.31169842233002,75.11098455177877,137.13506910490082,24.572944986950738,15.204062400288905,10.722216219037657,20.13811386898434,16.94520929588538,0.3879143235240823,0.0228909764792453,2.0092728027540145
2026-09-11,EP142026,32,2026-09-12 00:00:00,1 days 00:00:00,24,16.98,-125.77,982.4,72.1,18.558268096871267,101.2242315121796,69.74265553926479,44.08563096806728,88.90287622324786,23.121985890160783,16.398269076450617,10.362849056334522,16.89053573456711,18.558268096871267,0.0,0.0,1.0493973917112025
2026-09-11,EP142026,32,2026-09-12 06:00:00,1 days 06:00:00,30,17.27,-126.69,979.4,76.8,17.001112734502943,108.16445738018174,65.30457058004374,33.612129120322884,85.86739147848871,21.51925628803016,10.480588355736352,6.866243968763636,18.94228615511679,17.001112734502943,0.0,0.0,1.2682094080124473
2026-09-11,EP142026,32,2026-09-12 12:00:00,1 days 12:00:00,36,17.28,-127.85,977.4,73.2,21.688325676422156,112.59354879134249,82.61711859110096,58.82394105420566,97.71685900826698,21.688325676422156,3.8746189198169496,1.457427490732286,6.77925698183509,21.688325676422156,0.0,0.0,0.3524936661830962
2026-09-11,EP142026,32,2026-09-12 18:00:00,1 days 18:00:00,42,17.3,-128.52,978.9,75.4,2.627548479091857,155.5306567576323,116.44591818783437,104.80990951533433,143.8338922204782,65.92812953012435,53.2221972598724,40.41728182889052,57.67149237711914,30.333233058652027,25.131645194458685,18.54275883430585,24.97022113535928
2026-09-11,EP142026,32,2026-09-13 00:00:00,2 days 00:00:00,48,17.63,-129.34,972.2,88.9,18.73549029200531,154.04558992199657,123.78266987184676,84.253056995377,136.28196163761243,75.52933837471873,60.94833877253134,45.11277362864689,61.44810734187252,35.58066398569078,29.89914838791813,23.41312046392792,30.50041730184981
2026-09-11,EP142026,32,2026-09-13 06:00:00,2 days 06:00:00,54,17.68,-130.1,971.0,91.9,14.085163434468356,159.8143420684206,128.168517933,112.70141148546476,150.94065634623172,77.75273801601497,64.35464478338785,52.79929451136591,69.44277469821644,40.40232837984176,34.0589717233296,27.54231910481653,34.360654474972016
2026-09-11,EP142026,32,2026-09-13 12:00:00,2 days 12:00:00,60,18.19,-131.13,965.1,92.9,16.636792705649768,163.0264690690746,124.48140467723572,108.14791743275607,149.99675980624076,70.72954982141304,54.83886287341585,38.772902960949416,62.8669101799948,37.08740100441588,28.23748487014785,22.2040095394481,31.23383368468056
2026-09-11,EP142026,32,2026-09-13 18:00:00,2 days 18:00:00,66,18.31,-132.39,964.1,96.5,14.059960416764389,84.33156102768459,67.77991014414116,50.63023172282468,73.26157256365342,31.17732615937485,20.836687849783296,13.45592237803281,26.71619002713548,16.944341744768348,11.566182105715557,10.1186518317149,15.281432146543402
2026-09-11,EP142026,32,2026-09-14 00:00:00,3 days 00:00:00,72,18.46,-133.19,957.6,106.8,13.904463075193917,135.96482277995528,93.15293272671568,67.48236402500658,115.99607344854417,66.81541938756783,52.59877317789994,38.15017483879387,59.13599274790886,36.860438423850894,28.345315711559067,23.584230803004942,32.11299728144505
2026-09-11,EP142026,32,2026-09-14 06:00:00,3 days 06:00:00,78,18.28,-133.89,938.9,128.3,11.169526950674111,182.56118358552044,134.9125598051815,97.40363115717594,168.91160013471665,85.07208446943304,66.1331237147464,50.264257535703806,74.33385955296592,42.37844737242196,34.18046345693425,27.82790568805074,36.64905429795242
2026-09-11,EP142026,32,2026-09-14 12:00:00,3 days 12:00:00,84,18.08,-134.87,951.7,111.1,2.745627176585849,117.5348122374108,88.34506281791846,70.23942257619524,114.38065105603698,0.3123730360737942,0.0,0.0,2.745627176585849,0.3123730360737942,0.0,0.0,2.745627176585849
2026-09-11,EP142026,32,2026-09-14 18:00:00,3 days 18:00:00,90,18.02,-136.14,977.0,81.5,0.0,129.80841279856855,84.75846806050333,50.63336984515328,98.32517271201824,8.399537980395763,0.0,0.0,5.636994492904016,1.135854526760511,0.0,0.0,0.6725692198453732
2026-09-11,EP142026,32,2026-09-15 00:00:00,4 days 00:00:00,96,18.09,-137.52,992.8,53.9,5.36785580401077,34.2556796125687,15.040042480863228,2.286399749677537,29.012589856821812,5.36785580401077,0.0,0.0,0.0,0.0,0.0,0.0,0.0
2026-09-11,EP142026,32,2026-09-15 06:00:00,4 days 06:00:00,102,17.87,-138.54,994.8,51.3,42.78599431262306,48.40099270972512,27.90930882988568,20.194708609968288,42.78599431262306,0.1466683518108222,0.0,0.0,42.78599431262306,0.0,0.0,0.0,0.0
2026-09-11,EP142026,32,2026-09-15 12:00:00,4 days 12:00:00,108,18.23,-139.7,991.6,62.4,42.35301842268212,48.24511688354112,27.35862529968944,8.861743842918521,31.998346153569464,42.35301842268212,0.2122974721764894,0.0,1.5415662015227234,0.0,0.0,0.0,0.0
2026-09-11,EP142026,32,2026-09-15 18:00:00,4 days 18:00:00,114,17.71,-140.84,995.1,51.3,20.817314541424352,158.29303679405126,117.34553430038198,89.02500838225963,131.94220725713492,2.394167083277723,0.0,0.0,20.817314541424352,0.0,0.0,0.0,0.0
2026-09-11,EP142026,32,2026-09-16 00:00:00,5 days 00:00:00,120,17.5,-142.35,998.6,43.3,37.44704774789545,87.87800274386731,63.47062174720868,36.42241310882205,66.66294421910712,0.0,0.0,0.0,0.0,0.0,0.0,0.0,0.0
2026-09-11,EP142026,32,2026-09-16 06:00:00,5 days 06:00:00,126,17.2,-143.93,1000.3,43.4,73.09467798178991,125.28548099732198,101.35968735411208,76.73899824771853,104.07045347596124,0.0,0.0,0.0,0.0,0.0,0.0,0.0,0.0
2026-09-11,EP142026,32,2026-09-16 12:00:00,5 days 12:00:00,132,16.61,-145.29,1000.7,42.1,32.94750876392142,32.94750876392142,1.3062386045818926,0.0,12.196202214855838,0.0,0.0,0.0,0.0,0.0,0.0,0.0,0.0
2026-09-11,EP142026,32,2026-09-16 18:00:00,5 days 18:00:00,138,16.09,-146.92,1001.0,43.3,95.7074626932217,95.7074626932217,16.12551549352625,4.310709033983747,20.774616648930262,0.0,0.0,0.0,0.0,0.0,0.0,0.0,0.0
2026-09-11,EP142026,32,2026-09-17 00:00:00,6 days 00:00:00,144,16.02,-148.07,1001.6,30.1,86.27354866821497,0.0,0.0,0.0,0.0,0.0,0.0,0.0,0.0,0.0,0.0,0.0,0.0
2026-09-11,EP142026,32,2026-09-17 06:00:00,6 days 06:00:00,150,15.3,-150.32,1002.0,31.2,42.539911404273184,0.0,0.0,0.0,0.0,0.0,0.0,0.0,0.0,0.0,0.0,0.0,0.0
2026-09-11,EP142026,32,2026-09-17 12:00:00,6 days 12:00:00,156,14.34,-151.27,1006.3,29.6,107.7279370356867,0.0,0.0,0.0,0.0,0.0,0.0,0.0,0.0,0.0,0.0,0.0,0.0
2026-09-11,EP142026,32,2026-09-17 18:00:00,6 days 18:00:00,162,13.79,-152.59,1004.3,29.4,59.58380632575148,0.0,0.0,0.0,0.0,0.0,0.0,0.0,0.0,0.0,0.0,0.0,0.0
2026-09-11,EP122026,33,2026-09-11 00:00:00,0 days 00:00:00,0,29.0,-169.5,997.0,45.0,148.0,297.0,148.0,,222.0,0.0,0.0,0.0,0.0,0.0,0.0,0.0,0.0
2026-09-11,EP122026,33,2026-09-11 06:00:00,0 days 06:00:00,6,28.93,-170.48,1000.1,35.9,82.44025048614577,82.44025048614577,1.6618404430430331,1.8901912626933035,5.002055450699224,0.0,0.0,0.0,0.0,0.0,0.0,0.0,0.0
2026-09-11,EP122026,33,2026-09-11 12:00:00,0 days 12:00:00,12,29.03,-171.45,999.4,41.3,82.43489687456497,82.43489687456497,34.42191678555727,20.069013905176377,37.85145125536738,0.0,0.0,0.0,0.0,0.0,0.0,0.0,0.0
2026-09-11,EP122026,33,2026-09-11 18:00:00,0 days 18:00:00,18,29.35,-172.08,1001.2,33.6,105.08013110411282,0.0,0.0,0.0,0.0,0.0,0.0,0.0,0.0,0.0,0.0,0.0,0.0
2026-09-11,EP122026,33,2026-09-12 00:00:00,1 days 00:00:00,24,30.4,-171.5,1002.6,31.6,99.27557006007422,0.0,0.0,0.0,0.0,0.0,0.0,0.0,0.0,0.0,0.0,0.0,0.0
2026-09-11,EP122026,33,2026-09-12 06:00:00,1 days 06:00:00,30,30.1,-171.75,1000.2,35.4,94.0086174603548,94.0086174603548,7.668977323191925,0.0,11.156617518845287,0.0,0.0,0.0,0.0,0.0,0.0,0.0,0.0
2026-09-11,EP142026,33,2026-09-11 00:00:00,0 days 00:00:00,0,16.4,-121.3,1002.0,41.0,74.0,111.0,,,74.0,0.0,0.0,0.0,0.0,0.0,0.0,0.0,0.0
2026-09-11,EP142026,33,2026-09-11 06:00:00,0 days 06:00:00,6,16.84,-122.48,994.9,54.8,34.89610614735548,55.188567440652,19.07763744931989,0.0,34.96401575032991,1.3496823850979172,0.0,0.0,34.89610614735548,0.0,0.0,0.0,0.0
2026-09-11,EP142026,33,2026-09-11 12:00:00,0 days 12:00:00,12,16.89,-123.8,991.0,64.1,25.48685923072371,140.48868883645437,95.82837420475796,47.106064571914885,99.67158718814228,25.48685923072371,0.8858906503276494,0.0,2.5269087634096774,25.48685923072371,0.0,0.0,0.0
2026-09-11,EP142026,33,2026-09-11 18:00:00,0 days 18:00:00,18,17.02,-125.28,980.7,74.1,0.0,168.33914211360525,120.15106136119608,79.40536039107462,133.4942781372754,30.166070251712085,16.695346346156867,6.120180795785686,22.17638437702749,0.6702306537563842,0.0,0.0,0.0
2026-09-11,EP142026,33,2026-09-12 00:00:00,1 days 00:00:00,24,17.0,-126.43,991.7,64.0,11.113528816728577,188.68356084127925,140.5486604468657,106.32145838068226,153.8391437626159,24.725690608401628,16.963729651338266,8.030426383453776,17.003233407836387,11.113528816728577,0.0,0.0,0.0
2026-09-11,EP142026,33,2026-09-12 06:00:00,1 days 06:00:00,30,17.14,-127.84,998.4,47.6,25.3268375951232,91.8143613731956,61.97855962081684,33.38912612586522,65.04196356799736,0.0,0.0,0.0,0.0,0.0,0.0,0.0,0.0
2026-09-11,EP142026,33,2026-09-12 12:00:00,1 days 12:00:00,36,17.19,-128.65,989.5,60.5,37.99342888118808,176.34897813710933,133.5787941971187,100.50418999161356,152.35449488458255,54.30073126698797,40.00860871056746,25.675720673731345,42.8013336718505,0.0,0.0,0.0,0.0
2026-09-11,EP142026,33,2026-09-12 18:00:00,1 days 18:00:00,42,17.37,-130.11,996.6,51.4,61.18102782227732,61.18102782227732,15.514104322831798,0.0,34.33971091334058,61.18102782227732,0.0,0.0,0.0,0.0,0.0,0.0,0.0
2026-09-11,EP142026,33,2026-09-13 00:00:00,2 days 00:00:00,48,17.59,-131.33,996.7,47.6,57.81659361424316,59.333677784759,37.47331096878865,19.822825507449668,43.211540569564825,0.0,0.0,0.0,0.0,0.0,0.0,0.0,0.0
2026-09-11,EP142026,33,2026-09-13 06:00:00,2 days 06:00:00,54,18.18,-132.39,1001.2,39.2,33.34229705412372,58.98906858272312,21.43322366003377,2.9238109821853016,36.770572928129695,0.0,0.0,0.0,0.0,0.0,0.0,0.0,0.0
2026-09-11,EP142026,33,2026-09-13 12:00:00,2 days 12:00:00,60,18.26,-133.36,998.3,47.6,21.493574661764505,73.66220966824298,38.06376412704724,22.246592330191618,56.91678911216692,0.0,0.0,0.0,0.0,0.0,0.0,0.0,0.0
2026-09-11,EP142026,33,2026-09-13 18:00:00,2 days 18:00:00,66,18.66,-134.47,993.0,47.2,40.972708815887934,147.76570896612492,115.08320450112666,72.31934861445008,111.57610686921647,0.0,0.0,0.0,0.0,0.0,0.0,0.0,0.0
2026-09-11,EP142026,33,2026-09-14 00:00:00,3 days 00:00:00,72,19.02,-135.11,997.3,47.9,29.72564554069128,97.92524033955728,69.06824039502591,43.1208386884844,72.52694143604187,0.0,0.0,0.0,0.0,0.0,0.0,0.0,0.0
2026-09-11,EP142026,33,2026-09-14 06:00:00,3 days 06:00:00,78,18.89,-136.66,1003.8,33.6,51.82392653082757,0.0,0.0,0.0,0.0,0.0,0.0,0.0,0.0,0.0,0.0,0.0,0.0
2026-09-11,EP142026,33,2026-09-14 12:00:00,3 days 12:00:00,84,19.09,-137.93,1004.4,31.5,61.30778246036196,0.0,0.0,0.0,0.0,0.0,0.0,0.0,0.0,0.0,0.0,0.0,0.0
2026-09-11,EP142026,33,2026-09-14 18:00:00,3 days 18:00:00,90,19.25,-139.18,1006.8,27.3,96.31392252605356,0.0,0.0,0.0,0.0,0.0,0.0,0.0,0.0,0.0,0.0,0.0,0.0
2026-09-11,EP142026,33,2026-09-15 00:00:00,4 days 00:00:00,96,19.4,-140.83,1001.5,33.5,96.2168116912946,0.0,0.0,0.0,0.0,0.0,0.0,0.0,0.0,0.0,0.0,0.0,0.0
2026-09-11,EP142026,33,2026-09-15 06:00:00,4 days 06:00:00,102,20.0,-141.62,1004.7,22.9,65.70370231021988,0.0,0.0,0.0,0.0,0.0,0.0,0.0,0.0,0.0,0.0,0.0,0.0
2026-09-11,EP142026,33,2026-09-15 12:00:00,4 days 12:00:00,108,19.78,-142.85,1006.3,27.1,142.72689268474642,0.0,0.0,0.0,0.0,0.0,0.0,0.0,0.0,0.0,0.0,0.0,0.0
2026-09-11,EP142026,33,2026-09-15 18:00:00,4 days 18:00:00,114,19.72,-143.84,1004.6,29.4,92.3026932405273,0.0,0.0,0.0,0.0,0.0,0.0,0.0,0.0,0.0,0.0,0.0,0.0
2026-09-11,EP122026,34,2026-09-11 00:00:00,0 days 00:00:00,0,29.0,-169.5,997.0,45.0,148.0,297.0,148.0,,222.0,0.0,0.0,0.0,0.0,0.0,0.0,0.0,0.0
2026-09-11,EP122026,34,2026-09-11 06:00:00,0 days 06:00:00,6,29.0,-170.69,1001.9,33.1,66.27529751712234,0.0,0.0,0.0,0.0,0.0,0.0,0.0,0.0,0.0,0.0,0.0,0.0
2026-09-11,EP122026,34,2026-09-11 12:00:00,0 days 12:00:00,12,29.23,-171.66,999.1,33.4,108.19986139218793,0.0,0.0,0.0,0.0,0.0,0.0,0.0,0.0,0.0,0.0,0.0,0.0
2026-09-11,EP122026,34,2026-09-11 18:00:00,0 days 18:00:00,18,29.78,-172.09,1002.5,32.0,125.3517279206425,0.0,0.0,0.0,0.0,0.0,0.0,0.0,0.0,0.0,0.0,0.0,0.0
2026-09-11,EP122026,34,2026-09-12 00:00:00,1 days 00:00:00,24,30.69,-171.95,1001.1,31.0,56.66948921849678,0.0,0.0,0.0,0.0,0.0,0.0,0.0,0.0,0.0,0.0,0.0,0.0
2026-09-11,EP122026,34,2026-09-12 06:00:00,1 days 06:00:00,30,32.48,-171.92,999.9,45.1,53.788014278804965,95.21375285859015,86.70700550269453,57.99355157245216,72.2100618629832,0.0,0.0,0.0,0.0,0.0,0.0,0.0,0.0
2026-09-11,EP122026,34,2026-09-12 12:00:00,1 days 12:00:00,36,34.13,-172.83,993.8,51.9,81.52356150501468,274.73295287031885,257.04357552946885,197.6397329382956,214.95497112498845,0.1415396633642585,0.0,0.0,81.52356150501468,0.0,0.0,0.0,0.0
2026-09-11,EP122026,34,2026-09-12 18:00:00,1 days 18:00:00,42,35.52,-174.93,993.6,51.5,64.99774933352383,133.17260606287064,120.72437498035389,89.8888492990041,108.08137317936628,64.99774933352383,0.1223508104043071,0.0,0.0,0.0,0.0,0.0,0.0
2026-09-11,EP122026,34,2026-09-13 00:00:00,2 days 00:00:00,48,35.32,-177.36,993.7,41.8,75.47018458463936,201.87789876740607,170.30381311423457,152.69915970805005,177.203932883966,0.0,0.0,0.0,0.0,0.0,0.0,0.0,0.0
2026-09-11,EP122026,34,2026-09-13 06:00:00,2 days 06:00:00,54,34.72,-178.99,1000.4,30.4,69.40416054909167,0.0,0.0,0.0,0.0,0.0,0.0,0.0,0.0,0.0,0.0,0.0,0.0
2026-09-11,EP122026,34,2026-09-13 12:00:00,2 days 12:00:00,60,33.66,-179.47,1003.0,26.9,106.26989027643104,0.0,0.0,0.0,0.0,0.0,0.0,0.0,0.0,0.0,0.0,0.0,0.0
2026-09-11,EP122026,34,2026-09-13 18:00:00,2 days 18:00:00,66,32.5,-179.74,1004.4,25.6,67.45306555056763,0.0,0.0,0.0,0.0,0.0,0.0,0.0,0.0,0.0,0.0,0.0,0.0
2026-09-11,EP122026,34,2026-09-14 00:00:00,3 days 00:00:00,72,31.75,-179.49,1005.2,26.4,117.38903437282572,0.0,0.0,0.0,0.0,0.0,0.0,0.0,0.0,0.0,0.0,0.0,0.0
2026-09-11,EP142026,34,2026-09-11 00:00:00,0 days 00:00:00,0,16.4,-121.3,1002.0,41.0,74.0,111.0,,,74.0,0.0,0.0,0.0,0.0,0.0,0.0,0.0,0.0
2026-09-11,EP142026,34,2026-09-11 06:00:00,0 days 06:00:00,6,16.65,-122.23,987.9,66.2,44.96400618322217,133.6765686821933,91.79960628231868,48.35444752742732,114.98421465291378,44.96400618322217,12.353703577938056,7.147716205197181,44.96400618322217,0.5327687118595122,0.0,0.0,44.96400618322217
2026-09-11,EP142026,34,2026-09-11 12:00:00,0 days 12:00:00,12,16.65,-123.5,990.9,54.4,40.93715831436498,148.19942204000017,115.96007522598212,69.6622265817391,125.6464649247232,40.93715831436498,26.14296045732692,16.227665916118553,27.32772073002434,0.0,0.0,0.0,0.0
2026-09-11,EP142026,34,2026-09-11 18:00:00,0 days 18:00:00,18,17.0,-124.78,981.3,64.0,38.7436907051501,128.61881481957948,80.06307190815096,47.64302696087793,131.11984501383154,79.48059019171848,61.75119225609245,47.64302696087793,69.69961843510572,0.0,0.0,0.0,0.0
2026-09-11,EP142026,34,2026-09-12 00:00:00,1 days 00:00:00,24,16.92,-125.95,994.3,56.1,45.67343864555227,194.5922613059404,149.50106706515726,106.59946202131856,156.8396992752571,72.42221828336915,58.40289562029591,40.39195874105383,57.67914185344398,0.0,0.0,0.0,0.0
2026-09-11,EP142026,34,2026-09-12 06:00:00,1 days 06:00:00,30,17.24,-127.09,988.1,68.1,40.234163352281065,131.9558123414849,91.57530961879762,51.93253460089787,125.30422632895176,63.98818052644294,48.259488242579685,33.62001433497972,52.17864188662686,40.234163352281065,15.404811766348224,10.419314958263646,16.238480604724657
2026-09-11,EP142026,34,2026-09-12 12:00:00,1 days 12:00:00,36,17.44,-127.9,991.6,60.9,11.335760704847267,103.57383044680836,69.3203113848491,38.92088306149732,80.66613088822083,47.80355239670703,37.46074031015054,23.755310889691625,35.46558068678634,0.0,0.0,0.0,0.0
2026-09-11,EP142026,34,2026-09-12 18:00:00,1 days 18:00:00,42,17.59,-128.45,994.5,52.8,27.84496561677662,77.64241270364602,47.45328581620599,38.34760932315494,65.46386775941761,27.84496561677662,0.0,0.0,0.0,0.0,0.0,0.0,0.0
2026-09-11,EP142026,34,2026-09-13 00:00:00,2 days 00:00:00,48,17.83,-129.43,994.8,48.6,22.565142617460808,136.59830645235047,102.54824833135626,68.75609719140041,111.30465337732116,0.0,0.0,0.0,0.0,0.0,0.0,0.0,0.0
2026-09-11,EP142026,34,2026-09-13 06:00:00,2 days 06:00:00,54,17.98,-130.3,994.8,50.0,14.31164982427302,86.71615294684678,65.99390537882863,46.995544967513936,72.12185807992093,14.31164982427302,0.0,0.0,0.0,0.0,0.0,0.0,0.0
2026-09-11,EP142026,34,2026-09-13 12:00:00,2 days 12:00:00,60,18.07,-131.48,991.2,63.6,25.127554581805583,119.16205231702304,99.97876440615318,66.84913783258446,91.98920350420173,25.127554581805583,4.317973334179506,0.5478090958271693,4.362588298947394,0.0,0.0,0.0,0.0
2026-09-11,EP142026,34,2026-09-13 18:00:00,2 days 18:00:00,66,18.06,-132.04,988.8,63.8,14.993665125538168,131.0980838724967,98.15359778217712,63.75270634641597,116.71529313739312,14.993665125538168,9.464958320961273,4.273274486186347,12.089676822540532,0.0,0.0,0.0,0.0
2026-09-11,EP142026,34,2026-09-14 00:00:00,3 days 00:00:00,72,18.13,-133.31,979.4,77.6,22.139060603946007,194.0672047486015,136.13663992901297,94.8054295300442,153.9498568252601,99.17851013712492,78.71573106404065,58.97111191862737,83.21507308374987,38.12439372585044,31.046945102049847,24.119070758902254,32.34744905447458
2026-09-11,EP142026,34,2026-09-14 06:00:00,3 days 06:00:00,78,18.01,-134.06,985.1,72.9,25.601292883613496,104.51266955558822,52.27407531270728,28.32206421366573,88.39679350257211,57.22465650662343,39.94419305755946,27.195926038544712,46.717892339263926,25.601292883613496,10.458831983332855,6.522144237948851,12.237488749340628
2026-09-11,EP142026,34,2026-09-14 12:00:00,3 days 12:00:00,84,18.07,-135.4,966.1,95.4,9.480268563613294,136.08297588034844,108.47890767851558,65.65243468643796,115.58301712132472,9.480268563613294,0.0,0.0,9.480268563613294,1.1959768549318244,0.0,0.0,9.480268563613294
2026-09-11,EP142026,34,2026-09-14 18:00:00,3 days 18:00:00,90,18.09,-136.29,976.1,85.0,18.826549092143097,172.34027289641165,131.71177504368404,82.83085920252785,146.47478422915276,49.13032516864561,33.29463498294663,22.7008250383154,40.730852251624654,18.826549092143097,8.979562814488826,5.520179835856554,12.630319663303474
2026-09-11,EP142026,34,2026-09-15 00:00:00,4 days 00:00:00,96,17.86,-137.35,979.2,74.3,29.955883580246244,167.8477468020756,130.51997743799305,86.77745214369139,140.40297823828985,48.36926138947127,34.28610912398513,22.591567927234045,38.21932261353281,29.955883580246244,3.5663675744095173,1.3248769937777674,6.167417232434947
2026-09-11,EP142026,34,2026-09-15 06:00:00,4 days 06:00:00,102,17.52,-138.01,991.2,72.9,13.847272167701668,116.54438944865323,94.18175839036462,59.178326955003214,97.17332699689102,53.19257275369242,40.86156174436574,23.67008055528876,42.61631965120738,14.040040250496633,9.078621182069243,4.225858673404931,11.049054034977503
2026-09-11,EP142026,34,2026-09-15 12:00:00,4 days 12:00:00,108,17.12,-138.75,988.5,60.2,17.616675236627028,121.67547060099398,102.15772998302076,84.52693610391034,116.28595042479613,0.9478054163891274,0.0,0.0,17.616675236627028,0.0,0.0,0.0,0.0
2026-09-11,EP142026,34,2026-09-15 18:00:00,4 days 18:00:00,114,16.86,-139.12,987.8,67.0,16.87395146508806,120.45091477383411,87.865134908673,62.3536833320498,102.31024130520714,37.568169602595816,28.74580395673082,18.75995611515424,30.641915424468227,16.87395146508806,0.0,0.0,0.5747964946399706
2026-09-11,EP142026,34,2026-09-16 00:00:00,5 days 00:00:00,120,16.25,-140.08,990.1,55.2,35.79971689766121,162.79071028698894,131.94224381009394,101.2366481164164,134.6939364921068,35.79971689766121,0.0,0.0,0.0,0.0,0.0,0.0,0.0
2026-09-11,EP142026,34,2026-09-16 06:00:00,5 days 06:00:00,126,15.85,-140.96,991.6,54.3,38.38168980176152,121.24424708267588,96.8498627737917,68.58534936255899,103.18082762106292,38.38168980176152,0.8759983852243025,0.0,1.5850726793611192,0.0,0.0,0.0,0.0
2026-09-11,EP142026,34,2026-09-16 12:00:00,5 days 12:00:00,132,15.24,-141.69,994.1,54.5,30.49088136328273,108.76463038730908,80.07858165165537,55.25614300286684,89.90771375478737,30.49088136328273,10.284392373262705,5.721135704448261,11.864162077358582,0.0,0.0,0.0,0.0
2026-09-11,EP142026,34,2026-09-16 18:00:00,5 days 18:00:00,138,14.82,-142.73,992.5,52.9,33.45519756838811,146.21303112690092,113.25584118942194,87.0101697272163,128.1714580127019,33.45519756838811,12.170303902035098,6.558952879530463,12.178715118434916,0.0,0.0,0.0,0.0
2026-09-11,EP142026,34,2026-09-17 00:00:00,6 days 00:00:00,144,14.26,-143.47,993.6,46.4,30.09674628667578,85.38241388257558,64.20846260380726,47.6829453194093,77.03764830655149,0.0,0.0,0.0,0.0,0.0,0.0,0.0,0.0
2026-09-11,EP142026,34,2026-09-17 06:00:00,6 days 06:00:00,150,13.94,-144.53,996.7,49.6,42.84783229172685,113.57010791946284,89.89950593816648,69.68923753808028,101.80149494692044,0.0,0.0,0.0,0.0,0.0,0.0,0.0,0.0
2026-09-11,EP142026,34,2026-09-17 12:00:00,6 days 12:00:00,156,13.86,-145.43,985.5,64.2,36.97338371138864,114.65169117937104,82.0794084125148,68.98158352145276,101.1775664119964,40.556878322886575,33.129656637628045,25.433104334763925,35.11617995923899,36.97338371138864,3.216920051350193,2.464732101803497,3.059696164931601
2026-09-11,EP142026,34,2026-09-17 18:00:00,6 days 18:00:00,162,13.32,-145.97,974.3,89.7,33.55529696312294,129.76141364063028,134.35456822113406,122.27909291166134,125.5763912781249,43.94750221066499,40.37068953462372,42.02780204140606,43.75539232665733,33.8940394477209,32.45097166366838,30.413315478333686,32.80764224740656
2026-09-11,EP142026,34,2026-09-18 00:00:00,7 days 00:00:00,168,13.49,-146.57,979.7,77.9,29.81197463413075,161.26935469314563,123.48741950881106,122.942417896225,154.38736377635317,96.08064384961234,80.2008393600796,67.8571263621073,86.05513141181274,36.5266123390188,31.138617362818984,26.749393110030887,31.90559800424476
2026-09-11,EP142026,34,2026-09-18 06:00:00,7 days 06:00:00,174,13.63,-146.85,967.3,86.4,22.05264734847138,155.1987365473656,131.0295218528127,116.0965718296807,141.10135725873536,85.77473146269385,75.54499555610805,66.73385176741887,77.9345807618091,46.519722738637455,44.253946769080734,36.38186673367533,41.568721837782334
2026-09-11,EP142026,34,2026-09-18 12:00:00,7 days 12:00:00,180,13.91,-147.04,975.9,77.2,25.94199821754056,182.1612293523213,179.0671165026509,159.65403318522732,143.88791904525556,40.11578019388915,38.62740898803212,32.14084884937524,35.47913670449755,25.94199821754056,8.471606836964352,8.414905929214324,7.647199469275892
2026-09-11,EP142026,34,2026-09-18 18:00:00,7 days 18:00:00,186,14.05,-147.3,970.1,95.4,21.070675158888047,98.2742005325154,100.4081278048336,86.61295198177683,99.17889454249436,57.13217634768264,49.41767811630656,41.40895226318664,51.0362056314478,31.70356321415567,28.398399875365957,24.504396443216987,28.378513288478764
2026-09-11,EP142026,34,2026-09-19 00:00:00,8 days 00:00:00,192,14.44,-147.61,961.5,104.0,24.576232587628542,150.16087381750214,117.8970769189602,104.86059301653287,135.32051811283884,72.23024393932852,58.20937441029851,49.1754860672617,63.971185774427056,41.61060440389432,36.18193147205135,30.51347756088961,36.53177495636946
2026-09-11,EP142026,34,2026-09-19 06:00:00,8 days 06:00:00,198,14.78,-148.22,953.7,115.4,16.801978872319555,169.51306373329697,123.81695652425134,113.0033947491973,190.67629856698903,82.16744149410692,64.63893504725625,61.23045861184352,81.94645394896955,54.599054871963965,47.988034120956215,42.00048496541374,50.11321227904243
2026-09-11,EP142026,34,2026-09-19 12:00:00,8 days 12:00:00,204,15.26,-148.81,955.9,111.9,16.643757510137792,195.1482885082995,148.75529360473024,118.1101607785155,198.2474800206693,111.81441939851028,84.08335716150738,65.05769824841781,98.43684621443327,56.896344405689526,45.2242726203346,36.79263000782218,49.54020398802489
2026-09-11,EP142026,34,2026-09-19 18:00:00,8 days 18:00:00,210,15.2,-149.3,945.7,118.6,11.577052377565629,123.616848805289,88.13391858859904,76.51967304565125,124.96713039400466,49.61819990098198,36.36863886583832,27.88956079527341,46.397910165314585,30.06205563151994,23.29838380532004,19.26522578095324,25.76839147778164
2026-09-11,EP142026,34,2026-09-20 00:00:00,9 days 00:00:00,216,15.3,-149.74,953.2,109.5,21.15537154332459,163.07658275215547,123.6778939084266,98.9519612090444,145.68323613414864,91.91029153014205,65.79677995718633,48.87004879530728,78.63346400243344,47.20896412732051,36.222310446780746,29.061143294264163,40.75271407312103
2026-09-11,EP142026,34,2026-09-20 06:00:00,9 days 06:00:00,222,15.26,-149.98,951.1,117.9,0.0090611223498981,119.61902028831146,72.62876535903516,81.04974986926214,139.45977805986865,69.95955793851388,57.55031798559323,51.00602457873191,71.71788598298355,44.80551593806511,39.4766002531604,33.66610943549904,40.6875825335225
2026-09-11,EP142026,34,2026-09-20 12:00:00,9 days 12:00:00,228,15.54,-150.16,944.9,112.7,36.19256105959144,156.95710049613555,146.94594660335574,117.45696006055157,146.9758589055636,63.99589787975769,50.227578452169965,35.700597311444064,56.18957493031967,36.19256105959144,24.007364868258275,17.59842164657314,25.598583615830737
2026-09-11,EP142026,34,2026-09-20 18:00:00,9 days 18:00:00,234,15.72,-150.31,941.8,120.2,38.68265391946919,170.2163907331428,130.6314834474433,115.4793501453472,167.6864303543576,94.41101609423042,77.93733275481267,63.73135145841186,86.50285922189842,62.05026927230665,53.258656512451005,44.77594608889373,54.540741925721605
2026-09-11,EP142026,34,2026-09-21 00:00:00,10 days 00:00:00,240,16.24,-150.83,941.4,113.3,25.951644911409534,202.5044314617436,154.55645333344287,88.04999156625273,178.67513151711148,103.83700333881382,86.56188944514213,66.47226735420827,89.86009718981043,63.76873251807653,56.17472553855468,45.23757318753923,55.9725604438125
2026-09-11,EP142026,34,2026-09-21 06:00:00,10 days 06:00:00,246,16.72,-151.24,952.3,103.4,36.647542509336674,166.48606300997088,112.30217871619588,92.86386691426723,179.3546019502659,92.88659972628228,75.59672249926038,64.236513130986,86.76658389790501,41.25410929744664,34.25921181781174,31.020373717725704,36.90231346689167
2026-09-11,EP142026,34,2026-09-21 12:00:00,10 days 12:00:00,252,17.89,-151.95,942.7,118.0,23.632931225450537,129.5239146691775,98.96800400205773,62.5157205815135,118.36989399923586,65.28157225064342,50.64318920530287,35.316056140177466,55.34884240456178,38.245247558041385,31.17698606624188,24.35293945571098,32.04117022247214
2026-09-11,EP142026,34,2026-09-21 18:00:00,10 days 18:00:00,258,18.57,-152.74,957.4,105.0,8.958060287050465,115.22260649922372,75.84820928821816,39.441496506511086,98.46663302954278,70.1691772152441,52.405455140757866,39.441496506511086,62.80790522695601,34.12096777914563,26.56355472689148,21.85277153241678,28.830572239848276
2026-09-11,EP142026,34,2026-09-22 00:00:00,11 days 00:00:00,264,19.95,-153.26,960.5,101.8,45.26209055643402,78.8007410661081,72.15808005080146,38.865608885616766,77.29207216602497,69.08120407193059,50.38511824386927,38.865608885616766,55.63188816665308,45.26209055643402,23.68089303644564,19.51964894041041,26.682899667316203
2026-09-11,EP142026,34,2026-09-22 06:00:00,11 days 06:00:00,270,20.76,-153.76,964.0,92.9,28.321222872398245,139.91510001941094,142.91093112497504,115.22906202431638,131.34282642311186,98.75380719864162,90.96913754857331,75.21376194351983,88.56569240001063,58.76121229149984,55.79689594823691,46.815215929407394,52.62589946280592
2026-09-11,EP142026,34,2026-09-22 12:00:00,11 days 12:00:00,276,21.81,-154.81,985.7,65.1,22.807216026982744,168.83573719176906,153.68810004224233,98.04762847689231,141.69114558868074,67.48226882916191,57.13104172500451,39.64448157898059,51.69106611413521,22.807216026982744,13.28118175863487,8.914554794707147,13.592947134856155
2026-09-11,EP142026,34,2026-09-22 18:00:00,11 days 18:00:00,282,22.3,-155.48,992.4,61.3,6.247998566397065,50.31229447991475,74.07827461327483,27.6757507554267,33.50190955947805,9.240313113171515,7.844199640334084,0.0,3.5785554066089853,0.0,0.0,0.0,0.0
2026-09-11,EP142026,34,2026-09-23 00:00:00,12 days 00:00:00,288,23.16,-155.98,993.0,54.1,70.38536861687032,115.27138184681958,99.22299481839067,58.82693086434905,93.36185356986532,70.38536861687032,14.53100362315298,5.854692876604684,16.099438866387583,0.0,0.0,0.0,0.0
2026-09-11,EP142026,34,2026-09-23 06:00:00,12 days 06:00:00,294,23.28,-157.04,1000.1,47.9,45.573432552873896,160.10123073420596,132.46472890085363,104.03279309540837,136.54036630398934,0.0,0.0,0.0,0.0,0.0,0.0,0.0,0.0
2026-09-11,EP142026,34,2026-09-23 12:00:00,12 days 12:00:00,300,23.32,-157.88,994.4,47.3,29.851825442454057,186.03373435680248,155.022222304761,112.66824993884134,153.0227129588198,0.0,0.0,0.0,0.0,0.0,0.0,0.0,0.0
2026-09-11,EP142026,34,2026-09-23 18:00:00,12 days 18:00:00,306,23.23,-158.48,1002.6,36.6,71.28987113367366,164.55902303174173,148.9031908954454,112.20993066224732,131.26506299603352,0.0,0.0,0.0,0.0,0.0,0.0,0.0,0.0
2026-09-11,EP142026,34,2026-09-24 00:00:00,13 days 00:00:00,312,23.07,-158.79,1006.0,31.0,109.31205946178264,0.0,0.0,0.0,0.0,0.0,0.0,0.0,0.0,0.0,0.0,0.0,0.0
2026-09-11,EP142026,34,2026-09-24 06:00:00,13 days 06:00:00,318,23.04,-159.76,1006.4,27.5,61.81871124966133,0.0,0.0,0.0,0.0,0.0,0.0,0.0,0.0,0.0,0.0,0.0,0.0
2026-09-11,EP122026,35,2026-09-11 00:00:00,0 days 00:00:00,0,29.0,-169.5,997.0,45.0,148.0,297.0,148.0,,222.0,0.0,0.0,0.0,0.0,0.0,0.0,0.0,0.0
2026-09-11,EP122026,35,2026-09-11 06:00:00,0 days 06:00:00,6,29.06,-170.32,1003.2,32.0,114.77967517844752,0.0,0.0,0.0,0.0,0.0,0.0,0.0,0.0,0.0,0.0,0.0,0.0
2026-09-11,EP122026,35,2026-09-11 12:00:00,0 days 12:00:00,12,29.23,-171.35,1002.3,34.6,72.03351859594414,72.03351859594414,0.0,0.0,5.383168437031344,0.0,0.0,0.0,0.0,0.0,0.0,0.0,0.0
2026-09-11,EP122026,35,2026-09-11 18:00:00,0 days 18:00:00,18,30.05,-171.64,1003.6,29.2,139.35540630238998,0.0,0.0,0.0,0.0,0.0,0.0,0.0,0.0,0.0,0.0,0.0,0.0
2026-09-11,EP122026,35,2026-09-12 00:00:00,1 days 00:00:00,24,30.63,-171.84,999.3,38.0,135.8238647422568,135.8238647422568,4.89908130424736,0.0,5.170434652564232,0.0,0.0,0.0,0.0,0.0,0.0,0.0,0.0
2026-09-11,EP142026,35,2026-09-11 00:00:00,0 days 00:00:00,0,16.4,-121.3,1002.0,41.0,74.0,111.0,,,74.0,0.0,0.0,0.0,0.0,0.0,0.0,0.0,0.0
2026-09-11,EP142026,35,2026-09-11 06:00:00,0 days 06:00:00,6,16.7,-122.76,991.9,55.0,62.48458327380517,166.16183585404175,140.9220038414732,76.49237705041946,112.94029359121058,62.48458327380517,1.6730952119006537,0.0,0.5551020614959112,0.0,0.0,0.0,0.0
2026-09-11,EP142026,35,2026-09-11 12:00:00,0 days 12:00:00,12,16.69,-123.79,995.7,49.6,25.09937406190755,120.08097423973368,92.74277049125332,56.17565287180446,90.4277264730914,0.0,0.0,0.0,0.0,0.0,0.0,0.0,0.0
2026-09-11,EP142026,35,2026-09-11 18:00:00,0 days 18:00:00,18,16.64,-125.5,997.8,48.7,75.86622314834057,236.171766520156,194.92677272357932,130.91952851950666,185.02514488794293,0.0,0.0,0.0,0.0,0.0,0.0,0.0,0.0
2026-09-11,EP142026,35,2026-09-12 00:00:00,1 days 00:00:00,24,16.52,-126.59,994.7,55.7,52.237156341172295,170.13150566248487,135.34700862524278,81.36620192100577,136.95689016152983,52.237156341172295,2.814025632671033,0.0,6.170078516082867,0.0,0.0,0.0,0.0
2026-09-11,EP142026,35,2026-09-12 06:00:00,1 days 06:00:00,30,16.88,-127.65,1001.2,46.7,62.77102893864788,115.28585679034964,84.39530979807711,44.7594783699643,92.61568475691816,0.0,0.0,0.0,0.0,0.0,0.0,0.0,0.0
2026-09-11,EP142026,35,2026-09-12 12:00:00,1 days 12:00:00,36,16.88,-128.21,996.2,58.1,30.042016200368728,170.5785948037986,122.52598578580736,76.19324299487987,136.14001820327366,30.042016200368728,0.0,0.0,1.576159264825825,0.0,0.0,0.0,0.0
2026-09-11,EP142026,35,2026-09-12 18:00:00,1 days 18:00:00,42,16.94,-129.59,990.1,59.4,39.976378015705095,119.37222886323693,96.4317349991021,69.34438634798117,95.63996676462664,39.976378015705095,0.0,0.0,0.6984945250477352,0.0,0.0,0.0,0.0
2026-09-11,EP142026,35,2026-09-13 00:00:00,2 days 00:00:00,48,17.5,-130.44,984.8,74.2,9.283280706195114,155.07425194529446,114.55113363683812,72.8902540856609,132.23018015828757,65.73016837814203,44.86160066365312,28.393252468166168,51.129365326792936,15.922225670446691,11.24854560712386,7.693069806679887,13.299481118013205
2026-09-11,EP142026,35,2026-09-13 06:00:00,2 days 06:00:00,54,17.44,-131.51,977.2,75.7,27.707334431156703,187.31018400849743,141.4208086045378,82.87328686395048,156.92246878162433,88.08216834291338,62.302697138139365,44.26256259827933,71.81606683550905,28.57878321134615,22.129076917933844,16.485888362816432,24.393924487658264
2026-09-11,EP142026,35,2026-09-13 12:00:00,2 days 12:00:00,60,18.06,-132.61,993.3,56.8,59.05877380033367,159.87401477728173,122.88650135864832,63.31613940118112,118.61025659067695,59.05877380033367,37.34482603495846,21.084314215260704,39.05608534281781,0.0,0.0,0.0,0.0
2026-09-11,EP142026,35,2026-09-13 18:00:00,2 days 18:00:00,66,18.01,-133.43,983.8,68.6,27.9240777322326,125.19670098075632,103.04306802689791,71.5464952216305,104.6785596267176,27.9240777322326,5.221942230397657,0.0,10.768627822907014,27.9240777322326,0.0,0.0,0.0
2026-09-11,EP142026,35,2026-09-14 00:00:00,3 days 00:00:00,72,18.24,-134.84,988.8,62.1,36.1052839508264,134.35056907302857,92.10275131362856,60.24501552025267,111.12044652089364,36.1052839508264,19.019650088187795,8.713014349608727,21.889421055951964,0.0,0.0,0.0,0.0
2026-09-11,EP142026,35,2026-09-14 06:00:00,3 days 06:00:00,78,18.57,-136.35,998.8,44.4,75.35916139801964,191.5385874472497,153.48047874348435,99.02987935228327,153.17335033573727,0.0,0.0,0.0,0.0,0.0,0.0,0.0,0.0
2026-09-11,EP142026,35,2026-09-14 12:00:00,3 days 12:00:00,84,18.84,-137.25,998.1,52.3,59.488467434091525,120.90564275132571,95.58778848280046,56.68719827122784,86.7983455798628,59.488467434091525,4.248927655040516,0.0,5.584779102721566,0.0,0.0,0.0,0.0
2026-09-11,EP142026,35,2026-09-14 18:00:00,3 days 18:00:00,90,19.24,-138.89,1004.1,38.0,68.20164454764615,128.2805743566121,90.18129506701575,47.51069290031893,94.26882803079047,0.0,0.0,0.0,0.0,0.0,0.0,0.0,0.0
2026-09-11,EP142026,35,2026-09-15 00:00:00,4 days 00:00:00,96,19.66,-140.45,1004.0,41.8,81.05502842256858,118.80382976853896,88.00225003576053,56.04900088324072,93.0710034860544,0.0,0.0,0.0,0.0,0.0,0.0,0.0,0.0
2026-09-11,EP142026,35,2026-09-15 06:00:00,4 days 06:00:00,102,20.09,-141.88,1003.7,33.5,58.06034382229882,0.0,0.0,0.0,0.0,0.0,0.0,0.0,0.0,0.0,0.0,0.0,0.0
2026-09-11,EP142026,35,2026-09-15 12:00:00,4 days 12:00:00,108,20.01,-143.07,1005.2,29.7,79.28969017677016,0.0,0.0,0.0,0.0,0.0,0.0,0.0,0.0,0.0,0.0,0.0,0.0
2026-09-11,EP122026,36,2026-09-11 00:00:00,0 days 00:00:00,0,29.0,-169.5,997.0,45.0,148.0,297.0,148.0,,222.0,0.0,0.0,0.0,0.0,0.0,0.0,0.0,0.0
2026-09-11,EP122026,36,2026-09-11 06:00:00,0 days 06:00:00,6,28.82,-170.25,997.8,35.6,63.50082987194025,63.50082987194025,19.710605583431857,14.498244900477284,26.69906986857201,0.0,0.0,0.0,0.0,0.0,0.0,0.0,0.0
2026-09-11,EP122026,36,2026-09-11 12:00:00,0 days 12:00:00,12,29.06,-171.56,1000.9,34.5,128.68298455867483,128.68298455867483,0.0,1.900389727532147,2.3749422038316457,0.0,0.0,0.0,0.0,0.0,0.0,0.0,0.0
2026-09-11,EP122026,36,2026-09-11 18:00:00,0 days 18:00:00,18,29.11,-172.08,1000.8,29.9,87.07082134982133,0.0,0.0,0.0,0.0,0.0,0.0,0.0,0.0,0.0,0.0,0.0,0.0
2026-09-11,EP122026,36,2026-09-12 00:00:00,1 days 00:00:00,24,29.88,-172.55,1000.6,33.3,101.12558510336494,0.0,0.0,0.0,0.0,0.0,0.0,0.0,0.0,0.0,0.0,0.0,0.0
2026-09-11,EP122026,36,2026-09-12 06:00:00,1 days 06:00:00,30,30.62,-171.53,999.5,32.7,86.76377861438817,0.0,0.0,0.0,0.0,0.0,0.0,0.0,0.0,0.0,0.0,0.0,0.0
2026-09-11,EP142026,36,2026-09-11 00:00:00,0 days 00:00:00,0,16.4,-121.3,1002.0,41.0,74.0,111.0,,,74.0,0.0,0.0,0.0,0.0,0.0,0.0,0.0,0.0
2026-09-11,EP142026,36,2026-09-11 06:00:00,0 days 06:00:00,6,16.67,-122.16,986.6,62.9,19.01213105558256,154.19100287802115,116.19583537767292,57.08990754754672,132.55596271464282,19.01213105558256,1.9972770552539052,0.0,6.604806058924885,0.0,0.0,0.0,0.0
2026-09-11,EP142026,36,2026-09-11 12:00:00,0 days 12:00:00,12,16.89,-123.59,984.5,73.7,30.681211657803143,118.67473438126127,75.77288148632817,41.443850230681065,103.67150977677908,45.37687833744986,27.12662257544085,11.318943270539744,34.92441734419627,30.681211657803143,9.184046573209582,4.272148802400515,12.648817981483838
2026-09-11,EP142026,36,2026-09-11 18:00:00,0 days 18:00:00,18,16.84,-124.98,991.2,55.8,40.834309814217534,184.9955921762628,144.14774742590424,102.31098206964592,154.0733684511165,40.834309814217534,0.1939417195440747,0.0,2.7446589786096656,0.0,0.0,0.0,0.0
2026-09-11,EP142026,36,2026-09-12 00:00:00,1 days 00:00:00,24,16.83,-126.0,980.1,77.1,3.7746037976190063,170.90568655750891,130.12816578221515,75.72607305958752,145.72458827578708,69.32065031490582,53.47010093282535,32.40666365817131,51.48255920195467,25.48862560818809,20.062991594707974,14.217705842936777,20.97274620142105
2026-09-11,EP142026,36,2026-09-12 06:00:00,1 days 06:00:00,30,17.3,-127.02,966.3,90.5,17.40906925096479,72.97729986989411,28.549867686646444,0.0,49.16495749278647,17.40906925096479,0.0,0.0,8.394164033635416,17.40906925096479,0.0,0.0,1.7033694256073002
2026-09-11,EP142026,36,2026-09-12 12:00:00,1 days 12:00:00,36,17.27,-127.78,972.5,87.2,0.0,153.8827719882132,109.72973613840242,93.82634196744172,139.65106339512275,71.70977490094828,56.227938858315305,42.56610853111872,60.041692009780974,32.589179528617386,26.527674361722116,19.64390667164588,27.17297262382189
2026-09-11,EP142026,36,2026-09-12 18:00:00,1 days 18:00:00,42,17.44,-128.79,962.6,102.8,3.359672292396759,154.3630509460205,111.97815084470152,87.35577215674195,136.6290883187982,69.56446259932946,54.12402498677791,42.158612250375455,59.48954645915177,33.506076044080736,28.093479329489675,22.262327357645557,28.928424766234915
2026-09-11,EP142026,36,2026-09-13 00:00:00,2 days 00:00:00,48,17.87,-129.58,966.4,92.5,25.166439371687733,131.38498152425413,100.3925436248797,71.0291259941779,113.56954597311804,48.761535003199256,35.95025857533611,23.5665212024125,41.65948031866725,25.166439371687733,17.96941825211898,13.464579260846593,19.96603011272737
2026-09-11,EP142026,36,2026-09-13 06:00:00,2 days 06:00:00,54,18.37,-130.47,978.2,78.1,24.502594800573377,193.14115897403872,147.2436294091484,92.76009212282992,150.3785404331236,86.80675120445028,66.49321965635801,42.56401759074603,69.7120839338096,38.17272378823864,29.351038061587104,20.51021433380896,31.321823600053108
2026-09-11,EP142026,36,2026-09-13 12:00:00,2 days 12:00:00,60,18.88,-131.37,968.5,88.4,10.24035912256898,132.78563915361065,114.00066986907277,82.59628305885664,110.73972850548029,65.68579258008074,50.754963258369536,34.66219206234621,55.37595118202231,32.725769432589374,25.673468704390768,19.489750592988734,27.467846673027207
2026-09-11,EP142026,36,2026-09-13 18:00:00,2 days 18:00:00,66,19.25,-132.36,967.7,95.3,5.69452802224442,184.31238627215183,156.18693699389917,97.32042498043538,145.11751920692518,87.73216271449502,69.78449284329514,47.51253284965048,71.52420404639712,41.62806232640736,33.13285176330348,25.383629954026432,35.026374434177406
2026-09-11,EP142026,36,2026-09-14 00:00:00,3 days 00:00:00,72,19.52,-133.47,958.2,111.9,0.0,81.15813360686954,78.56734576143816,27.343700720439443,53.70279431140324,14.84265506264472,9.008584195322824,2.601786570155145,8.9945867099246,5.68000391267769,4.330375732869088,2.408043480819225,4.793276241216226
2026-09-11,EP142026,36,2026-09-14 06:00:00,3 days 06:00:00,78,19.51,-134.12,986.7,71.8,3.926491250659657,146.86562343047768,117.89973853011506,81.53642947648713,115.16206046258344,15.623373408975494,8.216921393949619,1.3547304429062434,9.696248962186406,3.926491250659657,1.524655204827719,0.0992046605871707,2.253873704884999
2026-09-11,EP142026,36,2026-09-14 12:00:00,3 days 12:00:00,84,19.46,-135.68,994.3,49.6,38.29316904302141,166.4257022993188,143.15166713179224,105.96288129709636,153.3319478620042,0.0,0.0,0.0,0.0,0.0,0.0,0.0,0.0
2026-09-11,EP142026,36,2026-09-14 18:00:00,3 days 18:00:00,90,19.49,-137.03,998.7,42.2,79.74557906834542,79.74557906834542,0.715442438733966,0.0,4.986651861306989,0.0,0.0,0.0,0.0,0.0,0.0,0.0,0.0
2026-09-11,EP142026,36,2026-09-15 00:00:00,4 days 00:00:00,96,19.42,-138.38,1003.0,41.4,73.68538120781167,126.07112181304566,97.31843256885584,76.42856017889224,104.04120107425908,0.0,0.0,0.0,0.0,0.0,0.0,0.0,0.0
2026-09-11,EP142026,36,2026-09-15 06:00:00,4 days 06:00:00,102,19.34,-139.67,1001.9,31.7,113.8768486419965,0.0,0.0,0.0,0.0,0.0,0.0,0.0,0.0,0.0,0.0,0.0,0.0
2026-09-11,EP142026,36,2026-09-15 12:00:00,4 days 12:00:00,108,18.85,-141.1,1001.7,37.7,71.69644694159564,71.69644694159564,2.777384812969558,0.4546107999509843,10.22104767033312,0.0,0.0,0.0,0.0,0.0,0.0,0.0,0.0
2026-09-11,EP142026,36,2026-09-15 18:00:00,4 days 18:00:00,114,18.63,-142.51,1001.3,38.6,102.87280812550227,102.87280812550227,0.0,0.0,0.0,0.0,0.0,0.0,0.0,0.0,0.0,0.0,0.0
2026-09-11,EP142026,36,2026-09-16 00:00:00,5 days 00:00:00,120,18.65,-143.97,1003.8,34.5,114.8097015938921,114.8097015938921,0.0,0.2225034815056723,4.417789202305858,0.0,0.0,0.0,0.0,0.0,0.0,0.0,0.0
2026-09-11,EP142026,36,2026-09-16 06:00:00,5 days 06:00:00,126,18.51,-145.59,1003.5,33.3,94.26456300359052,0.0,0.0,0.0,0.0,0.0,0.0,0.0,0.0,0.0,0.0,0.0,0.0
2026-09-11,EP142026,36,2026-09-16 12:00:00,5 days 12:00:00,132,17.97,-146.89,1007.1,27.9,87.07876755896237,0.0,0.0,0.0,0.0,0.0,0.0,0.0,0.0,0.0,0.0,0.0,0.0
2026-09-11,EP142026,36,2026-09-16 18:00:00,5 days 18:00:00,138,17.99,-148.82,1008.1,22.7,51.346412536533904,0.0,0.0,0.0,0.0,0.0,0.0,0.0,0.0,0.0,0.0,0.0,0.0
2026-09-11,EP142026,36,2026-09-17 00:00:00,6 days 00:00:00,144,17.72,-150.24,1006.8,19.6,114.8739116107616,0.0,0.0,0.0,0.0,0.0,0.0,0.0,0.0,0.0,0.0,0.0,0.0
2026-09-11,EP142026,36,2026-09-17 06:00:00,6 days 06:00:00,150,17.64,-152.35,1008.8,25.5,117.3207240455829,0.0,0.0,0.0,0.0,0.0,0.0,0.0,0.0,0.0,0.0,0.0,0.0
2026-09-11,EP142026,36,2026-09-17 12:00:00,6 days 12:00:00,156,16.57,-153.42,1007.5,23.2,74.34988089120242,0.0,0.0,0.0,0.0,0.0,0.0,0.0,0.0,0.0,0.0,0.0,0.0
2026-09-11,EP122026,37,2026-09-11 00:00:00,0 days 00:00:00,0,29.0,-169.5,997.0,45.0,148.0,297.0,148.0,,222.0,0.0,0.0,0.0,0.0,0.0,0.0,0.0,0.0
2026-09-11,EP122026,37,2026-09-11 06:00:00,0 days 06:00:00,6,28.9,-170.37,1001.3,33.3,91.82589211394212,0.0,0.0,0.0,0.0,0.0,0.0,0.0,0.0,0.0,0.0,0.0,0.0
2026-09-11,EP122026,37,2026-09-11 12:00:00,0 days 12:00:00,12,28.89,-171.69,1005.7,30.5,165.099668563244,0.0,0.0,0.0,0.0,0.0,0.0,0.0,0.0,0.0,0.0,0.0,0.0
2026-09-11,EP122026,37,2026-09-11 18:00:00,0 days 18:00:00,18,29.29,-172.19,1001.8,33.2,119.47918458398604,0.0,0.0,0.0,0.0,0.0,0.0,0.0,0.0,0.0,0.0,0.0,0.0
2026-09-11,EP122026,37,2026-09-12 00:00:00,1 days 00:00:00,24,29.9,-171.93,1003.7,27.2,173.43359226803352,0.0,0.0,0.0,0.0,0.0,0.0,0.0,0.0,0.0,0.0,0.0,0.0
2026-09-11,EP122026,37,2026-09-12 06:00:00,1 days 06:00:00,30,30.17,-171.83,1000.6,37.9,153.78262669799378,153.78262669799378,1.741457204183341,0.0,0.0,0.0,0.0,0.0,0.0,0.0,0.0,0.0,0.0
2026-09-11,EP122026,37,2026-09-12 12:00:00,1 days 12:00:00,36,32.08,-172.06,1006.2,28.5,168.67580118490997,0.0,0.0,0.0,0.0,0.0,0.0,0.0,0.0,0.0,0.0,0.0,0.0
2026-09-11,EP122026,37,2026-09-12 18:00:00,1 days 18:00:00,42,33.02,-172.67,1003.0,31.1,181.36079643260695,0.0,0.0,0.0,0.0,0.0,0.0,0.0,0.0,0.0,0.0,0.0,0.0
2026-09-11,EP142026,37,2026-09-11 00:00:00,0 days 00:00:00,0,16.4,-121.3,1002.0,41.0,74.0,111.0,,,74.0,0.0,0.0,0.0,0.0,0.0,0.0,0.0,0.0
2026-09-11,EP142026,37,2026-09-11 06:00:00,0 days 06:00:00,6,16.81,-122.45,994.1,56.7,45.21893528670837,47.462913432506895,17.815322361540815,0.0,29.60902193857547,45.21893528670837,0.0,0.0,0.0,0.0,0.0,0.0,0.0
2026-09-11,EP142026,37,2026-09-11 12:00:00,0 days 12:00:00,12,16.85,-123.56,986.2,65.7,45.20569919329466,141.4991452690757,96.02915298032444,53.71605776178754,107.17639530601892,45.20569919329466,0.3513825162974342,0.0,4.083412578334994,45.20569919329466,0.3513825162974342,0.0,0.2629955883254831
2026-09-11,EP142026,37,2026-09-11 18:00:00,0 days 18:00:00,18,16.5,-124.85,990.5,63.7,29.758984339579733,149.78550634231567,115.92711468349516,71.60102321217141,115.60255818675144,29.758984339579733,4.1995881142549525,0.0,5.910726206729976,0.0,0.0,0.0,0.0
2026-09-11,EP142026,37,2026-09-12 00:00:00,1 days 00:00:00,24,16.53,-126.11,993.3,54.7,62.49655710339215,62.49655710339215,27.386041821785483,15.969774668216132,45.06666629109378,62.49655710339215,0.0,0.0,0.0,0.0,0.0,0.0,0.0
2026-09-11,EP142026,37,2026-09-12 06:00:00,1 days 06:00:00,30,16.78,-127.09,994.8,50.2,58.9832623469285,139.5020013136434,105.0252433042465,70.68766289197987,106.69954558638528,58.9832623469285,6.5974512166139405,0.8708230312050365,8.315819381995809,0.0,0.0,0.0,0.0
2026-09-11,EP142026,37,2026-09-12 12:00:00,1 days 12:00:00,36,16.64,-128.07,996.0,50.6,43.281600751484405,184.6700457749995,147.7326918862556,99.35121079730231,149.66334054578294,43.281600751484405,16.570987569571756,6.9073284002631725,17.601409065998347,0.0,0.0,0.0,0.0
2026-09-11,EP142026,37,2026-09-12 18:00:00,1 days 18:00:00,42,16.58,-128.86,998.5,43.4,109.15620461516995,109.15620461516995,11.113105178289068,1.6402814086595008,14.344208292497608,0.0,0.0,0.0,0.0,0.0,0.0,0.0,0.0
2026-09-11,EP142026,37,2026-09-13 00:00:00,2 days 00:00:00,48,16.81,-129.65,996.0,43.9,73.22971372029899,166.1708478188385,124.1932072418447,99.16462401543546,129.3945994709477,0.0,0.0,0.0,0.0,0.0,0.0,0.0,0.0
2026-09-11,EP142026,37,2026-09-13 06:00:00,2 days 06:00:00,54,17.28,-131.05,998.0,45.1,46.254352525244485,78.23048749729332,48.65994433088645,23.88225631968146,56.12036064361519,0.0,0.0,0.0,0.0,0.0,0.0,0.0,0.0
2026-09-11,EP142026,37,2026-09-13 12:00:00,2 days 12:00:00,60,17.68,-131.96,1000.3,44.7,57.35323813463219,63.67776267868663,33.01400213290813,11.596141454900234,42.188024003596,0.0,0.0,0.0,0.0,0.0,0.0,0.0,0.0
2026-09-11,EP142026,37,2026-09-13 18:00:00,2 days 18:00:00,66,17.86,-133.44,1001.0,41.3,79.06446369444899,79.06446369444899,5.299559370279752,0.0,13.15494024596022,0.0,0.0,0.0,0.0,0.0,0.0,0.0,0.0
2026-09-11,EP142026,37,2026-09-14 00:00:00,3 days 00:00:00,72,18.17,-134.37,1001.6,38.5,35.30221626894957,45.16947059323739,18.805401051564598,6.135775575672386,32.69006481706687,0.0,0.0,0.0,0.0,0.0,0.0,0.0,0.0
2026-09-11,EP142026,37,2026-09-14 06:00:00,3 days 06:00:00,78,18.55,-135.56,1003.4,30.2,147.02105715516467,0.0,0.0,0.0,0.0,0.0,0.0,0.0,0.0,0.0,0.0,0.0,0.0
2026-09-11,EP142026,37,2026-09-14 12:00:00,3 days 12:00:00,84,18.87,-136.6,998.7,38.2,58.5229655643634,58.5229655643634,12.234171544929268,2.1294971693496336,25.32053245233692,0.0,0.0,0.0,0.0,0.0,0.0,0.0,0.0
2026-09-11,EP142026,37,2026-09-14 18:00:00,3 days 18:00:00,90,19.13,-138.51,1006.5,25.5,61.36464944005493,0.0,0.0,0.0,0.0,0.0,0.0,0.0,0.0,0.0,0.0,0.0,0.0
2026-09-11,EP142026,37,2026-09-15 00:00:00,4 days 00:00:00,96,19.63,-139.93,1005.6,28.0,81.25475746678612,0.0,0.0,0.0,0.0,0.0,0.0,0.0,0.0,0.0,0.0,0.0,0.0
2026-09-11,EP122026,38,2026-09-11 00:00:00,0 days 00:00:00,0,29.0,-169.5,997.0,45.0,148.0,297.0,148.0,,222.0,0.0,0.0,0.0,0.0,0.0,0.0,0.0,0.0
2026-09-11,EP122026,38,2026-09-11 06:00:00,0 days 06:00:00,6,28.92,-170.68,1000.2,34.9,106.75263743684602,2.525901264859515,0.0,0.0,106.75263743684602,0.0,0.0,0.0,0.0,0.0,0.0,0.0,0.0
2026-09-11,EP122026,38,2026-09-11 12:00:00,0 days 12:00:00,12,29.38,-171.91,999.6,34.2,100.88147427494673,2.706659213212088,0.0,0.0,100.88147427494673,0.0,0.0,0.0,0.0,0.0,0.0,0.0,0.0
2026-09-11,EP122026,38,2026-09-11 18:00:00,0 days 18:00:00,18,29.72,-172.44,1000.6,38.0,88.42988482307315,230.63905034761797,210.4697701181464,163.7570037514418,184.30137237004757,0.0,0.0,0.0,0.0,0.0,0.0,0.0,0.0
2026-09-11,EP122026,38,2026-09-12 00:00:00,1 days 00:00:00,24,30.94,-172.33,1002.9,35.3,81.20858973131834,158.37513894865367,146.19937471398677,108.01751648535324,116.26038446182682,0.0,0.0,0.0,0.0,0.0,0.0,0.0,0.0
2026-09-11,EP122026,38,2026-09-12 06:00:00,1 days 06:00:00,30,32.3,-171.67,992.8,47.8,93.00884417016914,195.92166949161205,202.7124521287913,151.9517180294853,147.33192611300473,0.0,0.0,0.0,0.0,0.0,0.0,0.0,0.0
2026-09-11,EP122026,38,2026-09-12 12:00:00,1 days 12:00:00,36,33.99,-172.36,988.9,51.2,83.7795978660813,105.58440037600712,77.4524811317749,49.46884127005529,79.28941295190612,83.7795978660813,1.5375462706256258,0.0,0.0,0.0,0.0,0.0,0.0
2026-09-11,EP122026,38,2026-09-12 18:00:00,1 days 18:00:00,42,34.73,-174.55,997.3,41.3,79.30584382700795,79.30584382700795,59.43183890733205,29.636634905433493,51.2936665260408,0.0,0.0,0.0,0.0,0.0,0.0,0.0,0.0
2026-09-11,EP122026,38,2026-09-13 00:00:00,2 days 00:00:00,48,34.97,-176.05,998.3,32.4,116.2785154044173,0.0,0.0,0.0,0.0,0.0,0.0,0.0,0.0,0.0,0.0,0.0,0.0
2026-09-11,EP122026,38,2026-09-13 06:00:00,2 days 06:00:00,54,34.89,-178.16,998.6,38.0,74.48376492321424,6.9150757635523945,0.0,0.0,74.48376492321424,0.0,0.0,0.0,0.0,0.0,0.0,0.0,0.0
2026-09-11,EP122026,38,2026-09-13 12:00:00,2 days 12:00:00,60,33.83,-179.28,996.8,39.0,55.22377935756617,2.9894276767415704,0.0,0.0,55.22377935756617,0.0,0.0,0.0,0.0,0.0,0.0,0.0,0.0
2026-09-11,EP122026,38,2026-09-13 18:00:00,2 days 18:00:00,66,33.26,-179.31,1008.4,27.7,181.15648689454943,0.0,0.0,0.0,0.0,0.0,0.0,0.0,0.0,0.0,0.0,0.0,0.0
2026-09-11,EP122026,38,2026-09-14 00:00:00,3 days 00:00:00,72,32.03,-179.64,1004.1,27.8,71.14302871943426,0.0,0.0,0.0,0.0,0.0,0.0,0.0,0.0,0.0,0.0,0.0,0.0
2026-09-11,EP142026,38,2026-09-11 00:00:00,0 days 00:00:00,0,16.4,-121.3,1002.0,41.0,74.0,111.0,,,74.0,0.0,0.0,0.0,0.0,0.0,0.0,0.0,0.0
2026-09-11,EP142026,38,2026-09-11 06:00:00,0 days 06:00:00,6,16.72,-122.5,989.7,53.0,46.72674519785515,117.20982597646356,91.30182461925818,53.33462081802029,88.44603714827892,46.72674519785515,2.8377922765140458,0.3820524264879044,4.217819643298643,0.0,0.0,0.0,0.0
2026-09-11,EP142026,38,2026-09-11 12:00:00,0 days 12:00:00,12,16.75,-123.76,987.3,62.1,19.78777498030208,119.49693760638492,87.17344597169684,46.46167552374952,96.49612907146287,19.78777498030208,8.17267146313137,5.037141405307273,11.540796892533567,0.0,0.0,0.0,0.0
2026-09-11,EP142026,38,2026-09-11 18:00:00,0 days 18:00:00,18,16.79,-124.95,974.4,75.2,19.6267205836277,193.92440255831764,148.25665677889322,95.39897718764836,158.1752800355481,19.6267205836277,0.1772819018174658,0.0,19.6267205836277,0.8203713870131217,0.1772819018174658,0.0,19.6267205836277
2026-09-11,EP142026,38,2026-09-12 00:00:00,1 days 00:00:00,24,16.86,-126.26,987.3,66.5,10.32808369829641,127.84119137074856,86.88915964900536,40.34014148539549,104.07752063823212,31.810329091344,16.84314952851121,4.777521372408376,22.00419921225017,10.32808369829641,0.0,0.0,2.054488425396975
2026-09-11,EP142026,38,2026-09-12 06:00:00,1 days 06:00:00,30,16.94,-127.46,969.8,82.8,12.524737573146432,216.82602850433375,162.52719329530314,120.16828352302184,181.1016918178132,88.1376785981943,70.78893135530892,54.88447061520893,76.01767961424032,36.68625187256095,31.676376964724675,24.635356075323596,31.983359309807195
2026-09-11,EP142026,38,2026-09-12 12:00:00,1 days 12:00:00,36,16.91,-128.37,970.6,91.7,30.28017186848713,157.9452431298903,106.00001717704532,68.77199156857971,144.1510477614928,57.43354746469562,38.03252982873767,27.6611758642542,50.1964496567842,30.28017186848713,20.632273741406017,14.651792699446675,22.713184669078093
2026-09-11,EP142026,38,2026-09-12 18:00:00,1 days 18:00:00,42,16.64,-129.19,975.3,83.7,5.409897286586698,157.48153680868484,134.71184956417756,115.84613167656914,137.56657257618423,33.44300625770127,25.15136887260705,18.703808886319777,27.482683143539106,0.38477376539484,0.0,0.0,5.409897286586698
2026-09-11,EP142026,38,2026-09-13 00:00:00,2 days 00:00:00,48,17.28,-129.98,977.5,82.2,21.756081042652863,186.01777945780012,145.30833018549993,102.0914967793455,151.89988690007368,84.31526380068456,67.0535295117779,48.39242552855666,67.80457719632636,31.23431179869617,25.626696749508213,18.64704910336669,26.281739714621978
2026-09-11,EP142026,38,2026-09-13 06:00:00,2 days 06:00:00,54,17.59,-130.81,958.1,100.3,33.83918947782966,202.0327218294341,152.443992627057,110.5214021865163,186.17345563491943,93.19598444409424,73.97317492160911,58.67362724205804,81.8024666204586,53.920550802207096,46.43698414821633,38.33655511770382,47.448600828344986
2026-09-11,EP142026,38,2026-09-13 12:00:00,2 days 12:00:00,60,17.83,-131.44,960.3,106.1,30.95654625598784,217.58551022690668,171.05126506869806,97.8441166041023,173.684792337878,100.1312132149526,76.21605614332489,53.13945978699699,81.89485374730205,51.50234970086959,42.02166266436882,31.995246699327463,44.43710157201197
2026-09-11,EP142026,38,2026-09-13 18:00:00,2 days 18:00:00,66,18.13,-132.45,948.8,108.9,9.86667100386915,171.379620278215,134.59637035182874,71.53098522946624,143.80645907795923,33.619529636331904,18.578572059740228,10.536528790879588,30.41484612015462,10.02793609193406,4.902649054848997,3.162519415815753,9.355295569446684
2026-09-11,EP142026,38,2026-09-14 00:00:00,3 days 00:00:00,72,18.29,-133.25,947.1,104.2,15.187505691651054,222.86414636859035,186.5170562526878,130.98657048652967,193.9788147013214,36.1486584343936,21.455638263299942,9.461617756264932,25.83694466164425,15.187505691651054,3.664390777372729,1.6791380787900998,8.196848273034703
2026-09-11,EP142026,38,2026-09-14 06:00:00,3 days 06:00:00,78,18.42,-133.7,967.0,92.2,38.03978327722963,134.15320727995478,98.77268327546278,83.53482838387905,136.96898770719312,73.08173691734211,55.05193877421792,44.13729842679177,64.6168054587796,43.207926686433325,34.6079573782998,26.94878755239533,38.17754734496268
2026-09-11,EP142026,38,2026-09-14 12:00:00,3 days 12:00:00,84,18.55,-134.55,948.7,116.2,20.32579936847118,209.16323730692915,136.5366488040404,96.98303719932127,174.5106688379352,36.57165920075646,19.67062938866664,10.831915944814124,31.804111179688583,20.32579936847118,11.265458603819203,8.444991635326872,15.866646915077467
2026-09-11,EP142026,38,2026-09-14 18:00:00,3 days 18:00:00,90,18.75,-135.48,958.3,102.3,10.040441028999918,189.3811248471643,155.7854285195628,115.87096154103156,156.42852160645958,29.72272481124496,15.734976067263908,9.492136890998076,22.680375225897844,12.995653630411937,7.248518618272811,3.423157753485656,11.126202209847808
2026-09-11,EP142026,38,2026-09-15 00:00:00,4 days 00:00:00,96,18.5,-136.33,981.0,71.9,3.7720907015428473,124.47989003378758,87.7171334270672,60.07538808942749,107.5146541950657,42.71348519871094,29.6271449926768,19.428878029764,33.538257759915915,3.7720907015428473,0.0,0.0,1.360326817293776
2026-09-11,EP142026,38,2026-09-15 06:00:00,4 days 06:00:00,102,18.77,-136.83,987.3,69.2,7.97751497388316,203.30032928466187,149.37566970782052,120.34226155354033,175.5697331819947,90.66341674321302,73.26236104041033,57.82336740765271,74.87314855290043,25.479650947606387,21.562419212494262,15.85932737268233,20.843150843062844
2026-09-11,EP142026,38,2026-09-15 12:00:00,4 days 12:00:00,108,18.4,-137.67,990.4,53.3,40.120583729784,249.31067108187463,211.8091956197573,167.89699777198814,212.523784556267,40.120583729784,0.0,0.0,0.0,0.0,0.0,0.0,0.0
2026-09-11,EP142026,38,2026-09-15 18:00:00,4 days 18:00:00,114,18.0,-138.73,991.8,55.7,12.341977456666656,169.13255412032936,133.80814987845253,112.05026215326808,148.17670917328837,28.869952017819344,22.10674756085796,15.78301499190908,23.15563890657504,0.0,0.0,0.0,0.0
2026-09-11,EP142026,38,2026-09-16 00:00:00,5 days 00:00:00,120,17.77,-139.41,1000.1,44.1,59.4821027950947,123.64362645173333,99.15771337725596,78.28395017703653,102.70837571549548,0.0,0.0,0.0,0.0,0.0,0.0,0.0,0.0
2026-09-11,EP142026,38,2026-09-16 06:00:00,5 days 06:00:00,126,17.59,-140.62,998.3,42.5,51.38070651345976,132.7173960213628,103.66263704293732,76.98940747332934,115.82746692962002,0.0,0.0,0.0,0.0,0.0,0.0,0.0,0.0
2026-09-11,EP142026,38,2026-09-16 12:00:00,5 days 12:00:00,132,16.94,-141.65,998.4,41.4,114.35911977716228,114.35911977716228,0.0,0.0,12.225782684024267,0.0,0.0,0.0,0.0,0.0,0.0,0.0,0.0
2026-09-11,EP142026,38,2026-09-16 18:00:00,5 days 18:00:00,138,16.8,-142.54,998.3,38.9,84.78455861514976,84.78455861514976,65.76123519385936,52.25027485381787,68.297581606182,0.0,0.0,0.0,0.0,0.0,0.0,0.0,0.0
2026-09-11,EP142026,38,2026-09-17 00:00:00,6 days 00:00:00,144,16.33,-143.45,997.0,43.6,48.6489279998796,70.94338162981676,45.73553135506566,28.027329448826755,58.546969343775736,0.0,0.0,0.0,0.0,0.0,0.0,0.0,0.0
2026-09-11,EP142026,38,2026-09-17 06:00:00,6 days 06:00:00,150,15.69,-144.58,996.9,50.9,65.59545825004446,120.30980317394123,98.83905940092384,72.02111723560837,101.4569374317658,0.2106102600609558,0.0,0.0,65.59545825004446,0.0,0.0,0.0,0.0
2026-09-11,EP142026,38,2026-09-17 12:00:00,6 days 12:00:00,156,14.99,-145.41,993.4,41.0,32.861929865916935,6.066318712096811,0.0,0.0,32.861929865916935,0.0,0.0,0.0,0.0,0.0,0.0,0.0,0.0
2026-09-11,EP142026,38,2026-09-17 18:00:00,6 days 18:00:00,162,14.88,-145.93,1002.5,33.4,58.03457919075794,0.0,0.0,0.0,0.0,0.0,0.0,0.0,0.0,0.0,0.0,0.0,0.0
2026-09-11,EP142026,38,2026-09-18 00:00:00,7 days 00:00:00,168,14.6,-146.65,1000.9,34.8,85.10639176962081,85.10639176962081,2.18341561785277,0.0,6.5511732351608725,0.0,0.0,0.0,0.0,0.0,0.0,0.0,0.0
2026-09-11,EP142026,38,2026-09-18 06:00:00,7 days 06:00:00,174,14.64,-146.9,1000.7,40.9,39.77555028935444,39.77555028935444,6.210558080997259,1.282836117106001,14.43151769810686,0.0,0.0,0.0,0.0,0.0,0.0,0.0,0.0
2026-09-11,EP142026,38,2026-09-18 12:00:00,7 days 12:00:00,180,14.62,-147.43,1000.0,40.4,67.79531810178929,86.48054354394696,72.27276108256878,51.58160208016058,71.45839044310115,0.0,0.0,0.0,0.0,0.0,0.0,0.0,0.0
2026-09-11,EP142026,38,2026-09-18 18:00:00,7 days 18:00:00,186,14.56,-147.71,1003.6,32.2,88.1062938571134,0.0,0.0,0.0,0.0,0.0,0.0,0.0,0.0,0.0,0.0,0.0,0.0
2026-09-11,EP142026,38,2026-09-19 00:00:00,8 days 00:00:00,192,14.65,-148.14,1002.3,29.0,98.0065138447437,0.0,0.0,0.0,0.0,0.0,0.0,0.0,0.0,0.0,0.0,0.0,0.0
2026-09-11,EP142026,38,2026-09-19 06:00:00,8 days 06:00:00,198,14.3,-148.2,1004.6,27.2,64.10059916786274,0.0,0.0,0.0,0.0,0.0,0.0,0.0,0.0,0.0,0.0,0.0,0.0
2026-09-11,EP142026,38,2026-09-19 12:00:00,8 days 12:00:00,204,14.21,-148.9,1003.8,29.0,93.729495741544,0.0,0.0,0.0,0.0,0.0,0.0,0.0,0.0,0.0,0.0,0.0,0.0
2026-09-11,EP142026,38,2026-09-19 18:00:00,8 days 18:00:00,210,13.61,-149.7,1008.6,25.6,88.01246732585645,0.0,0.0,0.0,0.0,0.0,0.0,0.0,0.0,0.0,0.0,0.0,0.0
2026-09-11,EP142026,38,2026-09-20 00:00:00,9 days 00:00:00,216,13.79,-149.79,1005.5,21.5,56.20338716976098,0.0,0.0,0.0,0.0,0.0,0.0,0.0,0.0,0.0,0.0,0.0,0.0
2026-09-11,EP142026,38,2026-09-20 06:00:00,9 days 06:00:00,222,13.35,-150.53,1008.4,19.1,118.868424504015,0.0,0.0,0.0,0.0,0.0,0.0,0.0,0.0,0.0,0.0,0.0,0.0
2026-09-11,EP142026,38,2026-09-20 12:00:00,9 days 12:00:00,228,13.17,-151.1,1005.5,18.9,100.80637538374162,0.0,0.0,0.0,0.0,0.0,0.0,0.0,0.0,0.0,0.0,0.0,0.0
2026-09-11,EP142026,38,2026-09-20 18:00:00,9 days 18:00:00,234,12.48,-151.89,1005.6,24.2,103.9959117243113,0.0,0.0,0.0,0.0,0.0,0.0,0.0,0.0,0.0,0.0,0.0,0.0
2026-09-11,EP142026,38,2026-09-21 00:00:00,10 days 00:00:00,240,11.91,-152.82,1002.0,25.9,59.944813238964485,0.0,0.0,0.0,0.0,0.0,0.0,0.0,0.0,0.0,0.0,0.0,0.0
2026-09-11,EP142026,38,2026-09-21 06:00:00,10 days 06:00:00,246,11.13,-152.78,1007.0,19.1,138.78503644670937,0.0,0.0,0.0,0.0,0.0,0.0,0.0,0.0,0.0,0.0,0.0,0.0
2026-09-11,EP122026,39,2026-09-11 00:00:00,0 days 00:00:00,0,29.0,-169.5,997.0,45.0,148.0,297.0,148.0,,222.0,0.0,0.0,0.0,0.0,0.0,0.0,0.0,0.0
2026-09-11,EP122026,39,2026-09-11 06:00:00,0 days 06:00:00,6,29.52,-170.91,1002.4,32.0,65.61571237818939,0.0,0.0,0.0,0.0,0.0,0.0,0.0,0.0,0.0,0.0,0.0,0.0
2026-09-11,EP122026,39,2026-09-11 12:00:00,0 days 12:00:00,12,28.88,-171.66,998.9,37.6,140.97362232366572,140.97362232366572,18.534920339012416,3.186318168664002,21.72045779657472,0.0,0.0,0.0,0.0,0.0,0.0,0.0,0.0
2026-09-11,EP122026,39,2026-09-11 18:00:00,0 days 18:00:00,18,29.31,-172.02,999.1,29.6,142.88925771324486,0.0,0.0,0.0,0.0,0.0,0.0,0.0,0.0,0.0,0.0,0.0,0.0
2026-09-11,EP122026,39,2026-09-12 00:00:00,1 days 00:00:00,24,30.06,-172.12,1001.4,26.6,128.88557281692047,0.0,0.0,0.0,0.0,0.0,0.0,0.0,0.0,0.0,0.0,0.0,0.0
2026-09-11,EP122026,39,2026-09-12 06:00:00,1 days 06:00:00,30,30.51,-171.44,997.9,41.1,195.0379598291732,195.0379598291732,162.21136673410825,109.39310556070798,135.95418654575275,0.0,0.0,0.0,0.0,0.0,0.0,0.0,0.0
2026-09-11,EP142026,39,2026-09-11 00:00:00,0 days 00:00:00,0,16.4,-121.3,1002.0,41.0,74.0,111.0,,,74.0,0.0,0.0,0.0,0.0,0.0,0.0,0.0,0.0
2026-09-11,EP142026,39,2026-09-11 06:00:00,0 days 06:00:00,6,16.74,-122.58,993.2,60.4,51.64488414657571,152.73436521974338,119.16199829036226,54.52964032658528,100.59224651463366,51.64488414657571,0.3333468562000314,0.0,0.4735486260181885,0.0,0.0,0.0,0.0
2026-09-11,EP142026,39,2026-09-11 12:00:00,0 days 12:00:00,12,16.87,-123.87,993.6,57.3,66.35093489235894,171.8587632274179,132.16958257275397,78.434832676942,127.0601730631073,66.35093489235894,0.0,0.0,0.0,0.0,0.0,0.0,0.0
2026-09-11,EP142026,39,2026-09-11 18:00:00,0 days 18:00:00,18,16.78,-125.42,989.7,67.5,26.935008058993915,101.26483201075254,77.09282420560443,46.87032788715164,87.31433988935527,26.935008058993915,14.742964983947385,7.548269423649698,15.422557692542313,26.935008058993915,0.0,0.0,0.0
2026-09-11,EP142026,39,2026-09-12 00:00:00,1 days 00:00:00,24,17.07,-126.26,989.3,56.4,35.13741471999177,132.69103962378213,103.46245433644869,55.58405087200212,110.87896723510204,35.13741471999177,19.989600121972504,10.495380140287176,21.942534566125552,0.0,0.0,0.0,0.0
2026-09-11,EP142026,39,2026-09-12 06:00:00,1 days 06:00:00,30,17.34,-127.3,994.0,57.0,56.15863459383009,184.10587081809132,137.2022274224873,86.57469847578638,157.26741027663152,57.81788245675201,39.00759853088855,23.73559909452842,37.58964126023466,0.0,0.0,0.0,0.0
2026-09-11,EP142026,39,2026-09-12 12:00:00,1 days 12:00:00,36,17.57,-128.18,989.4,62.5,29.312997446685543,130.55151751664656,105.80587012291345,73.3003036184079,114.73557046208036,29.312997446685543,2.9044212829718403,0.0,6.370294154549317,0.0,0.0,0.0,0.0
2026-09-11,EP142026,39,2026-09-12 18:00:00,1 days 18:00:00,42,17.99,-129.35,990.0,61.9,21.41536692843618,154.52853724336538,114.75086360268456,72.75737719760428,132.01613152594678,21.41536692843618,6.774891107367788,1.4749084218566295,13.203386096180296,0.0,0.0,0.0,0.0
2026-09-11,EP142026,39,2026-09-13 00:00:00,2 days 00:00:00,48,18.21,-130.23,992.7,59.5,16.00819919905676,147.5280718183081,105.29688939852248,71.7864514492535,134.82483918398813,41.268580746009256,25.021728253637665,14.276852924118003,28.92550860228356,0.0,0.0,0.0,0.0
2026-09-11,EP142026,39,2026-09-13 06:00:00,2 days 06:00:00,54,18.28,-131.49,995.7,56.3,59.1940411960111,162.71152364405785,126.17649505649374,78.96242321413425,141.8453974321444,70.64874662521757,48.455719071837024,30.85562889916584,53.83710865812023,0.0,0.0,0.0,0.0
2026-09-11,EP142026,39,2026-09-13 12:00:00,2 days 12:00:00,60,18.69,-132.57,992.0,54.3,46.44810400859983,206.4140224097789,159.0953106322376,111.06936726696952,186.11871875666364,107.6698702317512,81.2541311221848,56.51639629657089,81.81180007167467,0.0,0.0,0.0,0.0
2026-09-11,EP142026,39,2026-09-13 18:00:00,2 days 18:00:00,66,18.88,-132.61,944.2,116.2,0.0,72.06299690448273,78.03680199783349,66.83002470770975,70.84682021791544,11.134454191998293,9.82058060860415,8.86828784124169,10.047136093587088,9.46884471028389,8.657144774519441,6.990820695778194,8.672910406781204
2026-09-11,EP142026,39,2026-09-14 00:00:00,3 days 00:00:00,72,18.93,-134.41,1004.2,33.9,29.98168160048141,0.0,0.0,0.0,0.0,0.0,0.0,0.0,0.0,0.0,0.0,0.0,0.0
2026-09-11,EP142026,39,2026-09-14 06:00:00,3 days 06:00:00,78,19.21,-135.27,1002.9,40.4,57.56502175084279,57.56502175084279,0.0,0.0,4.4225095351412165,0.0,0.0,0.0,0.0,0.0,0.0,0.0,0.0
2026-09-11,EP142026,39,2026-09-14 12:00:00,3 days 12:00:00,84,19.05,-136.48,1000.2,37.9,84.36465530851541,167.56790780079842,134.22438436441303,92.93545299127724,141.59687564471065,0.0,0.0,0.0,0.0,0.0,0.0,0.0,0.0
2026-09-11,EP142026,39,2026-09-14 18:00:00,3 days 18:00:00,90,18.82,-137.63,1002.2,33.0,78.84443106954859,0.0,0.0,0.0,0.0,0.0,0.0,0.0,0.0,0.0,0.0,0.0,0.0
2026-09-11,EP142026,39,2026-09-15 00:00:00,4 days 00:00:00,96,19.04,-139.03,1005.5,31.5,53.222180931596114,0.0,0.0,0.0,0.0,0.0,0.0,0.0,0.0,0.0,0.0,0.0,0.0
2026-09-11,EP142026,39,2026-09-15 06:00:00,4 days 06:00:00,102,18.85,-140.47,1005.9,23.2,82.67263433952901,0.0,0.0,0.0,0.0,0.0,0.0,0.0,0.0,0.0,0.0,0.0,0.0
2026-09-11,EP142026,39,2026-09-15 12:00:00,4 days 12:00:00,108,18.93,-141.37,1003.9,28.5,96.75926390891864,0.0,0.0,0.0,0.0,0.0,0.0,0.0,0.0,0.0,0.0,0.0,0.0
2026-09-11,EP122026,4,2026-09-11 00:00:00,0 days 00:00:00,0,29.0,-169.5,997.0,45.0,148.0,297.0,148.0,,222.0,0.0,0.0,0.0,0.0,0.0,0.0,0.0,0.0
2026-09-11,EP122026,4,2026-09-11 06:00:00,0 days 06:00:00,6,28.84,-170.61,996.9,40.0,87.38129812267198,87.38129812267198,0.2357926713220024,0.0,2.986659070949713,0.0,0.0,0.0,0.0,0.0,0.0,0.0,0.0
2026-09-11,EP122026,4,2026-09-11 12:00:00,0 days 12:00:00,12,29.27,-171.59,1002.3,28.9,66.73102646824503,0.0,0.0,0.0,0.0,0.0,0.0,0.0,0.0,0.0,0.0,0.0,0.0
2026-09-11,EP122026,4,2026-09-11 18:00:00,0 days 18:00:00,18,30.0,-171.82,998.3,32.4,87.92216288893185,0.0,0.0,0.0,0.0,0.0,0.0,0.0,0.0,0.0,0.0,0.0,0.0
2026-09-11,EP122026,4,2026-09-12 00:00:00,1 days 00:00:00,24,30.53,-172.01,1003.7,35.0,175.38694637351728,175.38694637351728,0.0,0.0,6.024684538476304,0.0,0.0,0.0,0.0,0.0,0.0,0.0,0.0
2026-09-11,EP122026,4,2026-09-12 06:00:00,1 days 06:00:00,30,31.91,-171.33,988.9,46.6,70.11567384963419,70.11567384963419,56.569118541146686,19.368755202733155,18.450278851956742,0.0,0.0,0.0,0.0,0.0,0.0,0.0,0.0
2026-09-11,EP122026,4,2026-09-12 12:00:00,1 days 12:00:00,36,33.26,-172.5,995.3,50.3,145.47709448597965,145.47709448597965,4.855819960212003,0.0,145.47709448597965,0.0,0.0,0.0,145.47709448597965,0.0,0.0,0.0,0.0
2026-09-11,EP122026,4,2026-09-12 18:00:00,1 days 18:00:00,42,34.58,-174.38,996.0,39.1,62.34850553761652,62.34850553761652,0.0,0.0,0.8391873553713722,0.0,0.0,0.0,0.0,0.0,0.0,0.0,0.0
2026-09-11,EP122026,4,2026-09-13 00:00:00,2 days 00:00:00,48,34.29,-176.98,992.0,41.7,37.7996382521124,4.349303691936001,3.0444051056969386,0.0,37.7996382521124,0.0,0.0,0.0,0.0,0.0,0.0,0.0,0.0
2026-09-11,EP122026,4,2026-09-13 06:00:00,2 days 06:00:00,54,33.36,-176.47,995.6,40.3,153.06571454525434,19.283186810634778,0.6116349335351217,13.217247382951651,153.06571454525434,0.0,0.0,0.0,0.0,0.0,0.0,0.0,0.0
2026-09-11,EP142026,4,2026-09-11 00:00:00,0 days 00:00:00,0,16.4,-121.3,1002.0,41.0,74.0,111.0,,,74.0,0.0,0.0,0.0,0.0,0.0,0.0,0.0,0.0
2026-09-11,EP142026,4,2026-09-11 06:00:00,0 days 06:00:00,6,16.66,-122.46,982.9,71.1,8.147745273852394,136.60552701925684,98.38236417240564,56.64679717379036,103.18197165001482,8.147745273852394,2.84240728218316,0.0,3.1928993895406386,8.147745273852394,0.0,0.0,0.6035853707331373
2026-09-11,EP142026,4,2026-09-11 12:00:00,0 days 12:00:00,12,16.58,-123.33,984.7,68.9,0.0,122.88819357159316,96.15402085890268,63.6609806879421,108.65246443487068,20.13198576690448,16.173836308684155,11.96383724125968,17.447174699961163,0.787739427752865,0.0,0.0,0.2772926062718146
2026-09-11,EP142026,4,2026-09-11 18:00:00,0 days 18:00:00,18,16.84,-124.9,982.0,71.2,29.99691124053992,180.2511272574197,129.76306068433513,85.32202073411035,160.66497586412848,87.73852628388534,68.12896779199359,48.46162647148988,70.61177355223244,38.51214511036969,32.64946648266814,24.913475388350093,33.06954404342121
2026-09-11,EP142026,4,2026-09-12 00:00:00,1 days 00:00:00,24,16.65,-125.85,992.2,56.4,32.35744235166439,130.5083792022885,103.96158103159662,68.73341570124401,112.03880625958158,32.35744235166439,0.755130676511202,0.0,2.0491608197579576,0.0,0.0,0.0,0.0
2026-09-11,EP142026,4,2026-09-12 06:00:00,1 days 06:00:00,30,17.14,-126.88,974.8,81.8,0.0,152.15116826710982,114.52385624532872,82.13516155035359,132.84535329042228,64.36172732675914,46.84396637358077,30.158874671164085,52.1302701512559,27.12140535373192,20.04455101672465,13.757123216863532,21.99118973118925
2026-09-11,EP142026,4,2026-09-12 12:00:00,1 days 12:00:00,36,17.33,-127.83,974.7,80.1,25.68755177590204,115.80995723897834,64.97463575231093,52.34489244530165,111.05283219824992,42.33363721930751,27.702801895421903,16.851407832054203,40.35609634574863,25.68755177590204,13.327480909061537,9.532036466154532,16.902500522111303
2026-09-11,EP142026,4,2026-09-12 18:00:00,1 days 18:00:00,42,17.57,-128.76,957.6,100.3,3.237145389222892,157.06823840942226,112.97173846243224,98.6159443402515,146.81016904836417,73.63883144272239,54.97778159762149,43.48708577471108,68.33424514576008,37.35161266048704,29.138354651012424,22.217895499546707,31.717269141085573
2026-09-11,EP142026,4,2026-09-13 00:00:00,2 days 00:00:00,48,18.02,-129.5,953.0,110.4,13.423752307352885,119.24714784187536,103.21022868816355,89.07674456474984,122.24726343634438,62.76517806209489,48.80462638799844,39.93562546572719,58.00785724200131,33.729921226596844,27.661352221509617,22.857906987955506,29.33965359470496
2026-09-11,EP142026,4,2026-09-13 06:00:00,2 days 06:00:00,54,18.44,-130.33,952.8,113.4,12.364903892900358,83.57354230438182,43.346099337044585,28.970121367574407,78.48875306727356,2.560599684655049,0.0,0.0,12.364903892900358,1.091701349553566,0.0,0.0,12.364903892900358
2026-09-11,EP142026,4,2026-09-13 12:00:00,2 days 12:00:00,60,18.31,-131.25,955.9,108.5,26.85847505769273,160.7107286622129,117.30366323326896,82.87671505068286,129.61520359610154,71.5164711100881,53.865483678321326,39.11675148250987,62.60321465243108,38.06327012428866,30.30836091748933,25.158898771633883,33.46627829562506
2026-09-11,EP142026,4,2026-09-13 18:00:00,2 days 18:00:00,66,18.71,-131.96,970.0,93.1,21.69603545636096,191.53605094071557,124.6278635808003,118.04600873040818,187.96632334230708,106.260236382288,88.03149793834564,74.01092338812373,97.64611161099263,56.27157359363446,48.474262812196685,41.763726964955936,50.47071142552704
2026-09-11,EP142026,4,2026-09-14 00:00:00,3 days 00:00:00,72,18.63,-132.9,962.6,103.0,4.182379552415664,184.9489803777025,133.44019576994913,81.65630857907185,155.14708040451535,94.01066391885388,75.26829318948111,56.43471687732145,77.55351719011095,47.9684974128408,40.14259783606584,32.830282173300795,42.46082836906129
2026-09-11,EP142026,4,2026-09-14 06:00:00,3 days 06:00:00,78,18.64,-134.04,963.7,99.6,5.722966819450649,132.17897599359142,87.44100991289918,54.079697404293285,118.0420331991945,54.83569672170673,38.97921564962386,27.127332611755836,46.59756713136436,27.2580848232316,20.49233709160805,15.693227770222084,23.339415416031212
2026-09-11,EP142026,4,2026-09-14 12:00:00,3 days 12:00:00,84,18.45,-135.25,979.4,75.6,36.11351885060773,185.7569613159994,143.1740986765732,103.40170555834084,177.36235186964444,100.7411072599008,83.6969932484414,63.818817178774935,84.71614348040306,48.00833183320917,41.12708869638893,33.18696651652374,41.29751017655373
2026-09-11,EP142026,4,2026-09-14 18:00:00,3 days 18:00:00,90,18.5,-137.0,998.0,53.4,54.609917835445614,130.5485361733594,95.9771300206901,66.4803922320082,107.68040001681892,54.609917835445614,2.862535223448773,0.0,4.678510774329518,0.0,0.0,0.0,0.0
2026-09-11,EP142026,4,2026-09-15 00:00:00,4 days 00:00:00,96,18.64,-138.3,996.3,53.1,76.11237873456128,123.07162230059971,92.4642784879901,69.3611431719876,97.29061522568492,0.0,0.0,0.0,76.11237873456128,0.0,0.0,0.0,0.0
2026-09-11,EP142026,4,2026-09-15 06:00:00,4 days 06:00:00,102,18.36,-139.63,1003.7,37.8,44.031594286123386,91.29690065717202,75.88197091772403,56.26165244854494,75.25021209343005,0.0,0.0,0.0,0.0,0.0,0.0,0.0,0.0
2026-09-11,EP142026,4,2026-09-15 12:00:00,4 days 12:00:00,108,17.94,-140.89,1003.2,35.5,109.04144165707451,134.1209509348805,102.81953684111,86.55325221493285,104.52757924280434,0.0,0.0,0.0,0.0,0.0,0.0,0.0,0.0
2026-09-11,EP142026,4,2026-09-15 18:00:00,4 days 18:00:00,114,17.51,-142.38,1002.7,31.9,74.01966701253787,0.0,0.0,0.0,0.0,0.0,0.0,0.0,0.0,0.0,0.0,0.0,0.0
2026-09-11,EP142026,4,2026-09-16 00:00:00,5 days 00:00:00,120,17.51,-144.2,1003.3,34.5,89.72496599998344,89.72496599998344,12.449774738748346,8.26715598111101,18.22601621027145,0.0,0.0,0.0,0.0,0.0,0.0,0.0,0.0
2026-09-11,EP142026,4,2026-09-16 06:00:00,5 days 06:00:00,126,17.23,-145.58,1004.4,29.0,70.2641946693394,0.0,0.0,0.0,0.0,0.0,0.0,0.0,0.0,0.0,0.0,0.0,0.0
2026-09-11,EP142026,4,2026-09-16 12:00:00,5 days 12:00:00,132,17.07,-147.4,1003.8,23.8,105.06156410411133,0.0,0.0,0.0,0.0,0.0,0.0,0.0,0.0,0.0,0.0,0.0,0.0
2026-09-11,EP142026,4,2026-09-16 18:00:00,5 days 18:00:00,138,16.55,-149.08,1006.0,25.1,106.6531679687621,0.0,0.0,0.0,0.0,0.0,0.0,0.0,0.0,0.0,0.0,0.0,0.0
2026-09-11,EP142026,4,2026-09-17 00:00:00,6 days 00:00:00,144,16.71,-151.26,1006.3,23.6,118.06610547963004,0.0,0.0,0.0,0.0,0.0,0.0,0.0,0.0,0.0,0.0,0.0,0.0
2026-09-11,EP122026,40,2026-09-11 00:00:00,0 days 00:00:00,0,29.0,-169.5,997.0,45.0,148.0,297.0,148.0,,222.0,0.0,0.0,0.0,0.0,0.0,0.0,0.0,0.0
2026-09-11,EP122026,40,2026-09-11 06:00:00,0 days 06:00:00,6,28.92,-170.47,1000.8,34.0,126.36544790150084,0.0,0.0,0.0,0.0,0.0,0.0,0.0,0.0,0.0,0.0,0.0,0.0
2026-09-11,EP122026,40,2026-09-11 12:00:00,0 days 12:00:00,12,29.02,-171.74,1001.3,31.6,55.09944039615334,0.0,0.0,0.0,0.0,0.0,0.0,0.0,0.0,0.0,0.0,0.0,0.0
2026-09-11,EP142026,40,2026-09-11 00:00:00,0 days 00:00:00,0,16.4,-121.3,1002.0,41.0,74.0,111.0,,,74.0,0.0,0.0,0.0,0.0,0.0,0.0,0.0,0.0
2026-09-11,EP142026,40,2026-09-11 06:00:00,0 days 06:00:00,6,16.64,-122.32,986.5,60.1,55.85269295754229,95.87967371251943,61.45978378860725,17.347472004698865,74.42316261767971,55.85269295754229,7.356954515169857,1.983753479559789,9.572747413594492,0.0,0.0,0.0,0.0
2026-09-11,EP142026,40,2026-09-11 12:00:00,0 days 12:00:00,12,16.84,-123.8,971.8,83.6,18.862889788907157,159.10543865903227,113.23898076481105,67.1264771227027,135.39281513549778,67.20385549360003,43.74090391702463,20.816274025558943,52.17039751123849,26.43957619223253,17.030275245581713,9.994947176474277,20.282878573239078
2026-09-11,EP142026,40,2026-09-11 18:00:00,0 days 18:00:00,18,16.71,-125.17,954.4,105.6,1.2096228919198315,135.8616470620451,106.29735369006636,74.31453974183313,110.41734822462462,54.86021296511022,44.21282456276828,33.63954082575093,46.4537337580987,26.29783707442946,22.044346665729183,16.895011977468556,22.095066874469776
2026-09-11,EP142026,40,2026-09-12 00:00:00,1 days 00:00:00,24,17.05,-125.86,954.0,111.3,0.0,48.941930630466416,46.38795383844213,17.202137228672925,35.370895361201384,1.7362547408550393,0.0,0.0,3.546530791010856,1.3188703977738294,0.0,0.0,0.3609127654718622
2026-09-11,EP142026,40,2026-09-12 06:00:00,1 days 06:00:00,30,17.36,-126.91,944.0,121.2,17.51381278646636,113.908920802453,85.78237425877703,52.82756637232174,100.85083775079433,46.93815096946842,31.686386414929608,23.088907489432053,42.865259745243634,24.48020991305405,18.885600106452017,14.367851445931386,21.46807588917965
2026-09-11,EP142026,40,2026-09-12 12:00:00,1 days 12:00:00,36,17.7,-128.03,947.7,112.8,14.518592486966554,166.20237774710495,109.81846713815548,87.38493506203304,155.67162781624756,66.53722613662944,45.80491086615439,34.28314366238192,61.83961752923278,34.409171391541804,26.054161021108484,19.726984855645355,29.340570798995145
2026-09-11,EP142026,40,2026-09-12 18:00:00,1 days 18:00:00,42,17.81,-128.65,933.5,129.7,0.0,115.28430648273958,78.58858554577785,81.55613985699492,124.55825439395883,46.92428139965693,35.084350939162945,33.78534590754558,47.55592330990613,29.631606599443124,24.681812382614027,22.28922020329863,26.873209908067032
2026-09-11,EP142026,40,2026-09-13 00:00:00,2 days 00:00:00,48,18.29,-129.77,943.2,124.4,23.04835862066073,176.55845240791314,128.60485286052392,96.19995971663738,160.53281699242586,82.65151405552922,65.6524833060204,58.32234441676439,80.65560881698096,49.449204406160895,42.11053968563185,36.93355576022373,44.67856577241911
2026-09-11,EP142026,40,2026-09-13 06:00:00,2 days 06:00:00,54,18.24,-130.46,939.4,125.1,20.13822817402425,156.23017369318342,101.95570389582372,105.95982843125456,167.55153487411064,80.02243536727747,63.73990340082025,61.80525194639034,81.6863426655463,50.43559897416861,42.28645036431684,37.31236336899268,45.93885933724383
2026-09-11,EP142026,40,2026-09-13 12:00:00,2 days 12:00:00,60,18.52,-131.26,950.2,112.0,41.05987098115673,156.81225974823928,133.7955692703475,99.40336875944776,158.8125538014682,91.021321304412,67.82220244409613,55.274839149909,79.29685774404933,47.40712941186573,39.73160475575409,31.66207801377446,42.027362102123256
2026-09-11,EP142026,40,2026-09-13 18:00:00,2 days 18:00:00,66,18.64,-132.16,954.2,111.3,42.52125393547465,143.43153009299112,90.28597785229772,68.07382667241791,141.7707242275469,78.35029432479814,54.80937744415724,45.866192125856514,73.00569064118122,43.24863017511996,34.40519247409395,30.065102481338386,39.91088313499563
2026-09-11,EP142026,40,2026-09-14 00:00:00,3 days 00:00:00,72,18.59,-132.85,939.3,124.6,1.688640137204068,172.51428624563783,125.93523383854236,108.48707703966548,173.97203770669068,86.02820523882666,69.89285838569303,60.32960441722963,79.8751184616654,48.90615123062159,41.40273677334151,35.44968679840211,43.80676180805952
2026-09-11,EP142026,40,2026-09-14 06:00:00,3 days 06:00:00,78,18.79,-133.59,943.3,122.9,39.87463043580789,152.03205185751457,84.53266587119042,77.82051519148297,150.38447022478755,79.08370868389203,58.39761114075856,52.201134393422734,75.61072847547493,46.210366979447286,37.02450772988566,32.468446513596064,41.35712794261136
2026-09-11,EP142026,40,2026-09-14 12:00:00,3 days 12:00:00,84,18.6,-134.26,951.5,110.7,32.640136044021226,135.29808317138662,84.16751189063322,75.33906529830183,132.86122305731558,66.2408975012807,50.62572826306587,45.27343490753694,64.01398701823402,40.92128639526196,32.50295034151078,27.57111392521189,36.38265066383165
2026-09-11,EP142026,40,2026-09-14 18:00:00,3 days 18:00:00,90,18.49,-135.64,951.2,113.3,0.0,144.800317518162,90.63664124683294,77.3662529597959,129.42581900389428,71.75014834595487,53.86956543777859,43.99467189805449,60.86722492845925,35.691143404868285,29.33543238289356,23.90374050298439,31.690477796324984
2026-09-11,EP142026,40,2026-09-15 00:00:00,4 days 00:00:00,96,18.48,-136.4,966.5,94.8,30.82151252790959,143.7020419845437,90.06608710524506,64.86770043360139,130.9204755163961,72.32654010091744,54.21006923616199,43.98956925251673,63.555220592514274,39.18004709892119,30.42507599782755,25.66266975931097,33.39773251877705
2026-09-11,EP142026,40,2026-09-15 06:00:00,4 days 06:00:00,102,18.37,-137.75,986.1,63.4,10.592134277889526,88.59411021112541,54.817769275486825,28.38690599634409,74.75155836128161,2.664055267183924,0.0,0.0,10.592134277889526,0.0,0.0,0.0,0.0
2026-09-11,EP142026,40,2026-09-15 12:00:00,4 days 12:00:00,108,17.79,-139.47,990.7,57.7,72.54293279900685,171.91912851671944,133.98517259085213,106.99028034628056,144.37936217461845,72.54293279900685,0.0,0.0,1.42756822539158,0.0,0.0,0.0,0.0
2026-09-11,EP142026,40,2026-09-15 18:00:00,4 days 18:00:00,114,17.24,-141.26,1003.6,40.6,70.01229976113024,84.53746372361925,66.91707871177071,38.97182657077413,57.88558074805909,0.0,0.0,0.0,0.0,0.0,0.0,0.0,0.0
2026-09-11,EP142026,40,2026-09-16 00:00:00,5 days 00:00:00,120,16.67,-142.73,1004.1,33.7,45.54310492185283,0.0,0.0,0.0,0.0,0.0,0.0,0.0,0.0,0.0,0.0,0.0,0.0
2026-09-11,EP142026,40,2026-09-16 06:00:00,5 days 06:00:00,126,15.97,-144.43,1005.3,31.3,115.3205220425828,0.0,0.0,0.0,0.0,0.0,0.0,0.0,0.0,0.0,0.0,0.0,0.0
2026-09-11,EP142026,40,2026-09-16 12:00:00,5 days 12:00:00,132,15.11,-145.77,1006.8,34.4,97.7443452470472,199.83446443060728,170.0856210190971,139.78692588172152,162.56435797202136,0.0,0.0,0.0,0.0,0.0,0.0,0.0,0.0
2026-09-11,EP142026,40,2026-09-16 18:00:00,5 days 18:00:00,138,14.5,-147.58,1001.6,41.7,43.98650340701672,130.09995516327143,101.97895042046343,78.22984291882953,99.1877048687582,0.0,0.0,0.0,0.0,0.0,0.0,0.0,0.0
2026-09-11,EP142026,40,2026-09-17 00:00:00,6 days 00:00:00,144,13.88,-149.2,1002.3,40.3,30.145490600398155,111.26118846491636,87.04655760902011,62.855714872883865,87.23239094323687,0.0,0.0,0.0,0.0,0.0,0.0,0.0,0.0
2026-09-11,EP142026,40,2026-09-17 06:00:00,6 days 06:00:00,150,13.23,-150.3,1004.7,27.4,77.5479342861513,0.0,0.0,0.0,0.0,0.0,0.0,0.0,0.0,0.0,0.0,0.0,0.0
2026-09-11,EP142026,40,2026-09-17 12:00:00,6 days 12:00:00,156,13.39,-152.09,1003.9,36.3,63.65760735049312,92.74411733840444,72.84449198058283,56.17216175566631,68.66609129663044,0.0,0.0,0.0,0.0,0.0,0.0,0.0,0.0
2026-09-11,EP142026,40,2026-09-17 18:00:00,6 days 18:00:00,162,12.39,-153.99,1005.7,27.4,42.6952900191697,0.0,0.0,0.0,0.0,0.0,0.0,0.0,0.0,0.0,0.0,0.0,0.0
2026-09-11,EP122026,41,2026-09-11 00:00:00,0 days 00:00:00,0,29.0,-169.5,997.0,45.0,148.0,297.0,148.0,,222.0,0.0,0.0,0.0,0.0,0.0,0.0,0.0,0.0
2026-09-11,EP122026,41,2026-09-11 06:00:00,0 days 06:00:00,6,28.52,-170.22,999.0,35.8,69.90782736863474,69.90782736863474,1.1791430062749697,0.0,3.08749818964354,0.0,0.0,0.0,0.0,0.0,0.0,0.0,0.0
2026-09-11,EP122026,41,2026-09-11 12:00:00,0 days 12:00:00,12,29.03,-171.33,1002.0,34.0,100.23903812836964,0.0,0.0,0.0,0.0,0.0,0.0,0.0,0.0,0.0,0.0,0.0,0.0
2026-09-11,EP122026,41,2026-09-11 18:00:00,0 days 18:00:00,18,29.35,-171.91,997.9,37.2,80.5929247126466,80.5929247126466,52.27284356604589,34.63025256651726,52.070078686436815,0.0,0.0,0.0,0.0,0.0,0.0,0.0,0.0
2026-09-11,EP122026,41,2026-09-12 00:00:00,1 days 00:00:00,24,29.45,-171.83,1000.5,28.9,143.25284134771178,0.0,0.0,0.0,0.0,0.0,0.0,0.0,0.0,0.0,0.0,0.0,0.0
2026-09-11,EP142026,41,2026-09-11 00:00:00,0 days 00:00:00,0,16.4,-121.3,1002.0,41.0,74.0,111.0,,,74.0,0.0,0.0,0.0,0.0,0.0,0.0,0.0,0.0
2026-09-11,EP142026,41,2026-09-11 06:00:00,0 days 06:00:00,6,16.68,-122.32,991.2,49.4,28.60723271570684,122.9353713900102,80.23063116168714,52.69525885811561,96.53295230579415,0.0,0.0,0.0,0.0,0.0,0.0,0.0,0.0
2026-09-11,EP142026,41,2026-09-11 12:00:00,0 days 12:00:00,12,16.52,-123.6,985.9,68.7,25.97616811130612,156.35961581248682,111.9997193618583,68.43176855229449,137.26902652750132,56.57331267105053,38.40661824358982,23.10453973401637,44.04361008457728,25.97616811130612,15.688462735879556,10.864410807878894,16.144202233741233
2026-09-11,EP142026,41,2026-09-11 18:00:00,0 days 18:00:00,18,17.11,-124.88,995.2,60.3,43.089697291670674,144.24205078472454,106.52997959314256,51.112444626708864,104.82538744741376,43.089697291670674,0.0,0.0,1.1082633332468166,0.0,0.0,0.0,0.0
2026-09-11,EP142026,41,2026-09-12 00:00:00,1 days 00:00:00,24,16.89,-125.83,988.2,63.6,17.76386433603909,174.63287345840908,134.3075967266448,103.61828303666373,149.29093674777772,24.762907695186268,14.30916249214718,8.067991614934982,16.220621805856208,0.0,0.0,0.0,0.0
2026-09-11,EP142026,41,2026-09-12 06:00:00,1 days 06:00:00,30,17.14,-127.08,993.6,54.2,52.37311644463591,95.7247270996871,53.37734266323542,29.00923449037609,64.80920942376773,52.37311644463591,0.0,0.0,0.4884277783943824,0.0,0.0,0.0,0.0
2026-09-11,EP142026,41,2026-09-12 12:00:00,1 days 12:00:00,36,17.35,-127.71,976.7,76.6,18.983453099934856,233.57309481726796,186.9225093685995,147.25319276969242,194.43280114261063,47.19597136459845,33.563244261725714,20.3854823376839,35.44274747479599,18.983453099934856,0.0,0.0,0.0
2026-09-11,EP142026,41,2026-09-12 18:00:00,1 days 18:00:00,42,17.78,-129.22,976.8,78.8,17.352886807740127,128.23513435129112,87.03062600675459,66.22283918471688,111.78173612326222,58.52438375943338,43.73155973907004,31.96786269729665,48.63264295937378,25.63760835821327,21.528321341233244,16.629828940387064,22.540490085688784
2026-09-11,EP142026,41,2026-09-13 00:00:00,2 days 00:00:00,48,17.84,-130.09,989.9,59.3,27.16018195976042,170.19906821529474,129.5616311671108,105.0592800553982,144.00367612988097,27.16018195976042,14.449542627520232,8.383201660577122,16.764628231578953,0.0,0.0,0.0,0.0
2026-09-11,EP142026,41,2026-09-13 06:00:00,2 days 06:00:00,54,18.17,-131.38,998.5,47.8,58.15233565985286,58.15233565985286,29.720361475874103,15.47956374536786,42.65876095051854,0.0,0.0,0.0,0.0,0.0,0.0,0.0,0.0
2026-09-11,EP142026,41,2026-09-13 12:00:00,2 days 12:00:00,60,18.32,-132.46,1001.5,41.1,77.15666262453263,77.15666262453263,43.41583051586801,21.89914930840368,46.23263108056678,0.0,0.0,0.0,0.0,0.0,0.0,0.0,0.0
2026-09-11,EP142026,41,2026-09-13 18:00:00,2 days 18:00:00,66,18.82,-133.53,995.0,50.9,116.16244673333554,116.16244673333554,116.16244673333554,0.845085108975657,16.734922862247252,1.2054146472515537,116.16244673333554,0.0,0.3720696696709757,0.0,0.0,0.0,0.0
2026-09-11,EP142026,41,2026-09-14 00:00:00,3 days 00:00:00,72,19.1,-134.7,1000.4,45.2,54.22017225313922,135.20006842468686,94.3149989276178,69.25878978655483,103.29761894852471,0.0,0.0,0.0,0.0,0.0,0.0,0.0,0.0
2026-09-11,EP142026,41,2026-09-14 06:00:00,3 days 06:00:00,78,19.36,-135.82,999.6,36.9,29.140203360515528,29.140203360515528,8.5813477524419,0.3961320057148896,10.155783256150016,0.0,0.0,0.0,0.0,0.0,0.0,0.0,0.0
2026-09-11,EP142026,41,2026-09-14 12:00:00,3 days 12:00:00,84,19.56,-137.27,1004.1,30.9,79.25656163619715,0.0,0.0,0.0,0.0,0.0,0.0,0.0,0.0,0.0,0.0,0.0,0.0
2026-09-11,EP142026,41,2026-09-14 18:00:00,3 days 18:00:00,90,19.45,-138.9,1004.3,28.7,94.15713739889858,0.0,0.0,0.0,0.0,0.0,0.0,0.0,0.0,0.0,0.0,0.0,0.0
2026-09-11,EP142026,41,2026-09-15 00:00:00,4 days 00:00:00,96,19.82,-140.51,1005.8,32.7,123.6407390721847,0.0,0.0,0.0,0.0,0.0,0.0,0.0,0.0,0.0,0.0,0.0,0.0
2026-09-11,EP142026,41,2026-09-15 06:00:00,4 days 06:00:00,102,19.72,-141.96,1005.5,29.0,143.47869175881607,0.0,0.0,0.0,0.0,0.0,0.0,0.0,0.0,0.0,0.0,0.0,0.0
2026-09-11,EP142026,41,2026-09-15 12:00:00,4 days 12:00:00,108,19.81,-142.95,1003.9,32.5,93.08549808956008,0.0,0.0,0.0,0.0,0.0,0.0,0.0,0.0,0.0,0.0,0.0,0.0
2026-09-11,EP142026,41,2026-09-15 18:00:00,4 days 18:00:00,114,19.69,-143.79,1003.7,23.6,90.70323411000854,0.0,0.0,0.0,0.0,0.0,0.0,0.0,0.0,0.0,0.0,0.0,0.0
2026-09-11,EP122026,42,2026-09-11 00:00:00,0 days 00:00:00,0,29.0,-169.5,997.0,45.0,148.0,297.0,148.0,,222.0,0.0,0.0,0.0,0.0,0.0,0.0,0.0,0.0
2026-09-11,EP122026,42,2026-09-11 06:00:00,0 days 06:00:00,6,28.96,-170.67,999.6,40.0,91.13109526828995,344.9760133947077,312.251146345319,262.0203270159162,291.2158902518361,0.0,0.0,0.0,0.0,0.0,0.0,0.0,0.0
2026-09-11,EP122026,42,2026-09-11 12:00:00,0 days 12:00:00,12,28.79,-171.68,999.6,33.9,101.91437168695944,0.0,0.0,0.0,0.0,0.0,0.0,0.0,0.0,0.0,0.0,0.0,0.0
2026-09-11,EP122026,42,2026-09-11 18:00:00,0 days 18:00:00,18,29.5,-172.17,1003.5,32.3,84.54688675483449,0.0,0.0,0.0,0.0,0.0,0.0,0.0,0.0,0.0,0.0,0.0,0.0
2026-09-11,EP122026,42,2026-09-12 00:00:00,1 days 00:00:00,24,30.38,-172.49,1001.6,32.0,123.58653106403276,0.0,0.0,0.0,0.0,0.0,0.0,0.0,0.0,0.0,0.0,0.0,0.0
2026-09-11,EP142026,42,2026-09-11 00:00:00,0 days 00:00:00,0,16.4,-121.3,1002.0,41.0,74.0,111.0,,,74.0,0.0,0.0,0.0,0.0,0.0,0.0,0.0,0.0
2026-09-11,EP142026,42,2026-09-11 06:00:00,0 days 06:00:00,6,16.64,-122.28,984.0,69.4,41.7017149289046,133.00691955583312,97.97388661329327,55.95162808008193,108.02999745238336,0.4429304213527478,0.0,0.0,41.7017149289046,0.4429304213527478,0.0,0.0,41.7017149289046
2026-09-11,EP142026,42,2026-09-11 12:00:00,0 days 12:00:00,12,16.64,-123.6,990.3,54.0,47.96498719867193,90.18185404911628,57.03635075234102,27.238147396734867,75.33667344004573,47.96498719867193,16.52317804896316,9.377855525715692,18.63900829996453,0.0,0.0,0.0,0.0
2026-09-11,EP142026,42,2026-09-11 18:00:00,0 days 18:00:00,18,16.68,-124.73,987.3,64.1,37.22350765741737,120.4710691318262,75.4436955664487,40.76429903264261,100.11165728922242,37.22350765741737,3.84111800023301,0.0,37.22350765741737,0.0421126436493182,0.0,0.0,37.22350765741737
2026-09-11,EP142026,42,2026-09-12 00:00:00,1 days 00:00:00,24,16.72,-125.9,966.4,86.5,0.0,163.2047127094629,131.07172350904477,87.31393891883152,130.81162409114995,59.982182262943866,46.72154589208674,30.142246873425503,47.54434727453952,14.795841202884958,10.71178796056661,7.171774962185324,12.429710719660818
2026-09-11,EP142026,42,2026-09-12 06:00:00,1 days 06:00:00,30,17.24,-127.21,985.3,67.9,26.84418204403549,119.68392279697288,89.84294434499631,54.10229720892241,93.84459751546116,26.84418204403549,15.473866605148151,7.247663021744334,15.39048866511372,26.84418204403549,0.0,0.0,0.0537887814474506
2026-09-11,EP142026,42,2026-09-12 12:00:00,1 days 12:00:00,36,17.22,-128.03,987.9,63.6,44.42532724897998,126.22202621499152,72.02027464056835,42.25204273699701,102.35851642800456,44.42532724897998,19.35802491385776,12.78358296331535,21.526458619593644,0.0,0.0,0.0,0.0
2026-09-11,EP142026,42,2026-09-12 18:00:00,1 days 18:00:00,42,17.63,-129.28,999.5,51.4,45.37613110316053,113.9338789269989,88.78224941031337,58.69422270314472,80.72066141966793,45.37613110316053,0.0,0.0,0.0,0.0,0.0,0.0,0.0
2026-09-11,EP142026,42,2026-09-13 00:00:00,2 days 00:00:00,48,17.79,-130.32,989.9,64.8,38.615448558854496,156.6440334436993,101.87771600740098,67.93516081985354,127.53004265359414,53.95471895733408,37.95898904953174,25.45118646023957,43.40147534599669,38.615448558854496,0.3899725720836784,0.0,2.980942920906756
2026-09-11,EP142026,42,2026-09-13 06:00:00,2 days 06:00:00,54,17.77,-131.27,1005.3,45.2,55.26017114731045,85.67613664329446,58.26483250465151,42.37021525055263,75.04776189272849,0.0,0.0,0.0,0.0,0.0,0.0,0.0,0.0
2026-09-11,EP142026,42,2026-09-13 12:00:00,2 days 12:00:00,60,18.12,-132.21,994.2,56.6,34.5249387710952,154.25400500784815,118.13965002717627,84.58200363863452,126.53236403115976,34.5249387710952,0.0,0.0,0.0,0.0,0.0,0.0,0.0
2026-09-11,EP142026,42,2026-09-13 18:00:00,2 days 18:00:00,66,18.19,-133.17,1001.1,44.7,36.78637067406701,72.71275996109475,49.53567833514612,25.86748703746172,61.400272250880754,0.0,0.0,0.0,0.0,0.0,0.0,0.0,0.0
2026-09-11,EP142026,42,2026-09-14 00:00:00,3 days 00:00:00,72,18.36,-134.28,998.3,46.8,47.68499250230334,157.5866402127679,136.65587690364296,109.10985254838737,129.94510692020668,0.0,0.0,0.0,0.0,0.0,0.0,0.0,0.0
2026-09-11,EP142026,42,2026-09-14 06:00:00,3 days 06:00:00,78,18.75,-135.45,999.0,46.6,71.91099722224013,71.91099722224013,5.776617927125386,0.0,14.52672660945586,0.0,0.0,0.0,0.0,0.0,0.0,0.0,0.0
2026-09-11,EP142026,42,2026-09-14 12:00:00,3 days 12:00:00,84,18.79,-136.62,1002.9,39.7,59.628653247884586,170.0161282352508,151.04006325285263,117.2100932485132,139.11406673387842,0.0,0.0,0.0,0.0,0.0,0.0,0.0,0.0
2026-09-11,EP142026,42,2026-09-14 18:00:00,3 days 18:00:00,90,19.01,-137.62,998.5,41.6,80.86326977951997,80.86326977951997,1.5096617756205646,0.0,10.590492173627457,0.0,0.0,0.0,0.0,0.0,0.0,0.0,0.0
2026-09-11,EP142026,42,2026-09-15 00:00:00,4 days 00:00:00,96,19.03,-138.96,998.4,37.4,88.66379937722071,88.66379937722071,0.0,0.0,3.615476077154828,0.0,0.0,0.0,0.0,0.0,0.0,0.0,0.0
2026-09-11,EP142026,42,2026-09-15 06:00:00,4 days 06:00:00,102,18.89,-140.52,1004.9,30.0,120.591789478875,0.0,0.0,0.0,0.0,0.0,0.0,0.0,0.0,0.0,0.0,0.0,0.0
2026-09-11,EP142026,42,2026-09-15 12:00:00,4 days 12:00:00,108,18.82,-141.56,993.9,42.5,74.44426535342018,74.44426535342018,0.0,0.0,16.747786537453123,0.0,0.0,0.0,0.0,0.0,0.0,0.0,0.0
2026-09-11,EP142026,42,2026-09-15 18:00:00,4 days 18:00:00,114,18.72,-142.72,991.2,40.9,90.56009914814078,4.168875567510206,10.47019139098342,90.56009914814078,16.361351289676964,0.0,0.0,0.0,0.0,0.0,0.0,0.0,0.0
2026-09-11,EP122026,43,2026-09-11 00:00:00,0 days 00:00:00,0,29.0,-169.5,997.0,45.0,148.0,297.0,148.0,,222.0,0.0,0.0,0.0,0.0,0.0,0.0,0.0,0.0
2026-09-11,EP122026,43,2026-09-11 06:00:00,0 days 06:00:00,6,29.26,-171.8,1000.6,37.3,81.12941839446873,81.12941839446873,5.190288938677725,0.0,10.530130754073893,0.0,0.0,0.0,0.0,0.0,0.0,0.0,0.0
2026-09-11,EP122026,43,2026-09-11 12:00:00,0 days 12:00:00,12,28.96,-171.55,1003.2,31.9,84.21132982968075,0.0,0.0,0.0,0.0,0.0,0.0,0.0,0.0,0.0,0.0,0.0,0.0
2026-09-11,EP122026,43,2026-09-11 18:00:00,0 days 18:00:00,18,29.15,-172.07,1002.5,29.0,122.3461744923252,0.0,0.0,0.0,0.0,0.0,0.0,0.0,0.0,0.0,0.0,0.0,0.0
2026-09-11,EP122026,43,2026-09-12 00:00:00,1 days 00:00:00,24,29.59,-172.18,1000.0,28.3,167.91687898492478,0.0,0.0,0.0,0.0,0.0,0.0,0.0,0.0,0.0,0.0,0.0,0.0
2026-09-11,EP122026,43,2026-09-12 06:00:00,1 days 06:00:00,30,30.69,-171.79,1000.6,35.1,142.0193974000312,145.3644645749879,124.23567050603992,79.08138731646171,118.96490307267382,0.0,0.0,0.0,0.0,0.0,0.0,0.0,0.0
2026-09-11,EP122026,43,2026-09-12 12:00:00,1 days 12:00:00,36,32.16,-171.92,1000.5,37.8,60.42915110518452,60.42915110518452,0.0,0.0,0.0,0.0,0.0,0.0,0.0,0.0,0.0,0.0,0.0
2026-09-11,EP142026,43,2026-09-11 00:00:00,0 days 00:00:00,0,16.4,-121.3,1002.0,41.0,74.0,111.0,,,74.0,0.0,0.0,0.0,0.0,0.0,0.0,0.0,0.0
2026-09-11,EP142026,43,2026-09-11 06:00:00,0 days 06:00:00,6,16.69,-122.39,989.1,59.5,23.44262988439114,136.6377640835849,111.08922437967118,74.45088433687454,110.69005080091192,23.44262988439114,0.0,0.0,0.321464048075466,0.0,0.0,0.0,0.0
2026-09-11,EP142026,43,2026-09-11 12:00:00,0 days 12:00:00,12,16.47,-123.87,991.6,56.2,11.237412667325394,132.72549925931963,98.15191378175072,58.54822546659436,112.82981917156164,34.76677419660497,18.74766344285626,8.927988569876572,23.75280311523901,0.0,0.0,0.0,0.0
2026-09-11,EP142026,43,2026-09-11 18:00:00,0 days 18:00:00,18,16.63,-125.26,987.2,60.6,41.44956226599189,142.4933386911012,99.589956761285,51.04079025831513,114.2145847850797,54.18124438905264,33.22439716147409,21.132751100029218,38.85086502140845,0.0,0.0,0.0,0.0
2026-09-11,EP142026,43,2026-09-12 00:00:00,1 days 00:00:00,24,16.53,-126.57,993.5,58.6,34.97437012598657,81.43357108182042,56.484879079374544,34.226118546558766,59.55849934463973,34.97437012598657,2.742583120337738,0.7855640275798672,3.569744625185321,0.0,0.0,0.0,0.0
2026-09-11,EP142026,43,2026-09-12 06:00:00,1 days 06:00:00,30,16.9,-126.97,993.8,53.2,84.7299962434002,206.1711191356859,166.94582936613608,91.33204679293569,161.20618673440094,84.7299962434002,22.28794411971289,10.737543423367107,21.632910574696183,0.0,0.0,0.0,0.0
2026-09-11,EP142026,43,2026-09-12 12:00:00,1 days 12:00:00,36,17.09,-128.12,996.2,53.5,47.83955366106597,123.37425768419756,92.8688972214432,59.047459440315855,90.62872565574806,47.83955366106597,0.0,0.0,0.0,0.0,0.0,0.0,0.0
2026-09-11,EP142026,43,2026-09-12 18:00:00,1 days 18:00:00,42,17.51,-128.92,990.8,58.9,30.169434259351227,140.11338412485227,101.0932640040294,71.30629864019417,120.05957520928128,34.290478671896,20.209993957984327,11.551516784595936,23.94560231429817,0.0,0.0,0.0,0.0
2026-09-11,EP142026,43,2026-09-13 00:00:00,2 days 00:00:00,48,17.91,-130.0,989.5,56.6,27.77415899217189,159.7525013005626,109.42441766192728,69.17679451715424,148.58173054011414,59.71286541312394,38.45596601752747,21.940146394517008,41.29368698395807,0.0,0.0,0.0,0.0
2026-09-11,EP142026,43,2026-09-13 06:00:00,2 days 06:00:00,54,18.14,-131.02,985.8,63.1,23.94564373387296,99.6434283419317,82.79184549821446,42.25720046559405,81.6580754973264,23.94564373387296,0.0,0.0,1.0931062517135643,0.0,0.0,0.0,0.0
2026-09-11,EP142026,43,2026-09-13 12:00:00,2 days 12:00:00,60,18.62,-132.37,993.3,58.2,43.97428882160144,166.95667622696195,125.76781362259842,76.78860857102826,135.4212141973744,49.93041446364906,31.5250707123,19.27711876977837,31.19682970371156,0.0,0.0,0.0,0.0
2026-09-11,EP142026,43,2026-09-13 18:00:00,2 days 18:00:00,66,18.73,-133.24,989.9,67.9,26.654388914092227,168.14689276086966,108.3107051231394,70.06819512609917,160.0953280723733,68.1827103343135,42.42336052983586,26.660429840293737,51.369667898912574,26.654388914092227,2.77358469765882,2.080543323369052,6.566117971488649
2026-09-11,EP142026,43,2026-09-14 00:00:00,3 days 00:00:00,72,18.95,-134.78,983.7,72.5,19.866352103626298,205.70493162300795,167.08258039850307,97.80223354777344,166.29057521596383,94.28340704863147,73.17431515689566,49.8581058267427,73.68662834986355,23.540092902022195,19.769860802621597,15.080211032488236,20.211565026037174
2026-09-11,EP142026,43,2026-09-14 06:00:00,3 days 06:00:00,78,18.87,-135.77,996.8,59.0,27.45492903210845,128.9346112989072,100.20783361203048,72.847092403425,104.80011384476634,27.45492903210845,3.892760765699822,0.7770847430642354,8.573477017938476,0.0,0.0,0.0,0.0
2026-09-11,EP142026,43,2026-09-14 12:00:00,3 days 12:00:00,84,18.96,-137.0,1001.0,51.7,56.38968831859104,117.39808510055784,91.31758020722972,77.38699187472847,109.65868457188476,56.38968831859104,0.0,0.0,3.235013354062735,0.0,0.0,0.0,0.0
2026-09-11,EP142026,43,2026-09-14 18:00:00,3 days 18:00:00,90,18.74,-138.2,996.6,43.4,95.81482690960988,105.19340499662704,69.387613820726,52.23034440837499,88.59982191313006,0.0,0.0,0.0,0.0,0.0,0.0,0.0,0.0
2026-09-11,EP142026,43,2026-09-15 00:00:00,4 days 00:00:00,96,18.55,-139.19,1001.4,44.1,49.91184698711109,130.83144705226806,97.28386795403269,79.63206251709155,115.70262463115988,0.0,0.0,0.0,0.0,0.0,0.0,0.0,0.0
2026-09-11,EP142026,43,2026-09-15 06:00:00,4 days 06:00:00,102,18.73,-140.76,1002.1,36.7,49.55279200919188,49.55279200919188,2.0559784172771174,0.0,10.527441793114008,0.0,0.0,0.0,0.0,0.0,0.0,0.0,0.0
2026-09-11,EP142026,43,2026-09-15 12:00:00,4 days 12:00:00,108,18.83,-141.68,1003.2,35.8,71.52218884820263,71.52218884820263,5.313518380801099,0.0,10.427376522119488,0.0,0.0,0.0,0.0,0.0,0.0,0.0,0.0
2026-09-11,EP142026,43,2026-09-15 18:00:00,4 days 18:00:00,114,18.98,-142.99,1003.8,29.7,69.20616015180713,0.0,0.0,0.0,0.0,0.0,0.0,0.0,0.0,0.0,0.0,0.0,0.0
2026-09-11,EP142026,43,2026-09-16 00:00:00,5 days 00:00:00,120,18.63,-143.8,1005.2,35.1,74.78777555090792,74.78777555090792,51.17203832114841,22.524349951787084,57.0855395391587,0.0,0.0,0.0,0.0,0.0,0.0,0.0,0.0
2026-09-11,EP142026,43,2026-09-16 06:00:00,5 days 06:00:00,126,18.41,-145.49,1007.2,29.1,96.44786401039867,0.0,0.0,0.0,0.0,0.0,0.0,0.0,0.0,0.0,0.0,0.0,0.0
2026-09-11,EP142026,43,2026-09-16 12:00:00,5 days 12:00:00,132,18.27,-147.21,1005.5,29.7,62.56461990799399,0.0,0.0,0.0,0.0,0.0,0.0,0.0,0.0,0.0,0.0,0.0,0.0
2026-09-11,EP142026,43,2026-09-16 18:00:00,5 days 18:00:00,138,17.76,-148.81,1007.2,30.0,106.453619254308,0.0,0.0,0.0,0.0,0.0,0.0,0.0,0.0,0.0,0.0,0.0,0.0
2026-09-11,EP142026,43,2026-09-17 00:00:00,6 days 00:00:00,144,17.44,-150.63,1006.8,29.7,70.39546183322204,0.0,0.0,0.0,0.0,0.0,0.0,0.0,0.0,0.0,0.0,0.0,0.0
2026-09-11,EP122026,44,2026-09-11 00:00:00,0 days 00:00:00,0,29.0,-169.5,997.0,45.0,148.0,297.0,148.0,,222.0,0.0,0.0,0.0,0.0,0.0,0.0,0.0,0.0
2026-09-11,EP122026,44,2026-09-11 06:00:00,0 days 06:00:00,6,29.35,-170.67,1002.0,39.7,134.92635495978809,134.92635495978809,0.0,0.0,0.0,0.0,0.0,0.0,0.0,0.0,0.0,0.0,0.0
2026-09-11,EP122026,44,2026-09-11 12:00:00,0 days 12:00:00,12,28.96,-171.61,1003.2,29.1,148.2179359215504,0.0,0.0,0.0,0.0,0.0,0.0,0.0,0.0,0.0,0.0,0.0,0.0
2026-09-11,EP122026,44,2026-09-11 18:00:00,0 days 18:00:00,18,29.45,-172.28,1000.6,29.8,71.96269331044513,0.0,0.0,0.0,0.0,0.0,0.0,0.0,0.0,0.0,0.0,0.0,0.0
2026-09-11,EP122026,44,2026-09-12 00:00:00,1 days 00:00:00,24,30.06,-172.14,1002.1,35.9,123.52766012206392,123.52766012206392,0.0,0.0,0.0,0.0,0.0,0.0,0.0,0.0,0.0,0.0,0.0
2026-09-11,EP122026,44,2026-09-12 06:00:00,1 days 06:00:00,30,31.03,-172.01,1001.4,37.2,100.9939705555743,100.9939705555743,0.0,0.0,0.0,0.0,0.0,0.0,0.0,0.0,0.0,0.0,0.0
2026-09-11,EP142026,44,2026-09-11 00:00:00,0 days 00:00:00,0,16.4,-121.3,1002.0,41.0,74.0,111.0,,,74.0,0.0,0.0,0.0,0.0,0.0,0.0,0.0,0.0
2026-09-11,EP142026,44,2026-09-11 06:00:00,0 days 06:00:00,6,16.47,-122.19,978.3,77.3,22.65679041466121,174.68217106565837,132.36737124078135,73.11022144420129,140.9410499211042,41.6690949164764,26.68431079802373,12.127126491951874,30.83319386308771,22.65679041466121,8.739142400590993,4.3402470231446655,10.57547551181028
2026-09-11,EP142026,44,2026-09-11 12:00:00,0 days 12:00:00,12,17.0,-123.53,967.6,97.3,18.563798876998614,130.81369001308832,103.18901373773198,76.74425414764755,115.10823506676914,58.10659416479804,42.0125694104817,25.334431738877583,48.29170525087241,27.525717251410427,19.07275501022184,12.996437739971594,22.02867514415633
2026-09-11,EP142026,44,2026-09-11 18:00:00,0 days 18:00:00,18,16.9,-124.56,973.3,87.6,18.619086146632245,176.04265204672038,129.7550477599858,82.1077800620655,159.6263407189396,85.8713873905308,65.90223542080318,47.49772790136432,72.25595315295877,40.88044679175647,32.86041046522152,26.13202738671872,35.12849363781483
2026-09-11,EP142026,44,2026-09-12 00:00:00,1 days 00:00:00,24,17.16,-125.74,947.8,118.8,8.628968876374842,85.05788341571969,54.82962497952997,38.50865721088465,91.8851715497474,15.276820181911823,3.315542804428685,1.772516187960977,13.988674025290615,8.628968876374842,3.315542804428685,1.772516187960977,6.825924724043185
2026-09-11,EP142026,44,2026-09-12 06:00:00,1 days 06:00:00,30,17.24,-126.89,949.5,116.7,0.0,88.5674409941924,68.83063461816955,46.35053021494721,82.20046730520227,36.33117962911665,24.853541667261236,17.859269062971002,31.244831680042942,17.15992782208756,13.826477984113438,11.784740559731166,15.44391334980648
2026-09-11,EP142026,44,2026-09-12 12:00:00,1 days 12:00:00,36,17.46,-127.83,938.5,129.6,5.245074689817194,118.85825180309942,79.5260226941429,61.10249532148418,115.23106325314626,5.245074689817194,0.0,0.0,3.026961063233307,5.245074689817194,0.0,0.0,1.8860423332695528
2026-09-11,EP142026,44,2026-09-12 18:00:00,1 days 18:00:00,42,17.9,-128.91,942.1,118.5,46.36337676234452,142.3642431338165,94.90408730295395,77.15541080976621,143.1238827489658,67.5467945641542,49.64081510266792,44.83140959163672,64.40799287781559,46.36337676234452,33.65566284031661,30.40725441272592,37.87442571769378
2026-09-11,EP142026,44,2026-09-13 00:00:00,2 days 00:00:00,48,18.04,-129.74,947.5,114.2,1.9157234711131323,113.45017959645033,83.91254112975895,83.82554639957549,114.53885249801957,59.20095046575506,44.32066292758238,40.96004415970602,53.59742441435879,35.37893059023326,29.77805105423039,27.75132534253301,32.9841006723247
2026-09-11,EP142026,44,2026-09-13 06:00:00,2 days 06:00:00,54,18.56,-130.6,951.0,114.5,22.21523645679736,221.9321608514364,176.07132491545372,115.11032555760062,195.26421705730763,107.9944906013916,85.20971150522655,67.02011560032628,94.11066322904054,51.34540874682813,43.59462739950223,35.727322315481544,45.4960469049455
2026-09-11,EP142026,44,2026-09-13 12:00:00,2 days 12:00:00,60,18.59,-131.81,950.5,108.2,0.0,124.4005929213271,96.58756269427482,83.31417783519635,130.0943235879422,33.273827473018486,19.75365485020445,15.330418461060791,32.09600347934318,18.764392110394635,13.31274201327842,11.906601831412251,16.897037216660337
2026-09-11,EP142026,44,2026-09-13 18:00:00,2 days 18:00:00,66,18.87,-132.52,967.3,91.0,18.52778937490859,147.23905588337064,116.86045081612916,85.83504564695195,139.14607839346826,79.24959483153847,64.32309144890391,52.99329460470493,69.90224184520449,44.60427822486572,37.61414099343113,33.670447314093,40.4976458778856
2026-09-11,EP142026,44,2026-09-14 00:00:00,3 days 00:00:00,72,19.06,-133.45,959.8,101.9,20.93065273600793,142.05843732905305,100.68942306302505,71.28102793914458,131.09934739141283,66.22367636163463,48.468979657578586,35.40898948700268,58.03116095590322,31.838252776171416,24.96911051028902,19.056268434297728,27.460847561437184
2026-09-11,EP142026,44,2026-09-14 06:00:00,3 days 06:00:00,78,19.2,-133.89,968.2,88.2,29.905240294303667,174.51355690061973,136.58870221981397,111.03823907512331,170.71258743914586,90.38867384697096,73.36904999639637,56.310699794329366,80.78396316449425,44.204148180580205,36.109938206681136,29.094287744180065,38.57452333851461
2026-09-11,EP142026,44,2026-09-14 12:00:00,3 days 12:00:00,84,19.12,-134.99,963.4,99.6,22.22145061683265,153.3328806000915,106.56260363967094,74.69717173982376,143.3799960621575,68.48596946937204,55.17528606769159,43.33988124009964,60.63603937088304,34.65973657176683,28.957990921351044,22.35013173897629,29.63451187274361
2026-09-11,EP142026,44,2026-09-14 18:00:00,3 days 18:00:00,90,19.28,-135.97,969.7,94.2,15.347844508786013,180.4722830716105,148.32713002445522,91.43628267512668,165.14865570306625,84.6743969712127,70.07951548376283,51.860538806298486,74.74926265173863,41.775141929620055,34.89873426762026,26.984210952063496,35.54143356023566
2026-09-11,EP142026,44,2026-09-15 00:00:00,4 days 00:00:00,96,19.29,-137.11,983.5,78.9,24.93008730595988,185.31673222733255,134.8874714664855,99.66778814398792,164.70346955796782,93.3481731861109,74.4050424769746,55.72139173355686,77.92257074048817,44.686943860556845,36.97338121849752,28.433660105232143,37.60488084817683
2026-09-11,EP142026,44,2026-09-15 06:00:00,4 days 06:00:00,102,18.82,-138.73,987.1,68.0,49.017864081017,176.7338597007642,143.49157401377755,98.51412421917703,148.5652716268904,49.017864081017,10.039123916376813,3.6496788000034432,11.651083961835798,49.017864081017,0.0,0.0,0.3109999608034377
2026-09-11,EP142026,44,2026-09-15 12:00:00,4 days 12:00:00,108,18.85,-139.82,998.3,46.1,61.37989201256288,161.60261793660578,130.70877361280657,101.2112175075116,134.49506429707878,0.0,0.0,0.0,0.0,0.0,0.0,0.0,0.0
2026-09-11,EP142026,44,2026-09-15 18:00:00,4 days 18:00:00,114,18.24,-140.93,998.8,48.0,73.04797304230898,138.2373496751155,97.59344223514324,78.38713728945352,113.5202722092861,0.0,0.0,0.0,0.0,0.0,0.0,0.0,0.0
2026-09-11,EP142026,44,2026-09-16 00:00:00,5 days 00:00:00,120,17.88,-141.99,994.4,43.7,43.96263395589819,183.5984421315748,148.14921148514702,114.1558725299189,155.62192462292043,0.0,0.0,0.0,0.0,0.0,0.0,0.0,0.0
2026-09-11,EP142026,44,2026-09-16 06:00:00,5 days 06:00:00,126,17.16,-143.6,998.1,37.0,48.41048032479989,148.76968012132693,116.95387699620233,92.75879351374476,130.39152304455388,0.0,0.0,0.0,0.0,0.0,0.0,0.0,0.0
2026-09-11,EP142026,44,2026-09-16 12:00:00,5 days 12:00:00,132,17.06,-145.28,1002.6,34.2,49.635511168700646,93.9521900119762,69.16615722024017,49.662183757796015,70.2925874756379,0.0,0.0,0.0,0.0,0.0,0.0,0.0,0.0
2026-09-11,EP142026,44,2026-09-16 18:00:00,5 days 18:00:00,138,16.47,-147.01,1003.4,37.5,129.1094413650924,129.1094413650924,76.21967834413695,63.76931061992013,82.97951572616711,0.0,0.0,0.0,0.0,0.0,0.0,0.0,0.0
2026-09-11,EP142026,44,2026-09-17 00:00:00,6 days 00:00:00,144,15.95,-148.62,1003.2,32.6,113.42239866336789,0.0,0.0,0.0,0.0,0.0,0.0,0.0,0.0,0.0,0.0,0.0,0.0
2026-09-11,EP142026,44,2026-09-17 06:00:00,6 days 06:00:00,150,15.31,-150.32,1003.2,31.2,122.60901285762618,0.0,0.0,0.0,0.0,0.0,0.0,0.0,0.0,0.0,0.0,0.0,0.0
2026-09-11,EP142026,44,2026-09-17 12:00:00,6 days 12:00:00,156,15.09,-151.7,1004.8,31.3,103.5961177318218,0.0,0.0,0.0,0.0,0.0,0.0,0.0,0.0,0.0,0.0,0.0,0.0
2026-09-11,EP142026,44,2026-09-17 18:00:00,6 days 18:00:00,162,14.43,-153.24,1004.5,29.9,65.41406960203891,0.0,0.0,0.0,0.0,0.0,0.0,0.0,0.0,0.0,0.0,0.0,0.0
2026-09-11,EP122026,45,2026-09-11 00:00:00,0 days 00:00:00,0,29.0,-169.5,997.0,45.0,148.0,297.0,148.0,,222.0,0.0,0.0,0.0,0.0,0.0,0.0,0.0,0.0
2026-09-11,EP122026,45,2026-09-11 06:00:00,0 days 06:00:00,6,28.86,-170.34,999.0,40.6,83.24376527537207,83.24376527537207,12.01874550995904,5.699383417270014,13.727468289545936,0.0,0.0,0.0,0.0,0.0,0.0,0.0,0.0
2026-09-11,EP122026,45,2026-09-11 12:00:00,0 days 12:00:00,12,28.82,-171.49,1004.2,29.3,163.4235194220273,0.0,0.0,0.0,0.0,0.0,0.0,0.0,0.0,0.0,0.0,0.0,0.0
2026-09-11,EP122026,45,2026-09-11 18:00:00,0 days 18:00:00,18,29.37,-171.92,1001.9,37.0,108.86056870407714,238.34044360012564,215.11115181618948,177.48647590223652,200.98296751149397,0.0,0.0,0.0,0.0,0.0,0.0,0.0,0.0
2026-09-11,EP122026,45,2026-09-12 00:00:00,1 days 00:00:00,24,30.55,-171.8,1005.3,24.6,171.88678228643775,0.0,0.0,0.0,0.0,0.0,0.0,0.0,0.0,0.0,0.0,0.0,0.0
2026-09-11,EP122026,45,2026-09-12 06:00:00,1 days 06:00:00,30,32.99,-171.87,990.4,54.4,104.52944802067,104.52944802067,104.52944802067,6.721389780611322,5.985635453208051,0.0,104.52944802067,0.0,0.0,0.0,0.0,0.0,0.0
2026-09-11,EP142026,45,2026-09-11 00:00:00,0 days 00:00:00,0,16.4,-121.3,1002.0,41.0,74.0,111.0,,,74.0,0.0,0.0,0.0,0.0,0.0,0.0,0.0,0.0
2026-09-11,EP142026,45,2026-09-11 06:00:00,0 days 06:00:00,6,16.73,-122.35,997.8,52.8,49.6150276245549,76.58585731329045,32.87358058349362,2.9357171651884237,52.4296116764051,49.6150276245549,0.0,0.0,0.0,0.0,0.0,0.0,0.0
2026-09-11,EP142026,45,2026-09-11 12:00:00,0 days 12:00:00,12,16.7,-123.68,992.4,55.2,40.89746396616507,161.6693137330457,112.37898573939523,66.65397447489755,120.19408695919876,40.89746396616507,3.741745086938292,0.0,5.32869275171306,0.0,0.0,0.0,0.0
2026-09-11,EP142026,45,2026-09-11 18:00:00,0 days 18:00:00,18,16.85,-124.82,986.9,72.7,48.41907471486607,178.1191328948889,108.91627770483116,57.163815290362265,148.15415198518383,48.41907471486607,21.42277062223264,7.15384236445108,28.061060520738597,48.41907471486607,6.582903136012138,3.154711054152491,7.338411018525896
2026-09-11,EP142026,45,2026-09-12 00:00:00,1 days 00:00:00,24,16.94,-126.22,977.3,82.5,40.14639913609263,138.00044303175488,70.35932396547334,35.39669382830051,121.89794998497015,48.90619638321863,26.812700265349648,12.691984647060636,36.96678549382864,40.14639913609263,14.43899115828371,10.773072660059997,17.573619575570202
2026-09-11,EP142026,45,2026-09-12 06:00:00,1 days 06:00:00,30,16.89,-127.3,984.6,66.3,10.93536705473544,222.68720632246988,175.98018409978152,129.8538196622601,191.83094061307267,44.04282273749212,26.804892017831293,13.311138511106709,32.62329657188021,10.93536705473544,0.0,0.0,0.0
2026-09-11,EP142026,45,2026-09-12 12:00:00,1 days 12:00:00,36,17.12,-128.5,972.7,87.6,14.739955379316498,126.6468455252445,75.8441456580136,63.76276640152239,117.36889555909598,89.22872745761077,68.39305696553281,55.701311385291305,77.77521884449398,49.32640701024082,41.51783511554188,33.113277310774926,43.24064037316114
2026-09-11,EP142026,45,2026-09-12 18:00:00,1 days 18:00:00,42,17.29,-129.28,980.9,70.8,33.54777422113453,120.725066409227,78.03884242631185,55.56288226088796,111.96140814952096,33.54777422113453,15.715248584362136,7.733112014913326,24.466981942678103,33.54777422113453,4.988757846966042,3.4394509079536237,7.257011512749363
2026-09-11,EP142026,45,2026-09-13 00:00:00,2 days 00:00:00,48,17.17,-129.64,957.8,95.2,44.94971563458935,171.91048962668106,156.83944348628836,125.25877845187472,140.56251375730233,44.94971563458935,15.34217510929231,9.404500026186897,14.912122024246834,44.94971563458935,4.333390818346928,4.711704244950035,5.639906024949219
2026-09-11,EP142026,45,2026-09-13 06:00:00,2 days 06:00:00,54,17.85,-131.0,992.7,57.4,28.4715838009798,95.19561020134113,68.87647044677362,43.94935103921712,76.14321924843574,28.4715838009798,0.0,0.0,0.2405091512793302,0.0,0.0,0.0,0.0
2026-09-11,EP142026,45,2026-09-13 12:00:00,2 days 12:00:00,60,17.99,-131.74,989.3,64.9,31.8786279883473,130.8231271692583,101.70346120634072,55.68900551968807,95.32632100392286,31.8786279883473,3.792250849424693,0.0,3.195582055803415,31.8786279883473,0.0,0.0,0.0
2026-09-11,EP142026,45,2026-09-13 18:00:00,2 days 18:00:00,66,18.28,-132.64,995.6,56.7,54.669498634392525,147.6131788848372,113.28021264076176,71.08432364985244,117.354401038794,54.669498634392525,22.71274958232224,9.889346190831567,22.8472556880543,0.0,0.0,0.0,0.0
2026-09-11,EP142026,45,2026-09-14 00:00:00,3 days 00:00:00,72,18.28,-133.97,986.4,68.1,40.32989519134681,144.68097980512775,116.4456450945099,84.61362765496216,118.91371072501217,40.32989519134681,9.254636713203558,3.231305839390716,40.32989519134681,0.0,0.0,0.0,40.32989519134681
2026-09-11,EP142026,45,2026-09-14 06:00:00,3 days 06:00:00,78,18.35,-135.15,991.1,52.6,41.48028212469195,106.34675693991164,74.05383591043,46.60052132750748,83.40697489708316,41.48028212469195,0.0,0.0,2.00646028345658,0.0,0.0,0.0,0.0
2026-09-11,EP142026,45,2026-09-14 12:00:00,3 days 12:00:00,84,18.14,-136.19,996.4,51.8,19.006568559776973,163.11302755861573,119.6937459702923,93.78637549576118,147.61265965202443,43.81145699281818,30.88051434865062,17.643901742184728,33.173940369478366,0.0,0.0,0.0,0.0
2026-09-11,EP142026,45,2026-09-14 18:00:00,3 days 18:00:00,90,17.94,-137.86,997.1,49.9,25.12684122578804,114.70019750540392,88.13702337077788,62.58637748510591,96.65226710838522,0.0,0.0,0.0,0.0,0.0,0.0,0.0,0.0
2026-09-11,EP142026,45,2026-09-15 00:00:00,4 days 00:00:00,96,17.49,-138.66,999.6,33.8,25.62357565062166,0.0,0.0,0.0,0.0,0.0,0.0,0.0,0.0,0.0,0.0,0.0,0.0
2026-09-11,EP142026,45,2026-09-15 06:00:00,4 days 06:00:00,102,17.6,-139.88,1002.6,37.0,97.96659728100676,97.96659728100676,38.31719715261565,20.59945820460816,40.26722277551771,0.0,0.0,0.0,0.0,0.0,0.0,0.0,0.0
2026-09-11,EP142026,45,2026-09-15 12:00:00,4 days 12:00:00,108,17.44,-140.76,1001.2,36.8,44.191206245295625,0.0,0.0,44.191206245295625,0.1222998706262217,0.0,0.0,0.0,0.0,0.0,0.0,0.0,0.0
2026-09-11,EP142026,45,2026-09-15 18:00:00,4 days 18:00:00,114,16.9,-142.13,1004.1,30.4,101.88293610862829,0.0,0.0,0.0,0.0,0.0,0.0,0.0,0.0,0.0,0.0,0.0,0.0
2026-09-11,EP142026,45,2026-09-16 00:00:00,5 days 00:00:00,120,16.59,-143.5,1000.9,31.1,98.5304811673626,0.0,0.0,0.0,0.0,0.0,0.0,0.0,0.0,0.0,0.0,0.0,0.0
2026-09-11,EP142026,45,2026-09-16 06:00:00,5 days 06:00:00,126,16.52,-144.68,1006.7,22.9,59.910269596014615,0.0,0.0,0.0,0.0,0.0,0.0,0.0,0.0,0.0,0.0,0.0,0.0
2026-09-11,EP142026,45,2026-09-16 12:00:00,5 days 12:00:00,132,15.58,-145.85,1006.1,29.9,56.3768933586789,0.0,0.0,0.0,0.0,0.0,0.0,0.0,0.0,0.0,0.0,0.0,0.0
2026-09-11,EP142026,45,2026-09-16 18:00:00,5 days 18:00:00,138,15.68,-146.94,1005.0,27.3,114.6170366723088,0.0,0.0,0.0,0.0,0.0,0.0,0.0,0.0,0.0,0.0,0.0,0.0
2026-09-11,EP142026,45,2026-09-17 00:00:00,6 days 00:00:00,144,14.87,-148.31,1003.6,23.7,65.00017796047105,0.0,0.0,0.0,0.0,0.0,0.0,0.0,0.0,0.0,0.0,0.0,0.0
2026-09-11,EP142026,45,2026-09-17 06:00:00,6 days 06:00:00,150,14.15,-149.71,1003.6,28.9,84.13706513882975,0.0,0.0,0.0,0.0,0.0,0.0,0.0,0.0,0.0,0.0,0.0,0.0
2026-09-11,EP142026,45,2026-09-17 12:00:00,6 days 12:00:00,156,13.37,-150.53,1002.3,28.1,94.7773891236948,0.0,0.0,0.0,0.0,0.0,0.0,0.0,0.0,0.0,0.0,0.0,0.0
2026-09-11,EP142026,45,2026-09-17 18:00:00,6 days 18:00:00,162,13.35,-151.82,1006.7,24.8,64.41195780581597,0.0,0.0,0.0,0.0,0.0,0.0,0.0,0.0,0.0,0.0,0.0,0.0
2026-09-11,EP122026,46,2026-09-11 00:00:00,0 days 00:00:00,0,29.0,-169.5,997.0,45.0,148.0,297.0,148.0,,222.0,0.0,0.0,0.0,0.0,0.0,0.0,0.0,0.0
2026-09-11,EP122026,46,2026-09-11 06:00:00,0 days 06:00:00,6,28.83,-170.42,1001.8,36.1,74.51496210260402,87.07113659578965,76.21768256172564,55.96377591822716,70.37630210623178,0.0,0.0,0.0,0.0,0.0,0.0,0.0,0.0
2026-09-11,EP122026,46,2026-09-11 12:00:00,0 days 12:00:00,12,28.78,-171.42,999.8,31.0,99.88239490502758,0.0,0.0,0.0,0.0,0.0,0.0,0.0,0.0,0.0,0.0,0.0,0.0
2026-09-11,EP122026,46,2026-09-11 18:00:00,0 days 18:00:00,18,29.48,-172.13,999.5,34.9,105.2143479290271,105.2143479290271,0.0,0.0,1.2550643917916204,0.0,0.0,0.0,0.0,0.0,0.0,0.0,0.0
2026-09-11,EP122026,46,2026-09-12 00:00:00,1 days 00:00:00,24,30.3,-172.11,1005.7,35.9,85.58354083853419,85.58354083853419,9.32477649299085,0.0,9.324964616312627,0.0,0.0,0.0,0.0,0.0,0.0,0.0,0.0
2026-09-11,EP122026,46,2026-09-12 06:00:00,1 days 06:00:00,30,32.34,-171.93,982.3,57.9,26.812871788344072,151.0289515644989,166.10598148807372,122.43154229406632,125.05140551159796,26.812871788344072,0.0,0.0,0.0,0.0,0.0,0.0,0.0
2026-09-11,EP122026,46,2026-09-12 12:00:00,1 days 12:00:00,36,33.91,-172.77,993.3,52.9,53.90988820636832,103.5964790105858,108.18520842715972,60.534135721828434,74.20031416243933,53.90988820636832,3.371257363454646,0.0,1.3202941096770346,0.0,0.0,0.0,0.0
2026-09-11,EP122026,46,2026-09-12 18:00:00,1 days 18:00:00,42,34.95,-174.96,987.6,54.5,61.43019017579815,199.90139308452024,180.3943030155545,125.5291244178275,154.08172592493725,61.43019017579815,0.3302397652100479,0.0,0.0,0.0,0.0,0.0,0.0
2026-09-11,EP122026,46,2026-09-13 00:00:00,2 days 00:00:00,48,35.11,-177.14,991.4,41.4,156.04864196345216,156.04864196345216,59.16666708948532,52.37547521284455,60.59163385674697,0.0,0.0,0.0,0.0,0.0,0.0,0.0,0.0
2026-09-11,EP122026,46,2026-09-13 06:00:00,2 days 06:00:00,54,34.47,-178.21,999.9,33.2,69.20618402169487,0.0,0.0,0.0,0.0,0.0,0.0,0.0,0.0,0.0,0.0,0.0,0.0
2026-09-11,EP122026,46,2026-09-13 12:00:00,2 days 12:00:00,60,33.42,-179.18,1003.3,27.4,126.94187049003456,0.0,0.0,0.0,0.0,0.0,0.0,0.0,0.0,0.0,0.0,0.0,0.0
2026-09-11,EP122026,46,2026-09-13 18:00:00,2 days 18:00:00,66,32.97,-178.63,999.7,33.6,81.81371985473734,0.0,0.0,0.0,0.0,0.0,0.0,0.0,0.0,0.0,0.0,0.0,0.0
2026-09-11,EP122026,46,2026-09-14 00:00:00,3 days 00:00:00,72,32.54,-178.7,1000.2,27.4,70.41307691086834,0.0,0.0,0.0,0.0,0.0,0.0,0.0,0.0,0.0,0.0,0.0,0.0
2026-09-11,EP142026,46,2026-09-11 00:00:00,0 days 00:00:00,0,16.4,-121.3,1002.0,41.0,74.0,111.0,,,74.0,0.0,0.0,0.0,0.0,0.0,0.0,0.0,0.0
2026-09-11,EP142026,46,2026-09-11 06:00:00,0 days 06:00:00,6,16.35,-122.38,988.6,60.2,30.45093206259879,129.0668171307245,107.88546160757944,73.9077076117114,102.9618900066496,30.45093206259879,1.9763455839834905,0.0,1.5919859555982336,0.0,0.0,0.0,0.0
2026-09-11,EP142026,46,2026-09-11 12:00:00,0 days 12:00:00,12,16.51,-123.55,988.8,60.3,29.732577332392925,113.19116022350038,79.4517062113114,45.14286341874912,94.61409010998293,29.732577332392925,0.0,0.0,1.6823612320141712,0.0,0.0,0.0,0.0
2026-09-11,EP142026,46,2026-09-11 18:00:00,0 days 18:00:00,18,16.75,-124.81,988.0,60.6,30.133145015552145,166.60825776955062,122.11167335277968,71.14681537422166,133.92863833051524,37.37989736530017,28.341975006166194,19.31078371383273,30.98031762268647,0.0,0.0,0.0,0.0
2026-09-11,EP142026,46,2026-09-12 00:00:00,1 days 00:00:00,24,16.62,-125.91,988.7,62.5,32.54880806533899,160.60952819926837,107.55245202784744,69.64317004908023,130.7659522909389,36.72922410831106,27.53492716107987,19.79029121833362,30.05269159755239,0.0,0.0,0.0,0.0
2026-09-11,EP142026,46,2026-09-12 06:00:00,1 days 06:00:00,30,16.77,-127.04,991.8,54.7,56.19468500176615,149.63173776485766,112.5392717512786,75.99583465380613,118.64335901672494,56.19468500176615,0.0,0.0,0.0,0.0,0.0,0.0,0.0
2026-09-11,EP142026,46,2026-09-12 12:00:00,1 days 12:00:00,36,16.78,-127.96,997.6,48.8,24.044064669109005,24.044064669109005,0.8642347415852836,0.0,0.0,0.0,0.0,0.0,0.0,0.0,0.0,0.0,0.0
2026-09-11,EP142026,46,2026-09-12 18:00:00,1 days 18:00:00,42,17.09,-128.49,1000.1,40.0,66.99353217431539,77.26872291973221,59.93928501100276,40.87683668449905,54.8744782363943,0.0,0.0,0.0,0.0,0.0,0.0,0.0,0.0
2026-09-11,EP142026,46,2026-09-13 00:00:00,2 days 00:00:00,48,17.33,-129.64,1003.4,34.2,98.45026054720888,98.45026054720888,0.0,0.0,6.218640317419321,0.0,0.0,0.0,0.0,0.0,0.0,0.0,0.0
2026-09-11,EP142026,46,2026-09-13 06:00:00,2 days 06:00:00,54,17.7,-130.58,1001.8,35.1,61.04642723783438,61.04642723783438,2.705094824520621,0.0,2.509483472058129,0.0,0.0,0.0,0.0,0.0,0.0,0.0,0.0
2026-09-11,EP142026,46,2026-09-13 12:00:00,2 days 12:00:00,60,17.81,-131.09,1001.6,37.0,84.94029035446417,84.94029035446417,0.0,0.0,0.0,0.0,0.0,0.0,0.0,0.0,0.0,0.0,0.0
2026-09-11,EP142026,46,2026-09-13 18:00:00,2 days 18:00:00,66,18.5,-131.68,997.8,47.1,67.23768832313658,103.92475041504213,84.49405060774643,50.93648028355051,74.5535300975539,0.0,0.0,0.0,0.0,0.0,0.0,0.0,0.0
2026-09-11,EP142026,46,2026-09-14 00:00:00,3 days 00:00:00,72,18.59,-132.51,1001.1,36.6,57.0656290487458,57.0656290487458,7.556468979125174,1.7516882801844922,16.69685815440012,0.0,0.0,0.0,0.0,0.0,0.0,0.0,0.0
2026-09-11,EP142026,46,2026-09-14 06:00:00,3 days 06:00:00,78,18.58,-134.15,1000.0,43.9,51.85133109180504,147.74240334204933,112.71808633911326,79.20405903999983,116.07918790373878,0.0,0.0,0.0,0.0,0.0,0.0,0.0,0.0
2026-09-11,EP142026,46,2026-09-14 12:00:00,3 days 12:00:00,84,18.49,-134.7,999.2,40.9,57.34598404333676,58.49324475121688,46.64979548091583,25.84988896270802,41.87743486831462,0.0,0.0,0.0,0.0,0.0,0.0,0.0,0.0
2026-09-11,EP142026,46,2026-09-14 18:00:00,3 days 18:00:00,90,18.38,-136.23,999.5,36.9,102.77017474862151,102.77017474862151,11.835598835797242,0.0,13.047851865539652,0.0,0.0,0.0,0.0,0.0,0.0,0.0,0.0
2026-09-11,EP142026,46,2026-09-15 00:00:00,4 days 00:00:00,96,18.16,-138.11,1000.8,34.5,60.70216388724059,60.70216388724059,0.0,0.0,5.990999073618744,0.0,0.0,0.0,0.0,0.0,0.0,0.0,0.0
2026-09-11,EP142026,46,2026-09-15 06:00:00,4 days 06:00:00,102,18.07,-138.84,1002.8,31.6,123.59528398166655,0.0,0.0,0.0,0.0,0.0,0.0,0.0,0.0,0.0,0.0,0.0,0.0
2026-09-11,EP142026,46,2026-09-15 12:00:00,4 days 12:00:00,108,18.05,-139.74,1003.1,33.3,129.0132574897685,0.0,0.0,0.0,0.0,0.0,0.0,0.0,0.0,0.0,0.0,0.0,0.0
2026-09-11,EP142026,46,2026-09-15 18:00:00,4 days 18:00:00,114,17.82,-141.21,1006.9,28.0,146.46030502365076,0.0,0.0,0.0,0.0,0.0,0.0,0.0,0.0,0.0,0.0,0.0,0.0
2026-09-11,EP142026,46,2026-09-16 00:00:00,5 days 00:00:00,120,17.51,-142.64,1002.9,30.2,96.05004008343028,0.0,0.0,0.0,0.0,0.0,0.0,0.0,0.0,0.0,0.0,0.0,0.0
2026-09-11,EP142026,46,2026-09-16 06:00:00,5 days 06:00:00,126,16.44,-144.16,1004.3,25.5,79.5541575585265,0.0,0.0,0.0,0.0,0.0,0.0,0.0,0.0,0.0,0.0,0.0,0.0
2026-09-11,EP142026,46,2026-09-16 12:00:00,5 days 12:00:00,132,16.54,-145.28,1006.9,24.8,66.12413104585504,0.0,0.0,0.0,0.0,0.0,0.0,0.0,0.0,0.0,0.0,0.0,0.0
2026-09-11,EP142026,46,2026-09-16 18:00:00,5 days 18:00:00,138,15.9,-147.03,1007.0,19.5,81.28365623569039,0.0,0.0,0.0,0.0,0.0,0.0,0.0,0.0,0.0,0.0,0.0,0.0
2026-09-11,EP142026,46,2026-09-17 00:00:00,6 days 00:00:00,144,15.62,-147.86,1006.4,22.4,70.49624659254388,0.0,0.0,0.0,0.0,0.0,0.0,0.0,0.0,0.0,0.0,0.0,0.0
2026-09-11,EP122026,47,2026-09-11 00:00:00,0 days 00:00:00,0,29.0,-169.5,997.0,45.0,148.0,297.0,148.0,,222.0,0.0,0.0,0.0,0.0,0.0,0.0,0.0,0.0
2026-09-11,EP122026,47,2026-09-11 06:00:00,0 days 06:00:00,6,28.89,-170.33,998.8,35.7,82.79241847454915,5.965716647773739,0.0,0.0,82.79241847454915,0.0,0.0,0.0,0.0,0.0,0.0,0.0,0.0
2026-09-11,EP122026,47,2026-09-11 12:00:00,0 days 12:00:00,12,29.08,-171.67,999.2,37.3,181.69133595928523,371.4098231505922,330.85739209606595,247.54993088998432,312.9101181864095,0.0,0.0,0.0,0.0,0.0,0.0,0.0,0.0
2026-09-11,EP122026,47,2026-09-11 18:00:00,0 days 18:00:00,18,29.75,-171.9,1005.1,31.2,87.99314065076814,0.0,0.0,0.0,0.0,0.0,0.0,0.0,0.0,0.0,0.0,0.0,0.0
2026-09-11,EP122026,47,2026-09-12 00:00:00,1 days 00:00:00,24,30.06,-171.98,1001.7,35.3,59.699528996179694,59.699528996179694,0.0,0.0,0.0,0.0,0.0,0.0,0.0,0.0,0.0,0.0,0.0
2026-09-11,EP122026,47,2026-09-12 06:00:00,1 days 06:00:00,30,31.14,-171.92,998.5,42.2,129.32804988747418,271.01391709771724,239.24550234291436,178.89634403797274,220.86111336777836,0.0,0.0,0.0,0.0,0.0,0.0,0.0,0.0
2026-09-11,EP122026,47,2026-09-12 12:00:00,1 days 12:00:00,36,32.71,-170.76,995.1,41.3,115.73189416510226,115.73189416510226,47.69455696614895,19.37664768615697,37.30186239855254,0.0,0.0,0.0,0.0,0.0,0.0,0.0,0.0
2026-09-11,EP142026,47,2026-09-11 00:00:00,0 days 00:00:00,0,16.4,-121.3,1002.0,41.0,74.0,111.0,,,74.0,0.0,0.0,0.0,0.0,0.0,0.0,0.0,0.0
2026-09-11,EP142026,47,2026-09-11 06:00:00,0 days 06:00:00,6,16.74,-122.68,976.2,81.4,16.925728876020116,108.56661885723082,88.12781303490647,61.80382912773996,95.92032891008574,37.26110490039619,25.910763881367416,15.372018918487328,31.93995706440465,16.925728876020116,9.892579371418613,6.062878235342662,10.617203766323897
2026-09-11,EP142026,47,2026-09-11 12:00:00,0 days 12:00:00,12,16.8,-123.92,985.9,64.0,2.9301945751375627,109.12660892531268,84.8070221468978,55.65621604544884,88.79377321266526,7.730456488305045,0.0,0.0,5.3550430876517865,2.9301945751375627,0.0,0.0,0.4469507281579492
2026-09-11,EP142026,47,2026-09-11 18:00:00,0 days 18:00:00,18,16.81,-125.25,985.2,66.2,52.30840415206717,183.1181232494646,121.9066150078446,83.9759184311182,142.80942446871808,52.30840415206717,0.0,0.0,52.30840415206717,52.30840415206717,0.0,0.0,0.3771767804845698
2026-09-11,EP142026,47,2026-09-12 00:00:00,1 days 00:00:00,24,16.69,-126.31,970.1,86.2,7.050917515629731,142.90689588492464,86.80010338560282,63.09435492443636,133.6875861661339,51.24425386659476,30.043772710684674,19.30125698250879,40.839606288328014,9.975650614010616,6.456973419076808,3.3572583946229395,8.249746020567118
2026-09-11,EP142026,47,2026-09-12 06:00:00,1 days 06:00:00,30,16.6,-127.48,988.6,62.6,34.083906573158,148.76224891343657,103.0435650559107,77.1627612311079,122.59667621697918,34.083906573158,16.779980349923832,10.249668820583754,23.47438715843388,0.0,0.0,0.0,0.0
2026-09-11,EP142026,47,2026-09-12 12:00:00,1 days 12:00:00,36,16.79,-128.41,986.8,64.6,12.588028830253856,126.69500353059054,96.9585542383603,80.08155687911895,120.76345728655178,53.98938512720386,35.63939662637752,21.943989571231743,41.73966908871324,12.588028830253856,0.0,0.0,1.3790075312032033
2026-09-11,EP142026,47,2026-09-12 18:00:00,1 days 18:00:00,42,16.75,-129.49,983.0,73.7,27.57943026526159,108.35413567022732,82.60715717419609,64.4801362312393,92.44917824722768,47.64348732409551,33.68758506728152,22.591417404880016,37.96321167363103,27.57943026526159,6.704377133851779,3.960255411033335,6.797048401642456
2026-09-11,EP142026,47,2026-09-13 00:00:00,2 days 00:00:00,48,17.05,-130.53,980.8,72.9,0.4729622117113869,116.87535429467208,75.35641350127871,63.00451803829847,119.51974742705488,57.78631881907203,37.72360880282501,24.679266953640727,46.13417915334719,14.480078543191324,9.079037916341,6.965236363707127,12.843528271969529
2026-09-11,EP142026,47,2026-09-13 06:00:00,2 days 06:00:00,54,17.11,-131.27,989.9,58.9,24.24407875638917,120.25319354934447,81.7764808710391,52.87015394727439,106.7544852475703,44.932148891259885,27.39634327770125,16.4519791746456,32.872657953363074,0.0,0.0,0.0,0.0
2026-09-11,EP142026,47,2026-09-13 12:00:00,2 days 12:00:00,60,17.58,-132.74,982.1,76.7,26.868896511585326,196.5822952802728,160.47660499143598,116.42092621836366,169.00740594322917,111.62738995657855,91.82058529383666,69.94901666684352,89.8332813423747,30.86239313438813,27.207294142743507,21.237700054214965,26.77240258307471
2026-09-11,EP142026,47,2026-09-13 18:00:00,2 days 18:00:00,66,17.8,-133.26,985.1,65.6,7.959894503616518,104.19875249376848,98.1629981214676,70.3330278763444,89.6079903637825,45.82634366354854,33.23487773227905,20.09356911239273,36.85362768537197,9.645230465236168,7.180262449017997,4.103971821746262,6.781522028777566
2026-09-11,EP142026,47,2026-09-14 00:00:00,3 days 00:00:00,72,17.73,-134.24,986.9,65.9,21.615136819614136,159.22382810664172,113.78318965213458,74.60131044297401,139.99201467057665,80.88688440399696,59.97032581072369,41.90874864052287,68.36891884670221,22.51032277215712,17.68067364334055,12.229737480585442,17.333834949444984
2026-09-11,EP142026,47,2026-09-14 06:00:00,3 days 06:00:00,78,17.84,-135.33,993.3,59.5,36.28423938512656,167.07865715208956,123.17398505615392,77.25556143567906,127.89554141572656,36.28423938512656,0.0,0.0,0.4327937458867659,0.0,0.0,0.0,0.0
2026-09-11,EP142026,47,2026-09-14 12:00:00,3 days 12:00:00,84,17.78,-136.35,988.5,58.7,3.763579871935193,119.40132114995292,92.12331265103946,74.75499827027484,116.73717650341727,46.70075371474347,31.64297423904123,19.870720389052863,37.14242968890454,0.0,0.0,0.0,0.0
2026-09-11,EP142026,47,2026-09-14 18:00:00,3 days 18:00:00,90,17.4,-137.35,997.0,52.2,48.32659065360031,122.69183344459611,91.04110630566332,70.70409412849108,114.35535425318358,48.32659065360031,15.975189900379249,10.03258074099132,20.515478826133037,0.0,0.0,0.0,0.0
2026-09-11,EP142026,47,2026-09-15 00:00:00,4 days 00:00:00,96,17.24,-138.29,998.3,44.7,41.821337714885885,96.90025620933127,80.12658256974231,59.424240301740525,81.5121842398849,0.0,0.0,0.0,0.0,0.0,0.0,0.0,0.0
2026-09-11,EP142026,47,2026-09-15 06:00:00,4 days 06:00:00,102,17.08,-139.47,996.7,42.3,41.04662624870669,41.04662624870669,11.162083501047611,0.9400870099706892,12.774466639529209,0.0,0.0,0.0,0.0,0.0,0.0,0.0,0.0
2026-09-11,EP142026,47,2026-09-15 12:00:00,4 days 12:00:00,108,17.14,-140.38,996.8,38.5,48.31383989235249,127.94685753815394,106.4174643110668,82.53112930061482,112.8992889476072,0.0,0.0,0.0,0.0,0.0,0.0,0.0,0.0
2026-09-11,EP142026,47,2026-09-15 18:00:00,4 days 18:00:00,114,16.49,-141.49,1000.3,41.1,81.28352950666948,185.39791934422684,154.61747570691017,119.07982042803349,156.0663293309207,0.0,0.0,0.0,0.0,0.0,0.0,0.0,0.0
2026-09-11,EP142026,47,2026-09-16 00:00:00,5 days 00:00:00,120,16.04,-142.69,1002.6,32.4,51.34388022950338,0.0,0.0,0.0,0.0,0.0,0.0,0.0,0.0,0.0,0.0,0.0,0.0
2026-09-11,EP142026,47,2026-09-16 06:00:00,5 days 06:00:00,126,15.39,-144.03,1002.4,30.1,60.74811807028109,0.0,0.0,0.0,0.0,0.0,0.0,0.0,0.0,0.0,0.0,0.0,0.0
2026-09-11,EP142026,47,2026-09-16 12:00:00,5 days 12:00:00,132,14.36,-145.74,1004.4,28.5,105.3961374306744,0.0,0.0,0.0,0.0,0.0,0.0,0.0,0.0,0.0,0.0,0.0,0.0
2026-09-11,EP142026,47,2026-09-16 18:00:00,5 days 18:00:00,138,14.0,-146.82,1008.5,24.5,142.1369097956914,0.0,0.0,0.0,0.0,0.0,0.0,0.0,0.0,0.0,0.0,0.0,0.0
2026-09-11,EP142026,47,2026-09-17 00:00:00,6 days 00:00:00,144,13.46,-147.88,999.6,31.7,59.38131801174153,0.0,0.0,0.0,0.0,0.0,0.0,0.0,0.0,0.0,0.0,0.0,0.0
2026-09-11,EP142026,47,2026-09-17 06:00:00,6 days 06:00:00,150,12.94,-148.6,1005.4,31.9,73.07996916028938,0.0,0.0,0.0,0.0,0.0,0.0,0.0,0.0,0.0,0.0,0.0,0.0
2026-09-11,EP142026,47,2026-09-17 12:00:00,6 days 12:00:00,156,11.88,-149.63,1003.1,30.3,102.04582959798478,0.0,0.0,0.0,0.0,0.0,0.0,0.0,0.0,0.0,0.0,0.0,0.0
2026-09-11,EP122026,48,2026-09-11 00:00:00,0 days 00:00:00,0,29.0,-169.5,997.0,45.0,148.0,297.0,148.0,,222.0,0.0,0.0,0.0,0.0,0.0,0.0,0.0,0.0
2026-09-11,EP122026,48,2026-09-11 06:00:00,0 days 06:00:00,6,29.02,-170.47,999.7,37.2,111.76790722122306,111.76790722122306,0.0079835825519385,1.2173723793347655,2.6280108998079434,0.0,0.0,0.0,0.0,0.0,0.0,0.0,0.0
2026-09-11,EP142026,48,2026-09-11 00:00:00,0 days 00:00:00,0,16.4,-121.3,1002.0,41.0,74.0,111.0,,,74.0,0.0,0.0,0.0,0.0,0.0,0.0,0.0,0.0
2026-09-11,EP142026,48,2026-09-11 06:00:00,0 days 06:00:00,6,16.78,-122.38,979.3,74.9,12.911970990017746,70.69692095565712,52.250661754061404,27.668229231056184,59.23313340685591,12.911970990017746,0.9604074846986954,0.0,12.911970990017746,0.2162033369112466,0.0,0.0,12.911970990017746
2026-09-11,EP142026,48,2026-09-11 12:00:00,0 days 12:00:00,12,16.81,-123.42,991.4,62.5,31.036888852380045,195.4163718958989,135.5816698275446,79.345792701606,163.9034000185465,31.036888852380045,11.121832521441718,2.387557731032516,16.608877097053917,0.0,0.0,0.0,0.0
2026-09-11,EP142026,48,2026-09-11 18:00:00,0 days 18:00:00,18,16.96,-125.22,979.1,77.8,28.427292931396565,150.77696905741462,117.81466253403488,74.73481801468833,131.88290965244482,67.42276693830983,53.17565636127563,37.01862330880628,52.418952841596415,28.427292931396565,23.569935285579447,18.448639535085597,24.1681320331387
2026-09-11,EP142026,48,2026-09-12 00:00:00,1 days 00:00:00,24,16.93,-126.27,970.3,83.8,11.124686881998304,103.17464714765951,62.59719483804529,42.62214973473488,88.0927854969222,11.124686881998304,0.0,0.0,11.124686881998304,11.124686881998304,0.0,0.0,0.6365893797983715
2026-09-11,EP142026,48,2026-09-12 06:00:00,1 days 06:00:00,30,16.73,-127.36,978.7,73.5,6.235158123643693,126.1129680424376,91.10992859180304,58.819063348670525,116.5266730114048,33.031937098397854,24.277293153484223,16.02302246263703,26.8973239603844,6.235158123643693,1.2511722137578098,0.4712475515838608,2.190484372397748
2026-09-11,EP142026,48,2026-09-12 12:00:00,1 days 12:00:00,36,17.14,-128.55,978.7,75.6,0.7423069110911911,112.45167092098836,83.26248389274156,57.1686507459367,96.57240657865486,10.383608095915292,3.3357038002351658,0.3138238217287039,6.253974062414585,1.4365757554812006,0.0,0.0,0.4694010573028464
2026-09-11,EP142026,48,2026-09-12 18:00:00,1 days 18:00:00,42,16.76,-129.25,968.1,80.3,40.78043401303649,93.1218319613458,60.47984130384017,44.2463126244018,83.80785679826955,40.78043401303649,14.554884491730546,10.81311279277146,40.78043401303649,11.939969669745508,7.887455267990263,6.577843363524988,40.78043401303649
2026-09-11,EP142026,48,2026-09-13 00:00:00,2 days 00:00:00,48,17.52,-130.03,991.1,59.7,32.763600767903455,135.84673431268257,125.70760748605906,106.95829386766071,133.70838301545527,55.33803419129612,51.02028920199042,43.65611733351344,48.28269255376837,0.0,0.0,0.0,0.0
2026-09-11,EP142026,48,2026-09-13 06:00:00,2 days 06:00:00,54,17.92,-131.27,992.9,55.3,36.80842106453112,190.8092393071468,149.9805508139587,113.6868944449154,160.3439928905472,36.80842106453112,0.0,0.0,1.1570891395928964,0.0,0.0,0.0,0.0
2026-09-11,EP142026,48,2026-09-13 12:00:00,2 days 12:00:00,60,17.96,-132.35,991.2,56.1,30.55701802762333,114.5124033276228,79.45886190471444,51.64377318597944,93.93148012682944,30.55701802762333,8.609637370106988,5.934833827527362,8.800738802628633,0.0,0.0,0.0,0.0
2026-09-11,EP142026,48,2026-09-13 18:00:00,2 days 18:00:00,66,17.97,-133.37,990.5,61.0,11.544574130903882,125.85795944055636,100.23923740615706,71.42382158256518,99.21558664388527,11.544574130903882,0.0,0.0,1.0302867873336723,0.0,0.0,0.0,0.0
2026-09-11,EP142026,48,2026-09-14 00:00:00,3 days 00:00:00,72,17.86,-134.38,988.1,65.4,7.241873997112169,129.57316708507793,97.19559399561754,78.83747232158372,123.92706056289526,58.30075881390751,45.080574931905794,30.70004659699272,48.006466109148256,24.478921560235527,19.178363749499194,13.019910737531642,19.6897981897424
2026-09-11,EP142026,48,2026-09-14 06:00:00,3 days 06:00:00,78,18.09,-135.46,985.4,70.9,20.85515933568331,109.33335096659356,96.43428518711336,68.61888570128849,95.22615057040277,43.09599970021782,39.422796496297,33.1977159613125,37.01460416784494,20.85515933568331,0.0,0.0,0.0
2026-09-11,EP142026,48,2026-09-14 12:00:00,3 days 12:00:00,84,18.36,-136.48,992.2,59.0,32.91662293026039,157.80723048607263,114.65381022661968,81.12322653079582,128.28847279545522,32.91662293026039,8.725174558075821,5.28626583630333,9.105016215083072,0.0,0.0,0.0,0.0
2026-09-11,EP142026,48,2026-09-14 18:00:00,3 days 18:00:00,90,18.62,-138.2,1002.2,46.8,68.86728509932314,129.4710461890313,96.54511096470664,68.96020461281984,98.89201916376022,0.0,0.0,0.0,0.0,0.0,0.0,0.0,0.0
2026-09-11,EP142026,48,2026-09-15 00:00:00,4 days 00:00:00,96,18.75,-139.67,1003.0,42.8,74.72380077544878,74.79655196176675,47.92194197756275,32.92341988192421,58.29792491940486,0.0,0.0,0.0,0.0,0.0,0.0,0.0,0.0
2026-09-11,EP142026,48,2026-09-15 06:00:00,4 days 06:00:00,102,19.29,-140.77,999.8,39.8,68.26899128399506,86.96764233036738,53.17273298539102,35.144351048893206,65.84710430317749,0.0,0.0,0.0,0.0,0.0,0.0,0.0,0.0
2026-09-11,EP142026,48,2026-09-15 12:00:00,4 days 12:00:00,108,19.39,-141.96,1002.9,41.0,26.28312314269655,85.58099195705493,53.50067844737177,38.054238377065694,70.76342890936904,0.0,0.0,0.0,0.0,0.0,0.0,0.0,0.0
2026-09-11,EP142026,48,2026-09-15 18:00:00,4 days 18:00:00,114,19.06,-142.46,1005.0,32.5,14.298365947560711,0.0,0.0,0.0,0.0,0.0,0.0,0.0,0.0,0.0,0.0,0.0,0.0
2026-09-11,EP142026,48,2026-09-16 00:00:00,5 days 00:00:00,120,18.95,-144.44,1003.1,33.7,53.69550605725905,0.0,0.0,0.0,0.0,0.0,0.0,0.0,0.0,0.0,0.0,0.0,0.0
2026-09-11,EP142026,48,2026-09-16 06:00:00,5 days 06:00:00,126,18.99,-146.07,1005.5,32.6,30.00499754577897,0.0,0.0,0.0,0.0,0.0,0.0,0.0,0.0,0.0,0.0,0.0,0.0
2026-09-11,EP142026,48,2026-09-16 12:00:00,5 days 12:00:00,132,18.6,-148.03,1008.5,28.2,55.71089036347237,0.0,0.0,0.0,0.0,0.0,0.0,0.0,0.0,0.0,0.0,0.0,0.0
2026-09-11,EP142026,48,2026-09-16 18:00:00,5 days 18:00:00,138,17.79,-149.37,1006.2,27.8,67.96742244724945,0.0,0.0,0.0,0.0,0.0,0.0,0.0,0.0,0.0,0.0,0.0,0.0
2026-09-11,EP142026,48,2026-09-17 00:00:00,6 days 00:00:00,144,18.08,-151.38,1006.2,26.5,92.31993356851164,0.0,0.0,0.0,0.0,0.0,0.0,0.0,0.0,0.0,0.0,0.0,0.0
2026-09-11,EP142026,48,2026-09-17 06:00:00,6 days 06:00:00,150,17.52,-152.95,1008.5,24.9,65.03559967067517,0.0,0.0,0.0,0.0,0.0,0.0,0.0,0.0,0.0,0.0,0.0,0.0
2026-09-11,EP122026,49,2026-09-11 00:00:00,0 days 00:00:00,0,29.0,-169.5,997.0,45.0,148.0,297.0,148.0,,222.0,0.0,0.0,0.0,0.0,0.0,0.0,0.0,0.0
2026-09-11,EP122026,49,2026-09-11 06:00:00,0 days 06:00:00,6,28.7,-170.57,1001.0,37.9,176.74484171738385,176.74484171738385,0.0,0.0,0.0,0.0,0.0,0.0,0.0,0.0,0.0,0.0,0.0
2026-09-11,EP122026,49,2026-09-11 12:00:00,0 days 12:00:00,12,28.88,-171.59,1002.5,29.8,114.72726441816096,0.0,0.0,0.0,0.0,0.0,0.0,0.0,0.0,0.0,0.0,0.0,0.0
2026-09-11,EP122026,49,2026-09-11 18:00:00,0 days 18:00:00,18,29.15,-171.89,999.9,38.6,90.8270941395984,188.28522578375063,162.99658040908326,129.62595591611168,152.87682792553727,0.0,0.0,0.0,0.0,0.0,0.0,0.0,0.0
2026-09-11,EP122026,49,2026-09-12 00:00:00,1 days 00:00:00,24,29.53,-171.92,1000.8,40.4,101.19836373584668,101.19836373584668,9.175482613760352,10.12226281161307,18.277155544205986,0.0,0.0,0.0,0.0,0.0,0.0,0.0,0.0
2026-09-11,EP142026,49,2026-09-11 00:00:00,0 days 00:00:00,0,16.4,-121.3,1002.0,41.0,74.0,111.0,,,74.0,0.0,0.0,0.0,0.0,0.0,0.0,0.0,0.0
2026-09-11,EP142026,49,2026-09-11 06:00:00,0 days 06:00:00,6,16.59,-122.38,998.6,48.3,82.6367290438594,82.6367290438594,20.858098116691544,0.0,36.86551271683427,0.0,0.0,0.0,0.0,0.0,0.0,0.0,0.0
2026-09-11,EP142026,49,2026-09-11 12:00:00,0 days 12:00:00,12,16.35,-123.98,993.6,54.4,24.136255779461976,147.1210087034706,108.29205759115948,63.57759648654613,112.9130082183168,24.136255779461976,5.061430025084949,0.0,5.992579896494096,0.0,0.0,0.0,0.0
2026-09-11,EP142026,49,2026-09-11 18:00:00,0 days 18:00:00,18,16.67,-124.92,990.2,61.7,14.86711087456824,229.5759599036546,184.895143576992,128.9140560019409,184.3644805118522,37.37251813901345,25.43577324855009,12.432094863120502,26.04625994426569,0.0,0.0,0.0,0.0
2026-09-11,EP142026,49,2026-09-12 00:00:00,1 days 00:00:00,24,16.71,-125.46,975.8,75.8,25.1132442817692,193.20440381182013,159.4838522153799,130.0267801489265,177.53198744906388,66.67097100005778,52.59475643874692,39.96233471710956,53.474892415054384,26.990313915599003,24.160030313121805,19.361900751947765,24.00992797133963
2026-09-11,EP142026,49,2026-09-12 06:00:00,1 days 06:00:00,30,16.78,-126.93,991.1,58.7,27.331254480030623,196.42867450672105,151.1804019856333,115.7390527892517,156.31168655403823,28.29190430320559,19.733056040873272,10.550432028632963,21.33379486369799,0.0,0.0,0.0,0.0
2026-09-11,EP142026,49,2026-09-12 12:00:00,1 days 12:00:00,36,17.33,-127.6,986.2,65.5,32.26999580499596,230.7550128120837,170.60158372627137,117.76289643204376,192.71474338531564,64.79945192350834,46.31592283350423,26.506229223776018,47.73840178920784,32.26999580499596,12.215285610293758,7.297346903716701,12.785961487297325
2026-09-11,EP142026,49,2026-09-12 18:00:00,1 days 18:00:00,42,17.35,-128.86,991.9,61.5,13.607900215025538,180.73980062678248,135.90992025304223,103.66359369976875,154.28820052765064,36.23835784793028,24.07970097716254,13.76518472347776,25.697909496524098,0.0,0.0,0.0,0.0
2026-09-11,EP142026,49,2026-09-13 00:00:00,2 days 00:00:00,48,17.49,-129.53,992.4,59.9,45.19050646906626,89.12602614365801,63.04800900631882,51.00904101115627,72.89590060543884,45.19050646906626,2.973163675351016,0.0,1.2667574000659787,0.0,0.0,0.0,0.0
2026-09-11,EP142026,49,2026-09-13 06:00:00,2 days 06:00:00,54,17.96,-130.46,994.3,46.5,73.70967738297065,127.84548588822076,97.22834612217024,68.57716006567523,105.2527835181786,0.0,0.0,0.0,0.0,0.0,0.0,0.0,0.0
2026-09-11,EP142026,49,2026-09-13 12:00:00,2 days 12:00:00,60,18.03,-131.1,984.3,65.7,20.8123321737006,208.007954897241,162.55868558026168,109.57293472811097,169.16004717446344,38.81773428955782,25.420852242888827,11.888922001720662,29.2818205926011,20.8123321737006,0.0,0.0,0.0
2026-09-11,EP142026,49,2026-09-13 18:00:00,2 days 18:00:00,66,18.7,-131.44,994.8,58.3,30.23734618324136,126.15433983838642,92.26252985841144,50.23368162573823,85.62619470089128,30.23734618324136,3.1399215958307463,0.0,4.718921098264508,0.0,0.0,0.0,0.0
2026-09-11,EP142026,49,2026-09-14 00:00:00,3 days 00:00:00,72,18.81,-132.14,984.4,65.8,22.78392784219344,143.90526952710866,110.101322870919,84.84527086048213,134.6040724615674,75.90536574929817,60.00417521143422,44.74571035071082,62.88654319488052,32.320220676258465,27.41844375071768,21.4365450848456,27.601590378298777
2026-09-11,EP142026,49,2026-09-14 06:00:00,3 days 06:00:00,78,18.76,-132.97,994.0,51.8,57.55085337084027,97.89376877331136,65.61762357555617,40.96663568970692,71.98976015988981,57.55085337084027,0.0,0.0,1.2802682390730702,0.0,0.0,0.0,0.0
2026-09-11,EP142026,49,2026-09-14 12:00:00,3 days 12:00:00,84,18.53,-134.03,993.8,52.8,56.35811197564601,90.68527403198004,62.6031218935014,32.09749644101035,65.87962436727707,56.35811197564601,0.0,0.0,1.3533836986146923,0.0,0.0,0.0,0.0
2026-09-11,EP142026,49,2026-09-14 18:00:00,3 days 18:00:00,90,18.39,-135.45,994.4,54.9,72.9918887101179,72.9918887101179,38.62330278093463,20.406382877401757,72.9918887101179,0.7184765928683916,0.0,0.0,72.9918887101179,0.0,0.0,0.0,0.0
2026-09-11,EP142026,49,2026-09-15 00:00:00,4 days 00:00:00,96,18.3,-137.02,1003.3,35.5,144.924105809376,144.924105809376,2.211495720488074,1.585213130274866,5.90670286041464,0.0,0.0,0.0,0.0,0.0,0.0,0.0,0.0
2026-09-11,EP142026,49,2026-09-15 06:00:00,4 days 06:00:00,102,18.69,-137.99,1002.8,34.0,140.44832249982258,140.44832249982258,4.561276347117346,0.0,8.311431747061476,0.0,0.0,0.0,0.0,0.0,0.0,0.0,0.0
2026-09-11,EP142026,49,2026-09-15 12:00:00,4 days 12:00:00,108,18.17,-139.11,1003.8,33.2,136.67729773096684,0.0,0.0,0.0,0.0,0.0,0.0,0.0,0.0,0.0,0.0,0.0,0.0
2026-09-11,EP142026,49,2026-09-15 18:00:00,4 days 18:00:00,114,18.77,-139.79,998.9,34.1,89.45860881673354,7.858670862414526,6.292035311193857,89.45860881673354,7.991053824863258,0.0,0.0,0.0,0.0,0.0,0.0,0.0,0.0
2026-09-11,EP142026,49,2026-09-16 00:00:00,5 days 00:00:00,120,17.92,-141.46,1004.8,30.1,126.44244910497711,0.0,0.0,0.0,0.0,0.0,0.0,0.0,0.0,0.0,0.0,0.0,0.0
2026-09-11,EP142026,49,2026-09-16 06:00:00,5 days 06:00:00,126,17.71,-142.82,1004.7,29.2,77.09774005836587,0.0,0.0,0.0,0.0,0.0,0.0,0.0,0.0,0.0,0.0,0.0,0.0
2026-09-11,EP142026,49,2026-09-16 12:00:00,5 days 12:00:00,132,17.15,-144.18,1003.4,29.5,81.59738936228803,0.0,0.0,0.0,0.0,0.0,0.0,0.0,0.0,0.0,0.0,0.0,0.0
2026-09-11,EP142026,49,2026-09-16 18:00:00,5 days 18:00:00,138,16.77,-145.4,1003.3,27.0,102.20044823465092,0.0,0.0,0.0,0.0,0.0,0.0,0.0,0.0,0.0,0.0,0.0,0.0
2026-09-11,EP142026,49,2026-09-17 00:00:00,6 days 00:00:00,144,16.7,-146.93,1005.9,25.8,139.09486054731087,0.0,0.0,0.0,0.0,0.0,0.0,0.0,0.0,0.0,0.0,0.0,0.0
2026-09-11,EP122026,5,2026-09-11 00:00:00,0 days 00:00:00,0,29.0,-169.5,997.0,45.0,148.0,297.0,148.0,,222.0,0.0,0.0,0.0,0.0,0.0,0.0,0.0,0.0
2026-09-11,EP122026,5,2026-09-11 06:00:00,0 days 06:00:00,6,28.86,-170.29,999.6,36.3,90.55465533906164,90.55465533906164,32.27014928504556,23.867998836795135,30.77014324028201,0.0,0.0,0.0,0.0,0.0,0.0,0.0,0.0
2026-09-11,EP122026,5,2026-09-11 12:00:00,0 days 12:00:00,12,28.93,-171.29,1001.8,34.4,81.11621970948585,81.11621970948585,43.06501728453699,27.45748789176741,47.33363586722368,0.0,0.0,0.0,0.0,0.0,0.0,0.0,0.0
2026-09-11,EP122026,5,2026-09-11 18:00:00,0 days 18:00:00,18,29.48,-172.05,1004.0,37.1,221.3017061800117,221.3017061800117,13.377526435685589,8.529592998960329,12.263793731634438,0.0,0.0,0.0,0.0,0.0,0.0,0.0,0.0
2026-09-11,EP122026,5,2026-09-12 00:00:00,1 days 00:00:00,24,30.3,-171.67,1003.5,42.3,98.30749181835824,98.30749181835824,18.518053410545104,10.918119990969942,16.809934116847156,0.0,0.0,0.0,0.0,0.0,0.0,0.0,0.0
2026-09-11,EP122026,5,2026-09-12 06:00:00,1 days 06:00:00,30,32.29,-169.76,998.2,40.1,140.76651396807483,26.032929500081053,6.305020135304375,18.36346815126177,140.76651396807483,0.0,0.0,0.0,0.0,0.0,0.0,0.0,0.0
2026-09-11,EP122026,5,2026-09-12 12:00:00,1 days 12:00:00,36,33.38,-171.23,985.4,51.6,48.15358220394589,135.16966373636683,108.51313950978674,57.726289159973234,84.51487056982948,48.15358220394589,2.1174010268672894,0.0,1.4999643932772733,0.0,0.0,0.0,0.0
2026-09-11,EP122026,5,2026-09-12 18:00:00,1 days 18:00:00,42,34.74,-173.16,988.1,45.5,63.74414239601447,89.94670466834873,70.06637899190963,46.92540031659621,59.46887347116359,0.0,0.0,0.0,0.0,0.0,0.0,0.0,0.0
2026-09-11,EP142026,5,2026-09-11 00:00:00,0 days 00:00:00,0,16.4,-121.3,1002.0,41.0,74.0,111.0,,,74.0,0.0,0.0,0.0,0.0,0.0,0.0,0.0,0.0
2026-09-11,EP142026,5,2026-09-11 06:00:00,0 days 06:00:00,6,16.72,-122.74,989.1,60.0,22.785003191954885,177.05446304791383,132.44260360610934,79.37457433582863,130.15937127400286,22.785003191954885,4.200197453393025,0.0,2.946440235955862,0.0,0.0,0.0,0.0
2026-09-11,EP142026,5,2026-09-11 12:00:00,0 days 12:00:00,12,16.83,-123.58,989.6,61.1,21.11665992819609,169.277305409592,131.844336191322,86.7348283738057,141.76403508322463,28.55644205192875,18.52782694572173,7.133981116238535,19.05702342150968,0.0,0.0,0.0,0.0
2026-09-11,EP142026,5,2026-09-11 18:00:00,0 days 18:00:00,18,16.81,-124.53,985.1,63.9,46.484614369943074,102.2073955211678,65.95763133615652,37.55015896822472,83.06560979119077,46.484614369943074,0.0,0.0,2.580905920146007,0.0,0.0,0.0,0.0
2026-09-11,EP142026,5,2026-09-12 00:00:00,1 days 00:00:00,24,16.9,-126.14,989.2,63.0,28.276035247154123,180.4752882042608,129.22143489137608,85.93091371175612,141.3222490670589,28.276035247154123,9.406543423533112,2.314529643219082,10.388633786632424,0.0,0.0,0.0,0.0
2026-09-11,EP142026,5,2026-09-12 06:00:00,1 days 06:00:00,30,16.87,-127.3,994.4,54.2,61.69293008464865,61.69293008464865,3.818205507396298,0.0,21.408341658843582,61.69293008464865,0.0,0.0,0.1518267740313152,0.0,0.0,0.0,0.0
2026-09-11,EP142026,5,2026-09-12 12:00:00,1 days 12:00:00,36,17.07,-128.45,989.2,56.6,39.2245305960642,87.47027938139831,56.02269317368452,34.065801298708706,62.78042581526637,0.0,0.0,0.0,39.2245305960642,0.0,0.0,0.0,0.0
2026-09-11,EP142026,5,2026-09-12 18:00:00,1 days 18:00:00,42,17.45,-129.18,990.0,60.1,31.11479549681945,171.83038476759148,141.77748113036668,93.21946818974044,140.10573543704692,31.11479549681945,19.367507996883813,9.391942052607227,19.934290269937904,0.0,0.0,0.0,0.0
2026-09-11,EP142026,5,2026-09-13 00:00:00,2 days 00:00:00,48,17.67,-130.11,987.0,57.0,42.32146431671735,166.3617947558913,136.1306974444957,102.7343969611521,128.49323841122157,42.32146431671735,4.860431751980864,2.185206000267291,5.931610008610223,0.0,0.0,0.0,0.0
2026-09-11,EP142026,5,2026-09-13 06:00:00,2 days 06:00:00,54,18.15,-131.28,998.3,48.5,29.990344169025853,260.3471390492382,209.4363749371255,154.28249230359015,216.72900584932137,0.0,0.0,0.0,0.0,0.0,0.0,0.0,0.0
2026-09-11,EP142026,5,2026-09-13 12:00:00,2 days 12:00:00,60,18.4,-132.03,995.4,56.5,22.6626328755696,211.860774298042,176.20811078907894,135.3128544097725,178.13617010740796,49.953518850287,38.954930292077336,23.27136568329893,36.13123232105495,0.0,0.0,0.0,0.0
2026-09-11,EP142026,5,2026-09-13 18:00:00,2 days 18:00:00,66,18.43,-132.98,996.3,46.3,59.796962471467566,59.796962471467566,11.06305922066518,2.156799551464246,24.21148061866197,0.0,0.0,0.0,0.0,0.0,0.0,0.0,0.0
2026-09-11,EP142026,5,2026-09-14 00:00:00,3 days 00:00:00,72,18.98,-134.08,996.7,45.3,25.823903967317392,134.63511112091567,101.0222465635511,73.10956526952673,106.10722688327068,0.0,0.0,0.0,0.0,0.0,0.0,0.0,0.0
2026-09-11,EP142026,5,2026-09-14 06:00:00,3 days 06:00:00,78,19.36,-134.97,995.5,51.1,42.96511949721387,120.95818816850766,91.31459614500132,64.47731402409515,96.2070166785401,42.96511949721387,0.3933071685642662,0.0,1.816194881986381,0.0,0.0,0.0,0.0
2026-09-11,EP142026,5,2026-09-14 12:00:00,3 days 12:00:00,84,19.32,-136.22,995.8,47.2,47.67709900312866,137.3887150723267,104.0132226100377,64.0260366579439,105.05191293477765,0.0,0.0,0.0,0.0,0.0,0.0,0.0,0.0
2026-09-11,EP142026,5,2026-09-14 18:00:00,3 days 18:00:00,90,19.38,-137.33,1000.5,38.7,64.56925370660986,210.01331281361377,175.89232288229596,136.08690665662948,177.2689624439986,0.0,0.0,0.0,0.0,0.0,0.0,0.0,0.0
2026-09-11,EP142026,5,2026-09-15 00:00:00,4 days 00:00:00,96,19.69,-139.05,1001.7,40.8,47.016716566510055,47.016716566510055,7.941790645325035,2.2361143098191576,14.888808980724178,0.0,0.0,0.0,0.0,0.0,0.0,0.0,0.0
2026-09-11,EP142026,5,2026-09-15 06:00:00,4 days 06:00:00,102,19.55,-140.43,1005.4,26.8,57.55114356437117,0.0,0.0,0.0,0.0,0.0,0.0,0.0,0.0,0.0,0.0,0.0,0.0
2026-09-11,EP142026,5,2026-09-15 12:00:00,4 days 12:00:00,108,19.54,-142.01,1005.6,33.8,128.8120372016017,0.0,0.0,0.0,0.0,0.0,0.0,0.0,0.0,0.0,0.0,0.0,0.0
2026-09-11,EP142026,5,2026-09-15 18:00:00,4 days 18:00:00,114,19.39,-143.35,1006.4,25.9,111.36921846716965,0.0,0.0,0.0,0.0,0.0,0.0,0.0,0.0,0.0,0.0,0.0,0.0
2026-09-11,EP142026,5,2026-09-16 00:00:00,5 days 00:00:00,120,19.27,-145.01,1003.9,28.2,66.16207478874898,0.0,0.0,0.0,0.0,0.0,0.0,0.0,0.0,0.0,0.0,0.0,0.0
2026-09-11,EP142026,5,2026-09-16 06:00:00,5 days 06:00:00,126,19.28,-146.26,1004.4,29.4,87.95201275750793,0.0,0.0,0.0,0.0,0.0,0.0,0.0,0.0,0.0,0.0,0.0,0.0
2026-09-11,EP122026,6,2026-09-11 00:00:00,0 days 00:00:00,0,29.0,-169.5,997.0,45.0,148.0,297.0,148.0,,222.0,0.0,0.0,0.0,0.0,0.0,0.0,0.0,0.0
2026-09-11,EP122026,6,2026-09-11 06:00:00,0 days 06:00:00,6,28.84,-170.33,1002.2,33.0,90.04018404080878,0.0,0.0,0.0,0.0,0.0,0.0,0.0,0.0,0.0,0.0,0.0,0.0
2026-09-11,EP122026,6,2026-09-11 12:00:00,0 days 12:00:00,12,29.07,-171.42,1002.0,30.5,61.59446242807928,0.0,0.0,0.0,0.0,0.0,0.0,0.0,0.0,0.0,0.0,0.0,0.0
2026-09-11,EP122026,6,2026-09-11 18:00:00,0 days 18:00:00,18,29.72,-172.36,1001.3,34.9,115.21599544539428,115.21599544539428,2.2754488777563573,0.0,0.0,0.0,0.0,0.0,0.0,0.0,0.0,0.0,0.0
2026-09-11,EP122026,6,2026-09-12 00:00:00,1 days 00:00:00,24,30.58,-172.37,1001.6,40.7,58.26105148715715,105.09358442354498,94.49618547089806,66.83438800342503,82.25017657693618,0.0,0.0,0.0,0.0,0.0,0.0,0.0,0.0
2026-09-11,EP122026,6,2026-09-12 06:00:00,1 days 06:00:00,30,32.43,-171.7,992.9,44.1,85.92918391962354,85.92918391962354,9.7466383231813,0.0,12.983205865240803,0.0,0.0,0.0,0.0,0.0,0.0,0.0,0.0
2026-09-11,EP142026,6,2026-09-11 00:00:00,0 days 00:00:00,0,16.4,-121.3,1002.0,41.0,74.0,111.0,,,74.0,0.0,0.0,0.0,0.0,0.0,0.0,0.0,0.0
2026-09-11,EP142026,6,2026-09-11 06:00:00,0 days 06:00:00,6,16.52,-122.52,994.1,64.1,20.06702874205223,107.47616168198874,76.81488844034652,37.49452717678673,76.67597967921097,44.16363097239753,33.524784341930115,19.494213001505077,33.92210295685851,20.06702874205223,0.1464788003515735,0.0,1.5538080723221768
2026-09-11,EP142026,6,2026-09-11 12:00:00,0 days 12:00:00,12,16.72,-123.48,983.0,63.6,46.4839805454948,177.0200847957301,138.1862000188346,77.89101568814965,162.2336916039004,66.50346065284742,52.795285586871046,37.6189997832112,57.03982675133693,0.0,0.0,0.0,0.0
2026-09-11,EP142026,6,2026-09-11 18:00:00,0 days 18:00:00,18,16.69,-125.03,981.6,69.9,34.989880355410904,146.0876421043293,115.99621646378516,67.68710309120624,122.37529726216088,34.989880355410904,0.405244060590769,0.0,0.9217637206639644,34.989880355410904,0.405244060590769,0.0,0.4674371465940414
2026-09-11,EP142026,6,2026-09-12 00:00:00,1 days 00:00:00,24,16.54,-126.12,987.5,63.4,13.656031554748484,115.361304775758,80.3884490096951,51.45622796210304,95.06650559340896,33.76700540064826,26.67418095678771,18.13879153988877,26.53939409163965,0.0,0.0,0.0,0.0
2026-09-11,EP142026,6,2026-09-12 06:00:00,1 days 06:00:00,30,16.48,-127.25,993.2,57.0,31.177479777066655,108.42337321203624,77.40148484347702,53.618450839348384,88.42329694187728,31.177479777066655,17.163166711921377,9.903970983546984,17.412262068256666,0.0,0.0,0.0,0.0
2026-09-11,EP142026,6,2026-09-12 12:00:00,1 days 12:00:00,36,16.8,-127.96,998.8,50.5,35.0618028870712,144.84348152358157,118.85390276498477,84.85890131113128,125.08127083067792,35.0618028870712,4.171912630496256,1.0207630704844584,6.8766535692532855,0.0,0.0,0.0,0.0
2026-09-11,EP142026,6,2026-09-12 18:00:00,1 days 18:00:00,42,17.49,-128.85,988.4,69.2,21.45659374970827,165.76542395372456,128.23971808838968,87.01773299239849,132.58473924585394,40.808671621600034,31.66839282397489,23.428288134327374,34.5281254020325,21.45659374970827,4.270752395220422,2.89089446479665,4.681121265826436
2026-09-11,EP142026,6,2026-09-13 00:00:00,2 days 00:00:00,48,17.48,-129.77,995.7,56.6,12.970596417205002,47.6450808156292,25.919700759055644,15.793578852698772,42.94836367854848,12.970596417205002,8.019899907641548,4.367555579532425,9.852753071965594,0.0,0.0,0.0,0.0
2026-09-11,EP142026,6,2026-09-13 06:00:00,2 days 06:00:00,54,17.94,-130.84,982.1,76.1,6.008162277723468,106.35277748925056,68.92018923753375,42.09034224808647,89.58244048969974,45.75916065404338,32.57335615663511,23.251613695049883,36.64529773983829,17.22839292834219,12.550294222173358,8.744097082376438,14.044103487107328
2026-09-11,EP142026,6,2026-09-13 12:00:00,2 days 12:00:00,60,17.99,-132.16,994.0,61.5,39.24553061676585,113.87520207799406,85.2608639643754,53.165903772356586,91.92187352296378,39.24553061676585,0.0996272594321325,0.0,3.7482956877128615,0.0,0.0,0.0,0.0
2026-09-11,EP142026,6,2026-09-13 18:00:00,2 days 18:00:00,66,18.23,-133.04,980.8,75.9,13.878594295343383,100.82142191918228,68.06492976830428,48.82901136006721,89.82932740310076,57.38687894487813,43.83846464323968,33.592027719083774,49.36441605123284,23.005025118181685,19.42850344171947,13.97101639090048,20.409340007265868
2026-09-11,EP142026,6,2026-09-14 00:00:00,3 days 00:00:00,72,18.4,-134.23,980.4,74.3,34.022527821924776,164.73927994207048,114.5980123951894,63.05506255317718,134.58532977015986,34.022527821924776,21.027146593872867,12.013297966711992,25.796503112052584,34.022527821924776,0.0,0.0,0.4949571697173489
2026-09-11,EP142026,6,2026-09-14 06:00:00,3 days 06:00:00,78,18.48,-135.23,987.5,66.9,32.380050736018106,188.111789966632,135.98554518979512,99.54334537869354,164.5435865323178,34.38589047689936,23.583509560011017,15.153373654319,28.973277686352503,32.380050736018106,0.0,0.0,0.524934818575312
2026-09-11,EP142026,6,2026-09-14 12:00:00,3 days 12:00:00,84,18.28,-136.36,984.8,67.0,25.22953055493645,178.81344695394785,130.1653652043923,92.85992308261513,149.00036906783362,55.82880986394483,40.856909488922696,29.19447797729705,46.35719367024507,25.22953055493645,5.05626109079936,2.818642700165612,7.674845469738567
2026-09-11,EP142026,6,2026-09-14 18:00:00,3 days 18:00:00,90,18.01,-137.08,982.6,71.8,8.614852166240155,108.23672494846846,67.33323545153908,45.524640266769154,91.01772359071072,49.32214667480366,37.2331893692074,24.30130364296285,38.9916734253348,13.372932186420996,10.280685124102568,6.096501708794278,11.059535645631392
2026-09-11,EP142026,6,2026-09-15 00:00:00,4 days 00:00:00,96,18.09,-137.9,988.1,69.5,23.20764257711608,153.9606856673244,99.4113447601536,56.56845611937234,122.62225560363764,50.25787328292667,33.58909964124769,21.06107640342124,39.90454657529786,23.20764257711608,2.479879317590284,0.0,4.699799450855814
2026-09-11,EP142026,6,2026-09-15 06:00:00,4 days 06:00:00,102,18.07,-138.88,994.5,55.3,24.77167547555368,102.47643098140855,67.47025686984108,41.51092039674597,85.3140933506773,24.77167547555368,0.0,0.0,3.3762154755624785,0.0,0.0,0.0,0.0
2026-09-11,EP142026,6,2026-09-15 12:00:00,4 days 12:00:00,108,17.9,-140.25,989.2,62.2,47.748854646581776,134.90750394376263,100.4239163073974,66.5421207165209,113.64348915275468,47.748854646581776,2.922493292518481,1.688308917569997,5.7767332373179245,0.0,0.0,0.0,0.0
2026-09-11,EP142026,6,2026-09-15 18:00:00,4 days 18:00:00,114,17.6,-141.27,981.5,69.1,24.880343622757536,128.56840442086954,88.87204721767904,56.04919212596006,110.22425218980398,36.15478284307962,25.850593149010333,19.7831044836342,28.46185279278063,24.880343622757536,0.0,0.0,0.4966200949015324
2026-09-11,EP142026,6,2026-09-16 00:00:00,5 days 00:00:00,120,17.48,-142.75,993.7,56.4,24.07094963033675,168.53481991331358,132.10587345261035,96.21738010412513,147.20810052806974,46.619168333487245,35.69968859467512,25.602714785278557,37.413419816209554,0.0,0.0,0.0,0.0
2026-09-11,EP142026,6,2026-09-16 06:00:00,5 days 06:00:00,126,16.65,-144.03,992.4,49.2,33.47500760413004,33.47500760413004,5.723173786216348,0.0,10.926228638502533,0.0,0.0,0.0,0.0,0.0,0.0,0.0,0.0
2026-09-11,EP142026,6,2026-09-16 12:00:00,5 days 12:00:00,132,15.96,-145.76,1003.4,31.0,77.89426704057375,0.0,0.0,0.0,0.0,0.0,0.0,0.0,0.0,0.0,0.0,0.0,0.0
2026-09-11,EP142026,6,2026-09-16 18:00:00,5 days 18:00:00,138,15.35,-147.15,995.5,43.6,82.9758053165437,82.9758053165437,70.07888633017112,56.40064268781309,69.78453713382126,0.0,0.0,0.0,0.0,0.0,0.0,0.0,0.0
2026-09-11,EP142026,6,2026-09-17 00:00:00,6 days 00:00:00,144,14.48,-148.61,1001.8,33.0,74.10258860237877,0.0,0.0,0.0,0.0,0.0,0.0,0.0,0.0,0.0,0.0,0.0,0.0
2026-09-11,EP142026,6,2026-09-17 06:00:00,6 days 06:00:00,150,14.29,-150.0,1003.6,33.8,72.48579142593735,0.0,0.0,0.0,0.0,0.0,0.0,0.0,0.0,0.0,0.0,0.0,0.0
2026-09-11,EP142026,6,2026-09-17 12:00:00,6 days 12:00:00,156,13.47,-151.26,1000.0,27.6,83.24785569094216,0.0,0.0,0.0,0.0,0.0,0.0,0.0,0.0,0.0,0.0,0.0,0.0
2026-09-11,EP142026,6,2026-09-17 18:00:00,6 days 18:00:00,162,13.48,-152.51,1001.2,31.8,117.32359798041028,0.0,0.0,0.0,0.0,0.0,0.0,0.0,0.0,0.0,0.0,0.0,0.0
2026-09-11,EP122026,7,2026-09-11 00:00:00,0 days 00:00:00,0,29.0,-169.5,997.0,45.0,148.0,297.0,148.0,,222.0,0.0,0.0,0.0,0.0,0.0,0.0,0.0,0.0
2026-09-11,EP122026,7,2026-09-11 06:00:00,0 days 06:00:00,6,28.95,-170.49,1002.1,35.1,85.45283961844893,85.45283961844893,15.71347007724141,3.013694052885242,21.377436181868845,0.0,0.0,0.0,0.0,0.0,0.0,0.0,0.0
2026-09-11,EP122026,7,2026-09-11 12:00:00,0 days 12:00:00,12,29.04,-171.47,1003.3,30.4,114.07132395111002,0.0,0.0,0.0,0.0,0.0,0.0,0.0,0.0,0.0,0.0,0.0,0.0
2026-09-11,EP122026,7,2026-09-11 18:00:00,0 days 18:00:00,18,29.34,-172.14,1001.5,32.8,84.78939621890855,0.0,0.0,0.0,0.0,0.0,0.0,0.0,0.0,0.0,0.0,0.0,0.0
2026-09-11,EP122026,7,2026-09-12 00:00:00,1 days 00:00:00,24,29.72,-172.33,1000.8,32.5,165.42255492636627,0.0,0.0,0.0,0.0,0.0,0.0,0.0,0.0,0.0,0.0,0.0,0.0
2026-09-11,EP122026,7,2026-09-12 06:00:00,1 days 06:00:00,30,30.92,-171.83,1000.9,30.5,132.76207848331472,0.0,0.0,0.0,0.0,0.0,0.0,0.0,0.0,0.0,0.0,0.0,0.0
2026-09-11,EP142026,7,2026-09-11 00:00:00,0 days 00:00:00,0,16.4,-121.3,1002.0,41.0,74.0,111.0,,,74.0,0.0,0.0,0.0,0.0,0.0,0.0,0.0,0.0
2026-09-11,EP142026,7,2026-09-11 06:00:00,0 days 06:00:00,6,16.67,-122.45,991.4,56.4,45.090864635820445,171.40551650813222,133.64414091106372,73.89482507518849,127.39578301685,45.090864635820445,15.899849814724847,5.687822023579278,18.30659305909954,0.0,0.0,0.0,0.0
2026-09-11,EP142026,7,2026-09-11 12:00:00,0 days 12:00:00,12,16.88,-123.91,999.0,49.5,73.83534136360356,224.1919854238525,172.26714179006444,112.9461985691958,183.17685978180964,0.0,0.0,0.0,0.0,0.0,0.0,0.0,0.0
2026-09-11,EP142026,7,2026-09-11 18:00:00,0 days 18:00:00,18,16.87,-125.27,991.2,64.0,38.56550963881849,127.50644686522404,96.63615237638692,59.54057810537322,96.52353237611662,38.56550963881849,0.0,0.0,1.0092438487251734,38.56550963881849,0.0,0.0,0.0
2026-09-11,EP142026,7,2026-09-12 00:00:00,1 days 00:00:00,24,16.81,-126.39,975.0,79.5,7.626784238276054,111.9540746867714,81.67965766720185,60.54912488530746,97.62758152143518,45.51109968670593,30.78795456818086,22.27417926182988,38.73192825000858,24.95152573516832,20.41137082124428,16.45178388330565,21.542621711984157
2026-09-11,EP142026,7,2026-09-12 06:00:00,1 days 06:00:00,30,16.93,-127.44,994.9,55.1,66.61092192320348,178.94038580740397,143.36918022979506,110.722151671221,149.26383408026746,66.61092192320348,0.0,0.0,0.0,0.0,0.0,0.0,0.0
2026-09-11,EP142026,7,2026-09-12 12:00:00,1 days 12:00:00,36,17.44,-128.45,981.7,67.5,36.46017524686506,107.82602670979566,96.52292160355756,81.60434985038594,103.33702553089066,36.46017524686506,12.983548583161337,7.6519024865737855,17.62896738096385,36.46017524686506,0.0,0.0,0.0
2026-09-11,EP142026,7,2026-09-12 18:00:00,1 days 18:00:00,42,17.43,-129.66,992.3,54.3,39.98630681200808,129.6572268439994,94.4864436069942,60.83329716477599,103.61062420797452,39.98630681200808,21.66133277604236,12.06064239724219,21.29849342152609,0.0,0.0,0.0,0.0
2026-09-11,EP142026,7,2026-09-13 00:00:00,2 days 00:00:00,48,17.59,-130.7,991.4,59.3,36.63942260797455,146.31744147982195,121.45392204465202,79.28993517866093,112.9472490850759,36.63942260797455,0.0,0.0,1.6806836936027452,0.0,0.0,0.0,0.0
2026-09-11,EP142026,7,2026-09-13 06:00:00,2 days 06:00:00,54,17.95,-131.78,995.1,52.1,47.97279415600103,180.1221638364116,119.1072105699857,68.06548539576121,159.4884588861621,58.9458273229316,37.2228157257288,22.79720726258324,38.61373366455841,0.0,0.0,0.0,0.0
2026-09-11,EP142026,7,2026-09-13 12:00:00,2 days 12:00:00,60,18.31,-132.77,966.6,98.4,0.0,132.10560307126508,76.34644792033242,54.898798283604975,118.95954484437982,54.72102391713023,34.879535024740534,24.446417235549426,43.578547020438265,23.470108950357076,17.414922155058207,13.05142837802049,21.02971930365217
2026-09-11,EP142026,7,2026-09-13 18:00:00,2 days 18:00:00,66,18.57,-133.71,981.9,67.8,15.495882930361889,97.39111084992874,64.8566037563653,46.023316117178894,92.32180114756363,57.90360083596104,39.2920602028116,25.18647924240909,48.04752947897708,15.495882930361889,10.400285303562384,6.650828554349253,11.885368123530178
2026-09-11,EP142026,7,2026-09-14 00:00:00,3 days 00:00:00,72,18.79,-134.74,996.7,50.4,25.49837498266311,42.137604506130856,24.550863331909227,16.830474800336788,39.69422085051451,25.49837498266311,0.0,0.0,0.2848791587828714,0.0,0.0,0.0,0.0
2026-09-11,EP142026,7,2026-09-14 06:00:00,3 days 06:00:00,78,18.96,-135.61,1002.8,40.7,47.70846290923559,47.70846290923559,13.228575494217456,1.0944157975766693,19.42973056078053,0.0,0.0,0.0,0.0,0.0,0.0,0.0,0.0
2026-09-11,EP142026,7,2026-09-14 12:00:00,3 days 12:00:00,84,19.03,-136.55,999.0,47.5,67.5283322471596,203.2238756740653,156.62523468674044,105.79324039879612,165.8030739955193,0.0,0.0,0.0,0.0,0.0,0.0,0.0,0.0
2026-09-11,EP142026,7,2026-09-14 18:00:00,3 days 18:00:00,90,19.28,-136.8,1002.4,47.3,67.01333445657342,131.79961807658486,105.77646991709548,56.2876532346536,107.10315081082366,0.0,0.0,0.0,0.0,0.0,0.0,0.0,0.0
2026-09-11,EP142026,7,2026-09-15 00:00:00,4 days 00:00:00,96,18.88,-138.15,996.8,47.8,46.5528071298061,127.19345366984592,97.19487203741012,70.65263139252517,99.3819897533478,0.0,0.0,0.0,0.0,0.0,0.0,0.0,0.0
2026-09-11,EP142026,7,2026-09-15 06:00:00,4 days 06:00:00,102,18.81,-139.33,1005.2,37.7,102.27113428370876,215.55557794988027,174.66131692231812,114.11282750414598,182.64191211126516,0.0,0.0,0.0,0.0,0.0,0.0,0.0,0.0
2026-09-11,EP142026,7,2026-09-15 12:00:00,4 days 12:00:00,108,18.82,-140.51,1003.5,28.9,99.39179557357572,0.0,0.0,0.0,0.0,0.0,0.0,0.0,0.0,0.0,0.0,0.0,0.0
2026-09-11,EP142026,7,2026-09-15 18:00:00,4 days 18:00:00,114,18.52,-141.58,1005.7,31.8,131.35374291993298,0.0,0.0,0.0,0.0,0.0,0.0,0.0,0.0,0.0,0.0,0.0,0.0
2026-09-11,EP142026,7,2026-09-16 00:00:00,5 days 00:00:00,120,17.59,-142.79,1005.0,27.5,138.6412393148866,0.0,0.0,0.0,0.0,0.0,0.0,0.0,0.0,0.0,0.0,0.0,0.0
2026-09-11,EP142026,7,2026-09-16 06:00:00,5 days 06:00:00,126,15.8,-143.34,1004.7,24.9,103.47125611657242,0.0,0.0,0.0,0.0,0.0,0.0,0.0,0.0,0.0,0.0,0.0,0.0
2026-09-11,EP142026,7,2026-09-16 12:00:00,5 days 12:00:00,132,16.41,-145.77,1004.7,30.4,112.93901463815232,0.0,0.0,0.0,0.0,0.0,0.0,0.0,0.0,0.0,0.0,0.0,0.0
2026-09-11,EP122026,8,2026-09-11 00:00:00,0 days 00:00:00,0,29.0,-169.5,997.0,45.0,148.0,297.0,148.0,,222.0,0.0,0.0,0.0,0.0,0.0,0.0,0.0,0.0
2026-09-11,EP122026,8,2026-09-11 06:00:00,0 days 06:00:00,6,28.94,-170.54,1000.7,31.2,61.72480661121668,0.0,0.0,0.0,0.0,0.0,0.0,0.0,0.0,0.0,0.0,0.0,0.0
2026-09-11,EP122026,8,2026-09-11 12:00:00,0 days 12:00:00,12,29.04,-171.6,1003.6,30.6,67.71179126840573,0.0,0.0,0.0,0.0,0.0,0.0,0.0,0.0,0.0,0.0,0.0,0.0
2026-09-11,EP122026,8,2026-09-11 18:00:00,0 days 18:00:00,18,29.92,-172.07,1002.2,35.0,150.08906663231016,150.08906663231016,0.0,0.0,0.0,0.0,0.0,0.0,0.0,0.0,0.0,0.0,0.0
2026-09-11,EP122026,8,2026-09-12 00:00:00,1 days 00:00:00,24,31.79,-172.25,999.8,42.5,129.7709316628509,129.7709316628509,0.0,0.0,0.6317654401867756,0.0,0.0,0.0,0.0,0.0,0.0,0.0,0.0
2026-09-11,EP122026,8,2026-09-12 06:00:00,1 days 06:00:00,30,32.23,-172.07,999.1,36.9,172.67682024508747,172.67682024508747,0.0,0.0,1.2517277761348282,0.0,0.0,0.0,0.0,0.0,0.0,0.0,0.0
2026-09-11,EP142026,8,2026-09-11 00:00:00,0 days 00:00:00,0,16.4,-121.3,1002.0,41.0,74.0,111.0,,,74.0,0.0,0.0,0.0,0.0,0.0,0.0,0.0,0.0
2026-09-11,EP142026,8,2026-09-11 06:00:00,0 days 06:00:00,6,16.61,-122.53,989.8,53.6,23.81580595673969,87.43313772119687,56.836409624833706,27.58850045203728,58.99095968914188,1.1202000665625835,0.0,0.0,23.81580595673969,0.0,0.0,0.0,0.0
2026-09-11,EP142026,8,2026-09-11 12:00:00,0 days 12:00:00,12,16.84,-123.43,991.0,61.5,27.53258658292521,111.18757060731376,55.30925879831543,33.82798648376884,101.01024786433928,32.54940002512073,18.253055581669628,6.757500149928792,29.67093377189719,0.0,0.0,0.0,0.0
2026-09-11,EP142026,8,2026-09-11 18:00:00,0 days 18:00:00,18,16.87,-125.07,978.1,77.4,16.09276317142185,150.86737115106,110.84327708673868,68.84800899738283,119.26170489226786,60.09249622735874,45.557134427132354,28.59912769272689,46.38171420757579,23.650299988812566,18.051750721112025,12.172049324006988,19.047031813995936
2026-09-11,EP142026,8,2026-09-12 00:00:00,1 days 00:00:00,24,17.02,-126.23,973.7,84.2,0.0,115.85833306353464,82.86269931415967,54.95725237674012,89.13273963567991,25.602963744342368,16.3197148857969,8.52916589277071,18.244212208827,8.583489216098712,5.574389984431095,2.6409597767643778,6.392209976199613
2026-09-11,EP142026,8,2026-09-12 06:00:00,1 days 06:00:00,30,17.09,-127.14,979.0,71.0,25.681571843620205,93.96157385625622,46.9964300952808,14.976683440553884,70.18740980517995,25.681571843620205,4.691458891983137,0.1535688755960667,10.185079450156469,25.681571843620205,0.0875536700467805,0.0,2.3319020778229884
2026-09-11,EP142026,8,2026-09-12 12:00:00,1 days 12:00:00,36,17.37,-128.47,975.1,80.3,10.300701900334015,138.05576059361303,93.0919480902779,62.62115063414872,121.62542363488612,57.94401155478022,40.256656195320325,27.101015260040736,48.33232113278525,26.156976480465776,18.69855612436784,12.681995332659476,21.023194567816734
2026-09-11,EP142026,8,2026-09-12 18:00:00,1 days 18:00:00,42,17.81,-129.41,973.1,76.2,14.638754105695348,149.71081006802677,118.52689692891369,92.61359452422865,135.3411770759634,69.16840261786983,55.12082037926501,42.17311022305337,61.43715616854166,33.33455094542932,26.736695589410218,20.529763945178225,28.09969911471672
2026-09-11,EP142026,8,2026-09-13 00:00:00,2 days 00:00:00,48,18.03,-130.36,976.3,81.7,0.0,149.3627636318256,108.70532354908072,70.17627124800845,121.99476826648517,61.57844355509462,45.03600343418299,27.91556773111722,49.8584519974487,25.76771742842868,18.2592368330896,12.179625659654576,20.42810036494845
2026-09-11,EP142026,8,2026-09-13 06:00:00,2 days 06:00:00,54,18.1,-131.17,978.9,72.1,23.193256572404398,130.36587216432585,94.9381763652496,80.20963383419301,122.09816186837814,64.52693256591866,49.26192310171074,37.42931932251106,55.700364280597,30.76231076962601,24.705012276560456,18.99929617212899,25.975140859632237
2026-09-11,EP142026,8,2026-09-13 12:00:00,2 days 12:00:00,60,18.44,-132.53,973.7,80.1,0.6531552208207358,103.5698324992436,75.81397948412632,56.06202451066338,99.86760658004732,45.04098919061744,33.25519094201081,21.470100414911716,37.89338753056609,18.89320979462991,13.693413551860884,9.931326674385788,15.159379828637045
2026-09-11,EP142026,8,2026-09-13 18:00:00,2 days 18:00:00,66,18.59,-133.39,974.6,81.9,26.40328682774356,117.4865016548132,63.25017389023262,42.3939598676898,87.14073562613396,42.67243996035339,28.250433508357247,18.780007296167504,35.44673599197267,26.40328682774356,13.90340824827956,9.805958167814598,16.425800077542576
2026-09-11,EP142026,8,2026-09-14 00:00:00,3 days 00:00:00,72,19.39,-134.79,977.9,80.8,5.812964885247865,129.57157345941843,93.59142158796826,60.45023990791974,113.00497865242396,53.17396360162765,37.99294195213143,24.450407856709504,45.8832696867108,25.1456193250595,17.649465402666607,12.673485850829575,20.108394054525164
2026-09-11,EP142026,8,2026-09-14 06:00:00,3 days 06:00:00,78,19.43,-136.1,993.3,59.2,26.65499058702278,148.56584728282087,115.32832244106612,71.35929750087826,126.62861135827734,37.56379202796785,31.292583390681685,22.311243059461844,28.45919076765047,0.0,0.0,0.0,0.0
2026-09-11,EP142026,8,2026-09-14 12:00:00,3 days 12:00:00,84,19.72,-137.57,993.3,55.7,29.772301508869173,150.92052601286548,103.97420875308389,84.46111303394659,120.5195937778816,29.772301508869173,0.0,0.0,0.8686615480510897,0.0,0.0,0.0,0.0
2026-09-11,EP142026,8,2026-09-14 18:00:00,3 days 18:00:00,90,20.18,-139.01,1001.0,45.1,37.97049131740096,120.53456241628736,95.90384015023665,64.66399441945941,95.79125034459868,0.0,0.0,0.0,0.0,0.0,0.0,0.0,0.0
2026-09-11,EP142026,8,2026-09-15 00:00:00,4 days 00:00:00,96,20.34,-140.11,1003.2,37.5,120.29064263800863,120.29064263800863,24.25775192363517,12.870854961675832,30.04561794763981,0.0,0.0,0.0,0.0,0.0,0.0,0.0,0.0
2026-09-11,EP142026,8,2026-09-15 06:00:00,4 days 06:00:00,102,20.69,-141.59,1000.0,42.9,58.18891758764906,58.18891758764906,6.376953389027136,0.0,11.057610724381824,0.0,0.0,0.0,0.0,0.0,0.0,0.0,0.0
2026-09-11,EP142026,8,2026-09-15 12:00:00,4 days 12:00:00,108,20.58,-142.99,1003.3,34.1,123.80456431253448,123.80456431253448,4.27625984362586,2.506187325688653,9.885169665314166,0.0,0.0,0.0,0.0,0.0,0.0,0.0,0.0
2026-09-11,EP142026,8,2026-09-15 18:00:00,4 days 18:00:00,114,20.65,-144.48,1004.9,30.7,50.591546508427626,0.0,0.0,0.0,0.0,0.0,0.0,0.0,0.0,0.0,0.0,0.0,0.0
2026-09-11,EP142026,8,2026-09-16 00:00:00,5 days 00:00:00,120,20.71,-145.95,1002.6,32.8,60.06700015284007,0.0,0.0,0.0,0.0,0.0,0.0,0.0,0.0,0.0,0.0,0.0,0.0
2026-09-11,EP142026,8,2026-09-16 06:00:00,5 days 06:00:00,126,20.53,-148.07,1007.8,24.9,56.99027636782011,0.0,0.0,0.0,0.0,0.0,0.0,0.0,0.0,0.0,0.0,0.0,0.0
2026-09-11,EP142026,8,2026-09-16 12:00:00,5 days 12:00:00,132,20.26,-149.59,1008.8,23.6,65.61726085202147,0.0,0.0,0.0,0.0,0.0,0.0,0.0,0.0,0.0,0.0,0.0,0.0
2026-09-11,EP142026,8,2026-09-16 18:00:00,5 days 18:00:00,138,19.99,-151.5,1010.1,16.8,156.23269697760531,0.0,0.0,0.0,0.0,0.0,0.0,0.0,0.0,0.0,0.0,0.0,0.0
2026-09-11,EP122026,9,2026-09-11 00:00:00,0 days 00:00:00,0,29.0,-169.5,997.0,45.0,148.0,297.0,148.0,,222.0,0.0,0.0,0.0,0.0,0.0,0.0,0.0,0.0
2026-09-11,EP122026,9,2026-09-11 06:00:00,0 days 06:00:00,6,28.83,-170.44,1000.8,37.5,204.86246983778076,204.86246983778076,1.9151569526156589,1.424065481769624,6.870375362765412,0.0,0.0,0.0,0.0,0.0,0.0,0.0,0.0
2026-09-11,EP122026,9,2026-09-11 12:00:00,0 days 12:00:00,12,29.02,-171.37,1003.5,31.3,99.08383360946802,0.0,0.0,0.0,0.0,0.0,0.0,0.0,0.0,0.0,0.0,0.0,0.0
2026-09-11,EP122026,9,2026-09-11 18:00:00,0 days 18:00:00,18,29.32,-171.89,1003.8,33.1,192.1676387293005,0.0,0.0,0.0,0.0,0.0,0.0,0.0,0.0,0.0,0.0,0.0,0.0
2026-09-11,EP122026,9,2026-09-12 00:00:00,1 days 00:00:00,24,30.13,-171.72,998.9,33.9,72.13483443689672,0.0,0.0,0.0,0.0,0.0,0.0,0.0,0.0,0.0,0.0,0.0,0.0
2026-09-11,EP122026,9,2026-09-12 06:00:00,1 days 06:00:00,30,31.48,-170.96,988.9,52.2,74.52826310647487,74.52826310647487,20.563430774804186,3.745147227264468,9.9180026059279,74.52826310647487,0.0,0.0,0.0,0.0,0.0,0.0,0.0
2026-09-11,EP122026,9,2026-09-12 12:00:00,1 days 12:00:00,36,32.68,-171.89,999.0,37.2,90.91322143939334,90.91322143939334,41.26843438849805,21.827047649178468,44.0327361576008,0.0,0.0,0.0,0.0,0.0,0.0,0.0,0.0
2026-09-11,EP122026,9,2026-09-12 18:00:00,1 days 18:00:00,42,34.26,-172.72,992.5,52.8,100.83322950714889,100.83322950714889,30.897124155767585,100.83322950714889,28.713232311749152,0.0,0.0,100.83322950714889,0.0,0.0,0.0,0.0,0.0
2026-09-11,EP122026,9,2026-09-13 00:00:00,2 days 00:00:00,48,34.53,-174.65,997.3,34.2,78.70496485645936,5.537271108562607,0.0,10.482417883287155,78.70496485645936,0.0,0.0,0.0,0.0,0.0,0.0,0.0,0.0
2026-09-11,EP122026,9,2026-09-13 06:00:00,2 days 06:00:00,54,34.15,-176.68,996.9,33.7,129.80061712435204,0.0,0.0,0.0,0.0,0.0,0.0,0.0,0.0,0.0,0.0,0.0,0.0
2026-09-11,EP122026,9,2026-09-13 12:00:00,2 days 12:00:00,60,33.35,-177.5,995.5,36.7,65.97741001449512,0.0,0.0,0.0,65.97741001449512,0.0,0.0,0.0,0.0,0.0,0.0,0.0,0.0
2026-09-11,EP142026,9,2026-09-11 00:00:00,0 days 00:00:00,0,16.4,-121.3,1002.0,41.0,74.0,111.0,,,74.0,0.0,0.0,0.0,0.0,0.0,0.0,0.0,0.0
2026-09-11,EP142026,9,2026-09-11 06:00:00,0 days 06:00:00,6,16.7,-121.97,988.0,54.1,53.58904688124426,111.47593576353978,48.5614441011709,11.111448440393984,89.20348962989635,53.58904688124426,0.0,0.0,10.794807085375147,0.0,0.0,0.0,0.0
2026-09-11,EP142026,9,2026-09-11 12:00:00,0 days 12:00:00,12,16.78,-123.69,981.3,78.2,23.512145507033157,173.88741129169762,125.7117964208304,74.8036978384622,138.21310282493653,53.059908406165874,39.4396098599299,23.90368300389946,39.80431674572401,23.512145507033157,15.862553003199755,11.398767621607334,16.396726859095892
2026-09-11,EP142026,9,2026-09-11 18:00:00,0 days 18:00:00,18,16.88,-125.07,963.7,96.8,23.84862333867042,145.6572093633107,98.99198148136536,76.54582923082417,119.31266542311567,30.04866304299836,18.424208053317063,10.915530804555036,23.861048860546557,23.84862333867042,12.496772910991856,9.4220623958991,14.673096444111934
2026-09-11,EP142026,9,2026-09-12 00:00:00,1 days 00:00:00,24,16.95,-126.02,973.0,84.0,43.34485769029624,134.2170333219077,76.2945044460381,42.07568700302436,122.20417588181414,43.34485769029624,0.0,0.0,43.34485769029624,0.0730660410039429,0.0,0.0,43.34485769029624
2026-09-11,EP142026,9,2026-09-12 06:00:00,1 days 06:00:00,30,16.94,-127.12,970.9,78.1,17.266184182839183,160.97785898612614,111.94798621200792,87.83494373463297,149.2792523693404,71.66968705210046,51.42875426485541,35.21341001482083,60.89299286288386,28.0186904358552,22.12925944505812,16.577979948645677,23.477655209338096
2026-09-11,EP142026,9,2026-09-12 12:00:00,1 days 12:00:00,36,17.03,-127.9,967.4,95.3,37.647743862909806,136.9034904246427,86.48409287978933,65.06379742918665,125.8680303719683,57.93291964247541,41.13856305848543,30.20424027211982,49.79712558791198,37.647743862909806,26.09104646381317,19.76971838844831,27.410214138734688
2026-09-11,EP142026,9,2026-09-12 18:00:00,1 days 18:00:00,42,17.17,-128.75,973.0,78.9,16.80741239132,173.84150073035565,141.28521549833886,106.49905396133629,154.86118357157488,43.71322625953579,27.81574613961852,16.8821992276392,37.464899282426806,16.80741239132,12.4229085450034,8.473676025279923,14.43639179461116
2026-09-11,EP142026,9,2026-09-13 00:00:00,2 days 00:00:00,48,17.52,-129.71,969.1,94.9,30.479979399361252,212.58428419870933,159.72044800592744,116.39842750307346,196.14662945775197,62.92803963937037,37.99681120306361,23.635294426709255,48.70290842899888,30.479979399361252,15.672216364433572,10.793012321210137,18.55970884977532
2026-09-11,EP142026,9,2026-09-13 06:00:00,2 days 06:00:00,54,17.66,-130.6,953.2,105.3,10.97318297055903,218.54232808227343,179.65135076063171,137.88448993290473,192.40196736601808,42.93072923534714,27.785929117152573,12.702169854974455,32.07318440316263,15.035720356046191,8.845092760661576,5.1181231136241045,12.449282484948965
2026-09-11,EP142026,9,2026-09-13 12:00:00,2 days 12:00:00,60,18.06,-131.69,952.5,112.6,35.157928623363944,162.92002064828444,118.12180458607872,81.00421818287782,140.70339623362202,45.75156124245893,25.67730161321296,15.990738605262637,37.61395492529192,35.157928623363944,19.75717682866517,13.332613112631748,22.92882824924629
2026-09-11,EP142026,9,2026-09-13 18:00:00,2 days 18:00:00,66,17.93,-132.36,959.8,100.5,22.27159753302903,122.3039039791833,92.7039704634816,74.04639110928908,118.23316740693596,41.05810861769307,25.144499027957607,21.083910467724618,40.48749386046386,27.056283878846838,21.49922753240896,16.90481917953297,24.282507091489386
2026-09-11,EP142026,9,2026-09-14 00:00:00,3 days 00:00:00,72,18.19,-133.27,954.7,110.3,10.731111509445668,209.748119614296,164.0821062356248,128.84343253222642,193.642591696605,72.7745826336407,49.42555739390119,36.31289379022138,61.26501069211679,32.67928068557836,25.55815319879386,18.798593033697745,28.6961880158877
2026-09-11,EP142026,9,2026-09-14 06:00:00,3 days 06:00:00,78,18.0,-134.36,964.4,103.8,19.2814503001768,209.14296205021788,149.16011161912752,117.49570591117242,196.58947233427307,66.15730596841007,38.106058086791904,26.48939831522944,56.6539758108238,22.754617160901887,14.637795866243252,11.48210615904756,21.04503889272445
2026-09-11,EP142026,9,2026-09-14 12:00:00,3 days 12:00:00,84,17.74,-134.96,962.9,100.7,12.574183677925303,56.320907280562096,38.36428484703919,31.88195446098308,77.70785523255563,56.320907280562096,38.36428484703919,31.88195446098308,54.99536463324,43.231574890328886,34.584611986108484,28.89984157327578,37.515839919558175
2026-09-11,EP142026,9,2026-09-14 18:00:00,3 days 18:00:00,90,17.78,-135.86,974.8,92.9,26.230910380244467,165.4540698817783,130.62011068931918,103.02433312052436,154.40689724144215,67.1061502289333,49.909253068152736,35.625699981386134,55.23440681104768,32.05109983371639,25.84692143209193,19.529420814582977,28.15534182186853
2026-09-11,EP142026,9,2026-09-15 00:00:00,4 days 00:00:00,96,17.59,-137.27,979.7,80.8,0.0,130.2456309818177,75.42473222763091,49.64916315636007,108.48506446600648,58.6984908556114,40.10992137062249,25.93954097815964,46.39380822953605,29.848512647612385,24.77611796120134,18.769803824768427,25.5804686071074
2026-09-11,EP142026,9,2026-09-15 06:00:00,4 days 06:00:00,102,17.35,-138.16,992.4,56.3,47.80713146834634,100.89273933954073,77.1669383639132,51.060081208623785,87.59728972401129,47.80713146834634,3.9747831572059216,0.0,5.33779668012882,0.0,0.0,0.0,0.0
2026-09-11,EP142026,9,2026-09-15 12:00:00,4 days 12:00:00,108,17.2,-138.94,994.3,51.5,86.2826201955939,86.2826201955939,20.252282765024173,0.0,20.806953159861912,86.2826201955939,0.0,0.0,0.0,0.0,0.0,0.0,0.0
2026-09-11,EP142026,9,2026-09-15 18:00:00,4 days 18:00:00,114,16.37,-140.13,999.1,44.4,34.55959458709161,34.55959458709161,4.636236674242985,0.0,18.583256108858507,0.0,0.0,0.0,0.0,0.0,0.0,0.0,0.0
2026-09-11,EP142026,9,2026-09-16 00:00:00,5 days 00:00:00,120,15.35,-141.81,1000.2,40.3,52.28331434471757,52.28331434471757,5.032038970669328,1.387302310416637,16.55604886484997,0.0,0.0,0.0,0.0,0.0,0.0,0.0,0.0
2026-09-11,EP142026,9,2026-09-16 06:00:00,5 days 06:00:00,126,14.96,-143.45,1001.0,35.9,79.61598493838699,79.61598493838699,1.6320057382101787,0.0,6.054140184053251,0.0,0.0,0.0,0.0,0.0,0.0,0.0,0.0
2026-09-11,EP142026,9,2026-09-16 12:00:00,5 days 12:00:00,132,14.39,-144.5,999.6,35.7,50.03082952265999,50.03082952265999,8.76588305953409,0.6126068915440186,9.624665120451644,0.0,0.0,0.0,0.0,0.0,0.0,0.0,0.0
2026-09-11,EP142026,9,2026-09-16 18:00:00,5 days 18:00:00,138,14.35,-145.07,994.7,51.0,35.67763438269232,35.67763438269232,14.473837892488651,0.3182660884799873,19.5276961338565,35.67763438269232,0.0,0.0,0.0,0.0,0.0,0.0,0.0
2026-09-11,EP142026,9,2026-09-17 00:00:00,6 days 00:00:00,144,14.14,-146.94,1002.7,38.1,91.18381336370408,91.18381336370408,13.545565753545546,5.0312463997126,24.71947953202163,0.0,0.0,0.0,0.0,0.0,0.0,0.0,0.0
2026-09-11,EP142026,9,2026-09-17 06:00:00,6 days 06:00:00,150,13.94,-148.21,999.7,35.2,90.7916223877104,90.7916223877104,0.0,0.0,0.0,0.0,0.0,0.0,0.0,0.0,0.0,0.0,0.0
2026-09-11,EP142026,9,2026-09-17 12:00:00,6 days 12:00:00,156,13.61,-149.29,1002.7,26.6,101.68055910351548,0.0,0.0,0.0,0.0,0.0,0.0,0.0,0.0,0.0,0.0,0.0,0.0
2026-09-11,EP142026,9,2026-09-17 18:00:00,6 days 18:00:00,162,13.8,-150.19,1003.5,37.1,46.927605612601546,46.927605612601546,0.0,0.3601329258636374,3.1187250651348317,0.0,0.0,0.0,0.0,0.0,0.0,0.0,0.0
2026-09-11,EP142026,9,2026-09-18 00:00:00,7 days 00:00:00,168,13.07,-151.37,1006.0,29.4,121.07803059672108,0.0,0.0,0.0,0.0,0.0,0.0,0.0,0.0,0.0,0.0,0.0,0.0
2026-09-11,EP142026,9,2026-09-18 06:00:00,7 days 06:00:00,174,12.45,-151.77,1003.8,32.9,100.11347190897452,0.0,0.0,0.0,0.0,0.0,0.0,0.0,0.0,0.0,0.0,0.0,0.0
