# If this file contains data that relates to a time no more than 48 hours ago,
# BY USING IT YOU AGREE TO THE LEGALLY BINDING TERMS OF USE FOUND AT
#   https://storage.googleapis.com/weathernext-public/terms-of-use.pdf
# Any data that relates to a time more than 48 hours ago is licensed under the
# Creative Commons Attribution International License, Version 4.0 (CC BY 4.0).
# BEGIN DATA
init_time,track_id,sample,valid_time,lead_time,lead_time_hours,lat,lon,minimum_sea_level_pressure_hpa,maximum_sustained_wind_speed_knots
2026-09-24,EP152026,0,2026-09-24 00:00:00,0 days 00:00:00,0,14.5,-155.5,1000.6,42.7
2026-09-24,EP152026,0,2026-09-24 06:00:00,0 days 06:00:00,6,14.5,-155.75,999.6,44.2
2026-09-24,EP152026,0,2026-09-24 12:00:00,0 days 12:00:00,12,14.5,-156.0,998.7,45.8
2026-09-24,EP152026,0,2026-09-24 18:00:00,0 days 18:00:00,18,14.75,-155.88,996.0,49.8
2026-09-24,EP152026,0,2026-09-25 00:00:00,1 days 00:00:00,24,15.0,-155.75,993.4,53.9
2026-09-24,EP152026,0,2026-09-25 06:00:00,1 days 06:00:00,30,15.38,-155.5,991.4,56.8
2026-09-24,EP152026,0,2026-09-25 12:00:00,1 days 12:00:00,36,15.75,-155.25,989.3,59.7
2026-09-24,EP152026,0,2026-09-25 18:00:00,1 days 18:00:00,42,16.25,-155.13,990.0,58.8
2026-09-24,EP152026,0,2026-09-26 00:00:00,2 days 00:00:00,48,16.75,-155.0,990.6,57.9
2026-09-24,EP152026,0,2026-09-26 06:00:00,2 days 06:00:00,54,17.0,-155.0,988.9,60.3
2026-09-24,EP152026,0,2026-09-26 12:00:00,2 days 12:00:00,60,17.25,-155.0,987.2,62.7
2026-09-24,EP152026,0,2026-09-26 18:00:00,2 days 18:00:00,66,17.5,-155.37,989.6,59.3
2026-09-24,EP152026,0,2026-09-27 00:00:00,3 days 00:00:00,72,17.75,-155.75,992.0,55.9
2026-09-24,EP152026,0,2026-09-27 06:00:00,3 days 06:00:00,78,17.88,-156.5,991.7,56.3
2026-09-24,EP152026,0,2026-09-27 12:00:00,3 days 12:00:00,84,18.0,-157.25,991.4,56.7
2026-09-24,EP152026,0,2026-09-27 18:00:00,3 days 18:00:00,90,18.25,-158.25,994.1,52.8
2026-09-24,EP152026,0,2026-09-28 00:00:00,4 days 00:00:00,96,18.5,-159.25,996.7,48.8
2026-09-24,EP152026,0,2026-09-28 06:00:00,4 days 06:00:00,102,18.63,-160.25,998.0,46.9
2026-09-24,EP152026,0,2026-09-28 12:00:00,4 days 12:00:00,108,18.75,-161.25,999.2,45.0
2026-09-24,EP162026,0,2026-09-24 00:00:00,0 days 00:00:00,0,15.5,-126.75,971.6,82.7
2026-09-24,EP162026,0,2026-09-24 06:00:00,0 days 06:00:00,6,15.75,-126.13,974.8,78.7
2026-09-24,EP162026,0,2026-09-24 12:00:00,0 days 12:00:00,12,16.0,-125.5,978.0,74.8
2026-09-24,EP162026,0,2026-09-24 18:00:00,0 days 18:00:00,18,16.5,-125.0,975.9,77.3
2026-09-24,EP162026,0,2026-09-25 00:00:00,1 days 00:00:00,24,17.0,-124.5,973.9,79.9
2026-09-24,EP162026,0,2026-09-25 06:00:00,1 days 06:00:00,30,17.63,-124.13,974.8,78.8
2026-09-24,EP162026,0,2026-09-25 12:00:00,1 days 12:00:00,36,18.25,-123.75,975.7,77.6
2026-09-24,EP162026,0,2026-09-25 18:00:00,1 days 18:00:00,42,18.5,-123.75,982.6,68.6
2026-09-24,EP162026,0,2026-09-26 00:00:00,2 days 00:00:00,48,18.75,-123.75,989.4,59.6
2026-09-24,EP162026,0,2026-09-26 06:00:00,2 days 06:00:00,54,19.38,-123.63,989.5,59.5
2026-09-24,EP162026,0,2026-09-26 12:00:00,2 days 12:00:00,60,20.0,-123.5,989.6,59.3
2026-09-24,EP162026,0,2026-09-26 18:00:00,2 days 18:00:00,66,20.75,-123.62,989.0,60.1
2026-09-24,EP162026,0,2026-09-27 00:00:00,3 days 00:00:00,72,21.5,-123.75,988.5,60.9
2026-09-24,EP162026,0,2026-09-27 06:00:00,3 days 06:00:00,78,21.88,-123.38,992.4,55.2
2026-09-24,EP162026,0,2026-09-27 12:00:00,3 days 12:00:00,84,22.25,-123.0,996.2,49.6
2026-09-24,EP162026,0,2026-09-27 18:00:00,3 days 18:00:00,90,22.43,-118.88,980.8,69.9
2026-09-24,EP162026,0,2026-09-28 00:00:00,4 days 00:00:00,96,22.5,-114.75,965.3,90.2
2026-09-24,EP162026,0,2026-09-28 06:00:00,4 days 06:00:00,102,23.62,-114.75,964.0,91.6
2026-09-24,EP162026,0,2026-09-28 12:00:00,4 days 12:00:00,108,24.75,-114.75,962.8,93.0
2026-09-24,EP162026,0,2026-09-28 18:00:00,4 days 18:00:00,114,25.75,-114.38,970.9,83.2
2026-09-24,EP162026,0,2026-09-29 00:00:00,5 days 00:00:00,120,26.75,-114.0,979.1,73.4
2026-09-24,EP162026,0,2026-09-29 06:00:00,5 days 06:00:00,126,27.75,-113.01,986.3,63.5
2026-09-24,EP162026,0,2026-09-29 12:00:00,5 days 12:00:00,132,28.75,-112.0,993.6,53.5
2026-09-24,EP172026,0,2026-09-24 00:00:00,0 days 00:00:00,0,15.75,-102.25,970.5,84.0
2026-09-24,EP172026,0,2026-09-24 06:00:00,0 days 06:00:00,6,16.13,-103.12,974.1,79.5
2026-09-24,EP172026,0,2026-09-24 12:00:00,0 days 12:00:00,12,16.5,-104.0,977.7,75.1
2026-09-24,EP172026,0,2026-09-24 18:00:00,0 days 18:00:00,18,16.63,-105.0,974.9,78.6
2026-09-24,EP172026,0,2026-09-25 00:00:00,1 days 00:00:00,24,16.75,-106.0,972.1,82.1
2026-09-24,EP172026,0,2026-09-25 06:00:00,1 days 06:00:00,30,16.88,-106.87,973.2,80.7
2026-09-24,EP172026,0,2026-09-25 12:00:00,1 days 12:00:00,36,17.0,-107.75,974.4,79.3
2026-09-24,EP172026,0,2026-09-25 18:00:00,1 days 18:00:00,42,17.0,-108.75,973.2,80.8
2026-09-24,EP172026,0,2026-09-26 00:00:00,2 days 00:00:00,48,17.0,-109.75,971.9,82.3
2026-09-24,EP172026,0,2026-09-26 06:00:00,2 days 06:00:00,54,17.25,-110.75,968.9,85.9
2026-09-24,EP172026,0,2026-09-26 12:00:00,2 days 12:00:00,60,17.5,-111.75,965.9,89.4
2026-09-24,EP172026,0,2026-09-26 18:00:00,2 days 18:00:00,66,18.0,-112.37,969.0,85.8
2026-09-24,EP172026,0,2026-09-27 00:00:00,3 days 00:00:00,72,18.5,-113.0,972.0,82.2
2026-09-24,EP172026,0,2026-09-27 06:00:00,3 days 06:00:00,78,19.38,-113.62,974.0,79.8
2026-09-24,EP172026,0,2026-09-27 12:00:00,3 days 12:00:00,84,20.25,-114.25,976.0,77.3
2026-09-24,EP172026,0,2026-09-27 18:00:00,3 days 18:00:00,90,21.38,-114.5,970.6,83.8
2026-09-24,EP172026,0,2026-09-28 00:00:00,4 days 00:00:00,96,22.5,-114.75,965.3,90.2
2026-09-24,IO012026,0,2026-09-24 00:00:00,0 days 00:00:00,0,18.5,84.0,986.5,63.6
2026-09-24,IO012026,0,2026-09-24 06:00:00,0 days 06:00:00,6,18.5,83.88,988.7,60.6
2026-09-24,IO012026,0,2026-09-24 12:00:00,0 days 12:00:00,12,18.5,83.75,990.9,57.5
2026-09-24,IO012026,0,2026-09-24 18:00:00,0 days 18:00:00,18,19.38,83.25,991.0,57.3
2026-09-24,IO012026,0,2026-09-25 00:00:00,1 days 00:00:00,24,20.25,82.75,991.1,57.2
2026-09-24,IO012026,0,2026-09-25 06:00:00,1 days 06:00:00,30,21.0,82.63,991.7,56.2
2026-09-24,IO012026,0,2026-09-25 12:00:00,1 days 12:00:00,36,21.75,82.5,992.4,55.3
2026-09-24,IO012026,0,2026-09-25 18:00:00,1 days 18:00:00,42,23.38,82.25,994.3,52.5
2026-09-24,IO012026,0,2026-09-26 00:00:00,2 days 00:00:00,48,25.0,82.0,996.2,49.7
2026-09-24,IO012026,0,2026-09-26 06:00:00,2 days 06:00:00,54,25.88,81.5,995.3,51.0
2026-09-24,IO012026,0,2026-09-26 12:00:00,2 days 12:00:00,60,26.75,81.0,994.4,52.3
2026-09-24,IO012026,0,2026-09-26 18:00:00,2 days 18:00:00,66,27.63,80.63,997.3,47.8
2026-09-24,IO012026,0,2026-09-27 00:00:00,3 days 00:00:00,72,28.5,80.25,1000.3,43.2
2026-09-24,WP252026,0,2026-09-24 00:00:00,0 days 00:00:00,0,18.0,134.5,1003.5,37.8
2026-09-24,WP252026,0,2026-09-24 06:00:00,0 days 06:00:00,6,18.5,133.38,1002.6,39.4
2026-09-24,WP252026,0,2026-09-24 12:00:00,0 days 12:00:00,12,19.0,132.25,1001.6,41.0
2026-09-24,WP252026,0,2026-09-24 18:00:00,0 days 18:00:00,18,19.38,131.13,1002.7,39.2
2026-09-24,WP252026,0,2026-09-25 00:00:00,1 days 00:00:00,24,19.75,130.0,1003.7,37.4
2026-09-24,WP252026,0,2026-09-25 06:00:00,1 days 06:00:00,30,20.38,128.88,1000.5,42.6
2026-09-24,WP252026,0,2026-09-25 12:00:00,1 days 12:00:00,36,21.0,127.75,997.3,47.9
2026-09-24,WP252026,0,2026-09-25 18:00:00,1 days 18:00:00,42,21.63,127.0,998.9,45.3
2026-09-24,WP252026,0,2026-09-26 00:00:00,2 days 00:00:00,48,22.25,126.25,1000.5,42.8
2026-09-24,WP252026,0,2026-09-26 06:00:00,2 days 06:00:00,54,22.88,126.13,998.6,45.9
2026-09-24,WP252026,0,2026-09-26 12:00:00,2 days 12:00:00,60,23.5,126.0,996.6,49.0
2026-09-24,WP252026,0,2026-09-26 18:00:00,2 days 18:00:00,66,24.0,125.88,994.0,52.8
2026-09-24,WP252026,0,2026-09-27 00:00:00,3 days 00:00:00,72,24.5,125.75,991.4,56.7
2026-09-24,WP252026,0,2026-09-27 06:00:00,3 days 06:00:00,78,24.88,126.37,990.8,57.6
2026-09-24,WP252026,0,2026-09-27 12:00:00,3 days 12:00:00,84,25.25,127.0,990.1,58.6
2026-09-24,WP252026,0,2026-09-27 18:00:00,3 days 18:00:00,90,25.88,127.75,991.2,57.1
2026-09-24,WP252026,0,2026-09-28 00:00:00,4 days 00:00:00,96,26.5,128.5,992.2,55.6
2026-09-24,WP252026,0,2026-09-28 06:00:00,4 days 06:00:00,102,27.0,129.62,993.7,53.4
2026-09-24,WP252026,0,2026-09-28 12:00:00,4 days 12:00:00,108,27.5,130.75,995.1,51.3
2026-09-24,WP252026,0,2026-09-28 18:00:00,4 days 18:00:00,114,28.0,131.75,994.9,51.6
2026-09-24,WP252026,0,2026-09-29 00:00:00,5 days 00:00:00,120,28.5,132.75,994.6,52.0
2026-09-24,WP252026,0,2026-09-29 06:00:00,5 days 06:00:00,126,29.13,134.24,999.5,44.2
2026-09-24,WP252026,0,2026-09-29 12:00:00,5 days 12:00:00,132,29.75,135.75,1004.3,36.3
2026-09-24,WP252026,0,2026-09-29 18:00:00,5 days 18:00:00,138,31.01,137.23,1005.5,34.2
2026-09-24,WP252026,0,2026-09-30 00:00:00,6 days 00:00:00,144,32.25,138.75,1006.7,32.0
2026-09-24,EP152026,1,2026-09-24 00:00:00,0 days 00:00:00,0,14.5,-155.5,1000.6,42.7
2026-09-24,EP152026,1,2026-09-24 06:00:00,0 days 06:00:00,6,14.63,-156.0,997.6,47.3
2026-09-24,EP152026,1,2026-09-24 12:00:00,0 days 12:00:00,12,14.75,-156.5,994.7,51.9
2026-09-24,EP152026,1,2026-09-24 18:00:00,0 days 18:00:00,18,14.88,-156.25,991.6,56.4
2026-09-24,EP152026,1,2026-09-25 00:00:00,1 days 00:00:00,24,15.0,-156.0,988.5,60.9
2026-09-24,EP152026,1,2026-09-25 06:00:00,1 days 06:00:00,30,15.63,-155.88,986.0,64.2
2026-09-24,EP152026,1,2026-09-25 12:00:00,1 days 12:00:00,36,16.25,-155.75,983.6,67.5
2026-09-24,EP152026,1,2026-09-25 18:00:00,1 days 18:00:00,42,17.0,-155.75,984.4,66.4
2026-09-24,EP152026,1,2026-09-26 00:00:00,2 days 00:00:00,48,17.75,-155.75,985.3,65.3
2026-09-24,EP152026,1,2026-09-26 06:00:00,2 days 06:00:00,54,18.38,-156.12,987.4,62.3
2026-09-24,EP152026,1,2026-09-26 12:00:00,2 days 12:00:00,60,19.0,-156.5,989.6,59.4
2026-09-24,EP152026,1,2026-09-26 18:00:00,2 days 18:00:00,66,19.38,-157.25,990.5,58.0
2026-09-24,EP152026,1,2026-09-27 00:00:00,3 days 00:00:00,72,19.75,-158.0,991.4,56.7
2026-09-24,EP152026,1,2026-09-27 06:00:00,3 days 06:00:00,78,19.75,-159.0,991.7,56.3
2026-09-24,EP152026,1,2026-09-27 12:00:00,3 days 12:00:00,84,19.75,-160.0,992.0,55.8
2026-09-24,EP152026,1,2026-09-27 18:00:00,3 days 18:00:00,90,19.88,-161.12,989.2,59.8
2026-09-24,EP152026,1,2026-09-28 00:00:00,4 days 00:00:00,96,20.0,-162.25,986.3,63.9
2026-09-24,EP152026,1,2026-09-28 06:00:00,4 days 06:00:00,102,20.63,-163.49,988.5,60.8
2026-09-24,EP152026,1,2026-09-28 12:00:00,4 days 12:00:00,108,21.25,-164.75,990.8,57.6
2026-09-24,EP152026,1,2026-09-28 18:00:00,4 days 18:00:00,114,22.38,-165.99,989.7,59.1
2026-09-24,EP152026,1,2026-09-29 00:00:00,5 days 00:00:00,120,23.5,-167.25,988.6,60.6
2026-09-24,EP152026,1,2026-09-29 06:00:00,5 days 06:00:00,126,24.26,-168.49,987.9,61.7
2026-09-24,EP152026,1,2026-09-29 12:00:00,5 days 12:00:00,132,25.0,-169.75,987.2,62.7
2026-09-24,EP152026,1,2026-09-29 18:00:00,5 days 18:00:00,138,25.0,-170.13,988.5,60.9
2026-09-24,EP152026,1,2026-09-30 00:00:00,6 days 00:00:00,144,25.0,-170.5,989.7,59.1
2026-09-24,EP152026,1,2026-09-30 06:00:00,6 days 06:00:00,150,24.63,-171.13,989.6,59.3
2026-09-24,EP152026,1,2026-09-30 12:00:00,6 days 12:00:00,156,24.25,-171.75,989.5,59.5
2026-09-24,EP152026,1,2026-09-30 18:00:00,6 days 18:00:00,162,23.63,-172.63,990.4,58.2
2026-09-24,EP152026,1,2026-10-01 00:00:00,7 days 00:00:00,168,23.0,-173.5,991.4,56.8
2026-09-24,EP152026,1,2026-10-01 06:00:00,7 days 06:00:00,174,22.0,-174.63,990.5,58.0
2026-09-24,EP152026,1,2026-10-01 12:00:00,7 days 12:00:00,180,21.0,-175.75,989.6,59.3
2026-09-24,EP152026,1,2026-10-01 18:00:00,7 days 18:00:00,186,20.25,-176.38,990.2,58.4
2026-09-24,EP152026,1,2026-10-02 00:00:00,8 days 00:00:00,192,19.5,-177.0,990.9,57.5
2026-09-24,EP152026,1,2026-10-02 06:00:00,8 days 06:00:00,198,19.13,-177.63,991.6,56.5
2026-09-24,EP152026,1,2026-10-02 12:00:00,8 days 12:00:00,204,18.75,-178.25,992.3,55.4
2026-09-24,EP152026,1,2026-10-02 18:00:00,8 days 18:00:00,210,18.5,-179.5,988.8,60.3
2026-09-24,EP152026,1,2026-10-03 00:00:00,9 days 00:00:00,216,18.25,179.25,985.3,65.2
2026-09-24,EP152026,1,2026-10-03 06:00:00,9 days 06:00:00,222,18.5,177.88,982.2,69.3
2026-09-24,EP152026,1,2026-10-03 12:00:00,9 days 12:00:00,228,18.75,176.5,979.1,73.4
2026-09-24,EP152026,1,2026-10-03 18:00:00,9 days 18:00:00,234,19.13,174.63,976.2,77.0
2026-09-24,EP152026,1,2026-10-04 00:00:00,10 days 00:00:00,240,19.5,172.75,973.3,80.7
2026-09-24,EP152026,1,2026-10-04 06:00:00,10 days 06:00:00,246,20.01,171.25,975.4,78.0
2026-09-24,EP152026,1,2026-10-04 12:00:00,10 days 12:00:00,252,20.5,169.75,977.6,75.3
2026-09-24,EP152026,1,2026-10-04 18:00:00,10 days 18:00:00,258,21.51,168.38,978.9,73.6
2026-09-24,EP152026,1,2026-10-05 00:00:00,11 days 00:00:00,264,22.5,167.0,980.1,72.0
2026-09-24,EP152026,1,2026-10-05 06:00:00,11 days 06:00:00,270,23.51,165.64,978.0,74.8
2026-09-24,EP152026,1,2026-10-05 12:00:00,11 days 12:00:00,276,24.5,164.25,975.8,77.6
2026-09-24,EP152026,1,2026-10-05 18:00:00,11 days 18:00:00,282,25.75,163.38,977.8,75.0
2026-09-24,EP152026,1,2026-10-06 00:00:00,12 days 00:00:00,288,27.0,162.5,979.8,72.5
2026-09-24,EP152026,1,2026-10-06 06:00:00,12 days 06:00:00,294,28.5,162.38,982.0,69.6
2026-09-24,EP152026,1,2026-10-06 12:00:00,12 days 12:00:00,300,30.0,162.25,984.2,66.8
2026-09-24,EP152026,1,2026-10-06 18:00:00,12 days 18:00:00,306,31.26,163.61,984.5,66.2
2026-09-24,EP152026,1,2026-10-07 00:00:00,13 days 00:00:00,312,32.5,165.0,984.9,65.7
2026-09-24,EP152026,1,2026-10-07 06:00:00,13 days 06:00:00,318,33.53,167.59,982.3,69.2
2026-09-24,EP152026,1,2026-10-07 12:00:00,13 days 12:00:00,324,34.5,170.25,979.6,72.7
2026-09-24,EP152026,1,2026-10-07 18:00:00,13 days 18:00:00,330,35.58,174.57,976.9,76.1
2026-09-24,EP152026,1,2026-10-08 00:00:00,14 days 00:00:00,336,36.5,179.0,974.2,79.6
2026-09-24,EP152026,1,2026-10-08 06:00:00,14 days 06:00:00,342,37.63,-175.57,972.6,81.5
2026-09-24,EP152026,1,2026-10-08 12:00:00,14 days 12:00:00,348,38.5,-170.0,970.9,83.5
2026-09-24,EP152026,1,2026-10-08 18:00:00,14 days 18:00:00,354,40.65,-164.3,964.9,90.4
2026-09-24,EP152026,1,2026-10-09 00:00:00,15 days 00:00:00,360,42.5,-158.25,959.0,97.4
2026-09-24,EP162026,1,2026-09-24 00:00:00,0 days 00:00:00,0,15.5,-126.75,971.6,82.7
2026-09-24,EP162026,1,2026-09-24 06:00:00,0 days 06:00:00,6,15.88,-126.13,976.8,76.1
2026-09-24,EP162026,1,2026-09-24 12:00:00,0 days 12:00:00,12,16.25,-125.5,982.0,69.6
2026-09-24,EP162026,1,2026-09-24 18:00:00,0 days 18:00:00,18,16.88,-124.88,981.2,70.7
2026-09-24,EP162026,1,2026-09-25 00:00:00,1 days 00:00:00,24,17.5,-124.25,980.4,71.7
2026-09-24,EP162026,1,2026-09-25 06:00:00,1 days 06:00:00,30,18.0,-124.0,980.4,71.6
2026-09-24,EP162026,1,2026-09-25 12:00:00,1 days 12:00:00,36,18.5,-123.75,980.5,71.6
2026-09-24,EP162026,1,2026-09-25 18:00:00,1 days 18:00:00,42,19.0,-123.63,982.6,68.7
2026-09-24,EP162026,1,2026-09-26 00:00:00,2 days 00:00:00,48,19.5,-123.5,984.8,65.9
2026-09-24,EP162026,1,2026-09-26 06:00:00,2 days 06:00:00,54,19.87,-123.5,986.1,64.1
2026-09-24,EP162026,1,2026-09-26 12:00:00,2 days 12:00:00,60,20.25,-123.5,987.5,62.3
2026-09-24,EP162026,1,2026-09-26 18:00:00,2 days 18:00:00,66,20.75,-123.5,990.3,58.3
2026-09-24,EP162026,1,2026-09-27 00:00:00,3 days 00:00:00,72,21.25,-123.5,993.1,54.3
2026-09-24,EP162026,1,2026-09-27 06:00:00,3 days 06:00:00,78,21.88,-123.38,995.1,51.3
2026-09-24,EP162026,1,2026-09-27 12:00:00,3 days 12:00:00,84,22.5,-123.25,997.1,48.2
2026-09-24,EP162026,1,2026-09-27 18:00:00,3 days 18:00:00,90,22.95,-118.39,984.4,65.4
2026-09-24,EP162026,1,2026-09-28 00:00:00,4 days 00:00:00,96,23.25,-113.5,971.7,82.6
2026-09-24,EP162026,1,2026-09-28 06:00:00,4 days 06:00:00,102,24.5,-113.13,974.5,79.1
2026-09-24,EP162026,1,2026-09-28 12:00:00,4 days 12:00:00,108,25.75,-112.75,977.3,75.6
2026-09-24,EP162026,1,2026-09-28 18:00:00,4 days 18:00:00,114,26.5,-112.25,982.7,68.5
2026-09-24,EP162026,1,2026-09-29 00:00:00,5 days 00:00:00,120,27.25,-111.75,988.2,61.3
2026-09-24,EP162026,1,2026-09-29 06:00:00,5 days 06:00:00,126,27.5,-110.88,993.1,54.1
2026-09-24,EP162026,1,2026-09-29 12:00:00,5 days 12:00:00,132,27.75,-110.0,998.0,46.8
2026-09-24,EP172026,1,2026-09-24 00:00:00,0 days 00:00:00,0,15.75,-102.25,970.5,84.0
2026-09-24,EP172026,1,2026-09-24 06:00:00,0 days 06:00:00,6,16.13,-103.12,974.7,78.9
2026-09-24,EP172026,1,2026-09-24 12:00:00,0 days 12:00:00,12,16.5,-104.0,978.8,73.8
2026-09-24,EP172026,1,2026-09-24 18:00:00,0 days 18:00:00,18,16.88,-105.12,982.9,68.3
2026-09-24,EP172026,1,2026-09-25 00:00:00,1 days 00:00:00,24,17.25,-106.25,987.0,62.9
2026-09-24,EP172026,1,2026-09-25 06:00:00,1 days 06:00:00,30,17.38,-107.12,981.0,70.7
2026-09-24,EP172026,1,2026-09-25 12:00:00,1 days 12:00:00,36,17.5,-108.0,975.0,78.5
2026-09-24,EP172026,1,2026-09-25 18:00:00,1 days 18:00:00,42,17.5,-109.0,971.7,82.5
2026-09-24,EP172026,1,2026-09-26 00:00:00,2 days 00:00:00,48,17.5,-110.0,968.4,86.5
2026-09-24,EP172026,1,2026-09-26 06:00:00,2 days 06:00:00,54,17.63,-110.5,969.6,85.1
2026-09-24,EP172026,1,2026-09-26 12:00:00,2 days 12:00:00,60,17.75,-111.0,970.8,83.6
2026-09-24,EP172026,1,2026-09-26 18:00:00,2 days 18:00:00,66,18.5,-111.62,971.4,82.9
2026-09-24,EP172026,1,2026-09-27 00:00:00,3 days 00:00:00,72,19.25,-112.25,972.1,82.1
2026-09-24,EP172026,1,2026-09-27 06:00:00,3 days 06:00:00,78,20.25,-112.75,972.0,82.2
2026-09-24,EP172026,1,2026-09-27 12:00:00,3 days 12:00:00,84,21.25,-113.25,972.0,82.2
2026-09-24,EP172026,1,2026-09-27 18:00:00,3 days 18:00:00,90,22.25,-113.37,971.8,82.4
2026-09-24,EP172026,1,2026-09-28 00:00:00,4 days 00:00:00,96,23.25,-113.5,971.7,82.6
2026-09-24,IO012026,1,2026-09-24 00:00:00,0 days 00:00:00,0,18.5,84.0,986.5,63.6
2026-09-24,IO012026,1,2026-09-24 06:00:00,0 days 06:00:00,6,18.38,84.0,990.0,58.6
2026-09-24,IO012026,1,2026-09-24 12:00:00,0 days 12:00:00,12,18.25,84.0,993.6,53.6
2026-09-24,IO012026,1,2026-09-24 18:00:00,0 days 18:00:00,18,19.38,83.38,994.2,52.7
2026-09-24,IO012026,1,2026-09-25 00:00:00,1 days 00:00:00,24,20.5,82.75,994.8,51.8
2026-09-24,IO012026,1,2026-09-25 06:00:00,1 days 06:00:00,30,21.38,82.38,995.7,50.4
2026-09-24,IO012026,1,2026-09-25 12:00:00,1 days 12:00:00,36,22.25,82.0,996.6,49.0
2026-09-24,IO012026,1,2026-09-25 18:00:00,1 days 18:00:00,42,23.88,81.51,997.0,48.4
2026-09-24,IO012026,1,2026-09-26 00:00:00,2 days 00:00:00,48,25.5,81.0,997.5,47.7
2026-09-24,IO012026,1,2026-09-26 06:00:00,2 days 06:00:00,54,26.0,80.88,998.1,46.6
2026-09-24,IO012026,1,2026-09-26 12:00:00,2 days 12:00:00,60,26.5,80.75,998.8,45.6
2026-09-24,WP252026,1,2026-09-24 00:00:00,0 days 00:00:00,0,18.0,134.5,1003.5,37.8
2026-09-24,WP252026,1,2026-09-24 06:00:00,0 days 06:00:00,6,18.5,133.25,1002.1,40.1
2026-09-24,WP252026,1,2026-09-24 12:00:00,0 days 12:00:00,12,19.0,132.0,1000.8,42.4
2026-09-24,WP252026,1,2026-09-24 18:00:00,0 days 18:00:00,18,19.63,130.88,1000.6,42.6
2026-09-24,WP252026,1,2026-09-25 00:00:00,1 days 00:00:00,24,20.25,129.75,1000.5,42.8
2026-09-24,WP252026,1,2026-09-25 06:00:00,1 days 06:00:00,30,20.88,128.88,997.5,47.5
2026-09-24,WP252026,1,2026-09-25 12:00:00,1 days 12:00:00,36,21.5,128.0,994.4,52.3
2026-09-24,WP252026,1,2026-09-25 18:00:00,1 days 18:00:00,42,22.13,127.38,993.6,53.5
2026-09-24,WP252026,1,2026-09-26 00:00:00,2 days 00:00:00,48,22.75,126.75,992.8,54.7
2026-09-24,WP252026,1,2026-09-26 06:00:00,2 days 06:00:00,54,23.25,126.87,989.3,59.7
2026-09-24,WP252026,1,2026-09-26 12:00:00,2 days 12:00:00,60,23.75,127.0,985.7,64.7
2026-09-24,WP252026,1,2026-09-26 18:00:00,2 days 18:00:00,66,24.13,127.5,981.7,69.9
2026-09-24,WP252026,1,2026-09-27 00:00:00,3 days 00:00:00,72,24.5,128.0,977.6,75.2
2026-09-24,WP252026,1,2026-09-27 06:00:00,3 days 06:00:00,78,25.0,128.75,977.9,74.9
2026-09-24,WP252026,1,2026-09-27 12:00:00,3 days 12:00:00,84,25.5,129.5,978.2,74.6
2026-09-24,WP252026,1,2026-09-27 18:00:00,3 days 18:00:00,90,25.75,129.87,983.3,67.8
2026-09-24,WP252026,1,2026-09-28 00:00:00,4 days 00:00:00,96,26.0,130.25,988.4,61.0
2026-09-24,WP252026,1,2026-09-28 06:00:00,4 days 06:00:00,102,26.38,131.12,991.2,57.0
2026-09-24,WP252026,1,2026-09-28 12:00:00,4 days 12:00:00,108,26.75,132.0,993.9,53.0
2026-09-24,WP252026,1,2026-09-28 18:00:00,4 days 18:00:00,114,26.88,132.62,996.0,49.9
2026-09-24,WP252026,1,2026-09-29 00:00:00,5 days 00:00:00,120,27.0,133.25,998.1,46.7
2026-09-24,WP252026,1,2026-09-29 06:00:00,5 days 06:00:00,126,27.5,134.0,997.7,47.3
2026-09-24,WP252026,1,2026-09-29 12:00:00,5 days 12:00:00,132,28.0,134.75,997.3,47.9
2026-09-24,WP252026,1,2026-09-29 18:00:00,5 days 18:00:00,138,28.5,134.87,998.6,45.8
2026-09-24,WP252026,1,2026-09-30 00:00:00,6 days 00:00:00,144,29.0,135.0,1000.0,43.7
2026-09-24,WP252026,1,2026-09-30 06:00:00,6 days 06:00:00,150,30.13,135.99,1000.4,42.9
2026-09-24,WP252026,1,2026-09-30 12:00:00,6 days 12:00:00,156,31.25,137.0,1000.9,42.1
2026-09-24,WP252026,1,2026-09-30 18:00:00,6 days 18:00:00,162,33.27,139.32,1001.8,40.6
2026-09-24,WP252026,1,2026-10-01 00:00:00,7 days 00:00:00,168,35.25,141.75,1002.7,39.1
2026-09-24,EP152026,10,2026-09-24 00:00:00,0 days 00:00:00,0,14.5,-155.5,1000.6,42.7
2026-09-24,EP152026,10,2026-09-24 06:00:00,0 days 06:00:00,6,14.75,-155.75,999.2,44.9
2026-09-24,EP152026,10,2026-09-24 12:00:00,0 days 12:00:00,12,15.0,-156.0,997.8,47.1
2026-09-24,EP152026,10,2026-09-24 18:00:00,0 days 18:00:00,18,15.12,-156.0,996.7,48.9
2026-09-24,EP152026,10,2026-09-25 00:00:00,1 days 00:00:00,24,15.25,-156.0,995.5,50.7
2026-09-24,EP152026,10,2026-09-25 06:00:00,1 days 06:00:00,30,15.63,-155.88,993.8,53.2
2026-09-24,EP152026,10,2026-09-25 12:00:00,1 days 12:00:00,36,16.0,-155.75,992.2,55.6
2026-09-24,EP152026,10,2026-09-25 18:00:00,1 days 18:00:00,42,16.75,-155.75,990.5,58.0
2026-09-24,EP152026,10,2026-09-26 00:00:00,2 days 00:00:00,48,17.5,-155.75,988.9,60.3
2026-09-24,EP152026,10,2026-09-26 06:00:00,2 days 06:00:00,54,18.5,-156.0,993.3,53.8
2026-09-24,EP152026,10,2026-09-26 12:00:00,2 days 12:00:00,60,19.5,-156.25,997.8,47.2
2026-09-24,EP152026,10,2026-09-26 18:00:00,2 days 18:00:00,66,19.75,-157.0,997.4,47.7
2026-09-24,EP152026,10,2026-09-27 00:00:00,3 days 00:00:00,72,20.0,-157.75,997.1,48.2
2026-09-24,EP152026,10,2026-09-27 06:00:00,3 days 06:00:00,78,20.25,-158.87,996.0,49.9
2026-09-24,EP152026,10,2026-09-27 12:00:00,3 days 12:00:00,84,20.5,-160.0,994.9,51.6
2026-09-24,EP152026,10,2026-09-27 18:00:00,3 days 18:00:00,90,21.13,-161.0,994.6,52.1
2026-09-24,EP152026,10,2026-09-28 00:00:00,4 days 00:00:00,96,21.75,-162.0,994.2,52.6
2026-09-24,EP152026,10,2026-09-28 06:00:00,4 days 06:00:00,102,22.51,-162.98,992.8,54.7
2026-09-24,EP152026,10,2026-09-28 12:00:00,4 days 12:00:00,108,23.26,-163.98,991.4,56.7
2026-09-24,EP152026,10,2026-09-28 18:00:00,4 days 18:00:00,114,24.01,-164.98,989.9,58.8
2026-09-24,EP152026,10,2026-09-29 00:00:00,5 days 00:00:00,120,24.75,-166.0,988.5,60.9
2026-09-24,EP152026,10,2026-09-29 06:00:00,5 days 06:00:00,126,24.63,-166.63,991.2,56.9
2026-09-24,EP152026,10,2026-09-29 12:00:00,5 days 12:00:00,132,24.5,-167.25,994.0,52.9
2026-09-24,EP152026,10,2026-09-29 18:00:00,5 days 18:00:00,138,24.25,-167.88,994.9,51.6
2026-09-24,EP152026,10,2026-09-30 00:00:00,6 days 00:00:00,144,24.0,-168.5,995.8,50.2
2026-09-24,EP152026,10,2026-09-30 06:00:00,6 days 06:00:00,150,23.75,-169.5,994.0,52.9
2026-09-24,EP152026,10,2026-09-30 12:00:00,6 days 12:00:00,156,23.5,-170.5,992.2,55.5
2026-09-24,EP152026,10,2026-09-30 18:00:00,6 days 18:00:00,162,23.0,-171.63,992.9,54.5
2026-09-24,EP152026,10,2026-10-01 00:00:00,7 days 00:00:00,168,22.5,-172.75,993.6,53.5
2026-09-24,EP152026,10,2026-10-01 06:00:00,7 days 06:00:00,174,21.88,-173.75,994.2,52.7
2026-09-24,EP152026,10,2026-10-01 12:00:00,7 days 12:00:00,180,21.25,-174.75,994.8,51.8
2026-09-24,EP152026,10,2026-10-01 18:00:00,7 days 18:00:00,186,21.0,-175.13,995.9,50.1
2026-09-24,EP152026,10,2026-10-02 00:00:00,8 days 00:00:00,192,20.75,-175.5,997.0,48.4
2026-09-24,EP152026,10,2026-10-02 06:00:00,8 days 06:00:00,198,20.38,-176.5,996.8,48.7
2026-09-24,EP152026,10,2026-10-02 12:00:00,8 days 12:00:00,204,20.0,-177.5,996.6,49.0
2026-09-24,EP152026,10,2026-10-02 18:00:00,8 days 18:00:00,210,20.13,-178.87,995.2,51.2
2026-09-24,EP152026,10,2026-10-03 00:00:00,9 days 00:00:00,216,20.25,179.75,993.7,53.3
2026-09-24,EP152026,10,2026-10-03 06:00:00,9 days 06:00:00,222,20.26,177.88,992.8,54.7
2026-09-24,EP152026,10,2026-10-03 12:00:00,9 days 12:00:00,228,20.25,176.0,991.8,56.1
2026-09-24,EP152026,10,2026-10-03 18:00:00,9 days 18:00:00,234,20.26,174.25,989.1,59.9
2026-09-24,EP152026,10,2026-10-04 00:00:00,10 days 00:00:00,240,20.25,172.5,986.4,63.7
2026-09-24,EP152026,10,2026-10-04 06:00:00,10 days 06:00:00,246,20.26,170.88,987.0,63.0
2026-09-24,EP152026,10,2026-10-04 12:00:00,10 days 12:00:00,252,20.25,169.25,987.5,62.2
2026-09-24,EP152026,10,2026-10-04 18:00:00,10 days 18:00:00,258,20.63,167.63,988.6,60.8
2026-09-24,EP152026,10,2026-10-05 00:00:00,11 days 00:00:00,264,21.0,166.0,989.6,59.3
2026-09-24,EP152026,10,2026-10-05 06:00:00,11 days 06:00:00,270,21.51,164.26,988.0,61.5
2026-09-24,EP152026,10,2026-10-05 12:00:00,11 days 12:00:00,276,22.0,162.5,986.5,63.6
2026-09-24,EP152026,10,2026-10-05 18:00:00,11 days 18:00:00,282,22.63,160.88,985.8,64.6
2026-09-24,EP152026,10,2026-10-06 00:00:00,12 days 00:00:00,288,23.25,159.25,985.1,65.6
2026-09-24,EP152026,10,2026-10-06 06:00:00,12 days 06:00:00,294,23.63,158.0,987.4,62.3
2026-09-24,EP152026,10,2026-10-06 12:00:00,12 days 12:00:00,300,24.0,156.75,989.8,59.0
2026-09-24,EP152026,10,2026-10-06 18:00:00,12 days 18:00:00,306,24.38,155.75,987.0,62.9
2026-09-24,EP152026,10,2026-10-07 00:00:00,13 days 00:00:00,312,24.75,154.75,984.2,66.8
2026-09-24,EP152026,10,2026-10-07 06:00:00,13 days 06:00:00,318,25.25,154.25,982.4,69.0
2026-09-24,EP152026,10,2026-10-07 12:00:00,13 days 12:00:00,324,25.75,153.75,980.7,71.3
2026-09-24,EP152026,10,2026-10-07 18:00:00,13 days 18:00:00,330,26.88,153.75,982.6,68.8
2026-09-24,EP152026,10,2026-10-08 00:00:00,14 days 00:00:00,336,28.0,153.75,984.5,66.3
2026-09-24,EP152026,10,2026-10-08 06:00:00,14 days 06:00:00,342,30.25,154.85,984.7,66.0
2026-09-24,EP152026,10,2026-10-08 12:00:00,14 days 12:00:00,348,32.5,156.0,984.9,65.8
2026-09-24,EP152026,10,2026-10-08 18:00:00,14 days 18:00:00,354,32.53,153.38,990.6,57.6
2026-09-24,EP152026,10,2026-10-09 00:00:00,15 days 00:00:00,360,32.5,150.75,996.4,49.3
2026-09-24,EP162026,10,2026-09-24 00:00:00,0 days 00:00:00,0,15.5,-126.75,971.6,82.7
2026-09-24,EP162026,10,2026-09-24 06:00:00,0 days 06:00:00,6,15.88,-126.13,976.4,76.7
2026-09-24,EP162026,10,2026-09-24 12:00:00,0 days 12:00:00,12,16.25,-125.5,981.1,70.8
2026-09-24,EP162026,10,2026-09-24 18:00:00,0 days 18:00:00,18,16.63,-125.0,983.9,67.0
2026-09-24,EP162026,10,2026-09-25 00:00:00,1 days 00:00:00,24,17.0,-124.5,986.8,63.2
2026-09-24,EP162026,10,2026-09-25 06:00:00,1 days 06:00:00,30,17.38,-124.13,988.7,60.5
2026-09-24,EP162026,10,2026-09-25 12:00:00,1 days 12:00:00,36,17.75,-123.75,990.6,57.9
2026-09-24,EP162026,10,2026-09-25 18:00:00,1 days 18:00:00,42,17.75,-123.62,992.8,54.6
2026-09-24,EP162026,10,2026-09-26 00:00:00,2 days 00:00:00,48,17.75,-123.5,995.1,51.3
2026-09-24,EP162026,10,2026-09-26 06:00:00,2 days 06:00:00,54,18.12,-123.5,994.1,52.8
2026-09-24,EP162026,10,2026-09-26 12:00:00,2 days 12:00:00,60,18.5,-123.5,993.1,54.3
2026-09-24,EP162026,10,2026-09-26 18:00:00,2 days 18:00:00,66,18.75,-123.5,995.4,50.8
2026-09-24,EP162026,10,2026-09-27 00:00:00,3 days 00:00:00,72,19.0,-123.5,997.8,47.2
2026-09-24,EP162026,10,2026-09-27 06:00:00,3 days 06:00:00,78,20.32,-118.42,982.4,67.7
2026-09-24,EP162026,10,2026-09-27 12:00:00,3 days 12:00:00,84,21.5,-113.25,967.0,88.2
2026-09-24,EP162026,10,2026-09-27 18:00:00,3 days 18:00:00,90,22.63,-113.62,970.4,84.1
2026-09-24,EP162026,10,2026-09-28 00:00:00,4 days 00:00:00,96,23.75,-114.0,973.8,80.0
2026-09-24,EP162026,10,2026-09-28 06:00:00,4 days 06:00:00,102,24.5,-113.88,973.5,80.4
2026-09-24,EP162026,10,2026-09-28 12:00:00,4 days 12:00:00,108,25.25,-113.75,973.2,80.8
2026-09-24,EP162026,10,2026-09-28 18:00:00,4 days 18:00:00,114,25.88,-113.13,981.4,70.1
2026-09-24,EP162026,10,2026-09-29 00:00:00,5 days 00:00:00,120,26.5,-112.5,989.6,59.3
2026-09-24,EP162026,10,2026-09-29 06:00:00,5 days 06:00:00,126,27.25,-111.76,993.3,53.8
2026-09-24,EP162026,10,2026-09-29 12:00:00,5 days 12:00:00,132,28.0,-111.0,997.1,48.2
2026-09-24,EP162026,10,2026-09-29 18:00:00,5 days 18:00:00,138,29.67,-107.43,998.3,46.3
2026-09-24,EP162026,10,2026-09-30 00:00:00,6 days 00:00:00,144,31.25,-103.75,999.6,44.3
2026-09-24,EP172026,10,2026-09-24 00:00:00,0 days 00:00:00,0,15.75,-102.25,970.5,84.0
2026-09-24,EP172026,10,2026-09-24 06:00:00,0 days 06:00:00,6,16.13,-103.12,974.4,79.2
2026-09-24,EP172026,10,2026-09-24 12:00:00,0 days 12:00:00,12,16.5,-104.0,978.3,74.4
2026-09-24,EP172026,10,2026-09-24 18:00:00,0 days 18:00:00,18,16.75,-104.87,976.8,76.3
2026-09-24,EP172026,10,2026-09-25 00:00:00,1 days 00:00:00,24,17.0,-105.75,975.4,78.1
2026-09-24,EP172026,10,2026-09-25 06:00:00,1 days 06:00:00,30,17.13,-106.87,974.1,79.7
2026-09-24,EP172026,10,2026-09-25 12:00:00,1 days 12:00:00,36,17.25,-108.0,972.8,81.2
2026-09-24,EP172026,10,2026-09-25 18:00:00,1 days 18:00:00,42,17.38,-108.75,973.5,80.3
2026-09-24,EP172026,10,2026-09-26 00:00:00,2 days 00:00:00,48,17.5,-109.5,974.3,79.4
2026-09-24,EP172026,10,2026-09-26 06:00:00,2 days 06:00:00,54,17.88,-110.12,971.9,82.3
2026-09-24,EP172026,10,2026-09-26 12:00:00,2 days 12:00:00,60,18.25,-110.75,969.6,85.1
2026-09-24,EP172026,10,2026-09-26 18:00:00,2 days 18:00:00,66,19.0,-111.5,966.4,88.8
2026-09-24,EP172026,10,2026-09-27 00:00:00,3 days 00:00:00,72,19.75,-112.25,963.2,92.6
2026-09-24,EP172026,10,2026-09-27 06:00:00,3 days 06:00:00,78,20.63,-112.75,965.1,90.4
2026-09-24,EP172026,10,2026-09-27 12:00:00,3 days 12:00:00,84,21.5,-113.25,967.0,88.2
2026-09-24,IO012026,10,2026-09-24 00:00:00,0 days 00:00:00,0,18.5,84.0,986.5,63.6
2026-09-24,IO012026,10,2026-09-24 06:00:00,0 days 06:00:00,6,18.63,83.63,989.4,59.6
2026-09-24,IO012026,10,2026-09-24 12:00:00,0 days 12:00:00,12,18.75,83.25,992.2,55.5
2026-09-24,IO012026,10,2026-09-24 18:00:00,0 days 18:00:00,18,19.38,82.88,992.2,55.6
2026-09-24,IO012026,10,2026-09-25 00:00:00,1 days 00:00:00,24,20.0,82.5,992.2,55.6
2026-09-24,IO012026,10,2026-09-25 06:00:00,1 days 06:00:00,30,20.88,82.13,992.7,54.9
2026-09-24,IO012026,10,2026-09-25 12:00:00,1 days 12:00:00,36,21.75,81.75,993.2,54.1
2026-09-24,IO012026,10,2026-09-25 18:00:00,1 days 18:00:00,42,23.13,81.01,994.6,52.1
2026-09-24,IO012026,10,2026-09-26 00:00:00,2 days 00:00:00,48,24.5,80.25,995.9,50.0
2026-09-24,IO012026,10,2026-09-26 06:00:00,2 days 06:00:00,54,25.5,80.0,995.2,51.2
2026-09-24,IO012026,10,2026-09-26 12:00:00,2 days 12:00:00,60,26.5,79.75,994.4,52.3
2026-09-24,IO012026,10,2026-09-26 18:00:00,2 days 18:00:00,66,26.88,79.87,997.5,47.6
2026-09-24,IO012026,10,2026-09-27 00:00:00,3 days 00:00:00,72,27.25,80.0,1000.5,42.8
2026-09-24,WP252026,10,2026-09-24 00:00:00,0 days 00:00:00,0,18.0,134.5,1003.5,37.8
2026-09-24,WP252026,10,2026-09-24 06:00:00,0 days 06:00:00,6,18.5,133.25,1002.2,40.0
2026-09-24,WP252026,10,2026-09-24 12:00:00,0 days 12:00:00,12,19.0,132.0,1000.9,42.2
2026-09-24,WP252026,10,2026-09-24 18:00:00,0 days 18:00:00,18,19.5,130.75,998.6,45.8
2026-09-24,WP252026,10,2026-09-25 00:00:00,1 days 00:00:00,24,20.0,129.5,996.4,49.4
2026-09-24,WP252026,10,2026-09-25 06:00:00,1 days 06:00:00,30,20.63,128.63,996.4,49.3
2026-09-24,WP252026,10,2026-09-25 12:00:00,1 days 12:00:00,36,21.25,127.75,996.5,49.2
2026-09-24,WP252026,10,2026-09-25 18:00:00,1 days 18:00:00,42,21.88,127.0,996.9,48.6
2026-09-24,WP252026,10,2026-09-26 00:00:00,2 days 00:00:00,48,22.5,126.25,997.3,48.0
2026-09-24,WP252026,10,2026-09-26 06:00:00,2 days 06:00:00,54,23.0,126.25,994.2,52.5
2026-09-24,WP252026,10,2026-09-26 12:00:00,2 days 12:00:00,60,23.5,126.25,991.2,57.0
2026-09-24,WP252026,10,2026-09-26 18:00:00,2 days 18:00:00,66,24.13,126.25,989.8,59.0
2026-09-24,WP252026,10,2026-09-27 00:00:00,3 days 00:00:00,72,24.75,126.25,988.4,61.0
2026-09-24,WP252026,10,2026-09-27 06:00:00,3 days 06:00:00,78,25.25,127.0,985.9,64.4
2026-09-24,WP252026,10,2026-09-27 12:00:00,3 days 12:00:00,84,25.75,127.75,983.4,67.8
2026-09-24,WP252026,10,2026-09-27 18:00:00,3 days 18:00:00,90,26.25,128.5,985.1,65.5
2026-09-24,WP252026,10,2026-09-28 00:00:00,4 days 00:00:00,96,26.75,129.25,986.7,63.3
2026-09-24,WP252026,10,2026-09-28 06:00:00,4 days 06:00:00,102,27.13,130.0,990.7,57.6
2026-09-24,WP252026,10,2026-09-28 12:00:00,4 days 12:00:00,108,27.5,130.75,994.6,52.0
2026-09-24,WP252026,10,2026-09-28 18:00:00,4 days 18:00:00,114,28.13,131.5,995.9,50.0
2026-09-24,WP252026,10,2026-09-29 00:00:00,5 days 00:00:00,120,28.75,132.25,997.3,48.0
2026-09-24,WP252026,10,2026-09-29 06:00:00,5 days 06:00:00,126,29.63,133.24,998.2,46.4
2026-09-24,WP252026,10,2026-09-29 12:00:00,5 days 12:00:00,132,30.5,134.25,999.2,44.9
2026-09-24,WP252026,10,2026-09-29 18:00:00,5 days 18:00:00,138,31.38,135.74,1000.3,43.2
2026-09-24,WP252026,10,2026-09-30 00:00:00,6 days 00:00:00,144,32.25,137.25,1001.3,41.4
2026-09-24,WP252026,10,2026-09-30 06:00:00,6 days 06:00:00,150,33.52,139.59,1000.9,42.1
2026-09-24,WP252026,10,2026-09-30 12:00:00,6 days 12:00:00,156,34.75,142.0,1000.5,42.8
2026-09-24,EP152026,11,2026-09-24 00:00:00,0 days 00:00:00,0,14.5,-155.5,1000.6,42.7
2026-09-24,EP152026,11,2026-09-24 06:00:00,0 days 06:00:00,6,14.5,-155.63,998.0,46.7
2026-09-24,EP152026,11,2026-09-24 12:00:00,0 days 12:00:00,12,14.5,-155.75,995.5,50.7
2026-09-24,EP152026,11,2026-09-24 18:00:00,0 days 18:00:00,18,15.0,-155.75,993.0,54.3
2026-09-24,EP152026,11,2026-09-25 00:00:00,1 days 00:00:00,24,15.5,-155.75,990.6,57.9
2026-09-24,EP152026,11,2026-09-25 06:00:00,1 days 06:00:00,30,15.88,-155.63,987.6,62.0
2026-09-24,EP152026,11,2026-09-25 12:00:00,1 days 12:00:00,36,16.25,-155.5,984.7,66.1
2026-09-24,EP152026,11,2026-09-25 18:00:00,1 days 18:00:00,42,16.75,-155.25,984.7,66.1
2026-09-24,EP152026,11,2026-09-26 00:00:00,2 days 00:00:00,48,17.25,-155.0,984.7,66.0
2026-09-24,EP152026,11,2026-09-26 06:00:00,2 days 06:00:00,54,17.88,-155.25,984.4,66.4
2026-09-24,EP152026,11,2026-09-26 12:00:00,2 days 12:00:00,60,18.5,-155.5,984.2,66.8
2026-09-24,EP152026,11,2026-09-26 18:00:00,2 days 18:00:00,66,18.88,-156.0,986.7,63.3
2026-09-24,EP152026,11,2026-09-27 00:00:00,3 days 00:00:00,72,19.25,-156.5,989.3,59.8
2026-09-24,EP152026,11,2026-09-27 06:00:00,3 days 06:00:00,78,19.25,-157.38,989.1,60.0
2026-09-24,EP152026,11,2026-09-27 12:00:00,3 days 12:00:00,84,19.25,-158.25,989.0,60.2
2026-09-24,EP152026,11,2026-09-27 18:00:00,3 days 18:00:00,90,19.25,-159.38,989.2,59.9
2026-09-24,EP152026,11,2026-09-28 00:00:00,4 days 00:00:00,96,19.25,-160.5,989.3,59.7
2026-09-24,EP152026,11,2026-09-28 06:00:00,4 days 06:00:00,102,19.63,-161.5,987.5,62.2
2026-09-24,EP152026,11,2026-09-28 12:00:00,4 days 12:00:00,108,20.0,-162.5,985.7,64.7
2026-09-24,EP152026,11,2026-09-28 18:00:00,4 days 18:00:00,114,20.88,-163.37,988.7,60.5
2026-09-24,EP152026,11,2026-09-29 00:00:00,5 days 00:00:00,120,21.75,-164.25,991.8,56.2
2026-09-24,EP152026,11,2026-09-29 06:00:00,5 days 06:00:00,126,23.13,-164.74,991.9,56.0
2026-09-24,EP152026,11,2026-09-29 12:00:00,5 days 12:00:00,132,24.5,-165.25,992.1,55.7
2026-09-24,EP152026,11,2026-09-29 18:00:00,5 days 18:00:00,138,25.5,-165.62,990.4,58.2
2026-09-24,EP152026,11,2026-09-30 00:00:00,6 days 00:00:00,144,26.5,-166.0,988.6,60.7
2026-09-24,EP152026,11,2026-09-30 06:00:00,6 days 06:00:00,150,26.88,-165.88,989.8,59.1
2026-09-24,EP152026,11,2026-09-30 12:00:00,6 days 12:00:00,156,27.25,-165.75,990.9,57.4
2026-09-24,EP152026,11,2026-09-30 18:00:00,6 days 18:00:00,162,28.25,-166.86,990.6,57.9
2026-09-24,EP152026,11,2026-10-01 00:00:00,7 days 00:00:00,168,29.25,-168.0,990.3,58.3
2026-09-24,EP152026,11,2026-10-01 06:00:00,7 days 06:00:00,174,29.38,-169.25,991.3,56.8
2026-09-24,EP152026,11,2026-10-01 12:00:00,7 days 12:00:00,180,29.5,-170.5,992.4,55.4
2026-09-24,EP152026,11,2026-10-01 18:00:00,7 days 18:00:00,186,29.5,-171.5,993.6,53.5
2026-09-24,EP152026,11,2026-10-02 00:00:00,8 days 00:00:00,192,29.5,-172.5,994.9,51.6
2026-09-24,EP152026,11,2026-10-02 06:00:00,8 days 06:00:00,198,29.0,-173.25,996.5,49.1
2026-09-24,EP152026,11,2026-10-02 12:00:00,8 days 12:00:00,204,28.5,-174.0,998.1,46.7
2026-09-24,EP152026,11,2026-10-02 18:00:00,8 days 18:00:00,210,27.5,-175.14,996.8,48.6
2026-09-24,EP152026,11,2026-10-03 00:00:00,9 days 00:00:00,216,26.5,-176.25,995.6,50.6
2026-09-24,EP152026,11,2026-10-03 06:00:00,9 days 06:00:00,222,25.76,-177.76,995.1,51.4
2026-09-24,EP152026,11,2026-10-03 12:00:00,9 days 12:00:00,228,25.0,-179.25,994.5,52.1
2026-09-24,EP152026,11,2026-10-03 18:00:00,9 days 18:00:00,234,24.51,179.5,995.2,51.2
2026-09-24,EP152026,11,2026-10-04 00:00:00,10 days 00:00:00,240,24.0,178.25,995.8,50.2
2026-09-24,EP152026,11,2026-10-04 06:00:00,10 days 06:00:00,246,23.75,177.25,996.9,48.6
2026-09-24,EP152026,11,2026-10-04 12:00:00,10 days 12:00:00,252,23.5,176.25,997.9,46.9
2026-09-24,EP152026,11,2026-10-04 18:00:00,10 days 18:00:00,258,23.38,175.0,998.7,45.7
2026-09-24,EP152026,11,2026-10-05 00:00:00,11 days 00:00:00,264,23.25,173.75,999.5,44.5
2026-09-24,EP152026,11,2026-10-05 06:00:00,11 days 06:00:00,270,23.63,172.13,1000.0,43.6
2026-09-24,EP152026,11,2026-10-05 12:00:00,11 days 12:00:00,276,24.0,170.5,1000.5,42.8
2026-09-24,EP152026,11,2026-10-05 18:00:00,11 days 18:00:00,282,24.39,168.63,999.9,43.8
2026-09-24,EP152026,11,2026-10-06 00:00:00,12 days 00:00:00,288,24.75,166.75,999.2,44.8
2026-09-24,EP152026,11,2026-10-06 06:00:00,12 days 06:00:00,294,25.88,165.26,998.8,45.5
2026-09-24,EP152026,11,2026-10-06 12:00:00,12 days 12:00:00,300,27.0,163.75,998.4,46.2
2026-09-24,EP152026,11,2026-10-06 18:00:00,12 days 18:00:00,306,28.01,162.51,995.4,50.8
2026-09-24,EP152026,11,2026-10-07 00:00:00,13 days 00:00:00,312,29.0,161.25,992.4,55.3
2026-09-24,EP152026,11,2026-10-07 06:00:00,13 days 06:00:00,318,30.13,161.25,991.7,56.3
2026-09-24,EP152026,11,2026-10-07 12:00:00,13 days 12:00:00,324,31.25,161.25,991.1,57.2
2026-09-24,EP152026,11,2026-10-07 18:00:00,13 days 18:00:00,330,32.13,161.87,991.4,56.7
2026-09-24,EP152026,11,2026-10-08 00:00:00,14 days 00:00:00,336,33.0,162.5,991.7,56.3
2026-09-24,EP152026,11,2026-10-08 06:00:00,14 days 06:00:00,342,33.26,163.75,994.6,52.0
2026-09-24,EP152026,11,2026-10-08 12:00:00,14 days 12:00:00,348,33.5,165.0,997.5,47.7
2026-09-24,EP152026,11,2026-10-08 18:00:00,14 days 18:00:00,354,33.75,166.0,999.8,43.9
2026-09-24,EP152026,11,2026-10-09 00:00:00,15 days 00:00:00,360,34.0,167.0,1002.1,40.1
2026-09-24,EP162026,11,2026-09-24 00:00:00,0 days 00:00:00,0,15.5,-126.75,971.6,82.7
2026-09-24,EP162026,11,2026-09-24 06:00:00,0 days 06:00:00,6,15.75,-126.13,975.3,78.0
2026-09-24,EP162026,11,2026-09-24 12:00:00,0 days 12:00:00,12,16.0,-125.5,979.0,73.4
2026-09-24,EP162026,11,2026-09-24 18:00:00,0 days 18:00:00,18,16.38,-124.88,979.0,73.5
2026-09-24,EP162026,11,2026-09-25 00:00:00,1 days 00:00:00,24,16.75,-124.25,979.0,73.5
2026-09-24,EP162026,11,2026-09-25 06:00:00,1 days 06:00:00,30,17.38,-123.88,983.1,68.1
2026-09-24,EP162026,11,2026-09-25 12:00:00,1 days 12:00:00,36,18.0,-123.5,987.2,62.7
2026-09-24,EP162026,11,2026-09-25 18:00:00,1 days 18:00:00,42,18.5,-123.5,986.8,63.1
2026-09-24,EP162026,11,2026-09-26 00:00:00,2 days 00:00:00,48,19.0,-123.5,986.5,63.6
2026-09-24,EP162026,11,2026-09-26 06:00:00,2 days 06:00:00,54,19.62,-123.5,989.3,59.7
2026-09-24,EP162026,11,2026-09-26 12:00:00,2 days 12:00:00,60,20.25,-123.5,992.0,55.8
2026-09-24,EP162026,11,2026-09-26 18:00:00,2 days 18:00:00,66,20.75,-123.25,993.5,53.7
2026-09-24,EP162026,11,2026-09-27 00:00:00,3 days 00:00:00,72,21.25,-123.0,994.9,51.5
2026-09-24,EP162026,11,2026-09-27 06:00:00,3 days 06:00:00,78,22.13,-122.63,996.4,49.2
2026-09-24,EP162026,11,2026-09-27 12:00:00,3 days 12:00:00,84,23.0,-122.25,997.9,47.0
2026-09-24,EP162026,11,2026-09-27 18:00:00,3 days 18:00:00,90,23.07,-117.5,987.0,62.0
2026-09-24,EP162026,11,2026-09-28 00:00:00,4 days 00:00:00,96,23.0,-112.75,976.2,77.1
2026-09-24,EP162026,11,2026-09-28 06:00:00,4 days 06:00:00,102,24.0,-112.63,976.0,77.2
2026-09-24,EP162026,11,2026-09-28 12:00:00,4 days 12:00:00,108,25.0,-112.5,975.9,77.4
2026-09-24,EP162026,11,2026-09-28 18:00:00,4 days 18:00:00,114,26.5,-111.88,981.9,69.6
2026-09-24,EP162026,11,2026-09-29 00:00:00,5 days 00:00:00,120,28.0,-111.25,987.8,61.8
2026-09-24,EP162026,11,2026-09-29 06:00:00,5 days 06:00:00,126,28.0,-111.13,993.5,53.4
2026-09-24,EP162026,11,2026-09-29 12:00:00,5 days 12:00:00,132,28.0,-111.0,999.1,45.0
2026-09-24,EP162026,11,2026-09-29 18:00:00,5 days 18:00:00,138,29.92,-107.57,998.5,46.0
2026-09-24,EP162026,11,2026-09-30 00:00:00,6 days 00:00:00,144,31.75,-104.0,998.0,46.9
2026-09-24,EP172026,11,2026-09-24 00:00:00,0 days 00:00:00,0,15.75,-102.25,970.5,84.0
2026-09-24,EP172026,11,2026-09-24 06:00:00,0 days 06:00:00,6,16.13,-103.12,973.7,80.1
2026-09-24,EP172026,11,2026-09-24 12:00:00,0 days 12:00:00,12,16.5,-104.0,976.9,76.2
2026-09-24,EP172026,11,2026-09-24 18:00:00,0 days 18:00:00,18,16.75,-105.0,979.4,73.0
2026-09-24,EP172026,11,2026-09-25 00:00:00,1 days 00:00:00,24,17.0,-106.0,981.9,69.8
2026-09-24,EP172026,11,2026-09-25 06:00:00,1 days 06:00:00,30,16.88,-107.0,975.7,77.5
2026-09-24,EP172026,11,2026-09-25 12:00:00,1 days 12:00:00,36,16.75,-108.0,969.4,85.3
2026-09-24,EP172026,11,2026-09-25 18:00:00,1 days 18:00:00,42,16.88,-108.75,968.5,86.4
2026-09-24,EP172026,11,2026-09-26 00:00:00,2 days 00:00:00,48,17.0,-109.5,967.6,87.5
2026-09-24,EP172026,11,2026-09-26 06:00:00,2 days 06:00:00,54,17.25,-110.37,966.5,88.7
2026-09-24,EP172026,11,2026-09-26 12:00:00,2 days 12:00:00,60,17.5,-111.25,965.5,90.0
2026-09-24,EP172026,11,2026-09-26 18:00:00,2 days 18:00:00,66,18.13,-111.87,967.1,88.0
2026-09-24,EP172026,11,2026-09-27 00:00:00,3 days 00:00:00,72,18.75,-112.5,968.8,86.0
2026-09-24,EP172026,11,2026-09-27 06:00:00,3 days 06:00:00,78,19.75,-112.87,969.6,85.0
2026-09-24,EP172026,11,2026-09-27 12:00:00,3 days 12:00:00,84,20.75,-113.25,970.5,84.1
2026-09-24,EP172026,11,2026-09-27 18:00:00,3 days 18:00:00,90,21.88,-113.0,973.3,80.6
2026-09-24,EP172026,11,2026-09-28 00:00:00,4 days 00:00:00,96,23.0,-112.75,976.2,77.1
2026-09-24,IO012026,11,2026-09-24 00:00:00,0 days 00:00:00,0,18.5,84.0,986.5,63.6
2026-09-24,IO012026,11,2026-09-24 06:00:00,0 days 06:00:00,6,18.38,84.0,988.9,60.3
2026-09-24,IO012026,11,2026-09-24 12:00:00,0 days 12:00:00,12,18.25,84.0,991.3,56.9
2026-09-24,IO012026,11,2026-09-24 18:00:00,0 days 18:00:00,18,19.38,82.76,991.9,56.0
2026-09-24,IO012026,11,2026-09-25 00:00:00,1 days 00:00:00,24,20.5,81.5,992.6,55.1
2026-09-24,IO012026,11,2026-09-25 06:00:00,1 days 06:00:00,30,21.13,81.62,993.2,54.2
2026-09-24,IO012026,11,2026-09-25 12:00:00,1 days 12:00:00,36,21.75,81.75,993.8,53.2
2026-09-24,IO012026,11,2026-09-25 18:00:00,1 days 18:00:00,42,22.5,81.63,995.3,51.0
2026-09-24,IO012026,11,2026-09-26 00:00:00,2 days 00:00:00,48,23.25,81.5,996.8,48.7
2026-09-24,IO012026,11,2026-09-26 06:00:00,2 days 06:00:00,54,24.75,80.76,996.2,49.6
2026-09-24,IO012026,11,2026-09-26 12:00:00,2 days 12:00:00,60,26.25,80.0,995.7,50.4
2026-09-24,WP252026,11,2026-09-24 00:00:00,0 days 00:00:00,0,18.0,134.5,1003.5,37.8
2026-09-24,WP252026,11,2026-09-24 06:00:00,0 days 06:00:00,6,18.63,133.38,1001.6,40.9
2026-09-24,WP252026,11,2026-09-24 12:00:00,0 days 12:00:00,12,19.25,132.25,999.8,44.0
2026-09-24,WP252026,11,2026-09-24 18:00:00,0 days 18:00:00,18,19.63,131.0,999.3,44.7
2026-09-24,WP252026,11,2026-09-25 00:00:00,1 days 00:00:00,24,20.0,129.75,998.9,45.4
2026-09-24,WP252026,11,2026-09-25 06:00:00,1 days 06:00:00,30,20.63,128.75,998.0,46.8
2026-09-24,WP252026,11,2026-09-25 12:00:00,1 days 12:00:00,36,21.25,127.75,997.1,48.2
2026-09-24,WP252026,11,2026-09-25 18:00:00,1 days 18:00:00,42,22.0,127.25,994.4,52.3
2026-09-24,WP252026,11,2026-09-26 00:00:00,2 days 00:00:00,48,22.75,126.75,991.6,56.4
2026-09-24,WP252026,11,2026-09-26 06:00:00,2 days 06:00:00,54,23.38,126.63,988.5,60.8
2026-09-24,WP252026,11,2026-09-26 12:00:00,2 days 12:00:00,60,24.0,126.5,985.4,65.1
2026-09-24,WP252026,11,2026-09-26 18:00:00,2 days 18:00:00,66,24.5,126.62,982.9,68.4
2026-09-24,WP252026,11,2026-09-27 00:00:00,3 days 00:00:00,72,25.0,126.75,980.4,71.6
2026-09-24,WP252026,11,2026-09-27 06:00:00,3 days 06:00:00,78,25.5,127.25,977.3,75.6
2026-09-24,WP252026,11,2026-09-27 12:00:00,3 days 12:00:00,84,26.0,127.75,974.2,79.5
2026-09-24,WP252026,11,2026-09-27 18:00:00,3 days 18:00:00,90,26.63,128.62,981.1,70.5
2026-09-24,WP252026,11,2026-09-28 00:00:00,4 days 00:00:00,96,27.25,129.5,988.0,61.5
2026-09-24,WP252026,11,2026-09-28 06:00:00,4 days 06:00:00,102,27.63,130.75,987.7,62.0
2026-09-24,WP252026,11,2026-09-28 12:00:00,4 days 12:00:00,108,28.0,132.0,987.3,62.5
2026-09-24,WP252026,11,2026-09-28 18:00:00,4 days 18:00:00,114,28.63,132.87,991.6,56.3
2026-09-24,WP252026,11,2026-09-29 00:00:00,5 days 00:00:00,120,29.25,133.75,995.9,50.0
2026-09-24,WP252026,11,2026-09-29 06:00:00,5 days 06:00:00,126,29.76,135.37,996.5,49.2
2026-09-24,WP252026,11,2026-09-29 12:00:00,5 days 12:00:00,132,30.25,137.0,997.0,48.4
2026-09-24,WP252026,11,2026-09-29 18:00:00,5 days 18:00:00,138,31.13,138.36,998.6,45.8
2026-09-24,WP252026,11,2026-09-30 00:00:00,6 days 00:00:00,144,32.0,139.75,1000.2,43.3
2026-09-24,EP152026,12,2026-09-24 00:00:00,0 days 00:00:00,0,14.5,-155.5,1000.6,42.7
2026-09-24,EP152026,12,2026-09-24 06:00:00,0 days 06:00:00,6,14.63,-155.62,999.8,44.0
2026-09-24,EP152026,12,2026-09-24 12:00:00,0 days 12:00:00,12,14.75,-155.75,998.9,45.4
2026-09-24,EP152026,12,2026-09-24 18:00:00,0 days 18:00:00,18,14.88,-155.87,995.7,50.3
2026-09-24,EP152026,12,2026-09-25 00:00:00,1 days 00:00:00,24,15.0,-156.0,992.5,55.2
2026-09-24,EP152026,12,2026-09-25 06:00:00,1 days 06:00:00,30,15.25,-155.63,991.2,56.9
2026-09-24,EP152026,12,2026-09-25 12:00:00,1 days 12:00:00,36,15.5,-155.25,990.0,58.7
2026-09-24,EP152026,12,2026-09-25 18:00:00,1 days 18:00:00,42,16.13,-155.25,986.8,63.1
2026-09-24,EP152026,12,2026-09-26 00:00:00,2 days 00:00:00,48,16.75,-155.25,983.5,67.6
2026-09-24,EP152026,12,2026-09-26 06:00:00,2 days 06:00:00,54,17.25,-155.0,983.4,67.8
2026-09-24,EP152026,12,2026-09-26 12:00:00,2 days 12:00:00,60,17.75,-154.75,983.3,67.9
2026-09-24,EP152026,12,2026-09-26 18:00:00,2 days 18:00:00,66,18.0,-155.12,982.3,69.3
2026-09-24,EP152026,12,2026-09-27 00:00:00,3 days 00:00:00,72,18.25,-155.5,981.2,70.6
2026-09-24,EP152026,12,2026-09-27 06:00:00,3 days 06:00:00,78,18.38,-156.25,984.4,66.4
2026-09-24,EP152026,12,2026-09-27 12:00:00,3 days 12:00:00,84,18.5,-157.0,987.5,62.2
2026-09-24,EP152026,12,2026-09-27 18:00:00,3 days 18:00:00,90,18.63,-157.62,986.2,64.0
2026-09-24,EP152026,12,2026-09-28 00:00:00,4 days 00:00:00,96,18.75,-158.25,984.8,65.8
2026-09-24,EP152026,12,2026-09-28 06:00:00,4 days 06:00:00,102,18.88,-158.87,986.2,64.0
2026-09-24,EP152026,12,2026-09-28 12:00:00,4 days 12:00:00,108,19.0,-159.5,987.5,62.2
2026-09-24,EP152026,12,2026-09-28 18:00:00,4 days 18:00:00,114,19.63,-159.87,988.3,61.2
2026-09-24,EP152026,12,2026-09-29 00:00:00,5 days 00:00:00,120,20.25,-160.25,989.0,60.2
2026-09-24,EP152026,12,2026-09-29 06:00:00,5 days 06:00:00,126,21.13,-160.62,991.7,56.3
2026-09-24,EP152026,12,2026-09-29 12:00:00,5 days 12:00:00,132,22.0,-161.0,994.4,52.4
2026-09-24,EP152026,12,2026-09-29 18:00:00,5 days 18:00:00,138,22.62,-161.0,995.7,50.4
2026-09-24,EP152026,12,2026-09-30 00:00:00,6 days 00:00:00,144,23.25,-161.0,997.0,48.3
2026-09-24,EP152026,12,2026-09-30 06:00:00,6 days 06:00:00,150,24.0,-161.0,995.2,51.2
2026-09-24,EP152026,12,2026-09-30 12:00:00,6 days 12:00:00,156,24.75,-161.0,993.3,54.0
2026-09-24,EP152026,12,2026-09-30 18:00:00,6 days 18:00:00,162,25.38,-161.62,993.9,53.1
2026-09-24,EP152026,12,2026-10-01 00:00:00,7 days 00:00:00,168,26.0,-162.25,994.5,52.1
2026-09-24,EP152026,12,2026-10-01 06:00:00,7 days 06:00:00,174,26.88,-163.74,993.0,54.4
2026-09-24,EP152026,12,2026-10-01 12:00:00,7 days 12:00:00,180,27.75,-165.25,991.5,56.6
2026-09-24,EP152026,12,2026-10-01 18:00:00,7 days 18:00:00,186,27.88,-166.37,990.8,57.6
2026-09-24,EP152026,12,2026-10-02 00:00:00,8 days 00:00:00,192,28.0,-167.5,990.1,58.6
2026-09-24,EP152026,12,2026-10-02 06:00:00,8 days 06:00:00,198,27.5,-167.88,991.2,57.0
2026-09-24,EP152026,12,2026-10-02 12:00:00,8 days 12:00:00,204,27.0,-168.25,992.3,55.4
2026-09-24,EP152026,12,2026-10-02 18:00:00,8 days 18:00:00,210,26.5,-168.38,994.5,52.2
2026-09-24,EP152026,12,2026-10-03 00:00:00,9 days 00:00:00,216,26.0,-168.5,996.6,49.0
2026-09-24,EP152026,12,2026-10-03 06:00:00,9 days 06:00:00,222,25.25,-169.25,998.1,46.6
2026-09-24,EP152026,12,2026-10-03 12:00:00,9 days 12:00:00,228,24.5,-170.0,999.6,44.3
2026-09-24,EP152026,12,2026-10-03 18:00:00,9 days 18:00:00,234,24.0,-171.13,1000.5,42.8
2026-09-24,EP152026,12,2026-10-04 00:00:00,10 days 00:00:00,240,23.5,-172.25,1001.4,41.4
2026-09-24,EP152026,12,2026-10-04 06:00:00,10 days 06:00:00,246,23.13,-173.5,1002.2,40.0
2026-09-24,EP152026,12,2026-10-04 12:00:00,10 days 12:00:00,252,22.75,-174.75,1002.9,38.7
2026-09-24,EP152026,12,2026-10-04 18:00:00,10 days 18:00:00,258,22.88,-176.12,1002.6,39.3
2026-09-24,EP152026,12,2026-10-05 00:00:00,11 days 00:00:00,264,23.0,-177.5,1002.3,39.8
2026-09-24,EP152026,12,2026-10-05 06:00:00,11 days 06:00:00,270,23.01,-178.88,1002.6,39.3
2026-09-24,EP152026,12,2026-10-05 12:00:00,11 days 12:00:00,276,23.0,179.75,1002.8,38.9
2026-09-24,EP152026,12,2026-10-05 18:00:00,11 days 18:00:00,282,23.25,178.5,1004.9,35.3
2026-09-24,EP152026,12,2026-10-06 00:00:00,12 days 00:00:00,288,23.5,177.25,1006.9,31.6
2026-09-24,EP162026,12,2026-09-24 00:00:00,0 days 00:00:00,0,15.5,-126.75,971.6,82.7
2026-09-24,EP162026,12,2026-09-24 06:00:00,0 days 06:00:00,6,15.88,-126.13,977.8,74.9
2026-09-24,EP162026,12,2026-09-24 12:00:00,0 days 12:00:00,12,16.25,-125.5,983.9,67.1
2026-09-24,EP162026,12,2026-09-24 18:00:00,0 days 18:00:00,18,16.75,-124.88,985.1,65.5
2026-09-24,EP162026,12,2026-09-25 00:00:00,1 days 00:00:00,24,17.25,-124.25,986.4,63.8
2026-09-24,EP162026,12,2026-09-25 06:00:00,1 days 06:00:00,30,17.75,-123.75,983.3,67.8
2026-09-24,EP162026,12,2026-09-25 12:00:00,1 days 12:00:00,36,18.25,-123.25,980.3,71.8
2026-09-24,EP162026,12,2026-09-25 18:00:00,1 days 18:00:00,42,18.63,-123.13,981.1,70.8
2026-09-24,EP162026,12,2026-09-26 00:00:00,2 days 00:00:00,48,19.0,-123.0,981.8,69.9
2026-09-24,EP162026,12,2026-09-26 06:00:00,2 days 06:00:00,54,19.13,-123.12,987.4,62.2
2026-09-24,EP162026,12,2026-09-26 12:00:00,2 days 12:00:00,60,19.25,-123.25,992.9,54.5
2026-09-24,EP162026,12,2026-09-26 18:00:00,2 days 18:00:00,66,19.5,-123.13,994.4,52.4
2026-09-24,EP162026,12,2026-09-27 00:00:00,3 days 00:00:00,72,19.75,-123.0,995.8,50.2
2026-09-24,EP162026,12,2026-09-27 06:00:00,3 days 06:00:00,78,20.44,-118.27,983.0,67.3
2026-09-24,EP162026,12,2026-09-27 12:00:00,3 days 12:00:00,84,21.0,-113.5,970.1,84.5
2026-09-24,EP162026,12,2026-09-27 18:00:00,3 days 18:00:00,90,22.13,-113.87,970.9,83.6
2026-09-24,EP162026,12,2026-09-28 00:00:00,4 days 00:00:00,96,23.25,-114.25,971.6,82.7
2026-09-24,EP162026,12,2026-09-28 06:00:00,4 days 06:00:00,102,24.25,-114.25,974.6,79.0
2026-09-24,EP162026,12,2026-09-28 12:00:00,4 days 12:00:00,108,25.25,-114.25,977.5,75.4
2026-09-24,EP162026,12,2026-09-28 18:00:00,4 days 18:00:00,114,25.75,-113.88,985.6,64.3
2026-09-24,EP162026,12,2026-09-29 00:00:00,5 days 00:00:00,120,26.25,-113.5,993.8,53.3
2026-09-24,EP162026,12,2026-09-29 06:00:00,5 days 06:00:00,126,26.88,-112.75,996.5,49.0
2026-09-24,EP162026,12,2026-09-29 12:00:00,5 days 12:00:00,132,27.5,-112.0,999.3,44.7
2026-09-24,EP162026,12,2026-09-29 18:00:00,5 days 18:00:00,138,22.26,-109.92,990.0,58.0
2026-09-24,EP162026,12,2026-09-30 00:00:00,6 days 00:00:00,144,17.0,-108.0,980.7,71.3
2026-09-24,EP162026,12,2026-09-30 06:00:00,6 days 06:00:00,150,17.63,-108.75,981.4,70.4
2026-09-24,EP162026,12,2026-09-30 12:00:00,6 days 12:00:00,156,18.25,-109.5,982.1,69.5
2026-09-24,EP162026,12,2026-09-30 18:00:00,6 days 18:00:00,162,18.63,-110.25,979.2,73.2
2026-09-24,EP162026,12,2026-10-01 00:00:00,7 days 00:00:00,168,19.0,-111.0,976.4,76.8
2026-09-24,EP162026,12,2026-10-01 06:00:00,7 days 06:00:00,174,19.38,-111.87,977.4,75.5
2026-09-24,EP162026,12,2026-10-01 12:00:00,7 days 12:00:00,180,19.75,-112.75,978.5,74.2
2026-09-24,EP162026,12,2026-10-01 18:00:00,7 days 18:00:00,186,20.0,-113.75,976.2,77.0
2026-09-24,EP162026,12,2026-10-02 00:00:00,8 days 00:00:00,192,20.25,-114.75,974.0,79.8
2026-09-24,EP162026,12,2026-10-02 06:00:00,8 days 06:00:00,198,20.5,-115.87,976.1,77.2
2026-09-24,EP162026,12,2026-10-02 12:00:00,8 days 12:00:00,204,20.75,-117.0,978.1,74.6
2026-09-24,EP162026,12,2026-10-02 18:00:00,8 days 18:00:00,210,20.88,-118.12,976.2,77.0
2026-09-24,EP162026,12,2026-10-03 00:00:00,9 days 00:00:00,216,21.0,-119.25,974.3,79.4
2026-09-24,EP162026,12,2026-10-03 06:00:00,9 days 06:00:00,222,21.25,-120.0,978.2,74.4
2026-09-24,EP162026,12,2026-10-03 12:00:00,9 days 12:00:00,228,21.5,-120.75,982.1,69.4
2026-09-24,EP162026,12,2026-10-03 18:00:00,9 days 18:00:00,234,21.5,-121.25,984.6,66.1
2026-09-24,EP162026,12,2026-10-04 00:00:00,10 days 00:00:00,240,21.5,-121.75,987.1,62.8
2026-09-24,EP162026,12,2026-10-04 06:00:00,10 days 06:00:00,246,21.38,-122.38,990.7,57.7
2026-09-24,EP162026,12,2026-10-04 12:00:00,10 days 12:00:00,252,21.25,-123.0,994.2,52.6
2026-09-24,EP162026,12,2026-10-04 18:00:00,10 days 18:00:00,258,21.25,-123.0,994.6,52.0
2026-09-24,EP162026,12,2026-10-05 00:00:00,11 days 00:00:00,264,21.25,-123.0,995.0,51.5
2026-09-24,EP162026,12,2026-10-05 06:00:00,11 days 06:00:00,270,21.13,-123.25,995.9,50.1
2026-09-24,EP162026,12,2026-10-05 12:00:00,11 days 12:00:00,276,21.0,-123.5,996.8,48.7
2026-09-24,EP162026,12,2026-10-05 18:00:00,11 days 18:00:00,282,21.0,-123.5,996.3,49.5
2026-09-24,EP162026,12,2026-10-06 00:00:00,12 days 00:00:00,288,21.0,-123.5,995.8,50.3
2026-09-24,EP162026,12,2026-10-06 06:00:00,12 days 06:00:00,294,20.63,-123.63,997.7,47.3
2026-09-24,EP162026,12,2026-10-06 12:00:00,12 days 12:00:00,300,20.25,-123.75,999.6,44.3
2026-09-24,EP162026,12,2026-10-06 18:00:00,12 days 18:00:00,306,20.38,-123.75,998.9,45.5
2026-09-24,EP162026,12,2026-10-07 00:00:00,13 days 00:00:00,312,20.5,-123.75,998.2,46.6
2026-09-24,EP162026,12,2026-10-07 06:00:00,13 days 06:00:00,318,20.88,-124.18,998.0,46.8
2026-09-24,EP162026,12,2026-10-07 12:00:00,13 days 12:00:00,324,21.25,-124.62,997.8,47.1
2026-09-24,EP162026,12,2026-10-07 18:00:00,13 days 18:00:00,330,21.63,-125.06,997.7,47.3
2026-09-24,EP162026,12,2026-10-08 00:00:00,14 days 00:00:00,336,22.0,-125.5,997.5,47.6
2026-09-24,EP162026,12,2026-10-08 06:00:00,14 days 06:00:00,342,22.63,-125.75,998.3,46.4
2026-09-24,EP162026,12,2026-10-08 12:00:00,14 days 12:00:00,348,23.25,-126.0,999.1,45.1
2026-09-24,EP162026,12,2026-10-08 18:00:00,14 days 18:00:00,354,23.5,-126.37,998.1,46.6
2026-09-24,EP162026,12,2026-10-09 00:00:00,15 days 00:00:00,360,23.75,-126.75,997.2,48.1
2026-09-24,EP172026,12,2026-09-24 00:00:00,0 days 00:00:00,0,15.75,-102.25,970.5,84.0
2026-09-24,EP172026,12,2026-09-24 06:00:00,0 days 06:00:00,6,16.13,-103.12,974.2,79.5
2026-09-24,EP172026,12,2026-09-24 12:00:00,0 days 12:00:00,12,16.5,-104.0,977.8,75.0
2026-09-24,EP172026,12,2026-09-24 18:00:00,0 days 18:00:00,18,16.88,-105.0,978.0,74.8
2026-09-24,EP172026,12,2026-09-25 00:00:00,1 days 00:00:00,24,17.25,-106.0,978.1,74.7
2026-09-24,EP172026,12,2026-09-25 06:00:00,1 days 06:00:00,30,17.25,-107.0,976.7,76.4
2026-09-24,EP172026,12,2026-09-25 12:00:00,1 days 12:00:00,36,17.25,-108.0,975.4,78.0
2026-09-24,EP172026,12,2026-09-25 18:00:00,1 days 18:00:00,42,17.38,-109.0,972.4,81.7
2026-09-24,EP172026,12,2026-09-26 00:00:00,2 days 00:00:00,48,17.5,-110.0,969.3,85.4
2026-09-24,EP172026,12,2026-09-26 06:00:00,2 days 06:00:00,54,17.88,-110.87,970.2,84.4
2026-09-24,EP172026,12,2026-09-26 12:00:00,2 days 12:00:00,60,18.25,-111.75,971.1,83.3
2026-09-24,EP172026,12,2026-09-26 18:00:00,2 days 18:00:00,66,18.75,-112.25,971.8,82.5
2026-09-24,EP172026,12,2026-09-27 00:00:00,3 days 00:00:00,72,19.25,-112.75,972.5,81.6
2026-09-24,EP172026,12,2026-09-27 06:00:00,3 days 06:00:00,78,20.13,-113.12,971.3,83.1
2026-09-24,EP172026,12,2026-09-27 12:00:00,3 days 12:00:00,84,21.0,-113.5,970.1,84.5
2026-09-24,IO012026,12,2026-09-24 00:00:00,0 days 00:00:00,0,18.5,84.0,986.5,63.6
2026-09-24,IO012026,12,2026-09-24 06:00:00,0 days 06:00:00,6,18.38,84.0,989.4,59.5
2026-09-24,IO012026,12,2026-09-24 12:00:00,0 days 12:00:00,12,18.25,84.0,992.4,55.3
2026-09-24,IO012026,12,2026-09-24 18:00:00,0 days 18:00:00,18,18.38,84.0,992.6,54.9
2026-09-24,IO012026,12,2026-09-25 00:00:00,1 days 00:00:00,24,18.5,84.0,992.9,54.6
2026-09-24,IO012026,12,2026-09-25 06:00:00,1 days 06:00:00,30,20.0,83.13,993.4,53.9
2026-09-24,IO012026,12,2026-09-25 12:00:00,1 days 12:00:00,36,21.5,82.25,993.8,53.2
2026-09-24,IO012026,12,2026-09-25 18:00:00,1 days 18:00:00,42,22.63,82.0,995.6,50.5
2026-09-24,IO012026,12,2026-09-26 00:00:00,2 days 00:00:00,48,23.75,81.75,997.3,47.8
2026-09-24,IO012026,12,2026-09-26 06:00:00,2 days 06:00:00,54,25.0,81.38,997.0,48.4
2026-09-24,IO012026,12,2026-09-26 12:00:00,2 days 12:00:00,60,26.25,81.0,996.6,49.0
2026-09-24,IO012026,12,2026-09-26 18:00:00,2 days 18:00:00,66,27.13,80.5,998.5,46.0
2026-09-24,IO012026,12,2026-09-27 00:00:00,3 days 00:00:00,72,28.0,80.0,1000.3,43.1
2026-09-24,WP252026,12,2026-09-24 00:00:00,0 days 00:00:00,0,18.0,134.5,1003.5,37.8
2026-09-24,WP252026,12,2026-09-24 06:00:00,0 days 06:00:00,6,18.5,133.38,1002.6,39.3
2026-09-24,WP252026,12,2026-09-24 12:00:00,0 days 12:00:00,12,19.0,132.25,1001.7,40.9
2026-09-24,WP252026,12,2026-09-24 18:00:00,0 days 18:00:00,18,19.38,131.25,1001.7,40.8
2026-09-24,WP252026,12,2026-09-25 00:00:00,1 days 00:00:00,24,19.75,130.25,1001.8,40.7
2026-09-24,WP252026,12,2026-09-25 06:00:00,1 days 06:00:00,30,20.38,129.38,1001.4,41.4
2026-09-24,WP252026,12,2026-09-25 12:00:00,1 days 12:00:00,36,21.0,128.5,1000.9,42.1
2026-09-24,WP252026,12,2026-09-25 18:00:00,1 days 18:00:00,42,21.5,127.75,1000.1,43.5
2026-09-24,WP252026,12,2026-09-26 00:00:00,2 days 00:00:00,48,22.0,127.0,999.2,45.0
2026-09-24,WP252026,12,2026-09-26 06:00:00,2 days 06:00:00,54,22.5,126.88,997.8,47.2
2026-09-24,WP252026,12,2026-09-26 12:00:00,2 days 12:00:00,60,23.0,126.75,996.3,49.4
2026-09-24,WP252026,12,2026-09-26 18:00:00,2 days 18:00:00,66,23.5,126.75,995.3,51.0
2026-09-24,WP252026,12,2026-09-27 00:00:00,3 days 00:00:00,72,24.0,126.75,994.3,52.5
2026-09-24,WP252026,12,2026-09-27 06:00:00,3 days 06:00:00,78,24.38,127.0,991.5,56.6
2026-09-24,WP252026,12,2026-09-27 12:00:00,3 days 12:00:00,84,24.75,127.25,988.6,60.7
2026-09-24,WP252026,12,2026-09-27 18:00:00,3 days 18:00:00,90,25.25,127.87,989.8,59.1
2026-09-24,WP252026,12,2026-09-28 00:00:00,4 days 00:00:00,96,25.75,128.5,990.9,57.5
2026-09-24,WP252026,12,2026-09-28 06:00:00,4 days 06:00:00,102,26.25,129.5,994.0,52.9
2026-09-24,WP252026,12,2026-09-28 12:00:00,4 days 12:00:00,108,26.75,130.5,997.0,48.4
2026-09-24,WP252026,12,2026-09-28 18:00:00,4 days 18:00:00,114,27.0,131.62,998.5,46.1
2026-09-24,WP252026,12,2026-09-29 00:00:00,5 days 00:00:00,120,27.25,132.75,999.9,43.8
2026-09-24,WP252026,12,2026-09-29 06:00:00,5 days 06:00:00,126,27.5,133.87,1001.1,41.7
2026-09-24,WP252026,12,2026-09-29 12:00:00,5 days 12:00:00,132,27.75,135.0,1002.4,39.7
2026-09-24,WP252026,12,2026-09-29 18:00:00,5 days 18:00:00,138,28.13,135.75,1002.9,38.8
2026-09-24,WP252026,12,2026-09-30 00:00:00,6 days 00:00:00,144,28.5,136.5,1003.4,38.0
2026-09-24,EP152026,13,2026-09-24 00:00:00,0 days 00:00:00,0,14.5,-155.5,1000.6,42.7
2026-09-24,EP152026,13,2026-09-24 06:00:00,0 days 06:00:00,6,14.5,-155.63,997.5,47.5
2026-09-24,EP152026,13,2026-09-24 12:00:00,0 days 12:00:00,12,14.5,-155.75,994.4,52.4
2026-09-24,EP152026,13,2026-09-24 18:00:00,0 days 18:00:00,18,14.88,-155.75,991.2,57.0
2026-09-24,EP152026,13,2026-09-25 00:00:00,1 days 00:00:00,24,15.25,-155.75,988.0,61.5
2026-09-24,EP152026,13,2026-09-25 06:00:00,1 days 06:00:00,30,15.63,-155.5,986.4,63.7
2026-09-24,EP152026,13,2026-09-25 12:00:00,1 days 12:00:00,36,16.0,-155.25,984.9,65.8
2026-09-24,EP152026,13,2026-09-25 18:00:00,1 days 18:00:00,42,16.38,-155.0,985.9,64.4
2026-09-24,EP152026,13,2026-09-26 00:00:00,2 days 00:00:00,48,16.75,-154.75,986.9,63.1
2026-09-24,EP152026,13,2026-09-26 06:00:00,2 days 06:00:00,54,17.25,-154.87,988.2,61.2
2026-09-24,EP152026,13,2026-09-26 12:00:00,2 days 12:00:00,60,17.75,-155.0,989.6,59.3
2026-09-24,EP152026,13,2026-09-26 18:00:00,2 days 18:00:00,66,18.13,-155.25,989.4,59.6
2026-09-24,EP152026,13,2026-09-27 00:00:00,3 days 00:00:00,72,18.5,-155.5,989.2,59.8
2026-09-24,EP152026,13,2026-09-27 06:00:00,3 days 06:00:00,78,18.5,-156.5,992.4,55.2
2026-09-24,EP152026,13,2026-09-27 12:00:00,3 days 12:00:00,84,18.5,-157.5,995.5,50.7
2026-09-24,EP152026,13,2026-09-27 18:00:00,3 days 18:00:00,90,18.5,-158.25,995.7,50.4
2026-09-24,EP152026,13,2026-09-28 00:00:00,4 days 00:00:00,96,18.5,-159.0,995.9,50.1
2026-09-24,EP152026,13,2026-09-28 06:00:00,4 days 06:00:00,102,18.5,-160.25,996.9,48.6
2026-09-24,EP152026,13,2026-09-28 12:00:00,4 days 12:00:00,108,18.5,-161.5,997.8,47.1
2026-09-24,EP152026,13,2026-09-28 18:00:00,4 days 18:00:00,114,18.75,-162.37,1000.4,43.0
2026-09-24,EP152026,13,2026-09-29 00:00:00,5 days 00:00:00,120,19.0,-163.25,1002.9,38.8
2026-09-24,EP152026,13,2026-09-29 06:00:00,5 days 06:00:00,126,19.25,-163.87,1003.6,37.5
2026-09-24,EP152026,13,2026-09-29 12:00:00,5 days 12:00:00,132,19.5,-164.5,1004.3,36.3
2026-09-24,EP152026,13,2026-09-29 18:00:00,5 days 18:00:00,138,20.0,-164.87,1004.8,35.6
2026-09-24,EP152026,13,2026-09-30 00:00:00,6 days 00:00:00,144,20.5,-165.25,1005.2,34.8
2026-09-24,EP152026,13,2026-09-30 06:00:00,6 days 06:00:00,150,21.0,-165.87,1006.6,32.2
2026-09-24,EP152026,13,2026-09-30 12:00:00,6 days 12:00:00,156,21.5,-166.5,1008.0,29.6
2026-09-24,EP162026,13,2026-09-24 00:00:00,0 days 00:00:00,0,15.5,-126.75,971.6,82.7
2026-09-24,EP162026,13,2026-09-24 06:00:00,0 days 06:00:00,6,15.75,-126.25,976.2,77.0
2026-09-24,EP162026,13,2026-09-24 12:00:00,0 days 12:00:00,12,16.0,-125.75,980.7,71.3
2026-09-24,EP162026,13,2026-09-24 18:00:00,0 days 18:00:00,18,16.38,-124.88,981.8,69.9
2026-09-24,EP162026,13,2026-09-25 00:00:00,1 days 00:00:00,24,16.75,-124.0,982.9,68.4
2026-09-24,EP162026,13,2026-09-25 06:00:00,1 days 06:00:00,30,17.25,-123.75,978.6,73.9
2026-09-24,EP162026,13,2026-09-25 12:00:00,1 days 12:00:00,36,17.75,-123.5,974.3,79.4
2026-09-24,EP162026,13,2026-09-25 18:00:00,1 days 18:00:00,42,18.0,-123.5,978.6,73.9
2026-09-24,EP162026,13,2026-09-26 00:00:00,2 days 00:00:00,48,18.25,-123.5,982.9,68.4
2026-09-24,EP162026,13,2026-09-26 06:00:00,2 days 06:00:00,54,18.5,-123.62,985.3,65.2
2026-09-24,EP162026,13,2026-09-26 12:00:00,2 days 12:00:00,60,18.75,-123.75,987.7,62.0
2026-09-24,EP162026,13,2026-09-26 18:00:00,2 days 18:00:00,66,19.25,-123.87,990.8,57.6
2026-09-24,EP162026,13,2026-09-27 00:00:00,3 days 00:00:00,72,19.75,-124.0,993.9,53.1
2026-09-24,EP162026,13,2026-09-27 06:00:00,3 days 06:00:00,78,20.12,-124.0,995.9,50.0
2026-09-24,EP162026,13,2026-09-27 12:00:00,3 days 12:00:00,84,20.5,-124.0,998.0,46.9
2026-09-24,EP162026,13,2026-09-27 18:00:00,3 days 18:00:00,90,20.63,-123.63,999.2,44.8
2026-09-24,EP162026,13,2026-09-28 00:00:00,4 days 00:00:00,96,20.75,-123.25,1000.5,42.8
2026-09-24,EP162026,13,2026-09-28 06:00:00,4 days 06:00:00,102,23.57,-118.72,988.5,59.7
2026-09-24,EP162026,13,2026-09-28 12:00:00,4 days 12:00:00,108,26.25,-114.0,976.5,76.7
2026-09-24,EP162026,13,2026-09-28 18:00:00,4 days 18:00:00,114,27.63,-113.01,984.6,65.8
2026-09-24,EP162026,13,2026-09-29 00:00:00,5 days 00:00:00,120,29.0,-112.0,992.6,54.9
2026-09-24,EP172026,13,2026-09-24 00:00:00,0 days 00:00:00,0,15.75,-102.25,970.5,84.0
2026-09-24,EP172026,13,2026-09-24 06:00:00,0 days 06:00:00,6,16.13,-103.12,970.4,84.1
2026-09-24,EP172026,13,2026-09-24 12:00:00,0 days 12:00:00,12,16.5,-104.0,970.3,84.3
2026-09-24,EP172026,13,2026-09-24 18:00:00,0 days 18:00:00,18,16.88,-105.0,973.6,80.2
2026-09-24,EP172026,13,2026-09-25 00:00:00,1 days 00:00:00,24,17.25,-106.0,976.9,76.1
2026-09-24,EP172026,13,2026-09-25 06:00:00,1 days 06:00:00,30,17.25,-107.0,974.9,78.7
2026-09-24,EP172026,13,2026-09-25 12:00:00,1 days 12:00:00,36,17.25,-108.0,972.9,81.2
2026-09-24,EP172026,13,2026-09-25 18:00:00,1 days 18:00:00,42,17.5,-108.87,970.2,84.3
2026-09-24,EP172026,13,2026-09-26 00:00:00,2 days 00:00:00,48,17.75,-109.75,967.6,87.5
2026-09-24,EP172026,13,2026-09-26 06:00:00,2 days 06:00:00,54,18.0,-110.62,966.2,89.0
2026-09-24,EP172026,13,2026-09-26 12:00:00,2 days 12:00:00,60,18.25,-111.5,964.9,90.6
2026-09-24,EP172026,13,2026-09-26 18:00:00,2 days 18:00:00,66,18.88,-112.12,968.4,86.4
2026-09-24,EP172026,13,2026-09-27 00:00:00,3 days 00:00:00,72,19.5,-112.75,971.9,82.3
2026-09-24,EP172026,13,2026-09-27 06:00:00,3 days 06:00:00,78,20.5,-113.37,971.4,82.9
2026-09-24,EP172026,13,2026-09-27 12:00:00,3 days 12:00:00,84,21.5,-114.0,970.9,83.5
2026-09-24,EP172026,13,2026-09-27 18:00:00,3 days 18:00:00,90,22.75,-114.37,970.6,83.9
2026-09-24,EP172026,13,2026-09-28 00:00:00,4 days 00:00:00,96,24.0,-114.75,970.3,84.3
2026-09-24,EP172026,13,2026-09-28 06:00:00,4 days 06:00:00,102,25.13,-114.38,973.4,80.5
2026-09-24,EP172026,13,2026-09-28 12:00:00,4 days 12:00:00,108,26.25,-114.0,976.5,76.7
2026-09-24,IO012026,13,2026-09-24 00:00:00,0 days 00:00:00,0,18.5,84.0,986.5,63.6
2026-09-24,IO012026,13,2026-09-24 06:00:00,0 days 06:00:00,6,18.38,84.0,989.0,60.2
2026-09-24,IO012026,13,2026-09-24 12:00:00,0 days 12:00:00,12,18.25,84.0,991.4,56.7
2026-09-24,IO012026,13,2026-09-24 18:00:00,0 days 18:00:00,18,19.25,83.38,991.7,56.2
2026-09-24,IO012026,13,2026-09-25 00:00:00,1 days 00:00:00,24,20.25,82.75,992.1,55.8
2026-09-24,IO012026,13,2026-09-25 06:00:00,1 days 06:00:00,30,21.5,82.63,993.4,53.8
2026-09-24,IO012026,13,2026-09-25 12:00:00,1 days 12:00:00,36,22.75,82.5,994.7,51.9
2026-09-24,IO012026,13,2026-09-25 18:00:00,1 days 18:00:00,42,24.0,81.63,994.2,52.6
2026-09-24,IO012026,13,2026-09-26 00:00:00,2 days 00:00:00,48,25.25,80.75,993.7,53.4
2026-09-24,IO012026,13,2026-09-26 06:00:00,2 days 06:00:00,54,26.63,80.63,996.6,49.0
2026-09-24,IO012026,13,2026-09-26 12:00:00,2 days 12:00:00,60,28.0,80.5,999.4,44.6
2026-09-24,WP252026,13,2026-09-24 00:00:00,0 days 00:00:00,0,18.0,134.5,1003.5,37.8
2026-09-24,WP252026,13,2026-09-24 06:00:00,0 days 06:00:00,6,18.38,133.25,1003.3,38.1
2026-09-24,WP252026,13,2026-09-24 12:00:00,0 days 12:00:00,12,18.75,132.0,1003.2,38.4
2026-09-24,WP252026,13,2026-09-24 18:00:00,0 days 18:00:00,18,19.38,130.88,1001.8,40.6
2026-09-24,WP252026,13,2026-09-25 00:00:00,1 days 00:00:00,24,20.0,129.75,1000.5,42.7
2026-09-24,WP252026,13,2026-09-25 06:00:00,1 days 06:00:00,30,20.38,128.88,1001.1,41.8
2026-09-24,WP252026,13,2026-09-25 12:00:00,1 days 12:00:00,36,20.75,128.0,1001.7,40.8
2026-09-24,WP252026,13,2026-09-25 18:00:00,1 days 18:00:00,42,21.25,127.5,1000.2,43.2
2026-09-24,WP252026,13,2026-09-26 00:00:00,2 days 00:00:00,48,21.75,127.0,998.7,45.7
2026-09-24,WP252026,13,2026-09-26 06:00:00,2 days 06:00:00,54,22.25,126.88,996.0,49.8
2026-09-24,WP252026,13,2026-09-26 12:00:00,2 days 12:00:00,60,22.75,126.75,993.4,53.9
2026-09-24,WP252026,13,2026-09-26 18:00:00,2 days 18:00:00,66,23.38,127.12,986.2,63.7
2026-09-24,WP252026,13,2026-09-27 00:00:00,3 days 00:00:00,72,24.0,127.5,979.0,73.6
2026-09-24,WP252026,13,2026-09-27 06:00:00,3 days 06:00:00,78,24.38,127.62,982.2,69.3
2026-09-24,WP252026,13,2026-09-27 12:00:00,3 days 12:00:00,84,24.75,127.75,985.4,65.1
2026-09-24,WP252026,13,2026-09-27 18:00:00,3 days 18:00:00,90,25.25,128.25,985.7,64.7
2026-09-24,WP252026,13,2026-09-28 00:00:00,4 days 00:00:00,96,25.75,128.75,986.0,64.3
2026-09-24,WP252026,13,2026-09-28 06:00:00,4 days 06:00:00,102,26.0,129.62,987.8,61.8
2026-09-24,WP252026,13,2026-09-28 12:00:00,4 days 12:00:00,108,26.25,130.5,989.6,59.3
2026-09-24,WP252026,13,2026-09-28 18:00:00,4 days 18:00:00,114,26.25,130.75,990.6,57.9
2026-09-24,WP252026,13,2026-09-29 00:00:00,5 days 00:00:00,120,26.25,131.0,991.6,56.5
2026-09-24,WP252026,13,2026-09-29 06:00:00,5 days 06:00:00,126,26.0,131.25,993.9,53.0
2026-09-24,WP252026,13,2026-09-29 12:00:00,5 days 12:00:00,132,25.75,131.5,996.2,49.6
2026-09-24,WP252026,13,2026-09-29 18:00:00,5 days 18:00:00,138,25.75,131.5,998.2,46.5
2026-09-24,WP252026,13,2026-09-30 00:00:00,6 days 00:00:00,144,25.75,131.5,1000.1,43.4
2026-09-24,WP252026,13,2026-09-30 06:00:00,6 days 06:00:00,150,26.13,131.25,999.3,44.8
2026-09-24,WP252026,13,2026-09-30 12:00:00,6 days 12:00:00,156,26.5,131.0,998.4,46.1
2026-09-24,WP252026,13,2026-09-30 18:00:00,6 days 18:00:00,162,26.75,130.63,999.4,44.7
2026-09-24,WP252026,13,2026-10-01 00:00:00,7 days 00:00:00,168,27.0,130.25,1000.3,43.2
2026-09-24,WP252026,13,2026-10-01 06:00:00,7 days 06:00:00,174,27.0,130.38,1000.4,43.0
2026-09-24,WP252026,13,2026-10-01 12:00:00,7 days 12:00:00,180,27.0,130.5,1000.5,42.8
2026-09-24,WP252026,13,2026-10-01 18:00:00,7 days 18:00:00,186,23.71,135.63,995.2,50.8
2026-09-24,WP252026,13,2026-10-02 00:00:00,8 days 00:00:00,192,20.25,140.5,989.9,58.8
2026-09-24,WP252026,13,2026-10-02 06:00:00,8 days 06:00:00,198,20.38,139.75,986.6,63.3
2026-09-24,WP252026,13,2026-10-02 12:00:00,8 days 12:00:00,204,20.5,139.0,983.3,67.9
2026-09-24,WP252026,13,2026-10-02 18:00:00,8 days 18:00:00,210,21.25,138.5,980.1,72.0
2026-09-24,WP252026,13,2026-10-03 00:00:00,9 days 00:00:00,216,22.0,138.0,976.8,76.2
2026-09-24,WP252026,13,2026-10-03 06:00:00,9 days 06:00:00,222,22.25,137.75,973.4,80.4
2026-09-24,WP252026,13,2026-10-03 12:00:00,9 days 12:00:00,228,22.5,137.5,970.1,84.5
2026-09-24,WP252026,13,2026-10-03 18:00:00,9 days 18:00:00,234,23.0,137.25,965.8,89.5
2026-09-24,WP252026,13,2026-10-04 00:00:00,10 days 00:00:00,240,23.5,137.0,961.6,94.4
2026-09-24,WP252026,13,2026-10-04 06:00:00,10 days 06:00:00,246,24.0,137.12,959.7,96.5
2026-09-24,WP252026,13,2026-10-04 12:00:00,10 days 12:00:00,252,24.5,137.25,957.8,98.6
2026-09-24,WP252026,13,2026-10-04 18:00:00,10 days 18:00:00,258,25.25,137.75,957.9,98.5
2026-09-24,WP252026,13,2026-10-05 00:00:00,11 days 00:00:00,264,26.0,138.25,958.0,98.4
2026-09-24,WP252026,13,2026-10-05 06:00:00,11 days 06:00:00,270,27.0,138.87,956.2,100.5
2026-09-24,WP252026,13,2026-10-05 12:00:00,11 days 12:00:00,276,28.0,139.5,954.3,102.5
2026-09-24,WP252026,13,2026-10-05 18:00:00,11 days 18:00:00,282,29.25,140.12,958.9,97.4
2026-09-24,WP252026,13,2026-10-06 00:00:00,12 days 00:00:00,288,30.5,140.75,963.5,92.2
2026-09-24,WP252026,13,2026-10-06 06:00:00,12 days 06:00:00,294,31.51,141.99,969.5,85.0
2026-09-24,WP252026,13,2026-10-06 12:00:00,12 days 12:00:00,300,32.5,143.25,975.6,77.8
2026-09-24,WP252026,13,2026-10-06 18:00:00,12 days 18:00:00,306,35.02,145.31,976.7,76.4
2026-09-24,WP252026,13,2026-10-07 00:00:00,13 days 00:00:00,312,37.5,147.5,977.8,75.1
2026-09-24,WP252026,13,2026-10-07 06:00:00,13 days 06:00:00,318,41.02,149.51,979.3,73.1
2026-09-24,WP252026,13,2026-10-07 12:00:00,13 days 12:00:00,324,44.5,151.75,980.8,71.2
2026-09-24,WP252026,13,2026-10-07 18:00:00,13 days 18:00:00,330,46.12,153.69,978.8,73.7
2026-09-24,WP252026,13,2026-10-08 00:00:00,14 days 00:00:00,336,47.7,155.75,976.8,76.2
2026-09-24,WP252026,13,2026-10-08 06:00:00,14 days 06:00:00,342,49.25,157.93,974.8,78.7
2026-09-24,WP252026,13,2026-10-08 12:00:00,14 days 12:00:00,348,50.75,160.25,972.9,81.1
2026-09-24,EP152026,14,2026-09-24 00:00:00,0 days 00:00:00,0,14.5,-155.5,1000.6,42.7
2026-09-24,EP152026,14,2026-09-24 06:00:00,0 days 06:00:00,6,14.5,-155.75,998.8,45.5
2026-09-24,EP152026,14,2026-09-24 12:00:00,0 days 12:00:00,12,14.5,-156.0,997.0,48.4
2026-09-24,EP152026,14,2026-09-24 18:00:00,0 days 18:00:00,18,14.88,-156.12,995.4,50.7
2026-09-24,EP152026,14,2026-09-25 00:00:00,1 days 00:00:00,24,15.25,-156.25,993.9,53.1
2026-09-24,EP152026,14,2026-09-25 06:00:00,1 days 06:00:00,30,15.63,-155.88,992.3,55.4
2026-09-24,EP152026,14,2026-09-25 12:00:00,1 days 12:00:00,36,16.0,-155.5,990.7,57.8
2026-09-24,EP152026,14,2026-09-25 18:00:00,1 days 18:00:00,42,16.5,-155.38,987.8,61.8
2026-09-24,EP152026,14,2026-09-26 00:00:00,2 days 00:00:00,48,17.0,-155.25,984.9,65.8
2026-09-24,EP152026,14,2026-09-26 06:00:00,2 days 06:00:00,54,17.5,-155.5,983.4,67.7
2026-09-24,EP152026,14,2026-09-26 12:00:00,2 days 12:00:00,60,18.0,-155.75,981.9,69.7
2026-09-24,EP152026,14,2026-09-26 18:00:00,2 days 18:00:00,66,18.25,-156.12,987.2,62.4
2026-09-24,EP152026,14,2026-09-27 00:00:00,3 days 00:00:00,72,18.5,-156.5,992.5,55.2
2026-09-24,EP152026,14,2026-09-27 06:00:00,3 days 06:00:00,78,18.88,-157.37,993.5,53.7
2026-09-24,EP152026,14,2026-09-27 12:00:00,3 days 12:00:00,84,19.25,-158.25,994.5,52.2
2026-09-24,EP152026,14,2026-09-27 18:00:00,3 days 18:00:00,90,19.25,-159.5,995.6,50.5
2026-09-24,EP152026,14,2026-09-28 00:00:00,4 days 00:00:00,96,19.25,-160.75,996.7,48.8
2026-09-24,EP152026,14,2026-09-28 06:00:00,4 days 06:00:00,102,19.63,-162.12,997.4,47.8
2026-09-24,EP152026,14,2026-09-28 12:00:00,4 days 12:00:00,108,20.0,-163.5,998.0,46.8
2026-09-24,EP152026,14,2026-09-28 18:00:00,4 days 18:00:00,114,21.0,-164.12,996.5,49.2
2026-09-24,EP152026,14,2026-09-29 00:00:00,5 days 00:00:00,120,22.0,-164.75,995.0,51.5
2026-09-24,EP152026,14,2026-09-29 06:00:00,5 days 06:00:00,126,22.88,-165.5,996.4,49.3
2026-09-24,EP152026,14,2026-09-29 12:00:00,5 days 12:00:00,132,23.75,-166.25,997.9,47.0
2026-09-24,EP152026,14,2026-09-29 18:00:00,5 days 18:00:00,138,24.75,-166.13,998.0,46.8
2026-09-24,EP152026,14,2026-09-30 00:00:00,6 days 00:00:00,144,25.75,-166.0,998.2,46.6
2026-09-24,EP152026,14,2026-09-30 06:00:00,6 days 06:00:00,150,26.88,-166.5,995.3,50.9
2026-09-24,EP152026,14,2026-09-30 12:00:00,6 days 12:00:00,156,28.0,-167.0,992.5,55.2
2026-09-24,EP152026,14,2026-09-30 18:00:00,6 days 18:00:00,162,28.88,-168.49,989.8,59.0
2026-09-24,EP152026,14,2026-10-01 00:00:00,7 days 00:00:00,168,29.75,-170.0,987.2,62.7
2026-09-24,EP152026,14,2026-10-01 06:00:00,7 days 06:00:00,174,29.75,-170.0,987.0,62.9
2026-09-24,EP152026,14,2026-10-01 12:00:00,7 days 12:00:00,180,29.75,-170.0,986.8,63.2
2026-09-24,EP152026,14,2026-10-01 18:00:00,7 days 18:00:00,186,30.25,-168.88,984.7,66.1
2026-09-24,EP152026,14,2026-10-02 00:00:00,8 days 00:00:00,192,30.75,-167.75,982.5,69.0
2026-09-24,EP152026,14,2026-10-02 06:00:00,8 days 06:00:00,198,31.26,-166.13,976.7,76.3
2026-09-24,EP152026,14,2026-10-02 12:00:00,8 days 12:00:00,204,31.75,-164.5,970.9,83.6
2026-09-24,EP152026,14,2026-10-02 18:00:00,8 days 18:00:00,210,32.64,-162.4,971.1,83.3
2026-09-24,EP152026,14,2026-10-03 00:00:00,9 days 00:00:00,216,33.5,-160.25,971.3,83.1
2026-09-24,EP152026,14,2026-10-03 06:00:00,9 days 06:00:00,222,35.02,-158.29,974.3,79.3
2026-09-24,EP152026,14,2026-10-03 12:00:00,9 days 12:00:00,228,36.5,-156.25,977.3,75.6
2026-09-24,EP152026,14,2026-10-03 18:00:00,9 days 18:00:00,234,38.9,-153.83,980.3,71.8
2026-09-24,EP152026,14,2026-10-04 00:00:00,10 days 00:00:00,240,41.25,-151.25,983.3,67.9
2026-09-24,EP152026,14,2026-10-04 06:00:00,10 days 06:00:00,246,44.64,-149.37,983.0,68.3
2026-09-24,EP152026,14,2026-10-04 12:00:00,10 days 12:00:00,252,48.0,-147.25,982.8,68.6
2026-09-24,EP162026,14,2026-09-24 00:00:00,0 days 00:00:00,0,15.5,-126.75,971.6,82.7
2026-09-24,EP162026,14,2026-09-24 06:00:00,0 days 06:00:00,6,15.88,-126.13,975.9,77.3
2026-09-24,EP162026,14,2026-09-24 12:00:00,0 days 12:00:00,12,16.25,-125.5,980.2,72.0
2026-09-24,EP162026,14,2026-09-24 18:00:00,0 days 18:00:00,18,16.63,-125.0,981.0,70.9
2026-09-24,EP162026,14,2026-09-25 00:00:00,1 days 00:00:00,24,17.0,-124.5,981.9,69.8
2026-09-24,EP162026,14,2026-09-25 06:00:00,1 days 06:00:00,30,17.38,-124.25,981.1,70.8
2026-09-24,EP162026,14,2026-09-25 12:00:00,1 days 12:00:00,36,17.75,-124.0,980.3,71.8
2026-09-24,EP162026,14,2026-09-25 18:00:00,1 days 18:00:00,42,18.12,-124.0,978.6,74.0
2026-09-24,EP162026,14,2026-09-26 00:00:00,2 days 00:00:00,48,18.5,-124.0,976.8,76.2
2026-09-24,EP162026,14,2026-09-26 06:00:00,2 days 06:00:00,54,18.88,-123.88,978.5,74.1
2026-09-24,EP162026,14,2026-09-26 12:00:00,2 days 12:00:00,60,19.25,-123.75,980.2,71.9
2026-09-24,EP162026,14,2026-09-26 18:00:00,2 days 18:00:00,66,19.88,-123.63,985.8,64.4
2026-09-24,EP162026,14,2026-09-27 00:00:00,3 days 00:00:00,72,20.5,-123.5,991.3,56.8
2026-09-24,EP162026,14,2026-09-27 06:00:00,3 days 06:00:00,78,21.38,-123.13,993.1,54.3
2026-09-24,EP162026,14,2026-09-27 12:00:00,3 days 12:00:00,84,22.25,-122.75,994.8,51.8
2026-09-24,EP162026,14,2026-09-27 18:00:00,3 days 18:00:00,90,22.25,-122.0,996.2,49.6
2026-09-24,EP162026,14,2026-09-28 00:00:00,4 days 00:00:00,96,22.25,-121.25,997.6,47.5
2026-09-24,EP162026,14,2026-09-28 06:00:00,4 days 06:00:00,102,25.92,-117.74,992.4,55.1
2026-09-24,EP162026,14,2026-09-28 12:00:00,4 days 12:00:00,108,29.5,-114.0,987.2,62.6
2026-09-24,EP162026,14,2026-09-28 18:00:00,4 days 18:00:00,114,25.89,-116.19,995.9,49.2
2026-09-24,EP162026,14,2026-09-29 00:00:00,5 days 00:00:00,120,22.25,-118.25,1004.6,35.8
2026-09-24,EP172026,14,2026-09-24 00:00:00,0 days 00:00:00,0,15.75,-102.25,970.5,84.0
2026-09-24,EP172026,14,2026-09-24 06:00:00,0 days 06:00:00,6,16.13,-103.12,972.9,81.0
2026-09-24,EP172026,14,2026-09-24 12:00:00,0 days 12:00:00,12,16.5,-104.0,975.3,78.1
2026-09-24,EP172026,14,2026-09-24 18:00:00,0 days 18:00:00,18,16.63,-105.0,976.2,77.0
2026-09-24,EP172026,14,2026-09-25 00:00:00,1 days 00:00:00,24,16.75,-106.0,977.0,76.0
2026-09-24,EP172026,14,2026-09-25 06:00:00,1 days 06:00:00,30,16.88,-107.0,974.0,79.7
2026-09-24,EP172026,14,2026-09-25 12:00:00,1 days 12:00:00,36,17.0,-108.0,970.9,83.5
2026-09-24,EP172026,14,2026-09-25 18:00:00,1 days 18:00:00,42,17.13,-109.0,970.5,84.0
2026-09-24,EP172026,14,2026-09-26 00:00:00,2 days 00:00:00,48,17.25,-110.0,970.1,84.4
2026-09-24,EP172026,14,2026-09-26 06:00:00,2 days 06:00:00,54,17.75,-110.87,969.1,85.7
2026-09-24,EP172026,14,2026-09-26 12:00:00,2 days 12:00:00,60,18.25,-111.75,968.1,86.9
2026-09-24,EP172026,14,2026-09-26 18:00:00,2 days 18:00:00,66,19.13,-112.62,968.7,86.2
2026-09-24,EP172026,14,2026-09-27 00:00:00,3 days 00:00:00,72,20.0,-113.5,969.3,85.4
2026-09-24,EP172026,14,2026-09-27 06:00:00,3 days 06:00:00,78,21.38,-113.75,971.2,83.1
2026-09-24,EP172026,14,2026-09-27 12:00:00,3 days 12:00:00,84,22.75,-114.0,973.1,80.8
2026-09-24,EP172026,14,2026-09-27 18:00:00,3 days 18:00:00,90,24.5,-114.37,975.3,78.2
2026-09-24,EP172026,14,2026-09-28 00:00:00,4 days 00:00:00,96,26.25,-114.75,977.4,75.5
2026-09-24,EP172026,14,2026-09-28 06:00:00,4 days 06:00:00,102,27.88,-114.38,982.3,69.1
2026-09-24,EP172026,14,2026-09-28 12:00:00,4 days 12:00:00,108,29.5,-114.0,987.2,62.6
2026-09-24,IO012026,14,2026-09-24 00:00:00,0 days 00:00:00,0,18.5,84.0,986.5,63.6
2026-09-24,IO012026,14,2026-09-24 06:00:00,0 days 06:00:00,6,18.38,84.0,989.3,59.7
2026-09-24,IO012026,14,2026-09-24 12:00:00,0 days 12:00:00,12,18.25,84.0,992.1,55.7
2026-09-24,IO012026,14,2026-09-24 18:00:00,0 days 18:00:00,18,19.0,83.38,992.2,55.6
2026-09-24,IO012026,14,2026-09-25 00:00:00,1 days 00:00:00,24,19.75,82.75,992.3,55.5
2026-09-24,IO012026,14,2026-09-25 06:00:00,1 days 06:00:00,30,20.63,82.13,992.8,54.7
2026-09-24,IO012026,14,2026-09-25 12:00:00,1 days 12:00:00,36,21.5,81.5,993.3,53.9
2026-09-24,IO012026,14,2026-09-25 18:00:00,1 days 18:00:00,42,22.38,81.5,994.4,52.3
2026-09-24,IO012026,14,2026-09-26 00:00:00,2 days 00:00:00,48,23.25,81.5,995.5,50.8
2026-09-24,IO012026,14,2026-09-26 06:00:00,2 days 06:00:00,54,24.75,81.13,995.6,50.6
2026-09-24,IO012026,14,2026-09-26 12:00:00,2 days 12:00:00,60,26.25,80.75,995.7,50.4
2026-09-24,IO012026,14,2026-09-26 18:00:00,2 days 18:00:00,66,26.63,80.75,996.7,48.9
2026-09-24,IO012026,14,2026-09-27 00:00:00,3 days 00:00:00,72,27.0,80.75,997.7,47.4
2026-09-24,WP252026,14,2026-09-24 00:00:00,0 days 00:00:00,0,18.0,134.5,1003.5,37.8
2026-09-24,WP252026,14,2026-09-24 06:00:00,0 days 06:00:00,6,18.38,133.38,1002.4,39.6
2026-09-24,WP252026,14,2026-09-24 12:00:00,0 days 12:00:00,12,18.75,132.25,1001.4,41.3
2026-09-24,WP252026,14,2026-09-24 18:00:00,0 days 18:00:00,18,19.25,131.0,999.8,44.0
2026-09-24,WP252026,14,2026-09-25 00:00:00,1 days 00:00:00,24,19.75,129.75,998.1,46.6
2026-09-24,WP252026,14,2026-09-25 06:00:00,1 days 06:00:00,30,20.75,128.88,995.9,50.1
2026-09-24,WP252026,14,2026-09-25 12:00:00,1 days 12:00:00,36,21.75,128.0,993.6,53.5
2026-09-24,WP252026,14,2026-09-25 18:00:00,1 days 18:00:00,42,22.38,127.25,992.1,55.7
2026-09-24,WP252026,14,2026-09-26 00:00:00,2 days 00:00:00,48,23.0,126.5,990.6,57.9
2026-09-24,WP252026,14,2026-09-26 06:00:00,2 days 06:00:00,54,23.38,126.75,988.1,61.4
2026-09-24,WP252026,14,2026-09-26 12:00:00,2 days 12:00:00,60,23.75,127.0,985.5,64.9
2026-09-24,WP252026,14,2026-09-26 18:00:00,2 days 18:00:00,66,24.38,127.25,983.4,67.7
2026-09-24,WP252026,14,2026-09-27 00:00:00,3 days 00:00:00,72,25.0,127.5,981.3,70.6
2026-09-24,WP252026,14,2026-09-27 06:00:00,3 days 06:00:00,78,25.5,128.37,981.4,70.4
2026-09-24,WP252026,14,2026-09-27 12:00:00,3 days 12:00:00,84,26.0,129.25,981.6,70.2
2026-09-24,WP252026,14,2026-09-27 18:00:00,3 days 18:00:00,90,26.38,130.12,983.4,67.7
2026-09-24,WP252026,14,2026-09-28 00:00:00,4 days 00:00:00,96,26.75,131.0,985.3,65.3
2026-09-24,WP252026,14,2026-09-28 06:00:00,4 days 06:00:00,102,27.0,131.87,988.4,61.0
2026-09-24,WP252026,14,2026-09-28 12:00:00,4 days 12:00:00,108,27.25,132.75,991.5,56.6
2026-09-24,WP252026,14,2026-09-28 18:00:00,4 days 18:00:00,114,27.13,133.63,990.7,57.7
2026-09-24,WP252026,14,2026-09-29 00:00:00,5 days 00:00:00,120,27.0,134.5,990.0,58.8
2026-09-24,WP252026,14,2026-09-29 06:00:00,5 days 06:00:00,126,27.5,135.0,994.5,52.0
2026-09-24,WP252026,14,2026-09-29 12:00:00,5 days 12:00:00,132,28.0,135.5,999.0,45.2
2026-09-24,WP252026,14,2026-09-29 18:00:00,5 days 18:00:00,138,28.5,135.62,1001.2,41.5
2026-09-24,WP252026,14,2026-09-30 00:00:00,6 days 00:00:00,144,29.0,135.75,1003.4,37.9
2026-09-24,WP252026,14,2026-09-30 06:00:00,6 days 06:00:00,150,29.63,136.5,1004.3,36.3
2026-09-24,WP252026,14,2026-09-30 12:00:00,6 days 12:00:00,156,30.25,137.25,1005.2,34.7
2026-09-24,WP252026,14,2026-09-30 18:00:00,6 days 18:00:00,162,31.51,138.48,1004.6,35.8
2026-09-24,WP252026,14,2026-10-01 00:00:00,7 days 00:00:00,168,32.75,139.75,1004.0,36.9
2026-09-24,EP152026,15,2026-09-24 00:00:00,0 days 00:00:00,0,14.5,-155.5,1000.6,42.7
2026-09-24,EP152026,15,2026-09-24 06:00:00,0 days 06:00:00,6,14.63,-155.75,998.1,46.6
2026-09-24,EP152026,15,2026-09-24 12:00:00,0 days 12:00:00,12,14.75,-156.0,995.6,50.5
2026-09-24,EP152026,15,2026-09-24 18:00:00,0 days 18:00:00,18,14.88,-155.75,991.9,55.9
2026-09-24,EP152026,15,2026-09-25 00:00:00,1 days 00:00:00,24,15.0,-155.5,988.2,61.3
2026-09-24,EP152026,15,2026-09-25 06:00:00,1 days 06:00:00,30,15.5,-155.5,989.5,59.5
2026-09-24,EP152026,15,2026-09-25 12:00:00,1 days 12:00:00,36,16.0,-155.5,990.8,57.7
2026-09-24,EP152026,15,2026-09-25 18:00:00,1 days 18:00:00,42,16.5,-155.38,987.6,62.0
2026-09-24,EP152026,15,2026-09-26 00:00:00,2 days 00:00:00,48,17.0,-155.25,984.4,66.4
2026-09-24,EP152026,15,2026-09-26 06:00:00,2 days 06:00:00,54,17.5,-155.37,987.2,62.7
2026-09-24,EP152026,15,2026-09-26 12:00:00,2 days 12:00:00,60,18.0,-155.5,989.9,58.9
2026-09-24,EP152026,15,2026-09-26 18:00:00,2 days 18:00:00,66,18.25,-155.87,990.2,58.4
2026-09-24,EP152026,15,2026-09-27 00:00:00,3 days 00:00:00,72,18.5,-156.25,990.5,58.0
2026-09-24,EP152026,15,2026-09-27 06:00:00,3 days 06:00:00,78,18.63,-157.0,990.6,57.8
2026-09-24,EP152026,15,2026-09-27 12:00:00,3 days 12:00:00,84,18.75,-157.75,990.8,57.7
2026-09-24,EP152026,15,2026-09-27 18:00:00,3 days 18:00:00,90,18.5,-159.0,992.3,55.4
2026-09-24,EP152026,15,2026-09-28 00:00:00,4 days 00:00:00,96,18.25,-160.25,993.8,53.2
2026-09-24,EP152026,15,2026-09-28 06:00:00,4 days 06:00:00,102,18.25,-161.25,994.1,52.8
2026-09-24,EP152026,15,2026-09-28 12:00:00,4 days 12:00:00,108,18.25,-162.25,994.3,52.5
2026-09-24,EP152026,15,2026-09-28 18:00:00,4 days 18:00:00,114,18.88,-163.25,997.3,47.8
2026-09-24,EP152026,15,2026-09-29 00:00:00,5 days 00:00:00,120,19.5,-164.25,1000.3,43.1
2026-09-24,EP152026,15,2026-09-29 06:00:00,5 days 06:00:00,126,20.13,-164.81,1001.2,41.7
2026-09-24,EP152026,15,2026-09-29 12:00:00,5 days 12:00:00,132,20.75,-165.37,1002.0,40.3
2026-09-24,EP152026,15,2026-09-29 18:00:00,5 days 18:00:00,138,21.38,-165.93,1002.9,38.8
2026-09-24,EP152026,15,2026-09-30 00:00:00,6 days 00:00:00,144,22.0,-166.5,1003.7,37.4
2026-09-24,EP152026,15,2026-09-30 06:00:00,6 days 06:00:00,150,22.81,-166.44,1002.0,40.2
2026-09-24,EP152026,15,2026-09-30 12:00:00,6 days 12:00:00,156,23.63,-166.38,1000.3,42.9
2026-09-24,EP152026,15,2026-09-30 18:00:00,6 days 18:00:00,162,24.44,-166.31,998.7,45.7
2026-09-24,EP152026,15,2026-10-01 00:00:00,7 days 00:00:00,168,25.25,-166.25,997.0,48.4
2026-09-24,EP152026,15,2026-10-01 06:00:00,7 days 06:00:00,174,27.0,-166.99,992.3,55.2
2026-09-24,EP152026,15,2026-10-01 12:00:00,7 days 12:00:00,180,28.75,-167.75,987.7,61.9
2026-09-24,EP152026,15,2026-10-01 18:00:00,7 days 18:00:00,186,29.0,-168.37,989.5,59.5
2026-09-24,EP152026,15,2026-10-02 00:00:00,8 days 00:00:00,192,29.25,-169.0,991.2,57.0
2026-09-24,EP152026,15,2026-10-02 06:00:00,8 days 06:00:00,198,29.25,-168.38,992.1,55.7
2026-09-24,EP152026,15,2026-10-02 12:00:00,8 days 12:00:00,204,29.25,-167.75,992.9,54.5
2026-09-24,EP152026,15,2026-10-02 18:00:00,8 days 18:00:00,210,29.0,-167.0,994.5,52.2
2026-09-24,EP152026,15,2026-10-03 00:00:00,9 days 00:00:00,216,28.75,-166.25,996.0,49.9
2026-09-24,EP152026,15,2026-10-03 06:00:00,9 days 06:00:00,222,28.63,-166.25,996.8,48.6
2026-09-24,EP152026,15,2026-10-03 12:00:00,9 days 12:00:00,228,28.5,-166.25,997.6,47.4
2026-09-24,EP152026,15,2026-10-03 18:00:00,9 days 18:00:00,234,28.13,-167.0,1000.2,43.2
2026-09-24,EP152026,15,2026-10-04 00:00:00,10 days 00:00:00,240,27.75,-167.75,1002.8,38.9
2026-09-24,EP162026,15,2026-09-24 00:00:00,0 days 00:00:00,0,15.5,-126.75,971.6,82.7
2026-09-24,EP162026,15,2026-09-24 06:00:00,0 days 06:00:00,6,15.88,-126.13,975.6,77.7
2026-09-24,EP162026,15,2026-09-24 12:00:00,0 days 12:00:00,12,16.25,-125.5,979.6,72.7
2026-09-24,EP162026,15,2026-09-24 18:00:00,0 days 18:00:00,18,16.63,-125.0,979.4,73.0
2026-09-24,EP162026,15,2026-09-25 00:00:00,1 days 00:00:00,24,17.0,-124.5,979.1,73.4
2026-09-24,EP162026,15,2026-09-25 06:00:00,1 days 06:00:00,30,17.38,-123.88,982.0,69.6
2026-09-24,EP162026,15,2026-09-25 12:00:00,1 days 12:00:00,36,17.75,-123.25,984.8,65.8
2026-09-24,EP162026,15,2026-09-25 18:00:00,1 days 18:00:00,42,18.0,-123.0,986.6,63.4
2026-09-24,EP162026,15,2026-09-26 00:00:00,2 days 00:00:00,48,18.25,-122.75,988.4,61.0
2026-09-24,EP162026,15,2026-09-26 06:00:00,2 days 06:00:00,54,18.75,-122.87,990.6,57.9
2026-09-24,EP162026,15,2026-09-26 12:00:00,2 days 12:00:00,60,19.25,-123.0,992.8,54.7
2026-09-24,EP162026,15,2026-09-26 18:00:00,2 days 18:00:00,66,19.38,-123.0,993.2,54.1
2026-09-24,EP162026,15,2026-09-27 00:00:00,3 days 00:00:00,72,19.5,-123.0,993.6,53.6
2026-09-24,EP162026,15,2026-09-27 06:00:00,3 days 06:00:00,78,21.06,-118.42,983.2,67.4
2026-09-24,EP162026,15,2026-09-27 12:00:00,3 days 12:00:00,84,22.5,-113.75,972.9,81.2
2026-09-24,EP162026,15,2026-09-27 18:00:00,3 days 18:00:00,90,23.75,-114.12,970.7,83.7
2026-09-24,EP162026,15,2026-09-28 00:00:00,4 days 00:00:00,96,25.0,-114.5,968.6,86.3
2026-09-24,EP162026,15,2026-09-28 06:00:00,4 days 06:00:00,102,26.25,-114.13,975.0,78.3
2026-09-24,EP162026,15,2026-09-28 12:00:00,4 days 12:00:00,108,27.5,-113.75,981.5,70.2
2026-09-24,EP162026,15,2026-09-28 18:00:00,4 days 18:00:00,114,28.75,-112.64,989.7,58.6
2026-09-24,EP162026,15,2026-09-29 00:00:00,5 days 00:00:00,120,30.0,-111.5,998.0,46.9
2026-09-24,EP172026,15,2026-09-24 00:00:00,0 days 00:00:00,0,15.75,-102.25,970.5,84.0
2026-09-24,EP172026,15,2026-09-24 06:00:00,0 days 06:00:00,6,16.13,-103.12,974.2,79.5
2026-09-24,EP172026,15,2026-09-24 12:00:00,0 days 12:00:00,12,16.5,-104.0,977.8,75.0
2026-09-24,EP172026,15,2026-09-24 18:00:00,0 days 18:00:00,18,16.88,-105.12,978.0,74.7
2026-09-24,EP172026,15,2026-09-25 00:00:00,1 days 00:00:00,24,17.25,-106.25,978.3,74.4
2026-09-24,EP172026,15,2026-09-25 06:00:00,1 days 06:00:00,30,17.25,-107.13,975.7,77.6
2026-09-24,EP172026,15,2026-09-25 12:00:00,1 days 12:00:00,36,17.25,-108.0,973.1,80.8
2026-09-24,EP172026,15,2026-09-25 18:00:00,1 days 18:00:00,42,17.5,-108.87,973.3,80.7
2026-09-24,EP172026,15,2026-09-26 00:00:00,2 days 00:00:00,48,17.75,-109.75,973.4,80.6
2026-09-24,EP172026,15,2026-09-26 06:00:00,2 days 06:00:00,54,18.13,-110.37,972.3,81.9
2026-09-24,EP172026,15,2026-09-26 12:00:00,2 days 12:00:00,60,18.5,-111.0,971.2,83.2
2026-09-24,EP172026,15,2026-09-26 18:00:00,2 days 18:00:00,66,19.5,-111.87,969.6,85.1
2026-09-24,EP172026,15,2026-09-27 00:00:00,3 days 00:00:00,72,20.5,-112.75,967.9,87.1
2026-09-24,EP172026,15,2026-09-27 06:00:00,3 days 06:00:00,78,21.5,-113.25,970.4,84.1
2026-09-24,EP172026,15,2026-09-27 12:00:00,3 days 12:00:00,84,22.5,-113.75,972.9,81.2
2026-09-24,IO012026,15,2026-09-24 00:00:00,0 days 00:00:00,0,18.5,84.0,986.5,63.6
2026-09-24,IO012026,15,2026-09-24 06:00:00,0 days 06:00:00,6,18.38,84.0,988.8,60.4
2026-09-24,IO012026,15,2026-09-24 12:00:00,0 days 12:00:00,12,18.25,84.0,991.1,57.1
2026-09-24,IO012026,15,2026-09-24 18:00:00,0 days 18:00:00,18,19.25,83.38,991.8,56.2
2026-09-24,IO012026,15,2026-09-25 00:00:00,1 days 00:00:00,24,20.25,82.75,992.4,55.3
2026-09-24,IO012026,15,2026-09-25 06:00:00,1 days 06:00:00,30,21.25,82.38,993.1,54.2
2026-09-24,IO012026,15,2026-09-25 12:00:00,1 days 12:00:00,36,22.25,82.0,993.9,53.0
2026-09-24,IO012026,15,2026-09-25 18:00:00,1 days 18:00:00,42,22.75,81.88,995.1,51.2
2026-09-24,IO012026,15,2026-09-26 00:00:00,2 days 00:00:00,48,23.25,81.75,996.3,49.4
2026-09-24,IO012026,15,2026-09-26 06:00:00,2 days 06:00:00,54,24.63,81.26,996.0,49.9
2026-09-24,IO012026,15,2026-09-26 12:00:00,2 days 12:00:00,60,26.0,80.75,995.7,50.5
2026-09-24,IO012026,15,2026-09-26 18:00:00,2 days 18:00:00,66,27.13,80.13,997.7,47.3
2026-09-24,IO012026,15,2026-09-27 00:00:00,3 days 00:00:00,72,28.25,79.5,999.7,44.1
2026-09-24,WP252026,15,2026-09-24 00:00:00,0 days 00:00:00,0,18.0,134.5,1003.5,37.8
2026-09-24,WP252026,15,2026-09-24 06:00:00,0 days 06:00:00,6,18.38,133.5,1003.4,38.0
2026-09-24,WP252026,15,2026-09-24 12:00:00,0 days 12:00:00,12,18.75,132.5,1003.2,38.2
2026-09-24,WP252026,15,2026-09-24 18:00:00,0 days 18:00:00,18,19.38,131.13,1000.9,42.1
2026-09-24,WP252026,15,2026-09-25 00:00:00,1 days 00:00:00,24,20.0,129.75,998.6,45.9
2026-09-24,WP252026,15,2026-09-25 06:00:00,1 days 06:00:00,30,20.38,129.0,996.5,49.1
2026-09-24,WP252026,15,2026-09-25 12:00:00,1 days 12:00:00,36,20.75,128.25,994.4,52.3
2026-09-24,WP252026,15,2026-09-25 18:00:00,1 days 18:00:00,42,21.38,127.88,991.0,57.2
2026-09-24,WP252026,15,2026-09-26 00:00:00,2 days 00:00:00,48,22.0,127.5,987.7,62.0
2026-09-24,WP252026,15,2026-09-26 06:00:00,2 days 06:00:00,54,22.5,127.62,987.4,62.4
2026-09-24,WP252026,15,2026-09-26 12:00:00,2 days 12:00:00,60,23.0,127.75,987.1,62.8
2026-09-24,WP252026,15,2026-09-26 18:00:00,2 days 18:00:00,66,23.5,127.75,985.5,65.0
2026-09-24,WP252026,15,2026-09-27 00:00:00,3 days 00:00:00,72,24.0,127.75,983.8,67.2
2026-09-24,WP252026,15,2026-09-27 06:00:00,3 days 06:00:00,78,24.63,128.25,985.0,65.7
2026-09-24,WP252026,15,2026-09-27 12:00:00,3 days 12:00:00,84,25.25,128.75,986.1,64.1
2026-09-24,WP252026,15,2026-09-27 18:00:00,3 days 18:00:00,90,25.5,129.25,983.4,67.7
2026-09-24,WP252026,15,2026-09-28 00:00:00,4 days 00:00:00,96,25.75,129.75,980.8,71.2
2026-09-24,WP252026,15,2026-09-28 06:00:00,4 days 06:00:00,102,25.75,130.12,984.4,66.3
2026-09-24,WP252026,15,2026-09-28 12:00:00,4 days 12:00:00,108,25.75,130.5,988.1,61.4
2026-09-24,WP252026,15,2026-09-28 18:00:00,4 days 18:00:00,114,25.75,130.5,989.8,59.0
2026-09-24,WP252026,15,2026-09-29 00:00:00,5 days 00:00:00,120,25.75,130.5,991.5,56.6
2026-09-24,WP252026,15,2026-09-29 06:00:00,5 days 06:00:00,126,25.88,130.5,990.6,57.8
2026-09-24,WP252026,15,2026-09-29 12:00:00,5 days 12:00:00,132,26.0,130.5,989.8,59.1
2026-09-24,WP252026,15,2026-09-29 18:00:00,5 days 18:00:00,138,26.25,130.38,990.6,57.8
2026-09-24,WP252026,15,2026-09-30 00:00:00,6 days 00:00:00,144,26.5,130.25,991.5,56.6
2026-09-24,WP252026,15,2026-09-30 06:00:00,6 days 06:00:00,150,26.75,130.13,992.7,54.9
2026-09-24,WP252026,15,2026-09-30 12:00:00,6 days 12:00:00,156,27.0,130.0,993.9,53.2
2026-09-24,WP252026,15,2026-09-30 18:00:00,6 days 18:00:00,162,27.5,130.25,995.3,51.0
2026-09-24,WP252026,15,2026-10-01 00:00:00,7 days 00:00:00,168,28.0,130.5,996.7,48.8
2026-09-24,WP252026,15,2026-10-01 06:00:00,7 days 06:00:00,174,28.5,131.37,992.4,55.1
2026-09-24,WP252026,15,2026-10-01 12:00:00,7 days 12:00:00,180,29.0,132.25,988.2,61.3
2026-09-24,WP252026,15,2026-10-01 18:00:00,7 days 18:00:00,186,29.5,133.25,987.4,62.4
2026-09-24,WP252026,15,2026-10-02 00:00:00,8 days 00:00:00,192,30.0,134.25,986.6,63.4
2026-09-24,WP252026,15,2026-10-02 06:00:00,8 days 06:00:00,198,30.5,135.12,992.5,54.8
2026-09-24,WP252026,15,2026-10-02 12:00:00,8 days 12:00:00,204,31.0,136.0,998.4,46.2
2026-09-24,WP252026,15,2026-10-02 18:00:00,8 days 18:00:00,210,31.25,136.75,1001.7,40.7
2026-09-24,WP252026,15,2026-10-03 00:00:00,9 days 00:00:00,216,31.5,137.5,1005.0,35.1
2026-09-24,AL902026,16,2026-09-24 00:00:00,0 days 00:00:00,0,12.75,-18.0,1008.8,27.9
2026-09-24,AL902026,16,2026-09-24 06:00:00,0 days 06:00:00,6,13.0,-19.37,1007.9,29.8
2026-09-24,AL902026,16,2026-09-24 12:00:00,0 days 12:00:00,12,13.25,-20.75,1006.9,31.6
2026-09-24,AL902026,16,2026-09-24 18:00:00,0 days 18:00:00,18,13.63,-21.62,1005.2,34.6
2026-09-24,AL902026,16,2026-09-25 00:00:00,1 days 00:00:00,24,14.0,-22.5,1003.6,37.6
2026-09-24,AL902026,16,2026-09-25 06:00:00,1 days 06:00:00,30,13.88,-22.63,1003.9,37.1
2026-09-24,AL902026,16,2026-09-25 12:00:00,1 days 12:00:00,36,13.75,-22.75,1004.1,36.6
2026-09-24,AL902026,16,2026-09-25 18:00:00,1 days 18:00:00,42,14.75,-23.0,1005.0,35.1
2026-09-24,AL902026,16,2026-09-26 00:00:00,2 days 00:00:00,48,15.75,-23.25,1005.9,33.5
2026-09-24,AL902026,16,2026-09-26 06:00:00,2 days 06:00:00,54,16.63,-23.62,1005.6,34.1
2026-09-24,AL902026,16,2026-09-26 12:00:00,2 days 12:00:00,60,17.5,-24.0,1005.3,34.6
2026-09-24,AL902026,16,2026-09-26 18:00:00,2 days 18:00:00,66,18.75,-23.75,1005.2,34.8
2026-09-24,AL902026,16,2026-09-27 00:00:00,3 days 00:00:00,72,20.0,-23.5,1005.1,35.0
2026-09-24,EP152026,16,2026-09-24 00:00:00,0 days 00:00:00,0,14.5,-155.5,1000.6,42.7
2026-09-24,EP152026,16,2026-09-24 06:00:00,0 days 06:00:00,6,14.63,-155.62,997.9,46.8
2026-09-24,EP152026,16,2026-09-24 12:00:00,0 days 12:00:00,12,14.75,-155.75,995.3,51.0
2026-09-24,EP152026,16,2026-09-24 18:00:00,0 days 18:00:00,18,14.88,-155.87,993.6,53.5
2026-09-24,EP152026,16,2026-09-25 00:00:00,1 days 00:00:00,24,15.0,-156.0,991.9,56.0
2026-09-24,EP152026,16,2026-09-25 06:00:00,1 days 06:00:00,30,15.5,-155.75,989.6,59.3
2026-09-24,EP152026,16,2026-09-25 12:00:00,1 days 12:00:00,36,16.0,-155.5,987.2,62.6
2026-09-24,EP152026,16,2026-09-25 18:00:00,1 days 18:00:00,42,16.63,-155.25,985.7,64.7
2026-09-24,EP152026,16,2026-09-26 00:00:00,2 days 00:00:00,48,17.25,-155.0,984.1,66.8
2026-09-24,EP152026,16,2026-09-26 06:00:00,2 days 06:00:00,54,17.88,-155.25,983.6,67.6
2026-09-24,EP152026,16,2026-09-26 12:00:00,2 days 12:00:00,60,18.5,-155.5,983.0,68.3
2026-09-24,EP152026,16,2026-09-26 18:00:00,2 days 18:00:00,66,19.0,-156.0,987.2,62.5
2026-09-24,EP152026,16,2026-09-27 00:00:00,3 days 00:00:00,72,19.5,-156.5,991.5,56.6
2026-09-24,EP152026,16,2026-09-27 06:00:00,3 days 06:00:00,78,19.5,-157.38,991.2,57.0
2026-09-24,EP152026,16,2026-09-27 12:00:00,3 days 12:00:00,84,19.5,-158.25,990.9,57.5
2026-09-24,EP152026,16,2026-09-27 18:00:00,3 days 18:00:00,90,19.63,-159.0,991.3,56.8
2026-09-24,EP152026,16,2026-09-28 00:00:00,4 days 00:00:00,96,19.75,-159.75,991.7,56.2
2026-09-24,EP152026,16,2026-09-28 06:00:00,4 days 06:00:00,102,20.25,-160.5,990.2,58.4
2026-09-24,EP152026,16,2026-09-28 12:00:00,4 days 12:00:00,108,20.75,-161.25,988.7,60.6
2026-09-24,EP152026,16,2026-09-28 18:00:00,4 days 18:00:00,114,21.38,-162.0,992.0,55.7
2026-09-24,EP152026,16,2026-09-29 00:00:00,5 days 00:00:00,120,22.0,-162.75,995.4,50.9
2026-09-24,EP152026,16,2026-09-29 06:00:00,5 days 06:00:00,126,22.88,-163.12,994.4,52.3
2026-09-24,EP152026,16,2026-09-29 12:00:00,5 days 12:00:00,132,23.75,-163.5,993.5,53.7
2026-09-24,EP152026,16,2026-09-29 18:00:00,5 days 18:00:00,138,24.5,-163.38,992.7,54.9
2026-09-24,EP152026,16,2026-09-30 00:00:00,6 days 00:00:00,144,25.25,-163.25,991.9,56.0
2026-09-24,EP152026,16,2026-09-30 06:00:00,6 days 06:00:00,150,25.38,-162.25,992.3,55.5
2026-09-24,EP152026,16,2026-09-30 12:00:00,6 days 12:00:00,156,25.5,-161.25,992.6,54.9
2026-09-24,EP152026,16,2026-09-30 18:00:00,6 days 18:00:00,162,27.38,-161.62,987.1,62.6
2026-09-24,EP152026,16,2026-10-01 00:00:00,7 days 00:00:00,168,29.25,-162.0,981.5,70.3
2026-09-24,EP152026,16,2026-10-01 06:00:00,7 days 06:00:00,174,30.13,-163.24,980.4,71.7
2026-09-24,EP152026,16,2026-10-01 12:00:00,7 days 12:00:00,180,31.0,-164.5,979.2,73.2
2026-09-24,EP152026,16,2026-10-01 18:00:00,7 days 18:00:00,186,31.51,-165.74,980.9,71.0
2026-09-24,EP152026,16,2026-10-02 00:00:00,8 days 00:00:00,192,32.0,-167.0,982.6,68.9
2026-09-24,EP152026,16,2026-10-02 06:00:00,8 days 06:00:00,198,31.63,-168.26,982.2,69.4
2026-09-24,EP152026,16,2026-10-02 12:00:00,8 days 12:00:00,204,31.25,-169.5,981.7,69.9
2026-09-24,EP152026,16,2026-10-02 18:00:00,8 days 18:00:00,210,30.25,-169.5,984.7,66.0
2026-09-24,EP152026,16,2026-10-03 00:00:00,9 days 00:00:00,216,29.25,-169.5,987.7,62.0
2026-09-24,EP152026,16,2026-10-03 06:00:00,9 days 06:00:00,222,28.63,-170.0,990.2,58.4
2026-09-24,EP152026,16,2026-10-03 12:00:00,9 days 12:00:00,228,28.0,-170.5,992.7,54.8
2026-09-24,EP152026,16,2026-10-03 18:00:00,9 days 18:00:00,234,27.63,-171.88,992.3,55.4
2026-09-24,EP152026,16,2026-10-04 00:00:00,10 days 00:00:00,240,27.25,-173.25,991.9,56.0
2026-09-24,EP152026,16,2026-10-04 06:00:00,10 days 06:00:00,246,26.76,-175.26,993.6,53.5
2026-09-24,EP152026,16,2026-10-04 12:00:00,10 days 12:00:00,252,26.25,-177.25,995.3,51.0
2026-09-24,EP152026,16,2026-10-04 18:00:00,10 days 18:00:00,258,25.64,-179.13,996.0,49.9
2026-09-24,EP152026,16,2026-10-05 00:00:00,11 days 00:00:00,264,25.0,179.0,996.7,48.9
2026-09-24,EP152026,16,2026-10-05 06:00:00,11 days 06:00:00,270,25.01,177.25,999.1,45.0
2026-09-24,EP152026,16,2026-10-05 12:00:00,11 days 12:00:00,276,25.0,175.5,1001.5,41.1
2026-09-24,EP162026,16,2026-09-24 00:00:00,0 days 00:00:00,0,15.5,-126.75,971.6,82.7
2026-09-24,EP162026,16,2026-09-24 06:00:00,0 days 06:00:00,6,15.88,-126.13,977.2,75.6
2026-09-24,EP162026,16,2026-09-24 12:00:00,0 days 12:00:00,12,16.25,-125.5,982.9,68.5
2026-09-24,EP162026,16,2026-09-24 18:00:00,0 days 18:00:00,18,16.5,-124.75,980.3,71.8
2026-09-24,EP162026,16,2026-09-25 00:00:00,1 days 00:00:00,24,16.75,-124.0,977.8,75.0
2026-09-24,EP162026,16,2026-09-25 06:00:00,1 days 06:00:00,30,17.38,-123.25,982.0,69.6
2026-09-24,EP162026,16,2026-09-25 12:00:00,1 days 12:00:00,36,18.0,-122.5,986.1,64.1
2026-09-24,EP162026,16,2026-09-25 18:00:00,1 days 18:00:00,42,18.38,-122.25,985.4,65.2
2026-09-24,EP162026,16,2026-09-26 00:00:00,2 days 00:00:00,48,18.75,-122.0,984.6,66.2
2026-09-24,EP162026,16,2026-09-26 06:00:00,2 days 06:00:00,54,19.12,-122.0,985.2,65.3
2026-09-24,EP162026,16,2026-09-26 12:00:00,2 days 12:00:00,60,19.5,-122.0,985.9,64.4
2026-09-24,EP162026,16,2026-09-26 18:00:00,2 days 18:00:00,66,19.87,-122.0,989.0,60.1
2026-09-24,EP162026,16,2026-09-27 00:00:00,3 days 00:00:00,72,20.25,-122.0,992.0,55.9
2026-09-24,EP162026,16,2026-09-27 06:00:00,3 days 06:00:00,78,20.5,-121.38,994.7,51.9
2026-09-24,EP162026,16,2026-09-27 12:00:00,3 days 12:00:00,84,20.75,-120.75,997.4,47.8
2026-09-24,EP162026,16,2026-09-27 18:00:00,3 days 18:00:00,90,20.75,-120.12,998.8,45.6
2026-09-24,EP162026,16,2026-09-28 00:00:00,4 days 00:00:00,96,20.75,-119.5,1000.2,43.3
2026-09-24,EP162026,16,2026-09-28 06:00:00,4 days 06:00:00,102,20.5,-118.87,1001.1,41.8
2026-09-24,EP162026,16,2026-09-28 12:00:00,4 days 12:00:00,108,20.25,-118.25,1002.0,40.2
2026-09-24,EP162026,16,2026-09-28 18:00:00,4 days 18:00:00,114,18.94,-115.44,999.5,44.1
2026-09-24,EP162026,16,2026-09-29 00:00:00,5 days 00:00:00,120,17.58,-112.67,997.0,48.0
2026-09-24,EP162026,16,2026-09-29 06:00:00,5 days 06:00:00,126,16.18,-109.93,994.5,51.9
2026-09-24,EP162026,16,2026-09-29 12:00:00,5 days 12:00:00,132,14.75,-107.25,992.0,55.8
2026-09-24,EP162026,16,2026-09-29 18:00:00,5 days 18:00:00,138,15.75,-107.87,988.5,60.7
2026-09-24,EP162026,16,2026-09-30 00:00:00,6 days 00:00:00,144,16.75,-108.5,985.0,65.6
2026-09-24,EP162026,16,2026-09-30 06:00:00,6 days 06:00:00,150,17.63,-109.37,982.7,68.7
2026-09-24,EP162026,16,2026-09-30 12:00:00,6 days 12:00:00,156,18.5,-110.25,980.3,71.8
2026-09-24,EP162026,16,2026-09-30 18:00:00,6 days 18:00:00,162,18.88,-110.87,977.2,75.8
2026-09-24,EP162026,16,2026-10-01 00:00:00,7 days 00:00:00,168,19.25,-111.5,974.0,79.8
2026-09-24,EP162026,16,2026-10-01 06:00:00,7 days 06:00:00,174,19.38,-112.0,972.0,82.1
2026-09-24,EP162026,16,2026-10-01 12:00:00,7 days 12:00:00,180,19.5,-112.5,970.1,84.5
2026-09-24,EP162026,16,2026-10-01 18:00:00,7 days 18:00:00,186,19.75,-112.62,972.8,81.2
2026-09-24,EP162026,16,2026-10-02 00:00:00,8 days 00:00:00,192,20.0,-112.75,975.5,77.9
2026-09-24,EP162026,16,2026-10-02 06:00:00,8 days 06:00:00,198,20.38,-112.75,980.2,71.8
2026-09-24,EP162026,16,2026-10-02 12:00:00,8 days 12:00:00,204,20.75,-112.75,984.9,65.7
2026-09-24,EP162026,16,2026-10-02 18:00:00,8 days 18:00:00,210,21.13,-112.87,985.4,65.1
2026-09-24,EP162026,16,2026-10-03 00:00:00,9 days 00:00:00,216,21.5,-113.0,985.8,64.5
2026-09-24,EP162026,16,2026-10-03 06:00:00,9 days 06:00:00,222,21.75,-113.0,986.6,63.4
2026-09-24,EP162026,16,2026-10-03 12:00:00,9 days 12:00:00,228,22.0,-113.0,987.5,62.3
2026-09-24,EP162026,16,2026-10-03 18:00:00,9 days 18:00:00,234,22.0,-112.88,988.1,61.4
2026-09-24,EP162026,16,2026-10-04 00:00:00,10 days 00:00:00,240,22.0,-112.75,988.7,60.5
2026-09-24,EP162026,16,2026-10-04 06:00:00,10 days 06:00:00,246,21.75,-112.37,989.3,59.7
2026-09-24,EP162026,16,2026-10-04 12:00:00,10 days 12:00:00,252,21.5,-112.0,990.0,58.8
2026-09-24,EP162026,16,2026-10-04 18:00:00,10 days 18:00:00,258,21.38,-111.5,988.3,61.2
2026-09-24,EP162026,16,2026-10-05 00:00:00,11 days 00:00:00,264,21.25,-111.0,986.6,63.5
2026-09-24,EP162026,16,2026-10-05 06:00:00,11 days 06:00:00,270,21.38,-111.25,986.7,63.3
2026-09-24,EP162026,16,2026-10-05 12:00:00,11 days 12:00:00,276,21.5,-111.5,986.9,63.0
2026-09-24,EP162026,16,2026-10-05 18:00:00,11 days 18:00:00,282,21.63,-112.12,987.0,62.9
2026-09-24,EP162026,16,2026-10-06 00:00:00,12 days 00:00:00,288,21.75,-112.75,987.1,62.8
2026-09-24,EP162026,16,2026-10-06 06:00:00,12 days 06:00:00,294,21.38,-113.5,989.6,59.2
2026-09-24,EP162026,16,2026-10-06 12:00:00,12 days 12:00:00,300,21.0,-114.25,992.2,55.6
2026-09-24,EP162026,16,2026-10-06 18:00:00,12 days 18:00:00,306,20.88,-115.0,991.0,57.3
2026-09-24,EP162026,16,2026-10-07 00:00:00,13 days 00:00:00,312,20.75,-115.75,989.8,59.0
2026-09-24,EP162026,16,2026-10-07 06:00:00,13 days 06:00:00,318,20.75,-116.62,986.2,63.9
2026-09-24,EP162026,16,2026-10-07 12:00:00,13 days 12:00:00,324,20.75,-117.5,982.7,68.7
2026-09-24,EP162026,16,2026-10-07 18:00:00,13 days 18:00:00,330,21.0,-118.37,985.3,65.2
2026-09-24,EP162026,16,2026-10-08 00:00:00,14 days 00:00:00,336,21.25,-119.25,987.9,61.7
2026-09-24,EP162026,16,2026-10-08 06:00:00,14 days 06:00:00,342,21.63,-120.0,989.2,59.8
2026-09-24,EP162026,16,2026-10-08 12:00:00,14 days 12:00:00,348,22.0,-120.75,990.6,57.9
2026-09-24,EP162026,16,2026-10-08 18:00:00,14 days 18:00:00,354,22.63,-121.5,991.5,56.6
2026-09-24,EP162026,16,2026-10-09 00:00:00,15 days 00:00:00,360,23.25,-122.25,992.4,55.2
2026-09-24,EP172026,16,2026-09-24 00:00:00,0 days 00:00:00,0,15.75,-102.25,970.5,84.0
2026-09-24,EP172026,16,2026-09-24 06:00:00,0 days 06:00:00,6,16.13,-103.12,974.6,78.9
2026-09-24,EP172026,16,2026-09-24 12:00:00,0 days 12:00:00,12,16.5,-104.0,978.7,73.9
2026-09-24,EP172026,16,2026-09-24 18:00:00,0 days 18:00:00,18,16.75,-105.0,976.0,77.2
2026-09-24,EP172026,16,2026-09-25 00:00:00,1 days 00:00:00,24,17.0,-106.0,973.4,80.5
2026-09-24,EP172026,16,2026-09-25 06:00:00,1 days 06:00:00,30,17.25,-106.75,974.4,79.3
2026-09-24,EP172026,16,2026-09-25 12:00:00,1 days 12:00:00,36,17.5,-107.5,975.4,78.1
2026-09-24,EP172026,16,2026-09-25 18:00:00,1 days 18:00:00,42,17.63,-108.5,972.7,81.4
2026-09-24,EP172026,16,2026-09-26 00:00:00,2 days 00:00:00,48,17.75,-109.5,970.0,84.7
2026-09-24,EP172026,16,2026-09-26 06:00:00,2 days 06:00:00,54,17.88,-110.12,969.9,84.7
2026-09-24,EP172026,16,2026-09-26 12:00:00,2 days 12:00:00,60,18.0,-110.75,969.9,84.8
2026-09-24,EP172026,16,2026-09-26 18:00:00,2 days 18:00:00,66,18.88,-111.25,970.6,83.9
2026-09-24,EP172026,16,2026-09-27 00:00:00,3 days 00:00:00,72,19.75,-111.75,971.2,83.1
2026-09-24,EP172026,16,2026-09-27 06:00:00,3 days 06:00:00,78,20.63,-112.5,971.6,82.7
2026-09-24,EP172026,16,2026-09-27 12:00:00,3 days 12:00:00,84,21.5,-113.25,971.9,82.3
2026-09-24,EP172026,16,2026-09-27 18:00:00,3 days 18:00:00,90,22.88,-113.62,974.0,79.7
2026-09-24,EP172026,16,2026-09-28 00:00:00,4 days 00:00:00,96,24.25,-114.0,976.2,77.1
2026-09-24,EP172026,16,2026-09-28 06:00:00,4 days 06:00:00,102,25.75,-113.88,981.3,70.5
2026-09-24,EP172026,16,2026-09-28 12:00:00,4 days 12:00:00,108,27.25,-113.75,986.3,63.8
2026-09-24,IO012026,16,2026-09-24 00:00:00,0 days 00:00:00,0,18.5,84.0,986.5,63.6
2026-09-24,IO012026,16,2026-09-24 06:00:00,0 days 06:00:00,6,18.38,84.0,989.0,60.1
2026-09-24,IO012026,16,2026-09-24 12:00:00,0 days 12:00:00,12,18.25,84.0,991.5,56.6
2026-09-24,IO012026,16,2026-09-24 18:00:00,0 days 18:00:00,18,19.38,83.38,991.4,56.7
2026-09-24,IO012026,16,2026-09-25 00:00:00,1 days 00:00:00,24,20.5,82.75,991.3,56.8
2026-09-24,IO012026,16,2026-09-25 06:00:00,1 days 06:00:00,30,21.0,82.25,992.3,55.5
2026-09-24,IO012026,16,2026-09-25 12:00:00,1 days 12:00:00,36,21.5,81.75,993.2,54.2
2026-09-24,IO012026,16,2026-09-25 18:00:00,1 days 18:00:00,42,22.5,81.75,995.2,51.1
2026-09-24,IO012026,16,2026-09-26 00:00:00,2 days 00:00:00,48,23.5,81.75,997.2,48.0
2026-09-24,IO012026,16,2026-09-26 06:00:00,2 days 06:00:00,54,24.88,81.26,997.8,47.1
2026-09-24,IO012026,16,2026-09-26 12:00:00,2 days 12:00:00,60,26.25,80.75,998.4,46.2
2026-09-24,IO012026,16,2026-09-26 18:00:00,2 days 18:00:00,66,26.88,80.63,999.4,44.6
2026-09-24,IO012026,16,2026-09-27 00:00:00,3 days 00:00:00,72,27.5,80.5,1000.5,42.9
2026-09-24,WP252026,16,2026-09-24 00:00:00,0 days 00:00:00,0,18.0,134.5,1003.5,37.8
2026-09-24,WP252026,16,2026-09-24 06:00:00,0 days 06:00:00,6,18.63,133.38,1001.3,41.4
2026-09-24,WP252026,16,2026-09-24 12:00:00,0 days 12:00:00,12,19.25,132.25,999.2,45.0
2026-09-24,WP252026,16,2026-09-24 18:00:00,0 days 18:00:00,18,19.5,131.0,998.3,46.3
2026-09-24,WP252026,16,2026-09-25 00:00:00,1 days 00:00:00,24,19.75,129.75,997.5,47.6
2026-09-24,WP252026,16,2026-09-25 06:00:00,1 days 06:00:00,30,20.5,128.75,997.5,47.6
2026-09-24,WP252026,16,2026-09-25 12:00:00,1 days 12:00:00,36,21.25,127.75,997.5,47.5
2026-09-24,WP252026,16,2026-09-25 18:00:00,1 days 18:00:00,42,22.0,127.0,996.8,48.6
2026-09-24,WP252026,16,2026-09-26 00:00:00,2 days 00:00:00,48,22.75,126.25,996.1,49.7
2026-09-24,WP252026,16,2026-09-26 06:00:00,2 days 06:00:00,54,23.25,125.88,993.0,54.3
2026-09-24,WP252026,16,2026-09-26 12:00:00,2 days 12:00:00,60,23.75,125.5,989.9,58.9
2026-09-24,WP252026,16,2026-09-26 18:00:00,2 days 18:00:00,66,24.25,125.75,988.5,60.8
2026-09-24,WP252026,16,2026-09-27 00:00:00,3 days 00:00:00,72,24.75,126.0,987.2,62.7
2026-09-24,WP252026,16,2026-09-27 06:00:00,3 days 06:00:00,78,25.13,126.62,985.8,64.5
2026-09-24,WP252026,16,2026-09-27 12:00:00,3 days 12:00:00,84,25.5,127.25,984.5,66.3
2026-09-24,WP252026,16,2026-09-27 18:00:00,3 days 18:00:00,90,26.13,128.0,986.7,63.3
2026-09-24,WP252026,16,2026-09-28 00:00:00,4 days 00:00:00,96,26.75,128.75,988.9,60.3
2026-09-24,WP252026,16,2026-09-28 06:00:00,4 days 06:00:00,102,27.38,129.87,991.8,56.1
2026-09-24,WP252026,16,2026-09-28 12:00:00,4 days 12:00:00,108,28.0,131.0,994.7,51.8
2026-09-24,WP252026,16,2026-09-28 18:00:00,4 days 18:00:00,114,28.38,132.37,996.9,48.5
2026-09-24,WP252026,16,2026-09-29 00:00:00,5 days 00:00:00,120,28.75,133.75,999.1,45.1
2026-09-24,WP252026,16,2026-09-29 06:00:00,5 days 06:00:00,126,29.26,135.37,999.4,44.6
2026-09-24,WP252026,16,2026-09-29 12:00:00,5 days 12:00:00,132,29.75,137.0,999.7,44.1
2026-09-24,WP252026,16,2026-09-29 18:00:00,5 days 18:00:00,138,31.02,139.1,1001.6,41.0
2026-09-24,WP252026,16,2026-09-30 00:00:00,6 days 00:00:00,144,32.25,141.25,1003.4,37.9
2026-09-24,EP152026,17,2026-09-24 00:00:00,0 days 00:00:00,0,14.5,-155.5,1000.6,42.7
2026-09-24,EP152026,17,2026-09-24 06:00:00,0 days 06:00:00,6,14.63,-155.75,997.1,48.1
2026-09-24,EP152026,17,2026-09-24 12:00:00,0 days 12:00:00,12,14.75,-156.0,993.6,53.5
2026-09-24,EP152026,17,2026-09-24 18:00:00,0 days 18:00:00,18,14.75,-156.0,992.9,54.6
2026-09-24,EP152026,17,2026-09-25 00:00:00,1 days 00:00:00,24,14.75,-156.0,992.1,55.7
2026-09-24,EP152026,17,2026-09-25 06:00:00,1 days 06:00:00,30,15.25,-155.63,988.0,61.4
2026-09-24,EP152026,17,2026-09-25 12:00:00,1 days 12:00:00,36,15.75,-155.25,983.9,67.1
2026-09-24,EP152026,17,2026-09-25 18:00:00,1 days 18:00:00,42,16.38,-154.88,982.6,68.8
2026-09-24,EP152026,17,2026-09-26 00:00:00,2 days 00:00:00,48,17.0,-154.5,981.3,70.5
2026-09-24,EP152026,17,2026-09-26 06:00:00,2 days 06:00:00,54,17.38,-154.5,982.2,69.4
2026-09-24,EP152026,17,2026-09-26 12:00:00,2 days 12:00:00,60,17.75,-154.5,983.1,68.2
2026-09-24,EP152026,17,2026-09-26 18:00:00,2 days 18:00:00,66,17.88,-154.87,983.0,68.3
2026-09-24,EP152026,17,2026-09-27 00:00:00,3 days 00:00:00,72,18.0,-155.25,982.9,68.4
2026-09-24,EP152026,17,2026-09-27 06:00:00,3 days 06:00:00,78,18.0,-155.88,984.2,66.6
2026-09-24,EP152026,17,2026-09-27 12:00:00,3 days 12:00:00,84,18.0,-156.5,985.6,64.9
2026-09-24,EP152026,17,2026-09-27 18:00:00,3 days 18:00:00,90,18.0,-157.75,983.6,67.5
2026-09-24,EP152026,17,2026-09-28 00:00:00,4 days 00:00:00,96,18.0,-159.0,981.6,70.2
2026-09-24,EP152026,17,2026-09-28 06:00:00,4 days 06:00:00,102,18.25,-160.0,977.9,74.9
2026-09-24,EP152026,17,2026-09-28 12:00:00,4 days 12:00:00,108,18.5,-161.0,974.2,79.5
2026-09-24,EP152026,17,2026-09-28 18:00:00,4 days 18:00:00,114,18.88,-161.87,976.4,76.8
2026-09-24,EP152026,17,2026-09-29 00:00:00,5 days 00:00:00,120,19.25,-162.75,978.5,74.1
2026-09-24,EP152026,17,2026-09-29 06:00:00,5 days 06:00:00,126,20.25,-163.5,978.7,73.9
2026-09-24,EP152026,17,2026-09-29 12:00:00,5 days 12:00:00,132,21.25,-164.25,978.8,73.8
2026-09-24,EP152026,17,2026-09-29 18:00:00,5 days 18:00:00,138,22.0,-164.62,979.1,73.3
2026-09-24,EP152026,17,2026-09-30 00:00:00,6 days 00:00:00,144,22.75,-165.0,979.5,72.8
2026-09-24,EP152026,17,2026-09-30 06:00:00,6 days 06:00:00,150,23.38,-165.37,982.7,68.7
2026-09-24,EP152026,17,2026-09-30 12:00:00,6 days 12:00:00,156,24.0,-165.75,985.9,64.5
2026-09-24,EP152026,17,2026-09-30 18:00:00,6 days 18:00:00,162,24.0,-166.88,988.1,61.4
2026-09-24,EP152026,17,2026-10-01 00:00:00,7 days 00:00:00,168,24.0,-168.0,990.3,58.3
2026-09-24,EP152026,17,2026-10-01 06:00:00,7 days 06:00:00,174,23.63,-169.5,990.3,58.3
2026-09-24,EP152026,17,2026-10-01 12:00:00,7 days 12:00:00,180,23.25,-171.0,990.4,58.2
2026-09-24,EP152026,17,2026-10-01 18:00:00,7 days 18:00:00,186,22.63,-172.0,988.9,60.2
2026-09-24,EP152026,17,2026-10-02 00:00:00,8 days 00:00:00,192,22.0,-173.0,987.5,62.3
2026-09-24,EP152026,17,2026-10-02 06:00:00,8 days 06:00:00,198,21.13,-174.01,985.8,64.5
2026-09-24,EP152026,17,2026-10-02 12:00:00,8 days 12:00:00,204,20.25,-175.0,984.2,66.8
2026-09-24,EP152026,17,2026-10-02 18:00:00,8 days 18:00:00,210,19.75,-175.88,982.1,69.5
2026-09-24,EP152026,17,2026-10-03 00:00:00,9 days 00:00:00,216,19.25,-176.75,980.0,72.3
2026-09-24,EP152026,17,2026-10-03 06:00:00,9 days 06:00:00,222,19.25,-178.0,978.7,73.8
2026-09-24,EP152026,17,2026-10-03 12:00:00,9 days 12:00:00,228,19.25,-179.25,977.5,75.4
2026-09-24,EP152026,17,2026-10-03 18:00:00,9 days 18:00:00,234,19.38,179.0,975.6,77.7
2026-09-24,EP152026,17,2026-10-04 00:00:00,10 days 00:00:00,240,19.5,177.25,973.8,80.0
2026-09-24,EP152026,17,2026-10-04 06:00:00,10 days 06:00:00,246,20.01,175.51,973.6,80.2
2026-09-24,EP152026,17,2026-10-04 12:00:00,10 days 12:00:00,252,20.5,173.75,973.4,80.5
2026-09-24,EP152026,17,2026-10-04 18:00:00,10 days 18:00:00,258,20.89,171.88,973.8,80.0
2026-09-24,EP152026,17,2026-10-05 00:00:00,11 days 00:00:00,264,21.25,170.0,974.2,79.5
2026-09-24,EP152026,17,2026-10-05 06:00:00,11 days 06:00:00,270,21.89,168.13,973.7,80.2
2026-09-24,EP152026,17,2026-10-05 12:00:00,11 days 12:00:00,276,22.5,166.25,973.1,80.8
2026-09-24,EP152026,17,2026-10-05 18:00:00,11 days 18:00:00,282,23.38,164.64,971.1,83.3
2026-09-24,EP152026,17,2026-10-06 00:00:00,12 days 00:00:00,288,24.25,163.0,969.1,85.7
2026-09-24,EP152026,17,2026-10-06 06:00:00,12 days 06:00:00,294,24.88,161.63,969.3,85.4
2026-09-24,EP152026,17,2026-10-06 12:00:00,12 days 12:00:00,300,25.5,160.25,969.6,85.1
2026-09-24,EP152026,17,2026-10-06 18:00:00,12 days 18:00:00,306,26.13,159.5,973.4,80.4
2026-09-24,EP152026,17,2026-10-07 00:00:00,13 days 00:00:00,312,26.75,158.75,977.3,75.7
2026-09-24,EP152026,17,2026-10-07 06:00:00,13 days 06:00:00,318,27.38,158.5,976.4,76.8
2026-09-24,EP152026,17,2026-10-07 12:00:00,13 days 12:00:00,324,28.0,158.25,975.5,77.9
2026-09-24,EP152026,17,2026-10-07 18:00:00,13 days 18:00:00,330,28.75,158.37,977.5,75.4
2026-09-24,EP152026,17,2026-10-08 00:00:00,14 days 00:00:00,336,29.5,158.5,979.4,73.0
2026-09-24,EP152026,17,2026-10-08 06:00:00,14 days 06:00:00,342,30.13,159.25,976.2,77.0
2026-09-24,EP152026,17,2026-10-08 12:00:00,14 days 12:00:00,348,30.75,160.0,973.0,81.0
2026-09-24,EP152026,17,2026-10-08 18:00:00,14 days 18:00:00,354,31.51,161.36,972.6,81.5
2026-09-24,EP152026,17,2026-10-09 00:00:00,15 days 00:00:00,360,32.25,162.75,972.2,81.9
2026-09-24,EP162026,17,2026-09-24 00:00:00,0 days 00:00:00,0,15.5,-126.75,971.6,82.7
2026-09-24,EP162026,17,2026-09-24 06:00:00,0 days 06:00:00,6,15.88,-126.25,977.6,75.1
2026-09-24,EP162026,17,2026-09-24 12:00:00,0 days 12:00:00,12,16.25,-125.75,983.5,67.6
2026-09-24,EP162026,17,2026-09-24 18:00:00,0 days 18:00:00,18,16.63,-125.13,985.3,65.2
2026-09-24,EP162026,17,2026-09-25 00:00:00,1 days 00:00:00,24,17.0,-124.5,987.0,62.9
2026-09-24,EP162026,17,2026-09-25 06:00:00,1 days 06:00:00,30,17.38,-124.0,987.5,62.2
2026-09-24,EP162026,17,2026-09-25 12:00:00,1 days 12:00:00,36,17.75,-123.5,988.0,61.5
2026-09-24,EP162026,17,2026-09-25 18:00:00,1 days 18:00:00,42,18.13,-123.38,988.6,60.8
2026-09-24,EP162026,17,2026-09-26 00:00:00,2 days 00:00:00,48,18.5,-123.25,989.1,60.0
2026-09-24,EP162026,17,2026-09-26 06:00:00,2 days 06:00:00,54,18.88,-123.37,990.3,58.2
2026-09-24,EP162026,17,2026-09-26 12:00:00,2 days 12:00:00,60,19.25,-123.5,991.6,56.5
2026-09-24,EP162026,17,2026-09-26 18:00:00,2 days 18:00:00,66,19.75,-123.62,994.5,52.1
2026-09-24,EP162026,17,2026-09-27 00:00:00,3 days 00:00:00,72,20.25,-123.75,997.4,47.7
2026-09-24,EP162026,17,2026-09-27 06:00:00,3 days 06:00:00,78,20.38,-123.87,998.8,45.6
2026-09-24,EP162026,17,2026-09-27 12:00:00,3 days 12:00:00,84,20.5,-124.0,1000.2,43.4
2026-09-24,EP162026,17,2026-09-27 18:00:00,3 days 18:00:00,90,20.38,-123.87,1001.1,41.7
2026-09-24,EP162026,17,2026-09-28 00:00:00,4 days 00:00:00,96,20.25,-123.75,1002.1,40.1
2026-09-24,EP162026,17,2026-09-28 06:00:00,4 days 06:00:00,102,20.25,-123.88,1003.9,37.1
2026-09-24,EP162026,17,2026-09-28 12:00:00,4 days 12:00:00,108,20.25,-124.0,1005.6,34.1
2026-09-24,EP162026,17,2026-09-28 18:00:00,4 days 18:00:00,114,22.83,-118.97,998.5,45.4
2026-09-24,EP162026,17,2026-09-29 00:00:00,5 days 00:00:00,120,25.25,-113.75,991.4,56.7
2026-09-24,EP162026,17,2026-09-29 06:00:00,5 days 06:00:00,126,25.25,-113.25,994.9,51.4
2026-09-24,EP162026,17,2026-09-29 12:00:00,5 days 12:00:00,132,25.25,-112.75,998.4,46.1
2026-09-24,EP162026,17,2026-09-29 18:00:00,5 days 18:00:00,138,26.0,-111.63,997.8,47.1
2026-09-24,EP162026,17,2026-09-30 00:00:00,6 days 00:00:00,144,26.75,-110.5,997.2,48.1
2026-09-24,EP162026,17,2026-09-30 06:00:00,6 days 06:00:00,150,24.76,-109.98,997.9,47.0
2026-09-24,EP162026,17,2026-09-30 12:00:00,6 days 12:00:00,156,22.75,-109.47,998.6,45.8
2026-09-24,EP162026,17,2026-09-30 18:00:00,6 days 18:00:00,162,20.75,-108.98,999.4,44.7
2026-09-24,EP162026,17,2026-10-01 00:00:00,7 days 00:00:00,168,18.75,-108.5,1000.1,43.5
2026-09-24,EP162026,17,2026-10-01 06:00:00,7 days 06:00:00,174,18.63,-109.5,1001.0,42.0
2026-09-24,EP162026,17,2026-10-01 12:00:00,7 days 12:00:00,180,18.5,-110.5,1002.0,40.4
2026-09-24,EP162026,17,2026-10-01 18:00:00,7 days 18:00:00,186,18.63,-110.25,1000.9,42.1
2026-09-24,EP162026,17,2026-10-02 00:00:00,8 days 00:00:00,192,18.75,-110.0,999.9,43.9
2026-09-24,EP162026,17,2026-10-02 06:00:00,8 days 06:00:00,198,18.88,-110.25,998.6,45.8
2026-09-24,EP162026,17,2026-10-02 12:00:00,8 days 12:00:00,204,19.0,-110.5,997.4,47.8
2026-09-24,EP162026,17,2026-10-02 18:00:00,8 days 18:00:00,210,19.13,-111.25,997.1,48.2
2026-09-24,EP162026,17,2026-10-03 00:00:00,9 days 00:00:00,216,19.25,-112.0,996.8,48.7
2026-09-24,EP162026,17,2026-10-03 06:00:00,9 days 06:00:00,222,19.0,-112.75,993.6,53.5
2026-09-24,EP162026,17,2026-10-03 12:00:00,9 days 12:00:00,228,18.75,-113.5,990.4,58.2
2026-09-24,EP162026,17,2026-10-03 18:00:00,9 days 18:00:00,234,17.88,-114.25,989.3,59.7
2026-09-24,EP162026,17,2026-10-04 00:00:00,10 days 00:00:00,240,17.0,-115.0,988.3,61.2
2026-09-24,EP162026,17,2026-10-04 06:00:00,10 days 06:00:00,246,16.63,-115.38,986.2,63.9
2026-09-24,EP162026,17,2026-10-04 12:00:00,10 days 12:00:00,252,16.25,-115.75,984.2,66.7
2026-09-24,EP162026,17,2026-10-04 18:00:00,10 days 18:00:00,258,16.0,-115.88,980.3,71.7
2026-09-24,EP162026,17,2026-10-05 00:00:00,11 days 00:00:00,264,15.75,-116.0,976.4,76.8
2026-09-24,EP162026,17,2026-10-05 06:00:00,11 days 06:00:00,270,16.0,-115.75,976.7,76.4
2026-09-24,EP162026,17,2026-10-05 12:00:00,11 days 12:00:00,276,16.25,-115.5,977.0,76.1
2026-09-24,EP162026,17,2026-10-05 18:00:00,11 days 18:00:00,282,16.5,-115.13,974.3,79.3
2026-09-24,EP162026,17,2026-10-06 00:00:00,12 days 00:00:00,288,16.75,-114.75,971.7,82.6
2026-09-24,EP162026,17,2026-10-06 06:00:00,12 days 06:00:00,294,16.88,-114.75,969.9,84.7
2026-09-24,EP162026,17,2026-10-06 12:00:00,12 days 12:00:00,300,17.0,-114.75,968.1,86.9
2026-09-24,EP162026,17,2026-10-06 18:00:00,12 days 18:00:00,306,17.25,-114.38,966.4,88.8
2026-09-24,EP162026,17,2026-10-07 00:00:00,13 days 00:00:00,312,17.5,-114.0,964.8,90.8
2026-09-24,EP162026,17,2026-10-07 06:00:00,13 days 06:00:00,318,17.62,-114.0,962.0,93.9
2026-09-24,EP162026,17,2026-10-07 12:00:00,13 days 12:00:00,324,17.75,-114.0,959.3,97.0
2026-09-24,EP162026,17,2026-10-07 18:00:00,13 days 18:00:00,330,18.0,-114.25,956.9,99.7
2026-09-24,EP162026,17,2026-10-08 00:00:00,14 days 00:00:00,336,18.25,-114.5,954.4,102.4
2026-09-24,EP162026,17,2026-10-08 06:00:00,14 days 06:00:00,342,18.5,-115.12,955.9,100.8
2026-09-24,EP162026,17,2026-10-08 12:00:00,14 days 12:00:00,348,18.75,-115.75,957.4,99.2
2026-09-24,EP162026,17,2026-10-08 18:00:00,14 days 18:00:00,354,18.88,-116.12,959.2,97.1
2026-09-24,EP162026,17,2026-10-09 00:00:00,15 days 00:00:00,360,19.0,-116.5,961.0,95.1
2026-09-24,EP172026,17,2026-09-24 00:00:00,0 days 00:00:00,0,15.75,-102.25,970.5,84.0
2026-09-24,EP172026,17,2026-09-24 06:00:00,0 days 06:00:00,6,16.13,-103.12,973.3,80.6
2026-09-24,EP172026,17,2026-09-24 12:00:00,0 days 12:00:00,12,16.5,-104.0,976.1,77.2
2026-09-24,EP172026,17,2026-09-24 18:00:00,0 days 18:00:00,18,16.88,-105.12,979.1,73.3
2026-09-24,EP172026,17,2026-09-25 00:00:00,1 days 00:00:00,24,17.25,-106.25,982.1,69.5
2026-09-24,EP172026,17,2026-09-25 06:00:00,1 days 06:00:00,30,17.13,-107.13,978.9,73.6
2026-09-24,EP172026,17,2026-09-25 12:00:00,1 days 12:00:00,36,17.0,-108.0,975.7,77.7
2026-09-24,EP172026,17,2026-09-25 18:00:00,1 days 18:00:00,42,17.13,-108.87,974.2,79.5
2026-09-24,EP172026,17,2026-09-26 00:00:00,2 days 00:00:00,48,17.25,-109.75,972.7,81.4
2026-09-24,EP172026,17,2026-09-26 06:00:00,2 days 06:00:00,54,17.63,-110.62,972.2,81.9
2026-09-24,EP172026,17,2026-09-26 12:00:00,2 days 12:00:00,60,18.0,-111.5,971.8,82.4
2026-09-24,EP172026,17,2026-09-26 18:00:00,2 days 18:00:00,66,18.38,-112.37,977.0,76.0
2026-09-24,EP172026,17,2026-09-27 00:00:00,3 days 00:00:00,72,18.75,-113.25,982.1,69.5
2026-09-24,EP172026,17,2026-09-27 06:00:00,3 days 06:00:00,78,19.63,-113.62,981.1,70.8
2026-09-24,EP172026,17,2026-09-27 12:00:00,3 days 12:00:00,84,20.5,-114.0,980.0,72.2
2026-09-24,EP172026,17,2026-09-27 18:00:00,3 days 18:00:00,90,21.5,-114.25,983.1,68.1
2026-09-24,EP172026,17,2026-09-28 00:00:00,4 days 00:00:00,96,22.5,-114.5,986.2,64.0
2026-09-24,EP172026,17,2026-09-28 06:00:00,4 days 06:00:00,102,23.38,-114.5,986.4,63.8
2026-09-24,EP172026,17,2026-09-28 12:00:00,4 days 12:00:00,108,24.25,-114.5,986.5,63.6
2026-09-24,EP172026,17,2026-09-28 18:00:00,4 days 18:00:00,114,24.75,-114.13,988.9,60.2
2026-09-24,EP172026,17,2026-09-29 00:00:00,5 days 00:00:00,120,25.25,-113.75,991.4,56.7
2026-09-24,IO012026,17,2026-09-24 00:00:00,0 days 00:00:00,0,18.5,84.0,986.5,63.6
2026-09-24,IO012026,17,2026-09-24 06:00:00,0 days 06:00:00,6,18.5,84.0,989.0,60.1
2026-09-24,IO012026,17,2026-09-24 12:00:00,0 days 12:00:00,12,18.5,84.0,991.6,56.5
2026-09-24,IO012026,17,2026-09-24 18:00:00,0 days 18:00:00,18,19.63,83.38,992.4,55.4
2026-09-24,IO012026,17,2026-09-25 00:00:00,1 days 00:00:00,24,20.75,82.75,993.2,54.2
2026-09-24,IO012026,17,2026-09-25 06:00:00,1 days 06:00:00,30,21.5,82.38,993.3,54.0
2026-09-24,IO012026,17,2026-09-25 12:00:00,1 days 12:00:00,36,22.25,82.0,993.4,53.9
2026-09-24,IO012026,17,2026-09-25 18:00:00,1 days 18:00:00,42,23.75,81.38,993.5,53.7
2026-09-24,IO012026,17,2026-09-26 00:00:00,2 days 00:00:00,48,25.25,80.75,993.7,53.4
2026-09-24,IO012026,17,2026-09-26 06:00:00,2 days 06:00:00,54,26.0,80.75,996.0,49.9
2026-09-24,IO012026,17,2026-09-26 12:00:00,2 days 12:00:00,60,26.75,80.75,998.3,46.3
2026-09-24,WP252026,17,2026-09-24 00:00:00,0 days 00:00:00,0,18.0,134.5,1003.5,37.8
2026-09-24,WP252026,17,2026-09-24 06:00:00,0 days 06:00:00,6,18.5,133.38,1002.7,39.1
2026-09-24,WP252026,17,2026-09-24 12:00:00,0 days 12:00:00,12,19.0,132.25,1002.0,40.4
2026-09-24,WP252026,17,2026-09-24 18:00:00,0 days 18:00:00,18,19.25,131.0,1003.2,38.3
2026-09-24,WP252026,17,2026-09-25 00:00:00,1 days 00:00:00,24,19.5,129.75,1004.4,36.3
2026-09-24,WP252026,17,2026-09-25 06:00:00,1 days 06:00:00,30,20.13,128.88,1003.8,37.2
2026-09-24,WP252026,17,2026-09-25 12:00:00,1 days 12:00:00,36,20.75,128.0,1003.3,38.1
2026-09-24,WP252026,17,2026-09-25 18:00:00,1 days 18:00:00,42,21.25,127.13,1003.0,38.6
2026-09-24,WP252026,17,2026-09-26 00:00:00,2 days 00:00:00,48,21.75,126.25,1002.7,39.1
2026-09-24,WP252026,17,2026-09-26 06:00:00,2 days 06:00:00,54,22.25,126.13,1001.3,41.4
2026-09-24,WP252026,17,2026-09-26 12:00:00,2 days 12:00:00,60,22.75,126.0,999.9,43.7
2026-09-24,WP252026,17,2026-09-26 18:00:00,2 days 18:00:00,66,23.5,126.12,997.9,47.0
2026-09-24,WP252026,17,2026-09-27 00:00:00,3 days 00:00:00,72,24.25,126.25,995.8,50.2
2026-09-24,WP252026,17,2026-09-27 06:00:00,3 days 06:00:00,78,24.88,127.0,993.7,53.3
2026-09-24,WP252026,17,2026-09-27 12:00:00,3 days 12:00:00,84,25.5,127.75,991.6,56.5
2026-09-24,WP252026,17,2026-09-27 18:00:00,3 days 18:00:00,90,26.0,128.37,991.1,57.2
2026-09-24,WP252026,17,2026-09-28 00:00:00,4 days 00:00:00,96,26.5,129.0,990.6,57.9
2026-09-24,WP252026,17,2026-09-28 06:00:00,4 days 06:00:00,102,26.75,129.87,993.4,53.8
2026-09-24,WP252026,17,2026-09-28 12:00:00,4 days 12:00:00,108,27.0,130.75,996.2,49.7
2026-09-24,WP252026,17,2026-09-28 18:00:00,4 days 18:00:00,114,27.13,131.25,998.0,46.9
2026-09-24,WP252026,17,2026-09-29 00:00:00,5 days 00:00:00,120,27.25,131.75,999.7,44.1
2026-09-24,WP252026,17,2026-09-29 06:00:00,5 days 06:00:00,126,27.25,132.5,999.5,44.4
2026-09-24,WP252026,17,2026-09-29 12:00:00,5 days 12:00:00,132,27.25,133.25,999.3,44.7
2026-09-24,WP252026,17,2026-09-29 18:00:00,5 days 18:00:00,138,27.88,133.62,1001.7,40.7
2026-09-24,WP252026,17,2026-09-30 00:00:00,6 days 00:00:00,144,28.5,134.0,1004.1,36.6
2026-09-24,WP252026,17,2026-09-30 06:00:00,6 days 06:00:00,150,29.13,134.25,1003.7,37.4
2026-09-24,WP252026,17,2026-09-30 12:00:00,6 days 12:00:00,156,29.75,134.5,1003.3,38.2
2026-09-24,WP252026,17,2026-09-30 18:00:00,6 days 18:00:00,162,30.63,135.61,1003.3,38.1
2026-09-24,WP252026,17,2026-10-01 00:00:00,7 days 00:00:00,168,31.5,136.75,1003.4,38.0
2026-09-24,WP252026,17,2026-10-01 06:00:00,7 days 06:00:00,174,33.53,139.31,1002.1,40.2
2026-09-24,WP252026,17,2026-10-01 12:00:00,7 days 12:00:00,180,35.5,142.0,1000.8,42.4
2026-09-24,EP152026,18,2026-09-24 00:00:00,0 days 00:00:00,0,14.5,-155.5,1000.6,42.7
2026-09-24,EP152026,18,2026-09-24 06:00:00,0 days 06:00:00,6,14.38,-155.75,998.5,46.1
2026-09-24,EP152026,18,2026-09-24 12:00:00,0 days 12:00:00,12,14.25,-156.0,996.3,49.5
2026-09-24,EP152026,18,2026-09-24 18:00:00,0 days 18:00:00,18,14.88,-155.75,993.0,54.3
2026-09-24,EP152026,18,2026-09-25 00:00:00,1 days 00:00:00,24,15.5,-155.5,989.7,59.2
2026-09-24,EP152026,18,2026-09-25 06:00:00,1 days 06:00:00,30,15.75,-155.25,988.1,61.4
2026-09-24,EP152026,18,2026-09-25 12:00:00,1 days 12:00:00,36,16.0,-155.0,986.5,63.6
2026-09-24,EP152026,18,2026-09-25 18:00:00,1 days 18:00:00,42,16.63,-154.75,986.4,63.7
2026-09-24,EP152026,18,2026-09-26 00:00:00,2 days 00:00:00,48,17.25,-154.5,986.3,63.9
2026-09-24,EP152026,18,2026-09-26 06:00:00,2 days 06:00:00,54,17.88,-154.62,988.9,60.3
2026-09-24,EP152026,18,2026-09-26 12:00:00,2 days 12:00:00,60,18.5,-154.75,991.4,56.7
2026-09-24,EP152026,18,2026-09-26 18:00:00,2 days 18:00:00,66,19.0,-155.5,994.2,52.6
2026-09-24,EP152026,18,2026-09-27 00:00:00,3 days 00:00:00,72,19.5,-156.25,996.9,48.5
2026-09-24,EP152026,18,2026-09-27 06:00:00,3 days 06:00:00,78,19.38,-156.88,997.3,47.8
2026-09-24,EP152026,18,2026-09-27 12:00:00,3 days 12:00:00,84,19.25,-157.5,997.8,47.2
2026-09-24,EP152026,18,2026-09-27 18:00:00,3 days 18:00:00,90,18.88,-158.5,997.9,47.0
2026-09-24,EP152026,18,2026-09-28 00:00:00,4 days 00:00:00,96,18.5,-159.5,998.0,46.8
2026-09-24,EP152026,18,2026-09-28 06:00:00,4 days 06:00:00,102,18.63,-160.25,1000.1,43.4
2026-09-24,EP152026,18,2026-09-28 12:00:00,4 days 12:00:00,108,18.75,-161.0,1002.1,40.1
2026-09-24,EP152026,18,2026-09-28 18:00:00,4 days 18:00:00,114,19.5,-161.5,1002.8,38.9
2026-09-24,EP152026,18,2026-09-29 00:00:00,5 days 00:00:00,120,20.25,-162.0,1003.5,37.7
2026-09-24,EP152026,18,2026-09-29 06:00:00,5 days 06:00:00,126,21.44,-162.43,1002.5,39.4
2026-09-24,EP152026,18,2026-09-29 12:00:00,5 days 12:00:00,132,22.63,-162.86,1001.5,41.1
2026-09-24,EP152026,18,2026-09-29 18:00:00,5 days 18:00:00,138,23.81,-163.3,1000.5,42.7
2026-09-24,EP152026,18,2026-09-30 00:00:00,6 days 00:00:00,144,25.0,-163.75,999.5,44.4
2026-09-24,EP152026,18,2026-09-30 06:00:00,6 days 06:00:00,150,25.75,-163.25,997.4,47.8
2026-09-24,EP152026,18,2026-09-30 12:00:00,6 days 12:00:00,156,26.5,-162.75,995.2,51.1
2026-09-24,EP152026,18,2026-09-30 18:00:00,6 days 18:00:00,162,28.88,-162.02,990.6,57.7
2026-09-24,EP152026,18,2026-10-01 00:00:00,7 days 00:00:00,168,31.25,-161.25,986.0,64.3
2026-09-24,EP152026,18,2026-10-01 06:00:00,7 days 06:00:00,174,33.26,-162.59,988.2,61.2
2026-09-24,EP152026,18,2026-10-01 12:00:00,7 days 12:00:00,180,35.25,-164.0,990.4,58.1
2026-09-24,EP152026,18,2026-10-01 18:00:00,7 days 18:00:00,186,36.5,-164.74,989.3,59.7
2026-09-24,EP152026,18,2026-10-02 00:00:00,8 days 00:00:00,192,37.75,-165.5,988.1,61.3
2026-09-24,EP152026,18,2026-10-02 06:00:00,8 days 06:00:00,198,39.25,-164.89,991.4,56.6
2026-09-24,EP152026,18,2026-10-02 12:00:00,8 days 12:00:00,204,40.75,-164.25,994.7,51.8
2026-09-24,EP162026,18,2026-09-24 00:00:00,0 days 00:00:00,0,15.5,-126.75,971.6,82.7
2026-09-24,EP162026,18,2026-09-24 06:00:00,0 days 06:00:00,6,15.75,-126.13,975.1,78.3
2026-09-24,EP162026,18,2026-09-24 12:00:00,0 days 12:00:00,12,16.0,-125.5,978.7,73.9
2026-09-24,EP162026,18,2026-09-24 18:00:00,0 days 18:00:00,18,16.63,-124.88,981.2,70.6
2026-09-24,EP162026,18,2026-09-25 00:00:00,1 days 00:00:00,24,17.25,-124.25,983.8,67.2
2026-09-24,EP162026,18,2026-09-25 06:00:00,1 days 06:00:00,30,17.75,-124.0,984.1,66.8
2026-09-24,EP162026,18,2026-09-25 12:00:00,1 days 12:00:00,36,18.25,-123.75,984.4,66.5
2026-09-24,EP162026,18,2026-09-25 18:00:00,1 days 18:00:00,42,18.62,-123.75,986.1,64.1
2026-09-24,EP162026,18,2026-09-26 00:00:00,2 days 00:00:00,48,19.0,-123.75,987.9,61.7
2026-09-24,EP162026,18,2026-09-26 06:00:00,2 days 06:00:00,54,19.13,-123.75,989.6,59.2
2026-09-24,EP162026,18,2026-09-26 12:00:00,2 days 12:00:00,60,19.25,-123.75,991.3,56.8
2026-09-24,EP162026,18,2026-09-26 18:00:00,2 days 18:00:00,66,20.0,-123.87,992.7,54.9
2026-09-24,EP162026,18,2026-09-27 00:00:00,3 days 00:00:00,72,20.75,-124.0,994.0,52.9
2026-09-24,EP162026,18,2026-09-27 06:00:00,3 days 06:00:00,78,21.38,-123.38,995.6,50.5
2026-09-24,EP162026,18,2026-09-27 12:00:00,3 days 12:00:00,84,22.0,-122.75,997.2,48.0
2026-09-24,EP162026,18,2026-09-27 18:00:00,3 days 18:00:00,90,23.69,-118.43,986.9,62.3
2026-09-24,EP162026,18,2026-09-28 00:00:00,4 days 00:00:00,96,25.25,-114.0,976.6,76.5
2026-09-24,EP162026,18,2026-09-28 06:00:00,4 days 06:00:00,102,26.63,-113.38,979.4,72.9
2026-09-24,EP162026,18,2026-09-28 12:00:00,4 days 12:00:00,108,28.0,-112.75,982.2,69.3
2026-09-24,EP172026,18,2026-09-24 00:00:00,0 days 00:00:00,0,15.75,-102.25,970.5,84.0
2026-09-24,EP172026,18,2026-09-24 06:00:00,0 days 06:00:00,6,16.13,-103.12,972.7,81.3
2026-09-24,EP172026,18,2026-09-24 12:00:00,0 days 12:00:00,12,16.5,-104.0,974.9,78.7
2026-09-24,EP172026,18,2026-09-24 18:00:00,0 days 18:00:00,18,16.88,-105.12,979.0,73.4
2026-09-24,EP172026,18,2026-09-25 00:00:00,1 days 00:00:00,24,17.25,-106.25,983.1,68.2
2026-09-24,EP172026,18,2026-09-25 06:00:00,1 days 06:00:00,30,17.5,-107.25,982.6,68.8
2026-09-24,EP172026,18,2026-09-25 12:00:00,1 days 12:00:00,36,17.75,-108.25,982.2,69.4
2026-09-24,EP172026,18,2026-09-25 18:00:00,1 days 18:00:00,42,17.88,-109.25,977.5,75.3
2026-09-24,EP172026,18,2026-09-26 00:00:00,2 days 00:00:00,48,18.0,-110.25,972.9,81.1
2026-09-24,EP172026,18,2026-09-26 06:00:00,2 days 06:00:00,54,18.38,-110.87,972.5,81.6
2026-09-24,EP172026,18,2026-09-26 12:00:00,2 days 12:00:00,60,18.75,-111.5,972.1,82.1
2026-09-24,EP172026,18,2026-09-26 18:00:00,2 days 18:00:00,66,19.5,-112.25,971.4,83.0
2026-09-24,EP172026,18,2026-09-27 00:00:00,3 days 00:00:00,72,20.25,-113.0,970.7,83.8
2026-09-24,EP172026,18,2026-09-27 06:00:00,3 days 06:00:00,78,21.63,-113.37,971.9,82.4
2026-09-24,EP172026,18,2026-09-27 12:00:00,3 days 12:00:00,84,23.0,-113.75,973.1,80.9
2026-09-24,EP172026,18,2026-09-27 18:00:00,3 days 18:00:00,90,24.13,-113.87,974.8,78.7
2026-09-24,EP172026,18,2026-09-28 00:00:00,4 days 00:00:00,96,25.25,-114.0,976.6,76.5
2026-09-24,IO012026,18,2026-09-24 00:00:00,0 days 00:00:00,0,18.5,84.0,986.5,63.6
2026-09-24,IO012026,18,2026-09-24 06:00:00,0 days 06:00:00,6,18.5,83.88,988.8,60.5
2026-09-24,IO012026,18,2026-09-24 12:00:00,0 days 12:00:00,12,18.5,83.75,991.0,57.3
2026-09-24,IO012026,18,2026-09-24 18:00:00,0 days 18:00:00,18,19.63,82.76,990.9,57.5
2026-09-24,IO012026,18,2026-09-25 00:00:00,1 days 00:00:00,24,20.75,81.75,990.8,57.7
2026-09-24,IO012026,18,2026-09-25 06:00:00,1 days 06:00:00,30,21.0,81.75,990.8,57.6
2026-09-24,IO012026,18,2026-09-25 12:00:00,1 days 12:00:00,36,21.25,81.75,990.8,57.6
2026-09-24,IO012026,18,2026-09-25 18:00:00,1 days 18:00:00,42,22.5,81.25,992.9,54.6
2026-09-24,IO012026,18,2026-09-26 00:00:00,2 days 00:00:00,48,23.75,80.75,994.9,51.6
2026-09-24,IO012026,18,2026-09-26 06:00:00,2 days 06:00:00,54,24.63,80.63,995.8,50.3
2026-09-24,IO012026,18,2026-09-26 12:00:00,2 days 12:00:00,60,25.5,80.5,996.6,49.0
2026-09-24,IO012026,18,2026-09-26 18:00:00,2 days 18:00:00,66,26.12,80.5,998.2,46.5
2026-09-24,IO012026,18,2026-09-27 00:00:00,3 days 00:00:00,72,26.75,80.5,999.8,44.0
2026-09-24,WP252026,18,2026-09-24 00:00:00,0 days 00:00:00,0,18.0,134.5,1003.5,37.8
2026-09-24,WP252026,18,2026-09-24 06:00:00,0 days 06:00:00,6,18.38,133.25,1002.8,39.0
2026-09-24,WP252026,18,2026-09-24 12:00:00,0 days 12:00:00,12,18.75,132.0,1002.1,40.2
2026-09-24,WP252026,18,2026-09-24 18:00:00,0 days 18:00:00,18,19.13,131.13,1003.5,37.7
2026-09-24,WP252026,18,2026-09-25 00:00:00,1 days 00:00:00,24,19.5,130.25,1005.0,35.1
2026-09-24,WP252026,18,2026-09-25 06:00:00,1 days 06:00:00,30,20.13,129.63,1004.3,36.4
2026-09-24,WP252026,18,2026-09-25 12:00:00,1 days 12:00:00,36,20.75,129.0,1003.5,37.7
2026-09-24,WP252026,18,2026-09-25 18:00:00,1 days 18:00:00,42,21.63,128.25,1002.0,40.3
2026-09-24,WP252026,18,2026-09-26 00:00:00,2 days 00:00:00,48,22.5,127.5,1000.4,43.0
2026-09-24,WP252026,18,2026-09-26 06:00:00,2 days 06:00:00,54,23.13,127.38,999.8,44.0
2026-09-24,WP252026,18,2026-09-26 12:00:00,2 days 12:00:00,60,23.75,127.25,999.1,45.1
2026-09-24,WP252026,18,2026-09-26 18:00:00,2 days 18:00:00,66,24.5,127.75,995.6,50.4
2026-09-24,WP252026,18,2026-09-27 00:00:00,3 days 00:00:00,72,25.25,128.25,992.1,55.7
2026-09-24,WP252026,18,2026-09-27 06:00:00,3 days 06:00:00,78,25.75,129.0,988.7,60.4
2026-09-24,WP252026,18,2026-09-27 12:00:00,3 days 12:00:00,84,26.25,129.75,985.4,65.2
2026-09-24,WP252026,18,2026-09-27 18:00:00,3 days 18:00:00,90,26.88,130.5,985.7,64.7
2026-09-24,WP252026,18,2026-09-28 00:00:00,4 days 00:00:00,96,27.5,131.25,986.0,64.2
2026-09-24,WP252026,18,2026-09-28 06:00:00,4 days 06:00:00,102,27.88,132.74,988.0,61.5
2026-09-24,WP252026,18,2026-09-28 12:00:00,4 days 12:00:00,108,28.25,134.25,989.9,58.8
2026-09-24,WP252026,18,2026-09-28 18:00:00,4 days 18:00:00,114,28.63,135.37,992.9,54.5
2026-09-24,WP252026,18,2026-09-29 00:00:00,5 days 00:00:00,120,29.0,136.5,995.9,50.2
2026-09-24,WP252026,18,2026-09-29 06:00:00,5 days 06:00:00,126,29.5,137.5,995.9,50.0
2026-09-24,WP252026,18,2026-09-29 12:00:00,5 days 12:00:00,132,30.0,138.5,996.0,49.9
2026-09-24,WP252026,18,2026-09-29 18:00:00,5 days 18:00:00,138,30.5,139.37,998.2,46.5
2026-09-24,WP252026,18,2026-09-30 00:00:00,6 days 00:00:00,144,31.0,140.25,1000.4,43.1
2026-09-24,WP252026,18,2026-09-30 06:00:00,6 days 06:00:00,150,31.38,140.5,1002.2,39.9
2026-09-24,WP252026,18,2026-09-30 12:00:00,6 days 12:00:00,156,31.75,140.75,1004.1,36.7
2026-09-24,WP252026,18,2026-09-30 18:00:00,6 days 18:00:00,162,33.13,141.37,1005.6,33.9
2026-09-24,WP252026,18,2026-10-01 00:00:00,7 days 00:00:00,168,34.5,142.0,1007.2,31.1
2026-09-24,EP152026,19,2026-09-24 00:00:00,0 days 00:00:00,0,14.5,-155.5,1000.6,42.7
2026-09-24,EP152026,19,2026-09-24 06:00:00,0 days 06:00:00,6,14.63,-155.75,997.9,46.9
2026-09-24,EP152026,19,2026-09-24 12:00:00,0 days 12:00:00,12,14.75,-156.0,995.2,51.1
2026-09-24,EP152026,19,2026-09-24 18:00:00,0 days 18:00:00,18,14.88,-156.12,994.0,52.9
2026-09-24,EP152026,19,2026-09-25 00:00:00,1 days 00:00:00,24,15.0,-156.25,992.8,54.6
2026-09-24,EP152026,19,2026-09-25 06:00:00,1 days 06:00:00,30,15.38,-156.0,989.8,58.9
2026-09-24,EP152026,19,2026-09-25 12:00:00,1 days 12:00:00,36,15.75,-155.75,986.8,63.2
2026-09-24,EP152026,19,2026-09-25 18:00:00,1 days 18:00:00,42,16.5,-155.38,985.7,64.6
2026-09-24,EP152026,19,2026-09-26 00:00:00,2 days 00:00:00,48,17.25,-155.0,984.7,66.0
2026-09-24,EP152026,19,2026-09-26 06:00:00,2 days 06:00:00,54,17.88,-155.0,987.4,62.3
2026-09-24,EP152026,19,2026-09-26 12:00:00,2 days 12:00:00,60,18.5,-155.0,990.2,58.5
2026-09-24,EP152026,19,2026-09-26 18:00:00,2 days 18:00:00,66,19.0,-155.5,991.6,56.5
2026-09-24,EP152026,19,2026-09-27 00:00:00,3 days 00:00:00,72,19.5,-156.0,993.0,54.5
2026-09-24,EP152026,19,2026-09-27 06:00:00,3 days 06:00:00,78,19.25,-156.75,993.9,53.0
2026-09-24,EP152026,19,2026-09-27 12:00:00,3 days 12:00:00,84,19.0,-157.5,994.9,51.6
2026-09-24,EP152026,19,2026-09-27 18:00:00,3 days 18:00:00,90,19.0,-158.38,994.5,52.2
2026-09-24,EP152026,19,2026-09-28 00:00:00,4 days 00:00:00,96,19.0,-159.25,994.1,52.9
2026-09-24,EP152026,19,2026-09-28 06:00:00,4 days 06:00:00,102,19.13,-160.37,994.0,53.0
2026-09-24,EP152026,19,2026-09-28 12:00:00,4 days 12:00:00,108,19.25,-161.5,993.9,53.1
2026-09-24,EP152026,19,2026-09-28 18:00:00,4 days 18:00:00,114,19.63,-162.25,995.0,51.4
2026-09-24,EP152026,19,2026-09-29 00:00:00,5 days 00:00:00,120,20.0,-163.0,996.1,49.7
2026-09-24,EP152026,19,2026-09-29 06:00:00,5 days 06:00:00,126,20.5,-163.75,997.5,47.7
2026-09-24,EP152026,19,2026-09-29 12:00:00,5 days 12:00:00,132,21.0,-164.5,998.8,45.6
2026-09-24,EP152026,19,2026-09-29 18:00:00,5 days 18:00:00,138,21.88,-164.87,1000.5,42.7
2026-09-24,EP152026,19,2026-09-30 00:00:00,6 days 00:00:00,144,22.75,-165.25,1002.2,39.9
2026-09-24,EP152026,19,2026-09-30 06:00:00,6 days 06:00:00,150,23.75,-165.13,1000.7,42.5
2026-09-24,EP152026,19,2026-09-30 12:00:00,6 days 12:00:00,156,24.75,-165.0,999.1,45.1
2026-09-24,EP152026,19,2026-09-30 18:00:00,6 days 18:00:00,162,25.87,-165.0,998.7,45.7
2026-09-24,EP152026,19,2026-10-01 00:00:00,7 days 00:00:00,168,27.0,-165.0,998.2,46.4
2026-09-24,EP152026,19,2026-10-01 06:00:00,7 days 06:00:00,174,28.13,-165.0,997.8,47.1
2026-09-24,EP152026,19,2026-10-01 12:00:00,7 days 12:00:00,180,29.25,-165.0,997.4,47.8
2026-09-24,EP152026,19,2026-10-01 18:00:00,7 days 18:00:00,186,30.25,-165.99,997.0,48.4
2026-09-24,EP152026,19,2026-10-02 00:00:00,8 days 00:00:00,192,31.25,-167.0,996.7,48.9
2026-09-24,EP152026,19,2026-10-02 06:00:00,8 days 06:00:00,198,30.83,-168.14,998.0,46.8
2026-09-24,EP152026,19,2026-10-02 12:00:00,8 days 12:00:00,204,30.39,-169.27,999.3,44.7
2026-09-24,EP152026,19,2026-10-02 18:00:00,8 days 18:00:00,210,29.95,-170.39,1000.6,42.6
2026-09-24,EP152026,19,2026-10-03 00:00:00,9 days 00:00:00,216,29.5,-171.5,1001.9,40.5
2026-09-24,EP152026,19,2026-10-03 06:00:00,9 days 06:00:00,222,28.63,-173.01,1002.1,40.2
2026-09-24,EP152026,19,2026-10-03 12:00:00,9 days 12:00:00,228,27.75,-174.5,1002.3,39.8
2026-09-24,EP152026,19,2026-10-03 18:00:00,9 days 18:00:00,234,27.26,-175.88,1003.4,37.8
2026-09-24,EP152026,19,2026-10-04 00:00:00,10 days 00:00:00,240,26.75,-177.25,1004.6,35.8
2026-09-24,EP152026,19,2026-10-04 06:00:00,10 days 06:00:00,246,26.51,-179.13,1005.8,33.6
2026-09-24,EP152026,19,2026-10-04 12:00:00,10 days 12:00:00,252,26.25,179.0,1007.0,31.5
2026-09-24,EP152026,19,2026-10-04 18:00:00,10 days 18:00:00,258,26.14,176.87,1007.5,30.4
2026-09-24,EP152026,19,2026-10-05 00:00:00,11 days 00:00:00,264,26.0,174.75,1008.1,29.3
2026-09-24,EP162026,19,2026-09-24 00:00:00,0 days 00:00:00,0,15.5,-126.75,971.6,82.7
2026-09-24,EP162026,19,2026-09-24 06:00:00,0 days 06:00:00,6,15.75,-126.13,974.0,79.7
2026-09-24,EP162026,19,2026-09-24 12:00:00,0 days 12:00:00,12,16.0,-125.5,976.4,76.8
2026-09-24,EP162026,19,2026-09-24 18:00:00,0 days 18:00:00,18,16.63,-124.88,978.6,74.0
2026-09-24,EP162026,19,2026-09-25 00:00:00,1 days 00:00:00,24,17.25,-124.25,980.8,71.2
2026-09-24,EP162026,19,2026-09-25 06:00:00,1 days 06:00:00,30,17.63,-123.88,982.7,68.6
2026-09-24,EP162026,19,2026-09-25 12:00:00,1 days 12:00:00,36,18.0,-123.5,984.7,66.1
2026-09-24,EP162026,19,2026-09-25 18:00:00,1 days 18:00:00,42,18.5,-123.13,982.1,69.5
2026-09-24,EP162026,19,2026-09-26 00:00:00,2 days 00:00:00,48,19.0,-122.75,979.5,72.9
2026-09-24,EP162026,19,2026-09-26 06:00:00,2 days 06:00:00,54,19.37,-122.75,983.7,67.3
2026-09-24,EP162026,19,2026-09-26 12:00:00,2 days 12:00:00,60,19.75,-122.75,987.9,61.6
2026-09-24,EP162026,19,2026-09-26 18:00:00,2 days 18:00:00,66,20.63,-122.63,990.4,58.1
2026-09-24,EP162026,19,2026-09-27 00:00:00,3 days 00:00:00,72,21.5,-122.5,992.9,54.5
2026-09-24,EP162026,19,2026-09-27 06:00:00,3 days 06:00:00,78,21.44,-117.75,986.0,63.9
2026-09-24,EP162026,19,2026-09-27 12:00:00,3 days 12:00:00,84,21.25,-113.0,979.1,73.3
2026-09-24,EP162026,19,2026-09-27 18:00:00,3 days 18:00:00,90,22.38,-113.25,979.3,73.1
2026-09-24,EP162026,19,2026-09-28 00:00:00,4 days 00:00:00,96,23.5,-113.5,979.5,72.8
2026-09-24,EP162026,19,2026-09-28 06:00:00,4 days 06:00:00,102,24.62,-113.5,979.4,73.0
2026-09-24,EP162026,19,2026-09-28 12:00:00,4 days 12:00:00,108,25.75,-113.5,979.3,73.1
2026-09-24,EP162026,19,2026-09-28 18:00:00,4 days 18:00:00,114,26.75,-112.88,983.3,67.9
2026-09-24,EP162026,19,2026-09-29 00:00:00,5 days 00:00:00,120,27.75,-112.25,987.2,62.6
2026-09-24,EP162026,19,2026-09-29 06:00:00,5 days 06:00:00,126,28.13,-111.88,992.6,54.7
2026-09-24,EP162026,19,2026-09-29 12:00:00,5 days 12:00:00,132,28.5,-111.5,998.0,46.8
2026-09-24,EP172026,19,2026-09-24 00:00:00,0 days 00:00:00,0,15.75,-102.25,970.5,84.0
2026-09-24,EP172026,19,2026-09-24 06:00:00,0 days 06:00:00,6,16.13,-103.12,973.5,80.4
2026-09-24,EP172026,19,2026-09-24 12:00:00,0 days 12:00:00,12,16.5,-104.0,976.4,76.8
2026-09-24,EP172026,19,2026-09-24 18:00:00,0 days 18:00:00,18,16.75,-105.0,977.1,75.9
2026-09-24,EP172026,19,2026-09-25 00:00:00,1 days 00:00:00,24,17.0,-106.0,977.9,74.9
2026-09-24,EP172026,19,2026-09-25 06:00:00,1 days 06:00:00,30,16.88,-106.88,971.9,82.1
2026-09-24,EP172026,19,2026-09-25 12:00:00,1 days 12:00:00,36,16.75,-107.75,966.0,89.3
2026-09-24,EP172026,19,2026-09-25 18:00:00,1 days 18:00:00,42,16.88,-108.62,972.3,81.6
2026-09-24,EP172026,19,2026-09-26 00:00:00,2 days 00:00:00,48,17.0,-109.5,978.6,74.0
2026-09-24,EP172026,19,2026-09-26 06:00:00,2 days 06:00:00,54,17.25,-110.37,972.9,80.9
2026-09-24,EP172026,19,2026-09-26 12:00:00,2 days 12:00:00,60,17.5,-111.25,967.2,87.9
2026-09-24,EP172026,19,2026-09-26 18:00:00,2 days 18:00:00,66,18.25,-111.87,972.1,82.0
2026-09-24,EP172026,19,2026-09-27 00:00:00,3 days 00:00:00,72,19.0,-112.5,976.9,76.1
2026-09-24,EP172026,19,2026-09-27 06:00:00,3 days 06:00:00,78,20.13,-112.75,978.0,74.7
2026-09-24,EP172026,19,2026-09-27 12:00:00,3 days 12:00:00,84,21.25,-113.0,979.1,73.3
2026-09-24,IO012026,19,2026-09-24 00:00:00,0 days 00:00:00,0,18.5,84.0,986.5,63.6
2026-09-24,IO012026,19,2026-09-24 06:00:00,0 days 06:00:00,6,18.5,84.0,988.5,60.8
2026-09-24,IO012026,19,2026-09-24 12:00:00,0 days 12:00:00,12,18.5,84.0,990.5,58.1
2026-09-24,IO012026,19,2026-09-24 18:00:00,0 days 18:00:00,18,19.63,83.5,991.4,56.8
2026-09-24,IO012026,19,2026-09-25 00:00:00,1 days 00:00:00,24,20.75,83.0,992.3,55.5
2026-09-24,IO012026,19,2026-09-25 06:00:00,1 days 06:00:00,30,22.38,82.88,993.8,53.2
2026-09-24,IO012026,19,2026-09-25 12:00:00,1 days 12:00:00,36,24.0,82.75,995.3,50.9
2026-09-24,IO012026,19,2026-09-25 18:00:00,1 days 18:00:00,42,24.75,82.0,995.8,50.3
2026-09-24,IO012026,19,2026-09-26 00:00:00,2 days 00:00:00,48,25.5,81.25,996.2,49.6
2026-09-24,IO012026,19,2026-09-26 06:00:00,2 days 06:00:00,54,26.13,81.13,997.5,47.6
2026-09-24,IO012026,19,2026-09-26 12:00:00,2 days 12:00:00,60,26.75,81.0,998.7,45.7
2026-09-24,IO012026,19,2026-09-26 18:00:00,2 days 18:00:00,66,27.13,81.25,1000.6,42.6
2026-09-24,IO012026,19,2026-09-27 00:00:00,3 days 00:00:00,72,27.5,81.5,1002.5,39.5
2026-09-24,WP252026,19,2026-09-24 00:00:00,0 days 00:00:00,0,18.0,134.5,1003.5,37.8
2026-09-24,WP252026,19,2026-09-24 06:00:00,0 days 06:00:00,6,18.5,133.25,1001.1,41.8
2026-09-24,WP252026,19,2026-09-24 12:00:00,0 days 12:00:00,12,19.0,132.0,998.7,45.7
2026-09-24,WP252026,19,2026-09-24 18:00:00,0 days 18:00:00,18,19.5,131.0,999.4,44.5
2026-09-24,WP252026,19,2026-09-25 00:00:00,1 days 00:00:00,24,20.0,130.0,1000.2,43.3
2026-09-24,WP252026,19,2026-09-25 06:00:00,1 days 06:00:00,30,20.88,129.13,997.2,48.0
2026-09-24,WP252026,19,2026-09-25 12:00:00,1 days 12:00:00,36,21.75,128.25,994.1,52.7
2026-09-24,WP252026,19,2026-09-25 18:00:00,1 days 18:00:00,42,22.25,127.63,992.3,55.4
2026-09-24,WP252026,19,2026-09-26 00:00:00,2 days 00:00:00,48,22.75,127.0,990.4,58.1
2026-09-24,WP252026,19,2026-09-26 06:00:00,2 days 06:00:00,54,23.25,127.0,990.1,58.5
2026-09-24,WP252026,19,2026-09-26 12:00:00,2 days 12:00:00,60,23.75,127.0,989.8,59.0
2026-09-24,WP252026,19,2026-09-26 18:00:00,2 days 18:00:00,66,24.25,127.37,987.0,62.9
2026-09-24,WP252026,19,2026-09-27 00:00:00,3 days 00:00:00,72,24.75,127.75,984.1,66.8
2026-09-24,WP252026,19,2026-09-27 06:00:00,3 days 06:00:00,78,25.25,128.12,985.4,65.0
2026-09-24,WP252026,19,2026-09-27 12:00:00,3 days 12:00:00,84,25.75,128.5,986.8,63.2
2026-09-24,WP252026,19,2026-09-27 18:00:00,3 days 18:00:00,90,26.38,129.25,989.7,59.1
2026-09-24,WP252026,19,2026-09-28 00:00:00,4 days 00:00:00,96,27.0,130.0,992.6,55.0
2026-09-24,WP252026,19,2026-09-28 06:00:00,4 days 06:00:00,102,27.88,131.49,994.3,52.5
2026-09-24,WP252026,19,2026-09-28 12:00:00,4 days 12:00:00,108,28.75,133.0,996.0,50.0
2026-09-24,WP252026,19,2026-09-28 18:00:00,4 days 18:00:00,114,29.76,134.86,995.8,50.2
2026-09-24,WP252026,19,2026-09-29 00:00:00,5 days 00:00:00,120,30.75,136.75,995.7,50.4
2026-09-24,WP252026,19,2026-09-29 06:00:00,5 days 06:00:00,126,32.02,139.22,996.4,49.3
2026-09-24,WP252026,19,2026-09-29 12:00:00,5 days 12:00:00,132,33.25,141.75,997.2,48.1
2026-09-24,WP252026,19,2026-09-29 18:00:00,5 days 18:00:00,138,34.92,145.06,999.6,44.2
2026-09-24,WP252026,19,2026-09-30 00:00:00,6 days 00:00:00,144,36.5,148.5,1002.0,40.3
2026-09-24,EP152026,2,2026-09-24 00:00:00,0 days 00:00:00,0,14.5,-155.5,1000.6,42.7
2026-09-24,EP152026,2,2026-09-24 06:00:00,0 days 06:00:00,6,14.63,-155.75,999.3,44.8
2026-09-24,EP152026,2,2026-09-24 12:00:00,0 days 12:00:00,12,14.75,-156.0,997.9,47.0
2026-09-24,EP152026,2,2026-09-24 18:00:00,0 days 18:00:00,18,14.88,-155.88,996.6,49.0
2026-09-24,EP152026,2,2026-09-25 00:00:00,1 days 00:00:00,24,15.0,-155.75,995.3,51.0
2026-09-24,EP152026,2,2026-09-25 06:00:00,1 days 06:00:00,30,15.5,-155.75,992.1,55.6
2026-09-24,EP152026,2,2026-09-25 12:00:00,1 days 12:00:00,36,16.0,-155.75,988.9,60.3
2026-09-24,EP152026,2,2026-09-25 18:00:00,1 days 18:00:00,42,16.75,-155.38,985.5,64.9
2026-09-24,EP152026,2,2026-09-26 00:00:00,2 days 00:00:00,48,17.5,-155.0,982.0,69.6
2026-09-24,EP152026,2,2026-09-26 06:00:00,2 days 06:00:00,54,18.13,-155.12,985.3,65.2
2026-09-24,EP152026,2,2026-09-26 12:00:00,2 days 12:00:00,60,18.75,-155.25,988.5,60.9
2026-09-24,EP152026,2,2026-09-26 18:00:00,2 days 18:00:00,66,19.13,-155.75,990.6,57.8
2026-09-24,EP152026,2,2026-09-27 00:00:00,3 days 00:00:00,72,19.5,-156.25,992.8,54.7
2026-09-24,EP152026,2,2026-09-27 06:00:00,3 days 06:00:00,78,19.63,-157.12,992.5,55.2
2026-09-24,EP152026,2,2026-09-27 12:00:00,3 days 12:00:00,84,19.75,-158.0,992.2,55.6
2026-09-24,EP152026,2,2026-09-27 18:00:00,3 days 18:00:00,90,20.13,-159.25,994.2,52.6
2026-09-24,EP152026,2,2026-09-28 00:00:00,4 days 00:00:00,96,20.5,-160.5,996.1,49.7
2026-09-24,EP152026,2,2026-09-28 06:00:00,4 days 06:00:00,102,20.75,-161.37,996.4,49.3
2026-09-24,EP152026,2,2026-09-28 12:00:00,4 days 12:00:00,108,21.0,-162.25,996.7,48.9
2026-09-24,EP152026,2,2026-09-28 18:00:00,4 days 18:00:00,114,21.88,-162.87,997.2,48.1
2026-09-24,EP152026,2,2026-09-29 00:00:00,5 days 00:00:00,120,22.75,-163.5,997.6,47.4
2026-09-24,EP152026,2,2026-09-29 06:00:00,5 days 06:00:00,126,23.5,-163.87,998.1,46.7
2026-09-24,EP152026,2,2026-09-29 12:00:00,5 days 12:00:00,132,24.25,-164.25,998.6,45.9
2026-09-24,EP152026,2,2026-09-29 18:00:00,5 days 18:00:00,138,25.5,-164.25,994.5,52.0
2026-09-24,EP152026,2,2026-09-30 00:00:00,6 days 00:00:00,144,26.75,-164.25,990.5,58.1
2026-09-24,EP152026,2,2026-09-30 06:00:00,6 days 06:00:00,150,27.0,-164.25,991.3,56.8
2026-09-24,EP152026,2,2026-09-30 12:00:00,6 days 12:00:00,156,27.25,-164.25,992.2,55.6
2026-09-24,EP152026,2,2026-09-30 18:00:00,6 days 18:00:00,162,28.25,-164.62,992.5,55.1
2026-09-24,EP152026,2,2026-10-01 00:00:00,7 days 00:00:00,168,29.25,-165.0,992.9,54.6
2026-09-24,EP152026,2,2026-10-01 06:00:00,7 days 06:00:00,174,30.39,-166.85,989.6,59.3
2026-09-24,EP152026,2,2026-10-01 12:00:00,7 days 12:00:00,180,31.5,-168.75,986.3,63.9
2026-09-24,EP152026,2,2026-10-01 18:00:00,7 days 18:00:00,186,32.25,-169.25,986.8,63.2
2026-09-24,EP152026,2,2026-10-02 00:00:00,8 days 00:00:00,192,33.0,-169.75,987.3,62.5
2026-09-24,EP152026,2,2026-10-02 06:00:00,8 days 06:00:00,198,33.75,-169.38,990.2,58.4
2026-09-24,EP152026,2,2026-10-02 12:00:00,8 days 12:00:00,204,34.5,-169.0,993.0,54.4
2026-09-24,EP152026,2,2026-10-02 18:00:00,8 days 18:00:00,210,34.88,-168.75,997.6,47.2
2026-09-24,EP152026,2,2026-10-03 00:00:00,9 days 00:00:00,216,35.25,-168.5,1002.2,40.0
2026-09-24,EP152026,2,2026-10-03 06:00:00,9 days 06:00:00,222,35.25,-168.38,1005.2,34.6
2026-09-24,EP152026,2,2026-10-03 12:00:00,9 days 12:00:00,228,35.25,-168.25,1008.2,29.2
2026-09-24,EP152026,2,2026-10-03 18:00:00,9 days 18:00:00,234,35.0,-168.75,1010.9,23.1
2026-09-24,EP152026,2,2026-10-04 00:00:00,10 days 00:00:00,240,34.75,-169.25,1013.7,17.1
2026-09-24,EP162026,2,2026-09-24 00:00:00,0 days 00:00:00,0,15.5,-126.75,971.6,82.7
2026-09-24,EP162026,2,2026-09-24 06:00:00,0 days 06:00:00,6,15.88,-126.25,975.8,77.4
2026-09-24,EP162026,2,2026-09-24 12:00:00,0 days 12:00:00,12,16.25,-125.75,980.0,72.2
2026-09-24,EP162026,2,2026-09-24 18:00:00,0 days 18:00:00,18,16.75,-125.0,980.7,71.3
2026-09-24,EP162026,2,2026-09-25 00:00:00,1 days 00:00:00,24,17.25,-124.25,981.4,70.4
2026-09-24,EP162026,2,2026-09-25 06:00:00,1 days 06:00:00,30,17.75,-124.13,980.3,71.9
2026-09-24,EP162026,2,2026-09-25 12:00:00,1 days 12:00:00,36,18.25,-124.0,979.1,73.3
2026-09-24,EP162026,2,2026-09-25 18:00:00,1 days 18:00:00,42,18.25,-123.88,977.9,74.9
2026-09-24,EP162026,2,2026-09-26 00:00:00,2 days 00:00:00,48,18.25,-123.75,976.7,76.5
2026-09-24,EP162026,2,2026-09-26 06:00:00,2 days 06:00:00,54,18.5,-123.75,982.8,68.4
2026-09-24,EP162026,2,2026-09-26 12:00:00,2 days 12:00:00,60,18.75,-123.75,988.9,60.3
2026-09-24,EP162026,2,2026-09-26 18:00:00,2 days 18:00:00,66,19.38,-123.38,991.9,55.9
2026-09-24,EP162026,2,2026-09-27 00:00:00,3 days 00:00:00,72,20.0,-123.0,994.9,51.6
2026-09-24,EP162026,2,2026-09-27 06:00:00,3 days 06:00:00,78,21.95,-118.07,982.8,67.7
2026-09-24,EP162026,2,2026-09-27 12:00:00,3 days 12:00:00,84,23.75,-113.0,970.8,83.7
2026-09-24,EP162026,2,2026-09-27 18:00:00,3 days 18:00:00,90,25.5,-113.0,979.5,72.5
2026-09-24,EP162026,2,2026-09-28 00:00:00,4 days 00:00:00,96,27.25,-113.0,988.2,61.2
2026-09-24,EP162026,2,2026-09-28 06:00:00,4 days 06:00:00,102,28.63,-112.51,992.0,55.8
2026-09-24,EP162026,2,2026-09-28 12:00:00,4 days 12:00:00,108,30.0,-112.0,995.7,50.4
2026-09-24,EP172026,2,2026-09-24 00:00:00,0 days 00:00:00,0,15.75,-102.25,970.5,84.0
2026-09-24,EP172026,2,2026-09-24 06:00:00,0 days 06:00:00,6,16.13,-103.12,975.1,78.3
2026-09-24,EP172026,2,2026-09-24 12:00:00,0 days 12:00:00,12,16.5,-104.0,979.7,72.6
2026-09-24,EP172026,2,2026-09-24 18:00:00,0 days 18:00:00,18,16.88,-105.0,979.9,72.4
2026-09-24,EP172026,2,2026-09-25 00:00:00,1 days 00:00:00,24,17.25,-106.0,980.0,72.2
2026-09-24,EP172026,2,2026-09-25 06:00:00,1 days 06:00:00,30,17.38,-106.87,977.8,75.0
2026-09-24,EP172026,2,2026-09-25 12:00:00,1 days 12:00:00,36,17.5,-107.75,975.5,77.9
2026-09-24,EP172026,2,2026-09-25 18:00:00,1 days 18:00:00,42,17.88,-108.75,973.6,80.3
2026-09-24,EP172026,2,2026-09-26 00:00:00,2 days 00:00:00,48,18.25,-109.75,971.6,82.7
2026-09-24,EP172026,2,2026-09-26 06:00:00,2 days 06:00:00,54,18.75,-110.5,969.2,85.5
2026-09-24,EP172026,2,2026-09-26 12:00:00,2 days 12:00:00,60,19.25,-111.25,966.9,88.3
2026-09-24,EP172026,2,2026-09-26 18:00:00,2 days 18:00:00,66,20.25,-111.87,967.6,87.4
2026-09-24,EP172026,2,2026-09-27 00:00:00,3 days 00:00:00,72,21.25,-112.5,968.4,86.5
2026-09-24,EP172026,2,2026-09-27 06:00:00,3 days 06:00:00,78,22.5,-112.75,969.6,85.1
2026-09-24,EP172026,2,2026-09-27 12:00:00,3 days 12:00:00,84,23.75,-113.0,970.8,83.7
2026-09-24,IO012026,2,2026-09-24 00:00:00,0 days 00:00:00,0,18.5,84.0,986.5,63.6
2026-09-24,IO012026,2,2026-09-24 06:00:00,0 days 06:00:00,6,19.38,83.63,989.0,60.0
2026-09-24,IO012026,2,2026-09-24 12:00:00,0 days 12:00:00,12,20.25,83.25,991.6,56.5
2026-09-24,IO012026,2,2026-09-24 18:00:00,0 days 18:00:00,18,20.38,83.25,992.2,55.5
2026-09-24,IO012026,2,2026-09-25 00:00:00,1 days 00:00:00,24,20.5,83.25,992.9,54.6
2026-09-24,IO012026,2,2026-09-25 06:00:00,1 days 06:00:00,30,21.38,82.63,992.9,54.6
2026-09-24,IO012026,2,2026-09-25 12:00:00,1 days 12:00:00,36,22.25,82.0,992.9,54.5
2026-09-24,IO012026,2,2026-09-25 18:00:00,1 days 18:00:00,42,22.88,81.38,993.9,53.1
2026-09-24,IO012026,2,2026-09-26 00:00:00,2 days 00:00:00,48,23.5,80.75,994.8,51.7
2026-09-24,IO012026,2,2026-09-26 06:00:00,2 days 06:00:00,54,24.25,81.37,994.8,51.8
2026-09-24,IO012026,2,2026-09-26 12:00:00,2 days 12:00:00,60,25.0,82.0,994.8,51.8
2026-09-24,IO012026,2,2026-09-26 18:00:00,2 days 18:00:00,66,26.5,81.01,996.4,49.3
2026-09-24,IO012026,2,2026-09-27 00:00:00,3 days 00:00:00,72,28.0,80.0,998.1,46.7
2026-09-24,WP252026,2,2026-09-24 00:00:00,0 days 00:00:00,0,18.0,134.5,1003.5,37.8
2026-09-24,WP252026,2,2026-09-24 06:00:00,0 days 06:00:00,6,18.63,133.38,1001.9,40.5
2026-09-24,WP252026,2,2026-09-24 12:00:00,0 days 12:00:00,12,19.25,132.25,1000.3,43.2
2026-09-24,WP252026,2,2026-09-24 18:00:00,0 days 18:00:00,18,19.75,131.0,1000.2,43.2
2026-09-24,WP252026,2,2026-09-25 00:00:00,1 days 00:00:00,24,20.25,129.75,1000.2,43.3
2026-09-24,WP252026,2,2026-09-25 06:00:00,1 days 06:00:00,30,20.88,128.88,999.5,44.4
2026-09-24,WP252026,2,2026-09-25 12:00:00,1 days 12:00:00,36,21.5,128.0,998.8,45.6
2026-09-24,WP252026,2,2026-09-25 18:00:00,1 days 18:00:00,42,22.38,127.38,995.8,50.1
2026-09-24,WP252026,2,2026-09-26 00:00:00,2 days 00:00:00,48,23.25,126.75,992.9,54.6
2026-09-24,WP252026,2,2026-09-26 06:00:00,2 days 06:00:00,54,23.88,126.87,993.3,53.9
2026-09-24,WP252026,2,2026-09-26 12:00:00,2 days 12:00:00,60,24.5,127.0,993.8,53.3
2026-09-24,WP252026,2,2026-09-26 18:00:00,2 days 18:00:00,66,25.0,127.25,994.0,52.9
2026-09-24,WP252026,2,2026-09-27 00:00:00,3 days 00:00:00,72,25.5,127.5,994.3,52.5
2026-09-24,WP252026,2,2026-09-27 06:00:00,3 days 06:00:00,78,26.13,128.25,995.0,51.5
2026-09-24,WP252026,2,2026-09-27 12:00:00,3 days 12:00:00,84,26.75,129.0,995.6,50.6
2026-09-24,WP252026,2,2026-09-27 18:00:00,3 days 18:00:00,90,27.63,129.99,997.2,48.0
2026-09-24,WP252026,2,2026-09-28 00:00:00,4 days 00:00:00,96,28.5,131.0,998.8,45.5
2026-09-24,WP252026,2,2026-09-28 06:00:00,4 days 06:00:00,102,29.39,133.23,1000.3,43.0
2026-09-24,WP252026,2,2026-09-28 12:00:00,4 days 12:00:00,108,30.25,135.5,1001.9,40.6
2026-09-24,WP252026,2,2026-09-28 18:00:00,4 days 18:00:00,114,31.27,137.73,1003.1,38.4
2026-09-24,WP252026,2,2026-09-29 00:00:00,5 days 00:00:00,120,32.25,140.0,1004.4,36.2
2026-09-24,WP252026,2,2026-09-29 06:00:00,5 days 06:00:00,126,33.16,142.72,1005.1,35.0
2026-09-24,WP252026,2,2026-09-29 12:00:00,5 days 12:00:00,132,34.0,145.5,1005.7,33.8
2026-09-24,WP252026,2,2026-09-29 18:00:00,5 days 18:00:00,138,35.05,149.08,1006.7,31.9
2026-09-24,WP252026,2,2026-09-30 00:00:00,6 days 00:00:00,144,36.0,152.75,1007.8,30.0
2026-09-24,EP152026,20,2026-09-24 00:00:00,0 days 00:00:00,0,14.5,-155.5,1000.6,42.7
2026-09-24,EP152026,20,2026-09-24 06:00:00,0 days 06:00:00,6,14.5,-155.75,998.5,46.0
2026-09-24,EP152026,20,2026-09-24 12:00:00,0 days 12:00:00,12,14.5,-156.0,996.4,49.4
2026-09-24,EP152026,20,2026-09-24 18:00:00,0 days 18:00:00,18,14.63,-155.75,994.8,51.7
2026-09-24,EP152026,20,2026-09-25 00:00:00,1 days 00:00:00,24,14.75,-155.5,993.3,54.0
2026-09-24,EP152026,20,2026-09-25 06:00:00,1 days 06:00:00,30,15.38,-155.25,990.4,58.1
2026-09-24,EP152026,20,2026-09-25 12:00:00,1 days 12:00:00,36,16.0,-155.0,987.6,62.1
2026-09-24,EP152026,20,2026-09-25 18:00:00,1 days 18:00:00,42,16.75,-154.88,983.7,67.2
2026-09-24,EP152026,20,2026-09-26 00:00:00,2 days 00:00:00,48,17.5,-154.75,979.9,72.4
2026-09-24,EP152026,20,2026-09-26 06:00:00,2 days 06:00:00,54,18.0,-154.75,984.6,66.0
2026-09-24,EP152026,20,2026-09-26 12:00:00,2 days 12:00:00,60,18.5,-154.75,989.4,59.6
2026-09-24,EP152026,20,2026-09-26 18:00:00,2 days 18:00:00,66,18.75,-155.62,991.9,56.0
2026-09-24,EP152026,20,2026-09-27 00:00:00,3 days 00:00:00,72,19.0,-156.5,994.4,52.4
2026-09-24,EP152026,20,2026-09-27 06:00:00,3 days 06:00:00,78,19.13,-157.25,992.8,54.7
2026-09-24,EP152026,20,2026-09-27 12:00:00,3 days 12:00:00,84,19.25,-158.0,991.2,57.0
2026-09-24,EP152026,20,2026-09-27 18:00:00,3 days 18:00:00,90,19.38,-159.12,992.5,55.2
2026-09-24,EP152026,20,2026-09-28 00:00:00,4 days 00:00:00,96,19.5,-160.25,993.7,53.3
2026-09-24,EP152026,20,2026-09-28 06:00:00,4 days 06:00:00,102,19.63,-161.5,995.5,50.7
2026-09-24,EP152026,20,2026-09-28 12:00:00,4 days 12:00:00,108,19.75,-162.75,997.3,48.0
2026-09-24,EP152026,20,2026-09-28 18:00:00,4 days 18:00:00,114,20.25,-163.75,997.2,48.1
2026-09-24,EP152026,20,2026-09-29 00:00:00,5 days 00:00:00,120,20.75,-164.75,997.1,48.3
2026-09-24,EP162026,20,2026-09-24 00:00:00,0 days 00:00:00,0,15.5,-126.75,971.6,82.7
2026-09-24,EP162026,20,2026-09-24 06:00:00,0 days 06:00:00,6,15.88,-126.25,977.2,75.6
2026-09-24,EP162026,20,2026-09-24 12:00:00,0 days 12:00:00,12,16.25,-125.75,982.8,68.6
2026-09-24,EP162026,20,2026-09-24 18:00:00,0 days 18:00:00,18,16.63,-125.0,985.4,65.1
2026-09-24,EP162026,20,2026-09-25 00:00:00,1 days 00:00:00,24,17.0,-124.25,988.0,61.6
2026-09-24,EP162026,20,2026-09-25 06:00:00,1 days 06:00:00,30,17.38,-123.88,986.1,64.1
2026-09-24,EP162026,20,2026-09-25 12:00:00,1 days 12:00:00,36,17.75,-123.5,984.2,66.7
2026-09-24,EP162026,20,2026-09-25 18:00:00,1 days 18:00:00,42,17.88,-123.38,985.3,65.2
2026-09-24,EP162026,20,2026-09-26 00:00:00,2 days 00:00:00,48,18.0,-123.25,986.3,63.8
2026-09-24,EP162026,20,2026-09-26 06:00:00,2 days 06:00:00,54,18.63,-123.13,982.9,68.4
2026-09-24,EP162026,20,2026-09-26 12:00:00,2 days 12:00:00,60,19.25,-123.0,979.4,73.0
2026-09-24,EP162026,20,2026-09-26 18:00:00,2 days 18:00:00,66,19.63,-122.88,985.7,64.4
2026-09-24,EP162026,20,2026-09-27 00:00:00,3 days 00:00:00,72,20.0,-122.75,992.0,55.9
2026-09-24,EP162026,20,2026-09-27 06:00:00,3 days 06:00:00,78,20.13,-122.38,994.9,51.5
2026-09-24,EP162026,20,2026-09-27 12:00:00,3 days 12:00:00,84,20.25,-122.0,997.9,47.0
2026-09-24,EP162026,20,2026-09-27 18:00:00,3 days 18:00:00,90,22.05,-117.8,985.9,63.5
2026-09-24,EP162026,20,2026-09-28 00:00:00,4 days 00:00:00,96,23.75,-113.5,973.8,80.0
2026-09-24,EP162026,20,2026-09-28 06:00:00,4 days 06:00:00,102,25.0,-113.25,974.7,78.9
2026-09-24,EP162026,20,2026-09-28 12:00:00,4 days 12:00:00,108,26.25,-113.0,975.5,77.9
2026-09-24,EP162026,20,2026-09-28 18:00:00,4 days 18:00:00,114,27.63,-112.01,983.4,67.4
2026-09-24,EP162026,20,2026-09-29 00:00:00,5 days 00:00:00,120,29.0,-111.0,991.3,56.8
2026-09-24,EP162026,20,2026-09-29 06:00:00,5 days 06:00:00,126,30.05,-107.41,996.2,49.3
2026-09-24,EP162026,20,2026-09-29 12:00:00,5 days 12:00:00,132,31.0,-103.75,1001.1,41.8
2026-09-24,EP172026,20,2026-09-24 00:00:00,0 days 00:00:00,0,15.75,-102.25,970.5,84.0
2026-09-24,EP172026,20,2026-09-24 06:00:00,0 days 06:00:00,6,16.13,-103.12,972.1,82.1
2026-09-24,EP172026,20,2026-09-24 12:00:00,0 days 12:00:00,12,16.5,-104.0,973.6,80.3
2026-09-24,EP172026,20,2026-09-24 18:00:00,0 days 18:00:00,18,16.63,-104.87,975.1,78.4
2026-09-24,EP172026,20,2026-09-25 00:00:00,1 days 00:00:00,24,16.75,-105.75,976.6,76.5
2026-09-24,EP172026,20,2026-09-25 06:00:00,1 days 06:00:00,30,17.0,-106.75,975.4,78.0
2026-09-24,EP172026,20,2026-09-25 12:00:00,1 days 12:00:00,36,17.25,-107.75,974.2,79.5
2026-09-24,EP172026,20,2026-09-25 18:00:00,1 days 18:00:00,42,17.5,-108.75,970.3,84.2
2026-09-24,EP172026,20,2026-09-26 00:00:00,2 days 00:00:00,48,17.75,-109.75,966.5,88.8
2026-09-24,EP172026,20,2026-09-26 06:00:00,2 days 06:00:00,54,17.88,-110.5,966.8,88.4
2026-09-24,EP172026,20,2026-09-26 12:00:00,2 days 12:00:00,60,18.0,-111.25,967.1,88.1
2026-09-24,EP172026,20,2026-09-26 18:00:00,2 days 18:00:00,66,18.75,-111.87,966.9,88.3
2026-09-24,EP172026,20,2026-09-27 00:00:00,3 days 00:00:00,72,19.5,-112.5,966.7,88.6
2026-09-24,EP172026,20,2026-09-27 06:00:00,3 days 06:00:00,78,20.25,-112.87,969.1,85.6
2026-09-24,EP172026,20,2026-09-27 12:00:00,3 days 12:00:00,84,21.0,-113.25,971.6,82.7
2026-09-24,EP172026,20,2026-09-27 18:00:00,3 days 18:00:00,90,22.38,-113.37,972.7,81.3
2026-09-24,EP172026,20,2026-09-28 00:00:00,4 days 00:00:00,96,23.75,-113.5,973.8,80.0
2026-09-24,IO012026,20,2026-09-24 00:00:00,0 days 00:00:00,0,18.5,84.0,986.5,63.6
2026-09-24,IO012026,20,2026-09-24 06:00:00,0 days 06:00:00,6,18.5,84.0,989.1,59.9
2026-09-24,IO012026,20,2026-09-24 12:00:00,0 days 12:00:00,12,18.5,84.0,991.8,56.2
2026-09-24,IO012026,20,2026-09-24 18:00:00,0 days 18:00:00,18,19.13,83.38,992.1,55.7
2026-09-24,IO012026,20,2026-09-25 00:00:00,1 days 00:00:00,24,19.75,82.75,992.5,55.1
2026-09-24,IO012026,20,2026-09-25 06:00:00,1 days 06:00:00,30,20.75,82.63,992.7,54.8
2026-09-24,IO012026,20,2026-09-25 12:00:00,1 days 12:00:00,36,21.75,82.5,992.9,54.5
2026-09-24,IO012026,20,2026-09-25 18:00:00,1 days 18:00:00,42,22.5,82.25,994.3,52.4
2026-09-24,IO012026,20,2026-09-26 00:00:00,2 days 00:00:00,48,23.25,82.0,995.7,50.4
2026-09-24,IO012026,20,2026-09-26 06:00:00,2 days 06:00:00,54,25.13,81.38,995.4,50.8
2026-09-24,IO012026,20,2026-09-26 12:00:00,2 days 12:00:00,60,27.0,80.75,995.1,51.3
2026-09-24,IO012026,20,2026-09-26 18:00:00,2 days 18:00:00,66,27.25,81.0,997.6,47.3
2026-09-24,IO012026,20,2026-09-27 00:00:00,3 days 00:00:00,72,27.5,81.25,1000.2,43.4
2026-09-24,WP252026,20,2026-09-24 00:00:00,0 days 00:00:00,0,18.0,134.5,1003.5,37.8
2026-09-24,WP252026,20,2026-09-24 06:00:00,0 days 06:00:00,6,18.5,133.13,1001.5,41.1
2026-09-24,WP252026,20,2026-09-24 12:00:00,0 days 12:00:00,12,19.0,131.75,999.5,44.4
2026-09-24,WP252026,20,2026-09-24 18:00:00,0 days 18:00:00,18,19.5,130.75,998.7,45.8
2026-09-24,WP252026,20,2026-09-25 00:00:00,1 days 00:00:00,24,20.0,129.75,997.8,47.1
2026-09-24,WP252026,20,2026-09-25 06:00:00,1 days 06:00:00,30,20.63,128.63,994.9,51.5
2026-09-24,WP252026,20,2026-09-25 12:00:00,1 days 12:00:00,36,21.25,127.5,992.0,55.9
2026-09-24,WP252026,20,2026-09-25 18:00:00,1 days 18:00:00,42,21.88,127.0,991.4,56.8
2026-09-24,WP252026,20,2026-09-26 00:00:00,2 days 00:00:00,48,22.5,126.5,990.8,57.7
2026-09-24,WP252026,20,2026-09-26 06:00:00,2 days 06:00:00,54,23.13,126.5,987.6,62.0
2026-09-24,WP252026,20,2026-09-26 12:00:00,2 days 12:00:00,60,23.75,126.5,984.5,66.4
2026-09-24,WP252026,20,2026-09-26 18:00:00,2 days 18:00:00,66,24.38,126.75,980.1,71.9
2026-09-24,WP252026,20,2026-09-27 00:00:00,3 days 00:00:00,72,25.0,127.0,975.8,77.5
2026-09-24,WP252026,20,2026-09-27 06:00:00,3 days 06:00:00,78,25.38,127.87,974.1,79.6
2026-09-24,WP252026,20,2026-09-27 12:00:00,3 days 12:00:00,84,25.75,128.75,972.4,81.8
2026-09-24,WP252026,20,2026-09-27 18:00:00,3 days 18:00:00,90,26.13,129.25,977.9,74.7
2026-09-24,WP252026,20,2026-09-28 00:00:00,4 days 00:00:00,96,26.5,129.75,983.4,67.7
2026-09-24,WP252026,20,2026-09-28 06:00:00,4 days 06:00:00,102,26.75,130.75,985.3,65.2
2026-09-24,WP252026,20,2026-09-28 12:00:00,4 days 12:00:00,108,27.0,131.75,987.2,62.6
2026-09-24,WP252026,20,2026-09-28 18:00:00,4 days 18:00:00,114,27.63,132.0,992.1,55.5
2026-09-24,WP252026,20,2026-09-29 00:00:00,5 days 00:00:00,120,28.25,132.25,997.1,48.3
2026-09-24,WP252026,20,2026-09-29 06:00:00,5 days 06:00:00,126,28.38,133.12,998.2,46.5
2026-09-24,WP252026,20,2026-09-29 12:00:00,5 days 12:00:00,132,28.5,134.0,999.3,44.8
2026-09-24,WP252026,20,2026-09-29 18:00:00,5 days 18:00:00,138,29.13,134.87,999.8,43.9
2026-09-24,WP252026,20,2026-09-30 00:00:00,6 days 00:00:00,144,29.75,135.75,1000.4,43.0
2026-09-24,WP252026,20,2026-09-30 06:00:00,6 days 06:00:00,150,30.63,137.24,1000.1,43.5
2026-09-24,WP252026,20,2026-09-30 12:00:00,6 days 12:00:00,156,31.5,138.75,999.8,44.0
2026-09-24,WP252026,20,2026-09-30 18:00:00,6 days 18:00:00,162,32.51,140.23,1001.2,41.7
2026-09-24,WP252026,20,2026-10-01 00:00:00,7 days 00:00:00,168,33.5,141.75,1002.6,39.3
2026-09-24,WP252026,20,2026-10-01 06:00:00,7 days 06:00:00,174,35.68,145.4,1003.7,37.4
2026-09-24,WP252026,20,2026-10-01 12:00:00,7 days 12:00:00,180,37.75,149.25,1004.8,35.5
2026-09-24,EP152026,21,2026-09-24 00:00:00,0 days 00:00:00,0,14.5,-155.5,1000.6,42.7
2026-09-24,EP152026,21,2026-09-24 06:00:00,0 days 06:00:00,6,14.38,-155.63,998.0,46.7
2026-09-24,EP152026,21,2026-09-24 12:00:00,0 days 12:00:00,12,14.25,-155.75,995.4,50.8
2026-09-24,EP152026,21,2026-09-24 18:00:00,0 days 18:00:00,18,14.63,-155.87,994.4,52.3
2026-09-24,EP152026,21,2026-09-25 00:00:00,1 days 00:00:00,24,15.0,-156.0,993.4,53.8
2026-09-24,EP152026,21,2026-09-25 06:00:00,1 days 06:00:00,30,15.5,-155.88,990.1,58.5
2026-09-24,EP152026,21,2026-09-25 12:00:00,1 days 12:00:00,36,16.0,-155.75,986.8,63.2
2026-09-24,EP152026,21,2026-09-25 18:00:00,1 days 18:00:00,42,16.75,-155.5,986.3,63.9
2026-09-24,EP152026,21,2026-09-26 00:00:00,2 days 00:00:00,48,17.5,-155.25,985.8,64.6
2026-09-24,EP152026,21,2026-09-26 06:00:00,2 days 06:00:00,54,18.25,-155.37,986.6,63.5
2026-09-24,EP152026,21,2026-09-26 12:00:00,2 days 12:00:00,60,19.0,-155.5,987.4,62.4
2026-09-24,EP152026,21,2026-09-26 18:00:00,2 days 18:00:00,66,19.25,-155.87,988.2,61.2
2026-09-24,EP152026,21,2026-09-27 00:00:00,3 days 00:00:00,72,19.5,-156.25,989.0,60.1
2026-09-24,EP152026,21,2026-09-27 06:00:00,3 days 06:00:00,78,19.25,-157.25,988.2,61.3
2026-09-24,EP152026,21,2026-09-27 12:00:00,3 days 12:00:00,84,19.0,-158.25,987.3,62.5
2026-09-24,EP152026,21,2026-09-27 18:00:00,3 days 18:00:00,90,19.0,-158.88,984.7,66.0
2026-09-24,EP152026,21,2026-09-28 00:00:00,4 days 00:00:00,96,19.0,-159.5,982.2,69.4
2026-09-24,EP152026,21,2026-09-28 06:00:00,4 days 06:00:00,102,19.25,-160.5,981.1,70.8
2026-09-24,EP152026,21,2026-09-28 12:00:00,4 days 12:00:00,108,19.5,-161.5,980.1,72.1
2026-09-24,EP152026,21,2026-09-28 18:00:00,4 days 18:00:00,114,20.13,-162.5,982.0,69.6
2026-09-24,EP152026,21,2026-09-29 00:00:00,5 days 00:00:00,120,20.75,-163.5,983.9,67.2
2026-09-24,EP152026,21,2026-09-29 06:00:00,5 days 06:00:00,126,21.5,-164.0,984.1,66.9
2026-09-24,EP152026,21,2026-09-29 12:00:00,5 days 12:00:00,132,22.25,-164.5,984.3,66.6
2026-09-24,EP152026,21,2026-09-29 18:00:00,5 days 18:00:00,138,23.25,-164.38,983.9,67.1
2026-09-24,EP152026,21,2026-09-30 00:00:00,6 days 00:00:00,144,24.25,-164.25,983.6,67.6
2026-09-24,EP152026,21,2026-09-30 06:00:00,6 days 06:00:00,150,25.38,-164.0,983.0,68.3
2026-09-24,EP152026,21,2026-09-30 12:00:00,6 days 12:00:00,156,26.5,-163.75,982.4,69.1
2026-09-24,EP152026,21,2026-09-30 18:00:00,6 days 18:00:00,162,28.13,-163.38,982.5,68.9
2026-09-24,EP152026,21,2026-10-01 00:00:00,7 days 00:00:00,168,29.75,-163.0,982.6,68.8
2026-09-24,EP152026,21,2026-10-01 06:00:00,7 days 06:00:00,174,31.63,-163.37,982.4,69.0
2026-09-24,EP152026,21,2026-10-01 12:00:00,7 days 12:00:00,180,33.5,-163.75,982.2,69.3
2026-09-24,EP152026,21,2026-10-01 18:00:00,7 days 18:00:00,186,35.25,-163.51,981.5,70.2
2026-09-24,EP152026,21,2026-10-02 00:00:00,8 days 00:00:00,192,37.0,-163.25,980.8,71.1
2026-09-24,EP152026,21,2026-10-02 06:00:00,8 days 06:00:00,198,39.38,-162.04,979.8,72.5
2026-09-24,EP152026,21,2026-10-02 12:00:00,8 days 12:00:00,204,41.75,-160.75,978.7,73.9
2026-09-24,EP152026,21,2026-10-02 18:00:00,8 days 18:00:00,210,44.91,-158.15,978.5,74.1
2026-09-24,EP152026,21,2026-10-03 00:00:00,9 days 00:00:00,216,48.0,-155.25,978.4,74.3
2026-09-24,EP152026,21,2026-10-03 06:00:00,9 days 06:00:00,222,51.43,-152.01,980.3,71.8
2026-09-24,EP152026,21,2026-10-03 12:00:00,9 days 12:00:00,228,54.75,-148.25,982.2,69.4
2026-09-24,EP152026,21,2026-10-03 18:00:00,9 days 18:00:00,234,55.15,-158.12,977.5,75.2
2026-09-24,EP152026,21,2026-10-04 00:00:00,10 days 00:00:00,240,54.75,-168.0,972.9,81.1
2026-09-24,EP162026,21,2026-09-24 00:00:00,0 days 00:00:00,0,15.5,-126.75,971.6,82.7
2026-09-24,EP162026,21,2026-09-24 06:00:00,0 days 06:00:00,6,15.75,-126.13,977.1,75.7
2026-09-24,EP162026,21,2026-09-24 12:00:00,0 days 12:00:00,12,16.0,-125.5,982.6,68.8
2026-09-24,EP162026,21,2026-09-24 18:00:00,0 days 18:00:00,18,16.63,-125.0,986.3,63.7
2026-09-24,EP162026,21,2026-09-25 00:00:00,1 days 00:00:00,24,17.25,-124.5,990.1,58.6
2026-09-24,EP162026,21,2026-09-25 06:00:00,1 days 06:00:00,30,17.62,-124.5,990.3,58.4
2026-09-24,EP162026,21,2026-09-25 12:00:00,1 days 12:00:00,36,18.0,-124.5,990.5,58.1
2026-09-24,EP162026,21,2026-09-25 18:00:00,1 days 18:00:00,42,18.38,-124.5,990.8,57.6
2026-09-24,EP162026,21,2026-09-26 00:00:00,2 days 00:00:00,48,18.75,-124.5,991.1,57.2
2026-09-24,EP162026,21,2026-09-26 06:00:00,2 days 06:00:00,54,19.13,-124.75,989.1,60.0
2026-09-24,EP162026,21,2026-09-26 12:00:00,2 days 12:00:00,60,19.5,-125.0,987.1,62.8
2026-09-24,EP162026,21,2026-09-26 18:00:00,2 days 18:00:00,66,20.0,-125.12,990.9,57.4
2026-09-24,EP162026,21,2026-09-27 00:00:00,3 days 00:00:00,72,20.5,-125.25,994.7,51.9
2026-09-24,EP162026,21,2026-09-27 06:00:00,3 days 06:00:00,78,20.63,-125.13,995.3,50.9
2026-09-24,EP162026,21,2026-09-27 12:00:00,3 days 12:00:00,84,20.75,-125.0,996.0,49.9
2026-09-24,EP162026,21,2026-09-27 18:00:00,3 days 18:00:00,90,20.88,-124.88,997.5,47.7
2026-09-24,EP162026,21,2026-09-28 00:00:00,4 days 00:00:00,96,21.0,-124.75,998.9,45.4
2026-09-24,EP162026,21,2026-09-28 06:00:00,4 days 06:00:00,102,22.19,-120.16,985.7,63.5
2026-09-24,EP162026,21,2026-09-28 12:00:00,4 days 12:00:00,108,23.25,-115.5,972.5,81.6
2026-09-24,EP162026,21,2026-09-28 18:00:00,4 days 18:00:00,114,23.5,-115.25,974.1,79.6
2026-09-24,EP162026,21,2026-09-29 00:00:00,5 days 00:00:00,120,23.75,-115.0,975.7,77.6
2026-09-24,EP162026,21,2026-09-29 06:00:00,5 days 06:00:00,126,23.88,-114.63,980.5,71.4
2026-09-24,EP162026,21,2026-09-29 12:00:00,5 days 12:00:00,132,24.0,-114.25,985.3,65.2
2026-09-24,EP162026,21,2026-09-29 18:00:00,5 days 18:00:00,138,23.75,-114.0,988.6,60.6
2026-09-24,EP162026,21,2026-09-30 00:00:00,6 days 00:00:00,144,23.5,-113.75,991.9,56.1
2026-09-24,EP162026,21,2026-09-30 06:00:00,6 days 06:00:00,150,23.13,-113.88,993.3,54.0
2026-09-24,EP162026,21,2026-09-30 12:00:00,6 days 12:00:00,156,22.75,-114.0,994.7,51.9
2026-09-24,EP162026,21,2026-09-30 18:00:00,6 days 18:00:00,162,22.5,-114.75,995.2,51.2
2026-09-24,EP162026,21,2026-10-01 00:00:00,7 days 00:00:00,168,22.25,-115.5,995.6,50.5
2026-09-24,EP162026,21,2026-10-01 06:00:00,7 days 06:00:00,174,22.13,-115.88,997.5,47.5
2026-09-24,EP162026,21,2026-10-01 12:00:00,7 days 12:00:00,180,22.0,-116.25,999.4,44.6
2026-09-24,EP162026,21,2026-10-01 18:00:00,7 days 18:00:00,186,21.49,-113.85,999.2,44.9
2026-09-24,EP162026,21,2026-10-02 00:00:00,8 days 00:00:00,192,20.94,-111.46,998.9,45.3
2026-09-24,EP162026,21,2026-10-02 06:00:00,8 days 06:00:00,198,20.36,-109.09,998.7,45.7
2026-09-24,EP162026,21,2026-10-02 12:00:00,8 days 12:00:00,204,19.75,-106.75,998.5,46.1
2026-09-24,EP162026,21,2026-10-02 18:00:00,8 days 18:00:00,210,19.75,-107.25,998.4,46.2
2026-09-24,EP162026,21,2026-10-03 00:00:00,9 days 00:00:00,216,19.75,-107.75,998.4,46.3
2026-09-24,EP162026,21,2026-10-03 06:00:00,9 days 06:00:00,222,19.63,-108.38,996.9,48.5
2026-09-24,EP162026,21,2026-10-03 12:00:00,9 days 12:00:00,228,19.5,-109.0,995.5,50.7
2026-09-24,EP162026,21,2026-10-03 18:00:00,9 days 18:00:00,234,19.19,-109.19,996.4,49.3
2026-09-24,EP162026,21,2026-10-04 00:00:00,10 days 00:00:00,240,18.88,-109.38,997.3,47.8
2026-09-24,EP162026,21,2026-10-04 06:00:00,10 days 06:00:00,246,18.56,-109.56,998.3,46.4
2026-09-24,EP162026,21,2026-10-04 12:00:00,10 days 12:00:00,252,18.25,-109.75,999.2,44.9
2026-09-24,EP162026,21,2026-10-04 18:00:00,10 days 18:00:00,258,18.25,-110.0,998.6,45.9
2026-09-24,EP162026,21,2026-10-05 00:00:00,11 days 00:00:00,264,18.25,-110.25,998.0,46.9
2026-09-24,EP162026,21,2026-10-05 06:00:00,11 days 06:00:00,270,18.25,-110.25,999.3,44.8
2026-09-24,EP162026,21,2026-10-05 12:00:00,11 days 12:00:00,276,18.25,-110.25,1000.6,42.7
2026-09-24,EP162026,21,2026-10-05 18:00:00,11 days 18:00:00,282,18.5,-111.0,999.8,43.9
2026-09-24,EP162026,21,2026-10-06 00:00:00,12 days 00:00:00,288,18.75,-111.75,999.1,45.1
2026-09-24,EP162026,21,2026-10-06 06:00:00,12 days 06:00:00,294,16.94,-106.57,1002.3,39.7
2026-09-24,EP162026,21,2026-10-06 12:00:00,12 days 12:00:00,300,15.0,-101.5,1005.4,34.3
2026-09-24,EP162026,21,2026-10-06 18:00:00,12 days 18:00:00,306,15.0,-101.12,1004.6,35.8
2026-09-24,EP162026,21,2026-10-07 00:00:00,13 days 00:00:00,312,15.0,-100.75,1003.8,37.2
2026-09-24,EP162026,21,2026-10-07 06:00:00,13 days 06:00:00,318,15.13,-101.12,1002.7,39.2
2026-09-24,EP162026,21,2026-10-07 12:00:00,13 days 12:00:00,324,15.25,-101.5,1001.6,41.1
2026-09-24,EP162026,21,2026-10-07 18:00:00,13 days 18:00:00,330,15.13,-101.75,1000.5,42.8
2026-09-24,EP162026,21,2026-10-08 00:00:00,14 days 00:00:00,336,15.0,-102.0,999.4,44.5
2026-09-24,EP162026,21,2026-10-08 06:00:00,14 days 06:00:00,342,15.0,-101.88,999.7,44.0
2026-09-24,EP162026,21,2026-10-08 12:00:00,14 days 12:00:00,348,15.0,-101.75,1000.1,43.5
2026-09-24,EP162026,21,2026-10-08 18:00:00,14 days 18:00:00,354,15.38,-101.5,997.8,47.0
2026-09-24,EP162026,21,2026-10-09 00:00:00,15 days 00:00:00,360,15.75,-101.25,995.6,50.5
2026-09-24,EP172026,21,2026-09-24 00:00:00,0 days 00:00:00,0,15.75,-102.25,970.5,84.0
2026-09-24,EP172026,21,2026-09-24 06:00:00,0 days 06:00:00,6,16.13,-103.25,972.7,81.4
2026-09-24,EP172026,21,2026-09-24 12:00:00,0 days 12:00:00,12,16.5,-104.25,974.8,78.7
2026-09-24,EP172026,21,2026-09-24 18:00:00,0 days 18:00:00,18,16.5,-105.12,976.8,76.2
2026-09-24,EP172026,21,2026-09-25 00:00:00,1 days 00:00:00,24,16.5,-106.0,978.9,73.7
2026-09-24,EP172026,21,2026-09-25 06:00:00,1 days 06:00:00,30,16.5,-107.0,976.2,77.1
2026-09-24,EP172026,21,2026-09-25 12:00:00,1 days 12:00:00,36,16.5,-108.0,973.4,80.4
2026-09-24,EP172026,21,2026-09-25 18:00:00,1 days 18:00:00,42,16.63,-109.0,972.4,81.8
2026-09-24,EP172026,21,2026-09-26 00:00:00,2 days 00:00:00,48,16.75,-110.0,971.3,83.1
2026-09-24,EP172026,21,2026-09-26 06:00:00,2 days 06:00:00,54,17.0,-110.87,970.3,84.3
2026-09-24,EP172026,21,2026-09-26 12:00:00,2 days 12:00:00,60,17.25,-111.75,969.3,85.4
2026-09-24,EP172026,21,2026-09-26 18:00:00,2 days 18:00:00,66,17.88,-112.37,968.2,86.8
2026-09-24,EP172026,21,2026-09-27 00:00:00,3 days 00:00:00,72,18.5,-113.0,967.0,88.2
2026-09-24,EP172026,21,2026-09-27 06:00:00,3 days 06:00:00,78,19.38,-113.62,970.3,84.3
2026-09-24,EP172026,21,2026-09-27 12:00:00,3 days 12:00:00,84,20.25,-114.25,973.5,80.4
2026-09-24,EP172026,21,2026-09-27 18:00:00,3 days 18:00:00,90,21.0,-114.62,972.3,81.8
2026-09-24,EP172026,21,2026-09-28 00:00:00,4 days 00:00:00,96,21.75,-115.0,971.1,83.2
2026-09-24,EP172026,21,2026-09-28 06:00:00,4 days 06:00:00,102,22.5,-115.25,971.8,82.4
2026-09-24,EP172026,21,2026-09-28 12:00:00,4 days 12:00:00,108,23.25,-115.5,972.5,81.6
2026-09-24,IO012026,21,2026-09-24 00:00:00,0 days 00:00:00,0,18.5,84.0,986.5,63.6
2026-09-24,IO012026,21,2026-09-24 06:00:00,0 days 06:00:00,6,18.5,84.0,989.2,59.9
2026-09-24,IO012026,21,2026-09-24 12:00:00,0 days 12:00:00,12,18.5,84.0,991.8,56.1
2026-09-24,IO012026,21,2026-09-24 18:00:00,0 days 18:00:00,18,19.25,83.38,991.8,56.2
2026-09-24,IO012026,21,2026-09-25 00:00:00,1 days 00:00:00,24,20.0,82.75,991.7,56.3
2026-09-24,IO012026,21,2026-09-25 06:00:00,1 days 06:00:00,30,21.0,82.5,993.3,54.0
2026-09-24,IO012026,21,2026-09-25 12:00:00,1 days 12:00:00,36,22.0,82.25,994.8,51.7
2026-09-24,IO012026,21,2026-09-25 18:00:00,1 days 18:00:00,42,23.0,81.88,996.1,49.8
2026-09-24,IO012026,21,2026-09-26 00:00:00,2 days 00:00:00,48,24.0,81.5,997.3,47.9
2026-09-24,IO012026,21,2026-09-26 06:00:00,2 days 06:00:00,54,25.13,81.13,997.7,47.3
2026-09-24,IO012026,21,2026-09-26 12:00:00,2 days 12:00:00,60,26.25,80.75,998.1,46.7
2026-09-24,IO012026,21,2026-09-26 18:00:00,2 days 18:00:00,66,26.88,80.87,1000.4,42.9
2026-09-24,IO012026,21,2026-09-27 00:00:00,3 days 00:00:00,72,27.5,81.0,1002.7,39.2
2026-09-24,WP252026,21,2026-09-24 00:00:00,0 days 00:00:00,0,18.0,134.5,1003.5,37.8
2026-09-24,WP252026,21,2026-09-24 06:00:00,0 days 06:00:00,6,18.5,133.25,1003.4,38.0
2026-09-24,WP252026,21,2026-09-24 12:00:00,0 days 12:00:00,12,19.0,132.0,1003.2,38.2
2026-09-24,WP252026,21,2026-09-24 18:00:00,0 days 18:00:00,18,19.25,131.0,1002.7,39.1
2026-09-24,WP252026,21,2026-09-25 00:00:00,1 days 00:00:00,24,19.5,130.0,1002.2,39.9
2026-09-24,WP252026,21,2026-09-25 06:00:00,1 days 06:00:00,30,20.25,129.0,1000.5,42.7
2026-09-24,WP252026,21,2026-09-25 12:00:00,1 days 12:00:00,36,21.0,128.0,998.8,45.6
2026-09-24,WP252026,21,2026-09-25 18:00:00,1 days 18:00:00,42,21.75,127.13,995.6,50.4
2026-09-24,WP252026,21,2026-09-26 00:00:00,2 days 00:00:00,48,22.5,126.25,992.4,55.2
2026-09-24,WP252026,21,2026-09-26 06:00:00,2 days 06:00:00,54,23.13,126.37,988.4,60.9
2026-09-24,WP252026,21,2026-09-26 12:00:00,2 days 12:00:00,60,23.75,126.5,984.4,66.5
2026-09-24,WP252026,21,2026-09-26 18:00:00,2 days 18:00:00,66,24.25,126.75,982.2,69.3
2026-09-24,WP252026,21,2026-09-27 00:00:00,3 days 00:00:00,72,24.75,127.0,980.0,72.2
2026-09-24,WP252026,21,2026-09-27 06:00:00,3 days 06:00:00,78,25.0,127.62,977.5,75.4
2026-09-24,WP252026,21,2026-09-27 12:00:00,3 days 12:00:00,84,25.25,128.25,974.9,78.6
2026-09-24,WP252026,21,2026-09-27 18:00:00,3 days 18:00:00,90,25.63,129.0,976.0,77.3
2026-09-24,WP252026,21,2026-09-28 00:00:00,4 days 00:00:00,96,26.0,129.75,977.1,75.9
2026-09-24,WP252026,21,2026-09-28 06:00:00,4 days 06:00:00,102,26.25,130.37,978.9,73.5
2026-09-24,WP252026,21,2026-09-28 12:00:00,4 days 12:00:00,108,26.5,131.0,980.8,71.2
2026-09-24,WP252026,21,2026-09-28 18:00:00,4 days 18:00:00,114,26.63,131.37,987.3,62.2
2026-09-24,WP252026,21,2026-09-29 00:00:00,5 days 00:00:00,120,26.75,131.75,993.8,53.2
2026-09-24,WP252026,21,2026-09-29 06:00:00,5 days 06:00:00,126,26.88,131.87,997.0,48.2
2026-09-24,WP252026,21,2026-09-29 12:00:00,5 days 12:00:00,132,27.0,132.0,1000.2,43.3
2026-09-24,WP252026,21,2026-09-29 18:00:00,5 days 18:00:00,138,27.0,132.0,1001.3,41.6
2026-09-24,WP252026,21,2026-09-30 00:00:00,6 days 00:00:00,144,27.0,132.0,1002.3,39.9
2026-09-24,WP252026,21,2026-09-30 06:00:00,6 days 06:00:00,150,27.25,132.12,1004.2,36.5
2026-09-24,WP252026,21,2026-09-30 12:00:00,6 days 12:00:00,156,27.5,132.25,1006.1,33.2
2026-09-24,WP252026,21,2026-09-30 18:00:00,6 days 18:00:00,162,28.0,132.68,1006.2,32.9
2026-09-24,WP252026,21,2026-10-01 00:00:00,7 days 00:00:00,168,28.5,133.12,1006.4,32.6
2026-09-24,WP252026,21,2026-10-01 06:00:00,7 days 06:00:00,174,29.0,133.56,1006.6,32.3
2026-09-24,WP252026,21,2026-10-01 12:00:00,7 days 12:00:00,180,29.5,134.0,1006.7,32.0
2026-09-24,AL902026,22,2026-09-24 00:00:00,0 days 00:00:00,0,12.75,-18.0,1008.8,27.9
2026-09-24,AL902026,22,2026-09-24 06:00:00,0 days 06:00:00,6,13.0,-19.12,1007.5,30.4
2026-09-24,AL902026,22,2026-09-24 12:00:00,0 days 12:00:00,12,13.25,-20.25,1006.2,32.9
2026-09-24,AL902026,22,2026-09-24 18:00:00,0 days 18:00:00,18,13.75,-21.0,1005.6,34.0
2026-09-24,AL902026,22,2026-09-25 00:00:00,1 days 00:00:00,24,14.25,-21.75,1005.0,35.1
2026-09-24,AL902026,22,2026-09-25 06:00:00,1 days 06:00:00,30,14.5,-22.25,1005.2,34.7
2026-09-24,AL902026,22,2026-09-25 12:00:00,1 days 12:00:00,36,14.75,-22.75,1005.5,34.3
2026-09-24,AL902026,22,2026-09-25 18:00:00,1 days 18:00:00,42,15.38,-23.25,1005.4,34.3
2026-09-24,AL902026,22,2026-09-26 00:00:00,2 days 00:00:00,48,16.0,-23.75,1005.4,34.3
2026-09-24,AL902026,22,2026-09-26 06:00:00,2 days 06:00:00,54,16.62,-23.69,1006.3,32.7
2026-09-24,AL902026,22,2026-09-26 12:00:00,2 days 12:00:00,60,17.25,-23.63,1007.1,31.1
2026-09-24,AL902026,22,2026-09-26 18:00:00,2 days 18:00:00,66,17.88,-23.56,1008.0,29.5
2026-09-24,AL902026,22,2026-09-27 00:00:00,3 days 00:00:00,72,18.5,-23.5,1008.8,27.9
2026-09-24,EP152026,22,2026-09-24 00:00:00,0 days 00:00:00,0,14.5,-155.5,1000.6,42.7
2026-09-24,EP152026,22,2026-09-24 06:00:00,0 days 06:00:00,6,14.5,-155.63,999.1,45.1
2026-09-24,EP152026,22,2026-09-24 12:00:00,0 days 12:00:00,12,14.5,-155.75,997.5,47.6
2026-09-24,EP152026,22,2026-09-24 18:00:00,0 days 18:00:00,18,14.75,-155.87,995.6,50.5
2026-09-24,EP152026,22,2026-09-25 00:00:00,1 days 00:00:00,24,15.0,-156.0,993.7,53.3
2026-09-24,EP152026,22,2026-09-25 06:00:00,1 days 06:00:00,30,15.25,-155.63,990.9,57.5
2026-09-24,EP152026,22,2026-09-25 12:00:00,1 days 12:00:00,36,15.5,-155.25,988.0,61.6
2026-09-24,EP152026,22,2026-09-25 18:00:00,1 days 18:00:00,42,16.13,-155.13,988.7,60.5
2026-09-24,EP152026,22,2026-09-26 00:00:00,2 days 00:00:00,48,16.75,-155.0,989.5,59.4
2026-09-24,EP152026,22,2026-09-26 06:00:00,2 days 06:00:00,54,17.13,-155.12,987.9,61.7
2026-09-24,EP152026,22,2026-09-26 12:00:00,2 days 12:00:00,60,17.5,-155.25,986.2,64.0
2026-09-24,EP152026,22,2026-09-26 18:00:00,2 days 18:00:00,66,17.38,-155.38,985.3,65.3
2026-09-24,EP152026,22,2026-09-27 00:00:00,3 days 00:00:00,72,17.25,-155.5,984.3,66.5
2026-09-24,EP152026,22,2026-09-27 06:00:00,3 days 06:00:00,78,17.0,-156.13,982.9,68.4
2026-09-24,EP152026,22,2026-09-27 12:00:00,3 days 12:00:00,84,16.75,-156.75,981.5,70.2
2026-09-24,EP152026,22,2026-09-27 18:00:00,3 days 18:00:00,90,16.63,-157.75,983.4,67.8
2026-09-24,EP152026,22,2026-09-28 00:00:00,4 days 00:00:00,96,16.5,-158.75,985.2,65.4
2026-09-24,EP152026,22,2026-09-28 06:00:00,4 days 06:00:00,102,16.5,-159.38,986.3,63.9
2026-09-24,EP152026,22,2026-09-28 12:00:00,4 days 12:00:00,108,16.5,-160.0,987.4,62.3
2026-09-24,EP152026,22,2026-09-28 18:00:00,4 days 18:00:00,114,17.0,-160.75,988.9,60.3
2026-09-24,EP152026,22,2026-09-29 00:00:00,5 days 00:00:00,120,17.5,-161.5,990.3,58.3
2026-09-24,EP152026,22,2026-09-29 06:00:00,5 days 06:00:00,126,18.38,-162.25,990.4,58.2
2026-09-24,EP152026,22,2026-09-29 12:00:00,5 days 12:00:00,132,19.25,-163.0,990.5,58.1
2026-09-24,EP152026,22,2026-09-29 18:00:00,5 days 18:00:00,138,20.38,-163.37,990.6,57.8
2026-09-24,EP152026,22,2026-09-30 00:00:00,6 days 00:00:00,144,21.5,-163.75,990.8,57.6
2026-09-24,EP152026,22,2026-09-30 06:00:00,6 days 06:00:00,150,22.75,-164.0,992.8,54.7
2026-09-24,EP152026,22,2026-09-30 12:00:00,6 days 12:00:00,156,24.0,-164.25,994.7,51.8
2026-09-24,EP152026,22,2026-09-30 18:00:00,6 days 18:00:00,162,25.13,-164.62,994.0,53.0
2026-09-24,EP152026,22,2026-10-01 00:00:00,7 days 00:00:00,168,26.25,-165.0,993.2,54.1
2026-09-24,EP152026,22,2026-10-01 06:00:00,7 days 06:00:00,174,27.51,-166.24,992.6,54.9
2026-09-24,EP152026,22,2026-10-01 12:00:00,7 days 12:00:00,180,28.75,-167.5,992.1,55.8
2026-09-24,EP152026,22,2026-10-01 18:00:00,7 days 18:00:00,186,29.26,-168.87,992.7,54.8
2026-09-24,EP152026,22,2026-10-02 00:00:00,8 days 00:00:00,192,29.75,-170.25,993.4,53.8
2026-09-24,EP152026,22,2026-10-02 06:00:00,8 days 06:00:00,198,29.76,-171.5,995.9,50.0
2026-09-24,EP152026,22,2026-10-02 12:00:00,8 days 12:00:00,204,29.75,-172.75,998.5,46.1
2026-09-24,EP152026,22,2026-10-02 18:00:00,8 days 18:00:00,210,29.38,-174.26,998.8,45.5
2026-09-24,EP152026,22,2026-10-03 00:00:00,9 days 00:00:00,216,29.0,-175.75,999.2,44.9
2026-09-24,EP152026,22,2026-10-03 06:00:00,9 days 06:00:00,222,28.51,-177.51,998.4,46.2
2026-09-24,EP152026,22,2026-10-03 12:00:00,9 days 12:00:00,228,28.0,-179.25,997.6,47.5
2026-09-24,EP152026,22,2026-10-03 18:00:00,9 days 18:00:00,234,27.52,178.36,1001.2,41.5
2026-09-24,EP152026,22,2026-10-04 00:00:00,10 days 00:00:00,240,27.0,176.0,1004.8,35.5
2026-09-24,EP162026,22,2026-09-24 00:00:00,0 days 00:00:00,0,15.5,-126.75,971.6,82.7
2026-09-24,EP162026,22,2026-09-24 06:00:00,0 days 06:00:00,6,15.88,-126.25,975.0,78.5
2026-09-24,EP162026,22,2026-09-24 12:00:00,0 days 12:00:00,12,16.25,-125.75,978.4,74.3
2026-09-24,EP162026,22,2026-09-24 18:00:00,0 days 18:00:00,18,16.5,-125.0,981.9,69.7
2026-09-24,EP162026,22,2026-09-25 00:00:00,1 days 00:00:00,24,16.75,-124.25,985.4,65.1
2026-09-24,EP162026,22,2026-09-25 06:00:00,1 days 06:00:00,30,17.25,-123.88,982.6,68.7
2026-09-24,EP162026,22,2026-09-25 12:00:00,1 days 12:00:00,36,17.75,-123.5,979.9,72.4
2026-09-24,EP162026,22,2026-09-25 18:00:00,1 days 18:00:00,42,18.38,-123.25,977.4,75.5
2026-09-24,EP162026,22,2026-09-26 00:00:00,2 days 00:00:00,48,19.0,-123.0,975.0,78.5
2026-09-24,EP162026,22,2026-09-26 06:00:00,2 days 06:00:00,54,19.38,-123.25,981.1,70.6
2026-09-24,EP162026,22,2026-09-26 12:00:00,2 days 12:00:00,60,19.75,-123.5,987.1,62.7
2026-09-24,EP162026,22,2026-09-26 18:00:00,2 days 18:00:00,66,20.63,-123.38,990.2,58.4
2026-09-24,EP162026,22,2026-09-27 00:00:00,3 days 00:00:00,72,21.5,-123.25,993.3,54.0
2026-09-24,EP162026,22,2026-09-27 06:00:00,3 days 06:00:00,78,22.25,-123.0,996.2,49.5
2026-09-24,EP162026,22,2026-09-27 12:00:00,3 days 12:00:00,84,23.0,-122.75,999.2,44.9
2026-09-24,EP162026,22,2026-09-27 18:00:00,3 days 18:00:00,90,22.88,-122.5,1000.2,43.2
2026-09-24,EP162026,22,2026-09-28 00:00:00,4 days 00:00:00,96,22.75,-122.25,1001.3,41.5
2026-09-24,EP162026,22,2026-09-28 06:00:00,4 days 06:00:00,102,24.17,-118.66,986.5,62.0
2026-09-24,EP162026,22,2026-09-28 12:00:00,4 days 12:00:00,108,25.5,-115.0,971.7,82.5
2026-09-24,EP162026,22,2026-09-28 18:00:00,4 days 18:00:00,114,26.88,-114.26,978.9,73.3
2026-09-24,EP162026,22,2026-09-29 00:00:00,5 days 00:00:00,120,28.25,-113.5,986.1,64.1
2026-09-24,EP162026,22,2026-09-29 06:00:00,5 days 06:00:00,126,30.13,-112.15,992.9,54.1
2026-09-24,EP162026,22,2026-09-29 12:00:00,5 days 12:00:00,132,32.0,-110.75,999.7,44.1
2026-09-24,EP172026,22,2026-09-24 00:00:00,0 days 00:00:00,0,15.75,-102.25,970.5,84.0
2026-09-24,EP172026,22,2026-09-24 06:00:00,0 days 06:00:00,6,16.13,-103.12,973.2,80.7
2026-09-24,EP172026,22,2026-09-24 12:00:00,0 days 12:00:00,12,16.5,-104.0,975.8,77.5
2026-09-24,EP172026,22,2026-09-24 18:00:00,0 days 18:00:00,18,16.75,-104.87,977.2,75.7
2026-09-24,EP172026,22,2026-09-25 00:00:00,1 days 00:00:00,24,17.0,-105.75,978.6,74.0
2026-09-24,EP172026,22,2026-09-25 06:00:00,1 days 06:00:00,30,16.88,-106.63,976.4,76.8
2026-09-24,EP172026,22,2026-09-25 12:00:00,1 days 12:00:00,36,16.75,-107.5,974.1,79.6
2026-09-24,EP172026,22,2026-09-25 18:00:00,1 days 18:00:00,42,16.88,-108.75,972.6,81.5
2026-09-24,EP172026,22,2026-09-26 00:00:00,2 days 00:00:00,48,17.0,-110.0,971.0,83.4
2026-09-24,EP172026,22,2026-09-26 06:00:00,2 days 06:00:00,54,17.13,-110.87,970.7,83.7
2026-09-24,EP172026,22,2026-09-26 12:00:00,2 days 12:00:00,60,17.25,-111.75,970.5,84.0
2026-09-24,EP172026,22,2026-09-26 18:00:00,2 days 18:00:00,66,17.88,-112.37,973.3,80.6
2026-09-24,EP172026,22,2026-09-27 00:00:00,3 days 00:00:00,72,18.5,-113.0,976.1,77.1
2026-09-24,EP172026,22,2026-09-27 06:00:00,3 days 06:00:00,78,19.5,-113.62,976.6,76.5
2026-09-24,EP172026,22,2026-09-27 12:00:00,3 days 12:00:00,84,20.5,-114.25,977.1,75.9
2026-09-24,EP172026,22,2026-09-27 18:00:00,3 days 18:00:00,90,21.75,-114.5,974.1,79.6
2026-09-24,EP172026,22,2026-09-28 00:00:00,4 days 00:00:00,96,23.0,-114.75,971.2,83.2
2026-09-24,EP172026,22,2026-09-28 06:00:00,4 days 06:00:00,102,24.25,-114.87,971.5,82.9
2026-09-24,EP172026,22,2026-09-28 12:00:00,4 days 12:00:00,108,25.5,-115.0,971.7,82.5
2026-09-24,IO012026,22,2026-09-24 00:00:00,0 days 00:00:00,0,18.5,84.0,986.5,63.6
2026-09-24,IO012026,22,2026-09-24 06:00:00,0 days 06:00:00,6,19.25,83.63,988.8,60.4
2026-09-24,IO012026,22,2026-09-24 12:00:00,0 days 12:00:00,12,20.0,83.25,991.2,57.1
2026-09-24,IO012026,22,2026-09-24 18:00:00,0 days 18:00:00,18,20.38,83.0,991.9,56.1
2026-09-24,IO012026,22,2026-09-25 00:00:00,1 days 00:00:00,24,20.75,82.75,992.6,55.0
2026-09-24,IO012026,22,2026-09-25 06:00:00,1 days 06:00:00,30,21.5,82.38,993.4,53.8
2026-09-24,IO012026,22,2026-09-25 12:00:00,1 days 12:00:00,36,22.25,82.0,994.2,52.6
2026-09-24,IO012026,22,2026-09-25 18:00:00,1 days 18:00:00,42,23.5,81.75,995.3,51.0
2026-09-24,IO012026,22,2026-09-26 00:00:00,2 days 00:00:00,48,24.75,81.5,996.4,49.4
2026-09-24,IO012026,22,2026-09-26 06:00:00,2 days 06:00:00,54,25.5,81.0,997.4,47.7
2026-09-24,IO012026,22,2026-09-26 12:00:00,2 days 12:00:00,60,26.25,80.5,998.5,46.1
2026-09-24,WP252026,22,2026-09-24 00:00:00,0 days 00:00:00,0,18.0,134.5,1003.5,37.8
2026-09-24,WP252026,22,2026-09-24 06:00:00,0 days 06:00:00,6,18.5,133.5,1002.5,39.4
2026-09-24,WP252026,22,2026-09-24 12:00:00,0 days 12:00:00,12,19.0,132.5,1001.5,41.1
2026-09-24,WP252026,22,2026-09-24 18:00:00,0 days 18:00:00,18,19.88,131.26,999.8,43.9
2026-09-24,WP252026,22,2026-09-25 00:00:00,1 days 00:00:00,24,20.75,130.0,998.1,46.6
2026-09-24,WP252026,22,2026-09-25 06:00:00,1 days 06:00:00,30,21.13,129.13,996.1,49.7
2026-09-24,WP252026,22,2026-09-25 12:00:00,1 days 12:00:00,36,21.5,128.25,994.1,52.8
2026-09-24,WP252026,22,2026-09-25 18:00:00,1 days 18:00:00,42,22.13,127.75,994.4,52.4
2026-09-24,WP252026,22,2026-09-26 00:00:00,2 days 00:00:00,48,22.75,127.25,994.7,51.9
2026-09-24,WP252026,22,2026-09-26 06:00:00,2 days 06:00:00,54,23.25,127.25,993.4,53.8
2026-09-24,WP252026,22,2026-09-26 12:00:00,2 days 12:00:00,60,23.75,127.25,992.2,55.6
2026-09-24,WP252026,22,2026-09-26 18:00:00,2 days 18:00:00,66,24.5,127.75,991.8,56.1
2026-09-24,WP252026,22,2026-09-27 00:00:00,3 days 00:00:00,72,25.25,128.25,991.5,56.6
2026-09-24,WP252026,22,2026-09-27 06:00:00,3 days 06:00:00,78,25.75,129.0,990.2,58.4
2026-09-24,WP252026,22,2026-09-27 12:00:00,3 days 12:00:00,84,26.25,129.75,988.9,60.3
2026-09-24,WP252026,22,2026-09-27 18:00:00,3 days 18:00:00,90,27.0,130.49,991.0,57.3
2026-09-24,WP252026,22,2026-09-28 00:00:00,4 days 00:00:00,96,27.75,131.25,993.0,54.4
2026-09-24,WP252026,22,2026-09-28 06:00:00,4 days 06:00:00,102,29.13,132.48,995.6,50.5
2026-09-24,WP252026,22,2026-09-28 12:00:00,4 days 12:00:00,108,30.5,133.75,998.1,46.6
2026-09-24,WP252026,22,2026-09-28 18:00:00,4 days 18:00:00,114,32.02,136.09,998.5,46.1
2026-09-24,WP252026,22,2026-09-29 00:00:00,5 days 00:00:00,120,33.5,138.5,998.8,45.5
2026-09-24,WP252026,22,2026-09-29 06:00:00,5 days 06:00:00,126,35.44,142.28,998.4,46.3
2026-09-24,WP252026,22,2026-09-29 12:00:00,5 days 12:00:00,132,37.25,146.25,997.9,47.0
2026-09-24,EP152026,23,2026-09-24 00:00:00,0 days 00:00:00,0,14.5,-155.5,1000.6,42.7
2026-09-24,EP152026,23,2026-09-24 06:00:00,0 days 06:00:00,6,14.63,-155.75,997.3,47.8
2026-09-24,EP152026,23,2026-09-24 12:00:00,0 days 12:00:00,12,14.75,-156.0,994.0,52.9
2026-09-24,EP152026,23,2026-09-24 18:00:00,0 days 18:00:00,18,14.88,-156.0,991.0,57.3
2026-09-24,EP152026,23,2026-09-25 00:00:00,1 days 00:00:00,24,15.0,-156.0,987.9,61.7
2026-09-24,EP152026,23,2026-09-25 06:00:00,1 days 06:00:00,30,15.5,-155.88,986.9,63.1
2026-09-24,EP152026,23,2026-09-25 12:00:00,1 days 12:00:00,36,16.0,-155.75,985.8,64.5
2026-09-24,EP152026,23,2026-09-25 18:00:00,1 days 18:00:00,42,16.5,-155.38,984.3,66.6
2026-09-24,EP152026,23,2026-09-26 00:00:00,2 days 00:00:00,48,17.0,-155.0,982.7,68.7
2026-09-24,EP152026,23,2026-09-26 06:00:00,2 days 06:00:00,54,17.63,-155.12,982.6,68.9
2026-09-24,EP152026,23,2026-09-26 12:00:00,2 days 12:00:00,60,18.25,-155.25,982.4,69.0
2026-09-24,EP152026,23,2026-09-26 18:00:00,2 days 18:00:00,66,18.5,-155.75,987.3,62.4
2026-09-24,EP152026,23,2026-09-27 00:00:00,3 days 00:00:00,72,18.75,-156.25,992.1,55.8
2026-09-24,EP152026,23,2026-09-27 06:00:00,3 days 06:00:00,78,19.0,-157.25,992.1,55.8
2026-09-24,EP152026,23,2026-09-27 12:00:00,3 days 12:00:00,84,19.25,-158.25,992.1,55.8
2026-09-24,EP152026,23,2026-09-27 18:00:00,3 days 18:00:00,90,18.88,-159.63,993.1,54.3
2026-09-24,EP152026,23,2026-09-28 00:00:00,4 days 00:00:00,96,18.5,-161.0,994.1,52.7
2026-09-24,EP152026,23,2026-09-28 06:00:00,4 days 06:00:00,102,18.75,-162.12,995.4,50.8
2026-09-24,EP152026,23,2026-09-28 12:00:00,4 days 12:00:00,108,19.0,-163.25,996.7,48.9
2026-09-24,EP152026,23,2026-09-28 18:00:00,4 days 18:00:00,114,19.38,-164.12,998.5,46.0
2026-09-24,EP152026,23,2026-09-29 00:00:00,5 days 00:00:00,120,19.75,-165.0,1000.4,43.0
2026-09-24,EP152026,23,2026-09-29 06:00:00,5 days 06:00:00,126,20.38,-165.74,999.6,44.2
2026-09-24,EP152026,23,2026-09-29 12:00:00,5 days 12:00:00,132,21.01,-166.49,998.9,45.4
2026-09-24,EP152026,23,2026-09-29 18:00:00,5 days 18:00:00,138,21.63,-167.24,998.1,46.6
2026-09-24,EP152026,23,2026-09-30 00:00:00,6 days 00:00:00,144,22.25,-168.0,997.4,47.8
2026-09-24,EP152026,23,2026-09-30 06:00:00,6 days 06:00:00,150,22.5,-167.38,998.2,46.5
2026-09-24,EP152026,23,2026-09-30 12:00:00,6 days 12:00:00,156,22.75,-166.75,999.0,45.2
2026-09-24,EP152026,23,2026-09-30 18:00:00,6 days 18:00:00,162,24.19,-166.57,996.6,48.9
2026-09-24,EP152026,23,2026-10-01 00:00:00,7 days 00:00:00,168,25.63,-166.38,994.1,52.6
2026-09-24,EP152026,23,2026-10-01 06:00:00,7 days 06:00:00,174,27.06,-166.19,991.6,56.2
2026-09-24,EP152026,23,2026-10-01 12:00:00,7 days 12:00:00,180,28.5,-166.0,989.2,59.9
2026-09-24,EP152026,23,2026-10-01 18:00:00,7 days 18:00:00,186,28.25,-166.63,988.7,60.5
2026-09-24,EP152026,23,2026-10-02 00:00:00,8 days 00:00:00,192,28.0,-167.25,988.3,61.2
2026-09-24,EP152026,23,2026-10-02 06:00:00,8 days 06:00:00,198,27.63,-168.0,990.7,57.7
2026-09-24,EP152026,23,2026-10-02 12:00:00,8 days 12:00:00,204,27.25,-168.75,993.1,54.3
2026-09-24,EP152026,23,2026-10-02 18:00:00,8 days 18:00:00,210,26.88,-170.0,994.2,52.7
2026-09-24,EP152026,23,2026-10-03 00:00:00,9 days 00:00:00,216,26.5,-171.25,995.3,51.0
2026-09-24,EP152026,23,2026-10-03 06:00:00,9 days 06:00:00,222,26.38,-172.88,994.9,51.6
2026-09-24,EP152026,23,2026-10-03 12:00:00,9 days 12:00:00,228,26.25,-174.5,994.6,52.1
2026-09-24,EP152026,23,2026-10-03 18:00:00,9 days 18:00:00,234,26.13,-175.75,993.0,54.4
2026-09-24,EP152026,23,2026-10-04 00:00:00,10 days 00:00:00,240,26.0,-177.0,991.5,56.6
2026-09-24,EP152026,23,2026-10-04 06:00:00,10 days 06:00:00,246,26.01,-178.38,994.2,52.6
2026-09-24,EP152026,23,2026-10-04 12:00:00,10 days 12:00:00,252,26.0,-179.75,996.8,48.6
2026-09-24,EP152026,23,2026-10-04 18:00:00,10 days 18:00:00,258,26.38,178.63,1000.0,43.5
2026-09-24,EP152026,23,2026-10-05 00:00:00,11 days 00:00:00,264,26.75,177.0,1003.2,38.3
2026-09-24,EP152026,23,2026-10-05 06:00:00,11 days 06:00:00,270,24.23,171.13,990.0,57.2
2026-09-24,EP152026,23,2026-10-05 12:00:00,11 days 12:00:00,276,21.5,165.5,976.9,76.2
2026-09-24,EP152026,23,2026-10-05 18:00:00,11 days 18:00:00,282,22.75,164.39,978.7,73.9
2026-09-24,EP152026,23,2026-10-06 00:00:00,12 days 00:00:00,288,24.0,163.25,980.5,71.6
2026-09-24,EP152026,23,2026-10-06 06:00:00,12 days 06:00:00,294,25.25,162.51,984.0,66.8
2026-09-24,EP152026,23,2026-10-06 12:00:00,12 days 12:00:00,300,26.5,161.75,987.6,62.1
2026-09-24,EP152026,23,2026-10-06 18:00:00,12 days 18:00:00,306,27.63,161.38,986.6,63.4
2026-09-24,EP152026,23,2026-10-07 00:00:00,13 days 00:00:00,312,28.75,161.0,985.7,64.7
2026-09-24,EP152026,23,2026-10-07 06:00:00,13 days 06:00:00,318,29.88,162.61,986.4,63.7
2026-09-24,EP152026,23,2026-10-07 12:00:00,13 days 12:00:00,324,31.0,164.25,987.1,62.8
2026-09-24,EP152026,23,2026-10-07 18:00:00,13 days 18:00:00,330,33.63,165.58,985.0,65.6
2026-09-24,EP152026,23,2026-10-08 00:00:00,14 days 00:00:00,336,36.25,167.0,983.0,68.4
2026-09-24,EP152026,23,2026-10-08 06:00:00,14 days 06:00:00,342,39.2,171.08,979.0,73.4
2026-09-24,EP152026,23,2026-10-08 12:00:00,14 days 12:00:00,348,42.0,175.5,975.1,78.4
2026-09-24,EP152026,23,2026-10-08 18:00:00,14 days 18:00:00,354,45.23,-179.77,968.0,86.8
2026-09-24,EP152026,23,2026-10-09 00:00:00,15 days 00:00:00,360,48.25,-174.5,961.0,95.1
2026-09-24,EP162026,23,2026-09-24 00:00:00,0 days 00:00:00,0,15.5,-126.75,971.6,82.7
2026-09-24,EP162026,23,2026-09-24 06:00:00,0 days 06:00:00,6,15.88,-126.13,976.3,76.8
2026-09-24,EP162026,23,2026-09-24 12:00:00,0 days 12:00:00,12,16.25,-125.5,980.9,71.0
2026-09-24,EP162026,23,2026-09-24 18:00:00,0 days 18:00:00,18,16.75,-125.0,982.3,69.2
2026-09-24,EP162026,23,2026-09-25 00:00:00,1 days 00:00:00,24,17.25,-124.5,983.6,67.5
2026-09-24,EP162026,23,2026-09-25 06:00:00,1 days 06:00:00,30,17.63,-124.0,983.3,67.9
2026-09-24,EP162026,23,2026-09-25 12:00:00,1 days 12:00:00,36,18.0,-123.5,982.9,68.4
2026-09-24,EP162026,23,2026-09-25 18:00:00,1 days 18:00:00,42,18.12,-123.5,986.5,63.6
2026-09-24,EP162026,23,2026-09-26 00:00:00,2 days 00:00:00,48,18.25,-123.5,990.0,58.8
2026-09-24,EP162026,23,2026-09-26 06:00:00,2 days 06:00:00,54,18.38,-123.5,991.7,56.3
2026-09-24,EP162026,23,2026-09-26 12:00:00,2 days 12:00:00,60,18.5,-123.5,993.3,53.9
2026-09-24,EP162026,23,2026-09-26 18:00:00,2 days 18:00:00,66,18.63,-123.38,995.0,51.4
2026-09-24,EP162026,23,2026-09-27 00:00:00,3 days 00:00:00,72,18.75,-123.25,996.7,48.9
2026-09-24,EP162026,23,2026-09-27 06:00:00,3 days 06:00:00,78,18.88,-123.37,997.5,47.6
2026-09-24,EP162026,23,2026-09-27 12:00:00,3 days 12:00:00,84,19.0,-123.5,998.3,46.4
2026-09-24,EP162026,23,2026-09-27 18:00:00,3 days 18:00:00,90,20.82,-118.68,984.5,65.1
2026-09-24,EP162026,23,2026-09-28 00:00:00,4 days 00:00:00,96,22.5,-113.75,970.7,83.8
2026-09-24,EP162026,23,2026-09-28 06:00:00,4 days 06:00:00,102,23.38,-113.75,971.8,82.4
2026-09-24,EP162026,23,2026-09-28 12:00:00,4 days 12:00:00,108,24.25,-113.75,972.9,81.1
2026-09-24,EP162026,23,2026-09-28 18:00:00,4 days 18:00:00,114,24.88,-113.13,976.1,77.1
2026-09-24,EP162026,23,2026-09-29 00:00:00,5 days 00:00:00,120,25.5,-112.5,979.3,73.1
2026-09-24,EP162026,23,2026-09-29 06:00:00,5 days 06:00:00,126,26.25,-112.0,985.1,65.3
2026-09-24,EP162026,23,2026-09-29 12:00:00,5 days 12:00:00,132,27.0,-111.5,990.9,57.5
2026-09-24,EP162026,23,2026-09-29 18:00:00,5 days 18:00:00,138,26.25,-112.13,995.6,50.2
2026-09-24,EP162026,23,2026-09-30 00:00:00,6 days 00:00:00,144,25.5,-112.75,1000.4,43.0
2026-09-24,EP162026,23,2026-09-30 06:00:00,6 days 06:00:00,150,22.14,-110.7,992.0,55.3
2026-09-24,EP162026,23,2026-09-30 12:00:00,6 days 12:00:00,156,18.75,-108.75,983.6,67.5
2026-09-24,EP162026,23,2026-09-30 18:00:00,6 days 18:00:00,162,18.88,-109.0,982.8,68.6
2026-09-24,EP162026,23,2026-10-01 00:00:00,7 days 00:00:00,168,19.0,-109.25,982.0,69.7
2026-09-24,EP162026,23,2026-10-01 06:00:00,7 days 06:00:00,174,19.25,-109.62,982.5,69.0
2026-09-24,EP162026,23,2026-10-01 12:00:00,7 days 12:00:00,180,19.5,-110.0,983.0,68.3
2026-09-24,EP162026,23,2026-10-01 18:00:00,7 days 18:00:00,186,19.63,-110.75,982.2,69.4
2026-09-24,EP162026,23,2026-10-02 00:00:00,8 days 00:00:00,192,19.75,-111.5,981.3,70.5
2026-09-24,EP162026,23,2026-10-02 06:00:00,8 days 06:00:00,198,19.75,-112.62,979.2,73.2
2026-09-24,EP162026,23,2026-10-02 12:00:00,8 days 12:00:00,204,19.75,-113.75,977.0,76.0
2026-09-24,EP162026,23,2026-10-02 18:00:00,8 days 18:00:00,210,19.75,-114.63,980.9,70.9
2026-09-24,EP162026,23,2026-10-03 00:00:00,9 days 00:00:00,216,19.75,-115.5,984.8,65.9
2026-09-24,EP162026,23,2026-10-03 06:00:00,9 days 06:00:00,222,19.88,-116.25,985.1,65.4
2026-09-24,EP162026,23,2026-10-03 12:00:00,9 days 12:00:00,228,20.0,-117.0,985.4,65.0
2026-09-24,EP162026,23,2026-10-03 18:00:00,9 days 18:00:00,234,20.38,-117.75,986.2,64.1
2026-09-24,EP162026,23,2026-10-04 00:00:00,10 days 00:00:00,240,20.75,-118.5,986.9,63.1
2026-09-24,EP162026,23,2026-10-04 06:00:00,10 days 06:00:00,246,21.0,-119.12,988.4,61.0
2026-09-24,EP162026,23,2026-10-04 12:00:00,10 days 12:00:00,252,21.25,-119.75,989.9,58.9
2026-09-24,EP162026,23,2026-10-04 18:00:00,10 days 18:00:00,258,21.5,-120.12,992.1,55.7
2026-09-24,EP162026,23,2026-10-05 00:00:00,11 days 00:00:00,264,21.75,-120.5,994.3,52.4
2026-09-24,EP162026,23,2026-10-05 06:00:00,11 days 06:00:00,270,21.63,-120.63,996.4,49.3
2026-09-24,EP162026,23,2026-10-05 12:00:00,11 days 12:00:00,276,21.5,-120.75,998.4,46.2
2026-09-24,EP162026,23,2026-10-05 18:00:00,11 days 18:00:00,282,21.5,-120.88,998.2,46.5
2026-09-24,EP162026,23,2026-10-06 00:00:00,12 days 00:00:00,288,21.5,-121.0,998.1,46.7
2026-09-24,EP162026,23,2026-10-06 06:00:00,12 days 06:00:00,294,21.25,-121.13,999.6,44.2
2026-09-24,EP162026,23,2026-10-06 12:00:00,12 days 12:00:00,300,21.0,-121.25,1001.2,41.7
2026-09-24,EP162026,23,2026-10-06 18:00:00,12 days 18:00:00,306,20.88,-121.5,1002.0,40.3
2026-09-24,EP162026,23,2026-10-07 00:00:00,13 days 00:00:00,312,20.75,-121.75,1002.9,38.8
2026-09-24,EP172026,23,2026-09-24 00:00:00,0 days 00:00:00,0,15.75,-102.25,970.5,84.0
2026-09-24,EP172026,23,2026-09-24 06:00:00,0 days 06:00:00,6,16.0,-103.12,974.7,78.8
2026-09-24,EP172026,23,2026-09-24 12:00:00,0 days 12:00:00,12,16.25,-104.0,978.8,73.7
2026-09-24,EP172026,23,2026-09-24 18:00:00,0 days 18:00:00,18,16.38,-104.87,978.3,74.4
2026-09-24,EP172026,23,2026-09-25 00:00:00,1 days 00:00:00,24,16.5,-105.75,977.8,75.1
2026-09-24,EP172026,23,2026-09-25 06:00:00,1 days 06:00:00,30,16.75,-106.75,976.2,77.0
2026-09-24,EP172026,23,2026-09-25 12:00:00,1 days 12:00:00,36,17.0,-107.75,974.7,78.9
2026-09-24,EP172026,23,2026-09-25 18:00:00,1 days 18:00:00,42,17.0,-108.63,973.2,80.7
2026-09-24,EP172026,23,2026-09-26 00:00:00,2 days 00:00:00,48,17.0,-109.5,971.7,82.5
2026-09-24,EP172026,23,2026-09-26 06:00:00,2 days 06:00:00,54,17.25,-110.37,966.4,88.8
2026-09-24,EP172026,23,2026-09-26 12:00:00,2 days 12:00:00,60,17.5,-111.25,961.1,95.0
2026-09-24,EP172026,23,2026-09-26 18:00:00,2 days 18:00:00,66,18.25,-111.87,964.2,91.4
2026-09-24,EP172026,23,2026-09-27 00:00:00,3 days 00:00:00,72,19.0,-112.5,967.3,87.9
2026-09-24,EP172026,23,2026-09-27 06:00:00,3 days 06:00:00,78,19.88,-113.0,968.2,86.8
2026-09-24,EP172026,23,2026-09-27 12:00:00,3 days 12:00:00,84,20.75,-113.5,969.0,85.8
2026-09-24,EP172026,23,2026-09-27 18:00:00,3 days 18:00:00,90,21.63,-113.62,969.8,84.8
2026-09-24,EP172026,23,2026-09-28 00:00:00,4 days 00:00:00,96,22.5,-113.75,970.7,83.8
2026-09-24,IO012026,23,2026-09-24 00:00:00,0 days 00:00:00,0,18.5,84.0,986.5,63.6
2026-09-24,IO012026,23,2026-09-24 06:00:00,0 days 06:00:00,6,18.5,83.75,989.0,60.1
2026-09-24,IO012026,23,2026-09-24 12:00:00,0 days 12:00:00,12,18.5,83.5,991.5,56.6
2026-09-24,IO012026,23,2026-09-24 18:00:00,0 days 18:00:00,18,19.25,83.0,992.0,55.9
2026-09-24,IO012026,23,2026-09-25 00:00:00,1 days 00:00:00,24,20.0,82.5,992.5,55.1
2026-09-24,IO012026,23,2026-09-25 06:00:00,1 days 06:00:00,30,20.63,82.38,993.4,53.9
2026-09-24,IO012026,23,2026-09-25 12:00:00,1 days 12:00:00,36,21.25,82.25,994.2,52.6
2026-09-24,IO012026,23,2026-09-25 18:00:00,1 days 18:00:00,42,22.5,81.75,995.5,50.6
2026-09-24,IO012026,23,2026-09-26 00:00:00,2 days 00:00:00,48,23.75,81.25,996.8,48.7
2026-09-24,IO012026,23,2026-09-26 06:00:00,2 days 06:00:00,54,24.75,81.0,996.2,49.7
2026-09-24,IO012026,23,2026-09-26 12:00:00,2 days 12:00:00,60,25.75,80.75,995.5,50.6
2026-09-24,IO012026,23,2026-09-26 18:00:00,2 days 18:00:00,66,27.12,80.75,997.5,47.6
2026-09-24,IO012026,23,2026-09-27 00:00:00,3 days 00:00:00,72,28.5,80.75,999.5,44.5
2026-09-24,WP252026,23,2026-09-24 00:00:00,0 days 00:00:00,0,18.0,134.5,1003.5,37.8
2026-09-24,WP252026,23,2026-09-24 06:00:00,0 days 06:00:00,6,18.63,133.38,1002.0,40.4
2026-09-24,WP252026,23,2026-09-24 12:00:00,0 days 12:00:00,12,19.25,132.25,1000.4,43.0
2026-09-24,WP252026,23,2026-09-24 18:00:00,0 days 18:00:00,18,19.63,131.0,998.5,45.9
2026-09-24,WP252026,23,2026-09-25 00:00:00,1 days 00:00:00,24,20.0,129.75,996.7,48.9
2026-09-24,WP252026,23,2026-09-25 06:00:00,1 days 06:00:00,30,20.5,128.88,995.0,51.4
2026-09-24,WP252026,23,2026-09-25 12:00:00,1 days 12:00:00,36,21.0,128.0,993.3,54.0
2026-09-24,WP252026,23,2026-09-25 18:00:00,1 days 18:00:00,42,21.75,127.13,991.6,56.4
2026-09-24,WP252026,23,2026-09-26 00:00:00,2 days 00:00:00,48,22.5,126.25,989.9,58.9
2026-09-24,WP252026,23,2026-09-26 06:00:00,2 days 06:00:00,54,23.25,126.5,987.0,62.8
2026-09-24,WP252026,23,2026-09-26 12:00:00,2 days 12:00:00,60,24.0,126.75,984.2,66.8
2026-09-24,WP252026,23,2026-09-26 18:00:00,2 days 18:00:00,66,24.25,126.87,980.3,71.8
2026-09-24,WP252026,23,2026-09-27 00:00:00,3 days 00:00:00,72,24.5,127.0,976.4,76.8
2026-09-24,WP252026,23,2026-09-27 06:00:00,3 days 06:00:00,78,25.0,127.37,975.5,77.9
2026-09-24,WP252026,23,2026-09-27 12:00:00,3 days 12:00:00,84,25.5,127.75,974.6,79.0
2026-09-24,WP252026,23,2026-09-27 18:00:00,3 days 18:00:00,90,26.13,128.37,979.6,72.6
2026-09-24,WP252026,23,2026-09-28 00:00:00,4 days 00:00:00,96,26.75,129.0,984.6,66.2
2026-09-24,WP252026,23,2026-09-28 06:00:00,4 days 06:00:00,102,27.25,130.12,985.6,64.8
2026-09-24,WP252026,23,2026-09-28 12:00:00,4 days 12:00:00,108,27.75,131.25,986.6,63.5
2026-09-24,WP252026,23,2026-09-28 18:00:00,4 days 18:00:00,114,28.13,132.5,989.3,59.7
2026-09-24,WP252026,23,2026-09-29 00:00:00,5 days 00:00:00,120,28.5,133.75,992.0,55.9
2026-09-24,WP252026,23,2026-09-29 06:00:00,5 days 06:00:00,126,29.38,134.87,994.3,52.4
2026-09-24,WP252026,23,2026-09-29 12:00:00,5 days 12:00:00,132,30.25,136.0,996.7,48.9
2026-09-24,WP252026,23,2026-09-29 18:00:00,5 days 18:00:00,138,31.38,137.36,996.8,48.7
2026-09-24,WP252026,23,2026-09-30 00:00:00,6 days 00:00:00,144,32.5,138.75,997.0,48.4
2026-09-24,WP252026,23,2026-09-30 06:00:00,6 days 06:00:00,150,34.53,141.19,997.8,47.1
2026-09-24,WP252026,23,2026-09-30 12:00:00,6 days 12:00:00,156,36.5,143.75,998.7,45.7
2026-09-24,EP152026,24,2026-09-24 00:00:00,0 days 00:00:00,0,14.5,-155.5,1000.6,42.7
2026-09-24,EP152026,24,2026-09-24 06:00:00,0 days 06:00:00,6,14.5,-155.75,998.2,46.4
2026-09-24,EP152026,24,2026-09-24 12:00:00,0 days 12:00:00,12,14.5,-156.0,995.8,50.2
2026-09-24,EP152026,24,2026-09-24 18:00:00,0 days 18:00:00,18,14.75,-155.88,993.1,54.2
2026-09-24,EP152026,24,2026-09-25 00:00:00,1 days 00:00:00,24,15.0,-155.75,990.4,58.1
2026-09-24,EP152026,24,2026-09-25 06:00:00,1 days 06:00:00,30,15.5,-155.75,988.1,61.4
2026-09-24,EP152026,24,2026-09-25 12:00:00,1 days 12:00:00,36,16.0,-155.75,985.7,64.7
2026-09-24,EP152026,24,2026-09-25 18:00:00,1 days 18:00:00,42,16.5,-155.38,984.3,66.5
2026-09-24,EP152026,24,2026-09-26 00:00:00,2 days 00:00:00,48,17.0,-155.0,982.9,68.4
2026-09-24,EP152026,24,2026-09-26 06:00:00,2 days 06:00:00,54,17.63,-155.12,986.1,64.1
2026-09-24,EP152026,24,2026-09-26 12:00:00,2 days 12:00:00,60,18.25,-155.25,989.3,59.7
2026-09-24,EP152026,24,2026-09-26 18:00:00,2 days 18:00:00,66,18.5,-155.87,988.8,60.5
2026-09-24,EP152026,24,2026-09-27 00:00:00,3 days 00:00:00,72,18.75,-156.5,988.3,61.2
2026-09-24,EP152026,24,2026-09-27 06:00:00,3 days 06:00:00,78,18.88,-157.25,985.9,64.4
2026-09-24,EP152026,24,2026-09-27 12:00:00,3 days 12:00:00,84,19.0,-158.0,983.5,67.6
2026-09-24,EP152026,24,2026-09-27 18:00:00,3 days 18:00:00,90,19.0,-158.88,983.2,68.0
2026-09-24,EP152026,24,2026-09-28 00:00:00,4 days 00:00:00,96,19.0,-159.75,982.9,68.4
2026-09-24,EP152026,24,2026-09-28 06:00:00,4 days 06:00:00,102,19.25,-160.62,983.4,67.8
2026-09-24,EP152026,24,2026-09-28 12:00:00,4 days 12:00:00,108,19.5,-161.5,983.8,67.2
2026-09-24,EP152026,24,2026-09-28 18:00:00,4 days 18:00:00,114,20.25,-162.37,986.7,63.3
2026-09-24,EP152026,24,2026-09-29 00:00:00,5 days 00:00:00,120,21.0,-163.25,989.5,59.5
2026-09-24,EP152026,24,2026-09-29 06:00:00,5 days 06:00:00,126,22.13,-164.37,990.7,57.7
2026-09-24,EP152026,24,2026-09-29 12:00:00,5 days 12:00:00,132,23.25,-165.5,991.9,56.0
2026-09-24,EP152026,24,2026-09-29 18:00:00,5 days 18:00:00,138,24.0,-166.49,990.1,58.6
2026-09-24,EP152026,24,2026-09-30 00:00:00,6 days 00:00:00,144,24.75,-167.5,988.2,61.3
2026-09-24,EP152026,24,2026-09-30 06:00:00,6 days 06:00:00,150,24.13,-168.63,986.8,63.2
2026-09-24,EP152026,24,2026-09-30 12:00:00,6 days 12:00:00,156,23.5,-169.75,985.3,65.2
2026-09-24,EP152026,24,2026-09-30 18:00:00,6 days 18:00:00,162,23.13,-170.5,988.1,61.4
2026-09-24,EP152026,24,2026-10-01 00:00:00,7 days 00:00:00,168,22.75,-171.25,990.8,57.6
2026-09-24,EP152026,24,2026-10-01 06:00:00,7 days 06:00:00,174,22.5,-171.88,987.7,61.9
2026-09-24,EP152026,24,2026-10-01 12:00:00,7 days 12:00:00,180,22.25,-172.5,984.5,66.3
2026-09-24,EP152026,24,2026-10-01 18:00:00,7 days 18:00:00,186,22.13,-173.38,984.2,66.6
2026-09-24,EP152026,24,2026-10-02 00:00:00,8 days 00:00:00,192,22.0,-174.25,984.0,67.0
2026-09-24,EP152026,24,2026-10-02 06:00:00,8 days 06:00:00,198,21.75,-175.5,982.4,69.1
2026-09-24,EP152026,24,2026-10-02 12:00:00,8 days 12:00:00,204,21.5,-176.75,980.8,71.2
2026-09-24,EP152026,24,2026-10-02 18:00:00,8 days 18:00:00,210,21.51,-178.13,979.4,73.0
2026-09-24,EP152026,24,2026-10-03 00:00:00,9 days 00:00:00,216,21.5,-179.5,978.0,74.8
2026-09-24,EP152026,24,2026-10-03 06:00:00,9 days 06:00:00,222,21.89,178.38,977.6,75.3
2026-09-24,EP152026,24,2026-10-03 12:00:00,9 days 12:00:00,228,22.25,176.25,977.1,75.8
2026-09-24,EP152026,24,2026-10-03 18:00:00,9 days 18:00:00,234,22.77,173.88,976.6,76.6
2026-09-24,EP152026,24,2026-10-04 00:00:00,10 days 00:00:00,240,23.25,171.5,976.0,77.3
2026-09-24,EP152026,24,2026-10-04 06:00:00,10 days 06:00:00,246,23.64,169.26,976.9,76.2
2026-09-24,EP152026,24,2026-10-04 12:00:00,10 days 12:00:00,252,24.0,167.0,977.8,75.1
2026-09-24,EP152026,24,2026-10-04 18:00:00,10 days 18:00:00,258,25.14,165.27,979.6,72.7
2026-09-24,EP152026,24,2026-10-05 00:00:00,11 days 00:00:00,264,26.25,163.5,981.5,70.3
2026-09-24,EP152026,24,2026-10-05 06:00:00,11 days 06:00:00,270,27.51,162.26,979.2,73.2
2026-09-24,EP152026,24,2026-10-05 12:00:00,11 days 12:00:00,276,28.75,161.0,976.9,76.1
2026-09-24,EP152026,24,2026-10-05 18:00:00,11 days 18:00:00,282,30.38,160.75,979.8,72.5
2026-09-24,EP152026,24,2026-10-06 00:00:00,12 days 00:00:00,288,32.0,160.5,982.6,68.8
2026-09-24,EP152026,24,2026-10-06 06:00:00,12 days 06:00:00,294,33.38,161.73,982.9,68.4
2026-09-24,EP152026,24,2026-10-06 12:00:00,12 days 12:00:00,300,34.75,163.0,983.2,68.0
2026-09-24,EP152026,24,2026-10-06 18:00:00,12 days 18:00:00,306,35.27,165.11,984.9,65.7
2026-09-24,EP152026,24,2026-10-07 00:00:00,13 days 00:00:00,312,35.75,167.25,986.6,63.4
2026-09-24,EP152026,24,2026-10-07 06:00:00,13 days 06:00:00,318,35.51,168.88,991.9,55.8
2026-09-24,EP152026,24,2026-10-07 12:00:00,13 days 12:00:00,324,35.25,170.5,997.1,48.2
2026-09-24,EP152026,24,2026-10-07 18:00:00,13 days 18:00:00,330,35.01,171.75,1000.2,43.1
2026-09-24,EP152026,24,2026-10-08 00:00:00,14 days 00:00:00,336,34.75,173.0,1003.3,38.1
2026-09-24,EP152026,24,2026-10-08 06:00:00,14 days 06:00:00,342,34.38,174.38,1005.7,33.6
2026-09-24,EP152026,24,2026-10-08 12:00:00,14 days 12:00:00,348,34.0,175.75,1008.2,29.2
2026-09-24,EP162026,24,2026-09-24 00:00:00,0 days 00:00:00,0,15.5,-126.75,971.6,82.7
2026-09-24,EP162026,24,2026-09-24 06:00:00,0 days 06:00:00,6,15.88,-126.13,976.9,76.0
2026-09-24,EP162026,24,2026-09-24 12:00:00,0 days 12:00:00,12,16.25,-125.5,982.2,69.3
2026-09-24,EP162026,24,2026-09-24 18:00:00,0 days 18:00:00,18,16.63,-124.88,980.5,71.5
2026-09-24,EP162026,24,2026-09-25 00:00:00,1 days 00:00:00,24,17.0,-124.25,978.8,73.7
2026-09-24,EP162026,24,2026-09-25 06:00:00,1 days 06:00:00,30,17.5,-123.63,978.0,74.8
2026-09-24,EP162026,24,2026-09-25 12:00:00,1 days 12:00:00,36,18.0,-123.0,977.2,75.8
2026-09-24,EP162026,24,2026-09-25 18:00:00,1 days 18:00:00,42,18.5,-123.0,977.2,75.8
2026-09-24,EP162026,24,2026-09-26 00:00:00,2 days 00:00:00,48,19.0,-123.0,977.2,75.8
2026-09-24,EP162026,24,2026-09-26 06:00:00,2 days 06:00:00,54,19.25,-123.0,978.5,74.1
2026-09-24,EP162026,24,2026-09-26 12:00:00,2 days 12:00:00,60,19.5,-123.0,979.8,72.4
2026-09-24,EP162026,24,2026-09-26 18:00:00,2 days 18:00:00,66,20.25,-122.88,985.2,65.1
2026-09-24,EP162026,24,2026-09-27 00:00:00,3 days 00:00:00,72,21.0,-122.75,990.6,57.9
2026-09-24,EP162026,24,2026-09-27 06:00:00,3 days 06:00:00,78,21.63,-122.5,993.8,53.2
2026-09-24,EP162026,24,2026-09-27 12:00:00,3 days 12:00:00,84,22.25,-122.25,997.0,48.4
2026-09-24,EP162026,24,2026-09-27 18:00:00,3 days 18:00:00,90,23.44,-117.91,986.7,62.6
2026-09-24,EP162026,24,2026-09-28 00:00:00,4 days 00:00:00,96,24.5,-113.5,976.5,76.7
2026-09-24,EP162026,24,2026-09-28 06:00:00,4 days 06:00:00,102,26.13,-113.01,982.3,69.0
2026-09-24,EP162026,24,2026-09-28 12:00:00,4 days 12:00:00,108,27.75,-112.5,988.2,61.3
2026-09-24,EP172026,24,2026-09-24 00:00:00,0 days 00:00:00,0,15.75,-102.25,970.5,84.0
2026-09-24,EP172026,24,2026-09-24 06:00:00,0 days 06:00:00,6,16.13,-103.12,973.1,80.9
2026-09-24,EP172026,24,2026-09-24 12:00:00,0 days 12:00:00,12,16.5,-104.0,975.6,77.8
2026-09-24,EP172026,24,2026-09-24 18:00:00,0 days 18:00:00,18,16.75,-105.0,976.3,76.9
2026-09-24,EP172026,24,2026-09-25 00:00:00,1 days 00:00:00,24,17.0,-106.0,977.0,76.0
2026-09-24,EP172026,24,2026-09-25 06:00:00,1 days 06:00:00,30,17.38,-107.0,977.8,75.0
2026-09-24,EP172026,24,2026-09-25 12:00:00,1 days 12:00:00,36,17.75,-108.0,978.6,74.1
2026-09-24,EP172026,24,2026-09-25 18:00:00,1 days 18:00:00,42,17.88,-109.0,975.1,78.3
2026-09-24,EP172026,24,2026-09-26 00:00:00,2 days 00:00:00,48,18.0,-110.0,971.7,82.5
2026-09-24,EP172026,24,2026-09-26 06:00:00,2 days 06:00:00,54,18.25,-110.62,970.3,84.3
2026-09-24,EP172026,24,2026-09-26 12:00:00,2 days 12:00:00,60,18.5,-111.25,968.8,86.0
2026-09-24,EP172026,24,2026-09-26 18:00:00,2 days 18:00:00,66,19.25,-111.87,967.1,88.0
2026-09-24,EP172026,24,2026-09-27 00:00:00,3 days 00:00:00,72,20.0,-112.5,965.4,90.0
2026-09-24,EP172026,24,2026-09-27 06:00:00,3 days 06:00:00,78,21.0,-113.0,969.1,85.6
2026-09-24,EP172026,24,2026-09-27 12:00:00,3 days 12:00:00,84,22.0,-113.5,972.8,81.2
2026-09-24,EP172026,24,2026-09-27 18:00:00,3 days 18:00:00,90,23.25,-113.5,974.7,78.9
2026-09-24,EP172026,24,2026-09-28 00:00:00,4 days 00:00:00,96,24.5,-113.5,976.5,76.7
2026-09-24,IO012026,24,2026-09-24 00:00:00,0 days 00:00:00,0,18.5,84.0,986.5,63.6
2026-09-24,IO012026,24,2026-09-24 06:00:00,0 days 06:00:00,6,19.25,83.38,989.2,59.8
2026-09-24,IO012026,24,2026-09-24 12:00:00,0 days 12:00:00,12,20.0,82.75,991.9,56.0
2026-09-24,IO012026,24,2026-09-24 18:00:00,0 days 18:00:00,18,20.0,82.75,992.1,55.7
2026-09-24,IO012026,24,2026-09-25 00:00:00,1 days 00:00:00,24,20.0,82.75,992.3,55.4
2026-09-24,IO012026,24,2026-09-25 06:00:00,1 days 06:00:00,30,20.88,82.5,993.2,54.1
2026-09-24,IO012026,24,2026-09-25 12:00:00,1 days 12:00:00,36,21.75,82.25,994.1,52.8
2026-09-24,IO012026,24,2026-09-25 18:00:00,1 days 18:00:00,42,22.75,81.51,995.3,51.0
2026-09-24,IO012026,24,2026-09-26 00:00:00,2 days 00:00:00,48,23.75,80.75,996.5,49.1
2026-09-24,IO012026,24,2026-09-26 06:00:00,2 days 06:00:00,54,24.5,80.63,996.7,48.8
2026-09-24,IO012026,24,2026-09-26 12:00:00,2 days 12:00:00,60,25.25,80.5,996.9,48.5
2026-09-24,IO012026,24,2026-09-26 18:00:00,2 days 18:00:00,66,26.25,80.0,997.2,48.1
2026-09-24,IO012026,24,2026-09-27 00:00:00,3 days 00:00:00,72,27.25,79.5,997.5,47.6
2026-09-24,WP252026,24,2026-09-24 00:00:00,0 days 00:00:00,0,18.0,134.5,1003.5,37.8
2026-09-24,WP252026,24,2026-09-24 06:00:00,0 days 06:00:00,6,18.5,133.25,1002.8,38.9
2026-09-24,WP252026,24,2026-09-24 12:00:00,0 days 12:00:00,12,19.0,132.0,1002.2,40.1
2026-09-24,WP252026,24,2026-09-24 18:00:00,0 days 18:00:00,18,19.5,130.88,1002.1,40.2
2026-09-24,WP252026,24,2026-09-25 00:00:00,1 days 00:00:00,24,20.0,129.75,1002.0,40.3
2026-09-24,WP252026,24,2026-09-25 06:00:00,1 days 06:00:00,30,20.5,128.75,998.6,45.8
2026-09-24,WP252026,24,2026-09-25 12:00:00,1 days 12:00:00,36,21.0,127.75,995.2,51.2
2026-09-24,WP252026,24,2026-09-25 18:00:00,1 days 18:00:00,42,21.63,126.88,993.1,54.2
2026-09-24,WP252026,24,2026-09-26 00:00:00,2 days 00:00:00,48,22.25,126.0,991.1,57.2
2026-09-24,WP252026,24,2026-09-26 06:00:00,2 days 06:00:00,54,23.0,125.75,988.9,60.2
2026-09-24,WP252026,24,2026-09-26 12:00:00,2 days 12:00:00,60,23.75,125.5,986.8,63.2
2026-09-24,WP252026,24,2026-09-26 18:00:00,2 days 18:00:00,66,24.38,125.87,984.7,66.0
2026-09-24,WP252026,24,2026-09-27 00:00:00,3 days 00:00:00,72,25.0,126.25,982.7,68.7
2026-09-24,WP252026,24,2026-09-27 06:00:00,3 days 06:00:00,78,25.38,126.62,986.0,64.2
2026-09-24,WP252026,24,2026-09-27 12:00:00,3 days 12:00:00,84,25.75,127.0,989.3,59.8
2026-09-24,WP252026,24,2026-09-27 18:00:00,3 days 18:00:00,90,26.13,127.75,987.6,62.1
2026-09-24,WP252026,24,2026-09-28 00:00:00,4 days 00:00:00,96,26.5,128.5,985.9,64.5
2026-09-24,WP252026,24,2026-09-28 06:00:00,4 days 06:00:00,102,27.25,129.62,989.7,59.0
2026-09-24,WP252026,24,2026-09-28 12:00:00,4 days 12:00:00,108,28.0,130.75,993.6,53.5
2026-09-24,WP252026,24,2026-09-28 18:00:00,4 days 18:00:00,114,28.26,132.0,994.4,52.3
2026-09-24,WP252026,24,2026-09-29 00:00:00,5 days 00:00:00,120,28.5,133.25,995.2,51.1
2026-09-24,WP252026,24,2026-09-29 06:00:00,5 days 06:00:00,126,29.0,134.25,997.1,48.2
2026-09-24,WP252026,24,2026-09-29 12:00:00,5 days 12:00:00,132,29.5,135.25,998.9,45.4
2026-09-24,WP252026,24,2026-09-29 18:00:00,5 days 18:00:00,138,29.63,135.75,1000.3,43.1
2026-09-24,WP252026,24,2026-09-30 00:00:00,6 days 00:00:00,144,29.75,136.25,1001.8,40.7
2026-09-24,WP252026,24,2026-09-30 06:00:00,6 days 06:00:00,150,30.38,136.75,1002.6,39.3
2026-09-24,WP252026,24,2026-09-30 12:00:00,6 days 12:00:00,156,31.0,137.25,1003.4,37.9
2026-09-24,WP252026,24,2026-09-30 18:00:00,6 days 18:00:00,162,32.0,138.36,1003.1,38.4
2026-09-24,WP252026,24,2026-10-01 00:00:00,7 days 00:00:00,168,33.0,139.5,1002.9,38.9
2026-09-24,WP252026,24,2026-10-01 06:00:00,7 days 06:00:00,174,34.02,141.6,1002.2,40.0
2026-09-24,WP252026,24,2026-10-01 12:00:00,7 days 12:00:00,180,35.0,143.75,1001.6,41.1
2026-09-24,WP252026,24,2026-10-01 18:00:00,7 days 18:00:00,186,36.02,145.97,1004.3,36.2
2026-09-24,WP252026,24,2026-10-02 00:00:00,8 days 00:00:00,192,37.0,148.25,1007.1,31.3
2026-09-24,EP152026,25,2026-09-24 00:00:00,0 days 00:00:00,0,14.5,-155.5,1000.6,42.7
2026-09-24,EP152026,25,2026-09-24 06:00:00,0 days 06:00:00,6,14.63,-155.75,999.4,44.6
2026-09-24,EP152026,25,2026-09-24 12:00:00,0 days 12:00:00,12,14.75,-156.0,998.2,46.6
2026-09-24,EP152026,25,2026-09-24 18:00:00,0 days 18:00:00,18,14.88,-155.63,994.4,52.1
2026-09-24,EP152026,25,2026-09-25 00:00:00,1 days 00:00:00,24,15.0,-155.25,990.7,57.7
2026-09-24,EP152026,25,2026-09-25 06:00:00,1 days 06:00:00,30,15.63,-155.0,990.2,58.4
2026-09-24,EP152026,25,2026-09-25 12:00:00,1 days 12:00:00,36,16.25,-154.75,989.7,59.2
2026-09-24,EP152026,25,2026-09-25 18:00:00,1 days 18:00:00,42,16.63,-154.5,988.1,61.4
2026-09-24,EP152026,25,2026-09-26 00:00:00,2 days 00:00:00,48,17.0,-154.25,986.5,63.7
2026-09-24,EP152026,25,2026-09-26 06:00:00,2 days 06:00:00,54,17.38,-154.25,984.3,66.6
2026-09-24,EP152026,25,2026-09-26 12:00:00,2 days 12:00:00,60,17.75,-154.25,982.1,69.5
2026-09-24,EP152026,25,2026-09-26 18:00:00,2 days 18:00:00,66,17.88,-154.37,984.4,66.4
2026-09-24,EP152026,25,2026-09-27 00:00:00,3 days 00:00:00,72,18.0,-154.5,986.7,63.3
2026-09-24,EP152026,25,2026-09-27 06:00:00,3 days 06:00:00,78,18.13,-155.37,981.5,70.1
2026-09-24,EP152026,25,2026-09-27 12:00:00,3 days 12:00:00,84,18.25,-156.25,976.2,77.0
2026-09-24,EP152026,25,2026-09-27 18:00:00,3 days 18:00:00,90,18.25,-157.13,979.0,73.4
2026-09-24,EP152026,25,2026-09-28 00:00:00,4 days 00:00:00,96,18.25,-158.0,981.9,69.8
2026-09-24,EP152026,25,2026-09-28 06:00:00,4 days 06:00:00,102,18.5,-159.12,982.2,69.4
2026-09-24,EP152026,25,2026-09-28 12:00:00,4 days 12:00:00,108,18.75,-160.25,982.5,69.0
2026-09-24,EP152026,25,2026-09-28 18:00:00,4 days 18:00:00,114,19.38,-160.62,982.6,68.8
2026-09-24,EP152026,25,2026-09-29 00:00:00,5 days 00:00:00,120,20.0,-161.0,982.8,68.6
2026-09-24,EP152026,25,2026-09-29 06:00:00,5 days 06:00:00,126,20.88,-161.37,983.4,67.8
2026-09-24,EP152026,25,2026-09-29 12:00:00,5 days 12:00:00,132,21.75,-161.75,984.0,67.0
2026-09-24,EP152026,25,2026-09-29 18:00:00,5 days 18:00:00,138,23.13,-162.24,985.8,64.6
2026-09-24,EP152026,25,2026-09-30 00:00:00,6 days 00:00:00,144,24.5,-162.75,987.6,62.1
2026-09-24,EP152026,25,2026-09-30 06:00:00,6 days 06:00:00,150,25.75,-163.0,982.7,68.6
2026-09-24,EP152026,25,2026-09-30 12:00:00,6 days 12:00:00,156,27.0,-163.25,977.7,75.1
2026-09-24,EP152026,25,2026-09-30 18:00:00,6 days 18:00:00,162,28.88,-163.86,979.3,73.1
2026-09-24,EP152026,25,2026-10-01 00:00:00,7 days 00:00:00,168,30.75,-164.5,980.8,71.1
2026-09-24,EP152026,25,2026-10-01 06:00:00,7 days 06:00:00,174,32.01,-166.23,981.2,70.6
2026-09-24,EP152026,25,2026-10-01 12:00:00,7 days 12:00:00,180,33.25,-168.0,981.6,70.1
2026-09-24,EP152026,25,2026-10-01 18:00:00,7 days 18:00:00,186,33.38,-168.12,982.1,69.5
2026-09-24,EP152026,25,2026-10-02 00:00:00,8 days 00:00:00,192,33.5,-168.25,982.5,69.0
2026-09-24,EP152026,25,2026-10-02 06:00:00,8 days 06:00:00,198,33.0,-168.0,984.2,66.7
2026-09-24,EP152026,25,2026-10-02 12:00:00,8 days 12:00:00,204,32.5,-167.75,985.8,64.5
2026-09-24,EP152026,25,2026-10-02 18:00:00,8 days 18:00:00,210,32.13,-168.25,987.5,62.2
2026-09-24,EP152026,25,2026-10-03 00:00:00,9 days 00:00:00,216,31.75,-168.75,989.2,59.8
2026-09-24,EP152026,25,2026-10-03 06:00:00,9 days 06:00:00,222,31.5,-169.88,988.6,60.8
2026-09-24,EP152026,25,2026-10-03 12:00:00,9 days 12:00:00,228,31.25,-171.0,987.9,61.7
2026-09-24,EP152026,25,2026-10-03 18:00:00,9 days 18:00:00,234,31.14,-172.63,994.6,51.6
2026-09-24,EP152026,25,2026-10-04 00:00:00,10 days 00:00:00,240,31.0,-174.25,1001.3,41.4
2026-09-24,EP152026,25,2026-10-04 06:00:00,10 days 06:00:00,246,30.52,-176.26,1003.3,38.0
2026-09-24,EP152026,25,2026-10-04 12:00:00,10 days 12:00:00,252,30.0,-178.25,1005.2,34.7
2026-09-24,EP152026,25,2026-10-04 18:00:00,10 days 18:00:00,258,29.64,179.87,1007.0,31.3
2026-09-24,EP152026,25,2026-10-05 00:00:00,11 days 00:00:00,264,29.25,178.0,1008.8,28.0
2026-09-24,EP162026,25,2026-09-24 00:00:00,0 days 00:00:00,0,15.5,-126.75,971.6,82.7
2026-09-24,EP162026,25,2026-09-24 06:00:00,0 days 06:00:00,6,15.88,-126.13,974.5,79.1
2026-09-24,EP162026,25,2026-09-24 12:00:00,0 days 12:00:00,12,16.25,-125.5,977.3,75.6
2026-09-24,EP162026,25,2026-09-24 18:00:00,0 days 18:00:00,18,16.5,-125.0,979.7,72.6
2026-09-24,EP162026,25,2026-09-25 00:00:00,1 days 00:00:00,24,16.75,-124.5,982.1,69.5
2026-09-24,EP162026,25,2026-09-25 06:00:00,1 days 06:00:00,30,17.25,-124.25,985.1,65.4
2026-09-24,EP162026,25,2026-09-25 12:00:00,1 days 12:00:00,36,17.75,-124.0,988.2,61.3
2026-09-24,EP162026,25,2026-09-25 18:00:00,1 days 18:00:00,42,17.87,-124.0,987.0,62.9
2026-09-24,EP162026,25,2026-09-26 00:00:00,2 days 00:00:00,48,18.0,-124.0,985.7,64.6
2026-09-24,EP162026,25,2026-09-26 06:00:00,2 days 06:00:00,54,18.38,-124.0,987.3,62.5
2026-09-24,EP162026,25,2026-09-26 12:00:00,2 days 12:00:00,60,18.75,-124.0,988.8,60.4
2026-09-24,EP162026,25,2026-09-26 18:00:00,2 days 18:00:00,66,19.25,-124.37,990.5,58.0
2026-09-24,EP162026,25,2026-09-27 00:00:00,3 days 00:00:00,72,19.75,-124.75,992.2,55.6
2026-09-24,EP162026,25,2026-09-27 06:00:00,3 days 06:00:00,78,19.88,-124.5,994.1,52.7
2026-09-24,EP162026,25,2026-09-27 12:00:00,3 days 12:00:00,84,20.0,-124.25,996.1,49.8
2026-09-24,EP162026,25,2026-09-27 18:00:00,3 days 18:00:00,90,22.06,-119.69,988.5,60.4
2026-09-24,EP162026,25,2026-09-28 00:00:00,4 days 00:00:00,96,24.0,-115.0,981.0,70.9
2026-09-24,EP162026,25,2026-09-28 06:00:00,4 days 06:00:00,102,25.25,-114.75,982.8,68.6
2026-09-24,EP162026,25,2026-09-28 12:00:00,4 days 12:00:00,108,26.5,-114.5,984.5,66.3
2026-09-24,EP162026,25,2026-09-28 18:00:00,4 days 18:00:00,114,27.63,-113.39,990.4,57.9
2026-09-24,EP162026,25,2026-09-29 00:00:00,5 days 00:00:00,120,28.75,-112.25,996.2,49.6
2026-09-24,EP162026,25,2026-09-29 06:00:00,5 days 06:00:00,126,29.88,-112.99,998.5,45.9
2026-09-24,EP162026,25,2026-09-29 12:00:00,5 days 12:00:00,132,31.0,-113.75,1000.8,42.3
2026-09-24,EP172026,25,2026-09-24 00:00:00,0 days 00:00:00,0,15.75,-102.25,970.5,84.0
2026-09-24,EP172026,25,2026-09-24 06:00:00,0 days 06:00:00,6,16.13,-103.12,975.2,78.1
2026-09-24,EP172026,25,2026-09-24 12:00:00,0 days 12:00:00,12,16.5,-104.0,979.9,72.3
2026-09-24,EP172026,25,2026-09-24 18:00:00,0 days 18:00:00,18,16.75,-105.0,979.0,73.5
2026-09-24,EP172026,25,2026-09-25 00:00:00,1 days 00:00:00,24,17.0,-106.0,978.1,74.6
2026-09-24,EP172026,25,2026-09-25 06:00:00,1 days 06:00:00,30,17.0,-106.88,974.4,79.3
2026-09-24,EP172026,25,2026-09-25 12:00:00,1 days 12:00:00,36,17.0,-107.75,970.6,83.9
2026-09-24,EP172026,25,2026-09-25 18:00:00,1 days 18:00:00,42,17.13,-108.75,970.7,83.7
2026-09-24,EP172026,25,2026-09-26 00:00:00,2 days 00:00:00,48,17.25,-109.75,970.9,83.6
2026-09-24,EP172026,25,2026-09-26 06:00:00,2 days 06:00:00,54,17.5,-110.62,972.7,81.3
2026-09-24,EP172026,25,2026-09-26 12:00:00,2 days 12:00:00,60,17.75,-111.5,974.6,79.0
2026-09-24,EP172026,25,2026-09-26 18:00:00,2 days 18:00:00,66,18.5,-112.25,974.5,79.1
2026-09-24,EP172026,25,2026-09-27 00:00:00,3 days 00:00:00,72,19.25,-113.0,974.5,79.2
2026-09-24,EP172026,25,2026-09-27 06:00:00,3 days 06:00:00,78,20.25,-113.75,975.2,78.3
2026-09-24,EP172026,25,2026-09-27 12:00:00,3 days 12:00:00,84,21.25,-114.5,975.9,77.4
2026-09-24,EP172026,25,2026-09-27 18:00:00,3 days 18:00:00,90,22.63,-114.75,978.4,74.2
2026-09-24,EP172026,25,2026-09-28 00:00:00,4 days 00:00:00,96,24.0,-115.0,981.0,70.9
2026-09-24,IO012026,25,2026-09-24 00:00:00,0 days 00:00:00,0,18.5,84.0,986.5,63.6
2026-09-24,IO012026,25,2026-09-24 06:00:00,0 days 06:00:00,6,18.63,83.75,988.9,60.3
2026-09-24,IO012026,25,2026-09-24 12:00:00,0 days 12:00:00,12,18.75,83.5,991.3,56.9
2026-09-24,IO012026,25,2026-09-24 18:00:00,0 days 18:00:00,18,19.5,83.13,991.8,56.2
2026-09-24,IO012026,25,2026-09-25 00:00:00,1 days 00:00:00,24,20.25,82.75,992.2,55.5
2026-09-24,IO012026,25,2026-09-25 06:00:00,1 days 06:00:00,30,21.0,82.0,993.3,54.0
2026-09-24,IO012026,25,2026-09-25 12:00:00,1 days 12:00:00,36,21.75,81.25,994.3,52.4
2026-09-24,IO012026,25,2026-09-25 18:00:00,1 days 18:00:00,42,22.88,81.37,995.5,50.7
2026-09-24,IO012026,25,2026-09-26 00:00:00,2 days 00:00:00,48,24.0,81.5,996.6,48.9
2026-09-24,IO012026,25,2026-09-26 06:00:00,2 days 06:00:00,54,24.88,81.38,997.0,48.5
2026-09-24,IO012026,25,2026-09-26 12:00:00,2 days 12:00:00,60,25.75,81.25,997.3,48.0
2026-09-24,IO012026,25,2026-09-26 18:00:00,2 days 18:00:00,66,27.0,80.76,999.9,43.6
2026-09-24,IO012026,25,2026-09-27 00:00:00,3 days 00:00:00,72,28.25,80.25,1002.6,39.3
2026-09-24,WP252026,25,2026-09-24 00:00:00,0 days 00:00:00,0,18.0,134.5,1003.5,37.8
2026-09-24,WP252026,25,2026-09-24 06:00:00,0 days 06:00:00,6,18.5,133.13,1002.9,38.8
2026-09-24,WP252026,25,2026-09-24 12:00:00,0 days 12:00:00,12,19.0,131.75,1002.3,39.8
2026-09-24,WP252026,25,2026-09-24 18:00:00,0 days 18:00:00,18,19.5,130.63,1001.2,41.7
2026-09-24,WP252026,25,2026-09-25 00:00:00,1 days 00:00:00,24,20.0,129.5,1000.1,43.5
2026-09-24,WP252026,25,2026-09-25 06:00:00,1 days 06:00:00,30,20.63,128.75,1000.1,43.5
2026-09-24,WP252026,25,2026-09-25 12:00:00,1 days 12:00:00,36,21.25,128.0,1000.1,43.5
2026-09-24,WP252026,25,2026-09-25 18:00:00,1 days 18:00:00,42,21.75,127.5,997.8,47.0
2026-09-24,WP252026,25,2026-09-26 00:00:00,2 days 00:00:00,48,22.25,127.0,995.5,50.6
2026-09-24,WP252026,25,2026-09-26 06:00:00,2 days 06:00:00,54,23.0,126.88,992.2,55.5
2026-09-24,WP252026,25,2026-09-26 12:00:00,2 days 12:00:00,60,23.75,126.75,988.8,60.4
2026-09-24,WP252026,25,2026-09-26 18:00:00,2 days 18:00:00,66,24.25,126.87,988.9,60.3
2026-09-24,WP252026,25,2026-09-27 00:00:00,3 days 00:00:00,72,24.75,127.0,989.0,60.2
2026-09-24,WP252026,25,2026-09-27 06:00:00,3 days 06:00:00,78,25.13,127.62,983.0,68.1
2026-09-24,WP252026,25,2026-09-27 12:00:00,3 days 12:00:00,84,25.5,128.25,977.1,75.9
2026-09-24,WP252026,25,2026-09-27 18:00:00,3 days 18:00:00,90,26.0,128.87,979.3,73.1
2026-09-24,WP252026,25,2026-09-28 00:00:00,4 days 00:00:00,96,26.5,129.5,981.5,70.2
2026-09-24,WP252026,25,2026-09-28 06:00:00,4 days 06:00:00,102,27.0,130.25,983.7,67.4
2026-09-24,WP252026,25,2026-09-28 12:00:00,4 days 12:00:00,108,27.5,131.0,985.8,64.6
2026-09-24,WP252026,25,2026-09-28 18:00:00,4 days 18:00:00,114,27.88,131.75,988.3,61.1
2026-09-24,WP252026,25,2026-09-29 00:00:00,5 days 00:00:00,120,28.25,132.5,990.8,57.6
2026-09-24,WP252026,25,2026-09-29 06:00:00,5 days 06:00:00,126,28.88,133.62,993.7,53.2
2026-09-24,WP252026,25,2026-09-29 12:00:00,5 days 12:00:00,132,29.5,134.75,996.7,48.9
2026-09-24,WP252026,25,2026-09-29 18:00:00,5 days 18:00:00,138,30.13,135.99,995.7,50.4
2026-09-24,WP252026,25,2026-09-30 00:00:00,6 days 00:00:00,144,30.75,137.25,994.6,52.0
2026-09-24,WP252026,25,2026-09-30 06:00:00,6 days 06:00:00,150,31.88,138.61,995.1,51.3
2026-09-24,WP252026,25,2026-09-30 12:00:00,6 days 12:00:00,156,33.0,140.0,995.5,50.7
2026-09-24,WP252026,25,2026-09-30 18:00:00,6 days 18:00:00,162,34.65,142.45,997.2,48.1
2026-09-24,WP252026,25,2026-10-01 00:00:00,7 days 00:00:00,168,36.25,145.0,998.8,45.5
2026-09-24,EP152026,26,2026-09-24 00:00:00,0 days 00:00:00,0,14.5,-155.5,1000.6,42.7
2026-09-24,EP152026,26,2026-09-24 06:00:00,0 days 06:00:00,6,14.5,-155.63,997.9,46.9
2026-09-24,EP152026,26,2026-09-24 12:00:00,0 days 12:00:00,12,14.5,-155.75,995.1,51.2
2026-09-24,EP152026,26,2026-09-24 18:00:00,0 days 18:00:00,18,14.88,-155.63,992.3,55.3
2026-09-24,EP152026,26,2026-09-25 00:00:00,1 days 00:00:00,24,15.25,-155.5,989.5,59.4
2026-09-24,EP152026,26,2026-09-25 06:00:00,1 days 06:00:00,30,15.75,-155.25,989.7,59.2
2026-09-24,EP152026,26,2026-09-25 12:00:00,1 days 12:00:00,36,16.25,-155.0,989.8,59.0
2026-09-24,EP152026,26,2026-09-25 18:00:00,1 days 18:00:00,42,16.88,-154.63,988.5,60.9
2026-09-24,EP152026,26,2026-09-26 00:00:00,2 days 00:00:00,48,17.5,-154.25,987.1,62.8
2026-09-24,EP152026,26,2026-09-26 06:00:00,2 days 06:00:00,54,18.13,-154.5,988.2,61.2
2026-09-24,EP152026,26,2026-09-26 12:00:00,2 days 12:00:00,60,18.75,-154.75,989.4,59.5
2026-09-24,EP152026,26,2026-09-26 18:00:00,2 days 18:00:00,66,18.75,-155.12,987.6,62.0
2026-09-24,EP152026,26,2026-09-27 00:00:00,3 days 00:00:00,72,18.75,-155.5,985.8,64.5
2026-09-24,EP152026,26,2026-09-27 06:00:00,3 days 06:00:00,78,18.63,-156.25,991.5,56.3
2026-09-24,EP152026,26,2026-09-27 12:00:00,3 days 12:00:00,84,18.5,-157.0,997.2,48.1
2026-09-24,EP152026,26,2026-09-27 18:00:00,3 days 18:00:00,90,18.63,-157.87,995.3,51.0
2026-09-24,EP152026,26,2026-09-28 00:00:00,4 days 00:00:00,96,18.75,-158.75,993.3,53.9
2026-09-24,EP152026,26,2026-09-28 06:00:00,4 days 06:00:00,102,18.88,-159.37,993.8,53.3
2026-09-24,EP152026,26,2026-09-28 12:00:00,4 days 12:00:00,108,19.0,-160.0,994.2,52.6
2026-09-24,EP152026,26,2026-09-28 18:00:00,4 days 18:00:00,114,19.5,-160.5,993.2,54.2
2026-09-24,EP152026,26,2026-09-29 00:00:00,5 days 00:00:00,120,20.0,-161.0,992.1,55.7
2026-09-24,EP152026,26,2026-09-29 06:00:00,5 days 06:00:00,126,20.75,-161.37,995.1,51.1
2026-09-24,EP152026,26,2026-09-29 12:00:00,5 days 12:00:00,132,21.5,-161.75,998.2,46.6
2026-09-24,EP152026,26,2026-09-29 18:00:00,5 days 18:00:00,138,22.25,-162.25,997.1,48.2
2026-09-24,EP152026,26,2026-09-30 00:00:00,6 days 00:00:00,144,23.0,-162.75,996.1,49.7
2026-09-24,EP152026,26,2026-09-30 06:00:00,6 days 06:00:00,150,23.75,-162.75,994.8,51.7
2026-09-24,EP152026,26,2026-09-30 12:00:00,6 days 12:00:00,156,24.5,-162.75,993.5,53.6
2026-09-24,EP152026,26,2026-09-30 18:00:00,6 days 18:00:00,162,25.88,-163.37,993.7,53.4
2026-09-24,EP152026,26,2026-10-01 00:00:00,7 days 00:00:00,168,27.25,-164.0,993.9,53.1
2026-09-24,EP152026,26,2026-10-01 06:00:00,7 days 06:00:00,174,28.5,-164.62,989.9,58.7
2026-09-24,EP152026,26,2026-10-01 12:00:00,7 days 12:00:00,180,29.75,-165.25,985.9,64.4
2026-09-24,EP152026,26,2026-10-01 18:00:00,7 days 18:00:00,186,30.38,-165.13,988.6,60.7
2026-09-24,EP152026,26,2026-10-02 00:00:00,8 days 00:00:00,192,31.0,-165.0,991.2,57.0
2026-09-24,EP152026,26,2026-10-02 06:00:00,8 days 06:00:00,198,32.01,-163.76,989.5,59.4
2026-09-24,EP152026,26,2026-10-02 12:00:00,8 days 12:00:00,204,33.0,-162.5,987.8,61.9
2026-09-24,EP152026,26,2026-10-02 18:00:00,8 days 18:00:00,210,34.01,-161.26,989.5,59.5
2026-09-24,EP152026,26,2026-10-03 00:00:00,9 days 00:00:00,216,35.0,-160.0,991.2,57.1
2026-09-24,EP152026,26,2026-10-03 06:00:00,9 days 06:00:00,222,36.13,-159.75,997.0,48.0
2026-09-24,EP152026,26,2026-10-03 12:00:00,9 days 12:00:00,228,37.25,-159.5,1002.9,38.8
2026-09-24,EP152026,26,2026-10-03 18:00:00,9 days 18:00:00,234,37.5,-159.25,1007.3,30.2
2026-09-24,EP152026,26,2026-10-04 00:00:00,10 days 00:00:00,240,37.75,-159.0,1011.8,21.6
2026-09-24,EP162026,26,2026-09-24 00:00:00,0 days 00:00:00,0,15.5,-126.75,971.6,82.7
2026-09-24,EP162026,26,2026-09-24 06:00:00,0 days 06:00:00,6,15.75,-126.13,978.8,73.5
2026-09-24,EP162026,26,2026-09-24 12:00:00,0 days 12:00:00,12,16.0,-125.5,985.9,64.4
2026-09-24,EP162026,26,2026-09-24 18:00:00,0 days 18:00:00,18,16.38,-125.0,982.8,68.5
2026-09-24,EP162026,26,2026-09-25 00:00:00,1 days 00:00:00,24,16.75,-124.5,979.6,72.7
2026-09-24,EP162026,26,2026-09-25 06:00:00,1 days 06:00:00,30,17.38,-123.75,981.3,70.5
2026-09-24,EP162026,26,2026-09-25 12:00:00,1 days 12:00:00,36,18.0,-123.0,983.1,68.2
2026-09-24,EP162026,26,2026-09-25 18:00:00,1 days 18:00:00,42,18.25,-122.88,986.7,63.2
2026-09-24,EP162026,26,2026-09-26 00:00:00,2 days 00:00:00,48,18.5,-122.75,990.3,58.3
2026-09-24,EP162026,26,2026-09-26 06:00:00,2 days 06:00:00,54,18.75,-122.75,991.4,56.7
2026-09-24,EP162026,26,2026-09-26 12:00:00,2 days 12:00:00,60,19.0,-122.75,992.5,55.2
2026-09-24,EP162026,26,2026-09-26 18:00:00,2 days 18:00:00,66,19.75,-122.87,993.8,53.2
2026-09-24,EP162026,26,2026-09-27 00:00:00,3 days 00:00:00,72,20.5,-123.0,995.1,51.2
2026-09-24,EP162026,26,2026-09-27 06:00:00,3 days 06:00:00,78,20.75,-123.0,997.3,47.8
2026-09-24,EP162026,26,2026-09-27 12:00:00,3 days 12:00:00,84,21.0,-123.0,999.5,44.5
2026-09-24,EP162026,26,2026-09-27 18:00:00,3 days 18:00:00,90,20.88,-123.13,1000.6,42.7
2026-09-24,EP162026,26,2026-09-28 00:00:00,4 days 00:00:00,96,20.75,-123.25,1001.6,40.9
2026-09-24,EP162026,26,2026-09-28 06:00:00,4 days 06:00:00,102,22.31,-118.8,988.3,59.8
2026-09-24,EP162026,26,2026-09-28 12:00:00,4 days 12:00:00,108,23.75,-114.25,974.9,78.6
2026-09-24,EP162026,26,2026-09-28 18:00:00,4 days 18:00:00,114,24.38,-114.25,977.4,75.5
2026-09-24,EP162026,26,2026-09-29 00:00:00,5 days 00:00:00,120,25.0,-114.25,979.9,72.3
2026-09-24,EP162026,26,2026-09-29 06:00:00,5 days 06:00:00,126,25.5,-113.5,987.2,62.2
2026-09-24,EP162026,26,2026-09-29 12:00:00,5 days 12:00:00,132,26.0,-112.75,994.6,52.1
2026-09-24,EP162026,26,2026-09-29 18:00:00,5 days 18:00:00,138,27.38,-112.01,996.7,48.8
2026-09-24,EP162026,26,2026-09-30 00:00:00,6 days 00:00:00,144,28.75,-111.25,998.8,45.6
2026-09-24,EP162026,26,2026-09-30 06:00:00,6 days 06:00:00,150,31.58,-106.76,999.8,43.9
2026-09-24,EP162026,26,2026-09-30 12:00:00,6 days 12:00:00,156,34.25,-102.0,1000.8,42.3
2026-09-24,EP172026,26,2026-09-24 00:00:00,0 days 00:00:00,0,15.75,-102.25,970.5,84.0
2026-09-24,EP172026,26,2026-09-24 06:00:00,0 days 06:00:00,6,16.13,-103.12,975.3,78.0
2026-09-24,EP172026,26,2026-09-24 12:00:00,0 days 12:00:00,12,16.5,-104.0,980.1,72.1
2026-09-24,EP172026,26,2026-09-24 18:00:00,0 days 18:00:00,18,16.75,-105.0,980.7,71.4
2026-09-24,EP172026,26,2026-09-25 00:00:00,1 days 00:00:00,24,17.0,-106.0,981.2,70.7
2026-09-24,EP172026,26,2026-09-25 06:00:00,1 days 06:00:00,30,17.0,-106.88,977.0,75.9
2026-09-24,EP172026,26,2026-09-25 12:00:00,1 days 12:00:00,36,17.0,-107.75,972.9,81.1
2026-09-24,EP172026,26,2026-09-25 18:00:00,1 days 18:00:00,42,17.13,-108.37,974.0,79.8
2026-09-24,EP172026,26,2026-09-26 00:00:00,2 days 00:00:00,48,17.25,-109.0,975.1,78.5
2026-09-24,EP172026,26,2026-09-26 06:00:00,2 days 06:00:00,54,17.38,-109.87,975.4,78.0
2026-09-24,EP172026,26,2026-09-26 12:00:00,2 days 12:00:00,60,17.5,-110.75,975.8,77.5
2026-09-24,EP172026,26,2026-09-26 18:00:00,2 days 18:00:00,66,18.0,-111.37,972.6,81.4
2026-09-24,EP172026,26,2026-09-27 00:00:00,3 days 00:00:00,72,18.5,-112.0,969.4,85.3
2026-09-24,EP172026,26,2026-09-27 06:00:00,3 days 06:00:00,78,19.38,-112.5,968.6,86.3
2026-09-24,EP172026,26,2026-09-27 12:00:00,3 days 12:00:00,84,20.25,-113.0,967.8,87.3
2026-09-24,EP172026,26,2026-09-27 18:00:00,3 days 18:00:00,90,21.25,-113.37,969.2,85.5
2026-09-24,EP172026,26,2026-09-28 00:00:00,4 days 00:00:00,96,22.25,-113.75,970.7,83.8
2026-09-24,EP172026,26,2026-09-28 06:00:00,4 days 06:00:00,102,23.0,-114.0,972.8,81.2
2026-09-24,EP172026,26,2026-09-28 12:00:00,4 days 12:00:00,108,23.75,-114.25,974.9,78.6
2026-09-24,IO012026,26,2026-09-24 00:00:00,0 days 00:00:00,0,18.5,84.0,986.5,63.6
2026-09-24,IO012026,26,2026-09-24 06:00:00,0 days 06:00:00,6,19.25,83.63,988.8,60.3
2026-09-24,IO012026,26,2026-09-24 12:00:00,0 days 12:00:00,12,20.0,83.25,991.2,57.1
2026-09-24,IO012026,26,2026-09-24 18:00:00,0 days 18:00:00,18,20.0,83.0,990.8,57.5
2026-09-24,IO012026,26,2026-09-25 00:00:00,1 days 00:00:00,24,20.0,82.75,990.5,58.0
2026-09-24,IO012026,26,2026-09-25 06:00:00,1 days 06:00:00,30,21.0,82.38,991.7,56.4
2026-09-24,IO012026,26,2026-09-25 12:00:00,1 days 12:00:00,36,22.0,82.0,992.8,54.7
2026-09-24,IO012026,26,2026-09-25 18:00:00,1 days 18:00:00,42,22.88,81.63,994.3,52.4
2026-09-24,IO012026,26,2026-09-26 00:00:00,2 days 00:00:00,48,23.75,81.25,995.9,50.1
2026-09-24,IO012026,26,2026-09-26 06:00:00,2 days 06:00:00,54,24.63,81.13,996.8,48.7
2026-09-24,IO012026,26,2026-09-26 12:00:00,2 days 12:00:00,60,25.5,81.0,997.7,47.2
2026-09-24,IO012026,26,2026-09-26 18:00:00,2 days 18:00:00,66,26.13,80.63,998.1,46.6
2026-09-24,IO012026,26,2026-09-27 00:00:00,3 days 00:00:00,72,26.75,80.25,998.5,46.1
2026-09-24,WP252026,26,2026-09-24 00:00:00,0 days 00:00:00,0,18.0,134.5,1003.5,37.8
2026-09-24,WP252026,26,2026-09-24 06:00:00,0 days 06:00:00,6,18.5,133.5,1002.6,39.3
2026-09-24,WP252026,26,2026-09-24 12:00:00,0 days 12:00:00,12,19.0,132.5,1001.7,40.8
2026-09-24,WP252026,26,2026-09-24 18:00:00,0 days 18:00:00,18,19.63,130.88,999.0,45.1
2026-09-24,WP252026,26,2026-09-25 00:00:00,1 days 00:00:00,24,20.25,129.25,996.4,49.4
2026-09-24,WP252026,26,2026-09-25 06:00:00,1 days 06:00:00,30,20.5,128.63,996.7,48.8
2026-09-24,WP252026,26,2026-09-25 12:00:00,1 days 12:00:00,36,20.75,128.0,997.1,48.3
2026-09-24,WP252026,26,2026-09-25 18:00:00,1 days 18:00:00,42,21.38,127.38,996.5,49.1
2026-09-24,WP252026,26,2026-09-26 00:00:00,2 days 00:00:00,48,22.0,126.75,996.0,50.0
2026-09-24,WP252026,26,2026-09-26 06:00:00,2 days 06:00:00,54,22.63,126.5,991.7,56.2
2026-09-24,WP252026,26,2026-09-26 12:00:00,2 days 12:00:00,60,23.25,126.25,987.4,62.4
2026-09-24,WP252026,26,2026-09-26 18:00:00,2 days 18:00:00,66,23.63,126.37,984.8,65.9
2026-09-24,WP252026,26,2026-09-27 00:00:00,3 days 00:00:00,72,24.0,126.5,982.2,69.4
2026-09-24,WP252026,26,2026-09-27 06:00:00,3 days 06:00:00,78,24.5,127.0,979.4,72.9
2026-09-24,WP252026,26,2026-09-27 12:00:00,3 days 12:00:00,84,25.0,127.5,976.7,76.4
2026-09-24,WP252026,26,2026-09-27 18:00:00,3 days 18:00:00,90,25.63,128.0,977.0,76.0
2026-09-24,WP252026,26,2026-09-28 00:00:00,4 days 00:00:00,96,26.25,128.5,977.4,75.5
2026-09-24,WP252026,26,2026-09-28 06:00:00,4 days 06:00:00,102,26.63,129.25,983.8,67.0
2026-09-24,WP252026,26,2026-09-28 12:00:00,4 days 12:00:00,108,27.0,130.0,990.2,58.5
2026-09-24,WP252026,26,2026-09-28 18:00:00,4 days 18:00:00,114,27.25,130.75,991.8,56.2
2026-09-24,WP252026,26,2026-09-29 00:00:00,5 days 00:00:00,120,27.5,131.5,993.4,53.8
2026-09-24,WP252026,26,2026-09-29 06:00:00,5 days 06:00:00,126,27.75,132.12,996.1,49.7
2026-09-24,WP252026,26,2026-09-29 12:00:00,5 days 12:00:00,132,28.0,132.75,998.8,45.6
2026-09-24,WP252026,26,2026-09-29 18:00:00,5 days 18:00:00,138,28.88,133.12,999.3,44.8
2026-09-24,WP252026,26,2026-09-30 00:00:00,6 days 00:00:00,144,29.75,133.5,999.7,44.1
2026-09-24,WP252026,26,2026-09-30 06:00:00,6 days 06:00:00,150,30.38,134.12,1000.1,43.5
2026-09-24,WP252026,26,2026-09-30 12:00:00,6 days 12:00:00,156,31.0,134.75,1000.5,42.9
2026-09-24,WP252026,26,2026-09-30 18:00:00,6 days 18:00:00,162,31.75,135.62,1001.7,40.7
2026-09-24,WP252026,26,2026-10-01 00:00:00,7 days 00:00:00,168,32.5,136.5,1003.0,38.6
2026-09-24,EP152026,27,2026-09-24 00:00:00,0 days 00:00:00,0,14.5,-155.5,1000.6,42.7
2026-09-24,EP152026,27,2026-09-24 06:00:00,0 days 06:00:00,6,14.38,-155.75,998.5,46.0
2026-09-24,EP152026,27,2026-09-24 12:00:00,0 days 12:00:00,12,14.25,-156.0,996.4,49.3
2026-09-24,EP152026,27,2026-09-24 18:00:00,0 days 18:00:00,18,14.5,-155.63,993.8,53.2
2026-09-24,EP152026,27,2026-09-25 00:00:00,1 days 00:00:00,24,14.75,-155.25,991.1,57.1
2026-09-24,EP152026,27,2026-09-25 06:00:00,1 days 06:00:00,30,15.25,-155.0,990.5,58.0
2026-09-24,EP152026,27,2026-09-25 12:00:00,1 days 12:00:00,36,15.75,-154.75,990.0,58.8
2026-09-24,EP152026,27,2026-09-25 18:00:00,1 days 18:00:00,42,16.13,-154.5,988.8,60.4
2026-09-24,EP152026,27,2026-09-26 00:00:00,2 days 00:00:00,48,16.5,-154.25,987.7,62.0
2026-09-24,EP152026,27,2026-09-26 06:00:00,2 days 06:00:00,54,16.75,-154.25,988.0,61.5
2026-09-24,EP152026,27,2026-09-26 12:00:00,2 days 12:00:00,60,17.0,-154.25,988.4,61.0
2026-09-24,EP152026,27,2026-09-26 18:00:00,2 days 18:00:00,66,17.13,-154.5,983.8,67.2
2026-09-24,EP152026,27,2026-09-27 00:00:00,3 days 00:00:00,72,17.25,-154.75,979.1,73.3
2026-09-24,EP152026,27,2026-09-27 06:00:00,3 days 06:00:00,78,17.25,-155.63,979.4,72.9
2026-09-24,EP152026,27,2026-09-27 12:00:00,3 days 12:00:00,84,17.25,-156.5,979.7,72.6
2026-09-24,EP152026,27,2026-09-27 18:00:00,3 days 18:00:00,90,17.0,-157.25,981.9,69.8
2026-09-24,EP152026,27,2026-09-28 00:00:00,4 days 00:00:00,96,16.75,-158.0,984.0,67.0
2026-09-24,EP152026,27,2026-09-28 06:00:00,4 days 06:00:00,102,17.13,-158.37,984.2,66.7
2026-09-24,EP152026,27,2026-09-28 12:00:00,4 days 12:00:00,108,17.5,-158.75,984.5,66.4
2026-09-24,EP152026,27,2026-09-28 18:00:00,4 days 18:00:00,114,18.25,-159.5,982.7,68.7
2026-09-24,EP152026,27,2026-09-29 00:00:00,5 days 00:00:00,120,19.0,-160.25,980.9,71.0
2026-09-24,EP152026,27,2026-09-29 06:00:00,5 days 06:00:00,126,20.13,-160.62,984.6,66.1
2026-09-24,EP152026,27,2026-09-29 12:00:00,5 days 12:00:00,132,21.25,-161.0,988.2,61.2
2026-09-24,EP152026,27,2026-09-29 18:00:00,5 days 18:00:00,138,22.63,-161.62,988.5,60.8
2026-09-24,EP152026,27,2026-09-30 00:00:00,6 days 00:00:00,144,24.0,-162.25,988.8,60.4
2026-09-24,EP152026,27,2026-09-30 06:00:00,6 days 06:00:00,150,24.75,-162.62,988.5,60.8
2026-09-24,EP152026,27,2026-09-30 12:00:00,6 days 12:00:00,156,25.5,-163.0,988.3,61.2
2026-09-24,EP152026,27,2026-09-30 18:00:00,6 days 18:00:00,162,25.75,-163.5,987.6,62.0
2026-09-24,EP152026,27,2026-10-01 00:00:00,7 days 00:00:00,168,26.0,-164.0,987.0,62.9
2026-09-24,EP152026,27,2026-10-01 06:00:00,7 days 06:00:00,174,26.0,-164.75,986.3,63.8
2026-09-24,EP152026,27,2026-10-01 12:00:00,7 days 12:00:00,180,26.0,-165.5,985.7,64.7
2026-09-24,EP152026,27,2026-10-01 18:00:00,7 days 18:00:00,186,25.75,-165.88,987.2,62.6
2026-09-24,EP152026,27,2026-10-02 00:00:00,8 days 00:00:00,192,25.5,-166.25,988.7,60.5
2026-09-24,EP152026,27,2026-10-02 06:00:00,8 days 06:00:00,198,25.25,-166.38,991.8,56.0
2026-09-24,EP152026,27,2026-10-02 12:00:00,8 days 12:00:00,204,25.0,-166.5,994.9,51.6
2026-09-24,EP152026,27,2026-10-02 18:00:00,8 days 18:00:00,210,24.5,-166.88,995.9,50.1
2026-09-24,EP152026,27,2026-10-03 00:00:00,9 days 00:00:00,216,24.0,-167.25,996.9,48.6
2026-09-24,EP152026,27,2026-10-03 06:00:00,9 days 06:00:00,222,23.63,-168.0,999.0,45.2
2026-09-24,EP152026,27,2026-10-03 12:00:00,9 days 12:00:00,228,23.25,-168.75,1001.1,41.8
2026-09-24,EP152026,27,2026-10-03 18:00:00,9 days 18:00:00,234,22.82,-169.89,1002.0,40.4
2026-09-24,EP152026,27,2026-10-04 00:00:00,10 days 00:00:00,240,22.39,-171.01,1002.8,39.0
2026-09-24,EP152026,27,2026-10-04 06:00:00,10 days 06:00:00,246,21.95,-172.14,1003.6,37.6
2026-09-24,EP152026,27,2026-10-04 12:00:00,10 days 12:00:00,252,21.5,-173.25,1004.4,36.2
2026-09-24,EP162026,27,2026-09-24 00:00:00,0 days 00:00:00,0,15.5,-126.75,971.6,82.7
2026-09-24,EP162026,27,2026-09-24 06:00:00,0 days 06:00:00,6,15.75,-126.13,976.0,77.3
2026-09-24,EP162026,27,2026-09-24 12:00:00,0 days 12:00:00,12,16.0,-125.5,980.3,71.9
2026-09-24,EP162026,27,2026-09-24 18:00:00,0 days 18:00:00,18,16.63,-124.88,984.6,66.1
2026-09-24,EP162026,27,2026-09-25 00:00:00,1 days 00:00:00,24,17.25,-124.25,988.9,60.3
2026-09-24,EP162026,27,2026-09-25 06:00:00,1 days 06:00:00,30,17.75,-124.0,985.9,64.4
2026-09-24,EP162026,27,2026-09-25 12:00:00,1 days 12:00:00,36,18.25,-123.75,982.8,68.5
2026-09-24,EP162026,27,2026-09-25 18:00:00,1 days 18:00:00,42,18.5,-123.5,981.6,70.1
2026-09-24,EP162026,27,2026-09-26 00:00:00,2 days 00:00:00,48,18.75,-123.25,980.5,71.6
2026-09-24,EP162026,27,2026-09-26 06:00:00,2 days 06:00:00,54,19.13,-123.37,984.2,66.6
2026-09-24,EP162026,27,2026-09-26 12:00:00,2 days 12:00:00,60,19.5,-123.5,988.0,61.6
2026-09-24,EP162026,27,2026-09-26 18:00:00,2 days 18:00:00,66,19.75,-123.38,989.7,59.2
2026-09-24,EP162026,27,2026-09-27 00:00:00,3 days 00:00:00,72,20.0,-123.25,991.4,56.7
2026-09-24,EP162026,27,2026-09-27 06:00:00,3 days 06:00:00,78,20.13,-123.0,994.4,52.2
2026-09-24,EP162026,27,2026-09-27 12:00:00,3 days 12:00:00,84,20.25,-122.75,997.5,47.7
2026-09-24,EP162026,27,2026-09-27 18:00:00,3 days 18:00:00,90,22.19,-118.31,982.9,67.2
2026-09-24,EP162026,27,2026-09-28 00:00:00,4 days 00:00:00,96,24.0,-113.75,968.2,86.7
2026-09-24,EP162026,27,2026-09-28 06:00:00,4 days 06:00:00,102,25.13,-113.38,970.7,83.7
2026-09-24,EP162026,27,2026-09-28 12:00:00,4 days 12:00:00,108,26.25,-113.0,973.2,80.7
2026-09-24,EP162026,27,2026-09-28 18:00:00,4 days 18:00:00,114,27.88,-112.26,981.8,69.4
2026-09-24,EP162026,27,2026-09-29 00:00:00,5 days 00:00:00,120,29.5,-111.5,990.5,58.1
2026-09-24,EP162026,27,2026-09-29 06:00:00,5 days 06:00:00,126,30.13,-112.74,996.1,49.4
2026-09-24,EP162026,27,2026-09-29 12:00:00,5 days 12:00:00,132,30.75,-114.0,1001.8,40.7
2026-09-24,EP172026,27,2026-09-24 00:00:00,0 days 00:00:00,0,15.75,-102.25,970.5,84.0
2026-09-24,EP172026,27,2026-09-24 06:00:00,0 days 06:00:00,6,16.13,-103.12,974.6,78.9
2026-09-24,EP172026,27,2026-09-24 12:00:00,0 days 12:00:00,12,16.5,-104.0,978.7,73.9
2026-09-24,EP172026,27,2026-09-24 18:00:00,0 days 18:00:00,18,16.88,-105.12,978.8,73.7
2026-09-24,EP172026,27,2026-09-25 00:00:00,1 days 00:00:00,24,17.25,-106.25,979.0,73.4
2026-09-24,EP172026,27,2026-09-25 06:00:00,1 days 06:00:00,30,17.13,-107.13,975.9,77.3
2026-09-24,EP172026,27,2026-09-25 12:00:00,1 days 12:00:00,36,17.0,-108.0,972.8,81.2
2026-09-24,EP172026,27,2026-09-25 18:00:00,1 days 18:00:00,42,17.25,-108.75,971.5,82.9
2026-09-24,EP172026,27,2026-09-26 00:00:00,2 days 00:00:00,48,17.5,-109.5,970.1,84.5
2026-09-24,EP172026,27,2026-09-26 06:00:00,2 days 06:00:00,54,18.0,-110.25,966.3,88.9
2026-09-24,EP172026,27,2026-09-26 12:00:00,2 days 12:00:00,60,18.5,-111.0,962.6,93.2
2026-09-24,EP172026,27,2026-09-26 18:00:00,2 days 18:00:00,66,19.0,-111.62,962.2,93.8
2026-09-24,EP172026,27,2026-09-27 00:00:00,3 days 00:00:00,72,19.5,-112.25,961.7,94.3
2026-09-24,EP172026,27,2026-09-27 06:00:00,3 days 06:00:00,78,20.5,-112.75,964.1,91.5
2026-09-24,EP172026,27,2026-09-27 12:00:00,3 days 12:00:00,84,21.5,-113.25,966.5,88.8
2026-09-24,EP172026,27,2026-09-27 18:00:00,3 days 18:00:00,90,22.75,-113.5,967.4,87.7
2026-09-24,EP172026,27,2026-09-28 00:00:00,4 days 00:00:00,96,24.0,-113.75,968.2,86.7
2026-09-24,IO012026,27,2026-09-24 00:00:00,0 days 00:00:00,0,18.5,84.0,986.5,63.6
2026-09-24,IO012026,27,2026-09-24 06:00:00,0 days 06:00:00,6,19.25,83.5,988.1,61.4
2026-09-24,IO012026,27,2026-09-24 12:00:00,0 days 12:00:00,12,20.0,83.0,989.7,59.1
2026-09-24,IO012026,27,2026-09-24 18:00:00,0 days 18:00:00,18,20.13,82.88,990.1,58.5
2026-09-24,IO012026,27,2026-09-25 00:00:00,1 days 00:00:00,24,20.25,82.75,990.6,58.0
2026-09-24,IO012026,27,2026-09-25 06:00:00,1 days 06:00:00,30,21.0,82.25,992.0,55.8
2026-09-24,IO012026,27,2026-09-25 12:00:00,1 days 12:00:00,36,21.75,81.75,993.5,53.7
2026-09-24,IO012026,27,2026-09-25 18:00:00,1 days 18:00:00,42,21.88,81.87,994.9,51.6
2026-09-24,IO012026,27,2026-09-26 00:00:00,2 days 00:00:00,48,22.0,82.0,996.3,49.5
2026-09-24,IO012026,27,2026-09-26 06:00:00,2 days 06:00:00,54,23.63,81.51,997.1,48.3
2026-09-24,IO012026,27,2026-09-26 12:00:00,2 days 12:00:00,60,25.25,81.0,997.9,47.0
2026-09-24,IO012026,27,2026-09-26 18:00:00,2 days 18:00:00,66,26.88,80.88,998.8,45.5
2026-09-24,IO012026,27,2026-09-27 00:00:00,3 days 00:00:00,72,28.5,80.75,999.7,44.1
2026-09-24,WP252026,27,2026-09-24 00:00:00,0 days 00:00:00,0,18.0,134.5,1003.5,37.8
2026-09-24,WP252026,27,2026-09-24 06:00:00,0 days 06:00:00,6,18.5,133.25,1002.3,39.8
2026-09-24,WP252026,27,2026-09-24 12:00:00,0 days 12:00:00,12,19.0,132.0,1001.1,41.9
2026-09-24,WP252026,27,2026-09-24 18:00:00,0 days 18:00:00,18,19.38,131.0,1000.9,42.1
2026-09-24,WP252026,27,2026-09-25 00:00:00,1 days 00:00:00,24,19.75,130.0,1000.8,42.3
2026-09-24,WP252026,27,2026-09-25 06:00:00,1 days 06:00:00,30,20.38,129.38,997.9,46.9
2026-09-24,WP252026,27,2026-09-25 12:00:00,1 days 12:00:00,36,21.0,128.75,995.0,51.5
2026-09-24,WP252026,27,2026-09-25 18:00:00,1 days 18:00:00,42,21.63,128.13,992.0,55.8
2026-09-24,WP252026,27,2026-09-26 00:00:00,2 days 00:00:00,48,22.25,127.5,989.1,60.0
2026-09-24,WP252026,27,2026-09-26 06:00:00,2 days 06:00:00,54,22.88,127.5,986.5,63.6
2026-09-24,WP252026,27,2026-09-26 12:00:00,2 days 12:00:00,60,23.5,127.5,983.9,67.2
2026-09-24,WP252026,27,2026-09-26 18:00:00,2 days 18:00:00,66,23.75,127.5,980.5,71.5
2026-09-24,WP252026,27,2026-09-27 00:00:00,3 days 00:00:00,72,24.0,127.5,977.2,75.7
2026-09-24,WP252026,27,2026-09-27 06:00:00,3 days 06:00:00,78,24.63,128.0,977.5,75.3
2026-09-24,WP252026,27,2026-09-27 12:00:00,3 days 12:00:00,84,25.25,128.5,977.9,74.9
2026-09-24,WP252026,27,2026-09-27 18:00:00,3 days 18:00:00,90,25.75,129.25,980.9,71.0
2026-09-24,WP252026,27,2026-09-28 00:00:00,4 days 00:00:00,96,26.25,130.0,984.0,67.0
2026-09-24,WP252026,27,2026-09-28 06:00:00,4 days 06:00:00,102,26.76,131.37,986.5,63.5
2026-09-24,WP252026,27,2026-09-28 12:00:00,4 days 12:00:00,108,27.25,132.75,989.1,60.1
2026-09-24,WP252026,27,2026-09-28 18:00:00,4 days 18:00:00,114,27.75,133.62,992.7,54.7
2026-09-24,WP252026,27,2026-09-29 00:00:00,5 days 00:00:00,120,28.25,134.5,996.3,49.4
2026-09-24,WP252026,27,2026-09-29 06:00:00,5 days 06:00:00,126,29.13,135.49,998.6,45.9
2026-09-24,WP252026,27,2026-09-29 12:00:00,5 days 12:00:00,132,30.0,136.5,1000.8,42.4
2026-09-24,WP252026,27,2026-09-29 18:00:00,5 days 18:00:00,138,31.0,137.61,1000.6,42.7
2026-09-24,WP252026,27,2026-09-30 00:00:00,6 days 00:00:00,144,32.0,138.75,1000.3,43.1
2026-09-24,WP252026,27,2026-09-30 06:00:00,6 days 06:00:00,150,33.39,140.47,1000.8,42.4
2026-09-24,WP252026,27,2026-09-30 12:00:00,6 days 12:00:00,156,34.75,142.25,1001.2,41.7
2026-09-24,AL902026,28,2026-09-24 00:00:00,0 days 00:00:00,0,12.75,-18.0,1008.8,27.9
2026-09-24,AL902026,28,2026-09-24 06:00:00,0 days 06:00:00,6,13.13,-19.12,1007.6,30.3
2026-09-24,AL902026,28,2026-09-24 12:00:00,0 days 12:00:00,12,13.5,-20.25,1006.3,32.7
2026-09-24,AL902026,28,2026-09-24 18:00:00,0 days 18:00:00,18,13.38,-21.5,1006.1,33.2
2026-09-24,AL902026,28,2026-09-25 00:00:00,1 days 00:00:00,24,13.25,-22.75,1005.8,33.7
2026-09-24,AL902026,28,2026-09-25 06:00:00,1 days 06:00:00,30,13.25,-23.0,1005.8,33.7
2026-09-24,AL902026,28,2026-09-25 12:00:00,1 days 12:00:00,36,13.25,-23.25,1005.8,33.7
2026-09-24,AL902026,28,2026-09-25 18:00:00,1 days 18:00:00,42,13.75,-23.37,1006.1,33.1
2026-09-24,AL902026,28,2026-09-26 00:00:00,2 days 00:00:00,48,14.25,-23.5,1006.4,32.5
2026-09-24,AL902026,28,2026-09-26 06:00:00,2 days 06:00:00,54,15.5,-23.25,1006.1,33.1
2026-09-24,AL902026,28,2026-09-26 12:00:00,2 days 12:00:00,60,16.75,-23.0,1005.8,33.7
2026-09-24,AL902026,28,2026-09-26 18:00:00,2 days 18:00:00,66,17.06,-22.81,1007.0,31.2
2026-09-24,AL902026,28,2026-09-27 00:00:00,3 days 00:00:00,72,17.38,-22.63,1008.3,28.7
2026-09-24,AL902026,28,2026-09-27 06:00:00,3 days 06:00:00,78,17.69,-22.44,1009.6,26.1
2026-09-24,AL902026,28,2026-09-27 12:00:00,3 days 12:00:00,84,18.0,-22.25,1010.9,23.6
2026-09-24,EP152026,28,2026-09-24 00:00:00,0 days 00:00:00,0,14.5,-155.5,1000.6,42.7
2026-09-24,EP152026,28,2026-09-24 06:00:00,0 days 06:00:00,6,14.5,-155.75,998.7,45.7
2026-09-24,EP152026,28,2026-09-24 12:00:00,0 days 12:00:00,12,14.5,-156.0,996.7,48.8
2026-09-24,EP152026,28,2026-09-24 18:00:00,0 days 18:00:00,18,14.63,-155.88,994.4,52.3
2026-09-24,EP152026,28,2026-09-25 00:00:00,1 days 00:00:00,24,14.75,-155.75,992.1,55.7
2026-09-24,EP152026,28,2026-09-25 06:00:00,1 days 06:00:00,30,15.38,-155.63,990.2,58.4
2026-09-24,EP152026,28,2026-09-25 12:00:00,1 days 12:00:00,36,16.0,-155.5,988.3,61.1
2026-09-24,EP152026,28,2026-09-25 18:00:00,1 days 18:00:00,42,16.5,-155.25,988.4,61.0
2026-09-24,EP152026,28,2026-09-26 00:00:00,2 days 00:00:00,48,17.0,-155.0,988.4,61.0
2026-09-24,EP152026,28,2026-09-26 06:00:00,2 days 06:00:00,54,17.63,-155.12,988.9,60.3
2026-09-24,EP152026,28,2026-09-26 12:00:00,2 days 12:00:00,60,18.25,-155.25,989.4,59.6
2026-09-24,EP152026,28,2026-09-26 18:00:00,2 days 18:00:00,66,18.5,-155.75,990.6,57.9
2026-09-24,EP152026,28,2026-09-27 00:00:00,3 days 00:00:00,72,18.75,-156.25,991.9,56.1
2026-09-24,EP152026,28,2026-09-27 06:00:00,3 days 06:00:00,78,18.63,-157.13,993.6,53.4
2026-09-24,EP152026,28,2026-09-27 12:00:00,3 days 12:00:00,84,18.5,-158.0,995.4,50.8
2026-09-24,EP152026,28,2026-09-27 18:00:00,3 days 18:00:00,90,18.63,-158.75,995.3,51.0
2026-09-24,EP152026,28,2026-09-28 00:00:00,4 days 00:00:00,96,18.75,-159.5,995.2,51.2
2026-09-24,EP152026,28,2026-09-28 06:00:00,4 days 06:00:00,102,19.0,-160.5,996.2,49.5
2026-09-24,EP152026,28,2026-09-28 12:00:00,4 days 12:00:00,108,19.25,-161.5,997.3,47.9
2026-09-24,EP152026,28,2026-09-28 18:00:00,4 days 18:00:00,114,20.0,-162.25,997.0,48.4
2026-09-24,EP152026,28,2026-09-29 00:00:00,5 days 00:00:00,120,20.75,-163.0,996.7,48.8
2026-09-24,EP152026,28,2026-09-29 06:00:00,5 days 06:00:00,126,22.25,-163.87,997.9,46.9
2026-09-24,EP152026,28,2026-09-29 12:00:00,5 days 12:00:00,132,23.75,-164.75,999.1,45.1
2026-09-24,EP152026,28,2026-09-29 18:00:00,5 days 18:00:00,138,25.25,-165.61,996.2,49.5
2026-09-24,EP152026,28,2026-09-30 00:00:00,6 days 00:00:00,144,26.75,-166.5,993.4,53.9
2026-09-24,EP152026,28,2026-09-30 06:00:00,6 days 06:00:00,150,28.25,-167.49,991.1,57.2
2026-09-24,EP152026,28,2026-09-30 12:00:00,6 days 12:00:00,156,29.75,-168.5,988.7,60.5
2026-09-24,EP152026,28,2026-09-30 18:00:00,6 days 18:00:00,162,31.63,-169.6,989.1,60.0
2026-09-24,EP152026,28,2026-10-01 00:00:00,7 days 00:00:00,168,33.5,-170.75,989.4,59.6
2026-09-24,EP152026,28,2026-10-01 06:00:00,7 days 06:00:00,174,35.5,-171.36,989.4,59.6
2026-09-24,EP152026,28,2026-10-01 12:00:00,7 days 12:00:00,180,37.5,-172.0,989.4,59.6
2026-09-24,EP152026,28,2026-10-01 18:00:00,7 days 18:00:00,186,39.9,-169.83,990.2,58.4
2026-09-24,EP152026,28,2026-10-02 00:00:00,8 days 00:00:00,192,42.25,-167.5,991.0,57.3
2026-09-24,EP162026,28,2026-09-24 00:00:00,0 days 00:00:00,0,15.5,-126.75,971.6,82.7
2026-09-24,EP162026,28,2026-09-24 06:00:00,0 days 06:00:00,6,15.75,-126.25,974.7,78.9
2026-09-24,EP162026,28,2026-09-24 12:00:00,0 days 12:00:00,12,16.0,-125.75,977.7,75.2
2026-09-24,EP162026,28,2026-09-24 18:00:00,0 days 18:00:00,18,16.5,-125.25,980.6,71.4
2026-09-24,EP162026,28,2026-09-25 00:00:00,1 days 00:00:00,24,17.0,-124.75,983.5,67.6
2026-09-24,EP162026,28,2026-09-25 06:00:00,1 days 06:00:00,30,17.38,-124.38,985.2,65.3
2026-09-24,EP162026,28,2026-09-25 12:00:00,1 days 12:00:00,36,17.75,-124.0,986.9,63.0
2026-09-24,EP162026,28,2026-09-25 18:00:00,1 days 18:00:00,42,18.13,-123.88,985.6,64.8
2026-09-24,EP162026,28,2026-09-26 00:00:00,2 days 00:00:00,48,18.5,-123.75,984.3,66.6
2026-09-24,EP162026,28,2026-09-26 06:00:00,2 days 06:00:00,54,18.75,-123.87,983.8,67.2
2026-09-24,EP162026,28,2026-09-26 12:00:00,2 days 12:00:00,60,19.0,-124.0,983.4,67.8
2026-09-24,EP162026,28,2026-09-26 18:00:00,2 days 18:00:00,66,19.75,-124.25,987.1,62.7
2026-09-24,EP162026,28,2026-09-27 00:00:00,3 days 00:00:00,72,20.5,-124.5,990.8,57.6
2026-09-24,EP162026,28,2026-09-27 06:00:00,3 days 06:00:00,78,21.0,-124.5,993.8,53.2
2026-09-24,EP162026,28,2026-09-27 12:00:00,3 days 12:00:00,84,21.5,-124.5,996.7,48.8
2026-09-24,EP162026,28,2026-09-27 18:00:00,3 days 18:00:00,90,21.97,-119.01,986.5,62.9
2026-09-24,EP162026,28,2026-09-28 00:00:00,4 days 00:00:00,96,22.25,-113.5,976.3,76.9
2026-09-24,EP162026,28,2026-09-28 06:00:00,4 days 06:00:00,102,23.13,-113.25,979.8,72.4
2026-09-24,EP162026,28,2026-09-28 12:00:00,4 days 12:00:00,108,24.0,-113.0,983.2,68.0
2026-09-24,EP162026,28,2026-09-28 18:00:00,4 days 18:00:00,114,24.88,-112.63,984.7,66.0
2026-09-24,EP162026,28,2026-09-29 00:00:00,5 days 00:00:00,120,25.75,-112.25,986.2,64.0
2026-09-24,EP162026,28,2026-09-29 06:00:00,5 days 06:00:00,126,26.63,-111.63,989.0,60.1
2026-09-24,EP162026,28,2026-09-29 12:00:00,5 days 12:00:00,132,27.5,-111.0,991.8,56.1
2026-09-24,EP162026,28,2026-09-29 18:00:00,5 days 18:00:00,138,24.82,-110.27,994.3,52.4
2026-09-24,EP162026,28,2026-09-30 00:00:00,6 days 00:00:00,144,22.13,-109.57,996.7,48.6
2026-09-24,EP162026,28,2026-09-30 06:00:00,6 days 06:00:00,150,19.44,-108.9,999.1,44.8
2026-09-24,EP162026,28,2026-09-30 12:00:00,6 days 12:00:00,156,16.75,-108.25,1001.5,41.1
2026-09-24,EP162026,28,2026-09-30 18:00:00,6 days 18:00:00,162,17.0,-109.12,1001.2,41.6
2026-09-24,EP162026,28,2026-10-01 00:00:00,7 days 00:00:00,168,17.25,-110.0,1000.9,42.1
2026-09-24,EP162026,28,2026-10-01 06:00:00,7 days 06:00:00,174,17.88,-109.75,1000.9,42.2
2026-09-24,EP162026,28,2026-10-01 12:00:00,7 days 12:00:00,180,18.5,-109.5,1000.8,42.4
2026-09-24,EP172026,28,2026-09-24 00:00:00,0 days 00:00:00,0,15.75,-102.25,970.5,84.0
2026-09-24,EP172026,28,2026-09-24 06:00:00,0 days 06:00:00,6,16.13,-103.12,973.2,80.7
2026-09-24,EP172026,28,2026-09-24 12:00:00,0 days 12:00:00,12,16.5,-104.0,975.9,77.4
2026-09-24,EP172026,28,2026-09-24 18:00:00,0 days 18:00:00,18,16.75,-104.87,974.9,78.6
2026-09-24,EP172026,28,2026-09-25 00:00:00,1 days 00:00:00,24,17.0,-105.75,973.9,79.9
2026-09-24,EP172026,28,2026-09-25 06:00:00,1 days 06:00:00,30,17.0,-106.62,973.5,80.4
2026-09-24,EP172026,28,2026-09-25 12:00:00,1 days 12:00:00,36,17.0,-107.5,973.0,80.9
2026-09-24,EP172026,28,2026-09-25 18:00:00,1 days 18:00:00,42,17.25,-108.37,971.8,82.5
2026-09-24,EP172026,28,2026-09-26 00:00:00,2 days 00:00:00,48,17.5,-109.25,970.5,84.0
2026-09-24,EP172026,28,2026-09-26 06:00:00,2 days 06:00:00,54,17.75,-110.0,973.8,79.9
2026-09-24,EP172026,28,2026-09-26 12:00:00,2 days 12:00:00,60,18.0,-110.75,977.1,75.9
2026-09-24,EP172026,28,2026-09-26 18:00:00,2 days 18:00:00,66,18.38,-111.25,973.5,80.4
2026-09-24,EP172026,28,2026-09-27 00:00:00,3 days 00:00:00,72,18.75,-111.75,969.8,84.9
2026-09-24,EP172026,28,2026-09-27 06:00:00,3 days 06:00:00,78,19.63,-112.37,975.3,78.0
2026-09-24,EP172026,28,2026-09-27 12:00:00,3 days 12:00:00,84,20.5,-113.0,980.9,71.1
2026-09-24,EP172026,28,2026-09-27 18:00:00,3 days 18:00:00,90,21.38,-113.25,978.6,74.0
2026-09-24,EP172026,28,2026-09-28 00:00:00,4 days 00:00:00,96,22.25,-113.5,976.3,76.9
2026-09-24,IO012026,28,2026-09-24 00:00:00,0 days 00:00:00,0,18.5,84.0,986.5,63.6
2026-09-24,IO012026,28,2026-09-24 06:00:00,0 days 06:00:00,6,18.5,84.0,988.4,61.0
2026-09-24,IO012026,28,2026-09-24 12:00:00,0 days 12:00:00,12,18.5,84.0,990.3,58.3
2026-09-24,IO012026,28,2026-09-24 18:00:00,0 days 18:00:00,18,19.75,83.01,991.2,57.1
2026-09-24,IO012026,28,2026-09-25 00:00:00,1 days 00:00:00,24,21.0,82.0,992.0,55.8
2026-09-24,IO012026,28,2026-09-25 06:00:00,1 days 06:00:00,30,21.5,82.0,993.2,54.2
2026-09-24,IO012026,28,2026-09-25 12:00:00,1 days 12:00:00,36,22.0,82.0,994.3,52.5
2026-09-24,IO012026,28,2026-09-25 18:00:00,1 days 18:00:00,42,22.75,81.63,995.8,50.2
2026-09-24,IO012026,28,2026-09-26 00:00:00,2 days 00:00:00,48,23.5,81.25,997.3,48.0
2026-09-24,IO012026,28,2026-09-26 06:00:00,2 days 06:00:00,54,24.75,80.88,996.3,49.4
2026-09-24,IO012026,28,2026-09-26 12:00:00,2 days 12:00:00,60,26.0,80.5,995.4,50.9
2026-09-24,IO012026,28,2026-09-26 18:00:00,2 days 18:00:00,66,26.75,80.25,995.7,50.4
2026-09-24,IO012026,28,2026-09-27 00:00:00,3 days 00:00:00,72,27.5,80.0,996.0,50.0
2026-09-24,WP252026,28,2026-09-24 00:00:00,0 days 00:00:00,0,18.0,134.5,1003.5,37.8
2026-09-24,WP252026,28,2026-09-24 06:00:00,0 days 06:00:00,6,18.38,133.38,1003.5,37.8
2026-09-24,WP252026,28,2026-09-24 12:00:00,0 days 12:00:00,12,18.75,132.25,1003.5,37.8
2026-09-24,WP252026,28,2026-09-24 18:00:00,0 days 18:00:00,18,19.0,131.38,1003.0,38.5
2026-09-24,WP252026,28,2026-09-25 00:00:00,1 days 00:00:00,24,19.25,130.5,1002.6,39.3
2026-09-24,WP252026,28,2026-09-25 06:00:00,1 days 06:00:00,30,20.0,129.63,1002.5,39.5
2026-09-24,WP252026,28,2026-09-25 12:00:00,1 days 12:00:00,36,20.75,128.75,1002.4,39.7
2026-09-24,WP252026,28,2026-09-25 18:00:00,1 days 18:00:00,42,21.38,128.13,1001.7,40.9
2026-09-24,WP252026,28,2026-09-26 00:00:00,2 days 00:00:00,48,22.0,127.5,1001.0,42.1
2026-09-24,WP252026,28,2026-09-26 06:00:00,2 days 06:00:00,54,22.5,127.5,999.0,45.2
2026-09-24,WP252026,28,2026-09-26 12:00:00,2 days 12:00:00,60,23.0,127.5,997.1,48.3
2026-09-24,WP252026,28,2026-09-26 18:00:00,2 days 18:00:00,66,23.63,127.25,995.7,50.4
2026-09-24,WP252026,28,2026-09-27 00:00:00,3 days 00:00:00,72,24.25,127.0,994.2,52.6
2026-09-24,WP252026,28,2026-09-27 06:00:00,3 days 06:00:00,78,24.75,127.5,991.4,56.7
2026-09-24,WP252026,28,2026-09-27 12:00:00,3 days 12:00:00,84,25.25,128.0,988.5,60.8
2026-09-24,WP252026,28,2026-09-27 18:00:00,3 days 18:00:00,90,26.0,128.62,990.7,57.8
2026-09-24,WP252026,28,2026-09-28 00:00:00,4 days 00:00:00,96,26.75,129.25,992.8,54.7
2026-09-24,WP252026,28,2026-09-28 06:00:00,4 days 06:00:00,102,27.25,130.37,995.8,50.2
2026-09-24,WP252026,28,2026-09-28 12:00:00,4 days 12:00:00,108,27.75,131.5,998.7,45.7
2026-09-24,WP252026,28,2026-09-28 18:00:00,4 days 18:00:00,114,28.5,132.49,1001.6,40.9
2026-09-24,WP252026,28,2026-09-29 00:00:00,5 days 00:00:00,120,29.25,133.5,1004.5,36.0
2026-09-24,WP252026,28,2026-09-29 06:00:00,5 days 06:00:00,126,29.75,134.25,1003.7,37.4
2026-09-24,WP252026,28,2026-09-29 12:00:00,5 days 12:00:00,132,30.25,135.0,1002.9,38.8
2026-09-24,WP252026,28,2026-09-29 18:00:00,5 days 18:00:00,138,31.0,136.12,1004.4,36.2
2026-09-24,WP252026,28,2026-09-30 00:00:00,6 days 00:00:00,144,31.75,137.25,1005.8,33.6
2026-09-24,EP152026,29,2026-09-24 00:00:00,0 days 00:00:00,0,14.5,-155.5,1000.6,42.7
2026-09-24,EP152026,29,2026-09-24 06:00:00,0 days 06:00:00,6,14.63,-155.75,997.1,48.1
2026-09-24,EP152026,29,2026-09-24 12:00:00,0 days 12:00:00,12,14.75,-156.0,993.5,53.6
2026-09-24,EP152026,29,2026-09-24 18:00:00,0 days 18:00:00,18,14.88,-156.12,991.7,56.3
2026-09-24,EP152026,29,2026-09-25 00:00:00,1 days 00:00:00,24,15.0,-156.25,989.8,59.1
2026-09-24,EP152026,29,2026-09-25 06:00:00,1 days 06:00:00,30,15.5,-156.0,988.6,60.7
2026-09-24,EP152026,29,2026-09-25 12:00:00,1 days 12:00:00,36,16.0,-155.75,987.5,62.2
2026-09-24,EP152026,29,2026-09-25 18:00:00,1 days 18:00:00,42,16.62,-155.75,987.4,62.3
2026-09-24,EP152026,29,2026-09-26 00:00:00,2 days 00:00:00,48,17.25,-155.75,987.4,62.4
2026-09-24,EP152026,29,2026-09-26 06:00:00,2 days 06:00:00,54,17.75,-155.63,987.9,61.6
2026-09-24,EP152026,29,2026-09-26 12:00:00,2 days 12:00:00,60,18.25,-155.5,988.5,60.8
2026-09-24,EP152026,29,2026-09-26 18:00:00,2 days 18:00:00,66,18.5,-156.0,988.7,60.5
2026-09-24,EP152026,29,2026-09-27 00:00:00,3 days 00:00:00,72,18.75,-156.5,988.9,60.2
2026-09-24,EP152026,29,2026-09-27 06:00:00,3 days 06:00:00,78,18.88,-157.75,990.0,58.7
2026-09-24,EP152026,29,2026-09-27 12:00:00,3 days 12:00:00,84,19.0,-159.0,991.1,57.1
2026-09-24,EP152026,29,2026-09-27 18:00:00,3 days 18:00:00,90,18.88,-160.0,990.9,57.4
2026-09-24,EP152026,29,2026-09-28 00:00:00,4 days 00:00:00,96,18.75,-161.0,990.7,57.8
2026-09-24,EP152026,29,2026-09-28 06:00:00,4 days 06:00:00,102,19.13,-161.87,989.1,60.0
2026-09-24,EP152026,29,2026-09-28 12:00:00,4 days 12:00:00,108,19.5,-162.75,987.6,62.2
2026-09-24,EP152026,29,2026-09-28 18:00:00,4 days 18:00:00,114,20.13,-163.62,988.9,60.2
2026-09-24,EP152026,29,2026-09-29 00:00:00,5 days 00:00:00,120,20.75,-164.5,990.3,58.3
2026-09-24,EP152026,29,2026-09-29 06:00:00,5 days 06:00:00,126,21.75,-165.49,990.6,57.9
2026-09-24,EP152026,29,2026-09-29 12:00:00,5 days 12:00:00,132,22.75,-166.5,990.9,57.4
2026-09-24,EP152026,29,2026-09-29 18:00:00,5 days 18:00:00,138,23.76,-167.74,988.7,60.5
2026-09-24,EP152026,29,2026-09-30 00:00:00,6 days 00:00:00,144,24.75,-169.0,986.5,63.6
2026-09-24,EP152026,29,2026-09-30 06:00:00,6 days 06:00:00,150,24.75,-170.0,988.3,61.1
2026-09-24,EP152026,29,2026-09-30 12:00:00,6 days 12:00:00,156,24.75,-171.0,990.1,58.6
2026-09-24,EP152026,29,2026-09-30 18:00:00,6 days 18:00:00,162,24.88,-172.12,989.2,59.9
2026-09-24,EP152026,29,2026-10-01 00:00:00,7 days 00:00:00,168,25.0,-173.25,988.3,61.1
2026-09-24,EP152026,29,2026-10-01 06:00:00,7 days 06:00:00,174,25.13,-174.12,989.7,59.2
2026-09-24,EP152026,29,2026-10-01 12:00:00,7 days 12:00:00,180,25.25,-175.0,991.1,57.2
2026-09-24,EP152026,29,2026-10-01 18:00:00,7 days 18:00:00,186,25.38,-176.0,991.1,57.2
2026-09-24,EP152026,29,2026-10-02 00:00:00,8 days 00:00:00,192,25.5,-177.0,991.1,57.2
2026-09-24,EP152026,29,2026-10-02 06:00:00,8 days 06:00:00,198,25.76,-178.62,990.4,58.2
2026-09-24,EP152026,29,2026-10-02 12:00:00,8 days 12:00:00,204,26.0,179.75,989.6,59.2
2026-09-24,EP152026,29,2026-10-02 18:00:00,8 days 18:00:00,210,26.38,178.38,990.1,58.6
2026-09-24,EP152026,29,2026-10-03 00:00:00,9 days 00:00:00,216,26.75,177.0,990.6,57.9
2026-09-24,EP152026,29,2026-10-03 06:00:00,9 days 06:00:00,222,27.64,175.26,989.7,59.2
2026-09-24,EP152026,29,2026-10-03 12:00:00,9 days 12:00:00,228,28.5,173.5,988.7,60.5
2026-09-24,EP152026,29,2026-10-03 18:00:00,9 days 18:00:00,234,29.27,171.39,988.4,61.0
2026-09-24,EP152026,29,2026-10-04 00:00:00,10 days 00:00:00,240,30.0,169.25,988.0,61.5
2026-09-24,EP152026,29,2026-10-04 06:00:00,10 days 06:00:00,246,30.88,167.76,991.3,56.8
2026-09-24,EP152026,29,2026-10-04 12:00:00,10 days 12:00:00,252,31.75,166.25,994.6,52.1
2026-09-24,EP152026,29,2026-10-04 18:00:00,10 days 18:00:00,258,33.13,165.14,996.6,48.9
2026-09-24,EP152026,29,2026-10-05 00:00:00,11 days 00:00:00,264,34.5,164.0,998.7,45.7
2026-09-24,EP152026,29,2026-10-05 06:00:00,11 days 06:00:00,270,32.15,157.71,983.0,66.8
2026-09-24,EP152026,29,2026-10-05 12:00:00,11 days 12:00:00,276,29.5,151.75,967.3,87.8
2026-09-24,EP152026,29,2026-10-05 18:00:00,11 days 18:00:00,282,32.13,152.72,967.5,87.6
2026-09-24,EP152026,29,2026-10-06 00:00:00,12 days 00:00:00,288,34.75,153.75,967.7,87.3
2026-09-24,EP152026,29,2026-10-06 06:00:00,12 days 06:00:00,294,38.14,155.3,972.3,81.7
2026-09-24,EP152026,29,2026-10-06 12:00:00,12 days 12:00:00,300,41.5,157.0,976.9,76.1
2026-09-24,EP152026,29,2026-10-06 18:00:00,12 days 18:00:00,306,45.91,159.65,977.4,75.5
2026-09-24,EP152026,29,2026-10-07 00:00:00,13 days 00:00:00,312,50.25,162.75,978.0,74.8
2026-09-24,EP152026,29,2026-10-07 06:00:00,13 days 06:00:00,318,55.04,165.39,971.0,83.2
2026-09-24,EP152026,29,2026-10-07 12:00:00,13 days 12:00:00,324,59.75,168.75,964.1,91.5
2026-09-24,EP152026,29,2026-10-07 18:00:00,13 days 18:00:00,330,62.71,173.26,959.8,96.4
2026-09-24,EP152026,29,2026-10-08 00:00:00,14 days 00:00:00,336,65.5,178.75,955.5,101.3
2026-09-24,EP162026,29,2026-09-24 00:00:00,0 days 00:00:00,0,15.5,-126.75,971.6,82.7
2026-09-24,EP162026,29,2026-09-24 06:00:00,0 days 06:00:00,6,15.75,-126.13,976.8,76.1
2026-09-24,EP162026,29,2026-09-24 12:00:00,0 days 12:00:00,12,16.0,-125.5,982.0,69.6
2026-09-24,EP162026,29,2026-09-24 18:00:00,0 days 18:00:00,18,16.63,-124.88,982.2,69.4
2026-09-24,EP162026,29,2026-09-25 00:00:00,1 days 00:00:00,24,17.25,-124.25,982.4,69.2
2026-09-24,EP162026,29,2026-09-25 06:00:00,1 days 06:00:00,30,17.5,-124.0,984.3,66.5
2026-09-24,EP162026,29,2026-09-25 12:00:00,1 days 12:00:00,36,17.75,-123.75,986.3,63.8
2026-09-24,EP162026,29,2026-09-25 18:00:00,1 days 18:00:00,42,17.75,-123.75,987.6,62.1
2026-09-24,EP162026,29,2026-09-26 00:00:00,2 days 00:00:00,48,17.75,-123.75,988.8,60.4
2026-09-24,EP162026,29,2026-09-26 06:00:00,2 days 06:00:00,54,18.13,-123.38,991.9,55.9
2026-09-24,EP162026,29,2026-09-26 12:00:00,2 days 12:00:00,60,18.5,-123.0,995.0,51.4
2026-09-24,EP162026,29,2026-09-26 18:00:00,2 days 18:00:00,66,18.75,-123.12,996.1,49.8
2026-09-24,EP162026,29,2026-09-27 00:00:00,3 days 00:00:00,72,19.0,-123.25,997.2,48.1
2026-09-24,EP162026,29,2026-09-27 06:00:00,3 days 06:00:00,78,19.38,-123.0,998.4,46.2
2026-09-24,EP162026,29,2026-09-27 12:00:00,3 days 12:00:00,84,19.75,-122.75,999.6,44.3
2026-09-24,EP162026,29,2026-09-27 18:00:00,3 days 18:00:00,90,23.07,-118.24,984.2,65.1
2026-09-24,EP162026,29,2026-09-28 00:00:00,4 days 00:00:00,96,26.25,-113.5,968.9,86.0
2026-09-24,EP162026,29,2026-09-28 06:00:00,4 days 06:00:00,102,27.63,-112.76,978.2,74.1
2026-09-24,EP162026,29,2026-09-28 12:00:00,4 days 12:00:00,108,29.0,-112.0,987.5,62.3
2026-09-24,EP162026,29,2026-09-28 18:00:00,4 days 18:00:00,114,24.3,-115.89,995.5,50.0
2026-09-24,EP162026,29,2026-09-29 00:00:00,5 days 00:00:00,120,19.5,-119.5,1003.5,37.7
2026-09-24,EP162026,29,2026-09-29 06:00:00,5 days 06:00:00,126,19.38,-119.5,1004.3,36.3
2026-09-24,EP162026,29,2026-09-29 12:00:00,5 days 12:00:00,132,19.25,-119.5,1005.1,34.9
2026-09-24,EP162026,29,2026-09-29 18:00:00,5 days 18:00:00,138,18.88,-120.0,1004.8,35.4
2026-09-24,EP162026,29,2026-09-30 00:00:00,6 days 00:00:00,144,18.5,-120.5,1004.6,35.9
2026-09-24,EP162026,29,2026-09-30 06:00:00,6 days 06:00:00,150,18.19,-115.36,998.6,45.5
2026-09-24,EP162026,29,2026-09-30 12:00:00,6 days 12:00:00,156,17.75,-110.25,992.5,55.1
2026-09-24,EP162026,29,2026-09-30 18:00:00,6 days 18:00:00,162,18.25,-110.87,990.6,57.8
2026-09-24,EP162026,29,2026-10-01 00:00:00,7 days 00:00:00,168,18.75,-111.5,988.7,60.5
2026-09-24,EP162026,29,2026-10-01 06:00:00,7 days 06:00:00,174,18.88,-112.62,985.6,64.8
2026-09-24,EP162026,29,2026-10-01 12:00:00,7 days 12:00:00,180,19.0,-113.75,982.4,69.0
2026-09-24,EP162026,29,2026-10-01 18:00:00,7 days 18:00:00,186,19.13,-114.62,980.8,71.2
2026-09-24,EP162026,29,2026-10-02 00:00:00,8 days 00:00:00,192,19.25,-115.5,979.1,73.4
2026-09-24,EP162026,29,2026-10-02 06:00:00,8 days 06:00:00,198,19.13,-116.38,979.1,73.3
2026-09-24,EP162026,29,2026-10-02 12:00:00,8 days 12:00:00,204,19.0,-117.25,979.1,73.3
2026-09-24,EP162026,29,2026-10-02 18:00:00,8 days 18:00:00,210,19.25,-118.25,982.1,69.5
2026-09-24,EP162026,29,2026-10-03 00:00:00,9 days 00:00:00,216,19.5,-119.25,985.0,65.6
2026-09-24,EP162026,29,2026-10-03 06:00:00,9 days 06:00:00,222,19.75,-120.37,988.2,61.1
2026-09-24,EP162026,29,2026-10-03 12:00:00,9 days 12:00:00,228,20.0,-121.5,991.5,56.6
2026-09-24,EP162026,29,2026-10-03 18:00:00,9 days 18:00:00,234,20.13,-122.37,994.1,52.8
2026-09-24,EP162026,29,2026-10-04 00:00:00,10 days 00:00:00,240,20.25,-123.25,996.6,48.9
2026-09-24,EP162026,29,2026-10-04 06:00:00,10 days 06:00:00,246,20.0,-124.25,997.0,48.4
2026-09-24,EP162026,29,2026-10-04 12:00:00,10 days 12:00:00,252,19.75,-125.25,997.3,47.8
2026-09-24,EP162026,29,2026-10-04 18:00:00,10 days 18:00:00,258,20.0,-126.12,998.2,46.4
2026-09-24,EP162026,29,2026-10-05 00:00:00,11 days 00:00:00,264,20.25,-127.0,999.1,45.0
2026-09-24,EP162026,29,2026-10-05 06:00:00,11 days 06:00:00,270,20.63,-127.87,1000.3,43.2
2026-09-24,EP162026,29,2026-10-05 12:00:00,11 days 12:00:00,276,21.0,-128.75,1001.4,41.3
2026-09-24,EP162026,29,2026-10-05 18:00:00,11 days 18:00:00,282,21.0,-129.62,1001.3,41.6
2026-09-24,EP162026,29,2026-10-06 00:00:00,12 days 00:00:00,288,21.0,-130.5,1001.1,41.8
2026-09-24,EP172026,29,2026-09-24 00:00:00,0 days 00:00:00,0,15.75,-102.25,970.5,84.0
2026-09-24,EP172026,29,2026-09-24 06:00:00,0 days 06:00:00,6,16.13,-103.12,974.8,78.7
2026-09-24,EP172026,29,2026-09-24 12:00:00,0 days 12:00:00,12,16.5,-104.0,979.0,73.5
2026-09-24,EP172026,29,2026-09-24 18:00:00,0 days 18:00:00,18,16.88,-105.0,978.9,73.6
2026-09-24,EP172026,29,2026-09-25 00:00:00,1 days 00:00:00,24,17.25,-106.0,978.8,73.7
2026-09-24,EP172026,29,2026-09-25 06:00:00,1 days 06:00:00,30,17.38,-107.0,977.8,75.0
2026-09-24,EP172026,29,2026-09-25 12:00:00,1 days 12:00:00,36,17.5,-108.0,976.8,76.3
2026-09-24,EP172026,29,2026-09-25 18:00:00,1 days 18:00:00,42,17.88,-109.0,972.3,81.8
2026-09-24,EP172026,29,2026-09-26 00:00:00,2 days 00:00:00,48,18.25,-110.0,967.8,87.2
2026-09-24,EP172026,29,2026-09-26 06:00:00,2 days 06:00:00,54,18.75,-110.75,968.2,86.8
2026-09-24,EP172026,29,2026-09-26 12:00:00,2 days 12:00:00,60,19.25,-111.5,968.5,86.4
2026-09-24,EP172026,29,2026-09-26 18:00:00,2 days 18:00:00,66,20.25,-112.25,966.5,88.7
2026-09-24,EP172026,29,2026-09-27 00:00:00,3 days 00:00:00,72,21.25,-113.0,964.5,91.1
2026-09-24,EP172026,29,2026-09-27 06:00:00,3 days 06:00:00,78,22.25,-113.37,964.8,90.8
2026-09-24,EP172026,29,2026-09-27 12:00:00,3 days 12:00:00,84,23.25,-113.75,965.0,90.5
2026-09-24,EP172026,29,2026-09-27 18:00:00,3 days 18:00:00,90,24.75,-113.63,966.9,88.2
2026-09-24,EP172026,29,2026-09-28 00:00:00,4 days 00:00:00,96,26.25,-113.5,968.9,86.0
2026-09-24,IO012026,29,2026-09-24 00:00:00,0 days 00:00:00,0,18.5,84.0,986.5,63.6
2026-09-24,IO012026,29,2026-09-24 06:00:00,0 days 06:00:00,6,18.38,84.0,989.4,59.6
2026-09-24,IO012026,29,2026-09-24 12:00:00,0 days 12:00:00,12,18.25,84.0,992.2,55.6
2026-09-24,IO012026,29,2026-09-24 18:00:00,0 days 18:00:00,18,19.38,83.13,992.2,55.6
2026-09-24,IO012026,29,2026-09-25 00:00:00,1 days 00:00:00,24,20.5,82.25,992.1,55.7
2026-09-24,IO012026,29,2026-09-25 06:00:00,1 days 06:00:00,30,21.13,81.88,993.0,54.3
2026-09-24,IO012026,29,2026-09-25 12:00:00,1 days 12:00:00,36,21.75,81.5,993.9,53.0
2026-09-24,IO012026,29,2026-09-25 18:00:00,1 days 18:00:00,42,22.75,81.25,995.1,51.3
2026-09-24,IO012026,29,2026-09-26 00:00:00,2 days 00:00:00,48,23.75,81.0,996.3,49.5
2026-09-24,IO012026,29,2026-09-26 06:00:00,2 days 06:00:00,54,24.5,81.0,996.7,48.8
2026-09-24,IO012026,29,2026-09-26 12:00:00,2 days 12:00:00,60,25.25,81.0,997.2,48.1
2026-09-24,IO012026,29,2026-09-26 18:00:00,2 days 18:00:00,66,25.88,80.63,997.4,47.8
2026-09-24,IO012026,29,2026-09-27 00:00:00,3 days 00:00:00,72,26.5,80.25,997.6,47.5
2026-09-24,IO012026,29,2026-09-27 06:00:00,3 days 06:00:00,78,27.5,79.63,999.4,44.5
2026-09-24,IO012026,29,2026-09-27 12:00:00,3 days 12:00:00,84,28.5,79.0,1001.3,41.5
2026-09-24,WP252026,29,2026-09-24 00:00:00,0 days 00:00:00,0,18.0,134.5,1003.5,37.8
2026-09-24,WP252026,29,2026-09-24 06:00:00,0 days 06:00:00,6,18.5,133.38,1001.9,40.4
2026-09-24,WP252026,29,2026-09-24 12:00:00,0 days 12:00:00,12,19.0,132.25,1000.3,43.1
2026-09-24,WP252026,29,2026-09-24 18:00:00,0 days 18:00:00,18,19.5,131.13,999.7,44.2
2026-09-24,WP252026,29,2026-09-25 00:00:00,1 days 00:00:00,24,20.0,130.0,999.0,45.2
2026-09-24,WP252026,29,2026-09-25 06:00:00,1 days 06:00:00,30,20.5,129.13,997.6,47.4
2026-09-24,WP252026,29,2026-09-25 12:00:00,1 days 12:00:00,36,21.0,128.25,996.2,49.6
2026-09-24,WP252026,29,2026-09-25 18:00:00,1 days 18:00:00,42,21.5,127.63,996.1,49.8
2026-09-24,WP252026,29,2026-09-26 00:00:00,2 days 00:00:00,48,22.0,127.0,996.0,50.0
2026-09-24,WP252026,29,2026-09-26 06:00:00,2 days 06:00:00,54,22.75,126.88,992.3,55.4
2026-09-24,WP252026,29,2026-09-26 12:00:00,2 days 12:00:00,60,23.5,126.75,988.5,60.8
2026-09-24,WP252026,29,2026-09-26 18:00:00,2 days 18:00:00,66,24.0,127.0,985.9,64.3
2026-09-24,WP252026,29,2026-09-27 00:00:00,3 days 00:00:00,72,24.5,127.25,983.3,67.9
2026-09-24,WP252026,29,2026-09-27 06:00:00,3 days 06:00:00,78,24.88,127.87,981.2,70.6
2026-09-24,WP252026,29,2026-09-27 12:00:00,3 days 12:00:00,84,25.25,128.5,979.2,73.3
2026-09-24,WP252026,29,2026-09-27 18:00:00,3 days 18:00:00,90,25.75,129.12,977.7,75.2
2026-09-24,WP252026,29,2026-09-28 00:00:00,4 days 00:00:00,96,26.25,129.75,976.1,77.1
2026-09-24,WP252026,29,2026-09-28 06:00:00,4 days 06:00:00,102,26.88,130.87,979.8,72.5
2026-09-24,WP252026,29,2026-09-28 12:00:00,4 days 12:00:00,108,27.5,132.0,983.4,67.8
2026-09-24,WP252026,29,2026-09-28 18:00:00,4 days 18:00:00,114,28.01,133.49,986.5,63.5
2026-09-24,WP252026,29,2026-09-29 00:00:00,5 days 00:00:00,120,28.5,135.0,989.6,59.2
2026-09-24,WP252026,29,2026-09-29 06:00:00,5 days 06:00:00,126,29.0,135.62,991.7,56.3
2026-09-24,WP252026,29,2026-09-29 12:00:00,5 days 12:00:00,132,29.5,136.25,993.7,53.3
2026-09-24,WP252026,29,2026-09-29 18:00:00,5 days 18:00:00,138,30.63,137.24,995.8,50.2
2026-09-24,WP252026,29,2026-09-30 00:00:00,6 days 00:00:00,144,31.75,138.25,997.8,47.2
2026-09-24,WP252026,29,2026-09-30 06:00:00,6 days 06:00:00,150,33.26,139.85,997.6,47.5
2026-09-24,WP252026,29,2026-09-30 12:00:00,6 days 12:00:00,156,34.75,141.5,997.3,47.8
2026-09-24,EP152026,3,2026-09-24 00:00:00,0 days 00:00:00,0,14.5,-155.5,1000.6,42.7
2026-09-24,EP152026,3,2026-09-24 06:00:00,0 days 06:00:00,6,14.38,-155.63,998.1,46.6
2026-09-24,EP152026,3,2026-09-24 12:00:00,0 days 12:00:00,12,14.25,-155.75,995.6,50.6
2026-09-24,EP152026,3,2026-09-24 18:00:00,0 days 18:00:00,18,14.75,-155.5,991.3,56.7
2026-09-24,EP152026,3,2026-09-25 00:00:00,1 days 00:00:00,24,15.25,-155.25,987.1,62.7
2026-09-24,EP152026,3,2026-09-25 06:00:00,1 days 06:00:00,30,15.5,-155.13,986.6,63.5
2026-09-24,EP152026,3,2026-09-25 12:00:00,1 days 12:00:00,36,15.75,-155.0,986.0,64.3
2026-09-24,EP152026,3,2026-09-25 18:00:00,1 days 18:00:00,42,16.5,-154.75,985.2,65.3
2026-09-24,EP152026,3,2026-09-26 00:00:00,2 days 00:00:00,48,17.25,-154.5,984.5,66.3
2026-09-24,EP152026,3,2026-09-26 06:00:00,2 days 06:00:00,54,17.75,-154.62,986.3,63.9
2026-09-24,EP152026,3,2026-09-26 12:00:00,2 days 12:00:00,60,18.25,-154.75,988.0,61.5
2026-09-24,EP152026,3,2026-09-26 18:00:00,2 days 18:00:00,66,18.63,-155.0,991.4,56.7
2026-09-24,EP152026,3,2026-09-27 00:00:00,3 days 00:00:00,72,19.0,-155.25,994.7,52.0
2026-09-24,EP152026,3,2026-09-27 06:00:00,3 days 06:00:00,78,19.25,-156.5,996.2,49.7
2026-09-24,EP152026,3,2026-09-27 12:00:00,3 days 12:00:00,84,19.5,-157.75,997.7,47.4
2026-09-24,EP152026,3,2026-09-27 18:00:00,3 days 18:00:00,90,19.63,-158.75,998.1,46.6
2026-09-24,EP152026,3,2026-09-28 00:00:00,4 days 00:00:00,96,19.75,-159.75,998.6,45.9
2026-09-24,EP152026,3,2026-09-28 06:00:00,4 days 06:00:00,102,20.25,-160.87,998.5,46.0
2026-09-24,EP152026,3,2026-09-28 12:00:00,4 days 12:00:00,108,20.75,-162.0,998.5,46.0
2026-09-24,EP152026,3,2026-09-28 18:00:00,4 days 18:00:00,114,21.38,-162.75,997.7,47.4
2026-09-24,EP152026,3,2026-09-29 00:00:00,5 days 00:00:00,120,22.0,-163.5,996.8,48.7
2026-09-24,EP152026,3,2026-09-29 06:00:00,5 days 06:00:00,126,23.38,-163.75,996.7,48.9
2026-09-24,EP152026,3,2026-09-29 12:00:00,5 days 12:00:00,132,24.75,-164.0,996.5,49.2
2026-09-24,EP152026,3,2026-09-29 18:00:00,5 days 18:00:00,138,25.75,-164.37,992.3,55.3
2026-09-24,EP152026,3,2026-09-30 00:00:00,6 days 00:00:00,144,26.75,-164.75,988.0,61.5
2026-09-24,EP152026,3,2026-09-30 06:00:00,6 days 06:00:00,150,26.75,-164.38,988.0,61.6
2026-09-24,EP152026,3,2026-09-30 12:00:00,6 days 12:00:00,156,26.75,-164.0,987.9,61.7
2026-09-24,EP152026,3,2026-09-30 18:00:00,6 days 18:00:00,162,27.0,-163.5,983.4,67.6
2026-09-24,EP152026,3,2026-10-01 00:00:00,7 days 00:00:00,168,27.25,-163.0,979.0,73.5
2026-09-24,EP152026,3,2026-10-01 06:00:00,7 days 06:00:00,174,27.75,-163.25,980.1,72.0
2026-09-24,EP152026,3,2026-10-01 12:00:00,7 days 12:00:00,180,28.25,-163.5,981.3,70.5
2026-09-24,EP152026,3,2026-10-01 18:00:00,7 days 18:00:00,186,28.88,-163.38,979.0,73.5
2026-09-24,EP152026,3,2026-10-02 00:00:00,8 days 00:00:00,192,29.5,-163.25,976.7,76.4
2026-09-24,EP152026,3,2026-10-02 06:00:00,8 days 06:00:00,198,30.5,-163.87,979.0,73.5
2026-09-24,EP152026,3,2026-10-02 12:00:00,8 days 12:00:00,204,31.5,-164.5,981.3,70.6
2026-09-24,EP152026,3,2026-10-02 18:00:00,8 days 18:00:00,210,32.13,-165.62,984.8,65.9
2026-09-24,EP152026,3,2026-10-03 00:00:00,9 days 00:00:00,216,32.75,-166.75,988.3,61.1
2026-09-24,EP152026,3,2026-10-03 06:00:00,9 days 06:00:00,222,32.64,-168.88,992.0,55.8
2026-09-24,EP152026,3,2026-10-03 12:00:00,9 days 12:00:00,228,32.5,-171.0,995.7,50.4
2026-09-24,EP152026,3,2026-10-03 18:00:00,9 days 18:00:00,234,31.89,-172.64,994.2,52.6
2026-09-24,EP152026,3,2026-10-04 00:00:00,10 days 00:00:00,240,31.25,-174.25,992.7,54.8
2026-09-24,EP152026,3,2026-10-04 06:00:00,10 days 06:00:00,246,30.63,-175.26,994.0,52.9
2026-09-24,EP152026,3,2026-10-04 12:00:00,10 days 12:00:00,252,30.0,-176.25,995.3,51.0
2026-09-24,EP152026,3,2026-10-04 18:00:00,10 days 18:00:00,258,29.25,-176.88,997.9,46.8
2026-09-24,EP152026,3,2026-10-05 00:00:00,11 days 00:00:00,264,28.5,-177.5,1000.6,42.6
2026-09-24,EP152026,3,2026-10-05 06:00:00,11 days 06:00:00,270,28.01,-179.01,1002.7,39.0
2026-09-24,EP152026,3,2026-10-05 12:00:00,11 days 12:00:00,276,27.5,179.5,1004.8,35.5
2026-09-24,EP152026,3,2026-10-05 18:00:00,11 days 18:00:00,282,27.26,177.75,1005.2,34.7
2026-09-24,EP152026,3,2026-10-06 00:00:00,12 days 00:00:00,288,27.0,176.0,1005.7,33.9
2026-09-24,EP152026,3,2026-10-06 06:00:00,12 days 06:00:00,294,27.04,174.13,1006.1,33.0
2026-09-24,EP152026,3,2026-10-06 12:00:00,12 days 12:00:00,300,27.05,172.25,1006.6,32.2
2026-09-24,EP152026,3,2026-10-06 18:00:00,12 days 18:00:00,306,27.04,170.37,1007.1,31.3
2026-09-24,EP152026,3,2026-10-07 00:00:00,13 days 00:00:00,312,27.0,168.5,1007.5,30.4
2026-09-24,EP152026,3,2026-10-07 06:00:00,13 days 06:00:00,318,26.88,166.87,1009.6,26.1
2026-09-24,EP152026,3,2026-10-07 12:00:00,13 days 12:00:00,324,26.75,165.25,1011.7,21.9
2026-09-24,EP162026,3,2026-09-24 00:00:00,0 days 00:00:00,0,15.5,-126.75,971.6,82.7
2026-09-24,EP162026,3,2026-09-24 06:00:00,0 days 06:00:00,6,16.0,-126.13,978.0,74.5
2026-09-24,EP162026,3,2026-09-24 12:00:00,0 days 12:00:00,12,16.5,-125.5,984.5,66.4
2026-09-24,EP162026,3,2026-09-24 18:00:00,0 days 18:00:00,18,17.0,-124.88,983.0,68.2
2026-09-24,EP162026,3,2026-09-25 00:00:00,1 days 00:00:00,24,17.5,-124.25,981.6,70.1
2026-09-24,EP162026,3,2026-09-25 06:00:00,1 days 06:00:00,30,18.0,-123.88,981.1,70.8
2026-09-24,EP162026,3,2026-09-25 12:00:00,1 days 12:00:00,36,18.5,-123.5,980.5,71.6
2026-09-24,EP162026,3,2026-09-25 18:00:00,1 days 18:00:00,42,18.88,-123.25,982.0,69.5
2026-09-24,EP162026,3,2026-09-26 00:00:00,2 days 00:00:00,48,19.25,-123.0,983.6,67.5
2026-09-24,EP162026,3,2026-09-26 06:00:00,2 days 06:00:00,54,20.0,-123.0,987.5,62.1
2026-09-24,EP162026,3,2026-09-26 12:00:00,2 days 12:00:00,60,20.75,-123.0,991.5,56.6
2026-09-24,EP162026,3,2026-09-26 18:00:00,2 days 18:00:00,66,21.0,-123.0,992.8,54.6
2026-09-24,EP162026,3,2026-09-27 00:00:00,3 days 00:00:00,72,21.25,-123.0,994.2,52.7
2026-09-24,EP162026,3,2026-09-27 06:00:00,3 days 06:00:00,78,22.0,-122.38,995.6,50.5
2026-09-24,EP162026,3,2026-09-27 12:00:00,3 days 12:00:00,84,22.75,-121.75,997.0,48.3
2026-09-24,EP162026,3,2026-09-27 18:00:00,3 days 18:00:00,90,23.67,-117.9,985.5,64.0
2026-09-24,EP162026,3,2026-09-28 00:00:00,4 days 00:00:00,96,24.5,-114.0,974.0,79.7
2026-09-24,EP162026,3,2026-09-28 06:00:00,4 days 06:00:00,102,25.88,-113.75,980.3,71.7
2026-09-24,EP162026,3,2026-09-28 12:00:00,4 days 12:00:00,108,27.25,-113.5,986.5,63.6
2026-09-24,EP162026,3,2026-09-28 18:00:00,4 days 18:00:00,114,28.5,-112.88,992.8,54.4
2026-09-24,EP162026,3,2026-09-29 00:00:00,5 days 00:00:00,120,29.75,-112.25,999.0,45.2
2026-09-24,EP172026,3,2026-09-24 00:00:00,0 days 00:00:00,0,15.75,-102.25,970.5,84.0
2026-09-24,EP172026,3,2026-09-24 06:00:00,0 days 06:00:00,6,16.13,-103.12,975.2,78.2
2026-09-24,EP172026,3,2026-09-24 12:00:00,0 days 12:00:00,12,16.5,-104.0,979.9,72.4
2026-09-24,EP172026,3,2026-09-24 18:00:00,0 days 18:00:00,18,16.75,-104.87,976.4,76.8
2026-09-24,EP172026,3,2026-09-25 00:00:00,1 days 00:00:00,24,17.0,-105.75,972.9,81.1
2026-09-24,EP172026,3,2026-09-25 06:00:00,1 days 06:00:00,30,17.0,-106.62,971.0,83.4
2026-09-24,EP172026,3,2026-09-25 12:00:00,1 days 12:00:00,36,17.0,-107.5,969.0,85.7
2026-09-24,EP172026,3,2026-09-25 18:00:00,1 days 18:00:00,42,17.38,-108.5,971.0,83.3
2026-09-24,EP172026,3,2026-09-26 00:00:00,2 days 00:00:00,48,17.75,-109.5,973.0,80.9
2026-09-24,EP172026,3,2026-09-26 06:00:00,2 days 06:00:00,54,17.75,-110.38,969.9,84.7
2026-09-24,EP172026,3,2026-09-26 12:00:00,2 days 12:00:00,60,17.75,-111.25,966.7,88.6
2026-09-24,EP172026,3,2026-09-26 18:00:00,2 days 18:00:00,66,18.5,-111.87,969.6,85.1
2026-09-24,EP172026,3,2026-09-27 00:00:00,3 days 00:00:00,72,19.25,-112.5,972.5,81.6
2026-09-24,EP172026,3,2026-09-27 06:00:00,3 days 06:00:00,78,20.5,-113.0,973.3,80.6
2026-09-24,EP172026,3,2026-09-27 12:00:00,3 days 12:00:00,84,21.75,-113.5,974.2,79.5
2026-09-24,EP172026,3,2026-09-27 18:00:00,3 days 18:00:00,90,23.13,-113.75,974.1,79.6
2026-09-24,EP172026,3,2026-09-28 00:00:00,4 days 00:00:00,96,24.5,-114.0,974.0,79.7
2026-09-24,IO012026,3,2026-09-24 00:00:00,0 days 00:00:00,0,18.5,84.0,986.5,63.6
2026-09-24,IO012026,3,2026-09-24 06:00:00,0 days 06:00:00,6,18.5,83.88,989.2,59.8
2026-09-24,IO012026,3,2026-09-24 12:00:00,0 days 12:00:00,12,18.5,83.75,991.9,56.0
2026-09-24,IO012026,3,2026-09-24 18:00:00,0 days 18:00:00,18,19.38,83.25,991.5,56.6
2026-09-24,IO012026,3,2026-09-25 00:00:00,1 days 00:00:00,24,20.25,82.75,991.0,57.3
2026-09-24,IO012026,3,2026-09-25 06:00:00,1 days 06:00:00,30,21.13,82.38,993.2,54.1
2026-09-24,IO012026,3,2026-09-25 12:00:00,1 days 12:00:00,36,22.0,82.0,995.3,50.9
2026-09-24,IO012026,3,2026-09-25 18:00:00,1 days 18:00:00,42,23.63,81.26,996.7,48.8
2026-09-24,IO012026,3,2026-09-26 00:00:00,2 days 00:00:00,48,25.25,80.5,998.1,46.7
2026-09-24,IO012026,3,2026-09-26 06:00:00,2 days 06:00:00,54,26.12,80.5,999.0,45.3
2026-09-24,IO012026,3,2026-09-26 12:00:00,2 days 12:00:00,60,27.0,80.5,999.8,43.9
2026-09-24,IO012026,3,2026-09-26 18:00:00,2 days 18:00:00,66,27.13,80.0,1001.2,41.6
2026-09-24,IO012026,3,2026-09-27 00:00:00,3 days 00:00:00,72,27.25,79.5,1002.6,39.2
2026-09-24,WP252026,3,2026-09-24 00:00:00,0 days 00:00:00,0,18.0,134.5,1003.5,37.8
2026-09-24,WP252026,3,2026-09-24 06:00:00,0 days 06:00:00,6,18.38,133.25,1003.9,37.1
2026-09-24,WP252026,3,2026-09-24 12:00:00,0 days 12:00:00,12,18.75,132.0,1004.2,36.5
2026-09-24,WP252026,3,2026-09-24 18:00:00,0 days 18:00:00,18,19.25,130.88,1004.6,35.9
2026-09-24,WP252026,3,2026-09-25 00:00:00,1 days 00:00:00,24,19.75,129.75,1004.9,35.2
2026-09-24,WP252026,3,2026-09-25 06:00:00,1 days 06:00:00,30,20.5,129.13,1003.7,37.3
2026-09-24,WP252026,3,2026-09-25 12:00:00,1 days 12:00:00,36,21.25,128.5,1002.5,39.5
2026-09-24,WP252026,3,2026-09-25 18:00:00,1 days 18:00:00,42,21.88,127.75,1001.9,40.5
2026-09-24,WP252026,3,2026-09-26 00:00:00,2 days 00:00:00,48,22.5,127.0,1001.3,41.5
2026-09-24,WP252026,3,2026-09-26 06:00:00,2 days 06:00:00,54,22.88,126.88,1001.9,40.6
2026-09-24,WP252026,3,2026-09-26 12:00:00,2 days 12:00:00,60,23.25,126.75,1002.4,39.7
2026-09-24,WP252026,3,2026-09-26 18:00:00,2 days 18:00:00,66,23.75,126.87,1000.2,43.2
2026-09-24,WP252026,3,2026-09-27 00:00:00,3 days 00:00:00,72,24.25,127.0,998.0,46.8
2026-09-24,WP252026,3,2026-09-27 06:00:00,3 days 06:00:00,78,24.75,127.62,997.7,47.4
2026-09-24,WP252026,3,2026-09-27 12:00:00,3 days 12:00:00,84,25.25,128.25,997.3,47.9
2026-09-24,WP252026,3,2026-09-27 18:00:00,3 days 18:00:00,90,25.5,128.75,996.0,49.9
2026-09-24,WP252026,3,2026-09-28 00:00:00,4 days 00:00:00,96,25.75,129.25,994.8,51.8
2026-09-24,WP252026,3,2026-09-28 06:00:00,4 days 06:00:00,102,26.13,130.0,995.1,51.3
2026-09-24,WP252026,3,2026-09-28 12:00:00,4 days 12:00:00,108,26.5,130.75,995.5,50.7
2026-09-24,WP252026,3,2026-09-28 18:00:00,4 days 18:00:00,114,26.5,131.12,997.4,47.7
2026-09-24,WP252026,3,2026-09-29 00:00:00,5 days 00:00:00,120,26.5,131.5,999.3,44.7
2026-09-24,WP252026,3,2026-09-29 06:00:00,5 days 06:00:00,126,26.88,132.0,1000.0,43.6
2026-09-24,WP252026,3,2026-09-29 12:00:00,5 days 12:00:00,132,27.25,132.5,1000.7,42.5
2026-09-24,WP252026,3,2026-09-29 18:00:00,5 days 18:00:00,138,27.5,133.0,1001.9,40.5
2026-09-24,WP252026,3,2026-09-30 00:00:00,6 days 00:00:00,144,27.75,133.5,1003.1,38.4
2026-09-24,WP252026,3,2026-09-30 06:00:00,6 days 06:00:00,150,28.5,134.12,1004.0,36.9
2026-09-24,WP252026,3,2026-09-30 12:00:00,6 days 12:00:00,156,29.25,134.75,1004.9,35.3
2026-09-24,WP252026,3,2026-09-30 18:00:00,6 days 18:00:00,162,30.38,136.23,1004.6,35.8
2026-09-24,WP252026,3,2026-10-01 00:00:00,7 days 00:00:00,168,31.5,137.75,1004.4,36.2
2026-09-24,WP252026,3,2026-10-01 06:00:00,7 days 06:00:00,174,33.02,139.96,1004.0,36.9
2026-09-24,WP252026,3,2026-10-01 12:00:00,7 days 12:00:00,180,34.5,142.25,1003.6,37.6
2026-09-24,WP252026,3,2026-10-01 18:00:00,7 days 18:00:00,186,35.68,145.95,1006.7,31.8
2026-09-24,WP252026,3,2026-10-02 00:00:00,8 days 00:00:00,192,36.75,149.75,1009.7,26.1
2026-09-24,EP152026,30,2026-09-24 00:00:00,0 days 00:00:00,0,14.5,-155.5,1000.6,42.7
2026-09-24,EP152026,30,2026-09-24 06:00:00,0 days 06:00:00,6,14.5,-155.75,998.0,46.7
2026-09-24,EP152026,30,2026-09-24 12:00:00,0 days 12:00:00,12,14.5,-156.0,995.4,50.8
2026-09-24,EP152026,30,2026-09-24 18:00:00,0 days 18:00:00,18,14.88,-155.88,992.9,54.5
2026-09-24,EP152026,30,2026-09-25 00:00:00,1 days 00:00:00,24,15.25,-155.75,990.5,58.1
2026-09-24,EP152026,30,2026-09-25 06:00:00,1 days 06:00:00,30,15.5,-155.5,987.2,62.6
2026-09-24,EP152026,30,2026-09-25 12:00:00,1 days 12:00:00,36,15.75,-155.25,983.9,67.1
2026-09-24,EP152026,30,2026-09-25 18:00:00,1 days 18:00:00,42,16.5,-155.0,982.4,69.1
2026-09-24,EP152026,30,2026-09-26 00:00:00,2 days 00:00:00,48,17.25,-154.75,980.9,71.0
2026-09-24,EP152026,30,2026-09-26 06:00:00,2 days 06:00:00,54,17.63,-155.12,983.7,67.3
2026-09-24,EP152026,30,2026-09-26 12:00:00,2 days 12:00:00,60,18.0,-155.5,986.5,63.6
2026-09-24,EP152026,30,2026-09-26 18:00:00,2 days 18:00:00,66,18.63,-156.25,985.5,65.0
2026-09-24,EP152026,30,2026-09-27 00:00:00,3 days 00:00:00,72,19.25,-157.0,984.5,66.3
2026-09-24,EP152026,30,2026-09-27 06:00:00,3 days 06:00:00,78,19.38,-157.75,985.0,65.7
2026-09-24,EP152026,30,2026-09-27 12:00:00,3 days 12:00:00,84,19.5,-158.5,985.4,65.1
2026-09-24,EP152026,30,2026-09-27 18:00:00,3 days 18:00:00,90,19.88,-159.62,985.2,65.4
2026-09-24,EP152026,30,2026-09-28 00:00:00,4 days 00:00:00,96,20.25,-160.75,984.9,65.7
2026-09-24,EP152026,30,2026-09-28 06:00:00,4 days 06:00:00,102,20.88,-161.87,986.7,63.3
2026-09-24,EP152026,30,2026-09-28 12:00:00,4 days 12:00:00,108,21.5,-163.0,988.5,60.9
2026-09-24,EP152026,30,2026-09-28 18:00:00,4 days 18:00:00,114,22.63,-163.99,987.8,61.9
2026-09-24,EP152026,30,2026-09-29 00:00:00,5 days 00:00:00,120,23.75,-165.0,987.1,62.8
2026-09-24,EP152026,30,2026-09-29 06:00:00,5 days 06:00:00,126,24.75,-165.74,987.7,62.0
2026-09-24,EP152026,30,2026-09-29 12:00:00,5 days 12:00:00,132,25.75,-166.5,988.3,61.2
2026-09-24,EP152026,30,2026-09-29 18:00:00,5 days 18:00:00,138,26.63,-167.0,986.3,63.9
2026-09-24,EP152026,30,2026-09-30 00:00:00,6 days 00:00:00,144,27.5,-167.5,984.3,66.6
2026-09-24,EP152026,30,2026-09-30 06:00:00,6 days 06:00:00,150,29.13,-168.36,983.5,67.7
2026-09-24,EP152026,30,2026-09-30 12:00:00,6 days 12:00:00,156,30.75,-169.25,982.7,68.7
2026-09-24,EP152026,30,2026-09-30 18:00:00,6 days 18:00:00,162,30.88,-170.62,981.3,70.6
2026-09-24,EP152026,30,2026-10-01 00:00:00,7 days 00:00:00,168,31.0,-172.0,979.9,72.4
2026-09-24,EP152026,30,2026-10-01 06:00:00,7 days 06:00:00,174,31.38,-171.88,982.3,69.1
2026-09-24,EP152026,30,2026-10-01 12:00:00,7 days 12:00:00,180,31.75,-171.75,984.8,65.9
2026-09-24,EP152026,30,2026-10-01 18:00:00,7 days 18:00:00,186,32.63,-170.88,986.5,63.6
2026-09-24,EP152026,30,2026-10-02 00:00:00,8 days 00:00:00,192,33.5,-170.0,988.1,61.4
2026-09-24,EP152026,30,2026-10-02 06:00:00,8 days 06:00:00,198,34.13,-169.26,991.0,57.2
2026-09-24,EP152026,30,2026-10-02 12:00:00,8 days 12:00:00,204,34.75,-168.5,993.9,53.0
2026-09-24,EP152026,30,2026-10-02 18:00:00,8 days 18:00:00,210,34.88,-168.5,996.5,49.1
2026-09-24,EP152026,30,2026-10-03 00:00:00,9 days 00:00:00,216,35.0,-168.5,999.1,45.1
2026-09-24,EP152026,30,2026-10-03 06:00:00,9 days 06:00:00,222,35.13,-168.87,1002.6,39.0
2026-09-24,EP152026,30,2026-10-03 12:00:00,9 days 12:00:00,228,35.25,-169.25,1006.2,32.9
2026-09-24,EP152026,30,2026-10-03 18:00:00,9 days 18:00:00,234,35.25,-169.5,1008.5,28.4
2026-09-24,EP152026,30,2026-10-04 00:00:00,10 days 00:00:00,240,35.25,-169.75,1010.7,23.9
2026-09-24,EP152026,30,2026-10-04 06:00:00,10 days 06:00:00,246,34.63,-169.62,1011.8,21.4
2026-09-24,EP152026,30,2026-10-04 12:00:00,10 days 12:00:00,252,34.0,-169.5,1012.9,18.9
2026-09-24,EP152026,30,2026-10-04 18:00:00,10 days 18:00:00,258,33.25,-170.26,1014.0,16.2
2026-09-24,EP152026,30,2026-10-05 00:00:00,11 days 00:00:00,264,32.5,-171.0,1015.0,13.6
2026-09-24,EP162026,30,2026-09-24 00:00:00,0 days 00:00:00,0,15.5,-126.75,971.6,82.7
2026-09-24,EP162026,30,2026-09-24 06:00:00,0 days 06:00:00,6,15.88,-126.13,976.6,76.5
2026-09-24,EP162026,30,2026-09-24 12:00:00,0 days 12:00:00,12,16.25,-125.5,981.5,70.3
2026-09-24,EP162026,30,2026-09-24 18:00:00,0 days 18:00:00,18,16.63,-125.0,981.8,69.9
2026-09-24,EP162026,30,2026-09-25 00:00:00,1 days 00:00:00,24,17.0,-124.5,982.0,69.6
2026-09-24,EP162026,30,2026-09-25 06:00:00,1 days 06:00:00,30,17.38,-124.0,984.6,66.1
2026-09-24,EP162026,30,2026-09-25 12:00:00,1 days 12:00:00,36,17.75,-123.5,987.2,62.7
2026-09-24,EP162026,30,2026-09-25 18:00:00,1 days 18:00:00,42,18.13,-123.38,988.1,61.4
2026-09-24,EP162026,30,2026-09-26 00:00:00,2 days 00:00:00,48,18.5,-123.25,989.0,60.1
2026-09-24,EP162026,30,2026-09-26 06:00:00,2 days 06:00:00,54,19.0,-123.37,989.8,59.1
2026-09-24,EP162026,30,2026-09-26 12:00:00,2 days 12:00:00,60,19.5,-123.5,990.5,58.1
2026-09-24,EP162026,30,2026-09-26 18:00:00,2 days 18:00:00,66,19.75,-123.5,990.9,57.4
2026-09-24,EP162026,30,2026-09-27 00:00:00,3 days 00:00:00,72,20.0,-123.5,991.4,56.7
2026-09-24,EP162026,30,2026-09-27 06:00:00,3 days 06:00:00,78,20.75,-123.13,994.0,52.9
2026-09-24,EP162026,30,2026-09-27 12:00:00,3 days 12:00:00,84,21.5,-122.75,996.6,49.1
2026-09-24,EP162026,30,2026-09-27 18:00:00,3 days 18:00:00,90,23.31,-118.31,984.7,65.2
2026-09-24,EP162026,30,2026-09-28 00:00:00,4 days 00:00:00,96,25.0,-113.75,972.7,81.3
2026-09-24,EP162026,30,2026-09-28 06:00:00,4 days 06:00:00,102,26.5,-113.38,977.2,75.7
2026-09-24,EP162026,30,2026-09-28 12:00:00,4 days 12:00:00,108,28.0,-113.0,981.6,70.2
2026-09-24,EP162026,30,2026-09-28 18:00:00,4 days 18:00:00,114,30.51,-111.54,990.4,57.5
2026-09-24,EP162026,30,2026-09-29 00:00:00,5 days 00:00:00,120,33.0,-110.0,999.2,44.9
2026-09-24,EP172026,30,2026-09-24 00:00:00,0 days 00:00:00,0,15.75,-102.25,970.5,84.0
2026-09-24,EP172026,30,2026-09-24 06:00:00,0 days 06:00:00,6,16.0,-103.12,974.4,79.3
2026-09-24,EP172026,30,2026-09-24 12:00:00,0 days 12:00:00,12,16.25,-104.0,978.2,74.6
2026-09-24,EP172026,30,2026-09-24 18:00:00,0 days 18:00:00,18,16.5,-105.0,975.7,77.7
2026-09-24,EP172026,30,2026-09-25 00:00:00,1 days 00:00:00,24,16.75,-106.0,973.2,80.8
2026-09-24,EP172026,30,2026-09-25 06:00:00,1 days 06:00:00,30,16.88,-106.87,973.3,80.7
2026-09-24,EP172026,30,2026-09-25 12:00:00,1 days 12:00:00,36,17.0,-107.75,973.3,80.6
2026-09-24,EP172026,30,2026-09-25 18:00:00,1 days 18:00:00,42,17.25,-108.75,973.0,81.0
2026-09-24,EP172026,30,2026-09-26 00:00:00,2 days 00:00:00,48,17.5,-109.75,972.6,81.4
2026-09-24,EP172026,30,2026-09-26 06:00:00,2 days 06:00:00,54,17.75,-110.62,969.5,85.1
2026-09-24,EP172026,30,2026-09-26 12:00:00,2 days 12:00:00,60,18.0,-111.5,966.4,88.9
2026-09-24,EP172026,30,2026-09-26 18:00:00,2 days 18:00:00,66,18.75,-112.0,967.3,87.8
2026-09-24,EP172026,30,2026-09-27 00:00:00,3 days 00:00:00,72,19.5,-112.5,968.2,86.8
2026-09-24,EP172026,30,2026-09-27 06:00:00,3 days 06:00:00,78,20.75,-113.0,969.6,85.1
2026-09-24,EP172026,30,2026-09-27 12:00:00,3 days 12:00:00,84,22.0,-113.5,971.0,83.4
2026-09-24,EP172026,30,2026-09-27 18:00:00,3 days 18:00:00,90,23.5,-113.62,971.9,82.4
2026-09-24,EP172026,30,2026-09-28 00:00:00,4 days 00:00:00,96,25.0,-113.75,972.7,81.3
2026-09-24,IO012026,30,2026-09-24 00:00:00,0 days 00:00:00,0,18.5,84.0,986.5,63.6
2026-09-24,IO012026,30,2026-09-24 06:00:00,0 days 06:00:00,6,18.5,84.0,989.0,60.1
2026-09-24,IO012026,30,2026-09-24 12:00:00,0 days 12:00:00,12,18.5,84.0,991.6,56.5
2026-09-24,IO012026,30,2026-09-24 18:00:00,0 days 18:00:00,18,19.5,83.38,991.6,56.4
2026-09-24,IO012026,30,2026-09-25 00:00:00,1 days 00:00:00,24,20.5,82.75,991.7,56.3
2026-09-24,IO012026,30,2026-09-25 06:00:00,1 days 06:00:00,30,21.38,82.38,992.5,55.2
2026-09-24,IO012026,30,2026-09-25 12:00:00,1 days 12:00:00,36,22.25,82.0,993.2,54.1
2026-09-24,IO012026,30,2026-09-25 18:00:00,1 days 18:00:00,42,23.0,81.63,993.7,53.3
2026-09-24,IO012026,30,2026-09-26 00:00:00,2 days 00:00:00,48,23.75,81.25,994.3,52.6
2026-09-24,IO012026,30,2026-09-26 06:00:00,2 days 06:00:00,54,24.5,81.25,994.2,52.7
2026-09-24,IO012026,30,2026-09-26 12:00:00,2 days 12:00:00,60,25.25,81.25,994.1,52.8
2026-09-24,IO012026,30,2026-09-26 18:00:00,2 days 18:00:00,66,26.38,80.63,995.8,50.3
2026-09-24,IO012026,30,2026-09-27 00:00:00,3 days 00:00:00,72,27.5,80.0,997.4,47.7
2026-09-24,WP252026,30,2026-09-24 00:00:00,0 days 00:00:00,0,18.0,134.5,1003.5,37.8
2026-09-24,WP252026,30,2026-09-24 06:00:00,0 days 06:00:00,6,18.63,133.25,1002.1,40.1
2026-09-24,WP252026,30,2026-09-24 12:00:00,0 days 12:00:00,12,19.25,132.0,1000.7,42.5
2026-09-24,WP252026,30,2026-09-24 18:00:00,0 days 18:00:00,18,19.63,130.75,998.3,46.3
2026-09-24,WP252026,30,2026-09-25 00:00:00,1 days 00:00:00,24,20.0,129.5,995.9,50.0
2026-09-24,WP252026,30,2026-09-25 06:00:00,1 days 06:00:00,30,20.63,128.75,997.2,48.1
2026-09-24,WP252026,30,2026-09-25 12:00:00,1 days 12:00:00,36,21.25,128.0,998.5,46.1
2026-09-24,WP252026,30,2026-09-25 18:00:00,1 days 18:00:00,42,21.75,127.38,996.6,49.0
2026-09-24,WP252026,30,2026-09-26 00:00:00,2 days 00:00:00,48,22.25,126.75,994.7,51.9
2026-09-24,WP252026,30,2026-09-26 06:00:00,2 days 06:00:00,54,22.63,126.5,994.2,52.6
2026-09-24,WP252026,30,2026-09-26 12:00:00,2 days 12:00:00,60,23.0,126.25,993.8,53.2
2026-09-24,WP252026,30,2026-09-26 18:00:00,2 days 18:00:00,66,23.5,126.37,989.0,60.0
2026-09-24,WP252026,30,2026-09-27 00:00:00,3 days 00:00:00,72,24.0,126.5,984.1,66.8
2026-09-24,WP252026,30,2026-09-27 06:00:00,3 days 06:00:00,78,24.38,127.0,982.0,69.5
2026-09-24,WP252026,30,2026-09-27 12:00:00,3 days 12:00:00,84,24.75,127.5,979.9,72.3
2026-09-24,WP252026,30,2026-09-27 18:00:00,3 days 18:00:00,90,25.13,128.12,979.3,73.1
2026-09-24,WP252026,30,2026-09-28 00:00:00,4 days 00:00:00,96,25.5,128.75,978.6,74.0
2026-09-24,WP252026,30,2026-09-28 06:00:00,4 days 06:00:00,102,25.75,129.25,983.0,68.1
2026-09-24,WP252026,30,2026-09-28 12:00:00,4 days 12:00:00,108,26.0,129.75,987.5,62.3
2026-09-24,WP252026,30,2026-09-28 18:00:00,4 days 18:00:00,114,26.38,130.0,992.2,55.4
2026-09-24,WP252026,30,2026-09-29 00:00:00,5 days 00:00:00,120,26.75,130.25,996.9,48.6
2026-09-24,WP252026,30,2026-09-29 06:00:00,5 days 06:00:00,126,27.13,130.62,998.0,46.8
2026-09-24,WP252026,30,2026-09-29 12:00:00,5 days 12:00:00,132,27.5,131.0,999.2,45.0
2026-09-24,WP252026,30,2026-09-29 18:00:00,5 days 18:00:00,138,28.25,131.25,1001.3,41.4
2026-09-24,WP252026,30,2026-09-30 00:00:00,6 days 00:00:00,144,29.0,131.5,1003.5,37.8
2026-09-24,WP252026,30,2026-09-30 06:00:00,6 days 06:00:00,150,29.75,132.62,1004.1,36.7
2026-09-24,WP252026,30,2026-09-30 12:00:00,6 days 12:00:00,156,30.5,133.75,1004.7,35.7
2026-09-24,WP252026,30,2026-09-30 18:00:00,6 days 18:00:00,162,32.01,135.59,1003.6,37.5
2026-09-24,WP252026,30,2026-10-01 00:00:00,7 days 00:00:00,168,33.5,137.5,1002.6,39.3
2026-09-24,WP252026,30,2026-10-01 06:00:00,7 days 06:00:00,174,34.66,140.21,1003.4,37.9
2026-09-24,WP252026,30,2026-10-01 12:00:00,7 days 12:00:00,180,35.75,143.0,1004.2,36.6
2026-09-24,EP152026,31,2026-09-24 00:00:00,0 days 00:00:00,0,14.5,-155.5,1000.6,42.7
2026-09-24,EP152026,31,2026-09-24 06:00:00,0 days 06:00:00,6,14.38,-155.75,999.5,44.4
2026-09-24,EP152026,31,2026-09-24 12:00:00,0 days 12:00:00,12,14.25,-156.0,998.4,46.2
2026-09-24,EP152026,31,2026-09-24 18:00:00,0 days 18:00:00,18,14.63,-155.75,996.8,48.7
2026-09-24,EP152026,31,2026-09-25 00:00:00,1 days 00:00:00,24,15.0,-155.5,995.1,51.2
2026-09-24,EP152026,31,2026-09-25 06:00:00,1 days 06:00:00,30,15.38,-155.38,992.7,54.8
2026-09-24,EP152026,31,2026-09-25 12:00:00,1 days 12:00:00,36,15.75,-155.25,990.2,58.5
2026-09-24,EP152026,31,2026-09-25 18:00:00,1 days 18:00:00,42,16.38,-155.13,986.9,63.0
2026-09-24,EP152026,31,2026-09-26 00:00:00,2 days 00:00:00,48,17.0,-155.0,983.6,67.5
2026-09-24,EP152026,31,2026-09-26 06:00:00,2 days 06:00:00,54,17.25,-155.12,984.6,66.1
2026-09-24,EP152026,31,2026-09-26 12:00:00,2 days 12:00:00,60,17.5,-155.25,985.7,64.7
2026-09-24,EP152026,31,2026-09-26 18:00:00,2 days 18:00:00,66,17.88,-155.37,982.2,69.2
2026-09-24,EP152026,31,2026-09-27 00:00:00,3 days 00:00:00,72,18.25,-155.5,978.8,73.7
2026-09-24,EP152026,31,2026-09-27 06:00:00,3 days 06:00:00,78,18.5,-156.12,984.2,66.5
2026-09-24,EP152026,31,2026-09-27 12:00:00,3 days 12:00:00,84,18.75,-156.75,989.7,59.2
2026-09-24,EP152026,31,2026-09-27 18:00:00,3 days 18:00:00,90,19.13,-157.62,988.8,60.4
2026-09-24,EP152026,31,2026-09-28 00:00:00,4 days 00:00:00,96,19.5,-158.5,987.9,61.6
2026-09-24,EP152026,31,2026-09-28 06:00:00,4 days 06:00:00,102,19.88,-159.62,991.4,56.6
2026-09-24,EP152026,31,2026-09-28 12:00:00,4 days 12:00:00,108,20.25,-160.75,994.9,51.6
2026-09-24,EP152026,31,2026-09-28 18:00:00,4 days 18:00:00,114,21.25,-161.49,997.1,48.2
2026-09-24,EP152026,31,2026-09-29 00:00:00,5 days 00:00:00,120,22.25,-162.25,999.3,44.8
2026-09-24,EP152026,31,2026-09-29 06:00:00,5 days 06:00:00,126,22.88,-163.25,999.3,44.7
2026-09-24,EP152026,31,2026-09-29 12:00:00,5 days 12:00:00,132,23.5,-164.25,999.4,44.6
2026-09-24,EP152026,31,2026-09-29 18:00:00,5 days 18:00:00,138,24.25,-164.62,996.6,48.9
2026-09-24,EP152026,31,2026-09-30 00:00:00,6 days 00:00:00,144,25.0,-165.0,993.8,53.2
2026-09-24,EP152026,31,2026-09-30 06:00:00,6 days 06:00:00,150,25.63,-165.0,992.2,55.6
2026-09-24,EP152026,31,2026-09-30 12:00:00,6 days 12:00:00,156,26.25,-165.0,990.5,58.0
2026-09-24,EP152026,31,2026-09-30 18:00:00,6 days 18:00:00,162,27.64,-166.73,989.9,58.9
2026-09-24,EP152026,31,2026-10-01 00:00:00,7 days 00:00:00,168,29.0,-168.5,989.2,59.8
2026-09-24,EP152026,31,2026-10-01 06:00:00,7 days 06:00:00,174,28.14,-170.64,988.4,60.9
2026-09-24,EP152026,31,2026-10-01 12:00:00,7 days 12:00:00,180,27.25,-172.75,987.7,62.0
2026-09-24,EP152026,31,2026-10-01 18:00:00,7 days 18:00:00,186,26.75,-173.0,986.9,63.1
2026-09-24,EP152026,31,2026-10-02 00:00:00,8 days 00:00:00,192,26.25,-173.25,986.1,64.2
2026-09-24,EP152026,31,2026-10-02 06:00:00,8 days 06:00:00,198,26.25,-173.75,982.9,68.4
2026-09-24,EP152026,31,2026-10-02 12:00:00,8 days 12:00:00,204,26.25,-174.25,979.8,72.5
2026-09-24,EP152026,31,2026-10-02 18:00:00,8 days 18:00:00,210,26.01,-175.88,977.4,75.5
2026-09-24,EP152026,31,2026-10-03 00:00:00,9 days 00:00:00,216,25.75,-177.5,975.1,78.5
2026-09-24,EP152026,31,2026-10-03 06:00:00,9 days 06:00:00,222,25.39,-179.26,977.0,76.0
2026-09-24,EP152026,31,2026-10-03 12:00:00,9 days 12:00:00,228,25.0,179.0,979.0,73.5
2026-09-24,EP152026,31,2026-10-03 18:00:00,9 days 18:00:00,234,25.01,177.25,978.5,74.2
2026-09-24,EP152026,31,2026-10-04 00:00:00,10 days 00:00:00,240,25.0,175.5,978.0,74.8
2026-09-24,EP152026,31,2026-10-04 06:00:00,10 days 06:00:00,246,25.14,173.75,975.6,77.7
2026-09-24,EP152026,31,2026-10-04 12:00:00,10 days 12:00:00,252,25.25,172.0,973.3,80.6
2026-09-24,EP152026,31,2026-10-04 18:00:00,10 days 18:00:00,258,25.51,170.5,975.2,78.3
2026-09-24,EP152026,31,2026-10-05 00:00:00,11 days 00:00:00,264,25.75,169.0,977.0,76.0
2026-09-24,EP152026,31,2026-10-05 06:00:00,11 days 06:00:00,270,26.14,167.01,982.0,69.5
2026-09-24,EP152026,31,2026-10-05 12:00:00,11 days 12:00:00,276,26.5,165.0,987.0,63.0
2026-09-24,EP152026,31,2026-10-05 18:00:00,11 days 18:00:00,282,27.26,163.14,987.5,62.2
2026-09-24,EP152026,31,2026-10-06 00:00:00,12 days 00:00:00,288,28.0,161.25,988.1,61.5
2026-09-24,EP152026,31,2026-10-06 06:00:00,12 days 06:00:00,294,29.01,159.89,986.2,63.9
2026-09-24,EP152026,31,2026-10-06 12:00:00,12 days 12:00:00,300,30.0,158.5,984.4,66.4
2026-09-24,EP152026,31,2026-10-06 18:00:00,12 days 18:00:00,306,31.13,158.13,983.2,68.0
2026-09-24,EP152026,31,2026-10-07 00:00:00,13 days 00:00:00,312,32.25,157.75,982.0,69.6
2026-09-24,EP152026,31,2026-10-07 06:00:00,13 days 06:00:00,318,33.0,158.37,981.7,70.0
2026-09-24,EP152026,31,2026-10-07 12:00:00,13 days 12:00:00,324,33.75,159.0,981.5,70.3
2026-09-24,EP152026,31,2026-10-07 18:00:00,13 days 18:00:00,330,34.38,160.36,983.2,68.1
2026-09-24,EP152026,31,2026-10-08 00:00:00,14 days 00:00:00,336,35.0,161.75,984.8,65.9
2026-09-24,EP152026,31,2026-10-08 06:00:00,14 days 06:00:00,342,35.02,163.88,987.2,62.6
2026-09-24,EP152026,31,2026-10-08 12:00:00,14 days 12:00:00,348,35.0,166.0,989.6,59.4
2026-09-24,EP152026,31,2026-10-08 18:00:00,14 days 18:00:00,354,34.26,167.77,993.5,53.5
2026-09-24,EP152026,31,2026-10-09 00:00:00,15 days 00:00:00,360,33.5,169.5,997.5,47.6
2026-09-24,EP162026,31,2026-09-24 00:00:00,0 days 00:00:00,0,15.5,-126.75,971.6,82.7
2026-09-24,EP162026,31,2026-09-24 06:00:00,0 days 06:00:00,6,15.88,-126.13,976.8,76.1
2026-09-24,EP162026,31,2026-09-24 12:00:00,0 days 12:00:00,12,16.25,-125.5,982.1,69.5
2026-09-24,EP162026,31,2026-09-24 18:00:00,0 days 18:00:00,18,16.75,-124.88,982.3,69.2
2026-09-24,EP162026,31,2026-09-25 00:00:00,1 days 00:00:00,24,17.25,-124.25,982.5,68.9
2026-09-24,EP162026,31,2026-09-25 06:00:00,1 days 06:00:00,30,17.88,-124.0,981.4,70.3
2026-09-24,EP162026,31,2026-09-25 12:00:00,1 days 12:00:00,36,18.5,-123.75,980.3,71.8
2026-09-24,EP162026,31,2026-09-25 18:00:00,1 days 18:00:00,42,18.88,-123.63,983.8,67.1
2026-09-24,EP162026,31,2026-09-26 00:00:00,2 days 00:00:00,48,19.25,-123.5,987.3,62.5
2026-09-24,EP162026,31,2026-09-26 06:00:00,2 days 06:00:00,54,19.75,-123.75,989.6,59.2
2026-09-24,EP162026,31,2026-09-26 12:00:00,2 days 12:00:00,60,20.25,-124.0,991.9,56.0
2026-09-24,EP162026,31,2026-09-26 18:00:00,2 days 18:00:00,66,20.62,-124.0,993.7,53.3
2026-09-24,EP162026,31,2026-09-27 00:00:00,3 days 00:00:00,72,21.0,-124.0,995.5,50.6
2026-09-24,EP162026,31,2026-09-27 06:00:00,3 days 06:00:00,78,21.32,-119.26,985.2,64.6
2026-09-24,EP162026,31,2026-09-27 12:00:00,3 days 12:00:00,84,21.5,-114.5,974.9,78.6
2026-09-24,EP162026,31,2026-09-27 18:00:00,3 days 18:00:00,90,22.75,-114.75,977.4,75.5
2026-09-24,EP162026,31,2026-09-28 00:00:00,4 days 00:00:00,96,24.0,-115.0,979.9,72.4
2026-09-24,EP162026,31,2026-09-28 06:00:00,4 days 06:00:00,102,24.88,-114.75,982.3,69.2
2026-09-24,EP162026,31,2026-09-28 12:00:00,4 days 12:00:00,108,25.75,-114.5,984.6,66.1
2026-09-24,EP162026,31,2026-09-28 18:00:00,4 days 18:00:00,114,26.5,-113.88,990.8,57.3
2026-09-24,EP162026,31,2026-09-29 00:00:00,5 days 00:00:00,120,27.25,-113.25,996.9,48.5
2026-09-24,EP172026,31,2026-09-24 00:00:00,0 days 00:00:00,0,15.75,-102.25,970.5,84.0
2026-09-24,EP172026,31,2026-09-24 06:00:00,0 days 06:00:00,6,16.25,-103.0,977.0,75.9
2026-09-24,EP172026,31,2026-09-24 12:00:00,0 days 12:00:00,12,16.75,-103.75,983.4,67.8
2026-09-24,EP172026,31,2026-09-24 18:00:00,0 days 18:00:00,18,17.0,-104.75,984.8,65.8
2026-09-24,EP172026,31,2026-09-25 00:00:00,1 days 00:00:00,24,17.25,-105.75,986.3,63.9
2026-09-24,EP172026,31,2026-09-25 06:00:00,1 days 06:00:00,30,17.38,-106.75,986.4,63.7
2026-09-24,EP172026,31,2026-09-25 12:00:00,1 days 12:00:00,36,17.5,-107.75,986.5,63.6
2026-09-24,EP172026,31,2026-09-25 18:00:00,1 days 18:00:00,42,17.38,-109.0,979.9,72.1
2026-09-24,EP172026,31,2026-09-26 00:00:00,2 days 00:00:00,48,17.25,-110.25,973.3,80.6
2026-09-24,EP172026,31,2026-09-26 06:00:00,2 days 06:00:00,54,17.75,-111.12,970.3,84.2
2026-09-24,EP172026,31,2026-09-26 12:00:00,2 days 12:00:00,60,18.25,-112.0,967.3,87.9
2026-09-24,EP172026,31,2026-09-26 18:00:00,2 days 18:00:00,66,18.88,-112.75,968.7,86.2
2026-09-24,EP172026,31,2026-09-27 00:00:00,3 days 00:00:00,72,19.5,-113.5,970.1,84.4
2026-09-24,EP172026,31,2026-09-27 06:00:00,3 days 06:00:00,78,20.5,-114.0,972.5,81.5
2026-09-24,EP172026,31,2026-09-27 12:00:00,3 days 12:00:00,84,21.5,-114.5,974.9,78.6
2026-09-24,IO012026,31,2026-09-24 00:00:00,0 days 00:00:00,0,18.5,84.0,986.5,63.6
2026-09-24,IO012026,31,2026-09-24 06:00:00,0 days 06:00:00,6,19.25,83.63,988.4,61.0
2026-09-24,IO012026,31,2026-09-24 12:00:00,0 days 12:00:00,12,20.0,83.25,990.3,58.4
2026-09-24,IO012026,31,2026-09-24 18:00:00,0 days 18:00:00,18,20.38,82.38,991.1,57.2
2026-09-24,IO012026,31,2026-09-25 00:00:00,1 days 00:00:00,24,20.75,81.5,992.0,55.9
2026-09-24,IO012026,31,2026-09-25 06:00:00,1 days 06:00:00,30,21.13,81.75,992.9,54.6
2026-09-24,IO012026,31,2026-09-25 12:00:00,1 days 12:00:00,36,21.5,82.0,993.8,53.2
2026-09-24,IO012026,31,2026-09-25 18:00:00,1 days 18:00:00,42,22.63,81.63,995.0,51.4
2026-09-24,IO012026,31,2026-09-26 00:00:00,2 days 00:00:00,48,23.75,81.25,996.2,49.7
2026-09-24,IO012026,31,2026-09-26 06:00:00,2 days 06:00:00,54,25.13,80.63,996.1,49.8
2026-09-24,IO012026,31,2026-09-26 12:00:00,2 days 12:00:00,60,26.5,80.0,996.1,49.8
2026-09-24,IO012026,31,2026-09-26 18:00:00,2 days 18:00:00,66,27.13,79.88,997.7,47.2
2026-09-24,IO012026,31,2026-09-27 00:00:00,3 days 00:00:00,72,27.75,79.75,999.4,44.7
2026-09-24,WP252026,31,2026-09-24 00:00:00,0 days 00:00:00,0,18.0,134.5,1003.5,37.8
2026-09-24,WP252026,31,2026-09-24 06:00:00,0 days 06:00:00,6,18.5,133.25,1002.6,39.3
2026-09-24,WP252026,31,2026-09-24 12:00:00,0 days 12:00:00,12,19.0,132.0,1001.7,40.8
2026-09-24,WP252026,31,2026-09-24 18:00:00,0 days 18:00:00,18,19.63,130.88,1001.0,42.0
2026-09-24,WP252026,31,2026-09-25 00:00:00,1 days 00:00:00,24,20.25,129.75,1000.3,43.1
2026-09-24,WP252026,31,2026-09-25 06:00:00,1 days 06:00:00,30,20.75,128.88,999.2,44.9
2026-09-24,WP252026,31,2026-09-25 12:00:00,1 days 12:00:00,36,21.25,128.0,998.1,46.6
2026-09-24,WP252026,31,2026-09-25 18:00:00,1 days 18:00:00,42,21.75,127.38,996.5,49.1
2026-09-24,WP252026,31,2026-09-26 00:00:00,2 days 00:00:00,48,22.25,126.75,994.9,51.6
2026-09-24,WP252026,31,2026-09-26 06:00:00,2 days 06:00:00,54,23.0,126.87,992.4,55.2
2026-09-24,WP252026,31,2026-09-26 12:00:00,2 days 12:00:00,60,23.75,127.0,990.0,58.8
2026-09-24,WP252026,31,2026-09-26 18:00:00,2 days 18:00:00,66,24.25,127.25,989.5,59.4
2026-09-24,WP252026,31,2026-09-27 00:00:00,3 days 00:00:00,72,24.75,127.5,989.1,60.0
2026-09-24,WP252026,31,2026-09-27 06:00:00,3 days 06:00:00,78,25.13,128.25,987.2,62.6
2026-09-24,WP252026,31,2026-09-27 12:00:00,3 days 12:00:00,84,25.5,129.0,985.3,65.2
2026-09-24,WP252026,31,2026-09-27 18:00:00,3 days 18:00:00,90,26.0,129.62,988.4,61.0
2026-09-24,WP252026,31,2026-09-28 00:00:00,4 days 00:00:00,96,26.5,130.25,991.4,56.7
2026-09-24,WP252026,31,2026-09-28 06:00:00,4 days 06:00:00,102,26.88,131.37,992.7,54.9
2026-09-24,WP252026,31,2026-09-28 12:00:00,4 days 12:00:00,108,27.25,132.5,993.9,53.1
2026-09-24,WP252026,31,2026-09-28 18:00:00,4 days 18:00:00,114,27.88,133.12,996.2,49.5
2026-09-24,WP252026,31,2026-09-29 00:00:00,5 days 00:00:00,120,28.5,133.75,998.6,45.9
2026-09-24,WP252026,31,2026-09-29 06:00:00,5 days 06:00:00,126,28.88,134.75,999.9,43.8
2026-09-24,WP252026,31,2026-09-29 12:00:00,5 days 12:00:00,132,29.25,135.75,1001.2,41.6
2026-09-24,EP152026,32,2026-09-24 00:00:00,0 days 00:00:00,0,14.5,-155.5,1000.6,42.7
2026-09-24,EP152026,32,2026-09-24 06:00:00,0 days 06:00:00,6,14.5,-155.75,999.0,45.2
2026-09-24,EP152026,32,2026-09-24 12:00:00,0 days 12:00:00,12,14.5,-156.0,997.4,47.8
2026-09-24,EP152026,32,2026-09-24 18:00:00,0 days 18:00:00,18,14.88,-155.88,994.1,52.7
2026-09-24,EP152026,32,2026-09-25 00:00:00,1 days 00:00:00,24,15.25,-155.75,990.8,57.6
2026-09-24,EP152026,32,2026-09-25 06:00:00,1 days 06:00:00,30,15.63,-155.63,989.3,59.7
2026-09-24,EP152026,32,2026-09-25 12:00:00,1 days 12:00:00,36,16.0,-155.5,987.8,61.8
2026-09-24,EP152026,32,2026-09-25 18:00:00,1 days 18:00:00,42,16.38,-155.0,988.6,60.8
2026-09-24,EP152026,32,2026-09-26 00:00:00,2 days 00:00:00,48,16.75,-154.5,989.3,59.7
2026-09-24,EP152026,32,2026-09-26 06:00:00,2 days 06:00:00,54,17.13,-154.87,986.1,64.1
2026-09-24,EP152026,32,2026-09-26 12:00:00,2 days 12:00:00,60,17.5,-155.25,982.8,68.5
2026-09-24,EP152026,32,2026-09-26 18:00:00,2 days 18:00:00,66,17.5,-155.5,983.6,67.5
2026-09-24,EP152026,32,2026-09-27 00:00:00,3 days 00:00:00,72,17.5,-155.75,984.4,66.4
2026-09-24,EP152026,32,2026-09-27 06:00:00,3 days 06:00:00,78,17.38,-156.5,986.5,63.5
2026-09-24,EP152026,32,2026-09-27 12:00:00,3 days 12:00:00,84,17.25,-157.25,988.6,60.7
2026-09-24,EP152026,32,2026-09-27 18:00:00,3 days 18:00:00,90,17.0,-157.88,990.1,58.6
2026-09-24,EP152026,32,2026-09-28 00:00:00,4 days 00:00:00,96,16.75,-158.5,991.6,56.4
2026-09-24,EP152026,32,2026-09-28 06:00:00,4 days 06:00:00,102,16.5,-159.25,988.8,60.3
2026-09-24,EP152026,32,2026-09-28 12:00:00,4 days 12:00:00,108,16.25,-160.0,986.0,64.3
2026-09-24,EP152026,32,2026-09-28 18:00:00,4 days 18:00:00,114,16.5,-160.75,985.2,65.4
2026-09-24,EP152026,32,2026-09-29 00:00:00,5 days 00:00:00,120,16.75,-161.5,984.3,66.5
2026-09-24,EP152026,32,2026-09-29 06:00:00,5 days 06:00:00,126,17.25,-161.87,986.0,64.3
2026-09-24,EP152026,32,2026-09-29 12:00:00,5 days 12:00:00,132,17.75,-162.25,987.6,62.1
2026-09-24,EP152026,32,2026-09-29 18:00:00,5 days 18:00:00,138,18.63,-162.37,986.4,63.7
2026-09-24,EP152026,32,2026-09-30 00:00:00,6 days 00:00:00,144,19.5,-162.5,985.3,65.3
2026-09-24,EP152026,32,2026-09-30 06:00:00,6 days 06:00:00,150,20.5,-162.25,986.9,63.1
2026-09-24,EP152026,32,2026-09-30 12:00:00,6 days 12:00:00,156,21.5,-162.0,988.5,60.8
2026-09-24,EP152026,32,2026-09-30 18:00:00,6 days 18:00:00,162,22.5,-162.25,986.8,63.1
2026-09-24,EP152026,32,2026-10-01 00:00:00,7 days 00:00:00,168,23.5,-162.5,985.2,65.4
2026-09-24,EP152026,32,2026-10-01 06:00:00,7 days 06:00:00,174,24.25,-163.25,987.0,62.9
2026-09-24,EP152026,32,2026-10-01 12:00:00,7 days 12:00:00,180,25.0,-164.0,988.9,60.3
2026-09-24,EP152026,32,2026-10-01 18:00:00,7 days 18:00:00,186,26.26,-165.24,989.8,59.0
2026-09-24,EP152026,32,2026-10-02 00:00:00,8 days 00:00:00,192,27.5,-166.5,990.8,57.6
2026-09-24,EP152026,32,2026-10-02 06:00:00,8 days 06:00:00,198,28.38,-168.11,990.5,58.0
2026-09-24,EP152026,32,2026-10-02 12:00:00,8 days 12:00:00,204,29.25,-169.75,990.2,58.4
2026-09-24,EP152026,32,2026-10-02 18:00:00,8 days 18:00:00,210,29.51,-171.5,989.7,59.2
2026-09-24,EP152026,32,2026-10-03 00:00:00,9 days 00:00:00,216,29.75,-173.25,989.2,59.9
2026-09-24,EP152026,32,2026-10-03 06:00:00,9 days 06:00:00,222,29.88,-174.75,989.9,58.9
2026-09-24,EP152026,32,2026-10-03 12:00:00,9 days 12:00:00,228,30.0,-176.25,990.6,57.9
2026-09-24,EP152026,32,2026-10-03 18:00:00,9 days 18:00:00,234,29.38,-177.26,992.6,55.0
2026-09-24,EP152026,32,2026-10-04 00:00:00,10 days 00:00:00,240,28.75,-178.25,994.5,52.1
2026-09-24,EP152026,32,2026-10-04 06:00:00,10 days 06:00:00,246,27.63,-178.88,997.3,47.8
2026-09-24,EP152026,32,2026-10-04 12:00:00,10 days 12:00:00,252,26.5,-179.5,1000.1,43.5
2026-09-24,EP152026,32,2026-10-04 18:00:00,10 days 18:00:00,258,26.13,179.5,999.8,43.9
2026-09-24,EP152026,32,2026-10-05 00:00:00,11 days 00:00:00,264,25.75,178.5,999.6,44.4
2026-09-24,EP152026,32,2026-10-05 06:00:00,11 days 06:00:00,270,25.63,177.12,1000.6,42.6
2026-09-24,EP152026,32,2026-10-05 12:00:00,11 days 12:00:00,276,25.5,175.75,1001.7,40.8
2026-09-24,EP152026,32,2026-10-05 18:00:00,11 days 18:00:00,282,25.88,174.13,1000.9,42.1
2026-09-24,EP152026,32,2026-10-06 00:00:00,12 days 00:00:00,288,26.25,172.5,1000.1,43.4
2026-09-24,EP152026,32,2026-10-06 06:00:00,12 days 06:00:00,294,27.38,170.89,1000.0,43.6
2026-09-24,EP152026,32,2026-10-06 12:00:00,12 days 12:00:00,300,28.5,169.25,999.9,43.8
2026-09-24,EP152026,32,2026-10-06 18:00:00,12 days 18:00:00,306,30.0,168.76,999.7,44.2
2026-09-24,EP152026,32,2026-10-07 00:00:00,13 days 00:00:00,312,31.5,168.25,999.5,44.5
2026-09-24,EP152026,32,2026-10-07 06:00:00,13 days 06:00:00,318,33.14,169.84,1001.4,41.2
2026-09-24,EP152026,32,2026-10-07 12:00:00,13 days 12:00:00,324,34.75,171.5,1003.4,37.9
2026-09-24,EP152026,32,2026-10-07 18:00:00,13 days 18:00:00,330,36.67,174.55,1003.0,38.5
2026-09-24,EP152026,32,2026-10-08 00:00:00,14 days 00:00:00,336,38.5,177.75,1002.7,39.2
2026-09-24,EP162026,32,2026-09-24 00:00:00,0 days 00:00:00,0,15.5,-126.75,971.6,82.7
2026-09-24,EP162026,32,2026-09-24 06:00:00,0 days 06:00:00,6,15.88,-126.13,977.1,75.8
2026-09-24,EP162026,32,2026-09-24 12:00:00,0 days 12:00:00,12,16.25,-125.5,982.5,68.9
2026-09-24,EP162026,32,2026-09-24 18:00:00,0 days 18:00:00,18,16.75,-124.88,980.3,71.8
2026-09-24,EP162026,32,2026-09-25 00:00:00,1 days 00:00:00,24,17.25,-124.25,978.1,74.6
2026-09-24,EP162026,32,2026-09-25 06:00:00,1 days 06:00:00,30,17.5,-124.0,980.9,71.0
2026-09-24,EP162026,32,2026-09-25 12:00:00,1 days 12:00:00,36,17.75,-123.75,983.7,67.4
2026-09-24,EP162026,32,2026-09-25 18:00:00,1 days 18:00:00,42,18.0,-123.75,985.4,65.1
2026-09-24,EP162026,32,2026-09-26 00:00:00,2 days 00:00:00,48,18.25,-123.75,987.0,62.9
2026-09-24,EP162026,32,2026-09-26 06:00:00,2 days 06:00:00,54,18.75,-123.87,990.2,58.4
2026-09-24,EP162026,32,2026-09-26 12:00:00,2 days 12:00:00,60,19.25,-124.0,993.3,53.9
2026-09-24,EP162026,32,2026-09-26 18:00:00,2 days 18:00:00,66,19.38,-124.0,994.3,52.5
2026-09-24,EP162026,32,2026-09-27 00:00:00,3 days 00:00:00,72,19.5,-124.0,995.3,51.0
2026-09-24,EP162026,32,2026-09-27 06:00:00,3 days 06:00:00,78,19.63,-123.88,997.9,47.0
2026-09-24,EP162026,32,2026-09-27 12:00:00,3 days 12:00:00,84,19.75,-123.75,1000.4,42.9
2026-09-24,EP162026,32,2026-09-27 18:00:00,3 days 18:00:00,90,21.2,-118.8,982.2,67.3
2026-09-24,EP162026,32,2026-09-28 00:00:00,4 days 00:00:00,96,22.5,-113.75,964.0,91.7
2026-09-24,EP162026,32,2026-09-28 06:00:00,4 days 06:00:00,102,23.25,-113.87,970.2,84.2
2026-09-24,EP162026,32,2026-09-28 12:00:00,4 days 12:00:00,108,24.0,-114.0,976.5,76.6
2026-09-24,EP162026,32,2026-09-28 18:00:00,4 days 18:00:00,114,24.13,-113.75,979.2,73.2
2026-09-24,EP162026,32,2026-09-29 00:00:00,5 days 00:00:00,120,24.25,-113.5,981.8,69.9
2026-09-24,EP162026,32,2026-09-29 06:00:00,5 days 06:00:00,126,24.5,-112.88,986.5,63.4
2026-09-24,EP162026,32,2026-09-29 12:00:00,5 days 12:00:00,132,24.75,-112.25,991.3,56.9
2026-09-24,EP162026,32,2026-09-29 18:00:00,5 days 18:00:00,138,25.75,-111.38,992.9,54.6
2026-09-24,EP162026,32,2026-09-30 00:00:00,6 days 00:00:00,144,26.75,-110.5,994.4,52.3
2026-09-24,EP162026,32,2026-09-30 06:00:00,6 days 06:00:00,150,23.01,-108.32,996.0,49.8
2026-09-24,EP162026,32,2026-09-30 12:00:00,6 days 12:00:00,156,19.25,-106.25,997.6,47.4
2026-09-24,EP162026,32,2026-09-30 18:00:00,6 days 18:00:00,162,19.75,-106.62,997.1,48.2
2026-09-24,EP162026,32,2026-10-01 00:00:00,7 days 00:00:00,168,20.25,-107.0,996.7,48.9
2026-09-24,EP162026,32,2026-10-01 06:00:00,7 days 06:00:00,174,20.25,-107.25,997.2,48.1
2026-09-24,EP162026,32,2026-10-01 12:00:00,7 days 12:00:00,180,20.25,-107.5,997.7,47.4
2026-09-24,EP162026,32,2026-10-01 18:00:00,7 days 18:00:00,186,19.75,-107.75,996.2,49.6
2026-09-24,EP162026,32,2026-10-02 00:00:00,8 days 00:00:00,192,19.25,-108.0,994.7,51.9
2026-09-24,EP162026,32,2026-10-02 06:00:00,8 days 06:00:00,198,19.0,-108.0,995.7,50.3
2026-09-24,EP162026,32,2026-10-02 12:00:00,8 days 12:00:00,204,18.75,-108.0,996.8,48.8
2026-09-24,EP162026,32,2026-10-02 18:00:00,8 days 18:00:00,210,18.63,-107.87,998.3,46.4
2026-09-24,EP162026,32,2026-10-03 00:00:00,9 days 00:00:00,216,18.5,-107.75,999.8,44.0
2026-09-24,EP162026,32,2026-10-03 06:00:00,9 days 06:00:00,222,18.38,-107.37,999.9,43.7
2026-09-24,EP162026,32,2026-10-03 12:00:00,9 days 12:00:00,228,18.25,-107.0,1000.1,43.5
2026-09-24,EP162026,32,2026-10-03 18:00:00,9 days 18:00:00,234,18.0,-107.38,1000.7,42.5
2026-09-24,EP162026,32,2026-10-04 00:00:00,10 days 00:00:00,240,17.75,-107.75,1001.3,41.6
2026-09-24,EP162026,32,2026-10-04 06:00:00,10 days 06:00:00,246,17.5,-108.0,1001.6,41.0
2026-09-24,EP162026,32,2026-10-04 12:00:00,10 days 12:00:00,252,17.25,-108.25,1001.9,40.5
2026-09-24,EP162026,32,2026-10-04 18:00:00,10 days 18:00:00,258,17.0,-108.56,1001.7,40.8
2026-09-24,EP162026,32,2026-10-05 00:00:00,11 days 00:00:00,264,16.75,-108.88,1001.5,41.2
2026-09-24,EP162026,32,2026-10-05 06:00:00,11 days 06:00:00,270,16.5,-109.19,1001.3,41.5
2026-09-24,EP162026,32,2026-10-05 12:00:00,11 days 12:00:00,276,16.25,-109.5,1001.0,41.9
2026-09-24,EP162026,32,2026-10-05 18:00:00,11 days 18:00:00,282,16.25,-109.38,1000.3,43.2
2026-09-24,EP162026,32,2026-10-06 00:00:00,12 days 00:00:00,288,16.25,-109.25,999.5,44.5
2026-09-24,EP162026,32,2026-10-06 06:00:00,12 days 06:00:00,294,16.0,-109.0,1000.6,42.7
2026-09-24,EP162026,32,2026-10-06 12:00:00,12 days 12:00:00,300,15.75,-108.75,1001.6,40.9
2026-09-24,EP162026,32,2026-10-06 18:00:00,12 days 18:00:00,306,15.63,-107.87,1000.6,42.7
2026-09-24,EP162026,32,2026-10-07 00:00:00,13 days 00:00:00,312,15.5,-107.0,999.5,44.4
2026-09-24,EP162026,32,2026-10-07 06:00:00,13 days 06:00:00,318,15.5,-106.88,998.8,45.6
2026-09-24,EP162026,32,2026-10-07 12:00:00,13 days 12:00:00,324,15.5,-106.75,998.1,46.7
2026-09-24,EP162026,32,2026-10-07 18:00:00,13 days 18:00:00,330,16.38,-106.87,995.1,51.2
2026-09-24,EP162026,32,2026-10-08 00:00:00,14 days 00:00:00,336,17.25,-107.0,992.2,55.6
2026-09-24,EP162026,32,2026-10-08 06:00:00,14 days 06:00:00,342,18.0,-107.5,992.0,55.9
2026-09-24,EP162026,32,2026-10-08 12:00:00,14 days 12:00:00,348,18.75,-108.0,991.8,56.2
2026-09-24,EP162026,32,2026-10-08 18:00:00,14 days 18:00:00,354,19.88,-108.37,990.7,57.7
2026-09-24,EP162026,32,2026-10-09 00:00:00,15 days 00:00:00,360,21.0,-108.75,989.6,59.3
2026-09-24,EP172026,32,2026-09-24 00:00:00,0 days 00:00:00,0,15.75,-102.25,970.5,84.0
2026-09-24,EP172026,32,2026-09-24 06:00:00,0 days 06:00:00,6,16.13,-103.12,976.0,77.1
2026-09-24,EP172026,32,2026-09-24 12:00:00,0 days 12:00:00,12,16.5,-104.0,981.5,70.3
2026-09-24,EP172026,32,2026-09-24 18:00:00,0 days 18:00:00,18,16.63,-104.87,980.0,72.2
2026-09-24,EP172026,32,2026-09-25 00:00:00,1 days 00:00:00,24,16.75,-105.75,978.5,74.2
2026-09-24,EP172026,32,2026-09-25 06:00:00,1 days 06:00:00,30,17.13,-106.5,974.9,78.6
2026-09-24,EP172026,32,2026-09-25 12:00:00,1 days 12:00:00,36,17.5,-107.25,971.3,83.0
2026-09-24,EP172026,32,2026-09-25 18:00:00,1 days 18:00:00,42,17.63,-108.25,970.2,84.3
2026-09-24,EP172026,32,2026-09-26 00:00:00,2 days 00:00:00,48,17.75,-109.25,969.1,85.7
2026-09-24,EP172026,32,2026-09-26 06:00:00,2 days 06:00:00,54,17.88,-110.12,967.0,88.1
2026-09-24,EP172026,32,2026-09-26 12:00:00,2 days 12:00:00,60,18.0,-111.0,965.0,90.5
2026-09-24,EP172026,32,2026-09-26 18:00:00,2 days 18:00:00,66,18.75,-111.5,967.1,88.0
2026-09-24,EP172026,32,2026-09-27 00:00:00,3 days 00:00:00,72,19.5,-112.0,969.2,85.5
2026-09-24,EP172026,32,2026-09-27 06:00:00,3 days 06:00:00,78,20.25,-112.5,969.2,85.5
2026-09-24,EP172026,32,2026-09-27 12:00:00,3 days 12:00:00,84,21.0,-113.0,969.2,85.5
2026-09-24,EP172026,32,2026-09-27 18:00:00,3 days 18:00:00,90,21.75,-113.37,966.6,88.6
2026-09-24,EP172026,32,2026-09-28 00:00:00,4 days 00:00:00,96,22.5,-113.75,964.0,91.7
2026-09-24,IO012026,32,2026-09-24 00:00:00,0 days 00:00:00,0,18.5,84.0,986.5,63.6
2026-09-24,IO012026,32,2026-09-24 06:00:00,0 days 06:00:00,6,18.5,84.0,988.9,60.2
2026-09-24,IO012026,32,2026-09-24 12:00:00,0 days 12:00:00,12,18.5,84.0,991.4,56.7
2026-09-24,IO012026,32,2026-09-24 18:00:00,0 days 18:00:00,18,19.63,83.01,991.8,56.2
2026-09-24,IO012026,32,2026-09-25 00:00:00,1 days 00:00:00,24,20.75,82.0,992.2,55.6
2026-09-24,IO012026,32,2026-09-25 06:00:00,1 days 06:00:00,30,21.38,82.25,993.4,53.8
2026-09-24,IO012026,32,2026-09-25 12:00:00,1 days 12:00:00,36,22.0,82.5,994.6,52.1
2026-09-24,IO012026,32,2026-09-25 18:00:00,1 days 18:00:00,42,23.88,81.76,994.2,52.7
2026-09-24,IO012026,32,2026-09-26 00:00:00,2 days 00:00:00,48,25.75,81.0,993.7,53.3
2026-09-24,IO012026,32,2026-09-26 06:00:00,2 days 06:00:00,54,26.25,80.88,995.9,50.1
2026-09-24,IO012026,32,2026-09-26 12:00:00,2 days 12:00:00,60,26.75,80.75,998.0,46.8
2026-09-24,WP252026,32,2026-09-24 00:00:00,0 days 00:00:00,0,18.0,134.5,1003.5,37.8
2026-09-24,WP252026,32,2026-09-24 06:00:00,0 days 06:00:00,6,18.5,133.13,1002.3,39.7
2026-09-24,WP252026,32,2026-09-24 12:00:00,0 days 12:00:00,12,19.0,131.75,1001.2,41.7
2026-09-24,WP252026,32,2026-09-24 18:00:00,0 days 18:00:00,18,19.38,130.88,1002.3,39.8
2026-09-24,WP252026,32,2026-09-25 00:00:00,1 days 00:00:00,24,19.75,130.0,1003.4,37.9
2026-09-24,WP252026,32,2026-09-25 06:00:00,1 days 06:00:00,30,20.38,129.13,1003.4,37.9
2026-09-24,WP252026,32,2026-09-25 12:00:00,1 days 12:00:00,36,21.0,128.25,1003.4,37.9
2026-09-24,WP252026,32,2026-09-25 18:00:00,1 days 18:00:00,42,21.75,127.26,1001.1,41.7
2026-09-24,WP252026,32,2026-09-26 00:00:00,2 days 00:00:00,48,22.5,126.25,998.9,45.4
2026-09-24,WP252026,32,2026-09-26 06:00:00,2 days 06:00:00,54,23.0,126.5,998.1,46.6
2026-09-24,WP252026,32,2026-09-26 12:00:00,2 days 12:00:00,60,23.5,126.75,997.4,47.8
2026-09-24,WP252026,32,2026-09-26 18:00:00,2 days 18:00:00,66,24.13,126.75,995.2,51.2
2026-09-24,WP252026,32,2026-09-27 00:00:00,3 days 00:00:00,72,24.75,126.75,992.9,54.6
2026-09-24,WP252026,32,2026-09-27 06:00:00,3 days 06:00:00,78,25.38,127.62,990.6,57.9
2026-09-24,WP252026,32,2026-09-27 12:00:00,3 days 12:00:00,84,26.0,128.5,988.2,61.2
2026-09-24,WP252026,32,2026-09-27 18:00:00,3 days 18:00:00,90,26.63,129.25,989.6,59.2
2026-09-24,WP252026,32,2026-09-28 00:00:00,4 days 00:00:00,96,27.25,130.0,991.0,57.3
2026-09-24,WP252026,32,2026-09-28 06:00:00,4 days 06:00:00,102,27.88,131.12,992.3,55.4
2026-09-24,WP252026,32,2026-09-28 12:00:00,4 days 12:00:00,108,28.5,132.25,993.5,53.6
2026-09-24,WP252026,32,2026-09-28 18:00:00,4 days 18:00:00,114,29.26,133.49,995.0,51.4
2026-09-24,WP252026,32,2026-09-29 00:00:00,5 days 00:00:00,120,30.0,134.75,996.5,49.2
2026-09-24,WP252026,32,2026-09-29 06:00:00,5 days 06:00:00,126,30.89,136.61,996.8,48.8
2026-09-24,WP252026,32,2026-09-29 12:00:00,5 days 12:00:00,132,31.75,138.5,997.0,48.4
2026-09-24,WP252026,32,2026-09-29 18:00:00,5 days 18:00:00,138,33.4,141.08,998.1,46.6
2026-09-24,WP252026,32,2026-09-30 00:00:00,6 days 00:00:00,144,35.0,143.75,999.3,44.8
2026-09-24,EP152026,33,2026-09-24 00:00:00,0 days 00:00:00,0,14.5,-155.5,1000.6,42.7
2026-09-24,EP152026,33,2026-09-24 06:00:00,0 days 06:00:00,6,14.5,-155.75,998.2,46.4
2026-09-24,EP152026,33,2026-09-24 12:00:00,0 days 12:00:00,12,14.5,-156.0,995.8,50.2
2026-09-24,EP152026,33,2026-09-24 18:00:00,0 days 18:00:00,18,14.75,-156.0,994.6,52.0
2026-09-24,EP152026,33,2026-09-25 00:00:00,1 days 00:00:00,24,15.0,-156.0,993.4,53.8
2026-09-24,EP152026,33,2026-09-25 06:00:00,1 days 06:00:00,30,15.25,-155.75,991.6,56.4
2026-09-24,EP152026,33,2026-09-25 12:00:00,1 days 12:00:00,36,15.5,-155.5,989.8,59.0
2026-09-24,EP152026,33,2026-09-25 18:00:00,1 days 18:00:00,42,16.13,-155.38,987.0,62.9
2026-09-24,EP152026,33,2026-09-26 00:00:00,2 days 00:00:00,48,16.75,-155.25,984.1,66.9
2026-09-24,EP152026,33,2026-09-26 06:00:00,2 days 06:00:00,54,17.13,-155.13,985.8,64.5
2026-09-24,EP152026,33,2026-09-26 12:00:00,2 days 12:00:00,60,17.5,-155.0,987.5,62.2
2026-09-24,EP152026,33,2026-09-26 18:00:00,2 days 18:00:00,66,17.63,-155.25,984.5,66.2
2026-09-24,EP152026,33,2026-09-27 00:00:00,3 days 00:00:00,72,17.75,-155.5,981.5,70.3
2026-09-24,EP152026,33,2026-09-27 06:00:00,3 days 06:00:00,78,17.63,-156.13,985.5,64.9
2026-09-24,EP152026,33,2026-09-27 12:00:00,3 days 12:00:00,84,17.5,-156.75,989.5,59.5
2026-09-24,EP152026,33,2026-09-27 18:00:00,3 days 18:00:00,90,17.38,-157.38,986.6,63.4
2026-09-24,EP152026,33,2026-09-28 00:00:00,4 days 00:00:00,96,17.25,-158.0,983.8,67.2
2026-09-24,EP152026,33,2026-09-28 06:00:00,4 days 06:00:00,102,17.13,-158.75,986.4,63.7
2026-09-24,EP152026,33,2026-09-28 12:00:00,4 days 12:00:00,108,17.0,-159.5,989.0,60.1
2026-09-24,EP152026,33,2026-09-28 18:00:00,4 days 18:00:00,114,17.5,-160.12,989.2,59.9
2026-09-24,EP152026,33,2026-09-29 00:00:00,5 days 00:00:00,120,18.0,-160.75,989.4,59.6
2026-09-24,EP152026,33,2026-09-29 06:00:00,5 days 06:00:00,126,18.5,-161.25,990.2,58.5
2026-09-24,EP152026,33,2026-09-29 12:00:00,5 days 12:00:00,132,19.0,-161.75,991.0,57.4
2026-09-24,EP152026,33,2026-09-29 18:00:00,5 days 18:00:00,138,19.75,-162.12,988.3,61.1
2026-09-24,EP152026,33,2026-09-30 00:00:00,6 days 00:00:00,144,20.5,-162.5,985.5,64.9
2026-09-24,EP152026,33,2026-09-30 06:00:00,6 days 06:00:00,150,21.13,-162.75,985.6,64.9
2026-09-24,EP152026,33,2026-09-30 12:00:00,6 days 12:00:00,156,21.75,-163.0,985.6,64.9
2026-09-24,EP152026,33,2026-09-30 18:00:00,6 days 18:00:00,162,22.63,-163.25,986.7,63.3
2026-09-24,EP152026,33,2026-10-01 00:00:00,7 days 00:00:00,168,23.5,-163.5,987.9,61.7
2026-09-24,EP152026,33,2026-10-01 06:00:00,7 days 06:00:00,174,24.38,-164.24,985.9,64.4
2026-09-24,EP152026,33,2026-10-01 12:00:00,7 days 12:00:00,180,25.25,-165.0,983.9,67.1
2026-09-24,EP152026,33,2026-10-01 18:00:00,7 days 18:00:00,186,26.25,-165.99,984.3,66.6
2026-09-24,EP152026,33,2026-10-02 00:00:00,8 days 00:00:00,192,27.25,-167.0,984.7,66.1
2026-09-24,EP152026,33,2026-10-02 06:00:00,8 days 06:00:00,198,27.13,-167.75,987.6,62.1
2026-09-24,EP152026,33,2026-10-02 12:00:00,8 days 12:00:00,204,27.0,-168.5,990.5,58.1
2026-09-24,EP152026,33,2026-10-02 18:00:00,8 days 18:00:00,210,27.0,-169.62,991.5,56.6
2026-09-24,EP152026,33,2026-10-03 00:00:00,9 days 00:00:00,216,27.0,-170.75,992.5,55.1
2026-09-24,EP152026,33,2026-10-03 06:00:00,9 days 06:00:00,222,26.89,-172.88,992.4,55.3
2026-09-24,EP152026,33,2026-10-03 12:00:00,9 days 12:00:00,228,26.75,-175.0,992.3,55.5
2026-09-24,EP152026,33,2026-10-03 18:00:00,9 days 18:00:00,234,26.64,-177.38,992.6,55.0
2026-09-24,EP152026,33,2026-10-04 00:00:00,10 days 00:00:00,240,26.5,-179.75,993.0,54.4
2026-09-24,EP152026,33,2026-10-04 06:00:00,10 days 06:00:00,246,26.51,178.38,993.6,53.5
2026-09-24,EP152026,33,2026-10-04 12:00:00,10 days 12:00:00,252,26.5,176.5,994.3,52.6
2026-09-24,EP152026,33,2026-10-04 18:00:00,10 days 18:00:00,258,26.89,174.76,996.2,49.5
2026-09-24,EP152026,33,2026-10-05 00:00:00,11 days 00:00:00,264,27.25,173.0,998.2,46.5
2026-09-24,EP152026,33,2026-10-05 06:00:00,11 days 06:00:00,270,27.39,171.0,999.8,43.9
2026-09-24,EP152026,33,2026-10-05 12:00:00,11 days 12:00:00,276,27.5,169.0,1001.5,41.2
2026-09-24,EP152026,33,2026-10-05 18:00:00,11 days 18:00:00,282,27.64,167.0,1002.5,39.5
2026-09-24,EP152026,33,2026-10-06 00:00:00,12 days 00:00:00,288,27.75,165.0,1003.5,37.8
2026-09-24,EP152026,33,2026-10-06 06:00:00,12 days 06:00:00,294,28.04,163.14,1003.9,37.1
2026-09-24,EP152026,33,2026-10-06 12:00:00,12 days 12:00:00,300,28.3,161.27,1004.2,36.5
2026-09-24,EP152026,33,2026-10-06 18:00:00,12 days 18:00:00,306,28.54,159.39,1004.6,35.9
2026-09-24,EP152026,33,2026-10-07 00:00:00,13 days 00:00:00,312,28.75,157.5,1004.9,35.2
2026-09-24,EP152026,33,2026-10-07 06:00:00,13 days 06:00:00,318,29.13,156.5,1001.5,41.0
2026-09-24,EP152026,33,2026-10-07 12:00:00,13 days 12:00:00,324,29.5,155.5,998.1,46.7
2026-09-24,EP152026,33,2026-10-07 18:00:00,13 days 18:00:00,330,29.75,155.62,997.4,47.7
2026-09-24,EP152026,33,2026-10-08 00:00:00,14 days 00:00:00,336,30.0,155.75,996.8,48.7
2026-09-24,EP152026,33,2026-10-08 06:00:00,14 days 06:00:00,342,30.38,156.25,996.6,49.1
2026-09-24,EP152026,33,2026-10-08 12:00:00,14 days 12:00:00,348,30.75,156.75,996.3,49.4
2026-09-24,EP152026,33,2026-10-08 18:00:00,14 days 18:00:00,354,31.13,157.5,993.8,53.1
2026-09-24,EP152026,33,2026-10-09 00:00:00,15 days 00:00:00,360,31.5,158.25,991.3,56.9
2026-09-24,EP162026,33,2026-09-24 00:00:00,0 days 00:00:00,0,15.5,-126.75,971.6,82.7
2026-09-24,EP162026,33,2026-09-24 06:00:00,0 days 06:00:00,6,15.88,-126.25,975.9,77.3
2026-09-24,EP162026,33,2026-09-24 12:00:00,0 days 12:00:00,12,16.25,-125.75,980.2,71.9
2026-09-24,EP162026,33,2026-09-24 18:00:00,0 days 18:00:00,18,16.63,-125.13,982.0,69.6
2026-09-24,EP162026,33,2026-09-25 00:00:00,1 days 00:00:00,24,17.0,-124.5,983.7,67.4
2026-09-24,EP162026,33,2026-09-25 06:00:00,1 days 06:00:00,30,17.5,-124.38,986.3,63.8
2026-09-24,EP162026,33,2026-09-25 12:00:00,1 days 12:00:00,36,18.0,-124.25,988.9,60.2
2026-09-24,EP162026,33,2026-09-25 18:00:00,1 days 18:00:00,42,18.25,-124.37,989.9,58.9
2026-09-24,EP162026,33,2026-09-26 00:00:00,2 days 00:00:00,48,18.5,-124.5,990.9,57.5
2026-09-24,EP162026,33,2026-09-26 06:00:00,2 days 06:00:00,54,18.88,-124.75,992.8,54.7
2026-09-24,EP162026,33,2026-09-26 12:00:00,2 days 12:00:00,60,19.25,-125.0,994.7,51.9
2026-09-24,EP162026,33,2026-09-26 18:00:00,2 days 18:00:00,66,19.5,-125.12,994.3,52.5
2026-09-24,EP162026,33,2026-09-27 00:00:00,3 days 00:00:00,72,19.75,-125.25,993.9,53.2
2026-09-24,EP162026,33,2026-09-27 06:00:00,3 days 06:00:00,78,19.71,-119.62,980.9,70.1
2026-09-24,EP162026,33,2026-09-27 12:00:00,3 days 12:00:00,84,19.5,-114.0,967.9,87.1
2026-09-24,EP162026,33,2026-09-27 18:00:00,3 days 18:00:00,90,20.38,-114.5,967.0,88.2
2026-09-24,EP162026,33,2026-09-28 00:00:00,4 days 00:00:00,96,21.25,-115.0,966.1,89.3
2026-09-24,EP162026,33,2026-09-28 06:00:00,4 days 06:00:00,102,22.13,-115.12,967.3,87.8
2026-09-24,EP162026,33,2026-09-28 12:00:00,4 days 12:00:00,108,23.0,-115.25,968.5,86.4
2026-09-24,EP162026,33,2026-09-28 18:00:00,4 days 18:00:00,114,23.63,-115.13,975.6,77.6
2026-09-24,EP162026,33,2026-09-29 00:00:00,5 days 00:00:00,120,24.25,-115.0,982.7,68.8
2026-09-24,EP162026,33,2026-09-29 06:00:00,5 days 06:00:00,126,24.38,-114.75,988.0,61.3
2026-09-24,EP162026,33,2026-09-29 12:00:00,5 days 12:00:00,132,24.5,-114.5,993.4,53.8
2026-09-24,EP162026,33,2026-09-29 18:00:00,5 days 18:00:00,138,24.75,-114.13,994.4,52.4
2026-09-24,EP162026,33,2026-09-30 00:00:00,6 days 00:00:00,144,25.0,-113.75,995.3,51.1
2026-09-24,EP162026,33,2026-09-30 06:00:00,6 days 06:00:00,150,20.51,-111.69,985.5,64.3
2026-09-24,EP162026,33,2026-09-30 12:00:00,6 days 12:00:00,156,16.0,-109.75,975.8,77.6
2026-09-24,EP162026,33,2026-09-30 18:00:00,6 days 18:00:00,162,17.13,-110.0,972.7,81.3
2026-09-24,EP162026,33,2026-10-01 00:00:00,7 days 00:00:00,168,18.25,-110.25,969.7,85.0
2026-09-24,EP162026,33,2026-10-01 06:00:00,7 days 06:00:00,174,19.0,-111.0,966.1,89.2
2026-09-24,EP162026,33,2026-10-01 12:00:00,7 days 12:00:00,180,19.75,-111.75,962.5,93.4
2026-09-24,EP162026,33,2026-10-01 18:00:00,7 days 18:00:00,186,20.38,-112.5,964.1,91.5
2026-09-24,EP162026,33,2026-10-02 00:00:00,8 days 00:00:00,192,21.0,-113.25,965.7,89.7
2026-09-24,EP162026,33,2026-10-02 06:00:00,8 days 06:00:00,198,21.63,-114.25,967.9,87.1
2026-09-24,EP162026,33,2026-10-02 12:00:00,8 days 12:00:00,204,22.25,-115.25,970.0,84.6
2026-09-24,EP162026,33,2026-10-02 18:00:00,8 days 18:00:00,210,22.63,-116.37,970.8,83.7
2026-09-24,EP162026,33,2026-10-03 00:00:00,9 days 00:00:00,216,23.0,-117.5,971.5,82.8
2026-09-24,EP162026,33,2026-10-03 06:00:00,9 days 06:00:00,222,23.5,-118.0,976.6,76.4
2026-09-24,EP162026,33,2026-10-03 12:00:00,9 days 12:00:00,228,24.0,-118.5,981.8,69.9
2026-09-24,EP162026,33,2026-10-03 18:00:00,9 days 18:00:00,234,24.5,-119.0,985.1,65.4
2026-09-24,EP162026,33,2026-10-04 00:00:00,10 days 00:00:00,240,25.0,-119.5,988.5,60.9
2026-09-24,EP162026,33,2026-10-04 06:00:00,10 days 06:00:00,246,25.63,-119.62,991.1,57.0
2026-09-24,EP162026,33,2026-10-04 12:00:00,10 days 12:00:00,252,26.25,-119.75,993.8,53.2
2026-09-24,EP172026,33,2026-09-24 00:00:00,0 days 00:00:00,0,15.75,-102.25,970.5,84.0
2026-09-24,EP172026,33,2026-09-24 06:00:00,0 days 06:00:00,6,16.13,-103.12,971.8,82.5
2026-09-24,EP172026,33,2026-09-24 12:00:00,0 days 12:00:00,12,16.5,-104.0,973.0,81.0
2026-09-24,EP172026,33,2026-09-24 18:00:00,0 days 18:00:00,18,16.63,-105.12,974.8,78.8
2026-09-24,EP172026,33,2026-09-25 00:00:00,1 days 00:00:00,24,16.75,-106.25,976.6,76.6
2026-09-24,EP172026,33,2026-09-25 06:00:00,1 days 06:00:00,30,16.88,-107.12,975.9,77.3
2026-09-24,EP172026,33,2026-09-25 12:00:00,1 days 12:00:00,36,17.0,-108.0,975.3,78.1
2026-09-24,EP172026,33,2026-09-25 18:00:00,1 days 18:00:00,42,17.0,-108.88,971.7,82.5
2026-09-24,EP172026,33,2026-09-26 00:00:00,2 days 00:00:00,48,17.0,-109.75,968.1,86.9
2026-09-24,EP172026,33,2026-09-26 06:00:00,2 days 06:00:00,54,17.0,-110.63,969.2,85.6
2026-09-24,EP172026,33,2026-09-26 12:00:00,2 days 12:00:00,60,17.0,-111.5,970.3,84.2
2026-09-24,EP172026,33,2026-09-26 18:00:00,2 days 18:00:00,66,17.5,-112.25,967.6,87.5
2026-09-24,EP172026,33,2026-09-27 00:00:00,3 days 00:00:00,72,18.0,-113.0,964.8,90.8
2026-09-24,EP172026,33,2026-09-27 06:00:00,3 days 06:00:00,78,18.75,-113.5,966.3,88.9
2026-09-24,EP172026,33,2026-09-27 12:00:00,3 days 12:00:00,84,19.5,-114.0,967.9,87.1
2026-09-24,IO012026,33,2026-09-24 00:00:00,0 days 00:00:00,0,18.5,84.0,986.5,63.6
2026-09-24,IO012026,33,2026-09-24 06:00:00,0 days 06:00:00,6,18.5,84.0,988.2,61.3
2026-09-24,IO012026,33,2026-09-24 12:00:00,0 days 12:00:00,12,18.5,84.0,989.8,59.0
2026-09-24,IO012026,33,2026-09-24 18:00:00,0 days 18:00:00,18,19.63,83.5,990.3,58.3
2026-09-24,IO012026,33,2026-09-25 00:00:00,1 days 00:00:00,24,20.75,83.0,990.8,57.6
2026-09-24,IO012026,33,2026-09-25 06:00:00,1 days 06:00:00,30,21.38,82.25,991.7,56.4
2026-09-24,IO012026,33,2026-09-25 12:00:00,1 days 12:00:00,36,22.0,81.5,992.5,55.2
2026-09-24,IO012026,33,2026-09-25 18:00:00,1 days 18:00:00,42,23.0,81.38,992.7,54.9
2026-09-24,IO012026,33,2026-09-26 00:00:00,2 days 00:00:00,48,24.0,81.25,992.9,54.6
2026-09-24,IO012026,33,2026-09-26 06:00:00,2 days 06:00:00,54,25.13,80.88,994.8,51.7
2026-09-24,IO012026,33,2026-09-26 12:00:00,2 days 12:00:00,60,26.25,80.5,996.8,48.8
2026-09-24,IO012026,33,2026-09-26 18:00:00,2 days 18:00:00,66,27.0,80.13,998.5,46.0
2026-09-24,IO012026,33,2026-09-27 00:00:00,3 days 00:00:00,72,27.75,79.75,1000.2,43.3
2026-09-24,IO012026,33,2026-09-27 06:00:00,3 days 06:00:00,78,28.8,77.75,1000.8,42.3
2026-09-24,IO012026,33,2026-09-27 12:00:00,3 days 12:00:00,84,29.81,75.71,1001.4,41.2
2026-09-24,IO012026,33,2026-09-27 18:00:00,3 days 18:00:00,90,30.8,73.62,1002.0,40.2
2026-09-24,IO012026,33,2026-09-28 00:00:00,4 days 00:00:00,96,31.75,71.5,1002.6,39.2
2026-09-24,WP252026,33,2026-09-24 00:00:00,0 days 00:00:00,0,18.0,134.5,1003.5,37.8
2026-09-24,WP252026,33,2026-09-24 06:00:00,0 days 06:00:00,6,18.38,133.25,1003.2,38.2
2026-09-24,WP252026,33,2026-09-24 12:00:00,0 days 12:00:00,12,18.75,132.0,1003.0,38.7
2026-09-24,WP252026,33,2026-09-24 18:00:00,0 days 18:00:00,18,19.25,130.75,1005.0,35.1
2026-09-24,WP252026,33,2026-09-25 00:00:00,1 days 00:00:00,24,19.75,129.5,1006.9,31.5
2026-09-24,WP252026,33,2026-09-25 06:00:00,1 days 06:00:00,30,20.5,128.63,1004.9,35.1
2026-09-24,WP252026,33,2026-09-25 12:00:00,1 days 12:00:00,36,21.25,127.75,1003.0,38.7
2026-09-24,WP252026,33,2026-09-25 18:00:00,1 days 18:00:00,42,21.75,127.0,1001.3,41.4
2026-09-24,WP252026,33,2026-09-26 00:00:00,2 days 00:00:00,48,22.25,126.25,999.7,44.2
2026-09-24,WP252026,33,2026-09-26 06:00:00,2 days 06:00:00,54,22.75,126.0,997.8,47.2
2026-09-24,WP252026,33,2026-09-26 12:00:00,2 days 12:00:00,60,23.25,125.75,995.9,50.1
2026-09-24,WP252026,33,2026-09-26 18:00:00,2 days 18:00:00,66,23.63,126.0,993.6,53.4
2026-09-24,WP252026,33,2026-09-27 00:00:00,3 days 00:00:00,72,24.0,126.25,991.4,56.7
2026-09-24,WP252026,33,2026-09-27 06:00:00,3 days 06:00:00,78,24.25,126.62,993.7,53.3
2026-09-24,WP252026,33,2026-09-27 12:00:00,3 days 12:00:00,84,24.5,127.0,996.0,49.9
2026-09-24,WP252026,33,2026-09-27 18:00:00,3 days 18:00:00,90,25.0,127.37,996.7,48.8
2026-09-24,WP252026,33,2026-09-28 00:00:00,4 days 00:00:00,96,25.5,127.75,997.4,47.7
2026-09-24,WP252026,33,2026-09-28 06:00:00,4 days 06:00:00,102,26.0,128.62,997.2,48.1
2026-09-24,WP252026,33,2026-09-28 12:00:00,4 days 12:00:00,108,26.5,129.5,997.0,48.4
2026-09-24,WP252026,33,2026-09-28 18:00:00,4 days 18:00:00,114,26.63,130.37,998.3,46.3
2026-09-24,WP252026,33,2026-09-29 00:00:00,5 days 00:00:00,120,26.75,131.25,999.7,44.2
2026-09-24,WP252026,33,2026-09-29 06:00:00,5 days 06:00:00,126,27.38,132.0,1001.3,41.4
2026-09-24,WP252026,33,2026-09-29 12:00:00,5 days 12:00:00,132,28.0,132.75,1002.9,38.7
2026-09-24,EP152026,34,2026-09-24 00:00:00,0 days 00:00:00,0,14.5,-155.5,1000.6,42.7
2026-09-24,EP152026,34,2026-09-24 06:00:00,0 days 06:00:00,6,14.5,-155.75,997.5,47.5
2026-09-24,EP152026,34,2026-09-24 12:00:00,0 days 12:00:00,12,14.5,-156.0,994.4,52.4
2026-09-24,EP152026,34,2026-09-24 18:00:00,0 days 18:00:00,18,14.88,-156.12,992.8,54.7
2026-09-24,EP152026,34,2026-09-25 00:00:00,1 days 00:00:00,24,15.25,-156.25,991.2,57.0
2026-09-24,EP152026,34,2026-09-25 06:00:00,1 days 06:00:00,30,15.75,-156.0,988.3,61.0
2026-09-24,EP152026,34,2026-09-25 12:00:00,1 days 12:00:00,36,16.25,-155.75,985.4,65.0
2026-09-24,EP152026,34,2026-09-25 18:00:00,1 days 18:00:00,42,16.88,-155.63,985.8,64.5
2026-09-24,EP152026,34,2026-09-26 00:00:00,2 days 00:00:00,48,17.5,-155.5,986.2,64.0
2026-09-24,EP152026,34,2026-09-26 06:00:00,2 days 06:00:00,54,18.0,-155.38,988.5,60.8
2026-09-24,EP152026,34,2026-09-26 12:00:00,2 days 12:00:00,60,18.5,-155.25,990.9,57.5
2026-09-24,EP152026,34,2026-09-26 18:00:00,2 days 18:00:00,66,19.0,-155.75,992.6,54.9
2026-09-24,EP152026,34,2026-09-27 00:00:00,3 days 00:00:00,72,19.5,-156.25,994.4,52.4
2026-09-24,EP152026,34,2026-09-27 06:00:00,3 days 06:00:00,78,19.38,-157.5,997.2,48.0
2026-09-24,EP152026,34,2026-09-27 12:00:00,3 days 12:00:00,84,19.25,-158.75,1000.0,43.7
2026-09-24,EP152026,34,2026-09-27 18:00:00,3 days 18:00:00,90,19.63,-159.75,998.1,46.7
2026-09-24,EP152026,34,2026-09-28 00:00:00,4 days 00:00:00,96,20.0,-160.75,996.2,49.6
2026-09-24,EP152026,34,2026-09-28 06:00:00,4 days 06:00:00,102,20.5,-161.75,996.9,48.5
2026-09-24,EP152026,34,2026-09-28 12:00:00,4 days 12:00:00,108,21.0,-162.75,997.6,47.4
2026-09-24,EP152026,34,2026-09-28 18:00:00,4 days 18:00:00,114,21.88,-163.99,998.9,45.4
2026-09-24,EP152026,34,2026-09-29 00:00:00,5 days 00:00:00,120,22.75,-165.25,1000.2,43.4
2026-09-24,EP152026,34,2026-09-29 06:00:00,5 days 06:00:00,126,23.75,-165.99,999.3,44.8
2026-09-24,EP152026,34,2026-09-29 12:00:00,5 days 12:00:00,132,24.75,-166.75,998.3,46.3
2026-09-24,EP152026,34,2026-09-29 18:00:00,5 days 18:00:00,138,25.75,-167.37,996.7,48.8
2026-09-24,EP152026,34,2026-09-30 00:00:00,6 days 00:00:00,144,26.75,-168.0,995.1,51.4
2026-09-24,EP152026,34,2026-09-30 06:00:00,6 days 06:00:00,150,26.38,-169.38,996.2,49.6
2026-09-24,EP152026,34,2026-09-30 12:00:00,6 days 12:00:00,156,26.0,-170.75,997.4,47.8
2026-09-24,EP152026,34,2026-09-30 18:00:00,6 days 18:00:00,162,25.63,-172.0,995.2,51.1
2026-09-24,EP152026,34,2026-10-01 00:00:00,7 days 00:00:00,168,25.25,-173.25,993.1,54.3
2026-09-24,EP152026,34,2026-10-01 06:00:00,7 days 06:00:00,174,25.01,-174.5,993.7,53.3
2026-09-24,EP152026,34,2026-10-01 12:00:00,7 days 12:00:00,180,24.75,-175.75,994.4,52.4
2026-09-24,EP152026,34,2026-10-01 18:00:00,7 days 18:00:00,186,24.5,-176.75,994.8,51.7
2026-09-24,EP152026,34,2026-10-02 00:00:00,8 days 00:00:00,192,24.25,-177.75,995.3,51.0
2026-09-24,EP152026,34,2026-10-02 06:00:00,8 days 06:00:00,198,24.51,-179.12,993.6,53.5
2026-09-24,EP152026,34,2026-10-02 12:00:00,8 days 12:00:00,204,24.75,179.5,991.9,56.0
2026-09-24,EP152026,34,2026-10-02 18:00:00,8 days 18:00:00,210,24.89,177.38,992.2,55.6
2026-09-24,EP152026,34,2026-10-03 00:00:00,9 days 00:00:00,216,25.0,175.25,992.5,55.2
2026-09-24,EP152026,34,2026-10-03 06:00:00,9 days 06:00:00,222,25.39,173.26,992.1,55.8
2026-09-24,EP152026,34,2026-10-03 12:00:00,9 days 12:00:00,228,25.75,171.25,991.7,56.4
2026-09-24,EP152026,34,2026-10-03 18:00:00,9 days 18:00:00,234,26.63,169.89,992.4,55.3
2026-09-24,EP152026,34,2026-10-04 00:00:00,10 days 00:00:00,240,27.5,168.5,993.1,54.3
2026-09-24,EP152026,34,2026-10-04 06:00:00,10 days 06:00:00,246,28.63,167.14,994.9,51.6
2026-09-24,EP152026,34,2026-10-04 12:00:00,10 days 12:00:00,252,29.75,165.75,996.6,49.0
2026-09-24,EP152026,34,2026-10-04 18:00:00,10 days 18:00:00,258,31.75,164.65,997.3,48.0
2026-09-24,EP152026,34,2026-10-05 00:00:00,11 days 00:00:00,264,33.75,163.5,997.9,46.9
2026-09-24,EP162026,34,2026-09-24 00:00:00,0 days 00:00:00,0,15.5,-126.75,971.6,82.7
2026-09-24,EP162026,34,2026-09-24 06:00:00,0 days 06:00:00,6,15.88,-126.25,974.9,78.6
2026-09-24,EP162026,34,2026-09-24 12:00:00,0 days 12:00:00,12,16.25,-125.75,978.2,74.6
2026-09-24,EP162026,34,2026-09-24 18:00:00,0 days 18:00:00,18,16.75,-124.88,976.6,76.5
2026-09-24,EP162026,34,2026-09-25 00:00:00,1 days 00:00:00,24,17.25,-124.0,975.1,78.4
2026-09-24,EP162026,34,2026-09-25 06:00:00,1 days 06:00:00,30,17.75,-123.5,980.2,71.8
2026-09-24,EP162026,34,2026-09-25 12:00:00,1 days 12:00:00,36,18.25,-123.0,985.4,65.1
2026-09-24,EP162026,34,2026-09-25 18:00:00,1 days 18:00:00,42,18.88,-122.63,986.0,64.3
2026-09-24,EP162026,34,2026-09-26 00:00:00,2 days 00:00:00,48,19.5,-122.25,986.6,63.4
2026-09-24,EP162026,34,2026-09-26 06:00:00,2 days 06:00:00,54,19.75,-122.25,987.1,62.7
2026-09-24,EP162026,34,2026-09-26 12:00:00,2 days 12:00:00,60,20.0,-122.25,987.6,62.0
2026-09-24,EP162026,34,2026-09-26 18:00:00,2 days 18:00:00,66,20.38,-122.13,990.2,58.3
2026-09-24,EP162026,34,2026-09-27 00:00:00,3 days 00:00:00,72,20.75,-122.0,992.8,54.7
2026-09-24,EP162026,34,2026-09-27 06:00:00,3 days 06:00:00,78,21.13,-121.5,995.4,50.8
2026-09-24,EP162026,34,2026-09-27 12:00:00,3 days 12:00:00,84,21.5,-121.0,997.9,46.9
2026-09-24,EP162026,34,2026-09-27 18:00:00,3 days 18:00:00,90,22.79,-117.41,986.4,62.8
2026-09-24,EP162026,34,2026-09-28 00:00:00,4 days 00:00:00,96,24.0,-113.75,975.0,78.6
2026-09-24,EP162026,34,2026-09-28 06:00:00,4 days 06:00:00,102,25.13,-113.75,977.5,75.4
2026-09-24,EP162026,34,2026-09-28 12:00:00,4 days 12:00:00,108,26.25,-113.75,979.9,72.3
2026-09-24,EP162026,34,2026-09-28 18:00:00,4 days 18:00:00,114,26.88,-113.0,986.5,63.3
2026-09-24,EP162026,34,2026-09-29 00:00:00,5 days 00:00:00,120,27.5,-112.25,993.1,54.3
2026-09-24,EP162026,34,2026-09-29 06:00:00,5 days 06:00:00,126,27.63,-111.63,995.4,50.8
2026-09-24,EP162026,34,2026-09-29 12:00:00,5 days 12:00:00,132,27.75,-111.0,997.7,47.4
2026-09-24,EP172026,34,2026-09-24 00:00:00,0 days 00:00:00,0,15.75,-102.25,970.5,84.0
2026-09-24,EP172026,34,2026-09-24 06:00:00,0 days 06:00:00,6,16.13,-103.12,974.2,79.4
2026-09-24,EP172026,34,2026-09-24 12:00:00,0 days 12:00:00,12,16.5,-104.0,977.9,74.9
2026-09-24,EP172026,34,2026-09-24 18:00:00,0 days 18:00:00,18,16.75,-105.0,977.7,75.1
2026-09-24,EP172026,34,2026-09-25 00:00:00,1 days 00:00:00,24,17.0,-106.0,977.5,75.4
2026-09-24,EP172026,34,2026-09-25 06:00:00,1 days 06:00:00,30,17.25,-106.87,977.4,75.5
2026-09-24,EP172026,34,2026-09-25 12:00:00,1 days 12:00:00,36,17.5,-107.75,977.3,75.7
2026-09-24,EP172026,34,2026-09-25 18:00:00,1 days 18:00:00,42,17.63,-108.5,976.2,77.1
2026-09-24,EP172026,34,2026-09-26 00:00:00,2 days 00:00:00,48,17.75,-109.25,975.0,78.5
2026-09-24,EP172026,34,2026-09-26 06:00:00,2 days 06:00:00,54,18.25,-110.0,971.1,83.2
2026-09-24,EP172026,34,2026-09-26 12:00:00,2 days 12:00:00,60,18.75,-110.75,967.3,87.9
2026-09-24,EP172026,34,2026-09-26 18:00:00,2 days 18:00:00,66,19.38,-111.37,966.5,88.7
2026-09-24,EP172026,34,2026-09-27 00:00:00,3 days 00:00:00,72,20.0,-112.0,965.8,89.5
2026-09-24,EP172026,34,2026-09-27 06:00:00,3 days 06:00:00,78,21.0,-112.5,970.2,84.3
2026-09-24,EP172026,34,2026-09-27 12:00:00,3 days 12:00:00,84,22.0,-113.0,974.6,79.1
2026-09-24,EP172026,34,2026-09-27 18:00:00,3 days 18:00:00,90,23.0,-113.37,974.8,78.8
2026-09-24,EP172026,34,2026-09-28 00:00:00,4 days 00:00:00,96,24.0,-113.75,975.0,78.6
2026-09-24,IO012026,34,2026-09-24 00:00:00,0 days 00:00:00,0,18.5,84.0,986.5,63.6
2026-09-24,IO012026,34,2026-09-24 06:00:00,0 days 06:00:00,6,19.25,83.63,988.7,60.6
2026-09-24,IO012026,34,2026-09-24 12:00:00,0 days 12:00:00,12,20.0,83.25,990.9,57.5
2026-09-24,IO012026,34,2026-09-24 18:00:00,0 days 18:00:00,18,20.13,83.13,990.4,58.2
2026-09-24,IO012026,34,2026-09-25 00:00:00,1 days 00:00:00,24,20.25,83.0,989.9,58.9
2026-09-24,IO012026,34,2026-09-25 06:00:00,1 days 06:00:00,30,21.13,82.5,992.4,55.2
2026-09-24,IO012026,34,2026-09-25 12:00:00,1 days 12:00:00,36,22.0,82.0,995.0,51.5
2026-09-24,IO012026,34,2026-09-25 18:00:00,1 days 18:00:00,42,23.63,81.51,996.4,49.3
2026-09-24,IO012026,34,2026-09-26 00:00:00,2 days 00:00:00,48,25.25,81.0,997.8,47.2
2026-09-24,IO012026,34,2026-09-26 06:00:00,2 days 06:00:00,54,25.5,80.63,997.8,47.1
2026-09-24,IO012026,34,2026-09-26 12:00:00,2 days 12:00:00,60,25.75,80.25,997.9,47.0
2026-09-24,IO012026,34,2026-09-26 18:00:00,2 days 18:00:00,66,26.75,80.37,1000.2,43.3
2026-09-24,IO012026,34,2026-09-27 00:00:00,3 days 00:00:00,72,27.75,80.5,1002.5,39.5
2026-09-24,WP252026,34,2026-09-24 00:00:00,0 days 00:00:00,0,18.0,134.5,1003.5,37.8
2026-09-24,WP252026,34,2026-09-24 06:00:00,0 days 06:00:00,6,18.5,133.38,1002.9,38.8
2026-09-24,WP252026,34,2026-09-24 12:00:00,0 days 12:00:00,12,19.0,132.25,1002.3,39.9
2026-09-24,WP252026,34,2026-09-24 18:00:00,0 days 18:00:00,18,19.63,131.25,1001.3,41.5
2026-09-24,WP252026,34,2026-09-25 00:00:00,1 days 00:00:00,24,20.25,130.25,1000.3,43.2
2026-09-24,WP252026,34,2026-09-25 06:00:00,1 days 06:00:00,30,20.88,129.5,997.0,48.3
2026-09-24,WP252026,34,2026-09-25 12:00:00,1 days 12:00:00,36,21.5,128.75,993.6,53.5
2026-09-24,WP252026,34,2026-09-25 18:00:00,1 days 18:00:00,42,22.13,128.13,990.4,58.0
2026-09-24,WP252026,34,2026-09-26 00:00:00,2 days 00:00:00,48,22.75,127.5,987.2,62.6
2026-09-24,WP252026,34,2026-09-26 06:00:00,2 days 06:00:00,54,23.38,127.5,985.5,64.9
2026-09-24,WP252026,34,2026-09-26 12:00:00,2 days 12:00:00,60,24.0,127.5,983.9,67.2
2026-09-24,WP252026,34,2026-09-26 18:00:00,2 days 18:00:00,66,24.63,127.87,979.9,72.3
2026-09-24,WP252026,34,2026-09-27 00:00:00,3 days 00:00:00,72,25.25,128.25,975.9,77.4
2026-09-24,WP252026,34,2026-09-27 06:00:00,3 days 06:00:00,78,25.75,129.12,973.3,80.5
2026-09-24,WP252026,34,2026-09-27 12:00:00,3 days 12:00:00,84,26.25,130.0,970.8,83.7
2026-09-24,WP252026,34,2026-09-27 18:00:00,3 days 18:00:00,90,26.88,130.5,975.3,78.1
2026-09-24,WP252026,34,2026-09-28 00:00:00,4 days 00:00:00,96,27.5,131.0,979.7,72.5
2026-09-24,WP252026,34,2026-09-28 06:00:00,4 days 06:00:00,102,28.25,132.12,982.3,69.1
2026-09-24,WP252026,34,2026-09-28 12:00:00,4 days 12:00:00,108,29.0,133.25,984.9,65.7
2026-09-24,WP252026,34,2026-09-28 18:00:00,4 days 18:00:00,114,29.63,134.74,988.8,60.4
2026-09-24,WP252026,34,2026-09-29 00:00:00,5 days 00:00:00,120,30.25,136.25,992.6,55.0
2026-09-24,WP252026,34,2026-09-29 06:00:00,5 days 06:00:00,126,30.89,137.99,995.1,51.2
2026-09-24,WP252026,34,2026-09-29 12:00:00,5 days 12:00:00,132,31.5,139.75,997.7,47.4
2026-09-24,WP252026,34,2026-09-29 18:00:00,5 days 18:00:00,138,32.27,141.73,998.1,46.7
2026-09-24,WP252026,34,2026-09-30 00:00:00,6 days 00:00:00,144,33.0,143.75,998.5,46.0
2026-09-24,WP252026,34,2026-09-30 06:00:00,6 days 06:00:00,150,33.26,145.0,1001.6,40.8
2026-09-24,WP252026,34,2026-09-30 12:00:00,6 days 12:00:00,156,33.5,146.25,1004.7,35.6
2026-09-24,EP152026,35,2026-09-24 00:00:00,0 days 00:00:00,0,14.5,-155.5,1000.6,42.7
2026-09-24,EP152026,35,2026-09-24 06:00:00,0 days 06:00:00,6,14.5,-155.75,998.3,46.3
2026-09-24,EP152026,35,2026-09-24 12:00:00,0 days 12:00:00,12,14.5,-156.0,996.0,50.0
2026-09-24,EP152026,35,2026-09-24 18:00:00,0 days 18:00:00,18,14.75,-156.0,993.3,53.8
2026-09-24,EP152026,35,2026-09-25 00:00:00,1 days 00:00:00,24,15.0,-156.0,990.7,57.7
2026-09-24,EP152026,35,2026-09-25 06:00:00,1 days 06:00:00,30,15.63,-155.63,988.9,60.3
2026-09-24,EP152026,35,2026-09-25 12:00:00,1 days 12:00:00,36,16.25,-155.25,987.0,62.9
2026-09-24,EP152026,35,2026-09-25 18:00:00,1 days 18:00:00,42,16.75,-155.25,985.8,64.6
2026-09-24,EP152026,35,2026-09-26 00:00:00,2 days 00:00:00,48,17.25,-155.25,984.6,66.2
2026-09-24,EP152026,35,2026-09-26 06:00:00,2 days 06:00:00,54,18.12,-155.25,986.3,63.8
2026-09-24,EP152026,35,2026-09-26 12:00:00,2 days 12:00:00,60,19.0,-155.25,988.1,61.4
2026-09-24,EP152026,35,2026-09-26 18:00:00,2 days 18:00:00,66,19.25,-156.0,988.7,60.6
2026-09-24,EP152026,35,2026-09-27 00:00:00,3 days 00:00:00,72,19.5,-156.75,989.2,59.8
2026-09-24,EP152026,35,2026-09-27 06:00:00,3 days 06:00:00,78,19.5,-157.62,992.6,54.9
2026-09-24,EP152026,35,2026-09-27 12:00:00,3 days 12:00:00,84,19.5,-158.5,996.0,50.0
2026-09-24,EP152026,35,2026-09-27 18:00:00,3 days 18:00:00,90,19.63,-159.5,996.5,49.1
2026-09-24,EP152026,35,2026-09-28 00:00:00,4 days 00:00:00,96,19.75,-160.5,997.1,48.3
2026-09-24,EP152026,35,2026-09-28 06:00:00,4 days 06:00:00,102,20.25,-161.5,995.7,50.4
2026-09-24,EP152026,35,2026-09-28 12:00:00,4 days 12:00:00,108,20.75,-162.5,994.2,52.6
2026-09-24,EP152026,35,2026-09-28 18:00:00,4 days 18:00:00,114,22.0,-163.49,994.2,52.6
2026-09-24,EP152026,35,2026-09-29 00:00:00,5 days 00:00:00,120,23.25,-164.5,994.2,52.6
2026-09-24,EP152026,35,2026-09-29 06:00:00,5 days 06:00:00,126,24.38,-165.37,995.0,51.5
2026-09-24,EP152026,35,2026-09-29 12:00:00,5 days 12:00:00,132,25.5,-166.25,995.7,50.4
2026-09-24,EP152026,35,2026-09-29 18:00:00,5 days 18:00:00,138,27.0,-166.62,992.5,55.1
2026-09-24,EP152026,35,2026-09-30 00:00:00,6 days 00:00:00,144,28.5,-167.0,989.2,59.8
2026-09-24,EP152026,35,2026-09-30 06:00:00,6 days 06:00:00,150,30.25,-167.12,987.5,62.2
2026-09-24,EP152026,35,2026-09-30 12:00:00,6 days 12:00:00,156,32.0,-167.25,985.8,64.6
2026-09-24,EP152026,35,2026-09-30 18:00:00,6 days 18:00:00,162,32.02,-169.38,984.2,66.7
2026-09-24,EP152026,35,2026-10-01 00:00:00,7 days 00:00:00,168,32.0,-171.5,982.7,68.7
2026-09-24,EP152026,35,2026-10-01 06:00:00,7 days 06:00:00,174,32.13,-171.0,983.0,68.3
2026-09-24,EP152026,35,2026-10-01 12:00:00,7 days 12:00:00,180,32.25,-170.5,983.3,67.9
2026-09-24,EP152026,35,2026-10-01 18:00:00,7 days 18:00:00,186,33.26,-169.14,984.6,66.2
2026-09-24,EP152026,35,2026-10-02 00:00:00,8 days 00:00:00,192,34.25,-167.75,985.9,64.5
2026-09-24,EP152026,35,2026-10-02 06:00:00,8 days 06:00:00,198,36.39,-165.93,983.2,68.0
2026-09-24,EP152026,35,2026-10-02 12:00:00,8 days 12:00:00,204,38.5,-164.0,980.5,71.6
2026-09-24,EP162026,35,2026-09-24 00:00:00,0 days 00:00:00,0,15.5,-126.75,971.6,82.7
2026-09-24,EP162026,35,2026-09-24 06:00:00,0 days 06:00:00,6,15.75,-126.13,976.3,76.8
2026-09-24,EP162026,35,2026-09-24 12:00:00,0 days 12:00:00,12,16.0,-125.5,980.9,71.0
2026-09-24,EP162026,35,2026-09-24 18:00:00,0 days 18:00:00,18,16.63,-125.0,981.8,69.9
2026-09-24,EP162026,35,2026-09-25 00:00:00,1 days 00:00:00,24,17.25,-124.5,982.6,68.9
2026-09-24,EP162026,35,2026-09-25 06:00:00,1 days 06:00:00,30,17.75,-124.13,982.9,68.4
2026-09-24,EP162026,35,2026-09-25 12:00:00,1 days 12:00:00,36,18.25,-123.75,983.3,67.9
2026-09-24,EP162026,35,2026-09-25 18:00:00,1 days 18:00:00,42,18.63,-123.5,984.1,66.9
2026-09-24,EP162026,35,2026-09-26 00:00:00,2 days 00:00:00,48,19.0,-123.25,984.8,65.8
2026-09-24,EP162026,35,2026-09-26 06:00:00,2 days 06:00:00,54,19.38,-123.25,986.6,63.5
2026-09-24,EP162026,35,2026-09-26 12:00:00,2 days 12:00:00,60,19.75,-123.25,988.3,61.2
2026-09-24,EP162026,35,2026-09-26 18:00:00,2 days 18:00:00,66,20.25,-123.0,989.4,59.6
2026-09-24,EP162026,35,2026-09-27 00:00:00,3 days 00:00:00,72,20.75,-122.75,990.5,58.0
2026-09-24,EP162026,35,2026-09-27 06:00:00,3 days 06:00:00,78,21.25,-122.38,994.2,52.5
2026-09-24,EP162026,35,2026-09-27 12:00:00,3 days 12:00:00,84,21.75,-122.0,997.9,47.0
2026-09-24,EP162026,35,2026-09-27 18:00:00,3 days 18:00:00,90,23.17,-118.16,987.0,62.1
2026-09-24,EP162026,35,2026-09-28 00:00:00,4 days 00:00:00,96,24.5,-114.25,976.1,77.2
2026-09-24,EP162026,35,2026-09-28 06:00:00,4 days 06:00:00,102,25.88,-113.76,978.7,73.8
2026-09-24,EP162026,35,2026-09-28 12:00:00,4 days 12:00:00,108,27.25,-113.25,981.4,70.4
2026-09-24,EP162026,35,2026-09-28 18:00:00,4 days 18:00:00,114,29.0,-112.51,990.1,57.9
2026-09-24,EP162026,35,2026-09-29 00:00:00,5 days 00:00:00,120,30.75,-111.75,998.9,45.4
2026-09-24,EP162026,35,2026-09-29 06:00:00,5 days 06:00:00,126,30.92,-109.76,998.8,45.6
2026-09-24,EP162026,35,2026-09-29 12:00:00,5 days 12:00:00,132,31.06,-107.76,998.7,45.7
2026-09-24,EP162026,35,2026-09-29 18:00:00,5 days 18:00:00,138,31.17,-105.76,998.7,45.8
2026-09-24,EP162026,35,2026-09-30 00:00:00,6 days 00:00:00,144,31.25,-103.75,998.6,45.9
2026-09-24,EP162026,35,2026-09-30 06:00:00,6 days 06:00:00,150,33.1,-102.06,998.0,46.8
2026-09-24,EP162026,35,2026-09-30 12:00:00,6 days 12:00:00,156,34.93,-100.29,997.4,47.8
2026-09-24,EP162026,35,2026-09-30 18:00:00,6 days 18:00:00,162,36.73,-98.43,996.8,48.7
2026-09-24,EP162026,35,2026-10-01 00:00:00,7 days 00:00:00,168,38.5,-96.5,996.2,49.7
2026-09-24,EP172026,35,2026-09-24 00:00:00,0 days 00:00:00,0,15.75,-102.25,970.5,84.0
2026-09-24,EP172026,35,2026-09-24 06:00:00,0 days 06:00:00,6,16.25,-103.12,974.6,78.9
2026-09-24,EP172026,35,2026-09-24 12:00:00,0 days 12:00:00,12,16.75,-104.0,978.7,73.9
2026-09-24,EP172026,35,2026-09-24 18:00:00,0 days 18:00:00,18,16.88,-105.0,980.2,72.0
2026-09-24,EP172026,35,2026-09-25 00:00:00,1 days 00:00:00,24,17.0,-106.0,981.7,70.1
2026-09-24,EP172026,35,2026-09-25 06:00:00,1 days 06:00:00,30,17.0,-107.0,977.1,75.8
2026-09-24,EP172026,35,2026-09-25 12:00:00,1 days 12:00:00,36,17.0,-108.0,972.6,81.5
2026-09-24,EP172026,35,2026-09-25 18:00:00,1 days 18:00:00,42,17.25,-108.87,969.5,85.2
2026-09-24,EP172026,35,2026-09-26 00:00:00,2 days 00:00:00,48,17.5,-109.75,966.5,88.8
2026-09-24,EP172026,35,2026-09-26 06:00:00,2 days 06:00:00,54,17.88,-110.25,966.9,88.3
2026-09-24,EP172026,35,2026-09-26 12:00:00,2 days 12:00:00,60,18.25,-110.75,967.4,87.7
2026-09-24,EP172026,35,2026-09-26 18:00:00,2 days 18:00:00,66,18.88,-111.5,968.0,86.9
2026-09-24,EP172026,35,2026-09-27 00:00:00,3 days 00:00:00,72,19.5,-112.25,968.7,86.1
2026-09-24,EP172026,35,2026-09-27 06:00:00,3 days 06:00:00,78,20.63,-112.99,968.6,86.3
2026-09-24,EP172026,35,2026-09-27 12:00:00,3 days 12:00:00,84,21.75,-113.75,968.5,86.4
2026-09-24,EP172026,35,2026-09-27 18:00:00,3 days 18:00:00,90,23.13,-114.0,972.3,81.8
2026-09-24,EP172026,35,2026-09-28 00:00:00,4 days 00:00:00,96,24.5,-114.25,976.1,77.2
2026-09-24,IO012026,35,2026-09-24 00:00:00,0 days 00:00:00,0,18.5,84.0,986.5,63.6
2026-09-24,IO012026,35,2026-09-24 06:00:00,0 days 06:00:00,6,18.5,84.0,989.1,59.9
2026-09-24,IO012026,35,2026-09-24 12:00:00,0 days 12:00:00,12,18.5,84.0,991.8,56.2
2026-09-24,IO012026,35,2026-09-24 18:00:00,0 days 18:00:00,18,19.38,83.5,992.1,55.7
2026-09-24,IO012026,35,2026-09-25 00:00:00,1 days 00:00:00,24,20.25,83.0,992.5,55.2
2026-09-24,IO012026,35,2026-09-25 06:00:00,1 days 06:00:00,30,21.0,82.5,993.9,53.1
2026-09-24,IO012026,35,2026-09-25 12:00:00,1 days 12:00:00,36,21.75,82.0,995.3,51.1
2026-09-24,IO012026,35,2026-09-25 18:00:00,1 days 18:00:00,42,23.5,81.88,996.5,49.1
2026-09-24,IO012026,35,2026-09-26 00:00:00,2 days 00:00:00,48,25.25,81.75,997.8,47.1
2026-09-24,IO012026,35,2026-09-26 06:00:00,2 days 06:00:00,54,26.25,81.25,997.6,47.5
2026-09-24,IO012026,35,2026-09-26 12:00:00,2 days 12:00:00,60,27.25,80.75,997.4,47.8
2026-09-24,IO012026,35,2026-09-26 18:00:00,2 days 18:00:00,66,27.75,80.38,999.5,44.3
2026-09-24,IO012026,35,2026-09-27 00:00:00,3 days 00:00:00,72,28.25,80.0,1001.7,40.8
2026-09-24,WP252026,35,2026-09-24 00:00:00,0 days 00:00:00,0,18.0,134.5,1003.5,37.8
2026-09-24,WP252026,35,2026-09-24 06:00:00,0 days 06:00:00,6,18.5,133.25,1002.7,39.1
2026-09-24,WP252026,35,2026-09-24 12:00:00,0 days 12:00:00,12,19.0,132.0,1002.0,40.4
2026-09-24,WP252026,35,2026-09-24 18:00:00,0 days 18:00:00,18,19.5,130.88,1001.3,41.4
2026-09-24,WP252026,35,2026-09-25 00:00:00,1 days 00:00:00,24,20.0,129.75,1000.7,42.5
2026-09-24,WP252026,35,2026-09-25 06:00:00,1 days 06:00:00,30,20.63,128.75,998.5,45.9
2026-09-24,WP252026,35,2026-09-25 12:00:00,1 days 12:00:00,36,21.25,127.75,996.4,49.3
2026-09-24,WP252026,35,2026-09-25 18:00:00,1 days 18:00:00,42,21.63,127.13,994.1,52.7
2026-09-24,WP252026,35,2026-09-26 00:00:00,2 days 00:00:00,48,22.0,126.5,991.8,56.1
2026-09-24,WP252026,35,2026-09-26 06:00:00,2 days 06:00:00,54,22.63,126.38,990.9,57.5
2026-09-24,WP252026,35,2026-09-26 12:00:00,2 days 12:00:00,60,23.25,126.25,990.0,58.8
2026-09-24,WP252026,35,2026-09-26 18:00:00,2 days 18:00:00,66,24.0,126.62,989.4,59.6
2026-09-24,WP252026,35,2026-09-27 00:00:00,3 days 00:00:00,72,24.75,127.0,988.9,60.3
2026-09-24,WP252026,35,2026-09-27 06:00:00,3 days 06:00:00,78,25.25,127.5,985.3,65.2
2026-09-24,WP252026,35,2026-09-27 12:00:00,3 days 12:00:00,84,25.75,128.0,981.7,70.0
2026-09-24,WP252026,35,2026-09-27 18:00:00,3 days 18:00:00,90,26.5,129.12,986.1,64.0
2026-09-24,WP252026,35,2026-09-28 00:00:00,4 days 00:00:00,96,27.25,130.25,990.5,58.1
2026-09-24,WP252026,35,2026-09-28 06:00:00,4 days 06:00:00,102,27.88,131.62,991.1,57.1
2026-09-24,WP252026,35,2026-09-28 12:00:00,4 days 12:00:00,108,28.5,133.0,991.8,56.2
2026-09-24,WP252026,35,2026-09-28 18:00:00,4 days 18:00:00,114,28.76,134.37,992.8,54.7
2026-09-24,WP252026,35,2026-09-29 00:00:00,5 days 00:00:00,120,29.0,135.75,993.9,53.1
2026-09-24,WP252026,35,2026-09-29 06:00:00,5 days 06:00:00,126,29.38,137.12,997.1,48.2
2026-09-24,WP252026,35,2026-09-29 12:00:00,5 days 12:00:00,132,29.75,138.5,1000.2,43.3
2026-09-24,EP152026,36,2026-09-24 00:00:00,0 days 00:00:00,0,14.5,-155.5,1000.6,42.7
2026-09-24,EP152026,36,2026-09-24 06:00:00,0 days 06:00:00,6,14.5,-156.0,999.4,44.6
2026-09-24,EP152026,36,2026-09-24 12:00:00,0 days 12:00:00,12,14.5,-156.5,998.2,46.6
2026-09-24,EP152026,36,2026-09-24 18:00:00,0 days 18:00:00,18,14.88,-156.13,995.8,50.2
2026-09-24,EP152026,36,2026-09-25 00:00:00,1 days 00:00:00,24,15.25,-155.75,993.4,53.8
2026-09-24,EP152026,36,2026-09-25 06:00:00,1 days 06:00:00,30,15.63,-155.87,992.5,55.1
2026-09-24,EP152026,36,2026-09-25 12:00:00,1 days 12:00:00,36,16.0,-156.0,991.6,56.5
2026-09-24,EP152026,36,2026-09-25 18:00:00,1 days 18:00:00,42,16.38,-155.63,988.8,60.4
2026-09-24,EP152026,36,2026-09-26 00:00:00,2 days 00:00:00,48,16.75,-155.25,986.0,64.2
2026-09-24,EP152026,36,2026-09-26 06:00:00,2 days 06:00:00,54,17.25,-155.25,984.3,66.6
2026-09-24,EP152026,36,2026-09-26 12:00:00,2 days 12:00:00,60,17.75,-155.25,982.5,68.9
2026-09-24,EP152026,36,2026-09-26 18:00:00,2 days 18:00:00,66,18.0,-155.37,982.0,69.7
2026-09-24,EP152026,36,2026-09-27 00:00:00,3 days 00:00:00,72,18.25,-155.5,981.4,70.4
2026-09-24,EP152026,36,2026-09-27 06:00:00,3 days 06:00:00,78,18.25,-156.25,986.6,63.2
2026-09-24,EP152026,36,2026-09-27 12:00:00,3 days 12:00:00,84,18.25,-157.0,991.9,56.0
2026-09-24,EP152026,36,2026-09-27 18:00:00,3 days 18:00:00,90,18.38,-158.0,992.5,55.1
2026-09-24,EP152026,36,2026-09-28 00:00:00,4 days 00:00:00,96,18.5,-159.0,993.1,54.2
2026-09-24,EP152026,36,2026-09-28 06:00:00,4 days 06:00:00,102,18.88,-159.62,991.5,56.5
2026-09-24,EP152026,36,2026-09-28 12:00:00,4 days 12:00:00,108,19.25,-160.25,989.9,58.8
2026-09-24,EP152026,36,2026-09-28 18:00:00,4 days 18:00:00,114,20.13,-161.24,990.2,58.5
2026-09-24,EP152026,36,2026-09-29 00:00:00,5 days 00:00:00,120,21.0,-162.25,990.4,58.1
2026-09-24,EP152026,36,2026-09-29 06:00:00,5 days 06:00:00,126,21.88,-162.87,994.1,52.6
2026-09-24,EP152026,36,2026-09-29 12:00:00,5 days 12:00:00,132,22.75,-163.5,997.8,47.1
2026-09-24,EP152026,36,2026-09-29 18:00:00,5 days 18:00:00,138,23.75,-163.62,999.1,45.1
2026-09-24,EP152026,36,2026-09-30 00:00:00,6 days 00:00:00,144,24.75,-163.75,1000.4,43.0
2026-09-24,EP152026,36,2026-09-30 06:00:00,6 days 06:00:00,150,25.63,-164.0,1000.6,42.6
2026-09-24,EP152026,36,2026-09-30 12:00:00,6 days 12:00:00,156,26.5,-164.25,1000.9,42.2
2026-09-24,EP152026,36,2026-09-30 18:00:00,6 days 18:00:00,162,26.76,-165.62,1001.1,41.8
2026-09-24,EP152026,36,2026-10-01 00:00:00,7 days 00:00:00,168,27.0,-167.0,1001.4,41.4
2026-09-24,EP152026,36,2026-10-01 06:00:00,7 days 06:00:00,174,27.26,-168.37,1000.3,43.1
2026-09-24,EP152026,36,2026-10-01 12:00:00,7 days 12:00:00,180,27.5,-169.75,999.2,44.9
2026-09-24,EP152026,36,2026-10-01 18:00:00,7 days 18:00:00,186,27.63,-170.62,998.6,45.9
2026-09-24,EP152026,36,2026-10-02 00:00:00,8 days 00:00:00,192,27.75,-171.5,997.9,47.0
2026-09-24,EP152026,36,2026-10-02 06:00:00,8 days 06:00:00,198,27.39,-173.26,1002.2,39.6
2026-09-24,EP152026,36,2026-10-02 12:00:00,8 days 12:00:00,204,27.0,-175.0,1006.6,32.2
2026-09-24,EP162026,36,2026-09-24 00:00:00,0 days 00:00:00,0,15.5,-126.75,971.6,82.7
2026-09-24,EP162026,36,2026-09-24 06:00:00,0 days 06:00:00,6,15.88,-126.25,975.2,78.3
2026-09-24,EP162026,36,2026-09-24 12:00:00,0 days 12:00:00,12,16.25,-125.75,978.7,73.9
2026-09-24,EP162026,36,2026-09-24 18:00:00,0 days 18:00:00,18,16.63,-125.13,981.7,70.0
2026-09-24,EP162026,36,2026-09-25 00:00:00,1 days 00:00:00,24,17.0,-124.5,984.6,66.1
2026-09-24,EP162026,36,2026-09-25 06:00:00,1 days 06:00:00,30,17.63,-124.25,983.1,68.2
2026-09-24,EP162026,36,2026-09-25 12:00:00,1 days 12:00:00,36,18.25,-124.0,981.5,70.3
2026-09-24,EP162026,36,2026-09-25 18:00:00,1 days 18:00:00,42,18.38,-124.12,982.4,69.1
2026-09-24,EP162026,36,2026-09-26 00:00:00,2 days 00:00:00,48,18.5,-124.25,983.2,68.0
2026-09-24,EP162026,36,2026-09-26 06:00:00,2 days 06:00:00,54,18.75,-124.13,985.1,65.5
2026-09-24,EP162026,36,2026-09-26 12:00:00,2 days 12:00:00,60,19.0,-124.0,987.0,62.9
2026-09-24,EP162026,36,2026-09-26 18:00:00,2 days 18:00:00,66,19.5,-124.0,989.5,59.3
2026-09-24,EP162026,36,2026-09-27 00:00:00,3 days 00:00:00,72,20.0,-124.0,992.1,55.8
2026-09-24,EP162026,36,2026-09-27 06:00:00,3 days 06:00:00,78,20.96,-118.78,980.3,71.0
2026-09-24,EP162026,36,2026-09-27 12:00:00,3 days 12:00:00,84,21.75,-113.5,968.6,86.3
2026-09-24,EP162026,36,2026-09-27 18:00:00,3 days 18:00:00,90,22.88,-113.75,967.4,87.7
2026-09-24,EP162026,36,2026-09-28 00:00:00,4 days 00:00:00,96,24.0,-114.0,966.2,89.1
2026-09-24,EP162026,36,2026-09-28 06:00:00,4 days 06:00:00,102,25.13,-113.75,969.7,84.9
2026-09-24,EP162026,36,2026-09-28 12:00:00,4 days 12:00:00,108,26.25,-113.5,973.3,80.6
2026-09-24,EP162026,36,2026-09-28 18:00:00,4 days 18:00:00,114,27.63,-112.51,981.7,69.6
2026-09-24,EP162026,36,2026-09-29 00:00:00,5 days 00:00:00,120,29.0,-111.5,990.2,58.5
2026-09-24,EP162026,36,2026-09-29 06:00:00,5 days 06:00:00,126,31.4,-109.19,996.0,49.6
2026-09-24,EP162026,36,2026-09-29 12:00:00,5 days 12:00:00,132,33.75,-106.75,1001.7,40.8
2026-09-24,EP172026,36,2026-09-24 00:00:00,0 days 00:00:00,0,15.75,-102.25,970.5,84.0
2026-09-24,EP172026,36,2026-09-24 06:00:00,0 days 06:00:00,6,16.13,-103.0,976.4,76.6
2026-09-24,EP172026,36,2026-09-24 12:00:00,0 days 12:00:00,12,16.5,-103.75,982.3,69.2
2026-09-24,EP172026,36,2026-09-24 18:00:00,0 days 18:00:00,18,16.63,-104.87,980.9,71.0
2026-09-24,EP172026,36,2026-09-25 00:00:00,1 days 00:00:00,24,16.75,-106.0,979.6,72.8
2026-09-24,EP172026,36,2026-09-25 06:00:00,1 days 06:00:00,30,16.88,-107.0,974.2,79.4
2026-09-24,EP172026,36,2026-09-25 12:00:00,1 days 12:00:00,36,17.0,-108.0,968.8,86.1
2026-09-24,EP172026,36,2026-09-25 18:00:00,1 days 18:00:00,42,17.25,-108.87,966.4,88.9
2026-09-24,EP172026,36,2026-09-26 00:00:00,2 days 00:00:00,48,17.5,-109.75,964.0,91.7
2026-09-24,EP172026,36,2026-09-26 06:00:00,2 days 06:00:00,54,17.88,-110.75,965.9,89.4
2026-09-24,EP172026,36,2026-09-26 12:00:00,2 days 12:00:00,60,18.25,-111.75,967.9,87.1
2026-09-24,EP172026,36,2026-09-26 18:00:00,2 days 18:00:00,66,19.0,-112.37,968.4,86.5
2026-09-24,EP172026,36,2026-09-27 00:00:00,3 days 00:00:00,72,19.75,-113.0,969.0,85.8
2026-09-24,EP172026,36,2026-09-27 06:00:00,3 days 06:00:00,78,20.75,-113.25,968.8,86.0
2026-09-24,EP172026,36,2026-09-27 12:00:00,3 days 12:00:00,84,21.75,-113.5,968.6,86.3
2026-09-24,IO012026,36,2026-09-24 00:00:00,0 days 00:00:00,0,18.5,84.0,986.5,63.6
2026-09-24,IO012026,36,2026-09-24 06:00:00,0 days 06:00:00,6,19.25,83.25,989.0,60.1
2026-09-24,IO012026,36,2026-09-24 12:00:00,0 days 12:00:00,12,20.0,82.5,991.6,56.5
2026-09-24,IO012026,36,2026-09-24 18:00:00,0 days 18:00:00,18,20.0,82.5,991.7,56.3
2026-09-24,IO012026,36,2026-09-25 00:00:00,1 days 00:00:00,24,20.0,82.5,991.9,56.1
2026-09-24,IO012026,36,2026-09-25 06:00:00,1 days 06:00:00,30,21.0,82.25,993.8,53.3
2026-09-24,IO012026,36,2026-09-25 12:00:00,1 days 12:00:00,36,22.0,82.0,995.6,50.5
2026-09-24,IO012026,36,2026-09-25 18:00:00,1 days 18:00:00,42,23.5,81.26,995.8,50.2
2026-09-24,IO012026,36,2026-09-26 00:00:00,2 days 00:00:00,48,25.0,80.5,996.1,49.8
2026-09-24,IO012026,36,2026-09-26 06:00:00,2 days 06:00:00,54,25.63,80.75,996.7,48.8
2026-09-24,IO012026,36,2026-09-26 12:00:00,2 days 12:00:00,60,26.25,81.0,997.4,47.8
2026-09-24,IO012026,36,2026-09-26 18:00:00,2 days 18:00:00,66,27.13,80.5,999.3,44.7
2026-09-24,IO012026,36,2026-09-27 00:00:00,3 days 00:00:00,72,28.0,80.0,1001.2,41.6
2026-09-24,WP252026,36,2026-09-24 00:00:00,0 days 00:00:00,0,18.0,134.5,1003.5,37.8
2026-09-24,WP252026,36,2026-09-24 06:00:00,0 days 06:00:00,6,18.5,133.13,1002.3,39.8
2026-09-24,WP252026,36,2026-09-24 12:00:00,0 days 12:00:00,12,19.0,131.75,1001.0,41.9
2026-09-24,WP252026,36,2026-09-24 18:00:00,0 days 18:00:00,18,19.25,130.88,1000.1,43.4
2026-09-24,WP252026,36,2026-09-25 00:00:00,1 days 00:00:00,24,19.5,130.0,999.2,44.9
2026-09-24,WP252026,36,2026-09-25 06:00:00,1 days 06:00:00,30,20.25,129.13,1000.2,43.3
2026-09-24,WP252026,36,2026-09-25 12:00:00,1 days 12:00:00,36,21.0,128.25,1001.2,41.7
2026-09-24,WP252026,36,2026-09-25 18:00:00,1 days 18:00:00,42,21.38,127.25,1000.8,42.3
2026-09-24,WP252026,36,2026-09-26 00:00:00,2 days 00:00:00,48,21.75,126.25,1000.5,42.8
2026-09-24,WP252026,36,2026-09-26 06:00:00,2 days 06:00:00,54,22.13,125.88,996.4,49.2
2026-09-24,WP252026,36,2026-09-26 12:00:00,2 days 12:00:00,60,22.5,125.5,992.3,55.5
2026-09-24,WP252026,36,2026-09-26 18:00:00,2 days 18:00:00,66,22.88,125.5,991.0,57.3
2026-09-24,WP252026,36,2026-09-27 00:00:00,3 days 00:00:00,72,23.25,125.5,989.7,59.1
2026-09-24,WP252026,36,2026-09-27 06:00:00,3 days 06:00:00,78,23.63,125.62,987.7,62.0
2026-09-24,WP252026,36,2026-09-27 12:00:00,3 days 12:00:00,84,24.0,125.75,985.6,64.8
2026-09-24,WP252026,36,2026-09-27 18:00:00,3 days 18:00:00,90,24.5,125.75,986.5,63.6
2026-09-24,WP252026,36,2026-09-28 00:00:00,4 days 00:00:00,96,25.0,125.75,987.4,62.4
2026-09-24,WP252026,36,2026-09-28 06:00:00,4 days 06:00:00,102,25.38,126.5,990.1,58.6
2026-09-24,WP252026,36,2026-09-28 12:00:00,4 days 12:00:00,108,25.75,127.25,992.8,54.8
2026-09-24,WP252026,36,2026-09-28 18:00:00,4 days 18:00:00,114,26.13,127.62,993.6,53.5
2026-09-24,WP252026,36,2026-09-29 00:00:00,5 days 00:00:00,120,26.5,128.0,994.5,52.2
2026-09-24,WP252026,36,2026-09-29 06:00:00,5 days 06:00:00,126,26.75,128.62,995.3,50.9
2026-09-24,WP252026,36,2026-09-29 12:00:00,5 days 12:00:00,132,27.0,129.25,996.1,49.7
2026-09-24,WP252026,36,2026-09-29 18:00:00,5 days 18:00:00,138,27.63,129.87,996.1,49.8
2026-09-24,WP252026,36,2026-09-30 00:00:00,6 days 00:00:00,144,28.25,130.5,996.1,49.8
2026-09-24,WP252026,36,2026-09-30 06:00:00,6 days 06:00:00,150,28.88,131.62,996.9,48.6
2026-09-24,WP252026,36,2026-09-30 12:00:00,6 days 12:00:00,156,29.5,132.75,997.7,47.4
2026-09-24,WP252026,36,2026-09-30 18:00:00,6 days 18:00:00,162,30.88,134.23,999.8,43.9
2026-09-24,WP252026,36,2026-10-01 00:00:00,7 days 00:00:00,168,32.25,135.75,1001.9,40.5
2026-09-24,AL902026,37,2026-09-24 00:00:00,0 days 00:00:00,0,12.75,-18.0,1008.8,27.9
2026-09-24,AL902026,37,2026-09-24 06:00:00,0 days 06:00:00,6,13.25,-19.0,1008.9,27.7
2026-09-24,AL902026,37,2026-09-24 12:00:00,0 days 12:00:00,12,13.75,-20.0,1009.0,27.5
2026-09-24,AL902026,37,2026-09-24 18:00:00,0 days 18:00:00,18,13.63,-21.25,1008.3,28.9
2026-09-24,AL902026,37,2026-09-25 00:00:00,1 days 00:00:00,24,13.5,-22.5,1007.5,30.4
2026-09-24,AL902026,37,2026-09-25 06:00:00,1 days 06:00:00,30,14.0,-22.75,1007.2,31.0
2026-09-24,AL902026,37,2026-09-25 12:00:00,1 days 12:00:00,36,14.5,-23.0,1006.9,31.6
2026-09-24,AL902026,37,2026-09-25 18:00:00,1 days 18:00:00,42,14.56,-23.31,1007.4,30.6
2026-09-24,AL902026,37,2026-09-26 00:00:00,2 days 00:00:00,48,14.63,-23.62,1007.9,29.6
2026-09-24,AL902026,37,2026-09-26 06:00:00,2 days 06:00:00,54,14.69,-23.94,1008.4,28.6
2026-09-24,AL902026,37,2026-09-26 12:00:00,2 days 12:00:00,60,14.75,-24.25,1008.9,27.6
2026-09-24,EP152026,37,2026-09-24 00:00:00,0 days 00:00:00,0,14.5,-155.5,1000.6,42.7
2026-09-24,EP152026,37,2026-09-24 06:00:00,0 days 06:00:00,6,14.63,-155.75,997.7,47.2
2026-09-24,EP152026,37,2026-09-24 12:00:00,0 days 12:00:00,12,14.75,-156.0,994.8,51.8
2026-09-24,EP152026,37,2026-09-24 18:00:00,0 days 18:00:00,18,15.0,-155.88,993.8,53.3
2026-09-24,EP152026,37,2026-09-25 00:00:00,1 days 00:00:00,24,15.25,-155.75,992.7,54.8
2026-09-24,EP152026,37,2026-09-25 06:00:00,1 days 06:00:00,30,15.75,-155.63,989.5,59.4
2026-09-24,EP152026,37,2026-09-25 12:00:00,1 days 12:00:00,36,16.25,-155.5,986.2,64.0
2026-09-24,EP152026,37,2026-09-25 18:00:00,1 days 18:00:00,42,17.13,-155.38,985.6,64.8
2026-09-24,EP152026,37,2026-09-26 00:00:00,2 days 00:00:00,48,18.0,-155.25,985.0,65.7
2026-09-24,EP152026,37,2026-09-26 06:00:00,2 days 06:00:00,54,18.5,-155.25,988.8,60.3
2026-09-24,EP152026,37,2026-09-26 12:00:00,2 days 12:00:00,60,19.0,-155.25,992.6,55.0
2026-09-24,EP152026,37,2026-09-26 18:00:00,2 days 18:00:00,66,19.63,-155.75,992.7,54.9
2026-09-24,EP152026,37,2026-09-27 00:00:00,3 days 00:00:00,72,20.25,-156.25,992.8,54.7
2026-09-24,EP152026,37,2026-09-27 06:00:00,3 days 06:00:00,78,20.0,-157.13,994.5,52.2
2026-09-24,EP152026,37,2026-09-27 12:00:00,3 days 12:00:00,84,19.75,-158.0,996.2,49.7
2026-09-24,EP152026,37,2026-09-27 18:00:00,3 days 18:00:00,90,20.0,-158.75,996.6,49.0
2026-09-24,EP152026,37,2026-09-28 00:00:00,4 days 00:00:00,96,20.25,-159.5,997.1,48.3
2026-09-24,EP152026,37,2026-09-28 06:00:00,4 days 06:00:00,102,20.63,-160.62,998.8,45.5
2026-09-24,EP152026,37,2026-09-28 12:00:00,4 days 12:00:00,108,21.0,-161.75,1000.6,42.6
2026-09-24,EP162026,37,2026-09-24 00:00:00,0 days 00:00:00,0,15.5,-126.75,971.6,82.7
2026-09-24,EP162026,37,2026-09-24 06:00:00,0 days 06:00:00,6,15.88,-126.13,975.8,77.5
2026-09-24,EP162026,37,2026-09-24 12:00:00,0 days 12:00:00,12,16.25,-125.5,979.9,72.3
2026-09-24,EP162026,37,2026-09-24 18:00:00,0 days 18:00:00,18,16.75,-124.88,982.7,68.6
2026-09-24,EP162026,37,2026-09-25 00:00:00,1 days 00:00:00,24,17.25,-124.25,985.5,65.0
2026-09-24,EP162026,37,2026-09-25 06:00:00,1 days 06:00:00,30,17.63,-124.0,981.7,69.9
2026-09-24,EP162026,37,2026-09-25 12:00:00,1 days 12:00:00,36,18.0,-123.75,978.0,74.8
2026-09-24,EP162026,37,2026-09-25 18:00:00,1 days 18:00:00,42,18.38,-123.5,980.8,71.1
2026-09-24,EP162026,37,2026-09-26 00:00:00,2 days 00:00:00,48,18.75,-123.25,983.7,67.3
2026-09-24,EP162026,37,2026-09-26 06:00:00,2 days 06:00:00,54,19.25,-123.25,983.6,67.5
2026-09-24,EP162026,37,2026-09-26 12:00:00,2 days 12:00:00,60,19.75,-123.25,983.4,67.7
2026-09-24,EP162026,37,2026-09-26 18:00:00,2 days 18:00:00,66,20.13,-123.13,987.4,62.2
2026-09-24,EP162026,37,2026-09-27 00:00:00,3 days 00:00:00,72,20.5,-123.0,991.5,56.7
2026-09-24,EP162026,37,2026-09-27 06:00:00,3 days 06:00:00,78,21.13,-122.5,994.3,52.4
2026-09-24,EP162026,37,2026-09-27 12:00:00,3 days 12:00:00,84,21.75,-122.0,997.2,48.0
2026-09-24,EP162026,37,2026-09-27 18:00:00,3 days 18:00:00,90,22.92,-118.16,986.0,63.4
2026-09-24,EP162026,37,2026-09-28 00:00:00,4 days 00:00:00,96,24.0,-114.25,974.7,78.8
2026-09-24,EP162026,37,2026-09-28 06:00:00,4 days 06:00:00,102,25.25,-113.88,977.3,75.6
2026-09-24,EP162026,37,2026-09-28 12:00:00,4 days 12:00:00,108,26.5,-113.5,980.0,72.3
2026-09-24,EP162026,37,2026-09-28 18:00:00,4 days 18:00:00,114,28.38,-112.89,986.0,64.0
2026-09-24,EP162026,37,2026-09-29 00:00:00,5 days 00:00:00,120,30.25,-112.25,992.1,55.8
2026-09-24,EP172026,37,2026-09-24 00:00:00,0 days 00:00:00,0,15.75,-102.25,970.5,84.0
2026-09-24,EP172026,37,2026-09-24 06:00:00,0 days 06:00:00,6,16.13,-103.25,977.1,75.7
2026-09-24,EP172026,37,2026-09-24 12:00:00,0 days 12:00:00,12,16.5,-104.25,983.6,67.5
2026-09-24,EP172026,37,2026-09-24 18:00:00,0 days 18:00:00,18,16.75,-105.12,979.8,72.4
2026-09-24,EP172026,37,2026-09-25 00:00:00,1 days 00:00:00,24,17.0,-106.0,975.9,77.4
2026-09-24,EP172026,37,2026-09-25 06:00:00,1 days 06:00:00,30,17.0,-107.0,977.4,75.6
2026-09-24,EP172026,37,2026-09-25 12:00:00,1 days 12:00:00,36,17.0,-108.0,978.8,73.8
2026-09-24,EP172026,37,2026-09-25 18:00:00,1 days 18:00:00,42,17.13,-108.87,974.3,79.3
2026-09-24,EP172026,37,2026-09-26 00:00:00,2 days 00:00:00,48,17.25,-109.75,969.7,84.9
2026-09-24,EP172026,37,2026-09-26 06:00:00,2 days 06:00:00,54,17.63,-110.62,969.2,85.5
2026-09-24,EP172026,37,2026-09-26 12:00:00,2 days 12:00:00,60,18.0,-111.5,968.8,86.1
2026-09-24,EP172026,37,2026-09-26 18:00:00,2 days 18:00:00,66,18.63,-112.12,969.5,85.2
2026-09-24,EP172026,37,2026-09-27 00:00:00,3 days 00:00:00,72,19.25,-112.75,970.2,84.3
2026-09-24,EP172026,37,2026-09-27 06:00:00,3 days 06:00:00,78,20.38,-113.0,971.7,82.5
2026-09-24,EP172026,37,2026-09-27 12:00:00,3 days 12:00:00,84,21.5,-113.25,973.2,80.7
2026-09-24,EP172026,37,2026-09-27 18:00:00,3 days 18:00:00,90,22.75,-113.75,974.0,79.8
2026-09-24,EP172026,37,2026-09-28 00:00:00,4 days 00:00:00,96,24.0,-114.25,974.7,78.8
2026-09-24,IO012026,37,2026-09-24 00:00:00,0 days 00:00:00,0,18.5,84.0,986.5,63.6
2026-09-24,IO012026,37,2026-09-24 06:00:00,0 days 06:00:00,6,18.5,84.0,989.0,60.1
2026-09-24,IO012026,37,2026-09-24 12:00:00,0 days 12:00:00,12,18.5,84.0,991.5,56.6
2026-09-24,IO012026,37,2026-09-24 18:00:00,0 days 18:00:00,18,19.38,83.38,992.5,55.1
2026-09-24,IO012026,37,2026-09-25 00:00:00,1 days 00:00:00,24,20.25,82.75,993.5,53.7
2026-09-24,IO012026,37,2026-09-25 06:00:00,1 days 06:00:00,30,20.75,82.38,994.5,52.2
2026-09-24,IO012026,37,2026-09-25 12:00:00,1 days 12:00:00,36,21.25,82.0,995.4,50.8
2026-09-24,IO012026,37,2026-09-25 18:00:00,1 days 18:00:00,42,21.75,82.0,996.0,49.9
2026-09-24,IO012026,37,2026-09-26 00:00:00,2 days 00:00:00,48,22.25,82.0,996.5,49.1
2026-09-24,IO012026,37,2026-09-26 06:00:00,2 days 06:00:00,54,24.13,81.38,997.6,47.4
2026-09-24,IO012026,37,2026-09-26 12:00:00,2 days 12:00:00,60,26.0,80.75,998.7,45.7
2026-09-24,IO012026,37,2026-09-26 18:00:00,2 days 18:00:00,66,27.0,80.25,1000.2,43.3
2026-09-24,IO012026,37,2026-09-27 00:00:00,3 days 00:00:00,72,28.0,79.75,1001.7,40.9
2026-09-24,WP252026,37,2026-09-24 00:00:00,0 days 00:00:00,0,18.0,134.5,1003.5,37.8
2026-09-24,WP252026,37,2026-09-24 06:00:00,0 days 06:00:00,6,18.5,133.13,1002.8,38.9
2026-09-24,WP252026,37,2026-09-24 12:00:00,0 days 12:00:00,12,19.0,131.75,1002.2,40.0
2026-09-24,WP252026,37,2026-09-24 18:00:00,0 days 18:00:00,18,19.5,130.63,999.8,43.8
2026-09-24,WP252026,37,2026-09-25 00:00:00,1 days 00:00:00,24,20.0,129.5,997.5,47.6
2026-09-24,WP252026,37,2026-09-25 06:00:00,1 days 06:00:00,30,20.5,128.63,996.6,49.1
2026-09-24,WP252026,37,2026-09-25 12:00:00,1 days 12:00:00,36,21.0,127.75,995.6,50.5
2026-09-24,WP252026,37,2026-09-25 18:00:00,1 days 18:00:00,42,21.63,127.13,993.9,53.0
2026-09-24,WP252026,37,2026-09-26 00:00:00,2 days 00:00:00,48,22.25,126.5,992.2,55.5
2026-09-24,WP252026,37,2026-09-26 06:00:00,2 days 06:00:00,54,22.88,126.38,989.6,59.3
2026-09-24,WP252026,37,2026-09-26 12:00:00,2 days 12:00:00,60,23.5,126.25,986.9,63.1
2026-09-24,WP252026,37,2026-09-26 18:00:00,2 days 18:00:00,66,24.0,126.5,982.7,68.5
2026-09-24,WP252026,37,2026-09-27 00:00:00,3 days 00:00:00,72,24.5,126.75,978.6,74.0
2026-09-24,WP252026,37,2026-09-27 06:00:00,3 days 06:00:00,78,25.13,127.5,978.1,74.6
2026-09-24,WP252026,37,2026-09-27 12:00:00,3 days 12:00:00,84,25.75,128.25,977.6,75.2
2026-09-24,WP252026,37,2026-09-27 18:00:00,3 days 18:00:00,90,26.38,129.12,979.7,72.5
2026-09-24,WP252026,37,2026-09-28 00:00:00,4 days 00:00:00,96,27.0,130.0,981.8,69.9
2026-09-24,WP252026,37,2026-09-28 06:00:00,4 days 06:00:00,102,27.38,131.62,986.0,64.2
2026-09-24,WP252026,37,2026-09-28 12:00:00,4 days 12:00:00,108,27.75,133.25,990.2,58.5
2026-09-24,WP252026,37,2026-09-28 18:00:00,4 days 18:00:00,114,28.38,134.12,991.7,56.3
2026-09-24,WP252026,37,2026-09-29 00:00:00,5 days 00:00:00,120,29.0,135.0,993.3,54.0
2026-09-24,WP252026,37,2026-09-29 06:00:00,5 days 06:00:00,126,29.5,136.12,994.6,52.0
2026-09-24,WP252026,37,2026-09-29 12:00:00,5 days 12:00:00,132,30.0,137.25,995.9,50.0
2026-09-24,WP252026,37,2026-09-29 18:00:00,5 days 18:00:00,138,30.76,138.49,997.2,48.0
2026-09-24,WP252026,37,2026-09-30 00:00:00,6 days 00:00:00,144,31.5,139.75,998.5,46.0
2026-09-24,WP252026,37,2026-09-30 06:00:00,6 days 06:00:00,150,32.88,140.98,999.9,43.7
2026-09-24,WP252026,37,2026-09-30 12:00:00,6 days 12:00:00,156,34.25,142.25,1001.3,41.4
2026-09-24,AL902026,38,2026-09-24 00:00:00,0 days 00:00:00,0,12.75,-18.0,1008.8,27.9
2026-09-24,AL902026,38,2026-09-24 06:00:00,0 days 06:00:00,6,12.63,-19.63,1007.7,30.0
2026-09-24,AL902026,38,2026-09-24 12:00:00,0 days 12:00:00,12,12.5,-21.25,1006.6,32.2
2026-09-24,AL902026,38,2026-09-24 18:00:00,0 days 18:00:00,18,13.0,-21.62,1007.4,30.7
2026-09-24,AL902026,38,2026-09-25 00:00:00,1 days 00:00:00,24,13.5,-22.0,1008.2,29.2
2026-09-24,AL902026,38,2026-09-25 06:00:00,1 days 06:00:00,30,14.25,-22.12,1007.7,30.1
2026-09-24,AL902026,38,2026-09-25 12:00:00,1 days 12:00:00,36,15.0,-22.25,1007.2,31.1
2026-09-24,AL902026,38,2026-09-25 18:00:00,1 days 18:00:00,42,15.88,-22.75,1006.3,32.6
2026-09-24,AL902026,38,2026-09-26 00:00:00,2 days 00:00:00,48,16.75,-23.25,1005.5,34.2
2026-09-24,AL902026,38,2026-09-26 06:00:00,2 days 06:00:00,54,17.19,-23.56,1006.4,32.5
2026-09-24,AL902026,38,2026-09-26 12:00:00,2 days 12:00:00,60,17.63,-23.87,1007.2,30.9
2026-09-24,AL902026,38,2026-09-26 18:00:00,2 days 18:00:00,66,18.06,-24.19,1008.1,29.3
2026-09-24,AL902026,38,2026-09-27 00:00:00,3 days 00:00:00,72,18.5,-24.5,1008.9,27.6
2026-09-24,EP152026,38,2026-09-24 00:00:00,0 days 00:00:00,0,14.5,-155.5,1000.6,42.7
2026-09-24,EP152026,38,2026-09-24 06:00:00,0 days 06:00:00,6,14.5,-155.75,997.9,46.9
2026-09-24,EP152026,38,2026-09-24 12:00:00,0 days 12:00:00,12,14.5,-156.0,995.2,51.2
2026-09-24,EP152026,38,2026-09-24 18:00:00,0 days 18:00:00,18,14.63,-156.0,990.4,58.1
2026-09-24,EP152026,38,2026-09-25 00:00:00,1 days 00:00:00,24,14.75,-156.0,985.5,64.9
2026-09-24,EP152026,38,2026-09-25 06:00:00,1 days 06:00:00,30,15.13,-155.75,985.3,65.2
2026-09-24,EP152026,38,2026-09-25 12:00:00,1 days 12:00:00,36,15.5,-155.5,985.2,65.4
2026-09-24,EP152026,38,2026-09-25 18:00:00,1 days 18:00:00,42,16.25,-155.25,982.0,69.5
2026-09-24,EP152026,38,2026-09-26 00:00:00,2 days 00:00:00,48,17.0,-155.0,978.9,73.6
2026-09-24,EP152026,38,2026-09-26 06:00:00,2 days 06:00:00,54,17.63,-155.12,981.3,70.6
2026-09-24,EP152026,38,2026-09-26 12:00:00,2 days 12:00:00,60,18.25,-155.25,983.6,67.5
2026-09-24,EP152026,38,2026-09-26 18:00:00,2 days 18:00:00,66,18.75,-156.0,986.0,64.3
2026-09-24,EP152026,38,2026-09-27 00:00:00,3 days 00:00:00,72,19.25,-156.75,988.3,61.1
2026-09-24,EP152026,38,2026-09-27 06:00:00,3 days 06:00:00,78,19.38,-157.62,986.6,63.4
2026-09-24,EP152026,38,2026-09-27 12:00:00,3 days 12:00:00,84,19.5,-158.5,984.9,65.8
2026-09-24,EP152026,38,2026-09-27 18:00:00,3 days 18:00:00,90,19.38,-159.63,988.4,60.9
2026-09-24,EP152026,38,2026-09-28 00:00:00,4 days 00:00:00,96,19.25,-160.75,991.9,56.0
2026-09-24,EP152026,38,2026-09-28 06:00:00,4 days 06:00:00,102,19.5,-161.37,992.2,55.6
2026-09-24,EP152026,38,2026-09-28 12:00:00,4 days 12:00:00,108,19.75,-162.0,992.4,55.3
2026-09-24,EP152026,38,2026-09-28 18:00:00,4 days 18:00:00,114,20.75,-162.75,987.6,61.9
2026-09-24,EP152026,38,2026-09-29 00:00:00,5 days 00:00:00,120,21.75,-163.5,982.8,68.6
2026-09-24,EP152026,38,2026-09-29 06:00:00,5 days 06:00:00,126,22.88,-164.12,983.2,68.1
2026-09-24,EP152026,38,2026-09-29 12:00:00,5 days 12:00:00,132,24.0,-164.75,983.6,67.5
2026-09-24,EP152026,38,2026-09-29 18:00:00,5 days 18:00:00,138,25.5,-164.75,983.7,67.3
2026-09-24,EP152026,38,2026-09-30 00:00:00,6 days 00:00:00,144,27.0,-164.75,983.9,67.1
2026-09-24,EP152026,38,2026-09-30 06:00:00,6 days 06:00:00,150,28.5,-164.63,983.6,67.6
2026-09-24,EP152026,38,2026-09-30 12:00:00,6 days 12:00:00,156,30.0,-164.5,983.2,68.0
2026-09-24,EP152026,38,2026-09-30 18:00:00,6 days 18:00:00,162,31.5,-165.61,982.8,68.6
2026-09-24,EP152026,38,2026-10-01 00:00:00,7 days 00:00:00,168,33.0,-166.75,982.3,69.2
2026-09-24,EP152026,38,2026-10-01 06:00:00,7 days 06:00:00,174,33.5,-167.12,985.0,65.5
2026-09-24,EP152026,38,2026-10-01 12:00:00,7 days 12:00:00,180,34.0,-167.5,987.8,61.8
2026-09-24,EP162026,38,2026-09-24 00:00:00,0 days 00:00:00,0,15.5,-126.75,971.6,82.7
2026-09-24,EP162026,38,2026-09-24 06:00:00,0 days 06:00:00,6,15.88,-126.25,975.9,77.3
2026-09-24,EP162026,38,2026-09-24 12:00:00,0 days 12:00:00,12,16.25,-125.75,980.3,71.9
2026-09-24,EP162026,38,2026-09-24 18:00:00,0 days 18:00:00,18,16.5,-125.13,982.8,68.5
2026-09-24,EP162026,38,2026-09-25 00:00:00,1 days 00:00:00,24,16.75,-124.5,985.4,65.1
2026-09-24,EP162026,38,2026-09-25 06:00:00,1 days 06:00:00,30,17.13,-124.13,985.2,65.4
2026-09-24,EP162026,38,2026-09-25 12:00:00,1 days 12:00:00,36,17.5,-123.75,985.0,65.7
2026-09-24,EP162026,38,2026-09-25 18:00:00,1 days 18:00:00,42,17.75,-123.5,985.4,65.2
2026-09-24,EP162026,38,2026-09-26 00:00:00,2 days 00:00:00,48,18.0,-123.25,985.7,64.6
2026-09-24,EP162026,38,2026-09-26 06:00:00,2 days 06:00:00,54,18.12,-123.25,987.8,61.8
2026-09-24,EP162026,38,2026-09-26 12:00:00,2 days 12:00:00,60,18.25,-123.25,989.8,59.1
2026-09-24,EP162026,38,2026-09-26 18:00:00,2 days 18:00:00,66,18.62,-123.25,992.6,54.9
2026-09-24,EP162026,38,2026-09-27 00:00:00,3 days 00:00:00,72,19.0,-123.25,995.5,50.7
2026-09-24,EP162026,38,2026-09-27 06:00:00,3 days 06:00:00,78,19.13,-122.88,996.2,49.6
2026-09-24,EP162026,38,2026-09-27 12:00:00,3 days 12:00:00,84,19.25,-122.5,997.0,48.4
2026-09-24,EP162026,38,2026-09-27 18:00:00,3 days 18:00:00,90,19.13,-122.12,998.5,46.0
2026-09-24,EP162026,38,2026-09-28 00:00:00,4 days 00:00:00,96,19.0,-121.75,1000.1,43.5
2026-09-24,EP162026,38,2026-09-28 06:00:00,4 days 06:00:00,102,22.67,-117.86,987.9,60.5
2026-09-24,EP162026,38,2026-09-28 12:00:00,4 days 12:00:00,108,26.25,-113.75,975.8,77.6
2026-09-24,EP162026,38,2026-09-28 18:00:00,4 days 18:00:00,114,27.63,-112.64,984.4,66.0
2026-09-24,EP162026,38,2026-09-29 00:00:00,5 days 00:00:00,120,29.0,-111.5,993.0,54.4
2026-09-24,EP162026,38,2026-09-29 06:00:00,5 days 06:00:00,126,31.03,-108.93,996.6,48.9
2026-09-24,EP162026,38,2026-09-29 12:00:00,5 days 12:00:00,132,33.0,-106.25,1000.1,43.5
2026-09-24,EP172026,38,2026-09-24 00:00:00,0 days 00:00:00,0,15.75,-102.25,970.5,84.0
2026-09-24,EP172026,38,2026-09-24 06:00:00,0 days 06:00:00,6,16.13,-103.12,972.3,81.9
2026-09-24,EP172026,38,2026-09-24 12:00:00,0 days 12:00:00,12,16.5,-104.0,974.0,79.7
2026-09-24,EP172026,38,2026-09-24 18:00:00,0 days 18:00:00,18,16.75,-105.0,972.0,82.2
2026-09-24,EP172026,38,2026-09-25 00:00:00,1 days 00:00:00,24,17.0,-106.0,970.0,84.6
2026-09-24,EP172026,38,2026-09-25 06:00:00,1 days 06:00:00,30,17.13,-106.87,970.3,84.2
2026-09-24,EP172026,38,2026-09-25 12:00:00,1 days 12:00:00,36,17.25,-107.75,970.6,83.9
2026-09-24,EP172026,38,2026-09-25 18:00:00,1 days 18:00:00,42,17.5,-108.62,974.2,79.4
2026-09-24,EP172026,38,2026-09-26 00:00:00,2 days 00:00:00,48,17.75,-109.5,977.8,75.0
2026-09-24,EP172026,38,2026-09-26 06:00:00,2 days 06:00:00,54,18.0,-110.37,974.9,78.6
2026-09-24,EP172026,38,2026-09-26 12:00:00,2 days 12:00:00,60,18.25,-111.25,972.0,82.2
2026-09-24,EP172026,38,2026-09-26 18:00:00,2 days 18:00:00,66,18.88,-112.12,971.3,83.0
2026-09-24,EP172026,38,2026-09-27 00:00:00,3 days 00:00:00,72,19.5,-113.0,970.6,83.9
2026-09-24,EP172026,38,2026-09-27 06:00:00,3 days 06:00:00,78,20.38,-113.5,971.7,82.5
2026-09-24,EP172026,38,2026-09-27 12:00:00,3 days 12:00:00,84,21.25,-114.0,972.9,81.1
2026-09-24,EP172026,38,2026-09-27 18:00:00,3 days 18:00:00,90,22.38,-114.12,975.3,78.1
2026-09-24,EP172026,38,2026-09-28 00:00:00,4 days 00:00:00,96,23.5,-114.25,977.8,75.1
2026-09-24,EP172026,38,2026-09-28 06:00:00,4 days 06:00:00,102,24.88,-114.0,976.8,76.3
2026-09-24,EP172026,38,2026-09-28 12:00:00,4 days 12:00:00,108,26.25,-113.75,975.8,77.6
2026-09-24,IO012026,38,2026-09-24 00:00:00,0 days 00:00:00,0,18.5,84.0,986.5,63.6
2026-09-24,IO012026,38,2026-09-24 06:00:00,0 days 06:00:00,6,18.63,83.75,989.4,59.5
2026-09-24,IO012026,38,2026-09-24 12:00:00,0 days 12:00:00,12,18.75,83.5,992.3,55.5
2026-09-24,IO012026,38,2026-09-24 18:00:00,0 days 18:00:00,18,19.5,83.25,992.8,54.7
2026-09-24,IO012026,38,2026-09-25 00:00:00,1 days 00:00:00,24,20.25,83.0,993.3,53.9
2026-09-24,IO012026,38,2026-09-25 06:00:00,1 days 06:00:00,30,21.13,82.75,993.8,53.3
2026-09-24,IO012026,38,2026-09-25 12:00:00,1 days 12:00:00,36,22.0,82.5,994.2,52.7
2026-09-24,IO012026,38,2026-09-25 18:00:00,1 days 18:00:00,42,23.63,81.76,994.6,52.1
2026-09-24,IO012026,38,2026-09-26 00:00:00,2 days 00:00:00,48,25.25,81.0,995.0,51.5
2026-09-24,IO012026,38,2026-09-26 06:00:00,2 days 06:00:00,54,25.88,80.63,994.8,51.8
2026-09-24,IO012026,38,2026-09-26 12:00:00,2 days 12:00:00,60,26.5,80.25,994.6,52.1
2026-09-24,IO012026,38,2026-09-26 18:00:00,2 days 18:00:00,66,26.88,80.13,997.4,47.6
2026-09-24,IO012026,38,2026-09-27 00:00:00,3 days 00:00:00,72,27.25,80.0,1000.3,43.1
2026-09-24,WP252026,38,2026-09-24 00:00:00,0 days 00:00:00,0,18.0,134.5,1003.5,37.8
2026-09-24,WP252026,38,2026-09-24 06:00:00,0 days 06:00:00,6,18.38,133.13,1003.2,38.3
2026-09-24,WP252026,38,2026-09-24 12:00:00,0 days 12:00:00,12,18.75,131.75,1002.8,38.9
2026-09-24,WP252026,38,2026-09-24 18:00:00,0 days 18:00:00,18,19.5,130.63,1001.9,40.5
2026-09-24,WP252026,38,2026-09-25 00:00:00,1 days 00:00:00,24,20.25,129.5,1001.0,42.1
2026-09-24,WP252026,38,2026-09-25 06:00:00,1 days 06:00:00,30,20.63,128.63,999.8,43.9
2026-09-24,WP252026,38,2026-09-25 12:00:00,1 days 12:00:00,36,21.0,127.75,998.7,45.8
2026-09-24,WP252026,38,2026-09-25 18:00:00,1 days 18:00:00,42,21.5,127.13,997.4,47.8
2026-09-24,WP252026,38,2026-09-26 00:00:00,2 days 00:00:00,48,22.0,126.5,996.0,49.9
2026-09-24,WP252026,38,2026-09-26 06:00:00,2 days 06:00:00,54,22.63,126.38,993.3,53.9
2026-09-24,WP252026,38,2026-09-26 12:00:00,2 days 12:00:00,60,23.25,126.25,990.5,58.0
2026-09-24,WP252026,38,2026-09-26 18:00:00,2 days 18:00:00,66,23.75,126.37,987.9,61.6
2026-09-24,WP252026,38,2026-09-27 00:00:00,3 days 00:00:00,72,24.25,126.5,985.3,65.2
2026-09-24,WP252026,38,2026-09-27 06:00:00,3 days 06:00:00,78,24.88,127.0,985.8,64.6
2026-09-24,WP252026,38,2026-09-27 12:00:00,3 days 12:00:00,84,25.5,127.5,986.2,64.0
2026-09-24,WP252026,38,2026-09-27 18:00:00,3 days 18:00:00,90,26.0,128.25,984.3,66.6
2026-09-24,WP252026,38,2026-09-28 00:00:00,4 days 00:00:00,96,26.5,129.0,982.3,69.2
2026-09-24,WP252026,38,2026-09-28 06:00:00,4 days 06:00:00,102,26.75,129.87,984.2,66.7
2026-09-24,WP252026,38,2026-09-28 12:00:00,4 days 12:00:00,108,27.0,130.75,986.1,64.2
2026-09-24,WP252026,38,2026-09-28 18:00:00,4 days 18:00:00,114,27.13,131.37,987.7,61.9
2026-09-24,WP252026,38,2026-09-29 00:00:00,5 days 00:00:00,120,27.25,132.0,989.4,59.5
2026-09-24,WP252026,38,2026-09-29 06:00:00,5 days 06:00:00,126,27.38,132.75,988.2,61.2
2026-09-24,WP252026,38,2026-09-29 12:00:00,5 days 12:00:00,132,27.5,133.5,987.1,62.8
2026-09-24,WP252026,38,2026-09-29 18:00:00,5 days 18:00:00,138,27.63,134.0,989.5,59.4
2026-09-24,WP252026,38,2026-09-30 00:00:00,6 days 00:00:00,144,27.75,134.5,992.0,55.9
2026-09-24,WP252026,38,2026-09-30 06:00:00,6 days 06:00:00,150,27.88,134.5,993.7,53.3
2026-09-24,WP252026,38,2026-09-30 12:00:00,6 days 12:00:00,156,28.0,134.5,995.5,50.7
2026-09-24,WP252026,38,2026-09-30 18:00:00,6 days 18:00:00,162,28.0,134.62,997.6,47.3
2026-09-24,WP252026,38,2026-10-01 00:00:00,7 days 00:00:00,168,28.0,134.75,999.8,44.0
2026-09-24,WP252026,38,2026-10-01 06:00:00,7 days 06:00:00,174,27.88,134.5,1001.1,41.8
2026-09-24,WP252026,38,2026-10-01 12:00:00,7 days 12:00:00,180,27.75,134.25,1002.5,39.5
2026-09-24,WP252026,38,2026-10-01 18:00:00,7 days 18:00:00,186,27.25,133.25,1002.3,39.8
2026-09-24,WP252026,38,2026-10-02 00:00:00,8 days 00:00:00,192,26.75,132.25,1002.2,40.0
2026-09-24,WP252026,38,2026-10-02 06:00:00,8 days 06:00:00,198,24.97,137.71,999.4,44.6
2026-09-24,WP252026,38,2026-10-02 12:00:00,8 days 12:00:00,204,23.0,143.0,996.5,49.2
2026-09-24,WP252026,38,2026-10-02 18:00:00,8 days 18:00:00,210,23.76,141.51,995.2,51.1
2026-09-24,WP252026,38,2026-10-03 00:00:00,9 days 00:00:00,216,24.5,140.0,993.9,53.1
2026-09-24,WP252026,38,2026-10-03 06:00:00,9 days 06:00:00,222,25.0,140.5,993.4,53.9
2026-09-24,WP252026,38,2026-10-03 12:00:00,9 days 12:00:00,228,25.5,141.0,992.9,54.6
2026-09-24,WP252026,38,2026-10-03 18:00:00,9 days 18:00:00,234,26.25,140.88,992.8,54.7
2026-09-24,WP252026,38,2026-10-04 00:00:00,10 days 00:00:00,240,27.0,140.75,992.7,54.9
2026-09-24,AL902026,39,2026-09-24 00:00:00,0 days 00:00:00,0,12.75,-18.0,1008.8,27.9
2026-09-24,AL902026,39,2026-09-24 06:00:00,0 days 06:00:00,6,12.88,-19.87,1008.2,29.2
2026-09-24,AL902026,39,2026-09-24 12:00:00,0 days 12:00:00,12,13.0,-21.75,1007.5,30.5
2026-09-24,AL902026,39,2026-09-24 18:00:00,0 days 18:00:00,18,13.13,-22.62,1008.0,29.6
2026-09-24,AL902026,39,2026-09-25 00:00:00,1 days 00:00:00,24,13.25,-23.5,1008.5,28.6
2026-09-24,AL902026,39,2026-09-25 06:00:00,1 days 06:00:00,30,13.75,-23.75,1008.2,29.1
2026-09-24,AL902026,39,2026-09-25 12:00:00,1 days 12:00:00,36,14.25,-24.0,1008.0,29.5
2026-09-24,AL902026,39,2026-09-25 18:00:00,1 days 18:00:00,42,14.38,-24.5,1008.0,29.5
2026-09-24,AL902026,39,2026-09-26 00:00:00,2 days 00:00:00,48,14.5,-25.0,1008.0,29.5
2026-09-24,AL902026,39,2026-09-26 06:00:00,2 days 06:00:00,54,15.31,-24.88,1008.5,28.6
2026-09-24,AL902026,39,2026-09-26 12:00:00,2 days 12:00:00,60,16.13,-24.75,1008.9,27.7
2026-09-24,AL902026,39,2026-09-26 18:00:00,2 days 18:00:00,66,16.94,-24.63,1009.3,26.9
2026-09-24,AL902026,39,2026-09-27 00:00:00,3 days 00:00:00,72,17.75,-24.5,1009.8,26.0
2026-09-24,EP152026,39,2026-09-24 00:00:00,0 days 00:00:00,0,14.5,-155.5,1000.6,42.7
2026-09-24,EP152026,39,2026-09-24 06:00:00,0 days 06:00:00,6,14.5,-155.75,998.9,45.3
2026-09-24,EP152026,39,2026-09-24 12:00:00,0 days 12:00:00,12,14.5,-156.0,997.2,48.0
2026-09-24,EP152026,39,2026-09-24 18:00:00,0 days 18:00:00,18,14.75,-155.88,991.1,56.8
2026-09-24,EP152026,39,2026-09-25 00:00:00,1 days 00:00:00,24,15.0,-155.75,985.0,65.7
2026-09-24,EP152026,39,2026-09-25 06:00:00,1 days 06:00:00,30,15.5,-155.63,984.9,65.8
2026-09-24,EP152026,39,2026-09-25 12:00:00,1 days 12:00:00,36,16.0,-155.5,984.8,65.9
2026-09-24,EP152026,39,2026-09-25 18:00:00,1 days 18:00:00,42,16.63,-155.25,980.4,71.6
2026-09-24,EP152026,39,2026-09-26 00:00:00,2 days 00:00:00,48,17.25,-155.0,976.0,77.3
2026-09-24,EP152026,39,2026-09-26 06:00:00,2 days 06:00:00,54,17.75,-155.12,980.1,71.9
2026-09-24,EP152026,39,2026-09-26 12:00:00,2 days 12:00:00,60,18.25,-155.25,984.3,66.6
2026-09-24,EP152026,39,2026-09-26 18:00:00,2 days 18:00:00,66,18.38,-155.62,987.1,62.8
2026-09-24,EP152026,39,2026-09-27 00:00:00,3 days 00:00:00,72,18.5,-156.0,989.8,59.0
2026-09-24,EP152026,39,2026-09-27 06:00:00,3 days 06:00:00,78,18.63,-156.87,990.3,58.3
2026-09-24,EP152026,39,2026-09-27 12:00:00,3 days 12:00:00,84,18.75,-157.75,990.8,57.6
2026-09-24,EP152026,39,2026-09-27 18:00:00,3 days 18:00:00,90,18.75,-158.62,990.8,57.6
2026-09-24,EP152026,39,2026-09-28 00:00:00,4 days 00:00:00,96,18.75,-159.5,990.8,57.6
2026-09-24,EP152026,39,2026-09-28 06:00:00,4 days 06:00:00,102,18.88,-160.37,990.6,57.8
2026-09-24,EP152026,39,2026-09-28 12:00:00,4 days 12:00:00,108,19.0,-161.25,990.5,58.0
2026-09-24,EP152026,39,2026-09-28 18:00:00,4 days 18:00:00,114,20.0,-162.0,989.9,58.9
2026-09-24,EP152026,39,2026-09-29 00:00:00,5 days 00:00:00,120,21.0,-162.75,989.3,59.8
2026-09-24,EP152026,39,2026-09-29 06:00:00,5 days 06:00:00,126,22.0,-163.37,987.4,62.4
2026-09-24,EP152026,39,2026-09-29 12:00:00,5 days 12:00:00,132,23.0,-164.0,985.5,65.0
2026-09-24,EP152026,39,2026-09-29 18:00:00,5 days 18:00:00,138,24.25,-164.25,983.8,67.2
2026-09-24,EP152026,39,2026-09-30 00:00:00,6 days 00:00:00,144,25.5,-164.5,982.1,69.5
2026-09-24,EP152026,39,2026-09-30 06:00:00,6 days 06:00:00,150,25.88,-164.62,984.7,66.0
2026-09-24,EP152026,39,2026-09-30 12:00:00,6 days 12:00:00,156,26.25,-164.75,987.3,62.6
2026-09-24,EP152026,39,2026-09-30 18:00:00,6 days 18:00:00,162,25.63,-165.38,990.6,57.8
2026-09-24,EP152026,39,2026-10-01 00:00:00,7 days 00:00:00,168,25.0,-166.0,994.0,52.9
2026-09-24,EP152026,39,2026-10-01 06:00:00,7 days 06:00:00,174,24.63,-167.0,994.5,52.1
2026-09-24,EP152026,39,2026-10-01 12:00:00,7 days 12:00:00,180,24.25,-168.0,995.1,51.3
2026-09-24,EP152026,39,2026-10-01 18:00:00,7 days 18:00:00,186,23.75,-168.75,996.4,49.4
2026-09-24,EP152026,39,2026-10-02 00:00:00,8 days 00:00:00,192,23.25,-169.5,997.6,47.4
2026-09-24,EP152026,39,2026-10-02 06:00:00,8 days 06:00:00,198,22.75,-170.5,998.0,46.8
2026-09-24,EP152026,39,2026-10-02 12:00:00,8 days 12:00:00,204,22.25,-171.5,998.4,46.3
2026-09-24,EP152026,39,2026-10-02 18:00:00,8 days 18:00:00,210,21.5,-172.63,998.6,45.9
2026-09-24,EP152026,39,2026-10-03 00:00:00,9 days 00:00:00,216,20.75,-173.75,998.8,45.6
2026-09-24,EP152026,39,2026-10-03 06:00:00,9 days 06:00:00,222,20.25,-175.0,999.3,44.8
2026-09-24,EP152026,39,2026-10-03 12:00:00,9 days 12:00:00,228,19.75,-176.25,999.7,44.1
2026-09-24,EP152026,39,2026-10-03 18:00:00,9 days 18:00:00,234,19.51,-178.25,998.6,45.9
2026-09-24,EP152026,39,2026-10-04 00:00:00,10 days 00:00:00,240,19.25,179.75,997.5,47.6
2026-09-24,EP152026,39,2026-10-04 06:00:00,10 days 06:00:00,246,19.77,177.38,994.6,51.9
2026-09-24,EP152026,39,2026-10-04 12:00:00,10 days 12:00:00,252,20.25,175.0,991.7,56.2
2026-09-24,EP152026,39,2026-10-04 18:00:00,10 days 18:00:00,258,20.64,173.13,991.4,56.7
2026-09-24,EP152026,39,2026-10-05 00:00:00,11 days 00:00:00,264,21.0,171.25,991.0,57.2
2026-09-24,EP152026,39,2026-10-05 06:00:00,11 days 06:00:00,270,21.64,169.13,991.6,56.5
2026-09-24,EP152026,39,2026-10-05 12:00:00,11 days 12:00:00,276,22.25,167.0,992.1,55.8
2026-09-24,EP152026,39,2026-10-05 18:00:00,11 days 18:00:00,282,22.89,164.88,990.6,57.9
2026-09-24,EP152026,39,2026-10-06 00:00:00,12 days 00:00:00,288,23.5,162.75,989.1,60.1
2026-09-24,EP152026,39,2026-10-06 06:00:00,12 days 06:00:00,294,24.39,161.01,986.4,63.7
2026-09-24,EP152026,39,2026-10-06 12:00:00,12 days 12:00:00,300,25.25,159.25,983.7,67.4
2026-09-24,EP152026,39,2026-10-06 18:00:00,12 days 18:00:00,306,26.5,158.26,986.0,64.2
2026-09-24,EP152026,39,2026-10-07 00:00:00,13 days 00:00:00,312,27.75,157.25,988.3,61.1
2026-09-24,EP152026,39,2026-10-07 06:00:00,13 days 06:00:00,318,32.02,155.34,987.5,62.2
2026-09-24,EP152026,39,2026-10-07 12:00:00,13 days 12:00:00,324,36.25,153.25,986.7,63.4
2026-09-24,EP152026,39,2026-10-07 18:00:00,13 days 18:00:00,330,38.98,158.06,985.7,64.6
2026-09-24,EP152026,39,2026-10-08 00:00:00,14 days 00:00:00,336,41.5,163.25,984.8,65.9
2026-09-24,EP152026,39,2026-10-08 06:00:00,14 days 06:00:00,342,42.3,166.58,972.7,80.7
2026-09-24,EP152026,39,2026-10-08 12:00:00,14 days 12:00:00,348,43.0,170.0,960.6,95.5
2026-09-24,EP162026,39,2026-09-24 00:00:00,0 days 00:00:00,0,15.5,-126.75,971.6,82.7
2026-09-24,EP162026,39,2026-09-24 06:00:00,0 days 06:00:00,6,15.75,-126.25,975.4,77.9
2026-09-24,EP162026,39,2026-09-24 12:00:00,0 days 12:00:00,12,16.0,-125.75,979.2,73.2
2026-09-24,EP162026,39,2026-09-24 18:00:00,0 days 18:00:00,18,16.38,-125.0,981.0,70.9
2026-09-24,EP162026,39,2026-09-25 00:00:00,1 days 00:00:00,24,16.75,-124.25,982.7,68.7
2026-09-24,EP162026,39,2026-09-25 06:00:00,1 days 06:00:00,30,17.38,-123.88,983.6,67.4
2026-09-24,EP162026,39,2026-09-25 12:00:00,1 days 12:00:00,36,18.0,-123.5,984.6,66.2
2026-09-24,EP162026,39,2026-09-25 18:00:00,1 days 18:00:00,42,18.25,-123.5,982.6,68.7
2026-09-24,EP162026,39,2026-09-26 00:00:00,2 days 00:00:00,48,18.5,-123.5,980.7,71.3
2026-09-24,EP162026,39,2026-09-26 06:00:00,2 days 06:00:00,54,18.88,-123.62,984.0,66.9
2026-09-24,EP162026,39,2026-09-26 12:00:00,2 days 12:00:00,60,19.25,-123.75,987.3,62.5
2026-09-24,EP162026,39,2026-09-26 18:00:00,2 days 18:00:00,66,19.75,-123.87,990.9,57.4
2026-09-24,EP162026,39,2026-09-27 00:00:00,3 days 00:00:00,72,20.25,-124.0,994.4,52.3
2026-09-24,EP162026,39,2026-09-27 06:00:00,3 days 06:00:00,78,20.5,-124.12,997.1,48.2
2026-09-24,EP162026,39,2026-09-27 12:00:00,3 days 12:00:00,84,20.75,-124.25,999.7,44.1
2026-09-24,EP162026,39,2026-09-27 18:00:00,3 days 18:00:00,90,22.44,-119.56,983.6,65.9
2026-09-24,EP162026,39,2026-09-28 00:00:00,4 days 00:00:00,96,24.0,-114.75,967.4,87.6
2026-09-24,EP162026,39,2026-09-28 06:00:00,4 days 06:00:00,102,25.25,-114.38,974.4,79.1
2026-09-24,EP162026,39,2026-09-28 12:00:00,4 days 12:00:00,108,26.5,-114.0,981.4,70.5
2026-09-24,EP162026,39,2026-09-28 18:00:00,4 days 18:00:00,114,28.13,-113.26,988.2,61.0
2026-09-24,EP162026,39,2026-09-29 00:00:00,5 days 00:00:00,120,29.75,-112.5,995.0,51.5
2026-09-24,EP172026,39,2026-09-24 00:00:00,0 days 00:00:00,0,15.75,-102.25,970.5,84.0
2026-09-24,EP172026,39,2026-09-24 06:00:00,0 days 06:00:00,6,16.25,-103.12,973.6,80.2
2026-09-24,EP172026,39,2026-09-24 12:00:00,0 days 12:00:00,12,16.75,-104.0,976.6,76.5
2026-09-24,EP172026,39,2026-09-24 18:00:00,0 days 18:00:00,18,16.88,-105.0,975.4,78.0
2026-09-24,EP172026,39,2026-09-25 00:00:00,1 days 00:00:00,24,17.0,-106.0,974.2,79.5
2026-09-24,EP172026,39,2026-09-25 06:00:00,1 days 06:00:00,30,17.13,-107.0,973.3,80.6
2026-09-24,EP172026,39,2026-09-25 12:00:00,1 days 12:00:00,36,17.25,-108.0,972.3,81.8
2026-09-24,EP172026,39,2026-09-25 18:00:00,1 days 18:00:00,42,17.5,-109.0,972.8,81.3
2026-09-24,EP172026,39,2026-09-26 00:00:00,2 days 00:00:00,48,17.75,-110.0,973.2,80.7
2026-09-24,EP172026,39,2026-09-26 06:00:00,2 days 06:00:00,54,18.13,-110.87,970.9,83.5
2026-09-24,EP172026,39,2026-09-26 12:00:00,2 days 12:00:00,60,18.5,-111.75,968.7,86.2
2026-09-24,EP172026,39,2026-09-26 18:00:00,2 days 18:00:00,66,19.13,-112.37,966.4,88.9
2026-09-24,EP172026,39,2026-09-27 00:00:00,3 days 00:00:00,72,19.75,-113.0,964.1,91.5
2026-09-24,EP172026,39,2026-09-27 06:00:00,3 days 06:00:00,78,20.75,-113.62,966.6,88.6
2026-09-24,EP172026,39,2026-09-27 12:00:00,3 days 12:00:00,84,21.75,-114.25,969.1,85.7
2026-09-24,EP172026,39,2026-09-27 18:00:00,3 days 18:00:00,90,22.88,-114.5,968.2,86.7
2026-09-24,EP172026,39,2026-09-28 00:00:00,4 days 00:00:00,96,24.0,-114.75,967.4,87.6
2026-09-24,IO012026,39,2026-09-24 00:00:00,0 days 00:00:00,0,18.5,84.0,986.5,63.6
2026-09-24,IO012026,39,2026-09-24 06:00:00,0 days 06:00:00,6,18.38,84.0,988.8,60.4
2026-09-24,IO012026,39,2026-09-24 12:00:00,0 days 12:00:00,12,18.25,84.0,991.2,57.1
2026-09-24,IO012026,39,2026-09-24 18:00:00,0 days 18:00:00,18,19.38,83.38,992.1,55.7
2026-09-24,IO012026,39,2026-09-25 00:00:00,1 days 00:00:00,24,20.5,82.75,993.1,54.3
2026-09-24,IO012026,39,2026-09-25 06:00:00,1 days 06:00:00,30,21.25,82.38,993.4,53.8
2026-09-24,IO012026,39,2026-09-25 12:00:00,1 days 12:00:00,36,22.0,82.0,993.8,53.3
2026-09-24,IO012026,39,2026-09-25 18:00:00,1 days 18:00:00,42,22.88,81.63,994.8,51.8
2026-09-24,IO012026,39,2026-09-26 00:00:00,2 days 00:00:00,48,23.75,81.25,995.8,50.3
2026-09-24,IO012026,39,2026-09-26 06:00:00,2 days 06:00:00,54,24.88,80.63,996.6,49.1
2026-09-24,IO012026,39,2026-09-26 12:00:00,2 days 12:00:00,60,26.0,80.0,997.4,47.8
2026-09-24,IO012026,39,2026-09-26 18:00:00,2 days 18:00:00,66,26.25,79.63,998.7,45.7
2026-09-24,IO012026,39,2026-09-27 00:00:00,3 days 00:00:00,72,26.5,79.25,1000.0,43.6
2026-09-24,WP252026,39,2026-09-24 00:00:00,0 days 00:00:00,0,18.0,134.5,1003.5,37.8
2026-09-24,WP252026,39,2026-09-24 06:00:00,0 days 06:00:00,6,18.5,133.13,1002.4,39.6
2026-09-24,WP252026,39,2026-09-24 12:00:00,0 days 12:00:00,12,19.0,131.75,1001.3,41.4
2026-09-24,WP252026,39,2026-09-24 18:00:00,0 days 18:00:00,18,19.5,130.75,1000.0,43.6
2026-09-24,WP252026,39,2026-09-25 00:00:00,1 days 00:00:00,24,20.0,129.75,998.7,45.7
2026-09-24,WP252026,39,2026-09-25 06:00:00,1 days 06:00:00,30,20.63,128.88,996.9,48.5
2026-09-24,WP252026,39,2026-09-25 12:00:00,1 days 12:00:00,36,21.25,128.0,995.1,51.4
2026-09-24,WP252026,39,2026-09-25 18:00:00,1 days 18:00:00,42,21.88,127.38,992.7,54.8
2026-09-24,WP252026,39,2026-09-26 00:00:00,2 days 00:00:00,48,22.5,126.75,990.4,58.2
2026-09-24,WP252026,39,2026-09-26 06:00:00,2 days 06:00:00,54,22.88,126.75,987.7,61.9
2026-09-24,WP252026,39,2026-09-26 12:00:00,2 days 12:00:00,60,23.25,126.75,985.0,65.7
2026-09-24,WP252026,39,2026-09-26 18:00:00,2 days 18:00:00,66,23.88,127.12,983.9,67.2
2026-09-24,WP252026,39,2026-09-27 00:00:00,3 days 00:00:00,72,24.5,127.5,982.7,68.7
2026-09-24,WP252026,39,2026-09-27 06:00:00,3 days 06:00:00,78,24.75,127.87,979.8,72.4
2026-09-24,WP252026,39,2026-09-27 12:00:00,3 days 12:00:00,84,25.0,128.25,976.8,76.2
2026-09-24,WP252026,39,2026-09-27 18:00:00,3 days 18:00:00,90,25.38,128.87,979.9,72.3
2026-09-24,WP252026,39,2026-09-28 00:00:00,4 days 00:00:00,96,25.75,129.5,982.9,68.4
2026-09-24,WP252026,39,2026-09-28 06:00:00,4 days 06:00:00,102,26.13,130.37,987.6,61.9
2026-09-24,WP252026,39,2026-09-28 12:00:00,4 days 12:00:00,108,26.5,131.25,992.3,55.4
2026-09-24,WP252026,39,2026-09-28 18:00:00,4 days 18:00:00,114,27.0,132.0,994.5,52.2
2026-09-24,WP252026,39,2026-09-29 00:00:00,5 days 00:00:00,120,27.5,132.75,996.6,49.0
2026-09-24,WP252026,39,2026-09-29 06:00:00,5 days 06:00:00,126,28.0,133.12,997.4,47.8
2026-09-24,WP252026,39,2026-09-29 12:00:00,5 days 12:00:00,132,28.5,133.5,998.1,46.6
2026-09-24,WP252026,39,2026-09-29 18:00:00,5 days 18:00:00,138,28.88,133.75,1000.1,43.3
2026-09-24,WP252026,39,2026-09-30 00:00:00,6 days 00:00:00,144,29.25,134.0,1002.2,40.0
2026-09-24,WP252026,39,2026-09-30 06:00:00,6 days 06:00:00,150,30.0,134.37,1001.9,40.4
2026-09-24,WP252026,39,2026-09-30 12:00:00,6 days 12:00:00,156,30.75,134.75,1001.7,40.8
2026-09-24,EP152026,4,2026-09-24 00:00:00,0 days 00:00:00,0,14.5,-155.5,1000.6,42.7
2026-09-24,EP152026,4,2026-09-24 06:00:00,0 days 06:00:00,6,14.5,-155.88,998.3,46.3
2026-09-24,EP152026,4,2026-09-24 12:00:00,0 days 12:00:00,12,14.5,-156.25,996.0,49.9
2026-09-24,EP152026,4,2026-09-24 18:00:00,0 days 18:00:00,18,14.75,-156.13,993.0,54.3
2026-09-24,EP152026,4,2026-09-25 00:00:00,1 days 00:00:00,24,15.0,-156.0,990.0,58.8
2026-09-24,EP152026,4,2026-09-25 06:00:00,1 days 06:00:00,30,15.5,-155.75,990.4,58.1
2026-09-24,EP152026,4,2026-09-25 12:00:00,1 days 12:00:00,36,16.0,-155.5,990.9,57.5
2026-09-24,EP152026,4,2026-09-25 18:00:00,1 days 18:00:00,42,16.88,-155.38,988.4,60.9
2026-09-24,EP152026,4,2026-09-26 00:00:00,2 days 00:00:00,48,17.75,-155.25,986.0,64.3
2026-09-24,EP152026,4,2026-09-26 06:00:00,2 days 06:00:00,54,18.13,-155.62,987.6,62.0
2026-09-24,EP152026,4,2026-09-26 12:00:00,2 days 12:00:00,60,18.5,-156.0,989.3,59.7
2026-09-24,EP152026,4,2026-09-26 18:00:00,2 days 18:00:00,66,18.75,-156.5,990.6,57.8
2026-09-24,EP152026,4,2026-09-27 00:00:00,3 days 00:00:00,72,19.0,-157.0,992.0,55.9
2026-09-24,EP152026,4,2026-09-27 06:00:00,3 days 06:00:00,78,19.0,-158.0,991.4,56.7
2026-09-24,EP152026,4,2026-09-27 12:00:00,3 days 12:00:00,84,19.0,-159.0,990.8,57.6
2026-09-24,EP152026,4,2026-09-27 18:00:00,3 days 18:00:00,90,18.88,-160.38,991.8,56.1
2026-09-24,EP152026,4,2026-09-28 00:00:00,4 days 00:00:00,96,18.75,-161.75,992.8,54.7
2026-09-24,EP152026,4,2026-09-28 06:00:00,4 days 06:00:00,102,19.0,-162.62,992.9,54.6
2026-09-24,EP152026,4,2026-09-28 12:00:00,4 days 12:00:00,108,19.25,-163.5,993.0,54.5
2026-09-24,EP152026,4,2026-09-28 18:00:00,4 days 18:00:00,114,20.25,-164.74,992.3,55.4
2026-09-24,EP152026,4,2026-09-29 00:00:00,5 days 00:00:00,120,21.25,-166.0,991.7,56.3
2026-09-24,EP152026,4,2026-09-29 06:00:00,5 days 06:00:00,126,22.5,-166.99,991.4,56.7
2026-09-24,EP152026,4,2026-09-29 12:00:00,5 days 12:00:00,132,23.75,-168.0,991.2,57.1
2026-09-24,EP152026,4,2026-09-29 18:00:00,5 days 18:00:00,138,25.13,-168.49,990.8,57.6
2026-09-24,EP152026,4,2026-09-30 00:00:00,6 days 00:00:00,144,26.5,-169.0,990.4,58.2
2026-09-24,EP152026,4,2026-09-30 06:00:00,6 days 06:00:00,150,26.5,-169.0,991.1,57.2
2026-09-24,EP152026,4,2026-09-30 12:00:00,6 days 12:00:00,156,26.5,-169.0,991.7,56.2
2026-09-24,EP152026,4,2026-09-30 18:00:00,6 days 18:00:00,162,26.5,-168.62,992.1,55.7
2026-09-24,EP152026,4,2026-10-01 00:00:00,7 days 00:00:00,168,26.5,-168.25,992.5,55.1
2026-09-24,EP152026,4,2026-10-01 06:00:00,7 days 06:00:00,174,26.13,-168.63,993.6,53.6
2026-09-24,EP152026,4,2026-10-01 12:00:00,7 days 12:00:00,180,25.75,-169.0,994.6,52.1
2026-09-24,EP152026,4,2026-10-01 18:00:00,7 days 18:00:00,186,25.63,-169.75,995.4,50.9
2026-09-24,EP152026,4,2026-10-02 00:00:00,8 days 00:00:00,192,25.5,-170.5,996.1,49.8
2026-09-24,EP152026,4,2026-10-02 06:00:00,8 days 06:00:00,198,25.0,-171.25,998.3,46.3
2026-09-24,EP152026,4,2026-10-02 12:00:00,8 days 12:00:00,204,24.5,-172.0,1000.5,42.8
2026-09-24,EP152026,4,2026-10-02 18:00:00,8 days 18:00:00,210,24.38,-173.0,1002.0,40.3
2026-09-24,EP152026,4,2026-10-03 00:00:00,9 days 00:00:00,216,24.25,-174.0,1003.5,37.8
2026-09-24,EP152026,4,2026-10-03 06:00:00,9 days 06:00:00,222,24.26,-175.38,1004.2,36.6
2026-09-24,EP152026,4,2026-10-03 12:00:00,9 days 12:00:00,228,24.25,-176.75,1004.8,35.4
2026-09-24,EP152026,4,2026-10-03 18:00:00,9 days 18:00:00,234,24.76,-178.49,1005.4,34.4
2026-09-24,EP152026,4,2026-10-04 00:00:00,10 days 00:00:00,240,25.25,179.75,1005.9,33.4
2026-09-24,EP152026,4,2026-10-04 06:00:00,10 days 06:00:00,246,24.88,178.5,1006.4,32.5
2026-09-24,EP152026,4,2026-10-04 12:00:00,10 days 12:00:00,252,24.5,177.25,1006.9,31.7
2026-09-24,EP152026,4,2026-10-04 18:00:00,10 days 18:00:00,258,24.63,176.0,1007.2,31.0
2026-09-24,EP152026,4,2026-10-05 00:00:00,11 days 00:00:00,264,24.75,174.75,1007.6,30.3
2026-09-24,EP152026,4,2026-10-05 06:00:00,11 days 06:00:00,270,24.26,172.74,1009.1,27.2
2026-09-24,EP152026,4,2026-10-05 12:00:00,11 days 12:00:00,276,23.75,170.75,1010.7,24.1
2026-09-24,EP162026,4,2026-09-24 00:00:00,0 days 00:00:00,0,15.5,-126.75,971.6,82.7
2026-09-24,EP162026,4,2026-09-24 06:00:00,0 days 06:00:00,6,15.88,-126.13,976.4,76.7
2026-09-24,EP162026,4,2026-09-24 12:00:00,0 days 12:00:00,12,16.25,-125.5,981.1,70.8
2026-09-24,EP162026,4,2026-09-24 18:00:00,0 days 18:00:00,18,16.75,-124.88,981.7,70.0
2026-09-24,EP162026,4,2026-09-25 00:00:00,1 days 00:00:00,24,17.25,-124.25,982.3,69.2
2026-09-24,EP162026,4,2026-09-25 06:00:00,1 days 06:00:00,30,17.75,-123.63,984.1,66.8
2026-09-24,EP162026,4,2026-09-25 12:00:00,1 days 12:00:00,36,18.25,-123.0,985.9,64.4
2026-09-24,EP162026,4,2026-09-25 18:00:00,1 days 18:00:00,42,18.63,-122.5,985.6,64.8
2026-09-24,EP162026,4,2026-09-26 00:00:00,2 days 00:00:00,48,19.0,-122.0,985.2,65.3
2026-09-24,EP162026,4,2026-09-26 06:00:00,2 days 06:00:00,54,19.5,-122.0,988.5,60.8
2026-09-24,EP162026,4,2026-09-26 12:00:00,2 days 12:00:00,60,20.0,-122.0,991.8,56.2
2026-09-24,EP162026,4,2026-09-26 18:00:00,2 days 18:00:00,66,20.12,-122.0,994.3,52.5
2026-09-24,EP162026,4,2026-09-27 00:00:00,3 days 00:00:00,72,20.25,-122.0,996.8,48.7
2026-09-24,EP162026,4,2026-09-27 06:00:00,3 days 06:00:00,78,20.5,-121.63,997.6,47.4
2026-09-24,EP162026,4,2026-09-27 12:00:00,3 days 12:00:00,84,20.75,-121.25,998.5,46.1
2026-09-24,EP162026,4,2026-09-27 18:00:00,3 days 18:00:00,90,20.75,-120.75,999.6,44.3
2026-09-24,EP162026,4,2026-09-28 00:00:00,4 days 00:00:00,96,20.75,-120.25,1000.7,42.6
2026-09-24,EP162026,4,2026-09-28 06:00:00,4 days 06:00:00,102,22.41,-117.04,987.4,61.0
2026-09-24,EP162026,4,2026-09-28 12:00:00,4 days 12:00:00,108,24.0,-113.75,974.2,79.5
2026-09-24,EP162026,4,2026-09-28 18:00:00,4 days 18:00:00,114,24.63,-113.63,974.0,79.7
2026-09-24,EP162026,4,2026-09-29 00:00:00,5 days 00:00:00,120,25.25,-113.5,973.9,79.9
2026-09-24,EP162026,4,2026-09-29 06:00:00,5 days 06:00:00,126,26.13,-112.76,982.8,68.2
2026-09-24,EP162026,4,2026-09-29 12:00:00,5 days 12:00:00,132,27.0,-112.0,991.6,56.4
2026-09-24,EP172026,4,2026-09-24 00:00:00,0 days 00:00:00,0,15.75,-102.25,970.5,84.0
2026-09-24,EP172026,4,2026-09-24 06:00:00,0 days 06:00:00,6,16.13,-103.12,973.9,79.8
2026-09-24,EP172026,4,2026-09-24 12:00:00,0 days 12:00:00,12,16.5,-104.0,977.3,75.7
2026-09-24,EP172026,4,2026-09-24 18:00:00,0 days 18:00:00,18,16.75,-104.87,977.5,75.3
2026-09-24,EP172026,4,2026-09-25 00:00:00,1 days 00:00:00,24,17.0,-105.75,977.8,75.0
2026-09-24,EP172026,4,2026-09-25 06:00:00,1 days 06:00:00,30,16.88,-106.75,974.8,78.7
2026-09-24,EP172026,4,2026-09-25 12:00:00,1 days 12:00:00,36,16.75,-107.75,971.9,82.4
2026-09-24,EP172026,4,2026-09-25 18:00:00,1 days 18:00:00,42,16.88,-108.62,967.8,87.2
2026-09-24,EP172026,4,2026-09-26 00:00:00,2 days 00:00:00,48,17.0,-109.5,963.8,91.9
2026-09-24,EP172026,4,2026-09-26 06:00:00,2 days 06:00:00,54,17.25,-110.12,965.7,89.7
2026-09-24,EP172026,4,2026-09-26 12:00:00,2 days 12:00:00,60,17.5,-110.75,967.7,87.4
2026-09-24,EP172026,4,2026-09-26 18:00:00,2 days 18:00:00,66,18.25,-111.25,970.8,83.6
2026-09-24,EP172026,4,2026-09-27 00:00:00,3 days 00:00:00,72,19.0,-111.75,974.0,79.8
2026-09-24,EP172026,4,2026-09-27 06:00:00,3 days 06:00:00,78,19.75,-112.25,972.7,81.3
2026-09-24,EP172026,4,2026-09-27 12:00:00,3 days 12:00:00,84,20.5,-112.75,971.4,82.9
2026-09-24,EP172026,4,2026-09-27 18:00:00,3 days 18:00:00,90,21.38,-113.0,973.8,80.0
2026-09-24,EP172026,4,2026-09-28 00:00:00,4 days 00:00:00,96,22.25,-113.25,976.2,77.1
2026-09-24,EP172026,4,2026-09-28 06:00:00,4 days 06:00:00,102,23.13,-113.5,975.2,78.3
2026-09-24,EP172026,4,2026-09-28 12:00:00,4 days 12:00:00,108,24.0,-113.75,974.2,79.5
2026-09-24,IO012026,4,2026-09-24 00:00:00,0 days 00:00:00,0,18.5,84.0,986.5,63.6
2026-09-24,IO012026,4,2026-09-24 06:00:00,0 days 06:00:00,6,18.5,84.0,989.5,59.4
2026-09-24,IO012026,4,2026-09-24 12:00:00,0 days 12:00:00,12,18.5,84.0,992.4,55.3
2026-09-24,IO012026,4,2026-09-24 18:00:00,0 days 18:00:00,18,19.38,83.25,992.0,55.8
2026-09-24,IO012026,4,2026-09-25 00:00:00,1 days 00:00:00,24,20.25,82.5,991.7,56.4
2026-09-24,IO012026,4,2026-09-25 06:00:00,1 days 06:00:00,30,20.88,82.5,992.7,54.9
2026-09-24,IO012026,4,2026-09-25 12:00:00,1 days 12:00:00,36,21.5,82.5,993.7,53.4
2026-09-24,IO012026,4,2026-09-25 18:00:00,1 days 18:00:00,42,22.63,81.88,995.3,50.9
2026-09-24,IO012026,4,2026-09-26 00:00:00,2 days 00:00:00,48,23.75,81.25,997.0,48.4
2026-09-24,IO012026,4,2026-09-26 06:00:00,2 days 06:00:00,54,25.13,81.0,997.6,47.5
2026-09-24,IO012026,4,2026-09-26 12:00:00,2 days 12:00:00,60,26.5,80.75,998.2,46.5
2026-09-24,IO012026,4,2026-09-26 18:00:00,2 days 18:00:00,66,27.63,80.26,999.8,43.9
2026-09-24,IO012026,4,2026-09-27 00:00:00,3 days 00:00:00,72,28.75,79.75,1001.4,41.3
2026-09-24,WP252026,4,2026-09-24 00:00:00,0 days 00:00:00,0,18.0,134.5,1003.5,37.8
2026-09-24,WP252026,4,2026-09-24 06:00:00,0 days 06:00:00,6,18.63,133.25,1002.5,39.5
2026-09-24,WP252026,4,2026-09-24 12:00:00,0 days 12:00:00,12,19.25,132.0,1001.5,41.2
2026-09-24,WP252026,4,2026-09-24 18:00:00,0 days 18:00:00,18,19.75,130.88,1001.8,40.6
2026-09-24,WP252026,4,2026-09-25 00:00:00,1 days 00:00:00,24,20.25,129.75,1002.1,40.1
2026-09-24,WP252026,4,2026-09-25 06:00:00,1 days 06:00:00,30,20.88,129.0,1001.3,41.5
2026-09-24,WP252026,4,2026-09-25 12:00:00,1 days 12:00:00,36,21.5,128.25,1000.5,42.9
2026-09-24,WP252026,4,2026-09-25 18:00:00,1 days 18:00:00,42,22.13,127.63,1000.9,42.2
2026-09-24,WP252026,4,2026-09-26 00:00:00,2 days 00:00:00,48,22.75,127.0,1001.3,41.5
2026-09-24,WP252026,4,2026-09-26 06:00:00,2 days 06:00:00,54,23.63,127.12,999.9,43.8
2026-09-24,WP252026,4,2026-09-26 12:00:00,2 days 12:00:00,60,24.5,127.25,998.5,46.0
2026-09-24,WP252026,4,2026-09-26 18:00:00,2 days 18:00:00,66,24.88,127.62,998.6,45.8
2026-09-24,WP252026,4,2026-09-27 00:00:00,3 days 00:00:00,72,25.25,128.0,998.8,45.6
2026-09-24,WP252026,4,2026-09-27 06:00:00,3 days 06:00:00,78,26.13,128.37,998.7,45.7
2026-09-24,WP252026,4,2026-09-27 12:00:00,3 days 12:00:00,84,27.0,128.75,998.7,45.8
2026-09-24,WP252026,4,2026-09-27 18:00:00,3 days 18:00:00,90,27.75,129.62,1000.4,42.9
2026-09-24,WP252026,4,2026-09-28 00:00:00,4 days 00:00:00,96,28.5,130.5,1002.2,40.0
2026-09-24,WP252026,4,2026-09-28 06:00:00,4 days 06:00:00,102,29.64,132.48,1002.3,39.8
2026-09-24,WP252026,4,2026-09-28 12:00:00,4 days 12:00:00,108,30.75,134.5,1002.4,39.7
2026-09-24,EP152026,40,2026-09-24 00:00:00,0 days 00:00:00,0,14.5,-155.5,1000.6,42.7
2026-09-24,EP152026,40,2026-09-24 06:00:00,0 days 06:00:00,6,14.5,-155.75,999.5,44.4
2026-09-24,EP152026,40,2026-09-24 12:00:00,0 days 12:00:00,12,14.5,-156.0,998.4,46.2
2026-09-24,EP152026,40,2026-09-24 18:00:00,0 days 18:00:00,18,14.75,-155.75,995.1,51.1
2026-09-24,EP152026,40,2026-09-25 00:00:00,1 days 00:00:00,24,15.0,-155.5,991.9,56.0
2026-09-24,EP152026,40,2026-09-25 06:00:00,1 days 06:00:00,30,15.38,-155.38,988.2,61.2
2026-09-24,EP152026,40,2026-09-25 12:00:00,1 days 12:00:00,36,15.75,-155.25,984.4,66.4
2026-09-24,EP152026,40,2026-09-25 18:00:00,1 days 18:00:00,42,16.25,-155.0,984.2,66.8
2026-09-24,EP152026,40,2026-09-26 00:00:00,2 days 00:00:00,48,16.75,-154.75,983.9,67.1
2026-09-24,EP152026,40,2026-09-26 06:00:00,2 days 06:00:00,54,17.25,-154.75,984.3,66.6
2026-09-24,EP152026,40,2026-09-26 12:00:00,2 days 12:00:00,60,17.75,-154.75,984.6,66.1
2026-09-24,EP152026,40,2026-09-26 18:00:00,2 days 18:00:00,66,18.13,-155.0,984.3,66.6
2026-09-24,EP152026,40,2026-09-27 00:00:00,3 days 00:00:00,72,18.5,-155.25,983.9,67.1
2026-09-24,EP152026,40,2026-09-27 06:00:00,3 days 06:00:00,78,18.88,-156.12,989.1,59.8
2026-09-24,EP152026,40,2026-09-27 12:00:00,3 days 12:00:00,84,19.25,-157.0,994.4,52.4
2026-09-24,EP152026,40,2026-09-27 18:00:00,3 days 18:00:00,90,19.38,-157.62,992.3,55.3
2026-09-24,EP152026,40,2026-09-28 00:00:00,4 days 00:00:00,96,19.5,-158.25,990.3,58.3
2026-09-24,EP152026,40,2026-09-28 06:00:00,4 days 06:00:00,102,19.88,-159.12,990.5,58.1
2026-09-24,EP152026,40,2026-09-28 12:00:00,4 days 12:00:00,108,20.25,-160.0,990.6,57.8
2026-09-24,EP152026,40,2026-09-28 18:00:00,4 days 18:00:00,114,21.13,-160.99,994.3,52.4
2026-09-24,EP152026,40,2026-09-29 00:00:00,5 days 00:00:00,120,22.0,-162.0,998.0,46.9
2026-09-24,EP152026,40,2026-09-29 06:00:00,5 days 06:00:00,126,23.13,-162.74,998.7,45.7
2026-09-24,EP152026,40,2026-09-29 12:00:00,5 days 12:00:00,132,24.25,-163.5,999.4,44.6
2026-09-24,EP152026,40,2026-09-29 18:00:00,5 days 18:00:00,138,24.75,-163.75,999.5,44.4
2026-09-24,EP152026,40,2026-09-30 00:00:00,6 days 00:00:00,144,25.25,-164.0,999.6,44.3
2026-09-24,EP152026,40,2026-09-30 06:00:00,6 days 06:00:00,150,25.56,-164.37,998.9,45.4
2026-09-24,EP152026,40,2026-09-30 12:00:00,6 days 12:00:00,156,25.88,-164.75,998.2,46.5
2026-09-24,EP152026,40,2026-09-30 18:00:00,6 days 18:00:00,162,26.19,-165.12,997.5,47.6
2026-09-24,EP152026,40,2026-10-01 00:00:00,7 days 00:00:00,168,26.5,-165.5,996.8,48.7
2026-09-24,EP152026,40,2026-10-01 06:00:00,7 days 06:00:00,174,26.51,-166.75,997.3,47.9
2026-09-24,EP152026,40,2026-10-01 12:00:00,7 days 12:00:00,180,26.5,-168.0,997.8,47.1
2026-09-24,EP152026,40,2026-10-01 18:00:00,7 days 18:00:00,186,26.13,-169.0,998.1,46.6
2026-09-24,EP152026,40,2026-10-02 00:00:00,8 days 00:00:00,192,25.75,-170.0,998.5,46.1
2026-09-24,EP152026,40,2026-10-02 06:00:00,8 days 06:00:00,198,24.88,-170.5,997.3,47.9
2026-09-24,EP152026,40,2026-10-02 12:00:00,8 days 12:00:00,204,24.0,-171.0,996.2,49.7
2026-09-24,EP152026,40,2026-10-02 18:00:00,8 days 18:00:00,210,23.38,-171.5,997.6,47.4
2026-09-24,EP152026,40,2026-10-03 00:00:00,9 days 00:00:00,216,22.75,-172.0,999.0,45.2
2026-09-24,EP162026,40,2026-09-24 00:00:00,0 days 00:00:00,0,15.5,-126.75,971.6,82.7
2026-09-24,EP162026,40,2026-09-24 06:00:00,0 days 06:00:00,6,15.75,-126.25,975.0,78.5
2026-09-24,EP162026,40,2026-09-24 12:00:00,0 days 12:00:00,12,16.0,-125.75,978.3,74.3
2026-09-24,EP162026,40,2026-09-24 18:00:00,0 days 18:00:00,18,16.5,-124.88,978.6,74.0
2026-09-24,EP162026,40,2026-09-25 00:00:00,1 days 00:00:00,24,17.0,-124.0,978.9,73.6
2026-09-24,EP162026,40,2026-09-25 06:00:00,1 days 06:00:00,30,17.88,-123.75,980.7,71.3
2026-09-24,EP162026,40,2026-09-25 12:00:00,1 days 12:00:00,36,18.75,-123.5,982.5,69.0
2026-09-24,EP162026,40,2026-09-25 18:00:00,1 days 18:00:00,42,19.13,-123.38,980.4,71.7
2026-09-24,EP162026,40,2026-09-26 00:00:00,2 days 00:00:00,48,19.5,-123.25,978.3,74.4
2026-09-24,EP162026,40,2026-09-26 06:00:00,2 days 06:00:00,54,20.0,-123.37,982.1,69.4
2026-09-24,EP162026,40,2026-09-26 12:00:00,2 days 12:00:00,60,20.5,-123.5,986.0,64.3
2026-09-24,EP162026,40,2026-09-26 18:00:00,2 days 18:00:00,66,21.0,-123.75,988.8,60.3
2026-09-24,EP162026,40,2026-09-27 00:00:00,3 days 00:00:00,72,21.5,-124.0,991.7,56.3
2026-09-24,EP162026,40,2026-09-27 06:00:00,3 days 06:00:00,78,22.25,-123.38,996.1,49.5
2026-09-24,EP162026,40,2026-09-27 12:00:00,3 days 12:00:00,84,23.0,-122.75,1000.6,42.7
2026-09-24,EP162026,40,2026-09-27 18:00:00,3 days 18:00:00,90,23.57,-118.02,985.2,63.8
2026-09-24,EP162026,40,2026-09-28 00:00:00,4 days 00:00:00,96,24.0,-113.25,969.8,84.9
2026-09-24,EP162026,40,2026-09-28 06:00:00,4 days 06:00:00,102,25.0,-113.0,975.9,77.2
2026-09-24,EP162026,40,2026-09-28 12:00:00,4 days 12:00:00,108,26.0,-112.75,982.0,69.6
2026-09-24,EP162026,40,2026-09-28 18:00:00,4 days 18:00:00,114,27.13,-112.26,987.3,62.3
2026-09-24,EP162026,40,2026-09-29 00:00:00,5 days 00:00:00,120,28.25,-111.75,992.6,55.0
2026-09-24,EP162026,40,2026-09-29 06:00:00,5 days 06:00:00,126,29.63,-112.74,996.7,48.6
2026-09-24,EP162026,40,2026-09-29 12:00:00,5 days 12:00:00,132,31.0,-113.75,1000.9,42.2
2026-09-24,EP172026,40,2026-09-24 00:00:00,0 days 00:00:00,0,15.75,-102.25,970.5,84.0
2026-09-24,EP172026,40,2026-09-24 06:00:00,0 days 06:00:00,6,16.13,-103.12,973.5,80.3
2026-09-24,EP172026,40,2026-09-24 12:00:00,0 days 12:00:00,12,16.5,-104.0,976.5,76.7
2026-09-24,EP172026,40,2026-09-24 18:00:00,0 days 18:00:00,18,16.63,-105.0,978.1,74.7
2026-09-24,EP172026,40,2026-09-25 00:00:00,1 days 00:00:00,24,16.75,-106.0,979.7,72.6
2026-09-24,EP172026,40,2026-09-25 06:00:00,1 days 06:00:00,30,16.88,-107.12,978.4,74.3
2026-09-24,EP172026,40,2026-09-25 12:00:00,1 days 12:00:00,36,17.0,-108.25,977.1,76.0
2026-09-24,EP172026,40,2026-09-25 18:00:00,1 days 18:00:00,42,17.13,-109.0,975.5,77.9
2026-09-24,EP172026,40,2026-09-26 00:00:00,2 days 00:00:00,48,17.25,-109.75,973.9,79.9
2026-09-24,EP172026,40,2026-09-26 06:00:00,2 days 06:00:00,54,17.63,-110.5,972.2,82.0
2026-09-24,EP172026,40,2026-09-26 12:00:00,2 days 12:00:00,60,18.0,-111.25,970.5,84.0
2026-09-24,EP172026,40,2026-09-26 18:00:00,2 days 18:00:00,66,18.75,-111.75,967.8,87.2
2026-09-24,EP172026,40,2026-09-27 00:00:00,3 days 00:00:00,72,19.5,-112.25,965.1,90.3
2026-09-24,EP172026,40,2026-09-27 06:00:00,3 days 06:00:00,78,20.5,-112.62,965.5,89.9
2026-09-24,EP172026,40,2026-09-27 12:00:00,3 days 12:00:00,84,21.5,-113.0,966.0,89.4
2026-09-24,EP172026,40,2026-09-27 18:00:00,3 days 18:00:00,90,22.75,-113.12,967.9,87.1
2026-09-24,EP172026,40,2026-09-28 00:00:00,4 days 00:00:00,96,24.0,-113.25,969.8,84.9
2026-09-24,IO012026,40,2026-09-24 00:00:00,0 days 00:00:00,0,18.5,84.0,986.5,63.6
2026-09-24,IO012026,40,2026-09-24 06:00:00,0 days 06:00:00,6,19.13,83.5,989.1,60.0
2026-09-24,IO012026,40,2026-09-24 12:00:00,0 days 12:00:00,12,19.75,83.0,991.7,56.3
2026-09-24,IO012026,40,2026-09-24 18:00:00,0 days 18:00:00,18,20.13,83.25,992.2,55.6
2026-09-24,IO012026,40,2026-09-25 00:00:00,1 days 00:00:00,24,20.5,83.5,992.7,54.9
2026-09-24,IO012026,40,2026-09-25 06:00:00,1 days 06:00:00,30,21.13,82.5,992.8,54.7
2026-09-24,IO012026,40,2026-09-25 12:00:00,1 days 12:00:00,36,21.75,81.5,993.0,54.5
2026-09-24,IO012026,40,2026-09-25 18:00:00,1 days 18:00:00,42,22.0,81.5,994.4,52.4
2026-09-24,IO012026,40,2026-09-26 00:00:00,2 days 00:00:00,48,22.25,81.5,995.8,50.3
2026-09-24,IO012026,40,2026-09-26 06:00:00,2 days 06:00:00,54,23.75,81.01,995.8,50.3
2026-09-24,IO012026,40,2026-09-26 12:00:00,2 days 12:00:00,60,25.25,80.5,995.8,50.3
2026-09-24,IO012026,40,2026-09-26 18:00:00,2 days 18:00:00,66,25.88,80.25,996.4,49.2
2026-09-24,IO012026,40,2026-09-27 00:00:00,3 days 00:00:00,72,26.5,80.0,997.1,48.2
2026-09-24,WP252026,40,2026-09-24 00:00:00,0 days 00:00:00,0,18.0,134.5,1003.5,37.8
2026-09-24,WP252026,40,2026-09-24 06:00:00,0 days 06:00:00,6,18.5,133.13,1001.8,40.5
2026-09-24,WP252026,40,2026-09-24 12:00:00,0 days 12:00:00,12,19.0,131.75,1000.2,43.3
2026-09-24,WP252026,40,2026-09-24 18:00:00,0 days 18:00:00,18,19.38,130.75,999.8,44.0
2026-09-24,WP252026,40,2026-09-25 00:00:00,1 days 00:00:00,24,19.75,129.75,999.4,44.6
2026-09-24,WP252026,40,2026-09-25 06:00:00,1 days 06:00:00,30,20.38,129.0,997.8,47.1
2026-09-24,WP252026,40,2026-09-25 12:00:00,1 days 12:00:00,36,21.0,128.25,996.2,49.6
2026-09-24,WP252026,40,2026-09-25 18:00:00,1 days 18:00:00,42,21.5,127.63,997.6,47.5
2026-09-24,WP252026,40,2026-09-26 00:00:00,2 days 00:00:00,48,22.0,127.0,999.0,45.3
2026-09-24,WP252026,40,2026-09-26 06:00:00,2 days 06:00:00,54,22.63,126.75,996.5,49.1
2026-09-24,WP252026,40,2026-09-26 12:00:00,2 days 12:00:00,60,23.25,126.5,994.0,53.0
2026-09-24,WP252026,40,2026-09-26 18:00:00,2 days 18:00:00,66,23.88,126.62,991.1,57.1
2026-09-24,WP252026,40,2026-09-27 00:00:00,3 days 00:00:00,72,24.5,126.75,988.2,61.2
2026-09-24,WP252026,40,2026-09-27 06:00:00,3 days 06:00:00,78,24.88,127.25,985.9,64.4
2026-09-24,WP252026,40,2026-09-27 12:00:00,3 days 12:00:00,84,25.25,127.75,983.5,67.7
2026-09-24,WP252026,40,2026-09-27 18:00:00,3 days 18:00:00,90,25.75,128.37,984.3,66.6
2026-09-24,WP252026,40,2026-09-28 00:00:00,4 days 00:00:00,96,26.25,129.0,985.1,65.4
2026-09-24,WP252026,40,2026-09-28 06:00:00,4 days 06:00:00,102,26.38,129.62,987.3,62.5
2026-09-24,WP252026,40,2026-09-28 12:00:00,4 days 12:00:00,108,26.5,130.25,989.4,59.6
2026-09-24,WP252026,40,2026-09-28 18:00:00,4 days 18:00:00,114,26.75,130.87,991.6,56.3
2026-09-24,WP252026,40,2026-09-29 00:00:00,5 days 00:00:00,120,27.0,131.5,993.9,53.1
2026-09-24,WP252026,40,2026-09-29 06:00:00,5 days 06:00:00,126,27.13,132.25,995.4,50.9
2026-09-24,WP252026,40,2026-09-29 12:00:00,5 days 12:00:00,132,27.25,133.0,996.8,48.6
2026-09-24,WP252026,40,2026-09-29 18:00:00,5 days 18:00:00,138,27.63,133.37,998.1,46.7
2026-09-24,WP252026,40,2026-09-30 00:00:00,6 days 00:00:00,144,28.0,133.75,999.3,44.8
2026-09-24,WP252026,40,2026-09-30 06:00:00,6 days 06:00:00,150,28.63,134.12,1000.1,43.4
2026-09-24,WP252026,40,2026-09-30 12:00:00,6 days 12:00:00,156,29.25,134.5,1001.0,42.0
2026-09-24,WP252026,40,2026-09-30 18:00:00,6 days 18:00:00,162,30.76,135.73,999.6,44.3
2026-09-24,WP252026,40,2026-10-01 00:00:00,7 days 00:00:00,168,32.25,137.0,998.2,46.5
2026-09-24,WP252026,40,2026-10-01 06:00:00,7 days 06:00:00,174,34.54,139.92,996.8,48.7
2026-09-24,WP252026,40,2026-10-01 12:00:00,7 days 12:00:00,180,36.75,143.0,995.4,50.8
2026-09-24,WP252026,40,2026-10-01 18:00:00,7 days 18:00:00,186,39.6,147.68,994.4,52.4
2026-09-24,WP252026,40,2026-10-02 00:00:00,8 days 00:00:00,192,42.25,152.75,993.3,54.0
2026-09-24,EP152026,41,2026-09-24 00:00:00,0 days 00:00:00,0,14.5,-155.5,1000.6,42.7
2026-09-24,EP152026,41,2026-09-24 06:00:00,0 days 06:00:00,6,14.63,-155.75,998.7,45.7
2026-09-24,EP152026,41,2026-09-24 12:00:00,0 days 12:00:00,12,14.75,-156.0,996.8,48.7
2026-09-24,EP152026,41,2026-09-24 18:00:00,0 days 18:00:00,18,15.0,-155.88,993.9,53.1
2026-09-24,EP152026,41,2026-09-25 00:00:00,1 days 00:00:00,24,15.25,-155.75,990.9,57.5
2026-09-24,EP152026,41,2026-09-25 06:00:00,1 days 06:00:00,30,15.63,-155.63,989.9,58.9
2026-09-24,EP152026,41,2026-09-25 12:00:00,1 days 12:00:00,36,16.0,-155.5,988.8,60.4
2026-09-24,EP152026,41,2026-09-25 18:00:00,1 days 18:00:00,42,16.75,-155.38,988.7,60.6
2026-09-24,EP152026,41,2026-09-26 00:00:00,2 days 00:00:00,48,17.5,-155.25,988.5,60.8
2026-09-24,EP152026,41,2026-09-26 06:00:00,2 days 06:00:00,54,18.0,-155.25,988.7,60.6
2026-09-24,EP152026,41,2026-09-26 12:00:00,2 days 12:00:00,60,18.5,-155.25,988.8,60.4
2026-09-24,EP152026,41,2026-09-26 18:00:00,2 days 18:00:00,66,19.13,-156.0,991.5,56.5
2026-09-24,EP152026,41,2026-09-27 00:00:00,3 days 00:00:00,72,19.75,-156.75,994.2,52.6
2026-09-24,EP152026,41,2026-09-27 06:00:00,3 days 06:00:00,78,19.38,-157.63,995.5,50.6
2026-09-24,EP152026,41,2026-09-27 12:00:00,3 days 12:00:00,84,19.0,-158.5,996.8,48.7
2026-09-24,EP152026,41,2026-09-27 18:00:00,3 days 18:00:00,90,18.88,-159.5,997.6,47.4
2026-09-24,EP152026,41,2026-09-28 00:00:00,4 days 00:00:00,96,18.75,-160.5,998.4,46.2
2026-09-24,EP152026,41,2026-09-28 06:00:00,4 days 06:00:00,102,18.88,-161.62,999.7,44.2
2026-09-24,EP152026,41,2026-09-28 12:00:00,4 days 12:00:00,108,19.0,-162.75,1000.9,42.2
2026-09-24,EP152026,41,2026-09-28 18:00:00,4 days 18:00:00,114,19.75,-163.5,1001.9,40.5
2026-09-24,EP152026,41,2026-09-29 00:00:00,5 days 00:00:00,120,20.5,-164.25,1002.8,38.9
2026-09-24,EP152026,41,2026-09-29 06:00:00,5 days 06:00:00,126,21.88,-165.12,1001.2,41.6
2026-09-24,EP152026,41,2026-09-29 12:00:00,5 days 12:00:00,132,23.25,-166.0,999.6,44.3
2026-09-24,EP152026,41,2026-09-29 18:00:00,5 days 18:00:00,138,24.38,-166.37,995.9,49.9
2026-09-24,EP152026,41,2026-09-30 00:00:00,6 days 00:00:00,144,25.5,-166.75,992.2,55.6
2026-09-24,EP152026,41,2026-09-30 06:00:00,6 days 06:00:00,150,25.38,-167.5,989.2,59.8
2026-09-24,EP152026,41,2026-09-30 12:00:00,6 days 12:00:00,156,25.25,-168.25,986.2,64.0
2026-09-24,EP152026,41,2026-09-30 18:00:00,6 days 18:00:00,162,24.88,-169.38,986.6,63.5
2026-09-24,EP152026,41,2026-10-01 00:00:00,7 days 00:00:00,168,24.5,-170.5,987.0,63.0
2026-09-24,EP152026,41,2026-10-01 06:00:00,7 days 06:00:00,174,24.25,-171.38,986.8,63.2
2026-09-24,EP152026,41,2026-10-01 12:00:00,7 days 12:00:00,180,24.0,-172.25,986.6,63.4
2026-09-24,EP152026,41,2026-10-01 18:00:00,7 days 18:00:00,186,23.88,-173.63,983.4,67.7
2026-09-24,EP152026,41,2026-10-02 00:00:00,8 days 00:00:00,192,23.75,-175.0,980.3,71.9
2026-09-24,EP152026,41,2026-10-02 06:00:00,8 days 06:00:00,198,23.63,-176.63,978.0,74.8
2026-09-24,EP152026,41,2026-10-02 12:00:00,8 days 12:00:00,204,23.5,-178.25,975.7,77.6
2026-09-24,EP152026,41,2026-10-02 18:00:00,8 days 18:00:00,210,23.76,-179.62,973.0,81.0
2026-09-24,EP152026,41,2026-10-03 00:00:00,9 days 00:00:00,216,24.0,179.0,970.3,84.3
2026-09-24,EP152026,41,2026-10-03 06:00:00,9 days 06:00:00,222,24.51,177.51,972.0,82.1
2026-09-24,EP152026,41,2026-10-03 12:00:00,9 days 12:00:00,228,25.0,176.0,973.8,80.0
2026-09-24,EP152026,41,2026-10-03 18:00:00,9 days 18:00:00,234,25.51,174.76,973.9,79.9
2026-09-24,EP152026,41,2026-10-04 00:00:00,10 days 00:00:00,240,26.0,173.5,973.9,79.9
2026-09-24,EP152026,41,2026-10-04 06:00:00,10 days 06:00:00,246,26.38,172.38,972.1,82.1
2026-09-24,EP152026,41,2026-10-04 12:00:00,10 days 12:00:00,252,26.75,171.25,970.3,84.3
2026-09-24,EP152026,41,2026-10-04 18:00:00,10 days 18:00:00,258,27.13,170.5,972.0,82.2
2026-09-24,EP152026,41,2026-10-05 00:00:00,11 days 00:00:00,264,27.5,169.75,973.8,80.1
2026-09-24,EP152026,41,2026-10-05 06:00:00,11 days 06:00:00,270,28.25,169.01,975.8,77.5
2026-09-24,EP152026,41,2026-10-05 12:00:00,11 days 12:00:00,276,29.0,168.25,977.8,75.0
2026-09-24,EP152026,41,2026-10-05 18:00:00,11 days 18:00:00,282,30.13,167.63,978.8,73.7
2026-09-24,EP152026,41,2026-10-06 00:00:00,12 days 00:00:00,288,31.25,167.0,979.8,72.4
2026-09-24,EP152026,41,2026-10-06 06:00:00,12 days 06:00:00,294,32.88,167.0,983.7,67.3
2026-09-24,EP152026,41,2026-10-06 12:00:00,12 days 12:00:00,300,34.5,167.0,987.5,62.3
2026-09-24,EP152026,41,2026-10-06 18:00:00,12 days 18:00:00,306,36.26,168.34,989.6,59.3
2026-09-24,EP152026,41,2026-10-07 00:00:00,13 days 00:00:00,312,38.0,169.75,991.7,56.3
2026-09-24,EP152026,41,2026-10-07 06:00:00,13 days 06:00:00,318,39.92,172.91,994.6,52.0
2026-09-24,EP152026,41,2026-10-07 12:00:00,13 days 12:00:00,324,41.75,176.25,997.4,47.7
2026-09-24,EP152026,41,2026-10-07 18:00:00,13 days 18:00:00,330,42.46,-179.29,998.2,46.5
2026-09-24,EP152026,41,2026-10-08 00:00:00,14 days 00:00:00,336,43.0,-174.75,999.0,45.3
2026-09-24,EP162026,41,2026-09-24 00:00:00,0 days 00:00:00,0,15.5,-126.75,971.6,82.7
2026-09-24,EP162026,41,2026-09-24 06:00:00,0 days 06:00:00,6,15.75,-126.25,978.1,74.5
2026-09-24,EP162026,41,2026-09-24 12:00:00,0 days 12:00:00,12,16.0,-125.75,984.5,66.3
2026-09-24,EP162026,41,2026-09-24 18:00:00,0 days 18:00:00,18,16.63,-125.13,985.2,65.3
2026-09-24,EP162026,41,2026-09-25 00:00:00,1 days 00:00:00,24,17.25,-124.5,986.0,64.3
2026-09-24,EP162026,41,2026-09-25 06:00:00,1 days 06:00:00,30,17.75,-124.38,984.9,65.7
2026-09-24,EP162026,41,2026-09-25 12:00:00,1 days 12:00:00,36,18.25,-124.25,983.9,67.1
2026-09-24,EP162026,41,2026-09-25 18:00:00,1 days 18:00:00,42,18.5,-124.13,984.6,66.2
2026-09-24,EP162026,41,2026-09-26 00:00:00,2 days 00:00:00,48,18.75,-124.0,985.3,65.3
2026-09-24,EP162026,41,2026-09-26 06:00:00,2 days 06:00:00,54,19.13,-124.0,985.7,64.7
2026-09-24,EP162026,41,2026-09-26 12:00:00,2 days 12:00:00,60,19.5,-124.0,986.1,64.1
2026-09-24,EP162026,41,2026-09-26 18:00:00,2 days 18:00:00,66,19.87,-124.0,988.3,61.1
2026-09-24,EP162026,41,2026-09-27 00:00:00,3 days 00:00:00,72,20.25,-124.0,990.4,58.2
2026-09-24,EP162026,41,2026-09-27 06:00:00,3 days 06:00:00,78,20.63,-123.75,992.9,54.5
2026-09-24,EP162026,41,2026-09-27 12:00:00,3 days 12:00:00,84,21.0,-123.5,995.4,50.8
2026-09-24,EP162026,41,2026-09-27 18:00:00,3 days 18:00:00,90,23.18,-119.44,989.8,58.8
2026-09-24,EP162026,41,2026-09-28 00:00:00,4 days 00:00:00,96,25.25,-115.25,984.2,66.7
2026-09-24,EP162026,41,2026-09-28 06:00:00,4 days 06:00:00,102,26.38,-114.63,988.9,60.2
2026-09-24,EP162026,41,2026-09-28 12:00:00,4 days 12:00:00,108,27.5,-114.0,993.5,53.6
2026-09-24,EP162026,41,2026-09-28 18:00:00,4 days 18:00:00,114,28.51,-111.45,995.4,50.7
2026-09-24,EP162026,41,2026-09-29 00:00:00,5 days 00:00:00,120,29.48,-108.85,997.3,47.7
2026-09-24,EP162026,41,2026-09-29 06:00:00,5 days 06:00:00,126,30.39,-106.19,999.2,44.7
2026-09-24,EP162026,41,2026-09-29 12:00:00,5 days 12:00:00,132,31.25,-103.5,1001.1,41.8
2026-09-24,EP162026,41,2026-09-29 18:00:00,5 days 18:00:00,138,29.83,-102.33,1001.3,41.5
2026-09-24,EP162026,41,2026-09-30 00:00:00,6 days 00:00:00,144,28.39,-101.19,1001.4,41.3
2026-09-24,EP162026,41,2026-09-30 06:00:00,6 days 06:00:00,150,26.95,-100.08,1001.5,41.1
2026-09-24,EP162026,41,2026-09-30 12:00:00,6 days 12:00:00,156,25.5,-99.0,1001.7,40.9
2026-09-24,EP172026,41,2026-09-24 00:00:00,0 days 00:00:00,0,15.75,-102.25,970.5,84.0
2026-09-24,EP172026,41,2026-09-24 06:00:00,0 days 06:00:00,6,16.13,-103.12,973.6,80.3
2026-09-24,EP172026,41,2026-09-24 12:00:00,0 days 12:00:00,12,16.5,-104.0,976.6,76.6
2026-09-24,EP172026,41,2026-09-24 18:00:00,0 days 18:00:00,18,16.75,-105.0,976.1,77.1
2026-09-24,EP172026,41,2026-09-25 00:00:00,1 days 00:00:00,24,17.0,-106.0,975.6,77.7
2026-09-24,EP172026,41,2026-09-25 06:00:00,1 days 06:00:00,30,17.13,-106.75,976.2,77.0
2026-09-24,EP172026,41,2026-09-25 12:00:00,1 days 12:00:00,36,17.25,-107.5,976.8,76.3
2026-09-24,EP172026,41,2026-09-25 18:00:00,1 days 18:00:00,42,17.5,-108.37,974.7,78.8
2026-09-24,EP172026,41,2026-09-26 00:00:00,2 days 00:00:00,48,17.75,-109.25,972.7,81.3
2026-09-24,EP172026,41,2026-09-26 06:00:00,2 days 06:00:00,54,18.13,-110.37,971.6,82.7
2026-09-24,EP172026,41,2026-09-26 12:00:00,2 days 12:00:00,60,18.5,-111.5,970.5,84.1
2026-09-24,EP172026,41,2026-09-26 18:00:00,2 days 18:00:00,66,19.13,-112.37,968.3,86.6
2026-09-24,EP172026,41,2026-09-27 00:00:00,3 days 00:00:00,72,19.75,-113.25,966.1,89.2
2026-09-24,EP172026,41,2026-09-27 06:00:00,3 days 06:00:00,78,21.0,-113.99,972.2,81.8
2026-09-24,EP172026,41,2026-09-27 12:00:00,3 days 12:00:00,84,22.25,-114.75,978.2,74.5
2026-09-24,EP172026,41,2026-09-27 18:00:00,3 days 18:00:00,90,23.75,-115.0,981.2,70.6
2026-09-24,EP172026,41,2026-09-28 00:00:00,4 days 00:00:00,96,25.25,-115.25,984.2,66.7
2026-09-24,IO012026,41,2026-09-24 00:00:00,0 days 00:00:00,0,18.5,84.0,986.5,63.6
2026-09-24,IO012026,41,2026-09-24 06:00:00,0 days 06:00:00,6,18.38,84.0,988.8,60.3
2026-09-24,IO012026,41,2026-09-24 12:00:00,0 days 12:00:00,12,18.25,84.0,991.2,57.1
2026-09-24,IO012026,41,2026-09-24 18:00:00,0 days 18:00:00,18,19.25,83.38,991.7,56.3
2026-09-24,IO012026,41,2026-09-25 00:00:00,1 days 00:00:00,24,20.25,82.75,992.2,55.5
2026-09-24,IO012026,41,2026-09-25 06:00:00,1 days 06:00:00,30,20.88,82.38,993.0,54.3
2026-09-24,IO012026,41,2026-09-25 12:00:00,1 days 12:00:00,36,21.5,82.0,993.8,53.2
2026-09-24,IO012026,41,2026-09-25 18:00:00,1 days 18:00:00,42,22.63,81.75,995.0,51.4
2026-09-24,IO012026,41,2026-09-26 00:00:00,2 days 00:00:00,48,23.75,81.5,996.2,49.7
2026-09-24,IO012026,41,2026-09-26 06:00:00,2 days 06:00:00,54,25.0,80.88,996.9,48.6
2026-09-24,IO012026,41,2026-09-26 12:00:00,2 days 12:00:00,60,26.25,80.25,997.6,47.5
2026-09-24,IO012026,41,2026-09-26 18:00:00,2 days 18:00:00,66,27.0,79.75,998.9,45.4
2026-09-24,IO012026,41,2026-09-27 00:00:00,3 days 00:00:00,72,27.75,79.25,1000.2,43.4
2026-09-24,WP252026,41,2026-09-24 00:00:00,0 days 00:00:00,0,18.0,134.5,1003.5,37.8
2026-09-24,WP252026,41,2026-09-24 06:00:00,0 days 06:00:00,6,18.5,133.38,1004.6,35.7
2026-09-24,WP252026,41,2026-09-24 12:00:00,0 days 12:00:00,12,19.0,132.25,1005.8,33.7
2026-09-24,WP252026,41,2026-09-24 18:00:00,0 days 18:00:00,18,19.38,131.0,1004.8,35.5
2026-09-24,WP252026,41,2026-09-25 00:00:00,1 days 00:00:00,24,19.75,129.75,1003.8,37.3
2026-09-24,WP252026,41,2026-09-25 06:00:00,1 days 06:00:00,30,20.5,129.13,1003.1,38.5
2026-09-24,WP252026,41,2026-09-25 12:00:00,1 days 12:00:00,36,21.25,128.5,1002.4,39.7
2026-09-24,WP252026,41,2026-09-25 18:00:00,1 days 18:00:00,42,21.88,127.88,999.4,44.5
2026-09-24,WP252026,41,2026-09-26 00:00:00,2 days 00:00:00,48,22.5,127.25,996.4,49.4
2026-09-24,WP252026,41,2026-09-26 06:00:00,2 days 06:00:00,54,23.0,127.13,994.6,52.0
2026-09-24,WP252026,41,2026-09-26 12:00:00,2 days 12:00:00,60,23.5,127.0,992.9,54.6
2026-09-24,WP252026,41,2026-09-26 18:00:00,2 days 18:00:00,66,24.13,127.12,988.8,60.3
2026-09-24,WP252026,41,2026-09-27 00:00:00,3 days 00:00:00,72,24.75,127.25,984.6,66.1
2026-09-24,WP252026,41,2026-09-27 06:00:00,3 days 06:00:00,78,25.25,128.0,982.4,69.0
2026-09-24,WP252026,41,2026-09-27 12:00:00,3 days 12:00:00,84,25.75,128.75,980.2,71.9
2026-09-24,WP252026,41,2026-09-27 18:00:00,3 days 18:00:00,90,26.38,129.87,983.0,68.2
2026-09-24,WP252026,41,2026-09-28 00:00:00,4 days 00:00:00,96,27.0,131.0,985.8,64.5
2026-09-24,WP252026,41,2026-09-28 06:00:00,4 days 06:00:00,102,27.51,132.37,987.3,62.4
2026-09-24,WP252026,41,2026-09-28 12:00:00,4 days 12:00:00,108,28.0,133.75,988.9,60.3
2026-09-24,WP252026,41,2026-09-28 18:00:00,4 days 18:00:00,114,28.63,134.74,992.5,55.0
2026-09-24,WP252026,41,2026-09-29 00:00:00,5 days 00:00:00,120,29.25,135.75,996.2,49.6
2026-09-24,WP252026,41,2026-09-29 06:00:00,5 days 06:00:00,126,30.38,136.86,997.7,47.3
2026-09-24,WP252026,41,2026-09-29 12:00:00,5 days 12:00:00,132,31.5,138.0,999.2,45.0
2026-09-24,WP252026,41,2026-09-29 18:00:00,5 days 18:00:00,138,32.77,139.97,999.4,44.7
2026-09-24,WP252026,41,2026-09-30 00:00:00,6 days 00:00:00,144,34.0,142.0,999.5,44.4
2026-09-24,EP152026,42,2026-09-24 00:00:00,0 days 00:00:00,0,14.5,-155.5,1000.6,42.7
2026-09-24,EP152026,42,2026-09-24 06:00:00,0 days 06:00:00,6,14.63,-155.87,999.5,44.3
2026-09-24,EP152026,42,2026-09-24 12:00:00,0 days 12:00:00,12,14.75,-156.25,998.5,46.0
2026-09-24,EP152026,42,2026-09-24 18:00:00,0 days 18:00:00,18,15.0,-156.13,994.2,52.5
2026-09-24,EP152026,42,2026-09-25 00:00:00,1 days 00:00:00,24,15.25,-156.0,989.9,58.9
2026-09-24,EP152026,42,2026-09-25 06:00:00,1 days 06:00:00,30,15.88,-155.88,986.7,63.3
2026-09-24,EP152026,42,2026-09-25 12:00:00,1 days 12:00:00,36,16.5,-155.75,983.4,67.8
2026-09-24,EP152026,42,2026-09-25 18:00:00,1 days 18:00:00,42,17.38,-155.63,983.3,68.0
2026-09-24,EP152026,42,2026-09-26 00:00:00,2 days 00:00:00,48,18.25,-155.5,983.1,68.2
2026-09-24,EP152026,42,2026-09-26 06:00:00,2 days 06:00:00,54,18.75,-155.75,987.7,61.9
2026-09-24,EP152026,42,2026-09-26 12:00:00,2 days 12:00:00,60,19.25,-156.0,992.2,55.6
2026-09-24,EP152026,42,2026-09-26 18:00:00,2 days 18:00:00,66,19.5,-156.37,990.4,58.1
2026-09-24,EP152026,42,2026-09-27 00:00:00,3 days 00:00:00,72,19.75,-156.75,988.7,60.6
2026-09-24,EP152026,42,2026-09-27 06:00:00,3 days 06:00:00,78,20.0,-157.62,991.4,56.7
2026-09-24,EP152026,42,2026-09-27 12:00:00,3 days 12:00:00,84,20.25,-158.5,994.1,52.8
2026-09-24,EP152026,42,2026-09-27 18:00:00,3 days 18:00:00,90,20.51,-159.87,994.7,51.8
2026-09-24,EP152026,42,2026-09-28 00:00:00,4 days 00:00:00,96,20.75,-161.25,995.4,50.9
2026-09-24,EP152026,42,2026-09-28 06:00:00,4 days 06:00:00,102,21.38,-162.37,996.9,48.6
2026-09-24,EP152026,42,2026-09-28 12:00:00,4 days 12:00:00,108,22.0,-163.5,998.3,46.3
2026-09-24,EP152026,42,2026-09-28 18:00:00,4 days 18:00:00,114,23.13,-164.37,997.7,47.2
2026-09-24,EP152026,42,2026-09-29 00:00:00,5 days 00:00:00,120,24.25,-165.25,997.1,48.2
2026-09-24,EP152026,42,2026-09-29 06:00:00,5 days 06:00:00,126,25.75,-166.11,996.9,48.5
2026-09-24,EP152026,42,2026-09-29 12:00:00,5 days 12:00:00,132,27.25,-167.0,996.8,48.8
2026-09-24,EP152026,42,2026-09-29 18:00:00,5 days 18:00:00,138,27.38,-167.62,993.2,54.0
2026-09-24,EP152026,42,2026-09-30 00:00:00,6 days 00:00:00,144,27.5,-168.25,989.7,59.2
2026-09-24,EP152026,42,2026-09-30 06:00:00,6 days 06:00:00,150,27.5,-168.75,993.3,53.9
2026-09-24,EP152026,42,2026-09-30 12:00:00,6 days 12:00:00,156,27.5,-169.25,996.9,48.5
2026-09-24,EP152026,42,2026-09-30 18:00:00,6 days 18:00:00,162,27.63,-170.12,996.3,49.5
2026-09-24,EP152026,42,2026-10-01 00:00:00,7 days 00:00:00,168,27.75,-171.0,995.7,50.4
2026-09-24,EP152026,42,2026-10-01 06:00:00,7 days 06:00:00,174,27.13,-172.01,995.5,50.7
2026-09-24,EP152026,42,2026-10-01 12:00:00,7 days 12:00:00,180,26.5,-173.0,995.3,50.9
2026-09-24,EP152026,42,2026-10-01 18:00:00,7 days 18:00:00,186,26.0,-173.38,995.6,50.6
2026-09-24,EP152026,42,2026-10-02 00:00:00,8 days 00:00:00,192,25.5,-173.75,995.8,50.2
2026-09-24,EP152026,42,2026-10-02 06:00:00,8 days 06:00:00,198,25.13,-174.25,997.3,47.9
2026-09-24,EP152026,42,2026-10-02 12:00:00,8 days 12:00:00,204,24.75,-174.75,998.8,45.6
2026-09-24,EP152026,42,2026-10-02 18:00:00,8 days 18:00:00,210,24.13,-176.13,1000.1,43.5
2026-09-24,EP152026,42,2026-10-03 00:00:00,9 days 00:00:00,216,23.5,-177.5,1001.4,41.3
2026-09-24,EP152026,42,2026-10-03 06:00:00,9 days 06:00:00,222,23.27,-179.75,1002.3,39.8
2026-09-24,EP152026,42,2026-10-03 12:00:00,9 days 12:00:00,228,23.0,178.0,1003.2,38.2
2026-09-24,EP152026,42,2026-10-03 18:00:00,9 days 18:00:00,234,23.02,175.62,1001.7,40.7
2026-09-24,EP152026,42,2026-10-04 00:00:00,10 days 00:00:00,240,23.0,173.25,1000.3,43.2
2026-09-24,EP152026,42,2026-10-04 06:00:00,10 days 06:00:00,246,23.13,171.5,1000.2,43.4
2026-09-24,EP152026,42,2026-10-04 12:00:00,10 days 12:00:00,252,23.25,169.75,1000.0,43.6
2026-09-24,EP152026,42,2026-10-04 18:00:00,10 days 18:00:00,258,23.88,168.38,1000.0,43.7
2026-09-24,EP152026,42,2026-10-05 00:00:00,11 days 00:00:00,264,24.5,167.0,999.9,43.8
2026-09-24,EP152026,42,2026-10-05 06:00:00,11 days 06:00:00,270,25.0,166.0,998.3,46.3
2026-09-24,EP152026,42,2026-10-05 12:00:00,11 days 12:00:00,276,25.5,165.0,996.7,48.8
2026-09-24,EP152026,42,2026-10-05 18:00:00,11 days 18:00:00,282,26.38,163.88,996.9,48.5
2026-09-24,EP152026,42,2026-10-06 00:00:00,12 days 00:00:00,288,27.25,162.75,997.2,48.1
2026-09-24,EP152026,42,2026-10-06 06:00:00,12 days 06:00:00,294,28.0,162.25,997.4,47.7
2026-09-24,EP152026,42,2026-10-06 12:00:00,12 days 12:00:00,300,28.75,161.75,997.7,47.3
2026-09-24,EP152026,42,2026-10-06 18:00:00,12 days 18:00:00,306,30.25,161.87,994.9,51.5
2026-09-24,EP152026,42,2026-10-07 00:00:00,13 days 00:00:00,312,31.75,162.0,992.2,55.6
2026-09-24,EP152026,42,2026-10-07 06:00:00,13 days 06:00:00,318,33.77,164.08,990.1,58.6
2026-09-24,EP152026,42,2026-10-07 12:00:00,13 days 12:00:00,324,35.75,166.25,988.0,61.6
2026-09-24,EP152026,42,2026-10-07 18:00:00,13 days 18:00:00,330,38.24,171.33,988.2,61.3
2026-09-24,EP152026,42,2026-10-08 00:00:00,14 days 00:00:00,336,40.5,176.75,988.4,60.9
2026-09-24,EP162026,42,2026-09-24 00:00:00,0 days 00:00:00,0,15.5,-126.75,971.6,82.7
2026-09-24,EP162026,42,2026-09-24 06:00:00,0 days 06:00:00,6,15.75,-126.13,977.2,75.7
2026-09-24,EP162026,42,2026-09-24 12:00:00,0 days 12:00:00,12,16.0,-125.5,982.7,68.7
2026-09-24,EP162026,42,2026-09-24 18:00:00,0 days 18:00:00,18,16.63,-124.88,986.0,64.2
2026-09-24,EP162026,42,2026-09-25 00:00:00,1 days 00:00:00,24,17.25,-124.25,989.4,59.7
2026-09-24,EP162026,42,2026-09-25 06:00:00,1 days 06:00:00,30,17.75,-124.0,987.1,62.8
2026-09-24,EP162026,42,2026-09-25 12:00:00,1 days 12:00:00,36,18.25,-123.75,984.8,65.9
2026-09-24,EP162026,42,2026-09-25 18:00:00,1 days 18:00:00,42,18.63,-123.63,983.3,68.0
2026-09-24,EP162026,42,2026-09-26 00:00:00,2 days 00:00:00,48,19.0,-123.5,981.7,70.0
2026-09-24,EP162026,42,2026-09-26 06:00:00,2 days 06:00:00,54,19.38,-123.38,982.6,68.8
2026-09-24,EP162026,42,2026-09-26 12:00:00,2 days 12:00:00,60,19.75,-123.25,983.5,67.6
2026-09-24,EP162026,42,2026-09-26 18:00:00,2 days 18:00:00,66,20.0,-123.37,988.1,61.3
2026-09-24,EP162026,42,2026-09-27 00:00:00,3 days 00:00:00,72,20.25,-123.5,992.7,54.9
2026-09-24,EP162026,42,2026-09-27 06:00:00,3 days 06:00:00,78,20.63,-123.25,995.3,50.9
2026-09-24,EP162026,42,2026-09-27 12:00:00,3 days 12:00:00,84,21.0,-123.0,997.9,46.9
2026-09-24,EP162026,42,2026-09-27 18:00:00,3 days 18:00:00,90,21.93,-118.78,986.7,62.4
2026-09-24,EP162026,42,2026-09-28 00:00:00,4 days 00:00:00,96,22.75,-114.5,975.5,77.9
2026-09-24,EP162026,42,2026-09-28 06:00:00,4 days 06:00:00,102,23.75,-114.62,974.8,78.8
2026-09-24,EP162026,42,2026-09-28 12:00:00,4 days 12:00:00,108,24.75,-114.75,974.1,79.7
2026-09-24,EP162026,42,2026-09-28 18:00:00,4 days 18:00:00,114,25.5,-114.25,981.2,70.4
2026-09-24,EP162026,42,2026-09-29 00:00:00,5 days 00:00:00,120,26.25,-113.75,988.3,61.2
2026-09-24,EP162026,42,2026-09-29 06:00:00,5 days 06:00:00,126,27.0,-113.13,992.8,54.5
2026-09-24,EP162026,42,2026-09-29 12:00:00,5 days 12:00:00,132,27.75,-112.5,997.4,47.8
2026-09-24,EP162026,42,2026-09-29 18:00:00,5 days 18:00:00,138,25.08,-111.18,996.9,48.5
2026-09-24,EP162026,42,2026-09-30 00:00:00,6 days 00:00:00,144,22.39,-109.9,996.5,49.1
2026-09-24,EP162026,42,2026-09-30 06:00:00,6 days 06:00:00,150,19.69,-108.68,996.1,49.8
2026-09-24,EP162026,42,2026-09-30 12:00:00,6 days 12:00:00,156,17.0,-107.5,995.6,50.5
2026-09-24,EP162026,42,2026-09-30 18:00:00,6 days 18:00:00,162,17.63,-107.87,994.7,51.9
2026-09-24,EP162026,42,2026-10-01 00:00:00,7 days 00:00:00,168,18.25,-108.25,993.7,53.3
2026-09-24,EP162026,42,2026-10-01 06:00:00,7 days 06:00:00,174,18.63,-109.37,993.7,53.3
2026-09-24,EP162026,42,2026-10-01 12:00:00,7 days 12:00:00,180,19.0,-110.5,993.7,53.4
2026-09-24,EP162026,42,2026-10-01 18:00:00,7 days 18:00:00,186,19.0,-111.25,993.8,53.2
2026-09-24,EP162026,42,2026-10-02 00:00:00,8 days 00:00:00,192,19.0,-112.0,993.9,53.1
2026-09-24,EP162026,42,2026-10-02 06:00:00,8 days 06:00:00,198,18.88,-112.63,993.8,53.2
2026-09-24,EP162026,42,2026-10-02 12:00:00,8 days 12:00:00,204,18.75,-113.25,993.8,53.3
2026-09-24,EP162026,42,2026-10-02 18:00:00,8 days 18:00:00,210,19.38,-113.87,994.0,52.9
2026-09-24,EP162026,42,2026-10-03 00:00:00,9 days 00:00:00,216,20.0,-114.5,994.2,52.6
2026-09-24,EP162026,42,2026-10-03 06:00:00,9 days 06:00:00,222,19.88,-115.0,995.2,51.1
2026-09-24,EP162026,42,2026-10-03 12:00:00,9 days 12:00:00,228,19.75,-115.5,996.2,49.6
2026-09-24,EP162026,42,2026-10-03 18:00:00,9 days 18:00:00,234,20.0,-115.87,995.6,50.6
2026-09-24,EP162026,42,2026-10-04 00:00:00,10 days 00:00:00,240,20.25,-116.25,994.9,51.6
2026-09-24,EP162026,42,2026-10-04 06:00:00,10 days 06:00:00,246,20.38,-116.37,994.1,52.8
2026-09-24,EP162026,42,2026-10-04 12:00:00,10 days 12:00:00,252,20.5,-116.5,993.3,54.0
2026-09-24,EP162026,42,2026-10-04 18:00:00,10 days 18:00:00,258,20.5,-117.13,994.2,52.7
2026-09-24,EP162026,42,2026-10-05 00:00:00,11 days 00:00:00,264,20.5,-117.75,995.0,51.5
2026-09-24,EP162026,42,2026-10-05 06:00:00,11 days 06:00:00,270,20.13,-118.13,993.8,53.2
2026-09-24,EP162026,42,2026-10-05 12:00:00,11 days 12:00:00,276,19.75,-118.5,992.7,54.9
2026-09-24,EP162026,42,2026-10-05 18:00:00,11 days 18:00:00,282,19.75,-119.0,993.0,54.4
2026-09-24,EP162026,42,2026-10-06 00:00:00,12 days 00:00:00,288,19.75,-119.5,993.3,53.9
2026-09-24,EP162026,42,2026-10-06 06:00:00,12 days 06:00:00,294,19.5,-119.75,994.0,52.9
2026-09-24,EP162026,42,2026-10-06 12:00:00,12 days 12:00:00,300,19.25,-120.0,994.7,51.9
2026-09-24,EP162026,42,2026-10-06 18:00:00,12 days 18:00:00,306,19.25,-120.13,992.8,54.7
2026-09-24,EP162026,42,2026-10-07 00:00:00,13 days 00:00:00,312,19.25,-120.25,990.9,57.5
2026-09-24,EP162026,42,2026-10-07 06:00:00,13 days 06:00:00,318,19.5,-119.63,991.0,57.3
2026-09-24,EP162026,42,2026-10-07 12:00:00,13 days 12:00:00,324,19.75,-119.0,991.1,57.1
2026-09-24,EP162026,42,2026-10-07 18:00:00,13 days 18:00:00,330,20.13,-118.25,992.2,55.6
2026-09-24,EP162026,42,2026-10-08 00:00:00,14 days 00:00:00,336,20.5,-117.5,993.2,54.1
2026-09-24,EP162026,42,2026-10-08 06:00:00,14 days 06:00:00,342,21.38,-116.75,993.3,53.9
2026-09-24,EP162026,42,2026-10-08 12:00:00,14 days 12:00:00,348,22.25,-116.0,993.5,53.7
2026-09-24,EP162026,42,2026-10-08 18:00:00,14 days 18:00:00,354,23.5,-115.5,994.1,52.8
2026-09-24,EP162026,42,2026-10-09 00:00:00,15 days 00:00:00,360,24.75,-115.0,994.7,52.0
2026-09-24,EP172026,42,2026-09-24 00:00:00,0 days 00:00:00,0,15.75,-102.25,970.5,84.0
2026-09-24,EP172026,42,2026-09-24 06:00:00,0 days 06:00:00,6,16.13,-103.12,976.5,76.5
2026-09-24,EP172026,42,2026-09-24 12:00:00,0 days 12:00:00,12,16.5,-104.0,982.4,69.1
2026-09-24,EP172026,42,2026-09-24 18:00:00,0 days 18:00:00,18,16.75,-104.87,981.5,70.3
2026-09-24,EP172026,42,2026-09-25 00:00:00,1 days 00:00:00,24,17.0,-105.75,980.5,71.5
2026-09-24,EP172026,42,2026-09-25 06:00:00,1 days 06:00:00,30,17.0,-106.62,980.2,71.9
2026-09-24,EP172026,42,2026-09-25 12:00:00,1 days 12:00:00,36,17.0,-107.5,979.9,72.3
2026-09-24,EP172026,42,2026-09-25 18:00:00,1 days 18:00:00,42,17.25,-108.25,974.4,79.2
2026-09-24,EP172026,42,2026-09-26 00:00:00,2 days 00:00:00,48,17.5,-109.0,968.8,86.0
2026-09-24,EP172026,42,2026-09-26 06:00:00,2 days 06:00:00,54,17.75,-110.0,970.1,84.5
2026-09-24,EP172026,42,2026-09-26 12:00:00,2 days 12:00:00,60,18.0,-111.0,971.4,82.9
2026-09-24,EP172026,42,2026-09-26 18:00:00,2 days 18:00:00,66,18.5,-111.75,971.6,82.7
2026-09-24,EP172026,42,2026-09-27 00:00:00,3 days 00:00:00,72,19.0,-112.5,971.7,82.5
2026-09-24,EP172026,42,2026-09-27 06:00:00,3 days 06:00:00,78,19.88,-113.0,968.5,86.4
2026-09-24,EP172026,42,2026-09-27 12:00:00,3 days 12:00:00,84,20.75,-113.5,965.3,90.2
2026-09-24,EP172026,42,2026-09-27 18:00:00,3 days 18:00:00,90,21.75,-114.0,970.4,84.0
2026-09-24,EP172026,42,2026-09-28 00:00:00,4 days 00:00:00,96,22.75,-114.5,975.5,77.9
2026-09-24,IO012026,42,2026-09-24 00:00:00,0 days 00:00:00,0,18.5,84.0,986.5,63.6
2026-09-24,IO012026,42,2026-09-24 06:00:00,0 days 06:00:00,6,18.5,83.88,988.7,60.5
2026-09-24,IO012026,42,2026-09-24 12:00:00,0 days 12:00:00,12,18.5,83.75,990.9,57.5
2026-09-24,IO012026,42,2026-09-24 18:00:00,0 days 18:00:00,18,19.25,83.25,990.9,57.4
2026-09-24,IO012026,42,2026-09-25 00:00:00,1 days 00:00:00,24,20.0,82.75,991.0,57.4
2026-09-24,IO012026,42,2026-09-25 06:00:00,1 days 06:00:00,30,21.0,82.38,991.7,56.2
2026-09-24,IO012026,42,2026-09-25 12:00:00,1 days 12:00:00,36,22.0,82.0,992.5,55.1
2026-09-24,IO012026,42,2026-09-25 18:00:00,1 days 18:00:00,42,23.0,81.5,993.6,53.6
2026-09-24,IO012026,42,2026-09-26 00:00:00,2 days 00:00:00,48,24.0,81.0,994.6,52.0
2026-09-24,IO012026,42,2026-09-26 06:00:00,2 days 06:00:00,54,25.0,80.75,995.1,51.3
2026-09-24,IO012026,42,2026-09-26 12:00:00,2 days 12:00:00,60,26.0,80.5,995.5,50.7
2026-09-24,IO012026,42,2026-09-26 18:00:00,2 days 18:00:00,66,26.88,80.25,997.6,47.5
2026-09-24,IO012026,42,2026-09-27 00:00:00,3 days 00:00:00,72,27.75,80.0,999.6,44.2
2026-09-24,WP252026,42,2026-09-24 00:00:00,0 days 00:00:00,0,18.0,134.5,1003.5,37.8
2026-09-24,WP252026,42,2026-09-24 06:00:00,0 days 06:00:00,6,18.63,133.38,1002.8,39.0
2026-09-24,WP252026,42,2026-09-24 12:00:00,0 days 12:00:00,12,19.25,132.25,1002.0,40.2
2026-09-24,WP252026,42,2026-09-24 18:00:00,0 days 18:00:00,18,19.75,131.0,999.9,43.7
2026-09-24,WP252026,42,2026-09-25 00:00:00,1 days 00:00:00,24,20.25,129.75,997.8,47.2
2026-09-24,WP252026,42,2026-09-25 06:00:00,1 days 06:00:00,30,20.88,129.0,999.0,45.2
2026-09-24,WP252026,42,2026-09-25 12:00:00,1 days 12:00:00,36,21.5,128.25,1000.3,43.2
2026-09-24,WP252026,42,2026-09-25 18:00:00,1 days 18:00:00,42,22.0,127.63,998.9,45.3
2026-09-24,WP252026,42,2026-09-26 00:00:00,2 days 00:00:00,48,22.5,127.0,997.6,47.5
2026-09-24,WP252026,42,2026-09-26 06:00:00,2 days 06:00:00,54,23.13,126.75,994.6,52.0
2026-09-24,WP252026,42,2026-09-26 12:00:00,2 days 12:00:00,60,23.75,126.5,991.5,56.5
2026-09-24,WP252026,42,2026-09-26 18:00:00,2 days 18:00:00,66,24.25,127.0,988.8,60.4
2026-09-24,WP252026,42,2026-09-27 00:00:00,3 days 00:00:00,72,24.75,127.5,986.1,64.2
2026-09-24,WP252026,42,2026-09-27 06:00:00,3 days 06:00:00,78,25.25,128.12,983.0,68.2
2026-09-24,WP252026,42,2026-09-27 12:00:00,3 days 12:00:00,84,25.75,128.75,979.9,72.3
2026-09-24,WP252026,42,2026-09-27 18:00:00,3 days 18:00:00,90,26.38,129.62,986.1,63.9
2026-09-24,WP252026,42,2026-09-28 00:00:00,4 days 00:00:00,96,27.0,130.5,992.2,55.5
2026-09-24,WP252026,42,2026-09-28 06:00:00,4 days 06:00:00,102,27.63,131.87,994.7,51.8
2026-09-24,WP252026,42,2026-09-28 12:00:00,4 days 12:00:00,108,28.25,133.25,997.2,48.1
2026-09-24,WP252026,42,2026-09-28 18:00:00,4 days 18:00:00,114,28.88,134.37,998.0,46.8
2026-09-24,WP252026,42,2026-09-29 00:00:00,5 days 00:00:00,120,29.5,135.5,998.9,45.4
2026-09-24,WP252026,42,2026-09-29 06:00:00,5 days 06:00:00,126,30.13,136.49,1000.5,42.9
2026-09-24,WP252026,42,2026-09-29 12:00:00,5 days 12:00:00,132,30.75,137.5,1002.0,40.3
2026-09-24,WP252026,42,2026-09-29 18:00:00,5 days 18:00:00,138,31.0,138.62,1002.9,38.8
2026-09-24,WP252026,42,2026-09-30 00:00:00,6 days 00:00:00,144,31.25,139.75,1003.8,37.3
2026-09-24,WP252026,42,2026-09-30 06:00:00,6 days 06:00:00,150,32.0,140.74,1003.9,37.1
2026-09-24,WP252026,42,2026-09-30 12:00:00,6 days 12:00:00,156,32.75,141.75,1004.0,37.0
2026-09-24,WP252026,42,2026-09-30 18:00:00,6 days 18:00:00,162,29.82,141.55,997.9,45.9
2026-09-24,WP252026,42,2026-10-01 00:00:00,7 days 00:00:00,168,26.88,141.36,991.8,54.9
2026-09-24,WP252026,42,2026-10-01 06:00:00,7 days 06:00:00,174,23.93,141.17,985.7,63.8
2026-09-24,WP252026,42,2026-10-01 12:00:00,7 days 12:00:00,180,21.0,141.0,979.6,72.8
2026-09-24,WP252026,42,2026-10-01 18:00:00,7 days 18:00:00,186,21.13,140.25,978.1,74.6
2026-09-24,WP252026,42,2026-10-02 00:00:00,8 days 00:00:00,192,21.25,139.5,976.7,76.5
2026-09-24,WP252026,42,2026-10-02 06:00:00,8 days 06:00:00,198,21.13,138.87,976.1,77.2
2026-09-24,WP252026,42,2026-10-02 12:00:00,8 days 12:00:00,204,21.0,138.25,975.5,77.9
2026-09-24,WP252026,42,2026-10-02 18:00:00,8 days 18:00:00,210,21.25,138.0,966.6,88.3
2026-09-24,WP252026,42,2026-10-03 00:00:00,9 days 00:00:00,216,21.5,137.75,957.8,98.7
2026-09-24,WP252026,42,2026-10-03 06:00:00,9 days 06:00:00,222,21.63,138.0,964.5,91.0
2026-09-24,WP252026,42,2026-10-03 12:00:00,9 days 12:00:00,228,21.75,138.25,971.2,83.2
2026-09-24,WP252026,42,2026-10-03 18:00:00,9 days 18:00:00,234,22.13,138.5,969.2,85.6
2026-09-24,WP252026,42,2026-10-04 00:00:00,10 days 00:00:00,240,22.5,138.75,967.2,88.0
2026-09-24,WP252026,42,2026-10-04 06:00:00,10 days 06:00:00,246,23.5,138.87,966.0,89.4
2026-09-24,WP252026,42,2026-10-04 12:00:00,10 days 12:00:00,252,24.5,139.0,964.8,90.8
2026-09-24,WP252026,42,2026-10-04 18:00:00,10 days 18:00:00,258,25.0,138.25,964.9,90.7
2026-09-24,WP252026,42,2026-10-05 00:00:00,11 days 00:00:00,264,25.5,137.5,965.0,90.5
2026-09-24,WP252026,42,2026-10-05 06:00:00,11 days 06:00:00,270,25.38,136.5,970.2,84.3
2026-09-24,WP252026,42,2026-10-05 12:00:00,11 days 12:00:00,276,25.25,135.5,975.4,78.0
2026-09-24,WP252026,42,2026-10-05 18:00:00,11 days 18:00:00,282,24.63,134.24,977.5,75.3
2026-09-24,WP252026,42,2026-10-06 00:00:00,12 days 00:00:00,288,24.0,133.0,979.7,72.7
2026-09-24,WP252026,42,2026-10-06 06:00:00,12 days 06:00:00,294,23.5,132.0,981.6,70.1
2026-09-24,WP252026,42,2026-10-06 12:00:00,12 days 12:00:00,300,23.0,131.0,983.6,67.5
2026-09-24,WP252026,42,2026-10-06 18:00:00,12 days 18:00:00,306,22.25,130.37,983.1,68.1
2026-09-24,WP252026,42,2026-10-07 00:00:00,13 days 00:00:00,312,21.5,129.75,982.7,68.7
2026-09-24,WP252026,42,2026-10-07 06:00:00,13 days 06:00:00,318,21.25,129.12,981.1,70.7
2026-09-24,WP252026,42,2026-10-07 12:00:00,13 days 12:00:00,324,21.0,128.5,979.6,72.7
2026-09-24,WP252026,42,2026-10-07 18:00:00,13 days 18:00:00,330,21.0,127.87,976.1,77.1
2026-09-24,WP252026,42,2026-10-08 00:00:00,14 days 00:00:00,336,21.0,127.25,972.5,81.6
2026-09-24,WP252026,42,2026-10-08 06:00:00,14 days 06:00:00,342,21.25,126.5,972.3,81.9
2026-09-24,WP252026,42,2026-10-08 12:00:00,14 days 12:00:00,348,21.5,125.75,972.0,82.2
2026-09-24,WP252026,42,2026-10-08 18:00:00,14 days 18:00:00,354,21.13,125.0,970.1,84.5
2026-09-24,WP252026,42,2026-10-09 00:00:00,15 days 00:00:00,360,20.75,124.25,968.1,86.8
2026-09-24,EP152026,43,2026-09-24 00:00:00,0 days 00:00:00,0,14.5,-155.5,1000.6,42.7
2026-09-24,EP152026,43,2026-09-24 06:00:00,0 days 06:00:00,6,14.75,-155.75,998.8,45.6
2026-09-24,EP152026,43,2026-09-24 12:00:00,0 days 12:00:00,12,15.0,-156.0,996.9,48.5
2026-09-24,EP152026,43,2026-09-24 18:00:00,0 days 18:00:00,18,15.25,-156.12,993.4,53.7
2026-09-24,EP152026,43,2026-09-25 00:00:00,1 days 00:00:00,24,15.5,-156.25,989.9,58.8
2026-09-24,EP152026,43,2026-09-25 06:00:00,1 days 06:00:00,30,16.0,-156.13,989.3,59.7
2026-09-24,EP152026,43,2026-09-25 12:00:00,1 days 12:00:00,36,16.5,-156.0,988.7,60.6
2026-09-24,EP152026,43,2026-09-25 18:00:00,1 days 18:00:00,42,17.13,-155.75,987.2,62.7
2026-09-24,EP152026,43,2026-09-26 00:00:00,2 days 00:00:00,48,17.75,-155.5,985.7,64.7
2026-09-24,EP152026,43,2026-09-26 06:00:00,2 days 06:00:00,54,18.25,-155.75,989.5,59.4
2026-09-24,EP152026,43,2026-09-26 12:00:00,2 days 12:00:00,60,18.75,-156.0,993.3,54.0
2026-09-24,EP152026,43,2026-09-26 18:00:00,2 days 18:00:00,66,19.13,-156.5,995.1,51.3
2026-09-24,EP152026,43,2026-09-27 00:00:00,3 days 00:00:00,72,19.5,-157.0,996.9,48.6
2026-09-24,EP152026,43,2026-09-27 06:00:00,3 days 06:00:00,78,19.63,-158.12,998.0,46.9
2026-09-24,EP152026,43,2026-09-27 12:00:00,3 days 12:00:00,84,19.75,-159.25,999.1,45.2
2026-09-24,EP152026,43,2026-09-27 18:00:00,3 days 18:00:00,90,19.75,-160.25,999.8,44.0
2026-09-24,EP152026,43,2026-09-28 00:00:00,4 days 00:00:00,96,19.75,-161.25,1000.5,42.9
2026-09-24,EP162026,43,2026-09-24 00:00:00,0 days 00:00:00,0,15.5,-126.75,971.6,82.7
2026-09-24,EP162026,43,2026-09-24 06:00:00,0 days 06:00:00,6,15.88,-126.25,974.4,79.2
2026-09-24,EP162026,43,2026-09-24 12:00:00,0 days 12:00:00,12,16.25,-125.75,977.2,75.8
2026-09-24,EP162026,43,2026-09-24 18:00:00,0 days 18:00:00,18,16.75,-125.0,979.0,73.5
2026-09-24,EP162026,43,2026-09-25 00:00:00,1 days 00:00:00,24,17.25,-124.25,980.8,71.2
2026-09-24,EP162026,43,2026-09-25 06:00:00,1 days 06:00:00,30,17.63,-124.0,982.2,69.3
2026-09-24,EP162026,43,2026-09-25 12:00:00,1 days 12:00:00,36,18.0,-123.75,983.7,67.4
2026-09-24,EP162026,43,2026-09-25 18:00:00,1 days 18:00:00,42,18.38,-123.75,985.8,64.5
2026-09-24,EP162026,43,2026-09-26 00:00:00,2 days 00:00:00,48,18.75,-123.75,988.0,61.6
2026-09-24,EP162026,43,2026-09-26 06:00:00,2 days 06:00:00,54,19.13,-124.0,988.9,60.3
2026-09-24,EP162026,43,2026-09-26 12:00:00,2 days 12:00:00,60,19.5,-124.25,989.8,59.1
2026-09-24,EP162026,43,2026-09-26 18:00:00,2 days 18:00:00,66,19.87,-124.25,991.3,56.9
2026-09-24,EP162026,43,2026-09-27 00:00:00,3 days 00:00:00,72,20.25,-124.25,992.9,54.6
2026-09-24,EP162026,43,2026-09-27 06:00:00,3 days 06:00:00,78,20.08,-118.87,981.2,69.9
2026-09-24,EP162026,43,2026-09-27 12:00:00,3 days 12:00:00,84,19.75,-113.5,969.6,85.1
2026-09-24,EP162026,43,2026-09-27 18:00:00,3 days 18:00:00,90,20.38,-113.75,971.3,83.0
2026-09-24,EP162026,43,2026-09-28 00:00:00,4 days 00:00:00,96,21.0,-114.0,973.1,80.9
2026-09-24,EP162026,43,2026-09-28 06:00:00,4 days 06:00:00,102,21.75,-114.12,975.5,77.9
2026-09-24,EP162026,43,2026-09-28 12:00:00,4 days 12:00:00,108,22.5,-114.25,977.9,74.9
2026-09-24,EP162026,43,2026-09-28 18:00:00,4 days 18:00:00,114,23.13,-114.37,978.0,74.8
2026-09-24,EP162026,43,2026-09-29 00:00:00,5 days 00:00:00,120,23.75,-114.5,978.0,74.7
2026-09-24,EP162026,43,2026-09-29 06:00:00,5 days 06:00:00,126,23.88,-114.13,982.0,69.6
2026-09-24,EP162026,43,2026-09-29 12:00:00,5 days 12:00:00,132,24.0,-113.75,985.9,64.4
2026-09-24,EP162026,43,2026-09-29 18:00:00,5 days 18:00:00,138,24.0,-113.63,989.8,58.9
2026-09-24,EP162026,43,2026-09-30 00:00:00,6 days 00:00:00,144,24.0,-113.5,993.6,53.5
2026-09-24,EP162026,43,2026-09-30 06:00:00,6 days 06:00:00,150,23.88,-113.88,995.7,50.3
2026-09-24,EP162026,43,2026-09-30 12:00:00,6 days 12:00:00,156,23.75,-114.25,997.8,47.2
2026-09-24,EP162026,43,2026-09-30 18:00:00,6 days 18:00:00,162,20.8,-109.92,999.0,45.2
2026-09-24,EP162026,43,2026-10-01 00:00:00,7 days 00:00:00,168,17.75,-105.75,1000.3,43.2
2026-09-24,EP162026,43,2026-10-01 06:00:00,7 days 06:00:00,174,17.63,-106.0,999.4,44.6
2026-09-24,EP162026,43,2026-10-01 12:00:00,7 days 12:00:00,180,17.5,-106.25,998.4,46.1
2026-09-24,EP162026,43,2026-10-01 18:00:00,7 days 18:00:00,186,17.75,-107.0,999.4,44.7
2026-09-24,EP162026,43,2026-10-02 00:00:00,8 days 00:00:00,192,18.0,-107.75,1000.3,43.2
2026-09-24,EP162026,43,2026-10-02 06:00:00,8 days 06:00:00,198,18.5,-108.25,1001.5,41.1
2026-09-24,EP162026,43,2026-10-02 12:00:00,8 days 12:00:00,204,19.0,-108.75,1002.8,39.0
2026-09-24,EP162026,43,2026-10-02 18:00:00,8 days 18:00:00,210,19.25,-109.25,1002.6,39.3
2026-09-24,EP162026,43,2026-10-03 00:00:00,9 days 00:00:00,216,19.5,-109.75,1002.5,39.5
2026-09-24,EP162026,43,2026-10-03 06:00:00,9 days 06:00:00,222,20.13,-110.5,1002.9,38.8
2026-09-24,EP162026,43,2026-10-03 12:00:00,9 days 12:00:00,228,20.75,-111.25,1003.3,38.1
2026-09-24,EP172026,43,2026-09-24 00:00:00,0 days 00:00:00,0,15.75,-102.25,970.5,84.0
2026-09-24,EP172026,43,2026-09-24 06:00:00,0 days 06:00:00,6,16.0,-103.12,976.9,75.9
2026-09-24,EP172026,43,2026-09-24 12:00:00,0 days 12:00:00,12,16.25,-104.0,983.4,67.8
2026-09-24,EP172026,43,2026-09-24 18:00:00,0 days 18:00:00,18,16.5,-104.87,980.9,71.0
2026-09-24,EP172026,43,2026-09-25 00:00:00,1 days 00:00:00,24,16.75,-105.75,978.5,74.1
2026-09-24,EP172026,43,2026-09-25 06:00:00,1 days 06:00:00,30,16.88,-106.75,975.8,77.5
2026-09-24,EP172026,43,2026-09-25 12:00:00,1 days 12:00:00,36,17.0,-107.75,973.1,80.8
2026-09-24,EP172026,43,2026-09-25 18:00:00,1 days 18:00:00,42,17.0,-108.5,973.1,80.9
2026-09-24,EP172026,43,2026-09-26 00:00:00,2 days 00:00:00,48,17.0,-109.25,973.1,80.9
2026-09-24,EP172026,43,2026-09-26 06:00:00,2 days 06:00:00,54,17.25,-110.0,970.3,84.2
2026-09-24,EP172026,43,2026-09-26 12:00:00,2 days 12:00:00,60,17.5,-110.75,967.5,87.6
2026-09-24,EP172026,43,2026-09-26 18:00:00,2 days 18:00:00,66,18.0,-111.62,968.6,86.2
2026-09-24,EP172026,43,2026-09-27 00:00:00,3 days 00:00:00,72,18.5,-112.5,969.7,84.9
2026-09-24,EP172026,43,2026-09-27 06:00:00,3 days 06:00:00,78,19.13,-113.0,969.7,85.0
2026-09-24,EP172026,43,2026-09-27 12:00:00,3 days 12:00:00,84,19.75,-113.5,969.6,85.1
2026-09-24,IO012026,43,2026-09-24 00:00:00,0 days 00:00:00,0,18.5,84.0,986.5,63.6
2026-09-24,IO012026,43,2026-09-24 06:00:00,0 days 06:00:00,6,18.63,83.63,988.7,60.5
2026-09-24,IO012026,43,2026-09-24 12:00:00,0 days 12:00:00,12,18.75,83.25,990.9,57.5
2026-09-24,IO012026,43,2026-09-24 18:00:00,0 days 18:00:00,18,19.5,83.13,991.4,56.7
2026-09-24,IO012026,43,2026-09-25 00:00:00,1 days 00:00:00,24,20.25,83.0,992.0,55.9
2026-09-24,IO012026,43,2026-09-25 06:00:00,1 days 06:00:00,30,21.0,82.25,993.5,53.7
2026-09-24,IO012026,43,2026-09-25 12:00:00,1 days 12:00:00,36,21.75,81.5,995.0,51.4
2026-09-24,IO012026,43,2026-09-25 18:00:00,1 days 18:00:00,42,22.75,81.38,995.0,51.5
2026-09-24,IO012026,43,2026-09-26 00:00:00,2 days 00:00:00,48,23.75,81.25,994.9,51.6
2026-09-24,IO012026,43,2026-09-26 06:00:00,2 days 06:00:00,54,24.63,80.88,994.9,51.6
2026-09-24,IO012026,43,2026-09-26 12:00:00,2 days 12:00:00,60,25.5,80.5,994.9,51.6
2026-09-24,IO012026,43,2026-09-26 18:00:00,2 days 18:00:00,66,26.5,80.13,996.9,48.5
2026-09-24,IO012026,43,2026-09-27 00:00:00,3 days 00:00:00,72,27.5,79.75,999.0,45.3
2026-09-24,WP252026,43,2026-09-24 00:00:00,0 days 00:00:00,0,18.0,134.5,1003.5,37.8
2026-09-24,WP252026,43,2026-09-24 06:00:00,0 days 06:00:00,6,18.38,133.25,1003.0,38.6
2026-09-24,WP252026,43,2026-09-24 12:00:00,0 days 12:00:00,12,18.75,132.0,1002.6,39.4
2026-09-24,WP252026,43,2026-09-24 18:00:00,0 days 18:00:00,18,19.38,130.88,1001.9,40.5
2026-09-24,WP252026,43,2026-09-25 00:00:00,1 days 00:00:00,24,20.0,129.75,1001.2,41.6
2026-09-24,WP252026,43,2026-09-25 06:00:00,1 days 06:00:00,30,20.75,128.63,997.8,46.9
2026-09-24,WP252026,43,2026-09-25 12:00:00,1 days 12:00:00,36,21.5,127.5,994.5,52.2
2026-09-24,WP252026,43,2026-09-25 18:00:00,1 days 18:00:00,42,21.88,126.88,995.1,51.3
2026-09-24,WP252026,43,2026-09-26 00:00:00,2 days 00:00:00,48,22.25,126.25,995.7,50.3
2026-09-24,WP252026,43,2026-09-26 06:00:00,2 days 06:00:00,54,23.0,126.37,992.8,54.6
2026-09-24,WP252026,43,2026-09-26 12:00:00,2 days 12:00:00,60,23.75,126.5,990.0,58.8
2026-09-24,WP252026,43,2026-09-26 18:00:00,2 days 18:00:00,66,24.38,126.87,989.3,59.7
2026-09-24,WP252026,43,2026-09-27 00:00:00,3 days 00:00:00,72,25.0,127.25,988.7,60.6
2026-09-24,WP252026,43,2026-09-27 06:00:00,3 days 06:00:00,78,25.63,127.87,985.4,65.1
2026-09-24,WP252026,43,2026-09-27 12:00:00,3 days 12:00:00,84,26.25,128.5,982.0,69.6
2026-09-24,WP252026,43,2026-09-27 18:00:00,3 days 18:00:00,90,26.88,129.62,981.7,70.0
2026-09-24,WP252026,43,2026-09-28 00:00:00,4 days 00:00:00,96,27.5,130.75,981.5,70.3
2026-09-24,WP252026,43,2026-09-28 06:00:00,4 days 06:00:00,102,28.26,132.61,984.4,66.5
2026-09-24,WP252026,43,2026-09-28 12:00:00,4 days 12:00:00,108,29.0,134.5,987.2,62.6
2026-09-24,WP252026,43,2026-09-28 18:00:00,4 days 18:00:00,114,30.26,136.23,991.6,56.2
2026-09-24,WP252026,43,2026-09-29 00:00:00,5 days 00:00:00,120,31.5,138.0,996.0,49.9
2026-09-24,WP252026,43,2026-09-29 06:00:00,5 days 06:00:00,126,33.02,140.21,994.1,52.8
2026-09-24,WP252026,43,2026-09-29 12:00:00,5 days 12:00:00,132,34.5,142.5,992.1,55.7
2026-09-24,WP252026,43,2026-09-29 18:00:00,5 days 18:00:00,138,35.92,145.82,991.3,56.9
2026-09-24,WP252026,43,2026-09-30 00:00:00,6 days 00:00:00,144,37.25,149.25,990.5,58.0
2026-09-24,EP152026,44,2026-09-24 00:00:00,0 days 00:00:00,0,14.5,-155.5,1000.6,42.7
2026-09-24,EP152026,44,2026-09-24 06:00:00,0 days 06:00:00,6,14.5,-155.75,998.0,46.8
2026-09-24,EP152026,44,2026-09-24 12:00:00,0 days 12:00:00,12,14.5,-156.0,995.4,50.9
2026-09-24,EP152026,44,2026-09-24 18:00:00,0 days 18:00:00,18,14.75,-155.75,995.2,51.2
2026-09-24,EP152026,44,2026-09-25 00:00:00,1 days 00:00:00,24,15.0,-155.5,995.0,51.4
2026-09-24,EP152026,44,2026-09-25 06:00:00,1 days 06:00:00,30,15.38,-155.38,993.9,53.0
2026-09-24,EP152026,44,2026-09-25 12:00:00,1 days 12:00:00,36,15.75,-155.25,992.8,54.7
2026-09-24,EP152026,44,2026-09-25 18:00:00,1 days 18:00:00,42,16.63,-155.13,989.4,59.5
2026-09-24,EP152026,44,2026-09-26 00:00:00,2 days 00:00:00,48,17.5,-155.0,986.0,64.2
2026-09-24,EP152026,44,2026-09-26 06:00:00,2 days 06:00:00,54,18.38,-155.5,988.7,60.5
2026-09-24,EP152026,44,2026-09-26 12:00:00,2 days 12:00:00,60,19.25,-156.0,991.4,56.7
2026-09-24,EP152026,44,2026-09-26 18:00:00,2 days 18:00:00,66,19.5,-156.37,991.6,56.5
2026-09-24,EP152026,44,2026-09-27 00:00:00,3 days 00:00:00,72,19.75,-156.75,991.7,56.3
2026-09-24,EP152026,44,2026-09-27 06:00:00,3 days 06:00:00,78,19.75,-157.63,993.0,54.5
2026-09-24,EP152026,44,2026-09-27 12:00:00,3 days 12:00:00,84,19.75,-158.5,994.2,52.6
2026-09-24,EP152026,44,2026-09-27 18:00:00,3 days 18:00:00,90,20.0,-159.37,993.0,54.4
2026-09-24,EP152026,44,2026-09-28 00:00:00,4 days 00:00:00,96,20.25,-160.25,991.9,56.1
2026-09-24,EP152026,44,2026-09-28 06:00:00,4 days 06:00:00,102,21.13,-161.49,995.5,50.5
2026-09-24,EP152026,44,2026-09-28 12:00:00,4 days 12:00:00,108,22.0,-162.75,999.2,44.9
2026-09-24,EP152026,44,2026-09-28 18:00:00,4 days 18:00:00,114,23.26,-164.11,998.5,46.1
2026-09-24,EP152026,44,2026-09-29 00:00:00,5 days 00:00:00,120,24.5,-165.5,997.7,47.3
2026-09-24,EP152026,44,2026-09-29 06:00:00,5 days 06:00:00,126,25.88,-166.74,1000.1,43.4
2026-09-24,EP152026,44,2026-09-29 12:00:00,5 days 12:00:00,132,27.25,-168.0,1002.5,39.5
2026-09-24,EP152026,44,2026-09-29 18:00:00,5 days 18:00:00,138,27.38,-169.25,1001.0,41.9
2026-09-24,EP152026,44,2026-09-30 00:00:00,6 days 00:00:00,144,27.5,-170.5,999.6,44.3
2026-09-24,EP152026,44,2026-09-30 06:00:00,6 days 06:00:00,150,26.75,-170.88,1000.4,43.0
2026-09-24,EP152026,44,2026-09-30 12:00:00,6 days 12:00:00,156,26.0,-171.25,1001.2,41.7
2026-09-24,EP152026,44,2026-09-30 18:00:00,6 days 18:00:00,162,26.13,-171.5,1000.0,43.6
2026-09-24,EP152026,44,2026-10-01 00:00:00,7 days 00:00:00,168,26.25,-171.75,998.9,45.5
2026-09-24,EP152026,44,2026-10-01 06:00:00,7 days 06:00:00,174,26.5,-172.5,997.3,48.0
2026-09-24,EP152026,44,2026-10-01 12:00:00,7 days 12:00:00,180,26.75,-173.25,995.6,50.5
2026-09-24,EP152026,44,2026-10-01 18:00:00,7 days 18:00:00,186,26.5,-174.0,993.8,53.2
2026-09-24,EP152026,44,2026-10-02 00:00:00,8 days 00:00:00,192,26.25,-174.75,992.0,55.9
2026-09-24,EP152026,44,2026-10-02 06:00:00,8 days 06:00:00,198,25.88,-176.38,993.7,53.4
2026-09-24,EP152026,44,2026-10-02 12:00:00,8 days 12:00:00,204,25.5,-178.0,995.3,50.9
2026-09-24,EP152026,44,2026-10-02 18:00:00,8 days 18:00:00,210,25.39,-179.75,994.6,52.1
2026-09-24,EP152026,44,2026-10-03 00:00:00,9 days 00:00:00,216,25.25,178.5,993.8,53.3
2026-09-24,EP152026,44,2026-10-03 06:00:00,9 days 06:00:00,222,25.51,176.88,992.6,55.1
2026-09-24,EP152026,44,2026-10-03 12:00:00,9 days 12:00:00,228,25.75,175.25,991.3,56.9
2026-09-24,EP152026,44,2026-10-03 18:00:00,9 days 18:00:00,234,26.14,173.51,992.0,55.9
2026-09-24,EP152026,44,2026-10-04 00:00:00,10 days 00:00:00,240,26.5,171.75,992.7,54.9
2026-09-24,EP152026,44,2026-10-04 06:00:00,10 days 06:00:00,246,26.64,169.63,992.0,55.9
2026-09-24,EP152026,44,2026-10-04 12:00:00,10 days 12:00:00,252,26.75,167.5,991.3,56.9
2026-09-24,EP152026,44,2026-10-04 18:00:00,10 days 18:00:00,258,27.01,165.88,992.7,54.9
2026-09-24,EP152026,44,2026-10-05 00:00:00,11 days 00:00:00,264,27.25,164.25,994.1,52.9
2026-09-24,EP152026,44,2026-10-05 06:00:00,11 days 06:00:00,270,27.63,162.76,996.2,49.6
2026-09-24,EP152026,44,2026-10-05 12:00:00,11 days 12:00:00,276,28.0,161.25,998.3,46.3
2026-09-24,EP152026,44,2026-10-05 18:00:00,11 days 18:00:00,282,28.63,160.26,998.7,45.7
2026-09-24,EP152026,44,2026-10-06 00:00:00,12 days 00:00:00,288,29.25,159.25,999.1,45.1
2026-09-24,EP152026,44,2026-10-06 06:00:00,12 days 06:00:00,294,30.5,158.39,1000.1,43.4
2026-09-24,EP152026,44,2026-10-06 12:00:00,12 days 12:00:00,300,31.75,157.5,1001.1,41.8
2026-09-24,EP152026,44,2026-10-06 18:00:00,12 days 18:00:00,306,33.88,157.26,1002.6,39.3
2026-09-24,EP152026,44,2026-10-07 00:00:00,13 days 00:00:00,312,36.0,157.0,1004.0,36.9
2026-09-24,EP152026,44,2026-10-07 06:00:00,13 days 06:00:00,318,32.66,160.11,1000.9,42.0
2026-09-24,EP152026,44,2026-10-07 12:00:00,13 days 12:00:00,324,29.25,163.0,997.8,47.2
2026-09-24,EP152026,44,2026-10-07 18:00:00,13 days 18:00:00,330,30.38,161.64,998.8,45.6
2026-09-24,EP152026,44,2026-10-08 00:00:00,14 days 00:00:00,336,31.5,160.25,999.8,44.0
2026-09-24,EP152026,44,2026-10-08 06:00:00,14 days 06:00:00,342,33.38,160.01,1001.8,40.7
2026-09-24,EP152026,44,2026-10-08 12:00:00,14 days 12:00:00,348,35.25,159.75,1003.7,37.4
2026-09-24,EP152026,44,2026-10-08 18:00:00,14 days 18:00:00,354,37.77,162.04,1002.0,40.3
2026-09-24,EP152026,44,2026-10-09 00:00:00,15 days 00:00:00,360,40.25,164.5,1000.2,43.2
2026-09-24,EP162026,44,2026-09-24 00:00:00,0 days 00:00:00,0,15.5,-126.75,971.6,82.7
2026-09-24,EP162026,44,2026-09-24 06:00:00,0 days 06:00:00,6,15.88,-126.13,975.5,77.8
2026-09-24,EP162026,44,2026-09-24 12:00:00,0 days 12:00:00,12,16.25,-125.5,979.4,73.0
2026-09-24,EP162026,44,2026-09-24 18:00:00,0 days 18:00:00,18,16.63,-124.88,982.3,69.2
2026-09-24,EP162026,44,2026-09-25 00:00:00,1 days 00:00:00,24,17.0,-124.25,985.2,65.3
2026-09-24,EP162026,44,2026-09-25 06:00:00,1 days 06:00:00,30,17.5,-124.13,986.0,64.3
2026-09-24,EP162026,44,2026-09-25 12:00:00,1 days 12:00:00,36,18.0,-124.0,986.8,63.2
2026-09-24,EP162026,44,2026-09-25 18:00:00,1 days 18:00:00,42,18.12,-124.0,987.9,61.6
2026-09-24,EP162026,44,2026-09-26 00:00:00,2 days 00:00:00,48,18.25,-124.0,989.1,60.1
2026-09-24,EP162026,44,2026-09-26 06:00:00,2 days 06:00:00,54,18.5,-124.0,989.5,59.5
2026-09-24,EP162026,44,2026-09-26 12:00:00,2 days 12:00:00,60,18.75,-124.0,989.9,58.9
2026-09-24,EP162026,44,2026-09-26 18:00:00,2 days 18:00:00,66,19.0,-123.88,991.9,56.0
2026-09-24,EP162026,44,2026-09-27 00:00:00,3 days 00:00:00,72,19.25,-123.75,993.9,53.1
2026-09-24,EP162026,44,2026-09-27 06:00:00,3 days 06:00:00,78,19.63,-123.63,995.9,50.1
2026-09-24,EP162026,44,2026-09-27 12:00:00,3 days 12:00:00,84,20.0,-123.5,997.8,47.1
2026-09-24,EP162026,44,2026-09-27 18:00:00,3 days 18:00:00,90,21.81,-119.18,987.1,61.9
2026-09-24,EP162026,44,2026-09-28 00:00:00,4 days 00:00:00,96,23.5,-114.75,976.4,76.8
2026-09-24,EP162026,44,2026-09-28 06:00:00,4 days 06:00:00,102,24.25,-114.5,980.9,71.0
2026-09-24,EP162026,44,2026-09-28 12:00:00,4 days 12:00:00,108,25.0,-114.25,985.3,65.2
2026-09-24,EP162026,44,2026-09-28 18:00:00,4 days 18:00:00,114,25.25,-113.63,990.3,58.1
2026-09-24,EP162026,44,2026-09-29 00:00:00,5 days 00:00:00,120,25.5,-113.0,995.2,51.1
2026-09-24,EP162026,44,2026-09-29 06:00:00,5 days 06:00:00,126,25.88,-112.13,996.2,49.7
2026-09-24,EP162026,44,2026-09-29 12:00:00,5 days 12:00:00,132,26.25,-111.25,997.1,48.3
2026-09-24,EP162026,44,2026-09-29 18:00:00,5 days 18:00:00,138,23.7,-110.26,992.0,55.3
2026-09-24,EP162026,44,2026-09-30 00:00:00,6 days 00:00:00,144,21.14,-109.31,986.9,62.3
2026-09-24,EP162026,44,2026-09-30 06:00:00,6 days 06:00:00,150,18.56,-108.39,981.8,69.3
2026-09-24,EP162026,44,2026-09-30 12:00:00,6 days 12:00:00,156,16.0,-107.5,976.7,76.3
2026-09-24,EP162026,44,2026-09-30 18:00:00,6 days 18:00:00,162,17.0,-107.62,973.3,80.6
2026-09-24,EP162026,44,2026-10-01 00:00:00,7 days 00:00:00,168,18.0,-107.75,969.9,84.8
2026-09-24,EP162026,44,2026-10-01 06:00:00,7 days 06:00:00,174,18.38,-108.37,964.1,91.5
2026-09-24,EP162026,44,2026-10-01 12:00:00,7 days 12:00:00,180,18.75,-109.0,958.2,98.2
2026-09-24,EP162026,44,2026-10-01 18:00:00,7 days 18:00:00,186,19.38,-109.25,959.4,96.9
2026-09-24,EP162026,44,2026-10-02 00:00:00,8 days 00:00:00,192,20.0,-109.5,960.5,95.6
2026-09-24,EP162026,44,2026-10-02 06:00:00,8 days 06:00:00,198,20.5,-109.62,962.3,93.6
2026-09-24,EP162026,44,2026-10-02 12:00:00,8 days 12:00:00,204,21.0,-109.75,964.0,91.6
2026-09-24,EP162026,44,2026-10-02 18:00:00,8 days 18:00:00,210,21.25,-110.25,962.6,93.2
2026-09-24,EP162026,44,2026-10-03 00:00:00,9 days 00:00:00,216,21.5,-110.75,961.2,94.8
2026-09-24,EP162026,44,2026-10-03 06:00:00,9 days 06:00:00,222,21.5,-111.38,961.8,94.2
2026-09-24,EP162026,44,2026-10-03 12:00:00,9 days 12:00:00,228,21.5,-112.0,962.3,93.6
2026-09-24,EP162026,44,2026-10-03 18:00:00,9 days 18:00:00,234,21.63,-112.87,968.5,86.2
2026-09-24,EP162026,44,2026-10-04 00:00:00,10 days 00:00:00,240,21.75,-113.75,974.8,78.8
2026-09-24,EP162026,44,2026-10-04 06:00:00,10 days 06:00:00,246,21.63,-114.88,979.6,72.6
2026-09-24,EP162026,44,2026-10-04 12:00:00,10 days 12:00:00,252,21.5,-116.0,984.4,66.5
2026-09-24,EP162026,44,2026-10-04 18:00:00,10 days 18:00:00,258,21.25,-116.88,987.0,62.9
2026-09-24,EP162026,44,2026-10-05 00:00:00,11 days 00:00:00,264,21.0,-117.75,989.6,59.3
2026-09-24,EP162026,44,2026-10-05 06:00:00,11 days 06:00:00,270,21.0,-118.63,990.9,57.4
2026-09-24,EP162026,44,2026-10-05 12:00:00,11 days 12:00:00,276,21.0,-119.5,992.3,55.4
2026-09-24,EP162026,44,2026-10-05 18:00:00,11 days 18:00:00,282,21.13,-120.87,994.1,52.8
2026-09-24,EP162026,44,2026-10-06 00:00:00,12 days 00:00:00,288,21.25,-122.25,995.8,50.2
2026-09-24,EP162026,44,2026-10-06 06:00:00,12 days 06:00:00,294,21.13,-123.5,996.8,48.6
2026-09-24,EP162026,44,2026-10-06 12:00:00,12 days 12:00:00,300,21.0,-124.75,997.9,47.0
2026-09-24,EP162026,44,2026-10-06 18:00:00,12 days 18:00:00,306,20.88,-126.0,998.8,45.5
2026-09-24,EP162026,44,2026-10-07 00:00:00,13 days 00:00:00,312,20.75,-127.25,999.8,43.9
2026-09-24,EP162026,44,2026-10-07 06:00:00,13 days 06:00:00,318,21.01,-128.87,1000.6,42.7
2026-09-24,EP162026,44,2026-10-07 12:00:00,13 days 12:00:00,324,21.25,-130.5,1001.4,41.4
2026-09-24,EP172026,44,2026-09-24 00:00:00,0 days 00:00:00,0,15.75,-102.25,970.5,84.0
2026-09-24,EP172026,44,2026-09-24 06:00:00,0 days 06:00:00,6,16.13,-103.25,974.2,79.5
2026-09-24,EP172026,44,2026-09-24 12:00:00,0 days 12:00:00,12,16.5,-104.25,977.8,75.0
2026-09-24,EP172026,44,2026-09-24 18:00:00,0 days 18:00:00,18,16.75,-105.12,978.9,73.6
2026-09-24,EP172026,44,2026-09-25 00:00:00,1 days 00:00:00,24,17.0,-106.0,980.0,72.2
2026-09-24,EP172026,44,2026-09-25 06:00:00,1 days 06:00:00,30,17.13,-107.25,976.4,76.7
2026-09-24,EP172026,44,2026-09-25 12:00:00,1 days 12:00:00,36,17.25,-108.5,972.8,81.2
2026-09-24,EP172026,44,2026-09-25 18:00:00,1 days 18:00:00,42,17.5,-109.25,970.6,83.9
2026-09-24,EP172026,44,2026-09-26 00:00:00,2 days 00:00:00,48,17.75,-110.0,968.3,86.6
2026-09-24,EP172026,44,2026-09-26 06:00:00,2 days 06:00:00,54,18.0,-111.0,968.2,86.8
2026-09-24,EP172026,44,2026-09-26 12:00:00,2 days 12:00:00,60,18.25,-112.0,968.1,86.9
2026-09-24,EP172026,44,2026-09-26 18:00:00,2 days 18:00:00,66,18.88,-112.5,968.9,85.9
2026-09-24,EP172026,44,2026-09-27 00:00:00,3 days 00:00:00,72,19.5,-113.0,969.7,84.9
2026-09-24,EP172026,44,2026-09-27 06:00:00,3 days 06:00:00,78,20.5,-113.75,970.8,83.7
2026-09-24,EP172026,44,2026-09-27 12:00:00,3 days 12:00:00,84,21.5,-114.5,971.8,82.4
2026-09-24,EP172026,44,2026-09-27 18:00:00,3 days 18:00:00,90,22.5,-114.62,974.1,79.6
2026-09-24,EP172026,44,2026-09-28 00:00:00,4 days 00:00:00,96,23.5,-114.75,976.4,76.8
2026-09-24,IO012026,44,2026-09-24 00:00:00,0 days 00:00:00,0,18.5,84.0,986.5,63.6
2026-09-24,IO012026,44,2026-09-24 06:00:00,0 days 06:00:00,6,18.38,83.87,989.2,59.9
2026-09-24,IO012026,44,2026-09-24 12:00:00,0 days 12:00:00,12,18.25,83.75,991.8,56.1
2026-09-24,IO012026,44,2026-09-24 18:00:00,0 days 18:00:00,18,19.63,83.01,991.7,56.3
2026-09-24,IO012026,44,2026-09-25 00:00:00,1 days 00:00:00,24,21.0,82.25,991.6,56.5
2026-09-24,IO012026,44,2026-09-25 06:00:00,1 days 06:00:00,30,21.5,82.0,992.2,55.5
2026-09-24,IO012026,44,2026-09-25 12:00:00,1 days 12:00:00,36,22.0,81.75,992.9,54.6
2026-09-24,IO012026,44,2026-09-25 18:00:00,1 days 18:00:00,42,22.75,81.63,994.1,52.7
2026-09-24,IO012026,44,2026-09-26 00:00:00,2 days 00:00:00,48,23.5,81.5,995.4,50.9
2026-09-24,IO012026,44,2026-09-26 06:00:00,2 days 06:00:00,54,25.0,81.13,995.3,51.0
2026-09-24,IO012026,44,2026-09-26 12:00:00,2 days 12:00:00,60,26.5,80.75,995.2,51.2
2026-09-24,IO012026,44,2026-09-26 18:00:00,2 days 18:00:00,66,27.13,80.38,998.0,46.8
2026-09-24,IO012026,44,2026-09-27 00:00:00,3 days 00:00:00,72,27.75,80.0,1000.7,42.4
2026-09-24,WP252026,44,2026-09-24 00:00:00,0 days 00:00:00,0,18.0,134.5,1003.5,37.8
2026-09-24,WP252026,44,2026-09-24 06:00:00,0 days 06:00:00,6,18.38,133.25,1002.9,38.7
2026-09-24,WP252026,44,2026-09-24 12:00:00,0 days 12:00:00,12,18.75,132.0,1002.4,39.7
2026-09-24,WP252026,44,2026-09-24 18:00:00,0 days 18:00:00,18,19.38,130.88,1000.3,43.0
2026-09-24,WP252026,44,2026-09-25 00:00:00,1 days 00:00:00,24,20.0,129.75,998.3,46.4
2026-09-24,WP252026,44,2026-09-25 06:00:00,1 days 06:00:00,30,20.5,128.88,996.9,48.6
2026-09-24,WP252026,44,2026-09-25 12:00:00,1 days 12:00:00,36,21.0,128.0,995.5,50.8
2026-09-24,WP252026,44,2026-09-25 18:00:00,1 days 18:00:00,42,21.63,127.25,995.5,50.7
2026-09-24,WP252026,44,2026-09-26 00:00:00,2 days 00:00:00,48,22.25,126.5,995.6,50.6
2026-09-24,WP252026,44,2026-09-26 06:00:00,2 days 06:00:00,54,23.0,126.38,993.9,53.0
2026-09-24,WP252026,44,2026-09-26 12:00:00,2 days 12:00:00,60,23.75,126.25,992.3,55.4
2026-09-24,WP252026,44,2026-09-26 18:00:00,2 days 18:00:00,66,24.25,126.75,990.2,58.5
2026-09-24,WP252026,44,2026-09-27 00:00:00,3 days 00:00:00,72,24.75,127.25,988.0,61.5
2026-09-24,WP252026,44,2026-09-27 06:00:00,3 days 06:00:00,78,25.13,127.62,987.7,62.0
2026-09-24,WP252026,44,2026-09-27 12:00:00,3 days 12:00:00,84,25.5,128.0,987.3,62.5
2026-09-24,WP252026,44,2026-09-27 18:00:00,3 days 18:00:00,90,26.38,128.62,991.3,56.7
2026-09-24,WP252026,44,2026-09-28 00:00:00,4 days 00:00:00,96,27.25,129.25,995.3,51.0
2026-09-24,WP252026,44,2026-09-28 06:00:00,4 days 06:00:00,102,28.14,130.99,997.8,47.1
2026-09-24,WP252026,44,2026-09-28 12:00:00,4 days 12:00:00,108,29.0,132.75,1000.2,43.3
2026-09-24,WP252026,44,2026-09-28 18:00:00,4 days 18:00:00,114,30.14,134.97,1000.1,43.5
2026-09-24,WP252026,44,2026-09-29 00:00:00,5 days 00:00:00,120,31.25,137.25,999.9,43.8
2026-09-24,WP252026,44,2026-09-29 06:00:00,5 days 06:00:00,126,32.27,139.6,1001.0,41.9
2026-09-24,WP252026,44,2026-09-29 12:00:00,5 days 12:00:00,132,33.25,142.0,1002.2,40.0
2026-09-24,WP252026,44,2026-09-29 18:00:00,5 days 18:00:00,138,34.92,145.31,1003.3,38.0
2026-09-24,WP252026,44,2026-09-30 00:00:00,6 days 00:00:00,144,36.5,148.75,1004.4,36.1
2026-09-24,EP152026,45,2026-09-24 00:00:00,0 days 00:00:00,0,14.5,-155.5,1000.6,42.7
2026-09-24,EP152026,45,2026-09-24 06:00:00,0 days 06:00:00,6,14.63,-155.75,999.2,44.9
2026-09-24,EP152026,45,2026-09-24 12:00:00,0 days 12:00:00,12,14.75,-156.0,997.7,47.2
2026-09-24,EP152026,45,2026-09-24 18:00:00,0 days 18:00:00,18,14.75,-155.88,994.4,52.2
2026-09-24,EP152026,45,2026-09-25 00:00:00,1 days 00:00:00,24,14.75,-155.75,991.1,57.1
2026-09-24,EP152026,45,2026-09-25 06:00:00,1 days 06:00:00,30,15.13,-155.38,988.3,61.0
2026-09-24,EP152026,45,2026-09-25 12:00:00,1 days 12:00:00,36,15.5,-155.0,985.5,65.0
2026-09-24,EP152026,45,2026-09-25 18:00:00,1 days 18:00:00,42,15.88,-154.75,984.8,66.0
2026-09-24,EP152026,45,2026-09-26 00:00:00,2 days 00:00:00,48,16.25,-154.5,984.0,67.0
2026-09-24,EP152026,45,2026-09-26 06:00:00,2 days 06:00:00,54,16.75,-154.62,983.0,68.2
2026-09-24,EP152026,45,2026-09-26 12:00:00,2 days 12:00:00,60,17.25,-154.75,982.1,69.5
2026-09-24,EP152026,45,2026-09-26 18:00:00,2 days 18:00:00,66,17.25,-154.88,982.6,68.8
2026-09-24,EP152026,45,2026-09-27 00:00:00,3 days 00:00:00,72,17.25,-155.0,983.2,68.1
2026-09-24,EP152026,45,2026-09-27 06:00:00,3 days 06:00:00,78,17.38,-155.62,981.9,69.7
2026-09-24,EP152026,45,2026-09-27 12:00:00,3 days 12:00:00,84,17.5,-156.25,980.7,71.3
2026-09-24,EP152026,45,2026-09-27 18:00:00,3 days 18:00:00,90,17.5,-157.12,979.7,72.6
2026-09-24,EP152026,45,2026-09-28 00:00:00,4 days 00:00:00,96,17.5,-158.0,978.7,73.9
2026-09-24,EP152026,45,2026-09-28 06:00:00,4 days 06:00:00,102,18.0,-158.87,977.7,75.1
2026-09-24,EP152026,45,2026-09-28 12:00:00,4 days 12:00:00,108,18.5,-159.75,976.7,76.4
2026-09-24,EP152026,45,2026-09-28 18:00:00,4 days 18:00:00,114,19.5,-160.62,976.2,77.1
2026-09-24,EP152026,45,2026-09-29 00:00:00,5 days 00:00:00,120,20.5,-161.5,975.6,77.8
2026-09-24,EP152026,45,2026-09-29 06:00:00,5 days 06:00:00,126,21.75,-162.37,978.3,74.4
2026-09-24,EP152026,45,2026-09-29 12:00:00,5 days 12:00:00,132,23.0,-163.25,980.9,71.0
2026-09-24,EP152026,45,2026-09-29 18:00:00,5 days 18:00:00,138,23.88,-164.24,982.2,69.3
2026-09-24,EP152026,45,2026-09-30 00:00:00,6 days 00:00:00,144,24.75,-165.25,983.6,67.6
2026-09-24,EP152026,45,2026-09-30 06:00:00,6 days 06:00:00,150,25.13,-166.37,986.1,64.2
2026-09-24,EP152026,45,2026-09-30 12:00:00,6 days 12:00:00,156,25.5,-167.5,988.6,60.8
2026-09-24,EP152026,45,2026-09-30 18:00:00,6 days 18:00:00,162,25.63,-168.75,986.3,63.9
2026-09-24,EP152026,45,2026-10-01 00:00:00,7 days 00:00:00,168,25.75,-170.0,984.0,67.0
2026-09-24,EP152026,45,2026-10-01 06:00:00,7 days 06:00:00,174,25.76,-171.62,982.5,69.0
2026-09-24,EP152026,45,2026-10-01 12:00:00,7 days 12:00:00,180,25.75,-173.25,980.9,71.1
2026-09-24,EP152026,45,2026-10-01 18:00:00,7 days 18:00:00,186,25.5,-174.25,980.4,71.7
2026-09-24,EP152026,45,2026-10-02 00:00:00,8 days 00:00:00,192,25.25,-175.25,979.9,72.3
2026-09-24,EP152026,45,2026-10-02 06:00:00,8 days 06:00:00,198,24.75,-176.13,980.4,71.7
2026-09-24,EP152026,45,2026-10-02 12:00:00,8 days 12:00:00,204,24.25,-177.0,980.8,71.2
2026-09-24,EP152026,45,2026-10-02 18:00:00,8 days 18:00:00,210,24.01,-178.38,978.7,73.9
2026-09-24,EP152026,45,2026-10-03 00:00:00,9 days 00:00:00,216,23.75,-179.75,976.6,76.6
2026-09-24,EP152026,45,2026-10-03 06:00:00,9 days 06:00:00,222,23.76,178.88,975.5,77.9
2026-09-24,EP152026,45,2026-10-03 12:00:00,9 days 12:00:00,228,23.75,177.5,974.4,79.2
2026-09-24,EP152026,45,2026-10-03 18:00:00,9 days 18:00:00,234,24.13,176.5,971.7,82.6
2026-09-24,EP152026,45,2026-10-04 00:00:00,10 days 00:00:00,240,24.5,175.5,968.9,86.0
2026-09-24,EP152026,45,2026-10-04 06:00:00,10 days 06:00:00,246,25.0,174.38,967.2,87.9
2026-09-24,EP152026,45,2026-10-04 12:00:00,10 days 12:00:00,252,25.5,173.25,965.6,89.8
2026-09-24,EP152026,45,2026-10-04 18:00:00,10 days 18:00:00,258,26.0,172.13,966.9,88.3
2026-09-24,EP152026,45,2026-10-05 00:00:00,11 days 00:00:00,264,26.5,171.0,968.2,86.8
2026-09-24,EP152026,45,2026-10-05 06:00:00,11 days 06:00:00,270,26.51,169.38,969.9,84.7
2026-09-24,EP152026,45,2026-10-05 12:00:00,11 days 12:00:00,276,26.5,167.75,971.7,82.6
2026-09-24,EP152026,45,2026-10-05 18:00:00,11 days 18:00:00,282,26.76,165.88,974.5,79.1
2026-09-24,EP152026,45,2026-10-06 00:00:00,12 days 00:00:00,288,27.0,164.0,977.3,75.6
2026-09-24,EP152026,45,2026-10-06 06:00:00,12 days 06:00:00,294,27.76,162.51,978.6,74.1
2026-09-24,EP152026,45,2026-10-06 12:00:00,12 days 12:00:00,300,28.5,161.0,979.8,72.5
2026-09-24,EP152026,45,2026-10-06 18:00:00,12 days 18:00:00,306,29.25,160.01,982.4,69.0
2026-09-24,EP152026,45,2026-10-07 00:00:00,13 days 00:00:00,312,30.0,159.0,985.1,65.5
2026-09-24,EP152026,45,2026-10-07 06:00:00,13 days 06:00:00,318,30.75,158.38,985.4,65.1
2026-09-24,EP152026,45,2026-10-07 12:00:00,13 days 12:00:00,324,31.5,157.75,985.7,64.7
2026-09-24,EP152026,45,2026-10-07 18:00:00,13 days 18:00:00,330,32.13,157.25,989.7,59.0
2026-09-24,EP152026,45,2026-10-08 00:00:00,14 days 00:00:00,336,32.75,156.75,993.8,53.3
2026-09-24,EP152026,45,2026-10-08 06:00:00,14 days 06:00:00,342,33.63,157.12,995.7,50.4
2026-09-24,EP152026,45,2026-10-08 12:00:00,14 days 12:00:00,348,34.5,157.5,997.6,47.5
2026-09-24,EP152026,45,2026-10-08 18:00:00,14 days 18:00:00,354,35.39,159.35,997.5,47.7
2026-09-24,EP152026,45,2026-10-09 00:00:00,15 days 00:00:00,360,36.25,161.25,997.4,47.8
2026-09-24,EP162026,45,2026-09-24 00:00:00,0 days 00:00:00,0,15.5,-126.75,971.6,82.7
2026-09-24,EP162026,45,2026-09-24 06:00:00,0 days 06:00:00,6,15.75,-126.25,976.5,76.6
2026-09-24,EP162026,45,2026-09-24 12:00:00,0 days 12:00:00,12,16.0,-125.75,981.3,70.5
2026-09-24,EP162026,45,2026-09-24 18:00:00,0 days 18:00:00,18,16.63,-125.0,982.9,68.4
2026-09-24,EP162026,45,2026-09-25 00:00:00,1 days 00:00:00,24,17.25,-124.25,984.5,66.3
2026-09-24,EP162026,45,2026-09-25 06:00:00,1 days 06:00:00,30,17.75,-123.88,985.9,64.5
2026-09-24,EP162026,45,2026-09-25 12:00:00,1 days 12:00:00,36,18.25,-123.5,987.2,62.6
2026-09-24,EP162026,45,2026-09-25 18:00:00,1 days 18:00:00,42,18.63,-123.38,989.0,60.1
2026-09-24,EP162026,45,2026-09-26 00:00:00,2 days 00:00:00,48,19.0,-123.25,990.9,57.5
2026-09-24,EP162026,45,2026-09-26 06:00:00,2 days 06:00:00,54,19.5,-123.25,989.9,58.9
2026-09-24,EP162026,45,2026-09-26 12:00:00,2 days 12:00:00,60,20.0,-123.25,988.9,60.4
2026-09-24,EP162026,45,2026-09-26 18:00:00,2 days 18:00:00,66,20.75,-123.13,990.6,57.9
2026-09-24,EP162026,45,2026-09-27 00:00:00,3 days 00:00:00,72,21.5,-123.0,992.3,55.4
2026-09-24,EP162026,45,2026-09-27 06:00:00,3 days 06:00:00,78,21.88,-122.63,996.9,48.4
2026-09-24,EP162026,45,2026-09-27 12:00:00,3 days 12:00:00,84,22.25,-122.25,1001.4,41.3
2026-09-24,EP162026,45,2026-09-27 18:00:00,3 days 18:00:00,90,22.67,-118.51,983.7,65.3
2026-09-24,EP162026,45,2026-09-28 00:00:00,4 days 00:00:00,96,23.0,-114.75,966.0,89.3
2026-09-24,EP162026,45,2026-09-28 06:00:00,4 days 06:00:00,102,24.0,-114.5,972.9,80.9
2026-09-24,EP162026,45,2026-09-28 12:00:00,4 days 12:00:00,108,25.0,-114.25,979.8,72.4
2026-09-24,EP162026,45,2026-09-28 18:00:00,4 days 18:00:00,114,26.0,-113.63,987.0,62.6
2026-09-24,EP162026,45,2026-09-29 00:00:00,5 days 00:00:00,120,27.0,-113.0,994.1,52.7
2026-09-24,EP162026,45,2026-09-29 06:00:00,5 days 06:00:00,126,28.0,-112.01,996.9,48.4
2026-09-24,EP162026,45,2026-09-29 12:00:00,5 days 12:00:00,132,29.0,-111.0,999.8,44.0
2026-09-24,EP172026,45,2026-09-24 00:00:00,0 days 00:00:00,0,15.75,-102.25,970.5,84.0
2026-09-24,EP172026,45,2026-09-24 06:00:00,0 days 06:00:00,6,16.13,-103.25,974.2,79.5
2026-09-24,EP172026,45,2026-09-24 12:00:00,0 days 12:00:00,12,16.5,-104.25,977.8,75.1
2026-09-24,EP172026,45,2026-09-24 18:00:00,0 days 18:00:00,18,16.88,-105.12,977.0,76.0
2026-09-24,EP172026,45,2026-09-25 00:00:00,1 days 00:00:00,24,17.25,-106.0,976.2,77.0
2026-09-24,EP172026,45,2026-09-25 06:00:00,1 days 06:00:00,30,17.25,-107.0,975.1,78.3
2026-09-24,EP172026,45,2026-09-25 12:00:00,1 days 12:00:00,36,17.25,-108.0,974.0,79.7
2026-09-24,EP172026,45,2026-09-25 18:00:00,1 days 18:00:00,42,17.38,-108.75,972.5,81.6
2026-09-24,EP172026,45,2026-09-26 00:00:00,2 days 00:00:00,48,17.5,-109.5,971.0,83.4
2026-09-24,EP172026,45,2026-09-26 06:00:00,2 days 06:00:00,54,17.75,-110.5,970.1,84.4
2026-09-24,EP172026,45,2026-09-26 12:00:00,2 days 12:00:00,60,18.0,-111.5,969.3,85.4
2026-09-24,EP172026,45,2026-09-26 18:00:00,2 days 18:00:00,66,18.63,-112.25,969.4,85.3
2026-09-24,EP172026,45,2026-09-27 00:00:00,3 days 00:00:00,72,19.25,-113.0,969.5,85.2
2026-09-24,EP172026,45,2026-09-27 06:00:00,3 days 06:00:00,78,20.13,-113.5,968.6,86.3
2026-09-24,EP172026,45,2026-09-27 12:00:00,3 days 12:00:00,84,21.0,-114.0,967.7,87.3
2026-09-24,EP172026,45,2026-09-27 18:00:00,3 days 18:00:00,90,22.0,-114.37,966.9,88.3
2026-09-24,EP172026,45,2026-09-28 00:00:00,4 days 00:00:00,96,23.0,-114.75,966.0,89.3
2026-09-24,IO012026,45,2026-09-24 00:00:00,0 days 00:00:00,0,18.5,84.0,986.5,63.6
2026-09-24,IO012026,45,2026-09-24 06:00:00,0 days 06:00:00,6,18.5,83.88,988.8,60.5
2026-09-24,IO012026,45,2026-09-24 12:00:00,0 days 12:00:00,12,18.5,83.75,991.0,57.3
2026-09-24,IO012026,45,2026-09-24 18:00:00,0 days 18:00:00,18,19.38,83.25,991.3,56.8
2026-09-24,IO012026,45,2026-09-25 00:00:00,1 days 00:00:00,24,20.25,82.75,991.7,56.4
2026-09-24,IO012026,45,2026-09-25 06:00:00,1 days 06:00:00,30,21.0,82.5,992.4,55.3
2026-09-24,IO012026,45,2026-09-25 12:00:00,1 days 12:00:00,36,21.75,82.25,993.1,54.2
2026-09-24,IO012026,45,2026-09-25 18:00:00,1 days 18:00:00,42,22.5,81.88,994.5,52.2
2026-09-24,IO012026,45,2026-09-26 00:00:00,2 days 00:00:00,48,23.25,81.5,995.8,50.2
2026-09-24,IO012026,45,2026-09-26 06:00:00,2 days 06:00:00,54,24.38,81.25,997.0,48.4
2026-09-24,IO012026,45,2026-09-26 12:00:00,2 days 12:00:00,60,25.5,81.0,998.2,46.6
2026-09-24,IO012026,45,2026-09-26 18:00:00,2 days 18:00:00,66,27.13,80.63,1000.0,43.5
2026-09-24,IO012026,45,2026-09-27 00:00:00,3 days 00:00:00,72,28.75,80.25,1001.9,40.5
2026-09-24,WP252026,45,2026-09-24 00:00:00,0 days 00:00:00,0,18.0,134.5,1003.5,37.8
2026-09-24,WP252026,45,2026-09-24 06:00:00,0 days 06:00:00,6,18.38,133.25,1001.8,40.6
2026-09-24,WP252026,45,2026-09-24 12:00:00,0 days 12:00:00,12,18.75,132.0,1000.2,43.3
2026-09-24,WP252026,45,2026-09-24 18:00:00,0 days 18:00:00,18,19.25,130.88,1000.2,43.3
2026-09-24,WP252026,45,2026-09-25 00:00:00,1 days 00:00:00,24,19.75,129.75,1000.3,43.2
2026-09-24,WP252026,45,2026-09-25 06:00:00,1 days 06:00:00,30,20.38,128.75,998.5,46.0
2026-09-24,WP252026,45,2026-09-25 12:00:00,1 days 12:00:00,36,21.0,127.75,996.7,48.9
2026-09-24,WP252026,45,2026-09-25 18:00:00,1 days 18:00:00,42,21.5,127.13,996.0,49.9
2026-09-24,WP252026,45,2026-09-26 00:00:00,2 days 00:00:00,48,22.0,126.5,995.3,51.0
2026-09-24,WP252026,45,2026-09-26 06:00:00,2 days 06:00:00,54,22.63,126.38,993.7,53.3
2026-09-24,WP252026,45,2026-09-26 12:00:00,2 days 12:00:00,60,23.25,126.25,992.2,55.7
2026-09-24,WP252026,45,2026-09-26 18:00:00,2 days 18:00:00,66,23.75,126.37,991.6,56.5
2026-09-24,WP252026,45,2026-09-27 00:00:00,3 days 00:00:00,72,24.25,126.5,991.0,57.3
2026-09-24,WP252026,45,2026-09-27 06:00:00,3 days 06:00:00,78,24.75,127.0,991.4,56.7
2026-09-24,WP252026,45,2026-09-27 12:00:00,3 days 12:00:00,84,25.25,127.5,991.8,56.2
2026-09-24,WP252026,45,2026-09-27 18:00:00,3 days 18:00:00,90,25.88,128.37,992.8,54.7
2026-09-24,WP252026,45,2026-09-28 00:00:00,4 days 00:00:00,96,26.5,129.25,993.9,53.2
2026-09-24,WP252026,45,2026-09-28 06:00:00,4 days 06:00:00,102,27.13,130.37,995.7,50.3
2026-09-24,WP252026,45,2026-09-28 12:00:00,4 days 12:00:00,108,27.75,131.5,997.6,47.4
2026-09-24,WP252026,45,2026-09-28 18:00:00,4 days 18:00:00,114,28.13,132.37,997.4,47.8
2026-09-24,WP252026,45,2026-09-29 00:00:00,5 days 00:00:00,120,28.5,133.25,997.2,48.2
2026-09-24,WP252026,45,2026-09-29 06:00:00,5 days 06:00:00,126,28.5,134.25,999.5,44.4
2026-09-24,WP252026,45,2026-09-29 12:00:00,5 days 12:00:00,132,28.5,135.25,1001.9,40.6
2026-09-24,WP252026,45,2026-09-29 18:00:00,5 days 18:00:00,138,28.63,136.0,1002.9,38.9
2026-09-24,WP252026,45,2026-09-30 00:00:00,6 days 00:00:00,144,28.75,136.75,1003.9,37.1
2026-09-24,WP252026,45,2026-09-30 06:00:00,6 days 06:00:00,150,29.38,136.75,1004.4,36.2
2026-09-24,WP252026,45,2026-09-30 12:00:00,6 days 12:00:00,156,30.0,136.75,1005.0,35.2
2026-09-24,EP152026,46,2026-09-24 00:00:00,0 days 00:00:00,0,14.5,-155.5,1000.6,42.7
2026-09-24,EP152026,46,2026-09-24 06:00:00,0 days 06:00:00,6,14.5,-155.75,998.0,46.8
2026-09-24,EP152026,46,2026-09-24 12:00:00,0 days 12:00:00,12,14.5,-156.0,995.3,50.9
2026-09-24,EP152026,46,2026-09-24 18:00:00,0 days 18:00:00,18,14.75,-156.12,990.9,57.3
2026-09-24,EP152026,46,2026-09-25 00:00:00,1 days 00:00:00,24,15.0,-156.25,986.5,63.6
2026-09-24,EP152026,46,2026-09-25 06:00:00,1 days 06:00:00,30,15.75,-155.88,986.3,63.8
2026-09-24,EP152026,46,2026-09-25 12:00:00,1 days 12:00:00,36,16.5,-155.5,986.2,64.0
2026-09-24,EP152026,46,2026-09-25 18:00:00,1 days 18:00:00,42,17.13,-155.38,985.1,65.5
2026-09-24,EP152026,46,2026-09-26 00:00:00,2 days 00:00:00,48,17.75,-155.25,984.0,66.9
2026-09-24,EP152026,46,2026-09-26 06:00:00,2 days 06:00:00,54,18.5,-155.13,989.0,59.9
2026-09-24,EP152026,46,2026-09-26 12:00:00,2 days 12:00:00,60,19.25,-155.0,994.0,52.9
2026-09-24,EP152026,46,2026-09-26 18:00:00,2 days 18:00:00,66,19.38,-156.0,996.3,49.4
2026-09-24,EP152026,46,2026-09-27 00:00:00,3 days 00:00:00,72,19.5,-157.0,998.5,46.0
2026-09-24,EP152026,46,2026-09-27 06:00:00,3 days 06:00:00,78,19.5,-158.0,999.0,45.3
2026-09-24,EP152026,46,2026-09-27 12:00:00,3 days 12:00:00,84,19.5,-159.0,999.4,44.6
2026-09-24,EP152026,46,2026-09-27 18:00:00,3 days 18:00:00,90,19.38,-160.25,998.3,46.4
2026-09-24,EP152026,46,2026-09-28 00:00:00,4 days 00:00:00,96,19.25,-161.5,997.2,48.1
2026-09-24,EP152026,46,2026-09-28 06:00:00,4 days 06:00:00,102,19.63,-162.12,998.5,46.0
2026-09-24,EP152026,46,2026-09-28 12:00:00,4 days 12:00:00,108,20.0,-162.75,999.9,43.8
2026-09-24,EP152026,46,2026-09-28 18:00:00,4 days 18:00:00,114,20.88,-163.87,1000.8,42.2
2026-09-24,EP152026,46,2026-09-29 00:00:00,5 days 00:00:00,120,21.75,-165.0,1001.8,40.7
2026-09-24,EP152026,46,2026-09-29 06:00:00,5 days 06:00:00,126,22.88,-166.12,1000.4,42.9
2026-09-24,EP152026,46,2026-09-29 12:00:00,5 days 12:00:00,132,24.0,-167.25,999.1,45.1
2026-09-24,EP152026,46,2026-09-29 18:00:00,5 days 18:00:00,138,24.13,-168.75,998.6,45.9
2026-09-24,EP152026,46,2026-09-30 00:00:00,6 days 00:00:00,144,24.25,-170.25,998.1,46.7
2026-09-24,EP152026,46,2026-09-30 06:00:00,6 days 06:00:00,150,23.76,-171.5,997.8,47.1
2026-09-24,EP152026,46,2026-09-30 12:00:00,6 days 12:00:00,156,23.25,-172.75,997.5,47.6
2026-09-24,EP152026,46,2026-09-30 18:00:00,6 days 18:00:00,162,22.63,-174.26,1000.8,42.1
2026-09-24,EP152026,46,2026-10-01 00:00:00,7 days 00:00:00,168,22.0,-175.75,1004.1,36.7
2026-09-24,EP152026,46,2026-10-01 06:00:00,7 days 06:00:00,174,21.5,-176.63,1005.0,35.1
2026-09-24,EP152026,46,2026-10-01 12:00:00,7 days 12:00:00,180,21.0,-177.5,1005.9,33.5
2026-09-24,EP152026,46,2026-10-01 18:00:00,7 days 18:00:00,186,20.75,-178.5,1005.9,33.4
2026-09-24,EP152026,46,2026-10-02 00:00:00,8 days 00:00:00,192,20.5,-179.5,1006.0,33.3
2026-09-24,EP152026,46,2026-10-02 06:00:00,8 days 06:00:00,198,20.26,179.0,1006.4,32.6
2026-09-24,EP152026,46,2026-10-02 12:00:00,8 days 12:00:00,204,20.0,177.5,1006.8,31.8
2026-09-24,EP152026,46,2026-10-02 18:00:00,8 days 18:00:00,210,19.88,176.37,1005.0,35.1
2026-09-24,EP152026,46,2026-10-03 00:00:00,9 days 00:00:00,216,19.75,175.25,1003.2,38.4
2026-09-24,EP152026,46,2026-10-03 06:00:00,9 days 06:00:00,222,19.88,173.5,1001.1,41.8
2026-09-24,EP152026,46,2026-10-03 12:00:00,9 days 12:00:00,228,20.0,171.75,999.0,45.3
2026-09-24,EP152026,46,2026-10-03 18:00:00,9 days 18:00:00,234,20.13,170.25,996.2,49.5
2026-09-24,EP152026,46,2026-10-04 00:00:00,10 days 00:00:00,240,20.25,168.75,993.4,53.8
2026-09-24,EP152026,46,2026-10-04 06:00:00,10 days 06:00:00,246,20.63,167.63,992.4,55.2
2026-09-24,EP152026,46,2026-10-04 12:00:00,10 days 12:00:00,252,21.0,166.5,991.5,56.7
2026-09-24,EP152026,46,2026-10-04 18:00:00,10 days 18:00:00,258,21.88,165.51,989.7,59.1
2026-09-24,EP152026,46,2026-10-05 00:00:00,11 days 00:00:00,264,22.75,164.5,988.0,61.5
2026-09-24,EP152026,46,2026-10-05 06:00:00,11 days 06:00:00,270,23.75,163.63,985.2,65.3
2026-09-24,EP152026,46,2026-10-05 12:00:00,11 days 12:00:00,276,24.75,162.75,982.4,69.0
2026-09-24,EP152026,46,2026-10-05 18:00:00,11 days 18:00:00,282,26.25,162.26,980.7,71.2
2026-09-24,EP152026,46,2026-10-06 00:00:00,12 days 00:00:00,288,27.75,161.75,979.0,73.4
2026-09-24,EP152026,46,2026-10-06 06:00:00,12 days 06:00:00,294,29.63,162.0,980.5,71.5
2026-09-24,EP152026,46,2026-10-06 12:00:00,12 days 12:00:00,300,31.5,162.25,982.0,69.6
2026-09-24,EP152026,46,2026-10-06 18:00:00,12 days 18:00:00,306,33.14,163.84,983.5,67.6
2026-09-24,EP152026,46,2026-10-07 00:00:00,13 days 00:00:00,312,34.75,165.5,985.1,65.6
2026-09-24,EP152026,46,2026-10-07 06:00:00,13 days 06:00:00,318,35.91,168.21,992.3,55.0
2026-09-24,EP152026,46,2026-10-07 12:00:00,13 days 12:00:00,324,37.0,171.0,999.5,44.5
2026-09-24,EP162026,46,2026-09-24 00:00:00,0 days 00:00:00,0,15.5,-126.75,971.6,82.7
2026-09-24,EP162026,46,2026-09-24 06:00:00,0 days 06:00:00,6,15.75,-126.25,974.9,78.7
2026-09-24,EP162026,46,2026-09-24 12:00:00,0 days 12:00:00,12,16.0,-125.75,978.1,74.7
2026-09-24,EP162026,46,2026-09-24 18:00:00,0 days 18:00:00,18,16.38,-125.13,980.7,71.3
2026-09-24,EP162026,46,2026-09-25 00:00:00,1 days 00:00:00,24,16.75,-124.5,983.2,68.0
2026-09-24,EP162026,46,2026-09-25 06:00:00,1 days 06:00:00,30,17.5,-123.88,982.5,69.0
2026-09-24,EP162026,46,2026-09-25 12:00:00,1 days 12:00:00,36,18.25,-123.25,981.8,69.9
2026-09-24,EP162026,46,2026-09-25 18:00:00,1 days 18:00:00,42,18.63,-123.13,981.8,69.9
2026-09-24,EP162026,46,2026-09-26 00:00:00,2 days 00:00:00,48,19.0,-123.0,981.8,69.9
2026-09-24,EP162026,46,2026-09-26 06:00:00,2 days 06:00:00,54,19.25,-123.25,986.8,63.0
2026-09-24,EP162026,46,2026-09-26 12:00:00,2 days 12:00:00,60,19.5,-123.5,991.8,56.2
2026-09-24,EP162026,46,2026-09-26 18:00:00,2 days 18:00:00,66,19.63,-123.62,993.8,53.1
2026-09-24,EP162026,46,2026-09-27 00:00:00,3 days 00:00:00,72,19.75,-123.75,995.9,50.0
2026-09-24,EP162026,46,2026-09-27 06:00:00,3 days 06:00:00,78,20.56,-119.15,984.5,65.4
2026-09-24,EP162026,46,2026-09-27 12:00:00,3 days 12:00:00,84,21.25,-114.5,973.1,80.8
2026-09-24,EP162026,46,2026-09-27 18:00:00,3 days 18:00:00,90,22.38,-114.87,971.7,82.5
2026-09-24,EP162026,46,2026-09-28 00:00:00,4 days 00:00:00,96,23.5,-115.25,970.3,84.2
2026-09-24,EP162026,46,2026-09-28 06:00:00,4 days 06:00:00,102,24.38,-115.0,972.4,81.7
2026-09-24,EP162026,46,2026-09-28 12:00:00,4 days 12:00:00,108,25.25,-114.75,974.4,79.2
2026-09-24,EP162026,46,2026-09-28 18:00:00,4 days 18:00:00,114,26.5,-113.64,984.0,66.4
2026-09-24,EP162026,46,2026-09-29 00:00:00,5 days 00:00:00,120,27.75,-112.5,993.5,53.7
2026-09-24,EP162026,46,2026-09-29 06:00:00,5 days 06:00:00,126,30.39,-110.55,995.4,50.8
2026-09-24,EP162026,46,2026-09-29 12:00:00,5 days 12:00:00,132,33.0,-108.5,997.3,47.9
2026-09-24,EP162026,46,2026-09-29 18:00:00,5 days 18:00:00,138,35.53,-105.84,998.7,45.7
2026-09-24,EP162026,46,2026-09-30 00:00:00,6 days 00:00:00,144,38.0,-103.0,1000.1,43.5
2026-09-24,EP172026,46,2026-09-24 00:00:00,0 days 00:00:00,0,15.75,-102.25,970.5,84.0
2026-09-24,EP172026,46,2026-09-24 06:00:00,0 days 06:00:00,6,16.13,-103.12,974.4,79.1
2026-09-24,EP172026,46,2026-09-24 12:00:00,0 days 12:00:00,12,16.5,-104.0,978.4,74.3
2026-09-24,EP172026,46,2026-09-24 18:00:00,0 days 18:00:00,18,16.75,-104.87,978.2,74.5
2026-09-24,EP172026,46,2026-09-25 00:00:00,1 days 00:00:00,24,17.0,-105.75,978.1,74.7
2026-09-24,EP172026,46,2026-09-25 06:00:00,1 days 06:00:00,30,17.0,-106.62,976.8,76.3
2026-09-24,EP172026,46,2026-09-25 12:00:00,1 days 12:00:00,36,17.0,-107.5,975.5,77.9
2026-09-24,EP172026,46,2026-09-25 18:00:00,1 days 18:00:00,42,17.25,-108.62,970.4,84.1
2026-09-24,EP172026,46,2026-09-26 00:00:00,2 days 00:00:00,48,17.5,-109.75,965.2,90.3
2026-09-24,EP172026,46,2026-09-26 06:00:00,2 days 06:00:00,54,17.75,-110.75,968.9,85.9
2026-09-24,EP172026,46,2026-09-26 12:00:00,2 days 12:00:00,60,18.0,-111.75,972.5,81.5
2026-09-24,EP172026,46,2026-09-26 18:00:00,2 days 18:00:00,66,18.75,-112.62,969.0,85.8
2026-09-24,EP172026,46,2026-09-27 00:00:00,3 days 00:00:00,72,19.5,-113.5,965.4,90.0
2026-09-24,EP172026,46,2026-09-27 06:00:00,3 days 06:00:00,78,20.38,-114.0,969.3,85.4
2026-09-24,EP172026,46,2026-09-27 12:00:00,3 days 12:00:00,84,21.25,-114.5,973.1,80.8
2026-09-24,IO012026,46,2026-09-24 00:00:00,0 days 00:00:00,0,18.5,84.0,986.5,63.6
2026-09-24,IO012026,46,2026-09-24 06:00:00,0 days 06:00:00,6,19.25,83.5,989.5,59.4
2026-09-24,IO012026,46,2026-09-24 12:00:00,0 days 12:00:00,12,20.0,83.0,992.5,55.1
2026-09-24,IO012026,46,2026-09-24 18:00:00,0 days 18:00:00,18,20.38,83.0,992.8,54.8
2026-09-24,IO012026,46,2026-09-25 00:00:00,1 days 00:00:00,24,20.75,83.0,993.0,54.4
2026-09-24,IO012026,46,2026-09-25 06:00:00,1 days 06:00:00,30,21.25,82.75,993.9,53.1
2026-09-24,IO012026,46,2026-09-25 12:00:00,1 days 12:00:00,36,21.75,82.5,994.8,51.8
2026-09-24,IO012026,46,2026-09-25 18:00:00,1 days 18:00:00,42,22.75,82.0,995.8,50.2
2026-09-24,IO012026,46,2026-09-26 00:00:00,2 days 00:00:00,48,23.75,81.5,996.8,48.7
2026-09-24,IO012026,46,2026-09-26 06:00:00,2 days 06:00:00,54,25.38,81.01,996.6,49.0
2026-09-24,IO012026,46,2026-09-26 12:00:00,2 days 12:00:00,60,27.0,80.5,996.3,49.4
2026-09-24,IO012026,46,2026-09-26 18:00:00,2 days 18:00:00,66,27.25,80.25,998.8,45.6
2026-09-24,IO012026,46,2026-09-27 00:00:00,3 days 00:00:00,72,27.5,80.0,1001.2,41.7
2026-09-24,WP252026,46,2026-09-24 00:00:00,0 days 00:00:00,0,18.0,134.5,1003.5,37.8
2026-09-24,WP252026,46,2026-09-24 06:00:00,0 days 06:00:00,6,18.5,133.25,1002.6,39.3
2026-09-24,WP252026,46,2026-09-24 12:00:00,0 days 12:00:00,12,19.0,132.0,1001.7,40.9
2026-09-24,WP252026,46,2026-09-24 18:00:00,0 days 18:00:00,18,19.75,130.76,1001.6,41.0
2026-09-24,WP252026,46,2026-09-25 00:00:00,1 days 00:00:00,24,20.5,129.5,1001.5,41.1
2026-09-24,WP252026,46,2026-09-25 06:00:00,1 days 06:00:00,30,21.13,128.88,998.5,45.9
2026-09-24,WP252026,46,2026-09-25 12:00:00,1 days 12:00:00,36,21.75,128.25,995.5,50.7
2026-09-24,WP252026,46,2026-09-25 18:00:00,1 days 18:00:00,42,22.38,127.75,995.7,50.4
2026-09-24,WP252026,46,2026-09-26 00:00:00,2 days 00:00:00,48,23.0,127.25,995.9,50.1
2026-09-24,WP252026,46,2026-09-26 06:00:00,2 days 06:00:00,54,23.5,127.25,995.7,50.4
2026-09-24,WP252026,46,2026-09-26 12:00:00,2 days 12:00:00,60,24.0,127.25,995.4,50.8
2026-09-24,WP252026,46,2026-09-26 18:00:00,2 days 18:00:00,66,24.5,127.75,993.3,54.0
2026-09-24,WP252026,46,2026-09-27 00:00:00,3 days 00:00:00,72,25.0,128.25,991.1,57.2
2026-09-24,WP252026,46,2026-09-27 06:00:00,3 days 06:00:00,78,25.38,128.62,988.7,60.5
2026-09-24,WP252026,46,2026-09-27 12:00:00,3 days 12:00:00,84,25.75,129.0,986.4,63.7
2026-09-24,WP252026,46,2026-09-27 18:00:00,3 days 18:00:00,90,26.25,129.5,989.5,59.4
2026-09-24,WP252026,46,2026-09-28 00:00:00,4 days 00:00:00,96,26.75,130.0,992.6,55.0
2026-09-24,WP252026,46,2026-09-28 06:00:00,4 days 06:00:00,102,27.13,131.25,994.2,52.5
2026-09-24,WP252026,46,2026-09-28 12:00:00,4 days 12:00:00,108,27.5,132.5,995.9,50.1
2026-09-24,WP252026,46,2026-09-28 18:00:00,4 days 18:00:00,114,27.5,133.5,998.2,46.4
2026-09-24,WP252026,46,2026-09-29 00:00:00,5 days 00:00:00,120,27.5,134.5,1000.5,42.8
2026-09-24,WP252026,46,2026-09-29 06:00:00,5 days 06:00:00,126,28.5,135.24,1000.9,42.1
2026-09-24,WP252026,46,2026-09-29 12:00:00,5 days 12:00:00,132,29.5,136.0,1001.4,41.4
2026-09-24,WP252026,46,2026-09-29 18:00:00,5 days 18:00:00,138,30.38,136.87,1002.0,40.4
2026-09-24,WP252026,46,2026-09-30 00:00:00,6 days 00:00:00,144,31.25,137.75,1002.6,39.3
2026-09-24,WP252026,46,2026-09-30 06:00:00,6 days 06:00:00,150,32.89,139.84,1001.8,40.7
2026-09-24,WP252026,46,2026-09-30 12:00:00,6 days 12:00:00,156,34.5,142.0,1001.0,42.1
2026-09-24,EP152026,47,2026-09-24 00:00:00,0 days 00:00:00,0,14.5,-155.5,1000.6,42.7
2026-09-24,EP152026,47,2026-09-24 06:00:00,0 days 06:00:00,6,14.63,-155.75,999.5,44.4
2026-09-24,EP152026,47,2026-09-24 12:00:00,0 days 12:00:00,12,14.75,-156.0,998.5,46.1
2026-09-24,EP152026,47,2026-09-24 18:00:00,0 days 18:00:00,18,15.0,-155.75,994.8,51.6
2026-09-24,EP152026,47,2026-09-25 00:00:00,1 days 00:00:00,24,15.25,-155.5,991.2,57.0
2026-09-24,EP152026,47,2026-09-25 06:00:00,1 days 06:00:00,30,15.75,-155.13,988.5,60.9
2026-09-24,EP152026,47,2026-09-25 12:00:00,1 days 12:00:00,36,16.25,-154.75,985.7,64.7
2026-09-24,EP152026,47,2026-09-25 18:00:00,1 days 18:00:00,42,17.0,-154.63,985.6,64.8
2026-09-24,EP152026,47,2026-09-26 00:00:00,2 days 00:00:00,48,17.75,-154.5,985.6,64.9
2026-09-24,EP152026,47,2026-09-26 06:00:00,2 days 06:00:00,54,18.25,-155.0,985.5,65.0
2026-09-24,EP152026,47,2026-09-26 12:00:00,2 days 12:00:00,60,18.75,-155.5,985.3,65.2
2026-09-24,EP152026,47,2026-09-26 18:00:00,2 days 18:00:00,66,19.13,-156.0,989.4,59.4
2026-09-24,EP152026,47,2026-09-27 00:00:00,3 days 00:00:00,72,19.5,-156.5,993.5,53.7
2026-09-24,EP152026,47,2026-09-27 06:00:00,3 days 06:00:00,78,19.38,-157.38,993.6,53.5
2026-09-24,EP152026,47,2026-09-27 12:00:00,3 days 12:00:00,84,19.25,-158.25,993.7,53.4
2026-09-24,EP152026,47,2026-09-27 18:00:00,3 days 18:00:00,90,19.25,-159.12,993.8,53.2
2026-09-24,EP152026,47,2026-09-28 00:00:00,4 days 00:00:00,96,19.25,-160.0,994.0,53.0
2026-09-24,EP152026,47,2026-09-28 06:00:00,4 days 06:00:00,102,19.5,-161.25,996.6,48.9
2026-09-24,EP152026,47,2026-09-28 12:00:00,4 days 12:00:00,108,19.75,-162.5,999.3,44.8
2026-09-24,EP152026,47,2026-09-28 18:00:00,4 days 18:00:00,114,20.44,-163.3,999.6,44.3
2026-09-24,EP152026,47,2026-09-29 00:00:00,5 days 00:00:00,120,21.13,-164.11,999.8,43.9
2026-09-24,EP152026,47,2026-09-29 06:00:00,5 days 06:00:00,126,21.82,-164.93,1000.1,43.5
2026-09-24,EP152026,47,2026-09-29 12:00:00,5 days 12:00:00,132,22.5,-165.75,1000.4,43.1
2026-09-24,EP152026,47,2026-09-29 18:00:00,5 days 18:00:00,138,23.75,-165.38,997.2,48.0
2026-09-24,EP152026,47,2026-09-30 00:00:00,6 days 00:00:00,144,25.0,-165.0,994.0,52.9
2026-09-24,EP152026,47,2026-09-30 06:00:00,6 days 06:00:00,150,26.5,-164.75,992.4,55.2
2026-09-24,EP152026,47,2026-09-30 12:00:00,6 days 12:00:00,156,28.0,-164.5,990.9,57.5
2026-09-24,EP152026,47,2026-09-30 18:00:00,6 days 18:00:00,162,29.51,-165.85,987.9,61.6
2026-09-24,EP152026,47,2026-10-01 00:00:00,7 days 00:00:00,168,31.0,-167.25,985.0,65.7
2026-09-24,EP152026,47,2026-10-01 06:00:00,7 days 06:00:00,174,31.13,-168.5,984.1,66.9
2026-09-24,EP152026,47,2026-10-01 12:00:00,7 days 12:00:00,180,31.25,-169.75,983.2,68.0
2026-09-24,EP152026,47,2026-10-01 18:00:00,7 days 18:00:00,186,31.13,-169.88,985.1,65.5
2026-09-24,EP152026,47,2026-10-02 00:00:00,8 days 00:00:00,192,31.0,-170.0,987.0,62.9
2026-09-24,EP152026,47,2026-10-02 06:00:00,8 days 06:00:00,198,30.5,-169.75,990.2,58.4
2026-09-24,EP152026,47,2026-10-02 12:00:00,8 days 12:00:00,204,30.0,-169.5,993.4,53.8
2026-09-24,EP152026,47,2026-10-02 18:00:00,8 days 18:00:00,210,29.63,-169.63,995.5,50.7
2026-09-24,EP152026,47,2026-10-03 00:00:00,9 days 00:00:00,216,29.25,-169.75,997.5,47.6
2026-09-24,EP152026,47,2026-10-03 06:00:00,9 days 06:00:00,222,28.63,-170.5,1000.6,42.5
2026-09-24,EP152026,47,2026-10-03 12:00:00,9 days 12:00:00,228,28.0,-171.25,1003.7,37.5
2026-09-24,EP162026,47,2026-09-24 00:00:00,0 days 00:00:00,0,15.5,-126.75,971.6,82.7
2026-09-24,EP162026,47,2026-09-24 06:00:00,0 days 06:00:00,6,15.88,-126.13,975.0,78.5
2026-09-24,EP162026,47,2026-09-24 12:00:00,0 days 12:00:00,12,16.25,-125.5,978.4,74.3
2026-09-24,EP162026,47,2026-09-24 18:00:00,0 days 18:00:00,18,16.75,-124.88,977.3,75.7
2026-09-24,EP162026,47,2026-09-25 00:00:00,1 days 00:00:00,24,17.25,-124.25,976.1,77.1
2026-09-24,EP162026,47,2026-09-25 06:00:00,1 days 06:00:00,30,17.75,-123.88,978.9,73.6
2026-09-24,EP162026,47,2026-09-25 12:00:00,1 days 12:00:00,36,18.25,-123.5,981.6,70.1
2026-09-24,EP162026,47,2026-09-25 18:00:00,1 days 18:00:00,42,18.63,-123.25,980.5,71.5
2026-09-24,EP162026,47,2026-09-26 00:00:00,2 days 00:00:00,48,19.0,-123.0,979.4,73.0
2026-09-24,EP162026,47,2026-09-26 06:00:00,2 days 06:00:00,54,19.25,-123.37,983.4,67.6
2026-09-24,EP162026,47,2026-09-26 12:00:00,2 days 12:00:00,60,19.5,-123.75,987.5,62.3
2026-09-24,EP162026,47,2026-09-26 18:00:00,2 days 18:00:00,66,19.88,-123.5,990.2,58.4
2026-09-24,EP162026,47,2026-09-27 00:00:00,3 days 00:00:00,72,20.25,-123.25,993.0,54.4
2026-09-24,EP162026,47,2026-09-27 06:00:00,3 days 06:00:00,78,20.88,-123.25,995.3,50.9
2026-09-24,EP162026,47,2026-09-27 12:00:00,3 days 12:00:00,84,21.5,-123.25,997.7,47.4
2026-09-24,EP162026,47,2026-09-27 18:00:00,3 days 18:00:00,90,23.81,-118.95,986.8,62.4
2026-09-24,EP162026,47,2026-09-28 00:00:00,4 days 00:00:00,96,26.0,-114.5,975.9,77.4
2026-09-24,EP162026,47,2026-09-28 06:00:00,4 days 06:00:00,102,27.5,-114.01,981.2,70.5
2026-09-24,EP162026,47,2026-09-28 12:00:00,4 days 12:00:00,108,29.0,-113.5,986.5,63.5
2026-09-24,EP172026,47,2026-09-24 00:00:00,0 days 00:00:00,0,15.75,-102.25,970.5,84.0
2026-09-24,EP172026,47,2026-09-24 06:00:00,0 days 06:00:00,6,16.13,-103.12,972.3,81.8
2026-09-24,EP172026,47,2026-09-24 12:00:00,0 days 12:00:00,12,16.5,-104.0,974.1,79.7
2026-09-24,EP172026,47,2026-09-24 18:00:00,0 days 18:00:00,18,16.88,-105.12,977.3,75.6
2026-09-24,EP172026,47,2026-09-25 00:00:00,1 days 00:00:00,24,17.25,-106.25,980.5,71.6
2026-09-24,EP172026,47,2026-09-25 06:00:00,1 days 06:00:00,30,17.38,-107.25,977.4,75.5
2026-09-24,EP172026,47,2026-09-25 12:00:00,1 days 12:00:00,36,17.5,-108.25,974.3,79.4
2026-09-24,EP172026,47,2026-09-25 18:00:00,1 days 18:00:00,42,17.5,-109.25,972.6,81.5
2026-09-24,EP172026,47,2026-09-26 00:00:00,2 days 00:00:00,48,17.5,-110.25,970.9,83.6
2026-09-24,EP172026,47,2026-09-26 06:00:00,2 days 06:00:00,54,18.0,-110.87,970.7,83.8
2026-09-24,EP172026,47,2026-09-26 12:00:00,2 days 12:00:00,60,18.5,-111.5,970.5,84.0
2026-09-24,EP172026,47,2026-09-26 18:00:00,2 days 18:00:00,66,19.38,-112.25,968.9,85.9
2026-09-24,EP172026,47,2026-09-27 00:00:00,3 days 00:00:00,72,20.25,-113.0,967.2,87.9
2026-09-24,EP172026,47,2026-09-27 06:00:00,3 days 06:00:00,78,21.63,-113.62,971.2,83.1
2026-09-24,EP172026,47,2026-09-27 12:00:00,3 days 12:00:00,84,23.0,-114.25,975.2,78.3
2026-09-24,EP172026,47,2026-09-27 18:00:00,3 days 18:00:00,90,24.5,-114.37,975.5,77.9
2026-09-24,EP172026,47,2026-09-28 00:00:00,4 days 00:00:00,96,26.0,-114.5,975.9,77.4
2026-09-24,IO012026,47,2026-09-24 00:00:00,0 days 00:00:00,0,18.5,84.0,986.5,63.6
2026-09-24,IO012026,47,2026-09-24 06:00:00,0 days 06:00:00,6,18.5,84.0,988.8,60.4
2026-09-24,IO012026,47,2026-09-24 12:00:00,0 days 12:00:00,12,18.5,84.0,991.1,57.2
2026-09-24,IO012026,47,2026-09-24 18:00:00,0 days 18:00:00,18,19.63,83.75,991.4,56.7
2026-09-24,IO012026,47,2026-09-25 00:00:00,1 days 00:00:00,24,20.75,83.5,991.8,56.2
2026-09-24,IO012026,47,2026-09-25 06:00:00,1 days 06:00:00,30,21.25,82.5,994.0,52.9
2026-09-24,IO012026,47,2026-09-25 12:00:00,1 days 12:00:00,36,21.75,81.5,996.1,49.7
2026-09-24,IO012026,47,2026-09-25 18:00:00,1 days 18:00:00,42,23.63,81.38,996.3,49.4
2026-09-24,IO012026,47,2026-09-26 00:00:00,2 days 00:00:00,48,25.5,81.25,996.6,49.1
2026-09-24,IO012026,47,2026-09-26 06:00:00,2 days 06:00:00,54,26.13,80.88,997.9,47.0
2026-09-24,IO012026,47,2026-09-26 12:00:00,2 days 12:00:00,60,26.75,80.5,999.2,45.0
2026-09-24,IO012026,47,2026-09-26 18:00:00,2 days 18:00:00,66,27.13,80.25,1001.1,41.8
2026-09-24,IO012026,47,2026-09-27 00:00:00,3 days 00:00:00,72,27.5,80.0,1003.0,38.6
2026-09-24,WP252026,47,2026-09-24 00:00:00,0 days 00:00:00,0,18.0,134.5,1003.5,37.8
2026-09-24,WP252026,47,2026-09-24 06:00:00,0 days 06:00:00,6,18.5,133.25,1002.3,39.9
2026-09-24,WP252026,47,2026-09-24 12:00:00,0 days 12:00:00,12,19.0,132.0,1001.0,42.0
2026-09-24,WP252026,47,2026-09-24 18:00:00,0 days 18:00:00,18,19.75,131.0,1001.5,41.2
2026-09-24,WP252026,47,2026-09-25 00:00:00,1 days 00:00:00,24,20.5,130.0,1002.0,40.4
2026-09-24,WP252026,47,2026-09-25 06:00:00,1 days 06:00:00,30,21.25,129.01,999.7,44.0
2026-09-24,WP252026,47,2026-09-25 12:00:00,1 days 12:00:00,36,22.0,128.0,997.5,47.6
2026-09-24,WP252026,47,2026-09-25 18:00:00,1 days 18:00:00,42,22.63,127.38,995.1,51.2
2026-09-24,WP252026,47,2026-09-26 00:00:00,2 days 00:00:00,48,23.25,126.75,992.8,54.7
2026-09-24,WP252026,47,2026-09-26 06:00:00,2 days 06:00:00,54,23.88,126.87,989.7,59.1
2026-09-24,WP252026,47,2026-09-26 12:00:00,2 days 12:00:00,60,24.5,127.0,986.6,63.5
2026-09-24,WP252026,47,2026-09-26 18:00:00,2 days 18:00:00,66,25.13,127.62,988.2,61.3
2026-09-24,WP252026,47,2026-09-27 00:00:00,3 days 00:00:00,72,25.75,128.25,989.7,59.2
2026-09-24,WP252026,47,2026-09-27 06:00:00,3 days 06:00:00,78,26.38,129.12,987.3,62.4
2026-09-24,WP252026,47,2026-09-27 12:00:00,3 days 12:00:00,84,27.0,130.0,985.0,65.7
2026-09-24,WP252026,47,2026-09-27 18:00:00,3 days 18:00:00,90,27.63,130.99,988.5,60.8
2026-09-24,WP252026,47,2026-09-28 00:00:00,4 days 00:00:00,96,28.25,132.0,992.0,55.9
2026-09-24,WP252026,47,2026-09-28 06:00:00,4 days 06:00:00,102,29.39,133.85,994.2,52.6
2026-09-24,WP252026,47,2026-09-28 12:00:00,4 days 12:00:00,108,30.5,135.75,996.4,49.3
2026-09-24,WP252026,47,2026-09-28 18:00:00,4 days 18:00:00,114,31.77,138.09,996.5,49.2
2026-09-24,WP252026,47,2026-09-29 00:00:00,5 days 00:00:00,120,33.0,140.5,996.6,49.0
2026-09-24,WP252026,47,2026-09-29 06:00:00,5 days 06:00:00,126,33.91,143.22,996.7,48.8
2026-09-24,WP252026,47,2026-09-29 12:00:00,5 days 12:00:00,132,34.75,146.0,996.9,48.6
2026-09-24,EP152026,48,2026-09-24 00:00:00,0 days 00:00:00,0,14.5,-155.5,1000.6,42.7
2026-09-24,EP152026,48,2026-09-24 06:00:00,0 days 06:00:00,6,14.5,-155.63,997.8,47.0
2026-09-24,EP152026,48,2026-09-24 12:00:00,0 days 12:00:00,12,14.5,-155.75,995.0,51.4
2026-09-24,EP152026,48,2026-09-24 18:00:00,0 days 18:00:00,18,14.75,-155.87,990.9,57.3
2026-09-24,EP152026,48,2026-09-25 00:00:00,1 days 00:00:00,24,15.0,-156.0,986.7,63.3
2026-09-24,EP152026,48,2026-09-25 06:00:00,1 days 06:00:00,30,15.63,-155.75,985.5,64.9
2026-09-24,EP152026,48,2026-09-25 12:00:00,1 days 12:00:00,36,16.25,-155.5,984.3,66.5
2026-09-24,EP152026,48,2026-09-25 18:00:00,1 days 18:00:00,42,17.0,-155.25,985.6,64.8
2026-09-24,EP152026,48,2026-09-26 00:00:00,2 days 00:00:00,48,17.75,-155.0,986.9,63.1
2026-09-24,EP152026,48,2026-09-26 06:00:00,2 days 06:00:00,54,18.5,-155.0,988.7,60.5
2026-09-24,EP152026,48,2026-09-26 12:00:00,2 days 12:00:00,60,19.25,-155.0,990.6,57.9
2026-09-24,EP152026,48,2026-09-26 18:00:00,2 days 18:00:00,66,19.63,-155.75,991.6,56.4
2026-09-24,EP152026,48,2026-09-27 00:00:00,3 days 00:00:00,72,20.0,-156.5,992.7,54.9
2026-09-24,EP152026,48,2026-09-27 06:00:00,3 days 06:00:00,78,19.88,-157.38,994.6,52.1
2026-09-24,EP152026,48,2026-09-27 12:00:00,3 days 12:00:00,84,19.75,-158.25,996.4,49.2
2026-09-24,EP152026,48,2026-09-27 18:00:00,3 days 18:00:00,90,19.63,-159.38,996.7,48.8
2026-09-24,EP152026,48,2026-09-28 00:00:00,4 days 00:00:00,96,19.5,-160.5,997.0,48.4
2026-09-24,EP152026,48,2026-09-28 06:00:00,4 days 06:00:00,102,19.75,-161.62,996.9,48.5
2026-09-24,EP152026,48,2026-09-28 12:00:00,4 days 12:00:00,108,20.0,-162.75,996.9,48.6
2026-09-24,EP152026,48,2026-09-28 18:00:00,4 days 18:00:00,114,20.75,-163.62,997.6,47.5
2026-09-24,EP152026,48,2026-09-29 00:00:00,5 days 00:00:00,120,21.5,-164.5,998.3,46.4
2026-09-24,EP152026,48,2026-09-29 06:00:00,5 days 06:00:00,126,22.63,-165.12,996.8,48.7
2026-09-24,EP152026,48,2026-09-29 12:00:00,5 days 12:00:00,132,23.75,-165.75,995.3,51.1
2026-09-24,EP152026,48,2026-09-29 18:00:00,5 days 18:00:00,138,24.75,-165.63,989.4,59.3
2026-09-24,EP152026,48,2026-09-30 00:00:00,6 days 00:00:00,144,25.75,-165.5,983.6,67.5
2026-09-24,EP152026,48,2026-09-30 06:00:00,6 days 06:00:00,150,26.5,-166.12,984.4,66.4
2026-09-24,EP152026,48,2026-09-30 12:00:00,6 days 12:00:00,156,27.25,-166.75,985.2,65.3
2026-09-24,EP152026,48,2026-09-30 18:00:00,6 days 18:00:00,162,27.51,-168.0,983.6,67.6
2026-09-24,EP152026,48,2026-10-01 00:00:00,7 days 00:00:00,168,27.75,-169.25,981.9,69.8
2026-09-24,EP152026,48,2026-10-01 06:00:00,7 days 06:00:00,174,27.88,-170.0,982.6,68.8
2026-09-24,EP152026,48,2026-10-01 12:00:00,7 days 12:00:00,180,28.0,-170.75,983.4,67.8
2026-09-24,EP152026,48,2026-10-01 18:00:00,7 days 18:00:00,186,27.88,-171.0,985.5,65.0
2026-09-24,EP152026,48,2026-10-02 00:00:00,8 days 00:00:00,192,27.75,-171.25,987.6,62.1
2026-09-24,EP152026,48,2026-10-02 06:00:00,8 days 06:00:00,198,27.63,-172.38,987.3,62.5
2026-09-24,EP152026,48,2026-10-02 12:00:00,8 days 12:00:00,204,27.5,-173.5,987.0,62.9
2026-09-24,EP152026,48,2026-10-02 18:00:00,8 days 18:00:00,210,27.01,-175.26,985.6,64.8
2026-09-24,EP152026,48,2026-10-03 00:00:00,9 days 00:00:00,216,26.5,-177.0,984.2,66.7
2026-09-24,EP152026,48,2026-10-03 06:00:00,9 days 06:00:00,222,26.01,-178.38,983.0,68.4
2026-09-24,EP152026,48,2026-10-03 12:00:00,9 days 12:00:00,228,25.5,-179.75,981.7,70.1
2026-09-24,EP152026,48,2026-10-03 18:00:00,9 days 18:00:00,234,25.51,178.75,982.0,69.7
2026-09-24,EP152026,48,2026-10-04 00:00:00,10 days 00:00:00,240,25.5,177.25,982.3,69.3
2026-09-24,EP152026,48,2026-10-04 06:00:00,10 days 06:00:00,246,25.39,175.5,982.2,69.4
2026-09-24,EP152026,48,2026-10-04 12:00:00,10 days 12:00:00,252,25.25,173.75,982.1,69.5
2026-09-24,EP152026,48,2026-10-04 18:00:00,10 days 18:00:00,258,25.14,171.87,987.2,62.5
2026-09-24,EP152026,48,2026-10-05 00:00:00,11 days 00:00:00,264,25.0,170.0,992.3,55.5
2026-09-24,EP152026,48,2026-10-05 06:00:00,11 days 06:00:00,270,24.63,168.5,994.5,52.2
2026-09-24,EP152026,48,2026-10-05 12:00:00,11 days 12:00:00,276,24.25,167.0,996.6,48.9
2026-09-24,EP152026,48,2026-10-05 18:00:00,11 days 18:00:00,282,24.39,165.25,995.9,50.1
2026-09-24,EP152026,48,2026-10-06 00:00:00,12 days 00:00:00,288,24.5,163.5,995.2,51.2
2026-09-24,EP152026,48,2026-10-06 06:00:00,12 days 06:00:00,294,24.76,161.63,996.2,49.6
2026-09-24,EP152026,48,2026-10-06 12:00:00,12 days 12:00:00,300,25.0,159.75,997.3,48.0
2026-09-24,EP152026,48,2026-10-06 18:00:00,12 days 18:00:00,306,25.77,157.39,994.6,51.9
2026-09-24,EP152026,48,2026-10-07 00:00:00,13 days 00:00:00,312,26.5,155.0,992.0,55.9
2026-09-24,EP162026,48,2026-09-24 00:00:00,0 days 00:00:00,0,15.5,-126.75,971.6,82.7
2026-09-24,EP162026,48,2026-09-24 06:00:00,0 days 06:00:00,6,15.75,-126.13,976.5,76.5
2026-09-24,EP162026,48,2026-09-24 12:00:00,0 days 12:00:00,12,16.0,-125.5,981.4,70.4
2026-09-24,EP162026,48,2026-09-24 18:00:00,0 days 18:00:00,18,16.5,-125.0,981.4,70.5
2026-09-24,EP162026,48,2026-09-25 00:00:00,1 days 00:00:00,24,17.0,-124.5,981.3,70.5
2026-09-24,EP162026,48,2026-09-25 06:00:00,1 days 06:00:00,30,17.38,-124.0,982.3,69.2
2026-09-24,EP162026,48,2026-09-25 12:00:00,1 days 12:00:00,36,17.75,-123.5,983.3,67.9
2026-09-24,EP162026,48,2026-09-25 18:00:00,1 days 18:00:00,42,18.25,-123.38,983.5,67.7
2026-09-24,EP162026,48,2026-09-26 00:00:00,2 days 00:00:00,48,18.75,-123.25,983.6,67.5
2026-09-24,EP162026,48,2026-09-26 06:00:00,2 days 06:00:00,54,19.12,-123.25,983.8,67.2
2026-09-24,EP162026,48,2026-09-26 12:00:00,2 days 12:00:00,60,19.5,-123.25,984.1,66.9
2026-09-24,EP162026,48,2026-09-26 18:00:00,2 days 18:00:00,66,20.0,-123.0,988.8,60.3
2026-09-24,EP162026,48,2026-09-27 00:00:00,3 days 00:00:00,72,20.5,-122.75,993.5,53.6
2026-09-24,EP162026,48,2026-09-27 06:00:00,3 days 06:00:00,78,20.32,-117.87,983.3,67.3
2026-09-24,EP162026,48,2026-09-27 12:00:00,3 days 12:00:00,84,20.0,-113.0,973.0,81.0
2026-09-24,EP162026,48,2026-09-27 18:00:00,3 days 18:00:00,90,21.0,-113.5,974.9,78.6
2026-09-24,EP162026,48,2026-09-28 00:00:00,4 days 00:00:00,96,22.0,-114.0,976.8,76.3
2026-09-24,EP162026,48,2026-09-28 06:00:00,4 days 06:00:00,102,22.88,-114.25,974.2,79.5
2026-09-24,EP162026,48,2026-09-28 12:00:00,4 days 12:00:00,108,23.75,-114.5,971.5,82.8
2026-09-24,EP162026,48,2026-09-28 18:00:00,4 days 18:00:00,114,24.5,-114.13,975.6,77.7
2026-09-24,EP162026,48,2026-09-29 00:00:00,5 days 00:00:00,120,25.25,-113.75,979.6,72.7
2026-09-24,EP162026,48,2026-09-29 06:00:00,5 days 06:00:00,126,26.0,-113.25,986.6,63.2
2026-09-24,EP162026,48,2026-09-29 12:00:00,5 days 12:00:00,132,26.75,-112.75,993.5,53.7
2026-09-24,EP162026,48,2026-09-29 18:00:00,5 days 18:00:00,138,24.16,-111.1,992.9,54.6
2026-09-24,EP162026,48,2026-09-30 00:00:00,6 days 00:00:00,144,21.53,-109.51,992.2,55.5
2026-09-24,EP162026,48,2026-09-30 06:00:00,6 days 06:00:00,150,18.89,-107.98,991.6,56.4
2026-09-24,EP162026,48,2026-09-30 12:00:00,6 days 12:00:00,156,16.25,-106.5,991.0,57.3
2026-09-24,EP162026,48,2026-09-30 18:00:00,6 days 18:00:00,162,16.75,-107.0,991.9,56.0
2026-09-24,EP162026,48,2026-10-01 00:00:00,7 days 00:00:00,168,17.25,-107.5,992.8,54.7
2026-09-24,EP162026,48,2026-10-01 06:00:00,7 days 06:00:00,174,17.38,-108.12,990.9,57.4
2026-09-24,EP162026,48,2026-10-01 12:00:00,7 days 12:00:00,180,17.5,-108.75,989.0,60.1
2026-09-24,EP162026,48,2026-10-01 18:00:00,7 days 18:00:00,186,17.5,-109.25,986.8,63.1
2026-09-24,EP162026,48,2026-10-02 00:00:00,8 days 00:00:00,192,17.5,-109.75,984.6,66.1
2026-09-24,EP162026,48,2026-10-02 06:00:00,8 days 06:00:00,198,17.75,-110.37,984.5,66.2
2026-09-24,EP162026,48,2026-10-02 12:00:00,8 days 12:00:00,204,18.0,-111.0,984.5,66.3
2026-09-24,EP162026,48,2026-10-02 18:00:00,8 days 18:00:00,210,18.13,-111.62,984.3,66.6
2026-09-24,EP162026,48,2026-10-03 00:00:00,9 days 00:00:00,216,18.25,-112.25,984.1,66.9
2026-09-24,EP162026,48,2026-10-03 06:00:00,9 days 06:00:00,222,18.25,-113.0,982.3,69.1
2026-09-24,EP162026,48,2026-10-03 12:00:00,9 days 12:00:00,228,18.25,-113.75,980.6,71.4
2026-09-24,EP162026,48,2026-10-03 18:00:00,9 days 18:00:00,234,18.38,-114.25,979.5,72.9
2026-09-24,EP162026,48,2026-10-04 00:00:00,10 days 00:00:00,240,18.5,-114.75,978.3,74.4
2026-09-24,EP162026,48,2026-10-04 06:00:00,10 days 06:00:00,246,18.5,-115.38,980.1,72.0
2026-09-24,EP162026,48,2026-10-04 12:00:00,10 days 12:00:00,252,18.5,-116.0,982.0,69.7
2026-09-24,EP162026,48,2026-10-04 18:00:00,10 days 18:00:00,258,19.0,-116.62,980.6,71.5
2026-09-24,EP162026,48,2026-10-05 00:00:00,11 days 00:00:00,264,19.5,-117.25,979.2,73.3
2026-09-24,EP162026,48,2026-10-05 06:00:00,11 days 06:00:00,270,19.38,-117.88,978.7,73.8
2026-09-24,EP162026,48,2026-10-05 12:00:00,11 days 12:00:00,276,19.25,-118.5,978.3,74.4
2026-09-24,EP162026,48,2026-10-05 18:00:00,11 days 18:00:00,282,19.13,-118.75,981.0,70.9
2026-09-24,EP162026,48,2026-10-06 00:00:00,12 days 00:00:00,288,19.0,-119.0,983.7,67.3
2026-09-24,EP162026,48,2026-10-06 06:00:00,12 days 06:00:00,294,19.13,-119.12,982.2,69.3
2026-09-24,EP162026,48,2026-10-06 12:00:00,12 days 12:00:00,300,19.25,-119.25,980.7,71.3
2026-09-24,EP162026,48,2026-10-06 18:00:00,12 days 18:00:00,306,19.38,-119.25,981.0,71.0
2026-09-24,EP162026,48,2026-10-07 00:00:00,13 days 00:00:00,312,19.5,-119.25,981.2,70.6
2026-09-24,EP162026,48,2026-10-07 06:00:00,13 days 06:00:00,318,20.13,-119.37,981.6,70.1
2026-09-24,EP162026,48,2026-10-07 12:00:00,13 days 12:00:00,324,20.75,-119.5,982.1,69.5
2026-09-24,EP162026,48,2026-10-07 18:00:00,13 days 18:00:00,330,21.13,-120.0,984.2,66.7
2026-09-24,EP162026,48,2026-10-08 00:00:00,14 days 00:00:00,336,21.5,-120.5,986.3,63.9
2026-09-24,EP162026,48,2026-10-08 06:00:00,14 days 06:00:00,342,22.38,-121.25,988.6,60.6
2026-09-24,EP162026,48,2026-10-08 12:00:00,14 days 12:00:00,348,23.25,-122.0,991.0,57.3
2026-09-24,EP162026,48,2026-10-08 18:00:00,14 days 18:00:00,354,23.5,-122.75,992.3,55.4
2026-09-24,EP162026,48,2026-10-09 00:00:00,15 days 00:00:00,360,23.75,-123.5,993.6,53.5
2026-09-24,EP172026,48,2026-09-24 00:00:00,0 days 00:00:00,0,15.75,-102.25,970.5,84.0
2026-09-24,EP172026,48,2026-09-24 06:00:00,0 days 06:00:00,6,16.13,-103.12,973.0,80.9
2026-09-24,EP172026,48,2026-09-24 12:00:00,0 days 12:00:00,12,16.5,-104.0,975.5,77.9
2026-09-24,EP172026,48,2026-09-24 18:00:00,0 days 18:00:00,18,16.88,-105.0,976.0,77.3
2026-09-24,EP172026,48,2026-09-25 00:00:00,1 days 00:00:00,24,17.25,-106.0,976.5,76.7
2026-09-24,EP172026,48,2026-09-25 06:00:00,1 days 06:00:00,30,17.25,-106.88,972.9,81.0
2026-09-24,EP172026,48,2026-09-25 12:00:00,1 days 12:00:00,36,17.25,-107.75,969.3,85.4
2026-09-24,EP172026,48,2026-09-25 18:00:00,1 days 18:00:00,42,17.25,-108.5,968.7,86.2
2026-09-24,EP172026,48,2026-09-26 00:00:00,2 days 00:00:00,48,17.25,-109.25,968.0,87.0
2026-09-24,EP172026,48,2026-09-26 06:00:00,2 days 06:00:00,54,17.38,-110.12,965.7,89.7
2026-09-24,EP172026,48,2026-09-26 12:00:00,2 days 12:00:00,60,17.5,-111.0,963.4,92.4
2026-09-24,EP172026,48,2026-09-26 18:00:00,2 days 18:00:00,66,17.88,-111.5,966.9,88.2
2026-09-24,EP172026,48,2026-09-27 00:00:00,3 days 00:00:00,72,18.25,-112.0,970.4,84.1
2026-09-24,EP172026,48,2026-09-27 06:00:00,3 days 06:00:00,78,19.13,-112.5,971.7,82.5
2026-09-24,EP172026,48,2026-09-27 12:00:00,3 days 12:00:00,84,20.0,-113.0,973.0,81.0
2026-09-24,IO012026,48,2026-09-24 00:00:00,0 days 00:00:00,0,18.5,84.0,986.5,63.6
2026-09-24,IO012026,48,2026-09-24 06:00:00,0 days 06:00:00,6,18.38,84.0,988.9,60.2
2026-09-24,IO012026,48,2026-09-24 12:00:00,0 days 12:00:00,12,18.25,84.0,991.4,56.7
2026-09-24,IO012026,48,2026-09-24 18:00:00,0 days 18:00:00,18,19.38,83.01,991.5,56.5
2026-09-24,IO012026,48,2026-09-25 00:00:00,1 days 00:00:00,24,20.5,82.0,991.7,56.3
2026-09-24,IO012026,48,2026-09-25 06:00:00,1 days 06:00:00,30,21.0,81.88,992.0,55.9
2026-09-24,IO012026,48,2026-09-25 12:00:00,1 days 12:00:00,36,21.5,81.75,992.3,55.5
2026-09-24,IO012026,48,2026-09-25 18:00:00,1 days 18:00:00,42,22.75,81.38,993.4,53.9
2026-09-24,IO012026,48,2026-09-26 00:00:00,2 days 00:00:00,48,24.0,81.0,994.4,52.3
2026-09-24,IO012026,48,2026-09-26 06:00:00,2 days 06:00:00,54,25.25,80.63,995.9,50.0
2026-09-24,IO012026,48,2026-09-26 12:00:00,2 days 12:00:00,60,26.5,80.25,997.4,47.7
2026-09-24,IO012026,48,2026-09-26 18:00:00,2 days 18:00:00,66,27.13,79.75,998.2,46.5
2026-09-24,IO012026,48,2026-09-27 00:00:00,3 days 00:00:00,72,27.75,79.25,999.0,45.2
2026-09-24,WP252026,48,2026-09-24 00:00:00,0 days 00:00:00,0,18.0,134.5,1003.5,37.8
2026-09-24,WP252026,48,2026-09-24 06:00:00,0 days 06:00:00,6,18.63,133.25,1001.9,40.5
2026-09-24,WP252026,48,2026-09-24 12:00:00,0 days 12:00:00,12,19.25,132.0,1000.3,43.2
2026-09-24,WP252026,48,2026-09-24 18:00:00,0 days 18:00:00,18,19.75,131.0,1001.5,41.1
2026-09-24,WP252026,48,2026-09-25 00:00:00,1 days 00:00:00,24,20.25,130.0,1002.8,39.0
2026-09-24,WP252026,48,2026-09-25 06:00:00,1 days 06:00:00,30,20.88,129.13,1002.4,39.7
2026-09-24,WP252026,48,2026-09-25 12:00:00,1 days 12:00:00,36,21.5,128.25,1002.0,40.4
2026-09-24,WP252026,48,2026-09-25 18:00:00,1 days 18:00:00,42,21.88,127.5,998.4,46.1
2026-09-24,WP252026,48,2026-09-26 00:00:00,2 days 00:00:00,48,22.25,126.75,994.8,51.8
2026-09-24,WP252026,48,2026-09-26 06:00:00,2 days 06:00:00,54,22.88,126.5,992.6,55.0
2026-09-24,WP252026,48,2026-09-26 12:00:00,2 days 12:00:00,60,23.5,126.25,990.4,58.2
2026-09-24,WP252026,48,2026-09-26 18:00:00,2 days 18:00:00,66,23.75,126.5,992.3,55.4
2026-09-24,WP252026,48,2026-09-27 00:00:00,3 days 00:00:00,72,24.0,126.75,994.2,52.7
2026-09-24,WP252026,48,2026-09-27 06:00:00,3 days 06:00:00,78,24.63,127.5,990.9,57.4
2026-09-24,WP252026,48,2026-09-27 12:00:00,3 days 12:00:00,84,25.25,128.25,987.6,62.1
2026-09-24,WP252026,48,2026-09-27 18:00:00,3 days 18:00:00,90,25.63,129.12,984.1,66.7
2026-09-24,WP252026,48,2026-09-28 00:00:00,4 days 00:00:00,96,26.0,130.0,980.6,71.4
2026-09-24,WP252026,48,2026-09-28 06:00:00,4 days 06:00:00,102,26.38,131.12,985.8,64.4
2026-09-24,WP252026,48,2026-09-28 12:00:00,4 days 12:00:00,108,26.75,132.25,990.9,57.4
2026-09-24,WP252026,48,2026-09-28 18:00:00,4 days 18:00:00,114,26.75,133.0,993.0,54.4
2026-09-24,WP252026,48,2026-09-29 00:00:00,5 days 00:00:00,120,26.75,133.75,995.0,51.5
2026-09-24,WP252026,48,2026-09-29 06:00:00,5 days 06:00:00,126,26.63,134.38,996.9,48.6
2026-09-24,WP252026,48,2026-09-29 12:00:00,5 days 12:00:00,132,26.5,135.0,998.7,45.7
2026-09-24,WP252026,48,2026-09-29 18:00:00,5 days 18:00:00,138,27.12,135.0,999.5,44.4
2026-09-24,WP252026,48,2026-09-30 00:00:00,6 days 00:00:00,144,27.75,135.0,1000.3,43.2
2026-09-24,WP252026,48,2026-09-30 06:00:00,6 days 06:00:00,150,27.88,135.25,1000.7,42.4
2026-09-24,WP252026,48,2026-09-30 12:00:00,6 days 12:00:00,156,28.0,135.5,1001.2,41.6
2026-09-24,WP252026,48,2026-09-30 18:00:00,6 days 18:00:00,162,28.5,135.87,1002.3,39.9
2026-09-24,WP252026,48,2026-10-01 00:00:00,7 days 00:00:00,168,29.0,136.25,1003.3,38.1
2026-09-24,WP252026,48,2026-10-01 06:00:00,7 days 06:00:00,174,29.38,136.87,1004.6,35.8
2026-09-24,WP252026,48,2026-10-01 12:00:00,7 days 12:00:00,180,29.75,137.5,1005.9,33.5
2026-09-24,WP252026,48,2026-10-01 18:00:00,7 days 18:00:00,186,30.63,138.49,1006.2,32.9
2026-09-24,WP252026,48,2026-10-02 00:00:00,8 days 00:00:00,192,31.5,139.5,1006.5,32.4
2026-09-24,WP252026,48,2026-10-02 06:00:00,8 days 06:00:00,198,25.89,141.46,998.0,45.8
2026-09-24,WP252026,48,2026-10-02 12:00:00,8 days 12:00:00,204,20.25,143.25,989.6,59.3
2026-09-24,WP252026,48,2026-10-02 18:00:00,8 days 18:00:00,210,20.63,143.13,987.8,61.8
2026-09-24,WP252026,48,2026-10-03 00:00:00,9 days 00:00:00,216,21.0,143.0,986.0,64.3
2026-09-24,WP252026,48,2026-10-03 06:00:00,9 days 06:00:00,222,21.25,142.88,983.8,67.3
2026-09-24,WP252026,48,2026-10-03 12:00:00,9 days 12:00:00,228,21.5,142.75,981.5,70.3
2026-09-24,WP252026,48,2026-10-03 18:00:00,9 days 18:00:00,234,22.13,142.38,982.3,69.2
2026-09-24,WP252026,48,2026-10-04 00:00:00,10 days 00:00:00,240,22.75,142.0,983.1,68.1
2026-09-24,WP252026,48,2026-10-04 06:00:00,10 days 06:00:00,246,23.25,142.12,982.9,68.4
2026-09-24,WP252026,48,2026-10-04 12:00:00,10 days 12:00:00,252,23.75,142.25,982.6,68.8
2026-09-24,WP252026,48,2026-10-04 18:00:00,10 days 18:00:00,258,24.62,142.25,981.6,70.2
2026-09-24,WP252026,48,2026-10-05 00:00:00,11 days 00:00:00,264,25.5,142.25,980.5,71.6
2026-09-24,WP252026,48,2026-10-05 06:00:00,11 days 06:00:00,270,26.75,141.63,981.3,70.5
2026-09-24,WP252026,48,2026-10-05 12:00:00,11 days 12:00:00,276,28.0,141.0,982.2,69.4
2026-09-24,WP252026,48,2026-10-05 18:00:00,11 days 18:00:00,282,29.75,141.49,982.6,68.8
2026-09-24,WP252026,48,2026-10-06 00:00:00,12 days 00:00:00,288,31.5,142.0,983.0,68.3
2026-09-24,WP252026,48,2026-10-06 06:00:00,12 days 06:00:00,294,32.38,142.87,987.8,61.7
2026-09-24,WP252026,48,2026-10-06 12:00:00,12 days 12:00:00,300,33.25,143.75,992.5,55.1
2026-09-24,WP252026,48,2026-10-06 18:00:00,12 days 18:00:00,306,29.99,149.57,992.2,55.5
2026-09-24,WP252026,48,2026-10-07 00:00:00,13 days 00:00:00,312,26.5,155.0,992.0,55.9
2026-09-24,WP252026,48,2026-10-07 06:00:00,13 days 06:00:00,318,27.76,153.15,991.9,56.1
2026-09-24,WP252026,48,2026-10-07 12:00:00,13 days 12:00:00,324,29.0,151.25,991.7,56.3
2026-09-24,WP252026,48,2026-10-07 18:00:00,13 days 18:00:00,330,30.38,150.39,990.4,58.1
2026-09-24,WP252026,48,2026-10-08 00:00:00,14 days 00:00:00,336,31.75,149.5,989.2,59.9
2026-09-24,WP252026,48,2026-10-08 06:00:00,14 days 06:00:00,342,33.38,149.25,988.1,61.4
2026-09-24,WP252026,48,2026-10-08 12:00:00,14 days 12:00:00,348,35.0,149.0,987.1,62.8
2026-09-24,WP252026,48,2026-10-08 18:00:00,14 days 18:00:00,354,36.63,150.1,989.7,59.1
2026-09-24,WP252026,48,2026-10-09 00:00:00,15 days 00:00:00,360,38.25,151.25,992.3,55.5
2026-09-24,EP152026,49,2026-09-24 00:00:00,0 days 00:00:00,0,14.5,-155.5,1000.6,42.7
2026-09-24,EP152026,49,2026-09-24 06:00:00,0 days 06:00:00,6,14.38,-155.63,999.4,44.5
2026-09-24,EP152026,49,2026-09-24 12:00:00,0 days 12:00:00,12,14.25,-155.75,998.3,46.4
2026-09-24,EP152026,49,2026-09-24 18:00:00,0 days 18:00:00,18,14.38,-155.75,996.2,49.6
2026-09-24,EP152026,49,2026-09-25 00:00:00,1 days 00:00:00,24,14.5,-155.75,994.0,52.9
2026-09-24,EP152026,49,2026-09-25 06:00:00,1 days 06:00:00,30,15.13,-155.63,990.4,58.0
2026-09-24,EP152026,49,2026-09-25 12:00:00,1 days 12:00:00,36,15.75,-155.5,986.9,63.1
2026-09-24,EP152026,49,2026-09-25 18:00:00,1 days 18:00:00,42,16.13,-155.13,987.7,62.0
2026-09-24,EP152026,49,2026-09-26 00:00:00,2 days 00:00:00,48,16.5,-154.75,988.5,60.9
2026-09-24,EP152026,49,2026-09-26 06:00:00,2 days 06:00:00,54,16.63,-154.87,985.3,65.1
2026-09-24,EP152026,49,2026-09-26 12:00:00,2 days 12:00:00,60,16.75,-155.0,982.2,69.3
2026-09-24,EP152026,49,2026-09-26 18:00:00,2 days 18:00:00,66,16.75,-155.5,983.6,67.6
2026-09-24,EP152026,49,2026-09-27 00:00:00,3 days 00:00:00,72,16.75,-156.0,984.9,65.8
2026-09-24,EP152026,49,2026-09-27 06:00:00,3 days 06:00:00,78,16.5,-156.75,983.0,68.3
2026-09-24,EP152026,49,2026-09-27 12:00:00,3 days 12:00:00,84,16.25,-157.5,981.0,70.9
2026-09-24,EP152026,49,2026-09-27 18:00:00,3 days 18:00:00,90,16.25,-158.5,982.5,69.0
2026-09-24,EP152026,49,2026-09-28 00:00:00,4 days 00:00:00,96,16.25,-159.5,983.9,67.1
2026-09-24,EP152026,49,2026-09-28 06:00:00,4 days 06:00:00,102,16.5,-160.5,984.5,66.3
2026-09-24,EP152026,49,2026-09-28 12:00:00,4 days 12:00:00,108,16.75,-161.5,985.0,65.6
2026-09-24,EP152026,49,2026-09-28 18:00:00,4 days 18:00:00,114,17.38,-162.37,984.9,65.7
2026-09-24,EP152026,49,2026-09-29 00:00:00,5 days 00:00:00,120,18.0,-163.25,984.8,65.9
2026-09-24,EP152026,49,2026-09-29 06:00:00,5 days 06:00:00,126,18.88,-164.12,987.9,61.6
2026-09-24,EP152026,49,2026-09-29 12:00:00,5 days 12:00:00,132,19.75,-165.0,991.0,57.3
2026-09-24,EP152026,49,2026-09-29 18:00:00,5 days 18:00:00,138,20.88,-165.37,989.9,58.8
2026-09-24,EP152026,49,2026-09-30 00:00:00,6 days 00:00:00,144,22.0,-165.75,988.9,60.3
2026-09-24,EP152026,49,2026-09-30 06:00:00,6 days 06:00:00,150,22.62,-165.75,988.5,60.9
2026-09-24,EP152026,49,2026-09-30 12:00:00,6 days 12:00:00,156,23.25,-165.75,988.0,61.5
2026-09-24,EP152026,49,2026-09-30 18:00:00,6 days 18:00:00,162,24.13,-166.0,987.8,61.8
2026-09-24,EP152026,49,2026-10-01 00:00:00,7 days 00:00:00,168,25.0,-166.25,987.6,62.1
2026-09-24,EP152026,49,2026-10-01 06:00:00,7 days 06:00:00,174,25.75,-166.87,988.6,60.7
2026-09-24,EP152026,49,2026-10-01 12:00:00,7 days 12:00:00,180,26.5,-167.5,989.6,59.2
2026-09-24,EP152026,49,2026-10-01 18:00:00,7 days 18:00:00,186,27.26,-168.87,988.8,60.4
2026-09-24,EP152026,49,2026-10-02 00:00:00,8 days 00:00:00,192,28.0,-170.25,988.0,61.5
2026-09-24,EP152026,49,2026-10-02 06:00:00,8 days 06:00:00,198,28.01,-172.0,984.2,66.6
2026-09-24,EP152026,49,2026-10-02 12:00:00,8 days 12:00:00,204,28.0,-173.75,980.5,71.6
2026-09-24,EP152026,49,2026-10-02 18:00:00,8 days 18:00:00,210,28.13,-175.12,982.5,69.0
2026-09-24,EP152026,49,2026-10-03 00:00:00,9 days 00:00:00,216,28.25,-176.5,984.5,66.3
2026-09-24,EP152026,49,2026-10-03 06:00:00,9 days 06:00:00,222,28.51,-178.25,986.7,63.4
2026-09-24,EP152026,49,2026-10-03 12:00:00,9 days 12:00:00,228,28.75,180.0,988.8,60.4
2026-09-24,EP152026,49,2026-10-03 18:00:00,9 days 18:00:00,234,28.75,179.0,989.2,59.9
2026-09-24,EP152026,49,2026-10-04 00:00:00,10 days 00:00:00,240,28.75,178.0,989.5,59.4
2026-09-24,EP152026,49,2026-10-04 06:00:00,10 days 06:00:00,246,28.88,176.88,991.5,56.6
2026-09-24,EP152026,49,2026-10-04 12:00:00,10 days 12:00:00,252,29.0,175.75,993.4,53.8
2026-09-24,EP152026,49,2026-10-04 18:00:00,10 days 18:00:00,258,29.38,174.75,998.2,46.3
2026-09-24,EP152026,49,2026-10-05 00:00:00,11 days 00:00:00,264,29.75,173.75,1002.9,38.8
2026-09-24,EP152026,49,2026-10-05 06:00:00,11 days 06:00:00,270,30.5,172.88,1005.8,33.6
2026-09-24,EP152026,49,2026-10-05 12:00:00,11 days 12:00:00,276,31.25,172.0,1008.6,28.4
2026-09-24,EP162026,49,2026-09-24 00:00:00,0 days 00:00:00,0,15.5,-126.75,971.6,82.7
2026-09-24,EP162026,49,2026-09-24 06:00:00,0 days 06:00:00,6,15.88,-126.13,973.3,80.6
2026-09-24,EP162026,49,2026-09-24 12:00:00,0 days 12:00:00,12,16.25,-125.5,975.0,78.6
2026-09-24,EP162026,49,2026-09-24 18:00:00,0 days 18:00:00,18,16.63,-125.0,977.3,75.6
2026-09-24,EP162026,49,2026-09-25 00:00:00,1 days 00:00:00,24,17.0,-124.5,979.6,72.7
2026-09-24,EP162026,49,2026-09-25 06:00:00,1 days 06:00:00,30,17.38,-124.0,979.1,73.3
2026-09-24,EP162026,49,2026-09-25 12:00:00,1 days 12:00:00,36,17.75,-123.5,978.7,73.9
2026-09-24,EP162026,49,2026-09-25 18:00:00,1 days 18:00:00,42,18.0,-123.25,981.6,70.1
2026-09-24,EP162026,49,2026-09-26 00:00:00,2 days 00:00:00,48,18.25,-123.0,984.6,66.2
2026-09-24,EP162026,49,2026-09-26 06:00:00,2 days 06:00:00,54,18.63,-123.0,987.4,62.3
2026-09-24,EP162026,49,2026-09-26 12:00:00,2 days 12:00:00,60,19.0,-123.0,990.2,58.5
2026-09-24,EP162026,49,2026-09-26 18:00:00,2 days 18:00:00,66,19.13,-122.88,993.3,53.8
2026-09-24,EP162026,49,2026-09-27 00:00:00,3 days 00:00:00,72,19.25,-122.75,996.5,49.2
2026-09-24,EP162026,49,2026-09-27 06:00:00,3 days 06:00:00,78,19.38,-122.38,998.4,46.1
2026-09-24,EP162026,49,2026-09-27 12:00:00,3 days 12:00:00,84,19.5,-122.0,1000.3,43.1
2026-09-24,EP162026,49,2026-09-27 18:00:00,3 days 18:00:00,90,22.19,-117.46,985.3,63.6
2026-09-24,EP162026,49,2026-09-28 00:00:00,4 days 00:00:00,96,24.75,-112.75,970.4,84.2
2026-09-24,EP162026,49,2026-09-28 06:00:00,4 days 06:00:00,102,26.0,-112.26,973.6,80.2
2026-09-24,EP162026,49,2026-09-28 12:00:00,4 days 12:00:00,108,27.25,-111.75,976.8,76.2
2026-09-24,EP172026,49,2026-09-24 00:00:00,0 days 00:00:00,0,15.75,-102.25,970.5,84.0
2026-09-24,EP172026,49,2026-09-24 06:00:00,0 days 06:00:00,6,16.13,-103.12,974.3,79.3
2026-09-24,EP172026,49,2026-09-24 12:00:00,0 days 12:00:00,12,16.5,-104.0,978.2,74.6
2026-09-24,EP172026,49,2026-09-24 18:00:00,0 days 18:00:00,18,16.88,-104.87,982.5,68.8
2026-09-24,EP172026,49,2026-09-25 00:00:00,1 days 00:00:00,24,17.25,-105.75,986.9,63.0
2026-09-24,EP172026,49,2026-09-25 06:00:00,1 days 06:00:00,30,17.38,-106.75,985.8,64.5
2026-09-24,EP172026,49,2026-09-25 12:00:00,1 days 12:00:00,36,17.5,-107.75,984.7,66.0
2026-09-24,EP172026,49,2026-09-25 18:00:00,1 days 18:00:00,42,17.63,-108.75,980.8,71.1
2026-09-24,EP172026,49,2026-09-26 00:00:00,2 days 00:00:00,48,17.75,-109.75,976.9,76.1
2026-09-24,EP172026,49,2026-09-26 06:00:00,2 days 06:00:00,54,18.25,-110.5,973.6,80.3
2026-09-24,EP172026,49,2026-09-26 12:00:00,2 days 12:00:00,60,18.75,-111.25,970.2,84.4
2026-09-24,EP172026,49,2026-09-26 18:00:00,2 days 18:00:00,66,19.63,-111.75,969.9,84.7
2026-09-24,EP172026,49,2026-09-27 00:00:00,3 days 00:00:00,72,20.5,-112.25,969.6,85.1
2026-09-24,EP172026,49,2026-09-27 06:00:00,3 days 06:00:00,78,21.5,-112.5,969.4,85.4
2026-09-24,EP172026,49,2026-09-27 12:00:00,3 days 12:00:00,84,22.5,-112.75,969.1,85.6
2026-09-24,EP172026,49,2026-09-27 18:00:00,3 days 18:00:00,90,23.62,-112.75,969.7,84.9
2026-09-24,EP172026,49,2026-09-28 00:00:00,4 days 00:00:00,96,24.75,-112.75,970.4,84.2
2026-09-24,IO012026,49,2026-09-24 00:00:00,0 days 00:00:00,0,18.5,84.0,986.5,63.6
2026-09-24,IO012026,49,2026-09-24 06:00:00,0 days 06:00:00,6,18.5,83.88,989.4,59.6
2026-09-24,IO012026,49,2026-09-24 12:00:00,0 days 12:00:00,12,18.5,83.75,992.2,55.5
2026-09-24,IO012026,49,2026-09-24 18:00:00,0 days 18:00:00,18,19.25,83.25,992.4,55.3
2026-09-24,IO012026,49,2026-09-25 00:00:00,1 days 00:00:00,24,20.0,82.75,992.5,55.2
2026-09-24,IO012026,49,2026-09-25 06:00:00,1 days 06:00:00,30,21.0,82.5,993.2,54.1
2026-09-24,IO012026,49,2026-09-25 12:00:00,1 days 12:00:00,36,22.0,82.25,994.0,52.9
2026-09-24,IO012026,49,2026-09-25 18:00:00,1 days 18:00:00,42,22.88,81.63,994.3,52.4
2026-09-24,IO012026,49,2026-09-26 00:00:00,2 days 00:00:00,48,23.75,81.0,994.7,51.9
2026-09-24,IO012026,49,2026-09-26 06:00:00,2 days 06:00:00,54,25.13,80.38,994.4,52.3
2026-09-24,IO012026,49,2026-09-26 12:00:00,2 days 12:00:00,60,26.5,79.75,994.2,52.7
2026-09-24,IO012026,49,2026-09-26 18:00:00,2 days 18:00:00,66,27.0,79.5,995.1,51.3
2026-09-24,IO012026,49,2026-09-27 00:00:00,3 days 00:00:00,72,27.5,79.25,996.1,49.8
2026-09-24,WP252026,49,2026-09-24 00:00:00,0 days 00:00:00,0,18.0,134.5,1003.5,37.8
2026-09-24,WP252026,49,2026-09-24 06:00:00,0 days 06:00:00,6,18.5,133.13,1003.2,38.3
2026-09-24,WP252026,49,2026-09-24 12:00:00,0 days 12:00:00,12,19.0,131.75,1002.9,38.8
2026-09-24,WP252026,49,2026-09-24 18:00:00,0 days 18:00:00,18,19.5,130.75,1003.3,38.1
2026-09-24,WP252026,49,2026-09-25 00:00:00,1 days 00:00:00,24,20.0,129.75,1003.6,37.5
2026-09-24,WP252026,49,2026-09-25 06:00:00,1 days 06:00:00,30,21.0,128.76,1002.8,39.0
2026-09-24,WP252026,49,2026-09-25 12:00:00,1 days 12:00:00,36,22.0,127.75,1001.9,40.4
2026-09-24,WP252026,49,2026-09-25 18:00:00,1 days 18:00:00,42,22.5,127.25,999.4,44.6
2026-09-24,WP252026,49,2026-09-26 00:00:00,2 days 00:00:00,48,23.0,126.75,996.8,48.7
2026-09-24,WP252026,49,2026-09-26 06:00:00,2 days 06:00:00,54,23.63,126.63,992.7,54.7
2026-09-24,WP252026,49,2026-09-26 12:00:00,2 days 12:00:00,60,24.25,126.5,988.6,60.7
2026-09-24,WP252026,49,2026-09-26 18:00:00,2 days 18:00:00,66,24.63,126.87,983.0,68.2
2026-09-24,WP252026,49,2026-09-27 00:00:00,3 days 00:00:00,72,25.0,127.25,977.3,75.6
2026-09-24,WP252026,49,2026-09-27 06:00:00,3 days 06:00:00,78,25.63,128.0,978.0,74.8
2026-09-24,WP252026,49,2026-09-27 12:00:00,3 days 12:00:00,84,26.25,128.75,978.7,73.9
2026-09-24,WP252026,49,2026-09-27 18:00:00,3 days 18:00:00,90,26.88,129.87,979.0,73.4
2026-09-24,WP252026,49,2026-09-28 00:00:00,4 days 00:00:00,96,27.5,131.0,979.4,73.0
2026-09-24,WP252026,49,2026-09-28 06:00:00,4 days 06:00:00,102,28.51,132.86,982.5,68.9
2026-09-24,WP252026,49,2026-09-28 12:00:00,4 days 12:00:00,108,29.5,134.75,985.6,64.9
2026-09-24,WP252026,49,2026-09-28 18:00:00,4 days 18:00:00,114,30.52,136.73,990.5,57.9
2026-09-24,WP252026,49,2026-09-29 00:00:00,5 days 00:00:00,120,31.5,138.75,995.4,50.9
2026-09-24,WP252026,49,2026-09-29 06:00:00,5 days 06:00:00,126,32.77,140.97,997.8,47.2
2026-09-24,WP252026,49,2026-09-29 12:00:00,5 days 12:00:00,132,34.0,143.25,1000.1,43.4
2026-09-24,WP252026,49,2026-09-29 18:00:00,5 days 18:00:00,138,35.93,146.67,997.8,47.0
2026-09-24,WP252026,49,2026-09-30 00:00:00,6 days 00:00:00,144,37.75,150.25,995.5,50.6
2026-09-24,EP152026,5,2026-09-24 00:00:00,0 days 00:00:00,0,14.5,-155.5,1000.6,42.7
2026-09-24,EP152026,5,2026-09-24 06:00:00,0 days 06:00:00,6,14.5,-155.75,997.5,47.5
2026-09-24,EP152026,5,2026-09-24 12:00:00,0 days 12:00:00,12,14.5,-156.0,994.4,52.4
2026-09-24,EP152026,5,2026-09-24 18:00:00,0 days 18:00:00,18,14.75,-156.0,990.2,58.3
2026-09-24,EP152026,5,2026-09-25 00:00:00,1 days 00:00:00,24,15.0,-156.0,986.0,64.3
2026-09-24,EP152026,5,2026-09-25 06:00:00,1 days 06:00:00,30,15.38,-155.75,981.7,69.9
2026-09-24,EP152026,5,2026-09-25 12:00:00,1 days 12:00:00,36,15.75,-155.5,977.4,75.5
2026-09-24,EP152026,5,2026-09-25 18:00:00,1 days 18:00:00,42,16.25,-155.25,979.0,73.5
2026-09-24,EP152026,5,2026-09-26 00:00:00,2 days 00:00:00,48,16.75,-155.0,980.5,71.5
2026-09-24,EP152026,5,2026-09-26 06:00:00,2 days 06:00:00,54,17.25,-155.25,979.4,73.0
2026-09-24,EP152026,5,2026-09-26 12:00:00,2 days 12:00:00,60,17.75,-155.5,978.3,74.4
2026-09-24,EP152026,5,2026-09-26 18:00:00,2 days 18:00:00,66,17.75,-155.88,979.9,72.3
2026-09-24,EP152026,5,2026-09-27 00:00:00,3 days 00:00:00,72,17.75,-156.25,981.6,70.2
2026-09-24,EP152026,5,2026-09-27 06:00:00,3 days 06:00:00,78,17.75,-156.88,983.7,67.3
2026-09-24,EP152026,5,2026-09-27 12:00:00,3 days 12:00:00,84,17.75,-157.5,985.9,64.4
2026-09-24,EP152026,5,2026-09-27 18:00:00,3 days 18:00:00,90,17.5,-158.38,984.9,65.8
2026-09-24,EP152026,5,2026-09-28 00:00:00,4 days 00:00:00,96,17.25,-159.25,983.9,67.1
2026-09-24,EP152026,5,2026-09-28 06:00:00,4 days 06:00:00,102,17.5,-160.25,981.1,70.7
2026-09-24,EP152026,5,2026-09-28 12:00:00,4 days 12:00:00,108,17.75,-161.25,978.3,74.4
2026-09-24,EP152026,5,2026-09-28 18:00:00,4 days 18:00:00,114,18.38,-162.12,977.8,75.0
2026-09-24,EP152026,5,2026-09-29 00:00:00,5 days 00:00:00,120,19.0,-163.0,977.4,75.5
2026-09-24,EP152026,5,2026-09-29 06:00:00,5 days 06:00:00,126,19.75,-163.75,979.5,72.9
2026-09-24,EP152026,5,2026-09-29 12:00:00,5 days 12:00:00,132,20.5,-164.5,981.5,70.2
2026-09-24,EP152026,5,2026-09-29 18:00:00,5 days 18:00:00,138,21.5,-164.87,984.2,66.7
2026-09-24,EP152026,5,2026-09-30 00:00:00,6 days 00:00:00,144,22.5,-165.25,986.8,63.2
2026-09-24,EP152026,5,2026-09-30 06:00:00,6 days 06:00:00,150,23.13,-165.75,986.6,63.5
2026-09-24,EP152026,5,2026-09-30 12:00:00,6 days 12:00:00,156,23.75,-166.25,986.4,63.7
2026-09-24,EP152026,5,2026-09-30 18:00:00,6 days 18:00:00,162,23.75,-166.88,986.5,63.6
2026-09-24,EP152026,5,2026-10-01 00:00:00,7 days 00:00:00,168,23.75,-167.5,986.6,63.5
2026-09-24,EP152026,5,2026-10-01 06:00:00,7 days 06:00:00,174,23.75,-168.63,984.2,66.6
2026-09-24,EP152026,5,2026-10-01 12:00:00,7 days 12:00:00,180,23.75,-169.75,981.9,69.7
2026-09-24,EP152026,5,2026-10-01 18:00:00,7 days 18:00:00,186,23.25,-170.5,982.2,69.3
2026-09-24,EP152026,5,2026-10-02 00:00:00,8 days 00:00:00,192,22.75,-171.25,982.5,68.9
2026-09-24,EP152026,5,2026-10-02 06:00:00,8 days 06:00:00,198,22.0,-172.13,982.6,68.8
2026-09-24,EP152026,5,2026-10-02 12:00:00,8 days 12:00:00,204,21.25,-173.0,982.7,68.7
2026-09-24,EP152026,5,2026-10-02 18:00:00,8 days 18:00:00,210,20.88,-174.0,981.6,70.1
2026-09-24,EP152026,5,2026-10-03 00:00:00,9 days 00:00:00,216,20.5,-175.0,980.5,71.6
2026-09-24,EP152026,5,2026-10-03 06:00:00,9 days 06:00:00,222,20.51,-176.5,980.4,71.6
2026-09-24,EP152026,5,2026-10-03 12:00:00,9 days 12:00:00,228,20.5,-178.0,980.4,71.7
2026-09-24,EP152026,5,2026-10-03 18:00:00,9 days 18:00:00,234,21.01,-179.87,979.9,72.4
2026-09-24,EP152026,5,2026-10-04 00:00:00,10 days 00:00:00,240,21.5,178.25,979.4,73.0
2026-09-24,EP152026,5,2026-10-04 06:00:00,10 days 06:00:00,246,21.88,176.5,980.9,71.1
2026-09-24,EP152026,5,2026-10-04 12:00:00,10 days 12:00:00,252,22.25,174.75,982.4,69.1
2026-09-24,EP152026,5,2026-10-04 18:00:00,10 days 18:00:00,258,23.01,173.01,982.3,69.3
2026-09-24,EP152026,5,2026-10-05 00:00:00,11 days 00:00:00,264,23.75,171.25,982.1,69.5
2026-09-24,EP152026,5,2026-10-05 06:00:00,11 days 06:00:00,270,24.76,169.39,983.1,68.2
2026-09-24,EP152026,5,2026-10-05 12:00:00,11 days 12:00:00,276,25.75,167.5,984.0,66.9
2026-09-24,EP152026,5,2026-10-05 18:00:00,11 days 18:00:00,282,26.51,166.01,985.1,65.5
2026-09-24,EP152026,5,2026-10-06 00:00:00,12 days 00:00:00,288,27.25,164.5,986.1,64.1
2026-09-24,EP152026,5,2026-10-06 06:00:00,12 days 06:00:00,294,28.25,163.39,989.4,59.5
2026-09-24,EP152026,5,2026-10-06 12:00:00,12 days 12:00:00,300,29.25,162.25,992.7,54.9
2026-09-24,EP152026,5,2026-10-06 18:00:00,12 days 18:00:00,306,30.25,162.0,993.9,53.0
2026-09-24,EP152026,5,2026-10-07 00:00:00,13 days 00:00:00,312,31.25,161.75,995.2,51.1
2026-09-24,EP152026,5,2026-10-07 06:00:00,13 days 06:00:00,318,32.5,162.49,995.9,50.1
2026-09-24,EP152026,5,2026-10-07 12:00:00,13 days 12:00:00,324,33.75,163.25,996.6,49.1
2026-09-24,EP152026,5,2026-10-07 18:00:00,13 days 18:00:00,330,34.39,165.36,999.0,45.2
2026-09-24,EP152026,5,2026-10-08 00:00:00,14 days 00:00:00,336,35.0,167.5,1001.4,41.3
2026-09-24,EP152026,5,2026-10-08 06:00:00,14 days 06:00:00,342,35.41,170.49,1000.7,42.4
2026-09-24,EP152026,5,2026-10-08 12:00:00,14 days 12:00:00,348,35.75,173.5,1000.0,43.6
2026-09-24,EP162026,5,2026-09-24 00:00:00,0 days 00:00:00,0,15.5,-126.75,971.6,82.7
2026-09-24,EP162026,5,2026-09-24 06:00:00,0 days 06:00:00,6,15.75,-126.25,975.1,78.3
2026-09-24,EP162026,5,2026-09-24 12:00:00,0 days 12:00:00,12,16.0,-125.75,978.6,74.0
2026-09-24,EP162026,5,2026-09-24 18:00:00,0 days 18:00:00,18,16.38,-125.0,979.6,72.7
2026-09-24,EP162026,5,2026-09-25 00:00:00,1 days 00:00:00,24,16.75,-124.25,980.6,71.4
2026-09-24,EP162026,5,2026-09-25 06:00:00,1 days 06:00:00,30,17.25,-124.0,981.9,69.8
2026-09-24,EP162026,5,2026-09-25 12:00:00,1 days 12:00:00,36,17.75,-123.75,983.1,68.1
2026-09-24,EP162026,5,2026-09-25 18:00:00,1 days 18:00:00,42,18.0,-123.63,983.4,67.7
2026-09-24,EP162026,5,2026-09-26 00:00:00,2 days 00:00:00,48,18.25,-123.5,983.7,67.3
2026-09-24,EP162026,5,2026-09-26 06:00:00,2 days 06:00:00,54,18.75,-123.5,987.9,61.6
2026-09-24,EP162026,5,2026-09-26 12:00:00,2 days 12:00:00,60,19.25,-123.5,992.0,55.8
2026-09-24,EP162026,5,2026-09-26 18:00:00,2 days 18:00:00,66,19.62,-123.5,993.0,54.4
2026-09-24,EP162026,5,2026-09-27 00:00:00,3 days 00:00:00,72,20.0,-123.5,994.0,52.9
2026-09-24,EP162026,5,2026-09-27 06:00:00,3 days 06:00:00,78,20.13,-123.13,995.7,50.4
2026-09-24,EP162026,5,2026-09-27 12:00:00,3 days 12:00:00,84,20.25,-122.75,997.4,47.8
2026-09-24,EP162026,5,2026-09-27 18:00:00,3 days 18:00:00,90,21.06,-118.4,987.0,62.1
2026-09-24,EP162026,5,2026-09-28 00:00:00,4 days 00:00:00,96,21.75,-114.0,976.7,76.5
2026-09-24,EP162026,5,2026-09-28 06:00:00,4 days 06:00:00,102,22.63,-114.12,975.3,78.2
2026-09-24,EP162026,5,2026-09-28 12:00:00,4 days 12:00:00,108,23.5,-114.25,973.9,79.9
2026-09-24,EP162026,5,2026-09-28 18:00:00,4 days 18:00:00,114,24.0,-114.0,976.1,77.1
2026-09-24,EP162026,5,2026-09-29 00:00:00,5 days 00:00:00,120,24.5,-113.75,978.4,74.3
2026-09-24,EP162026,5,2026-09-29 06:00:00,5 days 06:00:00,126,24.75,-113.5,984.1,66.6
2026-09-24,EP162026,5,2026-09-29 12:00:00,5 days 12:00:00,132,25.0,-113.25,989.9,58.9
2026-09-24,EP162026,5,2026-09-29 18:00:00,5 days 18:00:00,138,25.63,-112.38,993.2,54.0
2026-09-24,EP162026,5,2026-09-30 00:00:00,6 days 00:00:00,144,26.25,-111.5,996.5,49.1
2026-09-24,EP162026,5,2026-09-30 06:00:00,6 days 06:00:00,150,21.76,-109.7,992.0,55.7
2026-09-24,EP162026,5,2026-09-30 12:00:00,6 days 12:00:00,156,17.25,-108.0,987.5,62.2
2026-09-24,EP162026,5,2026-09-30 18:00:00,6 days 18:00:00,162,17.75,-108.5,989.2,59.8
2026-09-24,EP162026,5,2026-10-01 00:00:00,7 days 00:00:00,168,18.25,-109.0,991.0,57.4
2026-09-24,EP162026,5,2026-10-01 06:00:00,7 days 06:00:00,174,18.75,-110.25,992.8,54.7
2026-09-24,EP162026,5,2026-10-01 12:00:00,7 days 12:00:00,180,19.25,-111.5,994.6,52.0
2026-09-24,EP162026,5,2026-10-01 18:00:00,7 days 18:00:00,186,19.38,-111.87,996.3,49.4
2026-09-24,EP162026,5,2026-10-02 00:00:00,8 days 00:00:00,192,19.5,-112.25,998.1,46.8
2026-09-24,EP162026,5,2026-10-02 06:00:00,8 days 06:00:00,198,19.88,-113.37,999.2,44.9
2026-09-24,EP162026,5,2026-10-02 12:00:00,8 days 12:00:00,204,20.25,-114.5,1000.4,43.0
2026-09-24,EP162026,5,2026-10-02 18:00:00,8 days 18:00:00,210,20.25,-115.38,1000.1,43.5
2026-09-24,EP162026,5,2026-10-03 00:00:00,9 days 00:00:00,216,20.25,-116.25,999.8,44.0
2026-09-24,EP162026,5,2026-10-03 06:00:00,9 days 06:00:00,222,20.38,-117.12,1000.5,42.8
2026-09-24,EP162026,5,2026-10-03 12:00:00,9 days 12:00:00,228,20.5,-118.0,1001.2,41.7
2026-09-24,EP162026,5,2026-10-03 18:00:00,9 days 18:00:00,234,21.13,-118.87,1001.4,41.3
2026-09-24,EP162026,5,2026-10-04 00:00:00,10 days 00:00:00,240,21.75,-119.75,1001.7,40.8
2026-09-24,EP162026,5,2026-10-04 06:00:00,10 days 06:00:00,246,21.63,-120.5,1001.9,40.5
2026-09-24,EP162026,5,2026-10-04 12:00:00,10 days 12:00:00,252,21.5,-121.25,1002.1,40.2
2026-09-24,EP162026,5,2026-10-04 18:00:00,10 days 18:00:00,258,21.38,-122.25,1002.6,39.4
2026-09-24,EP162026,5,2026-10-05 00:00:00,11 days 00:00:00,264,21.25,-123.25,1003.0,38.6
2026-09-24,EP162026,5,2026-10-05 06:00:00,11 days 06:00:00,270,20.63,-123.75,1002.9,38.8
2026-09-24,EP162026,5,2026-10-05 12:00:00,11 days 12:00:00,276,20.0,-124.25,1002.8,39.0
2026-09-24,EP162026,5,2026-10-05 18:00:00,11 days 18:00:00,282,19.5,-124.5,1003.1,38.5
2026-09-24,EP162026,5,2026-10-06 00:00:00,12 days 00:00:00,288,19.0,-124.75,1003.3,38.0
2026-09-24,EP162026,5,2026-10-06 06:00:00,12 days 06:00:00,294,18.5,-125.0,1003.6,37.5
2026-09-24,EP162026,5,2026-10-06 12:00:00,12 days 12:00:00,300,18.0,-125.25,1003.9,37.0
2026-09-24,EP162026,5,2026-10-06 18:00:00,12 days 18:00:00,306,17.63,-124.87,1002.9,38.7
2026-09-24,EP162026,5,2026-10-07 00:00:00,13 days 00:00:00,312,17.25,-124.5,1001.9,40.4
2026-09-24,EP172026,5,2026-09-24 00:00:00,0 days 00:00:00,0,15.75,-102.25,970.5,84.0
2026-09-24,EP172026,5,2026-09-24 06:00:00,0 days 06:00:00,6,16.25,-103.12,975.1,78.4
2026-09-24,EP172026,5,2026-09-24 12:00:00,0 days 12:00:00,12,16.75,-104.0,979.6,72.8
2026-09-24,EP172026,5,2026-09-24 18:00:00,0 days 18:00:00,18,16.88,-105.0,981.3,70.5
2026-09-24,EP172026,5,2026-09-25 00:00:00,1 days 00:00:00,24,17.0,-106.0,983.1,68.2
2026-09-24,EP172026,5,2026-09-25 06:00:00,1 days 06:00:00,30,17.0,-107.0,980.7,71.3
2026-09-24,EP172026,5,2026-09-25 12:00:00,1 days 12:00:00,36,17.0,-108.0,978.3,74.4
2026-09-24,EP172026,5,2026-09-25 18:00:00,1 days 18:00:00,42,17.13,-108.75,976.0,77.3
2026-09-24,EP172026,5,2026-09-26 00:00:00,2 days 00:00:00,48,17.25,-109.5,973.7,80.2
2026-09-24,EP172026,5,2026-09-26 06:00:00,2 days 06:00:00,54,17.5,-110.25,971.2,83.2
2026-09-24,EP172026,5,2026-09-26 12:00:00,2 days 12:00:00,60,17.75,-111.0,968.6,86.2
2026-09-24,EP172026,5,2026-09-26 18:00:00,2 days 18:00:00,66,18.13,-111.62,973.1,80.8
2026-09-24,EP172026,5,2026-09-27 00:00:00,3 days 00:00:00,72,18.5,-112.25,977.6,75.3
2026-09-24,EP172026,5,2026-09-27 06:00:00,3 days 06:00:00,78,19.25,-112.87,979.5,72.8
2026-09-24,EP172026,5,2026-09-27 12:00:00,3 days 12:00:00,84,20.0,-113.5,981.5,70.3
2026-09-24,EP172026,5,2026-09-27 18:00:00,3 days 18:00:00,90,20.88,-113.75,979.1,73.4
2026-09-24,EP172026,5,2026-09-28 00:00:00,4 days 00:00:00,96,21.75,-114.0,976.7,76.5
2026-09-24,IO012026,5,2026-09-24 00:00:00,0 days 00:00:00,0,18.5,84.0,986.5,63.6
2026-09-24,IO012026,5,2026-09-24 06:00:00,0 days 06:00:00,6,18.5,84.0,988.7,60.6
2026-09-24,IO012026,5,2026-09-24 12:00:00,0 days 12:00:00,12,18.5,84.0,990.9,57.5
2026-09-24,IO012026,5,2026-09-24 18:00:00,0 days 18:00:00,18,19.38,83.5,991.4,56.7
2026-09-24,IO012026,5,2026-09-25 00:00:00,1 days 00:00:00,24,20.25,83.0,991.9,56.0
2026-09-24,IO012026,5,2026-09-25 06:00:00,1 days 06:00:00,30,21.25,82.26,993.2,54.1
2026-09-24,IO012026,5,2026-09-25 12:00:00,1 days 12:00:00,36,22.25,81.5,994.5,52.3
2026-09-24,IO012026,5,2026-09-25 18:00:00,1 days 18:00:00,42,23.13,81.5,996.0,49.9
2026-09-24,IO012026,5,2026-09-26 00:00:00,2 days 00:00:00,48,24.0,81.5,997.6,47.5
2026-09-24,IO012026,5,2026-09-26 06:00:00,2 days 06:00:00,54,25.0,81.38,996.7,48.9
2026-09-24,IO012026,5,2026-09-26 12:00:00,2 days 12:00:00,60,26.0,81.25,995.7,50.3
2026-09-24,IO012026,5,2026-09-26 18:00:00,2 days 18:00:00,66,26.63,80.88,998.5,45.9
2026-09-24,IO012026,5,2026-09-27 00:00:00,3 days 00:00:00,72,27.25,80.5,1001.3,41.5
2026-09-24,WP252026,5,2026-09-24 00:00:00,0 days 00:00:00,0,18.0,134.5,1003.5,37.8
2026-09-24,WP252026,5,2026-09-24 06:00:00,0 days 06:00:00,6,18.5,133.38,1002.6,39.2
2026-09-24,WP252026,5,2026-09-24 12:00:00,0 days 12:00:00,12,19.0,132.25,1001.8,40.7
2026-09-24,WP252026,5,2026-09-24 18:00:00,0 days 18:00:00,18,19.5,131.13,1001.2,41.7
2026-09-24,WP252026,5,2026-09-25 00:00:00,1 days 00:00:00,24,20.0,130.0,1000.6,42.7
2026-09-24,WP252026,5,2026-09-25 06:00:00,1 days 06:00:00,30,20.5,129.13,999.2,44.9
2026-09-24,WP252026,5,2026-09-25 12:00:00,1 days 12:00:00,36,21.0,128.25,997.9,47.0
2026-09-24,WP252026,5,2026-09-25 18:00:00,1 days 18:00:00,42,21.75,127.75,993.7,53.2
2026-09-24,WP252026,5,2026-09-26 00:00:00,2 days 00:00:00,48,22.5,127.25,989.5,59.5
2026-09-24,WP252026,5,2026-09-26 06:00:00,2 days 06:00:00,54,23.0,127.37,985.2,65.3
2026-09-24,WP252026,5,2026-09-26 12:00:00,2 days 12:00:00,60,23.5,127.5,980.9,71.1
2026-09-24,WP252026,5,2026-09-26 18:00:00,2 days 18:00:00,66,24.13,127.75,980.5,71.6
2026-09-24,WP252026,5,2026-09-27 00:00:00,3 days 00:00:00,72,24.75,128.0,980.1,72.1
2026-09-24,WP252026,5,2026-09-27 06:00:00,3 days 06:00:00,78,25.38,128.75,974.4,79.1
2026-09-24,WP252026,5,2026-09-27 12:00:00,3 days 12:00:00,84,26.0,129.5,968.7,86.1
2026-09-24,WP252026,5,2026-09-27 18:00:00,3 days 18:00:00,90,26.38,130.37,975.1,78.2
2026-09-24,WP252026,5,2026-09-28 00:00:00,4 days 00:00:00,96,26.75,131.25,981.4,70.4
2026-09-24,WP252026,5,2026-09-28 06:00:00,4 days 06:00:00,102,27.13,132.25,981.4,70.5
2026-09-24,WP252026,5,2026-09-28 12:00:00,4 days 12:00:00,108,27.5,133.25,981.3,70.6
2026-09-24,WP252026,5,2026-09-28 18:00:00,4 days 18:00:00,114,27.75,134.12,987.0,62.7
2026-09-24,WP252026,5,2026-09-29 00:00:00,5 days 00:00:00,120,28.0,135.0,992.7,54.8
2026-09-24,WP252026,5,2026-09-29 06:00:00,5 days 06:00:00,126,28.75,135.74,995.1,51.2
2026-09-24,WP252026,5,2026-09-29 12:00:00,5 days 12:00:00,132,29.5,136.5,997.5,47.6
2026-09-24,WP252026,5,2026-09-29 18:00:00,5 days 18:00:00,138,30.45,137.47,998.9,45.4
2026-09-24,WP252026,5,2026-09-30 00:00:00,6 days 00:00:00,144,31.39,138.46,1000.3,43.1
2026-09-24,WP252026,5,2026-09-30 06:00:00,6 days 06:00:00,150,32.32,139.47,1001.7,40.8
2026-09-24,WP252026,5,2026-09-30 12:00:00,6 days 12:00:00,156,33.25,140.5,1003.0,38.6
2026-09-24,EP152026,6,2026-09-24 00:00:00,0 days 00:00:00,0,14.5,-155.5,1000.6,42.7
2026-09-24,EP152026,6,2026-09-24 06:00:00,0 days 06:00:00,6,14.5,-155.75,998.0,46.7
2026-09-24,EP152026,6,2026-09-24 12:00:00,0 days 12:00:00,12,14.5,-156.0,995.4,50.8
2026-09-24,EP152026,6,2026-09-24 18:00:00,0 days 18:00:00,18,14.63,-156.0,993.8,53.2
2026-09-24,EP152026,6,2026-09-25 00:00:00,1 days 00:00:00,24,14.75,-156.0,992.2,55.6
2026-09-24,EP152026,6,2026-09-25 06:00:00,1 days 06:00:00,30,15.38,-155.75,991.8,56.1
2026-09-24,EP152026,6,2026-09-25 12:00:00,1 days 12:00:00,36,16.0,-155.5,991.5,56.6
2026-09-24,EP152026,6,2026-09-25 18:00:00,1 days 18:00:00,42,16.63,-155.38,989.6,59.3
2026-09-24,EP152026,6,2026-09-26 00:00:00,2 days 00:00:00,48,17.25,-155.25,987.7,61.9
2026-09-24,EP152026,6,2026-09-26 06:00:00,2 days 06:00:00,54,17.75,-155.13,985.1,65.5
2026-09-24,EP152026,6,2026-09-26 12:00:00,2 days 12:00:00,60,18.25,-155.0,982.5,69.0
2026-09-24,EP152026,6,2026-09-26 18:00:00,2 days 18:00:00,66,18.75,-155.62,986.6,63.4
2026-09-24,EP152026,6,2026-09-27 00:00:00,3 days 00:00:00,72,19.25,-156.25,990.7,57.8
2026-09-24,EP152026,6,2026-09-27 06:00:00,3 days 06:00:00,78,19.13,-156.88,987.9,61.6
2026-09-24,EP152026,6,2026-09-27 12:00:00,3 days 12:00:00,84,19.0,-157.5,985.1,65.4
2026-09-24,EP152026,6,2026-09-27 18:00:00,3 days 18:00:00,90,19.13,-158.62,983.2,68.0
2026-09-24,EP152026,6,2026-09-28 00:00:00,4 days 00:00:00,96,19.25,-159.75,981.3,70.6
2026-09-24,EP152026,6,2026-09-28 06:00:00,4 days 06:00:00,102,19.38,-160.87,980.2,72.0
2026-09-24,EP152026,6,2026-09-28 12:00:00,4 days 12:00:00,108,19.5,-162.0,979.0,73.4
2026-09-24,EP152026,6,2026-09-28 18:00:00,4 days 18:00:00,114,20.0,-162.62,980.6,71.5
2026-09-24,EP152026,6,2026-09-29 00:00:00,5 days 00:00:00,120,20.5,-163.25,982.1,69.5
2026-09-24,EP152026,6,2026-09-29 06:00:00,5 days 06:00:00,126,21.5,-163.75,981.4,70.4
2026-09-24,EP152026,6,2026-09-29 12:00:00,5 days 12:00:00,132,22.5,-164.25,980.8,71.2
2026-09-24,EP152026,6,2026-09-29 18:00:00,5 days 18:00:00,138,23.63,-164.5,979.9,72.4
2026-09-24,EP152026,6,2026-09-30 00:00:00,6 days 00:00:00,144,24.75,-164.75,978.9,73.6
2026-09-24,EP152026,6,2026-09-30 06:00:00,6 days 06:00:00,150,25.13,-166.0,981.5,70.3
2026-09-24,EP152026,6,2026-09-30 12:00:00,6 days 12:00:00,156,25.5,-167.25,984.0,67.0
2026-09-24,EP152026,6,2026-09-30 18:00:00,6 days 18:00:00,162,25.13,-168.13,983.9,67.1
2026-09-24,EP152026,6,2026-10-01 00:00:00,7 days 00:00:00,168,24.75,-169.0,983.7,67.3
2026-09-24,EP152026,6,2026-10-01 06:00:00,7 days 06:00:00,174,24.5,-169.88,982.8,68.5
2026-09-24,EP152026,6,2026-10-01 12:00:00,7 days 12:00:00,180,24.25,-170.75,981.9,69.7
2026-09-24,EP152026,6,2026-10-01 18:00:00,7 days 18:00:00,186,23.88,-171.5,978.9,73.5
2026-09-24,EP152026,6,2026-10-02 00:00:00,8 days 00:00:00,192,23.5,-172.25,976.0,77.3
2026-09-24,EP152026,6,2026-10-02 06:00:00,8 days 06:00:00,198,23.25,-172.75,977.7,75.2
2026-09-24,EP152026,6,2026-10-02 12:00:00,8 days 12:00:00,204,23.0,-173.25,979.4,73.0
2026-09-24,EP152026,6,2026-10-02 18:00:00,8 days 18:00:00,210,23.25,-173.87,980.0,72.2
2026-09-24,EP152026,6,2026-10-03 00:00:00,9 days 00:00:00,216,23.5,-174.5,980.5,71.5
2026-09-24,EP152026,6,2026-10-03 06:00:00,9 days 06:00:00,222,24.01,-176.37,978.3,74.4
2026-09-24,EP152026,6,2026-10-03 12:00:00,9 days 12:00:00,228,24.5,-178.25,976.0,77.3
2026-09-24,EP152026,6,2026-10-03 18:00:00,9 days 18:00:00,234,25.02,179.63,978.0,74.7
2026-09-24,EP152026,6,2026-10-04 00:00:00,10 days 00:00:00,240,25.5,177.5,980.1,72.1
2026-09-24,EP152026,6,2026-10-04 06:00:00,10 days 06:00:00,246,25.76,175.63,981.4,70.4
2026-09-24,EP152026,6,2026-10-04 12:00:00,10 days 12:00:00,252,26.0,173.75,982.7,68.7
2026-09-24,EP152026,6,2026-10-04 18:00:00,10 days 18:00:00,258,26.38,172.75,982.4,69.1
2026-09-24,EP152026,6,2026-10-05 00:00:00,11 days 00:00:00,264,26.75,171.75,982.2,69.4
2026-09-24,EP152026,6,2026-10-05 06:00:00,11 days 06:00:00,270,26.88,170.75,985.8,64.4
2026-09-24,EP152026,6,2026-10-05 12:00:00,11 days 12:00:00,276,27.0,169.75,989.5,59.4
2026-09-24,EP152026,6,2026-10-05 18:00:00,11 days 18:00:00,282,26.88,169.25,993.2,54.0
2026-09-24,EP152026,6,2026-10-06 00:00:00,12 days 00:00:00,288,26.75,168.75,996.9,48.6
2026-09-24,EP152026,6,2026-10-06 06:00:00,12 days 06:00:00,294,26.75,167.88,999.5,44.3
2026-09-24,EP152026,6,2026-10-06 12:00:00,12 days 12:00:00,300,26.75,167.0,1002.2,40.0
2026-09-24,EP152026,6,2026-10-06 18:00:00,12 days 18:00:00,306,26.63,166.5,1003.7,37.5
2026-09-24,EP152026,6,2026-10-07 00:00:00,13 days 00:00:00,312,26.5,166.0,1005.1,34.9
2026-09-24,EP152026,6,2026-10-07 06:00:00,13 days 06:00:00,318,26.5,165.75,1006.3,32.8
2026-09-24,EP152026,6,2026-10-07 12:00:00,13 days 12:00:00,324,26.5,165.5,1007.4,30.7
2026-09-24,EP162026,6,2026-09-24 00:00:00,0 days 00:00:00,0,15.5,-126.75,971.6,82.7
2026-09-24,EP162026,6,2026-09-24 06:00:00,0 days 06:00:00,6,15.88,-126.13,975.6,77.7
2026-09-24,EP162026,6,2026-09-24 12:00:00,0 days 12:00:00,12,16.25,-125.5,979.6,72.7
2026-09-24,EP162026,6,2026-09-24 18:00:00,0 days 18:00:00,18,16.75,-124.88,978.9,73.6
2026-09-24,EP162026,6,2026-09-25 00:00:00,1 days 00:00:00,24,17.25,-124.25,978.2,74.5
2026-09-24,EP162026,6,2026-09-25 06:00:00,1 days 06:00:00,30,17.63,-123.75,980.7,71.2
2026-09-24,EP162026,6,2026-09-25 12:00:00,1 days 12:00:00,36,18.0,-123.25,983.3,67.9
2026-09-24,EP162026,6,2026-09-25 18:00:00,1 days 18:00:00,42,18.25,-123.13,982.5,68.9
2026-09-24,EP162026,6,2026-09-26 00:00:00,2 days 00:00:00,48,18.5,-123.0,981.8,69.9
2026-09-24,EP162026,6,2026-09-26 06:00:00,2 days 06:00:00,54,18.88,-122.88,985.3,65.1
2026-09-24,EP162026,6,2026-09-26 12:00:00,2 days 12:00:00,60,19.25,-122.75,988.9,60.2
2026-09-24,EP162026,6,2026-09-26 18:00:00,2 days 18:00:00,66,19.5,-122.63,990.7,57.7
2026-09-24,EP162026,6,2026-09-27 00:00:00,3 days 00:00:00,72,19.75,-122.5,992.5,55.1
2026-09-24,EP162026,6,2026-09-27 06:00:00,3 days 06:00:00,78,20.0,-122.38,995.3,50.9
2026-09-24,EP162026,6,2026-09-27 12:00:00,3 days 12:00:00,84,20.25,-122.25,998.1,46.6
2026-09-24,EP162026,6,2026-09-27 18:00:00,3 days 18:00:00,90,22.54,-118.68,988.0,60.8
2026-09-24,EP162026,6,2026-09-28 00:00:00,4 days 00:00:00,96,24.75,-115.0,977.8,75.0
2026-09-24,EP162026,6,2026-09-28 06:00:00,4 days 06:00:00,102,25.75,-114.75,982.8,68.5
2026-09-24,EP162026,6,2026-09-28 12:00:00,4 days 12:00:00,108,26.75,-114.5,987.7,61.9
2026-09-24,EP162026,6,2026-09-28 18:00:00,4 days 18:00:00,114,27.75,-113.39,990.9,57.3
2026-09-24,EP162026,6,2026-09-29 00:00:00,5 days 00:00:00,120,28.75,-112.25,994.1,52.8
2026-09-24,EP162026,6,2026-09-29 06:00:00,5 days 06:00:00,126,30.68,-108.45,997.2,47.9
2026-09-24,EP162026,6,2026-09-29 12:00:00,5 days 12:00:00,132,32.5,-104.5,1000.4,43.1
2026-09-24,EP172026,6,2026-09-24 00:00:00,0 days 00:00:00,0,15.75,-102.25,970.5,84.0
2026-09-24,EP172026,6,2026-09-24 06:00:00,0 days 06:00:00,6,16.13,-103.25,973.0,81.0
2026-09-24,EP172026,6,2026-09-24 12:00:00,0 days 12:00:00,12,16.5,-104.25,975.5,78.0
2026-09-24,EP172026,6,2026-09-24 18:00:00,0 days 18:00:00,18,16.75,-105.12,976.6,76.5
2026-09-24,EP172026,6,2026-09-25 00:00:00,1 days 00:00:00,24,17.0,-106.0,977.8,75.0
2026-09-24,EP172026,6,2026-09-25 06:00:00,1 days 06:00:00,30,17.13,-107.0,977.1,76.0
2026-09-24,EP172026,6,2026-09-25 12:00:00,1 days 12:00:00,36,17.25,-108.0,976.3,76.9
2026-09-24,EP172026,6,2026-09-25 18:00:00,1 days 18:00:00,42,17.5,-109.0,975.3,78.2
2026-09-24,EP172026,6,2026-09-26 00:00:00,2 days 00:00:00,48,17.75,-110.0,974.2,79.5
2026-09-24,EP172026,6,2026-09-26 06:00:00,2 days 06:00:00,54,18.13,-111.0,973.3,80.6
2026-09-24,EP172026,6,2026-09-26 12:00:00,2 days 12:00:00,60,18.5,-112.0,972.3,81.8
2026-09-24,EP172026,6,2026-09-26 18:00:00,2 days 18:00:00,66,19.38,-112.62,970.1,84.4
2026-09-24,EP172026,6,2026-09-27 00:00:00,3 days 00:00:00,72,20.25,-113.25,967.9,87.1
2026-09-24,EP172026,6,2026-09-27 06:00:00,3 days 06:00:00,78,21.5,-113.99,968.4,86.6
2026-09-24,EP172026,6,2026-09-27 12:00:00,3 days 12:00:00,84,22.75,-114.75,968.8,86.0
2026-09-24,EP172026,6,2026-09-27 18:00:00,3 days 18:00:00,90,23.75,-114.87,973.3,80.5
2026-09-24,EP172026,6,2026-09-28 00:00:00,4 days 00:00:00,96,24.75,-115.0,977.8,75.0
2026-09-24,IO012026,6,2026-09-24 00:00:00,0 days 00:00:00,0,18.5,84.0,986.5,63.6
2026-09-24,IO012026,6,2026-09-24 06:00:00,0 days 06:00:00,6,19.25,83.63,989.4,59.5
2026-09-24,IO012026,6,2026-09-24 12:00:00,0 days 12:00:00,12,20.0,83.25,992.4,55.4
2026-09-24,IO012026,6,2026-09-24 18:00:00,0 days 18:00:00,18,20.25,82.5,991.5,56.6
2026-09-24,IO012026,6,2026-09-25 00:00:00,1 days 00:00:00,24,20.5,81.75,990.7,57.8
2026-09-24,IO012026,6,2026-09-25 06:00:00,1 days 06:00:00,30,21.38,82.0,992.7,54.8
2026-09-24,IO012026,6,2026-09-25 12:00:00,1 days 12:00:00,36,22.25,82.25,994.8,51.8
2026-09-24,IO012026,6,2026-09-25 18:00:00,1 days 18:00:00,42,23.38,81.75,994.8,51.8
2026-09-24,IO012026,6,2026-09-26 00:00:00,2 days 00:00:00,48,24.5,81.25,994.8,51.7
2026-09-24,IO012026,6,2026-09-26 06:00:00,2 days 06:00:00,54,25.63,81.13,996.2,49.6
2026-09-24,IO012026,6,2026-09-26 12:00:00,2 days 12:00:00,60,26.75,81.0,997.6,47.4
2026-09-24,WP252026,6,2026-09-24 00:00:00,0 days 00:00:00,0,18.0,134.5,1003.5,37.8
2026-09-24,WP252026,6,2026-09-24 06:00:00,0 days 06:00:00,6,18.5,133.38,1002.0,40.3
2026-09-24,WP252026,6,2026-09-24 12:00:00,0 days 12:00:00,12,19.0,132.25,1000.5,42.9
2026-09-24,WP252026,6,2026-09-24 18:00:00,0 days 18:00:00,18,19.51,130.88,999.8,43.9
2026-09-24,WP252026,6,2026-09-25 00:00:00,1 days 00:00:00,24,20.0,129.5,999.2,44.9
2026-09-24,WP252026,6,2026-09-25 06:00:00,1 days 06:00:00,30,20.5,128.63,997.3,47.9
2026-09-24,WP252026,6,2026-09-25 12:00:00,1 days 12:00:00,36,21.0,127.75,995.4,50.8
2026-09-24,WP252026,6,2026-09-25 18:00:00,1 days 18:00:00,42,21.38,127.25,994.1,52.7
2026-09-24,WP252026,6,2026-09-26 00:00:00,2 days 00:00:00,48,21.75,126.75,992.8,54.7
2026-09-24,WP252026,6,2026-09-26 06:00:00,2 days 06:00:00,54,22.38,126.63,989.8,58.9
2026-09-24,WP252026,6,2026-09-26 12:00:00,2 days 12:00:00,60,23.0,126.5,986.8,63.1
2026-09-24,WP252026,6,2026-09-26 18:00:00,2 days 18:00:00,66,23.25,126.5,986.7,63.3
2026-09-24,WP252026,6,2026-09-27 00:00:00,3 days 00:00:00,72,23.5,126.5,986.6,63.5
2026-09-24,WP252026,6,2026-09-27 06:00:00,3 days 06:00:00,78,23.88,126.87,987.3,62.5
2026-09-24,WP252026,6,2026-09-27 12:00:00,3 days 12:00:00,84,24.25,127.25,988.1,61.4
2026-09-24,WP252026,6,2026-09-27 18:00:00,3 days 18:00:00,90,24.63,127.75,989.0,60.1
2026-09-24,WP252026,6,2026-09-28 00:00:00,4 days 00:00:00,96,25.0,128.25,990.0,58.7
2026-09-24,WP252026,6,2026-09-28 06:00:00,4 days 06:00:00,102,25.75,128.87,993.0,54.3
2026-09-24,WP252026,6,2026-09-28 12:00:00,4 days 12:00:00,108,26.5,129.5,996.1,49.8
2026-09-24,WP252026,6,2026-09-28 18:00:00,4 days 18:00:00,114,26.75,130.25,997.5,47.5
2026-09-24,WP252026,6,2026-09-29 00:00:00,5 days 00:00:00,120,27.0,131.0,999.0,45.3
2026-09-24,WP252026,6,2026-09-29 06:00:00,5 days 06:00:00,126,27.75,131.74,999.8,44.0
2026-09-24,WP252026,6,2026-09-29 12:00:00,5 days 12:00:00,132,28.5,132.5,1000.6,42.7
2026-09-24,WP252026,6,2026-09-29 18:00:00,5 days 18:00:00,138,29.32,133.54,1001.6,40.9
2026-09-24,WP252026,6,2026-09-30 00:00:00,6 days 00:00:00,144,30.14,134.59,1002.6,39.2
2026-09-24,WP252026,6,2026-09-30 06:00:00,6 days 06:00:00,150,30.95,135.66,1003.7,37.4
2026-09-24,WP252026,6,2026-09-30 12:00:00,6 days 12:00:00,156,31.75,136.75,1004.7,35.6
2026-09-24,WP252026,6,2026-09-30 18:00:00,6 days 18:00:00,162,33.51,138.46,1003.7,37.3
2026-09-24,WP252026,6,2026-10-01 00:00:00,7 days 00:00:00,168,35.25,140.25,1002.7,39.1
2026-09-24,EP152026,7,2026-09-24 00:00:00,0 days 00:00:00,0,14.5,-155.5,1000.6,42.7
2026-09-24,EP152026,7,2026-09-24 06:00:00,0 days 06:00:00,6,14.5,-155.75,998.5,46.0
2026-09-24,EP152026,7,2026-09-24 12:00:00,0 days 12:00:00,12,14.5,-156.0,996.4,49.4
2026-09-24,EP152026,7,2026-09-24 18:00:00,0 days 18:00:00,18,14.5,-155.75,994.6,52.0
2026-09-24,EP152026,7,2026-09-25 00:00:00,1 days 00:00:00,24,14.5,-155.5,992.8,54.7
2026-09-24,EP152026,7,2026-09-25 06:00:00,1 days 06:00:00,30,15.13,-155.62,991.0,57.3
2026-09-24,EP152026,7,2026-09-25 12:00:00,1 days 12:00:00,36,15.75,-155.75,989.1,60.0
2026-09-24,EP152026,7,2026-09-25 18:00:00,1 days 18:00:00,42,16.25,-155.5,985.7,64.7
2026-09-24,EP152026,7,2026-09-26 00:00:00,2 days 00:00:00,48,16.75,-155.25,982.2,69.3
2026-09-24,EP152026,7,2026-09-26 06:00:00,2 days 06:00:00,54,17.25,-155.37,983.1,68.2
2026-09-24,EP152026,7,2026-09-26 12:00:00,2 days 12:00:00,60,17.75,-155.5,983.9,67.2
2026-09-24,EP152026,7,2026-09-26 18:00:00,2 days 18:00:00,66,17.88,-155.75,982.9,68.5
2026-09-24,EP152026,7,2026-09-27 00:00:00,3 days 00:00:00,72,18.0,-156.0,981.9,69.8
2026-09-24,EP152026,7,2026-09-27 06:00:00,3 days 06:00:00,78,18.0,-156.75,983.7,67.3
2026-09-24,EP152026,7,2026-09-27 12:00:00,3 days 12:00:00,84,18.0,-157.5,985.6,64.9
2026-09-24,EP152026,7,2026-09-27 18:00:00,3 days 18:00:00,90,17.75,-158.5,987.3,62.5
2026-09-24,EP152026,7,2026-09-28 00:00:00,4 days 00:00:00,96,17.5,-159.5,989.0,60.2
2026-09-24,EP152026,7,2026-09-28 06:00:00,4 days 06:00:00,102,17.88,-160.25,986.1,64.1
2026-09-24,EP152026,7,2026-09-28 12:00:00,4 days 12:00:00,108,18.25,-161.0,983.2,68.1
2026-09-24,EP152026,7,2026-09-28 18:00:00,4 days 18:00:00,114,18.75,-161.75,984.9,65.7
2026-09-24,EP152026,7,2026-09-29 00:00:00,5 days 00:00:00,120,19.25,-162.5,986.6,63.4
2026-09-24,EP152026,7,2026-09-29 06:00:00,5 days 06:00:00,126,20.0,-162.87,987.3,62.5
2026-09-24,EP152026,7,2026-09-29 12:00:00,5 days 12:00:00,132,20.75,-163.25,988.0,61.6
2026-09-24,EP152026,7,2026-09-29 18:00:00,5 days 18:00:00,138,21.5,-163.37,987.6,62.1
2026-09-24,EP152026,7,2026-09-30 00:00:00,6 days 00:00:00,144,22.25,-163.5,987.3,62.6
2026-09-24,EP152026,7,2026-09-30 06:00:00,6 days 06:00:00,150,22.63,-163.38,989.7,59.2
2026-09-24,EP152026,7,2026-09-30 12:00:00,6 days 12:00:00,156,23.0,-163.25,992.1,55.8
2026-09-24,EP152026,7,2026-09-30 18:00:00,6 days 18:00:00,162,23.5,-163.13,992.3,55.4
2026-09-24,EP152026,7,2026-10-01 00:00:00,7 days 00:00:00,168,24.0,-163.0,992.5,55.1
2026-09-24,EP152026,7,2026-10-01 06:00:00,7 days 06:00:00,174,24.88,-163.62,991.6,56.4
2026-09-24,EP152026,7,2026-10-01 12:00:00,7 days 12:00:00,180,25.75,-164.25,990.7,57.7
2026-09-24,EP152026,7,2026-10-01 18:00:00,7 days 18:00:00,186,25.51,-165.63,986.8,63.1
2026-09-24,EP152026,7,2026-10-02 00:00:00,8 days 00:00:00,192,25.25,-167.0,982.9,68.4
2026-09-24,EP152026,7,2026-10-02 06:00:00,8 days 06:00:00,198,24.5,-168.01,983.2,68.1
2026-09-24,EP152026,7,2026-10-02 12:00:00,8 days 12:00:00,204,23.75,-169.0,983.5,67.7
2026-09-24,EP152026,7,2026-10-02 18:00:00,8 days 18:00:00,210,23.75,-170.0,981.1,70.8
2026-09-24,EP152026,7,2026-10-03 00:00:00,9 days 00:00:00,216,23.75,-171.0,978.7,73.8
2026-09-24,EP152026,7,2026-10-03 06:00:00,9 days 06:00:00,222,23.63,-172.5,980.6,71.5
2026-09-24,EP152026,7,2026-10-03 12:00:00,9 days 12:00:00,228,23.5,-174.0,982.4,69.1
2026-09-24,EP152026,7,2026-10-03 18:00:00,9 days 18:00:00,234,23.75,-175.0,979.3,73.0
2026-09-24,EP152026,7,2026-10-04 00:00:00,10 days 00:00:00,240,24.0,-176.0,976.3,76.9
2026-09-24,EP152026,7,2026-10-04 06:00:00,10 days 06:00:00,246,24.26,-177.25,977.7,75.1
2026-09-24,EP152026,7,2026-10-04 12:00:00,10 days 12:00:00,252,24.5,-178.5,979.1,73.3
2026-09-24,EP152026,7,2026-10-04 18:00:00,10 days 18:00:00,258,24.63,-179.75,978.0,74.8
2026-09-24,EP152026,7,2026-10-05 00:00:00,11 days 00:00:00,264,24.75,179.0,976.8,76.3
2026-09-24,EP152026,7,2026-10-05 06:00:00,11 days 06:00:00,270,25.01,177.5,979.9,72.3
2026-09-24,EP152026,7,2026-10-05 12:00:00,11 days 12:00:00,276,25.25,176.0,982.9,68.4
2026-09-24,EP152026,7,2026-10-05 18:00:00,11 days 18:00:00,282,26.01,174.76,987.8,61.7
2026-09-24,EP152026,7,2026-10-06 00:00:00,12 days 00:00:00,288,26.75,173.5,992.6,55.0
2026-09-24,EP152026,7,2026-10-06 06:00:00,12 days 06:00:00,294,27.38,172.75,994.2,52.6
2026-09-24,EP152026,7,2026-10-06 12:00:00,12 days 12:00:00,300,28.0,172.0,995.8,50.2
2026-09-24,EP152026,7,2026-10-06 18:00:00,12 days 18:00:00,306,28.5,171.88,995.2,51.1
2026-09-24,EP152026,7,2026-10-07 00:00:00,13 days 00:00:00,312,29.0,171.75,994.7,51.9
2026-09-24,EP152026,7,2026-10-07 06:00:00,13 days 06:00:00,318,29.5,172.12,993.5,53.6
2026-09-24,EP152026,7,2026-10-07 12:00:00,13 days 12:00:00,324,30.0,172.5,992.3,55.4
2026-09-24,EP152026,7,2026-10-07 18:00:00,13 days 18:00:00,330,30.38,173.0,993.5,53.7
2026-09-24,EP152026,7,2026-10-08 00:00:00,14 days 00:00:00,336,30.75,173.5,994.6,52.0
2026-09-24,EP152026,7,2026-10-08 06:00:00,14 days 06:00:00,342,31.75,173.99,994.7,51.8
2026-09-24,EP152026,7,2026-10-08 12:00:00,14 days 12:00:00,348,32.75,174.5,994.9,51.6
2026-09-24,EP152026,7,2026-10-08 18:00:00,14 days 18:00:00,354,34.13,175.24,993.6,53.5
2026-09-24,EP152026,7,2026-10-09 00:00:00,15 days 00:00:00,360,35.5,176.0,992.3,55.4
2026-09-24,EP162026,7,2026-09-24 00:00:00,0 days 00:00:00,0,15.5,-126.75,971.6,82.7
2026-09-24,EP162026,7,2026-09-24 06:00:00,0 days 06:00:00,6,15.75,-126.25,974.0,79.7
2026-09-24,EP162026,7,2026-09-24 12:00:00,0 days 12:00:00,12,16.0,-125.75,976.4,76.8
2026-09-24,EP162026,7,2026-09-24 18:00:00,0 days 18:00:00,18,16.5,-125.25,978.4,74.2
2026-09-24,EP162026,7,2026-09-25 00:00:00,1 days 00:00:00,24,17.0,-124.75,980.4,71.6
2026-09-24,EP162026,7,2026-09-25 06:00:00,1 days 06:00:00,30,17.25,-124.25,980.4,71.7
2026-09-24,EP162026,7,2026-09-25 12:00:00,1 days 12:00:00,36,17.5,-123.75,980.3,71.8
2026-09-24,EP162026,7,2026-09-25 18:00:00,1 days 18:00:00,42,17.87,-123.75,983.2,68.0
2026-09-24,EP162026,7,2026-09-26 00:00:00,2 days 00:00:00,48,18.25,-123.75,986.0,64.3
2026-09-24,EP162026,7,2026-09-26 06:00:00,2 days 06:00:00,54,18.63,-123.87,987.2,62.6
2026-09-24,EP162026,7,2026-09-26 12:00:00,2 days 12:00:00,60,19.0,-124.0,988.4,60.9
2026-09-24,EP162026,7,2026-09-26 18:00:00,2 days 18:00:00,66,19.25,-124.25,990.2,58.4
2026-09-24,EP162026,7,2026-09-27 00:00:00,3 days 00:00:00,72,19.5,-124.5,992.1,55.8
2026-09-24,EP162026,7,2026-09-27 06:00:00,3 days 06:00:00,78,20.58,-119.16,980.5,70.9
2026-09-24,EP162026,7,2026-09-27 12:00:00,3 days 12:00:00,84,21.5,-113.75,968.9,86.0
2026-09-24,EP162026,7,2026-09-27 18:00:00,3 days 18:00:00,90,22.5,-114.0,968.3,86.7
2026-09-24,EP162026,7,2026-09-28 00:00:00,4 days 00:00:00,96,23.5,-114.25,967.6,87.4
2026-09-24,EP162026,7,2026-09-28 06:00:00,4 days 06:00:00,102,24.5,-114.13,970.3,84.2
2026-09-24,EP162026,7,2026-09-28 12:00:00,4 days 12:00:00,108,25.5,-114.0,972.9,81.1
2026-09-24,EP162026,7,2026-09-28 18:00:00,4 days 18:00:00,114,26.88,-112.89,977.5,75.3
2026-09-24,EP162026,7,2026-09-29 00:00:00,5 days 00:00:00,120,28.25,-111.75,982.1,69.5
2026-09-24,EP162026,7,2026-09-29 06:00:00,5 days 06:00:00,126,31.0,-112.11,990.3,57.8
2026-09-24,EP162026,7,2026-09-29 12:00:00,5 days 12:00:00,132,33.75,-112.5,998.4,46.2
2026-09-24,EP172026,7,2026-09-24 00:00:00,0 days 00:00:00,0,15.75,-102.25,970.5,84.0
2026-09-24,EP172026,7,2026-09-24 06:00:00,0 days 06:00:00,6,16.13,-103.12,974.6,78.9
2026-09-24,EP172026,7,2026-09-24 12:00:00,0 days 12:00:00,12,16.5,-104.0,978.7,73.9
2026-09-24,EP172026,7,2026-09-24 18:00:00,0 days 18:00:00,18,16.63,-104.87,978.2,74.5
2026-09-24,EP172026,7,2026-09-25 00:00:00,1 days 00:00:00,24,16.75,-105.75,977.7,75.1
2026-09-24,EP172026,7,2026-09-25 06:00:00,1 days 06:00:00,30,16.88,-106.87,973.2,80.6
2026-09-24,EP172026,7,2026-09-25 12:00:00,1 days 12:00:00,36,17.0,-108.0,968.7,86.2
2026-09-24,EP172026,7,2026-09-25 18:00:00,1 days 18:00:00,42,17.13,-109.0,966.9,88.2
2026-09-24,EP172026,7,2026-09-26 00:00:00,2 days 00:00:00,48,17.25,-110.0,965.2,90.3
2026-09-24,EP172026,7,2026-09-26 06:00:00,2 days 06:00:00,54,17.5,-110.62,966.4,88.8
2026-09-24,EP172026,7,2026-09-26 12:00:00,2 days 12:00:00,60,17.75,-111.25,967.6,87.4
2026-09-24,EP172026,7,2026-09-26 18:00:00,2 days 18:00:00,66,18.38,-111.87,967.8,87.2
2026-09-24,EP172026,7,2026-09-27 00:00:00,3 days 00:00:00,72,19.0,-112.5,967.9,87.1
2026-09-24,EP172026,7,2026-09-27 06:00:00,3 days 06:00:00,78,20.25,-113.12,968.4,86.5
2026-09-24,EP172026,7,2026-09-27 12:00:00,3 days 12:00:00,84,21.5,-113.75,968.9,86.0
2026-09-24,IO012026,7,2026-09-24 00:00:00,0 days 00:00:00,0,18.5,84.0,986.5,63.6
2026-09-24,IO012026,7,2026-09-24 06:00:00,0 days 06:00:00,6,18.38,84.0,989.2,59.9
2026-09-24,IO012026,7,2026-09-24 12:00:00,0 days 12:00:00,12,18.25,84.0,991.8,56.2
2026-09-24,IO012026,7,2026-09-24 18:00:00,0 days 18:00:00,18,19.13,83.38,991.0,57.4
2026-09-24,IO012026,7,2026-09-25 00:00:00,1 days 00:00:00,24,20.0,82.75,990.1,58.6
2026-09-24,IO012026,7,2026-09-25 06:00:00,1 days 06:00:00,30,21.0,82.5,991.1,57.2
2026-09-24,IO012026,7,2026-09-25 12:00:00,1 days 12:00:00,36,22.0,82.25,992.1,55.7
2026-09-24,IO012026,7,2026-09-25 18:00:00,1 days 18:00:00,42,23.0,82.0,993.3,53.9
2026-09-24,IO012026,7,2026-09-26 00:00:00,2 days 00:00:00,48,24.0,81.75,994.6,52.1
2026-09-24,IO012026,7,2026-09-26 06:00:00,2 days 06:00:00,54,25.25,80.88,995.6,50.5
2026-09-24,IO012026,7,2026-09-26 12:00:00,2 days 12:00:00,60,26.5,80.0,996.6,49.0
2026-09-24,IO012026,7,2026-09-26 18:00:00,2 days 18:00:00,66,27.0,80.0,998.8,45.5
2026-09-24,IO012026,7,2026-09-27 00:00:00,3 days 00:00:00,72,27.5,80.0,1001.0,41.9
2026-09-24,WP252026,7,2026-09-24 00:00:00,0 days 00:00:00,0,18.0,134.5,1003.5,37.8
2026-09-24,WP252026,7,2026-09-24 06:00:00,0 days 06:00:00,6,18.5,133.13,1002.5,39.5
2026-09-24,WP252026,7,2026-09-24 12:00:00,0 days 12:00:00,12,19.0,131.75,1001.4,41.3
2026-09-24,WP252026,7,2026-09-24 18:00:00,0 days 18:00:00,18,19.5,130.63,1001.2,41.6
2026-09-24,WP252026,7,2026-09-25 00:00:00,1 days 00:00:00,24,20.0,129.5,1001.1,41.9
2026-09-24,WP252026,7,2026-09-25 06:00:00,1 days 06:00:00,30,20.38,128.5,1001.7,40.8
2026-09-24,WP252026,7,2026-09-25 12:00:00,1 days 12:00:00,36,20.75,127.5,1002.4,39.7
2026-09-24,WP252026,7,2026-09-25 18:00:00,1 days 18:00:00,42,21.38,127.0,1002.5,39.5
2026-09-24,WP252026,7,2026-09-26 00:00:00,2 days 00:00:00,48,22.0,126.5,1002.6,39.3
2026-09-24,WP252026,7,2026-09-26 06:00:00,2 days 06:00:00,54,22.38,126.25,999.3,44.6
2026-09-24,WP252026,7,2026-09-26 12:00:00,2 days 12:00:00,60,22.75,126.0,996.0,50.0
2026-09-24,WP252026,7,2026-09-26 18:00:00,2 days 18:00:00,66,23.38,126.0,994.5,52.2
2026-09-24,WP252026,7,2026-09-27 00:00:00,3 days 00:00:00,72,24.0,126.0,992.9,54.5
2026-09-24,WP252026,7,2026-09-27 06:00:00,3 days 06:00:00,78,24.25,126.5,991.3,56.9
2026-09-24,WP252026,7,2026-09-27 12:00:00,3 days 12:00:00,84,24.5,127.0,989.6,59.3
2026-09-24,WP252026,7,2026-09-27 18:00:00,3 days 18:00:00,90,25.13,127.5,988.8,60.4
2026-09-24,WP252026,7,2026-09-28 00:00:00,4 days 00:00:00,96,25.75,128.0,988.0,61.6
2026-09-24,WP252026,7,2026-09-28 06:00:00,4 days 06:00:00,102,26.25,128.87,990.3,58.3
2026-09-24,WP252026,7,2026-09-28 12:00:00,4 days 12:00:00,108,26.75,129.75,992.6,55.0
2026-09-24,WP252026,7,2026-09-28 18:00:00,4 days 18:00:00,114,27.0,130.25,992.2,55.6
2026-09-24,WP252026,7,2026-09-29 00:00:00,5 days 00:00:00,120,27.25,130.75,991.7,56.3
2026-09-24,WP252026,7,2026-09-29 06:00:00,5 days 06:00:00,126,27.75,131.37,992.3,55.4
2026-09-24,WP252026,7,2026-09-29 12:00:00,5 days 12:00:00,132,28.25,132.0,992.9,54.6
2026-09-24,WP252026,7,2026-09-29 18:00:00,5 days 18:00:00,138,28.75,132.75,991.2,57.0
2026-09-24,WP252026,7,2026-09-30 00:00:00,6 days 00:00:00,144,29.25,133.5,989.5,59.5
2026-09-24,WP252026,7,2026-09-30 06:00:00,6 days 06:00:00,150,30.0,134.62,987.9,61.6
2026-09-24,WP252026,7,2026-09-30 12:00:00,6 days 12:00:00,156,30.75,135.75,986.4,63.8
2026-09-24,WP252026,7,2026-09-30 18:00:00,6 days 18:00:00,162,31.89,137.73,987.6,62.1
2026-09-24,WP252026,7,2026-10-01 00:00:00,7 days 00:00:00,168,33.0,139.75,988.8,60.4
2026-09-24,WP252026,7,2026-10-01 06:00:00,7 days 06:00:00,174,35.06,143.41,990.6,57.8
2026-09-24,WP252026,7,2026-10-01 12:00:00,7 days 12:00:00,180,37.0,147.25,992.4,55.3
2026-09-24,AL902026,8,2026-09-24 00:00:00,0 days 00:00:00,0,12.75,-18.0,1008.8,27.9
2026-09-24,AL902026,8,2026-09-24 06:00:00,0 days 06:00:00,6,13.38,-19.0,1008.5,28.5
2026-09-24,AL902026,8,2026-09-24 12:00:00,0 days 12:00:00,12,14.0,-20.0,1008.2,29.1
2026-09-24,AL902026,8,2026-09-24 18:00:00,0 days 18:00:00,18,14.0,-21.0,1007.8,29.9
2026-09-24,AL902026,8,2026-09-25 00:00:00,1 days 00:00:00,24,14.0,-22.0,1007.3,30.8
2026-09-24,AL902026,8,2026-09-25 06:00:00,1 days 06:00:00,30,14.13,-22.5,1006.8,31.9
2026-09-24,AL902026,8,2026-09-25 12:00:00,1 days 12:00:00,36,14.25,-23.0,1006.2,33.0
2026-09-24,AL902026,8,2026-09-25 18:00:00,1 days 18:00:00,42,14.75,-23.37,1006.9,31.6
2026-09-24,AL902026,8,2026-09-26 00:00:00,2 days 00:00:00,48,15.25,-23.75,1007.6,30.2
2026-09-24,AL902026,8,2026-09-26 06:00:00,2 days 06:00:00,54,15.75,-24.12,1008.3,28.8
2026-09-24,AL902026,8,2026-09-26 12:00:00,2 days 12:00:00,60,16.25,-24.5,1009.0,27.4
2026-09-24,EP152026,8,2026-09-24 00:00:00,0 days 00:00:00,0,14.5,-155.5,1000.6,42.7
2026-09-24,EP152026,8,2026-09-24 06:00:00,0 days 06:00:00,6,14.63,-155.62,999.4,44.5
2026-09-24,EP152026,8,2026-09-24 12:00:00,0 days 12:00:00,12,14.75,-155.75,998.3,46.4
2026-09-24,EP152026,8,2026-09-24 18:00:00,0 days 18:00:00,18,14.75,-155.63,995.0,51.3
2026-09-24,EP152026,8,2026-09-25 00:00:00,1 days 00:00:00,24,14.75,-155.5,991.8,56.2
2026-09-24,EP152026,8,2026-09-25 06:00:00,1 days 06:00:00,30,15.25,-155.13,990.0,58.7
2026-09-24,EP152026,8,2026-09-25 12:00:00,1 days 12:00:00,36,15.75,-154.75,988.2,61.3
2026-09-24,EP152026,8,2026-09-25 18:00:00,1 days 18:00:00,42,16.5,-154.87,987.0,62.9
2026-09-24,EP152026,8,2026-09-26 00:00:00,2 days 00:00:00,48,17.25,-155.0,985.8,64.5
2026-09-24,EP152026,8,2026-09-26 06:00:00,2 days 06:00:00,54,17.75,-155.12,985.1,65.5
2026-09-24,EP152026,8,2026-09-26 12:00:00,2 days 12:00:00,60,18.25,-155.25,984.3,66.5
2026-09-24,EP152026,8,2026-09-26 18:00:00,2 days 18:00:00,66,19.0,-155.75,984.7,66.1
2026-09-24,EP152026,8,2026-09-27 00:00:00,3 days 00:00:00,72,19.75,-156.25,985.0,65.6
2026-09-24,EP152026,8,2026-09-27 06:00:00,3 days 06:00:00,78,19.63,-157.13,987.0,62.9
2026-09-24,EP152026,8,2026-09-27 12:00:00,3 days 12:00:00,84,19.5,-158.0,989.0,60.1
2026-09-24,EP152026,8,2026-09-27 18:00:00,3 days 18:00:00,90,19.75,-159.0,989.2,59.9
2026-09-24,EP152026,8,2026-09-28 00:00:00,4 days 00:00:00,96,20.0,-160.0,989.4,59.6
2026-09-24,EP152026,8,2026-09-28 06:00:00,4 days 06:00:00,102,20.25,-160.75,992.0,55.8
2026-09-24,EP152026,8,2026-09-28 12:00:00,4 days 12:00:00,108,20.5,-161.5,994.6,52.0
2026-09-24,EP152026,8,2026-09-28 18:00:00,4 days 18:00:00,114,21.13,-162.12,993.6,53.6
2026-09-24,EP152026,8,2026-09-29 00:00:00,5 days 00:00:00,120,21.75,-162.75,992.5,55.1
2026-09-24,EP152026,8,2026-09-29 06:00:00,5 days 06:00:00,126,22.88,-163.25,990.7,57.7
2026-09-24,EP152026,8,2026-09-29 12:00:00,5 days 12:00:00,132,24.0,-163.75,988.9,60.3
2026-09-24,EP152026,8,2026-09-29 18:00:00,5 days 18:00:00,138,25.5,-164.0,988.1,61.4
2026-09-24,EP152026,8,2026-09-30 00:00:00,6 days 00:00:00,144,27.0,-164.25,987.2,62.6
2026-09-24,EP152026,8,2026-09-30 06:00:00,6 days 06:00:00,150,28.38,-164.99,988.5,60.8
2026-09-24,EP152026,8,2026-09-30 12:00:00,6 days 12:00:00,156,29.75,-165.75,989.8,59.0
2026-09-24,EP152026,8,2026-09-30 18:00:00,6 days 18:00:00,162,30.76,-167.36,988.7,60.5
2026-09-24,EP152026,8,2026-10-01 00:00:00,7 days 00:00:00,168,31.75,-169.0,987.7,62.0
2026-09-24,EP152026,8,2026-10-01 06:00:00,7 days 06:00:00,174,32.38,-169.87,987.6,62.1
2026-09-24,EP152026,8,2026-10-01 12:00:00,7 days 12:00:00,180,33.0,-170.75,987.5,62.2
2026-09-24,EP152026,8,2026-10-01 18:00:00,7 days 18:00:00,186,33.0,-171.25,990.7,57.6
2026-09-24,EP152026,8,2026-10-02 00:00:00,8 days 00:00:00,192,33.0,-171.75,993.9,53.0
2026-09-24,EP152026,8,2026-10-02 06:00:00,8 days 06:00:00,198,33.0,-171.88,996.9,48.5
2026-09-24,EP152026,8,2026-10-02 12:00:00,8 days 12:00:00,204,33.0,-172.0,999.8,44.0
2026-09-24,EP152026,8,2026-10-02 18:00:00,8 days 18:00:00,210,32.5,-172.13,1001.8,40.6
2026-09-24,EP152026,8,2026-10-03 00:00:00,9 days 00:00:00,216,32.0,-172.25,1003.8,37.2
2026-09-24,EP152026,8,2026-10-03 06:00:00,9 days 06:00:00,222,31.5,-172.76,1005.0,35.0
2026-09-24,EP152026,8,2026-10-03 12:00:00,9 days 12:00:00,228,31.0,-173.26,1006.1,32.9
2026-09-24,EP152026,8,2026-10-03 18:00:00,9 days 18:00:00,234,30.5,-173.76,1007.3,30.8
2026-09-24,EP152026,8,2026-10-04 00:00:00,10 days 00:00:00,240,30.0,-174.25,1008.4,28.7
2026-09-24,EP152026,8,2026-10-04 06:00:00,10 days 06:00:00,246,30.5,-175.24,1009.1,27.2
2026-09-24,EP152026,8,2026-10-04 12:00:00,10 days 12:00:00,252,31.0,-176.25,1009.8,25.8
2026-09-24,EP162026,8,2026-09-24 00:00:00,0 days 00:00:00,0,15.5,-126.75,971.6,82.7
2026-09-24,EP162026,8,2026-09-24 06:00:00,0 days 06:00:00,6,15.75,-126.13,976.5,76.6
2026-09-24,EP162026,8,2026-09-24 12:00:00,0 days 12:00:00,12,16.0,-125.5,981.3,70.5
2026-09-24,EP162026,8,2026-09-24 18:00:00,0 days 18:00:00,18,16.5,-125.0,984.7,66.0
2026-09-24,EP162026,8,2026-09-25 00:00:00,1 days 00:00:00,24,17.0,-124.5,988.0,61.6
2026-09-24,EP162026,8,2026-09-25 06:00:00,1 days 06:00:00,30,17.38,-124.0,984.3,66.5
2026-09-24,EP162026,8,2026-09-25 12:00:00,1 days 12:00:00,36,17.75,-123.5,980.7,71.4
2026-09-24,EP162026,8,2026-09-25 18:00:00,1 days 18:00:00,42,17.87,-123.5,984.6,66.1
2026-09-24,EP162026,8,2026-09-26 00:00:00,2 days 00:00:00,48,18.0,-123.5,988.5,60.9
2026-09-24,EP162026,8,2026-09-26 06:00:00,2 days 06:00:00,54,18.38,-123.5,991.1,57.1
2026-09-24,EP162026,8,2026-09-26 12:00:00,2 days 12:00:00,60,18.75,-123.5,993.7,53.3
2026-09-24,EP162026,8,2026-09-26 18:00:00,2 days 18:00:00,66,19.25,-123.38,994.7,51.9
2026-09-24,EP162026,8,2026-09-27 00:00:00,3 days 00:00:00,72,19.75,-123.25,995.7,50.4
2026-09-24,EP162026,8,2026-09-27 06:00:00,3 days 06:00:00,78,19.88,-122.88,997.9,47.0
2026-09-24,EP162026,8,2026-09-27 12:00:00,3 days 12:00:00,84,20.0,-122.5,1000.0,43.6
2026-09-24,EP162026,8,2026-09-27 18:00:00,3 days 18:00:00,90,22.57,-117.71,986.6,62.2
2026-09-24,EP162026,8,2026-09-28 00:00:00,4 days 00:00:00,96,25.0,-112.75,973.1,80.8
2026-09-24,EP162026,8,2026-09-28 06:00:00,4 days 06:00:00,102,26.13,-112.5,979.5,72.6
2026-09-24,EP162026,8,2026-09-28 12:00:00,4 days 12:00:00,108,27.25,-112.25,985.9,64.4
2026-09-24,EP162026,8,2026-09-28 18:00:00,4 days 18:00:00,114,28.0,-111.38,993.0,54.0
2026-09-24,EP162026,8,2026-09-29 00:00:00,5 days 00:00:00,120,28.75,-110.5,1000.0,43.6
2026-09-24,EP162026,8,2026-09-29 06:00:00,5 days 06:00:00,126,28.13,-111.38,1001.5,41.2
2026-09-24,EP162026,8,2026-09-29 12:00:00,5 days 12:00:00,132,27.5,-112.25,1003.0,38.7
2026-09-24,EP162026,8,2026-09-29 18:00:00,5 days 18:00:00,138,28.61,-106.93,1000.7,42.4
2026-09-24,EP162026,8,2026-09-30 00:00:00,6 days 00:00:00,144,29.5,-101.5,998.4,46.2
2026-09-24,EP172026,8,2026-09-24 00:00:00,0 days 00:00:00,0,15.75,-102.25,970.5,84.0
2026-09-24,EP172026,8,2026-09-24 06:00:00,0 days 06:00:00,6,16.25,-103.25,976.3,76.8
2026-09-24,EP172026,8,2026-09-24 12:00:00,0 days 12:00:00,12,16.75,-104.25,982.0,69.6
2026-09-24,EP172026,8,2026-09-24 18:00:00,0 days 18:00:00,18,16.88,-105.0,978.9,73.6
2026-09-24,EP172026,8,2026-09-25 00:00:00,1 days 00:00:00,24,17.0,-105.75,975.8,77.5
2026-09-24,EP172026,8,2026-09-25 06:00:00,1 days 06:00:00,30,17.13,-106.62,974.1,79.6
2026-09-24,EP172026,8,2026-09-25 12:00:00,1 days 12:00:00,36,17.25,-107.5,972.5,81.7
2026-09-24,EP172026,8,2026-09-25 18:00:00,1 days 18:00:00,42,17.63,-108.37,973.2,80.7
2026-09-24,EP172026,8,2026-09-26 00:00:00,2 days 00:00:00,48,18.0,-109.25,974.0,79.7
2026-09-24,EP172026,8,2026-09-26 06:00:00,2 days 06:00:00,54,18.5,-110.12,968.8,86.0
2026-09-24,EP172026,8,2026-09-26 12:00:00,2 days 12:00:00,60,19.0,-111.0,963.5,92.2
2026-09-24,EP172026,8,2026-09-26 18:00:00,2 days 18:00:00,66,19.88,-111.5,967.4,87.6
2026-09-24,EP172026,8,2026-09-27 00:00:00,3 days 00:00:00,72,20.75,-112.0,971.2,83.1
2026-09-24,EP172026,8,2026-09-27 06:00:00,3 days 06:00:00,78,21.75,-112.37,971.3,83.0
2026-09-24,EP172026,8,2026-09-27 12:00:00,3 days 12:00:00,84,22.75,-112.75,971.5,82.9
2026-09-24,EP172026,8,2026-09-27 18:00:00,3 days 18:00:00,90,23.88,-112.75,972.3,81.8
2026-09-24,EP172026,8,2026-09-28 00:00:00,4 days 00:00:00,96,25.0,-112.75,973.1,80.8
2026-09-24,IO012026,8,2026-09-24 00:00:00,0 days 00:00:00,0,18.5,84.0,986.5,63.6
2026-09-24,IO012026,8,2026-09-24 06:00:00,0 days 06:00:00,6,18.38,84.0,988.7,60.5
2026-09-24,IO012026,8,2026-09-24 12:00:00,0 days 12:00:00,12,18.25,84.0,990.9,57.4
2026-09-24,IO012026,8,2026-09-24 18:00:00,0 days 18:00:00,18,19.13,83.25,991.6,56.5
2026-09-24,IO012026,8,2026-09-25 00:00:00,1 days 00:00:00,24,20.0,82.5,992.3,55.5
2026-09-24,IO012026,8,2026-09-25 06:00:00,1 days 06:00:00,30,21.0,82.25,994.0,52.9
2026-09-24,IO012026,8,2026-09-25 12:00:00,1 days 12:00:00,36,22.0,82.0,995.8,50.3
2026-09-24,IO012026,8,2026-09-25 18:00:00,1 days 18:00:00,42,22.25,82.0,997.2,48.1
2026-09-24,IO012026,8,2026-09-26 00:00:00,2 days 00:00:00,48,22.5,82.0,998.6,45.9
2026-09-24,IO012026,8,2026-09-26 06:00:00,2 days 06:00:00,54,24.63,81.51,998.7,45.8
2026-09-24,IO012026,8,2026-09-26 12:00:00,2 days 12:00:00,60,26.75,81.0,998.7,45.7
2026-09-24,WP252026,8,2026-09-24 00:00:00,0 days 00:00:00,0,18.0,134.5,1003.5,37.8
2026-09-24,WP252026,8,2026-09-24 06:00:00,0 days 06:00:00,6,18.63,133.25,1001.2,41.6
2026-09-24,WP252026,8,2026-09-24 12:00:00,0 days 12:00:00,12,19.25,132.0,998.8,45.5
2026-09-24,WP252026,8,2026-09-24 18:00:00,0 days 18:00:00,18,19.88,131.0,997.5,47.7
2026-09-24,WP252026,8,2026-09-25 00:00:00,1 days 00:00:00,24,20.5,130.0,996.1,49.8
2026-09-24,WP252026,8,2026-09-25 06:00:00,1 days 06:00:00,30,21.0,129.0,995.5,50.7
2026-09-24,WP252026,8,2026-09-25 12:00:00,1 days 12:00:00,36,21.5,128.0,994.9,51.6
2026-09-24,WP252026,8,2026-09-25 18:00:00,1 days 18:00:00,42,22.13,127.5,994.0,52.9
2026-09-24,WP252026,8,2026-09-26 00:00:00,2 days 00:00:00,48,22.75,127.0,993.1,54.2
2026-09-24,WP252026,8,2026-09-26 06:00:00,2 days 06:00:00,54,23.5,127.12,992.5,55.2
2026-09-24,WP252026,8,2026-09-26 12:00:00,2 days 12:00:00,60,24.25,127.25,991.8,56.1
2026-09-24,WP252026,8,2026-09-26 18:00:00,2 days 18:00:00,66,24.88,127.75,990.6,57.8
2026-09-24,WP252026,8,2026-09-27 00:00:00,3 days 00:00:00,72,25.5,128.25,989.4,59.5
2026-09-24,WP252026,8,2026-09-27 06:00:00,3 days 06:00:00,78,26.0,129.0,988.7,60.6
2026-09-24,WP252026,8,2026-09-27 12:00:00,3 days 12:00:00,84,26.5,129.75,988.0,61.6
2026-09-24,WP252026,8,2026-09-27 18:00:00,3 days 18:00:00,90,27.13,130.87,989.5,59.4
2026-09-24,WP252026,8,2026-09-28 00:00:00,4 days 00:00:00,96,27.75,132.0,991.1,57.2
2026-09-24,WP252026,8,2026-09-28 06:00:00,4 days 06:00:00,102,28.51,133.61,991.7,56.3
2026-09-24,WP252026,8,2026-09-28 12:00:00,4 days 12:00:00,108,29.25,135.25,992.2,55.5
2026-09-24,WP252026,8,2026-09-28 18:00:00,4 days 18:00:00,114,30.14,136.86,993.8,53.3
2026-09-24,WP252026,8,2026-09-29 00:00:00,5 days 00:00:00,120,31.0,138.5,995.3,51.0
2026-09-24,WP252026,8,2026-09-29 06:00:00,5 days 06:00:00,126,32.14,140.35,996.3,49.4
2026-09-24,WP252026,8,2026-09-29 12:00:00,5 days 12:00:00,132,33.25,142.25,997.4,47.8
2026-09-24,WP252026,8,2026-09-29 18:00:00,5 days 18:00:00,138,34.65,144.59,998.3,46.4
2026-09-24,WP252026,8,2026-09-30 00:00:00,6 days 00:00:00,144,36.0,147.0,999.2,45.0
2026-09-24,EP152026,9,2026-09-24 00:00:00,0 days 00:00:00,0,14.5,-155.5,1000.6,42.7
2026-09-24,EP152026,9,2026-09-24 06:00:00,0 days 06:00:00,6,14.38,-155.75,998.5,45.9
2026-09-24,EP152026,9,2026-09-24 12:00:00,0 days 12:00:00,12,14.25,-156.0,996.5,49.2
2026-09-24,EP152026,9,2026-09-24 18:00:00,0 days 18:00:00,18,14.5,-155.5,991.8,56.0
2026-09-24,EP152026,9,2026-09-25 00:00:00,1 days 00:00:00,24,14.75,-155.0,987.0,62.9
2026-09-24,EP152026,9,2026-09-25 06:00:00,1 days 06:00:00,30,15.5,-154.75,987.5,62.2
2026-09-24,EP152026,9,2026-09-25 12:00:00,1 days 12:00:00,36,16.25,-154.5,988.0,61.5
2026-09-24,EP152026,9,2026-09-25 18:00:00,1 days 18:00:00,42,16.88,-154.62,984.0,66.9
2026-09-24,EP152026,9,2026-09-26 00:00:00,2 days 00:00:00,48,17.5,-154.75,979.9,72.4
2026-09-24,EP152026,9,2026-09-26 06:00:00,2 days 06:00:00,54,18.12,-154.75,986.8,62.8
2026-09-24,EP152026,9,2026-09-26 12:00:00,2 days 12:00:00,60,18.75,-154.75,993.8,53.3
2026-09-24,EP152026,9,2026-09-26 18:00:00,2 days 18:00:00,66,19.25,-155.75,992.0,55.9
2026-09-24,EP152026,9,2026-09-27 00:00:00,3 days 00:00:00,72,19.75,-156.75,990.1,58.6
2026-09-24,EP152026,9,2026-09-27 06:00:00,3 days 06:00:00,78,19.75,-157.63,990.9,57.5
2026-09-24,EP152026,9,2026-09-27 12:00:00,3 days 12:00:00,84,19.75,-158.5,991.6,56.5
2026-09-24,EP152026,9,2026-09-27 18:00:00,3 days 18:00:00,90,19.63,-160.0,991.4,56.8
2026-09-24,EP152026,9,2026-09-28 00:00:00,4 days 00:00:00,96,19.5,-161.5,991.2,57.1
2026-09-24,EP152026,9,2026-09-28 06:00:00,4 days 06:00:00,102,19.88,-162.75,991.0,57.3
2026-09-24,EP152026,9,2026-09-28 12:00:00,4 days 12:00:00,108,20.25,-164.0,990.9,57.5
2026-09-24,EP152026,9,2026-09-28 18:00:00,4 days 18:00:00,114,20.75,-165.25,993.2,54.1
2026-09-24,EP152026,9,2026-09-29 00:00:00,5 days 00:00:00,120,21.25,-166.5,995.5,50.7
2026-09-24,EP152026,9,2026-09-29 06:00:00,5 days 06:00:00,126,22.13,-167.62,995.3,51.0
2026-09-24,EP152026,9,2026-09-29 12:00:00,5 days 12:00:00,132,23.0,-168.75,995.0,51.4
2026-09-24,EP152026,9,2026-09-29 18:00:00,5 days 18:00:00,138,24.0,-169.0,993.8,53.3
2026-09-24,EP152026,9,2026-09-30 00:00:00,6 days 00:00:00,144,25.0,-169.25,992.5,55.2
2026-09-24,EP152026,9,2026-09-30 06:00:00,6 days 06:00:00,150,25.5,-170.25,991.8,56.2
2026-09-24,EP152026,9,2026-09-30 12:00:00,6 days 12:00:00,156,26.0,-171.25,991.0,57.3
2026-09-24,EP152026,9,2026-09-30 18:00:00,6 days 18:00:00,162,25.88,-172.38,990.9,57.5
2026-09-24,EP152026,9,2026-10-01 00:00:00,7 days 00:00:00,168,25.75,-173.5,990.7,57.7
2026-09-24,EP152026,9,2026-10-01 06:00:00,7 days 06:00:00,174,25.5,-174.25,991.0,57.3
2026-09-24,EP152026,9,2026-10-01 12:00:00,7 days 12:00:00,180,25.25,-175.0,991.3,56.8
2026-09-24,EP152026,9,2026-10-01 18:00:00,7 days 18:00:00,186,25.0,-176.13,991.9,56.0
2026-09-24,EP152026,9,2026-10-02 00:00:00,8 days 00:00:00,192,24.75,-177.25,992.5,55.1
2026-09-24,EP152026,9,2026-10-02 06:00:00,8 days 06:00:00,198,24.13,-178.76,992.4,55.3
2026-09-24,EP152026,9,2026-10-02 12:00:00,8 days 12:00:00,204,23.5,179.75,992.3,55.4
2026-09-24,EP152026,9,2026-10-02 18:00:00,8 days 18:00:00,210,23.38,178.25,993.4,53.8
2026-09-24,EP152026,9,2026-10-03 00:00:00,9 days 00:00:00,216,23.25,176.75,994.5,52.2
2026-09-24,EP152026,9,2026-10-03 06:00:00,9 days 06:00:00,222,23.39,174.63,994.6,52.0
2026-09-24,EP152026,9,2026-10-03 12:00:00,9 days 12:00:00,228,23.5,172.5,994.7,51.9
2026-09-24,EP152026,9,2026-10-03 18:00:00,9 days 18:00:00,234,23.51,170.75,994.4,52.3
2026-09-24,EP152026,9,2026-10-04 00:00:00,10 days 00:00:00,240,23.5,169.0,994.1,52.7
2026-09-24,EP152026,9,2026-10-04 06:00:00,10 days 06:00:00,246,23.76,167.63,994.7,52.0
2026-09-24,EP152026,9,2026-10-04 12:00:00,10 days 12:00:00,252,24.0,166.25,995.2,51.2
2026-09-24,EP152026,9,2026-10-04 18:00:00,10 days 18:00:00,258,24.88,164.88,995.0,51.4
2026-09-24,EP152026,9,2026-10-05 00:00:00,11 days 00:00:00,264,25.75,163.5,994.9,51.6
2026-09-24,EP152026,9,2026-10-05 06:00:00,11 days 06:00:00,270,27.01,161.89,995.9,50.0
2026-09-24,EP152026,9,2026-10-05 12:00:00,11 days 12:00:00,276,28.25,160.25,996.9,48.5
2026-09-24,EP152026,9,2026-10-05 18:00:00,11 days 18:00:00,282,30.26,159.03,996.6,49.0
2026-09-24,EP152026,9,2026-10-06 00:00:00,12 days 00:00:00,288,32.25,157.75,996.3,49.5
2026-09-24,EP152026,9,2026-10-06 06:00:00,12 days 06:00:00,294,34.75,158.11,994.5,52.2
2026-09-24,EP152026,9,2026-10-06 12:00:00,12 days 12:00:00,300,37.25,158.5,992.6,54.9
2026-09-24,EP152026,9,2026-10-06 18:00:00,12 days 18:00:00,306,39.43,161.89,993.3,53.9
2026-09-24,EP152026,9,2026-10-07 00:00:00,13 days 00:00:00,312,41.5,165.5,994.0,52.9
2026-09-24,EP152026,9,2026-10-07 06:00:00,13 days 06:00:00,318,39.45,158.4,986.0,63.9
2026-09-24,EP152026,9,2026-10-07 12:00:00,13 days 12:00:00,324,37.0,151.75,978.0,74.8
2026-09-24,EP152026,9,2026-10-07 18:00:00,13 days 18:00:00,330,40.55,154.83,974.6,78.9
2026-09-24,EP152026,9,2026-10-08 00:00:00,14 days 00:00:00,336,44.0,158.25,971.2,83.1
2026-09-24,EP152026,9,2026-10-08 06:00:00,14 days 06:00:00,342,39.01,160.26,984.8,64.6
2026-09-24,EP152026,9,2026-10-08 12:00:00,14 days 12:00:00,348,34.0,162.0,998.5,46.1
2026-09-24,EP152026,9,2026-10-08 18:00:00,14 days 18:00:00,354,35.7,166.16,1003.0,38.3
2026-09-24,EP152026,9,2026-10-09 00:00:00,15 days 00:00:00,360,37.25,170.5,1007.5,30.5
2026-09-24,EP162026,9,2026-09-24 00:00:00,0 days 00:00:00,0,15.5,-126.75,971.6,82.7
2026-09-24,EP162026,9,2026-09-24 06:00:00,0 days 06:00:00,6,15.88,-126.25,976.2,77.0
2026-09-24,EP162026,9,2026-09-24 12:00:00,0 days 12:00:00,12,16.25,-125.75,980.7,71.3
2026-09-24,EP162026,9,2026-09-24 18:00:00,0 days 18:00:00,18,16.75,-125.13,982.2,69.4
2026-09-24,EP162026,9,2026-09-25 00:00:00,1 days 00:00:00,24,17.25,-124.5,983.6,67.4
2026-09-24,EP162026,9,2026-09-25 06:00:00,1 days 06:00:00,30,17.75,-124.25,980.1,72.0
2026-09-24,EP162026,9,2026-09-25 12:00:00,1 days 12:00:00,36,18.25,-124.0,976.5,76.7
2026-09-24,EP162026,9,2026-09-25 18:00:00,1 days 18:00:00,42,18.5,-123.88,980.6,71.4
2026-09-24,EP162026,9,2026-09-26 00:00:00,2 days 00:00:00,48,18.75,-123.75,984.6,66.1
2026-09-24,EP162026,9,2026-09-26 06:00:00,2 days 06:00:00,54,19.13,-123.63,986.7,63.2
2026-09-24,EP162026,9,2026-09-26 12:00:00,2 days 12:00:00,60,19.5,-123.5,988.9,60.4
2026-09-24,EP162026,9,2026-09-26 18:00:00,2 days 18:00:00,66,20.0,-123.5,991.5,56.6
2026-09-24,EP162026,9,2026-09-27 00:00:00,3 days 00:00:00,72,20.5,-123.5,994.1,52.8
2026-09-24,EP162026,9,2026-09-27 06:00:00,3 days 06:00:00,78,20.58,-118.38,982.8,67.8
2026-09-24,EP162026,9,2026-09-27 12:00:00,3 days 12:00:00,84,20.5,-113.25,971.5,82.8
2026-09-24,EP162026,9,2026-09-27 18:00:00,3 days 18:00:00,90,21.38,-113.75,971.0,83.5
2026-09-24,EP162026,9,2026-09-28 00:00:00,4 days 00:00:00,96,22.25,-114.25,970.4,84.1
2026-09-24,EP162026,9,2026-09-28 06:00:00,4 days 06:00:00,102,23.13,-114.25,975.7,77.5
2026-09-24,EP162026,9,2026-09-28 12:00:00,4 days 12:00:00,108,24.0,-114.25,981.1,70.8
2026-09-24,EP162026,9,2026-09-28 18:00:00,4 days 18:00:00,114,24.75,-113.88,983.6,67.5
2026-09-24,EP162026,9,2026-09-29 00:00:00,5 days 00:00:00,120,25.5,-113.5,986.2,64.1
2026-09-24,EP162026,9,2026-09-29 06:00:00,5 days 06:00:00,126,26.63,-113.0,991.3,56.7
2026-09-24,EP162026,9,2026-09-29 12:00:00,5 days 12:00:00,132,27.75,-112.5,996.3,49.4
2026-09-24,EP162026,9,2026-09-29 18:00:00,5 days 18:00:00,138,29.75,-113.48,998.2,46.5
2026-09-24,EP162026,9,2026-09-30 00:00:00,6 days 00:00:00,144,31.75,-114.5,1000.0,43.7
2026-09-24,EP172026,9,2026-09-24 00:00:00,0 days 00:00:00,0,15.75,-102.25,970.5,84.0
2026-09-24,EP172026,9,2026-09-24 06:00:00,0 days 06:00:00,6,16.13,-103.12,978.7,73.6
2026-09-24,EP172026,9,2026-09-24 12:00:00,0 days 12:00:00,12,16.5,-104.0,986.8,63.2
2026-09-24,EP172026,9,2026-09-24 18:00:00,0 days 18:00:00,18,16.75,-104.87,981.6,70.0
2026-09-24,EP172026,9,2026-09-25 00:00:00,1 days 00:00:00,24,17.0,-105.75,976.3,76.9
2026-09-24,EP172026,9,2026-09-25 06:00:00,1 days 06:00:00,30,17.0,-106.75,976.6,76.5
2026-09-24,EP172026,9,2026-09-25 12:00:00,1 days 12:00:00,36,17.0,-107.75,976.9,76.1
2026-09-24,EP172026,9,2026-09-25 18:00:00,1 days 18:00:00,42,17.25,-108.5,975.2,78.2
2026-09-24,EP172026,9,2026-09-26 00:00:00,2 days 00:00:00,48,17.5,-109.25,973.6,80.3
2026-09-24,EP172026,9,2026-09-26 06:00:00,2 days 06:00:00,54,17.63,-110.12,969.9,84.7
2026-09-24,EP172026,9,2026-09-26 12:00:00,2 days 12:00:00,60,17.75,-111.0,966.2,89.1
2026-09-24,EP172026,9,2026-09-26 18:00:00,2 days 18:00:00,66,18.25,-111.62,967.1,88.0
2026-09-24,EP172026,9,2026-09-27 00:00:00,3 days 00:00:00,72,18.75,-112.25,968.0,87.0
2026-09-24,EP172026,9,2026-09-27 06:00:00,3 days 06:00:00,78,19.63,-112.75,969.8,84.9
2026-09-24,EP172026,9,2026-09-27 12:00:00,3 days 12:00:00,84,20.5,-113.25,971.5,82.8
2026-09-24,IO012026,9,2026-09-24 00:00:00,0 days 00:00:00,0,18.5,84.0,986.5,63.6
2026-09-24,IO012026,9,2026-09-24 06:00:00,0 days 06:00:00,6,18.5,84.0,988.5,60.9
2026-09-24,IO012026,9,2026-09-24 12:00:00,0 days 12:00:00,12,18.5,84.0,990.4,58.1
2026-09-24,IO012026,9,2026-09-24 18:00:00,0 days 18:00:00,18,19.25,83.25,991.5,56.5
2026-09-24,IO012026,9,2026-09-25 00:00:00,1 days 00:00:00,24,20.0,82.5,992.6,55.0
2026-09-24,IO012026,9,2026-09-25 06:00:00,1 days 06:00:00,30,20.88,82.0,993.4,53.8
2026-09-24,IO012026,9,2026-09-25 12:00:00,1 days 12:00:00,36,21.75,81.5,994.3,52.6
2026-09-24,IO012026,9,2026-09-25 18:00:00,1 days 18:00:00,42,22.38,81.25,995.1,51.3
2026-09-24,IO012026,9,2026-09-26 00:00:00,2 days 00:00:00,48,23.0,81.0,996.0,50.0
2026-09-24,IO012026,9,2026-09-26 06:00:00,2 days 06:00:00,54,24.25,80.38,995.5,50.7
2026-09-24,IO012026,9,2026-09-26 12:00:00,2 days 12:00:00,60,25.5,79.75,995.0,51.5
2026-09-24,IO012026,9,2026-09-26 18:00:00,2 days 18:00:00,66,26.75,79.38,995.0,51.4
2026-09-24,IO012026,9,2026-09-27 00:00:00,3 days 00:00:00,72,28.0,79.0,995.1,51.2
2026-09-24,WP252026,9,2026-09-24 00:00:00,0 days 00:00:00,0,18.0,134.5,1003.5,37.8
2026-09-24,WP252026,9,2026-09-24 06:00:00,0 days 06:00:00,6,18.38,133.38,1003.1,38.5
2026-09-24,WP252026,9,2026-09-24 12:00:00,0 days 12:00:00,12,18.75,132.25,1002.7,39.2
2026-09-24,WP252026,9,2026-09-24 18:00:00,0 days 18:00:00,18,19.25,131.25,1002.2,39.9
2026-09-24,WP252026,9,2026-09-25 00:00:00,1 days 00:00:00,24,19.75,130.25,1001.8,40.7
2026-09-24,WP252026,9,2026-09-25 06:00:00,1 days 06:00:00,30,20.38,129.25,1000.2,43.2
2026-09-24,WP252026,9,2026-09-25 12:00:00,1 days 12:00:00,36,21.0,128.25,998.7,45.7
2026-09-24,WP252026,9,2026-09-25 18:00:00,1 days 18:00:00,42,21.5,127.5,997.4,47.7
2026-09-24,WP252026,9,2026-09-26 00:00:00,2 days 00:00:00,48,22.0,126.75,996.1,49.7
2026-09-24,WP252026,9,2026-09-26 06:00:00,2 days 06:00:00,54,22.75,126.63,994.6,52.0
2026-09-24,WP252026,9,2026-09-26 12:00:00,2 days 12:00:00,60,23.5,126.5,993.1,54.3
2026-09-24,WP252026,9,2026-09-26 18:00:00,2 days 18:00:00,66,24.0,126.5,990.7,57.7
2026-09-24,WP252026,9,2026-09-27 00:00:00,3 days 00:00:00,72,24.5,126.5,988.3,61.2
2026-09-24,WP252026,9,2026-09-27 06:00:00,3 days 06:00:00,78,25.0,127.12,986.4,63.7
2026-09-24,WP252026,9,2026-09-27 12:00:00,3 days 12:00:00,84,25.5,127.75,984.6,66.2
2026-09-24,WP252026,9,2026-09-27 18:00:00,3 days 18:00:00,90,26.0,128.62,985.3,65.2
2026-09-24,WP252026,9,2026-09-28 00:00:00,4 days 00:00:00,96,26.5,129.5,986.0,64.3
2026-09-24,WP252026,9,2026-09-28 06:00:00,4 days 06:00:00,102,26.88,130.75,987.0,62.9
2026-09-24,WP252026,9,2026-09-28 12:00:00,4 days 12:00:00,108,27.25,132.0,988.1,61.5
2026-09-24,WP252026,9,2026-09-28 18:00:00,4 days 18:00:00,114,27.63,133.0,987.5,62.3
2026-09-24,WP252026,9,2026-09-29 00:00:00,5 days 00:00:00,120,28.0,134.0,986.9,63.1
2026-09-24,WP252026,9,2026-09-29 06:00:00,5 days 06:00:00,126,28.38,134.87,991.8,55.9
2026-09-24,WP252026,9,2026-09-29 12:00:00,5 days 12:00:00,132,28.75,135.75,996.8,48.8
2026-09-24,WP252026,9,2026-09-29 18:00:00,5 days 18:00:00,138,29.75,136.12,999.2,44.8
2026-09-24,WP252026,9,2026-09-30 00:00:00,6 days 00:00:00,144,30.75,136.5,1001.7,40.9
2026-09-24,WP252026,9,2026-09-30 06:00:00,6 days 06:00:00,150,31.63,137.74,1002.1,40.1
2026-09-24,WP252026,9,2026-09-30 12:00:00,6 days 12:00:00,156,32.5,139.0,1002.6,39.4
