# If this file contains data that relates to a time no more than 48 hours ago,
# BY USING IT YOU AGREE TO THE LEGALLY BINDING TERMS OF USE FOUND AT
#   https://storage.googleapis.com/weathernext-public/terms-of-use.pdf
# Any data that relates to a time more than 48 hours ago is licensed under the
# Creative Commons Attribution International License, Version 4.0 (CC BY 4.0).
# BEGIN DATA
init_time,track_id,sample,valid_time,lead_time,lead_time_hours,lat,lon,minimum_sea_level_pressure_hpa,maximum_sustained_wind_speed_knots
2026-08-09 06:00:00,WP122026,0,2026-08-09 06:00:00,0 days 00:00:00,0,28.0,121.75,960.5,95.7
2026-08-09 06:00:00,WP122026,0,2026-08-09 12:00:00,0 days 06:00:00,6,27.88,121.0,971.3,82.5
2026-08-09 06:00:00,WP122026,0,2026-08-09 18:00:00,0 days 12:00:00,12,27.75,120.25,982.2,69.4
2026-08-09 06:00:00,WP122026,0,2026-08-10 00:00:00,0 days 18:00:00,18,28.63,119.51,985.5,64.9
2026-08-09 06:00:00,WP122026,0,2026-08-10 06:00:00,1 days 00:00:00,24,29.5,118.75,988.8,60.4
2026-08-09 06:00:00,WP122026,0,2026-08-10 12:00:00,1 days 06:00:00,30,30.25,117.88,989.8,59.0
2026-08-09 06:00:00,WP122026,0,2026-08-10 18:00:00,1 days 12:00:00,36,31.0,117.0,990.7,57.7
2026-08-09 06:00:00,WP122026,0,2026-08-11 00:00:00,1 days 18:00:00,42,31.63,116.38,992.3,55.5
2026-08-09 06:00:00,WP122026,0,2026-08-11 06:00:00,2 days 00:00:00,48,32.25,115.75,993.8,53.3
2026-08-09 06:00:00,WP142026,0,2026-08-09 06:00:00,0 days 00:00:00,0,32.25,150.75,984.2,66.7
2026-08-09 06:00:00,WP142026,0,2026-08-09 12:00:00,0 days 06:00:00,6,32.75,150.63,985.0,65.6
2026-08-09 06:00:00,WP142026,0,2026-08-09 18:00:00,0 days 12:00:00,12,33.25,150.5,985.9,64.5
2026-08-09 06:00:00,WP142026,0,2026-08-10 00:00:00,0 days 18:00:00,18,33.88,149.88,984.6,66.2
2026-08-09 06:00:00,WP142026,0,2026-08-10 06:00:00,1 days 00:00:00,24,34.5,149.25,983.3,68.0
2026-08-09 06:00:00,WP142026,0,2026-08-10 12:00:00,1 days 06:00:00,30,35.63,148.02,978.7,73.7
2026-08-09 06:00:00,WP142026,0,2026-08-10 18:00:00,1 days 12:00:00,36,36.75,146.75,974.2,79.5
2026-08-09 06:00:00,WP142026,0,2026-08-11 00:00:00,1 days 18:00:00,42,36.52,144.49,977.0,76.0
2026-08-09 06:00:00,WP142026,0,2026-08-11 06:00:00,2 days 00:00:00,48,36.25,142.25,979.8,72.5
2026-08-09 06:00:00,WP142026,0,2026-08-11 12:00:00,2 days 06:00:00,54,36.26,140.62,985.9,64.2
2026-08-09 06:00:00,WP142026,0,2026-08-11 18:00:00,2 days 12:00:00,60,36.25,139.0,992.0,55.9
2026-08-09 06:00:00,WP142026,0,2026-08-12 00:00:00,2 days 18:00:00,66,35.14,136.85,994.6,52.0
2026-08-09 06:00:00,WP142026,0,2026-08-12 06:00:00,3 days 00:00:00,72,34.0,134.75,997.1,48.2
2026-08-09 06:00:00,WP982026,0,2026-08-09 06:00:00,0 days 00:00:00,0,22.5,157.25,997.7,47.2
2026-08-09 06:00:00,WP982026,0,2026-08-09 12:00:00,0 days 06:00:00,6,21.72,151.59,997.3,47.9
2026-08-09 06:00:00,WP982026,0,2026-08-09 18:00:00,0 days 12:00:00,12,20.75,146.0,996.9,48.5
2026-08-09 06:00:00,WP982026,0,2026-08-10 00:00:00,0 days 18:00:00,18,20.51,148.25,996.5,49.1
2026-08-09 06:00:00,WP982026,0,2026-08-10 06:00:00,1 days 00:00:00,24,20.25,150.5,996.1,49.7
2026-08-09 06:00:00,WP982026,0,2026-08-10 12:00:00,1 days 06:00:00,30,21.77,152.97,995.8,50.2
2026-08-09 06:00:00,WP982026,0,2026-08-10 18:00:00,1 days 12:00:00,36,23.25,155.5,995.5,50.6
2026-08-09 06:00:00,WP982026,0,2026-08-11 00:00:00,1 days 18:00:00,42,24.38,157.11,996.2,49.7
2026-08-09 06:00:00,WP982026,0,2026-08-11 06:00:00,2 days 00:00:00,48,25.5,158.75,996.8,48.7
2026-08-09 06:00:00,WP982026,0,2026-08-11 12:00:00,2 days 06:00:00,54,27.26,159.98,997.7,47.3
2026-08-09 06:00:00,WP982026,0,2026-08-11 18:00:00,2 days 12:00:00,60,29.0,161.25,998.6,45.9
2026-08-09 06:00:00,WP982026,0,2026-08-12 00:00:00,2 days 18:00:00,66,30.29,162.99,997.6,47.4
2026-08-09 06:00:00,WP982026,0,2026-08-12 06:00:00,3 days 00:00:00,72,31.55,164.78,996.6,48.9
2026-08-09 06:00:00,WP982026,0,2026-08-12 12:00:00,3 days 06:00:00,78,32.79,166.62,995.6,50.4
2026-08-09 06:00:00,WP982026,0,2026-08-12 18:00:00,3 days 12:00:00,84,34.0,168.5,994.7,51.9
2026-08-09 06:00:00,WP982026,0,2026-08-13 00:00:00,3 days 18:00:00,90,35.16,171.34,994.0,53.0
2026-08-09 06:00:00,WP982026,0,2026-08-13 06:00:00,4 days 00:00:00,96,36.25,174.25,993.3,54.0
2026-08-09 06:00:00,WP982026,0,2026-08-13 12:00:00,4 days 06:00:00,102,38.28,176.68,986.4,63.5
2026-08-09 06:00:00,WP982026,0,2026-08-13 18:00:00,4 days 12:00:00,108,40.25,179.25,979.5,72.9
2026-08-09 06:00:00,WP982026,0,2026-08-14 00:00:00,4 days 18:00:00,114,41.27,-178.41,976.8,76.2
2026-08-09 06:00:00,WP982026,0,2026-08-14 06:00:00,5 days 00:00:00,120,42.25,-176.0,974.2,79.5
2026-08-09 06:00:00,WP982026,0,2026-08-14 12:00:00,5 days 06:00:00,126,45.26,-174.46,972.3,81.8
2026-08-09 06:00:00,WP982026,0,2026-08-14 18:00:00,5 days 12:00:00,132,48.25,-172.75,970.4,84.2
2026-08-09 06:00:00,WP982026,0,2026-08-15 00:00:00,5 days 18:00:00,138,50.51,-171.08,971.6,82.7
2026-08-09 06:00:00,WP982026,0,2026-08-15 06:00:00,6 days 00:00:00,144,52.75,-169.25,972.8,81.3
2026-08-09 06:00:00,WP982026,0,2026-08-15 12:00:00,6 days 06:00:00,150,55.12,-169.25,976.6,76.5
2026-08-09 06:00:00,WP982026,0,2026-08-15 18:00:00,6 days 12:00:00,156,57.5,-169.25,980.4,71.7
2026-08-09 06:00:00,WP982026,0,2026-08-16 00:00:00,6 days 18:00:00,162,58.01,-170.48,982.3,69.2
2026-08-09 06:00:00,WP982026,0,2026-08-16 06:00:00,7 days 00:00:00,168,58.5,-171.75,984.2,66.7
2026-08-09 06:00:00,WP982026,0,2026-08-16 12:00:00,7 days 06:00:00,174,57.63,-171.49,986.3,63.9
2026-08-09 06:00:00,WP982026,0,2026-08-16 18:00:00,7 days 12:00:00,180,56.75,-171.25,988.4,61.0
2026-08-09 06:00:00,WP982026,0,2026-08-17 00:00:00,7 days 18:00:00,186,56.89,-169.51,991.7,56.2
2026-08-09 06:00:00,WP982026,0,2026-08-17 06:00:00,8 days 00:00:00,192,57.0,-167.75,995.1,51.4
2026-08-09 06:00:00,WP122026,1,2026-08-09 06:00:00,0 days 00:00:00,0,28.0,121.75,960.5,95.7
2026-08-09 06:00:00,WP122026,1,2026-08-09 12:00:00,0 days 06:00:00,6,28.13,121.0,972.4,81.1
2026-08-09 06:00:00,WP122026,1,2026-08-09 18:00:00,0 days 12:00:00,12,28.25,120.25,984.4,66.5
2026-08-09 06:00:00,WP122026,1,2026-08-10 00:00:00,0 days 18:00:00,18,28.5,119.25,986.9,63.0
2026-08-09 06:00:00,WP122026,1,2026-08-10 06:00:00,1 days 00:00:00,24,28.75,118.25,989.4,59.5
2026-08-09 06:00:00,WP122026,1,2026-08-10 12:00:00,1 days 06:00:00,30,29.88,118.37,990.5,58.0
2026-08-09 06:00:00,WP122026,1,2026-08-10 18:00:00,1 days 12:00:00,36,31.0,118.5,991.6,56.5
2026-08-09 06:00:00,WP122026,1,2026-08-11 00:00:00,1 days 18:00:00,42,32.14,116.9,991.9,55.9
2026-08-09 06:00:00,WP122026,1,2026-08-11 06:00:00,2 days 00:00:00,48,33.25,115.25,992.3,55.4
2026-08-09 06:00:00,WP122026,1,2026-08-11 12:00:00,2 days 06:00:00,54,32.63,116.13,994.2,52.6
2026-08-09 06:00:00,WP122026,1,2026-08-11 18:00:00,2 days 12:00:00,60,32.0,117.0,996.1,49.8
2026-08-09 06:00:00,WP142026,1,2026-08-09 06:00:00,0 days 00:00:00,0,32.25,150.75,984.2,66.7
2026-08-09 06:00:00,WP142026,1,2026-08-09 12:00:00,0 days 06:00:00,6,32.75,150.63,985.1,65.5
2026-08-09 06:00:00,WP142026,1,2026-08-09 18:00:00,0 days 12:00:00,12,33.25,150.5,986.0,64.3
2026-08-09 06:00:00,WP142026,1,2026-08-10 00:00:00,0 days 18:00:00,18,33.75,149.75,984.5,66.3
2026-08-09 06:00:00,WP142026,1,2026-08-10 06:00:00,1 days 00:00:00,24,34.25,149.0,983.0,68.2
2026-08-09 06:00:00,WP142026,1,2026-08-10 12:00:00,1 days 06:00:00,30,35.38,147.52,979.5,72.8
2026-08-09 06:00:00,WP142026,1,2026-08-10 18:00:00,1 days 12:00:00,36,36.5,146.0,976.0,77.3
2026-08-09 06:00:00,WP142026,1,2026-08-11 00:00:00,1 days 18:00:00,42,36.64,143.88,977.5,75.3
2026-08-09 06:00:00,WP142026,1,2026-08-11 06:00:00,2 days 00:00:00,48,36.75,141.75,979.1,73.4
2026-08-09 06:00:00,WP142026,1,2026-08-11 12:00:00,2 days 06:00:00,54,36.91,139.0,987.1,62.4
2026-08-09 06:00:00,WP142026,1,2026-08-11 18:00:00,2 days 12:00:00,60,37.0,136.25,995.1,51.3
2026-08-09 06:00:00,WP982026,1,2026-08-09 06:00:00,0 days 00:00:00,0,22.5,157.25,997.7,47.2
2026-08-09 06:00:00,WP982026,1,2026-08-09 12:00:00,0 days 06:00:00,6,21.72,151.72,996.1,49.8
2026-08-09 06:00:00,WP982026,1,2026-08-09 18:00:00,0 days 12:00:00,12,20.75,146.25,994.4,52.4
2026-08-09 06:00:00,WP982026,1,2026-08-10 00:00:00,0 days 18:00:00,18,21.01,148.5,992.1,55.6
2026-08-09 06:00:00,WP982026,1,2026-08-10 06:00:00,1 days 00:00:00,24,21.25,150.75,989.9,58.9
2026-08-09 06:00:00,WP982026,1,2026-08-10 12:00:00,1 days 06:00:00,30,22.26,152.49,989.4,59.6
2026-08-09 06:00:00,WP982026,1,2026-08-10 18:00:00,1 days 12:00:00,36,23.25,154.25,988.8,60.4
2026-08-09 06:00:00,WP982026,1,2026-08-11 00:00:00,1 days 18:00:00,42,24.75,155.24,989.3,59.8
2026-08-09 06:00:00,WP982026,1,2026-08-11 06:00:00,2 days 00:00:00,48,26.25,156.25,989.7,59.1
2026-08-09 06:00:00,WP982026,1,2026-08-11 12:00:00,2 days 06:00:00,54,27.5,156.87,991.3,56.8
2026-08-09 06:00:00,WP982026,1,2026-08-11 18:00:00,2 days 12:00:00,60,28.75,157.5,992.9,54.6
2026-08-09 06:00:00,WP982026,1,2026-08-12 00:00:00,2 days 18:00:00,66,29.5,158.37,993.8,53.3
2026-08-09 06:00:00,WP982026,1,2026-08-12 06:00:00,3 days 00:00:00,72,30.25,159.25,994.6,52.0
2026-08-09 06:00:00,WP982026,1,2026-08-12 12:00:00,3 days 06:00:00,78,27.84,154.01,990.2,58.3
2026-08-09 06:00:00,WP982026,1,2026-08-12 18:00:00,3 days 12:00:00,84,25.25,149.0,985.7,64.7
2026-08-09 06:00:00,WP982026,1,2026-08-13 00:00:00,3 days 18:00:00,90,27.01,150.23,986.8,63.1
2026-08-09 06:00:00,WP982026,1,2026-08-13 06:00:00,4 days 00:00:00,96,28.75,151.5,988.0,61.5
2026-08-09 06:00:00,WP982026,1,2026-08-13 12:00:00,4 days 06:00:00,102,30.0,152.49,989.7,59.1
2026-08-09 06:00:00,WP982026,1,2026-08-13 18:00:00,4 days 12:00:00,108,31.25,153.5,991.5,56.6
2026-08-09 06:00:00,WP982026,1,2026-08-14 00:00:00,4 days 18:00:00,114,31.75,154.12,992.4,55.2
2026-08-09 06:00:00,WP982026,1,2026-08-14 06:00:00,5 days 00:00:00,120,32.25,154.75,993.4,53.9
2026-08-09 06:00:00,WP982026,1,2026-08-14 12:00:00,5 days 06:00:00,126,32.63,155.12,994.3,52.4
2026-08-09 06:00:00,WP982026,1,2026-08-14 18:00:00,5 days 12:00:00,132,33.0,155.5,995.3,51.0
2026-08-09 06:00:00,WP982026,1,2026-08-15 00:00:00,5 days 18:00:00,138,33.25,155.5,995.9,50.1
2026-08-09 06:00:00,WP982026,1,2026-08-15 06:00:00,6 days 00:00:00,144,33.5,155.5,996.5,49.1
2026-08-09 06:00:00,WP982026,1,2026-08-15 12:00:00,6 days 06:00:00,150,33.75,155.5,998.1,46.6
2026-08-09 06:00:00,WP982026,1,2026-08-15 18:00:00,6 days 12:00:00,156,34.0,155.5,999.7,44.0
2026-08-09 06:00:00,WP982026,1,2026-08-16 00:00:00,6 days 18:00:00,162,34.25,155.5,1001.3,41.5
2026-08-09 06:00:00,WP982026,1,2026-08-16 06:00:00,7 days 00:00:00,168,34.5,155.5,1002.8,38.9
2026-08-09 06:00:00,WP982026,1,2026-08-16 12:00:00,7 days 06:00:00,174,35.0,155.87,1004.3,36.4
2026-08-09 06:00:00,WP982026,1,2026-08-16 18:00:00,7 days 12:00:00,180,35.5,156.25,1005.7,33.8
2026-08-09 06:00:00,WP982026,1,2026-08-17 00:00:00,7 days 18:00:00,186,35.75,157.25,1006.8,31.9
2026-08-09 06:00:00,WP982026,1,2026-08-17 06:00:00,8 days 00:00:00,192,36.0,158.25,1007.8,29.9
2026-08-09 06:00:00,WP122026,10,2026-08-09 06:00:00,0 days 00:00:00,0,28.0,121.75,960.5,95.7
2026-08-09 06:00:00,WP122026,10,2026-08-09 12:00:00,0 days 06:00:00,6,27.88,120.87,971.5,82.3
2026-08-09 06:00:00,WP122026,10,2026-08-09 18:00:00,0 days 12:00:00,12,27.75,120.0,982.5,69.0
2026-08-09 06:00:00,WP122026,10,2026-08-10 00:00:00,0 days 18:00:00,18,28.63,119.38,985.1,65.4
2026-08-09 06:00:00,WP122026,10,2026-08-10 06:00:00,1 days 00:00:00,24,29.5,118.75,987.8,61.8
2026-08-09 06:00:00,WP122026,10,2026-08-10 12:00:00,1 days 06:00:00,30,30.0,117.88,988.8,60.4
2026-08-09 06:00:00,WP122026,10,2026-08-10 18:00:00,1 days 12:00:00,36,30.5,117.0,989.8,59.0
2026-08-09 06:00:00,WP122026,10,2026-08-11 00:00:00,1 days 18:00:00,42,31.38,116.5,991.1,57.2
2026-08-09 06:00:00,WP122026,10,2026-08-11 06:00:00,2 days 00:00:00,48,32.25,116.0,992.4,55.3
2026-08-09 06:00:00,WP142026,10,2026-08-09 06:00:00,0 days 00:00:00,0,32.25,150.75,984.2,66.7
2026-08-09 06:00:00,WP142026,10,2026-08-09 12:00:00,0 days 06:00:00,6,32.75,150.5,985.0,65.6
2026-08-09 06:00:00,WP142026,10,2026-08-09 18:00:00,0 days 12:00:00,12,33.25,150.25,985.8,64.6
2026-08-09 06:00:00,WP142026,10,2026-08-10 00:00:00,0 days 18:00:00,18,33.88,149.63,986.7,63.4
2026-08-09 06:00:00,WP142026,10,2026-08-10 06:00:00,1 days 00:00:00,24,34.5,149.0,987.6,62.1
2026-08-09 06:00:00,WP142026,10,2026-08-10 12:00:00,1 days 06:00:00,30,35.51,147.64,984.4,66.4
2026-08-09 06:00:00,WP142026,10,2026-08-10 18:00:00,1 days 12:00:00,36,36.5,146.25,981.1,70.7
2026-08-09 06:00:00,WP142026,10,2026-08-11 00:00:00,1 days 18:00:00,42,36.52,144.12,981.5,70.2
2026-08-09 06:00:00,WP142026,10,2026-08-11 06:00:00,2 days 00:00:00,48,36.5,142.0,981.9,69.7
2026-08-09 06:00:00,WP982026,10,2026-08-09 06:00:00,0 days 00:00:00,0,22.5,157.25,997.7,47.2
2026-08-09 06:00:00,WP982026,10,2026-08-09 12:00:00,0 days 06:00:00,6,23.38,158.12,998.2,46.5
2026-08-09 06:00:00,WP982026,10,2026-08-09 18:00:00,0 days 12:00:00,12,24.25,159.0,998.6,45.9
2026-08-09 06:00:00,WP982026,10,2026-08-10 00:00:00,0 days 18:00:00,18,22.43,154.57,996.8,48.6
2026-08-09 06:00:00,WP982026,10,2026-08-10 06:00:00,1 days 00:00:00,24,20.5,150.25,995.1,51.3
2026-08-09 06:00:00,WP982026,10,2026-08-10 12:00:00,1 days 06:00:00,30,21.39,152.36,994.2,52.6
2026-08-09 06:00:00,WP982026,10,2026-08-10 18:00:00,1 days 12:00:00,36,22.25,154.5,993.4,53.8
2026-08-09 06:00:00,WP982026,10,2026-08-11 00:00:00,1 days 18:00:00,42,24.13,155.98,994.0,52.9
2026-08-09 06:00:00,WP982026,10,2026-08-11 06:00:00,2 days 00:00:00,48,26.0,157.5,994.6,52.0
2026-08-09 06:00:00,WP982026,10,2026-08-11 12:00:00,2 days 06:00:00,54,27.38,158.36,995.4,50.8
2026-08-09 06:00:00,WP982026,10,2026-08-11 18:00:00,2 days 12:00:00,60,28.75,159.25,996.3,49.5
2026-08-09 06:00:00,WP982026,10,2026-08-12 00:00:00,2 days 18:00:00,66,28.05,156.07,996.2,49.7
2026-08-09 06:00:00,WP982026,10,2026-08-12 06:00:00,3 days 00:00:00,72,27.26,152.91,996.1,49.8
2026-08-09 06:00:00,WP982026,10,2026-08-12 12:00:00,3 days 06:00:00,78,26.41,149.8,996.0,50.0
2026-08-09 06:00:00,WP982026,10,2026-08-12 18:00:00,3 days 12:00:00,84,25.5,146.75,995.9,50.2
2026-08-09 06:00:00,WP982026,10,2026-08-13 00:00:00,3 days 18:00:00,90,27.14,148.72,995.2,51.1
2026-08-09 06:00:00,WP982026,10,2026-08-13 06:00:00,4 days 00:00:00,96,28.75,150.75,994.5,52.1
2026-08-09 06:00:00,WP982026,10,2026-08-13 12:00:00,4 days 06:00:00,102,30.26,152.1,994.9,51.6
2026-08-09 06:00:00,WP982026,10,2026-08-13 18:00:00,4 days 12:00:00,108,31.75,153.5,995.2,51.1
2026-08-09 06:00:00,WP982026,10,2026-08-14 00:00:00,4 days 18:00:00,114,32.25,154.37,994.7,51.9
2026-08-09 06:00:00,WP982026,10,2026-08-14 06:00:00,5 days 00:00:00,120,32.75,155.25,994.2,52.7
2026-08-09 06:00:00,WP982026,10,2026-08-14 12:00:00,5 days 06:00:00,126,33.13,156.12,996.5,49.1
2026-08-09 06:00:00,WP982026,10,2026-08-14 18:00:00,5 days 12:00:00,132,33.5,157.0,998.8,45.5
2026-08-09 06:00:00,WP122026,11,2026-08-09 06:00:00,0 days 00:00:00,0,28.0,121.75,960.5,95.7
2026-08-09 06:00:00,WP122026,11,2026-08-09 12:00:00,0 days 06:00:00,6,27.88,121.12,971.1,82.8
2026-08-09 06:00:00,WP122026,11,2026-08-09 18:00:00,0 days 12:00:00,12,27.75,120.5,981.8,69.9
2026-08-09 06:00:00,WP122026,11,2026-08-10 00:00:00,0 days 18:00:00,18,28.38,119.63,984.7,65.9
2026-08-09 06:00:00,WP122026,11,2026-08-10 06:00:00,1 days 00:00:00,24,29.0,118.75,987.7,62.0
2026-08-09 06:00:00,WP122026,11,2026-08-10 12:00:00,1 days 06:00:00,30,29.63,117.76,989.1,60.0
2026-08-09 06:00:00,WP122026,11,2026-08-10 18:00:00,1 days 12:00:00,36,30.25,116.75,990.4,58.1
2026-08-09 06:00:00,WP122026,11,2026-08-11 00:00:00,1 days 18:00:00,42,31.0,116.5,991.2,57.0
2026-08-09 06:00:00,WP122026,11,2026-08-11 06:00:00,2 days 00:00:00,48,31.75,116.25,992.0,55.9
2026-08-09 06:00:00,WP122026,11,2026-08-11 12:00:00,2 days 06:00:00,54,31.0,115.49,993.3,54.0
2026-08-09 06:00:00,WP122026,11,2026-08-11 18:00:00,2 days 12:00:00,60,30.25,114.75,994.6,52.1
2026-08-09 06:00:00,WP122026,11,2026-08-12 00:00:00,2 days 18:00:00,66,31.0,115.49,994.9,51.5
2026-08-09 06:00:00,WP122026,11,2026-08-12 06:00:00,3 days 00:00:00,72,31.75,116.25,995.3,51.0
2026-08-09 06:00:00,WP142026,11,2026-08-09 06:00:00,0 days 00:00:00,0,32.25,150.75,984.2,66.7
2026-08-09 06:00:00,WP142026,11,2026-08-09 12:00:00,0 days 06:00:00,6,32.63,150.5,985.9,64.5
2026-08-09 06:00:00,WP142026,11,2026-08-09 18:00:00,0 days 12:00:00,12,33.0,150.25,987.5,62.2
2026-08-09 06:00:00,WP142026,11,2026-08-10 00:00:00,0 days 18:00:00,18,33.75,149.75,986.0,64.2
2026-08-09 06:00:00,WP142026,11,2026-08-10 06:00:00,1 days 00:00:00,24,34.5,149.25,984.5,66.3
2026-08-09 06:00:00,WP142026,11,2026-08-10 12:00:00,1 days 06:00:00,30,35.38,147.77,982.8,68.6
2026-08-09 06:00:00,WP142026,11,2026-08-10 18:00:00,1 days 12:00:00,36,36.25,146.25,981.0,70.9
2026-08-09 06:00:00,WP142026,11,2026-08-11 00:00:00,1 days 18:00:00,42,36.27,144.25,979.2,73.3
2026-08-09 06:00:00,WP142026,11,2026-08-11 06:00:00,2 days 00:00:00,48,36.25,142.25,977.3,75.7
2026-08-09 06:00:00,WP982026,11,2026-08-09 06:00:00,0 days 00:00:00,0,22.5,157.25,997.7,47.2
2026-08-09 06:00:00,WP982026,11,2026-08-09 12:00:00,0 days 06:00:00,6,21.6,151.46,997.9,47.0
2026-08-09 06:00:00,WP982026,11,2026-08-09 18:00:00,0 days 12:00:00,12,20.5,145.75,998.1,46.7
2026-08-09 06:00:00,WP982026,11,2026-08-10 00:00:00,0 days 18:00:00,18,20.4,148.5,997.6,47.4
2026-08-09 06:00:00,WP982026,11,2026-08-10 06:00:00,1 days 00:00:00,24,20.25,151.25,997.2,48.1
2026-08-09 06:00:00,WP982026,11,2026-08-10 12:00:00,1 days 06:00:00,30,21.51,152.74,994.7,51.8
2026-08-09 06:00:00,WP982026,11,2026-08-10 18:00:00,1 days 12:00:00,36,22.75,154.25,992.2,55.6
2026-08-09 06:00:00,WP982026,11,2026-08-11 00:00:00,1 days 18:00:00,42,23.88,155.98,990.5,58.0
2026-08-09 06:00:00,WP982026,11,2026-08-11 06:00:00,2 days 00:00:00,48,25.0,157.75,988.8,60.4
2026-08-09 06:00:00,WP982026,11,2026-08-11 12:00:00,2 days 06:00:00,54,26.63,158.74,990.1,58.6
2026-08-09 06:00:00,WP982026,11,2026-08-11 18:00:00,2 days 12:00:00,60,28.25,159.75,991.4,56.8
2026-08-09 06:00:00,WP982026,11,2026-08-12 00:00:00,2 days 18:00:00,66,29.5,160.49,992.9,54.5
2026-08-09 06:00:00,WP982026,11,2026-08-12 06:00:00,3 days 00:00:00,72,30.75,161.25,994.5,52.2
2026-08-09 06:00:00,WP982026,11,2026-08-12 12:00:00,3 days 06:00:00,78,31.51,162.49,994.2,52.7
2026-08-09 06:00:00,WP982026,11,2026-08-12 18:00:00,3 days 12:00:00,84,32.25,163.75,993.8,53.2
2026-08-09 06:00:00,WP982026,11,2026-08-13 00:00:00,3 days 18:00:00,90,33.14,165.36,994.6,52.1
2026-08-09 06:00:00,WP982026,11,2026-08-13 06:00:00,4 days 00:00:00,96,34.0,167.0,995.3,51.0
2026-08-09 06:00:00,WP982026,11,2026-08-13 12:00:00,4 days 06:00:00,102,35.02,169.1,994.7,51.9
2026-08-09 06:00:00,WP982026,11,2026-08-13 18:00:00,4 days 12:00:00,108,36.0,171.25,994.1,52.8
2026-08-09 06:00:00,WP982026,11,2026-08-14 00:00:00,4 days 18:00:00,114,37.14,173.34,993.0,54.5
2026-08-09 06:00:00,WP982026,11,2026-08-14 06:00:00,5 days 00:00:00,120,38.25,175.5,991.8,56.2
2026-08-09 06:00:00,WP982026,11,2026-08-14 12:00:00,5 days 06:00:00,126,34.59,170.54,995.2,51.0
2026-08-09 06:00:00,WP982026,11,2026-08-14 18:00:00,5 days 12:00:00,132,30.75,166.0,998.6,45.9
2026-08-09 06:00:00,WP122026,12,2026-08-09 06:00:00,0 days 00:00:00,0,28.0,121.75,960.5,95.7
2026-08-09 06:00:00,WP122026,12,2026-08-09 12:00:00,0 days 06:00:00,6,27.88,120.87,971.1,82.8
2026-08-09 06:00:00,WP122026,12,2026-08-09 18:00:00,0 days 12:00:00,12,27.75,120.0,981.7,70.0
2026-08-09 06:00:00,WP122026,12,2026-08-10 00:00:00,0 days 18:00:00,18,28.5,119.63,984.0,66.9
2026-08-09 06:00:00,WP122026,12,2026-08-10 06:00:00,1 days 00:00:00,24,29.25,119.25,986.3,63.9
2026-08-09 06:00:00,WP122026,12,2026-08-10 12:00:00,1 days 06:00:00,30,30.64,117.52,987.9,61.7
2026-08-09 06:00:00,WP122026,12,2026-08-10 18:00:00,1 days 12:00:00,36,32.0,115.75,989.5,59.5
2026-08-09 06:00:00,WP122026,12,2026-08-11 00:00:00,1 days 18:00:00,42,32.0,115.75,990.9,57.5
2026-08-09 06:00:00,WP122026,12,2026-08-11 06:00:00,2 days 00:00:00,48,32.0,115.75,992.2,55.6
2026-08-09 06:00:00,WP122026,12,2026-08-11 12:00:00,2 days 06:00:00,54,31.63,114.62,993.7,53.4
2026-08-09 06:00:00,WP122026,12,2026-08-11 18:00:00,2 days 12:00:00,60,31.25,113.5,995.2,51.1
2026-08-09 06:00:00,WP142026,12,2026-08-09 06:00:00,0 days 00:00:00,0,32.25,150.75,984.2,66.7
2026-08-09 06:00:00,WP142026,12,2026-08-09 12:00:00,0 days 06:00:00,6,32.5,150.5,985.3,65.3
2026-08-09 06:00:00,WP142026,12,2026-08-09 18:00:00,0 days 12:00:00,12,32.75,150.25,986.3,63.9
2026-08-09 06:00:00,WP142026,12,2026-08-10 00:00:00,0 days 18:00:00,18,33.63,149.63,986.3,63.9
2026-08-09 06:00:00,WP142026,12,2026-08-10 06:00:00,1 days 00:00:00,24,34.5,149.0,986.3,63.9
2026-08-09 06:00:00,WP142026,12,2026-08-10 12:00:00,1 days 06:00:00,30,35.51,147.4,982.5,68.9
2026-08-09 06:00:00,WP142026,12,2026-08-10 18:00:00,1 days 12:00:00,36,36.5,145.75,978.6,74.0
2026-08-09 06:00:00,WP142026,12,2026-08-11 00:00:00,1 days 18:00:00,42,36.64,143.88,981.3,70.5
2026-08-09 06:00:00,WP142026,12,2026-08-11 06:00:00,2 days 00:00:00,48,36.75,142.0,983.9,67.1
2026-08-09 06:00:00,WP142026,12,2026-08-11 12:00:00,2 days 06:00:00,54,37.02,139.76,990.1,58.3
2026-08-09 06:00:00,WP142026,12,2026-08-11 18:00:00,2 days 12:00:00,60,37.25,137.5,996.3,49.4
2026-08-09 06:00:00,WP982026,12,2026-08-09 06:00:00,0 days 00:00:00,0,22.5,157.25,997.7,47.2
2026-08-09 06:00:00,WP982026,12,2026-08-09 12:00:00,0 days 06:00:00,6,21.47,151.58,997.8,47.2
2026-08-09 06:00:00,WP982026,12,2026-08-09 18:00:00,0 days 12:00:00,12,20.25,146.0,997.8,47.2
2026-08-09 06:00:00,WP982026,12,2026-08-10 00:00:00,0 days 18:00:00,18,20.98,148.09,997.4,47.7
2026-08-09 06:00:00,WP982026,12,2026-08-10 06:00:00,1 days 00:00:00,24,21.68,150.21,997.1,48.2
2026-08-09 06:00:00,WP982026,12,2026-08-10 12:00:00,1 days 06:00:00,30,22.35,152.35,996.8,48.7
2026-08-09 06:00:00,WP982026,12,2026-08-10 18:00:00,1 days 12:00:00,36,23.0,154.5,996.5,49.2
2026-08-09 06:00:00,WP982026,12,2026-08-11 00:00:00,1 days 18:00:00,42,23.76,156.36,996.8,48.6
2026-08-09 06:00:00,WP982026,12,2026-08-11 06:00:00,2 days 00:00:00,48,24.5,158.25,997.2,48.1
2026-08-09 06:00:00,WP982026,12,2026-08-11 12:00:00,2 days 06:00:00,54,28.03,161.15,997.1,48.2
2026-08-09 06:00:00,WP982026,12,2026-08-11 18:00:00,2 days 12:00:00,60,31.5,164.25,997.1,48.3
2026-08-09 06:00:00,WP122026,13,2026-08-09 06:00:00,0 days 00:00:00,0,28.0,121.75,960.5,95.7
2026-08-09 06:00:00,WP122026,13,2026-08-09 12:00:00,0 days 06:00:00,6,27.38,121.0,971.6,82.2
2026-08-09 06:00:00,WP122026,13,2026-08-09 18:00:00,0 days 12:00:00,12,26.75,120.25,982.7,68.7
2026-08-09 06:00:00,WP122026,13,2026-08-10 00:00:00,0 days 18:00:00,18,28.13,119.51,985.2,65.3
2026-08-09 06:00:00,WP122026,13,2026-08-10 06:00:00,1 days 00:00:00,24,29.5,118.75,987.8,61.8
2026-08-09 06:00:00,WP122026,13,2026-08-10 12:00:00,1 days 06:00:00,30,30.63,117.89,988.6,60.7
2026-08-09 06:00:00,WP122026,13,2026-08-10 18:00:00,1 days 12:00:00,36,31.75,117.0,989.4,59.6
2026-08-09 06:00:00,WP122026,13,2026-08-11 00:00:00,1 days 18:00:00,42,31.38,115.75,990.9,57.5
2026-08-09 06:00:00,WP122026,13,2026-08-11 06:00:00,2 days 00:00:00,48,31.0,114.5,992.3,55.4
2026-08-09 06:00:00,WP122026,13,2026-08-11 12:00:00,2 days 06:00:00,54,30.88,114.5,993.9,53.1
2026-08-09 06:00:00,WP122026,13,2026-08-11 18:00:00,2 days 12:00:00,60,30.75,114.5,995.4,50.9
2026-08-09 06:00:00,WP122026,13,2026-08-12 00:00:00,2 days 18:00:00,66,31.25,115.37,995.6,50.5
2026-08-09 06:00:00,WP122026,13,2026-08-12 06:00:00,3 days 00:00:00,72,31.75,116.25,995.9,50.1
2026-08-09 06:00:00,WP142026,13,2026-08-09 06:00:00,0 days 00:00:00,0,32.25,150.75,984.2,66.7
2026-08-09 06:00:00,WP142026,13,2026-08-09 12:00:00,0 days 06:00:00,6,32.75,150.5,986.2,64.0
2026-08-09 06:00:00,WP142026,13,2026-08-09 18:00:00,0 days 12:00:00,12,33.25,150.25,988.2,61.3
2026-08-09 06:00:00,WP142026,13,2026-08-10 00:00:00,0 days 18:00:00,18,34.25,149.76,987.9,61.7
2026-08-09 06:00:00,WP142026,13,2026-08-10 06:00:00,1 days 00:00:00,24,35.25,149.25,987.6,62.2
2026-08-09 06:00:00,WP142026,13,2026-08-10 12:00:00,1 days 06:00:00,30,36.14,147.4,985.1,65.5
2026-08-09 06:00:00,WP142026,13,2026-08-10 18:00:00,1 days 12:00:00,36,37.0,145.5,982.7,68.8
2026-08-09 06:00:00,WP142026,13,2026-08-11 00:00:00,1 days 18:00:00,42,37.14,143.63,984.0,66.9
2026-08-09 06:00:00,WP142026,13,2026-08-11 06:00:00,2 days 00:00:00,48,37.25,141.75,985.4,65.1
2026-08-09 06:00:00,WP142026,13,2026-08-11 12:00:00,2 days 06:00:00,54,37.27,139.5,991.4,56.4
2026-08-09 06:00:00,WP142026,13,2026-08-11 18:00:00,2 days 12:00:00,60,37.25,137.25,997.5,47.6
2026-08-09 06:00:00,WP982026,13,2026-08-09 06:00:00,0 days 00:00:00,0,22.5,157.25,997.7,47.2
2026-08-09 06:00:00,WP982026,13,2026-08-09 12:00:00,0 days 06:00:00,6,23.38,158.17,997.5,47.6
2026-08-09 06:00:00,WP982026,13,2026-08-09 18:00:00,0 days 12:00:00,12,24.26,159.1,997.3,47.9
2026-08-09 06:00:00,WP982026,13,2026-08-10 00:00:00,0 days 18:00:00,18,25.13,160.04,997.1,48.3
2026-08-09 06:00:00,WP982026,13,2026-08-10 06:00:00,1 days 00:00:00,24,26.0,161.0,996.9,48.6
2026-08-09 06:00:00,WP982026,13,2026-08-10 12:00:00,1 days 06:00:00,30,24.15,158.08,996.6,48.9
2026-08-09 06:00:00,WP982026,13,2026-08-10 18:00:00,1 days 12:00:00,36,22.25,155.25,996.4,49.2
2026-08-09 06:00:00,WP982026,13,2026-08-11 00:00:00,1 days 18:00:00,42,24.06,155.85,997.0,48.5
2026-08-09 06:00:00,WP982026,13,2026-08-11 06:00:00,2 days 00:00:00,48,25.88,156.46,997.5,47.7
2026-08-09 06:00:00,WP982026,13,2026-08-11 12:00:00,2 days 06:00:00,54,27.69,157.1,998.0,46.9
2026-08-09 06:00:00,WP982026,13,2026-08-11 18:00:00,2 days 12:00:00,60,29.5,157.75,998.5,46.1
2026-08-09 06:00:00,WP982026,13,2026-08-12 00:00:00,2 days 18:00:00,66,29.88,158.0,999.4,44.6
2026-08-09 06:00:00,WP982026,13,2026-08-12 06:00:00,3 days 00:00:00,72,30.25,158.25,1000.3,43.2
2026-08-09 06:00:00,WP982026,13,2026-08-12 12:00:00,3 days 06:00:00,78,29.48,155.18,997.8,47.0
2026-08-09 06:00:00,WP982026,13,2026-08-12 18:00:00,3 days 12:00:00,84,28.63,152.15,995.3,50.8
2026-08-09 06:00:00,WP982026,13,2026-08-13 00:00:00,3 days 18:00:00,90,27.72,149.17,992.8,54.5
2026-08-09 06:00:00,WP982026,13,2026-08-13 06:00:00,4 days 00:00:00,96,26.75,146.25,990.3,58.3
2026-08-09 06:00:00,WP982026,13,2026-08-13 12:00:00,4 days 06:00:00,102,27.75,147.36,989.8,59.0
2026-08-09 06:00:00,WP982026,13,2026-08-13 18:00:00,4 days 12:00:00,108,28.75,148.5,989.4,59.6
2026-08-09 06:00:00,WP982026,13,2026-08-14 00:00:00,4 days 18:00:00,114,29.88,149.24,991.3,56.8
2026-08-09 06:00:00,WP982026,13,2026-08-14 06:00:00,5 days 00:00:00,120,31.0,150.0,993.2,54.1
2026-08-09 06:00:00,WP982026,13,2026-08-14 12:00:00,5 days 06:00:00,126,26.42,146.1,995.5,50.7
2026-08-09 06:00:00,WP982026,13,2026-08-14 18:00:00,5 days 12:00:00,132,21.75,142.5,997.7,47.3
2026-08-09 06:00:00,WP122026,14,2026-08-09 06:00:00,0 days 00:00:00,0,28.0,121.75,960.5,95.7
2026-08-09 06:00:00,WP122026,14,2026-08-09 12:00:00,0 days 06:00:00,6,27.88,121.0,971.5,82.3
2026-08-09 06:00:00,WP122026,14,2026-08-09 18:00:00,0 days 12:00:00,12,27.75,120.25,982.6,68.9
2026-08-09 06:00:00,WP122026,14,2026-08-10 00:00:00,0 days 18:00:00,18,28.38,118.88,985.6,64.8
2026-08-09 06:00:00,WP122026,14,2026-08-10 06:00:00,1 days 00:00:00,24,29.0,117.5,988.5,60.8
2026-08-09 06:00:00,WP122026,14,2026-08-10 12:00:00,1 days 06:00:00,30,29.75,117.25,989.3,59.7
2026-08-09 06:00:00,WP122026,14,2026-08-10 18:00:00,1 days 12:00:00,36,30.5,117.0,990.1,58.5
2026-08-09 06:00:00,WP122026,14,2026-08-11 00:00:00,1 days 18:00:00,42,31.25,116.38,991.3,56.9
2026-08-09 06:00:00,WP122026,14,2026-08-11 06:00:00,2 days 00:00:00,48,32.0,115.75,992.4,55.3
2026-08-09 06:00:00,WP142026,14,2026-08-09 06:00:00,0 days 00:00:00,0,32.25,150.75,984.2,66.7
2026-08-09 06:00:00,WP142026,14,2026-08-09 12:00:00,0 days 06:00:00,6,32.75,150.63,985.2,65.4
2026-08-09 06:00:00,WP142026,14,2026-08-09 18:00:00,0 days 12:00:00,12,33.25,150.5,986.2,64.1
2026-08-09 06:00:00,WP142026,14,2026-08-10 00:00:00,0 days 18:00:00,18,33.75,149.75,986.7,63.3
2026-08-09 06:00:00,WP142026,14,2026-08-10 06:00:00,1 days 00:00:00,24,34.25,149.0,987.3,62.5
2026-08-09 06:00:00,WP142026,14,2026-08-10 12:00:00,1 days 06:00:00,30,35.38,147.64,983.5,67.5
2026-08-09 06:00:00,WP142026,14,2026-08-10 18:00:00,1 days 12:00:00,36,36.5,146.25,979.7,72.5
2026-08-09 06:00:00,WP142026,14,2026-08-11 00:00:00,1 days 18:00:00,42,36.77,144.13,980.7,71.4
2026-08-09 06:00:00,WP142026,14,2026-08-11 06:00:00,2 days 00:00:00,48,37.0,142.0,981.6,70.2
2026-08-09 06:00:00,WP142026,14,2026-08-11 12:00:00,2 days 06:00:00,54,37.27,139.76,988.8,60.0
2026-08-09 06:00:00,WP142026,14,2026-08-11 18:00:00,2 days 12:00:00,60,37.5,137.5,996.1,49.8
2026-08-09 06:00:00,WP142026,14,2026-08-12 00:00:00,2 days 18:00:00,66,36.76,135.61,997.1,48.2
2026-08-09 06:00:00,WP142026,14,2026-08-12 06:00:00,3 days 00:00:00,72,36.0,133.75,998.2,46.5
2026-08-09 06:00:00,WP982026,14,2026-08-09 06:00:00,0 days 00:00:00,0,22.5,157.25,997.7,47.2
2026-08-09 06:00:00,WP982026,14,2026-08-09 12:00:00,0 days 06:00:00,6,21.59,151.59,996.5,49.1
2026-08-09 06:00:00,WP982026,14,2026-08-09 18:00:00,0 days 12:00:00,12,20.5,146.0,995.3,51.0
2026-08-09 06:00:00,WP982026,14,2026-08-10 00:00:00,0 days 18:00:00,18,20.52,148.38,996.4,49.3
2026-08-09 06:00:00,WP982026,14,2026-08-10 06:00:00,1 days 00:00:00,24,20.5,150.75,997.5,47.6
2026-08-09 06:00:00,WP982026,14,2026-08-10 12:00:00,1 days 06:00:00,30,21.39,152.86,997.9,46.9
2026-08-09 06:00:00,WP982026,14,2026-08-10 18:00:00,1 days 12:00:00,36,22.25,155.0,998.4,46.2
2026-08-09 06:00:00,WP982026,14,2026-08-11 00:00:00,1 days 18:00:00,42,23.58,156.39,998.7,45.7
2026-08-09 06:00:00,WP982026,14,2026-08-11 06:00:00,2 days 00:00:00,48,24.9,157.81,999.1,45.1
2026-08-09 06:00:00,WP982026,14,2026-08-11 12:00:00,2 days 06:00:00,54,26.21,159.27,999.4,44.6
2026-08-09 06:00:00,WP982026,14,2026-08-11 18:00:00,2 days 12:00:00,60,27.5,160.75,999.7,44.0
2026-08-09 06:00:00,WP982026,14,2026-08-12 00:00:00,2 days 18:00:00,66,29.38,162.22,999.6,44.2
2026-08-09 06:00:00,WP982026,14,2026-08-12 06:00:00,3 days 00:00:00,72,31.25,163.75,999.5,44.4
2026-08-09 06:00:00,WP982026,14,2026-08-12 12:00:00,3 days 06:00:00,78,32.39,165.35,998.7,45.8
2026-08-09 06:00:00,WP982026,14,2026-08-12 18:00:00,3 days 12:00:00,84,33.5,167.0,997.8,47.1
2026-08-09 06:00:00,WP982026,14,2026-08-13 00:00:00,3 days 18:00:00,90,34.02,169.36,997.0,48.3
2026-08-09 06:00:00,WP982026,14,2026-08-13 06:00:00,4 days 00:00:00,96,34.5,171.75,996.2,49.6
2026-08-09 06:00:00,WP122026,15,2026-08-09 06:00:00,0 days 00:00:00,0,28.0,121.75,960.5,95.7
2026-08-09 06:00:00,WP122026,15,2026-08-09 12:00:00,0 days 06:00:00,6,27.88,120.87,971.8,81.9
2026-08-09 06:00:00,WP122026,15,2026-08-09 18:00:00,0 days 12:00:00,12,27.75,120.0,983.1,68.1
2026-08-09 06:00:00,WP122026,15,2026-08-10 00:00:00,0 days 18:00:00,18,28.38,118.76,986.4,63.7
2026-08-09 06:00:00,WP122026,15,2026-08-10 06:00:00,1 days 00:00:00,24,29.0,117.5,989.7,59.2
2026-08-09 06:00:00,WP122026,15,2026-08-10 12:00:00,1 days 06:00:00,30,29.38,116.88,990.3,58.4
2026-08-09 06:00:00,WP122026,15,2026-08-10 18:00:00,1 days 12:00:00,36,29.75,116.25,990.9,57.5
2026-08-09 06:00:00,WP122026,15,2026-08-11 00:00:00,1 days 18:00:00,42,30.38,115.38,992.0,55.8
2026-08-09 06:00:00,WP122026,15,2026-08-11 06:00:00,2 days 00:00:00,48,31.0,114.5,993.2,54.2
2026-08-09 06:00:00,WP122026,15,2026-08-11 12:00:00,2 days 06:00:00,54,30.82,115.07,993.6,53.6
2026-08-09 06:00:00,WP122026,15,2026-08-11 18:00:00,2 days 12:00:00,60,30.63,115.63,993.9,53.0
2026-08-09 06:00:00,WP122026,15,2026-08-12 00:00:00,2 days 18:00:00,66,30.44,116.19,994.3,52.4
2026-08-09 06:00:00,WP122026,15,2026-08-12 06:00:00,3 days 00:00:00,72,30.25,116.75,994.7,51.8
2026-08-09 06:00:00,WP122026,15,2026-08-12 12:00:00,3 days 06:00:00,78,30.88,116.63,995.2,51.2
2026-08-09 06:00:00,WP122026,15,2026-08-12 18:00:00,3 days 12:00:00,84,31.5,116.5,995.6,50.6
2026-08-09 06:00:00,WP122026,15,2026-08-13 00:00:00,3 days 18:00:00,90,32.25,116.56,995.4,50.9
2026-08-09 06:00:00,WP122026,15,2026-08-13 06:00:00,4 days 00:00:00,96,33.0,116.62,995.2,51.2
2026-08-09 06:00:00,WP122026,15,2026-08-13 12:00:00,4 days 06:00:00,102,33.75,116.69,995.0,51.5
2026-08-09 06:00:00,WP122026,15,2026-08-13 18:00:00,4 days 12:00:00,108,34.5,116.75,994.8,51.8
2026-08-09 06:00:00,WP122026,15,2026-08-14 00:00:00,4 days 18:00:00,114,34.5,116.75,994.6,52.0
2026-08-09 06:00:00,WP122026,15,2026-08-14 06:00:00,5 days 00:00:00,120,34.5,116.75,994.5,52.2
2026-08-09 06:00:00,WP142026,15,2026-08-09 06:00:00,0 days 00:00:00,0,32.25,150.75,984.2,66.7
2026-08-09 06:00:00,WP142026,15,2026-08-09 12:00:00,0 days 06:00:00,6,32.75,150.63,985.0,65.7
2026-08-09 06:00:00,WP142026,15,2026-08-09 18:00:00,0 days 12:00:00,12,33.25,150.5,985.7,64.7
2026-08-09 06:00:00,WP142026,15,2026-08-10 00:00:00,0 days 18:00:00,18,33.88,149.63,985.5,65.0
2026-08-09 06:00:00,WP142026,15,2026-08-10 06:00:00,1 days 00:00:00,24,34.5,148.75,985.3,65.3
2026-08-09 06:00:00,WP142026,15,2026-08-10 12:00:00,1 days 06:00:00,30,35.51,147.39,983.0,68.3
2026-08-09 06:00:00,WP142026,15,2026-08-10 18:00:00,1 days 12:00:00,36,36.5,146.0,980.7,71.3
2026-08-09 06:00:00,WP142026,15,2026-08-11 00:00:00,1 days 18:00:00,42,36.9,143.76,980.1,72.1
2026-08-09 06:00:00,WP142026,15,2026-08-11 06:00:00,2 days 00:00:00,48,37.25,141.5,979.4,73.0
2026-08-09 06:00:00,WP142026,15,2026-08-11 12:00:00,2 days 06:00:00,54,37.05,139.48,984.2,66.2
2026-08-09 06:00:00,WP142026,15,2026-08-11 18:00:00,2 days 12:00:00,60,36.82,137.47,989.0,59.5
2026-08-09 06:00:00,WP142026,15,2026-08-12 00:00:00,2 days 18:00:00,66,36.55,135.48,993.7,52.8
2026-08-09 06:00:00,WP142026,15,2026-08-12 06:00:00,3 days 00:00:00,72,36.25,133.5,998.5,46.0
2026-08-09 06:00:00,WP982026,15,2026-08-09 06:00:00,0 days 00:00:00,0,22.5,157.25,997.7,47.2
2026-08-09 06:00:00,WP982026,15,2026-08-09 12:00:00,0 days 06:00:00,6,21.72,151.72,997.2,48.1
2026-08-09 06:00:00,WP982026,15,2026-08-09 18:00:00,0 days 12:00:00,12,20.75,146.25,996.6,49.0
2026-08-09 06:00:00,WP982026,15,2026-08-10 00:00:00,0 days 18:00:00,18,20.89,148.62,995.5,50.7
2026-08-09 06:00:00,WP982026,15,2026-08-10 06:00:00,1 days 00:00:00,24,21.0,151.0,994.4,52.3
2026-08-09 06:00:00,WP982026,15,2026-08-10 12:00:00,1 days 06:00:00,30,22.13,152.74,993.8,53.3
2026-08-09 06:00:00,WP982026,15,2026-08-10 18:00:00,1 days 12:00:00,36,23.25,154.5,993.1,54.2
2026-08-09 06:00:00,WP982026,15,2026-08-11 00:00:00,1 days 18:00:00,42,24.76,155.98,992.7,54.9
2026-08-09 06:00:00,WP982026,15,2026-08-11 06:00:00,2 days 00:00:00,48,26.25,157.5,992.2,55.5
2026-08-09 06:00:00,WP982026,15,2026-08-11 12:00:00,2 days 06:00:00,54,27.63,158.12,992.4,55.2
2026-08-09 06:00:00,WP982026,15,2026-08-11 18:00:00,2 days 12:00:00,60,29.0,158.75,992.6,54.9
2026-08-09 06:00:00,WP982026,15,2026-08-12 00:00:00,2 days 18:00:00,66,29.75,159.74,993.4,53.8
2026-08-09 06:00:00,WP982026,15,2026-08-12 06:00:00,3 days 00:00:00,72,30.5,160.75,994.1,52.7
2026-08-09 06:00:00,WP982026,15,2026-08-12 12:00:00,3 days 06:00:00,78,30.64,162.37,995.5,50.7
2026-08-09 06:00:00,WP982026,15,2026-08-12 18:00:00,3 days 12:00:00,84,30.75,164.0,996.8,48.7
2026-08-09 06:00:00,WP982026,15,2026-08-13 00:00:00,3 days 18:00:00,90,31.37,166.27,996.9,48.5
2026-08-09 06:00:00,WP982026,15,2026-08-13 06:00:00,4 days 00:00:00,96,31.96,168.57,997.0,48.4
2026-08-09 06:00:00,WP982026,15,2026-08-13 12:00:00,4 days 06:00:00,102,32.5,170.9,997.1,48.2
2026-08-09 06:00:00,WP982026,15,2026-08-13 18:00:00,4 days 12:00:00,108,33.0,173.25,997.2,48.1
2026-08-09 06:00:00,WP122026,16,2026-08-09 06:00:00,0 days 00:00:00,0,28.0,121.75,960.5,95.7
2026-08-09 06:00:00,WP122026,16,2026-08-09 12:00:00,0 days 06:00:00,6,27.88,120.87,970.3,83.9
2026-08-09 06:00:00,WP122026,16,2026-08-09 18:00:00,0 days 12:00:00,12,27.75,120.0,980.1,72.0
2026-08-09 06:00:00,WP122026,16,2026-08-10 00:00:00,0 days 18:00:00,18,28.38,119.5,984.0,66.9
2026-08-09 06:00:00,WP122026,16,2026-08-10 06:00:00,1 days 00:00:00,24,29.0,119.0,987.8,61.8
2026-08-09 06:00:00,WP122026,16,2026-08-10 12:00:00,1 days 06:00:00,30,30.38,118.01,988.8,60.4
2026-08-09 06:00:00,WP122026,16,2026-08-10 18:00:00,1 days 12:00:00,36,31.75,117.0,989.8,59.0
2026-08-09 06:00:00,WP122026,16,2026-08-11 00:00:00,1 days 18:00:00,42,31.88,116.13,990.5,58.0
2026-08-09 06:00:00,WP122026,16,2026-08-11 06:00:00,2 days 00:00:00,48,32.0,115.25,991.2,57.1
2026-08-09 06:00:00,WP142026,16,2026-08-09 06:00:00,0 days 00:00:00,0,32.25,150.75,984.2,66.7
2026-08-09 06:00:00,WP142026,16,2026-08-09 12:00:00,0 days 06:00:00,6,32.75,150.63,985.7,64.7
2026-08-09 06:00:00,WP142026,16,2026-08-09 18:00:00,0 days 12:00:00,12,33.25,150.5,987.1,62.8
2026-08-09 06:00:00,WP142026,16,2026-08-10 00:00:00,0 days 18:00:00,18,33.88,149.63,987.4,62.4
2026-08-09 06:00:00,WP142026,16,2026-08-10 06:00:00,1 days 00:00:00,24,34.5,148.75,987.7,62.0
2026-08-09 06:00:00,WP142026,16,2026-08-10 12:00:00,1 days 06:00:00,30,35.51,147.39,983.6,67.5
2026-08-09 06:00:00,WP142026,16,2026-08-10 18:00:00,1 days 12:00:00,36,36.5,146.0,979.4,73.0
2026-08-09 06:00:00,WP142026,16,2026-08-11 00:00:00,1 days 18:00:00,42,36.52,143.88,977.5,75.4
2026-08-09 06:00:00,WP142026,16,2026-08-11 06:00:00,2 days 00:00:00,48,36.5,141.75,975.6,77.8
2026-08-09 06:00:00,WP142026,16,2026-08-11 12:00:00,2 days 06:00:00,54,35.64,139.6,984.3,66.2
2026-08-09 06:00:00,WP142026,16,2026-08-11 18:00:00,2 days 12:00:00,60,34.75,137.5,993.0,54.5
2026-08-09 06:00:00,WP142026,16,2026-08-12 00:00:00,2 days 18:00:00,66,35.51,135.77,994.2,52.6
2026-08-09 06:00:00,WP142026,16,2026-08-12 06:00:00,3 days 00:00:00,72,36.25,134.0,995.5,50.7
2026-08-09 06:00:00,WP982026,16,2026-08-09 06:00:00,0 days 00:00:00,0,22.5,157.25,997.7,47.2
2026-08-09 06:00:00,WP982026,16,2026-08-09 12:00:00,0 days 06:00:00,6,21.71,151.84,996.0,49.9
2026-08-09 06:00:00,WP982026,16,2026-08-09 18:00:00,0 days 12:00:00,12,20.75,146.5,994.2,52.6
2026-08-09 06:00:00,WP982026,16,2026-08-10 00:00:00,0 days 18:00:00,18,20.89,148.75,993.7,53.4
2026-08-09 06:00:00,WP982026,16,2026-08-10 06:00:00,1 days 00:00:00,24,21.0,151.0,993.2,54.2
2026-08-09 06:00:00,WP982026,16,2026-08-10 12:00:00,1 days 06:00:00,30,22.01,153.11,992.7,54.8
2026-08-09 06:00:00,WP982026,16,2026-08-10 18:00:00,1 days 12:00:00,36,23.0,155.25,992.3,55.5
2026-08-09 06:00:00,WP982026,16,2026-08-11 00:00:00,1 days 18:00:00,42,24.76,156.61,990.4,58.1
2026-08-09 06:00:00,WP982026,16,2026-08-11 06:00:00,2 days 00:00:00,48,26.5,158.0,988.6,60.7
2026-08-09 06:00:00,WP982026,16,2026-08-11 12:00:00,2 days 06:00:00,54,28.13,158.37,989.8,59.0
2026-08-09 06:00:00,WP982026,16,2026-08-11 18:00:00,2 days 12:00:00,60,29.75,158.75,991.0,57.2
2026-08-09 06:00:00,WP982026,16,2026-08-12 00:00:00,2 days 18:00:00,66,30.75,159.37,992.8,54.7
2026-08-09 06:00:00,WP982026,16,2026-08-12 06:00:00,3 days 00:00:00,72,31.75,160.0,994.5,52.2
2026-08-09 06:00:00,WP982026,16,2026-08-12 12:00:00,3 days 06:00:00,78,32.63,161.49,996.2,49.7
2026-08-09 06:00:00,WP982026,16,2026-08-12 18:00:00,3 days 12:00:00,84,33.5,163.0,997.8,47.1
2026-08-09 06:00:00,WP982026,16,2026-08-13 00:00:00,3 days 18:00:00,90,34.01,164.62,997.5,47.5
2026-08-09 06:00:00,WP982026,16,2026-08-13 06:00:00,4 days 00:00:00,96,34.5,166.25,997.3,48.0
2026-08-09 06:00:00,WP122026,17,2026-08-09 06:00:00,0 days 00:00:00,0,28.0,121.75,960.5,95.7
2026-08-09 06:00:00,WP122026,17,2026-08-09 12:00:00,0 days 06:00:00,6,27.88,121.0,971.8,81.9
2026-08-09 06:00:00,WP122026,17,2026-08-09 18:00:00,0 days 12:00:00,12,27.75,120.25,983.1,68.2
2026-08-09 06:00:00,WP122026,17,2026-08-10 00:00:00,0 days 18:00:00,18,28.38,119.63,985.6,64.8
2026-08-09 06:00:00,WP122026,17,2026-08-10 06:00:00,1 days 00:00:00,24,29.0,119.0,988.2,61.3
2026-08-09 06:00:00,WP122026,17,2026-08-10 12:00:00,1 days 06:00:00,30,29.64,117.14,989.1,60.0
2026-08-09 06:00:00,WP122026,17,2026-08-10 18:00:00,1 days 12:00:00,36,30.25,115.25,990.0,58.8
2026-08-09 06:00:00,WP122026,17,2026-08-11 00:00:00,1 days 18:00:00,42,30.63,114.88,991.4,56.7
2026-08-09 06:00:00,WP122026,17,2026-08-11 06:00:00,2 days 00:00:00,48,31.0,114.5,992.8,54.7
2026-08-09 06:00:00,WP122026,17,2026-08-11 12:00:00,2 days 06:00:00,54,30.88,114.25,994.1,52.8
2026-08-09 06:00:00,WP122026,17,2026-08-11 18:00:00,2 days 12:00:00,60,30.75,114.0,995.3,50.9
2026-08-09 06:00:00,WP142026,17,2026-08-09 06:00:00,0 days 00:00:00,0,32.25,150.75,984.2,66.7
2026-08-09 06:00:00,WP142026,17,2026-08-09 12:00:00,0 days 06:00:00,6,32.75,150.63,984.9,65.8
2026-08-09 06:00:00,WP142026,17,2026-08-09 18:00:00,0 days 12:00:00,12,33.25,150.5,985.5,64.9
2026-08-09 06:00:00,WP142026,17,2026-08-10 00:00:00,0 days 18:00:00,18,34.0,149.76,985.1,65.5
2026-08-09 06:00:00,WP142026,17,2026-08-10 06:00:00,1 days 00:00:00,24,34.75,149.0,984.7,66.0
2026-08-09 06:00:00,WP142026,17,2026-08-10 12:00:00,1 days 06:00:00,30,35.89,147.27,981.8,69.9
2026-08-09 06:00:00,WP142026,17,2026-08-10 18:00:00,1 days 12:00:00,36,37.0,145.5,978.8,73.8
2026-08-09 06:00:00,WP142026,17,2026-08-11 00:00:00,1 days 18:00:00,42,37.14,143.63,978.2,74.5
2026-08-09 06:00:00,WP142026,17,2026-08-11 06:00:00,2 days 00:00:00,48,37.25,141.75,977.6,75.3
2026-08-09 06:00:00,WP142026,17,2026-08-11 12:00:00,2 days 06:00:00,54,37.53,139.13,986.1,63.7
2026-08-09 06:00:00,WP142026,17,2026-08-11 18:00:00,2 days 12:00:00,60,37.75,136.5,994.6,52.0
2026-08-09 06:00:00,WP982026,17,2026-08-09 06:00:00,0 days 00:00:00,0,22.5,157.25,997.7,47.2
2026-08-09 06:00:00,WP982026,17,2026-08-09 12:00:00,0 days 06:00:00,6,21.59,151.59,995.9,50.0
2026-08-09 06:00:00,WP982026,17,2026-08-09 18:00:00,0 days 12:00:00,12,20.5,146.0,994.1,52.8
2026-08-09 06:00:00,WP982026,17,2026-08-10 00:00:00,0 days 18:00:00,18,20.77,148.5,994.0,52.9
2026-08-09 06:00:00,WP982026,17,2026-08-10 06:00:00,1 days 00:00:00,24,21.0,151.0,994.0,53.0
2026-08-09 06:00:00,WP982026,17,2026-08-10 12:00:00,1 days 06:00:00,30,22.14,152.86,993.1,54.2
2026-08-09 06:00:00,WP982026,17,2026-08-10 18:00:00,1 days 12:00:00,36,23.25,154.75,992.3,55.5
2026-08-09 06:00:00,WP982026,17,2026-08-11 00:00:00,1 days 18:00:00,42,24.51,156.11,993.2,54.1
2026-08-09 06:00:00,WP982026,17,2026-08-11 06:00:00,2 days 00:00:00,48,25.75,157.5,994.1,52.7
2026-08-09 06:00:00,WP982026,17,2026-08-11 12:00:00,2 days 06:00:00,54,27.38,157.75,994.5,52.2
2026-08-09 06:00:00,WP982026,17,2026-08-11 18:00:00,2 days 12:00:00,60,29.0,158.0,994.9,51.6
2026-08-09 06:00:00,WP982026,17,2026-08-12 00:00:00,2 days 18:00:00,66,29.88,158.0,995.9,50.0
2026-08-09 06:00:00,WP982026,17,2026-08-12 06:00:00,3 days 00:00:00,72,30.75,158.0,996.9,48.5
2026-08-09 06:00:00,WP982026,17,2026-08-12 12:00:00,3 days 06:00:00,78,30.75,157.88,997.9,47.0
2026-08-09 06:00:00,WP982026,17,2026-08-12 18:00:00,3 days 12:00:00,84,30.75,157.75,998.9,45.5
2026-08-09 06:00:00,WP982026,17,2026-08-13 00:00:00,3 days 18:00:00,90,29.17,154.19,998.6,45.8
2026-08-09 06:00:00,WP982026,17,2026-08-13 06:00:00,4 days 00:00:00,96,27.5,150.75,998.4,46.2
2026-08-09 06:00:00,WP122026,18,2026-08-09 06:00:00,0 days 00:00:00,0,28.0,121.75,960.5,95.7
2026-08-09 06:00:00,WP122026,18,2026-08-09 12:00:00,0 days 06:00:00,6,28.13,121.0,971.7,82.0
2026-08-09 06:00:00,WP122026,18,2026-08-09 18:00:00,0 days 12:00:00,12,28.25,120.25,982.9,68.4
2026-08-09 06:00:00,WP122026,18,2026-08-10 00:00:00,0 days 18:00:00,18,28.63,119.63,985.9,64.4
2026-08-09 06:00:00,WP122026,18,2026-08-10 06:00:00,1 days 00:00:00,24,29.0,119.0,988.9,60.3
2026-08-09 06:00:00,WP122026,18,2026-08-10 12:00:00,1 days 06:00:00,30,30.25,118.01,990.0,58.7
2026-08-09 06:00:00,WP122026,18,2026-08-10 18:00:00,1 days 12:00:00,36,31.5,117.0,991.2,57.0
2026-08-09 06:00:00,WP122026,18,2026-08-11 00:00:00,1 days 18:00:00,42,31.75,116.38,992.7,54.9
2026-08-09 06:00:00,WP122026,18,2026-08-11 06:00:00,2 days 00:00:00,48,32.0,115.75,994.1,52.7
2026-08-09 06:00:00,WP132026,18,2026-08-09 06:00:00,0 days 00:00:00,0,21.5,142.75,994.1,52.8
2026-08-09 06:00:00,WP132026,18,2026-08-09 12:00:00,0 days 06:00:00,6,21.35,144.82,993.9,53.2
2026-08-09 06:00:00,WP132026,18,2026-08-09 18:00:00,0 days 12:00:00,12,21.18,146.89,993.6,53.5
2026-08-09 06:00:00,WP132026,18,2026-08-10 00:00:00,0 days 18:00:00,18,20.97,148.95,993.4,53.9
2026-08-09 06:00:00,WP132026,18,2026-08-10 06:00:00,1 days 00:00:00,24,20.75,151.0,993.1,54.3
2026-08-09 06:00:00,WP132026,18,2026-08-10 12:00:00,1 days 06:00:00,30,21.89,153.23,991.7,56.3
2026-08-09 06:00:00,WP132026,18,2026-08-10 18:00:00,1 days 12:00:00,36,23.0,155.5,990.3,58.2
2026-08-09 06:00:00,WP132026,18,2026-08-11 00:00:00,1 days 18:00:00,42,24.88,156.73,988.8,60.5
2026-08-09 06:00:00,WP132026,18,2026-08-11 06:00:00,2 days 00:00:00,48,26.75,158.0,987.2,62.7
2026-08-09 06:00:00,WP142026,18,2026-08-09 06:00:00,0 days 00:00:00,0,32.25,150.75,984.2,66.7
2026-08-09 06:00:00,WP142026,18,2026-08-09 12:00:00,0 days 06:00:00,6,32.63,150.63,985.3,65.3
2026-08-09 06:00:00,WP142026,18,2026-08-09 18:00:00,0 days 12:00:00,12,33.0,150.5,986.3,63.9
2026-08-09 06:00:00,WP142026,18,2026-08-10 00:00:00,0 days 18:00:00,18,33.88,149.76,985.0,65.7
2026-08-09 06:00:00,WP142026,18,2026-08-10 06:00:00,1 days 00:00:00,24,34.75,149.0,983.6,67.5
2026-08-09 06:00:00,WP142026,18,2026-08-10 12:00:00,1 days 06:00:00,30,35.51,147.51,979.2,73.1
2026-08-09 06:00:00,WP142026,18,2026-08-10 18:00:00,1 days 12:00:00,36,36.25,146.0,974.9,78.7
2026-08-09 06:00:00,WP142026,18,2026-08-11 00:00:00,1 days 18:00:00,42,36.27,143.75,975.0,78.6
2026-08-09 06:00:00,WP142026,18,2026-08-11 06:00:00,2 days 00:00:00,48,36.25,141.5,975.1,78.4
2026-08-09 06:00:00,WP142026,18,2026-08-11 12:00:00,2 days 06:00:00,54,35.4,139.23,985.1,64.8
2026-08-09 06:00:00,WP142026,18,2026-08-11 18:00:00,2 days 12:00:00,60,34.5,137.0,995.2,51.2
2026-08-09 06:00:00,WP982026,18,2026-08-09 06:00:00,0 days 00:00:00,0,22.5,157.25,997.7,47.2
2026-08-09 06:00:00,WP982026,18,2026-08-09 12:00:00,0 days 06:00:00,6,23.44,158.11,996.8,48.6
2026-08-09 06:00:00,WP982026,18,2026-08-09 18:00:00,0 days 12:00:00,12,24.39,158.97,995.9,50.0
2026-08-09 06:00:00,WP982026,18,2026-08-10 00:00:00,0 days 18:00:00,18,25.32,159.86,995.0,51.4
2026-08-09 06:00:00,WP982026,18,2026-08-10 06:00:00,1 days 00:00:00,24,26.25,160.75,994.1,52.8
2026-08-09 06:00:00,WP982026,18,2026-08-10 12:00:00,1 days 06:00:00,30,27.25,161.25,993.8,53.3
2026-08-09 06:00:00,WP982026,18,2026-08-10 18:00:00,1 days 12:00:00,36,28.25,161.75,993.5,53.7
2026-08-09 06:00:00,WP982026,18,2026-08-11 00:00:00,1 days 18:00:00,42,27.51,159.86,990.3,58.2
2026-08-09 06:00:00,WP982026,18,2026-08-11 06:00:00,2 days 00:00:00,48,26.75,158.0,987.2,62.7
2026-08-09 06:00:00,WP982026,18,2026-08-11 12:00:00,2 days 06:00:00,54,28.01,159.48,988.2,61.3
2026-08-09 06:00:00,WP982026,18,2026-08-11 18:00:00,2 days 12:00:00,60,29.25,161.0,989.2,59.9
2026-08-09 06:00:00,WP982026,18,2026-08-12 00:00:00,2 days 18:00:00,66,30.38,161.99,989.8,59.1
2026-08-09 06:00:00,WP982026,18,2026-08-12 06:00:00,3 days 00:00:00,72,31.5,163.0,990.3,58.3
2026-08-09 06:00:00,WP982026,18,2026-08-12 12:00:00,3 days 06:00:00,78,32.01,164.62,991.9,55.9
2026-08-09 06:00:00,WP982026,18,2026-08-12 18:00:00,3 days 12:00:00,84,32.5,166.25,993.6,53.6
2026-08-09 06:00:00,WP982026,18,2026-08-13 00:00:00,3 days 18:00:00,90,32.64,168.25,993.3,53.9
2026-08-09 06:00:00,WP982026,18,2026-08-13 06:00:00,4 days 00:00:00,96,32.75,170.25,993.1,54.3
2026-08-09 06:00:00,WP982026,18,2026-08-13 12:00:00,4 days 06:00:00,102,33.14,172.12,991.8,56.1
2026-08-09 06:00:00,WP982026,18,2026-08-13 18:00:00,4 days 12:00:00,108,33.5,174.0,990.6,57.9
2026-08-09 06:00:00,WP982026,18,2026-08-14 00:00:00,4 days 18:00:00,114,34.91,176.95,989.7,59.2
2026-08-09 06:00:00,WP982026,18,2026-08-14 06:00:00,5 days 00:00:00,120,36.25,180.0,988.8,60.5
2026-08-09 06:00:00,WP122026,19,2026-08-09 06:00:00,0 days 00:00:00,0,28.0,121.75,960.5,95.7
2026-08-09 06:00:00,WP122026,19,2026-08-09 12:00:00,0 days 06:00:00,6,27.88,120.87,970.3,83.8
2026-08-09 06:00:00,WP122026,19,2026-08-09 18:00:00,0 days 12:00:00,12,27.75,120.0,980.2,71.9
2026-08-09 06:00:00,WP122026,19,2026-08-10 00:00:00,0 days 18:00:00,18,28.38,119.38,984.4,66.3
2026-08-09 06:00:00,WP122026,19,2026-08-10 06:00:00,1 days 00:00:00,24,29.0,118.75,988.6,60.6
2026-08-09 06:00:00,WP122026,19,2026-08-10 12:00:00,1 days 06:00:00,30,30.25,117.76,990.2,58.4
2026-08-09 06:00:00,WP122026,19,2026-08-10 18:00:00,1 days 12:00:00,36,31.5,116.75,991.8,56.2
2026-08-09 06:00:00,WP122026,19,2026-08-11 00:00:00,1 days 18:00:00,42,31.75,116.0,992.9,54.6
2026-08-09 06:00:00,WP122026,19,2026-08-11 06:00:00,2 days 00:00:00,48,32.0,115.25,994.0,52.9
2026-08-09 06:00:00,WP122026,19,2026-08-11 12:00:00,2 days 06:00:00,54,32.13,114.88,995.2,51.2
2026-08-09 06:00:00,WP122026,19,2026-08-11 18:00:00,2 days 12:00:00,60,32.25,114.5,996.3,49.5
2026-08-09 06:00:00,WP122026,19,2026-08-12 00:00:00,2 days 18:00:00,66,31.88,115.63,996.3,49.5
2026-08-09 06:00:00,WP122026,19,2026-08-12 06:00:00,3 days 00:00:00,72,31.5,116.75,996.2,49.6
2026-08-09 06:00:00,WP142026,19,2026-08-09 06:00:00,0 days 00:00:00,0,32.25,150.75,984.2,66.7
2026-08-09 06:00:00,WP142026,19,2026-08-09 12:00:00,0 days 06:00:00,6,32.75,150.63,985.2,65.4
2026-08-09 06:00:00,WP142026,19,2026-08-09 18:00:00,0 days 12:00:00,12,33.25,150.5,986.2,64.0
2026-08-09 06:00:00,WP142026,19,2026-08-10 00:00:00,0 days 18:00:00,18,34.25,149.76,986.3,63.9
2026-08-09 06:00:00,WP142026,19,2026-08-10 06:00:00,1 days 00:00:00,24,35.25,149.0,986.4,63.7
2026-08-09 06:00:00,WP142026,19,2026-08-10 12:00:00,1 days 06:00:00,30,36.14,147.39,983.2,67.9
2026-08-09 06:00:00,WP142026,19,2026-08-10 18:00:00,1 days 12:00:00,36,37.0,145.75,980.0,72.2
2026-08-09 06:00:00,WP142026,19,2026-08-11 00:00:00,1 days 18:00:00,42,37.02,143.5,984.3,66.4
2026-08-09 06:00:00,WP142026,19,2026-08-11 06:00:00,2 days 00:00:00,48,37.0,141.25,988.6,60.7
2026-08-09 06:00:00,WP142026,19,2026-08-11 12:00:00,2 days 06:00:00,54,37.27,138.88,993.4,53.7
2026-08-09 06:00:00,WP142026,19,2026-08-11 18:00:00,2 days 12:00:00,60,37.5,136.5,998.1,46.7
2026-08-09 06:00:00,WP982026,19,2026-08-09 06:00:00,0 days 00:00:00,0,22.5,157.25,997.7,47.2
2026-08-09 06:00:00,WP982026,19,2026-08-09 12:00:00,0 days 06:00:00,6,22.1,151.61,996.6,49.1
2026-08-09 06:00:00,WP982026,19,2026-08-09 18:00:00,0 days 12:00:00,12,21.5,146.0,995.4,50.9
2026-08-09 06:00:00,WP982026,19,2026-08-10 00:00:00,0 days 18:00:00,18,21.14,148.13,996.0,50.0
2026-08-09 06:00:00,WP982026,19,2026-08-10 06:00:00,1 days 00:00:00,24,20.75,150.25,996.6,49.0
2026-08-09 06:00:00,WP982026,19,2026-08-10 12:00:00,1 days 06:00:00,30,21.26,152.24,996.5,49.2
2026-08-09 06:00:00,WP982026,19,2026-08-10 18:00:00,1 days 12:00:00,36,21.75,154.25,996.3,49.4
2026-08-09 06:00:00,WP982026,19,2026-08-11 00:00:00,1 days 18:00:00,42,23.51,155.85,995.5,50.7
2026-08-09 06:00:00,WP982026,19,2026-08-11 06:00:00,2 days 00:00:00,48,25.25,157.5,994.7,51.9
2026-08-09 06:00:00,WP982026,19,2026-08-11 12:00:00,2 days 06:00:00,54,26.38,158.49,997.4,47.7
2026-08-09 06:00:00,WP982026,19,2026-08-11 18:00:00,2 days 12:00:00,60,27.5,159.5,1000.0,43.6
2026-08-09 06:00:00,WP982026,19,2026-08-12 00:00:00,2 days 18:00:00,66,27.22,156.54,998.8,45.5
2026-08-09 06:00:00,WP982026,19,2026-08-12 06:00:00,3 days 00:00:00,72,26.87,153.59,997.6,47.4
2026-08-09 06:00:00,WP982026,19,2026-08-12 12:00:00,3 days 06:00:00,78,26.46,150.65,996.4,49.3
2026-08-09 06:00:00,WP982026,19,2026-08-12 18:00:00,3 days 12:00:00,84,26.0,147.75,995.2,51.2
2026-08-09 06:00:00,WP982026,19,2026-08-13 00:00:00,3 days 18:00:00,90,26.75,148.5,995.7,50.4
2026-08-09 06:00:00,WP982026,19,2026-08-13 06:00:00,4 days 00:00:00,96,27.5,149.25,996.2,49.7
2026-08-09 06:00:00,WP982026,19,2026-08-13 12:00:00,4 days 06:00:00,102,28.25,150.24,996.3,49.4
2026-08-09 06:00:00,WP982026,19,2026-08-13 18:00:00,4 days 12:00:00,108,29.0,151.25,996.5,49.2
2026-08-09 06:00:00,WP982026,19,2026-08-14 00:00:00,4 days 18:00:00,114,29.76,152.49,997.6,47.4
2026-08-09 06:00:00,WP982026,19,2026-08-14 06:00:00,5 days 00:00:00,120,30.5,153.75,998.7,45.7
2026-08-09 06:00:00,WP122026,2,2026-08-09 06:00:00,0 days 00:00:00,0,28.0,121.75,960.5,95.7
2026-08-09 06:00:00,WP122026,2,2026-08-09 12:00:00,0 days 06:00:00,6,27.88,120.87,971.2,82.8
2026-08-09 06:00:00,WP122026,2,2026-08-09 18:00:00,0 days 12:00:00,12,27.75,120.0,981.8,69.9
2026-08-09 06:00:00,WP122026,2,2026-08-10 00:00:00,0 days 18:00:00,18,28.5,118.88,985.5,64.9
2026-08-09 06:00:00,WP122026,2,2026-08-10 06:00:00,1 days 00:00:00,24,29.25,117.75,989.1,60.0
2026-08-09 06:00:00,WP122026,2,2026-08-10 12:00:00,1 days 06:00:00,30,30.38,117.63,989.9,58.9
2026-08-09 06:00:00,WP122026,2,2026-08-10 18:00:00,1 days 12:00:00,36,31.5,117.5,990.6,57.8
2026-08-09 06:00:00,WP122026,2,2026-08-11 00:00:00,1 days 18:00:00,42,32.01,116.26,991.2,57.0
2026-08-09 06:00:00,WP122026,2,2026-08-11 06:00:00,2 days 00:00:00,48,32.5,115.0,991.8,56.2
2026-08-09 06:00:00,WP142026,2,2026-08-09 06:00:00,0 days 00:00:00,0,32.25,150.75,984.2,66.7
2026-08-09 06:00:00,WP142026,2,2026-08-09 12:00:00,0 days 06:00:00,6,32.63,150.63,986.5,63.5
2026-08-09 06:00:00,WP142026,2,2026-08-09 18:00:00,0 days 12:00:00,12,33.0,150.5,988.9,60.3
2026-08-09 06:00:00,WP142026,2,2026-08-10 00:00:00,0 days 18:00:00,18,33.63,149.88,987.8,61.8
2026-08-09 06:00:00,WP142026,2,2026-08-10 06:00:00,1 days 00:00:00,24,34.25,149.25,986.8,63.2
2026-08-09 06:00:00,WP142026,2,2026-08-10 12:00:00,1 days 06:00:00,30,35.26,147.89,983.5,67.6
2026-08-09 06:00:00,WP142026,2,2026-08-10 18:00:00,1 days 12:00:00,36,36.25,146.5,980.2,72.0
2026-08-09 06:00:00,WP142026,2,2026-08-11 00:00:00,1 days 18:00:00,42,36.77,144.51,980.5,71.5
2026-08-09 06:00:00,WP142026,2,2026-08-11 06:00:00,2 days 00:00:00,48,37.25,142.5,980.9,71.1
2026-08-09 06:00:00,WP142026,2,2026-08-11 12:00:00,2 days 06:00:00,54,37.18,140.37,985.0,65.2
2026-08-09 06:00:00,WP142026,2,2026-08-11 18:00:00,2 days 12:00:00,60,37.08,138.24,989.1,59.4
2026-08-09 06:00:00,WP142026,2,2026-08-12 00:00:00,2 days 18:00:00,66,36.93,136.11,993.3,53.6
2026-08-09 06:00:00,WP142026,2,2026-08-12 06:00:00,3 days 00:00:00,72,36.75,134.0,997.4,47.8
2026-08-09 06:00:00,WP982026,2,2026-08-09 06:00:00,0 days 00:00:00,0,22.5,157.25,997.7,47.2
2026-08-09 06:00:00,WP982026,2,2026-08-09 12:00:00,0 days 06:00:00,6,21.6,151.46,998.0,46.8
2026-08-09 06:00:00,WP982026,2,2026-08-09 18:00:00,0 days 12:00:00,12,20.5,145.75,998.2,46.4
2026-08-09 06:00:00,WP982026,2,2026-08-10 00:00:00,0 days 18:00:00,18,20.76,148.0,997.2,48.1
2026-08-09 06:00:00,WP982026,2,2026-08-10 06:00:00,1 days 00:00:00,24,21.0,150.25,996.1,49.8
2026-08-09 06:00:00,WP982026,2,2026-08-10 12:00:00,1 days 06:00:00,30,21.89,152.36,995.7,50.4
2026-08-09 06:00:00,WP982026,2,2026-08-10 18:00:00,1 days 12:00:00,36,22.75,154.5,995.2,51.1
2026-08-09 06:00:00,WP982026,2,2026-08-11 00:00:00,1 days 18:00:00,42,24.13,156.11,996.2,49.7
2026-08-09 06:00:00,WP982026,2,2026-08-11 06:00:00,2 days 00:00:00,48,25.5,157.75,997.1,48.2
2026-08-09 06:00:00,WP982026,2,2026-08-11 12:00:00,2 days 06:00:00,54,27.63,158.98,997.6,47.4
2026-08-09 06:00:00,WP982026,2,2026-08-11 18:00:00,2 days 12:00:00,60,29.75,160.25,998.1,46.6
2026-08-09 06:00:00,WP982026,2,2026-08-12 00:00:00,2 days 18:00:00,66,30.63,160.75,998.6,45.9
2026-08-09 06:00:00,WP982026,2,2026-08-12 06:00:00,3 days 00:00:00,72,31.5,161.25,999.1,45.1
2026-08-09 06:00:00,WP982026,2,2026-08-12 12:00:00,3 days 06:00:00,78,31.63,162.0,1000.0,43.6
2026-08-09 06:00:00,WP982026,2,2026-08-12 18:00:00,3 days 12:00:00,84,31.75,162.75,1000.9,42.1
2026-08-09 06:00:00,WP122026,20,2026-08-09 06:00:00,0 days 00:00:00,0,28.0,121.75,960.5,95.7
2026-08-09 06:00:00,WP122026,20,2026-08-09 12:00:00,0 days 06:00:00,6,27.75,121.0,972.2,81.4
2026-08-09 06:00:00,WP122026,20,2026-08-09 18:00:00,0 days 12:00:00,12,27.5,120.25,983.8,67.2
2026-08-09 06:00:00,WP122026,20,2026-08-10 00:00:00,0 days 18:00:00,18,28.25,119.63,986.4,63.7
2026-08-09 06:00:00,WP122026,20,2026-08-10 06:00:00,1 days 00:00:00,24,29.0,119.0,988.9,60.3
2026-08-09 06:00:00,WP122026,20,2026-08-10 12:00:00,1 days 06:00:00,30,29.75,118.01,990.3,58.3
2026-08-09 06:00:00,WP122026,20,2026-08-10 18:00:00,1 days 12:00:00,36,30.5,117.0,991.7,56.3
2026-08-09 06:00:00,WP122026,20,2026-08-11 00:00:00,1 days 18:00:00,42,30.5,117.0,992.8,54.7
2026-08-09 06:00:00,WP122026,20,2026-08-11 06:00:00,2 days 00:00:00,48,30.5,117.0,994.0,53.0
2026-08-09 06:00:00,WP122026,20,2026-08-11 12:00:00,2 days 06:00:00,54,30.5,117.0,994.7,51.9
2026-08-09 06:00:00,WP122026,20,2026-08-11 18:00:00,2 days 12:00:00,60,30.5,117.0,995.4,50.7
2026-08-09 06:00:00,WP122026,20,2026-08-12 00:00:00,2 days 18:00:00,66,30.5,117.0,996.2,49.6
2026-08-09 06:00:00,WP122026,20,2026-08-12 06:00:00,3 days 00:00:00,72,30.5,117.0,996.9,48.5
2026-08-09 06:00:00,WP142026,20,2026-08-09 06:00:00,0 days 00:00:00,0,32.25,150.75,984.2,66.7
2026-08-09 06:00:00,WP142026,20,2026-08-09 12:00:00,0 days 06:00:00,6,32.88,150.63,985.1,65.5
2026-08-09 06:00:00,WP142026,20,2026-08-09 18:00:00,0 days 12:00:00,12,33.5,150.5,985.9,64.4
2026-08-09 06:00:00,WP142026,20,2026-08-10 00:00:00,0 days 18:00:00,18,33.88,149.75,985.4,65.2
2026-08-09 06:00:00,WP142026,20,2026-08-10 06:00:00,1 days 00:00:00,24,34.25,149.0,984.8,65.9
2026-08-09 06:00:00,WP142026,20,2026-08-10 12:00:00,1 days 06:00:00,30,35.26,147.64,981.6,70.1
2026-08-09 06:00:00,WP142026,20,2026-08-10 18:00:00,1 days 12:00:00,36,36.25,146.25,978.4,74.3
2026-08-09 06:00:00,WP142026,20,2026-08-11 00:00:00,1 days 18:00:00,42,36.64,144.14,980.3,71.8
2026-08-09 06:00:00,WP142026,20,2026-08-11 06:00:00,2 days 00:00:00,48,37.0,142.0,982.3,69.3
2026-08-09 06:00:00,WP142026,20,2026-08-11 12:00:00,2 days 06:00:00,54,37.14,139.88,988.4,60.7
2026-08-09 06:00:00,WP142026,20,2026-08-11 18:00:00,2 days 12:00:00,60,37.25,137.75,994.5,52.1
2026-08-09 06:00:00,WP142026,20,2026-08-12 00:00:00,2 days 18:00:00,66,36.89,135.74,996.1,49.8
2026-08-09 06:00:00,WP142026,20,2026-08-12 06:00:00,3 days 00:00:00,72,36.5,133.75,997.6,47.4
2026-08-09 06:00:00,WP982026,20,2026-08-09 06:00:00,0 days 00:00:00,0,22.5,157.25,997.7,47.2
2026-08-09 06:00:00,WP982026,20,2026-08-09 12:00:00,0 days 06:00:00,6,23.51,158.61,998.3,46.4
2026-08-09 06:00:00,WP982026,20,2026-08-09 18:00:00,0 days 12:00:00,12,24.5,160.0,998.8,45.6
2026-08-09 06:00:00,WP982026,20,2026-08-10 00:00:00,0 days 18:00:00,18,25.25,160.62,997.7,47.3
2026-08-09 06:00:00,WP982026,20,2026-08-10 06:00:00,1 days 00:00:00,24,26.0,161.25,996.7,48.9
2026-08-09 06:00:00,WP982026,20,2026-08-10 12:00:00,1 days 06:00:00,30,24.92,157.72,994.6,52.0
2026-08-09 06:00:00,WP982026,20,2026-08-10 18:00:00,1 days 12:00:00,36,23.75,154.25,992.6,55.0
2026-08-09 06:00:00,WP982026,20,2026-08-11 00:00:00,1 days 18:00:00,42,25.51,155.48,992.2,55.6
2026-08-09 06:00:00,WP982026,20,2026-08-11 06:00:00,2 days 00:00:00,48,27.25,156.75,991.8,56.2
2026-08-09 06:00:00,WP982026,20,2026-08-11 12:00:00,2 days 06:00:00,54,28.38,157.49,993.8,53.2
2026-08-09 06:00:00,WP982026,20,2026-08-11 18:00:00,2 days 12:00:00,60,29.5,158.25,995.8,50.2
2026-08-09 06:00:00,WP982026,20,2026-08-12 00:00:00,2 days 18:00:00,66,30.13,159.24,996.9,48.5
2026-08-09 06:00:00,WP982026,20,2026-08-12 06:00:00,3 days 00:00:00,72,30.75,160.25,998.0,46.8
2026-08-09 06:00:00,WP122026,21,2026-08-09 06:00:00,0 days 00:00:00,0,28.0,121.75,960.5,95.7
2026-08-09 06:00:00,WP122026,21,2026-08-09 12:00:00,0 days 06:00:00,6,28.0,121.25,971.6,82.1
2026-08-09 06:00:00,WP122026,21,2026-08-09 18:00:00,0 days 12:00:00,12,28.0,120.75,982.8,68.6
2026-08-09 06:00:00,WP122026,21,2026-08-10 00:00:00,0 days 18:00:00,18,28.63,120.0,985.7,64.6
2026-08-09 06:00:00,WP122026,21,2026-08-10 06:00:00,1 days 00:00:00,24,29.25,119.25,988.7,60.6
2026-08-09 06:00:00,WP122026,21,2026-08-10 12:00:00,1 days 06:00:00,30,30.51,117.89,990.1,58.6
2026-08-09 06:00:00,WP122026,21,2026-08-10 18:00:00,1 days 12:00:00,36,31.75,116.5,991.4,56.7
2026-08-09 06:00:00,WP122026,21,2026-08-11 00:00:00,1 days 18:00:00,42,31.88,116.13,992.2,55.5
2026-08-09 06:00:00,WP122026,21,2026-08-11 06:00:00,2 days 00:00:00,48,32.0,115.75,993.0,54.4
2026-08-09 06:00:00,WP122026,21,2026-08-11 12:00:00,2 days 06:00:00,54,31.5,115.12,993.8,53.2
2026-08-09 06:00:00,WP122026,21,2026-08-11 18:00:00,2 days 12:00:00,60,31.0,114.5,994.6,52.1
2026-08-09 06:00:00,WP132026,21,2026-08-09 06:00:00,0 days 00:00:00,0,21.5,142.75,994.1,52.8
2026-08-09 06:00:00,WP132026,21,2026-08-09 12:00:00,0 days 06:00:00,6,21.13,144.25,995.1,51.3
2026-08-09 06:00:00,WP132026,21,2026-08-09 18:00:00,0 days 12:00:00,12,20.75,145.75,996.0,49.9
2026-08-09 06:00:00,WP132026,21,2026-08-10 00:00:00,0 days 18:00:00,18,20.9,148.37,995.4,50.9
2026-08-09 06:00:00,WP132026,21,2026-08-10 06:00:00,1 days 00:00:00,24,21.0,151.0,994.8,51.8
2026-08-09 06:00:00,WP132026,21,2026-08-10 12:00:00,1 days 06:00:00,30,22.26,152.86,992.7,54.9
2026-08-09 06:00:00,WP132026,21,2026-08-10 18:00:00,1 days 12:00:00,36,23.5,154.75,990.6,57.9
2026-08-09 06:00:00,WP132026,21,2026-08-11 00:00:00,1 days 18:00:00,42,25.13,155.74,988.2,61.2
2026-08-09 06:00:00,WP132026,21,2026-08-11 06:00:00,2 days 00:00:00,48,26.75,156.75,985.9,64.5
2026-08-09 06:00:00,WP142026,21,2026-08-09 06:00:00,0 days 00:00:00,0,32.25,150.75,984.2,66.7
2026-08-09 06:00:00,WP142026,21,2026-08-09 12:00:00,0 days 06:00:00,6,32.75,150.5,985.4,65.1
2026-08-09 06:00:00,WP142026,21,2026-08-09 18:00:00,0 days 12:00:00,12,33.25,150.25,986.6,63.5
2026-08-09 06:00:00,WP142026,21,2026-08-10 00:00:00,0 days 18:00:00,18,34.38,149.76,987.5,62.3
2026-08-09 06:00:00,WP142026,21,2026-08-10 06:00:00,1 days 00:00:00,24,35.5,149.25,988.3,61.1
2026-08-09 06:00:00,WP142026,21,2026-08-10 12:00:00,1 days 06:00:00,30,36.26,147.52,987.3,62.5
2026-08-09 06:00:00,WP142026,21,2026-08-10 18:00:00,1 days 12:00:00,36,37.0,145.75,986.2,64.0
2026-08-09 06:00:00,WP982026,21,2026-08-09 06:00:00,0 days 00:00:00,0,22.5,157.25,997.7,47.2
2026-08-09 06:00:00,WP982026,21,2026-08-09 12:00:00,0 days 06:00:00,6,23.38,158.24,998.0,46.8
2026-08-09 06:00:00,WP982026,21,2026-08-09 18:00:00,0 days 12:00:00,12,24.25,159.25,998.2,46.5
2026-08-09 06:00:00,WP982026,21,2026-08-10 00:00:00,0 days 18:00:00,18,24.88,160.12,997.9,47.0
2026-08-09 06:00:00,WP982026,21,2026-08-10 06:00:00,1 days 00:00:00,24,25.5,161.0,997.6,47.5
2026-08-09 06:00:00,WP982026,21,2026-08-10 12:00:00,1 days 06:00:00,30,26.75,161.74,997.1,48.2
2026-08-09 06:00:00,WP982026,21,2026-08-10 18:00:00,1 days 12:00:00,36,28.0,162.5,996.6,49.0
2026-08-09 06:00:00,WP982026,21,2026-08-11 00:00:00,1 days 18:00:00,42,27.4,159.61,991.2,56.7
2026-08-09 06:00:00,WP982026,21,2026-08-11 06:00:00,2 days 00:00:00,48,26.75,156.75,985.9,64.5
2026-08-09 06:00:00,WP982026,21,2026-08-11 12:00:00,2 days 06:00:00,54,27.88,157.37,989.6,59.2
2026-08-09 06:00:00,WP982026,21,2026-08-11 18:00:00,2 days 12:00:00,60,29.0,158.0,993.3,54.0
2026-08-09 06:00:00,WP982026,21,2026-08-12 00:00:00,2 days 18:00:00,66,29.88,159.24,995.6,50.4
2026-08-09 06:00:00,WP982026,21,2026-08-12 06:00:00,3 days 00:00:00,72,30.75,160.5,998.0,46.9
2026-08-09 06:00:00,WP982026,21,2026-08-12 12:00:00,3 days 06:00:00,78,31.76,161.86,998.1,46.6
2026-08-09 06:00:00,WP982026,21,2026-08-12 18:00:00,3 days 12:00:00,84,32.75,163.25,998.3,46.4
2026-08-09 06:00:00,WP982026,21,2026-08-13 00:00:00,3 days 18:00:00,90,32.88,164.25,998.2,46.5
2026-08-09 06:00:00,WP982026,21,2026-08-13 06:00:00,4 days 00:00:00,96,33.0,165.25,998.2,46.6
2026-08-09 06:00:00,WP982026,21,2026-08-13 12:00:00,4 days 06:00:00,102,32.88,166.75,998.0,46.9
2026-08-09 06:00:00,WP982026,21,2026-08-13 18:00:00,4 days 12:00:00,108,32.75,168.25,997.8,47.2
2026-08-09 06:00:00,WP982026,21,2026-08-14 00:00:00,4 days 18:00:00,114,33.23,171.14,997.1,48.2
2026-08-09 06:00:00,WP982026,21,2026-08-14 06:00:00,5 days 00:00:00,120,33.64,174.07,996.5,49.2
2026-08-09 06:00:00,WP982026,21,2026-08-14 12:00:00,5 days 06:00:00,126,33.98,177.03,995.8,50.2
2026-08-09 06:00:00,WP982026,21,2026-08-14 18:00:00,5 days 12:00:00,132,34.25,180.0,995.1,51.2
2026-08-09 06:00:00,WP982026,21,2026-08-15 00:00:00,5 days 18:00:00,138,36.02,-177.68,994.3,52.4
2026-08-09 06:00:00,WP982026,21,2026-08-15 06:00:00,6 days 00:00:00,144,37.75,-175.25,993.5,53.6
2026-08-09 06:00:00,WP982026,21,2026-08-15 12:00:00,6 days 06:00:00,150,37.63,-175.75,995.1,51.2
2026-08-09 06:00:00,WP982026,21,2026-08-15 18:00:00,6 days 12:00:00,156,37.5,-176.25,996.7,48.7
2026-08-09 06:00:00,WP982026,21,2026-08-16 00:00:00,6 days 18:00:00,162,37.38,-176.75,998.3,46.3
2026-08-09 06:00:00,WP982026,21,2026-08-16 06:00:00,7 days 00:00:00,168,37.25,-177.25,999.8,43.9
2026-08-09 06:00:00,WP122026,22,2026-08-09 06:00:00,0 days 00:00:00,0,28.0,121.75,960.5,95.7
2026-08-09 06:00:00,WP122026,22,2026-08-09 12:00:00,0 days 06:00:00,6,27.63,121.12,972.3,81.3
2026-08-09 06:00:00,WP122026,22,2026-08-09 18:00:00,0 days 12:00:00,12,27.25,120.5,984.1,66.9
2026-08-09 06:00:00,WP122026,22,2026-08-10 00:00:00,0 days 18:00:00,18,28.13,119.01,986.0,64.3
2026-08-09 06:00:00,WP122026,22,2026-08-10 06:00:00,1 days 00:00:00,24,29.0,117.5,987.8,61.8
2026-08-09 06:00:00,WP122026,22,2026-08-10 12:00:00,1 days 06:00:00,30,30.0,117.25,989.1,60.0
2026-08-09 06:00:00,WP122026,22,2026-08-10 18:00:00,1 days 12:00:00,36,31.0,117.0,990.3,58.3
2026-08-09 06:00:00,WP122026,22,2026-08-11 00:00:00,1 days 18:00:00,42,31.25,116.38,992.0,55.9
2026-08-09 06:00:00,WP122026,22,2026-08-11 06:00:00,2 days 00:00:00,48,31.5,115.75,993.6,53.5
2026-08-09 06:00:00,WP122026,22,2026-08-11 12:00:00,2 days 06:00:00,54,31.56,115.94,994.2,52.6
2026-08-09 06:00:00,WP122026,22,2026-08-11 18:00:00,2 days 12:00:00,60,31.63,116.12,994.8,51.8
2026-08-09 06:00:00,WP122026,22,2026-08-12 00:00:00,2 days 18:00:00,66,31.69,116.31,995.4,50.9
2026-08-09 06:00:00,WP122026,22,2026-08-12 06:00:00,3 days 00:00:00,72,31.75,116.5,995.9,50.0
2026-08-09 06:00:00,WP142026,22,2026-08-09 06:00:00,0 days 00:00:00,0,32.25,150.75,984.2,66.7
2026-08-09 06:00:00,WP142026,22,2026-08-09 12:00:00,0 days 06:00:00,6,32.63,150.63,986.0,64.2
2026-08-09 06:00:00,WP142026,22,2026-08-09 18:00:00,0 days 12:00:00,12,33.0,150.5,987.9,61.7
2026-08-09 06:00:00,WP142026,22,2026-08-10 00:00:00,0 days 18:00:00,18,33.88,149.88,987.2,62.6
2026-08-09 06:00:00,WP142026,22,2026-08-10 06:00:00,1 days 00:00:00,24,34.75,149.25,986.6,63.5
2026-08-09 06:00:00,WP142026,22,2026-08-10 12:00:00,1 days 06:00:00,30,36.01,147.53,982.3,69.1
2026-08-09 06:00:00,WP142026,22,2026-08-10 18:00:00,1 days 12:00:00,36,37.25,145.75,978.1,74.7
2026-08-09 06:00:00,WP142026,22,2026-08-11 00:00:00,1 days 18:00:00,42,37.39,143.75,980.4,71.7
2026-08-09 06:00:00,WP142026,22,2026-08-11 06:00:00,2 days 00:00:00,48,37.5,141.75,982.8,68.6
2026-08-09 06:00:00,WP142026,22,2026-08-11 12:00:00,2 days 06:00:00,54,37.78,139.26,989.6,59.0
2026-08-09 06:00:00,WP142026,22,2026-08-11 18:00:00,2 days 12:00:00,60,38.0,136.75,996.4,49.3
2026-08-09 06:00:00,WP982026,22,2026-08-09 06:00:00,0 days 00:00:00,0,22.5,157.25,997.7,47.2
2026-08-09 06:00:00,WP982026,22,2026-08-09 12:00:00,0 days 06:00:00,6,21.97,151.73,996.8,48.7
2026-08-09 06:00:00,WP982026,22,2026-08-09 18:00:00,0 days 12:00:00,12,21.25,146.25,995.8,50.3
2026-08-09 06:00:00,WP982026,22,2026-08-10 00:00:00,0 days 18:00:00,18,21.52,148.5,993.2,54.1
2026-08-09 06:00:00,WP982026,22,2026-08-10 06:00:00,1 days 00:00:00,24,21.75,150.75,990.6,57.9
2026-08-09 06:00:00,WP982026,22,2026-08-10 12:00:00,1 days 06:00:00,30,23.01,152.36,989.6,59.3
2026-08-09 06:00:00,WP982026,22,2026-08-10 18:00:00,1 days 12:00:00,36,24.25,154.0,988.7,60.6
2026-08-09 06:00:00,WP982026,22,2026-08-11 00:00:00,1 days 18:00:00,42,25.76,155.36,989.0,60.1
2026-08-09 06:00:00,WP982026,22,2026-08-11 06:00:00,2 days 00:00:00,48,27.25,156.75,989.3,59.7
2026-08-09 06:00:00,WP982026,22,2026-08-11 12:00:00,2 days 06:00:00,54,28.63,157.37,990.8,57.5
2026-08-09 06:00:00,WP982026,22,2026-08-11 18:00:00,2 days 12:00:00,60,30.0,158.0,992.4,55.4
2026-08-09 06:00:00,WP982026,22,2026-08-12 00:00:00,2 days 18:00:00,66,30.5,158.99,994.6,52.0
2026-08-09 06:00:00,WP982026,22,2026-08-12 06:00:00,3 days 00:00:00,72,31.0,160.0,996.8,48.7
2026-08-09 06:00:00,WP982026,22,2026-08-12 12:00:00,3 days 06:00:00,78,31.51,161.49,997.6,47.4
2026-08-09 06:00:00,WP982026,22,2026-08-12 18:00:00,3 days 12:00:00,84,32.0,163.0,998.5,46.0
2026-08-09 06:00:00,WP982026,22,2026-08-13 00:00:00,3 days 18:00:00,90,32.4,165.74,997.5,47.6
2026-08-09 06:00:00,WP982026,22,2026-08-13 06:00:00,4 days 00:00:00,96,32.75,168.5,996.5,49.1
2026-08-09 06:00:00,WP982026,22,2026-08-13 12:00:00,4 days 06:00:00,102,33.29,171.48,992.6,54.9
2026-08-09 06:00:00,WP982026,22,2026-08-13 18:00:00,4 days 12:00:00,108,33.75,174.5,988.6,60.7
2026-08-09 06:00:00,WP982026,22,2026-08-14 00:00:00,4 days 18:00:00,114,35.9,177.05,988.1,61.4
2026-08-09 06:00:00,WP982026,22,2026-08-14 06:00:00,5 days 00:00:00,120,38.0,179.75,987.6,62.0
2026-08-09 06:00:00,WP982026,22,2026-08-14 12:00:00,5 days 06:00:00,126,39.76,-179.03,987.3,62.6
2026-08-09 06:00:00,WP982026,22,2026-08-14 18:00:00,5 days 12:00:00,132,41.5,-177.75,986.9,63.1
2026-08-09 06:00:00,WP982026,22,2026-08-15 00:00:00,5 days 18:00:00,138,43.02,-175.92,991.0,57.2
2026-08-09 06:00:00,WP982026,22,2026-08-15 06:00:00,6 days 00:00:00,144,44.5,-174.0,995.1,51.3
2026-08-09 06:00:00,WP982026,22,2026-08-15 12:00:00,6 days 06:00:00,150,44.88,-173.88,997.7,47.1
2026-08-09 06:00:00,WP982026,22,2026-08-15 18:00:00,6 days 12:00:00,156,45.25,-173.75,1000.4,43.0
2026-08-09 06:00:00,WP122026,23,2026-08-09 06:00:00,0 days 00:00:00,0,28.0,121.75,960.5,95.7
2026-08-09 06:00:00,WP122026,23,2026-08-09 12:00:00,0 days 06:00:00,6,27.88,120.87,970.8,83.3
2026-08-09 06:00:00,WP122026,23,2026-08-09 18:00:00,0 days 12:00:00,12,27.75,120.0,981.0,70.9
2026-08-09 06:00:00,WP122026,23,2026-08-10 00:00:00,0 days 18:00:00,18,28.25,119.0,984.3,66.6
2026-08-09 06:00:00,WP122026,23,2026-08-10 06:00:00,1 days 00:00:00,24,28.75,118.0,987.5,62.3
2026-08-09 06:00:00,WP122026,23,2026-08-10 12:00:00,1 days 06:00:00,30,29.63,117.5,988.7,60.6
2026-08-09 06:00:00,WP122026,23,2026-08-10 18:00:00,1 days 12:00:00,36,30.5,117.0,989.8,59.0
2026-08-09 06:00:00,WP122026,23,2026-08-11 00:00:00,1 days 18:00:00,42,31.13,116.75,991.0,57.3
2026-08-09 06:00:00,WP122026,23,2026-08-11 06:00:00,2 days 00:00:00,48,31.75,116.5,992.2,55.6
2026-08-09 06:00:00,WP122026,23,2026-08-11 12:00:00,2 days 06:00:00,54,31.38,115.37,993.2,54.1
2026-08-09 06:00:00,WP122026,23,2026-08-11 18:00:00,2 days 12:00:00,60,31.0,114.25,994.2,52.6
2026-08-09 06:00:00,WP122026,23,2026-08-12 00:00:00,2 days 18:00:00,66,31.38,115.37,994.9,51.6
2026-08-09 06:00:00,WP122026,23,2026-08-12 06:00:00,3 days 00:00:00,72,31.75,116.5,995.6,50.5
2026-08-09 06:00:00,WP142026,23,2026-08-09 06:00:00,0 days 00:00:00,0,32.25,150.75,984.2,66.7
2026-08-09 06:00:00,WP142026,23,2026-08-09 12:00:00,0 days 06:00:00,6,32.62,150.75,985.8,64.6
2026-08-09 06:00:00,WP142026,23,2026-08-09 18:00:00,0 days 12:00:00,12,33.0,150.75,987.3,62.5
2026-08-09 06:00:00,WP142026,23,2026-08-10 00:00:00,0 days 18:00:00,18,34.0,150.01,987.8,61.8
2026-08-09 06:00:00,WP142026,23,2026-08-10 06:00:00,1 days 00:00:00,24,35.0,149.25,988.3,61.1
2026-08-09 06:00:00,WP142026,23,2026-08-10 12:00:00,1 days 06:00:00,30,35.76,147.52,983.5,67.5
2026-08-09 06:00:00,WP142026,23,2026-08-10 18:00:00,1 days 12:00:00,36,36.5,145.75,978.7,73.9
2026-08-09 06:00:00,WP142026,23,2026-08-11 00:00:00,1 days 18:00:00,42,37.02,143.64,981.7,70.0
2026-08-09 06:00:00,WP142026,23,2026-08-11 06:00:00,2 days 00:00:00,48,37.5,141.5,984.7,66.0
2026-08-09 06:00:00,WP982026,23,2026-08-09 06:00:00,0 days 00:00:00,0,22.5,157.25,997.7,47.2
2026-08-09 06:00:00,WP982026,23,2026-08-09 12:00:00,0 days 06:00:00,6,21.59,151.59,996.6,48.9
2026-08-09 06:00:00,WP982026,23,2026-08-09 18:00:00,0 days 12:00:00,12,20.5,146.0,995.5,50.7
2026-08-09 06:00:00,WP982026,23,2026-08-10 00:00:00,0 days 18:00:00,18,20.64,148.37,994.8,51.7
2026-08-09 06:00:00,WP982026,23,2026-08-10 06:00:00,1 days 00:00:00,24,20.75,150.75,994.1,52.8
2026-08-09 06:00:00,WP982026,23,2026-08-10 12:00:00,1 days 06:00:00,30,22.01,152.61,992.5,55.1
2026-08-09 06:00:00,WP982026,23,2026-08-10 18:00:00,1 days 12:00:00,36,23.25,154.5,990.9,57.5
2026-08-09 06:00:00,WP982026,23,2026-08-11 00:00:00,1 days 18:00:00,42,25.0,155.49,989.1,60.0
2026-08-09 06:00:00,WP982026,23,2026-08-11 06:00:00,2 days 00:00:00,48,26.75,156.5,987.3,62.6
2026-08-09 06:00:00,WP982026,23,2026-08-11 12:00:00,2 days 06:00:00,54,28.0,157.36,987.6,62.1
2026-08-09 06:00:00,WP982026,23,2026-08-11 18:00:00,2 days 12:00:00,60,29.25,158.25,987.9,61.7
2026-08-09 06:00:00,WP982026,23,2026-08-12 00:00:00,2 days 18:00:00,66,30.25,158.99,989.6,59.3
2026-08-09 06:00:00,WP982026,23,2026-08-12 06:00:00,3 days 00:00:00,72,31.25,159.75,991.2,57.0
2026-08-09 06:00:00,WP982026,23,2026-08-12 12:00:00,3 days 06:00:00,78,31.75,160.74,992.6,55.0
2026-08-09 06:00:00,WP982026,23,2026-08-12 18:00:00,3 days 12:00:00,84,32.25,161.75,994.0,53.0
2026-08-09 06:00:00,WP982026,23,2026-08-13 00:00:00,3 days 18:00:00,90,31.76,163.01,995.4,50.8
2026-08-09 06:00:00,WP982026,23,2026-08-13 06:00:00,4 days 00:00:00,96,31.25,164.25,996.9,48.6
2026-08-09 06:00:00,WP982026,23,2026-08-13 12:00:00,4 days 06:00:00,102,31.27,166.38,996.9,48.5
2026-08-09 06:00:00,WP982026,23,2026-08-13 18:00:00,4 days 12:00:00,108,31.25,168.5,997.0,48.4
2026-08-09 06:00:00,WP982026,23,2026-08-14 00:00:00,4 days 18:00:00,114,31.14,170.75,996.8,48.7
2026-08-09 06:00:00,WP982026,23,2026-08-14 06:00:00,5 days 00:00:00,120,31.0,173.0,996.6,48.9
2026-08-09 06:00:00,WP122026,24,2026-08-09 06:00:00,0 days 00:00:00,0,28.0,121.75,960.5,95.7
2026-08-09 06:00:00,WP122026,24,2026-08-09 12:00:00,0 days 06:00:00,6,28.25,120.88,971.6,82.2
2026-08-09 06:00:00,WP122026,24,2026-08-09 18:00:00,0 days 12:00:00,12,28.5,120.0,982.6,68.8
2026-08-09 06:00:00,WP122026,24,2026-08-10 00:00:00,0 days 18:00:00,18,28.88,118.63,985.6,64.8
2026-08-09 06:00:00,WP122026,24,2026-08-10 06:00:00,1 days 00:00:00,24,29.25,117.25,988.5,60.9
2026-08-09 06:00:00,WP122026,24,2026-08-10 12:00:00,1 days 06:00:00,30,30.0,117.25,990.1,58.6
2026-08-09 06:00:00,WP122026,24,2026-08-10 18:00:00,1 days 12:00:00,36,30.75,117.25,991.8,56.2
2026-08-09 06:00:00,WP122026,24,2026-08-11 00:00:00,1 days 18:00:00,42,31.25,116.88,993.0,54.4
2026-08-09 06:00:00,WP122026,24,2026-08-11 06:00:00,2 days 00:00:00,48,31.75,116.5,994.3,52.6
2026-08-09 06:00:00,WP142026,24,2026-08-09 06:00:00,0 days 00:00:00,0,32.25,150.75,984.2,66.7
2026-08-09 06:00:00,WP142026,24,2026-08-09 12:00:00,0 days 06:00:00,6,32.75,150.5,985.5,64.9
2026-08-09 06:00:00,WP142026,24,2026-08-09 18:00:00,0 days 12:00:00,12,33.25,150.25,986.8,63.2
2026-08-09 06:00:00,WP142026,24,2026-08-10 00:00:00,0 days 18:00:00,18,34.0,149.51,985.6,64.8
2026-08-09 06:00:00,WP142026,24,2026-08-10 06:00:00,1 days 00:00:00,24,34.75,148.75,984.4,66.4
2026-08-09 06:00:00,WP142026,24,2026-08-10 12:00:00,1 days 06:00:00,30,35.51,147.39,982.6,68.9
2026-08-09 06:00:00,WP142026,24,2026-08-10 18:00:00,1 days 12:00:00,36,36.25,146.0,980.7,71.3
2026-08-09 06:00:00,WP142026,24,2026-08-11 00:00:00,1 days 18:00:00,42,36.26,144.12,977.9,74.9
2026-08-09 06:00:00,WP142026,24,2026-08-11 06:00:00,2 days 00:00:00,48,36.25,142.25,975.0,78.5
2026-08-09 06:00:00,WP142026,24,2026-08-11 12:00:00,2 days 06:00:00,54,36.26,140.88,981.8,69.6
2026-08-09 06:00:00,WP142026,24,2026-08-11 18:00:00,2 days 12:00:00,60,36.25,139.5,988.6,60.8
2026-08-09 06:00:00,WP982026,24,2026-08-09 06:00:00,0 days 00:00:00,0,22.5,157.25,997.7,47.2
2026-08-09 06:00:00,WP982026,24,2026-08-09 12:00:00,0 days 06:00:00,6,23.38,158.62,998.0,46.9
2026-08-09 06:00:00,WP982026,24,2026-08-09 18:00:00,0 days 12:00:00,12,24.25,160.0,998.2,46.6
2026-08-09 06:00:00,WP982026,24,2026-08-10 00:00:00,0 days 18:00:00,18,24.88,160.12,998.3,46.4
2026-08-09 06:00:00,WP982026,24,2026-08-10 06:00:00,1 days 00:00:00,24,25.5,160.25,998.4,46.2
2026-08-09 06:00:00,WP982026,24,2026-08-10 12:00:00,1 days 06:00:00,30,24.4,157.22,995.7,50.3
2026-08-09 06:00:00,WP982026,24,2026-08-10 18:00:00,1 days 12:00:00,36,23.25,154.25,993.0,54.5
2026-08-09 06:00:00,WP982026,24,2026-08-11 00:00:00,1 days 18:00:00,42,24.63,155.73,992.1,55.7
2026-08-09 06:00:00,WP982026,24,2026-08-11 06:00:00,2 days 00:00:00,48,26.0,157.25,991.3,56.9
2026-08-09 06:00:00,WP982026,24,2026-08-11 12:00:00,2 days 06:00:00,54,27.38,157.74,992.4,55.3
2026-08-09 06:00:00,WP982026,24,2026-08-11 18:00:00,2 days 12:00:00,60,28.75,158.25,993.6,53.6
2026-08-09 06:00:00,WP982026,24,2026-08-12 00:00:00,2 days 18:00:00,66,29.63,159.37,995.4,50.9
2026-08-09 06:00:00,WP982026,24,2026-08-12 06:00:00,3 days 00:00:00,72,30.5,160.5,997.2,48.1
2026-08-09 06:00:00,WP982026,24,2026-08-12 12:00:00,3 days 06:00:00,78,30.88,161.87,997.4,47.7
2026-08-09 06:00:00,WP982026,24,2026-08-12 18:00:00,3 days 12:00:00,84,31.25,163.25,997.7,47.3
2026-08-09 06:00:00,WP122026,25,2026-08-09 06:00:00,0 days 00:00:00,0,28.0,121.75,960.5,95.7
2026-08-09 06:00:00,WP122026,25,2026-08-09 12:00:00,0 days 06:00:00,6,27.88,120.75,970.6,83.5
2026-08-09 06:00:00,WP122026,25,2026-08-09 18:00:00,0 days 12:00:00,12,27.75,119.75,980.7,71.3
2026-08-09 06:00:00,WP122026,25,2026-08-10 00:00:00,0 days 18:00:00,18,28.63,119.25,984.6,66.1
2026-08-09 06:00:00,WP122026,25,2026-08-10 06:00:00,1 days 00:00:00,24,29.5,118.75,988.5,60.9
2026-08-09 06:00:00,WP122026,25,2026-08-10 12:00:00,1 days 06:00:00,30,30.0,117.88,989.7,59.2
2026-08-09 06:00:00,WP122026,25,2026-08-10 18:00:00,1 days 12:00:00,36,30.5,117.0,990.9,57.4
2026-08-09 06:00:00,WP122026,25,2026-08-11 00:00:00,1 days 18:00:00,42,30.63,115.75,991.5,56.6
2026-08-09 06:00:00,WP122026,25,2026-08-11 06:00:00,2 days 00:00:00,48,30.75,114.5,992.1,55.8
2026-08-09 06:00:00,WP122026,25,2026-08-11 12:00:00,2 days 06:00:00,54,30.94,115.06,992.8,54.7
2026-08-09 06:00:00,WP122026,25,2026-08-11 18:00:00,2 days 12:00:00,60,31.13,115.62,993.5,53.7
2026-08-09 06:00:00,WP122026,25,2026-08-12 00:00:00,2 days 18:00:00,66,31.32,116.18,994.2,52.6
2026-08-09 06:00:00,WP122026,25,2026-08-12 06:00:00,3 days 00:00:00,72,31.5,116.75,994.9,51.5
2026-08-09 06:00:00,WP142026,25,2026-08-09 06:00:00,0 days 00:00:00,0,32.25,150.75,984.2,66.7
2026-08-09 06:00:00,WP142026,25,2026-08-09 12:00:00,0 days 06:00:00,6,32.75,150.63,985.8,64.6
2026-08-09 06:00:00,WP142026,25,2026-08-09 18:00:00,0 days 12:00:00,12,33.25,150.5,987.3,62.5
2026-08-09 06:00:00,WP142026,25,2026-08-10 00:00:00,0 days 18:00:00,18,34.13,149.88,987.1,62.8
2026-08-09 06:00:00,WP142026,25,2026-08-10 06:00:00,1 days 00:00:00,24,35.0,149.25,986.9,63.1
2026-08-09 06:00:00,WP142026,25,2026-08-10 12:00:00,1 days 06:00:00,30,35.64,147.39,984.3,66.5
2026-08-09 06:00:00,WP142026,25,2026-08-10 18:00:00,1 days 12:00:00,36,36.25,145.5,981.8,69.9
2026-08-09 06:00:00,WP142026,25,2026-08-11 00:00:00,1 days 18:00:00,42,36.13,144.12,983.5,67.6
2026-08-09 06:00:00,WP142026,25,2026-08-11 06:00:00,2 days 00:00:00,48,36.0,142.75,985.3,65.2
2026-08-09 06:00:00,WP142026,25,2026-08-11 12:00:00,2 days 06:00:00,54,36.01,141.12,989.5,59.3
2026-08-09 06:00:00,WP142026,25,2026-08-11 18:00:00,2 days 12:00:00,60,36.0,139.5,993.6,53.5
2026-08-09 06:00:00,WP982026,25,2026-08-09 06:00:00,0 days 00:00:00,0,22.5,157.25,997.7,47.2
2026-08-09 06:00:00,WP982026,25,2026-08-09 12:00:00,0 days 06:00:00,6,21.59,151.71,997.6,47.4
2026-08-09 06:00:00,WP982026,25,2026-08-09 18:00:00,0 days 12:00:00,12,20.5,146.25,997.5,47.6
2026-08-09 06:00:00,WP982026,25,2026-08-10 00:00:00,0 days 18:00:00,18,20.9,148.87,995.9,50.1
2026-08-09 06:00:00,WP982026,25,2026-08-10 06:00:00,1 days 00:00:00,24,21.25,151.5,994.3,52.5
2026-08-09 06:00:00,WP982026,25,2026-08-10 12:00:00,1 days 06:00:00,30,22.01,153.49,995.7,50.3
2026-08-09 06:00:00,WP982026,25,2026-08-10 18:00:00,1 days 12:00:00,36,22.75,155.5,997.2,48.1
2026-08-09 06:00:00,WP982026,25,2026-08-11 00:00:00,1 days 18:00:00,42,24.26,157.35,996.6,49.1
2026-08-09 06:00:00,WP982026,25,2026-08-11 06:00:00,2 days 00:00:00,48,25.75,159.25,995.9,50.1
2026-08-09 06:00:00,WP982026,25,2026-08-11 12:00:00,2 days 06:00:00,54,27.25,160.24,997.1,48.3
2026-08-09 06:00:00,WP982026,25,2026-08-11 18:00:00,2 days 12:00:00,60,28.75,161.25,998.2,46.5
2026-08-09 06:00:00,WP122026,26,2026-08-09 06:00:00,0 days 00:00:00,0,28.0,121.75,960.5,95.7
2026-08-09 06:00:00,WP122026,26,2026-08-09 12:00:00,0 days 06:00:00,6,27.88,121.12,971.3,82.6
2026-08-09 06:00:00,WP122026,26,2026-08-09 18:00:00,0 days 12:00:00,12,27.75,120.5,982.1,69.5
2026-08-09 06:00:00,WP122026,26,2026-08-10 00:00:00,0 days 18:00:00,18,28.38,119.01,985.3,65.1
2026-08-09 06:00:00,WP122026,26,2026-08-10 06:00:00,1 days 00:00:00,24,29.0,117.5,988.5,60.8
2026-08-09 06:00:00,WP122026,26,2026-08-10 12:00:00,1 days 06:00:00,30,29.75,117.25,990.0,58.8
2026-08-09 06:00:00,WP122026,26,2026-08-10 18:00:00,1 days 12:00:00,36,30.5,117.0,991.4,56.7
2026-08-09 06:00:00,WP122026,26,2026-08-11 00:00:00,1 days 18:00:00,42,31.25,116.01,991.8,56.2
2026-08-09 06:00:00,WP122026,26,2026-08-11 06:00:00,2 days 00:00:00,48,32.0,115.0,992.2,55.6
2026-08-09 06:00:00,WP122026,26,2026-08-11 12:00:00,2 days 06:00:00,54,32.13,114.63,993.9,53.0
2026-08-09 06:00:00,WP122026,26,2026-08-11 18:00:00,2 days 12:00:00,60,32.25,114.25,995.7,50.4
2026-08-09 06:00:00,WP142026,26,2026-08-09 06:00:00,0 days 00:00:00,0,32.25,150.75,984.2,66.7
2026-08-09 06:00:00,WP142026,26,2026-08-09 12:00:00,0 days 06:00:00,6,32.63,150.5,984.1,66.8
2026-08-09 06:00:00,WP142026,26,2026-08-09 18:00:00,0 days 12:00:00,12,33.0,150.25,984.0,66.9
2026-08-09 06:00:00,WP142026,26,2026-08-10 00:00:00,0 days 18:00:00,18,33.63,149.51,984.2,66.7
2026-08-09 06:00:00,WP142026,26,2026-08-10 06:00:00,1 days 00:00:00,24,34.25,148.75,984.4,66.5
2026-08-09 06:00:00,WP142026,26,2026-08-10 12:00:00,1 days 06:00:00,30,35.38,147.27,981.6,70.0
2026-08-09 06:00:00,WP142026,26,2026-08-10 18:00:00,1 days 12:00:00,36,36.5,145.75,978.9,73.6
2026-08-09 06:00:00,WP142026,26,2026-08-11 00:00:00,1 days 18:00:00,42,36.64,143.75,979.5,72.9
2026-08-09 06:00:00,WP142026,26,2026-08-11 06:00:00,2 days 00:00:00,48,36.75,141.75,980.0,72.2
2026-08-09 06:00:00,WP142026,26,2026-08-11 12:00:00,2 days 06:00:00,54,37.02,139.76,987.1,62.4
2026-08-09 06:00:00,WP142026,26,2026-08-11 18:00:00,2 days 12:00:00,60,37.25,137.75,994.2,52.6
2026-08-09 06:00:00,WP982026,26,2026-08-09 06:00:00,0 days 00:00:00,0,22.5,157.25,997.7,47.2
2026-08-09 06:00:00,WP982026,26,2026-08-09 12:00:00,0 days 06:00:00,6,23.13,158.74,997.7,47.3
2026-08-09 06:00:00,WP982026,26,2026-08-09 18:00:00,0 days 12:00:00,12,23.75,160.25,997.7,47.4
2026-08-09 06:00:00,WP982026,26,2026-08-10 00:00:00,0 days 18:00:00,18,24.5,160.5,996.9,48.5
2026-08-09 06:00:00,WP982026,26,2026-08-10 06:00:00,1 days 00:00:00,24,25.25,160.75,996.2,49.7
2026-08-09 06:00:00,WP982026,26,2026-08-10 12:00:00,1 days 06:00:00,30,23.91,157.59,995.2,51.2
2026-08-09 06:00:00,WP982026,26,2026-08-10 18:00:00,1 days 12:00:00,36,22.5,154.5,994.2,52.6
2026-08-09 06:00:00,WP982026,26,2026-08-11 00:00:00,1 days 18:00:00,42,23.76,155.74,995.1,51.3
2026-08-09 06:00:00,WP982026,26,2026-08-11 06:00:00,2 days 00:00:00,48,25.0,157.0,996.0,49.9
2026-08-09 06:00:00,WP982026,26,2026-08-11 12:00:00,2 days 06:00:00,54,26.26,158.36,997.4,47.8
2026-08-09 06:00:00,WP982026,26,2026-08-11 18:00:00,2 days 12:00:00,60,27.5,159.75,998.8,45.6
2026-08-09 06:00:00,WP982026,26,2026-08-12 00:00:00,2 days 18:00:00,66,27.29,156.67,997.0,48.3
2026-08-09 06:00:00,WP982026,26,2026-08-12 06:00:00,3 days 00:00:00,72,27.01,153.59,995.2,50.9
2026-08-09 06:00:00,WP982026,26,2026-08-12 12:00:00,3 days 06:00:00,78,26.66,150.53,993.5,53.6
2026-08-09 06:00:00,WP982026,26,2026-08-12 18:00:00,3 days 12:00:00,84,26.25,147.5,991.7,56.3
2026-08-09 06:00:00,WP982026,26,2026-08-13 00:00:00,3 days 18:00:00,90,27.63,148.86,991.8,56.2
2026-08-09 06:00:00,WP982026,26,2026-08-13 06:00:00,4 days 00:00:00,96,29.0,150.25,991.9,56.0
2026-08-09 06:00:00,WP982026,26,2026-08-13 12:00:00,4 days 06:00:00,102,29.57,150.99,993.2,54.1
2026-08-09 06:00:00,WP982026,26,2026-08-13 18:00:00,4 days 12:00:00,108,30.13,151.73,994.4,52.3
2026-08-09 06:00:00,WP982026,26,2026-08-14 00:00:00,4 days 18:00:00,114,30.69,152.49,995.6,50.4
2026-08-09 06:00:00,WP982026,26,2026-08-14 06:00:00,5 days 00:00:00,120,31.25,153.25,996.9,48.6
2026-08-09 06:00:00,WP982026,26,2026-08-14 12:00:00,5 days 06:00:00,126,31.63,154.25,999.3,44.6
2026-08-09 06:00:00,WP982026,26,2026-08-14 18:00:00,5 days 12:00:00,132,32.0,155.25,1001.8,40.7
2026-08-09 06:00:00,WP122026,27,2026-08-09 06:00:00,0 days 00:00:00,0,28.0,121.75,960.5,95.7
2026-08-09 06:00:00,WP122026,27,2026-08-09 12:00:00,0 days 06:00:00,6,28.0,120.88,971.4,82.4
2026-08-09 06:00:00,WP122026,27,2026-08-09 18:00:00,0 days 12:00:00,12,28.0,120.0,982.4,69.2
2026-08-09 06:00:00,WP122026,27,2026-08-10 00:00:00,0 days 18:00:00,18,28.5,119.5,985.6,64.7
2026-08-09 06:00:00,WP122026,27,2026-08-10 06:00:00,1 days 00:00:00,24,29.0,119.0,988.9,60.3
2026-08-09 06:00:00,WP122026,27,2026-08-10 12:00:00,1 days 06:00:00,30,29.88,118.13,989.9,58.9
2026-08-09 06:00:00,WP122026,27,2026-08-10 18:00:00,1 days 12:00:00,36,30.75,117.25,991.0,57.4
2026-08-09 06:00:00,WP122026,27,2026-08-11 00:00:00,1 days 18:00:00,42,30.88,115.88,991.7,56.3
2026-08-09 06:00:00,WP122026,27,2026-08-11 06:00:00,2 days 00:00:00,48,31.0,114.5,992.4,55.2
2026-08-09 06:00:00,WP122026,27,2026-08-11 12:00:00,2 days 06:00:00,54,30.88,114.25,993.2,54.1
2026-08-09 06:00:00,WP122026,27,2026-08-11 18:00:00,2 days 12:00:00,60,30.75,114.0,994.0,53.0
2026-08-09 06:00:00,WP122026,27,2026-08-12 00:00:00,2 days 18:00:00,66,31.13,115.37,994.2,52.7
2026-08-09 06:00:00,WP122026,27,2026-08-12 06:00:00,3 days 00:00:00,72,31.5,116.75,994.4,52.4
2026-08-09 06:00:00,WP132026,27,2026-08-09 06:00:00,0 days 00:00:00,0,21.5,142.75,994.1,52.8
2026-08-09 06:00:00,WP132026,27,2026-08-09 12:00:00,0 days 06:00:00,6,21.01,144.51,994.8,51.7
2026-08-09 06:00:00,WP132026,27,2026-08-09 18:00:00,0 days 12:00:00,12,20.5,146.25,995.6,50.6
2026-08-09 06:00:00,WP132026,27,2026-08-10 00:00:00,0 days 18:00:00,18,20.77,148.87,995.0,51.5
2026-08-09 06:00:00,WP132026,27,2026-08-10 06:00:00,1 days 00:00:00,24,21.0,151.5,994.4,52.4
2026-08-09 06:00:00,WP132026,27,2026-08-10 12:00:00,1 days 06:00:00,30,22.51,153.35,993.2,54.1
2026-08-09 06:00:00,WP132026,27,2026-08-10 18:00:00,1 days 12:00:00,36,24.0,155.25,992.0,55.8
2026-08-09 06:00:00,WP132026,27,2026-08-11 00:00:00,1 days 18:00:00,42,25.01,156.99,993.0,54.5
2026-08-09 06:00:00,WP132026,27,2026-08-11 06:00:00,2 days 00:00:00,48,26.0,158.75,993.9,53.1
2026-08-09 06:00:00,WP142026,27,2026-08-09 06:00:00,0 days 00:00:00,0,32.25,150.75,984.2,66.7
2026-08-09 06:00:00,WP142026,27,2026-08-09 12:00:00,0 days 06:00:00,6,32.75,150.63,986.1,64.1
2026-08-09 06:00:00,WP142026,27,2026-08-09 18:00:00,0 days 12:00:00,12,33.25,150.5,988.0,61.6
2026-08-09 06:00:00,WP142026,27,2026-08-10 00:00:00,0 days 18:00:00,18,33.88,149.88,986.9,63.0
2026-08-09 06:00:00,WP142026,27,2026-08-10 06:00:00,1 days 00:00:00,24,34.5,149.25,985.9,64.4
2026-08-09 06:00:00,WP142026,27,2026-08-10 12:00:00,1 days 06:00:00,30,35.76,147.53,984.0,66.9
2026-08-09 06:00:00,WP142026,27,2026-08-10 18:00:00,1 days 12:00:00,36,37.0,145.75,982.1,69.4
2026-08-09 06:00:00,WP142026,27,2026-08-11 00:00:00,1 days 18:00:00,42,36.89,143.87,981.8,69.8
2026-08-09 06:00:00,WP142026,27,2026-08-11 06:00:00,2 days 00:00:00,48,36.75,142.0,981.5,70.2
2026-08-09 06:00:00,WP142026,27,2026-08-11 12:00:00,2 days 06:00:00,54,35.4,139.46,989.3,59.3
2026-08-09 06:00:00,WP142026,27,2026-08-11 18:00:00,2 days 12:00:00,60,34.0,137.0,997.0,48.3
2026-08-09 06:00:00,WP142026,27,2026-08-12 00:00:00,2 days 18:00:00,66,35.51,135.65,997.5,47.7
2026-08-09 06:00:00,WP142026,27,2026-08-12 06:00:00,3 days 00:00:00,72,37.0,134.25,997.9,47.0
2026-08-09 06:00:00,WP982026,27,2026-08-09 06:00:00,0 days 00:00:00,0,22.5,157.25,997.7,47.2
2026-08-09 06:00:00,WP982026,27,2026-08-09 12:00:00,0 days 06:00:00,6,23.38,158.12,997.9,47.0
2026-08-09 06:00:00,WP982026,27,2026-08-09 18:00:00,0 days 12:00:00,12,24.25,159.0,998.0,46.8
2026-08-09 06:00:00,WP982026,27,2026-08-10 00:00:00,0 days 18:00:00,18,25.25,160.12,997.1,48.2
2026-08-09 06:00:00,WP982026,27,2026-08-10 06:00:00,1 days 00:00:00,24,26.25,161.25,996.3,49.5
2026-08-09 06:00:00,WP982026,27,2026-08-10 12:00:00,1 days 06:00:00,30,27.13,161.13,995.9,50.0
2026-08-09 06:00:00,WP982026,27,2026-08-10 18:00:00,1 days 12:00:00,36,28.0,161.0,995.6,50.5
2026-08-09 06:00:00,WP982026,27,2026-08-11 00:00:00,1 days 18:00:00,42,27.0,159.86,994.7,51.8
2026-08-09 06:00:00,WP982026,27,2026-08-11 06:00:00,2 days 00:00:00,48,26.0,158.75,993.9,53.1
2026-08-09 06:00:00,WP982026,27,2026-08-11 12:00:00,2 days 06:00:00,54,27.63,159.49,993.7,53.4
2026-08-09 06:00:00,WP982026,27,2026-08-11 18:00:00,2 days 12:00:00,60,29.25,160.25,993.5,53.7
2026-08-09 06:00:00,WP982026,27,2026-08-12 00:00:00,2 days 18:00:00,66,30.75,160.62,994.2,52.6
2026-08-09 06:00:00,WP982026,27,2026-08-12 06:00:00,3 days 00:00:00,72,32.25,161.0,995.0,51.5
2026-08-09 06:00:00,WP982026,27,2026-08-12 12:00:00,3 days 06:00:00,78,32.38,161.25,996.3,49.4
2026-08-09 06:00:00,WP982026,27,2026-08-12 18:00:00,3 days 12:00:00,84,32.5,161.5,997.7,47.3
2026-08-09 06:00:00,WP982026,27,2026-08-13 00:00:00,3 days 18:00:00,90,32.63,162.37,998.1,46.6
2026-08-09 06:00:00,WP982026,27,2026-08-13 06:00:00,4 days 00:00:00,96,32.75,163.25,998.5,46.0
2026-08-09 06:00:00,WP122026,28,2026-08-09 06:00:00,0 days 00:00:00,0,28.0,121.75,960.5,95.7
2026-08-09 06:00:00,WP122026,28,2026-08-09 12:00:00,0 days 06:00:00,6,28.01,120.38,971.6,82.2
2026-08-09 06:00:00,WP122026,28,2026-08-09 18:00:00,0 days 12:00:00,12,28.0,119.0,982.7,68.6
2026-08-09 06:00:00,WP122026,28,2026-08-10 00:00:00,0 days 18:00:00,18,28.63,118.51,984.8,65.8
2026-08-09 06:00:00,WP122026,28,2026-08-10 06:00:00,1 days 00:00:00,24,29.25,118.01,986.9,63.0
2026-08-09 06:00:00,WP122026,28,2026-08-10 12:00:00,1 days 06:00:00,30,29.88,117.51,989.0,60.1
2026-08-09 06:00:00,WP122026,28,2026-08-10 18:00:00,1 days 12:00:00,36,30.5,117.0,991.0,57.3
2026-08-09 06:00:00,WP122026,28,2026-08-11 00:00:00,1 days 18:00:00,42,31.25,116.5,991.8,56.1
2026-08-09 06:00:00,WP122026,28,2026-08-11 06:00:00,2 days 00:00:00,48,32.0,116.0,992.6,55.0
2026-08-09 06:00:00,WP122026,28,2026-08-11 12:00:00,2 days 06:00:00,54,32.5,115.88,993.3,54.0
2026-08-09 06:00:00,WP122026,28,2026-08-11 18:00:00,2 days 12:00:00,60,33.0,115.75,994.0,52.9
2026-08-09 06:00:00,WP142026,28,2026-08-09 06:00:00,0 days 00:00:00,0,32.25,150.75,984.2,66.7
2026-08-09 06:00:00,WP142026,28,2026-08-09 12:00:00,0 days 06:00:00,6,32.63,150.63,986.3,63.8
2026-08-09 06:00:00,WP142026,28,2026-08-09 18:00:00,0 days 12:00:00,12,33.0,150.5,988.5,60.9
2026-08-09 06:00:00,WP142026,28,2026-08-10 00:00:00,0 days 18:00:00,18,33.63,149.76,988.1,61.3
2026-08-09 06:00:00,WP142026,28,2026-08-10 06:00:00,1 days 00:00:00,24,34.25,149.0,987.8,61.8
2026-08-09 06:00:00,WP142026,28,2026-08-10 12:00:00,1 days 06:00:00,30,35.01,147.76,984.8,65.9
2026-08-09 06:00:00,WP142026,28,2026-08-10 18:00:00,1 days 12:00:00,36,35.75,146.5,981.7,70.0
2026-08-09 06:00:00,WP142026,28,2026-08-11 00:00:00,1 days 18:00:00,42,35.77,144.5,981.3,70.5
2026-08-09 06:00:00,WP142026,28,2026-08-11 06:00:00,2 days 00:00:00,48,35.75,142.5,980.9,71.0
2026-08-09 06:00:00,WP142026,28,2026-08-11 12:00:00,2 days 06:00:00,54,35.26,141.12,983.0,68.3
2026-08-09 06:00:00,WP142026,28,2026-08-11 18:00:00,2 days 12:00:00,60,34.75,139.75,985.0,65.6
2026-08-09 06:00:00,WP142026,28,2026-08-12 00:00:00,2 days 18:00:00,66,34.51,138.12,990.7,57.5
2026-08-09 06:00:00,WP142026,28,2026-08-12 06:00:00,3 days 00:00:00,72,34.25,136.5,996.4,49.4
2026-08-09 06:00:00,WP982026,28,2026-08-09 06:00:00,0 days 00:00:00,0,22.5,157.25,997.7,47.2
2026-08-09 06:00:00,WP982026,28,2026-08-09 12:00:00,0 days 06:00:00,6,21.59,151.59,996.4,49.3
2026-08-09 06:00:00,WP982026,28,2026-08-09 18:00:00,0 days 12:00:00,12,20.5,146.0,995.0,51.4
2026-08-09 06:00:00,WP982026,28,2026-08-10 00:00:00,0 days 18:00:00,18,20.77,148.5,992.5,55.1
2026-08-09 06:00:00,WP982026,28,2026-08-10 06:00:00,1 days 00:00:00,24,21.0,151.0,990.0,58.8
2026-08-09 06:00:00,WP982026,28,2026-08-10 12:00:00,1 days 06:00:00,30,22.13,152.74,989.4,59.5
2026-08-09 06:00:00,WP982026,28,2026-08-10 18:00:00,1 days 12:00:00,36,23.25,154.5,988.9,60.2
2026-08-09 06:00:00,WP982026,28,2026-08-11 00:00:00,1 days 18:00:00,42,24.88,155.49,988.3,61.1
2026-08-09 06:00:00,WP982026,28,2026-08-11 06:00:00,2 days 00:00:00,48,26.5,156.5,987.7,61.9
2026-08-09 06:00:00,WP982026,28,2026-08-11 12:00:00,2 days 06:00:00,54,28.0,157.12,987.7,62.0
2026-08-09 06:00:00,WP982026,28,2026-08-11 18:00:00,2 days 12:00:00,60,29.5,157.75,987.7,62.0
2026-08-09 06:00:00,WP982026,28,2026-08-12 00:00:00,2 days 18:00:00,66,30.5,158.12,988.3,61.1
2026-08-09 06:00:00,WP982026,28,2026-08-12 06:00:00,3 days 00:00:00,72,31.5,158.5,988.9,60.3
2026-08-09 06:00:00,WP982026,28,2026-08-12 12:00:00,3 days 06:00:00,78,31.88,159.0,991.1,57.1
2026-08-09 06:00:00,WP982026,28,2026-08-12 18:00:00,3 days 12:00:00,84,32.25,159.5,993.3,53.9
2026-08-09 06:00:00,WP982026,28,2026-08-13 00:00:00,3 days 18:00:00,90,32.89,161.11,995.0,51.5
2026-08-09 06:00:00,WP982026,28,2026-08-13 06:00:00,4 days 00:00:00,96,33.5,162.75,996.6,49.0
2026-08-09 06:00:00,WP982026,28,2026-08-13 12:00:00,4 days 06:00:00,102,33.76,164.25,996.7,48.9
2026-08-09 06:00:00,WP982026,28,2026-08-13 18:00:00,4 days 12:00:00,108,34.0,165.75,996.7,48.8
2026-08-09 06:00:00,WP982026,28,2026-08-14 00:00:00,4 days 18:00:00,114,33.07,163.24,997.1,48.2
2026-08-09 06:00:00,WP982026,28,2026-08-14 06:00:00,5 days 00:00:00,120,32.09,160.77,997.5,47.6
2026-08-09 06:00:00,WP982026,28,2026-08-14 12:00:00,5 days 06:00:00,126,31.07,158.35,997.9,47.0
2026-08-09 06:00:00,WP982026,28,2026-08-14 18:00:00,5 days 12:00:00,132,30.0,156.0,998.2,46.4
2026-08-09 06:00:00,WP982026,28,2026-08-15 00:00:00,5 days 18:00:00,138,30.0,156.75,999.3,44.8
2026-08-09 06:00:00,WP982026,28,2026-08-15 06:00:00,6 days 00:00:00,144,30.0,157.5,1000.3,43.1
2026-08-09 06:00:00,WP122026,29,2026-08-09 06:00:00,0 days 00:00:00,0,28.0,121.75,960.5,95.7
2026-08-09 06:00:00,WP122026,29,2026-08-09 12:00:00,0 days 06:00:00,6,27.88,120.87,970.8,83.2
2026-08-09 06:00:00,WP122026,29,2026-08-09 18:00:00,0 days 12:00:00,12,27.75,120.0,981.1,70.8
2026-08-09 06:00:00,WP122026,29,2026-08-10 00:00:00,0 days 18:00:00,18,28.38,118.76,984.6,66.1
2026-08-09 06:00:00,WP122026,29,2026-08-10 06:00:00,1 days 00:00:00,24,29.0,117.5,988.1,61.5
2026-08-09 06:00:00,WP122026,29,2026-08-10 12:00:00,1 days 06:00:00,30,29.88,117.5,989.5,59.5
2026-08-09 06:00:00,WP122026,29,2026-08-10 18:00:00,1 days 12:00:00,36,30.75,117.5,990.9,57.5
2026-08-09 06:00:00,WP122026,29,2026-08-11 00:00:00,1 days 18:00:00,42,31.25,116.88,991.9,56.0
2026-08-09 06:00:00,WP122026,29,2026-08-11 06:00:00,2 days 00:00:00,48,31.75,116.25,993.0,54.5
2026-08-09 06:00:00,WP122026,29,2026-08-11 12:00:00,2 days 06:00:00,54,32.25,115.5,993.5,53.7
2026-08-09 06:00:00,WP122026,29,2026-08-11 18:00:00,2 days 12:00:00,60,32.75,114.75,994.0,53.0
2026-08-09 06:00:00,WP122026,29,2026-08-12 00:00:00,2 days 18:00:00,66,32.25,115.63,994.9,51.5
2026-08-09 06:00:00,WP122026,29,2026-08-12 06:00:00,3 days 00:00:00,72,31.75,116.5,995.9,50.1
2026-08-09 06:00:00,WP122026,29,2026-08-12 12:00:00,3 days 06:00:00,78,31.32,117.32,996.1,49.8
2026-08-09 06:00:00,WP122026,29,2026-08-12 18:00:00,3 days 12:00:00,84,30.89,118.14,996.2,49.6
2026-08-09 06:00:00,WP122026,29,2026-08-13 00:00:00,3 days 18:00:00,90,30.44,118.95,996.4,49.3
2026-08-09 06:00:00,WP122026,29,2026-08-13 06:00:00,4 days 00:00:00,96,30.0,119.75,996.6,49.1
2026-08-09 06:00:00,WP142026,29,2026-08-09 06:00:00,0 days 00:00:00,0,32.25,150.75,984.2,66.7
2026-08-09 06:00:00,WP142026,29,2026-08-09 12:00:00,0 days 06:00:00,6,32.75,150.63,984.9,65.8
2026-08-09 06:00:00,WP142026,29,2026-08-09 18:00:00,0 days 12:00:00,12,33.25,150.5,985.6,64.8
2026-08-09 06:00:00,WP142026,29,2026-08-10 00:00:00,0 days 18:00:00,18,33.88,149.88,983.7,67.3
2026-08-09 06:00:00,WP142026,29,2026-08-10 06:00:00,1 days 00:00:00,24,34.5,149.25,981.9,69.8
2026-08-09 06:00:00,WP142026,29,2026-08-10 12:00:00,1 days 06:00:00,30,35.88,147.9,980.9,71.1
2026-08-09 06:00:00,WP142026,29,2026-08-10 18:00:00,1 days 12:00:00,36,37.25,146.5,979.9,72.4
2026-08-09 06:00:00,WP142026,29,2026-08-11 00:00:00,1 days 18:00:00,42,37.4,144.25,981.0,70.9
2026-08-09 06:00:00,WP142026,29,2026-08-11 06:00:00,2 days 00:00:00,48,37.5,142.0,982.2,69.4
2026-08-09 06:00:00,WP142026,29,2026-08-11 12:00:00,2 days 06:00:00,54,37.52,139.88,989.3,59.4
2026-08-09 06:00:00,WP142026,29,2026-08-11 18:00:00,2 days 12:00:00,60,37.5,137.75,996.3,49.4
2026-08-09 06:00:00,WP982026,29,2026-08-09 06:00:00,0 days 00:00:00,0,22.5,157.25,997.7,47.2
2026-08-09 06:00:00,WP982026,29,2026-08-09 12:00:00,0 days 06:00:00,6,21.72,151.72,997.9,46.9
2026-08-09 06:00:00,WP982026,29,2026-08-09 18:00:00,0 days 12:00:00,12,20.75,146.25,998.1,46.6
2026-08-09 06:00:00,WP982026,29,2026-08-10 00:00:00,0 days 18:00:00,18,20.89,148.5,997.0,48.4
2026-08-09 06:00:00,WP982026,29,2026-08-10 06:00:00,1 days 00:00:00,24,21.0,150.75,995.8,50.2
2026-08-09 06:00:00,WP982026,29,2026-08-10 12:00:00,1 days 06:00:00,30,21.88,152.24,995.9,50.1
2026-08-09 06:00:00,WP982026,29,2026-08-10 18:00:00,1 days 12:00:00,36,22.75,153.75,995.9,50.1
2026-08-09 06:00:00,WP982026,29,2026-08-11 00:00:00,1 days 18:00:00,42,23.63,155.49,997.0,48.3
2026-08-09 06:00:00,WP982026,29,2026-08-11 06:00:00,2 days 00:00:00,48,24.5,157.25,998.1,46.6
2026-08-09 06:00:00,WP982026,29,2026-08-11 12:00:00,2 days 06:00:00,54,26.13,158.36,998.9,45.3
2026-08-09 06:00:00,WP982026,29,2026-08-11 18:00:00,2 days 12:00:00,60,27.75,159.5,999.7,44.1
2026-08-09 06:00:00,WP982026,29,2026-08-12 00:00:00,2 days 18:00:00,66,30.71,164.11,999.7,44.1
2026-08-09 06:00:00,WP982026,29,2026-08-12 06:00:00,3 days 00:00:00,72,33.5,169.0,999.7,44.1
2026-08-09 06:00:00,WP122026,3,2026-08-09 06:00:00,0 days 00:00:00,0,28.0,121.75,960.5,95.7
2026-08-09 06:00:00,WP122026,3,2026-08-09 12:00:00,0 days 06:00:00,6,27.88,120.87,972.3,81.3
2026-08-09 06:00:00,WP122026,3,2026-08-09 18:00:00,0 days 12:00:00,12,27.75,120.0,984.1,66.9
2026-08-09 06:00:00,WP122026,3,2026-08-10 00:00:00,0 days 18:00:00,18,28.38,119.38,986.6,63.4
2026-08-09 06:00:00,WP122026,3,2026-08-10 06:00:00,1 days 00:00:00,24,29.0,118.75,989.1,60.0
2026-08-09 06:00:00,WP122026,3,2026-08-10 12:00:00,1 days 06:00:00,30,29.75,117.88,989.8,59.0
2026-08-09 06:00:00,WP122026,3,2026-08-10 18:00:00,1 days 12:00:00,36,30.5,117.0,990.5,58.0
2026-08-09 06:00:00,WP122026,3,2026-08-11 00:00:00,1 days 18:00:00,42,31.13,116.63,991.0,57.3
2026-08-09 06:00:00,WP122026,3,2026-08-11 06:00:00,2 days 00:00:00,48,31.75,116.25,991.5,56.6
2026-08-09 06:00:00,WP122026,3,2026-08-11 12:00:00,2 days 06:00:00,54,32.0,115.5,992.8,54.7
2026-08-09 06:00:00,WP122026,3,2026-08-11 18:00:00,2 days 12:00:00,60,32.25,114.75,994.1,52.8
2026-08-09 06:00:00,WP142026,3,2026-08-09 06:00:00,0 days 00:00:00,0,32.25,150.75,984.2,66.7
2026-08-09 06:00:00,WP142026,3,2026-08-09 12:00:00,0 days 06:00:00,6,32.75,150.63,985.9,64.4
2026-08-09 06:00:00,WP142026,3,2026-08-09 18:00:00,0 days 12:00:00,12,33.25,150.5,987.6,62.1
2026-08-09 06:00:00,WP142026,3,2026-08-10 00:00:00,0 days 18:00:00,18,33.88,149.76,986.5,63.6
2026-08-09 06:00:00,WP142026,3,2026-08-10 06:00:00,1 days 00:00:00,24,34.5,149.0,985.3,65.2
2026-08-09 06:00:00,WP142026,3,2026-08-10 12:00:00,1 days 06:00:00,30,35.51,147.4,982.8,68.5
2026-08-09 06:00:00,WP142026,3,2026-08-10 18:00:00,1 days 12:00:00,36,36.5,145.75,980.3,71.8
2026-08-09 06:00:00,WP142026,3,2026-08-11 00:00:00,1 days 18:00:00,42,36.64,144.0,981.7,70.0
2026-08-09 06:00:00,WP142026,3,2026-08-11 06:00:00,2 days 00:00:00,48,36.75,142.25,983.1,68.2
2026-08-09 06:00:00,WP142026,3,2026-08-11 12:00:00,2 days 06:00:00,54,37.04,140.4,986.8,62.8
2026-08-09 06:00:00,WP142026,3,2026-08-11 18:00:00,2 days 12:00:00,60,37.31,138.52,990.6,57.5
2026-08-09 06:00:00,WP142026,3,2026-08-12 00:00:00,2 days 18:00:00,66,37.54,136.64,994.3,52.2
2026-08-09 06:00:00,WP142026,3,2026-08-12 06:00:00,3 days 00:00:00,72,37.75,134.75,998.0,46.8
2026-08-09 06:00:00,WP982026,3,2026-08-09 06:00:00,0 days 00:00:00,0,22.5,157.25,997.7,47.2
2026-08-09 06:00:00,WP982026,3,2026-08-09 12:00:00,0 days 06:00:00,6,21.6,151.46,995.9,50.0
2026-08-09 06:00:00,WP982026,3,2026-08-09 18:00:00,0 days 12:00:00,12,20.5,145.75,994.1,52.8
2026-08-09 06:00:00,WP982026,3,2026-08-10 00:00:00,0 days 18:00:00,18,20.77,148.25,993.7,53.4
2026-08-09 06:00:00,WP982026,3,2026-08-10 06:00:00,1 days 00:00:00,24,21.0,150.75,993.2,54.1
2026-08-09 06:00:00,WP982026,3,2026-08-10 12:00:00,1 days 06:00:00,30,22.26,152.73,991.6,56.5
2026-08-09 06:00:00,WP982026,3,2026-08-10 18:00:00,1 days 12:00:00,36,23.5,154.75,989.9,58.9
2026-08-09 06:00:00,WP982026,3,2026-08-11 00:00:00,1 days 18:00:00,42,25.13,156.11,989.5,59.5
2026-08-09 06:00:00,WP982026,3,2026-08-11 06:00:00,2 days 00:00:00,48,26.75,157.5,989.1,60.1
2026-08-09 06:00:00,WP982026,3,2026-08-11 12:00:00,2 days 06:00:00,54,28.38,157.75,988.5,60.8
2026-08-09 06:00:00,WP982026,3,2026-08-11 18:00:00,2 days 12:00:00,60,30.0,158.0,988.0,61.6
2026-08-09 06:00:00,WP982026,3,2026-08-12 00:00:00,2 days 18:00:00,66,30.63,158.25,989.7,59.2
2026-08-09 06:00:00,WP982026,3,2026-08-12 06:00:00,3 days 00:00:00,72,31.25,158.5,991.4,56.8
2026-08-09 06:00:00,WP982026,3,2026-08-12 12:00:00,3 days 06:00:00,78,31.38,159.12,993.7,53.4
2026-08-09 06:00:00,WP982026,3,2026-08-12 18:00:00,3 days 12:00:00,84,31.5,159.75,996.0,50.0
2026-08-09 06:00:00,WP982026,3,2026-08-13 00:00:00,3 days 18:00:00,90,31.63,160.87,997.2,48.1
2026-08-09 06:00:00,WP982026,3,2026-08-13 06:00:00,4 days 00:00:00,96,31.75,162.0,998.4,46.3
2026-08-09 06:00:00,WP982026,3,2026-08-13 12:00:00,4 days 06:00:00,102,31.89,164.25,998.4,46.2
2026-08-09 06:00:00,WP982026,3,2026-08-13 18:00:00,4 days 12:00:00,108,32.0,166.5,998.4,46.2
2026-08-09 06:00:00,WP982026,3,2026-08-14 00:00:00,4 days 18:00:00,114,31.4,168.89,998.3,46.4
2026-08-09 06:00:00,WP982026,3,2026-08-14 06:00:00,5 days 00:00:00,120,30.75,171.25,998.2,46.6
2026-08-09 06:00:00,WP982026,3,2026-08-14 12:00:00,5 days 06:00:00,126,30.89,173.5,996.5,49.2
2026-08-09 06:00:00,WP982026,3,2026-08-14 18:00:00,5 days 12:00:00,132,31.0,175.75,994.8,51.8
2026-08-09 06:00:00,WP982026,3,2026-08-15 00:00:00,5 days 18:00:00,138,31.9,178.23,994.1,52.8
2026-08-09 06:00:00,WP982026,3,2026-08-15 06:00:00,6 days 00:00:00,144,32.75,-179.25,993.3,53.9
2026-08-09 06:00:00,WP122026,30,2026-08-09 06:00:00,0 days 00:00:00,0,28.0,121.75,960.5,95.7
2026-08-09 06:00:00,WP122026,30,2026-08-09 12:00:00,0 days 06:00:00,6,28.0,120.75,971.3,82.6
2026-08-09 06:00:00,WP122026,30,2026-08-09 18:00:00,0 days 12:00:00,12,28.0,119.75,982.1,69.5
2026-08-09 06:00:00,WP122026,30,2026-08-10 00:00:00,0 days 18:00:00,18,28.63,119.5,985.6,64.8
2026-08-09 06:00:00,WP122026,30,2026-08-10 06:00:00,1 days 00:00:00,24,29.25,119.25,989.0,60.1
2026-08-09 06:00:00,WP122026,30,2026-08-10 12:00:00,1 days 06:00:00,30,30.5,118.14,990.0,58.7
2026-08-09 06:00:00,WP122026,30,2026-08-10 18:00:00,1 days 12:00:00,36,31.75,117.0,991.0,57.3
2026-08-09 06:00:00,WP122026,30,2026-08-11 00:00:00,1 days 18:00:00,42,31.88,116.5,992.1,55.7
2026-08-09 06:00:00,WP122026,30,2026-08-11 06:00:00,2 days 00:00:00,48,32.0,116.0,993.2,54.1
2026-08-09 06:00:00,WP122026,30,2026-08-11 12:00:00,2 days 06:00:00,54,32.63,115.63,993.5,53.7
2026-08-09 06:00:00,WP122026,30,2026-08-11 18:00:00,2 days 12:00:00,60,33.25,115.25,993.8,53.2
2026-08-09 06:00:00,WP122026,30,2026-08-12 00:00:00,2 days 18:00:00,66,33.5,115.62,994.5,52.3
2026-08-09 06:00:00,WP122026,30,2026-08-12 06:00:00,3 days 00:00:00,72,33.75,116.0,995.1,51.3
2026-08-09 06:00:00,WP142026,30,2026-08-09 06:00:00,0 days 00:00:00,0,32.25,150.75,984.2,66.7
2026-08-09 06:00:00,WP142026,30,2026-08-09 12:00:00,0 days 06:00:00,6,32.75,150.75,984.5,66.4
2026-08-09 06:00:00,WP142026,30,2026-08-09 18:00:00,0 days 12:00:00,12,33.25,150.75,984.7,66.0
2026-08-09 06:00:00,WP142026,30,2026-08-10 00:00:00,0 days 18:00:00,18,34.0,149.88,985.2,65.4
2026-08-09 06:00:00,WP142026,30,2026-08-10 06:00:00,1 days 00:00:00,24,34.75,149.0,985.7,64.7
2026-08-09 06:00:00,WP142026,30,2026-08-10 12:00:00,1 days 06:00:00,30,35.76,147.52,983.8,67.2
2026-08-09 06:00:00,WP142026,30,2026-08-10 18:00:00,1 days 12:00:00,36,36.75,146.0,981.9,69.7
2026-08-09 06:00:00,WP142026,30,2026-08-11 00:00:00,1 days 18:00:00,42,36.27,143.74,981.3,70.6
2026-08-09 06:00:00,WP142026,30,2026-08-11 06:00:00,2 days 00:00:00,48,35.75,141.5,980.7,71.4
2026-08-09 06:00:00,WP142026,30,2026-08-11 12:00:00,2 days 06:00:00,54,35.14,139.74,986.2,63.8
2026-08-09 06:00:00,WP142026,30,2026-08-11 18:00:00,2 days 12:00:00,60,34.5,138.0,991.8,56.1
2026-08-09 06:00:00,WP982026,30,2026-08-09 06:00:00,0 days 00:00:00,0,22.5,157.25,997.7,47.2
2026-08-09 06:00:00,WP982026,30,2026-08-09 12:00:00,0 days 06:00:00,6,21.73,151.34,997.4,47.7
2026-08-09 06:00:00,WP982026,30,2026-08-09 18:00:00,0 days 12:00:00,12,20.75,145.5,997.1,48.2
2026-08-09 06:00:00,WP982026,30,2026-08-10 00:00:00,0 days 18:00:00,18,21.11,147.86,997.3,48.0
2026-08-09 06:00:00,WP982026,30,2026-08-10 06:00:00,1 days 00:00:00,24,21.44,150.23,997.4,47.7
2026-08-09 06:00:00,WP982026,30,2026-08-10 12:00:00,1 days 06:00:00,30,21.74,152.61,997.6,47.4
2026-08-09 06:00:00,WP982026,30,2026-08-10 18:00:00,1 days 12:00:00,36,22.0,155.0,997.8,47.2
2026-08-09 06:00:00,WP982026,30,2026-08-11 00:00:00,1 days 18:00:00,42,23.88,156.48,997.0,48.4
2026-08-09 06:00:00,WP982026,30,2026-08-11 06:00:00,2 days 00:00:00,48,25.75,158.0,996.2,49.6
2026-08-09 06:00:00,WP982026,30,2026-08-11 12:00:00,2 days 06:00:00,54,26.94,158.73,997.4,47.8
2026-08-09 06:00:00,WP982026,30,2026-08-11 18:00:00,2 days 12:00:00,60,28.13,159.47,998.5,46.0
2026-08-09 06:00:00,WP982026,30,2026-08-12 00:00:00,2 days 18:00:00,66,29.32,160.22,999.7,44.1
2026-08-09 06:00:00,WP982026,30,2026-08-12 06:00:00,3 days 00:00:00,72,30.5,161.0,1000.8,42.3
2026-08-09 06:00:00,WP982026,30,2026-08-12 12:00:00,3 days 06:00:00,78,29.48,157.85,1000.1,43.5
2026-08-09 06:00:00,WP982026,30,2026-08-12 18:00:00,3 days 12:00:00,84,28.39,154.75,999.3,44.7
2026-08-09 06:00:00,WP982026,30,2026-08-13 00:00:00,3 days 18:00:00,90,27.22,151.71,998.5,46.0
2026-08-09 06:00:00,WP982026,30,2026-08-13 06:00:00,4 days 00:00:00,96,26.0,148.75,997.8,47.2
2026-08-09 06:00:00,WP982026,30,2026-08-13 12:00:00,4 days 06:00:00,102,27.5,149.74,998.0,46.9
2026-08-09 06:00:00,WP982026,30,2026-08-13 18:00:00,4 days 12:00:00,108,29.0,150.75,998.1,46.6
2026-08-09 06:00:00,WP982026,30,2026-08-14 00:00:00,4 days 18:00:00,114,29.63,151.37,998.3,46.4
2026-08-09 06:00:00,WP982026,30,2026-08-14 06:00:00,5 days 00:00:00,120,30.25,152.0,998.4,46.2
2026-08-09 06:00:00,WP982026,30,2026-08-14 12:00:00,5 days 06:00:00,126,30.38,152.12,999.4,44.6
2026-08-09 06:00:00,WP982026,30,2026-08-14 18:00:00,5 days 12:00:00,132,30.5,152.25,1000.5,42.9
2026-08-09 06:00:00,WP982026,30,2026-08-15 00:00:00,5 days 18:00:00,138,28.47,147.15,998.5,46.0
2026-08-09 06:00:00,WP982026,30,2026-08-15 06:00:00,6 days 00:00:00,144,26.25,142.25,996.5,49.2
2026-08-09 06:00:00,WP982026,30,2026-08-15 12:00:00,6 days 06:00:00,150,27.62,142.25,997.2,48.1
2026-08-09 06:00:00,WP982026,30,2026-08-15 18:00:00,6 days 12:00:00,156,29.0,142.25,997.9,47.0
2026-08-09 06:00:00,WP982026,30,2026-08-16 00:00:00,6 days 18:00:00,162,29.46,140.89,998.5,46.0
2026-08-09 06:00:00,WP982026,30,2026-08-16 06:00:00,7 days 00:00:00,168,29.9,139.52,999.1,45.0
2026-08-09 06:00:00,WP982026,30,2026-08-16 12:00:00,7 days 06:00:00,174,30.33,138.14,999.8,44.0
2026-08-09 06:00:00,WP982026,30,2026-08-16 18:00:00,7 days 12:00:00,180,30.75,136.75,1000.4,43.0
2026-08-09 06:00:00,WP122026,31,2026-08-09 06:00:00,0 days 00:00:00,0,28.0,121.75,960.5,95.7
2026-08-09 06:00:00,WP122026,31,2026-08-09 12:00:00,0 days 06:00:00,6,27.88,120.75,971.3,82.6
2026-08-09 06:00:00,WP122026,31,2026-08-09 18:00:00,0 days 12:00:00,12,27.75,119.75,982.1,69.5
2026-08-09 06:00:00,WP122026,31,2026-08-10 00:00:00,0 days 18:00:00,18,28.57,119.2,984.2,66.6
2026-08-09 06:00:00,WP122026,31,2026-08-10 06:00:00,1 days 00:00:00,24,29.38,118.64,986.4,63.7
2026-08-09 06:00:00,WP122026,31,2026-08-10 12:00:00,1 days 06:00:00,30,30.19,118.08,988.5,60.7
2026-08-09 06:00:00,WP122026,31,2026-08-10 18:00:00,1 days 12:00:00,36,31.0,117.5,990.7,57.8
2026-08-09 06:00:00,WP122026,31,2026-08-11 00:00:00,1 days 18:00:00,42,31.5,116.38,991.3,56.9
2026-08-09 06:00:00,WP122026,31,2026-08-11 06:00:00,2 days 00:00:00,48,32.0,115.25,991.9,56.0
2026-08-09 06:00:00,WP122026,31,2026-08-11 12:00:00,2 days 06:00:00,54,32.12,115.25,993.0,54.4
2026-08-09 06:00:00,WP122026,31,2026-08-11 18:00:00,2 days 12:00:00,60,32.25,115.25,994.1,52.8
2026-08-09 06:00:00,WP132026,31,2026-08-09 06:00:00,0 days 00:00:00,0,21.5,142.75,994.1,52.8
2026-08-09 06:00:00,WP132026,31,2026-08-09 12:00:00,0 days 06:00:00,6,21.14,144.63,994.5,52.2
2026-08-09 06:00:00,WP132026,31,2026-08-09 18:00:00,0 days 12:00:00,12,20.75,146.5,994.9,51.6
2026-08-09 06:00:00,WP132026,31,2026-08-10 00:00:00,0 days 18:00:00,18,21.26,148.62,994.4,52.4
2026-08-09 06:00:00,WP132026,31,2026-08-10 06:00:00,1 days 00:00:00,24,21.75,150.75,993.9,53.1
2026-08-09 06:00:00,WP132026,31,2026-08-10 12:00:00,1 days 06:00:00,30,22.88,152.36,993.1,54.2
2026-08-09 06:00:00,WP132026,31,2026-08-10 18:00:00,1 days 12:00:00,36,24.0,154.0,992.4,55.3
2026-08-09 06:00:00,WP132026,31,2026-08-11 00:00:00,1 days 18:00:00,42,25.13,155.36,992.9,54.6
2026-08-09 06:00:00,WP132026,31,2026-08-11 06:00:00,2 days 00:00:00,48,26.25,156.75,993.3,53.9
2026-08-09 06:00:00,WP132026,31,2026-08-11 12:00:00,2 days 06:00:00,54,27.25,157.25,994.7,51.9
2026-08-09 06:00:00,WP132026,31,2026-08-11 18:00:00,2 days 12:00:00,60,28.25,157.75,996.1,49.8
2026-08-09 06:00:00,WP132026,31,2026-08-12 00:00:00,2 days 18:00:00,66,28.88,158.87,997.8,47.1
2026-08-09 06:00:00,WP132026,31,2026-08-12 06:00:00,3 days 00:00:00,72,29.5,160.0,999.5,44.4
2026-08-09 06:00:00,WP132026,31,2026-08-12 12:00:00,3 days 06:00:00,78,28.91,157.01,997.5,47.5
2026-08-09 06:00:00,WP132026,31,2026-08-12 18:00:00,3 days 12:00:00,84,28.25,154.05,995.5,50.6
2026-08-09 06:00:00,WP132026,31,2026-08-13 00:00:00,3 days 18:00:00,90,27.53,151.12,993.4,53.7
2026-08-09 06:00:00,WP132026,31,2026-08-13 06:00:00,4 days 00:00:00,96,26.75,148.25,991.4,56.8
2026-08-09 06:00:00,WP132026,31,2026-08-13 12:00:00,4 days 06:00:00,102,28.13,149.11,990.7,57.8
2026-08-09 06:00:00,WP132026,31,2026-08-13 18:00:00,4 days 12:00:00,108,29.5,150.0,990.0,58.8
2026-08-09 06:00:00,WP132026,31,2026-08-14 00:00:00,4 days 18:00:00,114,30.25,150.5,990.3,58.3
2026-08-09 06:00:00,WP132026,31,2026-08-14 06:00:00,5 days 00:00:00,120,31.0,151.0,990.7,57.7
2026-08-09 06:00:00,WP132026,31,2026-08-14 12:00:00,5 days 06:00:00,126,31.63,150.5,992.5,55.1
2026-08-09 06:00:00,WP132026,31,2026-08-14 18:00:00,5 days 12:00:00,132,32.25,150.0,994.3,52.5
2026-08-09 06:00:00,WP132026,31,2026-08-15 00:00:00,5 days 18:00:00,138,33.38,149.14,992.6,55.0
2026-08-09 06:00:00,WP132026,31,2026-08-15 06:00:00,6 days 00:00:00,144,34.5,148.25,990.9,57.5
2026-08-09 06:00:00,WP132026,31,2026-08-15 12:00:00,6 days 06:00:00,150,35.32,147.28,990.7,57.7
2026-08-09 06:00:00,WP132026,31,2026-08-15 18:00:00,6 days 12:00:00,156,36.14,146.29,990.6,57.9
2026-08-09 06:00:00,WP132026,31,2026-08-16 00:00:00,6 days 18:00:00,162,36.95,145.28,990.5,58.1
2026-08-09 06:00:00,WP132026,31,2026-08-16 06:00:00,7 days 00:00:00,168,37.75,144.25,990.3,58.3
2026-08-09 06:00:00,WP132026,31,2026-08-16 12:00:00,7 days 06:00:00,174,38.25,143.75,993.8,53.2
2026-08-09 06:00:00,WP132026,31,2026-08-16 18:00:00,7 days 12:00:00,180,38.75,143.25,997.2,48.0
2026-08-09 06:00:00,WP132026,31,2026-08-17 00:00:00,7 days 18:00:00,186,39.26,142.46,1000.0,43.3
2026-08-09 06:00:00,WP132026,31,2026-08-17 06:00:00,8 days 00:00:00,192,39.76,141.65,1002.7,38.6
2026-08-09 06:00:00,WP132026,31,2026-08-17 12:00:00,8 days 06:00:00,198,40.26,140.83,1005.4,33.9
2026-08-09 06:00:00,WP132026,31,2026-08-17 18:00:00,8 days 12:00:00,204,40.75,140.0,1008.2,29.1
2026-08-09 06:00:00,WP142026,31,2026-08-09 06:00:00,0 days 00:00:00,0,32.25,150.75,984.2,66.7
2026-08-09 06:00:00,WP142026,31,2026-08-09 12:00:00,0 days 06:00:00,6,32.75,150.5,985.5,65.0
2026-08-09 06:00:00,WP142026,31,2026-08-09 18:00:00,0 days 12:00:00,12,33.25,150.25,986.7,63.3
2026-08-09 06:00:00,WP142026,31,2026-08-10 00:00:00,0 days 18:00:00,18,33.63,149.75,987.9,61.7
2026-08-09 06:00:00,WP142026,31,2026-08-10 06:00:00,1 days 00:00:00,24,34.0,149.25,989.0,60.2
2026-08-09 06:00:00,WP142026,31,2026-08-10 12:00:00,1 days 06:00:00,30,35.5,148.27,986.2,64.0
2026-08-09 06:00:00,WP142026,31,2026-08-10 18:00:00,1 days 12:00:00,36,37.0,147.25,983.4,67.8
2026-08-09 06:00:00,WP142026,31,2026-08-11 00:00:00,1 days 18:00:00,42,37.41,144.51,985.2,65.4
2026-08-09 06:00:00,WP142026,31,2026-08-11 06:00:00,2 days 00:00:00,48,37.75,141.75,987.0,62.9
2026-08-09 06:00:00,WP982026,31,2026-08-09 06:00:00,0 days 00:00:00,0,22.5,157.25,997.7,47.2
2026-08-09 06:00:00,WP982026,31,2026-08-09 12:00:00,0 days 06:00:00,6,23.38,158.49,998.0,46.8
2026-08-09 06:00:00,WP982026,31,2026-08-09 18:00:00,0 days 12:00:00,12,24.25,159.75,998.3,46.4
2026-08-09 06:00:00,WP982026,31,2026-08-10 00:00:00,0 days 18:00:00,18,25.13,160.62,997.3,48.0
2026-08-09 06:00:00,WP982026,31,2026-08-10 06:00:00,1 days 00:00:00,24,26.0,161.5,996.2,49.6
2026-08-09 06:00:00,WP982026,31,2026-08-10 12:00:00,1 days 06:00:00,30,26.75,162.0,997.0,48.4
2026-08-09 06:00:00,WP982026,31,2026-08-10 18:00:00,1 days 12:00:00,36,27.5,162.5,997.8,47.2
2026-08-09 06:00:00,WP982026,31,2026-08-11 00:00:00,1 days 18:00:00,42,28.38,163.49,998.3,46.4
2026-08-09 06:00:00,WP982026,31,2026-08-11 06:00:00,2 days 00:00:00,48,29.25,164.5,998.7,45.7
2026-08-09 06:00:00,WP982026,31,2026-08-11 12:00:00,2 days 06:00:00,54,30.26,165.98,998.7,45.8
2026-08-09 06:00:00,WP982026,31,2026-08-11 18:00:00,2 days 12:00:00,60,31.25,167.5,998.6,45.9
2026-08-09 06:00:00,WP982026,31,2026-08-12 00:00:00,2 days 18:00:00,66,31.51,168.87,998.5,46.0
2026-08-09 06:00:00,WP982026,31,2026-08-12 06:00:00,3 days 00:00:00,72,31.75,170.25,998.5,46.1
2026-08-09 06:00:00,WP982026,31,2026-08-12 12:00:00,3 days 06:00:00,78,32.65,172.6,997.7,47.3
2026-08-09 06:00:00,WP982026,31,2026-08-12 18:00:00,3 days 12:00:00,84,33.5,175.0,996.9,48.5
2026-08-09 06:00:00,WP982026,31,2026-08-13 00:00:00,3 days 18:00:00,90,34.38,175.62,994.3,52.4
2026-08-09 06:00:00,WP982026,31,2026-08-13 06:00:00,4 days 00:00:00,96,35.25,176.25,991.7,56.2
2026-08-09 06:00:00,WP982026,31,2026-08-13 12:00:00,4 days 06:00:00,102,36.51,177.6,989.0,60.1
2026-08-09 06:00:00,WP982026,31,2026-08-13 18:00:00,4 days 12:00:00,108,37.75,179.0,986.2,64.1
2026-08-09 06:00:00,WP982026,31,2026-08-14 00:00:00,4 days 18:00:00,114,39.89,-178.94,985.3,65.2
2026-08-09 06:00:00,WP982026,31,2026-08-14 06:00:00,5 days 00:00:00,120,42.0,-176.75,984.5,66.4
2026-08-09 06:00:00,WP982026,31,2026-08-14 12:00:00,5 days 06:00:00,126,44.16,-173.86,985.3,65.3
2026-08-09 06:00:00,WP982026,31,2026-08-14 18:00:00,5 days 12:00:00,132,46.25,-170.75,986.1,64.1
2026-08-09 06:00:00,WP122026,32,2026-08-09 06:00:00,0 days 00:00:00,0,28.0,121.75,960.5,95.7
2026-08-09 06:00:00,WP122026,32,2026-08-09 12:00:00,0 days 06:00:00,6,27.63,120.62,971.7,82.0
2026-08-09 06:00:00,WP122026,32,2026-08-09 18:00:00,0 days 12:00:00,12,27.25,119.5,982.9,68.4
2026-08-09 06:00:00,WP122026,32,2026-08-10 00:00:00,0 days 18:00:00,18,28.25,119.38,986.0,64.2
2026-08-09 06:00:00,WP122026,32,2026-08-10 06:00:00,1 days 00:00:00,24,29.25,119.25,989.1,60.0
2026-08-09 06:00:00,WP122026,32,2026-08-10 12:00:00,1 days 06:00:00,30,30.13,118.51,989.5,59.4
2026-08-09 06:00:00,WP122026,32,2026-08-10 18:00:00,1 days 12:00:00,36,31.0,117.75,990.0,58.8
2026-08-09 06:00:00,WP122026,32,2026-08-11 00:00:00,1 days 18:00:00,42,31.5,116.76,990.6,57.9
2026-08-09 06:00:00,WP122026,32,2026-08-11 06:00:00,2 days 00:00:00,48,32.0,115.75,991.2,57.0
2026-08-09 06:00:00,WP122026,32,2026-08-11 12:00:00,2 days 06:00:00,54,32.0,115.63,992.1,55.7
2026-08-09 06:00:00,WP122026,32,2026-08-11 18:00:00,2 days 12:00:00,60,32.0,115.5,993.0,54.4
2026-08-09 06:00:00,WP122026,32,2026-08-12 00:00:00,2 days 18:00:00,66,32.75,116.24,993.7,53.4
2026-08-09 06:00:00,WP122026,32,2026-08-12 06:00:00,3 days 00:00:00,72,33.5,117.0,994.4,52.4
2026-08-09 06:00:00,WP132026,32,2026-08-09 06:00:00,0 days 00:00:00,0,21.5,142.75,994.1,52.8
2026-08-09 06:00:00,WP132026,32,2026-08-09 12:00:00,0 days 06:00:00,6,21.13,144.5,994.3,52.5
2026-08-09 06:00:00,WP132026,32,2026-08-09 18:00:00,0 days 12:00:00,12,20.75,146.25,994.5,52.2
2026-08-09 06:00:00,WP132026,32,2026-08-10 00:00:00,0 days 18:00:00,18,21.02,148.62,993.5,53.6
2026-08-09 06:00:00,WP132026,32,2026-08-10 06:00:00,1 days 00:00:00,24,21.25,151.0,992.6,55.1
2026-08-09 06:00:00,WP132026,32,2026-08-10 12:00:00,1 days 06:00:00,30,22.13,152.61,990.5,58.1
2026-08-09 06:00:00,WP132026,32,2026-08-10 18:00:00,1 days 12:00:00,36,23.0,154.25,988.4,61.1
2026-08-09 06:00:00,WP132026,32,2026-08-11 00:00:00,1 days 18:00:00,42,24.13,155.61,989.1,60.0
2026-08-09 06:00:00,WP132026,32,2026-08-11 06:00:00,2 days 00:00:00,48,25.25,157.0,989.8,59.0
2026-08-09 06:00:00,WP142026,32,2026-08-09 06:00:00,0 days 00:00:00,0,32.25,150.75,984.2,66.7
2026-08-09 06:00:00,WP142026,32,2026-08-09 12:00:00,0 days 06:00:00,6,32.63,150.63,985.9,64.4
2026-08-09 06:00:00,WP142026,32,2026-08-09 18:00:00,0 days 12:00:00,12,33.0,150.5,987.5,62.2
2026-08-09 06:00:00,WP142026,32,2026-08-10 00:00:00,0 days 18:00:00,18,33.88,150.01,987.0,63.0
2026-08-09 06:00:00,WP142026,32,2026-08-10 06:00:00,1 days 00:00:00,24,34.75,149.5,986.4,63.7
2026-08-09 06:00:00,WP142026,32,2026-08-10 12:00:00,1 days 06:00:00,30,36.13,148.03,982.9,68.4
2026-08-09 06:00:00,WP142026,32,2026-08-10 18:00:00,1 days 12:00:00,36,37.5,146.5,979.3,73.1
2026-08-09 06:00:00,WP142026,32,2026-08-11 00:00:00,1 days 18:00:00,42,37.53,144.0,983.2,67.9
2026-08-09 06:00:00,WP142026,32,2026-08-11 06:00:00,2 days 00:00:00,48,37.5,141.5,987.1,62.8
2026-08-09 06:00:00,WP142026,32,2026-08-11 12:00:00,2 days 06:00:00,54,37.65,139.13,992.1,55.5
2026-08-09 06:00:00,WP142026,32,2026-08-11 18:00:00,2 days 12:00:00,60,37.75,136.75,997.1,48.2
2026-08-09 06:00:00,WP982026,32,2026-08-09 06:00:00,0 days 00:00:00,0,22.5,157.25,997.7,47.2
2026-08-09 06:00:00,WP982026,32,2026-08-09 12:00:00,0 days 06:00:00,6,23.51,158.74,998.2,46.6
2026-08-09 06:00:00,WP982026,32,2026-08-09 18:00:00,0 days 12:00:00,12,24.5,160.25,998.6,46.0
2026-08-09 06:00:00,WP982026,32,2026-08-10 00:00:00,0 days 18:00:00,18,25.5,160.87,997.7,47.3
2026-08-09 06:00:00,WP982026,32,2026-08-10 06:00:00,1 days 00:00:00,24,26.5,161.5,996.9,48.6
2026-08-09 06:00:00,WP982026,32,2026-08-10 12:00:00,1 days 06:00:00,30,27.25,161.87,996.5,49.2
2026-08-09 06:00:00,WP982026,32,2026-08-10 18:00:00,1 days 12:00:00,36,28.0,162.25,996.1,49.8
2026-08-09 06:00:00,WP982026,32,2026-08-11 00:00:00,1 days 18:00:00,42,26.65,159.59,993.0,54.4
2026-08-09 06:00:00,WP982026,32,2026-08-11 06:00:00,2 days 00:00:00,48,25.25,157.0,989.8,59.0
2026-08-09 06:00:00,WP982026,32,2026-08-11 12:00:00,2 days 06:00:00,54,26.76,158.23,990.8,57.6
2026-08-09 06:00:00,WP982026,32,2026-08-11 18:00:00,2 days 12:00:00,60,28.25,159.5,991.8,56.2
2026-08-09 06:00:00,WP982026,32,2026-08-12 00:00:00,2 days 18:00:00,66,29.63,160.98,993.4,53.8
2026-08-09 06:00:00,WP982026,32,2026-08-12 06:00:00,3 days 00:00:00,72,31.0,162.5,995.0,51.4
2026-08-09 06:00:00,WP982026,32,2026-08-12 12:00:00,3 days 06:00:00,78,31.75,163.24,994.6,52.0
2026-08-09 06:00:00,WP982026,32,2026-08-12 18:00:00,3 days 12:00:00,84,32.5,164.0,994.2,52.6
2026-08-09 06:00:00,WP982026,32,2026-08-13 00:00:00,3 days 18:00:00,90,32.64,165.62,994.9,51.6
2026-08-09 06:00:00,WP982026,32,2026-08-13 06:00:00,4 days 00:00:00,96,32.75,167.25,995.6,50.6
2026-08-09 06:00:00,WP982026,32,2026-08-13 12:00:00,4 days 06:00:00,102,32.63,168.75,996.2,49.6
2026-08-09 06:00:00,WP982026,32,2026-08-13 18:00:00,4 days 12:00:00,108,32.5,170.25,996.8,48.7
2026-08-09 06:00:00,WP982026,32,2026-08-14 00:00:00,4 days 18:00:00,114,32.78,172.87,996.5,49.1
2026-08-09 06:00:00,WP982026,32,2026-08-14 06:00:00,5 days 00:00:00,120,33.0,175.5,996.2,49.6
2026-08-09 06:00:00,WP982026,32,2026-08-14 12:00:00,5 days 06:00:00,126,34.06,177.61,996.9,48.5
2026-08-09 06:00:00,WP982026,32,2026-08-14 18:00:00,5 days 12:00:00,132,35.08,179.77,997.7,47.3
2026-08-09 06:00:00,WP982026,32,2026-08-15 00:00:00,5 days 18:00:00,138,36.06,-178.02,998.4,46.2
2026-08-09 06:00:00,WP982026,32,2026-08-15 06:00:00,6 days 00:00:00,144,37.0,-175.75,999.1,45.1
2026-08-09 06:00:00,WP122026,33,2026-08-09 06:00:00,0 days 00:00:00,0,28.0,121.75,960.5,95.7
2026-08-09 06:00:00,WP122026,33,2026-08-09 12:00:00,0 days 06:00:00,6,27.75,121.0,971.9,81.7
2026-08-09 06:00:00,WP122026,33,2026-08-09 18:00:00,0 days 12:00:00,12,27.5,120.25,983.4,67.8
2026-08-09 06:00:00,WP122026,33,2026-08-10 00:00:00,0 days 18:00:00,18,28.0,119.38,986.1,64.2
2026-08-09 06:00:00,WP122026,33,2026-08-10 06:00:00,1 days 00:00:00,24,28.5,118.5,988.7,60.5
2026-08-09 06:00:00,WP122026,33,2026-08-10 12:00:00,1 days 06:00:00,30,29.5,117.63,989.8,59.0
2026-08-09 06:00:00,WP122026,33,2026-08-10 18:00:00,1 days 12:00:00,36,30.5,116.75,990.9,57.5
2026-08-09 06:00:00,WP122026,33,2026-08-11 00:00:00,1 days 18:00:00,42,31.5,115.76,991.4,56.7
2026-08-09 06:00:00,WP122026,33,2026-08-11 06:00:00,2 days 00:00:00,48,32.5,114.75,991.9,56.0
2026-08-09 06:00:00,WP122026,33,2026-08-11 12:00:00,2 days 06:00:00,54,31.88,114.12,993.1,54.2
2026-08-09 06:00:00,WP122026,33,2026-08-11 18:00:00,2 days 12:00:00,60,31.25,113.5,994.4,52.4
2026-08-09 06:00:00,WP142026,33,2026-08-09 06:00:00,0 days 00:00:00,0,32.25,150.75,984.2,66.7
2026-08-09 06:00:00,WP142026,33,2026-08-09 12:00:00,0 days 06:00:00,6,32.75,150.63,985.3,65.3
2026-08-09 06:00:00,WP142026,33,2026-08-09 18:00:00,0 days 12:00:00,12,33.25,150.5,986.3,63.9
2026-08-09 06:00:00,WP142026,33,2026-08-10 00:00:00,0 days 18:00:00,18,33.75,149.63,986.9,63.0
2026-08-09 06:00:00,WP142026,33,2026-08-10 06:00:00,1 days 00:00:00,24,34.25,148.75,987.5,62.2
2026-08-09 06:00:00,WP142026,33,2026-08-10 12:00:00,1 days 06:00:00,30,35.51,147.4,983.8,67.2
2026-08-09 06:00:00,WP142026,33,2026-08-10 18:00:00,1 days 12:00:00,36,36.75,146.0,980.0,72.2
2026-08-09 06:00:00,WP142026,33,2026-08-11 00:00:00,1 days 18:00:00,42,36.77,143.88,980.6,71.4
2026-08-09 06:00:00,WP142026,33,2026-08-11 06:00:00,2 days 00:00:00,48,36.75,141.75,981.2,70.7
2026-08-09 06:00:00,WP982026,33,2026-08-09 06:00:00,0 days 00:00:00,0,22.5,157.25,997.7,47.2
2026-08-09 06:00:00,WP982026,33,2026-08-09 12:00:00,0 days 06:00:00,6,21.84,151.85,996.9,48.5
2026-08-09 06:00:00,WP982026,33,2026-08-09 18:00:00,0 days 12:00:00,12,21.0,146.5,996.1,49.7
2026-08-09 06:00:00,WP982026,33,2026-08-10 00:00:00,0 days 18:00:00,18,21.14,148.62,995.3,51.0
2026-08-09 06:00:00,WP982026,33,2026-08-10 06:00:00,1 days 00:00:00,24,21.25,150.75,994.5,52.3
2026-08-09 06:00:00,WP982026,33,2026-08-10 12:00:00,1 days 06:00:00,30,22.39,152.61,991.8,56.0
2026-08-09 06:00:00,WP982026,33,2026-08-10 18:00:00,1 days 12:00:00,36,23.5,154.5,989.2,59.8
2026-08-09 06:00:00,WP982026,33,2026-08-11 00:00:00,1 days 18:00:00,42,24.88,155.74,990.2,58.4
2026-08-09 06:00:00,WP982026,33,2026-08-11 06:00:00,2 days 00:00:00,48,26.25,157.0,991.2,57.1
2026-08-09 06:00:00,WP982026,33,2026-08-11 12:00:00,2 days 06:00:00,54,27.25,157.87,993.1,54.3
2026-08-09 06:00:00,WP982026,33,2026-08-11 18:00:00,2 days 12:00:00,60,28.25,158.75,995.0,51.5
2026-08-09 06:00:00,WP982026,33,2026-08-12 00:00:00,2 days 18:00:00,66,29.51,160.73,996.0,49.9
2026-08-09 06:00:00,WP982026,33,2026-08-12 06:00:00,3 days 00:00:00,72,30.75,162.75,997.1,48.3
2026-08-09 06:00:00,WP122026,34,2026-08-09 06:00:00,0 days 00:00:00,0,28.0,121.75,960.5,95.7
2026-08-09 06:00:00,WP122026,34,2026-08-09 12:00:00,0 days 06:00:00,6,27.88,120.87,971.2,82.6
2026-08-09 06:00:00,WP122026,34,2026-08-09 18:00:00,0 days 12:00:00,12,27.75,120.0,982.0,69.6
2026-08-09 06:00:00,WP122026,34,2026-08-10 00:00:00,0 days 18:00:00,18,28.25,119.25,985.1,65.5
2026-08-09 06:00:00,WP122026,34,2026-08-10 06:00:00,1 days 00:00:00,24,28.75,118.5,988.1,61.4
2026-08-09 06:00:00,WP122026,34,2026-08-10 12:00:00,1 days 06:00:00,30,29.88,117.76,989.0,60.1
2026-08-09 06:00:00,WP122026,34,2026-08-10 18:00:00,1 days 12:00:00,36,31.0,117.0,990.0,58.8
2026-08-09 06:00:00,WP122026,34,2026-08-11 00:00:00,1 days 18:00:00,42,31.63,116.26,991.5,56.6
2026-08-09 06:00:00,WP122026,34,2026-08-11 06:00:00,2 days 00:00:00,48,32.25,115.5,993.0,54.4
2026-08-09 06:00:00,WP142026,34,2026-08-09 06:00:00,0 days 00:00:00,0,32.25,150.75,984.2,66.7
2026-08-09 06:00:00,WP142026,34,2026-08-09 12:00:00,0 days 06:00:00,6,32.5,150.75,985.1,65.5
2026-08-09 06:00:00,WP142026,34,2026-08-09 18:00:00,0 days 12:00:00,12,32.75,150.75,986.0,64.2
2026-08-09 06:00:00,WP142026,34,2026-08-10 00:00:00,0 days 18:00:00,18,33.38,149.88,986.1,64.1
2026-08-09 06:00:00,WP142026,34,2026-08-10 06:00:00,1 days 00:00:00,24,34.0,149.0,986.2,64.1
2026-08-09 06:00:00,WP142026,34,2026-08-10 12:00:00,1 days 06:00:00,30,35.13,147.52,983.5,67.6
2026-08-09 06:00:00,WP142026,34,2026-08-10 18:00:00,1 days 12:00:00,36,36.25,146.0,980.9,71.1
2026-08-09 06:00:00,WP142026,34,2026-08-11 00:00:00,1 days 18:00:00,42,36.4,143.75,978.1,74.6
2026-08-09 06:00:00,WP142026,34,2026-08-11 06:00:00,2 days 00:00:00,48,36.5,141.5,975.3,78.1
2026-08-09 06:00:00,WP142026,34,2026-08-11 12:00:00,2 days 06:00:00,54,36.77,139.51,984.1,66.4
2026-08-09 06:00:00,WP142026,34,2026-08-11 18:00:00,2 days 12:00:00,60,37.0,137.5,992.8,54.6
2026-08-09 06:00:00,WP142026,34,2026-08-12 00:00:00,2 days 18:00:00,66,36.64,135.74,993.7,53.4
2026-08-09 06:00:00,WP142026,34,2026-08-12 06:00:00,3 days 00:00:00,72,36.25,134.0,994.6,52.1
2026-08-09 06:00:00,WP982026,34,2026-08-09 06:00:00,0 days 00:00:00,0,22.5,157.25,997.7,47.2
2026-08-09 06:00:00,WP982026,34,2026-08-09 12:00:00,0 days 06:00:00,6,21.84,151.72,996.0,49.9
2026-08-09 06:00:00,WP982026,34,2026-08-09 18:00:00,0 days 12:00:00,12,21.0,146.25,994.3,52.5
2026-08-09 06:00:00,WP982026,34,2026-08-10 00:00:00,0 days 18:00:00,18,21.4,148.87,991.7,56.2
2026-08-09 06:00:00,WP982026,34,2026-08-10 06:00:00,1 days 00:00:00,24,21.75,151.5,989.2,59.8
2026-08-09 06:00:00,WP982026,34,2026-08-10 12:00:00,1 days 06:00:00,30,23.13,153.11,987.0,62.9
2026-08-09 06:00:00,WP982026,34,2026-08-10 18:00:00,1 days 12:00:00,36,24.5,154.75,984.8,65.9
2026-08-09 06:00:00,WP982026,34,2026-08-11 00:00:00,1 days 18:00:00,42,25.76,155.99,985.9,64.4
2026-08-09 06:00:00,WP982026,34,2026-08-11 06:00:00,2 days 00:00:00,48,27.0,157.25,987.1,62.8
2026-08-09 06:00:00,WP982026,34,2026-08-11 12:00:00,2 days 06:00:00,54,28.63,157.5,987.6,62.1
2026-08-09 06:00:00,WP982026,34,2026-08-11 18:00:00,2 days 12:00:00,60,30.25,157.75,988.1,61.4
2026-08-09 06:00:00,WP982026,34,2026-08-12 00:00:00,2 days 18:00:00,66,31.12,157.75,989.2,59.8
2026-08-09 06:00:00,WP982026,34,2026-08-12 06:00:00,3 days 00:00:00,72,32.0,157.75,990.3,58.2
2026-08-09 06:00:00,WP982026,34,2026-08-12 12:00:00,3 days 06:00:00,78,32.5,157.75,991.6,56.4
2026-08-09 06:00:00,WP982026,34,2026-08-12 18:00:00,3 days 12:00:00,84,33.0,157.75,992.9,54.5
2026-08-09 06:00:00,WP982026,34,2026-08-13 00:00:00,3 days 18:00:00,90,32.88,157.88,993.8,53.2
2026-08-09 06:00:00,WP982026,34,2026-08-13 06:00:00,4 days 00:00:00,96,32.75,158.0,994.8,51.8
2026-08-09 06:00:00,WP982026,34,2026-08-13 12:00:00,4 days 06:00:00,102,32.88,157.88,994.5,52.2
2026-08-09 06:00:00,WP982026,34,2026-08-13 18:00:00,4 days 12:00:00,108,33.0,157.75,994.2,52.6
2026-08-09 06:00:00,WP982026,34,2026-08-14 00:00:00,4 days 18:00:00,114,32.88,157.5,994.1,52.7
2026-08-09 06:00:00,WP982026,34,2026-08-14 06:00:00,5 days 00:00:00,120,32.75,157.25,994.1,52.9
2026-08-09 06:00:00,WP982026,34,2026-08-14 12:00:00,5 days 06:00:00,126,32.38,157.5,995.6,50.4
2026-08-09 06:00:00,WP982026,34,2026-08-14 18:00:00,5 days 12:00:00,132,32.0,157.75,997.2,48.0
2026-08-09 06:00:00,WP982026,34,2026-08-15 00:00:00,5 days 18:00:00,138,31.5,157.75,998.6,45.8
2026-08-09 06:00:00,WP982026,34,2026-08-15 06:00:00,6 days 00:00:00,144,31.0,157.75,1000.0,43.6
2026-08-09 06:00:00,WP122026,35,2026-08-09 06:00:00,0 days 00:00:00,0,28.0,121.75,960.5,95.7
2026-08-09 06:00:00,WP122026,35,2026-08-09 12:00:00,0 days 06:00:00,6,27.63,120.62,971.6,82.2
2026-08-09 06:00:00,WP122026,35,2026-08-09 18:00:00,0 days 12:00:00,12,27.25,119.5,982.6,68.8
2026-08-09 06:00:00,WP122026,35,2026-08-10 00:00:00,0 days 18:00:00,18,28.13,119.25,985.5,64.9
2026-08-09 06:00:00,WP122026,35,2026-08-10 06:00:00,1 days 00:00:00,24,29.0,119.0,988.3,61.1
2026-08-09 06:00:00,WP122026,35,2026-08-10 12:00:00,1 days 06:00:00,30,29.63,117.76,989.4,59.5
2026-08-09 06:00:00,WP122026,35,2026-08-10 18:00:00,1 days 12:00:00,36,30.25,116.5,990.5,58.0
2026-08-09 06:00:00,WP122026,35,2026-08-11 00:00:00,1 days 18:00:00,42,31.13,115.76,991.3,56.9
2026-08-09 06:00:00,WP122026,35,2026-08-11 06:00:00,2 days 00:00:00,48,32.0,115.0,992.1,55.7
2026-08-09 06:00:00,WP122026,35,2026-08-11 12:00:00,2 days 06:00:00,54,32.25,114.63,993.6,53.5
2026-08-09 06:00:00,WP122026,35,2026-08-11 18:00:00,2 days 12:00:00,60,32.5,114.25,995.1,51.3
2026-08-09 06:00:00,WP122026,35,2026-08-12 00:00:00,2 days 18:00:00,66,32.13,115.25,995.5,50.7
2026-08-09 06:00:00,WP122026,35,2026-08-12 06:00:00,3 days 00:00:00,72,31.75,116.25,995.8,50.2
2026-08-09 06:00:00,WP142026,35,2026-08-09 06:00:00,0 days 00:00:00,0,32.25,150.75,984.2,66.7
2026-08-09 06:00:00,WP142026,35,2026-08-09 12:00:00,0 days 06:00:00,6,32.75,150.63,985.7,64.6
2026-08-09 06:00:00,WP142026,35,2026-08-09 18:00:00,0 days 12:00:00,12,33.25,150.5,987.2,62.6
2026-08-09 06:00:00,WP142026,35,2026-08-10 00:00:00,0 days 18:00:00,18,33.75,149.88,987.7,61.9
2026-08-09 06:00:00,WP142026,35,2026-08-10 06:00:00,1 days 00:00:00,24,34.25,149.25,988.2,61.2
2026-08-09 06:00:00,WP142026,35,2026-08-10 12:00:00,1 days 06:00:00,30,35.26,147.89,984.2,66.6
2026-08-09 06:00:00,WP142026,35,2026-08-10 18:00:00,1 days 12:00:00,36,36.25,146.5,980.1,72.0
2026-08-09 06:00:00,WP142026,35,2026-08-11 00:00:00,1 days 18:00:00,42,36.52,144.26,980.6,71.5
2026-08-09 06:00:00,WP142026,35,2026-08-11 06:00:00,2 days 00:00:00,48,36.75,142.0,981.0,70.9
2026-08-09 06:00:00,WP142026,35,2026-08-11 12:00:00,2 days 06:00:00,54,35.65,139.59,989.5,58.9
2026-08-09 06:00:00,WP142026,35,2026-08-11 18:00:00,2 days 12:00:00,60,34.5,137.25,997.9,47.0
2026-08-09 06:00:00,WP982026,35,2026-08-09 06:00:00,0 days 00:00:00,0,22.5,157.25,997.7,47.2
2026-08-09 06:00:00,WP982026,35,2026-08-09 12:00:00,0 days 06:00:00,6,23.38,158.24,997.9,47.0
2026-08-09 06:00:00,WP982026,35,2026-08-09 18:00:00,0 days 12:00:00,12,24.25,159.25,998.1,46.7
2026-08-09 06:00:00,WP982026,35,2026-08-10 00:00:00,0 days 18:00:00,18,24.75,160.0,997.1,48.3
2026-08-09 06:00:00,WP982026,35,2026-08-10 06:00:00,1 days 00:00:00,24,25.25,160.75,996.1,49.8
2026-08-09 06:00:00,WP982026,35,2026-08-10 12:00:00,1 days 06:00:00,30,24.16,157.6,996.9,48.5
2026-08-09 06:00:00,WP982026,35,2026-08-10 18:00:00,1 days 12:00:00,36,23.0,154.5,997.7,47.2
2026-08-09 06:00:00,WP982026,35,2026-08-11 00:00:00,1 days 18:00:00,42,24.89,156.22,997.3,47.9
2026-08-09 06:00:00,WP982026,35,2026-08-11 06:00:00,2 days 00:00:00,48,26.75,158.0,996.9,48.5
2026-08-09 06:00:00,WP982026,35,2026-08-11 12:00:00,2 days 06:00:00,54,28.0,158.25,996.9,48.5
2026-08-09 06:00:00,WP982026,35,2026-08-11 18:00:00,2 days 12:00:00,60,29.25,158.5,996.9,48.6
2026-08-09 06:00:00,WP982026,35,2026-08-12 00:00:00,2 days 18:00:00,66,30.38,159.24,997.6,47.5
2026-08-09 06:00:00,WP982026,35,2026-08-12 06:00:00,3 days 00:00:00,72,31.5,160.0,998.3,46.4
2026-08-09 06:00:00,WP982026,35,2026-08-12 12:00:00,3 days 06:00:00,78,31.88,161.0,998.3,46.4
2026-08-09 06:00:00,WP982026,35,2026-08-12 18:00:00,3 days 12:00:00,84,32.25,162.0,998.3,46.4
2026-08-09 06:00:00,WP982026,35,2026-08-13 00:00:00,3 days 18:00:00,90,30.87,156.41,995.7,50.3
2026-08-09 06:00:00,WP982026,35,2026-08-13 06:00:00,4 days 00:00:00,96,29.25,151.0,993.2,54.2
2026-08-09 06:00:00,WP982026,35,2026-08-13 12:00:00,4 days 06:00:00,102,30.0,152.12,994.0,53.0
2026-08-09 06:00:00,WP982026,35,2026-08-13 18:00:00,4 days 12:00:00,108,30.75,153.25,994.8,51.8
2026-08-09 06:00:00,WP982026,35,2026-08-14 00:00:00,4 days 18:00:00,114,31.25,153.5,995.4,50.9
2026-08-09 06:00:00,WP982026,35,2026-08-14 06:00:00,5 days 00:00:00,120,31.75,153.75,995.9,50.0
2026-08-09 06:00:00,WP982026,35,2026-08-14 12:00:00,5 days 06:00:00,126,32.13,154.37,997.0,48.4
2026-08-09 06:00:00,WP982026,35,2026-08-14 18:00:00,5 days 12:00:00,132,32.5,155.0,998.0,46.8
2026-08-09 06:00:00,WP982026,35,2026-08-15 00:00:00,5 days 18:00:00,138,33.14,154.02,998.7,45.6
2026-08-09 06:00:00,WP982026,35,2026-08-15 06:00:00,6 days 00:00:00,144,33.77,153.03,999.5,44.5
2026-08-09 06:00:00,WP982026,35,2026-08-15 12:00:00,6 days 06:00:00,150,34.39,152.02,1000.2,43.4
2026-08-09 06:00:00,WP982026,35,2026-08-15 18:00:00,6 days 12:00:00,156,35.0,151.0,1000.9,42.2
2026-08-09 06:00:00,WP122026,36,2026-08-09 06:00:00,0 days 00:00:00,0,28.0,121.75,960.5,95.7
2026-08-09 06:00:00,WP122026,36,2026-08-09 12:00:00,0 days 06:00:00,6,27.88,120.87,971.9,81.8
2026-08-09 06:00:00,WP122026,36,2026-08-09 18:00:00,0 days 12:00:00,12,27.75,120.0,983.2,68.0
2026-08-09 06:00:00,WP122026,36,2026-08-10 00:00:00,0 days 18:00:00,18,28.63,119.38,986.3,63.9
2026-08-09 06:00:00,WP122026,36,2026-08-10 06:00:00,1 days 00:00:00,24,29.5,118.75,989.3,59.7
2026-08-09 06:00:00,WP122026,36,2026-08-10 12:00:00,1 days 06:00:00,30,30.0,117.88,990.5,58.0
2026-08-09 06:00:00,WP122026,36,2026-08-10 18:00:00,1 days 12:00:00,36,30.5,117.0,991.7,56.4
2026-08-09 06:00:00,WP122026,36,2026-08-11 00:00:00,1 days 18:00:00,42,30.88,116.0,992.8,54.7
2026-08-09 06:00:00,WP122026,36,2026-08-11 06:00:00,2 days 00:00:00,48,31.25,115.0,993.9,53.1
2026-08-09 06:00:00,WP122026,36,2026-08-11 12:00:00,2 days 06:00:00,54,31.38,115.87,994.7,51.9
2026-08-09 06:00:00,WP122026,36,2026-08-11 18:00:00,2 days 12:00:00,60,31.5,116.75,995.5,50.6
2026-08-09 06:00:00,WP122026,36,2026-08-12 00:00:00,2 days 18:00:00,66,31.5,116.75,995.9,50.1
2026-08-09 06:00:00,WP122026,36,2026-08-12 06:00:00,3 days 00:00:00,72,31.5,116.75,996.2,49.7
2026-08-09 06:00:00,WP142026,36,2026-08-09 06:00:00,0 days 00:00:00,0,32.25,150.75,984.2,66.7
2026-08-09 06:00:00,WP142026,36,2026-08-09 12:00:00,0 days 06:00:00,6,32.75,150.63,986.5,63.5
2026-08-09 06:00:00,WP142026,36,2026-08-09 18:00:00,0 days 12:00:00,12,33.25,150.5,988.9,60.3
2026-08-09 06:00:00,WP142026,36,2026-08-10 00:00:00,0 days 18:00:00,18,33.88,149.76,989.5,59.5
2026-08-09 06:00:00,WP142026,36,2026-08-10 06:00:00,1 days 00:00:00,24,34.5,149.0,990.1,58.6
2026-08-09 06:00:00,WP142026,36,2026-08-10 12:00:00,1 days 06:00:00,30,35.76,147.52,986.2,63.9
2026-08-09 06:00:00,WP142026,36,2026-08-10 18:00:00,1 days 12:00:00,36,37.0,146.0,982.4,69.1
2026-08-09 06:00:00,WP142026,36,2026-08-11 00:00:00,1 days 18:00:00,42,37.02,143.88,980.9,71.1
2026-08-09 06:00:00,WP142026,36,2026-08-11 06:00:00,2 days 00:00:00,48,37.0,141.75,979.3,73.1
2026-08-09 06:00:00,WP142026,36,2026-08-11 12:00:00,2 days 06:00:00,54,37.27,139.63,987.5,61.7
2026-08-09 06:00:00,WP142026,36,2026-08-11 18:00:00,2 days 12:00:00,60,37.5,137.5,995.7,50.3
2026-08-09 06:00:00,WP142026,36,2026-08-12 00:00:00,2 days 18:00:00,66,37.26,135.62,997.0,48.4
2026-08-09 06:00:00,WP142026,36,2026-08-12 06:00:00,3 days 00:00:00,72,37.0,133.75,998.2,46.5
2026-08-09 06:00:00,WP982026,36,2026-08-09 06:00:00,0 days 00:00:00,0,22.5,157.25,997.7,47.2
2026-08-09 06:00:00,WP982026,36,2026-08-09 12:00:00,0 days 06:00:00,6,21.72,151.72,997.1,48.3
2026-08-09 06:00:00,WP982026,36,2026-08-09 18:00:00,0 days 12:00:00,12,20.75,146.25,996.4,49.4
2026-08-09 06:00:00,WP982026,36,2026-08-10 00:00:00,0 days 18:00:00,18,20.77,148.75,997.0,48.3
2026-08-09 06:00:00,WP982026,36,2026-08-10 06:00:00,1 days 00:00:00,24,20.75,151.25,997.7,47.3
2026-08-09 06:00:00,WP982026,36,2026-08-10 12:00:00,1 days 06:00:00,30,21.89,153.11,997.5,47.7
2026-08-09 06:00:00,WP982026,36,2026-08-10 18:00:00,1 days 12:00:00,36,23.0,155.0,997.2,48.0
2026-08-09 06:00:00,WP982026,36,2026-08-11 00:00:00,1 days 18:00:00,42,24.26,156.61,995.9,50.0
2026-08-09 06:00:00,WP982026,36,2026-08-11 06:00:00,2 days 00:00:00,48,25.5,158.25,994.6,52.0
2026-08-09 06:00:00,WP982026,36,2026-08-11 12:00:00,2 days 06:00:00,54,27.13,159.24,996.3,49.4
2026-08-09 06:00:00,WP982026,36,2026-08-11 18:00:00,2 days 12:00:00,60,28.75,160.25,998.1,46.7
2026-08-09 06:00:00,WP982026,36,2026-08-12 00:00:00,2 days 18:00:00,66,29.75,161.24,996.8,48.7
2026-08-09 06:00:00,WP982026,36,2026-08-12 06:00:00,3 days 00:00:00,72,30.75,162.25,995.5,50.8
2026-08-09 06:00:00,WP982026,36,2026-08-12 12:00:00,3 days 06:00:00,78,31.51,163.86,996.3,49.4
2026-08-09 06:00:00,WP982026,36,2026-08-12 18:00:00,3 days 12:00:00,84,32.25,165.5,997.2,48.1
2026-08-09 06:00:00,WP982026,36,2026-08-13 00:00:00,3 days 18:00:00,90,31.57,162.95,996.5,49.2
2026-08-09 06:00:00,WP982026,36,2026-08-13 06:00:00,4 days 00:00:00,96,30.85,160.42,995.7,50.3
2026-08-09 06:00:00,WP982026,36,2026-08-13 12:00:00,4 days 06:00:00,102,30.07,157.94,995.0,51.4
2026-08-09 06:00:00,WP982026,36,2026-08-13 18:00:00,4 days 12:00:00,108,29.25,155.5,994.3,52.5
2026-08-09 06:00:00,WP982026,36,2026-08-14 00:00:00,4 days 18:00:00,114,29.89,157.74,996.1,49.7
2026-08-09 06:00:00,WP982026,36,2026-08-14 06:00:00,5 days 00:00:00,120,30.5,160.0,998.0,46.8
2026-08-09 06:00:00,WP122026,37,2026-08-09 06:00:00,0 days 00:00:00,0,28.0,121.75,960.5,95.7
2026-08-09 06:00:00,WP122026,37,2026-08-09 12:00:00,0 days 06:00:00,6,27.88,120.87,970.5,83.6
2026-08-09 06:00:00,WP122026,37,2026-08-09 18:00:00,0 days 12:00:00,12,27.75,120.0,980.5,71.6
2026-08-09 06:00:00,WP122026,37,2026-08-10 00:00:00,0 days 18:00:00,18,28.38,119.38,983.8,67.1
2026-08-09 06:00:00,WP122026,37,2026-08-10 06:00:00,1 days 00:00:00,24,29.0,118.75,987.2,62.6
2026-08-09 06:00:00,WP122026,37,2026-08-10 12:00:00,1 days 06:00:00,30,29.75,117.88,988.8,60.4
2026-08-09 06:00:00,WP122026,37,2026-08-10 18:00:00,1 days 12:00:00,36,30.5,117.0,990.4,58.1
2026-08-09 06:00:00,WP122026,37,2026-08-11 00:00:00,1 days 18:00:00,42,31.38,116.38,990.7,57.7
2026-08-09 06:00:00,WP122026,37,2026-08-11 06:00:00,2 days 00:00:00,48,32.25,115.75,991.0,57.3
2026-08-09 06:00:00,WP122026,37,2026-08-11 12:00:00,2 days 06:00:00,54,32.5,115.0,992.2,55.5
2026-08-09 06:00:00,WP122026,37,2026-08-11 18:00:00,2 days 12:00:00,60,32.75,114.25,993.5,53.7
2026-08-09 06:00:00,WP122026,37,2026-08-12 00:00:00,2 days 18:00:00,66,32.63,115.13,994.2,52.6
2026-08-09 06:00:00,WP122026,37,2026-08-12 06:00:00,3 days 00:00:00,72,32.5,116.0,995.0,51.4
2026-08-09 06:00:00,WP142026,37,2026-08-09 06:00:00,0 days 00:00:00,0,32.25,150.75,984.2,66.7
2026-08-09 06:00:00,WP142026,37,2026-08-09 12:00:00,0 days 06:00:00,6,32.63,150.63,985.6,64.8
2026-08-09 06:00:00,WP142026,37,2026-08-09 18:00:00,0 days 12:00:00,12,33.0,150.5,987.1,62.8
2026-08-09 06:00:00,WP142026,37,2026-08-10 00:00:00,0 days 18:00:00,18,33.75,149.88,986.9,63.0
2026-08-09 06:00:00,WP142026,37,2026-08-10 06:00:00,1 days 00:00:00,24,34.5,149.25,986.8,63.2
2026-08-09 06:00:00,WP142026,37,2026-08-10 12:00:00,1 days 06:00:00,30,35.64,147.52,983.5,67.6
2026-08-09 06:00:00,WP142026,37,2026-08-10 18:00:00,1 days 12:00:00,36,36.75,145.75,980.2,72.0
2026-08-09 06:00:00,WP142026,37,2026-08-11 00:00:00,1 days 18:00:00,42,36.89,143.75,981.1,70.8
2026-08-09 06:00:00,WP142026,37,2026-08-11 06:00:00,2 days 00:00:00,48,37.0,141.75,982.1,69.5
2026-08-09 06:00:00,WP142026,37,2026-08-11 12:00:00,2 days 06:00:00,54,37.11,139.76,986.4,63.3
2026-08-09 06:00:00,WP142026,37,2026-08-11 18:00:00,2 days 12:00:00,60,37.19,137.76,990.8,57.0
2026-08-09 06:00:00,WP142026,37,2026-08-12 00:00:00,2 days 18:00:00,66,37.24,135.75,995.1,50.7
2026-08-09 06:00:00,WP142026,37,2026-08-12 06:00:00,3 days 00:00:00,72,37.25,133.75,999.5,44.5
2026-08-09 06:00:00,WP982026,37,2026-08-09 06:00:00,0 days 00:00:00,0,22.5,157.25,997.7,47.2
2026-08-09 06:00:00,WP982026,37,2026-08-09 12:00:00,0 days 06:00:00,6,23.51,158.61,998.6,45.9
2026-08-09 06:00:00,WP982026,37,2026-08-09 18:00:00,0 days 12:00:00,12,24.5,160.0,999.5,44.5
2026-08-09 06:00:00,WP982026,37,2026-08-10 00:00:00,0 days 18:00:00,18,25.0,160.5,999.0,45.2
2026-08-09 06:00:00,WP982026,37,2026-08-10 06:00:00,1 days 00:00:00,24,25.5,161.0,998.5,46.0
2026-08-09 06:00:00,WP982026,37,2026-08-10 12:00:00,1 days 06:00:00,30,24.54,157.6,995.8,50.2
2026-08-09 06:00:00,WP982026,37,2026-08-10 18:00:00,1 days 12:00:00,36,23.5,154.25,993.0,54.4
2026-08-09 06:00:00,WP982026,37,2026-08-11 00:00:00,1 days 18:00:00,42,24.63,155.74,992.5,55.2
2026-08-09 06:00:00,WP982026,37,2026-08-11 06:00:00,2 days 00:00:00,48,25.75,157.25,991.9,56.1
2026-08-09 06:00:00,WP982026,37,2026-08-11 12:00:00,2 days 06:00:00,54,27.13,157.99,994.0,52.8
2026-08-09 06:00:00,WP982026,37,2026-08-11 18:00:00,2 days 12:00:00,60,28.5,158.75,996.2,49.6
2026-08-09 06:00:00,WP982026,37,2026-08-12 00:00:00,2 days 18:00:00,66,29.13,159.0,996.8,48.6
2026-08-09 06:00:00,WP982026,37,2026-08-12 06:00:00,3 days 00:00:00,72,29.75,159.25,997.5,47.6
2026-08-09 06:00:00,WP982026,37,2026-08-12 12:00:00,3 days 06:00:00,78,30.38,160.49,998.1,46.6
2026-08-09 06:00:00,WP982026,37,2026-08-12 18:00:00,3 days 12:00:00,84,31.0,161.75,998.8,45.6
2026-08-09 06:00:00,WP982026,37,2026-08-13 00:00:00,3 days 18:00:00,90,29.81,157.83,997.9,47.1
2026-08-09 06:00:00,WP982026,37,2026-08-13 06:00:00,4 days 00:00:00,96,28.5,154.0,996.9,48.5
2026-08-09 06:00:00,WP982026,37,2026-08-13 12:00:00,4 days 06:00:00,102,28.88,154.62,997.9,46.9
2026-08-09 06:00:00,WP982026,37,2026-08-13 18:00:00,4 days 12:00:00,108,29.25,155.25,998.9,45.3
2026-08-09 06:00:00,WP122026,38,2026-08-09 06:00:00,0 days 00:00:00,0,28.0,121.75,960.5,95.7
2026-08-09 06:00:00,WP122026,38,2026-08-09 12:00:00,0 days 06:00:00,6,27.88,121.0,971.0,82.9
2026-08-09 06:00:00,WP122026,38,2026-08-09 18:00:00,0 days 12:00:00,12,27.75,120.25,981.5,70.2
2026-08-09 06:00:00,WP122026,38,2026-08-10 00:00:00,0 days 18:00:00,18,28.38,119.38,985.3,65.2
2026-08-09 06:00:00,WP122026,38,2026-08-10 06:00:00,1 days 00:00:00,24,29.0,118.5,989.0,60.2
2026-08-09 06:00:00,WP122026,38,2026-08-10 12:00:00,1 days 06:00:00,30,30.0,117.76,990.6,57.9
2026-08-09 06:00:00,WP122026,38,2026-08-10 18:00:00,1 days 12:00:00,36,31.0,117.0,992.2,55.6
2026-08-09 06:00:00,WP142026,38,2026-08-09 06:00:00,0 days 00:00:00,0,32.25,150.75,984.2,66.7
2026-08-09 06:00:00,WP142026,38,2026-08-09 12:00:00,0 days 06:00:00,6,32.63,150.63,985.9,64.4
2026-08-09 06:00:00,WP142026,38,2026-08-09 18:00:00,0 days 12:00:00,12,33.0,150.5,987.6,62.1
2026-08-09 06:00:00,WP142026,38,2026-08-10 00:00:00,0 days 18:00:00,18,34.0,149.76,987.0,62.9
2026-08-09 06:00:00,WP142026,38,2026-08-10 06:00:00,1 days 00:00:00,24,35.0,149.0,986.5,63.6
2026-08-09 06:00:00,WP142026,38,2026-08-10 12:00:00,1 days 06:00:00,30,36.14,147.28,983.0,68.2
2026-08-09 06:00:00,WP142026,38,2026-08-10 18:00:00,1 days 12:00:00,36,37.25,145.5,979.5,72.8
2026-08-09 06:00:00,WP142026,38,2026-08-11 00:00:00,1 days 18:00:00,42,37.01,143.74,980.0,72.3
2026-08-09 06:00:00,WP142026,38,2026-08-11 06:00:00,2 days 00:00:00,48,36.75,142.0,980.4,71.7
2026-08-09 06:00:00,WP142026,38,2026-08-11 12:00:00,2 days 06:00:00,54,37.01,140.38,988.2,60.9
2026-08-09 06:00:00,WP142026,38,2026-08-11 18:00:00,2 days 12:00:00,60,37.25,138.75,995.9,50.0
2026-08-09 06:00:00,WP982026,38,2026-08-09 06:00:00,0 days 00:00:00,0,22.5,157.25,997.7,47.2
2026-08-09 06:00:00,WP982026,38,2026-08-09 12:00:00,0 days 06:00:00,6,21.72,151.59,996.9,48.5
2026-08-09 06:00:00,WP982026,38,2026-08-09 18:00:00,0 days 12:00:00,12,20.75,146.0,996.1,49.8
2026-08-09 06:00:00,WP982026,38,2026-08-10 00:00:00,0 days 18:00:00,18,21.01,148.25,993.6,53.5
2026-08-09 06:00:00,WP982026,38,2026-08-10 06:00:00,1 days 00:00:00,24,21.25,150.5,991.1,57.1
2026-08-09 06:00:00,WP982026,38,2026-08-10 12:00:00,1 days 06:00:00,30,22.26,152.61,989.6,59.3
2026-08-09 06:00:00,WP982026,38,2026-08-10 18:00:00,1 days 12:00:00,36,23.25,154.75,988.1,61.4
2026-08-09 06:00:00,WP982026,38,2026-08-11 00:00:00,1 days 18:00:00,42,24.76,155.98,988.5,60.9
2026-08-09 06:00:00,WP982026,38,2026-08-11 06:00:00,2 days 00:00:00,48,26.25,157.25,988.9,60.3
2026-08-09 06:00:00,WP982026,38,2026-08-11 12:00:00,2 days 06:00:00,54,27.5,158.36,990.5,58.1
2026-08-09 06:00:00,WP982026,38,2026-08-11 18:00:00,2 days 12:00:00,60,28.75,159.5,992.0,55.9
2026-08-09 06:00:00,WP982026,38,2026-08-12 00:00:00,2 days 18:00:00,66,29.63,160.99,991.6,56.4
2026-08-09 06:00:00,WP982026,38,2026-08-12 06:00:00,3 days 00:00:00,72,30.5,162.5,991.3,56.9
2026-08-09 06:00:00,WP982026,38,2026-08-12 12:00:00,3 days 06:00:00,78,31.51,164.23,991.6,56.4
2026-08-09 06:00:00,WP982026,38,2026-08-12 18:00:00,3 days 12:00:00,84,32.5,166.0,991.9,56.0
2026-08-09 06:00:00,WP982026,38,2026-08-13 00:00:00,3 days 18:00:00,90,33.34,168.73,990.7,57.7
2026-08-09 06:00:00,WP982026,38,2026-08-13 06:00:00,4 days 00:00:00,96,34.13,171.53,989.5,59.5
2026-08-09 06:00:00,WP982026,38,2026-08-13 12:00:00,4 days 06:00:00,102,34.85,174.37,988.2,61.2
2026-08-09 06:00:00,WP982026,38,2026-08-13 18:00:00,4 days 12:00:00,108,35.5,177.25,987.0,62.9
2026-08-09 06:00:00,WP982026,38,2026-08-14 00:00:00,4 days 18:00:00,114,37.78,-179.96,985.2,65.4
2026-08-09 06:00:00,WP982026,38,2026-08-14 06:00:00,5 days 00:00:00,120,40.0,-177.0,983.4,67.8
2026-08-09 06:00:00,WP122026,39,2026-08-09 06:00:00,0 days 00:00:00,0,28.0,121.75,960.5,95.7
2026-08-09 06:00:00,WP122026,39,2026-08-09 12:00:00,0 days 06:00:00,6,27.88,120.87,971.9,81.7
2026-08-09 06:00:00,WP122026,39,2026-08-09 18:00:00,0 days 12:00:00,12,27.75,120.0,983.4,67.8
2026-08-09 06:00:00,WP122026,39,2026-08-10 00:00:00,0 days 18:00:00,18,28.38,118.76,986.3,63.9
2026-08-09 06:00:00,WP122026,39,2026-08-10 06:00:00,1 days 00:00:00,24,29.0,117.5,989.1,60.0
2026-08-09 06:00:00,WP122026,39,2026-08-10 12:00:00,1 days 06:00:00,30,29.75,117.25,990.6,57.9
2026-08-09 06:00:00,WP122026,39,2026-08-10 18:00:00,1 days 12:00:00,36,30.5,117.0,992.0,55.8
2026-08-09 06:00:00,WP122026,39,2026-08-11 00:00:00,1 days 18:00:00,42,30.63,115.5,992.7,54.9
2026-08-09 06:00:00,WP122026,39,2026-08-11 06:00:00,2 days 00:00:00,48,30.75,114.0,993.3,54.0
2026-08-09 06:00:00,WP122026,39,2026-08-11 12:00:00,2 days 06:00:00,54,30.63,114.0,994.9,51.5
2026-08-09 06:00:00,WP122026,39,2026-08-11 18:00:00,2 days 12:00:00,60,30.5,114.0,996.6,49.0
2026-08-09 06:00:00,WP122026,39,2026-08-12 00:00:00,2 days 18:00:00,66,31.01,115.37,996.5,49.2
2026-08-09 06:00:00,WP122026,39,2026-08-12 06:00:00,3 days 00:00:00,72,31.5,116.75,996.3,49.4
2026-08-09 06:00:00,WP122026,39,2026-08-12 12:00:00,3 days 06:00:00,78,31.5,116.87,996.5,49.2
2026-08-09 06:00:00,WP122026,39,2026-08-12 18:00:00,3 days 12:00:00,84,31.5,117.0,996.6,49.0
2026-08-09 06:00:00,WP122026,39,2026-08-13 00:00:00,3 days 18:00:00,90,31.5,117.13,996.7,48.8
2026-08-09 06:00:00,WP122026,39,2026-08-13 06:00:00,4 days 00:00:00,96,31.5,117.25,996.8,48.6
2026-08-09 06:00:00,WP132026,39,2026-08-09 06:00:00,0 days 00:00:00,0,21.5,142.75,994.1,52.8
2026-08-09 06:00:00,WP132026,39,2026-08-09 12:00:00,0 days 06:00:00,6,21.13,144.5,995.3,51.1
2026-08-09 06:00:00,WP132026,39,2026-08-09 18:00:00,0 days 12:00:00,12,20.75,146.25,996.4,49.3
2026-08-09 06:00:00,WP132026,39,2026-08-10 00:00:00,0 days 18:00:00,18,21.01,148.37,996.2,49.6
2026-08-09 06:00:00,WP132026,39,2026-08-10 06:00:00,1 days 00:00:00,24,21.25,150.5,996.0,49.9
2026-08-09 06:00:00,WP132026,39,2026-08-10 12:00:00,1 days 06:00:00,30,22.27,152.73,995.0,51.4
2026-08-09 06:00:00,WP132026,39,2026-08-10 18:00:00,1 days 12:00:00,36,23.25,155.0,994.1,52.8
2026-08-09 06:00:00,WP132026,39,2026-08-11 00:00:00,1 days 18:00:00,42,24.39,156.86,993.8,53.2
2026-08-09 06:00:00,WP132026,39,2026-08-11 06:00:00,2 days 00:00:00,48,25.5,158.75,993.6,53.5
2026-08-09 06:00:00,WP132026,39,2026-08-11 12:00:00,2 days 06:00:00,54,29.04,162.01,994.3,52.4
2026-08-09 06:00:00,WP132026,39,2026-08-11 18:00:00,2 days 12:00:00,60,32.5,165.5,995.1,51.3
2026-08-09 06:00:00,WP142026,39,2026-08-09 06:00:00,0 days 00:00:00,0,32.25,150.75,984.2,66.7
2026-08-09 06:00:00,WP142026,39,2026-08-09 12:00:00,0 days 06:00:00,6,32.75,150.5,985.7,64.6
2026-08-09 06:00:00,WP142026,39,2026-08-09 18:00:00,0 days 12:00:00,12,33.25,150.25,987.2,62.6
2026-08-09 06:00:00,WP142026,39,2026-08-10 00:00:00,0 days 18:00:00,18,33.75,149.5,986.0,64.3
2026-08-09 06:00:00,WP142026,39,2026-08-10 06:00:00,1 days 00:00:00,24,34.25,148.75,984.7,66.0
2026-08-09 06:00:00,WP142026,39,2026-08-10 12:00:00,1 days 06:00:00,30,35.26,147.27,981.2,70.6
2026-08-09 06:00:00,WP142026,39,2026-08-10 18:00:00,1 days 12:00:00,36,36.25,145.75,977.7,75.1
2026-08-09 06:00:00,WP142026,39,2026-08-11 00:00:00,1 days 18:00:00,42,36.01,143.99,976.8,76.3
2026-08-09 06:00:00,WP142026,39,2026-08-11 06:00:00,2 days 00:00:00,48,35.75,142.25,975.9,77.4
2026-08-09 06:00:00,WP142026,39,2026-08-11 12:00:00,2 days 06:00:00,54,35.66,139.5,984.1,66.5
2026-08-09 06:00:00,WP142026,39,2026-08-11 18:00:00,2 days 12:00:00,60,35.5,136.75,992.2,55.5
2026-08-09 06:00:00,WP982026,39,2026-08-09 06:00:00,0 days 00:00:00,0,22.5,157.25,997.7,47.2
2026-08-09 06:00:00,WP982026,39,2026-08-09 12:00:00,0 days 06:00:00,6,23.5,158.37,997.4,47.8
2026-08-09 06:00:00,WP982026,39,2026-08-09 18:00:00,0 days 12:00:00,12,24.5,159.5,997.0,48.3
2026-08-09 06:00:00,WP982026,39,2026-08-10 00:00:00,0 days 18:00:00,18,25.0,160.25,995.9,50.1
2026-08-09 06:00:00,WP982026,39,2026-08-10 06:00:00,1 days 00:00:00,24,25.5,161.0,994.7,51.9
2026-08-09 06:00:00,WP982026,39,2026-08-10 12:00:00,1 days 06:00:00,30,26.88,161.99,995.1,51.2
2026-08-09 06:00:00,WP982026,39,2026-08-10 18:00:00,1 days 12:00:00,36,28.25,163.0,995.6,50.6
2026-08-09 06:00:00,WP982026,39,2026-08-11 00:00:00,1 days 18:00:00,42,29.5,163.62,995.6,50.5
2026-08-09 06:00:00,WP982026,39,2026-08-11 06:00:00,2 days 00:00:00,48,30.75,164.25,995.7,50.4
2026-08-09 06:00:00,WP982026,39,2026-08-11 12:00:00,2 days 06:00:00,54,31.63,164.87,995.4,50.9
2026-08-09 06:00:00,WP982026,39,2026-08-11 18:00:00,2 days 12:00:00,60,32.5,165.5,995.1,51.3
2026-08-09 06:00:00,WP122026,4,2026-08-09 06:00:00,0 days 00:00:00,0,28.0,121.75,960.5,95.7
2026-08-09 06:00:00,WP122026,4,2026-08-09 12:00:00,0 days 06:00:00,6,27.25,120.87,971.4,82.4
2026-08-09 06:00:00,WP122026,4,2026-08-09 18:00:00,0 days 12:00:00,12,26.5,120.0,982.4,69.1
2026-08-09 06:00:00,WP122026,4,2026-08-10 00:00:00,0 days 18:00:00,18,27.75,119.38,985.7,64.7
2026-08-09 06:00:00,WP122026,4,2026-08-10 06:00:00,1 days 00:00:00,24,29.0,118.75,989.0,60.2
2026-08-09 06:00:00,WP122026,4,2026-08-10 12:00:00,1 days 06:00:00,30,29.76,117.01,990.2,58.4
2026-08-09 06:00:00,WP122026,4,2026-08-10 18:00:00,1 days 12:00:00,36,30.5,115.25,991.5,56.6
2026-08-09 06:00:00,WP122026,4,2026-08-11 00:00:00,1 days 18:00:00,42,30.38,115.12,991.4,56.7
2026-08-09 06:00:00,WP122026,4,2026-08-11 06:00:00,2 days 00:00:00,48,30.25,115.0,991.4,56.7
2026-08-09 06:00:00,WP122026,4,2026-08-11 12:00:00,2 days 06:00:00,54,30.63,114.88,992.5,55.2
2026-08-09 06:00:00,WP122026,4,2026-08-11 18:00:00,2 days 12:00:00,60,31.0,114.75,993.5,53.7
2026-08-09 06:00:00,WP122026,4,2026-08-12 00:00:00,2 days 18:00:00,66,31.5,115.62,993.3,54.0
2026-08-09 06:00:00,WP122026,4,2026-08-12 06:00:00,3 days 00:00:00,72,32.0,116.5,993.0,54.4
2026-08-09 06:00:00,WP122026,4,2026-08-12 12:00:00,3 days 06:00:00,78,31.57,117.39,993.3,54.0
2026-08-09 06:00:00,WP122026,4,2026-08-12 18:00:00,3 days 12:00:00,84,31.14,118.27,993.6,53.6
2026-08-09 06:00:00,WP122026,4,2026-08-13 00:00:00,3 days 18:00:00,90,30.7,119.14,993.9,53.2
2026-08-09 06:00:00,WP122026,4,2026-08-13 06:00:00,4 days 00:00:00,96,30.25,120.0,994.1,52.7
2026-08-09 06:00:00,WP142026,4,2026-08-09 06:00:00,0 days 00:00:00,0,32.25,150.75,984.2,66.7
2026-08-09 06:00:00,WP142026,4,2026-08-09 12:00:00,0 days 06:00:00,6,32.63,150.63,986.3,63.9
2026-08-09 06:00:00,WP142026,4,2026-08-09 18:00:00,0 days 12:00:00,12,33.0,150.5,988.3,61.1
2026-08-09 06:00:00,WP142026,4,2026-08-10 00:00:00,0 days 18:00:00,18,33.63,149.76,987.0,62.9
2026-08-09 06:00:00,WP142026,4,2026-08-10 06:00:00,1 days 00:00:00,24,34.25,149.0,985.7,64.7
2026-08-09 06:00:00,WP142026,4,2026-08-10 12:00:00,1 days 06:00:00,30,35.64,147.4,981.5,70.2
2026-08-09 06:00:00,WP142026,4,2026-08-10 18:00:00,1 days 12:00:00,36,37.0,145.75,977.3,75.7
2026-08-09 06:00:00,WP142026,4,2026-08-11 00:00:00,1 days 18:00:00,42,36.77,143.62,976.8,76.2
2026-08-09 06:00:00,WP142026,4,2026-08-11 06:00:00,2 days 00:00:00,48,36.5,141.5,976.4,76.8
2026-08-09 06:00:00,WP142026,4,2026-08-11 12:00:00,2 days 06:00:00,54,36.89,139.63,985.6,64.3
2026-08-09 06:00:00,WP142026,4,2026-08-11 18:00:00,2 days 12:00:00,60,37.25,137.75,994.8,51.8
2026-08-09 06:00:00,WP142026,4,2026-08-12 00:00:00,2 days 18:00:00,66,36.76,135.86,995.7,50.4
2026-08-09 06:00:00,WP142026,4,2026-08-12 06:00:00,3 days 00:00:00,72,36.25,134.0,996.6,49.0
2026-08-09 06:00:00,WP122026,40,2026-08-09 06:00:00,0 days 00:00:00,0,28.0,121.75,960.5,95.7
2026-08-09 06:00:00,WP122026,40,2026-08-09 12:00:00,0 days 06:00:00,6,27.88,120.87,971.6,82.2
2026-08-09 06:00:00,WP122026,40,2026-08-09 18:00:00,0 days 12:00:00,12,27.75,120.0,982.7,68.8
2026-08-09 06:00:00,WP122026,40,2026-08-10 00:00:00,0 days 18:00:00,18,28.38,118.76,985.4,65.0
2026-08-09 06:00:00,WP122026,40,2026-08-10 06:00:00,1 days 00:00:00,24,29.0,117.5,988.2,61.3
2026-08-09 06:00:00,WP122026,40,2026-08-10 12:00:00,1 days 06:00:00,30,29.75,117.25,988.9,60.3
2026-08-09 06:00:00,WP122026,40,2026-08-10 18:00:00,1 days 12:00:00,36,30.5,117.0,989.6,59.4
2026-08-09 06:00:00,WP122026,40,2026-08-11 00:00:00,1 days 18:00:00,42,31.25,116.5,990.4,58.2
2026-08-09 06:00:00,WP122026,40,2026-08-11 06:00:00,2 days 00:00:00,48,32.0,116.0,991.2,57.1
2026-08-09 06:00:00,WP122026,40,2026-08-11 12:00:00,2 days 06:00:00,54,32.38,115.38,992.7,54.8
2026-08-09 06:00:00,WP122026,40,2026-08-11 18:00:00,2 days 12:00:00,60,32.75,114.75,994.2,52.6
2026-08-09 06:00:00,WP122026,40,2026-08-12 00:00:00,2 days 18:00:00,66,32.38,115.25,994.7,51.9
2026-08-09 06:00:00,WP122026,40,2026-08-12 06:00:00,3 days 00:00:00,72,32.0,115.75,995.2,51.1
2026-08-09 06:00:00,WP122026,40,2026-08-12 12:00:00,3 days 06:00:00,78,32.0,115.75,996.2,49.7
2026-08-09 06:00:00,WP122026,40,2026-08-12 18:00:00,3 days 12:00:00,84,32.0,115.75,997.1,48.2
2026-08-09 06:00:00,WP122026,40,2026-08-13 00:00:00,3 days 18:00:00,90,32.13,116.12,996.7,48.9
2026-08-09 06:00:00,WP122026,40,2026-08-13 06:00:00,4 days 00:00:00,96,32.25,116.5,996.3,49.5
2026-08-09 06:00:00,WP132026,40,2026-08-09 06:00:00,0 days 00:00:00,0,21.5,142.75,994.1,52.8
2026-08-09 06:00:00,WP132026,40,2026-08-09 12:00:00,0 days 06:00:00,6,21.01,144.26,995.0,51.4
2026-08-09 06:00:00,WP132026,40,2026-08-09 18:00:00,0 days 12:00:00,12,20.5,145.75,995.9,50.1
2026-08-09 06:00:00,WP132026,40,2026-08-10 00:00:00,0 days 18:00:00,18,20.64,148.37,995.8,50.3
2026-08-09 06:00:00,WP132026,40,2026-08-10 06:00:00,1 days 00:00:00,24,20.75,151.0,995.6,50.5
2026-08-09 06:00:00,WP132026,40,2026-08-10 12:00:00,1 days 06:00:00,30,21.88,152.74,992.6,54.9
2026-08-09 06:00:00,WP132026,40,2026-08-10 18:00:00,1 days 12:00:00,36,23.0,154.5,989.6,59.2
2026-08-09 06:00:00,WP132026,40,2026-08-11 00:00:00,1 days 18:00:00,42,24.51,155.86,989.5,59.4
2026-08-09 06:00:00,WP132026,40,2026-08-11 06:00:00,2 days 00:00:00,48,26.0,157.25,989.4,59.6
2026-08-09 06:00:00,WP142026,40,2026-08-09 06:00:00,0 days 00:00:00,0,32.25,150.75,984.2,66.7
2026-08-09 06:00:00,WP142026,40,2026-08-09 12:00:00,0 days 06:00:00,6,32.63,150.63,985.2,65.4
2026-08-09 06:00:00,WP142026,40,2026-08-09 18:00:00,0 days 12:00:00,12,33.0,150.5,986.1,64.1
2026-08-09 06:00:00,WP142026,40,2026-08-10 00:00:00,0 days 18:00:00,18,33.88,149.88,986.7,63.4
2026-08-09 06:00:00,WP142026,40,2026-08-10 06:00:00,1 days 00:00:00,24,34.75,149.25,987.2,62.7
2026-08-09 06:00:00,WP142026,40,2026-08-10 12:00:00,1 days 06:00:00,30,35.89,147.52,983.4,67.7
2026-08-09 06:00:00,WP142026,40,2026-08-10 18:00:00,1 days 12:00:00,36,37.0,145.75,979.6,72.7
2026-08-09 06:00:00,WP142026,40,2026-08-11 00:00:00,1 days 18:00:00,42,36.65,143.49,979.4,73.0
2026-08-09 06:00:00,WP142026,40,2026-08-11 06:00:00,2 days 00:00:00,48,36.25,141.25,979.1,73.3
2026-08-09 06:00:00,WP142026,40,2026-08-11 12:00:00,2 days 06:00:00,54,36.64,139.26,986.4,63.4
2026-08-09 06:00:00,WP142026,40,2026-08-11 18:00:00,2 days 12:00:00,60,37.0,137.25,993.7,53.4
2026-08-09 06:00:00,WP982026,40,2026-08-09 06:00:00,0 days 00:00:00,0,22.5,157.25,997.7,47.2
2026-08-09 06:00:00,WP982026,40,2026-08-09 12:00:00,0 days 06:00:00,6,23.88,158.98,997.6,47.4
2026-08-09 06:00:00,WP982026,40,2026-08-09 18:00:00,0 days 12:00:00,12,25.25,160.75,997.5,47.6
2026-08-09 06:00:00,WP982026,40,2026-08-10 00:00:00,0 days 18:00:00,18,25.25,160.62,997.0,48.3
2026-08-09 06:00:00,WP982026,40,2026-08-10 06:00:00,1 days 00:00:00,24,25.25,160.5,996.6,49.0
2026-08-09 06:00:00,WP982026,40,2026-08-10 12:00:00,1 days 06:00:00,30,26.76,162.23,997.0,48.4
2026-08-09 06:00:00,WP982026,40,2026-08-10 18:00:00,1 days 12:00:00,36,28.25,164.0,997.3,47.9
2026-08-09 06:00:00,WP982026,40,2026-08-11 00:00:00,1 days 18:00:00,42,27.17,160.59,993.4,53.7
2026-08-09 06:00:00,WP982026,40,2026-08-11 06:00:00,2 days 00:00:00,48,26.0,157.25,989.4,59.6
2026-08-09 06:00:00,WP982026,40,2026-08-11 12:00:00,2 days 06:00:00,54,27.38,158.36,991.0,57.3
2026-08-09 06:00:00,WP982026,40,2026-08-11 18:00:00,2 days 12:00:00,60,28.75,159.5,992.7,54.9
2026-08-09 06:00:00,WP982026,40,2026-08-12 00:00:00,2 days 18:00:00,66,29.38,161.12,994.3,52.5
2026-08-09 06:00:00,WP982026,40,2026-08-12 06:00:00,3 days 00:00:00,72,30.0,162.75,995.9,50.1
2026-08-09 06:00:00,WP982026,40,2026-08-12 12:00:00,3 days 06:00:00,78,30.52,164.86,994.7,51.9
2026-08-09 06:00:00,WP982026,40,2026-08-12 18:00:00,3 days 12:00:00,84,31.0,167.0,993.5,53.7
2026-08-09 06:00:00,WP982026,40,2026-08-13 00:00:00,3 days 18:00:00,90,31.26,169.54,993.6,53.5
2026-08-09 06:00:00,WP982026,40,2026-08-13 06:00:00,4 days 00:00:00,96,31.48,172.1,993.8,53.3
2026-08-09 06:00:00,WP982026,40,2026-08-13 12:00:00,4 days 06:00:00,102,31.64,174.68,993.9,53.1
2026-08-09 06:00:00,WP982026,40,2026-08-13 18:00:00,4 days 12:00:00,108,31.75,177.25,994.0,52.9
2026-08-09 06:00:00,WP122026,41,2026-08-09 06:00:00,0 days 00:00:00,0,28.0,121.75,960.5,95.7
2026-08-09 06:00:00,WP122026,41,2026-08-09 12:00:00,0 days 06:00:00,6,27.88,120.87,970.8,83.3
2026-08-09 06:00:00,WP122026,41,2026-08-09 18:00:00,0 days 12:00:00,12,27.75,120.0,981.1,70.8
2026-08-09 06:00:00,WP122026,41,2026-08-10 00:00:00,0 days 18:00:00,18,28.63,119.38,985.0,65.6
2026-08-09 06:00:00,WP122026,41,2026-08-10 06:00:00,1 days 00:00:00,24,29.5,118.75,988.9,60.3
2026-08-09 06:00:00,WP122026,41,2026-08-10 12:00:00,1 days 06:00:00,30,30.0,117.88,989.4,59.5
2026-08-09 06:00:00,WP122026,41,2026-08-10 18:00:00,1 days 12:00:00,36,30.5,117.0,990.0,58.8
2026-08-09 06:00:00,WP122026,41,2026-08-11 00:00:00,1 days 18:00:00,42,31.5,116.13,990.7,57.7
2026-08-09 06:00:00,WP122026,41,2026-08-11 06:00:00,2 days 00:00:00,48,32.5,115.25,991.4,56.7
2026-08-09 06:00:00,WP122026,41,2026-08-11 12:00:00,2 days 06:00:00,54,32.38,115.12,992.8,54.7
2026-08-09 06:00:00,WP122026,41,2026-08-11 18:00:00,2 days 12:00:00,60,32.25,115.0,994.2,52.7
2026-08-09 06:00:00,WP132026,41,2026-08-09 06:00:00,0 days 00:00:00,0,21.5,142.75,994.1,52.8
2026-08-09 06:00:00,WP132026,41,2026-08-09 12:00:00,0 days 06:00:00,6,21.13,144.38,994.9,51.6
2026-08-09 06:00:00,WP132026,41,2026-08-09 18:00:00,0 days 12:00:00,12,20.75,146.0,995.7,50.4
2026-08-09 06:00:00,WP132026,41,2026-08-10 00:00:00,0 days 18:00:00,18,20.89,148.37,995.2,51.2
2026-08-09 06:00:00,WP132026,41,2026-08-10 06:00:00,1 days 00:00:00,24,21.0,150.75,994.7,51.9
2026-08-09 06:00:00,WP132026,41,2026-08-10 12:00:00,1 days 06:00:00,30,22.14,152.73,994.5,52.1
2026-08-09 06:00:00,WP132026,41,2026-08-10 18:00:00,1 days 12:00:00,36,23.25,154.75,994.4,52.3
2026-08-09 06:00:00,WP132026,41,2026-08-11 00:00:00,1 days 18:00:00,42,24.38,156.11,994.2,52.7
2026-08-09 06:00:00,WP132026,41,2026-08-11 06:00:00,2 days 00:00:00,48,25.5,157.5,993.9,53.0
2026-08-09 06:00:00,WP142026,41,2026-08-09 06:00:00,0 days 00:00:00,0,32.25,150.75,984.2,66.7
2026-08-09 06:00:00,WP142026,41,2026-08-09 12:00:00,0 days 06:00:00,6,32.75,150.63,985.5,65.0
2026-08-09 06:00:00,WP142026,41,2026-08-09 18:00:00,0 days 12:00:00,12,33.25,150.5,986.7,63.3
2026-08-09 06:00:00,WP142026,41,2026-08-10 00:00:00,0 days 18:00:00,18,34.0,149.63,985.6,64.8
2026-08-09 06:00:00,WP142026,41,2026-08-10 06:00:00,1 days 00:00:00,24,34.75,148.75,984.5,66.3
2026-08-09 06:00:00,WP142026,41,2026-08-10 12:00:00,1 days 06:00:00,30,35.63,147.51,979.9,72.3
2026-08-09 06:00:00,WP142026,41,2026-08-10 18:00:00,1 days 12:00:00,36,36.5,146.25,975.2,78.3
2026-08-09 06:00:00,WP142026,41,2026-08-11 00:00:00,1 days 18:00:00,42,36.39,144.25,977.2,75.7
2026-08-09 06:00:00,WP142026,41,2026-08-11 06:00:00,2 days 00:00:00,48,36.25,142.25,979.3,73.2
2026-08-09 06:00:00,WP982026,41,2026-08-09 06:00:00,0 days 00:00:00,0,22.5,157.25,997.7,47.2
2026-08-09 06:00:00,WP982026,41,2026-08-09 12:00:00,0 days 06:00:00,6,23.51,158.86,997.8,47.1
2026-08-09 06:00:00,WP982026,41,2026-08-09 18:00:00,0 days 12:00:00,12,24.5,160.5,997.9,47.1
2026-08-09 06:00:00,WP982026,41,2026-08-10 00:00:00,0 days 18:00:00,18,25.5,160.87,996.5,49.1
2026-08-09 06:00:00,WP982026,41,2026-08-10 06:00:00,1 days 00:00:00,24,26.5,161.25,995.2,51.2
2026-08-09 06:00:00,WP982026,41,2026-08-10 12:00:00,1 days 06:00:00,30,27.5,161.5,995.3,51.0
2026-08-09 06:00:00,WP982026,41,2026-08-10 18:00:00,1 days 12:00:00,36,28.5,161.75,995.4,50.8
2026-08-09 06:00:00,WP982026,41,2026-08-11 00:00:00,1 days 18:00:00,42,27.02,159.6,994.7,51.9
2026-08-09 06:00:00,WP982026,41,2026-08-11 06:00:00,2 days 00:00:00,48,25.5,157.5,993.9,53.0
2026-08-09 06:00:00,WP982026,41,2026-08-11 12:00:00,2 days 06:00:00,54,26.64,159.23,995.6,50.5
2026-08-09 06:00:00,WP982026,41,2026-08-11 18:00:00,2 days 12:00:00,60,27.75,161.0,997.2,48.0
2026-08-09 06:00:00,WP982026,41,2026-08-12 00:00:00,2 days 18:00:00,66,30.5,161.73,996.5,49.2
2026-08-09 06:00:00,WP982026,41,2026-08-12 06:00:00,3 days 00:00:00,72,33.25,162.5,995.7,50.4
2026-08-09 06:00:00,WP982026,41,2026-08-12 12:00:00,3 days 06:00:00,78,33.15,165.13,996.9,48.6
2026-08-09 06:00:00,WP982026,41,2026-08-12 18:00:00,3 days 12:00:00,84,33.0,167.75,998.0,46.8
2026-08-09 06:00:00,WP982026,41,2026-08-13 00:00:00,3 days 18:00:00,90,33.38,168.25,997.3,47.9
2026-08-09 06:00:00,WP982026,41,2026-08-13 06:00:00,4 days 00:00:00,96,33.75,168.75,996.6,49.0
2026-08-09 06:00:00,WP982026,41,2026-08-13 12:00:00,4 days 06:00:00,102,35.06,172.57,994.6,52.0
2026-08-09 06:00:00,WP982026,41,2026-08-13 18:00:00,4 days 12:00:00,108,36.25,176.5,992.6,55.1
2026-08-09 06:00:00,WP982026,41,2026-08-14 00:00:00,4 days 18:00:00,114,38.42,179.53,988.8,60.3
2026-08-09 06:00:00,WP982026,41,2026-08-14 06:00:00,5 days 00:00:00,120,40.5,-177.25,985.1,65.5
2026-08-09 06:00:00,WP982026,41,2026-08-14 12:00:00,5 days 06:00:00,126,42.89,-175.45,982.8,68.6
2026-08-09 06:00:00,WP982026,41,2026-08-14 18:00:00,5 days 12:00:00,132,45.25,-173.5,980.4,71.6
2026-08-09 06:00:00,WP122026,42,2026-08-09 06:00:00,0 days 00:00:00,0,28.0,121.75,960.5,95.7
2026-08-09 06:00:00,WP122026,42,2026-08-09 12:00:00,0 days 06:00:00,6,27.88,121.0,972.1,81.5
2026-08-09 06:00:00,WP122026,42,2026-08-09 18:00:00,0 days 12:00:00,12,27.75,120.25,983.7,67.3
2026-08-09 06:00:00,WP122026,42,2026-08-10 00:00:00,0 days 18:00:00,18,28.45,119.39,985.7,64.6
2026-08-09 06:00:00,WP122026,42,2026-08-10 06:00:00,1 days 00:00:00,24,29.14,118.52,987.7,61.9
2026-08-09 06:00:00,WP122026,42,2026-08-10 12:00:00,1 days 06:00:00,30,29.82,117.64,989.7,59.1
2026-08-09 06:00:00,WP122026,42,2026-08-10 18:00:00,1 days 12:00:00,36,30.5,116.75,991.6,56.4
2026-08-09 06:00:00,WP142026,42,2026-08-09 06:00:00,0 days 00:00:00,0,32.25,150.75,984.2,66.7
2026-08-09 06:00:00,WP142026,42,2026-08-09 12:00:00,0 days 06:00:00,6,32.88,150.63,985.6,64.8
2026-08-09 06:00:00,WP142026,42,2026-08-09 18:00:00,0 days 12:00:00,12,33.5,150.5,987.0,62.9
2026-08-09 06:00:00,WP142026,42,2026-08-10 00:00:00,0 days 18:00:00,18,33.88,149.88,987.5,62.2
2026-08-09 06:00:00,WP142026,42,2026-08-10 06:00:00,1 days 00:00:00,24,34.25,149.25,988.1,61.4
2026-08-09 06:00:00,WP142026,42,2026-08-10 12:00:00,1 days 06:00:00,30,35.51,147.9,984.1,66.7
2026-08-09 06:00:00,WP142026,42,2026-08-10 18:00:00,1 days 12:00:00,36,36.75,146.5,980.2,72.0
2026-08-09 06:00:00,WP142026,42,2026-08-11 00:00:00,1 days 18:00:00,42,36.77,144.25,980.6,71.4
2026-08-09 06:00:00,WP142026,42,2026-08-11 06:00:00,2 days 00:00:00,48,36.75,142.0,981.1,70.8
2026-08-09 06:00:00,WP142026,42,2026-08-11 12:00:00,2 days 06:00:00,54,36.51,140.5,987.3,62.2
2026-08-09 06:00:00,WP142026,42,2026-08-11 18:00:00,2 days 12:00:00,60,36.25,139.0,993.5,53.6
2026-08-09 06:00:00,WP142026,42,2026-08-12 00:00:00,2 days 18:00:00,66,36.52,136.76,994.8,51.7
2026-08-09 06:00:00,WP142026,42,2026-08-12 06:00:00,3 days 00:00:00,72,36.75,134.5,996.1,49.8
2026-08-09 06:00:00,WP982026,42,2026-08-09 06:00:00,0 days 00:00:00,0,22.5,157.25,997.7,47.2
2026-08-09 06:00:00,WP982026,42,2026-08-09 12:00:00,0 days 06:00:00,6,23.5,158.49,998.3,46.4
2026-08-09 06:00:00,WP982026,42,2026-08-09 18:00:00,0 days 12:00:00,12,24.5,159.75,998.8,45.6
2026-08-09 06:00:00,WP982026,42,2026-08-10 00:00:00,0 days 18:00:00,18,25.5,160.25,998.4,46.3
2026-08-09 06:00:00,WP982026,42,2026-08-10 06:00:00,1 days 00:00:00,24,26.5,160.75,997.9,46.9
2026-08-09 06:00:00,WP982026,42,2026-08-10 12:00:00,1 days 06:00:00,30,25.15,157.84,997.0,48.4
2026-08-09 06:00:00,WP982026,42,2026-08-10 18:00:00,1 days 12:00:00,36,23.75,155.0,996.1,49.8
2026-08-09 06:00:00,WP982026,42,2026-08-11 00:00:00,1 days 18:00:00,42,25.39,157.1,997.3,48.0
2026-08-09 06:00:00,WP982026,42,2026-08-11 06:00:00,2 days 00:00:00,48,27.0,159.25,998.5,46.1
2026-08-09 06:00:00,WP982026,42,2026-08-11 12:00:00,2 days 06:00:00,54,28.88,159.86,998.0,46.8
2026-08-09 06:00:00,WP982026,42,2026-08-11 18:00:00,2 days 12:00:00,60,30.75,160.5,997.6,47.4
2026-08-09 06:00:00,WP982026,42,2026-08-12 00:00:00,2 days 18:00:00,66,31.63,161.49,998.0,46.8
2026-08-09 06:00:00,WP982026,42,2026-08-12 06:00:00,3 days 00:00:00,72,32.5,162.5,998.4,46.2
2026-08-09 06:00:00,WP982026,42,2026-08-12 12:00:00,3 days 06:00:00,78,32.88,163.37,999.1,45.0
2026-08-09 06:00:00,WP982026,42,2026-08-12 18:00:00,3 days 12:00:00,84,33.25,164.25,999.8,43.9
2026-08-09 06:00:00,WP982026,42,2026-08-13 00:00:00,3 days 18:00:00,90,33.51,166.12,998.9,45.3
2026-08-09 06:00:00,WP982026,42,2026-08-13 06:00:00,4 days 00:00:00,96,33.75,168.0,998.0,46.8
2026-08-09 06:00:00,WP982026,42,2026-08-13 12:00:00,4 days 06:00:00,102,34.15,170.24,995.8,50.2
2026-08-09 06:00:00,WP982026,42,2026-08-13 18:00:00,4 days 12:00:00,108,34.5,172.5,993.5,53.7
2026-08-09 06:00:00,WP982026,42,2026-08-14 00:00:00,4 days 18:00:00,114,35.77,174.84,991.9,56.0
2026-08-09 06:00:00,WP982026,42,2026-08-14 06:00:00,5 days 00:00:00,120,37.0,177.25,990.4,58.2
2026-08-09 06:00:00,WP982026,42,2026-08-14 12:00:00,5 days 06:00:00,126,39.79,-179.87,985.5,64.8
2026-08-09 06:00:00,WP982026,42,2026-08-14 18:00:00,5 days 12:00:00,132,42.5,-176.75,980.7,71.3
2026-08-09 06:00:00,WP122026,43,2026-08-09 06:00:00,0 days 00:00:00,0,28.0,121.75,960.5,95.7
2026-08-09 06:00:00,WP122026,43,2026-08-09 12:00:00,0 days 06:00:00,6,27.88,121.0,971.6,82.2
2026-08-09 06:00:00,WP122026,43,2026-08-09 18:00:00,0 days 12:00:00,12,27.75,120.25,982.6,68.8
2026-08-09 06:00:00,WP122026,43,2026-08-10 00:00:00,0 days 18:00:00,18,28.13,118.88,986.4,63.6
2026-08-09 06:00:00,WP122026,43,2026-08-10 06:00:00,1 days 00:00:00,24,28.5,117.5,990.2,58.5
2026-08-09 06:00:00,WP122026,43,2026-08-10 12:00:00,1 days 06:00:00,30,29.5,117.25,991.0,57.3
2026-08-09 06:00:00,WP122026,43,2026-08-10 18:00:00,1 days 12:00:00,36,30.5,117.0,991.9,56.1
2026-08-09 06:00:00,WP122026,43,2026-08-11 00:00:00,1 days 18:00:00,42,31.25,116.01,992.5,55.2
2026-08-09 06:00:00,WP122026,43,2026-08-11 06:00:00,2 days 00:00:00,48,32.0,115.0,993.0,54.3
2026-08-09 06:00:00,WP132026,43,2026-08-09 06:00:00,0 days 00:00:00,0,21.5,142.75,994.1,52.8
2026-08-09 06:00:00,WP132026,43,2026-08-09 12:00:00,0 days 06:00:00,6,21.13,144.5,995.3,51.0
2026-08-09 06:00:00,WP132026,43,2026-08-09 18:00:00,0 days 12:00:00,12,20.75,146.25,996.5,49.2
2026-08-09 06:00:00,WP132026,43,2026-08-10 00:00:00,0 days 18:00:00,18,20.77,148.75,996.1,49.8
2026-08-09 06:00:00,WP132026,43,2026-08-10 06:00:00,1 days 00:00:00,24,20.75,151.25,995.7,50.3
2026-08-09 06:00:00,WP132026,43,2026-08-10 12:00:00,1 days 06:00:00,30,21.63,152.99,994.5,52.2
2026-08-09 06:00:00,WP132026,43,2026-08-10 18:00:00,1 days 12:00:00,36,22.5,154.75,993.2,54.1
2026-08-09 06:00:00,WP132026,43,2026-08-11 00:00:00,1 days 18:00:00,42,24.01,155.83,994.6,51.9
2026-08-09 06:00:00,WP132026,43,2026-08-11 06:00:00,2 days 00:00:00,48,25.52,156.94,996.1,49.7
2026-08-09 06:00:00,WP132026,43,2026-08-11 12:00:00,2 days 06:00:00,54,27.01,158.08,997.5,47.6
2026-08-09 06:00:00,WP132026,43,2026-08-11 18:00:00,2 days 12:00:00,60,28.5,159.25,998.9,45.4
2026-08-09 06:00:00,WP142026,43,2026-08-09 06:00:00,0 days 00:00:00,0,32.25,150.75,984.2,66.7
2026-08-09 06:00:00,WP142026,43,2026-08-09 12:00:00,0 days 06:00:00,6,32.75,150.5,986.3,63.9
2026-08-09 06:00:00,WP142026,43,2026-08-09 18:00:00,0 days 12:00:00,12,33.25,150.25,988.3,61.1
2026-08-09 06:00:00,WP142026,43,2026-08-10 00:00:00,0 days 18:00:00,18,33.75,149.63,987.6,62.1
2026-08-09 06:00:00,WP142026,43,2026-08-10 06:00:00,1 days 00:00:00,24,34.25,149.0,986.9,63.0
2026-08-09 06:00:00,WP142026,43,2026-08-10 12:00:00,1 days 06:00:00,30,35.76,147.53,981.9,69.5
2026-08-09 06:00:00,WP142026,43,2026-08-10 18:00:00,1 days 12:00:00,36,37.25,146.0,977.0,76.1
2026-08-09 06:00:00,WP142026,43,2026-08-11 00:00:00,1 days 18:00:00,42,37.15,143.75,978.8,73.7
2026-08-09 06:00:00,WP142026,43,2026-08-11 06:00:00,2 days 00:00:00,48,37.0,141.5,980.6,71.4
2026-08-09 06:00:00,WP142026,43,2026-08-11 12:00:00,2 days 06:00:00,54,36.66,138.74,988.5,60.3
2026-08-09 06:00:00,WP142026,43,2026-08-11 18:00:00,2 days 12:00:00,60,36.25,136.0,996.4,49.3
2026-08-09 06:00:00,WP982026,43,2026-08-09 06:00:00,0 days 00:00:00,0,22.5,157.25,997.7,47.2
2026-08-09 06:00:00,WP982026,43,2026-08-09 12:00:00,0 days 06:00:00,6,23.51,158.61,997.6,47.4
2026-08-09 06:00:00,WP982026,43,2026-08-09 18:00:00,0 days 12:00:00,12,24.5,160.0,997.5,47.6
2026-08-09 06:00:00,WP982026,43,2026-08-10 00:00:00,0 days 18:00:00,18,25.0,160.37,997.0,48.3
2026-08-09 06:00:00,WP982026,43,2026-08-10 06:00:00,1 days 00:00:00,24,25.5,160.75,996.6,49.0
2026-08-09 06:00:00,WP982026,43,2026-08-10 12:00:00,1 days 06:00:00,30,26.63,161.49,996.9,48.6
2026-08-09 06:00:00,WP982026,43,2026-08-10 18:00:00,1 days 12:00:00,36,27.75,162.25,997.2,48.1
2026-08-09 06:00:00,WP982026,43,2026-08-11 00:00:00,1 days 18:00:00,42,27.94,161.5,997.6,47.5
2026-08-09 06:00:00,WP982026,43,2026-08-11 06:00:00,2 days 00:00:00,48,28.13,160.76,998.0,46.8
2026-08-09 06:00:00,WP982026,43,2026-08-11 12:00:00,2 days 06:00:00,54,28.32,160.0,998.5,46.1
2026-08-09 06:00:00,WP982026,43,2026-08-11 18:00:00,2 days 12:00:00,60,28.5,159.25,998.9,45.4
2026-08-09 06:00:00,WP982026,43,2026-08-12 00:00:00,2 days 18:00:00,66,29.88,160.24,999.6,44.2
2026-08-09 06:00:00,WP982026,43,2026-08-12 06:00:00,3 days 00:00:00,72,31.25,161.25,1000.4,43.0
2026-08-09 06:00:00,WP982026,43,2026-08-12 12:00:00,3 days 06:00:00,78,31.38,162.25,1000.1,43.5
2026-08-09 06:00:00,WP982026,43,2026-08-12 18:00:00,3 days 12:00:00,84,31.5,163.25,999.7,44.1
2026-08-09 06:00:00,WP982026,43,2026-08-13 00:00:00,3 days 18:00:00,90,31.39,165.25,999.2,45.0
2026-08-09 06:00:00,WP982026,43,2026-08-13 06:00:00,4 days 00:00:00,96,31.25,167.25,998.6,45.8
2026-08-09 06:00:00,WP122026,44,2026-08-09 06:00:00,0 days 00:00:00,0,28.0,121.75,960.5,95.7
2026-08-09 06:00:00,WP122026,44,2026-08-09 12:00:00,0 days 06:00:00,6,27.88,121.0,971.8,81.9
2026-08-09 06:00:00,WP122026,44,2026-08-09 18:00:00,0 days 12:00:00,12,27.75,120.25,983.2,68.1
2026-08-09 06:00:00,WP122026,44,2026-08-10 00:00:00,0 days 18:00:00,18,28.63,119.88,986.2,63.9
2026-08-09 06:00:00,WP122026,44,2026-08-10 06:00:00,1 days 00:00:00,24,29.5,119.5,989.3,59.7
2026-08-09 06:00:00,WP122026,44,2026-08-10 12:00:00,1 days 06:00:00,30,30.0,118.51,990.1,58.6
2026-08-09 06:00:00,WP122026,44,2026-08-10 18:00:00,1 days 12:00:00,36,30.5,117.5,990.8,57.5
2026-08-09 06:00:00,WP122026,44,2026-08-11 00:00:00,1 days 18:00:00,42,31.5,116.51,991.2,57.1
2026-08-09 06:00:00,WP122026,44,2026-08-11 06:00:00,2 days 00:00:00,48,32.5,115.5,991.5,56.6
2026-08-09 06:00:00,WP122026,44,2026-08-11 12:00:00,2 days 06:00:00,54,32.13,116.0,993.0,54.3
2026-08-09 06:00:00,WP122026,44,2026-08-11 18:00:00,2 days 12:00:00,60,31.75,116.5,994.6,52.0
2026-08-09 06:00:00,WP122026,44,2026-08-12 00:00:00,2 days 18:00:00,66,32.5,116.25,994.9,51.5
2026-08-09 06:00:00,WP122026,44,2026-08-12 06:00:00,3 days 00:00:00,72,33.25,116.0,995.3,51.0
2026-08-09 06:00:00,WP122026,44,2026-08-12 12:00:00,3 days 06:00:00,78,32.58,117.09,995.8,50.2
2026-08-09 06:00:00,WP122026,44,2026-08-12 18:00:00,3 days 12:00:00,84,31.89,118.16,996.4,49.4
2026-08-09 06:00:00,WP122026,44,2026-08-13 00:00:00,3 days 18:00:00,90,31.2,119.21,996.9,48.5
2026-08-09 06:00:00,WP122026,44,2026-08-13 06:00:00,4 days 00:00:00,96,30.5,120.25,997.5,47.7
2026-08-09 06:00:00,WP142026,44,2026-08-09 06:00:00,0 days 00:00:00,0,32.25,150.75,984.2,66.7
2026-08-09 06:00:00,WP142026,44,2026-08-09 12:00:00,0 days 06:00:00,6,32.63,150.63,985.9,64.3
2026-08-09 06:00:00,WP142026,44,2026-08-09 18:00:00,0 days 12:00:00,12,33.0,150.5,987.7,62.0
2026-08-09 06:00:00,WP142026,44,2026-08-10 00:00:00,0 days 18:00:00,18,33.75,149.76,988.0,61.5
2026-08-09 06:00:00,WP142026,44,2026-08-10 06:00:00,1 days 00:00:00,24,34.5,149.0,988.4,61.0
2026-08-09 06:00:00,WP142026,44,2026-08-10 12:00:00,1 days 06:00:00,30,35.89,147.4,984.8,65.8
2026-08-09 06:00:00,WP142026,44,2026-08-10 18:00:00,1 days 12:00:00,36,37.25,145.75,981.2,70.7
2026-08-09 06:00:00,WP142026,44,2026-08-11 00:00:00,1 days 18:00:00,42,37.02,143.62,983.8,67.2
2026-08-09 06:00:00,WP142026,44,2026-08-11 06:00:00,2 days 00:00:00,48,36.75,141.5,986.5,63.6
2026-08-09 06:00:00,WP142026,44,2026-08-11 12:00:00,2 days 06:00:00,54,37.02,139.38,990.9,57.3
2026-08-09 06:00:00,WP142026,44,2026-08-11 18:00:00,2 days 12:00:00,60,37.25,137.25,995.2,51.1
2026-08-09 06:00:00,WP142026,44,2026-08-12 00:00:00,2 days 18:00:00,66,37.01,135.37,997.1,48.1
2026-08-09 06:00:00,WP142026,44,2026-08-12 06:00:00,3 days 00:00:00,72,36.75,133.5,999.0,45.2
2026-08-09 06:00:00,WP982026,44,2026-08-09 06:00:00,0 days 00:00:00,0,22.5,157.25,997.7,47.2
2026-08-09 06:00:00,WP982026,44,2026-08-09 12:00:00,0 days 06:00:00,6,21.85,151.34,997.7,47.2
2026-08-09 06:00:00,WP982026,44,2026-08-09 18:00:00,0 days 12:00:00,12,21.0,145.5,997.7,47.3
2026-08-09 06:00:00,WP982026,44,2026-08-10 00:00:00,0 days 18:00:00,18,21.42,147.79,997.5,47.6
2026-08-09 06:00:00,WP982026,44,2026-08-10 06:00:00,1 days 00:00:00,24,21.81,150.1,997.3,47.8
2026-08-09 06:00:00,WP982026,44,2026-08-10 12:00:00,1 days 06:00:00,30,22.17,152.42,997.2,48.1
2026-08-09 06:00:00,WP982026,44,2026-08-10 18:00:00,1 days 12:00:00,36,22.5,154.75,997.0,48.4
2026-08-09 06:00:00,WP982026,44,2026-08-11 00:00:00,1 days 18:00:00,42,23.88,156.48,997.0,48.5
2026-08-09 06:00:00,WP982026,44,2026-08-11 06:00:00,2 days 00:00:00,48,25.25,158.25,996.9,48.5
2026-08-09 06:00:00,WP982026,44,2026-08-11 12:00:00,2 days 06:00:00,54,27.25,159.23,997.6,47.5
2026-08-09 06:00:00,WP982026,44,2026-08-11 18:00:00,2 days 12:00:00,60,29.25,160.25,998.3,46.4
2026-08-09 06:00:00,WP982026,44,2026-08-12 00:00:00,2 days 18:00:00,66,30.26,161.98,999.0,45.3
2026-08-09 06:00:00,WP982026,44,2026-08-12 06:00:00,3 days 00:00:00,72,31.25,163.75,999.6,44.2
2026-08-09 06:00:00,WP122026,45,2026-08-09 06:00:00,0 days 00:00:00,0,28.0,121.75,960.5,95.7
2026-08-09 06:00:00,WP122026,45,2026-08-09 12:00:00,0 days 06:00:00,6,27.88,120.87,971.9,81.7
2026-08-09 06:00:00,WP122026,45,2026-08-09 18:00:00,0 days 12:00:00,12,27.75,120.0,983.4,67.8
2026-08-09 06:00:00,WP122026,45,2026-08-10 00:00:00,0 days 18:00:00,18,28.38,119.38,986.5,63.5
2026-08-09 06:00:00,WP122026,45,2026-08-10 06:00:00,1 days 00:00:00,24,29.0,118.75,989.7,59.2
2026-08-09 06:00:00,WP122026,45,2026-08-10 12:00:00,1 days 06:00:00,30,29.75,117.88,990.5,58.0
2026-08-09 06:00:00,WP122026,45,2026-08-10 18:00:00,1 days 12:00:00,36,30.5,117.0,991.4,56.7
2026-08-09 06:00:00,WP122026,45,2026-08-11 00:00:00,1 days 18:00:00,42,31.0,116.88,991.7,56.3
2026-08-09 06:00:00,WP122026,45,2026-08-11 06:00:00,2 days 00:00:00,48,31.5,116.75,992.0,55.8
2026-08-09 06:00:00,WP122026,45,2026-08-11 12:00:00,2 days 06:00:00,54,32.0,115.88,993.1,54.3
2026-08-09 06:00:00,WP122026,45,2026-08-11 18:00:00,2 days 12:00:00,60,32.5,115.0,994.1,52.8
2026-08-09 06:00:00,WP122026,45,2026-08-12 00:00:00,2 days 18:00:00,66,32.0,115.88,994.1,52.8
2026-08-09 06:00:00,WP122026,45,2026-08-12 06:00:00,3 days 00:00:00,72,31.5,116.75,994.0,52.9
2026-08-09 06:00:00,WP142026,45,2026-08-09 06:00:00,0 days 00:00:00,0,32.25,150.75,984.2,66.7
2026-08-09 06:00:00,WP142026,45,2026-08-09 12:00:00,0 days 06:00:00,6,32.75,150.63,985.0,65.6
2026-08-09 06:00:00,WP142026,45,2026-08-09 18:00:00,0 days 12:00:00,12,33.25,150.5,985.9,64.4
2026-08-09 06:00:00,WP142026,45,2026-08-10 00:00:00,0 days 18:00:00,18,34.0,149.76,983.7,67.3
2026-08-09 06:00:00,WP142026,45,2026-08-10 06:00:00,1 days 00:00:00,24,34.75,149.0,981.6,70.2
2026-08-09 06:00:00,WP142026,45,2026-08-10 12:00:00,1 days 06:00:00,30,35.89,147.4,980.7,71.3
2026-08-09 06:00:00,WP142026,45,2026-08-10 18:00:00,1 days 12:00:00,36,37.0,145.75,979.9,72.4
2026-08-09 06:00:00,WP142026,45,2026-08-11 00:00:00,1 days 18:00:00,42,37.14,143.63,981.3,70.5
2026-08-09 06:00:00,WP142026,45,2026-08-11 06:00:00,2 days 00:00:00,48,37.25,141.5,982.8,68.6
2026-08-09 06:00:00,WP142026,45,2026-08-11 12:00:00,2 days 06:00:00,54,37.64,139.51,989.5,59.1
2026-08-09 06:00:00,WP142026,45,2026-08-11 18:00:00,2 days 12:00:00,60,38.0,137.5,996.2,49.7
2026-08-09 06:00:00,WP142026,45,2026-08-12 00:00:00,2 days 18:00:00,66,37.77,135.49,996.9,48.6
2026-08-09 06:00:00,WP142026,45,2026-08-12 06:00:00,3 days 00:00:00,72,37.5,133.5,997.5,47.6
2026-08-09 06:00:00,WP982026,45,2026-08-09 06:00:00,0 days 00:00:00,0,22.5,157.25,997.7,47.2
2026-08-09 06:00:00,WP982026,45,2026-08-09 12:00:00,0 days 06:00:00,6,21.84,151.72,997.1,48.3
2026-08-09 06:00:00,WP982026,45,2026-08-09 18:00:00,0 days 12:00:00,12,21.0,146.25,996.4,49.3
2026-08-09 06:00:00,WP982026,45,2026-08-10 00:00:00,0 days 18:00:00,18,21.26,148.0,994.1,52.7
2026-08-09 06:00:00,WP982026,45,2026-08-10 06:00:00,1 days 00:00:00,24,21.5,149.75,991.9,56.0
2026-08-09 06:00:00,WP982026,45,2026-08-10 12:00:00,1 days 06:00:00,30,22.26,151.61,988.6,60.7
2026-08-09 06:00:00,WP982026,45,2026-08-10 18:00:00,1 days 12:00:00,36,23.0,153.5,985.2,65.3
2026-08-09 06:00:00,WP982026,45,2026-08-11 00:00:00,1 days 18:00:00,42,24.38,154.98,985.9,64.4
2026-08-09 06:00:00,WP982026,45,2026-08-11 06:00:00,2 days 00:00:00,48,25.75,156.5,986.6,63.5
2026-08-09 06:00:00,WP982026,45,2026-08-11 12:00:00,2 days 06:00:00,54,27.13,157.36,988.0,61.5
2026-08-09 06:00:00,WP982026,45,2026-08-11 18:00:00,2 days 12:00:00,60,28.5,158.25,989.4,59.6
2026-08-09 06:00:00,WP982026,45,2026-08-12 00:00:00,2 days 18:00:00,66,29.38,159.37,991.6,56.4
2026-08-09 06:00:00,WP982026,45,2026-08-12 06:00:00,3 days 00:00:00,72,30.25,160.5,993.9,53.1
2026-08-09 06:00:00,WP982026,45,2026-08-12 12:00:00,3 days 06:00:00,78,30.51,162.37,993.3,54.0
2026-08-09 06:00:00,WP982026,45,2026-08-12 18:00:00,3 days 12:00:00,84,30.75,164.25,992.8,54.8
2026-08-09 06:00:00,WP982026,45,2026-08-13 00:00:00,3 days 18:00:00,90,31.02,166.74,993.0,54.5
2026-08-09 06:00:00,WP982026,45,2026-08-13 06:00:00,4 days 00:00:00,96,31.25,169.25,993.1,54.2
2026-08-09 06:00:00,WP982026,45,2026-08-13 12:00:00,4 days 06:00:00,102,31.52,171.49,992.0,55.9
2026-08-09 06:00:00,WP982026,45,2026-08-13 18:00:00,4 days 12:00:00,108,31.75,173.75,990.8,57.6
2026-08-09 06:00:00,WP982026,45,2026-08-14 00:00:00,4 days 18:00:00,114,36.03,176.23,990.2,58.5
2026-08-09 06:00:00,WP982026,45,2026-08-14 06:00:00,5 days 00:00:00,120,40.25,179.0,989.5,59.4
2026-08-09 06:00:00,WP982026,45,2026-08-14 12:00:00,5 days 06:00:00,126,41.15,-178.66,987.5,62.2
2026-08-09 06:00:00,WP982026,45,2026-08-14 18:00:00,5 days 12:00:00,132,42.0,-176.25,985.4,65.0
2026-08-09 06:00:00,WP122026,46,2026-08-09 06:00:00,0 days 00:00:00,0,28.0,121.75,960.5,95.7
2026-08-09 06:00:00,WP122026,46,2026-08-09 12:00:00,0 days 06:00:00,6,27.63,121.0,972.1,81.6
2026-08-09 06:00:00,WP122026,46,2026-08-09 18:00:00,0 days 12:00:00,12,27.25,120.25,983.6,67.4
2026-08-09 06:00:00,WP122026,46,2026-08-10 00:00:00,0 days 18:00:00,18,28.0,119.38,986.4,63.6
2026-08-09 06:00:00,WP122026,46,2026-08-10 06:00:00,1 days 00:00:00,24,28.75,118.5,989.2,59.8
2026-08-09 06:00:00,WP122026,46,2026-08-10 12:00:00,1 days 06:00:00,30,29.75,118.0,990.0,58.8
2026-08-09 06:00:00,WP122026,46,2026-08-10 18:00:00,1 days 12:00:00,36,30.75,117.5,990.7,57.7
2026-08-09 06:00:00,WP122026,46,2026-08-11 00:00:00,1 days 18:00:00,42,31.25,116.88,991.7,56.3
2026-08-09 06:00:00,WP122026,46,2026-08-11 06:00:00,2 days 00:00:00,48,31.75,116.25,992.7,54.9
2026-08-09 06:00:00,WP122026,46,2026-08-11 12:00:00,2 days 06:00:00,54,31.75,116.37,993.9,53.0
2026-08-09 06:00:00,WP122026,46,2026-08-11 18:00:00,2 days 12:00:00,60,31.75,116.5,995.2,51.1
2026-08-09 06:00:00,WP142026,46,2026-08-09 06:00:00,0 days 00:00:00,0,32.25,150.75,984.2,66.7
2026-08-09 06:00:00,WP142026,46,2026-08-09 12:00:00,0 days 06:00:00,6,32.88,150.63,984.9,65.8
2026-08-09 06:00:00,WP142026,46,2026-08-09 18:00:00,0 days 12:00:00,12,33.5,150.5,985.6,64.8
2026-08-09 06:00:00,WP142026,46,2026-08-10 00:00:00,0 days 18:00:00,18,34.0,149.88,986.4,63.8
2026-08-09 06:00:00,WP142026,46,2026-08-10 06:00:00,1 days 00:00:00,24,34.5,149.25,987.1,62.8
2026-08-09 06:00:00,WP142026,46,2026-08-10 12:00:00,1 days 06:00:00,30,35.76,147.4,983.7,67.4
2026-08-09 06:00:00,WP142026,46,2026-08-10 18:00:00,1 days 12:00:00,36,37.0,145.5,980.2,71.9
2026-08-09 06:00:00,WP142026,46,2026-08-11 00:00:00,1 days 18:00:00,42,37.01,143.63,980.6,71.5
2026-08-09 06:00:00,WP142026,46,2026-08-11 06:00:00,2 days 00:00:00,48,37.0,141.75,980.9,71.0
2026-08-09 06:00:00,WP142026,46,2026-08-11 12:00:00,2 days 06:00:00,54,37.39,139.76,987.5,61.9
2026-08-09 06:00:00,WP142026,46,2026-08-11 18:00:00,2 days 12:00:00,60,37.75,137.75,994.1,52.8
2026-08-09 06:00:00,WP982026,46,2026-08-09 06:00:00,0 days 00:00:00,0,22.5,157.25,997.7,47.2
2026-08-09 06:00:00,WP982026,46,2026-08-09 12:00:00,0 days 06:00:00,6,21.59,151.71,997.4,47.8
2026-08-09 06:00:00,WP982026,46,2026-08-09 18:00:00,0 days 12:00:00,12,20.5,146.25,997.1,48.3
2026-08-09 06:00:00,WP982026,46,2026-08-10 00:00:00,0 days 18:00:00,18,20.89,148.49,994.9,51.5
2026-08-09 06:00:00,WP982026,46,2026-08-10 06:00:00,1 days 00:00:00,24,21.25,150.75,992.8,54.8
2026-08-09 06:00:00,WP982026,46,2026-08-10 12:00:00,1 days 06:00:00,30,22.39,152.73,991.2,57.0
2026-08-09 06:00:00,WP982026,46,2026-08-10 18:00:00,1 days 12:00:00,36,23.5,154.75,989.7,59.1
2026-08-09 06:00:00,WP982026,46,2026-08-11 00:00:00,1 days 18:00:00,42,24.88,155.99,989.7,59.2
2026-08-09 06:00:00,WP982026,46,2026-08-11 06:00:00,2 days 00:00:00,48,26.25,157.25,989.6,59.2
2026-08-09 06:00:00,WP982026,46,2026-08-11 12:00:00,2 days 06:00:00,54,27.5,157.99,992.4,55.2
2026-08-09 06:00:00,WP982026,46,2026-08-11 18:00:00,2 days 12:00:00,60,28.75,158.75,995.2,51.1
2026-08-09 06:00:00,WP982026,46,2026-08-12 00:00:00,2 days 18:00:00,66,29.51,160.36,995.7,50.3
2026-08-09 06:00:00,WP982026,46,2026-08-12 06:00:00,3 days 00:00:00,72,30.25,162.0,996.2,49.6
2026-08-09 06:00:00,WP982026,46,2026-08-12 12:00:00,3 days 06:00:00,78,31.27,164.23,995.1,51.3
2026-08-09 06:00:00,WP982026,46,2026-08-12 18:00:00,3 days 12:00:00,84,32.25,166.5,994.0,53.0
2026-08-09 06:00:00,WP982026,46,2026-08-13 00:00:00,3 days 18:00:00,90,33.42,168.36,992.9,54.5
2026-08-09 06:00:00,WP982026,46,2026-08-13 06:00:00,4 days 00:00:00,96,34.56,170.27,991.8,56.1
2026-08-09 06:00:00,WP982026,46,2026-08-13 12:00:00,4 days 06:00:00,102,35.67,172.24,990.8,57.6
2026-08-09 06:00:00,WP982026,46,2026-08-13 18:00:00,4 days 12:00:00,108,36.75,174.25,989.7,59.2
2026-08-09 06:00:00,WP122026,47,2026-08-09 06:00:00,0 days 00:00:00,0,28.0,121.75,960.5,95.7
2026-08-09 06:00:00,WP122026,47,2026-08-09 12:00:00,0 days 06:00:00,6,27.88,121.0,971.2,82.7
2026-08-09 06:00:00,WP122026,47,2026-08-09 18:00:00,0 days 12:00:00,12,27.75,120.25,981.9,69.7
2026-08-09 06:00:00,WP122026,47,2026-08-10 00:00:00,0 days 18:00:00,18,28.38,118.88,984.9,65.7
2026-08-09 06:00:00,WP122026,47,2026-08-10 06:00:00,1 days 00:00:00,24,29.0,117.5,988.0,61.6
2026-08-09 06:00:00,WP122026,47,2026-08-10 12:00:00,1 days 06:00:00,30,29.88,117.38,989.5,59.5
2026-08-09 06:00:00,WP122026,47,2026-08-10 18:00:00,1 days 12:00:00,36,30.75,117.25,991.0,57.4
2026-08-09 06:00:00,WP122026,47,2026-08-11 00:00:00,1 days 18:00:00,42,31.38,116.13,991.9,56.0
2026-08-09 06:00:00,WP122026,47,2026-08-11 06:00:00,2 days 00:00:00,48,32.0,115.0,992.9,54.6
2026-08-09 06:00:00,WP122026,47,2026-08-11 12:00:00,2 days 06:00:00,54,31.56,115.44,993.7,53.4
2026-08-09 06:00:00,WP122026,47,2026-08-11 18:00:00,2 days 12:00:00,60,31.13,115.88,994.5,52.2
2026-08-09 06:00:00,WP122026,47,2026-08-12 00:00:00,2 days 18:00:00,66,30.69,116.32,995.3,51.0
2026-08-09 06:00:00,WP122026,47,2026-08-12 06:00:00,3 days 00:00:00,72,30.25,116.75,996.1,49.7
2026-08-09 06:00:00,WP142026,47,2026-08-09 06:00:00,0 days 00:00:00,0,32.25,150.75,984.2,66.7
2026-08-09 06:00:00,WP142026,47,2026-08-09 12:00:00,0 days 06:00:00,6,32.75,150.5,984.6,66.2
2026-08-09 06:00:00,WP142026,47,2026-08-09 18:00:00,0 days 12:00:00,12,33.25,150.25,984.9,65.8
2026-08-09 06:00:00,WP142026,47,2026-08-10 00:00:00,0 days 18:00:00,18,33.88,149.63,985.1,65.5
2026-08-09 06:00:00,WP142026,47,2026-08-10 06:00:00,1 days 00:00:00,24,34.5,149.0,985.3,65.3
2026-08-09 06:00:00,WP142026,47,2026-08-10 12:00:00,1 days 06:00:00,30,35.51,147.77,981.9,69.6
2026-08-09 06:00:00,WP142026,47,2026-08-10 18:00:00,1 days 12:00:00,36,36.5,146.5,978.6,74.0
2026-08-09 06:00:00,WP142026,47,2026-08-11 00:00:00,1 days 18:00:00,42,36.77,144.13,977.3,75.7
2026-08-09 06:00:00,WP142026,47,2026-08-11 06:00:00,2 days 00:00:00,48,37.0,141.75,975.9,77.4
2026-08-09 06:00:00,WP142026,47,2026-08-11 12:00:00,2 days 06:00:00,54,37.39,139.76,984.6,65.7
2026-08-09 06:00:00,WP142026,47,2026-08-11 18:00:00,2 days 12:00:00,60,37.75,137.75,993.3,54.0
2026-08-09 06:00:00,WP982026,47,2026-08-09 06:00:00,0 days 00:00:00,0,22.5,157.25,997.7,47.2
2026-08-09 06:00:00,WP982026,47,2026-08-09 12:00:00,0 days 06:00:00,6,23.88,158.73,997.2,48.1
2026-08-09 06:00:00,WP982026,47,2026-08-09 18:00:00,0 days 12:00:00,12,25.25,160.25,996.7,48.9
2026-08-09 06:00:00,WP982026,47,2026-08-10 00:00:00,0 days 18:00:00,18,25.63,160.37,996.4,49.3
2026-08-09 06:00:00,WP982026,47,2026-08-10 06:00:00,1 days 00:00:00,24,26.0,160.5,996.1,49.7
2026-08-09 06:00:00,WP982026,47,2026-08-10 12:00:00,1 days 06:00:00,30,24.53,157.46,995.0,51.5
2026-08-09 06:00:00,WP982026,47,2026-08-10 18:00:00,1 days 12:00:00,36,23.0,154.5,993.8,53.3
2026-08-09 06:00:00,WP982026,47,2026-08-11 00:00:00,1 days 18:00:00,42,24.38,155.74,995.2,51.1
2026-08-09 06:00:00,WP982026,47,2026-08-11 06:00:00,2 days 00:00:00,48,25.75,157.0,996.6,49.0
2026-08-09 06:00:00,WP982026,47,2026-08-11 12:00:00,2 days 06:00:00,54,27.13,157.74,997.1,48.2
2026-08-09 06:00:00,WP982026,47,2026-08-11 18:00:00,2 days 12:00:00,60,28.5,158.5,997.6,47.4
2026-08-09 06:00:00,WP982026,47,2026-08-12 00:00:00,2 days 18:00:00,66,29.88,158.87,997.8,47.1
2026-08-09 06:00:00,WP982026,47,2026-08-12 06:00:00,3 days 00:00:00,72,31.25,159.25,998.0,46.8
2026-08-09 06:00:00,WP982026,47,2026-08-12 12:00:00,3 days 06:00:00,78,28.99,153.5,994.9,51.5
2026-08-09 06:00:00,WP982026,47,2026-08-12 18:00:00,3 days 12:00:00,84,26.5,148.0,991.8,56.2
2026-08-09 06:00:00,WP982026,47,2026-08-13 00:00:00,3 days 18:00:00,90,27.63,148.62,992.2,55.6
2026-08-09 06:00:00,WP982026,47,2026-08-13 06:00:00,4 days 00:00:00,96,28.75,149.25,992.6,55.0
2026-08-09 06:00:00,WP122026,48,2026-08-09 06:00:00,0 days 00:00:00,0,28.0,121.75,960.5,95.7
2026-08-09 06:00:00,WP122026,48,2026-08-09 12:00:00,0 days 06:00:00,6,27.88,121.0,971.1,82.8
2026-08-09 06:00:00,WP122026,48,2026-08-09 18:00:00,0 days 12:00:00,12,27.75,120.25,981.8,69.9
2026-08-09 06:00:00,WP122026,48,2026-08-10 00:00:00,0 days 18:00:00,18,28.38,119.63,985.4,65.0
2026-08-09 06:00:00,WP122026,48,2026-08-10 06:00:00,1 days 00:00:00,24,29.0,119.0,989.0,60.1
2026-08-09 06:00:00,WP122026,48,2026-08-10 12:00:00,1 days 06:00:00,30,30.0,118.63,990.1,58.6
2026-08-09 06:00:00,WP122026,48,2026-08-10 18:00:00,1 days 12:00:00,36,31.0,118.25,991.2,57.0
2026-08-09 06:00:00,WP122026,48,2026-08-11 00:00:00,1 days 18:00:00,42,31.38,117.25,991.5,56.6
2026-08-09 06:00:00,WP122026,48,2026-08-11 06:00:00,2 days 00:00:00,48,31.75,116.25,991.8,56.1
2026-08-09 06:00:00,WP122026,48,2026-08-11 12:00:00,2 days 06:00:00,54,32.0,116.0,992.7,54.8
2026-08-09 06:00:00,WP122026,48,2026-08-11 18:00:00,2 days 12:00:00,60,32.25,115.75,993.6,53.5
2026-08-09 06:00:00,WP142026,48,2026-08-09 06:00:00,0 days 00:00:00,0,32.25,150.75,984.2,66.7
2026-08-09 06:00:00,WP142026,48,2026-08-09 12:00:00,0 days 06:00:00,6,32.75,150.63,985.3,65.2
2026-08-09 06:00:00,WP142026,48,2026-08-09 18:00:00,0 days 12:00:00,12,33.25,150.5,986.5,63.7
2026-08-09 06:00:00,WP142026,48,2026-08-10 00:00:00,0 days 18:00:00,18,34.0,149.88,986.1,64.2
2026-08-09 06:00:00,WP142026,48,2026-08-10 06:00:00,1 days 00:00:00,24,34.75,149.25,985.7,64.7
2026-08-09 06:00:00,WP142026,48,2026-08-10 12:00:00,1 days 06:00:00,30,35.76,148.02,982.0,69.6
2026-08-09 06:00:00,WP142026,48,2026-08-10 18:00:00,1 days 12:00:00,36,36.75,146.75,978.2,74.5
2026-08-09 06:00:00,WP142026,48,2026-08-11 00:00:00,1 days 18:00:00,42,37.02,144.38,978.7,73.9
2026-08-09 06:00:00,WP142026,48,2026-08-11 06:00:00,2 days 00:00:00,48,37.25,142.0,979.2,73.2
2026-08-09 06:00:00,WP142026,48,2026-08-11 12:00:00,2 days 06:00:00,54,37.52,139.76,986.0,63.9
2026-08-09 06:00:00,WP142026,48,2026-08-11 18:00:00,2 days 12:00:00,60,37.75,137.5,992.8,54.7
2026-08-09 06:00:00,WP982026,48,2026-08-09 06:00:00,0 days 00:00:00,0,22.5,157.25,997.7,47.2
2026-08-09 06:00:00,WP982026,48,2026-08-09 12:00:00,0 days 06:00:00,6,21.71,151.84,996.4,49.3
2026-08-09 06:00:00,WP982026,48,2026-08-09 18:00:00,0 days 12:00:00,12,20.75,146.5,995.0,51.4
2026-08-09 06:00:00,WP982026,48,2026-08-10 00:00:00,0 days 18:00:00,18,21.01,148.75,993.9,53.0
2026-08-09 06:00:00,WP982026,48,2026-08-10 06:00:00,1 days 00:00:00,24,21.25,151.0,992.9,54.6
2026-08-09 06:00:00,WP982026,48,2026-08-10 12:00:00,1 days 06:00:00,30,22.39,152.86,992.5,55.2
2026-08-09 06:00:00,WP982026,48,2026-08-10 18:00:00,1 days 12:00:00,36,23.5,154.75,992.1,55.8
2026-08-09 06:00:00,WP982026,48,2026-08-11 00:00:00,1 days 18:00:00,42,25.0,155.86,992.4,55.2
2026-08-09 06:00:00,WP982026,48,2026-08-11 06:00:00,2 days 00:00:00,48,26.5,157.0,992.8,54.7
2026-08-09 06:00:00,WP982026,48,2026-08-11 12:00:00,2 days 06:00:00,54,27.75,157.49,993.6,53.5
2026-08-09 06:00:00,WP982026,48,2026-08-11 18:00:00,2 days 12:00:00,60,29.0,158.0,994.4,52.3
2026-08-09 06:00:00,WP982026,48,2026-08-12 00:00:00,2 days 18:00:00,66,29.88,158.87,996.1,49.7
2026-08-09 06:00:00,WP982026,48,2026-08-12 06:00:00,3 days 00:00:00,72,30.75,159.75,997.8,47.1
2026-08-09 06:00:00,WP982026,48,2026-08-12 12:00:00,3 days 06:00:00,78,31.39,161.61,997.0,48.3
2026-08-09 06:00:00,WP982026,48,2026-08-12 18:00:00,3 days 12:00:00,84,32.0,163.5,996.3,49.5
2026-08-09 06:00:00,WP982026,48,2026-08-13 00:00:00,3 days 18:00:00,90,31.89,165.75,997.0,48.4
2026-08-09 06:00:00,WP982026,48,2026-08-13 06:00:00,4 days 00:00:00,96,31.75,168.0,997.7,47.3
2026-08-09 06:00:00,WP982026,48,2026-08-13 12:00:00,4 days 06:00:00,102,31.76,169.62,996.4,49.2
2026-08-09 06:00:00,WP982026,48,2026-08-13 18:00:00,4 days 12:00:00,108,31.75,171.25,995.2,51.1
2026-08-09 06:00:00,WP982026,48,2026-08-14 00:00:00,4 days 18:00:00,114,33.41,174.07,993.6,53.6
2026-08-09 06:00:00,WP982026,48,2026-08-14 06:00:00,5 days 00:00:00,120,35.0,177.0,991.9,56.0
2026-08-09 06:00:00,WP982026,48,2026-08-14 12:00:00,5 days 06:00:00,126,37.79,179.89,990.8,57.6
2026-08-09 06:00:00,WP982026,48,2026-08-14 18:00:00,5 days 12:00:00,132,40.5,-177.0,989.7,59.2
2026-08-09 06:00:00,WP982026,48,2026-08-15 00:00:00,5 days 18:00:00,138,43.9,-174.64,990.0,58.7
2026-08-09 06:00:00,WP982026,48,2026-08-15 06:00:00,6 days 00:00:00,144,47.25,-172.0,990.3,58.3
2026-08-09 06:00:00,WP122026,49,2026-08-09 06:00:00,0 days 00:00:00,0,28.0,121.75,960.5,95.7
2026-08-09 06:00:00,WP122026,49,2026-08-09 12:00:00,0 days 06:00:00,6,27.88,120.87,971.9,81.8
2026-08-09 06:00:00,WP122026,49,2026-08-09 18:00:00,0 days 12:00:00,12,27.75,120.0,983.3,67.9
2026-08-09 06:00:00,WP122026,49,2026-08-10 00:00:00,0 days 18:00:00,18,28.38,119.38,986.6,63.4
2026-08-09 06:00:00,WP122026,49,2026-08-10 06:00:00,1 days 00:00:00,24,29.0,118.75,989.8,59.0
2026-08-09 06:00:00,WP122026,49,2026-08-10 12:00:00,1 days 06:00:00,30,29.75,118.01,990.9,57.4
2026-08-09 06:00:00,WP122026,49,2026-08-10 18:00:00,1 days 12:00:00,36,30.5,117.25,992.0,55.9
2026-08-09 06:00:00,WP122026,49,2026-08-11 00:00:00,1 days 18:00:00,42,31.0,117.0,992.3,55.4
2026-08-09 06:00:00,WP122026,49,2026-08-11 06:00:00,2 days 00:00:00,48,31.5,116.75,992.7,54.9
2026-08-09 06:00:00,WP122026,49,2026-08-11 12:00:00,2 days 06:00:00,54,32.88,116.63,993.3,53.9
2026-08-09 06:00:00,WP122026,49,2026-08-11 18:00:00,2 days 12:00:00,60,34.25,116.5,994.0,52.9
2026-08-09 06:00:00,WP142026,49,2026-08-09 06:00:00,0 days 00:00:00,0,32.25,150.75,984.2,66.7
2026-08-09 06:00:00,WP142026,49,2026-08-09 12:00:00,0 days 06:00:00,6,32.88,150.63,985.3,65.3
2026-08-09 06:00:00,WP142026,49,2026-08-09 18:00:00,0 days 12:00:00,12,33.5,150.5,986.3,63.8
2026-08-09 06:00:00,WP142026,49,2026-08-10 00:00:00,0 days 18:00:00,18,34.13,149.76,985.9,64.4
2026-08-09 06:00:00,WP142026,49,2026-08-10 06:00:00,1 days 00:00:00,24,34.75,149.0,985.5,65.0
2026-08-09 06:00:00,WP142026,49,2026-08-10 12:00:00,1 days 06:00:00,30,35.63,147.52,982.9,68.4
2026-08-09 06:00:00,WP142026,49,2026-08-10 18:00:00,1 days 12:00:00,36,36.5,146.0,980.3,71.8
2026-08-09 06:00:00,WP142026,49,2026-08-11 00:00:00,1 days 18:00:00,42,36.64,144.13,979.9,72.4
2026-08-09 06:00:00,WP142026,49,2026-08-11 06:00:00,2 days 00:00:00,48,36.75,142.25,979.4,73.0
2026-08-09 06:00:00,WP142026,49,2026-08-11 12:00:00,2 days 06:00:00,54,37.02,140.26,987.0,62.5
2026-08-09 06:00:00,WP142026,49,2026-08-11 18:00:00,2 days 12:00:00,60,37.25,138.25,994.6,52.1
2026-08-09 06:00:00,WP142026,49,2026-08-12 00:00:00,2 days 18:00:00,66,36.89,136.24,995.3,51.0
2026-08-09 06:00:00,WP142026,49,2026-08-12 06:00:00,3 days 00:00:00,72,36.5,134.25,996.1,49.8
2026-08-09 06:00:00,WP982026,49,2026-08-09 06:00:00,0 days 00:00:00,0,22.5,157.25,997.7,47.2
2026-08-09 06:00:00,WP982026,49,2026-08-09 12:00:00,0 days 06:00:00,6,23.63,158.49,997.1,48.2
2026-08-09 06:00:00,WP982026,49,2026-08-09 18:00:00,0 days 12:00:00,12,24.75,159.75,996.4,49.2
2026-08-09 06:00:00,WP982026,49,2026-08-10 00:00:00,0 days 18:00:00,18,22.95,154.81,996.1,49.7
2026-08-09 06:00:00,WP982026,49,2026-08-10 06:00:00,1 days 00:00:00,24,21.0,150.0,995.8,50.2
2026-08-09 06:00:00,WP982026,49,2026-08-10 12:00:00,1 days 06:00:00,30,21.77,152.24,995.6,50.5
2026-08-09 06:00:00,WP982026,49,2026-08-10 18:00:00,1 days 12:00:00,36,22.5,154.5,995.4,50.8
2026-08-09 06:00:00,WP982026,49,2026-08-11 00:00:00,1 days 18:00:00,42,24.13,155.73,994.1,52.8
2026-08-09 06:00:00,WP982026,49,2026-08-11 06:00:00,2 days 00:00:00,48,25.75,157.0,992.8,54.8
2026-08-09 06:00:00,WP982026,49,2026-08-11 12:00:00,2 days 06:00:00,54,27.39,158.72,995.2,51.1
2026-08-09 06:00:00,WP982026,49,2026-08-11 18:00:00,2 days 12:00:00,60,29.0,160.5,997.5,47.5
2026-08-09 06:00:00,WP982026,49,2026-08-12 00:00:00,2 days 18:00:00,66,30.13,160.62,997.4,47.8
2026-08-09 06:00:00,WP982026,49,2026-08-12 06:00:00,3 days 00:00:00,72,31.25,160.75,997.2,48.1
2026-08-09 06:00:00,WP982026,49,2026-08-12 12:00:00,3 days 06:00:00,78,30.5,158.32,996.2,49.5
2026-08-09 06:00:00,WP982026,49,2026-08-12 18:00:00,3 days 12:00:00,84,29.71,155.92,995.3,51.0
2026-08-09 06:00:00,WP982026,49,2026-08-13 00:00:00,3 days 18:00:00,90,28.87,153.56,994.3,52.4
2026-08-09 06:00:00,WP982026,49,2026-08-13 06:00:00,4 days 00:00:00,96,28.0,151.25,993.4,53.8
2026-08-09 06:00:00,WP982026,49,2026-08-13 12:00:00,4 days 06:00:00,102,29.0,152.36,991.6,56.4
2026-08-09 06:00:00,WP982026,49,2026-08-13 18:00:00,4 days 12:00:00,108,30.0,153.5,989.8,59.0
2026-08-09 06:00:00,WP982026,49,2026-08-14 00:00:00,4 days 18:00:00,114,30.13,154.75,990.2,58.4
2026-08-09 06:00:00,WP982026,49,2026-08-14 06:00:00,5 days 00:00:00,120,30.25,156.0,990.6,57.8
2026-08-09 06:00:00,WP982026,49,2026-08-14 12:00:00,5 days 06:00:00,126,30.51,157.87,992.3,55.5
2026-08-09 06:00:00,WP982026,49,2026-08-14 18:00:00,5 days 12:00:00,132,30.75,159.75,993.9,53.1
2026-08-09 06:00:00,WP982026,49,2026-08-15 00:00:00,5 days 18:00:00,138,30.5,160.75,996.0,49.9
2026-08-09 06:00:00,WP982026,49,2026-08-15 06:00:00,6 days 00:00:00,144,30.25,161.75,998.1,46.7
2026-08-09 06:00:00,WP982026,49,2026-08-15 12:00:00,6 days 06:00:00,150,30.26,163.12,1000.0,43.5
2026-08-09 06:00:00,WP982026,49,2026-08-15 18:00:00,6 days 12:00:00,156,30.25,164.5,1002.0,40.4
2026-08-09 06:00:00,WP982026,49,2026-08-16 00:00:00,6 days 18:00:00,162,29.26,165.76,1002.3,39.8
2026-08-09 06:00:00,WP982026,49,2026-08-16 06:00:00,7 days 00:00:00,168,28.25,167.0,1002.7,39.1
2026-08-09 06:00:00,WP122026,5,2026-08-09 06:00:00,0 days 00:00:00,0,28.0,121.75,960.5,95.7
2026-08-09 06:00:00,WP122026,5,2026-08-09 12:00:00,0 days 06:00:00,6,28.0,120.88,970.7,83.4
2026-08-09 06:00:00,WP122026,5,2026-08-09 18:00:00,0 days 12:00:00,12,28.0,120.0,980.8,71.1
2026-08-09 06:00:00,WP122026,5,2026-08-10 00:00:00,0 days 18:00:00,18,28.51,118.76,984.6,66.0
2026-08-09 06:00:00,WP122026,5,2026-08-10 06:00:00,1 days 00:00:00,24,29.0,117.5,988.4,60.9
2026-08-09 06:00:00,WP122026,5,2026-08-10 12:00:00,1 days 06:00:00,30,29.25,117.13,989.7,59.2
2026-08-09 06:00:00,WP122026,5,2026-08-10 18:00:00,1 days 12:00:00,36,29.5,116.75,990.9,57.5
2026-08-09 06:00:00,WP122026,5,2026-08-11 00:00:00,1 days 18:00:00,42,30.13,115.51,991.9,56.0
2026-08-09 06:00:00,WP122026,5,2026-08-11 06:00:00,2 days 00:00:00,48,30.75,114.25,992.9,54.5
2026-08-09 06:00:00,WP122026,5,2026-08-11 12:00:00,2 days 06:00:00,54,30.63,114.38,994.3,52.4
2026-08-09 06:00:00,WP122026,5,2026-08-11 18:00:00,2 days 12:00:00,60,30.5,114.5,995.7,50.3
2026-08-09 06:00:00,WP122026,5,2026-08-12 00:00:00,2 days 18:00:00,66,30.38,115.5,996.1,49.8
2026-08-09 06:00:00,WP122026,5,2026-08-12 06:00:00,3 days 00:00:00,72,30.25,116.5,996.5,49.2
2026-08-09 06:00:00,WP122026,5,2026-08-12 12:00:00,3 days 06:00:00,78,30.25,116.62,996.7,48.9
2026-08-09 06:00:00,WP122026,5,2026-08-12 18:00:00,3 days 12:00:00,84,30.25,116.75,996.9,48.6
2026-08-09 06:00:00,WP122026,5,2026-08-13 00:00:00,3 days 18:00:00,90,29.96,118.14,996.4,49.4
2026-08-09 06:00:00,WP122026,5,2026-08-13 06:00:00,4 days 00:00:00,96,29.65,119.52,995.8,50.2
2026-08-09 06:00:00,WP122026,5,2026-08-13 12:00:00,4 days 06:00:00,102,29.33,120.89,995.3,51.0
2026-08-09 06:00:00,WP122026,5,2026-08-13 18:00:00,4 days 12:00:00,108,29.0,122.25,994.7,51.8
2026-08-09 06:00:00,WP122026,5,2026-08-14 00:00:00,4 days 18:00:00,114,28.63,122.0,994.9,51.7
2026-08-09 06:00:00,WP122026,5,2026-08-14 06:00:00,5 days 00:00:00,120,28.25,121.75,995.0,51.5
2026-08-09 06:00:00,WP132026,5,2026-08-09 06:00:00,0 days 00:00:00,0,21.5,142.75,994.1,52.8
2026-08-09 06:00:00,WP132026,5,2026-08-09 12:00:00,0 days 06:00:00,6,21.01,144.63,995.9,50.1
2026-08-09 06:00:00,WP132026,5,2026-08-09 18:00:00,0 days 12:00:00,12,20.5,146.5,997.6,47.4
2026-08-09 06:00:00,WP132026,5,2026-08-10 00:00:00,0 days 18:00:00,18,20.64,148.5,996.4,49.3
2026-08-09 06:00:00,WP132026,5,2026-08-10 06:00:00,1 days 00:00:00,24,20.75,150.5,995.2,51.1
2026-08-09 06:00:00,WP132026,5,2026-08-10 12:00:00,1 days 06:00:00,30,21.63,152.12,994.6,52.0
2026-08-09 06:00:00,WP132026,5,2026-08-10 18:00:00,1 days 12:00:00,36,22.5,153.75,994.1,52.8
2026-08-09 06:00:00,WP132026,5,2026-08-11 00:00:00,1 days 18:00:00,42,25.96,158.61,996.3,49.4
2026-08-09 06:00:00,WP132026,5,2026-08-11 06:00:00,2 days 00:00:00,48,29.25,163.75,998.6,45.9
2026-08-09 06:00:00,WP142026,5,2026-08-09 06:00:00,0 days 00:00:00,0,32.25,150.75,984.2,66.7
2026-08-09 06:00:00,WP142026,5,2026-08-09 12:00:00,0 days 06:00:00,6,32.63,150.63,986.1,64.1
2026-08-09 06:00:00,WP142026,5,2026-08-09 18:00:00,0 days 12:00:00,12,33.0,150.5,988.0,61.5
2026-08-09 06:00:00,WP142026,5,2026-08-10 00:00:00,0 days 18:00:00,18,33.63,149.76,987.6,62.1
2026-08-09 06:00:00,WP142026,5,2026-08-10 06:00:00,1 days 00:00:00,24,34.25,149.0,987.2,62.6
2026-08-09 06:00:00,WP142026,5,2026-08-10 12:00:00,1 days 06:00:00,30,35.26,147.89,982.8,68.5
2026-08-09 06:00:00,WP142026,5,2026-08-10 18:00:00,1 days 12:00:00,36,36.25,146.75,978.3,74.4
2026-08-09 06:00:00,WP982026,5,2026-08-09 06:00:00,0 days 00:00:00,0,22.5,157.25,997.7,47.2
2026-08-09 06:00:00,WP982026,5,2026-08-09 12:00:00,0 days 06:00:00,6,23.5,158.37,997.8,47.2
2026-08-09 06:00:00,WP982026,5,2026-08-09 18:00:00,0 days 12:00:00,12,24.5,159.5,997.8,47.1
2026-08-09 06:00:00,WP982026,5,2026-08-10 00:00:00,0 days 18:00:00,18,24.88,160.37,996.8,48.6
2026-08-09 06:00:00,WP982026,5,2026-08-10 06:00:00,1 days 00:00:00,24,25.25,161.25,995.8,50.2
2026-08-09 06:00:00,WP982026,5,2026-08-10 12:00:00,1 days 06:00:00,30,26.38,161.25,996.0,50.0
2026-08-09 06:00:00,WP982026,5,2026-08-10 18:00:00,1 days 12:00:00,36,27.5,161.25,996.1,49.7
2026-08-09 06:00:00,WP982026,5,2026-08-11 00:00:00,1 days 18:00:00,42,28.38,162.49,997.4,47.8
2026-08-09 06:00:00,WP982026,5,2026-08-11 06:00:00,2 days 00:00:00,48,29.25,163.75,998.6,45.9
2026-08-09 06:00:00,WP122026,6,2026-08-09 06:00:00,0 days 00:00:00,0,28.0,121.75,960.5,95.7
2026-08-09 06:00:00,WP122026,6,2026-08-09 12:00:00,0 days 06:00:00,6,27.25,120.87,972.5,81.0
2026-08-09 06:00:00,WP122026,6,2026-08-09 18:00:00,0 days 12:00:00,12,26.5,120.0,984.5,66.3
2026-08-09 06:00:00,WP122026,6,2026-08-10 00:00:00,0 days 18:00:00,18,28.0,119.38,987.3,62.5
2026-08-09 06:00:00,WP122026,6,2026-08-10 06:00:00,1 days 00:00:00,24,29.5,118.75,990.0,58.8
2026-08-09 06:00:00,WP122026,6,2026-08-10 12:00:00,1 days 06:00:00,30,30.63,117.39,990.1,58.6
2026-08-09 06:00:00,WP122026,6,2026-08-10 18:00:00,1 days 12:00:00,36,31.75,116.0,990.2,58.5
2026-08-09 06:00:00,WP122026,6,2026-08-11 00:00:00,1 days 18:00:00,42,31.88,115.38,992.1,55.7
2026-08-09 06:00:00,WP122026,6,2026-08-11 06:00:00,2 days 00:00:00,48,32.0,114.75,994.0,52.9
2026-08-09 06:00:00,WP142026,6,2026-08-09 06:00:00,0 days 00:00:00,0,32.25,150.75,984.2,66.7
2026-08-09 06:00:00,WP142026,6,2026-08-09 12:00:00,0 days 06:00:00,6,32.75,150.63,985.8,64.5
2026-08-09 06:00:00,WP142026,6,2026-08-09 18:00:00,0 days 12:00:00,12,33.25,150.5,987.4,62.4
2026-08-09 06:00:00,WP142026,6,2026-08-10 00:00:00,0 days 18:00:00,18,34.0,149.76,987.9,61.6
2026-08-09 06:00:00,WP142026,6,2026-08-10 06:00:00,1 days 00:00:00,24,34.75,149.0,988.5,60.9
2026-08-09 06:00:00,WP142026,6,2026-08-10 12:00:00,1 days 06:00:00,30,35.76,147.52,987.6,62.1
2026-08-09 06:00:00,WP142026,6,2026-08-10 18:00:00,1 days 12:00:00,36,36.75,146.0,986.7,63.4
2026-08-09 06:00:00,WP142026,6,2026-08-11 00:00:00,1 days 18:00:00,42,36.65,143.62,984.8,65.9
2026-08-09 06:00:00,WP142026,6,2026-08-11 06:00:00,2 days 00:00:00,48,36.5,141.25,982.9,68.4
2026-08-09 06:00:00,WP142026,6,2026-08-11 12:00:00,2 days 06:00:00,54,36.65,138.88,989.7,58.8
2026-08-09 06:00:00,WP142026,6,2026-08-11 18:00:00,2 days 12:00:00,60,36.75,136.5,996.4,49.3
2026-08-09 06:00:00,WP982026,6,2026-08-09 06:00:00,0 days 00:00:00,0,22.5,157.25,997.7,47.2
2026-08-09 06:00:00,WP982026,6,2026-08-09 12:00:00,0 days 06:00:00,6,21.71,151.84,996.7,48.8
2026-08-09 06:00:00,WP982026,6,2026-08-09 18:00:00,0 days 12:00:00,12,20.75,146.5,995.7,50.4
2026-08-09 06:00:00,WP982026,6,2026-08-10 00:00:00,0 days 18:00:00,18,21.27,148.87,993.7,53.4
2026-08-09 06:00:00,WP982026,6,2026-08-10 06:00:00,1 days 00:00:00,24,21.75,151.25,991.6,56.4
2026-08-09 06:00:00,WP982026,6,2026-08-10 12:00:00,1 days 06:00:00,30,23.13,152.73,989.5,59.4
2026-08-09 06:00:00,WP982026,6,2026-08-10 18:00:00,1 days 12:00:00,36,24.5,154.25,987.3,62.5
2026-08-09 06:00:00,WP982026,6,2026-08-11 00:00:00,1 days 18:00:00,42,25.5,155.12,988.3,61.1
2026-08-09 06:00:00,WP982026,6,2026-08-11 06:00:00,2 days 00:00:00,48,26.5,156.0,989.3,59.7
2026-08-09 06:00:00,WP982026,6,2026-08-11 12:00:00,2 days 06:00:00,54,27.5,156.74,990.9,57.4
2026-08-09 06:00:00,WP982026,6,2026-08-11 18:00:00,2 days 12:00:00,60,28.5,157.5,992.5,55.2
2026-08-09 06:00:00,WP982026,6,2026-08-12 00:00:00,2 days 18:00:00,66,29.13,158.37,993.6,53.5
2026-08-09 06:00:00,WP982026,6,2026-08-12 06:00:00,3 days 00:00:00,72,29.75,159.25,994.8,51.8
2026-08-09 06:00:00,WP982026,6,2026-08-12 12:00:00,3 days 06:00:00,78,29.88,160.25,995.9,50.1
2026-08-09 06:00:00,WP982026,6,2026-08-12 18:00:00,3 days 12:00:00,84,30.0,161.25,997.0,48.5
2026-08-09 06:00:00,WP982026,6,2026-08-13 00:00:00,3 days 18:00:00,90,29.99,159.12,996.8,48.7
2026-08-09 06:00:00,WP982026,6,2026-08-13 06:00:00,4 days 00:00:00,96,29.94,156.99,996.7,48.9
2026-08-09 06:00:00,WP982026,6,2026-08-13 12:00:00,4 days 06:00:00,102,29.86,154.87,996.5,49.1
2026-08-09 06:00:00,WP982026,6,2026-08-13 18:00:00,4 days 12:00:00,108,29.75,152.75,996.4,49.4
2026-08-09 06:00:00,WP982026,6,2026-08-14 00:00:00,4 days 18:00:00,114,29.94,152.5,997.2,48.0
2026-08-09 06:00:00,WP982026,6,2026-08-14 06:00:00,5 days 00:00:00,120,30.13,152.25,998.1,46.6
2026-08-09 06:00:00,WP982026,6,2026-08-14 12:00:00,5 days 06:00:00,126,30.31,152.0,999.0,45.3
2026-08-09 06:00:00,WP982026,6,2026-08-14 18:00:00,5 days 12:00:00,132,30.5,151.75,999.8,43.9
2026-08-09 06:00:00,WP982026,6,2026-08-15 00:00:00,5 days 18:00:00,138,31.13,151.63,1000.9,42.2
2026-08-09 06:00:00,WP982026,6,2026-08-15 06:00:00,6 days 00:00:00,144,31.75,151.5,1001.9,40.5
2026-08-09 06:00:00,WP982026,6,2026-08-15 12:00:00,6 days 06:00:00,150,32.88,151.13,1002.3,39.8
2026-08-09 06:00:00,WP982026,6,2026-08-15 18:00:00,6 days 12:00:00,156,34.0,150.75,1002.7,39.2
2026-08-09 06:00:00,WP982026,6,2026-08-16 00:00:00,6 days 18:00:00,162,34.25,151.5,1003.4,38.0
2026-08-09 06:00:00,WP982026,6,2026-08-16 06:00:00,7 days 00:00:00,168,34.5,152.25,1004.1,36.8
2026-08-09 06:00:00,WP982026,6,2026-08-16 12:00:00,7 days 06:00:00,174,35.0,153.24,1005.2,34.7
2026-08-09 06:00:00,WP982026,6,2026-08-16 18:00:00,7 days 12:00:00,180,35.5,154.25,1006.4,32.6
2026-08-09 06:00:00,WP982026,6,2026-08-17 00:00:00,7 days 18:00:00,186,35.88,155.25,1006.2,33.0
2026-08-09 06:00:00,WP982026,6,2026-08-17 06:00:00,8 days 00:00:00,192,36.25,156.25,1006.0,33.4
2026-08-09 06:00:00,WP122026,7,2026-08-09 06:00:00,0 days 00:00:00,0,28.0,121.75,960.5,95.7
2026-08-09 06:00:00,WP122026,7,2026-08-09 12:00:00,0 days 06:00:00,6,27.88,121.12,970.7,83.4
2026-08-09 06:00:00,WP122026,7,2026-08-09 18:00:00,0 days 12:00:00,12,27.75,120.5,980.9,71.1
2026-08-09 06:00:00,WP122026,7,2026-08-10 00:00:00,0 days 18:00:00,18,28.5,119.88,984.9,65.7
2026-08-09 06:00:00,WP122026,7,2026-08-10 06:00:00,1 days 00:00:00,24,29.25,119.25,989.0,60.2
2026-08-09 06:00:00,WP122026,7,2026-08-10 12:00:00,1 days 06:00:00,30,30.25,118.51,989.4,59.7
2026-08-09 06:00:00,WP122026,7,2026-08-10 18:00:00,1 days 12:00:00,36,31.25,117.75,989.7,59.1
2026-08-09 06:00:00,WP122026,7,2026-08-11 00:00:00,1 days 18:00:00,42,32.13,116.39,990.6,57.9
2026-08-09 06:00:00,WP122026,7,2026-08-11 06:00:00,2 days 00:00:00,48,33.0,115.0,991.4,56.7
2026-08-09 06:00:00,WP122026,7,2026-08-11 12:00:00,2 days 06:00:00,54,33.13,114.75,992.5,55.2
2026-08-09 06:00:00,WP122026,7,2026-08-11 18:00:00,2 days 12:00:00,60,33.25,114.5,993.5,53.6
2026-08-09 06:00:00,WP122026,7,2026-08-12 00:00:00,2 days 18:00:00,66,32.5,115.51,994.1,52.7
2026-08-09 06:00:00,WP122026,7,2026-08-12 06:00:00,3 days 00:00:00,72,31.75,116.5,994.8,51.8
2026-08-09 06:00:00,WP142026,7,2026-08-09 06:00:00,0 days 00:00:00,0,32.25,150.75,984.2,66.7
2026-08-09 06:00:00,WP142026,7,2026-08-09 12:00:00,0 days 06:00:00,6,32.75,150.38,985.1,65.4
2026-08-09 06:00:00,WP142026,7,2026-08-09 18:00:00,0 days 12:00:00,12,33.25,150.0,986.1,64.2
2026-08-09 06:00:00,WP142026,7,2026-08-10 00:00:00,0 days 18:00:00,18,33.88,149.5,986.4,63.7
2026-08-09 06:00:00,WP142026,7,2026-08-10 06:00:00,1 days 00:00:00,24,34.5,149.0,986.8,63.2
2026-08-09 06:00:00,WP142026,7,2026-08-10 12:00:00,1 days 06:00:00,30,35.77,147.03,984.2,66.7
2026-08-09 06:00:00,WP142026,7,2026-08-10 18:00:00,1 days 12:00:00,36,37.0,145.0,981.5,70.2
2026-08-09 06:00:00,WP142026,7,2026-08-11 00:00:00,1 days 18:00:00,42,36.64,143.24,981.3,70.5
2026-08-09 06:00:00,WP142026,7,2026-08-11 06:00:00,2 days 00:00:00,48,36.25,141.5,981.1,70.8
2026-08-09 06:00:00,WP142026,7,2026-08-11 12:00:00,2 days 06:00:00,54,36.65,139.01,987.4,62.1
2026-08-09 06:00:00,WP142026,7,2026-08-11 18:00:00,2 days 12:00:00,60,37.0,136.5,993.7,53.4
2026-08-09 06:00:00,WP142026,7,2026-08-12 00:00:00,2 days 18:00:00,66,36.51,134.61,995.1,51.3
2026-08-09 06:00:00,WP142026,7,2026-08-12 06:00:00,3 days 00:00:00,72,36.0,132.75,996.5,49.2
2026-08-09 06:00:00,WP982026,7,2026-08-09 06:00:00,0 days 00:00:00,0,22.5,157.25,997.7,47.2
2026-08-09 06:00:00,WP982026,7,2026-08-09 12:00:00,0 days 06:00:00,6,21.84,151.72,996.6,49.0
2026-08-09 06:00:00,WP982026,7,2026-08-09 18:00:00,0 days 12:00:00,12,21.0,146.25,995.5,50.7
2026-08-09 06:00:00,WP982026,7,2026-08-10 00:00:00,0 days 18:00:00,18,21.02,148.75,994.8,51.7
2026-08-09 06:00:00,WP982026,7,2026-08-10 06:00:00,1 days 00:00:00,24,21.0,151.25,994.1,52.8
2026-08-09 06:00:00,WP982026,7,2026-08-10 12:00:00,1 days 06:00:00,30,22.01,152.86,993.4,53.9
2026-08-09 06:00:00,WP982026,7,2026-08-10 18:00:00,1 days 12:00:00,36,23.0,154.5,992.6,55.0
2026-08-09 06:00:00,WP982026,7,2026-08-11 00:00:00,1 days 18:00:00,42,24.13,155.74,991.2,57.0
2026-08-09 06:00:00,WP982026,7,2026-08-11 06:00:00,2 days 00:00:00,48,25.25,157.0,989.8,59.0
2026-08-09 06:00:00,WP982026,7,2026-08-11 12:00:00,2 days 06:00:00,54,26.63,158.23,992.3,55.4
2026-08-09 06:00:00,WP982026,7,2026-08-11 18:00:00,2 days 12:00:00,60,28.0,159.5,994.7,51.8
2026-08-09 06:00:00,WP982026,7,2026-08-12 00:00:00,2 days 18:00:00,66,29.76,160.73,995.2,51.1
2026-08-09 06:00:00,WP982026,7,2026-08-12 06:00:00,3 days 00:00:00,72,31.5,162.0,995.7,50.4
2026-08-09 06:00:00,WP982026,7,2026-08-12 12:00:00,3 days 06:00:00,78,32.13,163.12,996.2,49.6
2026-08-09 06:00:00,WP982026,7,2026-08-12 18:00:00,3 days 12:00:00,84,32.75,164.25,996.7,48.8
2026-08-09 06:00:00,WP982026,7,2026-08-13 00:00:00,3 days 18:00:00,90,32.88,165.75,996.8,48.7
2026-08-09 06:00:00,WP982026,7,2026-08-13 06:00:00,4 days 00:00:00,96,33.0,167.25,996.8,48.6
2026-08-09 06:00:00,WP982026,7,2026-08-13 12:00:00,4 days 06:00:00,102,32.89,169.13,996.9,48.6
2026-08-09 06:00:00,WP982026,7,2026-08-13 18:00:00,4 days 12:00:00,108,32.75,171.0,996.9,48.5
2026-08-09 06:00:00,WP982026,7,2026-08-14 00:00:00,4 days 18:00:00,114,32.56,164.1,996.7,48.9
2026-08-09 06:00:00,WP982026,7,2026-08-14 06:00:00,5 days 00:00:00,120,32.0,157.25,996.4,49.3
2026-08-09 06:00:00,WP982026,7,2026-08-14 12:00:00,5 days 06:00:00,126,32.39,159.12,996.8,48.7
2026-08-09 06:00:00,WP982026,7,2026-08-14 18:00:00,5 days 12:00:00,132,32.75,161.0,997.2,48.0
2026-08-09 06:00:00,WP982026,7,2026-08-15 00:00:00,5 days 18:00:00,138,32.25,161.5,999.1,45.1
2026-08-09 06:00:00,WP982026,7,2026-08-15 06:00:00,6 days 00:00:00,144,31.75,162.0,1000.9,42.2
2026-08-09 06:00:00,WP982026,7,2026-08-15 12:00:00,6 days 06:00:00,150,31.5,163.13,1002.2,39.9
2026-08-09 06:00:00,WP982026,7,2026-08-15 18:00:00,6 days 12:00:00,156,31.25,164.25,1003.5,37.7
2026-08-09 06:00:00,WP122026,8,2026-08-09 06:00:00,0 days 00:00:00,0,28.0,121.75,960.5,95.7
2026-08-09 06:00:00,WP122026,8,2026-08-09 12:00:00,0 days 06:00:00,6,27.75,121.0,972.9,80.5
2026-08-09 06:00:00,WP122026,8,2026-08-09 18:00:00,0 days 12:00:00,12,27.5,120.25,985.3,65.3
2026-08-09 06:00:00,WP122026,8,2026-08-10 00:00:00,0 days 18:00:00,18,28.26,118.88,987.5,62.1
2026-08-09 06:00:00,WP122026,8,2026-08-10 06:00:00,1 days 00:00:00,24,29.0,117.5,989.8,59.0
2026-08-09 06:00:00,WP122026,8,2026-08-10 12:00:00,1 days 06:00:00,30,30.0,117.25,990.6,57.8
2026-08-09 06:00:00,WP122026,8,2026-08-10 18:00:00,1 days 12:00:00,36,31.0,117.0,991.5,56.7
2026-08-09 06:00:00,WP122026,8,2026-08-11 00:00:00,1 days 18:00:00,42,31.38,116.5,992.7,54.8
2026-08-09 06:00:00,WP122026,8,2026-08-11 06:00:00,2 days 00:00:00,48,31.75,116.0,993.9,53.0
2026-08-09 06:00:00,WP122026,8,2026-08-11 12:00:00,2 days 06:00:00,54,32.25,115.5,994.9,51.6
2026-08-09 06:00:00,WP122026,8,2026-08-11 18:00:00,2 days 12:00:00,60,32.75,115.0,995.8,50.2
2026-08-09 06:00:00,WP122026,8,2026-08-12 00:00:00,2 days 18:00:00,66,32.25,115.75,995.9,50.1
2026-08-09 06:00:00,WP122026,8,2026-08-12 06:00:00,3 days 00:00:00,72,31.75,116.5,996.0,49.9
2026-08-09 06:00:00,WP142026,8,2026-08-09 06:00:00,0 days 00:00:00,0,32.25,150.75,984.2,66.7
2026-08-09 06:00:00,WP142026,8,2026-08-09 12:00:00,0 days 06:00:00,6,32.75,150.75,985.5,65.0
2026-08-09 06:00:00,WP142026,8,2026-08-09 18:00:00,0 days 12:00:00,12,33.25,150.75,986.8,63.2
2026-08-09 06:00:00,WP142026,8,2026-08-10 00:00:00,0 days 18:00:00,18,34.0,149.88,985.5,65.0
2026-08-09 06:00:00,WP142026,8,2026-08-10 06:00:00,1 days 00:00:00,24,34.75,149.0,984.2,66.7
2026-08-09 06:00:00,WP142026,8,2026-08-10 12:00:00,1 days 06:00:00,30,35.76,147.27,982.1,69.4
2026-08-09 06:00:00,WP142026,8,2026-08-10 18:00:00,1 days 12:00:00,36,36.75,145.5,980.0,72.2
2026-08-09 06:00:00,WP142026,8,2026-08-11 00:00:00,1 days 18:00:00,42,36.51,143.74,980.2,71.9
2026-08-09 06:00:00,WP142026,8,2026-08-11 06:00:00,2 days 00:00:00,48,36.25,142.0,980.4,71.7
2026-08-09 06:00:00,WP142026,8,2026-08-11 12:00:00,2 days 06:00:00,54,36.26,140.62,987.1,62.5
2026-08-09 06:00:00,WP142026,8,2026-08-11 18:00:00,2 days 12:00:00,60,36.25,139.25,993.8,53.3
2026-08-09 06:00:00,WP982026,8,2026-08-09 06:00:00,0 days 00:00:00,0,22.5,157.25,997.7,47.2
2026-08-09 06:00:00,WP982026,8,2026-08-09 12:00:00,0 days 06:00:00,6,21.84,151.72,996.6,48.9
2026-08-09 06:00:00,WP982026,8,2026-08-09 18:00:00,0 days 12:00:00,12,21.0,146.25,995.6,50.6
2026-08-09 06:00:00,WP982026,8,2026-08-10 00:00:00,0 days 18:00:00,18,21.14,148.37,994.7,51.8
2026-08-09 06:00:00,WP982026,8,2026-08-10 06:00:00,1 days 00:00:00,24,21.25,150.5,993.9,53.1
2026-08-09 06:00:00,WP982026,8,2026-08-10 12:00:00,1 days 06:00:00,30,22.13,151.99,993.7,53.4
2026-08-09 06:00:00,WP982026,8,2026-08-10 18:00:00,1 days 12:00:00,36,23.0,153.5,993.5,53.7
2026-08-09 06:00:00,WP982026,8,2026-08-11 00:00:00,1 days 18:00:00,42,24.51,154.86,993.9,53.1
2026-08-09 06:00:00,WP982026,8,2026-08-11 06:00:00,2 days 00:00:00,48,26.0,156.25,994.3,52.5
2026-08-09 06:00:00,WP982026,8,2026-08-11 12:00:00,2 days 06:00:00,54,27.26,157.49,995.4,50.8
2026-08-09 06:00:00,WP982026,8,2026-08-11 18:00:00,2 days 12:00:00,60,28.5,158.75,996.5,49.1
2026-08-09 06:00:00,WP982026,8,2026-08-12 00:00:00,2 days 18:00:00,66,29.26,160.11,995.8,50.2
2026-08-09 06:00:00,WP982026,8,2026-08-12 06:00:00,3 days 00:00:00,72,30.0,161.5,995.1,51.3
2026-08-09 06:00:00,WP982026,8,2026-08-12 12:00:00,3 days 06:00:00,78,30.64,163.36,995.6,50.6
2026-08-09 06:00:00,WP982026,8,2026-08-12 18:00:00,3 days 12:00:00,84,31.25,165.25,996.0,49.9
2026-08-09 06:00:00,WP982026,8,2026-08-13 00:00:00,3 days 18:00:00,90,31.88,167.58,994.4,52.3
2026-08-09 06:00:00,WP982026,8,2026-08-13 06:00:00,4 days 00:00:00,96,32.46,169.94,992.7,54.8
2026-08-09 06:00:00,WP982026,8,2026-08-13 12:00:00,4 days 06:00:00,102,33.01,172.33,991.0,57.2
2026-08-09 06:00:00,WP982026,8,2026-08-13 18:00:00,4 days 12:00:00,108,33.5,174.75,989.3,59.7
2026-08-09 06:00:00,WP982026,8,2026-08-14 00:00:00,4 days 18:00:00,114,35.52,176.7,988.3,61.1
2026-08-09 06:00:00,WP982026,8,2026-08-14 06:00:00,5 days 00:00:00,120,37.5,178.75,987.3,62.5
2026-08-09 06:00:00,WP982026,8,2026-08-14 12:00:00,5 days 06:00:00,126,39.27,-179.42,982.6,68.7
2026-08-09 06:00:00,WP982026,8,2026-08-14 18:00:00,5 days 12:00:00,132,41.0,-177.5,977.8,75.0
2026-08-09 06:00:00,WP982026,8,2026-08-15 00:00:00,5 days 18:00:00,138,43.4,-175.22,982.2,69.3
2026-08-09 06:00:00,WP982026,8,2026-08-15 06:00:00,6 days 00:00:00,144,45.75,-172.75,986.6,63.5
2026-08-09 06:00:00,WP982026,8,2026-08-15 12:00:00,6 days 06:00:00,150,42.25,-173.54,996.1,48.7
2026-08-09 06:00:00,WP982026,8,2026-08-15 18:00:00,6 days 12:00:00,156,38.75,-174.25,1005.7,33.9
2026-08-09 06:00:00,WP122026,9,2026-08-09 06:00:00,0 days 00:00:00,0,28.0,121.75,960.5,95.7
2026-08-09 06:00:00,WP122026,9,2026-08-09 12:00:00,0 days 06:00:00,6,27.75,121.0,970.8,83.3
2026-08-09 06:00:00,WP122026,9,2026-08-09 18:00:00,0 days 12:00:00,12,27.5,120.25,981.1,70.8
2026-08-09 06:00:00,WP122026,9,2026-08-10 00:00:00,0 days 18:00:00,18,28.38,119.88,984.8,65.8
2026-08-09 06:00:00,WP122026,9,2026-08-10 06:00:00,1 days 00:00:00,24,29.25,119.5,988.5,60.8
2026-08-09 06:00:00,WP122026,9,2026-08-10 12:00:00,1 days 06:00:00,30,30.51,117.9,989.1,60.1
2026-08-09 06:00:00,WP122026,9,2026-08-10 18:00:00,1 days 12:00:00,36,31.75,116.25,989.6,59.3
2026-08-09 06:00:00,WP122026,9,2026-08-11 00:00:00,1 days 18:00:00,42,31.75,116.25,990.5,58.0
2026-08-09 06:00:00,WP122026,9,2026-08-11 06:00:00,2 days 00:00:00,48,31.75,116.25,991.5,56.6
2026-08-09 06:00:00,WP122026,9,2026-08-11 12:00:00,2 days 06:00:00,54,32.13,116.0,992.6,55.0
2026-08-09 06:00:00,WP122026,9,2026-08-11 18:00:00,2 days 12:00:00,60,32.5,115.75,993.7,53.3
2026-08-09 06:00:00,WP142026,9,2026-08-09 06:00:00,0 days 00:00:00,0,32.25,150.75,984.2,66.7
2026-08-09 06:00:00,WP142026,9,2026-08-09 12:00:00,0 days 06:00:00,6,32.75,150.63,985.6,64.8
2026-08-09 06:00:00,WP142026,9,2026-08-09 18:00:00,0 days 12:00:00,12,33.25,150.5,987.1,62.8
2026-08-09 06:00:00,WP142026,9,2026-08-10 00:00:00,0 days 18:00:00,18,34.0,149.88,986.3,63.9
2026-08-09 06:00:00,WP142026,9,2026-08-10 06:00:00,1 days 00:00:00,24,34.75,149.25,985.5,64.9
2026-08-09 06:00:00,WP142026,9,2026-08-10 12:00:00,1 days 06:00:00,30,35.63,147.89,982.5,68.9
2026-08-09 06:00:00,WP142026,9,2026-08-10 18:00:00,1 days 12:00:00,36,36.5,146.5,979.4,72.9
2026-08-09 06:00:00,WP142026,9,2026-08-11 00:00:00,1 days 18:00:00,42,37.15,144.02,982.5,69.0
2026-08-09 06:00:00,WP142026,9,2026-08-11 06:00:00,2 days 00:00:00,48,37.75,141.5,985.5,65.0
2026-08-09 06:00:00,WP142026,9,2026-08-11 12:00:00,2 days 06:00:00,54,37.77,139.25,990.6,57.7
2026-08-09 06:00:00,WP142026,9,2026-08-11 18:00:00,2 days 12:00:00,60,37.75,137.0,995.7,50.3
2026-08-09 06:00:00,WP982026,9,2026-08-09 06:00:00,0 days 00:00:00,0,22.5,157.25,997.7,47.2
2026-08-09 06:00:00,WP982026,9,2026-08-09 12:00:00,0 days 06:00:00,6,21.6,151.46,997.1,48.2
2026-08-09 06:00:00,WP982026,9,2026-08-09 18:00:00,0 days 12:00:00,12,20.5,145.75,996.5,49.1
2026-08-09 06:00:00,WP982026,9,2026-08-10 00:00:00,0 days 18:00:00,18,20.64,148.12,997.1,48.3
2026-08-09 06:00:00,WP982026,9,2026-08-10 06:00:00,1 days 00:00:00,24,20.75,150.5,997.7,47.4
2026-08-09 06:00:00,WP982026,9,2026-08-10 12:00:00,1 days 06:00:00,30,21.9,153.1,997.1,48.3
2026-08-09 06:00:00,WP982026,9,2026-08-10 18:00:00,1 days 12:00:00,36,23.0,155.75,996.5,49.2
2026-08-09 06:00:00,WP982026,9,2026-08-11 00:00:00,1 days 18:00:00,42,24.63,157.11,995.9,50.1
2026-08-09 06:00:00,WP982026,9,2026-08-11 06:00:00,2 days 00:00:00,48,26.25,158.5,995.3,51.0
2026-08-09 06:00:00,WP982026,9,2026-08-11 12:00:00,2 days 06:00:00,54,27.5,159.37,995.1,51.4
2026-08-09 06:00:00,WP982026,9,2026-08-11 18:00:00,2 days 12:00:00,60,28.75,160.25,994.8,51.7
