# If this file contains data that relates to a time no more than 48 hours ago,
# BY USING IT YOU AGREE TO THE LEGALLY BINDING TERMS OF USE FOUND AT
#   https://storage.googleapis.com/weathernext-public/terms-of-use.pdf
# Any data that relates to a time more than 48 hours ago is licensed under the
# Creative Commons Attribution International License, Version 4.0 (CC BY 4.0).
# BEGIN DATA
init_time,track_id,sample,valid_time,lead_time,lead_time_hours,lat,lon,minimum_sea_level_pressure_hpa,maximum_sustained_wind_speed_knots
2026-07-30 18:00:00,EP072026,0,2026-07-30 18:00:00,0 days 00:00:00,0,20.5,-124.25,987.6,62.1
2026-07-30 18:00:00,EP072026,0,2026-07-31 00:00:00,0 days 06:00:00,6,20.88,-125.5,989.2,59.9
2026-07-30 18:00:00,EP072026,0,2026-07-31 06:00:00,0 days 12:00:00,12,21.25,-126.75,990.8,57.6
2026-07-30 18:00:00,EP072026,0,2026-07-31 12:00:00,0 days 18:00:00,18,21.51,-128.25,993.0,54.4
2026-07-30 18:00:00,EP072026,0,2026-07-31 18:00:00,1 days 00:00:00,24,21.75,-129.75,995.2,51.2
2026-07-30 18:00:00,EP072026,0,2026-08-01 00:00:00,1 days 06:00:00,30,22.25,-130.87,996.1,49.7
2026-07-30 18:00:00,EP072026,0,2026-08-01 06:00:00,1 days 12:00:00,36,22.75,-132.0,997.1,48.3
2026-07-30 18:00:00,EP072026,0,2026-08-01 12:00:00,1 days 18:00:00,42,23.01,-133.62,998.4,46.2
2026-07-30 18:00:00,EP072026,0,2026-08-01 18:00:00,2 days 00:00:00,48,23.25,-135.25,999.8,44.0
2026-07-30 18:00:00,EP072026,0,2026-08-02 00:00:00,2 days 06:00:00,54,23.51,-136.87,1003.6,37.3
2026-07-30 18:00:00,EP072026,0,2026-08-02 06:00:00,2 days 12:00:00,60,23.75,-138.5,1007.4,30.6
2026-07-30 18:00:00,WP122026,0,2026-07-30 18:00:00,0 days 00:00:00,0,17.75,162.75,951.7,105.4
2026-07-30 18:00:00,WP122026,0,2026-07-31 00:00:00,0 days 06:00:00,6,18.13,161.88,954.6,102.1
2026-07-30 18:00:00,WP122026,0,2026-07-31 06:00:00,0 days 12:00:00,12,18.5,161.0,957.6,98.9
2026-07-30 18:00:00,WP122026,0,2026-07-31 12:00:00,0 days 18:00:00,18,19.13,160.13,959.3,97.0
2026-07-30 18:00:00,WP122026,0,2026-07-31 18:00:00,1 days 00:00:00,24,19.75,159.25,960.9,95.2
2026-07-30 18:00:00,WP122026,0,2026-08-01 00:00:00,1 days 06:00:00,30,20.38,158.38,959.7,96.5
2026-07-30 18:00:00,WP122026,0,2026-08-01 06:00:00,1 days 12:00:00,36,21.0,157.5,958.5,97.8
2026-07-30 18:00:00,WP122026,0,2026-08-01 12:00:00,1 days 18:00:00,42,21.63,156.38,957.1,99.4
2026-07-30 18:00:00,WP122026,0,2026-08-01 18:00:00,2 days 00:00:00,48,22.25,155.25,955.7,101.0
2026-07-30 18:00:00,WP122026,0,2026-08-02 00:00:00,2 days 06:00:00,54,23.01,153.88,954.4,102.5
2026-07-30 18:00:00,WP122026,0,2026-08-02 06:00:00,2 days 12:00:00,60,23.75,152.5,953.0,103.9
2026-07-30 18:00:00,WP122026,0,2026-08-02 12:00:00,2 days 18:00:00,66,24.13,151.13,954.3,102.5
2026-07-30 18:00:00,WP122026,0,2026-08-02 18:00:00,3 days 00:00:00,72,24.5,149.75,955.6,101.1
2026-07-30 18:00:00,WP122026,0,2026-08-03 00:00:00,3 days 06:00:00,78,24.76,148.5,955.5,101.3
2026-07-30 18:00:00,WP122026,0,2026-08-03 06:00:00,3 days 12:00:00,84,25.0,147.25,955.3,101.4
2026-07-30 18:00:00,WP122026,0,2026-08-03 12:00:00,3 days 18:00:00,90,25.13,146.25,956.0,100.6
2026-07-30 18:00:00,WP122026,0,2026-08-03 18:00:00,4 days 00:00:00,96,25.25,145.25,956.7,99.9
2026-07-30 18:00:00,WP122026,0,2026-08-04 00:00:00,4 days 06:00:00,102,25.38,144.0,955.6,101.1
2026-07-30 18:00:00,WP122026,0,2026-08-04 06:00:00,4 days 12:00:00,108,25.5,142.75,954.5,102.3
2026-07-30 18:00:00,WP122026,0,2026-08-04 12:00:00,4 days 18:00:00,114,25.63,141.5,952.8,104.2
2026-07-30 18:00:00,WP122026,0,2026-08-04 18:00:00,5 days 00:00:00,120,25.75,140.25,951.0,106.2
2026-07-30 18:00:00,WP122026,0,2026-08-05 00:00:00,5 days 06:00:00,126,26.01,138.75,952.6,104.4
2026-07-30 18:00:00,WP122026,0,2026-08-05 06:00:00,5 days 12:00:00,132,26.25,137.25,954.2,102.6
2026-07-30 18:00:00,WP122026,0,2026-08-05 12:00:00,5 days 18:00:00,138,26.51,135.63,952.1,104.9
2026-07-30 18:00:00,WP122026,0,2026-08-05 18:00:00,6 days 00:00:00,144,26.75,134.0,950.0,107.2
2026-07-30 18:00:00,WP122026,0,2026-08-06 00:00:00,6 days 06:00:00,150,26.88,132.88,952.3,104.7
2026-07-30 18:00:00,WP122026,0,2026-08-06 06:00:00,6 days 12:00:00,156,27.0,131.75,954.6,102.3
2026-07-30 18:00:00,WP122026,0,2026-08-06 12:00:00,6 days 18:00:00,162,27.13,130.13,954.5,102.4
2026-07-30 18:00:00,WP122026,0,2026-08-06 18:00:00,7 days 00:00:00,168,27.25,128.5,954.3,102.5
2026-07-30 18:00:00,WP122026,0,2026-08-07 00:00:00,7 days 06:00:00,174,27.25,127.37,954.7,102.1
2026-07-30 18:00:00,WP122026,0,2026-08-07 06:00:00,7 days 12:00:00,180,27.25,126.25,955.1,101.7
2026-07-30 18:00:00,WP122026,0,2026-08-07 12:00:00,7 days 18:00:00,186,27.5,125.13,954.6,102.2
2026-07-30 18:00:00,WP122026,0,2026-08-07 18:00:00,8 days 00:00:00,192,27.75,124.0,954.2,102.7
2026-07-30 18:00:00,WP122026,0,2026-08-08 00:00:00,8 days 06:00:00,198,28.26,122.63,959.5,96.7
2026-07-30 18:00:00,WP122026,0,2026-08-08 06:00:00,8 days 12:00:00,204,28.75,121.25,964.9,90.6
2026-07-30 18:00:00,WP122026,0,2026-08-08 12:00:00,8 days 18:00:00,210,28.89,119.38,974.1,79.2
2026-07-30 18:00:00,WP122026,0,2026-08-08 18:00:00,9 days 00:00:00,216,29.0,117.5,983.3,67.8
2026-07-30 18:00:00,WP122026,0,2026-08-09 00:00:00,9 days 06:00:00,222,29.0,116.87,985.5,64.9
2026-07-30 18:00:00,WP122026,0,2026-08-09 06:00:00,9 days 12:00:00,228,29.0,116.25,987.7,62.0
2026-07-30 18:00:00,WP122026,0,2026-08-09 12:00:00,9 days 18:00:00,234,29.13,116.0,989.7,59.2
2026-07-30 18:00:00,WP122026,0,2026-08-09 18:00:00,10 days 00:00:00,240,29.25,115.75,991.7,56.3
2026-07-30 18:00:00,WP122026,0,2026-08-10 00:00:00,10 days 06:00:00,246,29.88,115.0,992.9,54.6
2026-07-30 18:00:00,WP122026,0,2026-08-10 06:00:00,10 days 12:00:00,252,30.5,114.25,994.1,52.8
2026-07-30 18:00:00,WP122026,0,2026-08-10 12:00:00,10 days 18:00:00,258,30.75,114.25,995.0,51.4
2026-07-30 18:00:00,WP122026,0,2026-08-10 18:00:00,11 days 00:00:00,264,31.0,114.25,996.0,50.0
2026-07-30 18:00:00,EP072026,1,2026-07-30 18:00:00,0 days 00:00:00,0,20.5,-124.25,987.6,62.1
2026-07-30 18:00:00,EP072026,1,2026-07-31 00:00:00,0 days 06:00:00,6,21.0,-125.5,988.4,61.0
2026-07-30 18:00:00,EP072026,1,2026-07-31 06:00:00,0 days 12:00:00,12,21.5,-126.75,989.1,60.0
2026-07-30 18:00:00,EP072026,1,2026-07-31 12:00:00,0 days 18:00:00,18,21.88,-128.25,992.2,55.6
2026-07-30 18:00:00,EP072026,1,2026-07-31 18:00:00,1 days 00:00:00,24,22.25,-129.75,995.2,51.1
2026-07-30 18:00:00,EP072026,1,2026-08-01 00:00:00,1 days 06:00:00,30,22.51,-131.25,998.0,46.7
2026-07-30 18:00:00,EP072026,1,2026-08-01 06:00:00,1 days 12:00:00,36,22.75,-132.75,1000.8,42.3
2026-07-30 18:00:00,EP072026,1,2026-08-01 12:00:00,1 days 18:00:00,42,22.88,-134.25,1003.6,37.5
2026-07-30 18:00:00,EP072026,1,2026-08-01 18:00:00,2 days 00:00:00,48,23.0,-135.75,1006.3,32.7
2026-07-30 18:00:00,EP072026,1,2026-08-02 00:00:00,2 days 06:00:00,54,23.38,-137.12,1007.0,31.4
2026-07-30 18:00:00,EP072026,1,2026-08-02 06:00:00,2 days 12:00:00,60,23.75,-138.5,1007.7,30.1
2026-07-30 18:00:00,WP122026,1,2026-07-30 18:00:00,0 days 00:00:00,0,17.75,162.75,951.7,105.4
2026-07-30 18:00:00,WP122026,1,2026-07-31 00:00:00,0 days 06:00:00,6,18.25,161.88,953.1,103.8
2026-07-30 18:00:00,WP122026,1,2026-07-31 06:00:00,0 days 12:00:00,12,18.75,161.0,954.5,102.3
2026-07-30 18:00:00,WP122026,1,2026-07-31 12:00:00,0 days 18:00:00,18,19.13,160.25,954.1,102.7
2026-07-30 18:00:00,WP122026,1,2026-07-31 18:00:00,1 days 00:00:00,24,19.5,159.5,953.7,103.2
2026-07-30 18:00:00,WP122026,1,2026-08-01 00:00:00,1 days 06:00:00,30,20.0,158.5,953.8,103.1
2026-07-30 18:00:00,WP122026,1,2026-08-01 06:00:00,1 days 12:00:00,36,20.5,157.5,953.9,103.0
2026-07-30 18:00:00,WP122026,1,2026-08-01 12:00:00,1 days 18:00:00,42,21.13,156.5,955.8,100.9
2026-07-30 18:00:00,WP122026,1,2026-08-01 18:00:00,2 days 00:00:00,48,21.75,155.5,957.7,98.8
2026-07-30 18:00:00,WP122026,1,2026-08-02 00:00:00,2 days 06:00:00,54,22.51,154.01,956.3,100.3
2026-07-30 18:00:00,WP122026,1,2026-08-02 06:00:00,2 days 12:00:00,60,23.25,152.5,954.9,101.9
2026-07-30 18:00:00,WP122026,1,2026-08-02 12:00:00,2 days 18:00:00,66,23.76,151.13,955.5,101.2
2026-07-30 18:00:00,WP122026,1,2026-08-02 18:00:00,3 days 00:00:00,72,24.25,149.75,956.1,100.5
2026-07-30 18:00:00,WP122026,1,2026-08-03 00:00:00,3 days 06:00:00,78,24.63,148.38,955.6,101.1
2026-07-30 18:00:00,WP122026,1,2026-08-03 06:00:00,3 days 12:00:00,84,25.0,147.0,955.1,101.6
2026-07-30 18:00:00,WP122026,1,2026-08-03 12:00:00,3 days 18:00:00,90,24.88,145.5,954.4,102.4
2026-07-30 18:00:00,WP122026,1,2026-08-03 18:00:00,4 days 00:00:00,96,24.75,144.0,953.7,103.2
2026-07-30 18:00:00,WP122026,1,2026-08-04 00:00:00,4 days 06:00:00,102,24.75,143.0,953.4,103.6
2026-07-30 18:00:00,WP122026,1,2026-08-04 06:00:00,4 days 12:00:00,108,24.75,142.0,953.0,104.0
2026-07-30 18:00:00,WP122026,1,2026-08-04 12:00:00,4 days 18:00:00,114,24.51,140.75,954.4,102.4
2026-07-30 18:00:00,WP122026,1,2026-08-04 18:00:00,5 days 00:00:00,120,24.25,139.5,955.8,100.9
2026-07-30 18:00:00,WP122026,1,2026-08-05 00:00:00,5 days 06:00:00,126,24.38,138.25,954.4,102.4
2026-07-30 18:00:00,WP122026,1,2026-08-05 06:00:00,5 days 12:00:00,132,24.5,137.0,953.1,103.9
2026-07-30 18:00:00,WP122026,1,2026-08-05 12:00:00,5 days 18:00:00,138,24.5,136.12,952.9,104.1
2026-07-30 18:00:00,WP122026,1,2026-08-05 18:00:00,6 days 00:00:00,144,24.5,135.25,952.7,104.3
2026-07-30 18:00:00,WP122026,1,2026-08-06 00:00:00,6 days 06:00:00,150,24.63,134.38,948.4,108.9
2026-07-30 18:00:00,WP122026,1,2026-08-06 06:00:00,6 days 12:00:00,156,24.75,133.5,944.1,113.5
2026-07-30 18:00:00,WP122026,1,2026-08-06 12:00:00,6 days 18:00:00,162,25.38,132.13,945.6,111.8
2026-07-30 18:00:00,WP122026,1,2026-08-06 18:00:00,7 days 00:00:00,168,26.0,130.75,947.2,110.2
2026-07-30 18:00:00,WP122026,1,2026-08-07 00:00:00,7 days 06:00:00,174,26.26,129.13,949.9,107.3
2026-07-30 18:00:00,WP122026,1,2026-08-07 06:00:00,7 days 12:00:00,180,26.5,127.5,952.7,104.3
2026-07-30 18:00:00,WP122026,1,2026-08-07 12:00:00,7 days 18:00:00,186,26.5,126.62,951.2,105.9
2026-07-30 18:00:00,WP122026,1,2026-08-07 18:00:00,8 days 00:00:00,192,26.5,125.75,949.8,107.4
2026-07-30 18:00:00,WP122026,1,2026-08-08 00:00:00,8 days 06:00:00,198,26.88,124.75,953.6,103.2
2026-07-30 18:00:00,WP122026,1,2026-08-08 06:00:00,8 days 12:00:00,204,27.25,123.75,957.5,99.1
2026-07-30 18:00:00,WP122026,1,2026-08-08 12:00:00,8 days 18:00:00,210,27.38,122.5,957.7,98.8
2026-07-30 18:00:00,WP122026,1,2026-08-08 18:00:00,9 days 00:00:00,216,27.5,121.25,958.0,98.5
2026-07-30 18:00:00,WP122026,1,2026-08-09 00:00:00,9 days 06:00:00,222,27.13,120.37,969.1,85.2
2026-07-30 18:00:00,WP122026,1,2026-08-09 06:00:00,9 days 12:00:00,228,26.75,119.5,980.2,72.0
2026-07-30 18:00:00,WP122026,1,2026-08-09 12:00:00,9 days 18:00:00,234,27.13,118.75,981.9,69.7
2026-07-30 18:00:00,WP122026,1,2026-08-09 18:00:00,10 days 00:00:00,240,27.5,118.0,983.6,67.5
2026-07-30 18:00:00,WP122026,1,2026-08-10 00:00:00,10 days 06:00:00,246,28.13,117.38,984.8,65.8
2026-07-30 18:00:00,WP122026,1,2026-08-10 06:00:00,10 days 12:00:00,252,28.75,116.75,986.1,64.2
2026-07-30 18:00:00,WP122026,1,2026-08-10 12:00:00,10 days 18:00:00,258,28.88,116.38,987.9,61.6
2026-07-30 18:00:00,WP122026,1,2026-08-10 18:00:00,11 days 00:00:00,264,29.0,116.0,989.7,59.1
2026-07-30 18:00:00,WP122026,1,2026-08-11 00:00:00,11 days 06:00:00,270,29.75,115.38,990.9,57.5
2026-07-30 18:00:00,WP122026,1,2026-08-11 06:00:00,11 days 12:00:00,276,30.5,114.75,992.0,55.8
2026-07-30 18:00:00,EP072026,10,2026-07-30 18:00:00,0 days 00:00:00,0,20.5,-124.25,987.6,62.1
2026-07-30 18:00:00,EP072026,10,2026-07-31 00:00:00,0 days 06:00:00,6,20.88,-125.62,988.9,60.2
2026-07-30 18:00:00,EP072026,10,2026-07-31 06:00:00,0 days 12:00:00,12,21.25,-127.0,990.3,58.3
2026-07-30 18:00:00,EP072026,10,2026-07-31 12:00:00,0 days 18:00:00,18,21.63,-128.25,993.2,54.0
2026-07-30 18:00:00,EP072026,10,2026-07-31 18:00:00,1 days 00:00:00,24,22.0,-129.5,996.2,49.6
2026-07-30 18:00:00,EP072026,10,2026-08-01 00:00:00,1 days 06:00:00,30,22.13,-130.87,999.1,44.9
2026-07-30 18:00:00,EP072026,10,2026-08-01 06:00:00,1 days 12:00:00,36,22.25,-132.25,1002.0,40.3
2026-07-30 18:00:00,EP072026,10,2026-08-01 12:00:00,1 days 18:00:00,42,22.51,-133.62,1003.2,38.3
2026-07-30 18:00:00,EP072026,10,2026-08-01 18:00:00,2 days 00:00:00,48,22.75,-135.0,1004.3,36.3
2026-07-30 18:00:00,EP072026,10,2026-08-02 00:00:00,2 days 06:00:00,54,22.88,-136.37,1005.3,34.5
2026-07-30 18:00:00,EP072026,10,2026-08-02 06:00:00,2 days 12:00:00,60,23.0,-137.75,1006.3,32.8
2026-07-30 18:00:00,EP072026,10,2026-08-02 12:00:00,2 days 18:00:00,66,23.58,-139.11,1006.1,33.1
2026-07-30 18:00:00,EP072026,10,2026-08-02 18:00:00,3 days 00:00:00,72,24.15,-140.48,1005.9,33.5
2026-07-30 18:00:00,EP072026,10,2026-08-03 00:00:00,3 days 06:00:00,78,24.71,-141.86,1005.7,33.9
2026-07-30 18:00:00,EP072026,10,2026-08-03 06:00:00,3 days 12:00:00,84,25.25,-143.25,1005.4,34.3
2026-07-30 18:00:00,WP122026,10,2026-07-30 18:00:00,0 days 00:00:00,0,17.75,162.75,951.7,105.4
2026-07-30 18:00:00,WP122026,10,2026-07-31 00:00:00,0 days 06:00:00,6,18.25,161.88,952.5,104.5
2026-07-30 18:00:00,WP122026,10,2026-07-31 06:00:00,0 days 12:00:00,12,18.75,161.0,953.4,103.6
2026-07-30 18:00:00,WP122026,10,2026-07-31 12:00:00,0 days 18:00:00,18,19.25,160.25,953.1,103.9
2026-07-30 18:00:00,WP122026,10,2026-07-31 18:00:00,1 days 00:00:00,24,19.75,159.5,952.8,104.2
2026-07-30 18:00:00,WP122026,10,2026-08-01 00:00:00,1 days 06:00:00,30,20.5,158.5,952.9,104.1
2026-07-30 18:00:00,WP122026,10,2026-08-01 06:00:00,1 days 12:00:00,36,21.25,157.5,953.0,103.9
2026-07-30 18:00:00,WP122026,10,2026-08-01 12:00:00,1 days 18:00:00,42,21.88,156.5,953.0,103.9
2026-07-30 18:00:00,WP122026,10,2026-08-01 18:00:00,2 days 00:00:00,48,22.5,155.5,953.0,103.9
2026-07-30 18:00:00,WP122026,10,2026-08-02 00:00:00,2 days 06:00:00,54,23.13,154.01,955.2,101.5
2026-07-30 18:00:00,WP122026,10,2026-08-02 06:00:00,2 days 12:00:00,60,23.75,152.5,957.4,99.1
2026-07-30 18:00:00,WP122026,10,2026-08-02 12:00:00,2 days 18:00:00,66,24.01,151.13,954.8,102.0
2026-07-30 18:00:00,WP122026,10,2026-08-02 18:00:00,3 days 00:00:00,72,24.25,149.75,952.2,104.8
2026-07-30 18:00:00,WP122026,10,2026-08-03 00:00:00,3 days 06:00:00,78,24.5,148.75,953.1,103.9
2026-07-30 18:00:00,WP122026,10,2026-08-03 06:00:00,3 days 12:00:00,84,24.75,147.75,954.0,102.9
2026-07-30 18:00:00,WP122026,10,2026-08-03 12:00:00,3 days 18:00:00,90,24.88,146.75,956.2,100.4
2026-07-30 18:00:00,WP122026,10,2026-08-03 18:00:00,4 days 00:00:00,96,25.0,145.75,958.5,97.9
2026-07-30 18:00:00,WP122026,10,2026-08-04 00:00:00,4 days 06:00:00,102,25.13,144.63,956.0,100.6
2026-07-30 18:00:00,WP122026,10,2026-08-04 06:00:00,4 days 12:00:00,108,25.25,143.5,953.6,103.3
2026-07-30 18:00:00,WP122026,10,2026-08-04 12:00:00,4 days 18:00:00,114,25.51,142.0,955.3,101.4
2026-07-30 18:00:00,WP122026,10,2026-08-04 18:00:00,5 days 00:00:00,120,25.75,140.5,957.0,99.5
2026-07-30 18:00:00,WP122026,10,2026-08-05 00:00:00,5 days 06:00:00,126,25.76,138.88,957.5,99.0
2026-07-30 18:00:00,WP122026,10,2026-08-05 06:00:00,5 days 12:00:00,132,25.75,137.25,957.9,98.5
2026-07-30 18:00:00,WP122026,10,2026-08-05 12:00:00,5 days 18:00:00,138,25.88,136.0,957.5,99.0
2026-07-30 18:00:00,WP122026,10,2026-08-05 18:00:00,6 days 00:00:00,144,26.0,134.75,957.1,99.4
2026-07-30 18:00:00,WP122026,10,2026-08-06 00:00:00,6 days 06:00:00,150,26.51,133.26,956.8,99.8
2026-07-30 18:00:00,WP122026,10,2026-08-06 06:00:00,6 days 12:00:00,156,27.0,131.75,956.5,100.2
2026-07-30 18:00:00,WP122026,10,2026-08-06 12:00:00,6 days 18:00:00,162,27.26,130.5,956.2,100.5
2026-07-30 18:00:00,WP122026,10,2026-08-06 18:00:00,7 days 00:00:00,168,27.5,129.25,955.9,100.8
2026-07-30 18:00:00,WP122026,10,2026-08-07 00:00:00,7 days 06:00:00,174,27.5,128.25,953.1,103.8
2026-07-30 18:00:00,WP122026,10,2026-08-07 06:00:00,7 days 12:00:00,180,27.5,127.25,950.4,106.8
2026-07-30 18:00:00,WP122026,10,2026-08-07 12:00:00,7 days 18:00:00,186,27.5,126.38,948.6,108.7
2026-07-30 18:00:00,WP122026,10,2026-08-07 18:00:00,8 days 00:00:00,192,27.5,125.5,946.9,110.6
2026-07-30 18:00:00,WP122026,10,2026-08-08 00:00:00,8 days 06:00:00,198,27.75,124.38,947.1,110.3
2026-07-30 18:00:00,WP122026,10,2026-08-08 06:00:00,8 days 12:00:00,204,28.0,123.25,947.3,110.1
2026-07-30 18:00:00,WP122026,10,2026-08-08 12:00:00,8 days 18:00:00,210,28.38,121.88,956.6,99.8
2026-07-30 18:00:00,WP122026,10,2026-08-08 18:00:00,9 days 00:00:00,216,28.75,120.5,965.9,89.4
2026-07-30 18:00:00,WP122026,10,2026-08-09 00:00:00,9 days 06:00:00,222,28.88,118.88,975.5,77.5
2026-07-30 18:00:00,WP122026,10,2026-08-09 06:00:00,9 days 12:00:00,228,29.0,117.25,985.0,65.6
2026-07-30 18:00:00,WP122026,10,2026-08-09 12:00:00,9 days 18:00:00,234,28.88,116.87,987.0,62.8
2026-07-30 18:00:00,WP122026,10,2026-08-09 18:00:00,10 days 00:00:00,240,28.75,116.5,989.1,60.1
2026-07-30 18:00:00,WP122026,10,2026-08-10 00:00:00,10 days 06:00:00,246,29.38,116.62,989.9,58.9
2026-07-30 18:00:00,WP122026,10,2026-08-10 06:00:00,10 days 12:00:00,252,30.0,116.75,990.8,57.7
2026-07-30 18:00:00,WP122026,10,2026-08-10 12:00:00,10 days 18:00:00,258,30.63,117.12,991.0,57.3
2026-07-30 18:00:00,WP122026,10,2026-08-10 18:00:00,11 days 00:00:00,264,31.25,117.5,991.3,57.0
2026-07-30 18:00:00,WP122026,10,2026-08-11 00:00:00,11 days 06:00:00,270,32.25,117.5,990.5,58.0
2026-07-30 18:00:00,WP122026,10,2026-08-11 06:00:00,11 days 12:00:00,276,33.25,117.5,989.8,59.0
2026-07-30 18:00:00,WP122026,10,2026-08-11 12:00:00,11 days 18:00:00,282,34.26,118.86,990.0,58.8
2026-07-30 18:00:00,WP122026,10,2026-08-11 18:00:00,12 days 00:00:00,288,35.25,120.25,990.2,58.5
2026-07-30 18:00:00,WP122026,10,2026-08-12 00:00:00,12 days 06:00:00,294,36.64,121.85,989.6,59.2
2026-07-30 18:00:00,WP122026,10,2026-08-12 06:00:00,12 days 12:00:00,300,38.0,123.5,989.1,60.0
2026-07-30 18:00:00,EP072026,11,2026-07-30 18:00:00,0 days 00:00:00,0,20.5,-124.25,987.6,62.1
2026-07-30 18:00:00,EP072026,11,2026-07-31 00:00:00,0 days 06:00:00,6,20.88,-125.5,989.9,58.9
2026-07-30 18:00:00,EP072026,11,2026-07-31 06:00:00,0 days 12:00:00,12,21.25,-126.75,992.1,55.7
2026-07-30 18:00:00,EP072026,11,2026-07-31 12:00:00,0 days 18:00:00,18,21.63,-128.0,993.9,53.1
2026-07-30 18:00:00,EP072026,11,2026-07-31 18:00:00,1 days 00:00:00,24,22.0,-129.25,995.6,50.5
2026-07-30 18:00:00,EP072026,11,2026-08-01 00:00:00,1 days 06:00:00,30,22.51,-130.62,998.0,46.8
2026-07-30 18:00:00,EP072026,11,2026-08-01 06:00:00,1 days 12:00:00,36,23.0,-132.0,1000.3,43.1
2026-07-30 18:00:00,EP072026,11,2026-08-01 12:00:00,1 days 18:00:00,42,23.26,-133.62,1002.4,39.6
2026-07-30 18:00:00,EP072026,11,2026-08-01 18:00:00,2 days 00:00:00,48,23.5,-135.25,1004.5,36.1
2026-07-30 18:00:00,EP072026,11,2026-08-02 00:00:00,2 days 06:00:00,54,23.51,-136.75,1006.6,32.0
2026-07-30 18:00:00,EP072026,11,2026-08-02 06:00:00,2 days 12:00:00,60,23.5,-138.25,1008.8,28.0
2026-07-30 18:00:00,WP122026,11,2026-07-30 18:00:00,0 days 00:00:00,0,17.75,162.75,951.7,105.4
2026-07-30 18:00:00,WP122026,11,2026-07-31 00:00:00,0 days 06:00:00,6,18.25,161.88,952.8,104.1
2026-07-30 18:00:00,WP122026,11,2026-07-31 06:00:00,0 days 12:00:00,12,18.75,161.0,954.0,102.9
2026-07-30 18:00:00,WP122026,11,2026-07-31 12:00:00,0 days 18:00:00,18,19.13,160.25,956.7,99.9
2026-07-30 18:00:00,WP122026,11,2026-07-31 18:00:00,1 days 00:00:00,24,19.5,159.5,959.5,96.8
2026-07-30 18:00:00,WP122026,11,2026-08-01 00:00:00,1 days 06:00:00,30,20.38,158.63,958.4,98.1
2026-07-30 18:00:00,WP122026,11,2026-08-01 06:00:00,1 days 12:00:00,36,21.25,157.75,957.2,99.3
2026-07-30 18:00:00,WP122026,11,2026-08-01 12:00:00,1 days 18:00:00,42,22.0,156.51,956.8,99.8
2026-07-30 18:00:00,WP122026,11,2026-08-01 18:00:00,2 days 00:00:00,48,22.75,155.25,956.3,100.3
2026-07-30 18:00:00,WP122026,11,2026-08-02 00:00:00,2 days 06:00:00,54,23.38,154.13,954.6,102.3
2026-07-30 18:00:00,WP122026,11,2026-08-02 06:00:00,2 days 12:00:00,60,24.0,153.0,952.8,104.2
2026-07-30 18:00:00,WP122026,11,2026-08-02 12:00:00,2 days 18:00:00,66,24.51,151.63,954.1,102.8
2026-07-30 18:00:00,WP122026,11,2026-08-02 18:00:00,3 days 00:00:00,72,25.0,150.25,955.4,101.3
2026-07-30 18:00:00,WP122026,11,2026-08-03 00:00:00,3 days 06:00:00,78,25.13,149.13,955.5,101.2
2026-07-30 18:00:00,WP122026,11,2026-08-03 06:00:00,3 days 12:00:00,84,25.25,148.0,955.7,101.0
2026-07-30 18:00:00,WP122026,11,2026-08-03 12:00:00,3 days 18:00:00,90,25.63,146.5,956.1,100.6
2026-07-30 18:00:00,WP122026,11,2026-08-03 18:00:00,4 days 00:00:00,96,26.0,145.0,956.5,100.1
2026-07-30 18:00:00,WP122026,11,2026-08-04 00:00:00,4 days 06:00:00,102,26.13,143.75,958.0,98.5
2026-07-30 18:00:00,WP122026,11,2026-08-04 06:00:00,4 days 12:00:00,108,26.25,142.5,959.5,96.8
2026-07-30 18:00:00,WP122026,11,2026-08-04 12:00:00,4 days 18:00:00,114,26.76,140.88,963.7,91.9
2026-07-30 18:00:00,WP122026,11,2026-08-04 18:00:00,5 days 00:00:00,120,27.25,139.25,967.9,87.1
2026-07-30 18:00:00,WP122026,11,2026-08-05 00:00:00,5 days 06:00:00,126,27.26,137.63,968.0,86.9
2026-07-30 18:00:00,WP122026,11,2026-08-05 06:00:00,5 days 12:00:00,132,27.25,136.0,968.1,86.8
2026-07-30 18:00:00,WP122026,11,2026-08-05 12:00:00,5 days 18:00:00,138,27.51,134.25,968.2,86.8
2026-07-30 18:00:00,WP122026,11,2026-08-05 18:00:00,6 days 00:00:00,144,27.75,132.5,968.2,86.7
2026-07-30 18:00:00,WP122026,11,2026-08-06 00:00:00,6 days 06:00:00,150,27.88,131.5,967.2,88.0
2026-07-30 18:00:00,WP122026,11,2026-08-06 06:00:00,6 days 12:00:00,156,28.0,130.5,966.1,89.2
2026-07-30 18:00:00,WP122026,11,2026-08-06 12:00:00,6 days 18:00:00,162,28.38,129.38,965.6,89.8
2026-07-30 18:00:00,WP122026,11,2026-08-06 18:00:00,7 days 00:00:00,168,28.75,128.25,965.0,90.5
2026-07-30 18:00:00,WP122026,11,2026-08-07 00:00:00,7 days 06:00:00,174,29.0,127.13,966.7,88.5
2026-07-30 18:00:00,WP122026,11,2026-08-07 06:00:00,7 days 12:00:00,180,29.25,126.0,968.5,86.4
2026-07-30 18:00:00,WP122026,11,2026-08-07 12:00:00,7 days 18:00:00,186,29.63,125.13,968.2,86.8
2026-07-30 18:00:00,WP122026,11,2026-08-07 18:00:00,8 days 00:00:00,192,30.0,124.25,967.9,87.1
2026-07-30 18:00:00,WP122026,11,2026-08-08 00:00:00,8 days 06:00:00,198,30.38,124.0,968.0,87.0
2026-07-30 18:00:00,WP122026,11,2026-08-08 06:00:00,8 days 12:00:00,204,30.75,123.75,968.1,86.9
2026-07-30 18:00:00,WP122026,11,2026-08-08 12:00:00,8 days 18:00:00,210,31.25,123.25,970.5,84.0
2026-07-30 18:00:00,WP122026,11,2026-08-08 18:00:00,9 days 00:00:00,216,31.75,122.75,972.9,81.1
2026-07-30 18:00:00,WP122026,11,2026-08-09 00:00:00,9 days 06:00:00,222,32.38,121.63,974.2,79.5
2026-07-30 18:00:00,WP122026,11,2026-08-09 06:00:00,9 days 12:00:00,228,33.0,120.5,975.6,77.8
2026-07-30 18:00:00,WP122026,11,2026-08-09 12:00:00,9 days 18:00:00,234,33.25,119.88,978.7,73.9
2026-07-30 18:00:00,WP122026,11,2026-08-09 18:00:00,10 days 00:00:00,240,33.5,119.25,981.8,69.9
2026-07-30 18:00:00,WP122026,11,2026-08-10 00:00:00,10 days 06:00:00,246,34.13,118.51,984.1,66.8
2026-07-30 18:00:00,WP122026,11,2026-08-10 06:00:00,10 days 12:00:00,252,34.75,117.75,986.5,63.6
2026-07-30 18:00:00,WP122026,11,2026-08-10 12:00:00,10 days 18:00:00,258,35.0,117.0,988.3,61.2
2026-07-30 18:00:00,WP122026,11,2026-08-10 18:00:00,11 days 00:00:00,264,35.25,116.25,990.0,58.7
2026-07-30 18:00:00,WP122026,11,2026-08-11 00:00:00,11 days 06:00:00,270,36.5,116.5,990.8,57.6
2026-07-30 18:00:00,WP122026,11,2026-08-11 06:00:00,11 days 12:00:00,276,37.75,116.75,991.6,56.4
2026-07-30 18:00:00,WP122026,11,2026-08-11 12:00:00,11 days 18:00:00,282,38.13,117.12,992.5,55.1
2026-07-30 18:00:00,WP122026,11,2026-08-11 18:00:00,12 days 00:00:00,288,38.5,117.49,993.5,53.7
2026-07-30 18:00:00,WP122026,11,2026-08-12 00:00:00,12 days 06:00:00,294,38.88,117.87,994.4,52.3
2026-07-30 18:00:00,WP122026,11,2026-08-12 06:00:00,12 days 12:00:00,300,39.25,118.25,995.3,50.9
2026-07-30 18:00:00,WP122026,11,2026-08-12 12:00:00,12 days 18:00:00,306,41.02,120.08,993.7,53.4
2026-07-30 18:00:00,WP122026,11,2026-08-12 18:00:00,13 days 00:00:00,312,42.75,122.0,992.0,55.9
2026-07-30 18:00:00,WP122026,11,2026-08-13 00:00:00,13 days 06:00:00,318,43.77,124.09,990.3,58.3
2026-07-30 18:00:00,WP122026,11,2026-08-13 06:00:00,13 days 12:00:00,324,44.75,126.25,988.6,60.7
2026-07-30 18:00:00,WP122026,11,2026-08-13 12:00:00,13 days 18:00:00,330,45.89,128.21,988.6,60.7
2026-07-30 18:00:00,WP122026,11,2026-08-13 18:00:00,14 days 00:00:00,336,47.0,130.25,988.5,60.8
2026-07-30 18:00:00,WP122026,11,2026-08-14 00:00:00,14 days 06:00:00,342,47.13,130.75,989.3,59.8
2026-07-30 18:00:00,WP122026,11,2026-08-14 06:00:00,14 days 12:00:00,348,47.25,131.25,990.0,58.8
2026-07-30 18:00:00,WP122026,11,2026-08-14 12:00:00,14 days 18:00:00,354,48.13,131.0,991.7,56.2
2026-07-30 18:00:00,WP122026,11,2026-08-14 18:00:00,15 days 00:00:00,360,49.0,130.75,993.5,53.6
2026-07-30 18:00:00,EP072026,12,2026-07-30 18:00:00,0 days 00:00:00,0,20.5,-124.25,987.6,62.1
2026-07-30 18:00:00,EP072026,12,2026-07-31 00:00:00,0 days 06:00:00,6,20.88,-125.5,989.1,60.0
2026-07-30 18:00:00,EP072026,12,2026-07-31 06:00:00,0 days 12:00:00,12,21.25,-126.75,990.6,57.9
2026-07-30 18:00:00,EP072026,12,2026-07-31 12:00:00,0 days 18:00:00,18,21.63,-128.25,992.2,55.6
2026-07-30 18:00:00,EP072026,12,2026-07-31 18:00:00,1 days 00:00:00,24,22.0,-129.75,993.8,53.2
2026-07-30 18:00:00,EP072026,12,2026-08-01 00:00:00,1 days 06:00:00,30,22.26,-131.12,997.0,48.2
2026-07-30 18:00:00,EP072026,12,2026-08-01 06:00:00,1 days 12:00:00,36,22.5,-132.5,1000.2,43.3
2026-07-30 18:00:00,EP072026,12,2026-08-01 12:00:00,1 days 18:00:00,42,23.01,-133.99,1001.5,41.2
2026-07-30 18:00:00,EP072026,12,2026-08-01 18:00:00,2 days 00:00:00,48,23.5,-135.5,1002.7,39.1
2026-07-30 18:00:00,EP072026,12,2026-08-02 00:00:00,2 days 06:00:00,54,23.76,-137.12,1004.3,36.3
2026-07-30 18:00:00,EP072026,12,2026-08-02 06:00:00,2 days 12:00:00,60,24.0,-138.75,1005.9,33.6
2026-07-30 18:00:00,EP072026,12,2026-08-02 12:00:00,2 days 18:00:00,66,24.38,-140.37,1006.5,32.3
2026-07-30 18:00:00,EP072026,12,2026-08-02 18:00:00,3 days 00:00:00,72,24.75,-142.0,1007.2,31.0
2026-07-30 18:00:00,EP072026,12,2026-08-03 00:00:00,3 days 06:00:00,78,25.25,-143.0,1007.8,30.0
2026-07-30 18:00:00,EP072026,12,2026-08-03 06:00:00,3 days 12:00:00,84,25.75,-144.0,1008.3,29.0
2026-07-30 18:00:00,WP122026,12,2026-07-30 18:00:00,0 days 00:00:00,0,17.75,162.75,951.7,105.4
2026-07-30 18:00:00,WP122026,12,2026-07-31 00:00:00,0 days 06:00:00,6,18.25,161.88,952.6,104.4
2026-07-30 18:00:00,WP122026,12,2026-07-31 06:00:00,0 days 12:00:00,12,18.75,161.0,953.5,103.4
2026-07-30 18:00:00,WP122026,12,2026-07-31 12:00:00,0 days 18:00:00,18,19.25,160.13,954.7,102.2
2026-07-30 18:00:00,WP122026,12,2026-07-31 18:00:00,1 days 00:00:00,24,19.75,159.25,955.8,101.0
2026-07-30 18:00:00,WP122026,12,2026-08-01 00:00:00,1 days 06:00:00,30,20.5,158.25,955.3,101.4
2026-07-30 18:00:00,WP122026,12,2026-08-01 06:00:00,1 days 12:00:00,36,21.25,157.25,954.9,101.9
2026-07-30 18:00:00,WP122026,12,2026-08-01 12:00:00,1 days 18:00:00,42,22.0,156.26,955.1,101.7
2026-07-30 18:00:00,WP122026,12,2026-08-01 18:00:00,2 days 00:00:00,48,22.75,155.25,955.3,101.5
2026-07-30 18:00:00,WP122026,12,2026-08-02 00:00:00,2 days 06:00:00,54,23.38,154.01,954.1,102.8
2026-07-30 18:00:00,WP122026,12,2026-08-02 06:00:00,2 days 12:00:00,60,24.0,152.75,952.9,104.1
2026-07-30 18:00:00,WP122026,12,2026-08-02 12:00:00,2 days 18:00:00,66,24.51,151.38,952.5,104.5
2026-07-30 18:00:00,WP122026,12,2026-08-02 18:00:00,3 days 00:00:00,72,25.0,150.0,952.1,105.0
2026-07-30 18:00:00,WP122026,12,2026-08-03 00:00:00,3 days 06:00:00,78,25.13,149.0,952.4,104.6
2026-07-30 18:00:00,WP122026,12,2026-08-03 06:00:00,3 days 12:00:00,84,25.25,148.0,952.7,104.3
2026-07-30 18:00:00,WP122026,12,2026-08-03 12:00:00,3 days 18:00:00,90,25.25,146.88,952.5,104.5
2026-07-30 18:00:00,WP122026,12,2026-08-03 18:00:00,4 days 00:00:00,96,25.25,145.75,952.4,104.6
2026-07-30 18:00:00,WP122026,12,2026-08-04 00:00:00,4 days 06:00:00,102,25.13,144.62,948.9,108.3
2026-07-30 18:00:00,WP122026,12,2026-08-04 06:00:00,4 days 12:00:00,108,25.0,143.5,945.5,112.0
2026-07-30 18:00:00,WP122026,12,2026-08-04 12:00:00,4 days 18:00:00,114,25.0,142.5,943.1,114.5
2026-07-30 18:00:00,WP122026,12,2026-08-04 18:00:00,5 days 00:00:00,120,25.0,141.5,940.6,117.1
2026-07-30 18:00:00,WP122026,12,2026-08-05 00:00:00,5 days 06:00:00,126,25.38,140.13,943.2,114.4
2026-07-30 18:00:00,WP122026,12,2026-08-05 06:00:00,5 days 12:00:00,132,25.75,138.75,945.7,111.8
2026-07-30 18:00:00,WP122026,12,2026-08-05 12:00:00,5 days 18:00:00,138,25.88,137.38,946.9,110.5
2026-07-30 18:00:00,WP122026,12,2026-08-05 18:00:00,6 days 00:00:00,144,26.0,136.0,948.0,109.3
2026-07-30 18:00:00,WP122026,12,2026-08-06 00:00:00,6 days 06:00:00,150,26.13,134.63,948.3,109.1
2026-07-30 18:00:00,WP122026,12,2026-08-06 06:00:00,6 days 12:00:00,156,26.25,133.25,948.5,108.8
2026-07-30 18:00:00,WP122026,12,2026-08-06 12:00:00,6 days 18:00:00,162,26.51,131.88,948.5,108.9
2026-07-30 18:00:00,WP122026,12,2026-08-06 18:00:00,7 days 00:00:00,168,26.75,130.5,948.4,108.9
2026-07-30 18:00:00,WP122026,12,2026-08-07 00:00:00,7 days 06:00:00,174,26.88,129.5,946.2,111.3
2026-07-30 18:00:00,WP122026,12,2026-08-07 06:00:00,7 days 12:00:00,180,27.0,128.5,943.9,113.6
2026-07-30 18:00:00,WP122026,12,2026-08-07 12:00:00,7 days 18:00:00,186,27.25,127.38,945.0,112.5
2026-07-30 18:00:00,WP122026,12,2026-08-07 18:00:00,8 days 00:00:00,192,27.5,126.25,946.1,111.4
2026-07-30 18:00:00,WP122026,12,2026-08-08 00:00:00,8 days 06:00:00,198,27.75,125.63,945.0,112.5
2026-07-30 18:00:00,WP122026,12,2026-08-08 06:00:00,8 days 12:00:00,204,28.0,125.0,943.9,113.6
2026-07-30 18:00:00,WP122026,12,2026-08-08 12:00:00,8 days 18:00:00,210,28.25,124.25,941.7,115.9
2026-07-30 18:00:00,WP122026,12,2026-08-08 18:00:00,9 days 00:00:00,216,28.5,123.5,939.5,118.2
2026-07-30 18:00:00,WP122026,12,2026-08-09 00:00:00,9 days 06:00:00,222,28.75,122.5,949.0,108.0
2026-07-30 18:00:00,WP122026,12,2026-08-09 06:00:00,9 days 12:00:00,228,29.0,121.5,958.6,97.8
2026-07-30 18:00:00,WP122026,12,2026-08-09 12:00:00,9 days 18:00:00,234,29.5,120.88,968.8,85.6
2026-07-30 18:00:00,WP122026,12,2026-08-09 18:00:00,10 days 00:00:00,240,30.0,120.25,979.1,73.4
2026-07-30 18:00:00,WP122026,12,2026-08-10 00:00:00,10 days 06:00:00,246,30.75,119.75,982.2,69.3
2026-07-30 18:00:00,WP122026,12,2026-08-10 06:00:00,10 days 12:00:00,252,31.5,119.25,985.3,65.2
2026-07-30 18:00:00,WP122026,12,2026-08-10 12:00:00,10 days 18:00:00,258,33.0,119.74,985.5,65.0
2026-07-30 18:00:00,WP122026,12,2026-08-10 18:00:00,11 days 00:00:00,264,34.5,120.25,985.6,64.8
2026-07-30 18:00:00,WP122026,12,2026-08-11 00:00:00,11 days 06:00:00,270,35.38,120.87,983.9,67.1
2026-07-30 18:00:00,WP122026,12,2026-08-11 06:00:00,11 days 12:00:00,276,36.25,121.5,982.2,69.4
2026-07-30 18:00:00,WP122026,12,2026-08-11 12:00:00,11 days 18:00:00,282,37.5,121.99,981.7,70.0
2026-07-30 18:00:00,WP122026,12,2026-08-11 18:00:00,12 days 00:00:00,288,38.75,122.5,981.3,70.6
2026-07-30 18:00:00,WP122026,12,2026-08-12 00:00:00,12 days 06:00:00,294,39.0,122.75,983.0,68.3
2026-07-30 18:00:00,WP122026,12,2026-08-12 06:00:00,12 days 12:00:00,300,39.25,123.0,984.7,66.1
2026-07-30 18:00:00,EP072026,13,2026-07-30 18:00:00,0 days 00:00:00,0,20.5,-124.25,987.6,62.1
2026-07-30 18:00:00,EP072026,13,2026-07-31 00:00:00,0 days 06:00:00,6,20.88,-125.5,989.7,59.1
2026-07-30 18:00:00,EP072026,13,2026-07-31 06:00:00,0 days 12:00:00,12,21.25,-126.75,991.8,56.1
2026-07-30 18:00:00,EP072026,13,2026-07-31 12:00:00,0 days 18:00:00,18,21.5,-128.0,993.7,53.3
2026-07-30 18:00:00,EP072026,13,2026-07-31 18:00:00,1 days 00:00:00,24,21.75,-129.25,995.6,50.5
2026-07-30 18:00:00,EP072026,13,2026-08-01 00:00:00,1 days 06:00:00,30,22.13,-130.62,997.2,48.0
2026-07-30 18:00:00,EP072026,13,2026-08-01 06:00:00,1 days 12:00:00,36,22.5,-132.0,998.8,45.5
2026-07-30 18:00:00,EP072026,13,2026-08-01 12:00:00,1 days 18:00:00,42,22.88,-133.5,1001.8,40.5
2026-07-30 18:00:00,EP072026,13,2026-08-01 18:00:00,2 days 00:00:00,48,23.25,-135.0,1004.8,35.5
2026-07-30 18:00:00,EP072026,13,2026-08-02 00:00:00,2 days 06:00:00,54,23.51,-136.5,1005.8,33.6
2026-07-30 18:00:00,EP072026,13,2026-08-02 06:00:00,2 days 12:00:00,60,23.75,-138.0,1006.9,31.6
2026-07-30 18:00:00,EP072026,13,2026-08-02 12:00:00,2 days 18:00:00,66,24.26,-139.37,1008.0,29.4
2026-07-30 18:00:00,EP072026,13,2026-08-02 18:00:00,3 days 00:00:00,72,24.75,-140.75,1009.1,27.3
2026-07-30 18:00:00,EP072026,13,2026-08-03 00:00:00,3 days 06:00:00,78,25.13,-142.12,1007.4,30.5
2026-07-30 18:00:00,EP072026,13,2026-08-03 06:00:00,3 days 12:00:00,84,25.5,-143.5,1005.7,33.8
2026-07-30 18:00:00,EP072026,13,2026-08-03 12:00:00,3 days 18:00:00,90,26.13,-144.0,1007.1,31.3
2026-07-30 18:00:00,EP072026,13,2026-08-03 18:00:00,4 days 00:00:00,96,26.75,-144.5,1008.4,28.7
2026-07-30 18:00:00,WP122026,13,2026-07-30 18:00:00,0 days 00:00:00,0,17.75,162.75,951.7,105.4
2026-07-30 18:00:00,WP122026,13,2026-07-31 00:00:00,0 days 06:00:00,6,18.25,161.88,953.9,103.0
2026-07-30 18:00:00,WP122026,13,2026-07-31 06:00:00,0 days 12:00:00,12,18.75,161.0,956.0,100.7
2026-07-30 18:00:00,WP122026,13,2026-07-31 12:00:00,0 days 18:00:00,18,19.38,160.25,955.9,100.8
2026-07-30 18:00:00,WP122026,13,2026-07-31 18:00:00,1 days 00:00:00,24,20.0,159.5,955.8,100.9
2026-07-30 18:00:00,WP122026,13,2026-08-01 00:00:00,1 days 06:00:00,30,20.63,158.5,955.5,101.3
2026-07-30 18:00:00,WP122026,13,2026-08-01 06:00:00,1 days 12:00:00,36,21.25,157.5,955.1,101.7
2026-07-30 18:00:00,WP122026,13,2026-08-01 12:00:00,1 days 18:00:00,42,22.0,156.38,955.3,101.5
2026-07-30 18:00:00,WP122026,13,2026-08-01 18:00:00,2 days 00:00:00,48,22.75,155.25,955.4,101.3
2026-07-30 18:00:00,WP122026,13,2026-08-02 00:00:00,2 days 06:00:00,54,23.5,154.13,954.6,102.2
2026-07-30 18:00:00,WP122026,13,2026-08-02 06:00:00,2 days 12:00:00,60,24.25,153.0,953.7,103.2
2026-07-30 18:00:00,WP122026,13,2026-08-02 12:00:00,2 days 18:00:00,66,24.63,151.63,955.4,101.4
2026-07-30 18:00:00,WP122026,13,2026-08-02 18:00:00,3 days 00:00:00,72,25.0,150.25,957.0,99.6
2026-07-30 18:00:00,WP122026,13,2026-08-03 00:00:00,3 days 06:00:00,78,25.51,149.01,955.0,101.8
2026-07-30 18:00:00,WP122026,13,2026-08-03 06:00:00,3 days 12:00:00,84,26.0,147.75,953.0,104.0
2026-07-30 18:00:00,WP122026,13,2026-08-03 12:00:00,3 days 18:00:00,90,26.26,146.5,951.0,106.1
2026-07-30 18:00:00,WP122026,13,2026-08-03 18:00:00,4 days 00:00:00,96,26.5,145.25,949.1,108.2
2026-07-30 18:00:00,WP122026,13,2026-08-04 00:00:00,4 days 06:00:00,102,27.01,144.01,951.9,105.2
2026-07-30 18:00:00,WP122026,13,2026-08-04 06:00:00,4 days 12:00:00,108,27.5,142.75,954.7,102.1
2026-07-30 18:00:00,WP122026,13,2026-08-04 12:00:00,4 days 18:00:00,114,27.63,141.13,956.4,100.2
2026-07-30 18:00:00,WP122026,13,2026-08-04 18:00:00,5 days 00:00:00,120,27.75,139.5,958.2,98.2
2026-07-30 18:00:00,WP122026,13,2026-08-05 00:00:00,5 days 06:00:00,126,28.01,137.63,959.6,96.7
2026-07-30 18:00:00,WP122026,13,2026-08-05 06:00:00,5 days 12:00:00,132,28.25,135.75,961.0,95.1
2026-07-30 18:00:00,WP122026,13,2026-08-05 12:00:00,5 days 18:00:00,138,28.26,134.25,961.7,94.3
2026-07-30 18:00:00,WP122026,13,2026-08-05 18:00:00,6 days 00:00:00,144,28.25,132.75,962.5,93.4
2026-07-30 18:00:00,WP122026,13,2026-08-06 00:00:00,6 days 06:00:00,150,28.38,131.25,961.7,94.3
2026-07-30 18:00:00,WP122026,13,2026-08-06 06:00:00,6 days 12:00:00,156,28.5,129.75,961.0,95.1
2026-07-30 18:00:00,WP122026,13,2026-08-06 12:00:00,6 days 18:00:00,162,29.01,128.38,957.4,99.1
2026-07-30 18:00:00,WP122026,13,2026-08-06 18:00:00,7 days 00:00:00,168,29.5,127.0,953.9,103.0
2026-07-30 18:00:00,WP122026,13,2026-08-07 00:00:00,7 days 06:00:00,174,29.88,125.88,954.0,102.8
2026-07-30 18:00:00,WP122026,13,2026-08-07 06:00:00,7 days 12:00:00,180,30.25,124.75,954.2,102.6
2026-07-30 18:00:00,WP122026,13,2026-08-07 12:00:00,7 days 18:00:00,186,30.75,123.63,955.1,101.7
2026-07-30 18:00:00,WP122026,13,2026-08-07 18:00:00,8 days 00:00:00,192,31.25,122.5,956.0,100.7
2026-07-30 18:00:00,WP122026,13,2026-08-08 00:00:00,8 days 06:00:00,198,32.13,121.63,960.5,95.5
2026-07-30 18:00:00,WP122026,13,2026-08-08 06:00:00,8 days 12:00:00,204,33.0,120.75,965.1,90.4
2026-07-30 18:00:00,WP122026,13,2026-08-08 12:00:00,8 days 18:00:00,210,33.5,120.0,969.4,85.3
2026-07-30 18:00:00,WP122026,13,2026-08-08 18:00:00,9 days 00:00:00,216,34.0,119.25,973.7,80.1
2026-07-30 18:00:00,WP122026,13,2026-08-09 00:00:00,9 days 06:00:00,222,34.63,118.88,977.8,75.0
2026-07-30 18:00:00,WP122026,13,2026-08-09 06:00:00,9 days 12:00:00,228,35.25,118.5,981.8,69.8
2026-07-30 18:00:00,WP122026,13,2026-08-09 12:00:00,9 days 18:00:00,234,35.75,118.75,983.0,68.3
2026-07-30 18:00:00,WP122026,13,2026-08-09 18:00:00,10 days 00:00:00,240,36.25,119.0,984.1,66.8
2026-07-30 18:00:00,WP122026,13,2026-08-10 00:00:00,10 days 06:00:00,246,36.12,119.0,985.0,65.7
2026-07-30 18:00:00,WP122026,13,2026-08-10 06:00:00,10 days 12:00:00,252,36.0,119.0,985.8,64.5
2026-07-30 18:00:00,WP122026,13,2026-08-10 12:00:00,10 days 18:00:00,258,35.63,118.75,987.9,61.6
2026-07-30 18:00:00,WP122026,13,2026-08-10 18:00:00,11 days 00:00:00,264,35.25,118.5,990.0,58.7
2026-07-30 18:00:00,WP122026,13,2026-08-11 00:00:00,11 days 06:00:00,270,35.13,118.88,991.8,56.1
2026-07-30 18:00:00,WP122026,13,2026-08-11 06:00:00,11 days 12:00:00,276,35.0,119.25,993.6,53.5
2026-07-30 18:00:00,WP122026,13,2026-08-11 12:00:00,11 days 18:00:00,282,35.13,119.62,993.7,53.4
2026-07-30 18:00:00,WP122026,13,2026-08-11 18:00:00,12 days 00:00:00,288,35.25,120.0,993.8,53.2
2026-07-30 18:00:00,EP072026,14,2026-07-30 18:00:00,0 days 00:00:00,0,20.5,-124.25,987.6,62.1
2026-07-30 18:00:00,EP072026,14,2026-07-31 00:00:00,0 days 06:00:00,6,20.88,-125.62,989.1,60.0
2026-07-30 18:00:00,EP072026,14,2026-07-31 06:00:00,0 days 12:00:00,12,21.25,-127.0,990.6,57.9
2026-07-30 18:00:00,EP072026,14,2026-07-31 12:00:00,0 days 18:00:00,18,21.63,-128.25,994.8,51.6
2026-07-30 18:00:00,EP072026,14,2026-07-31 18:00:00,1 days 00:00:00,24,22.0,-129.5,999.0,45.2
2026-07-30 18:00:00,EP072026,14,2026-08-01 00:00:00,1 days 06:00:00,30,22.51,-130.99,999.6,44.3
2026-07-30 18:00:00,EP072026,14,2026-08-01 06:00:00,1 days 12:00:00,36,23.0,-132.5,1000.1,43.5
2026-07-30 18:00:00,EP072026,14,2026-08-01 12:00:00,1 days 18:00:00,42,23.38,-134.12,1002.2,39.9
2026-07-30 18:00:00,EP072026,14,2026-08-01 18:00:00,2 days 00:00:00,48,23.75,-135.75,1004.3,36.3
2026-07-30 18:00:00,EP072026,14,2026-08-02 00:00:00,2 days 06:00:00,54,24.13,-137.25,1006.2,32.8
2026-07-30 18:00:00,EP072026,14,2026-08-02 06:00:00,2 days 12:00:00,60,24.5,-138.75,1008.1,29.3
2026-07-30 18:00:00,EP072026,14,2026-08-02 12:00:00,2 days 18:00:00,66,24.96,-140.17,1007.7,30.1
2026-07-30 18:00:00,EP072026,14,2026-08-02 18:00:00,3 days 00:00:00,72,25.4,-141.6,1007.2,31.0
2026-07-30 18:00:00,EP072026,14,2026-08-03 00:00:00,3 days 06:00:00,78,25.83,-143.05,1006.8,31.8
2026-07-30 18:00:00,EP072026,14,2026-08-03 06:00:00,3 days 12:00:00,84,26.25,-144.5,1006.3,32.7
2026-07-30 18:00:00,EP072026,14,2026-08-03 12:00:00,3 days 18:00:00,90,26.88,-145.49,1006.9,31.6
2026-07-30 18:00:00,EP072026,14,2026-08-03 18:00:00,4 days 00:00:00,96,27.5,-146.5,1007.4,30.6
2026-07-30 18:00:00,WP122026,14,2026-07-30 18:00:00,0 days 00:00:00,0,17.75,162.75,951.7,105.4
2026-07-30 18:00:00,WP122026,14,2026-07-31 00:00:00,0 days 06:00:00,6,18.13,161.88,951.6,105.5
2026-07-30 18:00:00,WP122026,14,2026-07-31 06:00:00,0 days 12:00:00,12,18.5,161.0,951.5,105.6
2026-07-30 18:00:00,WP122026,14,2026-07-31 12:00:00,0 days 18:00:00,18,19.13,160.13,954.8,101.9
2026-07-30 18:00:00,WP122026,14,2026-07-31 18:00:00,1 days 00:00:00,24,19.75,159.25,958.2,98.3
2026-07-30 18:00:00,WP122026,14,2026-08-01 00:00:00,1 days 06:00:00,30,20.5,158.13,956.3,100.3
2026-07-30 18:00:00,WP122026,14,2026-08-01 06:00:00,1 days 12:00:00,36,21.25,157.0,954.5,102.3
2026-07-30 18:00:00,WP122026,14,2026-08-01 12:00:00,1 days 18:00:00,42,21.63,156.13,954.5,102.4
2026-07-30 18:00:00,WP122026,14,2026-08-01 18:00:00,2 days 00:00:00,48,22.0,155.25,954.5,102.4
2026-07-30 18:00:00,WP122026,14,2026-08-02 00:00:00,2 days 06:00:00,54,22.76,153.88,953.6,103.3
2026-07-30 18:00:00,WP122026,14,2026-08-02 06:00:00,2 days 12:00:00,60,23.5,152.5,952.8,104.2
2026-07-30 18:00:00,WP122026,14,2026-08-02 12:00:00,2 days 18:00:00,66,23.63,151.0,950.4,106.7
2026-07-30 18:00:00,WP122026,14,2026-08-02 18:00:00,3 days 00:00:00,72,23.75,149.5,948.0,109.3
2026-07-30 18:00:00,WP122026,14,2026-08-03 00:00:00,3 days 06:00:00,78,24.01,148.25,947.8,109.6
2026-07-30 18:00:00,WP122026,14,2026-08-03 06:00:00,3 days 12:00:00,84,24.25,147.0,947.5,109.9
2026-07-30 18:00:00,WP122026,14,2026-08-03 12:00:00,3 days 18:00:00,90,24.0,146.0,947.7,109.7
2026-07-30 18:00:00,WP122026,14,2026-08-03 18:00:00,4 days 00:00:00,96,23.75,145.0,947.9,109.5
2026-07-30 18:00:00,WP122026,14,2026-08-04 00:00:00,4 days 06:00:00,102,23.63,144.0,947.9,109.4
2026-07-30 18:00:00,WP122026,14,2026-08-04 06:00:00,4 days 12:00:00,108,23.5,143.0,948.0,109.4
2026-07-30 18:00:00,WP122026,14,2026-08-04 12:00:00,4 days 18:00:00,114,23.5,141.88,945.4,112.0
2026-07-30 18:00:00,WP122026,14,2026-08-04 18:00:00,5 days 00:00:00,120,23.5,140.75,942.9,114.7
2026-07-30 18:00:00,WP122026,14,2026-08-05 00:00:00,5 days 06:00:00,126,23.38,139.87,943.5,114.0
2026-07-30 18:00:00,WP122026,14,2026-08-05 06:00:00,5 days 12:00:00,132,23.25,139.0,944.2,113.4
2026-07-30 18:00:00,WP122026,14,2026-08-05 12:00:00,5 days 18:00:00,138,23.63,138.25,947.7,109.6
2026-07-30 18:00:00,WP122026,14,2026-08-05 18:00:00,6 days 00:00:00,144,24.0,137.5,951.3,105.8
2026-07-30 18:00:00,WP122026,14,2026-08-06 00:00:00,6 days 06:00:00,150,24.13,136.88,951.4,105.7
2026-07-30 18:00:00,WP122026,14,2026-08-06 06:00:00,6 days 12:00:00,156,24.25,136.25,951.4,105.7
2026-07-30 18:00:00,WP122026,14,2026-08-06 12:00:00,6 days 18:00:00,162,24.38,135.25,954.6,102.2
2026-07-30 18:00:00,WP122026,14,2026-08-06 18:00:00,7 days 00:00:00,168,24.5,134.25,957.7,98.8
2026-07-30 18:00:00,WP122026,14,2026-08-07 00:00:00,7 days 06:00:00,174,24.75,133.5,958.9,97.4
2026-07-30 18:00:00,WP122026,14,2026-08-07 06:00:00,7 days 12:00:00,180,25.0,132.75,960.1,96.1
2026-07-30 18:00:00,WP122026,14,2026-08-07 12:00:00,7 days 18:00:00,186,25.13,131.75,960.0,96.2
2026-07-30 18:00:00,WP122026,14,2026-08-07 18:00:00,8 days 00:00:00,192,25.25,130.75,960.0,96.3
2026-07-30 18:00:00,WP122026,14,2026-08-08 00:00:00,8 days 06:00:00,198,25.38,130.0,959.9,96.3
2026-07-30 18:00:00,WP122026,14,2026-08-08 06:00:00,8 days 12:00:00,204,25.5,129.25,959.9,96.3
2026-07-30 18:00:00,WP122026,14,2026-08-08 12:00:00,8 days 18:00:00,210,25.38,128.62,962.7,93.1
2026-07-30 18:00:00,WP122026,14,2026-08-08 18:00:00,9 days 00:00:00,216,25.25,128.0,965.5,89.9
2026-07-30 18:00:00,WP122026,14,2026-08-09 00:00:00,9 days 06:00:00,222,25.63,127.25,966.0,89.3
2026-07-30 18:00:00,WP122026,14,2026-08-09 06:00:00,9 days 12:00:00,228,26.0,126.5,966.6,88.7
2026-07-30 18:00:00,WP122026,14,2026-08-09 12:00:00,9 days 18:00:00,234,26.63,125.63,967.7,87.4
2026-07-30 18:00:00,WP122026,14,2026-08-09 18:00:00,10 days 00:00:00,240,27.25,124.75,968.8,86.0
2026-07-30 18:00:00,WP122026,14,2026-08-10 00:00:00,10 days 06:00:00,246,27.5,124.38,969.5,85.2
2026-07-30 18:00:00,WP122026,14,2026-08-10 06:00:00,10 days 12:00:00,252,27.75,124.0,970.1,84.4
2026-07-30 18:00:00,WP122026,14,2026-08-10 12:00:00,10 days 18:00:00,258,28.63,123.26,970.3,84.2
2026-07-30 18:00:00,WP122026,14,2026-08-10 18:00:00,11 days 00:00:00,264,29.5,122.5,970.5,84.0
2026-07-30 18:00:00,WP122026,14,2026-08-11 00:00:00,11 days 06:00:00,270,30.13,122.62,970.8,83.6
2026-07-30 18:00:00,WP122026,14,2026-08-11 06:00:00,11 days 12:00:00,276,30.75,122.75,971.2,83.2
2026-07-30 18:00:00,WP122026,14,2026-08-11 12:00:00,11 days 18:00:00,282,31.12,122.75,972.4,81.7
2026-07-30 18:00:00,WP122026,14,2026-08-11 18:00:00,12 days 00:00:00,288,31.5,122.75,973.6,80.3
2026-07-30 18:00:00,WP122026,14,2026-08-12 00:00:00,12 days 06:00:00,294,32.13,123.0,973.6,80.2
2026-07-30 18:00:00,WP122026,14,2026-08-12 06:00:00,12 days 12:00:00,300,32.75,123.25,973.6,80.2
2026-07-30 18:00:00,WP122026,14,2026-08-12 12:00:00,12 days 18:00:00,306,33.13,123.62,974.1,79.7
2026-07-30 18:00:00,WP122026,14,2026-08-12 18:00:00,13 days 00:00:00,312,33.5,124.0,974.5,79.1
2026-07-30 18:00:00,WP122026,14,2026-08-13 00:00:00,13 days 06:00:00,318,34.88,124.61,974.1,79.7
2026-07-30 18:00:00,WP122026,14,2026-08-13 06:00:00,13 days 12:00:00,324,36.25,125.25,973.6,80.2
2026-07-30 18:00:00,WP122026,14,2026-08-13 12:00:00,13 days 18:00:00,330,36.88,124.75,973.0,81.0
2026-07-30 18:00:00,WP122026,14,2026-08-13 18:00:00,14 days 00:00:00,336,37.5,124.25,972.3,81.8
2026-07-30 18:00:00,WP122026,14,2026-08-14 00:00:00,14 days 06:00:00,342,37.63,124.37,976.0,77.2
2026-07-30 18:00:00,WP122026,14,2026-08-14 06:00:00,14 days 12:00:00,348,37.75,124.5,979.7,72.6
2026-07-30 18:00:00,WP122026,14,2026-08-14 12:00:00,14 days 18:00:00,354,38.13,125.12,982.0,69.6
2026-07-30 18:00:00,WP122026,14,2026-08-14 18:00:00,15 days 00:00:00,360,38.5,125.75,984.3,66.6
2026-07-30 18:00:00,EP072026,15,2026-07-30 18:00:00,0 days 00:00:00,0,20.5,-124.25,987.6,62.1
2026-07-30 18:00:00,EP072026,15,2026-07-31 00:00:00,0 days 06:00:00,6,21.0,-125.5,987.5,62.3
2026-07-30 18:00:00,EP072026,15,2026-07-31 06:00:00,0 days 12:00:00,12,21.5,-126.75,987.3,62.5
2026-07-30 18:00:00,EP072026,15,2026-07-31 12:00:00,0 days 18:00:00,18,21.76,-128.25,988.8,60.4
2026-07-30 18:00:00,EP072026,15,2026-07-31 18:00:00,1 days 00:00:00,24,22.0,-129.75,990.3,58.3
2026-07-30 18:00:00,EP072026,15,2026-08-01 00:00:00,1 days 06:00:00,30,22.25,-131.0,991.7,56.3
2026-07-30 18:00:00,EP072026,15,2026-08-01 06:00:00,1 days 12:00:00,36,22.5,-132.25,993.1,54.3
2026-07-30 18:00:00,EP072026,15,2026-08-01 12:00:00,1 days 18:00:00,42,22.88,-133.75,997.5,47.4
2026-07-30 18:00:00,EP072026,15,2026-08-01 18:00:00,2 days 00:00:00,48,23.25,-135.25,1001.9,40.5
2026-07-30 18:00:00,EP072026,15,2026-08-02 00:00:00,2 days 06:00:00,54,23.51,-136.87,1003.6,37.5
2026-07-30 18:00:00,EP072026,15,2026-08-02 06:00:00,2 days 12:00:00,60,23.75,-138.5,1005.3,34.6
2026-07-30 18:00:00,EP072026,15,2026-08-02 12:00:00,2 days 18:00:00,66,24.13,-140.24,1007.0,31.3
2026-07-30 18:00:00,EP072026,15,2026-08-02 18:00:00,3 days 00:00:00,72,24.5,-142.0,1008.7,28.0
2026-07-30 18:00:00,WP122026,15,2026-07-30 18:00:00,0 days 00:00:00,0,17.75,162.75,951.7,105.4
2026-07-30 18:00:00,WP122026,15,2026-07-31 00:00:00,0 days 06:00:00,6,18.25,161.88,953.0,103.9
2026-07-30 18:00:00,WP122026,15,2026-07-31 06:00:00,0 days 12:00:00,12,18.75,161.0,954.4,102.5
2026-07-30 18:00:00,WP122026,15,2026-07-31 12:00:00,0 days 18:00:00,18,19.38,160.25,954.6,102.2
2026-07-30 18:00:00,WP122026,15,2026-07-31 18:00:00,1 days 00:00:00,24,20.0,159.5,954.9,101.9
2026-07-30 18:00:00,WP122026,15,2026-08-01 00:00:00,1 days 06:00:00,30,20.5,158.38,954.0,102.9
2026-07-30 18:00:00,WP122026,15,2026-08-01 06:00:00,1 days 12:00:00,36,21.0,157.25,953.0,104.0
2026-07-30 18:00:00,WP122026,15,2026-08-01 12:00:00,1 days 18:00:00,42,21.5,156.13,952.5,104.5
2026-07-30 18:00:00,WP122026,15,2026-08-01 18:00:00,2 days 00:00:00,48,22.0,155.0,951.9,105.1
2026-07-30 18:00:00,WP122026,15,2026-08-02 00:00:00,2 days 06:00:00,54,22.76,153.63,954.4,102.4
2026-07-30 18:00:00,WP122026,15,2026-08-02 06:00:00,2 days 12:00:00,60,23.5,152.25,956.9,99.7
2026-07-30 18:00:00,WP122026,15,2026-08-02 12:00:00,2 days 18:00:00,66,23.76,151.0,954.1,102.7
2026-07-30 18:00:00,WP122026,15,2026-08-02 18:00:00,3 days 00:00:00,72,24.0,149.75,951.4,105.7
2026-07-30 18:00:00,WP122026,15,2026-08-03 00:00:00,3 days 06:00:00,78,24.38,148.38,953.0,103.9
2026-07-30 18:00:00,WP122026,15,2026-08-03 06:00:00,3 days 12:00:00,84,24.75,147.0,954.7,102.1
2026-07-30 18:00:00,WP122026,15,2026-08-03 12:00:00,3 days 18:00:00,90,24.88,145.75,953.3,103.7
2026-07-30 18:00:00,WP122026,15,2026-08-03 18:00:00,4 days 00:00:00,96,25.0,144.5,951.8,105.2
2026-07-30 18:00:00,WP122026,15,2026-08-04 00:00:00,4 days 06:00:00,102,25.38,143.0,953.7,103.2
2026-07-30 18:00:00,WP122026,15,2026-08-04 06:00:00,4 days 12:00:00,108,25.75,141.5,955.6,101.1
2026-07-30 18:00:00,WP122026,15,2026-08-04 12:00:00,4 days 18:00:00,114,25.63,140.12,957.1,99.5
2026-07-30 18:00:00,WP122026,15,2026-08-04 18:00:00,5 days 00:00:00,120,25.5,138.75,958.6,97.8
2026-07-30 18:00:00,WP122026,15,2026-08-05 00:00:00,5 days 06:00:00,126,25.63,137.5,958.8,97.5
2026-07-30 18:00:00,WP122026,15,2026-08-05 06:00:00,5 days 12:00:00,132,25.75,136.25,959.1,97.2
2026-07-30 18:00:00,WP122026,15,2026-08-05 12:00:00,5 days 18:00:00,138,25.88,134.63,959.3,97.0
2026-07-30 18:00:00,WP122026,15,2026-08-05 18:00:00,6 days 00:00:00,144,26.0,133.0,959.5,96.7
2026-07-30 18:00:00,WP122026,15,2026-08-06 00:00:00,6 days 06:00:00,150,26.01,131.62,956.6,100.0
2026-07-30 18:00:00,WP122026,15,2026-08-06 06:00:00,6 days 12:00:00,156,26.0,130.25,953.7,103.2
2026-07-30 18:00:00,WP122026,15,2026-08-06 12:00:00,6 days 18:00:00,162,26.26,129.0,954.5,102.3
2026-07-30 18:00:00,WP122026,15,2026-08-06 18:00:00,7 days 00:00:00,168,26.5,127.75,955.3,101.5
2026-07-30 18:00:00,WP122026,15,2026-08-07 00:00:00,7 days 06:00:00,174,26.63,126.25,956.4,100.2
2026-07-30 18:00:00,WP122026,15,2026-08-07 06:00:00,7 days 12:00:00,180,26.75,124.75,957.5,99.0
2026-07-30 18:00:00,WP122026,15,2026-08-07 12:00:00,7 days 18:00:00,186,26.63,123.87,958.9,97.5
2026-07-30 18:00:00,WP122026,15,2026-08-07 18:00:00,8 days 00:00:00,192,26.5,123.0,960.3,95.9
2026-07-30 18:00:00,WP122026,15,2026-08-08 00:00:00,8 days 06:00:00,198,26.88,121.63,967.8,87.0
2026-07-30 18:00:00,WP122026,15,2026-08-08 06:00:00,8 days 12:00:00,204,27.25,120.25,975.3,78.1
2026-07-30 18:00:00,WP122026,15,2026-08-08 12:00:00,8 days 18:00:00,210,27.39,118.5,980.5,71.5
2026-07-30 18:00:00,WP122026,15,2026-08-08 18:00:00,9 days 00:00:00,216,27.5,116.75,985.6,64.8
2026-07-30 18:00:00,WP122026,15,2026-08-09 00:00:00,9 days 06:00:00,222,27.38,116.12,987.4,62.3
2026-07-30 18:00:00,WP122026,15,2026-08-09 06:00:00,9 days 12:00:00,228,27.25,115.5,989.2,59.8
2026-07-30 18:00:00,WP122026,15,2026-08-09 12:00:00,9 days 18:00:00,234,27.13,114.81,990.1,58.6
2026-07-30 18:00:00,WP122026,15,2026-08-09 18:00:00,10 days 00:00:00,240,27.01,114.12,990.9,57.4
2026-07-30 18:00:00,WP122026,15,2026-08-10 00:00:00,10 days 06:00:00,246,26.88,113.44,991.7,56.3
2026-07-30 18:00:00,WP122026,15,2026-08-10 06:00:00,10 days 12:00:00,252,26.75,112.75,992.6,55.1
2026-07-30 18:00:00,WP122026,15,2026-08-10 12:00:00,10 days 18:00:00,258,27.5,113.0,993.2,54.1
2026-07-30 18:00:00,WP122026,15,2026-08-10 18:00:00,11 days 00:00:00,264,28.25,113.25,993.9,53.1
2026-07-30 18:00:00,EP072026,16,2026-07-30 18:00:00,0 days 00:00:00,0,20.5,-124.25,987.6,62.1
2026-07-30 18:00:00,EP072026,16,2026-07-31 00:00:00,0 days 06:00:00,6,20.88,-125.62,988.4,60.9
2026-07-30 18:00:00,EP072026,16,2026-07-31 06:00:00,0 days 12:00:00,12,21.25,-127.0,989.2,59.8
2026-07-30 18:00:00,EP072026,16,2026-07-31 12:00:00,0 days 18:00:00,18,21.63,-128.25,993.2,54.0
2026-07-30 18:00:00,EP072026,16,2026-07-31 18:00:00,1 days 00:00:00,24,22.0,-129.5,997.1,48.3
2026-07-30 18:00:00,EP072026,16,2026-08-01 00:00:00,1 days 06:00:00,30,22.26,-131.0,997.9,46.9
2026-07-30 18:00:00,EP072026,16,2026-08-01 06:00:00,1 days 12:00:00,36,22.5,-132.5,998.8,45.5
2026-07-30 18:00:00,EP072026,16,2026-08-01 12:00:00,1 days 18:00:00,42,22.88,-133.87,1000.9,42.1
2026-07-30 18:00:00,EP072026,16,2026-08-01 18:00:00,2 days 00:00:00,48,23.25,-135.25,1003.0,38.6
2026-07-30 18:00:00,EP072026,16,2026-08-02 00:00:00,2 days 06:00:00,54,23.51,-136.75,1005.3,34.4
2026-07-30 18:00:00,EP072026,16,2026-08-02 06:00:00,2 days 12:00:00,60,23.75,-138.25,1007.7,30.2
2026-07-30 18:00:00,EP072026,16,2026-08-02 12:00:00,2 days 18:00:00,66,24.33,-139.61,1007.4,30.6
2026-07-30 18:00:00,EP072026,16,2026-08-02 18:00:00,3 days 00:00:00,72,24.9,-140.97,1007.2,31.0
2026-07-30 18:00:00,EP072026,16,2026-08-03 00:00:00,3 days 06:00:00,78,25.46,-142.36,1007.0,31.4
2026-07-30 18:00:00,EP072026,16,2026-08-03 06:00:00,3 days 12:00:00,84,26.0,-143.75,1006.8,31.8
2026-07-30 18:00:00,EP072026,16,2026-08-03 12:00:00,3 days 18:00:00,90,26.5,-144.62,1007.4,30.7
2026-07-30 18:00:00,EP072026,16,2026-08-03 18:00:00,4 days 00:00:00,96,27.0,-145.5,1008.0,29.6
2026-07-30 18:00:00,EP072026,16,2026-08-04 00:00:00,4 days 06:00:00,102,27.94,-145.74,1007.6,30.3
2026-07-30 18:00:00,EP072026,16,2026-08-04 06:00:00,4 days 12:00:00,108,28.88,-145.99,1007.2,30.9
2026-07-30 18:00:00,EP072026,16,2026-08-04 12:00:00,4 days 18:00:00,114,29.81,-146.24,1006.9,31.6
2026-07-30 18:00:00,EP072026,16,2026-08-04 18:00:00,5 days 00:00:00,120,30.75,-146.5,1006.5,32.3
2026-07-30 18:00:00,EP072026,16,2026-08-05 00:00:00,5 days 06:00:00,126,31.38,-146.38,1007.3,30.9
2026-07-30 18:00:00,EP072026,16,2026-08-05 06:00:00,5 days 12:00:00,132,32.0,-146.25,1008.0,29.5
2026-07-30 18:00:00,WP122026,16,2026-07-30 18:00:00,0 days 00:00:00,0,17.75,162.75,951.7,105.4
2026-07-30 18:00:00,WP122026,16,2026-07-31 00:00:00,0 days 06:00:00,6,18.13,161.88,951.9,105.1
2026-07-30 18:00:00,WP122026,16,2026-07-31 06:00:00,0 days 12:00:00,12,18.5,161.0,952.2,104.9
2026-07-30 18:00:00,WP122026,16,2026-07-31 12:00:00,0 days 18:00:00,18,19.0,160.25,953.2,103.7
2026-07-30 18:00:00,WP122026,16,2026-07-31 18:00:00,1 days 00:00:00,24,19.5,159.5,954.3,102.6
2026-07-30 18:00:00,WP122026,16,2026-08-01 00:00:00,1 days 06:00:00,30,20.25,158.5,953.9,102.9
2026-07-30 18:00:00,WP122026,16,2026-08-01 06:00:00,1 days 12:00:00,36,21.0,157.5,953.6,103.3
2026-07-30 18:00:00,WP122026,16,2026-08-01 12:00:00,1 days 18:00:00,42,21.75,156.38,953.2,103.7
2026-07-30 18:00:00,WP122026,16,2026-08-01 18:00:00,2 days 00:00:00,48,22.5,155.25,952.8,104.2
2026-07-30 18:00:00,WP122026,16,2026-08-02 00:00:00,2 days 06:00:00,54,23.13,154.01,954.7,102.1
2026-07-30 18:00:00,WP122026,16,2026-08-02 06:00:00,2 days 12:00:00,60,23.75,152.75,956.5,100.1
2026-07-30 18:00:00,WP122026,16,2026-08-02 12:00:00,2 days 18:00:00,66,24.26,151.5,953.6,103.3
2026-07-30 18:00:00,WP122026,16,2026-08-02 18:00:00,3 days 00:00:00,72,24.75,150.25,950.7,106.5
2026-07-30 18:00:00,WP122026,16,2026-08-03 00:00:00,3 days 06:00:00,78,25.01,149.0,952.4,104.7
2026-07-30 18:00:00,WP122026,16,2026-08-03 06:00:00,3 days 12:00:00,84,25.25,147.75,954.0,102.8
2026-07-30 18:00:00,WP122026,16,2026-08-03 12:00:00,3 days 18:00:00,90,25.26,146.5,954.3,102.5
2026-07-30 18:00:00,WP122026,16,2026-08-03 18:00:00,4 days 00:00:00,96,25.25,145.25,954.6,102.2
2026-07-30 18:00:00,WP122026,16,2026-08-04 00:00:00,4 days 06:00:00,102,25.25,144.12,954.6,102.2
2026-07-30 18:00:00,WP122026,16,2026-08-04 06:00:00,4 days 12:00:00,108,25.25,143.0,954.7,102.1
2026-07-30 18:00:00,WP122026,16,2026-08-04 12:00:00,4 days 18:00:00,114,25.26,141.63,956.7,99.9
2026-07-30 18:00:00,WP122026,16,2026-08-04 18:00:00,5 days 00:00:00,120,25.25,140.25,958.7,97.7
2026-07-30 18:00:00,WP122026,16,2026-08-05 00:00:00,5 days 06:00:00,126,25.51,138.88,955.4,101.4
2026-07-30 18:00:00,WP122026,16,2026-08-05 06:00:00,5 days 12:00:00,132,25.75,137.5,952.0,105.0
2026-07-30 18:00:00,WP122026,16,2026-08-05 12:00:00,5 days 18:00:00,138,25.88,136.13,954.8,102.0
2026-07-30 18:00:00,WP122026,16,2026-08-05 18:00:00,6 days 00:00:00,144,26.0,134.75,957.5,99.0
2026-07-30 18:00:00,WP122026,16,2026-08-06 00:00:00,6 days 06:00:00,150,26.51,133.01,958.3,98.1
2026-07-30 18:00:00,WP122026,16,2026-08-06 06:00:00,6 days 12:00:00,156,27.0,131.25,959.1,97.3
2026-07-30 18:00:00,WP122026,16,2026-08-06 12:00:00,6 days 18:00:00,162,27.13,130.0,959.1,97.3
2026-07-30 18:00:00,WP122026,16,2026-08-06 18:00:00,7 days 00:00:00,168,27.25,128.75,959.1,97.2
2026-07-30 18:00:00,WP122026,16,2026-08-07 00:00:00,7 days 06:00:00,174,27.38,127.25,960.9,95.2
2026-07-30 18:00:00,WP122026,16,2026-08-07 06:00:00,7 days 12:00:00,180,27.5,125.75,962.7,93.1
2026-07-30 18:00:00,WP122026,16,2026-08-07 12:00:00,7 days 18:00:00,186,28.0,124.75,962.9,92.9
2026-07-30 18:00:00,WP122026,16,2026-08-07 18:00:00,8 days 00:00:00,192,28.5,123.75,963.1,92.7
2026-07-30 18:00:00,WP122026,16,2026-08-08 00:00:00,8 days 06:00:00,198,29.26,122.14,967.8,87.1
2026-07-30 18:00:00,WP122026,16,2026-08-08 06:00:00,8 days 12:00:00,204,30.0,120.5,972.5,81.6
2026-07-30 18:00:00,WP122026,16,2026-08-08 12:00:00,8 days 18:00:00,210,29.76,119.0,977.2,75.6
2026-07-30 18:00:00,WP122026,16,2026-08-08 18:00:00,9 days 00:00:00,216,29.5,117.5,982.0,69.6
2026-07-30 18:00:00,WP122026,16,2026-08-09 00:00:00,9 days 06:00:00,222,30.13,117.13,984.2,66.6
2026-07-30 18:00:00,WP122026,16,2026-08-09 06:00:00,9 days 12:00:00,228,30.75,116.75,986.5,63.6
2026-07-30 18:00:00,WP122026,16,2026-08-09 12:00:00,9 days 18:00:00,234,30.38,116.37,987.4,62.4
2026-07-30 18:00:00,WP122026,16,2026-08-09 18:00:00,10 days 00:00:00,240,30.0,116.0,988.3,61.1
2026-07-30 18:00:00,WP122026,16,2026-08-10 00:00:00,10 days 06:00:00,246,30.0,115.88,989.1,60.0
2026-07-30 18:00:00,WP122026,16,2026-08-10 06:00:00,10 days 12:00:00,252,30.0,115.75,989.8,59.0
2026-07-30 18:00:00,WP122026,16,2026-08-10 12:00:00,10 days 18:00:00,258,30.0,115.62,991.0,57.2
2026-07-30 18:00:00,WP122026,16,2026-08-10 18:00:00,11 days 00:00:00,264,30.0,115.5,992.3,55.5
2026-07-30 18:00:00,WP122026,16,2026-08-11 00:00:00,11 days 06:00:00,270,30.25,116.25,992.6,55.0
2026-07-30 18:00:00,WP122026,16,2026-08-11 06:00:00,11 days 12:00:00,276,30.5,117.0,993.0,54.5
2026-07-30 18:00:00,WP122026,16,2026-08-11 12:00:00,11 days 18:00:00,282,31.88,117.86,993.0,54.5
2026-07-30 18:00:00,WP122026,16,2026-08-11 18:00:00,12 days 00:00:00,288,33.25,118.75,993.0,54.4
2026-07-30 18:00:00,EP072026,17,2026-07-30 18:00:00,0 days 00:00:00,0,20.5,-124.25,987.6,62.1
2026-07-30 18:00:00,EP072026,17,2026-07-31 00:00:00,0 days 06:00:00,6,21.0,-125.5,988.8,60.5
2026-07-30 18:00:00,EP072026,17,2026-07-31 06:00:00,0 days 12:00:00,12,21.5,-126.75,989.9,58.8
2026-07-30 18:00:00,EP072026,17,2026-07-31 12:00:00,0 days 18:00:00,18,21.88,-128.25,993.7,53.3
2026-07-30 18:00:00,EP072026,17,2026-07-31 18:00:00,1 days 00:00:00,24,22.25,-129.75,997.4,47.8
2026-07-30 18:00:00,EP072026,17,2026-08-01 00:00:00,1 days 06:00:00,30,22.51,-131.25,1000.9,42.1
2026-07-30 18:00:00,EP072026,17,2026-08-01 06:00:00,1 days 12:00:00,36,22.75,-132.75,1004.3,36.3
2026-07-30 18:00:00,EP072026,17,2026-08-01 12:00:00,1 days 18:00:00,42,23.13,-134.0,1004.5,36.0
2026-07-30 18:00:00,EP072026,17,2026-08-01 18:00:00,2 days 00:00:00,48,23.5,-135.25,1004.7,35.7
2026-07-30 18:00:00,EP072026,17,2026-08-02 00:00:00,2 days 06:00:00,54,23.76,-136.75,1005.5,34.1
2026-07-30 18:00:00,EP072026,17,2026-08-02 06:00:00,2 days 12:00:00,60,24.0,-138.25,1006.4,32.5
2026-07-30 18:00:00,EP072026,17,2026-08-02 12:00:00,2 days 18:00:00,66,24.63,-139.74,1007.8,29.9
2026-07-30 18:00:00,EP072026,17,2026-08-02 18:00:00,3 days 00:00:00,72,25.25,-141.25,1009.2,27.2
2026-07-30 18:00:00,EP072026,17,2026-08-03 00:00:00,3 days 06:00:00,78,25.38,-142.25,1008.8,27.9
2026-07-30 18:00:00,EP072026,17,2026-08-03 06:00:00,3 days 12:00:00,84,25.5,-143.25,1008.4,28.6
2026-07-30 18:00:00,WP122026,17,2026-07-30 18:00:00,0 days 00:00:00,0,17.75,162.75,951.7,105.4
2026-07-30 18:00:00,WP122026,17,2026-07-31 00:00:00,0 days 06:00:00,6,18.25,161.88,952.0,105.0
2026-07-30 18:00:00,WP122026,17,2026-07-31 06:00:00,0 days 12:00:00,12,18.75,161.0,952.3,104.7
2026-07-30 18:00:00,WP122026,17,2026-07-31 12:00:00,0 days 18:00:00,18,19.25,160.13,954.4,102.5
2026-07-30 18:00:00,WP122026,17,2026-07-31 18:00:00,1 days 00:00:00,24,19.75,159.25,956.4,100.2
2026-07-30 18:00:00,WP122026,17,2026-08-01 00:00:00,1 days 06:00:00,30,20.38,158.25,952.9,104.0
2026-07-30 18:00:00,WP122026,17,2026-08-01 06:00:00,1 days 12:00:00,36,21.0,157.25,949.4,107.8
2026-07-30 18:00:00,WP122026,17,2026-08-01 12:00:00,1 days 18:00:00,42,21.75,156.26,950.5,106.7
2026-07-30 18:00:00,WP122026,17,2026-08-01 18:00:00,2 days 00:00:00,48,22.5,155.25,951.5,105.6
2026-07-30 18:00:00,WP122026,17,2026-08-02 00:00:00,2 days 06:00:00,54,23.26,153.88,951.3,105.8
2026-07-30 18:00:00,WP122026,17,2026-08-02 06:00:00,2 days 12:00:00,60,24.0,152.5,951.2,105.9
2026-07-30 18:00:00,WP122026,17,2026-08-02 12:00:00,2 days 18:00:00,66,24.13,151.0,952.7,104.3
2026-07-30 18:00:00,WP122026,17,2026-08-02 18:00:00,3 days 00:00:00,72,24.25,149.5,954.2,102.6
2026-07-30 18:00:00,WP122026,17,2026-08-03 00:00:00,3 days 06:00:00,78,24.75,148.63,953.3,103.7
2026-07-30 18:00:00,WP122026,17,2026-08-03 06:00:00,3 days 12:00:00,84,25.25,147.75,952.3,104.7
2026-07-30 18:00:00,WP122026,17,2026-08-03 12:00:00,3 days 18:00:00,90,25.13,146.37,958.4,97.9
2026-07-30 18:00:00,WP122026,17,2026-08-03 18:00:00,4 days 00:00:00,96,25.0,145.0,964.6,91.0
2026-07-30 18:00:00,WP122026,17,2026-08-04 00:00:00,4 days 06:00:00,102,25.13,144.0,964.2,91.4
2026-07-30 18:00:00,WP122026,17,2026-08-04 06:00:00,4 days 12:00:00,108,25.25,143.0,963.9,91.8
2026-07-30 18:00:00,WP122026,17,2026-08-04 12:00:00,4 days 18:00:00,114,25.63,141.5,962.7,93.2
2026-07-30 18:00:00,WP122026,17,2026-08-04 18:00:00,5 days 00:00:00,120,26.0,140.0,961.4,94.6
2026-07-30 18:00:00,WP122026,17,2026-08-05 00:00:00,5 days 06:00:00,126,26.51,138.26,961.3,94.7
2026-07-30 18:00:00,WP122026,17,2026-08-05 06:00:00,5 days 12:00:00,132,27.0,136.5,961.2,94.8
2026-07-30 18:00:00,WP122026,17,2026-08-05 12:00:00,5 days 18:00:00,138,27.14,134.5,963.1,92.7
2026-07-30 18:00:00,WP122026,17,2026-08-05 18:00:00,6 days 00:00:00,144,27.25,132.5,964.9,90.6
2026-07-30 18:00:00,WP122026,17,2026-08-06 00:00:00,6 days 06:00:00,150,27.64,130.76,964.3,91.3
2026-07-30 18:00:00,WP122026,17,2026-08-06 06:00:00,6 days 12:00:00,156,28.0,129.0,963.6,92.1
2026-07-30 18:00:00,WP122026,17,2026-08-06 12:00:00,6 days 18:00:00,162,28.26,127.38,964.9,90.6
2026-07-30 18:00:00,WP122026,17,2026-08-06 18:00:00,7 days 00:00:00,168,28.5,125.75,966.2,89.1
2026-07-30 18:00:00,WP122026,17,2026-08-07 00:00:00,7 days 06:00:00,174,29.01,124.38,966.4,88.9
2026-07-30 18:00:00,WP122026,17,2026-08-07 06:00:00,7 days 12:00:00,180,29.5,123.0,966.5,88.7
2026-07-30 18:00:00,WP122026,17,2026-08-07 12:00:00,7 days 18:00:00,186,30.01,121.51,970.1,84.4
2026-07-30 18:00:00,WP122026,17,2026-08-07 18:00:00,8 days 00:00:00,192,30.5,120.0,973.6,80.2
2026-07-30 18:00:00,WP122026,17,2026-08-08 00:00:00,8 days 06:00:00,198,30.51,118.12,978.8,73.6
2026-07-30 18:00:00,WP122026,17,2026-08-08 06:00:00,8 days 12:00:00,204,30.5,116.25,984.0,67.0
2026-07-30 18:00:00,WP122026,17,2026-08-08 12:00:00,8 days 18:00:00,210,30.39,114.37,985.8,64.5
2026-07-30 18:00:00,WP122026,17,2026-08-08 18:00:00,9 days 00:00:00,216,30.25,112.5,987.7,62.0
2026-07-30 18:00:00,EP072026,18,2026-07-30 18:00:00,0 days 00:00:00,0,20.5,-124.25,987.6,62.1
2026-07-30 18:00:00,EP072026,18,2026-07-31 00:00:00,0 days 06:00:00,6,20.88,-125.62,989.6,59.2
2026-07-30 18:00:00,EP072026,18,2026-07-31 06:00:00,0 days 12:00:00,12,21.25,-127.0,991.7,56.4
2026-07-30 18:00:00,EP072026,18,2026-07-31 12:00:00,0 days 18:00:00,18,21.63,-128.37,995.9,49.9
2026-07-30 18:00:00,EP072026,18,2026-07-31 18:00:00,1 days 00:00:00,24,22.0,-129.75,1000.2,43.3
2026-07-30 18:00:00,EP072026,18,2026-08-01 00:00:00,1 days 06:00:00,30,22.26,-131.12,1001.3,41.5
2026-07-30 18:00:00,EP072026,18,2026-08-01 06:00:00,1 days 12:00:00,36,22.5,-132.5,1002.4,39.7
2026-07-30 18:00:00,EP072026,18,2026-08-01 12:00:00,1 days 18:00:00,42,22.76,-134.12,1004.2,36.4
2026-07-30 18:00:00,EP072026,18,2026-08-01 18:00:00,2 days 00:00:00,48,23.0,-135.75,1006.1,33.1
2026-07-30 18:00:00,WP122026,18,2026-07-30 18:00:00,0 days 00:00:00,0,17.75,162.75,951.7,105.4
2026-07-30 18:00:00,WP122026,18,2026-07-31 00:00:00,0 days 06:00:00,6,18.13,161.88,954.6,102.2
2026-07-30 18:00:00,WP122026,18,2026-07-31 06:00:00,0 days 12:00:00,12,18.5,161.0,957.5,99.0
2026-07-30 18:00:00,WP122026,18,2026-07-31 12:00:00,0 days 18:00:00,18,19.13,160.25,957.5,99.0
2026-07-30 18:00:00,WP122026,18,2026-07-31 18:00:00,1 days 00:00:00,24,19.75,159.5,957.5,99.1
2026-07-30 18:00:00,WP122026,18,2026-08-01 00:00:00,1 days 06:00:00,30,20.38,158.63,956.6,100.1
2026-07-30 18:00:00,WP122026,18,2026-08-01 06:00:00,1 days 12:00:00,36,21.0,157.75,955.7,101.0
2026-07-30 18:00:00,WP122026,18,2026-08-01 12:00:00,1 days 18:00:00,42,21.63,156.63,956.3,100.4
2026-07-30 18:00:00,WP122026,18,2026-08-01 18:00:00,2 days 00:00:00,48,22.25,155.5,956.9,99.7
2026-07-30 18:00:00,WP122026,18,2026-08-02 00:00:00,2 days 06:00:00,54,22.75,154.25,956.5,100.2
2026-07-30 18:00:00,WP122026,18,2026-08-02 06:00:00,2 days 12:00:00,60,23.25,153.0,956.1,100.6
2026-07-30 18:00:00,WP122026,18,2026-08-02 12:00:00,2 days 18:00:00,66,23.88,151.76,954.6,102.3
2026-07-30 18:00:00,WP122026,18,2026-08-02 18:00:00,3 days 00:00:00,72,24.5,150.5,953.0,103.9
2026-07-30 18:00:00,WP122026,18,2026-08-03 00:00:00,3 days 06:00:00,78,24.63,149.38,955.0,101.8
2026-07-30 18:00:00,WP122026,18,2026-08-03 06:00:00,3 days 12:00:00,84,24.75,148.25,957.0,99.6
2026-07-30 18:00:00,WP122026,18,2026-08-03 12:00:00,3 days 18:00:00,90,25.13,147.25,960.7,95.3
2026-07-30 18:00:00,WP122026,18,2026-08-03 18:00:00,4 days 00:00:00,96,25.5,146.25,964.5,91.1
2026-07-30 18:00:00,WP122026,18,2026-08-04 00:00:00,4 days 06:00:00,102,25.26,144.75,966.2,89.0
2026-07-30 18:00:00,WP122026,18,2026-08-04 06:00:00,4 days 12:00:00,108,25.0,143.25,968.0,87.0
2026-07-30 18:00:00,WP122026,18,2026-08-04 12:00:00,4 days 18:00:00,114,25.63,142.13,966.3,88.9
2026-07-30 18:00:00,WP122026,18,2026-08-04 18:00:00,5 days 00:00:00,120,26.25,141.0,964.7,90.9
2026-07-30 18:00:00,WP122026,18,2026-08-05 00:00:00,5 days 06:00:00,126,26.0,139.87,963.0,92.7
2026-07-30 18:00:00,WP122026,18,2026-08-05 06:00:00,5 days 12:00:00,132,25.75,138.75,961.4,94.6
2026-07-30 18:00:00,WP122026,18,2026-08-05 12:00:00,5 days 18:00:00,138,26.13,137.25,961.1,94.9
2026-07-30 18:00:00,WP122026,18,2026-08-05 18:00:00,6 days 00:00:00,144,26.5,135.75,960.8,95.3
2026-07-30 18:00:00,WP122026,18,2026-08-06 00:00:00,6 days 06:00:00,150,26.63,134.25,963.7,92.0
2026-07-30 18:00:00,WP122026,18,2026-08-06 06:00:00,6 days 12:00:00,156,26.75,132.75,966.6,88.6
2026-07-30 18:00:00,WP122026,18,2026-08-06 12:00:00,6 days 18:00:00,162,26.76,131.38,966.8,88.4
2026-07-30 18:00:00,WP122026,18,2026-08-06 18:00:00,7 days 00:00:00,168,26.75,130.0,966.9,88.3
2026-07-30 18:00:00,WP122026,18,2026-08-07 00:00:00,7 days 06:00:00,174,27.0,128.88,966.3,88.9
2026-07-30 18:00:00,WP122026,18,2026-08-07 06:00:00,7 days 12:00:00,180,27.25,127.75,965.8,89.6
2026-07-30 18:00:00,WP122026,18,2026-08-07 12:00:00,7 days 18:00:00,186,27.38,126.25,967.5,87.5
2026-07-30 18:00:00,WP122026,18,2026-08-07 18:00:00,8 days 00:00:00,192,27.5,124.75,969.3,85.5
2026-07-30 18:00:00,WP122026,18,2026-08-08 00:00:00,8 days 06:00:00,198,27.25,124.25,970.7,83.8
2026-07-30 18:00:00,WP122026,18,2026-08-08 06:00:00,8 days 12:00:00,204,27.0,123.75,972.1,82.1
2026-07-30 18:00:00,WP122026,18,2026-08-08 12:00:00,8 days 18:00:00,210,27.88,122.76,973.6,80.2
2026-07-30 18:00:00,WP122026,18,2026-08-08 18:00:00,9 days 00:00:00,216,28.75,121.75,975.1,78.4
2026-07-30 18:00:00,WP122026,18,2026-08-09 00:00:00,9 days 06:00:00,222,28.64,120.0,979.1,73.3
2026-07-30 18:00:00,WP122026,18,2026-08-09 06:00:00,9 days 12:00:00,228,28.5,118.25,983.1,68.2
2026-07-30 18:00:00,WP122026,18,2026-08-09 12:00:00,9 days 18:00:00,234,28.38,117.87,985.1,65.5
2026-07-30 18:00:00,WP122026,18,2026-08-09 18:00:00,10 days 00:00:00,240,28.25,117.5,987.1,62.8
2026-07-30 18:00:00,WP122026,18,2026-08-10 00:00:00,10 days 06:00:00,246,28.62,117.5,987.9,61.7
2026-07-30 18:00:00,WP122026,18,2026-08-10 06:00:00,10 days 12:00:00,252,29.0,117.5,988.7,60.6
2026-07-30 18:00:00,WP122026,18,2026-08-10 12:00:00,10 days 18:00:00,258,29.0,116.87,989.5,59.4
2026-07-30 18:00:00,WP122026,18,2026-08-10 18:00:00,11 days 00:00:00,264,29.0,116.25,990.3,58.3
2026-07-30 18:00:00,WP122026,18,2026-08-11 00:00:00,11 days 06:00:00,270,28.88,116.5,990.2,58.4
2026-07-30 18:00:00,WP122026,18,2026-08-11 06:00:00,11 days 12:00:00,276,28.75,116.75,990.1,58.5
2026-07-30 18:00:00,EP072026,19,2026-07-30 18:00:00,0 days 00:00:00,0,20.5,-124.25,987.6,62.1
2026-07-30 18:00:00,EP072026,19,2026-07-31 00:00:00,0 days 06:00:00,6,20.88,-125.5,989.9,58.8
2026-07-30 18:00:00,EP072026,19,2026-07-31 06:00:00,0 days 12:00:00,12,21.25,-126.75,992.3,55.5
2026-07-30 18:00:00,EP072026,19,2026-07-31 12:00:00,0 days 18:00:00,18,21.51,-128.12,994.3,52.5
2026-07-30 18:00:00,EP072026,19,2026-07-31 18:00:00,1 days 00:00:00,24,21.75,-129.5,996.3,49.4
2026-07-30 18:00:00,EP072026,19,2026-08-01 00:00:00,1 days 06:00:00,30,22.0,-130.75,997.6,47.5
2026-07-30 18:00:00,EP072026,19,2026-08-01 06:00:00,1 days 12:00:00,36,22.25,-132.0,998.8,45.6
2026-07-30 18:00:00,EP072026,19,2026-08-01 12:00:00,1 days 18:00:00,42,22.88,-133.49,1001.1,41.8
2026-07-30 18:00:00,EP072026,19,2026-08-01 18:00:00,2 days 00:00:00,48,23.5,-135.0,1003.3,38.1
2026-07-30 18:00:00,EP072026,19,2026-08-02 00:00:00,2 days 06:00:00,54,24.13,-136.37,1005.0,35.0
2026-07-30 18:00:00,EP072026,19,2026-08-02 06:00:00,2 days 12:00:00,60,24.75,-137.75,1006.7,32.0
2026-07-30 18:00:00,EP072026,19,2026-08-02 12:00:00,2 days 18:00:00,66,25.13,-139.37,1008.8,27.8
2026-07-30 18:00:00,EP072026,19,2026-08-02 18:00:00,3 days 00:00:00,72,25.5,-141.0,1010.8,23.7
2026-07-30 18:00:00,WP122026,19,2026-07-30 18:00:00,0 days 00:00:00,0,17.75,162.75,951.7,105.4
2026-07-30 18:00:00,WP122026,19,2026-07-31 00:00:00,0 days 06:00:00,6,18.13,161.88,951.5,105.6
2026-07-30 18:00:00,WP122026,19,2026-07-31 06:00:00,0 days 12:00:00,12,18.5,161.0,951.2,105.9
2026-07-30 18:00:00,WP122026,19,2026-07-31 12:00:00,0 days 18:00:00,18,19.0,160.13,954.5,102.3
2026-07-30 18:00:00,WP122026,19,2026-07-31 18:00:00,1 days 00:00:00,24,19.5,159.25,957.7,98.8
2026-07-30 18:00:00,WP122026,19,2026-08-01 00:00:00,1 days 06:00:00,30,20.13,158.38,955.0,101.7
2026-07-30 18:00:00,WP122026,19,2026-08-01 06:00:00,1 days 12:00:00,36,20.75,157.5,952.4,104.6
2026-07-30 18:00:00,WP122026,19,2026-08-01 12:00:00,1 days 18:00:00,42,21.25,156.38,948.7,108.5
2026-07-30 18:00:00,WP122026,19,2026-08-01 18:00:00,2 days 00:00:00,48,21.75,155.25,945.1,112.4
2026-07-30 18:00:00,WP122026,19,2026-08-02 00:00:00,2 days 06:00:00,54,22.38,154.01,949.7,107.5
2026-07-30 18:00:00,WP122026,19,2026-08-02 06:00:00,2 days 12:00:00,60,23.0,152.75,954.3,102.6
2026-07-30 18:00:00,WP122026,19,2026-08-02 12:00:00,2 days 18:00:00,66,23.63,151.38,953.9,103.0
2026-07-30 18:00:00,WP122026,19,2026-08-02 18:00:00,3 days 00:00:00,72,24.25,150.0,953.5,103.4
2026-07-30 18:00:00,WP122026,19,2026-08-03 00:00:00,3 days 06:00:00,78,24.51,148.75,953.6,103.4
2026-07-30 18:00:00,WP122026,19,2026-08-03 06:00:00,3 days 12:00:00,84,24.75,147.5,953.6,103.3
2026-07-30 18:00:00,WP122026,19,2026-08-03 12:00:00,3 days 18:00:00,90,24.88,146.13,954.3,102.5
2026-07-30 18:00:00,WP122026,19,2026-08-03 18:00:00,4 days 00:00:00,96,25.0,144.75,955.0,101.8
2026-07-30 18:00:00,WP122026,19,2026-08-04 00:00:00,4 days 06:00:00,102,24.88,143.62,955.8,100.9
2026-07-30 18:00:00,WP122026,19,2026-08-04 06:00:00,4 days 12:00:00,108,24.75,142.5,956.6,100.0
2026-07-30 18:00:00,WP122026,19,2026-08-04 12:00:00,4 days 18:00:00,114,24.5,141.5,953.5,103.4
2026-07-30 18:00:00,WP122026,19,2026-08-04 18:00:00,5 days 00:00:00,120,24.25,140.5,950.4,106.8
2026-07-30 18:00:00,WP122026,19,2026-08-05 00:00:00,5 days 06:00:00,126,24.13,139.37,949.7,107.6
2026-07-30 18:00:00,WP122026,19,2026-08-05 06:00:00,5 days 12:00:00,132,24.0,138.25,948.9,108.3
2026-07-30 18:00:00,WP122026,19,2026-08-05 12:00:00,5 days 18:00:00,138,23.88,137.75,948.1,109.2
2026-07-30 18:00:00,WP122026,19,2026-08-05 18:00:00,6 days 00:00:00,144,23.75,137.25,947.3,110.0
2026-07-30 18:00:00,WP122026,19,2026-08-06 00:00:00,6 days 06:00:00,150,23.75,136.62,944.5,113.0
2026-07-30 18:00:00,WP122026,19,2026-08-06 06:00:00,6 days 12:00:00,156,23.75,136.0,941.6,116.0
2026-07-30 18:00:00,WP122026,19,2026-08-06 12:00:00,6 days 18:00:00,162,24.25,135.63,946.9,110.4
2026-07-30 18:00:00,WP122026,19,2026-08-06 18:00:00,7 days 00:00:00,168,24.75,135.25,952.2,104.8
2026-07-30 18:00:00,WP122026,19,2026-08-07 00:00:00,7 days 06:00:00,174,25.38,135.37,954.5,102.3
2026-07-30 18:00:00,WP122026,19,2026-08-07 06:00:00,7 days 12:00:00,180,26.0,135.5,956.9,99.7
2026-07-30 18:00:00,WP122026,19,2026-08-07 12:00:00,7 days 18:00:00,186,26.88,135.38,957.4,99.1
2026-07-30 18:00:00,WP122026,19,2026-08-07 18:00:00,8 days 00:00:00,192,27.75,135.25,958.0,98.5
2026-07-30 18:00:00,WP122026,19,2026-08-08 00:00:00,8 days 06:00:00,198,28.0,134.88,959.6,96.7
2026-07-30 18:00:00,WP122026,19,2026-08-08 06:00:00,8 days 12:00:00,204,28.25,134.5,961.2,94.9
2026-07-30 18:00:00,WP122026,19,2026-08-08 12:00:00,8 days 18:00:00,210,29.13,134.87,964.7,90.8
2026-07-30 18:00:00,WP122026,19,2026-08-08 18:00:00,9 days 00:00:00,216,30.0,135.25,968.3,86.6
2026-07-30 18:00:00,WP122026,19,2026-08-09 00:00:00,9 days 06:00:00,222,30.5,135.75,969.6,85.0
2026-07-30 18:00:00,WP122026,19,2026-08-09 06:00:00,9 days 12:00:00,228,31.0,136.25,971.0,83.4
2026-07-30 18:00:00,WP122026,19,2026-08-09 12:00:00,9 days 18:00:00,234,32.0,136.99,972.7,81.4
2026-07-30 18:00:00,WP122026,19,2026-08-09 18:00:00,10 days 00:00:00,240,33.0,137.75,974.3,79.4
2026-07-30 18:00:00,WP122026,19,2026-08-10 00:00:00,10 days 06:00:00,246,33.89,139.36,975.3,78.2
2026-07-30 18:00:00,WP122026,19,2026-08-10 06:00:00,10 days 12:00:00,252,34.75,141.0,976.2,77.0
2026-07-30 18:00:00,WP122026,19,2026-08-10 12:00:00,10 days 18:00:00,258,35.88,142.11,975.9,77.4
2026-07-30 18:00:00,WP122026,19,2026-08-10 18:00:00,11 days 00:00:00,264,37.0,143.25,975.6,77.8
2026-07-30 18:00:00,WP122026,19,2026-08-11 00:00:00,11 days 06:00:00,270,38.25,143.0,977.9,74.9
2026-07-30 18:00:00,WP122026,19,2026-08-11 06:00:00,11 days 12:00:00,276,39.5,142.75,980.1,72.1
2026-07-30 18:00:00,WP122026,19,2026-08-11 12:00:00,11 days 18:00:00,282,40.13,141.26,984.8,65.7
2026-07-30 18:00:00,WP122026,19,2026-08-11 18:00:00,12 days 00:00:00,288,40.75,139.75,989.5,59.4
2026-07-30 18:00:00,WP122026,19,2026-08-12 00:00:00,12 days 06:00:00,294,40.63,139.62,992.0,55.7
2026-07-30 18:00:00,WP122026,19,2026-08-12 06:00:00,12 days 12:00:00,300,40.5,139.5,994.5,52.0
2026-07-30 18:00:00,WP122026,19,2026-08-12 12:00:00,12 days 18:00:00,306,40.38,139.37,996.9,48.3
2026-07-30 18:00:00,WP122026,19,2026-08-12 18:00:00,13 days 00:00:00,312,40.25,139.25,999.4,44.7
2026-07-30 18:00:00,EP072026,2,2026-07-30 18:00:00,0 days 00:00:00,0,20.5,-124.25,987.6,62.1
2026-07-30 18:00:00,EP072026,2,2026-07-31 00:00:00,0 days 06:00:00,6,20.88,-125.5,989.5,59.4
2026-07-30 18:00:00,EP072026,2,2026-07-31 06:00:00,0 days 12:00:00,12,21.25,-126.75,991.4,56.7
2026-07-30 18:00:00,EP072026,2,2026-07-31 12:00:00,0 days 18:00:00,18,21.51,-128.25,992.9,54.5
2026-07-30 18:00:00,EP072026,2,2026-07-31 18:00:00,1 days 00:00:00,24,21.75,-129.75,994.4,52.4
2026-07-30 18:00:00,EP072026,2,2026-08-01 00:00:00,1 days 06:00:00,30,21.88,-131.0,995.8,50.2
2026-07-30 18:00:00,EP072026,2,2026-08-01 06:00:00,1 days 12:00:00,36,22.0,-132.25,997.3,47.9
2026-07-30 18:00:00,EP072026,2,2026-08-01 12:00:00,1 days 18:00:00,42,22.38,-133.62,1000.1,43.4
2026-07-30 18:00:00,EP072026,2,2026-08-01 18:00:00,2 days 00:00:00,48,22.75,-135.0,1002.9,38.8
2026-07-30 18:00:00,EP072026,2,2026-08-02 00:00:00,2 days 06:00:00,54,23.13,-136.37,1004.5,36.0
2026-07-30 18:00:00,EP072026,2,2026-08-02 06:00:00,2 days 12:00:00,60,23.5,-137.75,1006.1,33.1
2026-07-30 18:00:00,EP072026,2,2026-08-02 12:00:00,2 days 18:00:00,66,24.01,-139.24,1007.4,30.6
2026-07-30 18:00:00,EP072026,2,2026-08-02 18:00:00,3 days 00:00:00,72,24.5,-140.75,1008.7,28.2
2026-07-30 18:00:00,EP072026,2,2026-08-03 00:00:00,3 days 06:00:00,78,25.0,-141.87,1008.4,28.8
2026-07-30 18:00:00,EP072026,2,2026-08-03 06:00:00,3 days 12:00:00,84,25.5,-143.0,1008.1,29.4
2026-07-30 18:00:00,EP072026,2,2026-08-03 12:00:00,3 days 18:00:00,90,26.0,-143.87,1009.3,26.9
2026-07-30 18:00:00,EP072026,2,2026-08-03 18:00:00,4 days 00:00:00,96,26.5,-144.75,1010.5,24.4
2026-07-30 18:00:00,WP122026,2,2026-07-30 18:00:00,0 days 00:00:00,0,17.75,162.75,951.7,105.4
2026-07-30 18:00:00,WP122026,2,2026-07-31 00:00:00,0 days 06:00:00,6,18.13,161.88,951.9,105.1
2026-07-30 18:00:00,WP122026,2,2026-07-31 06:00:00,0 days 12:00:00,12,18.5,161.0,952.2,104.9
2026-07-30 18:00:00,WP122026,2,2026-07-31 12:00:00,0 days 18:00:00,18,19.25,160.25,952.8,104.2
2026-07-30 18:00:00,WP122026,2,2026-07-31 18:00:00,1 days 00:00:00,24,20.0,159.5,953.4,103.5
2026-07-30 18:00:00,WP122026,2,2026-08-01 00:00:00,1 days 06:00:00,30,20.63,158.63,954.8,102.0
2026-07-30 18:00:00,WP122026,2,2026-08-01 06:00:00,1 days 12:00:00,36,21.25,157.75,956.2,100.5
2026-07-30 18:00:00,WP122026,2,2026-08-01 12:00:00,1 days 18:00:00,42,21.88,156.63,956.3,100.3
2026-07-30 18:00:00,WP122026,2,2026-08-01 18:00:00,2 days 00:00:00,48,22.5,155.5,956.4,100.2
2026-07-30 18:00:00,WP122026,2,2026-08-02 00:00:00,2 days 06:00:00,54,22.75,154.38,955.9,100.8
2026-07-30 18:00:00,WP122026,2,2026-08-02 06:00:00,2 days 12:00:00,60,23.0,153.25,955.4,101.3
2026-07-30 18:00:00,WP122026,2,2026-08-02 12:00:00,2 days 18:00:00,66,23.5,152.0,954.7,102.1
2026-07-30 18:00:00,WP122026,2,2026-08-02 18:00:00,3 days 00:00:00,72,24.0,150.75,954.1,102.8
2026-07-30 18:00:00,WP122026,2,2026-08-03 00:00:00,3 days 06:00:00,78,24.13,149.38,953.8,103.1
2026-07-30 18:00:00,WP122026,2,2026-08-03 06:00:00,3 days 12:00:00,84,24.25,148.0,953.5,103.4
2026-07-30 18:00:00,WP122026,2,2026-08-03 12:00:00,3 days 18:00:00,90,24.25,147.12,953.6,103.3
2026-07-30 18:00:00,WP122026,2,2026-08-03 18:00:00,4 days 00:00:00,96,24.25,146.25,953.7,103.3
2026-07-30 18:00:00,WP122026,2,2026-08-04 00:00:00,4 days 06:00:00,102,24.25,145.12,956.0,100.7
2026-07-30 18:00:00,WP122026,2,2026-08-04 06:00:00,4 days 12:00:00,108,24.25,144.0,958.3,98.1
2026-07-30 18:00:00,WP122026,2,2026-08-04 12:00:00,4 days 18:00:00,114,24.01,142.5,957.3,99.2
2026-07-30 18:00:00,WP122026,2,2026-08-04 18:00:00,5 days 00:00:00,120,23.75,141.0,956.3,100.3
2026-07-30 18:00:00,WP122026,2,2026-08-05 00:00:00,5 days 06:00:00,126,23.88,139.75,956.4,100.2
2026-07-30 18:00:00,WP122026,2,2026-08-05 06:00:00,5 days 12:00:00,132,24.0,138.5,956.5,100.1
2026-07-30 18:00:00,WP122026,2,2026-08-05 12:00:00,5 days 18:00:00,138,23.88,137.12,956.0,100.7
2026-07-30 18:00:00,WP122026,2,2026-08-05 18:00:00,6 days 00:00:00,144,23.75,135.75,955.4,101.3
2026-07-30 18:00:00,WP122026,2,2026-08-06 00:00:00,6 days 06:00:00,150,23.75,134.75,951.4,105.7
2026-07-30 18:00:00,WP122026,2,2026-08-06 06:00:00,6 days 12:00:00,156,23.75,133.75,947.3,110.1
2026-07-30 18:00:00,WP122026,2,2026-08-06 12:00:00,6 days 18:00:00,162,23.88,132.75,945.8,111.6
2026-07-30 18:00:00,WP122026,2,2026-08-06 18:00:00,7 days 00:00:00,168,24.0,131.75,944.3,113.2
2026-07-30 18:00:00,WP122026,2,2026-08-07 00:00:00,7 days 06:00:00,174,24.0,130.62,946.2,111.2
2026-07-30 18:00:00,WP122026,2,2026-08-07 06:00:00,7 days 12:00:00,180,24.0,129.5,948.2,109.2
2026-07-30 18:00:00,WP122026,2,2026-08-07 12:00:00,7 days 18:00:00,186,24.25,128.75,945.9,111.5
2026-07-30 18:00:00,WP122026,2,2026-08-07 18:00:00,8 days 00:00:00,192,24.5,128.0,943.7,113.9
2026-07-30 18:00:00,WP122026,2,2026-08-08 00:00:00,8 days 06:00:00,198,24.76,126.75,947.7,109.6
2026-07-30 18:00:00,WP122026,2,2026-08-08 06:00:00,8 days 12:00:00,204,25.0,125.5,951.8,105.3
2026-07-30 18:00:00,WP122026,2,2026-08-08 12:00:00,8 days 18:00:00,210,25.63,124.51,952.4,104.6
2026-07-30 18:00:00,WP122026,2,2026-08-08 18:00:00,9 days 00:00:00,216,26.25,123.5,953.1,103.8
2026-07-30 18:00:00,WP122026,2,2026-08-09 00:00:00,9 days 06:00:00,222,26.5,122.38,957.6,98.9
2026-07-30 18:00:00,WP122026,2,2026-08-09 06:00:00,9 days 12:00:00,228,26.75,121.25,962.1,93.9
2026-07-30 18:00:00,WP122026,2,2026-08-09 12:00:00,9 days 18:00:00,234,27.01,119.63,971.4,82.6
2026-07-30 18:00:00,WP122026,2,2026-08-09 18:00:00,10 days 00:00:00,240,27.25,118.0,980.7,71.3
2026-07-30 18:00:00,WP122026,2,2026-08-10 00:00:00,10 days 06:00:00,246,27.75,117.75,983.5,67.7
2026-07-30 18:00:00,WP122026,2,2026-08-10 06:00:00,10 days 12:00:00,252,28.25,117.5,986.2,64.0
2026-07-30 18:00:00,WP122026,2,2026-08-10 12:00:00,10 days 18:00:00,258,28.5,116.75,987.5,62.2
2026-07-30 18:00:00,WP122026,2,2026-08-10 18:00:00,11 days 00:00:00,264,28.75,116.0,988.8,60.4
2026-07-30 18:00:00,WP122026,2,2026-08-11 00:00:00,11 days 06:00:00,270,29.38,115.13,990.6,57.9
2026-07-30 18:00:00,WP122026,2,2026-08-11 06:00:00,11 days 12:00:00,276,30.0,114.25,992.4,55.3
2026-07-30 18:00:00,EP072026,20,2026-07-30 18:00:00,0 days 00:00:00,0,20.5,-124.25,987.6,62.1
2026-07-30 18:00:00,EP072026,20,2026-07-31 00:00:00,0 days 06:00:00,6,21.0,-125.5,990.1,58.5
2026-07-30 18:00:00,EP072026,20,2026-07-31 06:00:00,0 days 12:00:00,12,21.5,-126.75,992.6,54.9
2026-07-30 18:00:00,EP072026,20,2026-07-31 12:00:00,0 days 18:00:00,18,21.76,-128.12,995.8,50.1
2026-07-30 18:00:00,EP072026,20,2026-07-31 18:00:00,1 days 00:00:00,24,22.0,-129.5,999.0,45.2
2026-07-30 18:00:00,EP072026,20,2026-08-01 00:00:00,1 days 06:00:00,30,22.38,-130.87,1000.5,42.7
2026-07-30 18:00:00,EP072026,20,2026-08-01 06:00:00,1 days 12:00:00,36,22.75,-132.25,1002.1,40.2
2026-07-30 18:00:00,EP072026,20,2026-08-01 12:00:00,1 days 18:00:00,42,23.01,-133.62,1004.4,36.1
2026-07-30 18:00:00,EP072026,20,2026-08-01 18:00:00,2 days 00:00:00,48,23.25,-135.0,1006.7,32.0
2026-07-30 18:00:00,WP122026,20,2026-07-30 18:00:00,0 days 00:00:00,0,17.75,162.75,951.7,105.4
2026-07-30 18:00:00,WP122026,20,2026-07-31 00:00:00,0 days 06:00:00,6,18.25,161.88,952.7,104.3
2026-07-30 18:00:00,WP122026,20,2026-07-31 06:00:00,0 days 12:00:00,12,18.75,161.0,953.6,103.3
2026-07-30 18:00:00,WP122026,20,2026-07-31 12:00:00,0 days 18:00:00,18,19.13,160.13,955.2,101.5
2026-07-30 18:00:00,WP122026,20,2026-07-31 18:00:00,1 days 00:00:00,24,19.5,159.25,956.8,99.8
2026-07-30 18:00:00,WP122026,20,2026-08-01 00:00:00,1 days 06:00:00,30,20.0,158.25,955.9,100.8
2026-07-30 18:00:00,WP122026,20,2026-08-01 06:00:00,1 days 12:00:00,36,20.5,157.25,954.9,101.9
2026-07-30 18:00:00,WP122026,20,2026-08-01 12:00:00,1 days 18:00:00,42,21.13,156.25,954.1,102.8
2026-07-30 18:00:00,WP122026,20,2026-08-01 18:00:00,2 days 00:00:00,48,21.75,155.25,953.3,103.7
2026-07-30 18:00:00,WP122026,20,2026-08-02 00:00:00,2 days 06:00:00,54,22.38,154.01,950.7,106.4
2026-07-30 18:00:00,WP122026,20,2026-08-02 06:00:00,2 days 12:00:00,60,23.0,152.75,948.2,109.1
2026-07-30 18:00:00,WP122026,20,2026-08-02 12:00:00,2 days 18:00:00,66,23.25,151.5,948.9,108.4
2026-07-30 18:00:00,WP122026,20,2026-08-02 18:00:00,3 days 00:00:00,72,23.5,150.25,949.6,107.6
2026-07-30 18:00:00,WP122026,20,2026-08-03 00:00:00,3 days 06:00:00,78,23.75,149.13,950.3,106.9
2026-07-30 18:00:00,WP122026,20,2026-08-03 06:00:00,3 days 12:00:00,84,24.0,148.0,951.0,106.1
2026-07-30 18:00:00,WP122026,20,2026-08-03 12:00:00,3 days 18:00:00,90,24.26,146.75,950.9,106.2
2026-07-30 18:00:00,WP122026,20,2026-08-03 18:00:00,4 days 00:00:00,96,24.5,145.5,950.9,106.3
2026-07-30 18:00:00,WP122026,20,2026-08-04 00:00:00,4 days 06:00:00,102,24.63,144.38,950.7,106.5
2026-07-30 18:00:00,WP122026,20,2026-08-04 06:00:00,4 days 12:00:00,108,24.75,143.25,950.5,106.7
2026-07-30 18:00:00,WP122026,20,2026-08-04 12:00:00,4 days 18:00:00,114,25.01,141.75,953.3,103.6
2026-07-30 18:00:00,WP122026,20,2026-08-04 18:00:00,5 days 00:00:00,120,25.25,140.25,956.1,100.6
2026-07-30 18:00:00,WP122026,20,2026-08-05 00:00:00,5 days 06:00:00,126,25.38,138.88,954.4,102.4
2026-07-30 18:00:00,WP122026,20,2026-08-05 06:00:00,5 days 12:00:00,132,25.5,137.5,952.8,104.2
2026-07-30 18:00:00,WP122026,20,2026-08-05 12:00:00,5 days 18:00:00,138,25.51,136.12,950.7,106.4
2026-07-30 18:00:00,WP122026,20,2026-08-05 18:00:00,6 days 00:00:00,144,25.5,134.75,948.7,108.6
2026-07-30 18:00:00,WP122026,20,2026-08-06 00:00:00,6 days 06:00:00,150,25.63,133.38,950.4,106.8
2026-07-30 18:00:00,WP122026,20,2026-08-06 06:00:00,6 days 12:00:00,156,25.75,132.0,952.1,105.0
2026-07-30 18:00:00,WP122026,20,2026-08-06 12:00:00,6 days 18:00:00,162,25.75,130.88,953.5,103.4
2026-07-30 18:00:00,WP122026,20,2026-08-06 18:00:00,7 days 00:00:00,168,25.75,129.75,954.9,101.9
2026-07-30 18:00:00,WP122026,20,2026-08-07 00:00:00,7 days 06:00:00,174,25.88,128.5,957.4,99.1
2026-07-30 18:00:00,WP122026,20,2026-08-07 06:00:00,7 days 12:00:00,180,26.0,127.25,959.8,96.4
2026-07-30 18:00:00,WP122026,20,2026-08-07 12:00:00,7 days 18:00:00,186,25.75,126.5,961.3,94.7
2026-07-30 18:00:00,WP122026,20,2026-08-07 18:00:00,8 days 00:00:00,192,25.5,125.75,962.9,92.9
2026-07-30 18:00:00,WP122026,20,2026-08-08 00:00:00,8 days 06:00:00,198,26.0,125.38,964.6,90.9
2026-07-30 18:00:00,WP122026,20,2026-08-08 06:00:00,8 days 12:00:00,204,26.5,125.0,966.3,88.9
2026-07-30 18:00:00,WP122026,20,2026-08-08 12:00:00,8 days 18:00:00,210,26.63,124.0,968.0,87.0
2026-07-30 18:00:00,WP122026,20,2026-08-08 18:00:00,9 days 00:00:00,216,26.75,123.0,969.6,85.1
2026-07-30 18:00:00,WP122026,20,2026-08-09 00:00:00,9 days 06:00:00,222,27.13,122.38,971.1,83.3
2026-07-30 18:00:00,WP122026,20,2026-08-09 06:00:00,9 days 12:00:00,228,27.5,121.75,972.5,81.5
2026-07-30 18:00:00,WP122026,20,2026-08-09 12:00:00,9 days 18:00:00,234,27.88,121.63,976.4,76.7
2026-07-30 18:00:00,WP122026,20,2026-08-09 18:00:00,10 days 00:00:00,240,28.25,121.5,980.2,72.0
2026-07-30 18:00:00,WP122026,20,2026-08-10 00:00:00,10 days 06:00:00,246,29.38,121.25,981.6,70.2
2026-07-30 18:00:00,WP122026,20,2026-08-10 06:00:00,10 days 12:00:00,252,30.5,121.0,983.0,68.4
2026-07-30 18:00:00,WP122026,20,2026-08-10 12:00:00,10 days 18:00:00,258,32.13,120.26,983.5,67.7
2026-07-30 18:00:00,WP122026,20,2026-08-10 18:00:00,11 days 00:00:00,264,33.75,119.5,984.0,67.0
2026-07-30 18:00:00,WP122026,20,2026-08-11 00:00:00,11 days 06:00:00,270,33.5,119.12,984.2,66.8
2026-07-30 18:00:00,WP122026,20,2026-08-11 06:00:00,11 days 12:00:00,276,33.25,118.75,984.3,66.6
2026-07-30 18:00:00,WP122026,20,2026-08-11 12:00:00,11 days 18:00:00,282,33.63,119.25,985.0,65.6
2026-07-30 18:00:00,WP122026,20,2026-08-11 18:00:00,12 days 00:00:00,288,34.0,119.75,985.7,64.6
2026-07-30 18:00:00,WP122026,20,2026-08-12 00:00:00,12 days 06:00:00,294,34.38,119.75,987.4,62.4
2026-07-30 18:00:00,WP122026,20,2026-08-12 06:00:00,12 days 12:00:00,300,34.75,119.75,989.0,60.1
2026-07-30 18:00:00,WP122026,20,2026-08-12 12:00:00,12 days 18:00:00,306,34.5,120.63,990.2,58.5
2026-07-30 18:00:00,WP122026,20,2026-08-12 18:00:00,13 days 00:00:00,312,34.25,121.5,991.3,56.9
2026-07-30 18:00:00,EP072026,21,2026-07-30 18:00:00,0 days 00:00:00,0,20.5,-124.25,987.6,62.1
2026-07-30 18:00:00,EP072026,21,2026-07-31 00:00:00,0 days 06:00:00,6,20.88,-125.62,987.6,62.1
2026-07-30 18:00:00,EP072026,21,2026-07-31 06:00:00,0 days 12:00:00,12,21.25,-127.0,987.6,62.1
2026-07-30 18:00:00,EP072026,21,2026-07-31 12:00:00,0 days 18:00:00,18,21.51,-128.37,992.7,54.7
2026-07-30 18:00:00,EP072026,21,2026-07-31 18:00:00,1 days 00:00:00,24,21.75,-129.75,997.7,47.3
2026-07-30 18:00:00,EP072026,21,2026-08-01 00:00:00,1 days 06:00:00,30,22.13,-131.0,998.7,45.8
2026-07-30 18:00:00,EP072026,21,2026-08-01 06:00:00,1 days 12:00:00,36,22.5,-132.25,999.6,44.3
2026-07-30 18:00:00,EP072026,21,2026-08-01 12:00:00,1 days 18:00:00,42,22.76,-133.87,999.9,43.8
2026-07-30 18:00:00,EP072026,21,2026-08-01 18:00:00,2 days 00:00:00,48,23.0,-135.5,1000.2,43.4
2026-07-30 18:00:00,EP072026,21,2026-08-02 00:00:00,2 days 06:00:00,54,23.38,-136.62,1003.1,38.4
2026-07-30 18:00:00,EP072026,21,2026-08-02 06:00:00,2 days 12:00:00,60,23.75,-137.75,1006.0,33.4
2026-07-30 18:00:00,WP122026,21,2026-07-30 18:00:00,0 days 00:00:00,0,17.75,162.75,951.7,105.4
2026-07-30 18:00:00,WP122026,21,2026-07-31 00:00:00,0 days 06:00:00,6,18.25,161.88,953.3,103.6
2026-07-30 18:00:00,WP122026,21,2026-07-31 06:00:00,0 days 12:00:00,12,18.75,161.0,954.9,101.9
2026-07-30 18:00:00,WP122026,21,2026-07-31 12:00:00,0 days 18:00:00,18,19.13,160.0,955.7,101.0
2026-07-30 18:00:00,WP122026,21,2026-07-31 18:00:00,1 days 00:00:00,24,19.5,159.0,956.5,100.1
2026-07-30 18:00:00,WP122026,21,2026-08-01 00:00:00,1 days 06:00:00,30,20.13,158.13,954.7,102.1
2026-07-30 18:00:00,WP122026,21,2026-08-01 06:00:00,1 days 12:00:00,36,20.75,157.25,952.8,104.2
2026-07-30 18:00:00,WP122026,21,2026-08-01 12:00:00,1 days 18:00:00,42,21.63,156.26,949.1,108.2
2026-07-30 18:00:00,WP122026,21,2026-08-01 18:00:00,2 days 00:00:00,48,22.5,155.25,945.3,112.2
2026-07-30 18:00:00,WP122026,21,2026-08-02 00:00:00,2 days 06:00:00,54,23.13,154.01,948.2,109.1
2026-07-30 18:00:00,WP122026,21,2026-08-02 06:00:00,2 days 12:00:00,60,23.75,152.75,951.1,106.0
2026-07-30 18:00:00,WP122026,21,2026-08-02 12:00:00,2 days 18:00:00,66,24.26,151.26,952.4,104.6
2026-07-30 18:00:00,WP122026,21,2026-08-02 18:00:00,3 days 00:00:00,72,24.75,149.75,953.7,103.2
2026-07-30 18:00:00,WP122026,21,2026-08-03 00:00:00,3 days 06:00:00,78,25.13,148.63,952.5,104.5
2026-07-30 18:00:00,WP122026,21,2026-08-03 06:00:00,3 days 12:00:00,84,25.5,147.5,951.4,105.7
2026-07-30 18:00:00,WP122026,21,2026-08-03 12:00:00,3 days 18:00:00,90,25.63,146.5,951.7,105.4
2026-07-30 18:00:00,WP122026,21,2026-08-03 18:00:00,4 days 00:00:00,96,25.75,145.5,952.0,105.1
2026-07-30 18:00:00,WP122026,21,2026-08-04 00:00:00,4 days 06:00:00,102,25.63,144.5,950.2,107.0
2026-07-30 18:00:00,WP122026,21,2026-08-04 06:00:00,4 days 12:00:00,108,25.5,143.5,948.4,108.9
2026-07-30 18:00:00,WP122026,21,2026-08-04 12:00:00,4 days 18:00:00,114,25.76,142.25,948.9,108.4
2026-07-30 18:00:00,WP122026,21,2026-08-04 18:00:00,5 days 00:00:00,120,26.0,141.0,949.4,107.8
2026-07-30 18:00:00,WP122026,21,2026-08-05 00:00:00,5 days 06:00:00,126,26.5,139.88,950.1,107.1
2026-07-30 18:00:00,WP122026,21,2026-08-05 06:00:00,5 days 12:00:00,132,27.0,138.75,950.8,106.4
2026-07-30 18:00:00,WP122026,21,2026-08-05 12:00:00,5 days 18:00:00,138,27.14,137.0,951.6,105.5
2026-07-30 18:00:00,WP122026,21,2026-08-05 18:00:00,6 days 00:00:00,144,27.25,135.25,952.5,104.6
2026-07-30 18:00:00,WP122026,21,2026-08-06 00:00:00,6 days 06:00:00,150,27.76,133.88,953.6,103.3
2026-07-30 18:00:00,WP122026,21,2026-08-06 06:00:00,6 days 12:00:00,156,28.25,132.5,954.8,102.0
2026-07-30 18:00:00,WP122026,21,2026-08-06 12:00:00,6 days 18:00:00,162,28.88,131.13,956.0,100.7
2026-07-30 18:00:00,WP122026,21,2026-08-06 18:00:00,7 days 00:00:00,168,29.5,129.75,957.1,99.4
2026-07-30 18:00:00,WP122026,21,2026-08-07 00:00:00,7 days 06:00:00,174,30.01,128.01,959.6,96.6
2026-07-30 18:00:00,WP122026,21,2026-08-07 06:00:00,7 days 12:00:00,180,30.5,126.25,962.2,93.8
2026-07-30 18:00:00,WP122026,21,2026-08-07 12:00:00,7 days 18:00:00,186,30.88,125.0,960.0,96.2
2026-07-30 18:00:00,WP122026,21,2026-08-07 18:00:00,8 days 00:00:00,192,31.25,123.75,957.9,98.6
2026-07-30 18:00:00,WP122026,21,2026-08-08 00:00:00,8 days 06:00:00,198,31.76,122.38,960.6,95.5
2026-07-30 18:00:00,WP122026,21,2026-08-08 06:00:00,8 days 12:00:00,204,32.25,121.0,963.3,92.4
2026-07-30 18:00:00,WP122026,21,2026-08-08 12:00:00,8 days 18:00:00,210,32.5,120.25,967.8,87.2
2026-07-30 18:00:00,WP122026,21,2026-08-08 18:00:00,9 days 00:00:00,216,32.75,119.5,972.2,81.9
2026-07-30 18:00:00,WP122026,21,2026-08-09 00:00:00,9 days 06:00:00,222,33.25,118.51,976.7,76.4
2026-07-30 18:00:00,WP122026,21,2026-08-09 06:00:00,9 days 12:00:00,228,33.75,117.5,981.1,70.8
2026-07-30 18:00:00,WP122026,21,2026-08-09 12:00:00,9 days 18:00:00,234,33.88,117.0,984.1,66.7
2026-07-30 18:00:00,WP122026,21,2026-08-09 18:00:00,10 days 00:00:00,240,34.0,116.5,987.2,62.7
2026-07-30 18:00:00,WP122026,21,2026-08-10 00:00:00,10 days 06:00:00,246,34.13,116.25,988.3,61.0
2026-07-30 18:00:00,WP122026,21,2026-08-10 06:00:00,10 days 12:00:00,252,34.25,116.0,989.5,59.4
2026-07-30 18:00:00,WP122026,21,2026-08-10 12:00:00,10 days 18:00:00,258,34.38,116.0,990.2,58.4
2026-07-30 18:00:00,WP122026,21,2026-08-10 18:00:00,11 days 00:00:00,264,34.5,116.0,990.9,57.4
2026-07-30 18:00:00,WP122026,21,2026-08-11 00:00:00,11 days 06:00:00,270,35.75,115.51,991.1,57.2
2026-07-30 18:00:00,WP122026,21,2026-08-11 06:00:00,11 days 12:00:00,276,37.0,115.0,991.3,56.9
2026-07-30 18:00:00,EP072026,22,2026-07-30 18:00:00,0 days 00:00:00,0,20.5,-124.25,987.6,62.1
2026-07-30 18:00:00,EP072026,22,2026-07-31 00:00:00,0 days 06:00:00,6,20.88,-125.62,990.2,58.4
2026-07-30 18:00:00,EP072026,22,2026-07-31 06:00:00,0 days 12:00:00,12,21.25,-127.0,992.8,54.6
2026-07-30 18:00:00,EP072026,22,2026-07-31 12:00:00,0 days 18:00:00,18,21.63,-128.37,994.6,52.1
2026-07-30 18:00:00,EP072026,22,2026-07-31 18:00:00,1 days 00:00:00,24,22.0,-129.75,996.3,49.5
2026-07-30 18:00:00,EP072026,22,2026-08-01 00:00:00,1 days 06:00:00,30,22.25,-131.0,996.4,49.3
2026-07-30 18:00:00,EP072026,22,2026-08-01 06:00:00,1 days 12:00:00,36,22.5,-132.25,996.5,49.1
2026-07-30 18:00:00,EP072026,22,2026-08-01 12:00:00,1 days 18:00:00,42,23.01,-133.62,999.5,44.3
2026-07-30 18:00:00,EP072026,22,2026-08-01 18:00:00,2 days 00:00:00,48,23.5,-135.0,1002.5,39.5
2026-07-30 18:00:00,EP072026,22,2026-08-02 00:00:00,2 days 06:00:00,54,23.76,-136.62,1004.4,36.1
2026-07-30 18:00:00,EP072026,22,2026-08-02 06:00:00,2 days 12:00:00,60,24.0,-138.25,1006.3,32.7
2026-07-30 18:00:00,EP072026,22,2026-08-02 12:00:00,2 days 18:00:00,66,24.52,-139.67,1006.4,32.5
2026-07-30 18:00:00,EP072026,22,2026-08-02 18:00:00,3 days 00:00:00,72,25.03,-141.1,1006.6,32.3
2026-07-30 18:00:00,EP072026,22,2026-08-03 00:00:00,3 days 06:00:00,78,25.52,-142.55,1006.7,32.0
2026-07-30 18:00:00,EP072026,22,2026-08-03 06:00:00,3 days 12:00:00,84,26.0,-144.0,1006.8,31.8
2026-07-30 18:00:00,EP072026,22,2026-08-03 12:00:00,3 days 18:00:00,90,26.63,-144.62,1007.5,30.5
2026-07-30 18:00:00,EP072026,22,2026-08-03 18:00:00,4 days 00:00:00,96,27.25,-145.25,1008.2,29.2
2026-07-30 18:00:00,WP122026,22,2026-07-30 18:00:00,0 days 00:00:00,0,17.75,162.75,951.7,105.4
2026-07-30 18:00:00,WP122026,22,2026-07-31 00:00:00,0 days 06:00:00,6,18.13,161.88,953.8,103.1
2026-07-30 18:00:00,WP122026,22,2026-07-31 06:00:00,0 days 12:00:00,12,18.5,161.0,955.8,100.9
2026-07-30 18:00:00,WP122026,22,2026-07-31 12:00:00,0 days 18:00:00,18,19.0,160.25,956.8,99.8
2026-07-30 18:00:00,WP122026,22,2026-07-31 18:00:00,1 days 00:00:00,24,19.5,159.5,957.7,98.7
2026-07-30 18:00:00,WP122026,22,2026-08-01 00:00:00,1 days 06:00:00,30,20.25,158.5,957.5,99.1
2026-07-30 18:00:00,WP122026,22,2026-08-01 06:00:00,1 days 12:00:00,36,21.0,157.5,957.2,99.4
2026-07-30 18:00:00,WP122026,22,2026-08-01 12:00:00,1 days 18:00:00,42,21.75,156.38,954.9,101.9
2026-07-30 18:00:00,WP122026,22,2026-08-01 18:00:00,2 days 00:00:00,48,22.5,155.25,952.6,104.4
2026-07-30 18:00:00,WP122026,22,2026-08-02 00:00:00,2 days 06:00:00,54,23.13,154.01,952.0,105.1
2026-07-30 18:00:00,WP122026,22,2026-08-02 06:00:00,2 days 12:00:00,60,23.75,152.75,951.3,105.8
2026-07-30 18:00:00,WP122026,22,2026-08-02 12:00:00,2 days 18:00:00,66,24.26,151.5,954.9,101.9
2026-07-30 18:00:00,WP122026,22,2026-08-02 18:00:00,3 days 00:00:00,72,24.75,150.25,958.4,98.0
2026-07-30 18:00:00,WP122026,22,2026-08-03 00:00:00,3 days 06:00:00,78,25.13,149.25,958.4,98.0
2026-07-30 18:00:00,WP122026,22,2026-08-03 06:00:00,3 days 12:00:00,84,25.5,148.25,958.5,97.9
2026-07-30 18:00:00,WP122026,22,2026-08-03 12:00:00,3 days 18:00:00,90,25.75,147.13,956.7,99.9
2026-07-30 18:00:00,WP122026,22,2026-08-03 18:00:00,4 days 00:00:00,96,26.0,146.0,954.9,101.9
2026-07-30 18:00:00,WP122026,22,2026-08-04 00:00:00,4 days 06:00:00,102,26.0,145.0,956.1,100.5
2026-07-30 18:00:00,WP122026,22,2026-08-04 06:00:00,4 days 12:00:00,108,26.0,144.0,957.3,99.2
2026-07-30 18:00:00,WP122026,22,2026-08-04 12:00:00,4 days 18:00:00,114,26.13,142.75,957.7,98.8
2026-07-30 18:00:00,WP122026,22,2026-08-04 18:00:00,5 days 00:00:00,120,26.25,141.5,958.1,98.4
2026-07-30 18:00:00,WP122026,22,2026-08-05 00:00:00,5 days 06:00:00,126,26.75,140.38,960.1,96.1
2026-07-30 18:00:00,WP122026,22,2026-08-05 06:00:00,5 days 12:00:00,132,27.25,139.25,962.0,93.9
2026-07-30 18:00:00,WP122026,22,2026-08-05 12:00:00,5 days 18:00:00,138,27.38,137.75,961.6,94.4
2026-07-30 18:00:00,WP122026,22,2026-08-05 18:00:00,6 days 00:00:00,144,27.5,136.25,961.1,95.0
2026-07-30 18:00:00,WP122026,22,2026-08-06 00:00:00,6 days 06:00:00,150,27.51,134.62,962.0,93.9
2026-07-30 18:00:00,WP122026,22,2026-08-06 06:00:00,6 days 12:00:00,156,27.5,133.0,962.9,92.9
2026-07-30 18:00:00,WP122026,22,2026-08-06 12:00:00,6 days 18:00:00,162,28.01,131.63,963.5,92.2
2026-07-30 18:00:00,WP122026,22,2026-08-06 18:00:00,7 days 00:00:00,168,28.5,130.25,964.0,91.6
2026-07-30 18:00:00,WP122026,22,2026-08-07 00:00:00,7 days 06:00:00,174,28.75,129.25,963.9,91.7
2026-07-30 18:00:00,WP122026,22,2026-08-07 06:00:00,7 days 12:00:00,180,29.0,128.25,963.8,91.8
2026-07-30 18:00:00,WP122026,22,2026-08-07 12:00:00,7 days 18:00:00,186,29.0,127.12,966.0,89.3
2026-07-30 18:00:00,WP122026,22,2026-08-07 18:00:00,8 days 00:00:00,192,29.0,126.0,968.3,86.7
2026-07-30 18:00:00,WP122026,22,2026-08-08 00:00:00,8 days 06:00:00,198,29.38,125.5,967.7,87.3
2026-07-30 18:00:00,WP122026,22,2026-08-08 06:00:00,8 days 12:00:00,204,29.75,125.0,967.1,88.0
2026-07-30 18:00:00,WP122026,22,2026-08-08 12:00:00,8 days 18:00:00,210,29.88,124.5,965.1,90.3
2026-07-30 18:00:00,WP122026,22,2026-08-08 18:00:00,9 days 00:00:00,216,30.0,124.0,963.1,92.7
2026-07-30 18:00:00,WP122026,22,2026-08-09 00:00:00,9 days 06:00:00,222,30.5,123.88,963.5,92.3
2026-07-30 18:00:00,WP122026,22,2026-08-09 06:00:00,9 days 12:00:00,228,31.0,123.75,963.8,91.9
2026-07-30 18:00:00,WP122026,22,2026-08-09 12:00:00,9 days 18:00:00,234,31.88,123.75,964.8,90.8
2026-07-30 18:00:00,WP122026,22,2026-08-09 18:00:00,10 days 00:00:00,240,32.75,123.75,965.8,89.6
2026-07-30 18:00:00,WP122026,22,2026-08-10 00:00:00,10 days 06:00:00,246,33.0,123.87,968.3,86.6
2026-07-30 18:00:00,WP122026,22,2026-08-10 06:00:00,10 days 12:00:00,252,33.25,124.0,970.8,83.7
2026-07-30 18:00:00,WP122026,22,2026-08-10 12:00:00,10 days 18:00:00,258,34.0,123.5,973.2,80.7
2026-07-30 18:00:00,WP122026,22,2026-08-10 18:00:00,11 days 00:00:00,264,34.75,123.0,975.7,77.7
2026-07-30 18:00:00,WP122026,22,2026-08-11 00:00:00,11 days 06:00:00,270,35.75,123.49,979.1,73.3
2026-07-30 18:00:00,WP122026,22,2026-08-11 06:00:00,11 days 12:00:00,276,36.75,124.0,982.5,68.9
2026-07-30 18:00:00,WP122026,22,2026-08-11 12:00:00,11 days 18:00:00,282,37.38,124.37,982.2,69.3
2026-07-30 18:00:00,WP122026,22,2026-08-11 18:00:00,12 days 00:00:00,288,38.0,124.75,981.9,69.7
2026-07-30 18:00:00,WP122026,22,2026-08-12 00:00:00,12 days 06:00:00,294,40.38,125.84,984.7,66.1
2026-07-30 18:00:00,WP122026,22,2026-08-12 06:00:00,12 days 12:00:00,300,42.75,127.0,987.4,62.4
2026-07-30 18:00:00,WP122026,22,2026-08-12 12:00:00,12 days 18:00:00,306,43.75,126.75,986.9,63.1
2026-07-30 18:00:00,WP122026,22,2026-08-12 18:00:00,13 days 00:00:00,312,44.75,126.5,986.4,63.7
2026-07-30 18:00:00,WP122026,22,2026-08-13 00:00:00,13 days 06:00:00,318,45.0,125.63,987.5,62.3
2026-07-30 18:00:00,WP122026,22,2026-08-13 06:00:00,13 days 12:00:00,324,45.25,124.75,988.5,60.8
2026-07-30 18:00:00,WP122026,22,2026-08-13 12:00:00,13 days 18:00:00,330,44.75,125.25,990.0,58.7
2026-07-30 18:00:00,WP122026,22,2026-08-13 18:00:00,14 days 00:00:00,336,44.25,125.75,991.5,56.7
2026-07-30 18:00:00,EP072026,23,2026-07-30 18:00:00,0 days 00:00:00,0,20.5,-124.25,987.6,62.1
2026-07-30 18:00:00,EP072026,23,2026-07-31 00:00:00,0 days 06:00:00,6,20.88,-125.5,989.7,59.1
2026-07-30 18:00:00,EP072026,23,2026-07-31 06:00:00,0 days 12:00:00,12,21.25,-126.75,991.8,56.2
2026-07-30 18:00:00,EP072026,23,2026-07-31 12:00:00,0 days 18:00:00,18,21.5,-128.0,993.5,53.7
2026-07-30 18:00:00,EP072026,23,2026-07-31 18:00:00,1 days 00:00:00,24,21.75,-129.25,995.2,51.2
2026-07-30 18:00:00,EP072026,23,2026-08-01 00:00:00,1 days 06:00:00,30,22.01,-130.62,997.2,48.1
2026-07-30 18:00:00,EP072026,23,2026-08-01 06:00:00,1 days 12:00:00,36,22.25,-132.0,999.2,44.9
2026-07-30 18:00:00,EP072026,23,2026-08-01 12:00:00,1 days 18:00:00,42,22.63,-133.5,1001.5,41.0
2026-07-30 18:00:00,EP072026,23,2026-08-01 18:00:00,2 days 00:00:00,48,23.0,-135.0,1003.9,37.1
2026-07-30 18:00:00,EP072026,23,2026-08-02 00:00:00,2 days 06:00:00,54,23.26,-136.37,1005.1,34.9
2026-07-30 18:00:00,EP072026,23,2026-08-02 06:00:00,2 days 12:00:00,60,23.5,-137.75,1006.3,32.8
2026-07-30 18:00:00,EP072026,23,2026-08-02 12:00:00,2 days 18:00:00,66,23.76,-139.25,1007.3,30.8
2026-07-30 18:00:00,EP072026,23,2026-08-02 18:00:00,3 days 00:00:00,72,24.0,-140.75,1008.4,28.8
2026-07-30 18:00:00,EP072026,23,2026-08-03 00:00:00,3 days 06:00:00,78,24.38,-141.5,1007.4,30.5
2026-07-30 18:00:00,EP072026,23,2026-08-03 06:00:00,3 days 12:00:00,84,24.75,-142.25,1006.5,32.3
2026-07-30 18:00:00,WP122026,23,2026-07-30 18:00:00,0 days 00:00:00,0,17.75,162.75,951.7,105.4
2026-07-30 18:00:00,WP122026,23,2026-07-31 00:00:00,0 days 06:00:00,6,18.13,161.88,952.3,104.7
2026-07-30 18:00:00,WP122026,23,2026-07-31 06:00:00,0 days 12:00:00,12,18.5,161.0,952.9,104.0
2026-07-30 18:00:00,WP122026,23,2026-07-31 12:00:00,0 days 18:00:00,18,19.0,160.38,954.6,102.2
2026-07-30 18:00:00,WP122026,23,2026-07-31 18:00:00,1 days 00:00:00,24,19.5,159.75,956.3,100.3
2026-07-30 18:00:00,WP122026,23,2026-08-01 00:00:00,1 days 06:00:00,30,20.25,158.63,956.5,100.1
2026-07-30 18:00:00,WP122026,23,2026-08-01 06:00:00,1 days 12:00:00,36,21.0,157.5,956.6,100.0
2026-07-30 18:00:00,WP122026,23,2026-08-01 12:00:00,1 days 18:00:00,42,21.76,156.13,956.4,100.2
2026-07-30 18:00:00,WP122026,23,2026-08-01 18:00:00,2 days 00:00:00,48,22.5,154.75,956.2,100.5
2026-07-30 18:00:00,WP122026,23,2026-08-02 00:00:00,2 days 06:00:00,54,23.13,153.38,954.1,102.7
2026-07-30 18:00:00,WP122026,23,2026-08-02 06:00:00,2 days 12:00:00,60,23.75,152.0,952.1,105.0
2026-07-30 18:00:00,WP122026,23,2026-08-02 12:00:00,2 days 18:00:00,66,23.88,150.63,951.1,106.1
2026-07-30 18:00:00,WP122026,23,2026-08-02 18:00:00,3 days 00:00:00,72,24.0,149.25,950.1,107.1
2026-07-30 18:00:00,WP122026,23,2026-08-03 00:00:00,3 days 06:00:00,78,24.25,148.25,947.7,109.7
2026-07-30 18:00:00,WP122026,23,2026-08-03 06:00:00,3 days 12:00:00,84,24.5,147.25,945.3,112.2
2026-07-30 18:00:00,WP122026,23,2026-08-03 12:00:00,3 days 18:00:00,90,24.88,146.13,949.1,108.1
2026-07-30 18:00:00,WP122026,23,2026-08-03 18:00:00,4 days 00:00:00,96,25.25,145.0,952.9,104.1
2026-07-30 18:00:00,WP122026,23,2026-08-04 00:00:00,4 days 06:00:00,102,25.13,144.0,951.6,105.5
2026-07-30 18:00:00,WP122026,23,2026-08-04 06:00:00,4 days 12:00:00,108,25.0,143.0,950.3,106.9
2026-07-30 18:00:00,WP122026,23,2026-08-04 12:00:00,4 days 18:00:00,114,25.38,141.5,951.9,105.2
2026-07-30 18:00:00,WP122026,23,2026-08-04 18:00:00,5 days 00:00:00,120,25.75,140.0,953.4,103.5
2026-07-30 18:00:00,WP122026,23,2026-08-05 00:00:00,5 days 06:00:00,126,25.51,138.62,952.4,104.6
2026-07-30 18:00:00,WP122026,23,2026-08-05 06:00:00,5 days 12:00:00,132,25.25,137.25,951.3,105.8
2026-07-30 18:00:00,WP122026,23,2026-08-05 12:00:00,5 days 18:00:00,138,25.38,136.25,951.9,105.2
2026-07-30 18:00:00,WP122026,23,2026-08-05 18:00:00,6 days 00:00:00,144,25.5,135.25,952.4,104.6
2026-07-30 18:00:00,WP122026,23,2026-08-06 00:00:00,6 days 06:00:00,150,26.01,133.88,954.9,101.9
2026-07-30 18:00:00,WP122026,23,2026-08-06 06:00:00,6 days 12:00:00,156,26.5,132.5,957.4,99.2
2026-07-30 18:00:00,WP122026,23,2026-08-06 12:00:00,6 days 18:00:00,162,26.75,131.38,959.9,96.3
2026-07-30 18:00:00,WP122026,23,2026-08-06 18:00:00,7 days 00:00:00,168,27.0,130.25,962.4,93.5
2026-07-30 18:00:00,WP122026,23,2026-08-07 00:00:00,7 days 06:00:00,174,27.38,129.25,961.5,94.5
2026-07-30 18:00:00,WP122026,23,2026-08-07 06:00:00,7 days 12:00:00,180,27.75,128.25,960.7,95.5
2026-07-30 18:00:00,WP122026,23,2026-08-07 12:00:00,7 days 18:00:00,186,27.88,127.0,962.3,93.7
2026-07-30 18:00:00,WP122026,23,2026-08-07 18:00:00,8 days 00:00:00,192,28.0,125.75,963.8,91.8
2026-07-30 18:00:00,WP122026,23,2026-08-08 00:00:00,8 days 06:00:00,198,28.13,125.25,961.6,94.3
2026-07-30 18:00:00,WP122026,23,2026-08-08 06:00:00,8 days 12:00:00,204,28.25,124.75,959.4,96.8
2026-07-30 18:00:00,WP122026,23,2026-08-08 12:00:00,8 days 18:00:00,210,28.76,123.38,962.1,93.9
2026-07-30 18:00:00,WP122026,23,2026-08-08 18:00:00,9 days 00:00:00,216,29.25,122.0,964.7,90.9
2026-07-30 18:00:00,WP122026,23,2026-08-09 00:00:00,9 days 06:00:00,222,29.38,120.75,971.9,82.1
2026-07-30 18:00:00,WP122026,23,2026-08-09 06:00:00,9 days 12:00:00,228,29.5,119.5,979.2,73.3
2026-07-30 18:00:00,WP122026,23,2026-08-09 12:00:00,9 days 18:00:00,234,30.13,118.26,981.6,70.0
2026-07-30 18:00:00,WP122026,23,2026-08-09 18:00:00,10 days 00:00:00,240,30.75,117.0,984.1,66.8
2026-07-30 18:00:00,WP122026,23,2026-08-10 00:00:00,10 days 06:00:00,246,31.63,116.26,986.3,63.9
2026-07-30 18:00:00,WP122026,23,2026-08-10 06:00:00,10 days 12:00:00,252,32.5,115.5,988.4,61.0
2026-07-30 18:00:00,WP122026,23,2026-08-10 12:00:00,10 days 18:00:00,258,33.63,115.5,989.6,59.4
2026-07-30 18:00:00,WP122026,23,2026-08-10 18:00:00,11 days 00:00:00,264,34.75,115.5,990.7,57.7
2026-07-30 18:00:00,WP122026,23,2026-08-11 00:00:00,11 days 06:00:00,270,36.5,115.62,990.3,58.4
2026-07-30 18:00:00,WP122026,23,2026-08-11 06:00:00,11 days 12:00:00,276,38.25,115.75,989.8,59.0
2026-07-30 18:00:00,WP122026,23,2026-08-11 12:00:00,11 days 18:00:00,282,38.88,116.49,991.2,57.1
2026-07-30 18:00:00,WP122026,23,2026-08-11 18:00:00,12 days 00:00:00,288,39.5,117.25,992.5,55.2
2026-07-30 18:00:00,EP072026,24,2026-07-30 18:00:00,0 days 00:00:00,0,20.5,-124.25,987.6,62.1
2026-07-30 18:00:00,EP072026,24,2026-07-31 00:00:00,0 days 06:00:00,6,21.0,-125.5,988.8,60.5
2026-07-30 18:00:00,EP072026,24,2026-07-31 06:00:00,0 days 12:00:00,12,21.5,-126.75,989.9,58.9
2026-07-30 18:00:00,EP072026,24,2026-07-31 12:00:00,0 days 18:00:00,18,21.63,-128.12,993.6,53.3
2026-07-30 18:00:00,EP072026,24,2026-07-31 18:00:00,1 days 00:00:00,24,21.75,-129.5,997.4,47.8
2026-07-30 18:00:00,EP072026,24,2026-08-01 00:00:00,1 days 06:00:00,30,22.26,-130.87,999.7,44.1
2026-07-30 18:00:00,EP072026,24,2026-08-01 06:00:00,1 days 12:00:00,36,22.75,-132.25,1001.9,40.5
2026-07-30 18:00:00,EP072026,24,2026-08-01 12:00:00,1 days 18:00:00,42,22.88,-134.0,1003.7,37.4
2026-07-30 18:00:00,EP072026,24,2026-08-01 18:00:00,2 days 00:00:00,48,23.0,-135.75,1005.5,34.3
2026-07-30 18:00:00,EP072026,24,2026-08-02 00:00:00,2 days 06:00:00,54,23.38,-137.0,1007.3,30.8
2026-07-30 18:00:00,EP072026,24,2026-08-02 06:00:00,2 days 12:00:00,60,23.75,-138.25,1009.1,27.2
2026-07-30 18:00:00,WP122026,24,2026-07-30 18:00:00,0 days 00:00:00,0,17.75,162.75,951.7,105.4
2026-07-30 18:00:00,WP122026,24,2026-07-31 00:00:00,0 days 06:00:00,6,18.13,161.88,953.2,103.8
2026-07-30 18:00:00,WP122026,24,2026-07-31 06:00:00,0 days 12:00:00,12,18.5,161.0,954.6,102.2
2026-07-30 18:00:00,WP122026,24,2026-07-31 12:00:00,0 days 18:00:00,18,19.13,160.13,957.0,99.5
2026-07-30 18:00:00,WP122026,24,2026-07-31 18:00:00,1 days 00:00:00,24,19.75,159.25,959.5,96.8
2026-07-30 18:00:00,WP122026,24,2026-08-01 00:00:00,1 days 06:00:00,30,20.5,158.25,957.1,99.4
2026-07-30 18:00:00,WP122026,24,2026-08-01 06:00:00,1 days 12:00:00,36,21.25,157.25,954.8,102.0
2026-07-30 18:00:00,WP122026,24,2026-08-01 12:00:00,1 days 18:00:00,42,21.75,156.25,954.3,102.6
2026-07-30 18:00:00,WP122026,24,2026-08-01 18:00:00,2 days 00:00:00,48,22.25,155.25,953.8,103.1
2026-07-30 18:00:00,WP122026,24,2026-08-02 00:00:00,2 days 06:00:00,54,22.88,154.13,952.0,105.0
2026-07-30 18:00:00,WP122026,24,2026-08-02 06:00:00,2 days 12:00:00,60,23.5,153.0,950.2,107.0
2026-07-30 18:00:00,WP122026,24,2026-08-02 12:00:00,2 days 18:00:00,66,23.88,151.63,950.8,106.4
2026-07-30 18:00:00,WP122026,24,2026-08-02 18:00:00,3 days 00:00:00,72,24.25,150.25,951.3,105.8
2026-07-30 18:00:00,WP122026,24,2026-08-03 00:00:00,3 days 06:00:00,78,24.76,149.01,953.0,103.9
2026-07-30 18:00:00,WP122026,24,2026-08-03 06:00:00,3 days 12:00:00,84,25.25,147.75,954.7,102.1
2026-07-30 18:00:00,WP122026,24,2026-08-03 12:00:00,3 days 18:00:00,90,25.38,146.63,952.8,104.2
2026-07-30 18:00:00,WP122026,24,2026-08-03 18:00:00,4 days 00:00:00,96,25.5,145.5,950.9,106.2
2026-07-30 18:00:00,WP122026,24,2026-08-04 00:00:00,4 days 06:00:00,102,25.63,144.38,951.7,105.4
2026-07-30 18:00:00,WP122026,24,2026-08-04 06:00:00,4 days 12:00:00,108,25.75,143.25,952.5,104.5
2026-07-30 18:00:00,WP122026,24,2026-08-04 12:00:00,4 days 18:00:00,114,25.75,142.12,952.6,104.4
2026-07-30 18:00:00,WP122026,24,2026-08-04 18:00:00,5 days 00:00:00,120,25.75,141.0,952.7,104.3
2026-07-30 18:00:00,WP122026,24,2026-08-05 00:00:00,5 days 06:00:00,126,25.76,139.5,955.8,100.9
2026-07-30 18:00:00,WP122026,24,2026-08-05 06:00:00,5 days 12:00:00,132,25.75,138.0,958.9,97.4
2026-07-30 18:00:00,WP122026,24,2026-08-05 12:00:00,5 days 18:00:00,138,25.88,136.38,955.2,101.5
2026-07-30 18:00:00,WP122026,24,2026-08-05 18:00:00,6 days 00:00:00,144,26.0,134.75,951.5,105.6
2026-07-30 18:00:00,WP122026,24,2026-08-06 00:00:00,6 days 06:00:00,150,26.13,133.25,949.6,107.6
2026-07-30 18:00:00,WP122026,24,2026-08-06 06:00:00,6 days 12:00:00,156,26.25,131.75,947.8,109.6
2026-07-30 18:00:00,WP122026,24,2026-08-06 12:00:00,6 days 18:00:00,162,26.76,130.26,949.8,107.4
2026-07-30 18:00:00,WP122026,24,2026-08-06 18:00:00,7 days 00:00:00,168,27.25,128.75,951.8,105.3
2026-07-30 18:00:00,WP122026,24,2026-08-07 00:00:00,7 days 06:00:00,174,27.26,127.5,950.0,107.2
2026-07-30 18:00:00,WP122026,24,2026-08-07 06:00:00,7 days 12:00:00,180,27.25,126.25,948.3,109.1
2026-07-30 18:00:00,WP122026,24,2026-08-07 12:00:00,7 days 18:00:00,186,28.13,125.13,951.7,105.3
2026-07-30 18:00:00,WP122026,24,2026-08-07 18:00:00,8 days 00:00:00,192,29.0,124.0,955.2,101.5
2026-07-30 18:00:00,WP122026,24,2026-08-08 00:00:00,8 days 06:00:00,198,29.51,122.63,960.7,95.4
2026-07-30 18:00:00,WP122026,24,2026-08-08 06:00:00,8 days 12:00:00,204,30.0,121.25,966.1,89.2
2026-07-30 18:00:00,WP122026,24,2026-08-08 12:00:00,8 days 18:00:00,210,30.63,119.76,973.2,80.5
2026-07-30 18:00:00,WP122026,24,2026-08-08 18:00:00,9 days 00:00:00,216,31.25,118.25,980.3,71.8
2026-07-30 18:00:00,WP122026,24,2026-08-09 00:00:00,9 days 06:00:00,222,31.51,116.5,984.2,66.6
2026-07-30 18:00:00,WP122026,24,2026-08-09 06:00:00,9 days 12:00:00,228,31.75,114.75,988.1,61.4
2026-07-30 18:00:00,WP122026,24,2026-08-09 12:00:00,9 days 18:00:00,234,31.88,113.63,990.9,57.4
2026-07-30 18:00:00,WP122026,24,2026-08-09 18:00:00,10 days 00:00:00,240,32.0,112.5,993.7,53.4
2026-07-30 18:00:00,EP072026,25,2026-07-30 18:00:00,0 days 00:00:00,0,20.5,-124.25,987.6,62.1
2026-07-30 18:00:00,EP072026,25,2026-07-31 00:00:00,0 days 06:00:00,6,20.88,-125.5,989.1,60.0
2026-07-30 18:00:00,EP072026,25,2026-07-31 06:00:00,0 days 12:00:00,12,21.25,-126.75,990.6,57.8
2026-07-30 18:00:00,EP072026,25,2026-07-31 12:00:00,0 days 18:00:00,18,21.63,-128.0,991.9,56.0
2026-07-30 18:00:00,EP072026,25,2026-07-31 18:00:00,1 days 00:00:00,24,22.0,-129.25,993.1,54.2
2026-07-30 18:00:00,EP072026,25,2026-08-01 00:00:00,1 days 06:00:00,30,22.25,-130.5,995.6,50.5
2026-07-30 18:00:00,EP072026,25,2026-08-01 06:00:00,1 days 12:00:00,36,22.5,-131.75,998.1,46.7
2026-07-30 18:00:00,EP072026,25,2026-08-01 12:00:00,1 days 18:00:00,42,22.76,-133.37,1000.7,42.3
2026-07-30 18:00:00,EP072026,25,2026-08-01 18:00:00,2 days 00:00:00,48,23.0,-135.0,1003.4,37.9
2026-07-30 18:00:00,EP072026,25,2026-08-02 00:00:00,2 days 06:00:00,54,23.38,-136.5,1004.9,35.2
2026-07-30 18:00:00,EP072026,25,2026-08-02 06:00:00,2 days 12:00:00,60,23.75,-138.0,1006.5,32.5
2026-07-30 18:00:00,EP072026,25,2026-08-02 12:00:00,2 days 18:00:00,66,24.14,-139.18,1006.6,32.1
2026-07-30 18:00:00,EP072026,25,2026-08-02 18:00:00,3 days 00:00:00,72,24.52,-140.36,1006.8,31.8
2026-07-30 18:00:00,EP072026,25,2026-08-03 00:00:00,3 days 06:00:00,78,24.89,-141.55,1007.0,31.4
2026-07-30 18:00:00,EP072026,25,2026-08-03 06:00:00,3 days 12:00:00,84,25.25,-142.75,1007.2,31.1
2026-07-30 18:00:00,EP072026,25,2026-08-03 12:00:00,3 days 18:00:00,90,25.63,-143.25,1007.4,30.6
2026-07-30 18:00:00,EP072026,25,2026-08-03 18:00:00,4 days 00:00:00,96,26.0,-143.75,1007.7,30.1
2026-07-30 18:00:00,WP122026,25,2026-07-30 18:00:00,0 days 00:00:00,0,17.75,162.75,951.7,105.4
2026-07-30 18:00:00,WP122026,25,2026-07-31 00:00:00,0 days 06:00:00,6,18.13,161.88,953.4,103.5
2026-07-30 18:00:00,WP122026,25,2026-07-31 06:00:00,0 days 12:00:00,12,18.5,161.0,955.2,101.6
2026-07-30 18:00:00,WP122026,25,2026-07-31 12:00:00,0 days 18:00:00,18,19.13,160.13,956.5,100.1
2026-07-30 18:00:00,WP122026,25,2026-07-31 18:00:00,1 days 00:00:00,24,19.75,159.25,957.8,98.7
2026-07-30 18:00:00,WP122026,25,2026-08-01 00:00:00,1 days 06:00:00,30,20.38,158.25,955.3,101.4
2026-07-30 18:00:00,WP122026,25,2026-08-01 06:00:00,1 days 12:00:00,36,21.0,157.25,952.8,104.2
2026-07-30 18:00:00,WP122026,25,2026-08-01 12:00:00,1 days 18:00:00,42,21.75,156.26,951.9,105.1
2026-07-30 18:00:00,WP122026,25,2026-08-01 18:00:00,2 days 00:00:00,48,22.5,155.25,951.0,106.1
2026-07-30 18:00:00,WP122026,25,2026-08-02 00:00:00,2 days 06:00:00,54,23.01,153.88,950.3,106.9
2026-07-30 18:00:00,WP122026,25,2026-08-02 06:00:00,2 days 12:00:00,60,23.5,152.5,949.5,107.8
2026-07-30 18:00:00,WP122026,25,2026-08-02 12:00:00,2 days 18:00:00,66,23.88,151.13,950.2,107.0
2026-07-30 18:00:00,WP122026,25,2026-08-02 18:00:00,3 days 00:00:00,72,24.25,149.75,950.9,106.3
2026-07-30 18:00:00,WP122026,25,2026-08-03 00:00:00,3 days 06:00:00,78,24.38,148.63,951.5,105.6
2026-07-30 18:00:00,WP122026,25,2026-08-03 06:00:00,3 days 12:00:00,84,24.5,147.5,952.1,104.9
2026-07-30 18:00:00,WP122026,25,2026-08-03 12:00:00,3 days 18:00:00,90,24.63,146.25,952.7,104.3
2026-07-30 18:00:00,WP122026,25,2026-08-03 18:00:00,4 days 00:00:00,96,24.75,145.0,953.3,103.7
2026-07-30 18:00:00,WP122026,25,2026-08-04 00:00:00,4 days 06:00:00,102,24.88,144.0,952.9,104.1
2026-07-30 18:00:00,WP122026,25,2026-08-04 06:00:00,4 days 12:00:00,108,25.0,143.0,952.4,104.6
2026-07-30 18:00:00,WP122026,25,2026-08-04 12:00:00,4 days 18:00:00,114,25.0,141.88,952.9,104.1
2026-07-30 18:00:00,WP122026,25,2026-08-04 18:00:00,5 days 00:00:00,120,25.0,140.75,953.4,103.6
2026-07-30 18:00:00,WP122026,25,2026-08-05 00:00:00,5 days 06:00:00,126,25.26,139.38,954.8,102.0
2026-07-30 18:00:00,WP122026,25,2026-08-05 06:00:00,5 days 12:00:00,132,25.5,138.0,956.2,100.5
2026-07-30 18:00:00,WP122026,25,2026-08-05 12:00:00,5 days 18:00:00,138,25.13,136.37,957.2,99.4
2026-07-30 18:00:00,WP122026,25,2026-08-05 18:00:00,6 days 00:00:00,144,24.75,134.75,958.2,98.3
2026-07-30 18:00:00,WP122026,25,2026-08-06 00:00:00,6 days 06:00:00,150,25.13,133.63,957.8,98.7
2026-07-30 18:00:00,WP122026,25,2026-08-06 06:00:00,6 days 12:00:00,156,25.5,132.5,957.4,99.1
2026-07-30 18:00:00,WP122026,25,2026-08-06 12:00:00,6 days 18:00:00,162,25.51,131.0,959.3,97.0
2026-07-30 18:00:00,WP122026,25,2026-08-06 18:00:00,7 days 00:00:00,168,25.5,129.5,961.2,94.9
2026-07-30 18:00:00,WP122026,25,2026-08-07 00:00:00,7 days 06:00:00,174,25.75,128.63,962.5,93.3
2026-07-30 18:00:00,WP122026,25,2026-08-07 06:00:00,7 days 12:00:00,180,26.0,127.75,963.9,91.7
2026-07-30 18:00:00,WP122026,25,2026-08-07 12:00:00,7 days 18:00:00,186,25.76,126.37,964.6,90.9
2026-07-30 18:00:00,WP122026,25,2026-08-07 18:00:00,8 days 00:00:00,192,25.5,125.0,965.3,90.1
2026-07-30 18:00:00,WP122026,25,2026-08-08 00:00:00,8 days 06:00:00,198,26.13,124.38,967.2,87.9
2026-07-30 18:00:00,WP122026,25,2026-08-08 06:00:00,8 days 12:00:00,204,26.75,123.75,969.1,85.7
2026-07-30 18:00:00,WP122026,25,2026-08-08 12:00:00,8 days 18:00:00,210,26.63,122.37,968.5,86.4
2026-07-30 18:00:00,WP122026,25,2026-08-08 18:00:00,9 days 00:00:00,216,26.5,121.0,967.9,87.1
2026-07-30 18:00:00,WP122026,25,2026-08-09 00:00:00,9 days 06:00:00,222,26.76,119.75,975.7,77.3
2026-07-30 18:00:00,WP122026,25,2026-08-09 06:00:00,9 days 12:00:00,228,27.0,118.5,983.6,67.5
2026-07-30 18:00:00,WP122026,25,2026-08-09 12:00:00,9 days 18:00:00,234,27.13,117.63,985.2,65.4
2026-07-30 18:00:00,WP122026,25,2026-08-09 18:00:00,10 days 00:00:00,240,27.25,116.75,986.8,63.2
2026-07-30 18:00:00,WP122026,25,2026-08-10 00:00:00,10 days 06:00:00,246,27.63,116.5,988.1,61.3
2026-07-30 18:00:00,WP122026,25,2026-08-10 06:00:00,10 days 12:00:00,252,28.0,116.25,989.5,59.5
2026-07-30 18:00:00,WP122026,25,2026-08-10 12:00:00,10 days 18:00:00,258,27.39,114.49,990.3,58.3
2026-07-30 18:00:00,WP122026,25,2026-08-10 18:00:00,11 days 00:00:00,264,26.75,112.75,991.1,57.1
2026-07-30 18:00:00,WP122026,25,2026-08-11 00:00:00,11 days 06:00:00,270,25.88,113.13,991.5,56.7
2026-07-30 18:00:00,WP122026,25,2026-08-11 06:00:00,11 days 12:00:00,276,25.0,113.5,991.8,56.2
2026-07-30 18:00:00,EP072026,26,2026-07-30 18:00:00,0 days 00:00:00,0,20.5,-124.25,987.6,62.1
2026-07-30 18:00:00,EP072026,26,2026-07-31 00:00:00,0 days 06:00:00,6,20.88,-125.62,989.7,59.2
2026-07-30 18:00:00,EP072026,26,2026-07-31 06:00:00,0 days 12:00:00,12,21.25,-127.0,991.7,56.3
2026-07-30 18:00:00,EP072026,26,2026-07-31 12:00:00,0 days 18:00:00,18,21.63,-128.37,994.4,52.3
2026-07-30 18:00:00,EP072026,26,2026-07-31 18:00:00,1 days 00:00:00,24,22.0,-129.75,997.1,48.3
2026-07-30 18:00:00,EP072026,26,2026-08-01 00:00:00,1 days 06:00:00,30,22.13,-131.12,997.7,47.4
2026-07-30 18:00:00,EP072026,26,2026-08-01 06:00:00,1 days 12:00:00,36,22.25,-132.5,998.3,46.4
2026-07-30 18:00:00,EP072026,26,2026-08-01 12:00:00,1 days 18:00:00,42,22.63,-134.0,1000.1,43.4
2026-07-30 18:00:00,EP072026,26,2026-08-01 18:00:00,2 days 00:00:00,48,23.0,-135.5,1001.9,40.4
2026-07-30 18:00:00,WP122026,26,2026-07-30 18:00:00,0 days 00:00:00,0,17.75,162.75,951.7,105.4
2026-07-30 18:00:00,WP122026,26,2026-07-31 00:00:00,0 days 06:00:00,6,18.13,161.88,953.2,103.7
2026-07-30 18:00:00,WP122026,26,2026-07-31 06:00:00,0 days 12:00:00,12,18.5,161.0,954.7,102.1
2026-07-30 18:00:00,WP122026,26,2026-07-31 12:00:00,0 days 18:00:00,18,19.0,160.25,957.7,98.8
2026-07-30 18:00:00,WP122026,26,2026-07-31 18:00:00,1 days 00:00:00,24,19.5,159.5,960.6,95.5
2026-07-30 18:00:00,WP122026,26,2026-08-01 00:00:00,1 days 06:00:00,30,20.0,158.63,957.7,98.8
2026-07-30 18:00:00,WP122026,26,2026-08-01 06:00:00,1 days 12:00:00,36,20.5,157.75,954.7,102.1
2026-07-30 18:00:00,WP122026,26,2026-08-01 12:00:00,1 days 18:00:00,42,21.13,156.63,953.3,103.7
2026-07-30 18:00:00,WP122026,26,2026-08-01 18:00:00,2 days 00:00:00,48,21.75,155.5,951.8,105.2
2026-07-30 18:00:00,WP122026,26,2026-08-02 00:00:00,2 days 06:00:00,54,22.38,154.26,951.6,105.4
2026-07-30 18:00:00,WP122026,26,2026-08-02 06:00:00,2 days 12:00:00,60,23.0,153.0,951.4,105.7
2026-07-30 18:00:00,WP122026,26,2026-08-02 12:00:00,2 days 18:00:00,66,23.25,151.75,951.1,106.0
2026-07-30 18:00:00,WP122026,26,2026-08-02 18:00:00,3 days 00:00:00,72,23.5,150.5,950.8,106.3
2026-07-30 18:00:00,WP122026,26,2026-08-03 00:00:00,3 days 06:00:00,78,24.0,149.38,949.0,108.3
2026-07-30 18:00:00,WP122026,26,2026-08-03 06:00:00,3 days 12:00:00,84,24.5,148.25,947.1,110.3
2026-07-30 18:00:00,WP122026,26,2026-08-03 12:00:00,3 days 18:00:00,90,24.75,147.13,951.5,105.5
2026-07-30 18:00:00,WP122026,26,2026-08-03 18:00:00,4 days 00:00:00,96,25.0,146.0,955.9,100.8
2026-07-30 18:00:00,WP122026,26,2026-08-04 00:00:00,4 days 06:00:00,102,25.5,144.88,956.6,100.1
2026-07-30 18:00:00,WP122026,26,2026-08-04 06:00:00,4 days 12:00:00,108,26.0,143.75,957.3,99.3
2026-07-30 18:00:00,WP122026,26,2026-08-04 12:00:00,4 days 18:00:00,114,26.51,142.26,959.4,96.9
2026-07-30 18:00:00,WP122026,26,2026-08-04 18:00:00,5 days 00:00:00,120,27.0,140.75,961.5,94.5
2026-07-30 18:00:00,WP122026,26,2026-08-05 00:00:00,5 days 06:00:00,126,27.64,139.01,963.2,92.6
2026-07-30 18:00:00,WP122026,26,2026-08-05 06:00:00,5 days 12:00:00,132,28.25,137.25,964.8,90.7
2026-07-30 18:00:00,WP122026,26,2026-08-05 12:00:00,5 days 18:00:00,138,28.51,135.38,965.9,89.4
2026-07-30 18:00:00,WP122026,26,2026-08-05 18:00:00,6 days 00:00:00,144,28.75,133.5,967.0,88.1
2026-07-30 18:00:00,WP122026,26,2026-08-06 00:00:00,6 days 06:00:00,150,29.38,132.01,966.5,88.7
2026-07-30 18:00:00,WP122026,26,2026-08-06 06:00:00,6 days 12:00:00,156,30.0,130.5,966.0,89.3
2026-07-30 18:00:00,WP122026,26,2026-08-06 12:00:00,6 days 18:00:00,162,30.38,129.01,967.5,87.5
2026-07-30 18:00:00,WP122026,26,2026-08-06 18:00:00,7 days 00:00:00,168,30.75,127.5,969.0,85.8
2026-07-30 18:00:00,WP122026,26,2026-08-07 00:00:00,7 days 06:00:00,174,31.26,125.88,969.9,84.8
2026-07-30 18:00:00,WP122026,26,2026-08-07 06:00:00,7 days 12:00:00,180,31.75,124.25,970.7,83.8
2026-07-30 18:00:00,WP122026,26,2026-08-07 12:00:00,7 days 18:00:00,186,32.38,123.63,971.5,82.8
2026-07-30 18:00:00,WP122026,26,2026-08-07 18:00:00,8 days 00:00:00,192,33.0,123.0,972.4,81.8
2026-07-30 18:00:00,WP122026,26,2026-08-08 00:00:00,8 days 06:00:00,198,33.51,121.88,973.9,79.8
2026-07-30 18:00:00,WP122026,26,2026-08-08 06:00:00,8 days 12:00:00,204,34.0,120.75,975.5,77.9
2026-07-30 18:00:00,WP122026,26,2026-08-08 12:00:00,8 days 18:00:00,210,34.5,120.13,976.4,76.8
2026-07-30 18:00:00,WP122026,26,2026-08-08 18:00:00,9 days 00:00:00,216,35.0,119.5,977.2,75.7
2026-07-30 18:00:00,WP122026,26,2026-08-09 00:00:00,9 days 06:00:00,222,35.0,119.0,981.4,70.3
2026-07-30 18:00:00,WP122026,26,2026-08-09 06:00:00,9 days 12:00:00,228,35.0,118.5,985.6,64.9
2026-07-30 18:00:00,WP122026,26,2026-08-09 12:00:00,9 days 18:00:00,234,36.13,118.75,984.6,66.2
2026-07-30 18:00:00,WP122026,26,2026-08-09 18:00:00,10 days 00:00:00,240,37.25,119.0,983.6,67.5
2026-07-30 18:00:00,WP122026,26,2026-08-10 00:00:00,10 days 06:00:00,246,37.75,119.25,984.1,66.8
2026-07-30 18:00:00,WP122026,26,2026-08-10 06:00:00,10 days 12:00:00,252,38.25,119.5,984.6,66.2
2026-07-30 18:00:00,WP122026,26,2026-08-10 12:00:00,10 days 18:00:00,258,38.63,120.74,984.3,66.5
2026-07-30 18:00:00,WP122026,26,2026-08-10 18:00:00,11 days 00:00:00,264,39.0,122.0,984.1,66.9
2026-07-30 18:00:00,WP122026,26,2026-08-11 00:00:00,11 days 06:00:00,270,39.13,122.62,985.1,65.4
2026-07-30 18:00:00,WP122026,26,2026-08-11 06:00:00,11 days 12:00:00,276,39.25,123.25,986.2,64.0
2026-07-30 18:00:00,WP122026,26,2026-08-11 12:00:00,11 days 18:00:00,282,39.0,124.0,989.7,59.0
2026-07-30 18:00:00,WP122026,26,2026-08-11 18:00:00,12 days 00:00:00,288,38.75,124.75,993.2,54.1
2026-07-30 18:00:00,WP122026,26,2026-08-12 00:00:00,12 days 06:00:00,294,38.64,126.63,994.7,51.9
2026-07-30 18:00:00,WP122026,26,2026-08-12 06:00:00,12 days 12:00:00,300,38.5,128.5,996.1,49.7
2026-07-30 18:00:00,EP072026,27,2026-07-30 18:00:00,0 days 00:00:00,0,20.5,-124.25,987.6,62.1
2026-07-30 18:00:00,EP072026,27,2026-07-31 00:00:00,0 days 06:00:00,6,20.88,-125.62,988.5,60.8
2026-07-30 18:00:00,EP072026,27,2026-07-31 06:00:00,0 days 12:00:00,12,21.25,-127.0,989.5,59.5
2026-07-30 18:00:00,EP072026,27,2026-07-31 12:00:00,0 days 18:00:00,18,21.63,-128.25,993.4,53.7
2026-07-30 18:00:00,EP072026,27,2026-07-31 18:00:00,1 days 00:00:00,24,22.0,-129.5,997.3,48.0
2026-07-30 18:00:00,EP072026,27,2026-08-01 00:00:00,1 days 06:00:00,30,22.38,-130.87,998.9,45.3
2026-07-30 18:00:00,EP072026,27,2026-08-01 06:00:00,1 days 12:00:00,36,22.75,-132.25,1000.6,42.7
2026-07-30 18:00:00,EP072026,27,2026-08-01 12:00:00,1 days 18:00:00,42,23.01,-133.75,1003.2,38.2
2026-07-30 18:00:00,EP072026,27,2026-08-01 18:00:00,2 days 00:00:00,48,23.25,-135.25,1005.7,33.8
2026-07-30 18:00:00,EP072026,27,2026-08-02 00:00:00,2 days 06:00:00,54,23.51,-136.75,1007.5,30.4
2026-07-30 18:00:00,EP072026,27,2026-08-02 06:00:00,2 days 12:00:00,60,23.75,-138.25,1009.3,27.0
2026-07-30 18:00:00,EP072026,27,2026-08-02 12:00:00,2 days 18:00:00,66,24.63,-139.74,1009.1,27.4
2026-07-30 18:00:00,EP072026,27,2026-08-02 18:00:00,3 days 00:00:00,72,25.5,-141.25,1008.9,27.8
2026-07-30 18:00:00,EP072026,27,2026-08-03 00:00:00,3 days 06:00:00,78,26.0,-142.37,1008.8,28.0
2026-07-30 18:00:00,EP072026,27,2026-08-03 06:00:00,3 days 12:00:00,84,26.5,-143.5,1008.7,28.2
2026-07-30 18:00:00,EP072026,27,2026-08-03 12:00:00,3 days 18:00:00,90,27.13,-144.62,1009.8,25.8
2026-07-30 18:00:00,EP072026,27,2026-08-03 18:00:00,4 days 00:00:00,96,27.75,-145.75,1011.0,23.4
2026-07-30 18:00:00,WP122026,27,2026-07-30 18:00:00,0 days 00:00:00,0,17.75,162.75,951.7,105.4
2026-07-30 18:00:00,WP122026,27,2026-07-31 00:00:00,0 days 06:00:00,6,18.25,161.88,954.2,102.7
2026-07-30 18:00:00,WP122026,27,2026-07-31 06:00:00,0 days 12:00:00,12,18.75,161.0,956.6,100.0
2026-07-30 18:00:00,WP122026,27,2026-07-31 12:00:00,0 days 18:00:00,18,19.38,160.25,956.4,100.2
2026-07-30 18:00:00,WP122026,27,2026-07-31 18:00:00,1 days 00:00:00,24,20.0,159.5,956.2,100.4
2026-07-30 18:00:00,WP122026,27,2026-08-01 00:00:00,1 days 06:00:00,30,20.63,158.38,955.3,101.5
2026-07-30 18:00:00,WP122026,27,2026-08-01 06:00:00,1 days 12:00:00,36,21.25,157.25,954.3,102.6
2026-07-30 18:00:00,WP122026,27,2026-08-01 12:00:00,1 days 18:00:00,42,21.88,156.13,955.4,101.3
2026-07-30 18:00:00,WP122026,27,2026-08-01 18:00:00,2 days 00:00:00,48,22.5,155.0,956.5,100.1
2026-07-30 18:00:00,WP122026,27,2026-08-02 00:00:00,2 days 06:00:00,54,23.26,153.63,957.7,98.8
2026-07-30 18:00:00,WP122026,27,2026-08-02 06:00:00,2 days 12:00:00,60,24.0,152.25,958.9,97.5
2026-07-30 18:00:00,WP122026,27,2026-08-02 12:00:00,2 days 18:00:00,66,24.38,151.0,957.7,98.8
2026-07-30 18:00:00,WP122026,27,2026-08-02 18:00:00,3 days 00:00:00,72,24.75,149.75,956.6,100.0
2026-07-30 18:00:00,WP122026,27,2026-08-03 00:00:00,3 days 06:00:00,78,25.0,148.75,958.1,98.3
2026-07-30 18:00:00,WP122026,27,2026-08-03 06:00:00,3 days 12:00:00,84,25.25,147.75,959.7,96.6
2026-07-30 18:00:00,WP122026,27,2026-08-03 12:00:00,3 days 18:00:00,90,25.38,146.38,959.6,96.7
2026-07-30 18:00:00,WP122026,27,2026-08-03 18:00:00,4 days 00:00:00,96,25.5,145.0,959.5,96.8
2026-07-30 18:00:00,WP122026,27,2026-08-04 00:00:00,4 days 06:00:00,102,25.5,143.88,959.0,97.4
2026-07-30 18:00:00,WP122026,27,2026-08-04 06:00:00,4 days 12:00:00,108,25.5,142.75,958.5,97.9
2026-07-30 18:00:00,WP122026,27,2026-08-04 12:00:00,4 days 18:00:00,114,25.63,141.25,960.6,95.6
2026-07-30 18:00:00,WP122026,27,2026-08-04 18:00:00,5 days 00:00:00,120,25.75,139.75,962.6,93.2
2026-07-30 18:00:00,WP122026,27,2026-08-05 00:00:00,5 days 06:00:00,126,25.26,138.37,961.0,95.0
2026-07-30 18:00:00,WP122026,27,2026-08-05 06:00:00,5 days 12:00:00,132,24.75,137.0,959.5,96.8
2026-07-30 18:00:00,WP122026,27,2026-08-05 12:00:00,5 days 18:00:00,138,24.76,135.5,957.0,99.5
2026-07-30 18:00:00,WP122026,27,2026-08-05 18:00:00,6 days 00:00:00,144,24.75,134.0,954.6,102.2
2026-07-30 18:00:00,WP122026,27,2026-08-06 00:00:00,6 days 06:00:00,150,25.0,133.38,957.2,99.4
2026-07-30 18:00:00,WP122026,27,2026-08-06 06:00:00,6 days 12:00:00,156,25.25,132.75,959.8,96.5
2026-07-30 18:00:00,WP122026,27,2026-08-06 12:00:00,6 days 18:00:00,162,25.51,131.38,960.0,96.2
2026-07-30 18:00:00,WP122026,27,2026-08-06 18:00:00,7 days 00:00:00,168,25.75,130.0,960.3,95.8
2026-07-30 18:00:00,WP122026,27,2026-08-07 00:00:00,7 days 06:00:00,174,26.13,129.13,961.4,94.6
2026-07-30 18:00:00,WP122026,27,2026-08-07 06:00:00,7 days 12:00:00,180,26.5,128.25,962.5,93.4
2026-07-30 18:00:00,WP122026,27,2026-08-07 12:00:00,7 days 18:00:00,186,26.88,127.25,963.5,92.3
2026-07-30 18:00:00,WP122026,27,2026-08-07 18:00:00,8 days 00:00:00,192,27.25,126.25,964.4,91.2
2026-07-30 18:00:00,WP122026,27,2026-08-08 00:00:00,8 days 06:00:00,198,27.75,125.5,967.7,87.3
2026-07-30 18:00:00,WP122026,27,2026-08-08 06:00:00,8 days 12:00:00,204,28.25,124.75,971.0,83.4
2026-07-30 18:00:00,WP122026,27,2026-08-08 12:00:00,8 days 18:00:00,210,28.88,123.88,972.8,81.3
2026-07-30 18:00:00,WP122026,27,2026-08-08 18:00:00,9 days 00:00:00,216,29.5,123.0,974.5,79.1
2026-07-30 18:00:00,WP122026,27,2026-08-09 00:00:00,9 days 06:00:00,222,29.88,122.25,976.8,76.3
2026-07-30 18:00:00,WP122026,27,2026-08-09 06:00:00,9 days 12:00:00,228,30.25,121.5,979.0,73.5
2026-07-30 18:00:00,WP122026,27,2026-08-09 12:00:00,9 days 18:00:00,234,30.88,120.38,981.1,70.7
2026-07-30 18:00:00,WP122026,27,2026-08-09 18:00:00,10 days 00:00:00,240,31.5,119.25,983.3,67.9
2026-07-30 18:00:00,WP122026,27,2026-08-10 00:00:00,10 days 06:00:00,246,31.88,118.5,984.0,67.0
2026-07-30 18:00:00,WP122026,27,2026-08-10 06:00:00,10 days 12:00:00,252,32.25,117.75,984.7,66.0
2026-07-30 18:00:00,WP122026,27,2026-08-10 12:00:00,10 days 18:00:00,258,33.5,118.0,985.0,65.6
2026-07-30 18:00:00,WP122026,27,2026-08-10 18:00:00,11 days 00:00:00,264,34.75,118.25,985.3,65.2
2026-07-30 18:00:00,WP122026,27,2026-08-11 00:00:00,11 days 06:00:00,270,35.25,117.75,985.5,65.0
2026-07-30 18:00:00,WP122026,27,2026-08-11 06:00:00,11 days 12:00:00,276,35.75,117.25,985.7,64.8
2026-07-30 18:00:00,WP122026,27,2026-08-11 12:00:00,11 days 18:00:00,282,35.88,117.25,986.9,63.0
2026-07-30 18:00:00,WP122026,27,2026-08-11 18:00:00,12 days 00:00:00,288,36.0,117.25,988.2,61.3
2026-07-30 18:00:00,WP122026,27,2026-08-12 00:00:00,12 days 06:00:00,294,36.88,117.37,990.1,58.5
2026-07-30 18:00:00,WP122026,27,2026-08-12 06:00:00,12 days 12:00:00,300,37.75,117.5,992.1,55.8
2026-07-30 18:00:00,EP072026,28,2026-07-30 18:00:00,0 days 00:00:00,0,20.5,-124.25,987.6,62.1
2026-07-30 18:00:00,EP072026,28,2026-07-31 00:00:00,0 days 06:00:00,6,20.88,-125.5,989.3,59.7
2026-07-30 18:00:00,EP072026,28,2026-07-31 06:00:00,0 days 12:00:00,12,21.25,-126.75,991.0,57.3
2026-07-30 18:00:00,EP072026,28,2026-07-31 12:00:00,0 days 18:00:00,18,21.63,-128.25,993.6,53.5
2026-07-30 18:00:00,EP072026,28,2026-07-31 18:00:00,1 days 00:00:00,24,22.0,-129.75,996.2,49.6
2026-07-30 18:00:00,EP072026,28,2026-08-01 00:00:00,1 days 06:00:00,30,22.26,-131.25,998.1,46.6
2026-07-30 18:00:00,EP072026,28,2026-08-01 06:00:00,1 days 12:00:00,36,22.5,-132.75,1000.0,43.6
2026-07-30 18:00:00,EP072026,28,2026-08-01 12:00:00,1 days 18:00:00,42,22.88,-134.12,1001.0,42.1
2026-07-30 18:00:00,EP072026,28,2026-08-01 18:00:00,2 days 00:00:00,48,23.25,-135.5,1001.9,40.5
2026-07-30 18:00:00,EP072026,28,2026-08-02 00:00:00,2 days 06:00:00,54,23.38,-137.0,1004.5,35.8
2026-07-30 18:00:00,EP072026,28,2026-08-02 06:00:00,2 days 12:00:00,60,23.5,-138.5,1007.2,31.1
2026-07-30 18:00:00,WP122026,28,2026-07-30 18:00:00,0 days 00:00:00,0,17.75,162.75,951.7,105.4
2026-07-30 18:00:00,WP122026,28,2026-07-31 00:00:00,0 days 06:00:00,6,18.25,161.88,953.2,103.7
2026-07-30 18:00:00,WP122026,28,2026-07-31 06:00:00,0 days 12:00:00,12,18.75,161.0,954.7,102.1
2026-07-30 18:00:00,WP122026,28,2026-07-31 12:00:00,0 days 18:00:00,18,19.25,160.25,955.7,101.0
2026-07-30 18:00:00,WP122026,28,2026-07-31 18:00:00,1 days 00:00:00,24,19.75,159.5,956.7,99.9
2026-07-30 18:00:00,WP122026,28,2026-08-01 00:00:00,1 days 06:00:00,30,20.5,158.5,957.4,99.1
2026-07-30 18:00:00,WP122026,28,2026-08-01 06:00:00,1 days 12:00:00,36,21.25,157.5,958.1,98.4
2026-07-30 18:00:00,WP122026,28,2026-08-01 12:00:00,1 days 18:00:00,42,21.88,156.5,955.4,101.3
2026-07-30 18:00:00,WP122026,28,2026-08-01 18:00:00,2 days 00:00:00,48,22.5,155.5,952.8,104.2
2026-07-30 18:00:00,WP122026,28,2026-08-02 00:00:00,2 days 06:00:00,54,23.26,154.13,953.1,103.9
2026-07-30 18:00:00,WP122026,28,2026-08-02 06:00:00,2 days 12:00:00,60,24.0,152.75,953.3,103.6
2026-07-30 18:00:00,WP122026,28,2026-08-02 12:00:00,2 days 18:00:00,66,24.26,151.38,954.9,101.9
2026-07-30 18:00:00,WP122026,28,2026-08-02 18:00:00,3 days 00:00:00,72,24.5,150.0,956.5,100.1
2026-07-30 18:00:00,WP122026,28,2026-08-03 00:00:00,3 days 06:00:00,78,25.0,148.88,954.9,101.9
2026-07-30 18:00:00,WP122026,28,2026-08-03 06:00:00,3 days 12:00:00,84,25.5,147.75,953.3,103.6
2026-07-30 18:00:00,WP122026,28,2026-08-03 12:00:00,3 days 18:00:00,90,25.63,146.5,957.4,99.1
2026-07-30 18:00:00,WP122026,28,2026-08-03 18:00:00,4 days 00:00:00,96,25.75,145.25,961.4,94.6
2026-07-30 18:00:00,WP122026,28,2026-08-04 00:00:00,4 days 06:00:00,102,26.01,144.0,958.0,98.4
2026-07-30 18:00:00,WP122026,28,2026-08-04 06:00:00,4 days 12:00:00,108,26.25,142.75,954.5,102.3
2026-07-30 18:00:00,WP122026,28,2026-08-04 12:00:00,4 days 18:00:00,114,26.51,141.5,955.7,101.0
2026-07-30 18:00:00,WP122026,28,2026-08-04 18:00:00,5 days 00:00:00,120,26.75,140.25,956.9,99.7
2026-07-30 18:00:00,WP122026,28,2026-08-05 00:00:00,5 days 06:00:00,126,26.89,138.5,955.7,101.0
2026-07-30 18:00:00,WP122026,28,2026-08-05 06:00:00,5 days 12:00:00,132,27.0,136.75,954.6,102.2
2026-07-30 18:00:00,WP122026,28,2026-08-05 12:00:00,5 days 18:00:00,138,27.01,135.25,956.8,99.8
2026-07-30 18:00:00,WP122026,28,2026-08-05 18:00:00,6 days 00:00:00,144,27.0,133.75,959.0,97.3
2026-07-30 18:00:00,WP122026,28,2026-08-06 00:00:00,6 days 06:00:00,150,27.25,132.63,959.0,97.3
2026-07-30 18:00:00,WP122026,28,2026-08-06 06:00:00,6 days 12:00:00,156,27.5,131.5,959.0,97.3
2026-07-30 18:00:00,WP122026,28,2026-08-06 12:00:00,6 days 18:00:00,162,27.88,129.88,961.0,95.0
2026-07-30 18:00:00,WP122026,28,2026-08-06 18:00:00,7 days 00:00:00,168,28.25,128.25,963.1,92.7
2026-07-30 18:00:00,WP122026,28,2026-08-07 00:00:00,7 days 06:00:00,174,28.63,126.88,964.1,91.5
2026-07-30 18:00:00,WP122026,28,2026-08-07 06:00:00,7 days 12:00:00,180,29.0,125.5,965.2,90.3
2026-07-30 18:00:00,WP122026,28,2026-08-07 12:00:00,7 days 18:00:00,186,29.38,124.38,965.8,89.5
2026-07-30 18:00:00,WP122026,28,2026-08-07 18:00:00,8 days 00:00:00,192,29.75,123.25,966.4,88.8
2026-07-30 18:00:00,WP122026,28,2026-08-08 00:00:00,8 days 06:00:00,198,30.13,121.88,969.3,85.4
2026-07-30 18:00:00,WP122026,28,2026-08-08 06:00:00,8 days 12:00:00,204,30.5,120.5,972.1,82.1
2026-07-30 18:00:00,WP122026,28,2026-08-08 12:00:00,8 days 18:00:00,210,30.63,119.38,977.9,74.7
2026-07-30 18:00:00,WP122026,28,2026-08-08 18:00:00,9 days 00:00:00,216,30.75,118.25,983.7,67.4
2026-07-30 18:00:00,WP122026,28,2026-08-09 00:00:00,9 days 06:00:00,222,30.38,117.0,985.4,65.0
2026-07-30 18:00:00,WP122026,28,2026-08-09 06:00:00,9 days 12:00:00,228,30.0,115.75,987.2,62.6
2026-07-30 18:00:00,WP122026,28,2026-08-09 12:00:00,9 days 18:00:00,234,29.88,115.0,989.1,60.0
2026-07-30 18:00:00,WP122026,28,2026-08-09 18:00:00,10 days 00:00:00,240,29.75,114.25,991.0,57.4
2026-07-30 18:00:00,EP072026,29,2026-07-30 18:00:00,0 days 00:00:00,0,20.5,-124.25,987.6,62.1
2026-07-30 18:00:00,EP072026,29,2026-07-31 00:00:00,0 days 06:00:00,6,20.88,-125.5,987.5,62.2
2026-07-30 18:00:00,EP072026,29,2026-07-31 06:00:00,0 days 12:00:00,12,21.25,-126.75,987.5,62.3
2026-07-30 18:00:00,EP072026,29,2026-07-31 12:00:00,0 days 18:00:00,18,21.63,-128.0,991.8,56.0
2026-07-30 18:00:00,EP072026,29,2026-07-31 18:00:00,1 days 00:00:00,24,22.0,-129.25,996.1,49.8
2026-07-30 18:00:00,EP072026,29,2026-08-01 00:00:00,1 days 06:00:00,30,22.13,-130.62,996.1,49.8
2026-07-30 18:00:00,EP072026,29,2026-08-01 06:00:00,1 days 12:00:00,36,22.25,-132.0,996.1,49.8
2026-07-30 18:00:00,EP072026,29,2026-08-01 12:00:00,1 days 18:00:00,42,22.63,-133.5,999.9,43.5
2026-07-30 18:00:00,EP072026,29,2026-08-01 18:00:00,2 days 00:00:00,48,23.0,-135.0,1003.8,37.3
2026-07-30 18:00:00,WP122026,29,2026-07-30 18:00:00,0 days 00:00:00,0,17.75,162.75,951.7,105.4
2026-07-30 18:00:00,WP122026,29,2026-07-31 00:00:00,0 days 06:00:00,6,18.25,161.88,954.0,102.8
2026-07-30 18:00:00,WP122026,29,2026-07-31 06:00:00,0 days 12:00:00,12,18.75,161.0,956.3,100.3
2026-07-30 18:00:00,WP122026,29,2026-07-31 12:00:00,0 days 18:00:00,18,19.25,160.13,958.9,97.4
2026-07-30 18:00:00,WP122026,29,2026-07-31 18:00:00,1 days 00:00:00,24,19.75,159.25,961.5,94.5
2026-07-30 18:00:00,WP122026,29,2026-08-01 00:00:00,1 days 06:00:00,30,20.5,158.25,959.2,97.1
2026-07-30 18:00:00,WP122026,29,2026-08-01 06:00:00,1 days 12:00:00,36,21.25,157.25,956.8,99.8
2026-07-30 18:00:00,WP122026,29,2026-08-01 12:00:00,1 days 18:00:00,42,21.75,156.25,955.2,101.5
2026-07-30 18:00:00,WP122026,29,2026-08-01 18:00:00,2 days 00:00:00,48,22.25,155.25,953.6,103.3
2026-07-30 18:00:00,WP122026,29,2026-08-02 00:00:00,2 days 06:00:00,54,23.13,154.13,952.0,105.0
2026-07-30 18:00:00,WP122026,29,2026-08-02 06:00:00,2 days 12:00:00,60,24.0,153.0,950.4,106.7
2026-07-30 18:00:00,WP122026,29,2026-08-02 12:00:00,2 days 18:00:00,66,24.26,151.63,953.4,103.6
2026-07-30 18:00:00,WP122026,29,2026-08-02 18:00:00,3 days 00:00:00,72,24.5,150.25,956.3,100.4
2026-07-30 18:00:00,WP122026,29,2026-08-03 00:00:00,3 days 06:00:00,78,25.13,149.26,956.6,100.0
2026-07-30 18:00:00,WP122026,29,2026-08-03 06:00:00,3 days 12:00:00,84,25.75,148.25,956.9,99.7
2026-07-30 18:00:00,WP122026,29,2026-08-03 12:00:00,3 days 18:00:00,90,25.88,147.25,958.4,98.0
2026-07-30 18:00:00,WP122026,29,2026-08-03 18:00:00,4 days 00:00:00,96,26.0,146.25,960.0,96.3
2026-07-30 18:00:00,WP122026,29,2026-08-04 00:00:00,4 days 06:00:00,102,26.13,145.13,960.8,95.3
2026-07-30 18:00:00,WP122026,29,2026-08-04 06:00:00,4 days 12:00:00,108,26.25,144.0,961.7,94.3
2026-07-30 18:00:00,WP122026,29,2026-08-04 12:00:00,4 days 18:00:00,114,26.63,142.75,962.4,93.5
2026-07-30 18:00:00,WP122026,29,2026-08-04 18:00:00,5 days 00:00:00,120,27.0,141.5,963.1,92.7
2026-07-30 18:00:00,WP122026,29,2026-08-05 00:00:00,5 days 06:00:00,126,27.01,139.88,963.0,92.8
2026-07-30 18:00:00,WP122026,29,2026-08-05 06:00:00,5 days 12:00:00,132,27.0,138.25,962.9,92.9
2026-07-30 18:00:00,WP122026,29,2026-08-05 12:00:00,5 days 18:00:00,138,27.26,136.88,964.5,91.1
2026-07-30 18:00:00,WP122026,29,2026-08-05 18:00:00,6 days 00:00:00,144,27.5,135.5,966.0,89.3
2026-07-30 18:00:00,WP122026,29,2026-08-06 00:00:00,6 days 06:00:00,150,27.76,134.0,964.4,91.2
2026-07-30 18:00:00,WP122026,29,2026-08-06 06:00:00,6 days 12:00:00,156,28.0,132.5,962.8,93.0
2026-07-30 18:00:00,WP122026,29,2026-08-06 12:00:00,6 days 18:00:00,162,28.38,131.38,964.3,91.3
2026-07-30 18:00:00,WP122026,29,2026-08-06 18:00:00,7 days 00:00:00,168,28.75,130.25,965.8,89.6
2026-07-30 18:00:00,WP122026,29,2026-08-07 00:00:00,7 days 06:00:00,174,29.13,128.76,966.1,89.3
2026-07-30 18:00:00,WP122026,29,2026-08-07 06:00:00,7 days 12:00:00,180,29.5,127.25,966.4,88.9
2026-07-30 18:00:00,WP122026,29,2026-08-07 12:00:00,7 days 18:00:00,186,30.38,126.26,964.8,90.7
2026-07-30 18:00:00,WP122026,29,2026-08-07 18:00:00,8 days 00:00:00,192,31.25,125.25,963.2,92.5
2026-07-30 18:00:00,WP122026,29,2026-08-08 00:00:00,8 days 06:00:00,198,31.88,124.38,964.1,91.5
2026-07-30 18:00:00,WP122026,29,2026-08-08 06:00:00,8 days 12:00:00,204,32.5,123.5,965.0,90.5
2026-07-30 18:00:00,WP122026,29,2026-08-08 12:00:00,8 days 18:00:00,210,33.25,122.88,967.4,87.6
2026-07-30 18:00:00,WP122026,29,2026-08-08 18:00:00,9 days 00:00:00,216,34.0,122.25,969.8,84.8
2026-07-30 18:00:00,WP122026,29,2026-08-09 00:00:00,9 days 06:00:00,222,35.38,121.88,969.3,85.5
2026-07-30 18:00:00,WP122026,29,2026-08-09 06:00:00,9 days 12:00:00,228,36.75,121.5,968.7,86.1
2026-07-30 18:00:00,WP122026,29,2026-08-09 12:00:00,9 days 18:00:00,234,37.5,121.62,971.4,83.0
2026-07-30 18:00:00,WP122026,29,2026-08-09 18:00:00,10 days 00:00:00,240,38.25,121.75,974.0,79.8
2026-07-30 18:00:00,WP122026,29,2026-08-10 00:00:00,10 days 06:00:00,246,39.38,122.61,977.4,75.5
2026-07-30 18:00:00,WP122026,29,2026-08-10 06:00:00,10 days 12:00:00,252,40.5,123.5,980.7,71.3
2026-07-30 18:00:00,WP122026,29,2026-08-10 12:00:00,10 days 18:00:00,258,43.01,125.06,979.8,72.5
2026-07-30 18:00:00,WP122026,29,2026-08-10 18:00:00,11 days 00:00:00,264,45.5,126.75,978.8,73.7
2026-07-30 18:00:00,EP072026,3,2026-07-30 18:00:00,0 days 00:00:00,0,20.5,-124.25,987.6,62.1
2026-07-30 18:00:00,EP072026,3,2026-07-31 00:00:00,0 days 06:00:00,6,20.88,-125.62,988.7,60.5
2026-07-30 18:00:00,EP072026,3,2026-07-31 06:00:00,0 days 12:00:00,12,21.25,-127.0,989.9,58.9
2026-07-30 18:00:00,EP072026,3,2026-07-31 12:00:00,0 days 18:00:00,18,21.63,-128.5,993.3,53.9
2026-07-30 18:00:00,EP072026,3,2026-07-31 18:00:00,1 days 00:00:00,24,22.0,-130.0,996.7,48.9
2026-07-30 18:00:00,EP072026,3,2026-08-01 00:00:00,1 days 06:00:00,30,22.38,-131.25,997.7,47.3
2026-07-30 18:00:00,EP072026,3,2026-08-01 06:00:00,1 days 12:00:00,36,22.75,-132.5,998.7,45.7
2026-07-30 18:00:00,EP072026,3,2026-08-01 12:00:00,1 days 18:00:00,42,23.13,-134.12,1001.0,41.8
2026-07-30 18:00:00,EP072026,3,2026-08-01 18:00:00,2 days 00:00:00,48,23.5,-135.75,1003.4,37.9
2026-07-30 18:00:00,EP072026,3,2026-08-02 00:00:00,2 days 06:00:00,54,23.51,-137.13,1005.7,33.8
2026-07-30 18:00:00,EP072026,3,2026-08-02 06:00:00,2 days 12:00:00,60,23.5,-138.5,1008.0,29.6
2026-07-30 18:00:00,WP122026,3,2026-07-30 18:00:00,0 days 00:00:00,0,17.75,162.75,951.7,105.4
2026-07-30 18:00:00,WP122026,3,2026-07-31 00:00:00,0 days 06:00:00,6,18.25,161.88,954.1,102.7
2026-07-30 18:00:00,WP122026,3,2026-07-31 06:00:00,0 days 12:00:00,12,18.75,161.0,956.6,100.1
2026-07-30 18:00:00,WP122026,3,2026-07-31 12:00:00,0 days 18:00:00,18,19.38,160.13,955.1,101.7
2026-07-30 18:00:00,WP122026,3,2026-07-31 18:00:00,1 days 00:00:00,24,20.0,159.25,953.6,103.4
2026-07-30 18:00:00,WP122026,3,2026-08-01 00:00:00,1 days 06:00:00,30,20.63,158.25,954.2,102.7
2026-07-30 18:00:00,WP122026,3,2026-08-01 06:00:00,1 days 12:00:00,36,21.25,157.25,954.8,102.0
2026-07-30 18:00:00,WP122026,3,2026-08-01 12:00:00,1 days 18:00:00,42,21.88,156.13,952.4,104.7
2026-07-30 18:00:00,WP122026,3,2026-08-01 18:00:00,2 days 00:00:00,48,22.5,155.0,949.9,107.3
2026-07-30 18:00:00,WP122026,3,2026-08-02 00:00:00,2 days 06:00:00,54,23.13,153.51,951.6,105.5
2026-07-30 18:00:00,WP122026,3,2026-08-02 06:00:00,2 days 12:00:00,60,23.75,152.0,953.2,103.8
2026-07-30 18:00:00,WP122026,3,2026-08-02 12:00:00,2 days 18:00:00,66,23.76,150.63,953.4,103.6
2026-07-30 18:00:00,WP122026,3,2026-08-02 18:00:00,3 days 00:00:00,72,23.75,149.25,953.6,103.3
2026-07-30 18:00:00,WP122026,3,2026-08-03 00:00:00,3 days 06:00:00,78,24.0,148.13,951.8,105.3
2026-07-30 18:00:00,WP122026,3,2026-08-03 06:00:00,3 days 12:00:00,84,24.25,147.0,949.9,107.3
2026-07-30 18:00:00,WP122026,3,2026-08-03 12:00:00,3 days 18:00:00,90,24.51,145.75,950.9,106.2
2026-07-30 18:00:00,WP122026,3,2026-08-03 18:00:00,4 days 00:00:00,96,24.75,144.5,951.9,105.2
2026-07-30 18:00:00,WP122026,3,2026-08-04 00:00:00,4 days 06:00:00,102,24.51,143.25,951.8,105.3
2026-07-30 18:00:00,WP122026,3,2026-08-04 06:00:00,4 days 12:00:00,108,24.25,142.0,951.8,105.3
2026-07-30 18:00:00,WP122026,3,2026-08-04 12:00:00,4 days 18:00:00,114,24.26,140.62,948.5,108.8
2026-07-30 18:00:00,WP122026,3,2026-08-04 18:00:00,5 days 00:00:00,120,24.25,139.25,945.3,112.2
2026-07-30 18:00:00,WP122026,3,2026-08-05 00:00:00,5 days 06:00:00,126,24.13,138.12,945.3,112.2
2026-07-30 18:00:00,WP122026,3,2026-08-05 06:00:00,5 days 12:00:00,132,24.0,137.0,945.4,112.1
2026-07-30 18:00:00,WP122026,3,2026-08-05 12:00:00,5 days 18:00:00,138,24.25,136.0,946.8,110.6
2026-07-30 18:00:00,WP122026,3,2026-08-05 18:00:00,6 days 00:00:00,144,24.5,135.0,948.3,109.0
2026-07-30 18:00:00,WP122026,3,2026-08-06 00:00:00,6 days 06:00:00,150,24.63,134.25,945.5,112.0
2026-07-30 18:00:00,WP122026,3,2026-08-06 06:00:00,6 days 12:00:00,156,24.75,133.5,942.7,114.9
2026-07-30 18:00:00,WP122026,3,2026-08-06 12:00:00,6 days 18:00:00,162,25.13,132.25,944.5,113.1
2026-07-30 18:00:00,WP122026,3,2026-08-06 18:00:00,7 days 00:00:00,168,25.5,131.0,946.3,111.2
2026-07-30 18:00:00,WP122026,3,2026-08-07 00:00:00,7 days 06:00:00,174,25.88,130.13,945.1,112.4
2026-07-30 18:00:00,WP122026,3,2026-08-07 06:00:00,7 days 12:00:00,180,26.25,129.25,943.9,113.6
2026-07-30 18:00:00,WP122026,3,2026-08-07 12:00:00,7 days 18:00:00,186,26.13,128.25,947.7,109.6
2026-07-30 18:00:00,WP122026,3,2026-08-07 18:00:00,8 days 00:00:00,192,26.0,127.25,951.5,105.6
2026-07-30 18:00:00,WP122026,3,2026-08-08 00:00:00,8 days 06:00:00,198,26.0,126.62,951.8,105.3
2026-07-30 18:00:00,WP122026,3,2026-08-08 06:00:00,8 days 12:00:00,204,26.0,126.0,952.1,104.9
2026-07-30 18:00:00,WP122026,3,2026-08-08 12:00:00,8 days 18:00:00,210,26.0,125.5,953.3,103.6
2026-07-30 18:00:00,WP122026,3,2026-08-08 18:00:00,9 days 00:00:00,216,26.0,125.0,954.6,102.3
2026-07-30 18:00:00,WP122026,3,2026-08-09 00:00:00,9 days 06:00:00,222,26.0,124.25,956.5,100.1
2026-07-30 18:00:00,WP122026,3,2026-08-09 06:00:00,9 days 12:00:00,228,26.0,123.5,958.5,97.9
2026-07-30 18:00:00,WP122026,3,2026-08-09 12:00:00,9 days 18:00:00,234,26.0,123.0,961.8,94.1
2026-07-30 18:00:00,WP122026,3,2026-08-09 18:00:00,10 days 00:00:00,240,26.0,122.5,965.1,90.3
2026-07-30 18:00:00,WP122026,3,2026-08-10 00:00:00,10 days 06:00:00,246,26.13,122.0,966.7,88.6
2026-07-30 18:00:00,WP122026,3,2026-08-10 06:00:00,10 days 12:00:00,252,26.25,121.5,968.2,86.8
2026-07-30 18:00:00,WP122026,3,2026-08-10 12:00:00,10 days 18:00:00,258,26.63,121.13,971.2,83.1
2026-07-30 18:00:00,WP122026,3,2026-08-10 18:00:00,11 days 00:00:00,264,27.0,120.75,974.2,79.5
2026-07-30 18:00:00,WP122026,3,2026-08-11 00:00:00,11 days 06:00:00,270,27.0,120.62,977.4,75.5
2026-07-30 18:00:00,WP122026,3,2026-08-11 06:00:00,11 days 12:00:00,276,27.0,120.5,980.5,71.6
2026-07-30 18:00:00,WP122026,3,2026-08-11 12:00:00,11 days 18:00:00,282,27.38,120.62,981.8,69.9
2026-07-30 18:00:00,WP122026,3,2026-08-11 18:00:00,12 days 00:00:00,288,27.75,120.75,983.1,68.2
2026-07-30 18:00:00,WP122026,3,2026-08-12 00:00:00,12 days 06:00:00,294,28.0,121.12,983.2,68.1
2026-07-30 18:00:00,WP122026,3,2026-08-12 06:00:00,12 days 12:00:00,300,28.25,121.5,983.2,68.0
2026-07-30 18:00:00,WP122026,3,2026-08-12 12:00:00,12 days 18:00:00,306,29.63,121.01,982.8,68.5
2026-07-30 18:00:00,WP122026,3,2026-08-12 18:00:00,13 days 00:00:00,312,31.0,120.5,982.4,69.1
2026-07-30 18:00:00,WP122026,3,2026-08-13 00:00:00,13 days 06:00:00,318,32.0,120.25,981.9,69.7
2026-07-30 18:00:00,WP122026,3,2026-08-13 06:00:00,13 days 12:00:00,324,33.0,120.0,981.4,70.3
2026-07-30 18:00:00,WP122026,3,2026-08-13 12:00:00,13 days 18:00:00,330,33.5,120.5,980.6,71.5
2026-07-30 18:00:00,WP122026,3,2026-08-13 18:00:00,14 days 00:00:00,336,34.0,121.0,979.7,72.6
2026-07-30 18:00:00,WP122026,3,2026-08-14 00:00:00,14 days 06:00:00,342,35.25,121.12,981.4,70.3
2026-07-30 18:00:00,WP122026,3,2026-08-14 06:00:00,14 days 12:00:00,348,36.5,121.25,983.2,68.1
2026-07-30 18:00:00,WP122026,3,2026-08-14 12:00:00,14 days 18:00:00,354,37.13,120.88,983.4,67.7
2026-07-30 18:00:00,WP122026,3,2026-08-14 18:00:00,15 days 00:00:00,360,37.75,120.5,983.7,67.4
2026-07-30 18:00:00,EP072026,30,2026-07-30 18:00:00,0 days 00:00:00,0,20.5,-124.25,987.6,62.1
2026-07-30 18:00:00,EP072026,30,2026-07-31 00:00:00,0 days 06:00:00,6,20.88,-125.62,988.8,60.5
2026-07-30 18:00:00,EP072026,30,2026-07-31 06:00:00,0 days 12:00:00,12,21.25,-127.0,989.9,58.9
2026-07-30 18:00:00,EP072026,30,2026-07-31 12:00:00,0 days 18:00:00,18,21.63,-128.37,993.2,54.0
2026-07-30 18:00:00,EP072026,30,2026-07-31 18:00:00,1 days 00:00:00,24,22.0,-129.75,996.5,49.1
2026-07-30 18:00:00,EP072026,30,2026-08-01 00:00:00,1 days 06:00:00,30,22.13,-131.0,998.0,46.8
2026-07-30 18:00:00,EP072026,30,2026-08-01 06:00:00,1 days 12:00:00,36,22.25,-132.25,999.5,44.4
2026-07-30 18:00:00,EP072026,30,2026-08-01 12:00:00,1 days 18:00:00,42,22.38,-133.5,1000.6,42.7
2026-07-30 18:00:00,EP072026,30,2026-08-01 18:00:00,2 days 00:00:00,48,22.5,-134.75,1001.6,40.9
2026-07-30 18:00:00,WP122026,30,2026-07-30 18:00:00,0 days 00:00:00,0,17.75,162.75,951.7,105.4
2026-07-30 18:00:00,WP122026,30,2026-07-31 00:00:00,0 days 06:00:00,6,18.13,161.88,955.1,101.6
2026-07-30 18:00:00,WP122026,30,2026-07-31 06:00:00,0 days 12:00:00,12,18.5,161.0,958.6,97.8
2026-07-30 18:00:00,WP122026,30,2026-07-31 12:00:00,0 days 18:00:00,18,19.13,160.13,958.1,98.3
2026-07-30 18:00:00,WP122026,30,2026-07-31 18:00:00,1 days 00:00:00,24,19.75,159.25,957.6,98.9
2026-07-30 18:00:00,WP122026,30,2026-08-01 00:00:00,1 days 06:00:00,30,20.38,158.38,954.0,102.9
2026-07-30 18:00:00,WP122026,30,2026-08-01 06:00:00,1 days 12:00:00,36,21.0,157.5,950.3,106.9
2026-07-30 18:00:00,WP122026,30,2026-08-01 12:00:00,1 days 18:00:00,42,21.38,156.38,950.9,106.3
2026-07-30 18:00:00,WP122026,30,2026-08-01 18:00:00,2 days 00:00:00,48,21.75,155.25,951.4,105.7
2026-07-30 18:00:00,WP122026,30,2026-08-02 00:00:00,2 days 06:00:00,54,22.5,154.13,951.5,105.6
2026-07-30 18:00:00,WP122026,30,2026-08-02 06:00:00,2 days 12:00:00,60,23.25,153.0,951.6,105.5
2026-07-30 18:00:00,WP122026,30,2026-08-02 12:00:00,2 days 18:00:00,66,23.63,151.5,953.6,103.3
2026-07-30 18:00:00,WP122026,30,2026-08-02 18:00:00,3 days 00:00:00,72,24.0,150.0,955.6,101.1
2026-07-30 18:00:00,WP122026,30,2026-08-03 00:00:00,3 days 06:00:00,78,24.38,149.0,953.1,103.9
2026-07-30 18:00:00,WP122026,30,2026-08-03 06:00:00,3 days 12:00:00,84,24.75,148.0,950.6,106.6
2026-07-30 18:00:00,WP122026,30,2026-08-03 12:00:00,3 days 18:00:00,90,24.76,146.75,952.6,104.4
2026-07-30 18:00:00,WP122026,30,2026-08-03 18:00:00,4 days 00:00:00,96,24.75,145.5,954.5,102.3
2026-07-30 18:00:00,WP122026,30,2026-08-04 00:00:00,4 days 06:00:00,102,24.88,144.63,953.1,103.8
2026-07-30 18:00:00,WP122026,30,2026-08-04 06:00:00,4 days 12:00:00,108,25.0,143.75,951.7,105.4
2026-07-30 18:00:00,WP122026,30,2026-08-04 12:00:00,4 days 18:00:00,114,25.13,142.88,950.5,106.6
2026-07-30 18:00:00,WP122026,30,2026-08-04 18:00:00,5 days 00:00:00,120,25.25,142.0,949.4,107.9
2026-07-30 18:00:00,WP122026,30,2026-08-05 00:00:00,5 days 06:00:00,126,25.38,140.75,952.2,104.8
2026-07-30 18:00:00,WP122026,30,2026-08-05 06:00:00,5 days 12:00:00,132,25.5,139.5,955.0,101.8
2026-07-30 18:00:00,WP122026,30,2026-08-05 12:00:00,5 days 18:00:00,138,25.76,137.88,955.6,101.1
2026-07-30 18:00:00,WP122026,30,2026-08-05 18:00:00,6 days 00:00:00,144,26.0,136.25,956.2,100.4
2026-07-30 18:00:00,WP122026,30,2026-08-06 00:00:00,6 days 06:00:00,150,26.26,135.0,955.4,101.4
2026-07-30 18:00:00,WP122026,30,2026-08-06 06:00:00,6 days 12:00:00,156,26.5,133.75,954.5,102.3
2026-07-30 18:00:00,WP122026,30,2026-08-06 12:00:00,6 days 18:00:00,162,26.76,131.88,956.0,100.6
2026-07-30 18:00:00,WP122026,30,2026-08-06 18:00:00,7 days 00:00:00,168,27.0,130.0,957.5,99.0
2026-07-30 18:00:00,WP122026,30,2026-08-07 00:00:00,7 days 06:00:00,174,26.88,128.62,956.4,100.2
2026-07-30 18:00:00,WP122026,30,2026-08-07 06:00:00,7 days 12:00:00,180,26.75,127.25,955.3,101.5
2026-07-30 18:00:00,WP122026,30,2026-08-07 12:00:00,7 days 18:00:00,186,27.01,125.88,956.0,100.7
2026-07-30 18:00:00,WP122026,30,2026-08-07 18:00:00,8 days 00:00:00,192,27.25,124.5,956.6,100.0
2026-07-30 18:00:00,WP122026,30,2026-08-08 00:00:00,8 days 06:00:00,198,27.76,123.13,958.1,98.3
2026-07-30 18:00:00,WP122026,30,2026-08-08 06:00:00,8 days 12:00:00,204,28.25,121.75,959.7,96.6
2026-07-30 18:00:00,WP122026,30,2026-08-08 12:00:00,8 days 18:00:00,210,28.77,119.64,968.4,86.2
2026-07-30 18:00:00,WP122026,30,2026-08-08 18:00:00,9 days 00:00:00,216,29.25,117.5,977.2,75.8
2026-07-30 18:00:00,WP122026,30,2026-08-09 00:00:00,9 days 06:00:00,222,29.25,116.37,981.6,70.1
2026-07-30 18:00:00,WP122026,30,2026-08-09 06:00:00,9 days 12:00:00,228,29.25,115.25,985.9,64.4
2026-07-30 18:00:00,WP122026,30,2026-08-09 12:00:00,9 days 18:00:00,234,28.76,113.99,988.2,61.3
2026-07-30 18:00:00,WP122026,30,2026-08-09 18:00:00,10 days 00:00:00,240,28.25,112.75,990.4,58.2
2026-07-30 18:00:00,WP122026,30,2026-08-10 00:00:00,10 days 06:00:00,246,28.12,112.75,992.3,55.4
2026-07-30 18:00:00,WP122026,30,2026-08-10 06:00:00,10 days 12:00:00,252,28.0,112.75,994.2,52.7
2026-07-30 18:00:00,WP122026,30,2026-08-10 12:00:00,10 days 18:00:00,258,27.69,111.99,994.7,51.9
2026-07-30 18:00:00,WP122026,30,2026-08-10 18:00:00,11 days 00:00:00,264,27.38,111.24,995.3,51.0
2026-07-30 18:00:00,WP122026,30,2026-08-11 00:00:00,11 days 06:00:00,270,27.07,110.49,995.8,50.2
2026-07-30 18:00:00,WP122026,30,2026-08-11 06:00:00,11 days 12:00:00,276,26.75,109.75,996.3,49.4
2026-07-30 18:00:00,EP072026,31,2026-07-30 18:00:00,0 days 00:00:00,0,20.5,-124.25,987.6,62.1
2026-07-30 18:00:00,EP072026,31,2026-07-31 00:00:00,0 days 06:00:00,6,20.88,-125.62,989.3,59.7
2026-07-30 18:00:00,EP072026,31,2026-07-31 06:00:00,0 days 12:00:00,12,21.25,-127.0,991.0,57.3
2026-07-30 18:00:00,EP072026,31,2026-07-31 12:00:00,0 days 18:00:00,18,21.63,-128.25,993.4,53.8
2026-07-30 18:00:00,EP072026,31,2026-07-31 18:00:00,1 days 00:00:00,24,22.0,-129.5,995.7,50.4
2026-07-30 18:00:00,EP072026,31,2026-08-01 00:00:00,1 days 06:00:00,30,22.38,-130.87,997.2,48.0
2026-07-30 18:00:00,EP072026,31,2026-08-01 06:00:00,1 days 12:00:00,36,22.75,-132.25,998.8,45.6
2026-07-30 18:00:00,EP072026,31,2026-08-01 12:00:00,1 days 18:00:00,42,23.01,-133.75,1000.4,43.0
2026-07-30 18:00:00,EP072026,31,2026-08-01 18:00:00,2 days 00:00:00,48,23.25,-135.25,1001.9,40.5
2026-07-30 18:00:00,WP122026,31,2026-07-30 18:00:00,0 days 00:00:00,0,17.75,162.75,951.7,105.4
2026-07-30 18:00:00,WP122026,31,2026-07-31 00:00:00,0 days 06:00:00,6,18.25,161.88,951.8,105.2
2026-07-30 18:00:00,WP122026,31,2026-07-31 06:00:00,0 days 12:00:00,12,18.75,161.0,951.9,105.1
2026-07-30 18:00:00,WP122026,31,2026-07-31 12:00:00,0 days 18:00:00,18,19.13,160.25,954.6,102.2
2026-07-30 18:00:00,WP122026,31,2026-07-31 18:00:00,1 days 00:00:00,24,19.5,159.5,957.2,99.3
2026-07-30 18:00:00,WP122026,31,2026-08-01 00:00:00,1 days 06:00:00,30,20.25,158.5,955.3,101.4
2026-07-30 18:00:00,WP122026,31,2026-08-01 06:00:00,1 days 12:00:00,36,21.0,157.5,953.4,103.6
2026-07-30 18:00:00,WP122026,31,2026-08-01 12:00:00,1 days 18:00:00,42,21.63,156.38,954.0,102.9
2026-07-30 18:00:00,WP122026,31,2026-08-01 18:00:00,2 days 00:00:00,48,22.25,155.25,954.6,102.2
2026-07-30 18:00:00,WP122026,31,2026-08-02 00:00:00,2 days 06:00:00,54,22.88,153.76,956.6,100.0
2026-07-30 18:00:00,WP122026,31,2026-08-02 06:00:00,2 days 12:00:00,60,23.5,152.25,958.6,97.8
2026-07-30 18:00:00,WP122026,31,2026-08-02 12:00:00,2 days 18:00:00,66,24.01,151.0,956.7,99.8
2026-07-30 18:00:00,WP122026,31,2026-08-02 18:00:00,3 days 00:00:00,72,24.5,149.75,954.9,101.9
2026-07-30 18:00:00,WP122026,31,2026-08-03 00:00:00,3 days 06:00:00,78,24.88,148.75,954.2,102.7
2026-07-30 18:00:00,WP122026,31,2026-08-03 06:00:00,3 days 12:00:00,84,25.25,147.75,953.4,103.5
2026-07-30 18:00:00,WP122026,31,2026-08-03 12:00:00,3 days 18:00:00,90,25.38,146.63,954.4,102.5
2026-07-30 18:00:00,WP122026,31,2026-08-03 18:00:00,4 days 00:00:00,96,25.5,145.5,955.3,101.4
2026-07-30 18:00:00,WP122026,31,2026-08-04 00:00:00,4 days 06:00:00,102,25.88,144.25,953.0,104.0
2026-07-30 18:00:00,WP122026,31,2026-08-04 06:00:00,4 days 12:00:00,108,26.25,143.0,950.6,106.5
2026-07-30 18:00:00,WP122026,31,2026-08-04 12:00:00,4 days 18:00:00,114,26.26,141.75,951.0,106.1
2026-07-30 18:00:00,WP122026,31,2026-08-04 18:00:00,5 days 00:00:00,120,26.25,140.5,951.3,105.8
2026-07-30 18:00:00,WP122026,31,2026-08-05 00:00:00,5 days 06:00:00,126,26.51,139.0,954.5,102.3
2026-07-30 18:00:00,WP122026,31,2026-08-05 06:00:00,5 days 12:00:00,132,26.75,137.5,957.7,98.8
2026-07-30 18:00:00,WP122026,31,2026-08-05 12:00:00,5 days 18:00:00,138,27.26,135.88,958.3,98.1
2026-07-30 18:00:00,WP122026,31,2026-08-05 18:00:00,6 days 00:00:00,144,27.75,134.25,958.9,97.4
2026-07-30 18:00:00,WP122026,31,2026-08-06 00:00:00,6 days 06:00:00,150,28.26,132.76,958.9,97.5
2026-07-30 18:00:00,WP122026,31,2026-08-06 06:00:00,6 days 12:00:00,156,28.75,131.25,958.8,97.5
2026-07-30 18:00:00,WP122026,31,2026-08-06 12:00:00,6 days 18:00:00,162,29.38,129.63,961.0,95.1
2026-07-30 18:00:00,WP122026,31,2026-08-06 18:00:00,7 days 00:00:00,168,30.0,128.0,963.2,92.6
2026-07-30 18:00:00,WP122026,31,2026-08-07 00:00:00,7 days 06:00:00,174,30.51,126.51,963.4,92.3
2026-07-30 18:00:00,WP122026,31,2026-08-07 06:00:00,7 days 12:00:00,180,31.0,125.0,963.7,92.0
2026-07-30 18:00:00,WP122026,31,2026-08-07 12:00:00,7 days 18:00:00,186,31.38,124.0,964.8,90.7
2026-07-30 18:00:00,WP122026,31,2026-08-07 18:00:00,8 days 00:00:00,192,31.75,123.0,965.9,89.4
2026-07-30 18:00:00,WP122026,31,2026-08-08 00:00:00,8 days 06:00:00,198,32.38,121.88,966.7,88.5
2026-07-30 18:00:00,WP122026,31,2026-08-08 06:00:00,8 days 12:00:00,204,33.0,120.75,967.5,87.5
2026-07-30 18:00:00,WP122026,31,2026-08-08 12:00:00,8 days 18:00:00,210,33.25,119.88,971.7,82.5
2026-07-30 18:00:00,WP122026,31,2026-08-08 18:00:00,9 days 00:00:00,216,33.5,119.0,975.9,77.4
2026-07-30 18:00:00,WP122026,31,2026-08-09 00:00:00,9 days 06:00:00,222,33.63,118.75,978.7,73.9
2026-07-30 18:00:00,WP122026,31,2026-08-09 06:00:00,9 days 12:00:00,228,33.75,118.5,981.4,70.4
2026-07-30 18:00:00,WP122026,31,2026-08-09 12:00:00,9 days 18:00:00,234,33.5,118.37,983.6,67.5
2026-07-30 18:00:00,WP122026,31,2026-08-09 18:00:00,10 days 00:00:00,240,33.25,118.25,985.7,64.7
2026-07-30 18:00:00,WP122026,31,2026-08-10 00:00:00,10 days 06:00:00,246,32.5,117.87,988.1,61.4
2026-07-30 18:00:00,WP122026,31,2026-08-10 06:00:00,10 days 12:00:00,252,31.75,117.5,990.5,58.1
2026-07-30 18:00:00,WP122026,31,2026-08-10 12:00:00,10 days 18:00:00,258,31.75,118.37,991.2,57.0
2026-07-30 18:00:00,WP122026,31,2026-08-10 18:00:00,11 days 00:00:00,264,31.75,119.25,992.0,55.9
2026-07-30 18:00:00,WP122026,31,2026-08-11 00:00:00,11 days 06:00:00,270,30.38,119.38,992.8,54.6
2026-07-30 18:00:00,WP122026,31,2026-08-11 06:00:00,11 days 12:00:00,276,29.0,119.5,993.7,53.3
2026-07-30 18:00:00,EP072026,32,2026-07-30 18:00:00,0 days 00:00:00,0,20.5,-124.25,987.6,62.1
2026-07-30 18:00:00,EP072026,32,2026-07-31 00:00:00,0 days 06:00:00,6,20.88,-125.62,989.6,59.3
2026-07-30 18:00:00,EP072026,32,2026-07-31 06:00:00,0 days 12:00:00,12,21.25,-127.0,991.6,56.4
2026-07-30 18:00:00,EP072026,32,2026-07-31 12:00:00,0 days 18:00:00,18,21.63,-128.25,995.6,50.4
2026-07-30 18:00:00,EP072026,32,2026-07-31 18:00:00,1 days 00:00:00,24,22.0,-129.5,999.6,44.3
2026-07-30 18:00:00,EP072026,32,2026-08-01 00:00:00,1 days 06:00:00,30,22.26,-130.87,999.7,44.2
2026-07-30 18:00:00,EP072026,32,2026-08-01 06:00:00,1 days 12:00:00,36,22.5,-132.25,999.7,44.1
2026-07-30 18:00:00,EP072026,32,2026-08-01 12:00:00,1 days 18:00:00,42,22.63,-133.87,1002.7,38.9
2026-07-30 18:00:00,EP072026,32,2026-08-01 18:00:00,2 days 00:00:00,48,22.75,-135.5,1005.7,33.8
2026-07-30 18:00:00,WP122026,32,2026-07-30 18:00:00,0 days 00:00:00,0,17.75,162.75,951.7,105.4
2026-07-30 18:00:00,WP122026,32,2026-07-31 00:00:00,0 days 06:00:00,6,18.13,161.88,954.7,102.1
2026-07-30 18:00:00,WP122026,32,2026-07-31 06:00:00,0 days 12:00:00,12,18.5,161.0,957.6,98.9
2026-07-30 18:00:00,WP122026,32,2026-07-31 12:00:00,0 days 18:00:00,18,19.13,160.25,956.6,100.0
2026-07-30 18:00:00,WP122026,32,2026-07-31 18:00:00,1 days 00:00:00,24,19.75,159.5,955.5,101.2
2026-07-30 18:00:00,WP122026,32,2026-08-01 00:00:00,1 days 06:00:00,30,20.5,158.5,953.6,103.3
2026-07-30 18:00:00,WP122026,32,2026-08-01 06:00:00,1 days 12:00:00,36,21.25,157.5,951.7,105.4
2026-07-30 18:00:00,WP122026,32,2026-08-01 12:00:00,1 days 18:00:00,42,21.75,156.38,951.8,105.3
2026-07-30 18:00:00,WP122026,32,2026-08-01 18:00:00,2 days 00:00:00,48,22.25,155.25,951.9,105.2
2026-07-30 18:00:00,WP122026,32,2026-08-02 00:00:00,2 days 06:00:00,54,22.88,154.38,953.2,103.8
2026-07-30 18:00:00,WP122026,32,2026-08-02 06:00:00,2 days 12:00:00,60,23.5,153.5,954.4,102.4
2026-07-30 18:00:00,WP122026,32,2026-08-02 12:00:00,2 days 18:00:00,66,23.88,152.13,953.3,103.6
2026-07-30 18:00:00,WP122026,32,2026-08-02 18:00:00,3 days 00:00:00,72,24.25,150.75,952.2,104.8
2026-07-30 18:00:00,WP122026,32,2026-08-03 00:00:00,3 days 06:00:00,78,24.51,149.5,950.3,106.9
2026-07-30 18:00:00,WP122026,32,2026-08-03 06:00:00,3 days 12:00:00,84,24.75,148.25,948.3,109.0
2026-07-30 18:00:00,WP122026,32,2026-08-03 12:00:00,3 days 18:00:00,90,25.0,147.38,950.5,106.6
2026-07-30 18:00:00,WP122026,32,2026-08-03 18:00:00,4 days 00:00:00,96,25.25,146.5,952.7,104.3
2026-07-30 18:00:00,WP122026,32,2026-08-04 00:00:00,4 days 06:00:00,102,25.75,145.63,954.6,102.2
2026-07-30 18:00:00,WP122026,32,2026-08-04 06:00:00,4 days 12:00:00,108,26.25,144.75,956.5,100.1
2026-07-30 18:00:00,WP122026,32,2026-08-04 12:00:00,4 days 18:00:00,114,26.63,143.38,955.6,101.1
2026-07-30 18:00:00,WP122026,32,2026-08-04 18:00:00,5 days 00:00:00,120,27.0,142.0,954.7,102.1
2026-07-30 18:00:00,WP122026,32,2026-08-05 00:00:00,5 days 06:00:00,126,27.63,140.51,959.4,96.8
2026-07-30 18:00:00,WP122026,32,2026-08-05 06:00:00,5 days 12:00:00,132,28.25,139.0,964.2,91.4
2026-07-30 18:00:00,WP122026,32,2026-08-05 12:00:00,5 days 18:00:00,138,28.64,137.13,965.3,90.1
2026-07-30 18:00:00,WP122026,32,2026-08-05 18:00:00,6 days 00:00:00,144,29.0,135.25,966.4,88.9
2026-07-30 18:00:00,WP122026,32,2026-08-06 00:00:00,6 days 06:00:00,150,29.38,133.76,967.7,87.3
2026-07-30 18:00:00,WP122026,32,2026-08-06 06:00:00,6 days 12:00:00,156,29.75,132.25,969.1,85.7
2026-07-30 18:00:00,WP122026,32,2026-08-06 12:00:00,6 days 18:00:00,162,30.39,130.39,970.1,84.5
2026-07-30 18:00:00,WP122026,32,2026-08-06 18:00:00,7 days 00:00:00,168,31.0,128.5,971.2,83.2
2026-07-30 18:00:00,WP122026,32,2026-08-07 00:00:00,7 days 06:00:00,174,31.38,127.38,971.4,82.9
2026-07-30 18:00:00,WP122026,32,2026-08-07 06:00:00,7 days 12:00:00,180,31.75,126.25,971.7,82.6
2026-07-30 18:00:00,WP122026,32,2026-08-07 12:00:00,7 days 18:00:00,186,32.38,125.01,972.1,82.1
2026-07-30 18:00:00,WP122026,32,2026-08-07 18:00:00,8 days 00:00:00,192,33.0,123.75,972.4,81.7
2026-07-30 18:00:00,WP122026,32,2026-08-08 00:00:00,8 days 06:00:00,198,33.51,122.38,974.3,79.3
2026-07-30 18:00:00,WP122026,32,2026-08-08 06:00:00,8 days 12:00:00,204,34.0,121.0,976.2,77.0
2026-07-30 18:00:00,WP122026,32,2026-08-08 12:00:00,8 days 18:00:00,210,34.13,119.88,978.4,74.2
2026-07-30 18:00:00,WP122026,32,2026-08-08 18:00:00,9 days 00:00:00,216,34.25,118.75,980.6,71.4
2026-07-30 18:00:00,WP122026,32,2026-08-09 00:00:00,9 days 06:00:00,222,34.63,118.0,984.7,65.9
2026-07-30 18:00:00,WP122026,32,2026-08-09 06:00:00,9 days 12:00:00,228,35.0,117.25,988.8,60.4
2026-07-30 18:00:00,WP122026,32,2026-08-09 12:00:00,9 days 18:00:00,234,35.13,116.75,989.7,59.2
2026-07-30 18:00:00,WP122026,32,2026-08-09 18:00:00,10 days 00:00:00,240,35.25,116.25,990.6,57.9
2026-07-30 18:00:00,WP122026,32,2026-08-10 00:00:00,10 days 06:00:00,246,35.25,116.12,991.9,56.0
2026-07-30 18:00:00,WP122026,32,2026-08-10 06:00:00,10 days 12:00:00,252,35.25,116.0,993.2,54.2
2026-07-30 18:00:00,WP122026,32,2026-08-10 12:00:00,10 days 18:00:00,258,35.63,115.63,993.8,53.3
2026-07-30 18:00:00,WP122026,32,2026-08-10 18:00:00,11 days 00:00:00,264,36.0,115.25,994.4,52.3
2026-07-30 18:00:00,EP072026,33,2026-07-30 18:00:00,0 days 00:00:00,0,20.5,-124.25,987.6,62.1
2026-07-30 18:00:00,EP072026,33,2026-07-31 00:00:00,0 days 06:00:00,6,20.88,-125.5,988.8,60.5
2026-07-30 18:00:00,EP072026,33,2026-07-31 06:00:00,0 days 12:00:00,12,21.25,-126.75,989.9,58.9
2026-07-30 18:00:00,EP072026,33,2026-07-31 12:00:00,0 days 18:00:00,18,21.63,-128.37,992.2,55.5
2026-07-30 18:00:00,EP072026,33,2026-07-31 18:00:00,1 days 00:00:00,24,22.0,-130.0,994.5,52.2
2026-07-30 18:00:00,EP072026,33,2026-08-01 00:00:00,1 days 06:00:00,30,22.01,-131.38,997.3,47.9
2026-07-30 18:00:00,EP072026,33,2026-08-01 06:00:00,1 days 12:00:00,36,22.0,-132.75,1000.0,43.6
2026-07-30 18:00:00,EP072026,33,2026-08-01 12:00:00,1 days 18:00:00,42,22.13,-134.25,1002.0,40.3
2026-07-30 18:00:00,EP072026,33,2026-08-01 18:00:00,2 days 00:00:00,48,22.25,-135.75,1003.9,37.0
2026-07-30 18:00:00,EP072026,33,2026-08-02 00:00:00,2 days 06:00:00,54,22.63,-137.12,1005.9,33.5
2026-07-30 18:00:00,EP072026,33,2026-08-02 06:00:00,2 days 12:00:00,60,23.0,-138.5,1007.8,29.9
2026-07-30 18:00:00,EP072026,33,2026-08-02 12:00:00,2 days 18:00:00,66,23.2,-139.74,1007.5,30.5
2026-07-30 18:00:00,EP072026,33,2026-08-02 18:00:00,3 days 00:00:00,72,23.39,-140.99,1007.2,31.0
2026-07-30 18:00:00,EP072026,33,2026-08-03 00:00:00,3 days 06:00:00,78,23.58,-142.25,1007.0,31.5
2026-07-30 18:00:00,EP072026,33,2026-08-03 06:00:00,3 days 12:00:00,84,23.75,-143.5,1006.7,32.0
2026-07-30 18:00:00,WP122026,33,2026-07-30 18:00:00,0 days 00:00:00,0,17.75,162.75,951.7,105.4
2026-07-30 18:00:00,WP122026,33,2026-07-31 00:00:00,0 days 06:00:00,6,18.13,161.88,952.5,104.5
2026-07-30 18:00:00,WP122026,33,2026-07-31 06:00:00,0 days 12:00:00,12,18.5,161.0,953.2,103.7
2026-07-30 18:00:00,WP122026,33,2026-07-31 12:00:00,0 days 18:00:00,18,19.13,160.13,953.2,103.8
2026-07-30 18:00:00,WP122026,33,2026-07-31 18:00:00,1 days 00:00:00,24,19.75,159.25,953.1,103.8
2026-07-30 18:00:00,WP122026,33,2026-08-01 00:00:00,1 days 06:00:00,30,20.38,158.13,952.4,104.6
2026-07-30 18:00:00,WP122026,33,2026-08-01 06:00:00,1 days 12:00:00,36,21.0,157.0,951.7,105.4
2026-07-30 18:00:00,WP122026,33,2026-08-01 12:00:00,1 days 18:00:00,42,21.75,155.88,954.6,102.2
2026-07-30 18:00:00,WP122026,33,2026-08-01 18:00:00,2 days 00:00:00,48,22.5,154.75,957.6,98.9
2026-07-30 18:00:00,WP122026,33,2026-08-02 00:00:00,2 days 06:00:00,54,23.13,153.51,954.8,102.0
2026-07-30 18:00:00,WP122026,33,2026-08-02 06:00:00,2 days 12:00:00,60,23.75,152.25,952.1,105.0
2026-07-30 18:00:00,WP122026,33,2026-08-02 12:00:00,2 days 18:00:00,66,24.01,150.88,952.3,104.7
2026-07-30 18:00:00,WP122026,33,2026-08-02 18:00:00,3 days 00:00:00,72,24.25,149.5,952.6,104.4
2026-07-30 18:00:00,WP122026,33,2026-08-03 00:00:00,3 days 06:00:00,78,24.63,148.38,952.8,104.2
2026-07-30 18:00:00,WP122026,33,2026-08-03 06:00:00,3 days 12:00:00,84,25.0,147.25,952.9,104.1
2026-07-30 18:00:00,WP122026,33,2026-08-03 12:00:00,3 days 18:00:00,90,25.26,146.0,954.3,102.5
2026-07-30 18:00:00,WP122026,33,2026-08-03 18:00:00,4 days 00:00:00,96,25.5,144.75,955.8,100.9
2026-07-30 18:00:00,WP122026,33,2026-08-04 00:00:00,4 days 06:00:00,102,25.38,143.75,955.9,100.8
2026-07-30 18:00:00,WP122026,33,2026-08-04 06:00:00,4 days 12:00:00,108,25.25,142.75,956.1,100.6
2026-07-30 18:00:00,WP122026,33,2026-08-04 12:00:00,4 days 18:00:00,114,25.51,141.5,955.7,101.0
2026-07-30 18:00:00,WP122026,33,2026-08-04 18:00:00,5 days 00:00:00,120,25.75,140.25,955.3,101.4
2026-07-30 18:00:00,WP122026,33,2026-08-05 00:00:00,5 days 06:00:00,126,26.01,138.63,956.9,99.6
2026-07-30 18:00:00,WP122026,33,2026-08-05 06:00:00,5 days 12:00:00,132,26.25,137.0,958.5,97.9
2026-07-30 18:00:00,WP122026,33,2026-08-05 12:00:00,5 days 18:00:00,138,26.63,135.5,957.5,99.0
2026-07-30 18:00:00,WP122026,33,2026-08-05 18:00:00,6 days 00:00:00,144,27.0,134.0,956.5,100.1
2026-07-30 18:00:00,WP122026,33,2026-08-06 00:00:00,6 days 06:00:00,150,27.13,132.63,959.8,96.5
2026-07-30 18:00:00,WP122026,33,2026-08-06 06:00:00,6 days 12:00:00,156,27.25,131.25,963.0,92.8
2026-07-30 18:00:00,WP122026,33,2026-08-06 12:00:00,6 days 18:00:00,162,27.88,129.76,961.6,94.3
2026-07-30 18:00:00,WP122026,33,2026-08-06 18:00:00,7 days 00:00:00,168,28.5,128.25,960.3,95.9
2026-07-30 18:00:00,WP122026,33,2026-08-07 00:00:00,7 days 06:00:00,174,28.76,126.63,959.0,97.4
2026-07-30 18:00:00,WP122026,33,2026-08-07 06:00:00,7 days 12:00:00,180,29.0,125.0,957.6,98.9
2026-07-30 18:00:00,WP122026,33,2026-08-07 12:00:00,7 days 18:00:00,186,29.63,124.25,958.9,97.4
2026-07-30 18:00:00,WP122026,33,2026-08-07 18:00:00,8 days 00:00:00,192,30.25,123.5,960.2,96.0
2026-07-30 18:00:00,WP122026,33,2026-08-08 00:00:00,8 days 06:00:00,198,30.88,122.01,963.8,91.8
2026-07-30 18:00:00,WP122026,33,2026-08-08 06:00:00,8 days 12:00:00,204,31.5,120.5,967.5,87.5
2026-07-30 18:00:00,WP122026,33,2026-08-08 12:00:00,8 days 18:00:00,210,32.13,119.26,972.6,81.4
2026-07-30 18:00:00,WP122026,33,2026-08-08 18:00:00,9 days 00:00:00,216,32.75,118.0,977.6,75.3
2026-07-30 18:00:00,WP122026,33,2026-08-09 00:00:00,9 days 06:00:00,222,33.25,117.38,980.1,72.0
2026-07-30 18:00:00,WP122026,33,2026-08-09 06:00:00,9 days 12:00:00,228,33.75,116.75,982.7,68.8
2026-07-30 18:00:00,WP122026,33,2026-08-09 12:00:00,9 days 18:00:00,234,33.88,117.0,985.3,65.2
2026-07-30 18:00:00,WP122026,33,2026-08-09 18:00:00,10 days 00:00:00,240,34.0,117.25,987.9,61.6
2026-07-30 18:00:00,WP122026,33,2026-08-10 00:00:00,10 days 06:00:00,246,33.88,117.0,989.9,58.9
2026-07-30 18:00:00,WP122026,33,2026-08-10 06:00:00,10 days 12:00:00,252,33.75,116.75,991.8,56.1
2026-07-30 18:00:00,WP122026,33,2026-08-10 12:00:00,10 days 18:00:00,258,34.13,116.63,993.2,54.1
2026-07-30 18:00:00,WP122026,33,2026-08-10 18:00:00,11 days 00:00:00,264,34.5,116.5,994.6,52.0
2026-07-30 18:00:00,EP072026,34,2026-07-30 18:00:00,0 days 00:00:00,0,20.5,-124.25,987.6,62.1
2026-07-30 18:00:00,EP072026,34,2026-07-31 00:00:00,0 days 06:00:00,6,20.88,-125.62,988.6,60.7
2026-07-30 18:00:00,EP072026,34,2026-07-31 06:00:00,0 days 12:00:00,12,21.25,-127.0,989.5,59.4
2026-07-30 18:00:00,EP072026,34,2026-07-31 12:00:00,0 days 18:00:00,18,21.63,-128.25,992.9,54.4
2026-07-30 18:00:00,EP072026,34,2026-07-31 18:00:00,1 days 00:00:00,24,22.0,-129.5,996.3,49.4
2026-07-30 18:00:00,EP072026,34,2026-08-01 00:00:00,1 days 06:00:00,30,22.51,-131.12,999.6,44.1
2026-07-30 18:00:00,EP072026,34,2026-08-01 06:00:00,1 days 12:00:00,36,23.0,-132.75,1002.9,38.8
2026-07-30 18:00:00,EP072026,34,2026-08-01 12:00:00,1 days 18:00:00,42,23.0,-134.0,1004.7,35.6
2026-07-30 18:00:00,EP072026,34,2026-08-01 18:00:00,2 days 00:00:00,48,23.0,-135.25,1006.5,32.4
2026-07-30 18:00:00,WP122026,34,2026-07-30 18:00:00,0 days 00:00:00,0,17.75,162.75,951.7,105.4
2026-07-30 18:00:00,WP122026,34,2026-07-31 00:00:00,0 days 06:00:00,6,18.25,161.88,952.0,105.1
2026-07-30 18:00:00,WP122026,34,2026-07-31 06:00:00,0 days 12:00:00,12,18.75,161.0,952.2,104.8
2026-07-30 18:00:00,WP122026,34,2026-07-31 12:00:00,0 days 18:00:00,18,19.38,160.25,954.1,102.7
2026-07-30 18:00:00,WP122026,34,2026-07-31 18:00:00,1 days 00:00:00,24,20.0,159.5,956.0,100.7
2026-07-30 18:00:00,WP122026,34,2026-08-01 00:00:00,1 days 06:00:00,30,20.5,158.38,955.0,101.8
2026-07-30 18:00:00,WP122026,34,2026-08-01 06:00:00,1 days 12:00:00,36,21.0,157.25,954.0,102.9
2026-07-30 18:00:00,WP122026,34,2026-08-01 12:00:00,1 days 18:00:00,42,21.63,156.25,953.8,103.1
2026-07-30 18:00:00,WP122026,34,2026-08-01 18:00:00,2 days 00:00:00,48,22.25,155.25,953.5,103.4
2026-07-30 18:00:00,WP122026,34,2026-08-02 00:00:00,2 days 06:00:00,54,23.0,154.01,952.8,104.1
2026-07-30 18:00:00,WP122026,34,2026-08-02 06:00:00,2 days 12:00:00,60,23.75,152.75,952.1,104.9
2026-07-30 18:00:00,WP122026,34,2026-08-02 12:00:00,2 days 18:00:00,66,24.13,151.63,954.3,102.5
2026-07-30 18:00:00,WP122026,34,2026-08-02 18:00:00,3 days 00:00:00,72,24.5,150.5,956.4,100.2
2026-07-30 18:00:00,WP122026,34,2026-08-03 00:00:00,3 days 06:00:00,78,24.76,149.0,956.3,100.3
2026-07-30 18:00:00,WP122026,34,2026-08-03 06:00:00,3 days 12:00:00,84,25.0,147.5,956.2,100.4
2026-07-30 18:00:00,WP122026,34,2026-08-03 12:00:00,3 days 18:00:00,90,25.13,146.25,959.6,96.7
2026-07-30 18:00:00,WP122026,34,2026-08-03 18:00:00,4 days 00:00:00,96,25.25,145.0,962.9,92.9
2026-07-30 18:00:00,WP122026,34,2026-08-04 00:00:00,4 days 06:00:00,102,25.38,143.63,963.2,92.5
2026-07-30 18:00:00,WP122026,34,2026-08-04 06:00:00,4 days 12:00:00,108,25.5,142.25,963.5,92.2
2026-07-30 18:00:00,WP122026,34,2026-08-04 12:00:00,4 days 18:00:00,114,25.63,141.13,961.6,94.4
2026-07-30 18:00:00,WP122026,34,2026-08-04 18:00:00,5 days 00:00:00,120,25.75,140.0,959.7,96.6
2026-07-30 18:00:00,WP122026,34,2026-08-05 00:00:00,5 days 06:00:00,126,26.01,138.5,960.2,95.9
2026-07-30 18:00:00,WP122026,34,2026-08-05 06:00:00,5 days 12:00:00,132,26.25,137.0,960.8,95.3
2026-07-30 18:00:00,WP122026,34,2026-08-05 12:00:00,5 days 18:00:00,138,26.38,135.63,961.9,94.1
2026-07-30 18:00:00,WP122026,34,2026-08-05 18:00:00,6 days 00:00:00,144,26.5,134.25,962.9,92.9
2026-07-30 18:00:00,WP122026,34,2026-08-06 00:00:00,6 days 06:00:00,150,26.51,132.62,962.5,93.4
2026-07-30 18:00:00,WP122026,34,2026-08-06 06:00:00,6 days 12:00:00,156,26.5,131.0,962.1,93.8
2026-07-30 18:00:00,WP122026,34,2026-08-06 12:00:00,6 days 18:00:00,162,26.88,130.13,962.9,92.9
2026-07-30 18:00:00,WP122026,34,2026-08-06 18:00:00,7 days 00:00:00,168,27.25,129.25,963.7,92.0
2026-07-30 18:00:00,WP122026,34,2026-08-07 00:00:00,7 days 06:00:00,174,27.0,128.12,964.6,90.9
2026-07-30 18:00:00,WP122026,34,2026-08-07 06:00:00,7 days 12:00:00,180,26.75,127.0,965.6,89.8
2026-07-30 18:00:00,WP122026,34,2026-08-07 12:00:00,7 days 18:00:00,186,26.5,126.62,963.1,92.7
2026-07-30 18:00:00,WP122026,34,2026-08-07 18:00:00,8 days 00:00:00,192,26.25,126.25,960.6,95.5
2026-07-30 18:00:00,WP122026,34,2026-08-08 00:00:00,8 days 06:00:00,198,26.13,126.0,958.2,98.2
2026-07-30 18:00:00,WP122026,34,2026-08-08 06:00:00,8 days 12:00:00,204,26.0,125.75,955.8,100.9
2026-07-30 18:00:00,WP122026,34,2026-08-08 12:00:00,8 days 18:00:00,210,26.13,125.13,955.0,101.8
2026-07-30 18:00:00,WP122026,34,2026-08-08 18:00:00,9 days 00:00:00,216,26.25,124.5,954.1,102.7
2026-07-30 18:00:00,WP122026,34,2026-08-09 00:00:00,9 days 06:00:00,222,26.5,124.13,955.6,101.1
2026-07-30 18:00:00,WP122026,34,2026-08-09 06:00:00,9 days 12:00:00,228,26.75,123.75,957.1,99.5
2026-07-30 18:00:00,WP122026,34,2026-08-09 12:00:00,9 days 18:00:00,234,27.38,123.75,959.9,96.3
2026-07-30 18:00:00,WP122026,34,2026-08-09 18:00:00,10 days 00:00:00,240,28.0,123.75,962.8,93.1
2026-07-30 18:00:00,WP122026,34,2026-08-10 00:00:00,10 days 06:00:00,246,28.75,123.75,963.3,92.4
2026-07-30 18:00:00,WP122026,34,2026-08-10 06:00:00,10 days 12:00:00,252,29.5,123.75,963.9,91.7
2026-07-30 18:00:00,WP122026,34,2026-08-10 12:00:00,10 days 18:00:00,258,30.13,123.75,966.5,88.8
2026-07-30 18:00:00,WP122026,34,2026-08-10 18:00:00,11 days 00:00:00,264,30.75,123.75,969.0,85.8
2026-07-30 18:00:00,WP122026,34,2026-08-11 00:00:00,11 days 06:00:00,270,31.38,124.37,971.7,82.6
2026-07-30 18:00:00,WP122026,34,2026-08-11 06:00:00,11 days 12:00:00,276,32.0,125.0,974.3,79.3
2026-07-30 18:00:00,WP122026,34,2026-08-11 12:00:00,11 days 18:00:00,282,32.38,124.75,975.5,77.8
2026-07-30 18:00:00,WP122026,34,2026-08-11 18:00:00,12 days 00:00:00,288,32.75,124.5,976.7,76.3
2026-07-30 18:00:00,WP122026,34,2026-08-12 00:00:00,12 days 06:00:00,294,32.88,124.75,978.8,73.7
2026-07-30 18:00:00,WP122026,34,2026-08-12 06:00:00,12 days 12:00:00,300,33.0,125.0,980.9,71.1
2026-07-30 18:00:00,WP122026,34,2026-08-12 12:00:00,12 days 18:00:00,306,33.12,125.0,981.8,69.9
2026-07-30 18:00:00,WP122026,34,2026-08-12 18:00:00,13 days 00:00:00,312,33.25,125.0,982.6,68.8
2026-07-30 18:00:00,WP122026,34,2026-08-13 00:00:00,13 days 06:00:00,318,33.25,125.5,984.2,66.7
2026-07-30 18:00:00,WP122026,34,2026-08-13 06:00:00,13 days 12:00:00,324,33.25,126.0,985.8,64.5
2026-07-30 18:00:00,WP122026,34,2026-08-13 12:00:00,13 days 18:00:00,330,33.13,126.25,987.6,62.1
2026-07-30 18:00:00,WP122026,34,2026-08-13 18:00:00,14 days 00:00:00,336,33.0,126.5,989.4,59.6
2026-07-30 18:00:00,WP122026,34,2026-08-14 00:00:00,14 days 06:00:00,342,33.0,127.0,992.0,55.8
2026-07-30 18:00:00,WP122026,34,2026-08-14 06:00:00,14 days 12:00:00,348,33.0,127.5,994.6,52.0
2026-07-30 18:00:00,WP122026,34,2026-08-14 12:00:00,14 days 18:00:00,354,32.88,127.63,996.4,49.3
2026-07-30 18:00:00,WP122026,34,2026-08-14 18:00:00,15 days 00:00:00,360,32.75,127.75,998.1,46.7
2026-07-30 18:00:00,EP072026,35,2026-07-30 18:00:00,0 days 00:00:00,0,20.5,-124.25,987.6,62.1
2026-07-30 18:00:00,EP072026,35,2026-07-31 00:00:00,0 days 06:00:00,6,20.88,-125.5,990.5,58.0
2026-07-30 18:00:00,EP072026,35,2026-07-31 06:00:00,0 days 12:00:00,12,21.25,-126.75,993.4,53.9
2026-07-30 18:00:00,EP072026,35,2026-07-31 12:00:00,0 days 18:00:00,18,21.63,-128.25,994.8,51.8
2026-07-30 18:00:00,EP072026,35,2026-07-31 18:00:00,1 days 00:00:00,24,22.0,-129.75,996.1,49.7
2026-07-30 18:00:00,EP072026,35,2026-08-01 00:00:00,1 days 06:00:00,30,22.38,-131.12,997.8,47.1
2026-07-30 18:00:00,EP072026,35,2026-08-01 06:00:00,1 days 12:00:00,36,22.75,-132.5,999.5,44.5
2026-07-30 18:00:00,EP072026,35,2026-08-01 12:00:00,1 days 18:00:00,42,22.88,-134.12,1001.3,41.4
2026-07-30 18:00:00,EP072026,35,2026-08-01 18:00:00,2 days 00:00:00,48,23.0,-135.75,1003.2,38.3
2026-07-30 18:00:00,EP072026,35,2026-08-02 00:00:00,2 days 06:00:00,54,23.51,-137.12,1003.8,37.3
2026-07-30 18:00:00,EP072026,35,2026-08-02 06:00:00,2 days 12:00:00,60,24.0,-138.5,1004.3,36.3
2026-07-30 18:00:00,EP072026,35,2026-08-02 12:00:00,2 days 18:00:00,66,24.51,-140.24,1005.7,33.9
2026-07-30 18:00:00,EP072026,35,2026-08-02 18:00:00,3 days 00:00:00,72,25.0,-142.0,1007.0,31.4
2026-07-30 18:00:00,EP072026,35,2026-08-03 00:00:00,3 days 06:00:00,78,25.5,-143.0,1007.0,31.4
2026-07-30 18:00:00,EP072026,35,2026-08-03 06:00:00,3 days 12:00:00,84,26.0,-144.0,1007.0,31.4
2026-07-30 18:00:00,EP072026,35,2026-08-03 12:00:00,3 days 18:00:00,90,26.63,-144.62,1007.6,30.3
2026-07-30 18:00:00,EP072026,35,2026-08-03 18:00:00,4 days 00:00:00,96,27.25,-145.25,1008.1,29.3
2026-07-30 18:00:00,WP122026,35,2026-07-30 18:00:00,0 days 00:00:00,0,17.75,162.75,951.7,105.4
2026-07-30 18:00:00,WP122026,35,2026-07-31 00:00:00,0 days 06:00:00,6,18.13,161.88,950.6,106.5
2026-07-30 18:00:00,WP122026,35,2026-07-31 06:00:00,0 days 12:00:00,12,18.5,161.0,949.5,107.7
2026-07-30 18:00:00,WP122026,35,2026-07-31 12:00:00,0 days 18:00:00,18,19.13,160.13,954.1,102.7
2026-07-30 18:00:00,WP122026,35,2026-07-31 18:00:00,1 days 00:00:00,24,19.75,159.25,958.8,97.6
2026-07-30 18:00:00,WP122026,35,2026-08-01 00:00:00,1 days 06:00:00,30,20.38,158.38,959.0,97.3
2026-07-30 18:00:00,WP122026,35,2026-08-01 06:00:00,1 days 12:00:00,36,21.0,157.5,959.3,97.0
2026-07-30 18:00:00,WP122026,35,2026-08-01 12:00:00,1 days 18:00:00,42,21.5,156.25,958.1,98.3
2026-07-30 18:00:00,WP122026,35,2026-08-01 18:00:00,2 days 00:00:00,48,22.0,155.0,957.0,99.5
2026-07-30 18:00:00,WP122026,35,2026-08-02 00:00:00,2 days 06:00:00,54,22.63,153.88,954.8,101.9
2026-07-30 18:00:00,WP122026,35,2026-08-02 06:00:00,2 days 12:00:00,60,23.25,152.75,952.7,104.3
2026-07-30 18:00:00,WP122026,35,2026-08-02 12:00:00,2 days 18:00:00,66,23.76,151.26,953.5,103.4
2026-07-30 18:00:00,WP122026,35,2026-08-02 18:00:00,3 days 00:00:00,72,24.25,149.75,954.3,102.5
2026-07-30 18:00:00,WP122026,35,2026-08-03 00:00:00,3 days 06:00:00,78,24.63,148.5,954.6,102.2
2026-07-30 18:00:00,WP122026,35,2026-08-03 06:00:00,3 days 12:00:00,84,25.0,147.25,954.9,101.9
2026-07-30 18:00:00,WP122026,35,2026-08-03 12:00:00,3 days 18:00:00,90,25.0,146.25,954.3,102.5
2026-07-30 18:00:00,WP122026,35,2026-08-03 18:00:00,4 days 00:00:00,96,25.0,145.25,953.8,103.1
2026-07-30 18:00:00,WP122026,35,2026-08-04 00:00:00,4 days 06:00:00,102,25.13,144.25,951.8,105.3
2026-07-30 18:00:00,WP122026,35,2026-08-04 06:00:00,4 days 12:00:00,108,25.25,143.25,949.7,107.5
2026-07-30 18:00:00,WP122026,35,2026-08-04 12:00:00,4 days 18:00:00,114,25.13,142.0,951.0,106.2
2026-07-30 18:00:00,WP122026,35,2026-08-04 18:00:00,5 days 00:00:00,120,25.0,140.75,952.2,104.8
2026-07-30 18:00:00,WP122026,35,2026-08-05 00:00:00,5 days 06:00:00,126,25.38,139.5,951.4,105.7
2026-07-30 18:00:00,WP122026,35,2026-08-05 06:00:00,5 days 12:00:00,132,25.75,138.25,950.7,106.5
2026-07-30 18:00:00,WP122026,35,2026-08-05 12:00:00,5 days 18:00:00,138,26.13,137.0,952.3,104.7
2026-07-30 18:00:00,WP122026,35,2026-08-05 18:00:00,6 days 00:00:00,144,26.5,135.75,953.9,102.9
2026-07-30 18:00:00,WP122026,35,2026-08-06 00:00:00,6 days 06:00:00,150,26.63,134.38,955.2,101.6
2026-07-30 18:00:00,WP122026,35,2026-08-06 06:00:00,6 days 12:00:00,156,26.75,133.0,956.5,100.2
2026-07-30 18:00:00,WP122026,35,2026-08-06 12:00:00,6 days 18:00:00,162,26.88,131.38,958.1,98.4
2026-07-30 18:00:00,WP122026,35,2026-08-06 18:00:00,7 days 00:00:00,168,27.0,129.75,959.7,96.6
2026-07-30 18:00:00,WP122026,35,2026-08-07 00:00:00,7 days 06:00:00,174,26.76,128.5,959.9,96.3
2026-07-30 18:00:00,WP122026,35,2026-08-07 06:00:00,7 days 12:00:00,180,26.5,127.25,960.2,96.0
2026-07-30 18:00:00,WP122026,35,2026-08-07 12:00:00,7 days 18:00:00,186,26.63,126.38,958.5,97.9
2026-07-30 18:00:00,WP122026,35,2026-08-07 18:00:00,8 days 00:00:00,192,26.75,125.5,956.8,99.8
2026-07-30 18:00:00,WP122026,35,2026-08-08 00:00:00,8 days 06:00:00,198,26.75,124.88,957.8,98.7
2026-07-30 18:00:00,WP122026,35,2026-08-08 06:00:00,8 days 12:00:00,204,26.75,124.25,958.7,97.7
2026-07-30 18:00:00,WP122026,35,2026-08-08 12:00:00,8 days 18:00:00,210,26.63,123.0,960.4,95.7
2026-07-30 18:00:00,WP122026,35,2026-08-08 18:00:00,9 days 00:00:00,216,26.5,121.75,962.2,93.8
2026-07-30 18:00:00,WP122026,35,2026-08-09 00:00:00,9 days 06:00:00,222,26.25,120.87,966.9,88.2
2026-07-30 18:00:00,WP122026,35,2026-08-09 06:00:00,9 days 12:00:00,228,26.0,120.0,971.7,82.5
2026-07-30 18:00:00,WP122026,35,2026-08-09 12:00:00,9 days 18:00:00,234,25.75,119.75,976.5,76.6
2026-07-30 18:00:00,WP122026,35,2026-08-09 18:00:00,10 days 00:00:00,240,25.5,119.5,981.3,70.6
2026-07-30 18:00:00,WP122026,35,2026-08-10 00:00:00,10 days 06:00:00,246,26.38,118.76,983.8,67.2
2026-07-30 18:00:00,WP122026,35,2026-08-10 06:00:00,10 days 12:00:00,252,27.25,118.0,986.3,63.9
2026-07-30 18:00:00,WP122026,35,2026-08-10 12:00:00,10 days 18:00:00,258,28.13,118.99,987.2,62.7
2026-07-30 18:00:00,WP122026,35,2026-08-10 18:00:00,11 days 00:00:00,264,29.0,120.0,988.0,61.5
2026-07-30 18:00:00,WP122026,35,2026-08-11 00:00:00,11 days 06:00:00,270,27.88,120.13,988.3,61.1
2026-07-30 18:00:00,WP122026,35,2026-08-11 06:00:00,11 days 12:00:00,276,26.75,120.25,988.6,60.7
2026-07-30 18:00:00,WP122026,35,2026-08-11 12:00:00,11 days 18:00:00,282,28.5,120.86,988.7,60.6
2026-07-30 18:00:00,WP122026,35,2026-08-11 18:00:00,12 days 00:00:00,288,30.25,121.5,988.7,60.6
2026-07-30 18:00:00,WP122026,35,2026-08-12 00:00:00,12 days 06:00:00,294,28.88,121.12,989.0,60.2
2026-07-30 18:00:00,WP122026,35,2026-08-12 06:00:00,12 days 12:00:00,300,27.5,120.75,989.3,59.8
2026-07-30 18:00:00,WP122026,35,2026-08-12 12:00:00,12 days 18:00:00,306,27.88,121.12,989.3,59.7
2026-07-30 18:00:00,WP122026,35,2026-08-12 18:00:00,13 days 00:00:00,312,28.25,121.5,989.3,59.7
2026-07-30 18:00:00,WP122026,35,2026-08-13 00:00:00,13 days 06:00:00,318,29.25,121.5,989.2,59.9
2026-07-30 18:00:00,WP122026,35,2026-08-13 06:00:00,13 days 12:00:00,324,30.25,121.5,989.1,60.0
2026-07-30 18:00:00,WP122026,35,2026-08-13 12:00:00,13 days 18:00:00,330,29.64,119.61,989.9,58.9
2026-07-30 18:00:00,WP122026,35,2026-08-13 18:00:00,14 days 00:00:00,336,29.0,117.75,990.6,57.9
2026-07-30 18:00:00,WP122026,35,2026-08-14 00:00:00,14 days 06:00:00,342,28.51,119.38,990.5,58.0
2026-07-30 18:00:00,WP122026,35,2026-08-14 06:00:00,14 days 12:00:00,348,28.0,121.0,990.4,58.2
2026-07-30 18:00:00,WP122026,35,2026-08-14 12:00:00,14 days 18:00:00,354,28.38,122.25,990.7,57.7
2026-07-30 18:00:00,WP122026,35,2026-08-14 18:00:00,15 days 00:00:00,360,28.75,123.5,991.1,57.1
2026-07-30 18:00:00,EP072026,36,2026-07-30 18:00:00,0 days 00:00:00,0,20.5,-124.25,987.6,62.1
2026-07-30 18:00:00,EP072026,36,2026-07-31 00:00:00,0 days 06:00:00,6,20.88,-125.5,988.9,60.3
2026-07-30 18:00:00,EP072026,36,2026-07-31 06:00:00,0 days 12:00:00,12,21.25,-126.75,990.1,58.6
2026-07-30 18:00:00,EP072026,36,2026-07-31 12:00:00,0 days 18:00:00,18,21.76,-128.12,995.4,50.5
2026-07-30 18:00:00,EP072026,36,2026-07-31 18:00:00,1 days 00:00:00,24,22.25,-129.5,1000.7,42.5
2026-07-30 18:00:00,EP072026,36,2026-08-01 00:00:00,1 days 06:00:00,30,22.51,-130.87,1000.2,43.4
2026-07-30 18:00:00,EP072026,36,2026-08-01 06:00:00,1 days 12:00:00,36,22.75,-132.25,999.6,44.2
2026-07-30 18:00:00,EP072026,36,2026-08-01 12:00:00,1 days 18:00:00,42,22.88,-133.75,1001.3,41.5
2026-07-30 18:00:00,EP072026,36,2026-08-01 18:00:00,2 days 00:00:00,48,23.0,-135.25,1002.9,38.7
2026-07-30 18:00:00,EP072026,36,2026-08-02 00:00:00,2 days 06:00:00,54,23.26,-136.75,1005.2,34.7
2026-07-30 18:00:00,EP072026,36,2026-08-02 06:00:00,2 days 12:00:00,60,23.5,-138.25,1007.4,30.6
2026-07-30 18:00:00,EP072026,36,2026-08-02 12:00:00,2 days 18:00:00,66,24.26,-139.62,1007.6,30.2
2026-07-30 18:00:00,EP072026,36,2026-08-02 18:00:00,3 days 00:00:00,72,25.0,-141.0,1007.8,29.9
2026-07-30 18:00:00,EP072026,36,2026-08-03 00:00:00,3 days 06:00:00,78,25.13,-142.37,1008.4,28.7
2026-07-30 18:00:00,EP072026,36,2026-08-03 06:00:00,3 days 12:00:00,84,25.25,-143.75,1009.0,27.6
2026-07-30 18:00:00,WP122026,36,2026-07-30 18:00:00,0 days 00:00:00,0,17.75,162.75,951.7,105.4
2026-07-30 18:00:00,WP122026,36,2026-07-31 00:00:00,0 days 06:00:00,6,18.25,162.0,953.1,103.9
2026-07-30 18:00:00,WP122026,36,2026-07-31 06:00:00,0 days 12:00:00,12,18.75,161.25,954.4,102.5
2026-07-30 18:00:00,WP122026,36,2026-07-31 12:00:00,0 days 18:00:00,18,19.25,160.38,951.8,105.2
2026-07-30 18:00:00,WP122026,36,2026-07-31 18:00:00,1 days 00:00:00,24,19.75,159.5,949.3,108.0
2026-07-30 18:00:00,WP122026,36,2026-08-01 00:00:00,1 days 06:00:00,30,20.38,158.5,952.3,104.7
2026-07-30 18:00:00,WP122026,36,2026-08-01 06:00:00,1 days 12:00:00,36,21.0,157.5,955.3,101.4
2026-07-30 18:00:00,WP122026,36,2026-08-01 12:00:00,1 days 18:00:00,42,21.63,156.63,952.3,104.7
2026-07-30 18:00:00,WP122026,36,2026-08-01 18:00:00,2 days 00:00:00,48,22.25,155.75,949.3,108.0
2026-07-30 18:00:00,WP122026,36,2026-08-02 00:00:00,2 days 06:00:00,54,22.88,154.51,951.0,106.1
2026-07-30 18:00:00,WP122026,36,2026-08-02 06:00:00,2 days 12:00:00,60,23.5,153.25,952.7,104.3
2026-07-30 18:00:00,WP122026,36,2026-08-02 12:00:00,2 days 18:00:00,66,23.76,152.0,954.9,101.9
2026-07-30 18:00:00,WP122026,36,2026-08-02 18:00:00,3 days 00:00:00,72,24.0,150.75,957.1,99.4
2026-07-30 18:00:00,WP122026,36,2026-08-03 00:00:00,3 days 06:00:00,78,24.51,149.5,956.8,99.8
2026-07-30 18:00:00,WP122026,36,2026-08-03 06:00:00,3 days 12:00:00,84,25.0,148.25,956.5,100.2
2026-07-30 18:00:00,WP122026,36,2026-08-03 12:00:00,3 days 18:00:00,90,25.13,146.88,958.4,98.0
2026-07-30 18:00:00,WP122026,36,2026-08-03 18:00:00,4 days 00:00:00,96,25.25,145.5,960.4,95.8
2026-07-30 18:00:00,WP122026,36,2026-08-04 00:00:00,4 days 06:00:00,102,25.25,144.38,959.5,96.8
2026-07-30 18:00:00,WP122026,36,2026-08-04 06:00:00,4 days 12:00:00,108,25.25,143.25,958.6,97.8
2026-07-30 18:00:00,WP122026,36,2026-08-04 12:00:00,4 days 18:00:00,114,25.26,141.88,959.9,96.3
2026-07-30 18:00:00,WP122026,36,2026-08-04 18:00:00,5 days 00:00:00,120,25.25,140.5,961.1,94.9
2026-07-30 18:00:00,WP122026,36,2026-08-05 00:00:00,5 days 06:00:00,126,25.26,139.0,962.2,93.7
2026-07-30 18:00:00,WP122026,36,2026-08-05 06:00:00,5 days 12:00:00,132,25.25,137.5,963.3,92.4
2026-07-30 18:00:00,WP122026,36,2026-08-05 12:00:00,5 days 18:00:00,138,25.13,136.12,962.7,93.2
2026-07-30 18:00:00,WP122026,36,2026-08-05 18:00:00,6 days 00:00:00,144,25.0,134.75,962.0,93.9
2026-07-30 18:00:00,WP122026,36,2026-08-06 00:00:00,6 days 06:00:00,150,24.88,133.62,962.2,93.7
2026-07-30 18:00:00,WP122026,36,2026-08-06 06:00:00,6 days 12:00:00,156,24.75,132.5,962.4,93.5
2026-07-30 18:00:00,WP122026,36,2026-08-06 12:00:00,6 days 18:00:00,162,25.26,131.26,960.3,95.9
2026-07-30 18:00:00,WP122026,36,2026-08-06 18:00:00,7 days 00:00:00,168,25.75,130.0,958.1,98.3
2026-07-30 18:00:00,WP122026,36,2026-08-07 00:00:00,7 days 06:00:00,174,26.01,128.63,961.0,95.1
2026-07-30 18:00:00,WP122026,36,2026-08-07 06:00:00,7 days 12:00:00,180,26.25,127.25,963.8,91.9
2026-07-30 18:00:00,WP122026,36,2026-08-07 12:00:00,7 days 18:00:00,186,26.51,126.0,965.9,89.4
2026-07-30 18:00:00,WP122026,36,2026-08-07 18:00:00,8 days 00:00:00,192,26.75,124.75,968.0,87.0
2026-07-30 18:00:00,WP122026,36,2026-08-08 00:00:00,8 days 06:00:00,198,27.0,123.75,969.8,84.8
2026-07-30 18:00:00,WP122026,36,2026-08-08 06:00:00,8 days 12:00:00,204,27.25,122.75,971.7,82.6
2026-07-30 18:00:00,WP122026,36,2026-08-08 12:00:00,8 days 18:00:00,210,26.89,120.37,976.5,76.6
2026-07-30 18:00:00,WP122026,36,2026-08-08 18:00:00,9 days 00:00:00,216,26.5,118.0,981.3,70.6
2026-07-30 18:00:00,WP122026,36,2026-08-09 00:00:00,9 days 06:00:00,222,26.13,117.0,983.6,67.4
2026-07-30 18:00:00,WP122026,36,2026-08-09 06:00:00,9 days 12:00:00,228,25.75,116.0,986.0,64.3
2026-07-30 18:00:00,WP122026,36,2026-08-09 12:00:00,9 days 18:00:00,234,25.01,114.62,988.1,61.4
2026-07-30 18:00:00,WP122026,36,2026-08-09 18:00:00,10 days 00:00:00,240,24.25,113.25,990.1,58.6
2026-07-30 18:00:00,WP122026,36,2026-08-10 00:00:00,10 days 06:00:00,246,24.75,112.38,991.1,57.2
2026-07-30 18:00:00,WP122026,36,2026-08-10 06:00:00,10 days 12:00:00,252,25.25,111.5,992.0,55.8
2026-07-30 18:00:00,EP072026,37,2026-07-30 18:00:00,0 days 00:00:00,0,20.5,-124.25,987.6,62.1
2026-07-30 18:00:00,EP072026,37,2026-07-31 00:00:00,0 days 06:00:00,6,20.88,-125.62,989.5,59.4
2026-07-30 18:00:00,EP072026,37,2026-07-31 06:00:00,0 days 12:00:00,12,21.25,-127.0,991.5,56.7
2026-07-30 18:00:00,EP072026,37,2026-07-31 12:00:00,0 days 18:00:00,18,21.63,-128.25,994.3,52.5
2026-07-30 18:00:00,EP072026,37,2026-07-31 18:00:00,1 days 00:00:00,24,22.0,-129.5,997.1,48.3
2026-07-30 18:00:00,EP072026,37,2026-08-01 00:00:00,1 days 06:00:00,30,22.38,-131.12,998.5,46.1
2026-07-30 18:00:00,EP072026,37,2026-08-01 06:00:00,1 days 12:00:00,36,22.75,-132.75,999.9,43.9
2026-07-30 18:00:00,EP072026,37,2026-08-01 12:00:00,1 days 18:00:00,42,23.0,-134.0,1000.5,42.9
2026-07-30 18:00:00,EP072026,37,2026-08-01 18:00:00,2 days 00:00:00,48,23.25,-135.25,1001.1,41.9
2026-07-30 18:00:00,EP072026,37,2026-08-02 00:00:00,2 days 06:00:00,54,23.0,-136.5,1004.0,36.8
2026-07-30 18:00:00,EP072026,37,2026-08-02 06:00:00,2 days 12:00:00,60,22.75,-137.75,1006.9,31.7
2026-07-30 18:00:00,EP072026,37,2026-08-02 12:00:00,2 days 18:00:00,66,23.13,-139.12,1007.9,29.6
2026-07-30 18:00:00,EP072026,37,2026-08-02 18:00:00,3 days 00:00:00,72,23.5,-140.5,1009.0,27.6
2026-07-30 18:00:00,WP122026,37,2026-07-30 18:00:00,0 days 00:00:00,0,17.75,162.75,951.7,105.4
2026-07-30 18:00:00,WP122026,37,2026-07-31 00:00:00,0 days 06:00:00,6,18.13,161.88,954.2,102.6
2026-07-30 18:00:00,WP122026,37,2026-07-31 06:00:00,0 days 12:00:00,12,18.5,161.0,956.7,99.9
2026-07-30 18:00:00,WP122026,37,2026-07-31 12:00:00,0 days 18:00:00,18,19.13,160.38,958.3,98.1
2026-07-30 18:00:00,WP122026,37,2026-07-31 18:00:00,1 days 00:00:00,24,19.75,159.75,959.9,96.3
2026-07-30 18:00:00,WP122026,37,2026-08-01 00:00:00,1 days 06:00:00,30,20.13,158.88,957.5,99.1
2026-07-30 18:00:00,WP122026,37,2026-08-01 06:00:00,1 days 12:00:00,36,20.5,158.0,955.0,101.8
2026-07-30 18:00:00,WP122026,37,2026-08-01 12:00:00,1 days 18:00:00,42,21.38,156.76,955.3,101.4
2026-07-30 18:00:00,WP122026,37,2026-08-01 18:00:00,2 days 00:00:00,48,22.25,155.5,955.7,101.0
2026-07-30 18:00:00,WP122026,37,2026-08-02 00:00:00,2 days 06:00:00,54,22.88,154.5,953.9,103.0
2026-07-30 18:00:00,WP122026,37,2026-08-02 06:00:00,2 days 12:00:00,60,23.5,153.5,952.0,105.0
2026-07-30 18:00:00,WP122026,37,2026-08-02 12:00:00,2 days 18:00:00,66,24.13,152.13,952.9,104.1
2026-07-30 18:00:00,WP122026,37,2026-08-02 18:00:00,3 days 00:00:00,72,24.75,150.75,953.8,103.1
2026-07-30 18:00:00,WP122026,37,2026-08-03 00:00:00,3 days 06:00:00,78,25.13,149.63,950.5,106.7
2026-07-30 18:00:00,WP122026,37,2026-08-03 06:00:00,3 days 12:00:00,84,25.5,148.5,947.2,110.2
2026-07-30 18:00:00,WP122026,37,2026-08-03 12:00:00,3 days 18:00:00,90,25.75,147.38,949.9,107.3
2026-07-30 18:00:00,WP122026,37,2026-08-03 18:00:00,4 days 00:00:00,96,26.0,146.25,952.6,104.4
2026-07-30 18:00:00,WP122026,37,2026-08-04 00:00:00,4 days 06:00:00,102,26.0,145.25,952.6,104.4
2026-07-30 18:00:00,WP122026,37,2026-08-04 06:00:00,4 days 12:00:00,108,26.0,144.25,952.5,104.5
2026-07-30 18:00:00,WP122026,37,2026-08-04 12:00:00,4 days 18:00:00,114,26.26,142.88,955.3,101.4
2026-07-30 18:00:00,WP122026,37,2026-08-04 18:00:00,5 days 00:00:00,120,26.5,141.5,958.1,98.3
2026-07-30 18:00:00,WP122026,37,2026-08-05 00:00:00,5 days 06:00:00,126,26.76,139.88,960.9,95.2
2026-07-30 18:00:00,WP122026,37,2026-08-05 06:00:00,5 days 12:00:00,132,27.0,138.25,963.7,92.0
2026-07-30 18:00:00,WP122026,37,2026-08-05 12:00:00,5 days 18:00:00,138,26.88,136.62,964.7,90.8
2026-07-30 18:00:00,WP122026,37,2026-08-05 18:00:00,6 days 00:00:00,144,26.75,135.0,965.7,89.6
2026-07-30 18:00:00,WP122026,37,2026-08-06 00:00:00,6 days 06:00:00,150,26.89,133.25,966.2,89.1
2026-07-30 18:00:00,WP122026,37,2026-08-06 06:00:00,6 days 12:00:00,156,27.0,131.5,966.7,88.5
2026-07-30 18:00:00,WP122026,37,2026-08-06 12:00:00,6 days 18:00:00,162,27.13,130.13,967.0,88.2
2026-07-30 18:00:00,WP122026,37,2026-08-06 18:00:00,7 days 00:00:00,168,27.25,128.75,967.2,87.9
2026-07-30 18:00:00,WP122026,37,2026-08-07 00:00:00,7 days 06:00:00,174,27.38,127.88,966.3,89.0
2026-07-30 18:00:00,WP122026,37,2026-08-07 06:00:00,7 days 12:00:00,180,27.5,127.0,965.3,90.1
2026-07-30 18:00:00,WP122026,37,2026-08-07 12:00:00,7 days 18:00:00,186,27.5,126.0,965.2,90.2
2026-07-30 18:00:00,WP122026,37,2026-08-07 18:00:00,8 days 00:00:00,192,27.5,125.0,965.1,90.4
2026-07-30 18:00:00,WP122026,37,2026-08-08 00:00:00,8 days 06:00:00,198,27.88,124.38,965.6,89.8
2026-07-30 18:00:00,WP122026,37,2026-08-08 06:00:00,8 days 12:00:00,204,28.25,123.75,966.0,89.3
2026-07-30 18:00:00,WP122026,37,2026-08-08 12:00:00,8 days 18:00:00,210,29.01,122.38,969.1,85.7
2026-07-30 18:00:00,WP122026,37,2026-08-08 18:00:00,9 days 00:00:00,216,29.75,121.0,972.1,82.0
2026-07-30 18:00:00,WP122026,37,2026-08-09 00:00:00,9 days 06:00:00,222,30.13,120.0,976.4,76.7
2026-07-30 18:00:00,WP122026,37,2026-08-09 06:00:00,9 days 12:00:00,228,30.5,119.0,980.6,71.4
2026-07-30 18:00:00,WP122026,37,2026-08-09 12:00:00,9 days 18:00:00,234,30.88,118.38,983.2,67.9
2026-07-30 18:00:00,WP122026,37,2026-08-09 18:00:00,10 days 00:00:00,240,31.25,117.75,985.9,64.5
2026-07-30 18:00:00,WP122026,37,2026-08-10 00:00:00,10 days 06:00:00,246,32.63,117.75,987.7,61.9
2026-07-30 18:00:00,WP122026,37,2026-08-10 06:00:00,10 days 12:00:00,252,34.0,117.75,989.6,59.4
2026-07-30 18:00:00,WP122026,37,2026-08-10 12:00:00,10 days 18:00:00,258,35.25,118.24,989.2,59.9
2026-07-30 18:00:00,WP122026,37,2026-08-10 18:00:00,11 days 00:00:00,264,36.5,118.75,988.8,60.4
2026-07-30 18:00:00,WP122026,37,2026-08-11 00:00:00,11 days 06:00:00,270,37.13,119.87,988.6,60.8
2026-07-30 18:00:00,WP122026,37,2026-08-11 06:00:00,11 days 12:00:00,276,37.75,121.0,988.3,61.1
2026-07-30 18:00:00,WP122026,37,2026-08-11 12:00:00,11 days 18:00:00,282,39.16,123.7,988.4,61.0
2026-07-30 18:00:00,WP122026,37,2026-08-11 18:00:00,12 days 00:00:00,288,40.52,126.53,988.5,60.9
2026-07-30 18:00:00,WP122026,37,2026-08-12 00:00:00,12 days 06:00:00,294,41.8,129.46,988.6,60.7
2026-07-30 18:00:00,WP122026,37,2026-08-12 06:00:00,12 days 12:00:00,300,43.0,132.5,988.7,60.6
2026-07-30 18:00:00,WP122026,37,2026-08-12 12:00:00,12 days 18:00:00,306,44.48,130.71,989.3,59.8
2026-07-30 18:00:00,WP122026,37,2026-08-12 18:00:00,13 days 00:00:00,312,45.94,128.83,989.9,58.9
2026-07-30 18:00:00,WP122026,37,2026-08-13 00:00:00,13 days 06:00:00,318,47.36,126.84,990.5,58.0
2026-07-30 18:00:00,WP122026,37,2026-08-13 06:00:00,13 days 12:00:00,324,48.75,124.75,991.1,57.2
2026-07-30 18:00:00,EP072026,38,2026-07-30 18:00:00,0 days 00:00:00,0,20.5,-124.25,987.6,62.1
2026-07-30 18:00:00,EP072026,38,2026-07-31 00:00:00,0 days 06:00:00,6,20.88,-125.62,989.1,60.1
2026-07-30 18:00:00,EP072026,38,2026-07-31 06:00:00,0 days 12:00:00,12,21.25,-127.0,990.5,58.0
2026-07-30 18:00:00,EP072026,38,2026-07-31 12:00:00,0 days 18:00:00,18,21.76,-128.37,993.4,53.7
2026-07-30 18:00:00,EP072026,38,2026-07-31 18:00:00,1 days 00:00:00,24,22.25,-129.75,996.4,49.4
2026-07-30 18:00:00,EP072026,38,2026-08-01 00:00:00,1 days 06:00:00,30,22.51,-131.37,997.3,47.8
2026-07-30 18:00:00,EP072026,38,2026-08-01 06:00:00,1 days 12:00:00,36,22.75,-133.0,998.3,46.3
2026-07-30 18:00:00,EP072026,38,2026-08-01 12:00:00,1 days 18:00:00,42,23.13,-134.37,1001.2,41.6
2026-07-30 18:00:00,EP072026,38,2026-08-01 18:00:00,2 days 00:00:00,48,23.5,-135.75,1004.0,36.9
2026-07-30 18:00:00,EP072026,38,2026-08-02 00:00:00,2 days 06:00:00,54,23.63,-137.25,1005.6,34.0
2026-07-30 18:00:00,EP072026,38,2026-08-02 06:00:00,2 days 12:00:00,60,23.75,-138.75,1007.2,31.1
2026-07-30 18:00:00,WP122026,38,2026-07-30 18:00:00,0 days 00:00:00,0,17.75,162.75,951.7,105.4
2026-07-30 18:00:00,WP122026,38,2026-07-31 00:00:00,0 days 06:00:00,6,18.25,161.88,952.9,104.1
2026-07-30 18:00:00,WP122026,38,2026-07-31 06:00:00,0 days 12:00:00,12,18.75,161.0,954.1,102.8
2026-07-30 18:00:00,WP122026,38,2026-07-31 12:00:00,0 days 18:00:00,18,19.25,160.13,956.3,100.4
2026-07-30 18:00:00,WP122026,38,2026-07-31 18:00:00,1 days 00:00:00,24,19.75,159.25,958.5,97.9
2026-07-30 18:00:00,WP122026,38,2026-08-01 00:00:00,1 days 06:00:00,30,20.5,158.25,957.4,99.1
2026-07-30 18:00:00,WP122026,38,2026-08-01 06:00:00,1 days 12:00:00,36,21.25,157.25,956.3,100.4
2026-07-30 18:00:00,WP122026,38,2026-08-01 12:00:00,1 days 18:00:00,42,22.0,156.26,954.9,101.9
2026-07-30 18:00:00,WP122026,38,2026-08-01 18:00:00,2 days 00:00:00,48,22.75,155.25,953.5,103.5
2026-07-30 18:00:00,WP122026,38,2026-08-02 00:00:00,2 days 06:00:00,54,23.63,154.13,953.9,103.0
2026-07-30 18:00:00,WP122026,38,2026-08-02 06:00:00,2 days 12:00:00,60,24.5,153.0,954.2,102.6
2026-07-30 18:00:00,WP122026,38,2026-08-02 12:00:00,2 days 18:00:00,66,25.01,151.63,953.8,103.1
2026-07-30 18:00:00,WP122026,38,2026-08-02 18:00:00,3 days 00:00:00,72,25.5,150.25,953.4,103.5
2026-07-30 18:00:00,WP122026,38,2026-08-03 00:00:00,3 days 06:00:00,78,26.0,149.25,953.6,103.3
2026-07-30 18:00:00,WP122026,38,2026-08-03 06:00:00,3 days 12:00:00,84,26.5,148.25,953.8,103.1
2026-07-30 18:00:00,WP122026,38,2026-08-03 12:00:00,3 days 18:00:00,90,27.0,147.25,955.7,101.0
2026-07-30 18:00:00,WP122026,38,2026-08-03 18:00:00,4 days 00:00:00,96,27.5,146.25,957.6,98.9
2026-07-30 18:00:00,WP122026,38,2026-08-04 00:00:00,4 days 06:00:00,102,28.38,145.38,958.4,98.0
2026-07-30 18:00:00,WP122026,38,2026-08-04 06:00:00,4 days 12:00:00,108,29.25,144.5,959.2,97.1
2026-07-30 18:00:00,WP122026,38,2026-08-04 12:00:00,4 days 18:00:00,114,30.01,142.64,962.5,93.4
2026-07-30 18:00:00,WP122026,38,2026-08-04 18:00:00,5 days 00:00:00,120,30.75,140.75,965.7,89.7
2026-07-30 18:00:00,WP122026,38,2026-08-05 00:00:00,5 days 06:00:00,126,31.14,139.13,970.8,83.6
2026-07-30 18:00:00,WP122026,38,2026-08-05 06:00:00,5 days 12:00:00,132,31.5,137.5,975.8,77.5
2026-07-30 18:00:00,WP122026,38,2026-08-05 12:00:00,5 days 18:00:00,138,32.26,135.76,976.2,77.0
2026-07-30 18:00:00,WP122026,38,2026-08-05 18:00:00,6 days 00:00:00,144,33.0,134.0,976.6,76.5
2026-07-30 18:00:00,WP122026,38,2026-08-06 00:00:00,6 days 06:00:00,150,33.39,131.88,980.8,71.0
2026-07-30 18:00:00,WP122026,38,2026-08-06 06:00:00,6 days 12:00:00,156,33.75,129.75,985.1,65.5
2026-07-30 18:00:00,WP122026,38,2026-08-06 12:00:00,6 days 18:00:00,162,34.13,128.63,987.2,62.6
2026-07-30 18:00:00,WP122026,38,2026-08-06 18:00:00,7 days 00:00:00,168,34.5,127.5,989.3,59.7
2026-07-30 18:00:00,WP122026,38,2026-08-07 00:00:00,7 days 06:00:00,174,34.63,126.63,991.4,56.7
2026-07-30 18:00:00,WP122026,38,2026-08-07 06:00:00,7 days 12:00:00,180,34.75,125.75,993.5,53.7
2026-07-30 18:00:00,WP122026,38,2026-08-07 12:00:00,7 days 18:00:00,186,34.5,124.87,994.0,52.9
2026-07-30 18:00:00,WP122026,38,2026-08-07 18:00:00,8 days 00:00:00,192,34.25,124.0,994.6,52.1
2026-07-30 18:00:00,WP122026,38,2026-08-08 00:00:00,8 days 06:00:00,198,34.38,123.5,994.0,52.9
2026-07-30 18:00:00,WP122026,38,2026-08-08 06:00:00,8 days 12:00:00,204,34.5,123.0,993.5,53.7
2026-07-30 18:00:00,WP122026,38,2026-08-08 12:00:00,8 days 18:00:00,210,35.0,122.75,992.6,55.0
2026-07-30 18:00:00,WP122026,38,2026-08-08 18:00:00,9 days 00:00:00,216,35.5,122.5,991.7,56.3
2026-07-30 18:00:00,WP122026,38,2026-08-09 00:00:00,9 days 06:00:00,222,36.75,122.75,989.6,59.3
2026-07-30 18:00:00,WP122026,38,2026-08-09 06:00:00,9 days 12:00:00,228,38.0,123.0,987.5,62.3
2026-07-30 18:00:00,WP122026,38,2026-08-09 12:00:00,9 days 18:00:00,234,38.63,123.37,987.5,62.2
2026-07-30 18:00:00,WP122026,38,2026-08-09 18:00:00,10 days 00:00:00,240,39.25,123.75,987.5,62.2
2026-07-30 18:00:00,WP122026,38,2026-08-10 00:00:00,10 days 06:00:00,246,39.63,124.25,991.4,56.6
2026-07-30 18:00:00,WP122026,38,2026-08-10 06:00:00,10 days 12:00:00,252,40.0,124.75,995.2,51.1
2026-07-30 18:00:00,EP072026,39,2026-07-30 18:00:00,0 days 00:00:00,0,20.5,-124.25,987.6,62.1
2026-07-30 18:00:00,EP072026,39,2026-07-31 00:00:00,0 days 06:00:00,6,21.0,-125.5,988.5,60.9
2026-07-30 18:00:00,EP072026,39,2026-07-31 06:00:00,0 days 12:00:00,12,21.5,-126.75,989.4,59.6
2026-07-30 18:00:00,EP072026,39,2026-07-31 12:00:00,0 days 18:00:00,18,21.88,-128.12,994.3,52.2
2026-07-30 18:00:00,EP072026,39,2026-07-31 18:00:00,1 days 00:00:00,24,22.25,-129.5,999.3,44.7
2026-07-30 18:00:00,EP072026,39,2026-08-01 00:00:00,1 days 06:00:00,30,22.51,-131.0,1000.6,42.6
2026-07-30 18:00:00,EP072026,39,2026-08-01 06:00:00,1 days 12:00:00,36,22.75,-132.5,1001.9,40.5
2026-07-30 18:00:00,EP072026,39,2026-08-01 12:00:00,1 days 18:00:00,42,23.13,-133.87,1002.6,39.3
2026-07-30 18:00:00,EP072026,39,2026-08-01 18:00:00,2 days 00:00:00,48,23.5,-135.25,1003.3,38.2
2026-07-30 18:00:00,EP072026,39,2026-08-02 00:00:00,2 days 06:00:00,54,23.76,-136.87,1005.1,34.8
2026-07-30 18:00:00,EP072026,39,2026-08-02 06:00:00,2 days 12:00:00,60,24.0,-138.5,1007.0,31.5
2026-07-30 18:00:00,EP072026,39,2026-08-02 12:00:00,2 days 18:00:00,66,24.27,-139.8,1007.5,30.4
2026-07-30 18:00:00,EP072026,39,2026-08-02 18:00:00,3 days 00:00:00,72,24.52,-141.11,1008.0,29.4
2026-07-30 18:00:00,EP072026,39,2026-08-03 00:00:00,3 days 06:00:00,78,24.77,-142.43,1008.6,28.4
2026-07-30 18:00:00,EP072026,39,2026-08-03 06:00:00,3 days 12:00:00,84,25.0,-143.75,1009.1,27.3
2026-07-30 18:00:00,WP122026,39,2026-07-30 18:00:00,0 days 00:00:00,0,17.75,162.75,951.7,105.4
2026-07-30 18:00:00,WP122026,39,2026-07-31 00:00:00,0 days 06:00:00,6,18.25,161.88,954.7,102.1
2026-07-30 18:00:00,WP122026,39,2026-07-31 06:00:00,0 days 12:00:00,12,18.75,161.0,957.7,98.8
2026-07-30 18:00:00,WP122026,39,2026-07-31 12:00:00,0 days 18:00:00,18,19.38,160.25,958.0,98.4
2026-07-30 18:00:00,WP122026,39,2026-07-31 18:00:00,1 days 00:00:00,24,20.0,159.5,958.3,98.1
2026-07-30 18:00:00,WP122026,39,2026-08-01 00:00:00,1 days 06:00:00,30,20.63,158.38,956.5,100.1
2026-07-30 18:00:00,WP122026,39,2026-08-01 06:00:00,1 days 12:00:00,36,21.25,157.25,954.7,102.1
2026-07-30 18:00:00,WP122026,39,2026-08-01 12:00:00,1 days 18:00:00,42,22.13,156.26,954.6,102.2
2026-07-30 18:00:00,WP122026,39,2026-08-01 18:00:00,2 days 00:00:00,48,23.0,155.25,954.6,102.2
2026-07-30 18:00:00,WP122026,39,2026-08-02 00:00:00,2 days 06:00:00,54,23.38,153.88,953.5,103.4
2026-07-30 18:00:00,WP122026,39,2026-08-02 06:00:00,2 days 12:00:00,60,23.75,152.5,952.5,104.5
2026-07-30 18:00:00,WP122026,39,2026-08-02 12:00:00,2 days 18:00:00,66,24.25,151.63,952.9,104.1
2026-07-30 18:00:00,WP122026,39,2026-08-02 18:00:00,3 days 00:00:00,72,24.75,150.75,953.3,103.7
2026-07-30 18:00:00,WP122026,39,2026-08-03 00:00:00,3 days 06:00:00,78,25.01,149.38,951.2,105.9
2026-07-30 18:00:00,WP122026,39,2026-08-03 06:00:00,3 days 12:00:00,84,25.25,148.0,949.1,108.2
2026-07-30 18:00:00,WP122026,39,2026-08-03 12:00:00,3 days 18:00:00,90,25.63,147.0,951.1,106.0
2026-07-30 18:00:00,WP122026,39,2026-08-03 18:00:00,4 days 00:00:00,96,26.0,146.0,953.1,103.9
2026-07-30 18:00:00,WP122026,39,2026-08-04 00:00:00,4 days 06:00:00,102,26.38,144.75,954.4,102.4
2026-07-30 18:00:00,WP122026,39,2026-08-04 06:00:00,4 days 12:00:00,108,26.75,143.5,955.7,101.0
2026-07-30 18:00:00,WP122026,39,2026-08-04 12:00:00,4 days 18:00:00,114,27.13,142.38,957.0,99.5
2026-07-30 18:00:00,WP122026,39,2026-08-04 18:00:00,5 days 00:00:00,120,27.5,141.25,958.3,98.1
2026-07-30 18:00:00,WP122026,39,2026-08-05 00:00:00,5 days 06:00:00,126,27.64,139.5,959.3,97.1
2026-07-30 18:00:00,WP122026,39,2026-08-05 06:00:00,5 days 12:00:00,132,27.75,137.75,960.2,96.0
2026-07-30 18:00:00,WP122026,39,2026-08-05 12:00:00,5 days 18:00:00,138,27.64,136.0,961.6,94.4
2026-07-30 18:00:00,WP122026,39,2026-08-05 18:00:00,6 days 00:00:00,144,27.5,134.25,963.1,92.7
2026-07-30 18:00:00,WP122026,39,2026-08-06 00:00:00,6 days 06:00:00,150,27.75,133.13,964.2,91.4
2026-07-30 18:00:00,WP122026,39,2026-08-06 06:00:00,6 days 12:00:00,156,28.0,132.0,965.3,90.2
2026-07-30 18:00:00,WP122026,39,2026-08-06 12:00:00,6 days 18:00:00,162,28.26,130.75,966.7,88.5
2026-07-30 18:00:00,WP122026,39,2026-08-06 18:00:00,7 days 00:00:00,168,28.5,129.5,968.2,86.8
2026-07-30 18:00:00,WP122026,39,2026-08-07 00:00:00,7 days 06:00:00,174,28.26,128.12,970.8,83.6
2026-07-30 18:00:00,WP122026,39,2026-08-07 06:00:00,7 days 12:00:00,180,28.0,126.75,973.5,80.3
2026-07-30 18:00:00,WP122026,39,2026-08-07 12:00:00,7 days 18:00:00,186,27.88,125.75,972.7,81.4
2026-07-30 18:00:00,WP122026,39,2026-08-07 18:00:00,8 days 00:00:00,192,27.75,124.75,971.8,82.5
2026-07-30 18:00:00,WP122026,39,2026-08-08 00:00:00,8 days 06:00:00,198,28.13,123.75,973.8,80.0
2026-07-30 18:00:00,WP122026,39,2026-08-08 06:00:00,8 days 12:00:00,204,28.5,122.75,975.8,77.6
2026-07-30 18:00:00,WP122026,39,2026-08-08 12:00:00,8 days 18:00:00,210,28.13,121.75,977.4,75.5
2026-07-30 18:00:00,WP122026,39,2026-08-08 18:00:00,9 days 00:00:00,216,27.75,120.75,979.0,73.5
2026-07-30 18:00:00,WP122026,39,2026-08-09 00:00:00,9 days 06:00:00,222,27.63,119.37,983.0,68.2
2026-07-30 18:00:00,WP122026,39,2026-08-09 06:00:00,9 days 12:00:00,228,27.5,118.0,987.0,62.9
2026-07-30 18:00:00,WP122026,39,2026-08-09 12:00:00,9 days 18:00:00,234,26.13,118.51,988.6,60.7
2026-07-30 18:00:00,WP122026,39,2026-08-09 18:00:00,10 days 00:00:00,240,24.75,119.0,990.1,58.6
2026-07-30 18:00:00,WP122026,39,2026-08-10 00:00:00,10 days 06:00:00,246,25.13,119.12,990.5,58.0
2026-07-30 18:00:00,WP122026,39,2026-08-10 06:00:00,10 days 12:00:00,252,25.5,119.25,991.0,57.3
2026-07-30 18:00:00,WP122026,39,2026-08-10 12:00:00,10 days 18:00:00,258,25.63,119.37,991.6,56.4
2026-07-30 18:00:00,WP122026,39,2026-08-10 18:00:00,11 days 00:00:00,264,25.75,119.5,992.2,55.5
2026-07-30 18:00:00,WP122026,39,2026-08-11 00:00:00,11 days 06:00:00,270,25.88,119.62,992.8,54.6
2026-07-30 18:00:00,WP122026,39,2026-08-11 06:00:00,11 days 12:00:00,276,26.0,119.75,993.5,53.7
2026-07-30 18:00:00,WP122026,39,2026-08-11 12:00:00,11 days 18:00:00,282,27.13,120.62,993.7,53.4
2026-07-30 18:00:00,WP122026,39,2026-08-11 18:00:00,12 days 00:00:00,288,28.25,121.5,993.9,53.1
2026-07-30 18:00:00,WP122026,39,2026-08-12 00:00:00,12 days 06:00:00,294,28.25,121.62,993.9,53.1
2026-07-30 18:00:00,WP122026,39,2026-08-12 06:00:00,12 days 12:00:00,300,28.25,121.75,993.9,53.1
2026-07-30 18:00:00,WP122026,39,2026-08-12 12:00:00,12 days 18:00:00,306,28.75,122.0,993.6,53.5
2026-07-30 18:00:00,WP122026,39,2026-08-12 18:00:00,13 days 00:00:00,312,29.25,122.25,993.4,53.9
2026-07-30 18:00:00,WP122026,39,2026-08-13 00:00:00,13 days 06:00:00,318,29.5,122.13,993.2,54.1
2026-07-30 18:00:00,WP122026,39,2026-08-13 06:00:00,13 days 12:00:00,324,29.75,122.0,993.0,54.4
2026-07-30 18:00:00,WP122026,39,2026-08-13 12:00:00,13 days 18:00:00,330,29.63,122.88,992.6,55.0
2026-07-30 18:00:00,WP122026,39,2026-08-13 18:00:00,14 days 00:00:00,336,29.5,123.75,992.2,55.6
2026-07-30 18:00:00,WP122026,39,2026-08-14 00:00:00,14 days 06:00:00,342,30.88,123.13,991.9,56.0
2026-07-30 18:00:00,WP122026,39,2026-08-14 06:00:00,14 days 12:00:00,348,32.25,122.5,991.7,56.4
2026-07-30 18:00:00,EP072026,4,2026-07-30 18:00:00,0 days 00:00:00,0,20.5,-124.25,987.6,62.1
2026-07-30 18:00:00,EP072026,4,2026-07-31 00:00:00,0 days 06:00:00,6,20.88,-125.5,988.4,61.0
2026-07-30 18:00:00,EP072026,4,2026-07-31 06:00:00,0 days 12:00:00,12,21.25,-126.75,989.2,59.9
2026-07-30 18:00:00,EP072026,4,2026-07-31 12:00:00,0 days 18:00:00,18,21.51,-128.12,992.1,55.7
2026-07-30 18:00:00,EP072026,4,2026-07-31 18:00:00,1 days 00:00:00,24,21.75,-129.5,995.0,51.5
2026-07-30 18:00:00,EP072026,4,2026-08-01 00:00:00,1 days 06:00:00,30,22.13,-130.87,996.2,49.6
2026-07-30 18:00:00,EP072026,4,2026-08-01 06:00:00,1 days 12:00:00,36,22.5,-132.25,997.4,47.7
2026-07-30 18:00:00,EP072026,4,2026-08-01 12:00:00,1 days 18:00:00,42,22.88,-133.87,1000.3,43.1
2026-07-30 18:00:00,EP072026,4,2026-08-01 18:00:00,2 days 00:00:00,48,23.25,-135.5,1003.1,38.4
2026-07-30 18:00:00,EP072026,4,2026-08-02 00:00:00,2 days 06:00:00,54,23.63,-136.87,1005.5,34.0
2026-07-30 18:00:00,EP072026,4,2026-08-02 06:00:00,2 days 12:00:00,60,24.0,-138.25,1007.9,29.6
2026-07-30 18:00:00,EP072026,4,2026-08-02 12:00:00,2 days 18:00:00,66,24.51,-139.62,1007.6,30.3
2026-07-30 18:00:00,EP072026,4,2026-08-02 18:00:00,3 days 00:00:00,72,25.0,-141.0,1007.2,31.0
2026-07-30 18:00:00,EP072026,4,2026-08-03 00:00:00,3 days 06:00:00,78,25.25,-142.12,1007.7,30.0
2026-07-30 18:00:00,EP072026,4,2026-08-03 06:00:00,3 days 12:00:00,84,25.5,-143.25,1008.3,29.0
2026-07-30 18:00:00,EP072026,4,2026-08-03 12:00:00,3 days 18:00:00,90,26.13,-143.87,1008.0,29.5
2026-07-30 18:00:00,EP072026,4,2026-08-03 18:00:00,4 days 00:00:00,96,26.75,-144.5,1007.8,30.0
2026-07-30 18:00:00,WP122026,4,2026-07-30 18:00:00,0 days 00:00:00,0,17.75,162.75,951.7,105.4
2026-07-30 18:00:00,WP122026,4,2026-07-31 00:00:00,0 days 06:00:00,6,18.13,161.75,954.3,102.6
2026-07-30 18:00:00,WP122026,4,2026-07-31 06:00:00,0 days 12:00:00,12,18.5,160.75,956.8,99.8
2026-07-30 18:00:00,WP122026,4,2026-07-31 12:00:00,0 days 18:00:00,18,19.13,160.0,957.1,99.5
2026-07-30 18:00:00,WP122026,4,2026-07-31 18:00:00,1 days 00:00:00,24,19.75,159.25,957.4,99.1
2026-07-30 18:00:00,WP122026,4,2026-08-01 00:00:00,1 days 06:00:00,30,20.25,158.25,954.9,101.9
2026-07-30 18:00:00,WP122026,4,2026-08-01 06:00:00,1 days 12:00:00,36,20.75,157.25,952.3,104.7
2026-07-30 18:00:00,WP122026,4,2026-08-01 12:00:00,1 days 18:00:00,42,21.38,156.13,951.0,106.2
2026-07-30 18:00:00,WP122026,4,2026-08-01 18:00:00,2 days 00:00:00,48,22.0,155.0,949.6,107.6
2026-07-30 18:00:00,WP122026,4,2026-08-02 00:00:00,2 days 06:00:00,54,22.63,153.63,951.3,105.8
2026-07-30 18:00:00,WP122026,4,2026-08-02 06:00:00,2 days 12:00:00,60,23.25,152.25,953.0,104.0
2026-07-30 18:00:00,WP122026,4,2026-08-02 12:00:00,2 days 18:00:00,66,23.76,150.88,952.1,104.9
2026-07-30 18:00:00,WP122026,4,2026-08-02 18:00:00,3 days 00:00:00,72,24.25,149.5,951.2,105.9
2026-07-30 18:00:00,WP122026,4,2026-08-03 00:00:00,3 days 06:00:00,78,24.38,148.75,950.7,106.5
2026-07-30 18:00:00,WP122026,4,2026-08-03 06:00:00,3 days 12:00:00,84,24.5,148.0,950.1,107.0
2026-07-30 18:00:00,WP122026,4,2026-08-03 12:00:00,3 days 18:00:00,90,24.38,147.12,947.8,109.6
2026-07-30 18:00:00,WP122026,4,2026-08-03 18:00:00,4 days 00:00:00,96,24.25,146.25,945.4,112.1
2026-07-30 18:00:00,WP122026,4,2026-08-04 00:00:00,4 days 06:00:00,102,24.38,145.38,947.0,110.4
2026-07-30 18:00:00,WP122026,4,2026-08-04 06:00:00,4 days 12:00:00,108,24.5,144.5,948.6,108.7
2026-07-30 18:00:00,WP122026,4,2026-08-04 12:00:00,4 days 18:00:00,114,24.63,143.13,949.8,107.4
2026-07-30 18:00:00,WP122026,4,2026-08-04 18:00:00,5 days 00:00:00,120,24.75,141.75,951.1,106.0
2026-07-30 18:00:00,WP122026,4,2026-08-05 00:00:00,5 days 06:00:00,126,24.88,140.75,950.8,106.3
2026-07-30 18:00:00,WP122026,4,2026-08-05 06:00:00,5 days 12:00:00,132,25.0,139.75,950.5,106.6
2026-07-30 18:00:00,WP122026,4,2026-08-05 12:00:00,5 days 18:00:00,138,25.26,138.5,952.6,104.4
2026-07-30 18:00:00,WP122026,4,2026-08-05 18:00:00,6 days 00:00:00,144,25.5,137.25,954.6,102.2
2026-07-30 18:00:00,WP122026,4,2026-08-06 00:00:00,6 days 06:00:00,150,25.88,136.25,958.8,97.5
2026-07-30 18:00:00,WP122026,4,2026-08-06 06:00:00,6 days 12:00:00,156,26.25,135.25,963.0,92.8
2026-07-30 18:00:00,WP122026,4,2026-08-06 12:00:00,6 days 18:00:00,162,26.76,133.76,963.6,92.2
2026-07-30 18:00:00,WP122026,4,2026-08-06 18:00:00,7 days 00:00:00,168,27.25,132.25,964.2,91.5
2026-07-30 18:00:00,WP122026,4,2026-08-07 00:00:00,7 days 06:00:00,174,27.51,130.38,965.1,90.3
2026-07-30 18:00:00,WP122026,4,2026-08-07 06:00:00,7 days 12:00:00,180,27.75,128.5,966.1,89.2
2026-07-30 18:00:00,WP122026,4,2026-08-07 12:00:00,7 days 18:00:00,186,28.01,127.25,965.4,90.0
2026-07-30 18:00:00,WP122026,4,2026-08-07 18:00:00,8 days 00:00:00,192,28.25,126.0,964.7,90.9
2026-07-30 18:00:00,WP122026,4,2026-08-08 00:00:00,8 days 06:00:00,198,28.63,124.51,965.1,90.3
2026-07-30 18:00:00,WP122026,4,2026-08-08 06:00:00,8 days 12:00:00,204,29.0,123.0,965.6,89.8
2026-07-30 18:00:00,WP122026,4,2026-08-08 12:00:00,8 days 18:00:00,210,29.14,121.13,972.1,81.9
2026-07-30 18:00:00,WP122026,4,2026-08-08 18:00:00,9 days 00:00:00,216,29.25,119.25,978.7,73.9
2026-07-30 18:00:00,WP122026,4,2026-08-09 00:00:00,9 days 06:00:00,222,29.13,117.75,980.8,71.1
2026-07-30 18:00:00,WP122026,4,2026-08-09 06:00:00,9 days 12:00:00,228,29.0,116.25,983.0,68.3
2026-07-30 18:00:00,WP122026,4,2026-08-09 12:00:00,9 days 18:00:00,234,29.13,114.63,986.7,63.2
2026-07-30 18:00:00,WP122026,4,2026-08-09 18:00:00,10 days 00:00:00,240,29.25,113.0,990.5,58.1
2026-07-30 18:00:00,WP122026,4,2026-08-10 00:00:00,10 days 06:00:00,246,25.54,116.35,988.6,60.7
2026-07-30 18:00:00,WP122026,4,2026-08-10 06:00:00,10 days 12:00:00,252,21.75,119.5,986.6,63.4
2026-07-30 18:00:00,WP122026,4,2026-08-10 12:00:00,10 days 18:00:00,258,22.13,119.5,986.6,63.4
2026-07-30 18:00:00,WP122026,4,2026-08-10 18:00:00,11 days 00:00:00,264,22.5,119.5,986.6,63.4
2026-07-30 18:00:00,WP122026,4,2026-08-11 00:00:00,11 days 06:00:00,270,23.75,120.37,989.5,59.4
2026-07-30 18:00:00,WP122026,4,2026-08-11 06:00:00,11 days 12:00:00,276,25.0,121.25,992.3,55.4
2026-07-30 18:00:00,WP122026,4,2026-08-11 12:00:00,11 days 18:00:00,282,24.75,120.75,993.4,53.8
2026-07-30 18:00:00,WP122026,4,2026-08-11 18:00:00,12 days 00:00:00,288,24.5,120.25,994.6,52.1
2026-07-30 18:00:00,WP122026,4,2026-08-12 00:00:00,12 days 06:00:00,294,24.51,122.25,993.4,53.8
2026-07-30 18:00:00,WP122026,4,2026-08-12 06:00:00,12 days 12:00:00,300,24.5,124.25,992.2,55.6
2026-07-30 18:00:00,WP122026,4,2026-08-12 12:00:00,12 days 18:00:00,306,25.26,125.49,989.7,59.1
2026-07-30 18:00:00,WP122026,4,2026-08-12 18:00:00,13 days 00:00:00,312,26.0,126.75,987.2,62.7
2026-07-30 18:00:00,WP122026,4,2026-08-13 00:00:00,13 days 06:00:00,318,25.63,128.38,985.2,65.4
2026-07-30 18:00:00,WP122026,4,2026-08-13 06:00:00,13 days 12:00:00,324,25.25,130.0,983.2,68.1
2026-07-30 18:00:00,WP122026,4,2026-08-13 12:00:00,13 days 18:00:00,330,25.38,131.5,978.4,74.1
2026-07-30 18:00:00,WP122026,4,2026-08-13 18:00:00,14 days 00:00:00,336,25.5,133.0,973.7,80.2
2026-07-30 18:00:00,WP122026,4,2026-08-14 00:00:00,14 days 06:00:00,342,25.88,134.25,970.7,83.8
2026-07-30 18:00:00,WP122026,4,2026-08-14 06:00:00,14 days 12:00:00,348,26.25,135.5,967.6,87.4
2026-07-30 18:00:00,WP122026,4,2026-08-14 12:00:00,14 days 18:00:00,354,26.63,136.5,964.8,90.7
2026-07-30 18:00:00,WP122026,4,2026-08-14 18:00:00,15 days 00:00:00,360,27.0,137.5,962.0,93.9
2026-07-30 18:00:00,EP072026,40,2026-07-30 18:00:00,0 days 00:00:00,0,20.5,-124.25,987.6,62.1
2026-07-30 18:00:00,EP072026,40,2026-07-31 00:00:00,0 days 06:00:00,6,21.01,-125.62,988.7,60.6
2026-07-30 18:00:00,EP072026,40,2026-07-31 06:00:00,0 days 12:00:00,12,21.5,-127.0,989.8,59.1
2026-07-30 18:00:00,EP072026,40,2026-07-31 12:00:00,0 days 18:00:00,18,21.88,-128.25,993.5,53.5
2026-07-30 18:00:00,EP072026,40,2026-07-31 18:00:00,1 days 00:00:00,24,22.25,-129.5,997.2,48.0
2026-07-30 18:00:00,EP072026,40,2026-08-01 00:00:00,1 days 06:00:00,30,22.51,-131.0,999.7,44.1
2026-07-30 18:00:00,EP072026,40,2026-08-01 06:00:00,1 days 12:00:00,36,22.75,-132.5,1002.1,40.1
2026-07-30 18:00:00,EP072026,40,2026-08-01 12:00:00,1 days 18:00:00,42,22.88,-133.87,1002.8,38.9
2026-07-30 18:00:00,EP072026,40,2026-08-01 18:00:00,2 days 00:00:00,48,23.0,-135.25,1003.6,37.6
2026-07-30 18:00:00,WP122026,40,2026-07-30 18:00:00,0 days 00:00:00,0,17.75,162.75,951.7,105.4
2026-07-30 18:00:00,WP122026,40,2026-07-31 00:00:00,0 days 06:00:00,6,18.13,161.88,953.7,103.2
2026-07-30 18:00:00,WP122026,40,2026-07-31 06:00:00,0 days 12:00:00,12,18.5,161.0,955.7,101.0
2026-07-30 18:00:00,WP122026,40,2026-07-31 12:00:00,0 days 18:00:00,18,19.13,160.25,957.0,99.6
2026-07-30 18:00:00,WP122026,40,2026-07-31 18:00:00,1 days 00:00:00,24,19.75,159.5,958.2,98.2
2026-07-30 18:00:00,WP122026,40,2026-08-01 00:00:00,1 days 06:00:00,30,20.25,158.38,955.9,100.8
2026-07-30 18:00:00,WP122026,40,2026-08-01 06:00:00,1 days 12:00:00,36,20.75,157.25,953.6,103.4
2026-07-30 18:00:00,WP122026,40,2026-08-01 12:00:00,1 days 18:00:00,42,21.5,156.26,954.8,102.0
2026-07-30 18:00:00,WP122026,40,2026-08-01 18:00:00,2 days 00:00:00,48,22.25,155.25,956.0,100.7
2026-07-30 18:00:00,WP122026,40,2026-08-02 00:00:00,2 days 06:00:00,54,22.88,154.01,955.4,101.3
2026-07-30 18:00:00,WP122026,40,2026-08-02 06:00:00,2 days 12:00:00,60,23.5,152.75,954.9,101.9
2026-07-30 18:00:00,WP122026,40,2026-08-02 12:00:00,2 days 18:00:00,66,23.63,151.38,956.0,100.6
2026-07-30 18:00:00,WP122026,40,2026-08-02 18:00:00,3 days 00:00:00,72,23.75,150.0,957.2,99.3
2026-07-30 18:00:00,WP122026,40,2026-08-03 00:00:00,3 days 06:00:00,78,24.25,149.0,956.8,99.8
2026-07-30 18:00:00,WP122026,40,2026-08-03 06:00:00,3 days 12:00:00,84,24.75,148.0,956.4,100.3
2026-07-30 18:00:00,WP122026,40,2026-08-03 12:00:00,3 days 18:00:00,90,24.88,147.0,956.8,99.8
2026-07-30 18:00:00,WP122026,40,2026-08-03 18:00:00,4 days 00:00:00,96,25.0,146.0,957.2,99.3
2026-07-30 18:00:00,WP122026,40,2026-08-04 00:00:00,4 days 06:00:00,102,25.25,144.88,952.8,104.1
2026-07-30 18:00:00,WP122026,40,2026-08-04 06:00:00,4 days 12:00:00,108,25.5,143.75,948.4,109.0
2026-07-30 18:00:00,WP122026,40,2026-08-04 12:00:00,4 days 18:00:00,114,25.76,142.5,951.1,106.0
2026-07-30 18:00:00,WP122026,40,2026-08-04 18:00:00,5 days 00:00:00,120,26.0,141.25,953.9,103.0
2026-07-30 18:00:00,WP122026,40,2026-08-05 00:00:00,5 days 06:00:00,126,26.13,140.0,955.7,101.0
2026-07-30 18:00:00,WP122026,40,2026-08-05 06:00:00,5 days 12:00:00,132,26.25,138.75,957.5,99.1
2026-07-30 18:00:00,WP122026,40,2026-08-05 12:00:00,5 days 18:00:00,138,26.51,137.0,959.9,96.3
2026-07-30 18:00:00,WP122026,40,2026-08-05 18:00:00,6 days 00:00:00,144,26.75,135.25,962.4,93.5
2026-07-30 18:00:00,WP122026,40,2026-08-06 00:00:00,6 days 06:00:00,150,27.26,133.88,962.4,93.5
2026-07-30 18:00:00,WP122026,40,2026-08-06 06:00:00,6 days 12:00:00,156,27.75,132.5,962.4,93.5
2026-07-30 18:00:00,WP122026,40,2026-08-06 12:00:00,6 days 18:00:00,162,28.14,130.51,963.5,92.2
2026-07-30 18:00:00,WP122026,40,2026-08-06 18:00:00,7 days 00:00:00,168,28.5,128.5,964.6,90.9
2026-07-30 18:00:00,WP122026,40,2026-08-07 00:00:00,7 days 06:00:00,174,29.13,127.63,963.0,92.8
2026-07-30 18:00:00,WP122026,40,2026-08-07 06:00:00,7 days 12:00:00,180,29.75,126.75,961.4,94.6
2026-07-30 18:00:00,WP122026,40,2026-08-07 12:00:00,7 days 18:00:00,186,29.75,125.75,962.2,93.7
2026-07-30 18:00:00,WP122026,40,2026-08-07 18:00:00,8 days 00:00:00,192,29.75,124.75,963.0,92.8
2026-07-30 18:00:00,WP122026,40,2026-08-08 00:00:00,8 days 06:00:00,198,30.0,123.75,962.9,92.9
2026-07-30 18:00:00,WP122026,40,2026-08-08 06:00:00,8 days 12:00:00,204,30.25,122.75,962.8,93.1
2026-07-30 18:00:00,WP122026,40,2026-08-08 12:00:00,8 days 18:00:00,210,30.63,122.0,966.1,89.2
2026-07-30 18:00:00,WP122026,40,2026-08-08 18:00:00,9 days 00:00:00,216,31.0,121.25,969.4,85.3
2026-07-30 18:00:00,WP122026,40,2026-08-09 00:00:00,9 days 06:00:00,222,31.88,120.38,972.2,82.0
2026-07-30 18:00:00,WP122026,40,2026-08-09 06:00:00,9 days 12:00:00,228,32.75,119.5,974.9,78.6
2026-07-30 18:00:00,WP122026,40,2026-08-09 12:00:00,9 days 18:00:00,234,33.38,119.0,977.0,76.0
2026-07-30 18:00:00,WP122026,40,2026-08-09 18:00:00,10 days 00:00:00,240,34.0,118.5,979.0,73.4
2026-07-30 18:00:00,WP122026,40,2026-08-10 00:00:00,10 days 06:00:00,246,34.5,117.88,982.4,69.1
2026-07-30 18:00:00,WP122026,40,2026-08-10 06:00:00,10 days 12:00:00,252,35.0,117.25,985.7,64.7
2026-07-30 18:00:00,WP122026,40,2026-08-10 12:00:00,10 days 18:00:00,258,36.0,117.5,987.4,62.4
2026-07-30 18:00:00,WP122026,40,2026-08-10 18:00:00,11 days 00:00:00,264,37.0,117.75,989.1,60.0
2026-07-30 18:00:00,WP122026,40,2026-08-11 00:00:00,11 days 06:00:00,270,37.0,117.62,991.3,56.8
2026-07-30 18:00:00,WP122026,40,2026-08-11 06:00:00,11 days 12:00:00,276,37.0,117.5,993.5,53.7
2026-07-30 18:00:00,WP122026,40,2026-08-11 12:00:00,11 days 18:00:00,282,37.25,117.38,995.0,51.4
2026-07-30 18:00:00,WP122026,40,2026-08-11 18:00:00,12 days 00:00:00,288,37.5,117.25,996.4,49.2
2026-07-30 18:00:00,WP122026,40,2026-08-12 00:00:00,12 days 06:00:00,294,39.45,118.33,995.4,50.9
2026-07-30 18:00:00,WP122026,40,2026-08-12 06:00:00,12 days 12:00:00,300,41.4,119.48,994.3,52.5
2026-07-30 18:00:00,WP122026,40,2026-08-12 12:00:00,12 days 18:00:00,306,43.33,120.7,993.2,54.1
2026-07-30 18:00:00,WP122026,40,2026-08-12 18:00:00,13 days 00:00:00,312,45.25,122.0,992.1,55.8
2026-07-30 18:00:00,WP122026,40,2026-08-13 00:00:00,13 days 06:00:00,318,47.47,123.47,991.0,57.3
2026-07-30 18:00:00,WP122026,40,2026-08-13 06:00:00,13 days 12:00:00,324,49.67,125.07,990.0,58.7
2026-07-30 18:00:00,WP122026,40,2026-08-13 12:00:00,13 days 18:00:00,330,51.86,126.83,988.9,60.2
2026-07-30 18:00:00,WP122026,40,2026-08-13 18:00:00,14 days 00:00:00,336,54.0,128.75,987.9,61.7
2026-07-30 18:00:00,EP072026,41,2026-07-30 18:00:00,0 days 00:00:00,0,20.5,-124.25,987.6,62.1
2026-07-30 18:00:00,EP072026,41,2026-07-31 00:00:00,0 days 06:00:00,6,20.88,-125.62,988.0,61.5
2026-07-30 18:00:00,EP072026,41,2026-07-31 06:00:00,0 days 12:00:00,12,21.25,-127.0,988.4,61.0
2026-07-30 18:00:00,EP072026,41,2026-07-31 12:00:00,0 days 18:00:00,18,21.63,-128.37,990.7,57.7
2026-07-30 18:00:00,EP072026,41,2026-07-31 18:00:00,1 days 00:00:00,24,22.0,-129.75,993.0,54.5
2026-07-30 18:00:00,EP072026,41,2026-08-01 00:00:00,1 days 06:00:00,30,22.38,-131.0,994.9,51.5
2026-07-30 18:00:00,EP072026,41,2026-08-01 06:00:00,1 days 12:00:00,36,22.75,-132.25,996.9,48.5
2026-07-30 18:00:00,EP072026,41,2026-08-01 12:00:00,1 days 18:00:00,42,23.01,-133.62,999.3,44.7
2026-07-30 18:00:00,EP072026,41,2026-08-01 18:00:00,2 days 00:00:00,48,23.25,-135.0,1001.6,41.0
2026-07-30 18:00:00,EP072026,41,2026-08-02 00:00:00,2 days 06:00:00,54,23.63,-136.25,1004.0,36.8
2026-07-30 18:00:00,EP072026,41,2026-08-02 06:00:00,2 days 12:00:00,60,24.0,-137.5,1006.3,32.7
2026-07-30 18:00:00,EP072026,41,2026-08-02 12:00:00,2 days 18:00:00,66,24.46,-138.92,1006.5,32.4
2026-07-30 18:00:00,EP072026,41,2026-08-02 18:00:00,3 days 00:00:00,72,24.9,-140.35,1006.6,32.1
2026-07-30 18:00:00,EP072026,41,2026-08-03 00:00:00,3 days 06:00:00,78,25.33,-141.8,1006.8,31.8
2026-07-30 18:00:00,EP072026,41,2026-08-03 06:00:00,3 days 12:00:00,84,25.75,-143.25,1006.9,31.6
2026-07-30 18:00:00,EP072026,41,2026-08-03 12:00:00,3 days 18:00:00,90,26.13,-144.12,1007.2,31.1
2026-07-30 18:00:00,EP072026,41,2026-08-03 18:00:00,4 days 00:00:00,96,26.5,-145.0,1007.4,30.6
2026-07-30 18:00:00,WP122026,41,2026-07-30 18:00:00,0 days 00:00:00,0,17.75,162.75,951.7,105.4
2026-07-30 18:00:00,WP122026,41,2026-07-31 00:00:00,0 days 06:00:00,6,18.13,161.88,952.9,104.1
2026-07-30 18:00:00,WP122026,41,2026-07-31 06:00:00,0 days 12:00:00,12,18.5,161.0,954.0,102.8
2026-07-30 18:00:00,WP122026,41,2026-07-31 12:00:00,0 days 18:00:00,18,19.13,160.13,954.0,102.9
2026-07-30 18:00:00,WP122026,41,2026-07-31 18:00:00,1 days 00:00:00,24,19.75,159.25,953.9,103.0
2026-07-30 18:00:00,WP122026,41,2026-08-01 00:00:00,1 days 06:00:00,30,20.5,158.38,955.8,100.9
2026-07-30 18:00:00,WP122026,41,2026-08-01 06:00:00,1 days 12:00:00,36,21.25,157.5,957.8,98.7
2026-07-30 18:00:00,WP122026,41,2026-08-01 12:00:00,1 days 18:00:00,42,22.0,156.38,956.4,100.3
2026-07-30 18:00:00,WP122026,41,2026-08-01 18:00:00,2 days 00:00:00,48,22.75,155.25,955.0,101.8
2026-07-30 18:00:00,WP122026,41,2026-08-02 00:00:00,2 days 06:00:00,54,23.5,154.01,953.9,103.0
2026-07-30 18:00:00,WP122026,41,2026-08-02 06:00:00,2 days 12:00:00,60,24.25,152.75,952.8,104.2
2026-07-30 18:00:00,WP122026,41,2026-08-02 12:00:00,2 days 18:00:00,66,24.63,151.63,952.0,105.0
2026-07-30 18:00:00,WP122026,41,2026-08-02 18:00:00,3 days 00:00:00,72,25.0,150.5,951.3,105.8
2026-07-30 18:00:00,WP122026,41,2026-08-03 00:00:00,3 days 06:00:00,78,25.38,149.25,953.5,103.4
2026-07-30 18:00:00,WP122026,41,2026-08-03 06:00:00,3 days 12:00:00,84,25.75,148.0,955.7,101.0
2026-07-30 18:00:00,WP122026,41,2026-08-03 12:00:00,3 days 18:00:00,90,25.63,147.12,957.3,99.2
2026-07-30 18:00:00,WP122026,41,2026-08-03 18:00:00,4 days 00:00:00,96,25.5,146.25,959.0,97.4
2026-07-30 18:00:00,WP122026,41,2026-08-04 00:00:00,4 days 06:00:00,102,25.88,145.63,956.0,100.7
2026-07-30 18:00:00,WP122026,41,2026-08-04 06:00:00,4 days 12:00:00,108,26.25,145.0,953.0,103.9
2026-07-30 18:00:00,WP122026,41,2026-08-04 12:00:00,4 days 18:00:00,114,26.38,143.75,952.0,105.0
2026-07-30 18:00:00,WP122026,41,2026-08-04 18:00:00,5 days 00:00:00,120,26.5,142.5,951.0,106.1
2026-07-30 18:00:00,WP122026,41,2026-08-05 00:00:00,5 days 06:00:00,126,27.13,141.38,951.9,105.1
2026-07-30 18:00:00,WP122026,41,2026-08-05 06:00:00,5 days 12:00:00,132,27.75,140.25,952.9,104.1
2026-07-30 18:00:00,WP122026,41,2026-08-05 12:00:00,5 days 18:00:00,138,28.14,138.38,957.3,99.2
2026-07-30 18:00:00,WP122026,41,2026-08-05 18:00:00,6 days 00:00:00,144,28.5,136.5,961.8,94.2
2026-07-30 18:00:00,WP122026,41,2026-08-06 00:00:00,6 days 06:00:00,150,29.38,135.01,962.2,93.8
2026-07-30 18:00:00,WP122026,41,2026-08-06 06:00:00,6 days 12:00:00,156,30.25,133.5,962.6,93.3
2026-07-30 18:00:00,WP122026,41,2026-08-06 12:00:00,6 days 18:00:00,162,31.13,132.39,969.3,85.3
2026-07-30 18:00:00,WP122026,41,2026-08-06 18:00:00,7 days 00:00:00,168,32.0,131.25,976.0,77.3
2026-07-30 18:00:00,WP122026,41,2026-08-07 00:00:00,7 days 06:00:00,174,32.89,129.15,978.0,74.7
2026-07-30 18:00:00,WP122026,41,2026-08-07 06:00:00,7 days 12:00:00,180,33.75,127.0,980.1,72.1
2026-07-30 18:00:00,WP122026,41,2026-08-07 12:00:00,7 days 18:00:00,186,34.63,125.89,981.0,70.9
2026-07-30 18:00:00,WP122026,41,2026-08-07 18:00:00,8 days 00:00:00,192,35.5,124.75,981.9,69.7
2026-07-30 18:00:00,WP122026,41,2026-08-08 00:00:00,8 days 06:00:00,198,36.38,124.38,983.3,67.8
2026-07-30 18:00:00,WP122026,41,2026-08-08 06:00:00,8 days 12:00:00,204,37.25,124.0,984.8,65.9
2026-07-30 18:00:00,WP122026,41,2026-08-08 12:00:00,8 days 18:00:00,210,38.38,124.12,987.2,62.6
2026-07-30 18:00:00,WP122026,41,2026-08-08 18:00:00,9 days 00:00:00,216,39.5,124.25,989.6,59.2
2026-07-30 18:00:00,WP122026,41,2026-08-09 00:00:00,9 days 06:00:00,222,42.38,125.32,992.5,55.1
2026-07-30 18:00:00,WP122026,41,2026-08-09 06:00:00,9 days 12:00:00,228,45.25,126.5,995.4,50.9
2026-07-30 18:00:00,EP072026,42,2026-07-30 18:00:00,0 days 00:00:00,0,20.5,-124.25,987.6,62.1
2026-07-30 18:00:00,EP072026,42,2026-07-31 00:00:00,0 days 06:00:00,6,20.88,-125.62,988.3,61.1
2026-07-30 18:00:00,EP072026,42,2026-07-31 06:00:00,0 days 12:00:00,12,21.25,-127.0,989.0,60.1
2026-07-30 18:00:00,EP072026,42,2026-07-31 12:00:00,0 days 18:00:00,18,21.63,-128.37,993.4,53.6
2026-07-30 18:00:00,EP072026,42,2026-07-31 18:00:00,1 days 00:00:00,24,22.0,-129.75,997.8,47.2
2026-07-30 18:00:00,EP072026,42,2026-08-01 00:00:00,1 days 06:00:00,30,22.38,-131.0,1000.4,43.0
2026-07-30 18:00:00,EP072026,42,2026-08-01 06:00:00,1 days 12:00:00,36,22.75,-132.25,1002.9,38.7
2026-07-30 18:00:00,EP072026,42,2026-08-01 12:00:00,1 days 18:00:00,42,23.13,-133.75,1004.2,36.5
2026-07-30 18:00:00,EP072026,42,2026-08-01 18:00:00,2 days 00:00:00,48,23.5,-135.25,1005.5,34.3
2026-07-30 18:00:00,EP072026,42,2026-08-02 00:00:00,2 days 06:00:00,54,23.76,-136.62,1006.4,32.5
2026-07-30 18:00:00,EP072026,42,2026-08-02 06:00:00,2 days 12:00:00,60,24.0,-138.0,1007.4,30.7
2026-07-30 18:00:00,EP072026,42,2026-08-02 12:00:00,2 days 18:00:00,66,24.46,-139.42,1008.0,29.4
2026-07-30 18:00:00,EP072026,42,2026-08-02 18:00:00,3 days 00:00:00,72,24.9,-140.85,1008.7,28.2
2026-07-30 18:00:00,EP072026,42,2026-08-03 00:00:00,3 days 06:00:00,78,25.33,-142.3,1009.3,26.9
2026-07-30 18:00:00,EP072026,42,2026-08-03 06:00:00,3 days 12:00:00,84,25.75,-143.75,1009.9,25.6
2026-07-30 18:00:00,EP072026,42,2026-08-03 12:00:00,3 days 18:00:00,90,26.0,-144.12,1010.1,25.3
2026-07-30 18:00:00,EP072026,42,2026-08-03 18:00:00,4 days 00:00:00,96,26.25,-144.5,1010.2,25.0
2026-07-30 18:00:00,WP122026,42,2026-07-30 18:00:00,0 days 00:00:00,0,17.75,162.75,951.7,105.4
2026-07-30 18:00:00,WP122026,42,2026-07-31 00:00:00,0 days 06:00:00,6,18.13,161.88,954.5,102.3
2026-07-30 18:00:00,WP122026,42,2026-07-31 06:00:00,0 days 12:00:00,12,18.5,161.0,957.3,99.3
2026-07-30 18:00:00,WP122026,42,2026-07-31 12:00:00,0 days 18:00:00,18,19.13,160.25,956.7,99.9
2026-07-30 18:00:00,WP122026,42,2026-07-31 18:00:00,1 days 00:00:00,24,19.75,159.5,956.1,100.6
2026-07-30 18:00:00,WP122026,42,2026-08-01 00:00:00,1 days 06:00:00,30,20.25,158.5,954.2,102.6
2026-07-30 18:00:00,WP122026,42,2026-08-01 06:00:00,1 days 12:00:00,36,20.75,157.5,952.4,104.7
2026-07-30 18:00:00,WP122026,42,2026-08-01 12:00:00,1 days 18:00:00,42,21.38,156.5,950.9,106.2
2026-07-30 18:00:00,WP122026,42,2026-08-01 18:00:00,2 days 00:00:00,48,22.0,155.5,949.4,107.8
2026-07-30 18:00:00,WP122026,42,2026-08-02 00:00:00,2 days 06:00:00,54,22.75,154.26,949.7,107.5
2026-07-30 18:00:00,WP122026,42,2026-08-02 06:00:00,2 days 12:00:00,60,23.5,153.0,950.0,107.2
2026-07-30 18:00:00,WP122026,42,2026-08-02 12:00:00,2 days 18:00:00,66,24.01,151.75,948.7,108.5
2026-07-30 18:00:00,WP122026,42,2026-08-02 18:00:00,3 days 00:00:00,72,24.5,150.5,947.5,109.9
2026-07-30 18:00:00,WP122026,42,2026-08-03 00:00:00,3 days 06:00:00,78,24.88,149.5,952.1,104.9
2026-07-30 18:00:00,WP122026,42,2026-08-03 06:00:00,3 days 12:00:00,84,25.25,148.5,956.6,100.0
2026-07-30 18:00:00,WP122026,42,2026-08-03 12:00:00,3 days 18:00:00,90,25.25,147.5,955.9,100.8
2026-07-30 18:00:00,WP122026,42,2026-08-03 18:00:00,4 days 00:00:00,96,25.25,146.5,955.1,101.7
2026-07-30 18:00:00,WP122026,42,2026-08-04 00:00:00,4 days 06:00:00,102,25.38,145.63,957.5,99.0
2026-07-30 18:00:00,WP122026,42,2026-08-04 06:00:00,4 days 12:00:00,108,25.5,144.75,959.9,96.4
2026-07-30 18:00:00,WP122026,42,2026-08-04 12:00:00,4 days 18:00:00,114,25.76,143.38,958.4,98.1
2026-07-30 18:00:00,WP122026,42,2026-08-04 18:00:00,5 days 00:00:00,120,26.0,142.0,956.8,99.7
2026-07-30 18:00:00,WP122026,42,2026-08-05 00:00:00,5 days 06:00:00,126,26.63,140.88,957.6,98.9
2026-07-30 18:00:00,WP122026,42,2026-08-05 06:00:00,5 days 12:00:00,132,27.25,139.75,958.3,98.1
2026-07-30 18:00:00,WP122026,42,2026-08-05 12:00:00,5 days 18:00:00,138,27.63,138.13,961.9,94.0
2026-07-30 18:00:00,WP122026,42,2026-08-05 18:00:00,6 days 00:00:00,144,28.0,136.5,965.5,89.9
2026-07-30 18:00:00,WP122026,42,2026-08-06 00:00:00,6 days 06:00:00,150,28.88,135.01,964.2,91.4
2026-07-30 18:00:00,WP122026,42,2026-08-06 06:00:00,6 days 12:00:00,156,29.75,133.5,962.9,92.9
2026-07-30 18:00:00,WP122026,42,2026-08-06 12:00:00,6 days 18:00:00,162,30.39,131.89,963.0,92.8
2026-07-30 18:00:00,WP122026,42,2026-08-06 18:00:00,7 days 00:00:00,168,31.0,130.25,963.2,92.6
2026-07-30 18:00:00,WP122026,42,2026-08-07 00:00:00,7 days 06:00:00,174,31.51,128.63,967.3,87.7
2026-07-30 18:00:00,WP122026,42,2026-08-07 06:00:00,7 days 12:00:00,180,32.0,127.0,971.5,82.8
2026-07-30 18:00:00,WP122026,42,2026-08-07 12:00:00,7 days 18:00:00,186,32.38,125.51,971.5,82.8
2026-07-30 18:00:00,WP122026,42,2026-08-07 18:00:00,8 days 00:00:00,192,32.75,124.0,971.5,82.8
2026-07-30 18:00:00,WP122026,42,2026-08-08 00:00:00,8 days 06:00:00,198,33.38,123.13,970.2,84.3
2026-07-30 18:00:00,WP122026,42,2026-08-08 06:00:00,8 days 12:00:00,204,34.0,122.25,968.9,85.9
2026-07-30 18:00:00,WP122026,42,2026-08-08 12:00:00,8 days 18:00:00,210,34.38,121.13,969.0,85.8
2026-07-30 18:00:00,WP122026,42,2026-08-08 18:00:00,9 days 00:00:00,216,34.75,120.0,969.0,85.8
2026-07-30 18:00:00,WP122026,42,2026-08-09 00:00:00,9 days 06:00:00,222,35.0,119.0,976.7,76.1
2026-07-30 18:00:00,WP122026,42,2026-08-09 06:00:00,9 days 12:00:00,228,35.25,118.0,984.4,66.5
2026-07-30 18:00:00,WP122026,42,2026-08-09 12:00:00,9 days 18:00:00,234,35.13,117.5,986.2,64.0
2026-07-30 18:00:00,WP122026,42,2026-08-09 18:00:00,10 days 00:00:00,240,35.0,117.0,988.0,61.6
2026-07-30 18:00:00,WP122026,42,2026-08-10 00:00:00,10 days 06:00:00,246,34.63,116.5,990.0,58.7
2026-07-30 18:00:00,WP122026,42,2026-08-10 06:00:00,10 days 12:00:00,252,34.25,116.0,992.1,55.8
2026-07-30 18:00:00,WP122026,42,2026-08-10 12:00:00,10 days 18:00:00,258,34.13,115.62,994.4,52.3
2026-07-30 18:00:00,WP122026,42,2026-08-10 18:00:00,11 days 00:00:00,264,34.0,115.25,996.7,48.8
2026-07-30 18:00:00,EP072026,43,2026-07-30 18:00:00,0 days 00:00:00,0,20.5,-124.25,987.6,62.1
2026-07-30 18:00:00,EP072026,43,2026-07-31 00:00:00,0 days 06:00:00,6,20.88,-125.62,987.7,62.0
2026-07-30 18:00:00,EP072026,43,2026-07-31 06:00:00,0 days 12:00:00,12,21.25,-127.0,987.8,61.8
2026-07-30 18:00:00,EP072026,43,2026-07-31 12:00:00,0 days 18:00:00,18,21.5,-128.12,990.4,58.1
2026-07-30 18:00:00,EP072026,43,2026-07-31 18:00:00,1 days 00:00:00,24,21.75,-129.25,993.0,54.5
2026-07-30 18:00:00,EP072026,43,2026-08-01 00:00:00,1 days 06:00:00,30,22.13,-130.75,994.8,51.6
2026-07-30 18:00:00,EP072026,43,2026-08-01 06:00:00,1 days 12:00:00,36,22.5,-132.25,996.7,48.8
2026-07-30 18:00:00,EP072026,43,2026-08-01 12:00:00,1 days 18:00:00,42,22.63,-133.87,998.4,46.2
2026-07-30 18:00:00,EP072026,43,2026-08-01 18:00:00,2 days 00:00:00,48,22.75,-135.5,1000.0,43.6
2026-07-30 18:00:00,EP072026,43,2026-08-02 00:00:00,2 days 06:00:00,54,23.01,-136.87,1003.2,38.2
2026-07-30 18:00:00,EP072026,43,2026-08-02 06:00:00,2 days 12:00:00,60,23.25,-138.25,1006.3,32.8
2026-07-30 18:00:00,EP072026,43,2026-08-02 12:00:00,2 days 18:00:00,66,23.88,-139.74,1006.8,31.7
2026-07-30 18:00:00,EP072026,43,2026-08-02 18:00:00,3 days 00:00:00,72,24.5,-141.25,1007.4,30.6
2026-07-30 18:00:00,EP072026,43,2026-08-03 00:00:00,3 days 06:00:00,78,24.88,-142.37,1007.4,30.7
2026-07-30 18:00:00,EP072026,43,2026-08-03 06:00:00,3 days 12:00:00,84,25.25,-143.5,1007.4,30.8
2026-07-30 18:00:00,EP072026,43,2026-08-03 12:00:00,3 days 18:00:00,90,26.13,-144.49,1007.6,30.3
2026-07-30 18:00:00,EP072026,43,2026-08-03 18:00:00,4 days 00:00:00,96,27.0,-145.5,1007.8,29.8
2026-07-30 18:00:00,EP072026,43,2026-08-04 00:00:00,4 days 06:00:00,102,27.5,-145.75,1008.3,28.8
2026-07-30 18:00:00,EP072026,43,2026-08-04 06:00:00,4 days 12:00:00,108,28.0,-146.0,1008.9,27.8
2026-07-30 18:00:00,EP072026,43,2026-08-04 12:00:00,4 days 18:00:00,114,29.12,-145.94,1008.9,27.6
2026-07-30 18:00:00,EP072026,43,2026-08-04 18:00:00,5 days 00:00:00,120,30.25,-145.88,1009.0,27.5
2026-07-30 18:00:00,EP072026,43,2026-08-05 00:00:00,5 days 06:00:00,126,31.38,-145.81,1009.1,27.3
2026-07-30 18:00:00,EP072026,43,2026-08-05 06:00:00,5 days 12:00:00,132,32.5,-145.75,1009.2,27.2
2026-07-30 18:00:00,WP122026,43,2026-07-30 18:00:00,0 days 00:00:00,0,17.75,162.75,951.7,105.4
2026-07-30 18:00:00,WP122026,43,2026-07-31 00:00:00,0 days 06:00:00,6,18.13,161.88,955.3,101.5
2026-07-30 18:00:00,WP122026,43,2026-07-31 06:00:00,0 days 12:00:00,12,18.5,161.0,958.8,97.6
2026-07-30 18:00:00,WP122026,43,2026-07-31 12:00:00,0 days 18:00:00,18,19.0,160.25,956.9,99.7
2026-07-30 18:00:00,WP122026,43,2026-07-31 18:00:00,1 days 00:00:00,24,19.5,159.5,955.0,101.8
2026-07-30 18:00:00,WP122026,43,2026-08-01 00:00:00,1 days 06:00:00,30,20.25,158.63,954.6,102.3
2026-07-30 18:00:00,WP122026,43,2026-08-01 06:00:00,1 days 12:00:00,36,21.0,157.75,954.1,102.7
2026-07-30 18:00:00,WP122026,43,2026-08-01 12:00:00,1 days 18:00:00,42,21.75,156.76,954.5,102.3
2026-07-30 18:00:00,WP122026,43,2026-08-01 18:00:00,2 days 00:00:00,48,22.5,155.75,954.9,101.9
2026-07-30 18:00:00,WP122026,43,2026-08-02 00:00:00,2 days 06:00:00,54,23.13,154.38,955.3,101.5
2026-07-30 18:00:00,WP122026,43,2026-08-02 06:00:00,2 days 12:00:00,60,23.75,153.0,955.7,101.1
2026-07-30 18:00:00,WP122026,43,2026-08-02 12:00:00,2 days 18:00:00,66,24.01,151.63,956.6,100.0
2026-07-30 18:00:00,WP122026,43,2026-08-02 18:00:00,3 days 00:00:00,72,24.25,150.25,957.5,99.0
2026-07-30 18:00:00,WP122026,43,2026-08-03 00:00:00,3 days 06:00:00,78,24.63,149.0,955.6,101.1
2026-07-30 18:00:00,WP122026,43,2026-08-03 06:00:00,3 days 12:00:00,84,25.0,147.75,953.6,103.3
2026-07-30 18:00:00,WP122026,43,2026-08-03 12:00:00,3 days 18:00:00,90,25.01,146.5,953.9,102.9
2026-07-30 18:00:00,WP122026,43,2026-08-03 18:00:00,4 days 00:00:00,96,25.0,145.25,954.2,102.6
2026-07-30 18:00:00,WP122026,43,2026-08-04 00:00:00,4 days 06:00:00,102,25.13,144.38,953.2,103.8
2026-07-30 18:00:00,WP122026,43,2026-08-04 06:00:00,4 days 12:00:00,108,25.25,143.5,952.1,105.0
2026-07-30 18:00:00,WP122026,43,2026-08-04 12:00:00,4 days 18:00:00,114,25.63,142.25,954.1,102.8
2026-07-30 18:00:00,WP122026,43,2026-08-04 18:00:00,5 days 00:00:00,120,26.0,141.0,956.1,100.6
2026-07-30 18:00:00,WP122026,43,2026-08-05 00:00:00,5 days 06:00:00,126,26.13,139.5,956.8,99.8
2026-07-30 18:00:00,WP122026,43,2026-08-05 06:00:00,5 days 12:00:00,132,26.25,138.0,957.5,99.0
2026-07-30 18:00:00,WP122026,43,2026-08-05 12:00:00,5 days 18:00:00,138,26.88,136.38,957.9,98.6
2026-07-30 18:00:00,WP122026,43,2026-08-05 18:00:00,6 days 00:00:00,144,27.5,134.75,958.3,98.1
2026-07-30 18:00:00,WP122026,43,2026-08-06 00:00:00,6 days 06:00:00,150,27.88,133.26,957.8,98.6
2026-07-30 18:00:00,WP122026,43,2026-08-06 06:00:00,6 days 12:00:00,156,28.25,131.75,957.4,99.1
2026-07-30 18:00:00,WP122026,43,2026-08-06 12:00:00,6 days 18:00:00,162,28.76,130.13,957.4,99.1
2026-07-30 18:00:00,WP122026,43,2026-08-06 18:00:00,7 days 00:00:00,168,29.25,128.5,957.5,99.1
2026-07-30 18:00:00,WP122026,43,2026-08-07 00:00:00,7 days 06:00:00,174,29.5,127.38,960.0,96.2
2026-07-30 18:00:00,WP122026,43,2026-08-07 06:00:00,7 days 12:00:00,180,29.75,126.25,962.5,93.4
2026-07-30 18:00:00,WP122026,43,2026-08-07 12:00:00,7 days 18:00:00,186,30.38,125.01,963.8,91.9
2026-07-30 18:00:00,WP122026,43,2026-08-07 18:00:00,8 days 00:00:00,192,31.0,123.75,965.1,90.4
2026-07-30 18:00:00,WP122026,43,2026-08-08 00:00:00,8 days 06:00:00,198,31.75,122.63,964.8,90.8
2026-07-30 18:00:00,WP122026,43,2026-08-08 06:00:00,8 days 12:00:00,204,32.5,121.5,964.5,91.1
2026-07-30 18:00:00,WP122026,43,2026-08-08 12:00:00,8 days 18:00:00,210,33.13,120.76,969.1,85.5
2026-07-30 18:00:00,WP122026,43,2026-08-08 18:00:00,9 days 00:00:00,216,33.75,120.0,973.8,80.0
2026-07-30 18:00:00,WP122026,43,2026-08-09 00:00:00,9 days 06:00:00,222,34.25,119.5,976.1,77.2
2026-07-30 18:00:00,WP122026,43,2026-08-09 06:00:00,9 days 12:00:00,228,34.75,119.0,978.4,74.3
2026-07-30 18:00:00,WP122026,43,2026-08-09 12:00:00,9 days 18:00:00,234,35.88,118.51,979.9,72.4
2026-07-30 18:00:00,WP122026,43,2026-08-09 18:00:00,10 days 00:00:00,240,37.0,118.0,981.4,70.5
2026-07-30 18:00:00,WP122026,43,2026-08-10 00:00:00,10 days 06:00:00,246,37.88,118.12,981.0,70.9
2026-07-30 18:00:00,WP122026,43,2026-08-10 06:00:00,10 days 12:00:00,252,38.75,118.25,980.7,71.3
2026-07-30 18:00:00,WP122026,43,2026-08-10 12:00:00,10 days 18:00:00,258,40.38,118.86,985.4,64.9
2026-07-30 18:00:00,WP122026,43,2026-08-10 18:00:00,11 days 00:00:00,264,42.0,119.5,990.1,58.6
2026-07-30 18:00:00,EP072026,44,2026-07-30 18:00:00,0 days 00:00:00,0,20.5,-124.25,987.6,62.1
2026-07-30 18:00:00,EP072026,44,2026-07-31 00:00:00,0 days 06:00:00,6,21.01,-125.62,989.4,59.5
2026-07-30 18:00:00,EP072026,44,2026-07-31 06:00:00,0 days 12:00:00,12,21.5,-127.0,991.2,57.0
2026-07-30 18:00:00,EP072026,44,2026-07-31 12:00:00,0 days 18:00:00,18,21.75,-128.25,993.3,53.9
2026-07-30 18:00:00,EP072026,44,2026-07-31 18:00:00,1 days 00:00:00,24,22.0,-129.5,995.4,50.9
2026-07-30 18:00:00,EP072026,44,2026-08-01 00:00:00,1 days 06:00:00,30,22.38,-130.75,997.9,46.9
2026-07-30 18:00:00,EP072026,44,2026-08-01 06:00:00,1 days 12:00:00,36,22.75,-132.0,1000.4,42.9
2026-07-30 18:00:00,EP072026,44,2026-08-01 12:00:00,1 days 18:00:00,42,23.38,-133.49,1000.4,43.0
2026-07-30 18:00:00,EP072026,44,2026-08-01 18:00:00,2 days 00:00:00,48,24.0,-135.0,1000.3,43.1
2026-07-30 18:00:00,EP072026,44,2026-08-02 00:00:00,2 days 06:00:00,54,24.26,-136.37,1003.4,37.8
2026-07-30 18:00:00,EP072026,44,2026-08-02 06:00:00,2 days 12:00:00,60,24.5,-137.75,1006.4,32.6
2026-07-30 18:00:00,EP072026,44,2026-08-02 12:00:00,2 days 18:00:00,66,25.08,-139.17,1006.9,31.6
2026-07-30 18:00:00,EP072026,44,2026-08-02 18:00:00,3 days 00:00:00,72,25.65,-140.6,1007.4,30.7
2026-07-30 18:00:00,EP072026,44,2026-08-03 00:00:00,3 days 06:00:00,78,26.21,-142.04,1007.9,29.7
2026-07-30 18:00:00,EP072026,44,2026-08-03 06:00:00,3 days 12:00:00,84,26.75,-143.5,1008.4,28.8
2026-07-30 18:00:00,WP122026,44,2026-07-30 18:00:00,0 days 00:00:00,0,17.75,162.75,951.7,105.4
2026-07-30 18:00:00,WP122026,44,2026-07-31 00:00:00,0 days 06:00:00,6,18.13,161.88,951.3,105.8
2026-07-30 18:00:00,WP122026,44,2026-07-31 06:00:00,0 days 12:00:00,12,18.5,161.0,950.8,106.3
2026-07-30 18:00:00,WP122026,44,2026-07-31 12:00:00,0 days 18:00:00,18,19.0,160.25,954.0,102.8
2026-07-30 18:00:00,WP122026,44,2026-07-31 18:00:00,1 days 00:00:00,24,19.5,159.5,957.2,99.3
2026-07-30 18:00:00,WP122026,44,2026-08-01 00:00:00,1 days 06:00:00,30,20.25,158.38,956.0,100.7
2026-07-30 18:00:00,WP122026,44,2026-08-01 06:00:00,1 days 12:00:00,36,21.0,157.25,954.7,102.1
2026-07-30 18:00:00,WP122026,44,2026-08-01 12:00:00,1 days 18:00:00,42,21.63,156.25,952.0,105.1
2026-07-30 18:00:00,WP122026,44,2026-08-01 18:00:00,2 days 00:00:00,48,22.25,155.25,949.3,108.0
2026-07-30 18:00:00,WP122026,44,2026-08-02 00:00:00,2 days 06:00:00,54,22.63,153.75,952.8,104.1
2026-07-30 18:00:00,WP122026,44,2026-08-02 06:00:00,2 days 12:00:00,60,23.0,152.25,956.4,100.2
2026-07-30 18:00:00,WP122026,44,2026-08-02 12:00:00,2 days 18:00:00,66,23.63,151.01,955.3,101.4
2026-07-30 18:00:00,WP122026,44,2026-08-02 18:00:00,3 days 00:00:00,72,24.25,149.75,954.2,102.6
2026-07-30 18:00:00,WP122026,44,2026-08-03 00:00:00,3 days 06:00:00,78,24.51,148.5,952.2,104.8
2026-07-30 18:00:00,WP122026,44,2026-08-03 06:00:00,3 days 12:00:00,84,24.75,147.25,950.2,107.0
2026-07-30 18:00:00,WP122026,44,2026-08-03 12:00:00,3 days 18:00:00,90,24.51,146.0,951.1,106.0
2026-07-30 18:00:00,WP122026,44,2026-08-03 18:00:00,4 days 00:00:00,96,24.25,144.75,952.0,105.0
2026-07-30 18:00:00,WP122026,44,2026-08-04 00:00:00,4 days 06:00:00,102,24.25,144.0,952.1,105.0
2026-07-30 18:00:00,WP122026,44,2026-08-04 06:00:00,4 days 12:00:00,108,24.25,143.25,952.1,105.0
2026-07-30 18:00:00,WP122026,44,2026-08-04 12:00:00,4 days 18:00:00,114,24.63,142.0,951.8,105.2
2026-07-30 18:00:00,WP122026,44,2026-08-04 18:00:00,5 days 00:00:00,120,25.0,140.75,951.6,105.5
2026-07-30 18:00:00,WP122026,44,2026-08-05 00:00:00,5 days 06:00:00,126,25.13,139.75,949.0,108.2
2026-07-30 18:00:00,WP122026,44,2026-08-05 06:00:00,5 days 12:00:00,132,25.25,138.75,946.5,110.9
2026-07-30 18:00:00,WP122026,44,2026-08-05 12:00:00,5 days 18:00:00,138,25.38,137.63,947.3,110.1
2026-07-30 18:00:00,WP122026,44,2026-08-05 18:00:00,6 days 00:00:00,144,25.5,136.5,948.0,109.3
2026-07-30 18:00:00,WP122026,44,2026-08-06 00:00:00,6 days 06:00:00,150,25.88,135.25,947.0,110.4
2026-07-30 18:00:00,WP122026,44,2026-08-06 06:00:00,6 days 12:00:00,156,26.25,134.0,946.0,111.4
2026-07-30 18:00:00,WP122026,44,2026-08-06 12:00:00,6 days 18:00:00,162,26.38,132.88,945.2,112.3
2026-07-30 18:00:00,WP122026,44,2026-08-06 18:00:00,7 days 00:00:00,168,26.5,131.75,944.4,113.2
2026-07-30 18:00:00,WP122026,44,2026-08-07 00:00:00,7 days 06:00:00,174,26.63,130.63,944.4,113.1
2026-07-30 18:00:00,WP122026,44,2026-08-07 06:00:00,7 days 12:00:00,180,26.75,129.5,944.5,113.0
2026-07-30 18:00:00,WP122026,44,2026-08-07 12:00:00,7 days 18:00:00,186,26.63,128.5,946.7,110.7
2026-07-30 18:00:00,WP122026,44,2026-08-07 18:00:00,8 days 00:00:00,192,26.5,127.5,948.9,108.4
2026-07-30 18:00:00,WP122026,44,2026-08-08 00:00:00,8 days 06:00:00,198,26.38,126.75,950.9,106.2
2026-07-30 18:00:00,WP122026,44,2026-08-08 06:00:00,8 days 12:00:00,204,26.25,126.0,952.9,104.1
2026-07-30 18:00:00,WP122026,44,2026-08-08 12:00:00,8 days 18:00:00,210,26.38,125.5,951.7,105.4
2026-07-30 18:00:00,WP122026,44,2026-08-08 18:00:00,9 days 00:00:00,216,26.5,125.0,950.5,106.7
2026-07-30 18:00:00,WP122026,44,2026-08-09 00:00:00,9 days 06:00:00,222,26.63,124.38,953.6,103.3
2026-07-30 18:00:00,WP122026,44,2026-08-09 06:00:00,9 days 12:00:00,228,26.75,123.75,956.7,99.9
2026-07-30 18:00:00,WP122026,44,2026-08-09 12:00:00,9 days 18:00:00,234,27.13,123.38,958.7,97.6
2026-07-30 18:00:00,WP122026,44,2026-08-09 18:00:00,10 days 00:00:00,240,27.5,123.0,960.7,95.4
2026-07-30 18:00:00,WP122026,44,2026-08-10 00:00:00,10 days 06:00:00,246,27.75,122.38,963.1,92.7
2026-07-30 18:00:00,WP122026,44,2026-08-10 06:00:00,10 days 12:00:00,252,28.0,121.75,965.5,90.0
2026-07-30 18:00:00,WP122026,44,2026-08-10 12:00:00,10 days 18:00:00,258,28.5,121.63,970.8,83.5
2026-07-30 18:00:00,WP122026,44,2026-08-10 18:00:00,11 days 00:00:00,264,29.0,121.5,976.2,77.0
2026-07-30 18:00:00,WP122026,44,2026-08-11 00:00:00,11 days 06:00:00,270,29.63,120.88,977.7,75.2
2026-07-30 18:00:00,WP122026,44,2026-08-11 06:00:00,11 days 12:00:00,276,30.25,120.25,979.2,73.3
2026-07-30 18:00:00,WP122026,44,2026-08-11 12:00:00,11 days 18:00:00,282,31.13,119.75,980.4,71.6
2026-07-30 18:00:00,WP122026,44,2026-08-11 18:00:00,12 days 00:00:00,288,32.0,119.25,981.7,70.0
2026-07-30 18:00:00,WP122026,44,2026-08-12 00:00:00,12 days 06:00:00,294,33.0,119.0,982.3,69.2
2026-07-30 18:00:00,WP122026,44,2026-08-12 06:00:00,12 days 12:00:00,300,34.0,118.75,982.9,68.4
2026-07-30 18:00:00,WP122026,44,2026-08-12 12:00:00,12 days 18:00:00,306,34.5,118.75,984.6,66.2
2026-07-30 18:00:00,WP122026,44,2026-08-12 18:00:00,13 days 00:00:00,312,35.0,118.75,986.2,64.0
2026-07-30 18:00:00,WP122026,44,2026-08-13 00:00:00,13 days 06:00:00,318,36.63,118.26,988.4,60.9
2026-07-30 18:00:00,WP122026,44,2026-08-13 06:00:00,13 days 12:00:00,324,38.25,117.75,990.7,57.8
2026-07-30 18:00:00,EP072026,45,2026-07-30 18:00:00,0 days 00:00:00,0,20.5,-124.25,987.6,62.1
2026-07-30 18:00:00,EP072026,45,2026-07-31 00:00:00,0 days 06:00:00,6,21.01,-125.62,988.1,61.3
2026-07-30 18:00:00,EP072026,45,2026-07-31 06:00:00,0 days 12:00:00,12,21.5,-127.0,988.7,60.6
2026-07-30 18:00:00,EP072026,45,2026-07-31 12:00:00,0 days 18:00:00,18,21.63,-128.25,990.5,58.0
2026-07-30 18:00:00,EP072026,45,2026-07-31 18:00:00,1 days 00:00:00,24,21.75,-129.5,992.3,55.5
2026-07-30 18:00:00,EP072026,45,2026-08-01 00:00:00,1 days 06:00:00,30,22.13,-131.0,994.6,52.0
2026-07-30 18:00:00,EP072026,45,2026-08-01 06:00:00,1 days 12:00:00,36,22.5,-132.5,997.0,48.4
2026-07-30 18:00:00,EP072026,45,2026-08-01 12:00:00,1 days 18:00:00,42,22.88,-134.0,999.1,45.0
2026-07-30 18:00:00,EP072026,45,2026-08-01 18:00:00,2 days 00:00:00,48,23.25,-135.5,1001.2,41.6
2026-07-30 18:00:00,EP072026,45,2026-08-02 00:00:00,2 days 06:00:00,54,23.38,-137.12,1003.9,36.9
2026-07-30 18:00:00,EP072026,45,2026-08-02 06:00:00,2 days 12:00:00,60,23.5,-138.75,1006.6,32.2
2026-07-30 18:00:00,EP072026,45,2026-08-02 12:00:00,2 days 18:00:00,66,24.13,-140.37,1007.8,29.9
2026-07-30 18:00:00,EP072026,45,2026-08-02 18:00:00,3 days 00:00:00,72,24.75,-142.0,1009.0,27.5
2026-07-30 18:00:00,EP072026,45,2026-08-03 00:00:00,3 days 06:00:00,78,25.13,-143.5,1009.2,27.2
2026-07-30 18:00:00,EP072026,45,2026-08-03 06:00:00,3 days 12:00:00,84,25.5,-145.0,1009.3,26.8
2026-07-30 18:00:00,EP072026,45,2026-08-03 12:00:00,3 days 18:00:00,90,26.13,-145.5,1010.0,25.5
2026-07-30 18:00:00,EP072026,45,2026-08-03 18:00:00,4 days 00:00:00,96,26.75,-146.0,1010.6,24.2
2026-07-30 18:00:00,WP122026,45,2026-07-30 18:00:00,0 days 00:00:00,0,17.75,162.75,951.7,105.4
2026-07-30 18:00:00,WP122026,45,2026-07-31 00:00:00,0 days 06:00:00,6,18.25,161.88,953.2,103.7
2026-07-30 18:00:00,WP122026,45,2026-07-31 06:00:00,0 days 12:00:00,12,18.75,161.0,954.7,102.1
2026-07-30 18:00:00,WP122026,45,2026-07-31 12:00:00,0 days 18:00:00,18,19.13,160.13,953.0,103.9
2026-07-30 18:00:00,WP122026,45,2026-07-31 18:00:00,1 days 00:00:00,24,19.5,159.25,951.3,105.8
2026-07-30 18:00:00,WP122026,45,2026-08-01 00:00:00,1 days 06:00:00,30,20.13,158.38,951.8,105.2
2026-07-30 18:00:00,WP122026,45,2026-08-01 06:00:00,1 days 12:00:00,36,20.75,157.5,952.4,104.7
2026-07-30 18:00:00,WP122026,45,2026-08-01 12:00:00,1 days 18:00:00,42,21.5,156.38,951.4,105.7
2026-07-30 18:00:00,WP122026,45,2026-08-01 18:00:00,2 days 00:00:00,48,22.25,155.25,950.5,106.7
2026-07-30 18:00:00,WP122026,45,2026-08-02 00:00:00,2 days 06:00:00,54,22.88,153.88,950.8,106.4
2026-07-30 18:00:00,WP122026,45,2026-08-02 06:00:00,2 days 12:00:00,60,23.5,152.5,951.1,106.0
2026-07-30 18:00:00,WP122026,45,2026-08-02 12:00:00,2 days 18:00:00,66,23.76,151.13,951.2,106.0
2026-07-30 18:00:00,WP122026,45,2026-08-02 18:00:00,3 days 00:00:00,72,24.0,149.75,951.2,105.9
2026-07-30 18:00:00,WP122026,45,2026-08-03 00:00:00,3 days 06:00:00,78,24.13,148.5,950.3,106.8
2026-07-30 18:00:00,WP122026,45,2026-08-03 06:00:00,3 days 12:00:00,84,24.25,147.25,949.5,107.8
2026-07-30 18:00:00,WP122026,45,2026-08-03 12:00:00,3 days 18:00:00,90,24.25,146.12,950.0,107.2
2026-07-30 18:00:00,WP122026,45,2026-08-03 18:00:00,4 days 00:00:00,96,24.25,145.0,950.5,106.7
2026-07-30 18:00:00,WP122026,45,2026-08-04 00:00:00,4 days 06:00:00,102,24.5,144.13,949.9,107.3
2026-07-30 18:00:00,WP122026,45,2026-08-04 06:00:00,4 days 12:00:00,108,24.75,143.25,949.3,108.0
2026-07-30 18:00:00,WP122026,45,2026-08-04 12:00:00,4 days 18:00:00,114,25.38,142.01,951.8,105.2
2026-07-30 18:00:00,WP122026,45,2026-08-04 18:00:00,5 days 00:00:00,120,26.0,140.75,954.4,102.5
2026-07-30 18:00:00,WP122026,45,2026-08-05 00:00:00,5 days 06:00:00,126,26.51,138.76,958.5,97.9
2026-07-30 18:00:00,WP122026,45,2026-08-05 06:00:00,5 days 12:00:00,132,27.0,136.75,962.6,93.3
2026-07-30 18:00:00,WP122026,45,2026-08-05 12:00:00,5 days 18:00:00,138,27.52,134.63,962.1,93.9
2026-07-30 18:00:00,WP122026,45,2026-08-05 18:00:00,6 days 00:00:00,144,28.0,132.5,961.6,94.4
2026-07-30 18:00:00,WP122026,45,2026-08-06 00:00:00,6 days 06:00:00,150,28.51,131.01,963.3,92.4
2026-07-30 18:00:00,WP122026,45,2026-08-06 06:00:00,6 days 12:00:00,156,29.0,129.5,965.0,90.5
2026-07-30 18:00:00,WP122026,45,2026-08-06 12:00:00,6 days 18:00:00,162,29.14,127.75,964.6,91.0
2026-07-30 18:00:00,WP122026,45,2026-08-06 18:00:00,7 days 00:00:00,168,29.25,126.0,964.1,91.5
2026-07-30 18:00:00,WP122026,45,2026-08-07 00:00:00,7 days 06:00:00,174,29.63,124.51,965.2,90.2
2026-07-30 18:00:00,WP122026,45,2026-08-07 06:00:00,7 days 12:00:00,180,30.0,123.0,966.3,88.9
2026-07-30 18:00:00,WP122026,45,2026-08-07 12:00:00,7 days 18:00:00,186,29.88,121.62,969.1,85.6
2026-07-30 18:00:00,WP122026,45,2026-08-07 18:00:00,8 days 00:00:00,192,29.75,120.25,971.9,82.3
2026-07-30 18:00:00,WP122026,45,2026-08-08 00:00:00,8 days 06:00:00,198,30.26,118.76,977.5,75.2
2026-07-30 18:00:00,WP122026,45,2026-08-08 06:00:00,8 days 12:00:00,204,30.75,117.25,983.1,68.2
2026-07-30 18:00:00,WP122026,45,2026-08-08 12:00:00,8 days 18:00:00,210,30.75,116.37,986.1,64.0
2026-07-30 18:00:00,WP122026,45,2026-08-08 18:00:00,9 days 00:00:00,216,30.75,115.5,989.2,59.8
2026-07-30 18:00:00,WP122026,45,2026-08-09 00:00:00,9 days 06:00:00,222,30.75,114.5,990.4,58.2
2026-07-30 18:00:00,WP122026,45,2026-08-09 06:00:00,9 days 12:00:00,228,30.75,113.5,991.5,56.6
2026-07-30 18:00:00,WP122026,45,2026-08-09 12:00:00,9 days 18:00:00,234,30.63,113.5,992.4,55.3
2026-07-30 18:00:00,WP122026,45,2026-08-09 18:00:00,10 days 00:00:00,240,30.5,113.5,993.3,54.0
2026-07-30 18:00:00,EP072026,46,2026-07-30 18:00:00,0 days 00:00:00,0,20.5,-124.25,987.6,62.1
2026-07-30 18:00:00,EP072026,46,2026-07-31 00:00:00,0 days 06:00:00,6,20.88,-125.62,989.5,59.5
2026-07-30 18:00:00,EP072026,46,2026-07-31 06:00:00,0 days 12:00:00,12,21.25,-127.0,991.3,56.9
2026-07-30 18:00:00,EP072026,46,2026-07-31 12:00:00,0 days 18:00:00,18,21.63,-128.37,994.3,52.4
2026-07-30 18:00:00,EP072026,46,2026-07-31 18:00:00,1 days 00:00:00,24,22.0,-129.75,997.3,47.9
2026-07-30 18:00:00,EP072026,46,2026-08-01 00:00:00,1 days 06:00:00,30,22.38,-131.12,998.1,46.6
2026-07-30 18:00:00,EP072026,46,2026-08-01 06:00:00,1 days 12:00:00,36,22.75,-132.5,998.9,45.4
2026-07-30 18:00:00,EP072026,46,2026-08-01 12:00:00,1 days 18:00:00,42,23.14,-134.37,1001.9,40.3
2026-07-30 18:00:00,EP072026,46,2026-08-01 18:00:00,2 days 00:00:00,48,23.5,-136.25,1005.0,35.1
2026-07-30 18:00:00,EP072026,46,2026-08-02 00:00:00,2 days 06:00:00,54,23.88,-137.75,1005.6,34.1
2026-07-30 18:00:00,EP072026,46,2026-08-02 06:00:00,2 days 12:00:00,60,24.25,-139.25,1006.2,33.0
2026-07-30 18:00:00,EP072026,46,2026-08-02 12:00:00,2 days 18:00:00,66,24.64,-140.61,1006.4,32.6
2026-07-30 18:00:00,EP072026,46,2026-08-02 18:00:00,3 days 00:00:00,72,25.03,-141.98,1006.5,32.3
2026-07-30 18:00:00,EP072026,46,2026-08-03 00:00:00,3 days 06:00:00,78,25.39,-143.36,1006.7,31.9
2026-07-30 18:00:00,EP072026,46,2026-08-03 06:00:00,3 days 12:00:00,84,25.75,-144.75,1006.9,31.5
2026-07-30 18:00:00,WP122026,46,2026-07-30 18:00:00,0 days 00:00:00,0,17.75,162.75,951.7,105.4
2026-07-30 18:00:00,WP122026,46,2026-07-31 00:00:00,0 days 06:00:00,6,18.13,161.88,954.2,102.7
2026-07-30 18:00:00,WP122026,46,2026-07-31 06:00:00,0 days 12:00:00,12,18.5,161.0,956.6,100.0
2026-07-30 18:00:00,WP122026,46,2026-07-31 12:00:00,0 days 18:00:00,18,19.13,160.25,959.4,96.9
2026-07-30 18:00:00,WP122026,46,2026-07-31 18:00:00,1 days 00:00:00,24,19.75,159.5,962.1,93.8
2026-07-30 18:00:00,WP122026,46,2026-08-01 00:00:00,1 days 06:00:00,30,20.25,158.63,961.4,94.6
2026-07-30 18:00:00,WP122026,46,2026-08-01 06:00:00,1 days 12:00:00,36,20.75,157.75,960.7,95.5
2026-07-30 18:00:00,WP122026,46,2026-08-01 12:00:00,1 days 18:00:00,42,21.5,156.63,957.5,99.0
2026-07-30 18:00:00,WP122026,46,2026-08-01 18:00:00,2 days 00:00:00,48,22.25,155.5,954.4,102.5
2026-07-30 18:00:00,WP122026,46,2026-08-02 00:00:00,2 days 06:00:00,54,23.01,154.13,954.0,102.9
2026-07-30 18:00:00,WP122026,46,2026-08-02 06:00:00,2 days 12:00:00,60,23.75,152.75,953.7,103.2
2026-07-30 18:00:00,WP122026,46,2026-08-02 12:00:00,2 days 18:00:00,66,24.26,151.38,954.1,102.7
2026-07-30 18:00:00,WP122026,46,2026-08-02 18:00:00,3 days 00:00:00,72,24.75,150.0,954.6,102.2
2026-07-30 18:00:00,WP122026,46,2026-08-03 00:00:00,3 days 06:00:00,78,25.0,148.88,952.6,104.4
2026-07-30 18:00:00,WP122026,46,2026-08-03 06:00:00,3 days 12:00:00,84,25.25,147.75,950.6,106.5
2026-07-30 18:00:00,WP122026,46,2026-08-03 12:00:00,3 days 18:00:00,90,25.25,146.62,955.0,101.7
2026-07-30 18:00:00,WP122026,46,2026-08-03 18:00:00,4 days 00:00:00,96,25.25,145.5,959.4,96.9
2026-07-30 18:00:00,WP122026,46,2026-08-04 00:00:00,4 days 06:00:00,102,25.13,144.75,958.3,98.1
2026-07-30 18:00:00,WP122026,46,2026-08-04 06:00:00,4 days 12:00:00,108,25.0,144.0,957.2,99.3
2026-07-30 18:00:00,WP122026,46,2026-08-04 12:00:00,4 days 18:00:00,114,25.38,142.63,953.9,103.0
2026-07-30 18:00:00,WP122026,46,2026-08-04 18:00:00,5 days 00:00:00,120,25.75,141.25,950.5,106.6
2026-07-30 18:00:00,WP122026,46,2026-08-05 00:00:00,5 days 06:00:00,126,26.13,140.25,951.2,105.9
2026-07-30 18:00:00,WP122026,46,2026-08-05 06:00:00,5 days 12:00:00,132,26.5,139.25,951.9,105.2
2026-07-30 18:00:00,WP122026,46,2026-08-05 12:00:00,5 days 18:00:00,138,26.51,137.63,951.0,106.1
2026-07-30 18:00:00,WP122026,46,2026-08-05 18:00:00,6 days 00:00:00,144,26.5,136.0,950.2,107.0
2026-07-30 18:00:00,WP122026,46,2026-08-06 00:00:00,6 days 06:00:00,150,26.63,134.63,950.0,107.2
2026-07-30 18:00:00,WP122026,46,2026-08-06 06:00:00,6 days 12:00:00,156,26.75,133.25,949.9,107.3
2026-07-30 18:00:00,WP122026,46,2026-08-06 12:00:00,6 days 18:00:00,162,27.01,131.75,951.8,105.2
2026-07-30 18:00:00,WP122026,46,2026-08-06 18:00:00,7 days 00:00:00,168,27.25,130.25,953.7,103.2
2026-07-30 18:00:00,WP122026,46,2026-08-07 00:00:00,7 days 06:00:00,174,27.26,128.88,953.8,103.1
2026-07-30 18:00:00,WP122026,46,2026-08-07 06:00:00,7 days 12:00:00,180,27.25,127.5,953.9,103.0
2026-07-30 18:00:00,WP122026,46,2026-08-07 12:00:00,7 days 18:00:00,186,27.0,126.37,955.2,101.6
2026-07-30 18:00:00,WP122026,46,2026-08-07 18:00:00,8 days 00:00:00,192,26.75,125.25,956.5,100.1
2026-07-30 18:00:00,WP122026,46,2026-08-08 00:00:00,8 days 06:00:00,198,27.0,124.5,955.8,100.9
2026-07-30 18:00:00,WP122026,46,2026-08-08 06:00:00,8 days 12:00:00,204,27.25,123.75,955.2,101.6
2026-07-30 18:00:00,WP122026,46,2026-08-08 12:00:00,8 days 18:00:00,210,27.01,122.5,954.2,102.6
2026-07-30 18:00:00,WP122026,46,2026-08-08 18:00:00,9 days 00:00:00,216,26.75,121.25,953.3,103.6
2026-07-30 18:00:00,WP122026,46,2026-08-09 00:00:00,9 days 06:00:00,222,26.88,119.75,966.9,87.6
2026-07-30 18:00:00,WP122026,46,2026-08-09 06:00:00,9 days 12:00:00,228,27.0,118.25,980.5,71.6
2026-07-30 18:00:00,WP122026,46,2026-08-09 12:00:00,9 days 18:00:00,234,26.51,116.99,984.3,66.5
2026-07-30 18:00:00,WP122026,46,2026-08-09 18:00:00,10 days 00:00:00,240,26.0,115.75,988.1,61.4
2026-07-30 18:00:00,WP122026,46,2026-08-10 00:00:00,10 days 06:00:00,246,26.0,115.75,989.0,60.2
2026-07-30 18:00:00,WP122026,46,2026-08-10 06:00:00,10 days 12:00:00,252,26.0,115.75,989.9,58.9
2026-07-30 18:00:00,WP122026,46,2026-08-10 12:00:00,10 days 18:00:00,258,26.63,115.25,991.5,56.6
2026-07-30 18:00:00,WP122026,46,2026-08-10 18:00:00,11 days 00:00:00,264,27.25,114.75,993.1,54.3
2026-07-30 18:00:00,WP122026,46,2026-08-11 00:00:00,11 days 06:00:00,270,27.25,115.63,993.6,53.6
2026-07-30 18:00:00,WP122026,46,2026-08-11 06:00:00,11 days 12:00:00,276,27.25,116.5,994.1,52.9
2026-07-30 18:00:00,WP122026,46,2026-08-11 12:00:00,11 days 18:00:00,282,27.19,116.06,993.9,53.0
2026-07-30 18:00:00,WP122026,46,2026-08-11 18:00:00,12 days 00:00:00,288,27.13,115.62,993.8,53.2
2026-07-30 18:00:00,WP122026,46,2026-08-12 00:00:00,12 days 06:00:00,294,27.06,115.19,993.7,53.3
2026-07-30 18:00:00,WP122026,46,2026-08-12 06:00:00,12 days 12:00:00,300,27.0,114.75,993.6,53.5
2026-07-30 18:00:00,WP122026,46,2026-08-12 12:00:00,12 days 18:00:00,306,25.94,114.43,993.4,53.9
2026-07-30 18:00:00,WP122026,46,2026-08-12 18:00:00,13 days 00:00:00,312,24.88,114.11,993.1,54.2
2026-07-30 18:00:00,WP122026,46,2026-08-13 00:00:00,13 days 06:00:00,318,23.81,113.8,992.9,54.6
2026-07-30 18:00:00,WP122026,46,2026-08-13 06:00:00,13 days 12:00:00,324,22.75,113.5,992.6,55.0
2026-07-30 18:00:00,WP122026,46,2026-08-13 12:00:00,13 days 18:00:00,330,22.38,113.5,992.7,54.8
2026-07-30 18:00:00,WP122026,46,2026-08-13 18:00:00,14 days 00:00:00,336,22.0,113.5,992.8,54.7
2026-07-30 18:00:00,WP122026,46,2026-08-14 00:00:00,14 days 06:00:00,342,22.63,113.25,992.4,55.3
2026-07-30 18:00:00,WP122026,46,2026-08-14 06:00:00,14 days 12:00:00,348,23.25,113.0,992.0,55.8
2026-07-30 18:00:00,EP072026,47,2026-07-30 18:00:00,0 days 00:00:00,0,20.5,-124.25,987.6,62.1
2026-07-30 18:00:00,EP072026,47,2026-07-31 00:00:00,0 days 06:00:00,6,20.88,-125.5,988.9,60.3
2026-07-30 18:00:00,EP072026,47,2026-07-31 06:00:00,0 days 12:00:00,12,21.25,-126.75,990.2,58.5
2026-07-30 18:00:00,EP072026,47,2026-07-31 12:00:00,0 days 18:00:00,18,21.51,-128.12,993.4,53.7
2026-07-30 18:00:00,EP072026,47,2026-07-31 18:00:00,1 days 00:00:00,24,21.75,-129.5,996.6,49.0
2026-07-30 18:00:00,EP072026,47,2026-08-01 00:00:00,1 days 06:00:00,30,22.0,-130.75,999.1,45.1
2026-07-30 18:00:00,EP072026,47,2026-08-01 06:00:00,1 days 12:00:00,36,22.25,-132.0,1001.5,41.1
2026-07-30 18:00:00,EP072026,47,2026-08-01 12:00:00,1 days 18:00:00,42,22.51,-133.5,1001.5,41.1
2026-07-30 18:00:00,EP072026,47,2026-08-01 18:00:00,2 days 00:00:00,48,22.75,-135.0,1001.5,41.1
2026-07-30 18:00:00,EP072026,47,2026-08-02 00:00:00,2 days 06:00:00,54,22.88,-136.5,1004.4,36.0
2026-07-30 18:00:00,EP072026,47,2026-08-02 06:00:00,2 days 12:00:00,60,23.0,-138.0,1007.2,31.0
2026-07-30 18:00:00,WP122026,47,2026-07-30 18:00:00,0 days 00:00:00,0,17.75,162.75,951.7,105.4
2026-07-30 18:00:00,WP122026,47,2026-07-31 00:00:00,0 days 06:00:00,6,18.13,161.88,951.9,105.2
2026-07-30 18:00:00,WP122026,47,2026-07-31 06:00:00,0 days 12:00:00,12,18.5,161.0,952.0,105.0
2026-07-30 18:00:00,WP122026,47,2026-07-31 12:00:00,0 days 18:00:00,18,19.13,160.25,953.1,103.8
2026-07-30 18:00:00,WP122026,47,2026-07-31 18:00:00,1 days 00:00:00,24,19.75,159.5,954.3,102.6
2026-07-30 18:00:00,WP122026,47,2026-08-01 00:00:00,1 days 06:00:00,30,20.38,158.5,955.1,101.6
2026-07-30 18:00:00,WP122026,47,2026-08-01 06:00:00,1 days 12:00:00,36,21.0,157.5,956.0,100.7
2026-07-30 18:00:00,WP122026,47,2026-08-01 12:00:00,1 days 18:00:00,42,21.63,156.38,953.8,103.1
2026-07-30 18:00:00,WP122026,47,2026-08-01 18:00:00,2 days 00:00:00,48,22.25,155.25,951.6,105.4
2026-07-30 18:00:00,WP122026,47,2026-08-02 00:00:00,2 days 06:00:00,54,23.01,153.76,949.7,107.5
2026-07-30 18:00:00,WP122026,47,2026-08-02 06:00:00,2 days 12:00:00,60,23.75,152.25,947.7,109.6
2026-07-30 18:00:00,WP122026,47,2026-08-02 12:00:00,2 days 18:00:00,66,24.26,150.88,948.8,108.5
2026-07-30 18:00:00,WP122026,47,2026-08-02 18:00:00,3 days 00:00:00,72,24.75,149.5,949.8,107.4
2026-07-30 18:00:00,WP122026,47,2026-08-03 00:00:00,3 days 06:00:00,78,24.75,148.38,950.4,106.8
2026-07-30 18:00:00,WP122026,47,2026-08-03 06:00:00,3 days 12:00:00,84,24.75,147.25,951.0,106.1
2026-07-30 18:00:00,WP122026,47,2026-08-03 12:00:00,3 days 18:00:00,90,24.88,146.0,950.8,106.3
2026-07-30 18:00:00,WP122026,47,2026-08-03 18:00:00,4 days 00:00:00,96,25.0,144.75,950.7,106.5
2026-07-30 18:00:00,WP122026,47,2026-08-04 00:00:00,4 days 06:00:00,102,25.0,143.62,949.6,107.6
2026-07-30 18:00:00,WP122026,47,2026-08-04 06:00:00,4 days 12:00:00,108,25.0,142.5,948.5,108.8
2026-07-30 18:00:00,WP122026,47,2026-08-04 12:00:00,4 days 18:00:00,114,25.26,141.13,950.0,107.2
2026-07-30 18:00:00,WP122026,47,2026-08-04 18:00:00,5 days 00:00:00,120,25.5,139.75,951.6,105.5
2026-07-30 18:00:00,WP122026,47,2026-08-05 00:00:00,5 days 06:00:00,126,25.63,138.25,950.9,106.3
2026-07-30 18:00:00,WP122026,47,2026-08-05 06:00:00,5 days 12:00:00,132,25.75,136.75,950.2,107.0
2026-07-30 18:00:00,WP122026,47,2026-08-05 12:00:00,5 days 18:00:00,138,25.88,135.63,950.3,106.9
2026-07-30 18:00:00,WP122026,47,2026-08-05 18:00:00,6 days 00:00:00,144,26.0,134.5,950.4,106.8
2026-07-30 18:00:00,WP122026,47,2026-08-06 00:00:00,6 days 06:00:00,150,26.13,133.25,949.8,107.4
2026-07-30 18:00:00,WP122026,47,2026-08-06 06:00:00,6 days 12:00:00,156,26.25,132.0,949.3,107.9
2026-07-30 18:00:00,WP122026,47,2026-08-06 12:00:00,6 days 18:00:00,162,26.38,130.75,949.7,107.6
2026-07-30 18:00:00,WP122026,47,2026-08-06 18:00:00,7 days 00:00:00,168,26.5,129.5,950.0,107.2
2026-07-30 18:00:00,WP122026,47,2026-08-07 00:00:00,7 days 06:00:00,174,26.38,128.37,950.6,106.6
2026-07-30 18:00:00,WP122026,47,2026-08-07 06:00:00,7 days 12:00:00,180,26.25,127.25,951.2,106.0
2026-07-30 18:00:00,WP122026,47,2026-08-07 12:00:00,7 days 18:00:00,186,26.13,126.25,949.4,107.9
2026-07-30 18:00:00,WP122026,47,2026-08-07 18:00:00,8 days 00:00:00,192,26.0,125.25,947.5,109.8
2026-07-30 18:00:00,WP122026,47,2026-08-08 00:00:00,8 days 06:00:00,198,25.88,124.62,945.6,111.8
2026-07-30 18:00:00,WP122026,47,2026-08-08 06:00:00,8 days 12:00:00,204,25.75,124.0,943.7,113.8
2026-07-30 18:00:00,WP122026,47,2026-08-08 12:00:00,8 days 18:00:00,210,25.5,123.37,950.7,106.3
2026-07-30 18:00:00,WP122026,47,2026-08-08 18:00:00,9 days 00:00:00,216,25.25,122.75,957.6,98.9
2026-07-30 18:00:00,WP122026,47,2026-08-09 00:00:00,9 days 06:00:00,222,25.38,122.13,964.4,91.0
2026-07-30 18:00:00,WP122026,47,2026-08-09 06:00:00,9 days 12:00:00,228,25.5,121.5,971.3,83.1
2026-07-30 18:00:00,WP122026,47,2026-08-09 12:00:00,9 days 18:00:00,234,25.38,120.87,973.5,80.3
2026-07-30 18:00:00,WP122026,47,2026-08-09 18:00:00,10 days 00:00:00,240,25.25,120.25,975.8,77.6
2026-07-30 18:00:00,WP122026,47,2026-08-10 00:00:00,10 days 06:00:00,246,25.25,119.75,979.1,73.3
2026-07-30 18:00:00,WP122026,47,2026-08-10 06:00:00,10 days 12:00:00,252,25.25,119.25,982.5,68.9
2026-07-30 18:00:00,WP122026,47,2026-08-10 12:00:00,10 days 18:00:00,258,26.0,119.5,983.7,67.3
2026-07-30 18:00:00,WP122026,47,2026-08-10 18:00:00,11 days 00:00:00,264,26.75,119.75,984.9,65.7
2026-07-30 18:00:00,WP122026,47,2026-08-11 00:00:00,11 days 06:00:00,270,27.38,120.37,985.5,65.0
2026-07-30 18:00:00,WP122026,47,2026-08-11 06:00:00,11 days 12:00:00,276,28.0,121.0,986.1,64.2
2026-07-30 18:00:00,WP122026,47,2026-08-11 12:00:00,11 days 18:00:00,282,28.38,121.37,986.2,64.0
2026-07-30 18:00:00,WP122026,47,2026-08-11 18:00:00,12 days 00:00:00,288,28.75,121.75,986.4,63.7
2026-07-30 18:00:00,WP122026,47,2026-08-12 00:00:00,12 days 06:00:00,294,28.62,121.75,987.5,62.2
2026-07-30 18:00:00,WP122026,47,2026-08-12 06:00:00,12 days 12:00:00,300,28.5,121.75,988.6,60.7
2026-07-30 18:00:00,WP122026,47,2026-08-12 12:00:00,12 days 18:00:00,306,29.0,122.12,989.6,59.2
2026-07-30 18:00:00,WP122026,47,2026-08-12 18:00:00,13 days 00:00:00,312,29.5,122.5,990.6,57.8
2026-07-30 18:00:00,WP122026,47,2026-08-13 00:00:00,13 days 06:00:00,318,30.0,123.0,990.6,57.9
2026-07-30 18:00:00,WP122026,47,2026-08-13 06:00:00,13 days 12:00:00,324,30.5,123.5,990.6,57.9
2026-07-30 18:00:00,WP122026,47,2026-08-13 12:00:00,13 days 18:00:00,330,29.63,123.37,990.7,57.7
2026-07-30 18:00:00,WP122026,47,2026-08-13 18:00:00,14 days 00:00:00,336,28.75,123.25,990.9,57.5
2026-07-30 18:00:00,WP122026,47,2026-08-14 00:00:00,14 days 06:00:00,342,28.75,123.88,989.7,59.1
2026-07-30 18:00:00,WP122026,47,2026-08-14 06:00:00,14 days 12:00:00,348,28.75,124.5,988.6,60.7
2026-07-30 18:00:00,WP122026,47,2026-08-14 12:00:00,14 days 18:00:00,354,28.13,125.38,988.8,60.4
2026-07-30 18:00:00,WP122026,47,2026-08-14 18:00:00,15 days 00:00:00,360,27.5,126.25,989.1,60.0
2026-07-30 18:00:00,EP072026,48,2026-07-30 18:00:00,0 days 00:00:00,0,20.5,-124.25,987.6,62.1
2026-07-30 18:00:00,EP072026,48,2026-07-31 00:00:00,0 days 06:00:00,6,20.88,-125.5,988.7,60.5
2026-07-30 18:00:00,EP072026,48,2026-07-31 06:00:00,0 days 12:00:00,12,21.25,-126.75,989.9,58.9
2026-07-30 18:00:00,EP072026,48,2026-07-31 12:00:00,0 days 18:00:00,18,21.63,-128.12,992.6,55.0
2026-07-30 18:00:00,EP072026,48,2026-07-31 18:00:00,1 days 00:00:00,24,22.0,-129.5,995.3,51.0
2026-07-30 18:00:00,EP072026,48,2026-08-01 00:00:00,1 days 06:00:00,30,22.38,-131.12,996.5,49.1
2026-07-30 18:00:00,EP072026,48,2026-08-01 06:00:00,1 days 12:00:00,36,22.75,-132.75,997.8,47.1
2026-07-30 18:00:00,EP072026,48,2026-08-01 12:00:00,1 days 18:00:00,42,23.01,-134.25,998.9,45.4
2026-07-30 18:00:00,EP072026,48,2026-08-01 18:00:00,2 days 00:00:00,48,23.25,-135.75,1000.0,43.7
2026-07-30 18:00:00,EP072026,48,2026-08-02 00:00:00,2 days 06:00:00,54,23.63,-137.12,1002.8,38.8
2026-07-30 18:00:00,EP072026,48,2026-08-02 06:00:00,2 days 12:00:00,60,24.0,-138.5,1005.7,33.8
2026-07-30 18:00:00,EP072026,48,2026-08-02 12:00:00,2 days 18:00:00,66,24.63,-139.99,1005.9,33.5
2026-07-30 18:00:00,EP072026,48,2026-08-02 18:00:00,3 days 00:00:00,72,25.25,-141.5,1006.1,33.1
2026-07-30 18:00:00,EP072026,48,2026-08-03 00:00:00,3 days 06:00:00,78,25.63,-142.5,1006.1,33.0
2026-07-30 18:00:00,EP072026,48,2026-08-03 06:00:00,3 days 12:00:00,84,26.0,-143.5,1006.2,32.9
2026-07-30 18:00:00,EP072026,48,2026-08-03 12:00:00,3 days 18:00:00,90,26.88,-144.49,1007.6,30.3
2026-07-30 18:00:00,EP072026,48,2026-08-03 18:00:00,4 days 00:00:00,96,27.75,-145.5,1008.9,27.7
2026-07-30 18:00:00,WP122026,48,2026-07-30 18:00:00,0 days 00:00:00,0,17.75,162.75,951.7,105.4
2026-07-30 18:00:00,WP122026,48,2026-07-31 00:00:00,0 days 06:00:00,6,18.13,161.88,953.8,103.1
2026-07-30 18:00:00,WP122026,48,2026-07-31 06:00:00,0 days 12:00:00,12,18.5,161.0,955.9,100.8
2026-07-30 18:00:00,WP122026,48,2026-07-31 12:00:00,0 days 18:00:00,18,19.25,160.25,958.0,98.4
2026-07-30 18:00:00,WP122026,48,2026-07-31 18:00:00,1 days 00:00:00,24,20.0,159.5,960.2,96.0
2026-07-30 18:00:00,WP122026,48,2026-08-01 00:00:00,1 days 06:00:00,30,20.38,158.38,958.7,97.7
2026-07-30 18:00:00,WP122026,48,2026-08-01 06:00:00,1 days 12:00:00,36,20.75,157.25,957.2,99.4
2026-07-30 18:00:00,WP122026,48,2026-08-01 12:00:00,1 days 18:00:00,42,21.5,156.26,957.0,99.6
2026-07-30 18:00:00,WP122026,48,2026-08-01 18:00:00,2 days 00:00:00,48,22.25,155.25,956.7,99.9
2026-07-30 18:00:00,WP122026,48,2026-08-02 00:00:00,2 days 06:00:00,54,22.88,154.13,953.8,103.0
2026-07-30 18:00:00,WP122026,48,2026-08-02 06:00:00,2 days 12:00:00,60,23.5,153.0,950.9,106.2
2026-07-30 18:00:00,WP122026,48,2026-08-02 12:00:00,2 days 18:00:00,66,24.01,151.63,952.2,104.8
2026-07-30 18:00:00,WP122026,48,2026-08-02 18:00:00,3 days 00:00:00,72,24.5,150.25,953.5,103.5
2026-07-30 18:00:00,WP122026,48,2026-08-03 00:00:00,3 days 06:00:00,78,24.88,149.13,955.0,101.7
2026-07-30 18:00:00,WP122026,48,2026-08-03 06:00:00,3 days 12:00:00,84,25.25,148.0,956.6,100.0
2026-07-30 18:00:00,WP122026,48,2026-08-03 12:00:00,3 days 18:00:00,90,25.38,146.75,959.0,97.3
2026-07-30 18:00:00,WP122026,48,2026-08-03 18:00:00,4 days 00:00:00,96,25.5,145.5,961.4,94.6
2026-07-30 18:00:00,WP122026,48,2026-08-04 00:00:00,4 days 06:00:00,102,25.38,144.5,957.1,99.4
2026-07-30 18:00:00,WP122026,48,2026-08-04 06:00:00,4 days 12:00:00,108,25.25,143.5,952.9,104.1
2026-07-30 18:00:00,WP122026,48,2026-08-04 12:00:00,4 days 18:00:00,114,25.38,142.38,953.0,104.0
2026-07-30 18:00:00,WP122026,48,2026-08-04 18:00:00,5 days 00:00:00,120,25.5,141.25,953.1,103.8
2026-07-30 18:00:00,WP122026,48,2026-08-05 00:00:00,5 days 06:00:00,126,25.51,140.0,954.4,102.4
2026-07-30 18:00:00,WP122026,48,2026-08-05 06:00:00,5 days 12:00:00,132,25.5,138.75,955.7,101.0
2026-07-30 18:00:00,WP122026,48,2026-08-05 12:00:00,5 days 18:00:00,138,25.63,137.13,955.0,101.7
2026-07-30 18:00:00,WP122026,48,2026-08-05 18:00:00,6 days 00:00:00,144,25.75,135.5,954.4,102.4
2026-07-30 18:00:00,WP122026,48,2026-08-06 00:00:00,6 days 06:00:00,150,25.88,134.5,953.3,103.7
2026-07-30 18:00:00,WP122026,48,2026-08-06 06:00:00,6 days 12:00:00,156,26.0,133.5,952.1,104.9
2026-07-30 18:00:00,WP122026,48,2026-08-06 12:00:00,6 days 18:00:00,162,26.26,131.88,953.9,103.0
2026-07-30 18:00:00,WP122026,48,2026-08-06 18:00:00,7 days 00:00:00,168,26.5,130.25,955.6,101.2
2026-07-30 18:00:00,WP122026,48,2026-08-07 00:00:00,7 days 06:00:00,174,26.5,129.12,957.2,99.3
2026-07-30 18:00:00,WP122026,48,2026-08-07 06:00:00,7 days 12:00:00,180,26.5,128.0,958.9,97.5
2026-07-30 18:00:00,WP122026,48,2026-08-07 12:00:00,7 days 18:00:00,186,26.63,127.0,959.2,97.1
2026-07-30 18:00:00,WP122026,48,2026-08-07 18:00:00,8 days 00:00:00,192,26.75,126.0,959.5,96.7
2026-07-30 18:00:00,WP122026,48,2026-08-08 00:00:00,8 days 06:00:00,198,26.63,125.25,957.4,99.1
2026-07-30 18:00:00,WP122026,48,2026-08-08 06:00:00,8 days 12:00:00,204,26.5,124.5,955.3,101.4
2026-07-30 18:00:00,WP122026,48,2026-08-08 12:00:00,8 days 18:00:00,210,26.25,123.37,958.9,97.4
2026-07-30 18:00:00,WP122026,48,2026-08-08 18:00:00,9 days 00:00:00,216,26.0,122.25,962.5,93.4
2026-07-30 18:00:00,WP122026,48,2026-08-09 00:00:00,9 days 06:00:00,222,25.75,121.12,967.2,87.9
2026-07-30 18:00:00,WP122026,48,2026-08-09 06:00:00,9 days 12:00:00,228,25.5,120.0,971.9,82.3
2026-07-30 18:00:00,WP122026,48,2026-08-09 12:00:00,9 days 18:00:00,234,25.0,119.12,977.1,75.8
2026-07-30 18:00:00,WP122026,48,2026-08-09 18:00:00,10 days 00:00:00,240,24.5,118.25,982.3,69.2
2026-07-30 18:00:00,WP122026,48,2026-08-10 00:00:00,10 days 06:00:00,246,24.5,118.0,985.0,65.6
2026-07-30 18:00:00,WP122026,48,2026-08-10 06:00:00,10 days 12:00:00,252,24.5,117.75,987.7,62.0
2026-07-30 18:00:00,WP122026,48,2026-08-10 12:00:00,10 days 18:00:00,258,25.63,116.39,989.2,59.9
2026-07-30 18:00:00,WP122026,48,2026-08-10 18:00:00,11 days 00:00:00,264,26.75,115.0,990.6,57.8
2026-07-30 18:00:00,WP122026,48,2026-08-11 00:00:00,11 days 06:00:00,270,27.25,115.75,991.3,56.9
2026-07-30 18:00:00,WP122026,48,2026-08-11 06:00:00,11 days 12:00:00,276,27.75,116.5,991.9,56.0
2026-07-30 18:00:00,EP072026,49,2026-07-30 18:00:00,0 days 00:00:00,0,20.5,-124.25,987.6,62.1
2026-07-30 18:00:00,EP072026,49,2026-07-31 00:00:00,0 days 06:00:00,6,20.88,-125.62,988.0,61.5
2026-07-30 18:00:00,EP072026,49,2026-07-31 06:00:00,0 days 12:00:00,12,21.25,-127.0,988.4,60.9
2026-07-30 18:00:00,EP072026,49,2026-07-31 12:00:00,0 days 18:00:00,18,21.5,-128.25,991.1,57.2
2026-07-30 18:00:00,EP072026,49,2026-07-31 18:00:00,1 days 00:00:00,24,21.75,-129.5,993.7,53.4
2026-07-30 18:00:00,EP072026,49,2026-08-01 00:00:00,1 days 06:00:00,30,22.13,-130.75,995.8,50.2
2026-07-30 18:00:00,EP072026,49,2026-08-01 06:00:00,1 days 12:00:00,36,22.5,-132.0,997.9,47.0
2026-07-30 18:00:00,EP072026,49,2026-08-01 12:00:00,1 days 18:00:00,42,22.88,-133.62,998.8,45.5
2026-07-30 18:00:00,EP072026,49,2026-08-01 18:00:00,2 days 00:00:00,48,23.25,-135.25,999.8,44.0
2026-07-30 18:00:00,EP072026,49,2026-08-02 00:00:00,2 days 06:00:00,54,23.51,-136.87,1002.3,39.7
2026-07-30 18:00:00,EP072026,49,2026-08-02 06:00:00,2 days 12:00:00,60,23.75,-138.5,1004.9,35.3
2026-07-30 18:00:00,EP072026,49,2026-08-02 12:00:00,2 days 18:00:00,66,24.13,-140.24,1006.1,33.2
2026-07-30 18:00:00,EP072026,49,2026-08-02 18:00:00,3 days 00:00:00,72,24.5,-142.0,1007.2,31.0
2026-07-30 18:00:00,EP072026,49,2026-08-03 00:00:00,3 days 06:00:00,78,24.76,-142.81,1007.0,31.5
2026-07-30 18:00:00,EP072026,49,2026-08-03 06:00:00,3 days 12:00:00,84,25.01,-143.62,1006.7,32.0
2026-07-30 18:00:00,EP072026,49,2026-08-03 12:00:00,3 days 18:00:00,90,25.26,-144.43,1006.4,32.5
2026-07-30 18:00:00,EP072026,49,2026-08-03 18:00:00,4 days 00:00:00,96,25.5,-145.25,1006.2,33.0
2026-07-30 18:00:00,EP072026,49,2026-08-04 00:00:00,4 days 06:00:00,102,26.38,-145.62,1007.0,31.4
2026-07-30 18:00:00,EP072026,49,2026-08-04 06:00:00,4 days 12:00:00,108,27.25,-146.0,1007.8,29.9
2026-07-30 18:00:00,WP122026,49,2026-07-30 18:00:00,0 days 00:00:00,0,17.75,162.75,951.7,105.4
2026-07-30 18:00:00,WP122026,49,2026-07-31 00:00:00,0 days 06:00:00,6,18.25,161.88,952.4,104.6
2026-07-30 18:00:00,WP122026,49,2026-07-31 06:00:00,0 days 12:00:00,12,18.75,161.0,953.1,103.9
2026-07-30 18:00:00,WP122026,49,2026-07-31 12:00:00,0 days 18:00:00,18,19.25,160.13,955.8,100.9
2026-07-30 18:00:00,WP122026,49,2026-07-31 18:00:00,1 days 00:00:00,24,19.75,159.25,958.4,98.0
2026-07-30 18:00:00,WP122026,49,2026-08-01 00:00:00,1 days 06:00:00,30,20.38,158.01,957.9,98.5
2026-07-30 18:00:00,WP122026,49,2026-08-01 06:00:00,1 days 12:00:00,36,21.0,156.75,957.4,99.1
2026-07-30 18:00:00,WP122026,49,2026-08-01 12:00:00,1 days 18:00:00,42,21.63,155.75,955.8,100.9
2026-07-30 18:00:00,WP122026,49,2026-08-01 18:00:00,2 days 00:00:00,48,22.25,154.75,954.2,102.7
2026-07-30 18:00:00,WP122026,49,2026-08-02 00:00:00,2 days 06:00:00,54,22.63,153.5,954.0,102.9
2026-07-30 18:00:00,WP122026,49,2026-08-02 06:00:00,2 days 12:00:00,60,23.0,152.25,953.9,103.0
2026-07-30 18:00:00,WP122026,49,2026-08-02 12:00:00,2 days 18:00:00,66,23.25,151.0,952.0,105.0
2026-07-30 18:00:00,WP122026,49,2026-08-02 18:00:00,3 days 00:00:00,72,23.5,149.75,950.2,107.0
2026-07-30 18:00:00,WP122026,49,2026-08-03 00:00:00,3 days 06:00:00,78,23.76,148.38,951.3,105.9
2026-07-30 18:00:00,WP122026,49,2026-08-03 06:00:00,3 days 12:00:00,84,24.0,147.0,952.3,104.7
2026-07-30 18:00:00,WP122026,49,2026-08-03 12:00:00,3 days 18:00:00,90,24.13,145.88,952.5,104.5
2026-07-30 18:00:00,WP122026,49,2026-08-03 18:00:00,4 days 00:00:00,96,24.25,144.75,952.6,104.4
2026-07-30 18:00:00,WP122026,49,2026-08-04 00:00:00,4 days 06:00:00,102,24.38,143.63,952.5,104.5
2026-07-30 18:00:00,WP122026,49,2026-08-04 06:00:00,4 days 12:00:00,108,24.5,142.5,952.3,104.7
2026-07-30 18:00:00,WP122026,49,2026-08-04 12:00:00,4 days 18:00:00,114,24.5,141.38,949.5,107.8
2026-07-30 18:00:00,WP122026,49,2026-08-04 18:00:00,5 days 00:00:00,120,24.5,140.25,946.6,110.8
2026-07-30 18:00:00,WP122026,49,2026-08-05 00:00:00,5 days 06:00:00,126,24.63,139.0,944.9,112.6
2026-07-30 18:00:00,WP122026,49,2026-08-05 06:00:00,5 days 12:00:00,132,24.75,137.75,943.2,114.4
2026-07-30 18:00:00,WP122026,49,2026-08-05 12:00:00,5 days 18:00:00,138,24.75,137.13,944.1,113.4
2026-07-30 18:00:00,WP122026,49,2026-08-05 18:00:00,6 days 00:00:00,144,24.75,136.5,945.1,112.4
2026-07-30 18:00:00,WP122026,49,2026-08-06 00:00:00,6 days 06:00:00,150,25.0,135.75,946.0,111.5
2026-07-30 18:00:00,WP122026,49,2026-08-06 06:00:00,6 days 12:00:00,156,25.25,135.0,946.8,110.6
2026-07-30 18:00:00,WP122026,49,2026-08-06 12:00:00,6 days 18:00:00,162,25.75,134.13,946.2,111.2
2026-07-30 18:00:00,WP122026,49,2026-08-06 18:00:00,7 days 00:00:00,168,26.25,133.25,945.6,111.8
2026-07-30 18:00:00,WP122026,49,2026-08-07 00:00:00,7 days 06:00:00,174,26.63,132.5,944.3,113.2
2026-07-30 18:00:00,WP122026,49,2026-08-07 06:00:00,7 days 12:00:00,180,27.0,131.75,943.0,114.5
2026-07-30 18:00:00,WP122026,49,2026-08-07 12:00:00,7 days 18:00:00,186,27.5,131.0,943.6,114.0
2026-07-30 18:00:00,WP122026,49,2026-08-07 18:00:00,8 days 00:00:00,192,28.0,130.25,944.2,113.4
2026-07-30 18:00:00,WP122026,49,2026-08-08 00:00:00,8 days 06:00:00,198,28.51,129.01,947.9,109.4
2026-07-30 18:00:00,WP122026,49,2026-08-08 06:00:00,8 days 12:00:00,204,29.0,127.75,951.6,105.5
2026-07-30 18:00:00,WP122026,49,2026-08-08 12:00:00,8 days 18:00:00,210,29.63,126.63,953.8,103.1
2026-07-30 18:00:00,WP122026,49,2026-08-08 18:00:00,9 days 00:00:00,216,30.25,125.5,956.1,100.6
2026-07-30 18:00:00,WP122026,49,2026-08-09 00:00:00,9 days 06:00:00,222,31.13,124.39,956.6,100.1
2026-07-30 18:00:00,WP122026,49,2026-08-09 06:00:00,9 days 12:00:00,228,32.0,123.25,957.1,99.5
2026-07-30 18:00:00,WP122026,49,2026-08-09 12:00:00,9 days 18:00:00,234,32.63,122.38,962.6,93.2
2026-07-30 18:00:00,WP122026,49,2026-08-09 18:00:00,10 days 00:00:00,240,33.25,121.5,968.2,86.8
2026-07-30 18:00:00,WP122026,49,2026-08-10 00:00:00,10 days 06:00:00,246,34.13,121.25,972.0,82.2
2026-07-30 18:00:00,WP122026,49,2026-08-10 06:00:00,10 days 12:00:00,252,35.0,121.0,975.7,77.6
2026-07-30 18:00:00,WP122026,49,2026-08-10 12:00:00,10 days 18:00:00,258,35.63,121.12,978.1,74.7
2026-07-30 18:00:00,WP122026,49,2026-08-10 18:00:00,11 days 00:00:00,264,36.25,121.25,980.4,71.7
2026-07-30 18:00:00,WP122026,49,2026-08-11 00:00:00,11 days 06:00:00,270,36.75,122.12,981.3,70.5
2026-07-30 18:00:00,WP122026,49,2026-08-11 06:00:00,11 days 12:00:00,276,37.25,123.0,982.2,69.3
2026-07-30 18:00:00,WP122026,49,2026-08-11 12:00:00,11 days 18:00:00,282,37.13,123.5,981.6,70.1
2026-07-30 18:00:00,WP122026,49,2026-08-11 18:00:00,12 days 00:00:00,288,37.0,124.0,981.1,70.8
2026-07-30 18:00:00,WP122026,49,2026-08-12 00:00:00,12 days 06:00:00,294,36.63,124.25,981.9,69.8
2026-07-30 18:00:00,WP122026,49,2026-08-12 06:00:00,12 days 12:00:00,300,36.25,124.5,982.7,68.7
2026-07-30 18:00:00,WP122026,49,2026-08-12 12:00:00,12 days 18:00:00,306,36.25,124.5,983.4,67.7
2026-07-30 18:00:00,WP122026,49,2026-08-12 18:00:00,13 days 00:00:00,312,36.25,124.5,984.2,66.8
2026-07-30 18:00:00,WP122026,49,2026-08-13 00:00:00,13 days 06:00:00,318,36.25,124.75,985.0,65.7
2026-07-30 18:00:00,WP122026,49,2026-08-13 06:00:00,13 days 12:00:00,324,36.25,125.0,985.7,64.6
2026-07-30 18:00:00,WP122026,49,2026-08-13 12:00:00,13 days 18:00:00,330,36.0,125.0,987.3,62.5
2026-07-30 18:00:00,WP122026,49,2026-08-13 18:00:00,14 days 00:00:00,336,35.75,125.0,988.9,60.4
2026-07-30 18:00:00,WP122026,49,2026-08-14 00:00:00,14 days 06:00:00,342,36.25,125.37,989.3,59.7
2026-07-30 18:00:00,WP122026,49,2026-08-14 06:00:00,14 days 12:00:00,348,36.75,125.75,989.8,59.0
2026-07-30 18:00:00,WP122026,49,2026-08-14 12:00:00,14 days 18:00:00,354,37.63,126.12,991.9,55.9
2026-07-30 18:00:00,WP122026,49,2026-08-14 18:00:00,15 days 00:00:00,360,38.5,126.5,994.1,52.9
2026-07-30 18:00:00,EP072026,5,2026-07-30 18:00:00,0 days 00:00:00,0,20.5,-124.25,987.6,62.1
2026-07-30 18:00:00,EP072026,5,2026-07-31 00:00:00,0 days 06:00:00,6,20.88,-125.5,988.7,60.5
2026-07-30 18:00:00,EP072026,5,2026-07-31 06:00:00,0 days 12:00:00,12,21.25,-126.75,989.8,59.0
2026-07-30 18:00:00,EP072026,5,2026-07-31 12:00:00,0 days 18:00:00,18,21.76,-128.24,993.4,53.8
2026-07-30 18:00:00,EP072026,5,2026-07-31 18:00:00,1 days 00:00:00,24,22.25,-129.75,996.9,48.5
2026-07-30 18:00:00,EP072026,5,2026-08-01 00:00:00,1 days 06:00:00,30,22.5,-130.87,999.2,44.8
2026-07-30 18:00:00,EP072026,5,2026-08-01 06:00:00,1 days 12:00:00,36,22.75,-132.0,1001.5,41.2
2026-07-30 18:00:00,EP072026,5,2026-08-01 12:00:00,1 days 18:00:00,42,23.26,-133.49,1003.3,38.0
2026-07-30 18:00:00,EP072026,5,2026-08-01 18:00:00,2 days 00:00:00,48,23.75,-135.0,1005.1,34.9
2026-07-30 18:00:00,EP072026,5,2026-08-02 00:00:00,2 days 06:00:00,54,24.01,-136.25,1007.2,31.0
2026-07-30 18:00:00,EP072026,5,2026-08-02 06:00:00,2 days 12:00:00,60,24.25,-137.5,1009.2,27.0
2026-07-30 18:00:00,EP072026,5,2026-08-02 12:00:00,2 days 18:00:00,66,24.88,-139.12,1008.9,27.6
2026-07-30 18:00:00,EP072026,5,2026-08-02 18:00:00,3 days 00:00:00,72,25.5,-140.75,1008.6,28.3
2026-07-30 18:00:00,EP072026,5,2026-08-03 00:00:00,3 days 06:00:00,78,25.75,-141.75,1007.7,30.1
2026-07-30 18:00:00,EP072026,5,2026-08-03 06:00:00,3 days 12:00:00,84,26.0,-142.75,1006.7,31.9
2026-07-30 18:00:00,WP122026,5,2026-07-30 18:00:00,0 days 00:00:00,0,17.75,162.75,951.7,105.4
2026-07-30 18:00:00,WP122026,5,2026-07-31 00:00:00,0 days 06:00:00,6,18.25,161.88,952.7,104.3
2026-07-30 18:00:00,WP122026,5,2026-07-31 06:00:00,0 days 12:00:00,12,18.75,161.0,953.7,103.2
2026-07-30 18:00:00,WP122026,5,2026-07-31 12:00:00,0 days 18:00:00,18,19.13,160.13,955.1,101.7
2026-07-30 18:00:00,WP122026,5,2026-07-31 18:00:00,1 days 00:00:00,24,19.5,159.25,956.4,100.2
2026-07-30 18:00:00,WP122026,5,2026-08-01 00:00:00,1 days 06:00:00,30,20.0,158.38,955.2,101.5
2026-07-30 18:00:00,WP122026,5,2026-08-01 06:00:00,1 days 12:00:00,36,20.5,157.5,954.1,102.8
2026-07-30 18:00:00,WP122026,5,2026-08-01 12:00:00,1 days 18:00:00,42,21.25,156.51,954.9,101.9
2026-07-30 18:00:00,WP122026,5,2026-08-01 18:00:00,2 days 00:00:00,48,22.0,155.5,955.7,101.0
2026-07-30 18:00:00,WP122026,5,2026-08-02 00:00:00,2 days 06:00:00,54,22.88,154.26,954.0,102.8
2026-07-30 18:00:00,WP122026,5,2026-08-02 06:00:00,2 days 12:00:00,60,23.75,153.0,952.4,104.7
2026-07-30 18:00:00,WP122026,5,2026-08-02 12:00:00,2 days 18:00:00,66,24.01,151.75,952.1,104.9
2026-07-30 18:00:00,WP122026,5,2026-08-02 18:00:00,3 days 00:00:00,72,24.25,150.5,951.9,105.2
2026-07-30 18:00:00,WP122026,5,2026-08-03 00:00:00,3 days 06:00:00,78,24.63,149.38,952.8,104.2
2026-07-30 18:00:00,WP122026,5,2026-08-03 06:00:00,3 days 12:00:00,84,25.0,148.25,953.6,103.3
2026-07-30 18:00:00,WP122026,5,2026-08-03 12:00:00,3 days 18:00:00,90,25.26,147.0,953.2,103.8
2026-07-30 18:00:00,WP122026,5,2026-08-03 18:00:00,4 days 00:00:00,96,25.5,145.75,952.7,104.3
2026-07-30 18:00:00,WP122026,5,2026-08-04 00:00:00,4 days 06:00:00,102,25.63,144.88,950.5,106.7
2026-07-30 18:00:00,WP122026,5,2026-08-04 06:00:00,4 days 12:00:00,108,25.75,144.0,948.3,109.0
2026-07-30 18:00:00,WP122026,5,2026-08-04 12:00:00,4 days 18:00:00,114,25.88,142.88,946.6,110.9
2026-07-30 18:00:00,WP122026,5,2026-08-04 18:00:00,5 days 00:00:00,120,26.0,141.75,944.8,112.7
2026-07-30 18:00:00,WP122026,5,2026-08-05 00:00:00,5 days 06:00:00,126,25.88,141.12,946.5,110.9
2026-07-30 18:00:00,WP122026,5,2026-08-05 06:00:00,5 days 12:00:00,132,25.75,140.5,948.2,109.1
2026-07-30 18:00:00,WP122026,5,2026-08-05 12:00:00,5 days 18:00:00,138,25.88,139.25,950.8,106.3
2026-07-30 18:00:00,WP122026,5,2026-08-05 18:00:00,6 days 00:00:00,144,26.0,138.0,953.5,103.5
2026-07-30 18:00:00,WP122026,5,2026-08-06 00:00:00,6 days 06:00:00,150,26.38,136.75,956.4,100.2
2026-07-30 18:00:00,WP122026,5,2026-08-06 06:00:00,6 days 12:00:00,156,26.75,135.5,959.4,96.9
2026-07-30 18:00:00,WP122026,5,2026-08-06 12:00:00,6 days 18:00:00,162,27.38,134.01,962.1,93.8
2026-07-30 18:00:00,WP122026,5,2026-08-06 18:00:00,7 days 00:00:00,168,28.0,132.5,964.8,90.7
2026-07-30 18:00:00,WP122026,5,2026-08-07 00:00:00,7 days 06:00:00,174,28.01,130.88,966.3,89.0
2026-07-30 18:00:00,WP122026,5,2026-08-07 06:00:00,7 days 12:00:00,180,28.0,129.25,967.7,87.3
2026-07-30 18:00:00,WP122026,5,2026-08-07 12:00:00,7 days 18:00:00,186,28.01,128.0,968.7,86.2
2026-07-30 18:00:00,WP122026,5,2026-08-07 18:00:00,8 days 00:00:00,192,28.0,126.75,969.6,85.1
2026-07-30 18:00:00,WP122026,5,2026-08-08 00:00:00,8 days 06:00:00,198,27.88,125.87,969.7,85.0
2026-07-30 18:00:00,WP122026,5,2026-08-08 06:00:00,8 days 12:00:00,204,27.75,125.0,969.7,85.0
2026-07-30 18:00:00,WP122026,5,2026-08-08 12:00:00,8 days 18:00:00,210,28.0,124.75,970.8,83.7
2026-07-30 18:00:00,WP122026,5,2026-08-08 18:00:00,9 days 00:00:00,216,28.25,124.5,971.9,82.4
2026-07-30 18:00:00,WP122026,5,2026-08-09 00:00:00,9 days 06:00:00,222,28.5,124.13,972.2,82.0
2026-07-30 18:00:00,WP122026,5,2026-08-09 06:00:00,9 days 12:00:00,228,28.75,123.75,972.5,81.6
2026-07-30 18:00:00,WP122026,5,2026-08-09 12:00:00,9 days 18:00:00,234,28.88,123.75,973.0,81.0
2026-07-30 18:00:00,WP122026,5,2026-08-09 18:00:00,10 days 00:00:00,240,29.0,123.75,973.5,80.3
2026-07-30 18:00:00,WP122026,5,2026-08-10 00:00:00,10 days 06:00:00,246,29.12,123.75,974.4,79.3
2026-07-30 18:00:00,WP122026,5,2026-08-10 06:00:00,10 days 12:00:00,252,29.25,123.75,975.3,78.2
2026-07-30 18:00:00,WP122026,5,2026-08-10 12:00:00,10 days 18:00:00,258,29.63,124.12,977.3,75.7
2026-07-30 18:00:00,WP122026,5,2026-08-10 18:00:00,11 days 00:00:00,264,30.0,124.5,979.3,73.2
2026-07-30 18:00:00,WP122026,5,2026-08-11 00:00:00,11 days 06:00:00,270,30.75,125.24,981.0,70.9
2026-07-30 18:00:00,WP122026,5,2026-08-11 06:00:00,11 days 12:00:00,276,31.5,126.0,982.7,68.6
2026-07-30 18:00:00,WP122026,5,2026-08-11 12:00:00,11 days 18:00:00,282,32.38,125.88,983.5,67.7
2026-07-30 18:00:00,WP122026,5,2026-08-11 18:00:00,12 days 00:00:00,288,33.25,125.75,984.2,66.7
2026-07-30 18:00:00,WP122026,5,2026-08-12 00:00:00,12 days 06:00:00,294,34.13,126.0,982.5,68.9
2026-07-30 18:00:00,WP122026,5,2026-08-12 06:00:00,12 days 12:00:00,300,35.0,126.25,980.8,71.2
2026-07-30 18:00:00,WP122026,5,2026-08-12 12:00:00,12 days 18:00:00,306,34.75,126.88,981.3,70.5
2026-07-30 18:00:00,WP122026,5,2026-08-12 18:00:00,13 days 00:00:00,312,34.5,127.5,981.9,69.8
2026-07-30 18:00:00,WP122026,5,2026-08-13 00:00:00,13 days 06:00:00,318,35.5,127.5,982.5,68.9
2026-07-30 18:00:00,WP122026,5,2026-08-13 06:00:00,13 days 12:00:00,324,36.5,127.5,983.2,68.0
2026-07-30 18:00:00,WP122026,5,2026-08-13 12:00:00,13 days 18:00:00,330,35.35,130.43,983.6,67.5
2026-07-30 18:00:00,WP122026,5,2026-08-13 18:00:00,14 days 00:00:00,336,34.13,133.29,984.0,66.9
2026-07-30 18:00:00,WP122026,5,2026-08-14 00:00:00,14 days 06:00:00,342,32.84,136.07,984.5,66.4
2026-07-30 18:00:00,WP122026,5,2026-08-14 06:00:00,14 days 12:00:00,348,31.5,138.75,984.9,65.8
2026-07-30 18:00:00,WP122026,5,2026-08-14 12:00:00,14 days 18:00:00,354,31.89,137.13,985.5,65.0
2026-07-30 18:00:00,WP122026,5,2026-08-14 18:00:00,15 days 00:00:00,360,32.25,135.5,986.1,64.1
2026-07-30 18:00:00,EP072026,6,2026-07-30 18:00:00,0 days 00:00:00,0,20.5,-124.25,987.6,62.1
2026-07-30 18:00:00,EP072026,6,2026-07-31 00:00:00,0 days 06:00:00,6,20.88,-125.5,989.7,59.1
2026-07-30 18:00:00,EP072026,6,2026-07-31 06:00:00,0 days 12:00:00,12,21.25,-126.75,991.8,56.2
2026-07-30 18:00:00,EP072026,6,2026-07-31 12:00:00,0 days 18:00:00,18,21.51,-128.12,994.5,52.1
2026-07-30 18:00:00,EP072026,6,2026-07-31 18:00:00,1 days 00:00:00,24,21.75,-129.5,997.2,48.1
2026-07-30 18:00:00,EP072026,6,2026-08-01 00:00:00,1 days 06:00:00,30,22.01,-130.87,998.5,46.0
2026-07-30 18:00:00,EP072026,6,2026-08-01 06:00:00,1 days 12:00:00,36,22.25,-132.25,999.9,43.8
2026-07-30 18:00:00,EP072026,6,2026-08-01 12:00:00,1 days 18:00:00,42,22.76,-133.74,1001.9,40.4
2026-07-30 18:00:00,EP072026,6,2026-08-01 18:00:00,2 days 00:00:00,48,23.25,-135.25,1003.9,37.1
2026-07-30 18:00:00,EP072026,6,2026-08-02 00:00:00,2 days 06:00:00,54,23.63,-136.75,1006.0,33.1
2026-07-30 18:00:00,EP072026,6,2026-08-02 06:00:00,2 days 12:00:00,60,24.0,-138.25,1008.2,29.1
2026-07-30 18:00:00,EP072026,6,2026-08-02 12:00:00,2 days 18:00:00,66,24.46,-139.73,1008.5,28.4
2026-07-30 18:00:00,EP072026,6,2026-08-02 18:00:00,3 days 00:00:00,72,24.9,-141.23,1008.9,27.8
2026-07-30 18:00:00,EP072026,6,2026-08-03 00:00:00,3 days 06:00:00,78,25.34,-142.74,1009.2,27.1
2026-07-30 18:00:00,EP072026,6,2026-08-03 06:00:00,3 days 12:00:00,84,25.75,-144.25,1009.6,26.4
2026-07-30 18:00:00,WP122026,6,2026-07-30 18:00:00,0 days 00:00:00,0,17.75,162.75,951.7,105.4
2026-07-30 18:00:00,WP122026,6,2026-07-31 00:00:00,0 days 06:00:00,6,18.25,161.88,953.9,102.9
2026-07-30 18:00:00,WP122026,6,2026-07-31 06:00:00,0 days 12:00:00,12,18.75,161.0,956.2,100.5
2026-07-30 18:00:00,WP122026,6,2026-07-31 12:00:00,0 days 18:00:00,18,19.38,160.38,956.0,100.7
2026-07-30 18:00:00,WP122026,6,2026-07-31 18:00:00,1 days 00:00:00,24,20.0,159.75,955.8,100.9
2026-07-30 18:00:00,WP122026,6,2026-08-01 00:00:00,1 days 06:00:00,30,20.63,158.88,955.0,101.8
2026-07-30 18:00:00,WP122026,6,2026-08-01 06:00:00,1 days 12:00:00,36,21.25,158.0,954.2,102.6
2026-07-30 18:00:00,WP122026,6,2026-08-01 12:00:00,1 days 18:00:00,42,22.13,156.76,953.6,103.3
2026-07-30 18:00:00,WP122026,6,2026-08-01 18:00:00,2 days 00:00:00,48,23.0,155.5,953.0,104.0
2026-07-30 18:00:00,WP122026,6,2026-08-02 00:00:00,2 days 06:00:00,54,23.76,154.26,952.0,105.1
2026-07-30 18:00:00,WP122026,6,2026-08-02 06:00:00,2 days 12:00:00,60,24.5,153.0,950.9,106.2
2026-07-30 18:00:00,WP122026,6,2026-08-02 12:00:00,2 days 18:00:00,66,24.88,151.75,954.7,102.1
2026-07-30 18:00:00,WP122026,6,2026-08-02 18:00:00,3 days 00:00:00,72,25.25,150.5,958.4,98.0
2026-07-30 18:00:00,WP122026,6,2026-08-03 00:00:00,3 days 06:00:00,78,25.5,149.38,954.8,102.0
2026-07-30 18:00:00,WP122026,6,2026-08-03 06:00:00,3 days 12:00:00,84,25.75,148.25,951.2,106.0
2026-07-30 18:00:00,WP122026,6,2026-08-03 12:00:00,3 days 18:00:00,90,25.88,147.13,953.7,103.1
2026-07-30 18:00:00,WP122026,6,2026-08-03 18:00:00,4 days 00:00:00,96,26.0,146.0,956.3,100.3
2026-07-30 18:00:00,WP122026,6,2026-08-04 00:00:00,4 days 06:00:00,102,26.25,145.0,953.5,103.5
2026-07-30 18:00:00,WP122026,6,2026-08-04 06:00:00,4 days 12:00:00,108,26.5,144.0,950.6,106.6
2026-07-30 18:00:00,WP122026,6,2026-08-04 12:00:00,4 days 18:00:00,114,26.88,142.5,954.4,102.3
2026-07-30 18:00:00,WP122026,6,2026-08-04 18:00:00,5 days 00:00:00,120,27.25,141.0,958.3,98.1
2026-07-30 18:00:00,WP122026,6,2026-08-05 00:00:00,5 days 06:00:00,126,27.88,139.38,961.1,95.0
2026-07-30 18:00:00,WP122026,6,2026-08-05 06:00:00,5 days 12:00:00,132,28.5,137.75,963.8,91.8
2026-07-30 18:00:00,WP122026,6,2026-08-05 12:00:00,5 days 18:00:00,138,28.64,135.5,965.7,89.7
2026-07-30 18:00:00,WP122026,6,2026-08-05 18:00:00,6 days 00:00:00,144,28.75,133.25,967.5,87.5
2026-07-30 18:00:00,WP122026,6,2026-08-06 00:00:00,6 days 06:00:00,150,29.26,131.63,967.2,87.9
2026-07-30 18:00:00,WP122026,6,2026-08-06 06:00:00,6 days 12:00:00,156,29.75,130.0,966.9,88.3
2026-07-30 18:00:00,WP122026,6,2026-08-06 12:00:00,6 days 18:00:00,162,30.26,128.38,967.4,87.7
2026-07-30 18:00:00,WP122026,6,2026-08-06 18:00:00,7 days 00:00:00,168,30.75,126.75,968.0,87.0
2026-07-30 18:00:00,WP122026,6,2026-08-07 00:00:00,7 days 06:00:00,174,31.01,125.13,971.2,83.1
2026-07-30 18:00:00,WP122026,6,2026-08-07 06:00:00,7 days 12:00:00,180,31.25,123.5,974.5,79.1
2026-07-30 18:00:00,WP122026,6,2026-08-07 12:00:00,7 days 18:00:00,186,31.88,122.63,974.5,79.1
2026-07-30 18:00:00,WP122026,6,2026-08-07 18:00:00,8 days 00:00:00,192,32.5,121.75,974.5,79.1
2026-07-30 18:00:00,WP122026,6,2026-08-08 00:00:00,8 days 06:00:00,198,32.88,120.63,977.0,76.0
2026-07-30 18:00:00,WP122026,6,2026-08-08 06:00:00,8 days 12:00:00,204,33.25,119.5,979.4,73.0
2026-07-30 18:00:00,WP122026,6,2026-08-08 12:00:00,8 days 18:00:00,210,33.63,119.0,982.4,69.1
2026-07-30 18:00:00,WP122026,6,2026-08-08 18:00:00,9 days 00:00:00,216,34.0,118.5,985.4,65.1
2026-07-30 18:00:00,WP122026,6,2026-08-09 00:00:00,9 days 06:00:00,222,34.25,118.25,988.2,61.3
2026-07-30 18:00:00,WP122026,6,2026-08-09 06:00:00,9 days 12:00:00,228,34.5,118.0,990.9,57.4
2026-07-30 18:00:00,WP122026,6,2026-08-09 12:00:00,9 days 18:00:00,234,34.38,117.12,992.2,55.5
2026-07-30 18:00:00,WP122026,6,2026-08-09 18:00:00,10 days 00:00:00,240,34.25,116.25,993.5,53.6
2026-07-30 18:00:00,WP122026,6,2026-08-10 00:00:00,10 days 06:00:00,246,34.38,116.0,994.8,51.7
2026-07-30 18:00:00,WP122026,6,2026-08-10 06:00:00,10 days 12:00:00,252,34.5,115.75,996.1,49.8
2026-07-30 18:00:00,WP122026,6,2026-08-10 12:00:00,10 days 18:00:00,258,34.63,115.87,997.2,48.1
2026-07-30 18:00:00,WP122026,6,2026-08-10 18:00:00,11 days 00:00:00,264,34.75,116.0,998.2,46.4
2026-07-30 18:00:00,EP072026,7,2026-07-30 18:00:00,0 days 00:00:00,0,20.5,-124.25,987.6,62.1
2026-07-30 18:00:00,EP072026,7,2026-07-31 00:00:00,0 days 06:00:00,6,20.88,-125.5,990.4,58.1
2026-07-30 18:00:00,EP072026,7,2026-07-31 06:00:00,0 days 12:00:00,12,21.25,-126.75,993.2,54.1
2026-07-30 18:00:00,EP072026,7,2026-07-31 12:00:00,0 days 18:00:00,18,21.63,-128.12,995.8,50.2
2026-07-30 18:00:00,EP072026,7,2026-07-31 18:00:00,1 days 00:00:00,24,22.0,-129.5,998.4,46.2
2026-07-30 18:00:00,EP072026,7,2026-08-01 00:00:00,1 days 06:00:00,30,22.38,-130.87,998.7,45.7
2026-07-30 18:00:00,EP072026,7,2026-08-01 06:00:00,1 days 12:00:00,36,22.75,-132.25,999.1,45.1
2026-07-30 18:00:00,EP072026,7,2026-08-01 12:00:00,1 days 18:00:00,42,23.13,-133.87,1000.2,43.4
2026-07-30 18:00:00,EP072026,7,2026-08-01 18:00:00,2 days 00:00:00,48,23.5,-135.5,1001.2,41.6
2026-07-30 18:00:00,EP072026,7,2026-08-02 00:00:00,2 days 06:00:00,54,23.88,-137.12,1004.1,36.5
2026-07-30 18:00:00,EP072026,7,2026-08-02 06:00:00,2 days 12:00:00,60,24.25,-138.75,1007.0,31.4
2026-07-30 18:00:00,EP072026,7,2026-08-02 12:00:00,2 days 18:00:00,66,25.0,-139.87,1007.9,29.8
2026-07-30 18:00:00,EP072026,7,2026-08-02 18:00:00,3 days 00:00:00,72,25.75,-141.0,1008.7,28.1
2026-07-30 18:00:00,EP072026,7,2026-08-03 00:00:00,3 days 06:00:00,78,26.13,-142.25,1008.2,29.1
2026-07-30 18:00:00,EP072026,7,2026-08-03 06:00:00,3 days 12:00:00,84,26.5,-143.5,1007.7,30.1
2026-07-30 18:00:00,EP072026,7,2026-08-03 12:00:00,3 days 18:00:00,90,27.25,-144.49,1008.7,28.2
2026-07-30 18:00:00,EP072026,7,2026-08-03 18:00:00,4 days 00:00:00,96,28.0,-145.5,1009.6,26.3
2026-07-30 18:00:00,WP122026,7,2026-07-30 18:00:00,0 days 00:00:00,0,17.75,162.75,951.7,105.4
2026-07-30 18:00:00,WP122026,7,2026-07-31 00:00:00,0 days 06:00:00,6,18.25,161.88,955.9,100.7
2026-07-30 18:00:00,WP122026,7,2026-07-31 06:00:00,0 days 12:00:00,12,18.75,161.0,960.2,96.0
2026-07-30 18:00:00,WP122026,7,2026-07-31 12:00:00,0 days 18:00:00,18,19.38,160.25,960.0,96.2
2026-07-30 18:00:00,WP122026,7,2026-07-31 18:00:00,1 days 00:00:00,24,20.0,159.5,959.9,96.3
2026-07-30 18:00:00,WP122026,7,2026-08-01 00:00:00,1 days 06:00:00,30,20.63,158.5,958.5,97.9
2026-07-30 18:00:00,WP122026,7,2026-08-01 06:00:00,1 days 12:00:00,36,21.25,157.5,957.1,99.4
2026-07-30 18:00:00,WP122026,7,2026-08-01 12:00:00,1 days 18:00:00,42,21.75,156.63,955.3,101.4
2026-07-30 18:00:00,WP122026,7,2026-08-01 18:00:00,2 days 00:00:00,48,22.25,155.75,953.6,103.4
2026-07-30 18:00:00,WP122026,7,2026-08-02 00:00:00,2 days 06:00:00,54,23.01,154.26,951.6,105.5
2026-07-30 18:00:00,WP122026,7,2026-08-02 06:00:00,2 days 12:00:00,60,23.75,152.75,949.6,107.7
2026-07-30 18:00:00,WP122026,7,2026-08-02 12:00:00,2 days 18:00:00,66,23.88,151.63,949.9,107.3
2026-07-30 18:00:00,WP122026,7,2026-08-02 18:00:00,3 days 00:00:00,72,24.0,150.5,950.2,107.0
2026-07-30 18:00:00,WP122026,7,2026-08-03 00:00:00,3 days 06:00:00,78,24.38,149.25,951.2,105.9
2026-07-30 18:00:00,WP122026,7,2026-08-03 06:00:00,3 days 12:00:00,84,24.75,148.0,952.2,104.8
2026-07-30 18:00:00,WP122026,7,2026-08-03 12:00:00,3 days 18:00:00,90,24.75,146.88,952.2,104.9
2026-07-30 18:00:00,WP122026,7,2026-08-03 18:00:00,4 days 00:00:00,96,24.75,145.75,952.1,104.9
2026-07-30 18:00:00,WP122026,7,2026-08-04 00:00:00,4 days 06:00:00,102,24.88,144.63,952.7,104.3
2026-07-30 18:00:00,WP122026,7,2026-08-04 06:00:00,4 days 12:00:00,108,25.0,143.5,953.3,103.7
2026-07-30 18:00:00,WP122026,7,2026-08-04 12:00:00,4 days 18:00:00,114,24.88,141.87,956.9,99.6
2026-07-30 18:00:00,WP122026,7,2026-08-04 18:00:00,5 days 00:00:00,120,24.75,140.25,960.5,95.6
2026-07-30 18:00:00,WP122026,7,2026-08-05 00:00:00,5 days 06:00:00,126,25.01,138.88,959.9,96.3
2026-07-30 18:00:00,WP122026,7,2026-08-05 06:00:00,5 days 12:00:00,132,25.25,137.5,959.3,97.0
2026-07-30 18:00:00,WP122026,7,2026-08-05 12:00:00,5 days 18:00:00,138,25.26,136.12,956.3,100.3
2026-07-30 18:00:00,WP122026,7,2026-08-05 18:00:00,6 days 00:00:00,144,25.25,134.75,953.3,103.6
2026-07-30 18:00:00,WP122026,7,2026-08-06 00:00:00,6 days 06:00:00,150,25.51,133.5,954.2,102.7
2026-07-30 18:00:00,WP122026,7,2026-08-06 06:00:00,6 days 12:00:00,156,25.75,132.25,955.0,101.7
2026-07-30 18:00:00,WP122026,7,2026-08-06 12:00:00,6 days 18:00:00,162,26.13,130.75,954.9,101.9
2026-07-30 18:00:00,WP122026,7,2026-08-06 18:00:00,7 days 00:00:00,168,26.5,129.25,954.7,102.1
2026-07-30 18:00:00,WP122026,7,2026-08-07 00:00:00,7 days 06:00:00,174,26.51,127.88,957.4,99.1
2026-07-30 18:00:00,WP122026,7,2026-08-07 06:00:00,7 days 12:00:00,180,26.5,126.5,960.2,96.0
2026-07-30 18:00:00,WP122026,7,2026-08-07 12:00:00,7 days 18:00:00,186,26.51,125.25,958.8,97.5
2026-07-30 18:00:00,WP122026,7,2026-08-07 18:00:00,8 days 00:00:00,192,26.5,124.0,957.5,99.0
2026-07-30 18:00:00,WP122026,7,2026-08-08 00:00:00,8 days 06:00:00,198,27.0,123.13,960.3,95.8
2026-07-30 18:00:00,WP122026,7,2026-08-08 06:00:00,8 days 12:00:00,204,27.5,122.25,963.1,92.7
2026-07-30 18:00:00,WP122026,7,2026-08-08 12:00:00,8 days 18:00:00,210,27.64,120.38,969.4,85.1
2026-07-30 18:00:00,WP122026,7,2026-08-08 18:00:00,9 days 00:00:00,216,27.75,118.5,975.8,77.6
2026-07-30 18:00:00,WP122026,7,2026-08-09 00:00:00,9 days 06:00:00,222,28.13,117.63,979.5,72.8
2026-07-30 18:00:00,WP122026,7,2026-08-09 06:00:00,9 days 12:00:00,228,28.5,116.75,983.2,68.1
2026-07-30 18:00:00,WP122026,7,2026-08-09 12:00:00,9 days 18:00:00,234,28.5,115.88,985.8,64.5
2026-07-30 18:00:00,WP122026,7,2026-08-09 18:00:00,10 days 00:00:00,240,28.5,115.0,988.4,60.9
2026-07-30 18:00:00,WP122026,7,2026-08-10 00:00:00,10 days 06:00:00,246,29.25,114.75,990.3,58.4
2026-07-30 18:00:00,WP122026,7,2026-08-10 06:00:00,10 days 12:00:00,252,30.0,114.5,992.1,55.8
2026-07-30 18:00:00,WP122026,7,2026-08-10 12:00:00,10 days 18:00:00,258,30.5,114.75,992.4,55.3
2026-07-30 18:00:00,WP122026,7,2026-08-10 18:00:00,11 days 00:00:00,264,31.0,115.0,992.8,54.8
2026-07-30 18:00:00,WP122026,7,2026-08-11 00:00:00,11 days 06:00:00,270,33.4,117.19,991.4,56.8
2026-07-30 18:00:00,WP122026,7,2026-08-11 06:00:00,11 days 12:00:00,276,35.75,119.5,990.0,58.7
2026-07-30 18:00:00,WP122026,7,2026-08-11 12:00:00,11 days 18:00:00,282,36.88,119.62,987.4,62.3
2026-07-30 18:00:00,WP122026,7,2026-08-11 18:00:00,12 days 00:00:00,288,38.0,119.75,984.8,65.9
2026-07-30 18:00:00,EP072026,8,2026-07-30 18:00:00,0 days 00:00:00,0,20.5,-124.25,987.6,62.1
2026-07-30 18:00:00,EP072026,8,2026-07-31 00:00:00,0 days 06:00:00,6,20.88,-125.62,990.1,58.6
2026-07-30 18:00:00,EP072026,8,2026-07-31 06:00:00,0 days 12:00:00,12,21.25,-127.0,992.6,55.0
2026-07-30 18:00:00,EP072026,8,2026-07-31 12:00:00,0 days 18:00:00,18,21.51,-128.37,994.3,52.5
2026-07-30 18:00:00,EP072026,8,2026-07-31 18:00:00,1 days 00:00:00,24,21.75,-129.75,996.0,50.0
2026-07-30 18:00:00,EP072026,8,2026-08-01 00:00:00,1 days 06:00:00,30,22.13,-131.0,996.8,48.8
2026-07-30 18:00:00,EP072026,8,2026-08-01 06:00:00,1 days 12:00:00,36,22.5,-132.25,997.5,47.5
2026-07-30 18:00:00,EP072026,8,2026-08-01 12:00:00,1 days 18:00:00,42,22.88,-133.75,999.8,43.9
2026-07-30 18:00:00,EP072026,8,2026-08-01 18:00:00,2 days 00:00:00,48,23.25,-135.25,1002.1,40.2
2026-07-30 18:00:00,EP072026,8,2026-08-02 00:00:00,2 days 06:00:00,54,23.63,-136.75,1004.0,36.9
2026-07-30 18:00:00,EP072026,8,2026-08-02 06:00:00,2 days 12:00:00,60,24.0,-138.25,1005.9,33.5
2026-07-30 18:00:00,EP072026,8,2026-08-02 12:00:00,2 days 18:00:00,66,24.38,-139.87,1005.0,35.1
2026-07-30 18:00:00,EP072026,8,2026-08-02 18:00:00,3 days 00:00:00,72,24.75,-141.5,1004.1,36.7
2026-07-30 18:00:00,EP072026,8,2026-08-03 00:00:00,3 days 06:00:00,78,25.13,-142.62,1004.2,36.6
2026-07-30 18:00:00,EP072026,8,2026-08-03 06:00:00,3 days 12:00:00,84,25.5,-143.75,1004.2,36.5
2026-07-30 18:00:00,EP072026,8,2026-08-03 12:00:00,3 days 18:00:00,90,25.88,-144.37,1003.8,37.3
2026-07-30 18:00:00,EP072026,8,2026-08-03 18:00:00,4 days 00:00:00,96,26.25,-145.0,1003.3,38.2
2026-07-30 18:00:00,EP072026,8,2026-08-04 00:00:00,4 days 06:00:00,102,26.88,-145.5,1005.4,34.2
2026-07-30 18:00:00,EP072026,8,2026-08-04 06:00:00,4 days 12:00:00,108,27.5,-146.0,1007.6,30.3
2026-07-30 18:00:00,WP122026,8,2026-07-30 18:00:00,0 days 00:00:00,0,17.75,162.75,951.7,105.4
2026-07-30 18:00:00,WP122026,8,2026-07-31 00:00:00,0 days 06:00:00,6,18.25,161.88,953.8,103.1
2026-07-30 18:00:00,WP122026,8,2026-07-31 06:00:00,0 days 12:00:00,12,18.75,161.0,955.9,100.8
2026-07-30 18:00:00,WP122026,8,2026-07-31 12:00:00,0 days 18:00:00,18,19.38,160.25,954.7,102.2
2026-07-30 18:00:00,WP122026,8,2026-07-31 18:00:00,1 days 00:00:00,24,20.0,159.5,953.4,103.5
2026-07-30 18:00:00,WP122026,8,2026-08-01 00:00:00,1 days 06:00:00,30,20.5,158.38,953.1,103.9
2026-07-30 18:00:00,WP122026,8,2026-08-01 06:00:00,1 days 12:00:00,36,21.0,157.25,952.7,104.3
2026-07-30 18:00:00,WP122026,8,2026-08-01 12:00:00,1 days 18:00:00,42,21.38,156.25,954.0,102.8
2026-07-30 18:00:00,WP122026,8,2026-08-01 18:00:00,2 days 00:00:00,48,21.75,155.25,955.3,101.4
2026-07-30 18:00:00,WP122026,8,2026-08-02 00:00:00,2 days 06:00:00,54,22.63,154.13,953.2,103.7
2026-07-30 18:00:00,WP122026,8,2026-08-02 06:00:00,2 days 12:00:00,60,23.5,153.0,951.1,106.1
2026-07-30 18:00:00,WP122026,8,2026-08-02 12:00:00,2 days 18:00:00,66,23.76,151.63,949.9,107.3
2026-07-30 18:00:00,WP122026,8,2026-08-02 18:00:00,3 days 00:00:00,72,24.0,150.25,948.7,108.6
2026-07-30 18:00:00,WP122026,8,2026-08-03 00:00:00,3 days 06:00:00,78,24.5,149.13,951.9,105.1
2026-07-30 18:00:00,WP122026,8,2026-08-03 06:00:00,3 days 12:00:00,84,25.0,148.0,955.1,101.7
2026-07-30 18:00:00,WP122026,8,2026-08-03 12:00:00,3 days 18:00:00,90,25.25,146.88,956.6,100.0
2026-07-30 18:00:00,WP122026,8,2026-08-03 18:00:00,4 days 00:00:00,96,25.5,145.75,958.1,98.3
2026-07-30 18:00:00,WP122026,8,2026-08-04 00:00:00,4 days 06:00:00,102,25.5,144.75,957.8,98.7
2026-07-30 18:00:00,WP122026,8,2026-08-04 06:00:00,4 days 12:00:00,108,25.5,143.75,957.5,99.1
2026-07-30 18:00:00,WP122026,8,2026-08-04 12:00:00,4 days 18:00:00,114,25.75,142.75,956.6,100.0
2026-07-30 18:00:00,WP122026,8,2026-08-04 18:00:00,5 days 00:00:00,120,26.0,141.75,955.8,100.9
2026-07-30 18:00:00,WP122026,8,2026-08-05 00:00:00,5 days 06:00:00,126,26.51,140.01,957.6,98.9
2026-07-30 18:00:00,WP122026,8,2026-08-05 06:00:00,5 days 12:00:00,132,27.0,138.25,959.4,96.9
2026-07-30 18:00:00,WP122026,8,2026-08-05 12:00:00,5 days 18:00:00,138,27.39,136.38,960.3,95.9
2026-07-30 18:00:00,WP122026,8,2026-08-05 18:00:00,6 days 00:00:00,144,27.75,134.5,961.2,94.9
2026-07-30 18:00:00,WP122026,8,2026-08-06 00:00:00,6 days 06:00:00,150,28.13,133.01,962.3,93.6
2026-07-30 18:00:00,WP122026,8,2026-08-06 06:00:00,6 days 12:00:00,156,28.5,131.5,963.5,92.2
2026-07-30 18:00:00,WP122026,8,2026-08-06 12:00:00,6 days 18:00:00,162,28.51,130.12,963.2,92.5
2026-07-30 18:00:00,WP122026,8,2026-08-06 18:00:00,7 days 00:00:00,168,28.5,128.75,963.0,92.9
2026-07-30 18:00:00,WP122026,8,2026-08-07 00:00:00,7 days 06:00:00,174,28.63,127.5,962.0,94.0
2026-07-30 18:00:00,WP122026,8,2026-08-07 06:00:00,7 days 12:00:00,180,28.75,126.25,961.0,95.0
2026-07-30 18:00:00,WP122026,8,2026-08-07 12:00:00,7 days 18:00:00,186,28.75,125.38,961.7,94.2
2026-07-30 18:00:00,WP122026,8,2026-08-07 18:00:00,8 days 00:00:00,192,28.75,124.5,962.4,93.4
2026-07-30 18:00:00,WP122026,8,2026-08-08 00:00:00,8 days 06:00:00,198,28.63,123.75,959.6,96.6
2026-07-30 18:00:00,WP122026,8,2026-08-08 06:00:00,8 days 12:00:00,204,28.5,123.0,956.8,99.8
2026-07-30 18:00:00,WP122026,8,2026-08-08 12:00:00,8 days 18:00:00,210,28.63,122.0,962.7,93.0
2026-07-30 18:00:00,WP122026,8,2026-08-08 18:00:00,9 days 00:00:00,216,28.75,121.0,968.6,86.2
2026-07-30 18:00:00,WP122026,8,2026-08-09 00:00:00,9 days 06:00:00,222,29.0,120.13,974.7,78.7
2026-07-30 18:00:00,WP122026,8,2026-08-09 06:00:00,9 days 12:00:00,228,29.25,119.25,980.8,71.2
2026-07-30 18:00:00,WP122026,8,2026-08-09 12:00:00,9 days 18:00:00,234,29.25,118.12,982.9,68.5
2026-07-30 18:00:00,WP122026,8,2026-08-09 18:00:00,10 days 00:00:00,240,29.25,117.0,984.9,65.7
2026-07-30 18:00:00,WP122026,8,2026-08-10 00:00:00,10 days 06:00:00,246,29.63,116.5,986.4,63.7
2026-07-30 18:00:00,WP122026,8,2026-08-10 06:00:00,10 days 12:00:00,252,30.0,116.0,987.8,61.8
2026-07-30 18:00:00,WP122026,8,2026-08-10 12:00:00,10 days 18:00:00,258,30.0,116.0,989.3,59.7
2026-07-30 18:00:00,WP122026,8,2026-08-10 18:00:00,11 days 00:00:00,264,30.0,116.0,990.7,57.7
2026-07-30 18:00:00,WP122026,8,2026-08-11 00:00:00,11 days 06:00:00,270,30.88,116.37,992.4,55.3
2026-07-30 18:00:00,WP122026,8,2026-08-11 06:00:00,11 days 12:00:00,276,31.75,116.75,994.0,52.9
2026-07-30 18:00:00,EP072026,9,2026-07-30 18:00:00,0 days 00:00:00,0,20.5,-124.25,987.6,62.1
2026-07-30 18:00:00,EP072026,9,2026-07-31 00:00:00,0 days 06:00:00,6,20.88,-125.62,986.4,63.7
2026-07-30 18:00:00,EP072026,9,2026-07-31 06:00:00,0 days 12:00:00,12,21.25,-127.0,985.3,65.3
2026-07-30 18:00:00,EP072026,9,2026-07-31 12:00:00,0 days 18:00:00,18,21.75,-128.25,991.1,56.8
2026-07-30 18:00:00,EP072026,9,2026-07-31 18:00:00,1 days 00:00:00,24,22.25,-129.5,997.0,48.4
2026-07-30 18:00:00,EP072026,9,2026-08-01 00:00:00,1 days 06:00:00,30,22.51,-131.0,999.0,45.2
2026-07-30 18:00:00,EP072026,9,2026-08-01 06:00:00,1 days 12:00:00,36,22.75,-132.5,1001.0,42.0
2026-07-30 18:00:00,EP072026,9,2026-08-01 12:00:00,1 days 18:00:00,42,23.26,-133.99,1000.4,43.0
2026-07-30 18:00:00,EP072026,9,2026-08-01 18:00:00,2 days 00:00:00,48,23.75,-135.5,999.8,43.9
2026-07-30 18:00:00,EP072026,9,2026-08-02 00:00:00,2 days 06:00:00,54,24.26,-136.99,1002.3,39.7
2026-07-30 18:00:00,EP072026,9,2026-08-02 06:00:00,2 days 12:00:00,60,24.75,-138.5,1004.8,35.4
2026-07-30 18:00:00,EP072026,9,2026-08-02 12:00:00,2 days 18:00:00,66,25.38,-139.87,1006.4,32.5
2026-07-30 18:00:00,EP072026,9,2026-08-02 18:00:00,3 days 00:00:00,72,26.0,-141.25,1008.0,29.5
2026-07-30 18:00:00,EP072026,9,2026-08-03 00:00:00,3 days 06:00:00,78,26.38,-142.25,1007.1,31.2
2026-07-30 18:00:00,EP072026,9,2026-08-03 06:00:00,3 days 12:00:00,84,26.75,-143.25,1006.2,32.9
2026-07-30 18:00:00,EP072026,9,2026-08-03 12:00:00,3 days 18:00:00,90,27.5,-143.87,1007.1,31.2
2026-07-30 18:00:00,EP072026,9,2026-08-03 18:00:00,4 days 00:00:00,96,28.25,-144.5,1008.0,29.4
2026-07-30 18:00:00,WP122026,9,2026-07-30 18:00:00,0 days 00:00:00,0,17.75,162.75,951.7,105.4
2026-07-30 18:00:00,WP122026,9,2026-07-31 00:00:00,0 days 06:00:00,6,18.25,161.75,953.5,103.5
2026-07-30 18:00:00,WP122026,9,2026-07-31 06:00:00,0 days 12:00:00,12,18.75,160.75,955.2,101.6
2026-07-30 18:00:00,WP122026,9,2026-07-31 12:00:00,0 days 18:00:00,18,19.25,160.0,958.0,98.4
2026-07-30 18:00:00,WP122026,9,2026-07-31 18:00:00,1 days 00:00:00,24,19.75,159.25,960.9,95.3
2026-07-30 18:00:00,WP122026,9,2026-08-01 00:00:00,1 days 06:00:00,30,20.25,158.38,957.6,98.9
2026-07-30 18:00:00,WP122026,9,2026-08-01 06:00:00,1 days 12:00:00,36,20.75,157.5,954.4,102.5
2026-07-30 18:00:00,WP122026,9,2026-08-01 12:00:00,1 days 18:00:00,42,21.38,156.63,954.6,102.2
2026-07-30 18:00:00,WP122026,9,2026-08-01 18:00:00,2 days 00:00:00,48,22.0,155.75,954.9,101.9
2026-07-30 18:00:00,WP122026,9,2026-08-02 00:00:00,2 days 06:00:00,54,22.5,154.5,953.1,103.8
2026-07-30 18:00:00,WP122026,9,2026-08-02 06:00:00,2 days 12:00:00,60,23.0,153.25,951.4,105.7
2026-07-30 18:00:00,WP122026,9,2026-08-02 12:00:00,2 days 18:00:00,66,23.26,151.88,949.2,108.1
2026-07-30 18:00:00,WP122026,9,2026-08-02 18:00:00,3 days 00:00:00,72,23.5,150.5,947.0,110.4
2026-07-30 18:00:00,WP122026,9,2026-08-03 00:00:00,3 days 06:00:00,78,23.88,149.38,948.1,109.2
2026-07-30 18:00:00,WP122026,9,2026-08-03 06:00:00,3 days 12:00:00,84,24.25,148.25,949.1,108.1
2026-07-30 18:00:00,WP122026,9,2026-08-03 12:00:00,3 days 18:00:00,90,24.25,147.12,948.6,108.7
2026-07-30 18:00:00,WP122026,9,2026-08-03 18:00:00,4 days 00:00:00,96,24.25,146.0,948.1,109.2
2026-07-30 18:00:00,WP122026,9,2026-08-04 00:00:00,4 days 06:00:00,102,24.75,144.88,948.4,108.9
2026-07-30 18:00:00,WP122026,9,2026-08-04 06:00:00,4 days 12:00:00,108,25.25,143.75,948.7,108.6
2026-07-30 18:00:00,WP122026,9,2026-08-04 12:00:00,4 days 18:00:00,114,25.75,142.75,951.1,106.0
2026-07-30 18:00:00,WP122026,9,2026-08-04 18:00:00,5 days 00:00:00,120,26.25,141.75,953.5,103.4
2026-07-30 18:00:00,WP122026,9,2026-08-05 00:00:00,5 days 06:00:00,126,26.88,140.38,955.1,101.7
2026-07-30 18:00:00,WP122026,9,2026-08-05 06:00:00,5 days 12:00:00,132,27.5,139.0,956.6,100.0
2026-07-30 18:00:00,WP122026,9,2026-08-05 12:00:00,5 days 18:00:00,138,28.01,137.63,957.3,99.3
2026-07-30 18:00:00,WP122026,9,2026-08-05 18:00:00,6 days 00:00:00,144,28.5,136.25,958.0,98.5
2026-07-30 18:00:00,WP122026,9,2026-08-06 00:00:00,6 days 06:00:00,150,29.01,134.63,959.1,97.2
2026-07-30 18:00:00,WP122026,9,2026-08-06 06:00:00,6 days 12:00:00,156,29.5,133.0,960.2,96.0
2026-07-30 18:00:00,WP122026,9,2026-08-06 12:00:00,6 days 18:00:00,162,30.01,131.63,961.9,94.0
2026-07-30 18:00:00,WP122026,9,2026-08-06 18:00:00,7 days 00:00:00,168,30.5,130.25,963.7,92.0
2026-07-30 18:00:00,WP122026,9,2026-08-07 00:00:00,7 days 06:00:00,174,31.01,128.51,967.3,87.7
2026-07-30 18:00:00,WP122026,9,2026-08-07 06:00:00,7 days 12:00:00,180,31.5,126.75,970.9,83.5
2026-07-30 18:00:00,WP122026,9,2026-08-07 12:00:00,7 days 18:00:00,186,31.63,125.38,970.3,84.3
2026-07-30 18:00:00,WP122026,9,2026-08-07 18:00:00,8 days 00:00:00,192,31.75,124.0,969.6,85.1
2026-07-30 18:00:00,WP122026,9,2026-08-08 00:00:00,8 days 06:00:00,198,31.63,123.0,970.6,83.9
2026-07-30 18:00:00,WP122026,9,2026-08-08 06:00:00,8 days 12:00:00,204,31.5,122.0,971.5,82.8
2026-07-30 18:00:00,WP122026,9,2026-08-08 12:00:00,8 days 18:00:00,210,31.25,121.25,973.9,79.9
2026-07-30 18:00:00,WP122026,9,2026-08-08 18:00:00,9 days 00:00:00,216,31.0,120.5,976.3,77.0
2026-07-30 18:00:00,WP122026,9,2026-08-09 00:00:00,9 days 06:00:00,222,31.25,119.5,980.1,72.1
2026-07-30 18:00:00,WP122026,9,2026-08-09 06:00:00,9 days 12:00:00,228,31.5,118.5,983.9,67.2
2026-07-30 18:00:00,WP122026,9,2026-08-09 12:00:00,9 days 18:00:00,234,31.5,117.75,986.2,64.0
2026-07-30 18:00:00,WP122026,9,2026-08-09 18:00:00,10 days 00:00:00,240,31.5,117.0,988.5,60.9
2026-07-30 18:00:00,WP122026,9,2026-08-10 00:00:00,10 days 06:00:00,246,31.5,116.75,989.6,59.3
2026-07-30 18:00:00,WP122026,9,2026-08-10 06:00:00,10 days 12:00:00,252,31.5,116.5,990.7,57.8
2026-07-30 18:00:00,WP122026,9,2026-08-10 12:00:00,10 days 18:00:00,258,31.38,115.12,992.5,55.1
2026-07-30 18:00:00,WP122026,9,2026-08-10 18:00:00,11 days 00:00:00,264,31.25,113.75,994.4,52.4
