# If this file contains data that relates to a time no more than 48 hours ago,
# BY USING IT YOU AGREE TO THE LEGALLY BINDING TERMS OF USE FOUND AT
#   https://storage.googleapis.com/weathernext-public/terms-of-use.pdf
# Any data that relates to a time more than 48 hours ago is licensed under the
# Creative Commons Attribution International License, Version 4.0 (CC BY 4.0).
# BEGIN DATA
init_time,track_id,sample,valid_time,lead_time,lead_time_hours,lat,lon,minimum_sea_level_pressure_hpa,maximum_sustained_wind_speed_knots
2026-09-25,EP152026,0,2026-09-25 00:00:00,0 days 00:00:00,0,14.75,-156.0,983.9,67.1
2026-09-25,EP152026,0,2026-09-25 06:00:00,0 days 06:00:00,6,15.13,-155.88,983.6,67.5
2026-09-25,EP152026,0,2026-09-25 12:00:00,0 days 12:00:00,12,15.5,-155.75,983.3,67.9
2026-09-25,EP152026,0,2026-09-25 18:00:00,0 days 18:00:00,18,16.0,-155.38,980.8,71.2
2026-09-25,EP152026,0,2026-09-26 00:00:00,1 days 00:00:00,24,16.5,-155.0,978.2,74.5
2026-09-25,EP152026,0,2026-09-26 06:00:00,1 days 06:00:00,30,16.88,-155.0,981.0,70.8
2026-09-25,EP152026,0,2026-09-26 12:00:00,1 days 12:00:00,36,17.25,-155.0,983.8,67.2
2026-09-25,EP152026,0,2026-09-26 18:00:00,1 days 18:00:00,42,17.13,-155.38,984.4,66.4
2026-09-25,EP152026,0,2026-09-27 00:00:00,2 days 00:00:00,48,17.0,-155.75,985.0,65.6
2026-09-25,EP152026,0,2026-09-27 06:00:00,2 days 06:00:00,54,16.88,-156.75,985.7,64.7
2026-09-25,EP152026,0,2026-09-27 12:00:00,2 days 12:00:00,60,16.75,-157.75,986.4,63.7
2026-09-25,EP152026,0,2026-09-27 18:00:00,2 days 18:00:00,66,16.63,-159.13,985.5,65.0
2026-09-25,EP152026,0,2026-09-28 00:00:00,3 days 00:00:00,72,16.5,-160.5,984.5,66.3
2026-09-25,EP152026,0,2026-09-28 06:00:00,3 days 06:00:00,78,16.75,-161.62,984.4,66.4
2026-09-25,EP152026,0,2026-09-28 12:00:00,3 days 12:00:00,84,17.0,-162.75,984.4,66.5
2026-09-25,EP152026,0,2026-09-28 18:00:00,3 days 18:00:00,90,17.63,-163.75,984.0,67.0
2026-09-25,EP152026,0,2026-09-29 00:00:00,4 days 00:00:00,96,18.25,-164.75,983.6,67.5
2026-09-25,EP152026,0,2026-09-29 06:00:00,4 days 06:00:00,102,19.0,-165.75,986.2,64.0
2026-09-25,EP152026,0,2026-09-29 12:00:00,4 days 12:00:00,108,19.75,-166.75,988.7,60.5
2026-09-25,EP152026,0,2026-09-29 18:00:00,4 days 18:00:00,114,20.75,-167.37,986.4,63.7
2026-09-25,EP152026,0,2026-09-30 00:00:00,5 days 00:00:00,120,21.75,-168.0,984.1,66.9
2026-09-25,EP152026,0,2026-09-30 06:00:00,5 days 06:00:00,126,22.25,-168.87,985.1,65.5
2026-09-25,EP152026,0,2026-09-30 12:00:00,5 days 12:00:00,132,22.75,-169.75,986.2,64.0
2026-09-25,EP152026,0,2026-09-30 18:00:00,5 days 18:00:00,138,23.0,-171.0,988.2,61.2
2026-09-25,EP152026,0,2026-10-01 00:00:00,6 days 00:00:00,144,23.25,-172.25,990.2,58.5
2026-09-25,EP152026,0,2026-10-01 06:00:00,6 days 06:00:00,150,23.51,-173.75,987.9,61.7
2026-09-25,EP152026,0,2026-10-01 12:00:00,6 days 12:00:00,156,23.75,-175.25,985.5,64.9
2026-09-25,EP152026,0,2026-10-01 18:00:00,6 days 18:00:00,162,23.75,-176.38,984.2,66.8
2026-09-25,EP152026,0,2026-10-02 00:00:00,7 days 00:00:00,168,23.75,-177.5,982.8,68.6
2026-09-25,EP152026,0,2026-10-02 06:00:00,7 days 06:00:00,174,23.38,-179.0,981.1,70.8
2026-09-25,EP152026,0,2026-10-02 12:00:00,7 days 12:00:00,180,23.0,179.5,979.4,73.0
2026-09-25,EP152026,0,2026-10-02 18:00:00,7 days 18:00:00,186,22.51,177.99,982.6,68.7
2026-09-25,EP152026,0,2026-10-03 00:00:00,8 days 00:00:00,192,22.0,176.5,985.9,64.5
2026-09-25,EP152026,0,2026-10-03 06:00:00,8 days 06:00:00,198,21.76,174.75,985.2,65.3
2026-09-25,EP152026,0,2026-10-03 12:00:00,8 days 12:00:00,204,21.5,173.0,984.6,66.2
2026-09-25,EP152026,0,2026-10-03 18:00:00,8 days 18:00:00,210,21.76,171.5,983.0,68.3
2026-09-25,EP152026,0,2026-10-04 00:00:00,9 days 00:00:00,216,22.0,170.0,981.4,70.4
2026-09-25,EP152026,0,2026-10-04 06:00:00,9 days 06:00:00,222,22.51,168.63,979.2,73.3
2026-09-25,EP152026,0,2026-10-04 12:00:00,9 days 12:00:00,228,23.0,167.25,976.9,76.2
2026-09-25,EP152026,0,2026-10-04 18:00:00,9 days 18:00:00,234,23.63,166.38,976.5,76.7
2026-09-25,EP152026,0,2026-10-05 00:00:00,10 days 00:00:00,240,24.25,165.5,976.1,77.2
2026-09-25,EP152026,0,2026-10-05 06:00:00,10 days 06:00:00,246,24.63,164.5,978.1,74.6
2026-09-25,EP152026,0,2026-10-05 12:00:00,10 days 12:00:00,252,25.0,163.5,980.1,72.1
2026-09-25,EP152026,0,2026-10-05 18:00:00,10 days 18:00:00,258,25.5,162.75,981.4,70.4
2026-09-25,EP152026,0,2026-10-06 00:00:00,11 days 00:00:00,264,26.0,162.0,982.7,68.7
2026-09-25,EP152026,0,2026-10-06 06:00:00,11 days 06:00:00,270,26.38,161.25,981.6,70.1
2026-09-25,EP152026,0,2026-10-06 12:00:00,11 days 12:00:00,276,26.75,160.5,980.5,71.6
2026-09-25,EP152026,0,2026-10-06 18:00:00,11 days 18:00:00,282,27.5,160.13,980.9,71.1
2026-09-25,EP152026,0,2026-10-07 00:00:00,12 days 00:00:00,288,28.25,159.75,981.3,70.5
2026-09-25,EP152026,0,2026-10-07 06:00:00,12 days 06:00:00,294,29.12,159.75,980.4,71.7
2026-09-25,EP152026,0,2026-10-07 12:00:00,12 days 12:00:00,300,30.0,159.75,979.4,72.9
2026-09-25,EP152026,0,2026-10-07 18:00:00,12 days 18:00:00,306,30.88,160.49,980.2,71.9
2026-09-25,EP152026,0,2026-10-08 00:00:00,13 days 00:00:00,312,31.75,161.25,981.0,70.9
2026-09-25,EP152026,0,2026-10-08 06:00:00,13 days 06:00:00,318,32.51,163.11,983.1,68.2
2026-09-25,EP152026,0,2026-10-08 12:00:00,13 days 12:00:00,324,33.25,165.0,985.1,65.4
2026-09-25,EP152026,0,2026-10-08 18:00:00,13 days 18:00:00,330,33.67,168.48,987.8,61.8
2026-09-25,EP152026,0,2026-10-09 00:00:00,14 days 00:00:00,336,34.0,172.0,990.4,58.2
2026-09-25,EP152026,0,2026-10-09 06:00:00,14 days 06:00:00,342,34.06,175.75,994.3,52.4
2026-09-25,EP152026,0,2026-10-09 12:00:00,14 days 12:00:00,348,34.0,179.5,998.2,46.6
2026-09-25,EP152026,0,2026-10-09 18:00:00,14 days 18:00:00,354,34.45,-176.14,998.1,46.7
2026-09-25,EP152026,0,2026-10-10 00:00:00,15 days 00:00:00,360,34.75,-171.75,998.0,46.9
2026-09-25,EP162026,0,2026-09-25 00:00:00,0 days 00:00:00,0,17.0,-124.75,975.5,77.9
2026-09-25,EP162026,0,2026-09-25 06:00:00,0 days 06:00:00,6,17.25,-124.25,975.3,78.2
2026-09-25,EP162026,0,2026-09-25 12:00:00,0 days 12:00:00,12,17.5,-123.75,975.1,78.4
2026-09-25,EP162026,0,2026-09-25 18:00:00,0 days 18:00:00,18,17.75,-123.75,980.0,72.0
2026-09-25,EP162026,0,2026-09-26 00:00:00,1 days 00:00:00,24,18.0,-123.75,985.0,65.7
2026-09-25,EP162026,0,2026-09-26 06:00:00,1 days 06:00:00,30,18.5,-123.87,984.3,66.6
2026-09-25,EP162026,0,2026-09-26 12:00:00,1 days 12:00:00,36,19.0,-124.0,983.6,67.5
2026-09-25,EP162026,0,2026-09-26 18:00:00,1 days 18:00:00,42,19.5,-124.25,986.8,63.1
2026-09-25,EP162026,0,2026-09-27 00:00:00,2 days 00:00:00,48,20.0,-124.5,990.0,58.7
2026-09-25,EP162026,0,2026-09-27 06:00:00,2 days 06:00:00,54,20.63,-124.25,993.8,53.1
2026-09-25,EP162026,0,2026-09-27 12:00:00,2 days 12:00:00,60,21.25,-124.0,997.6,47.5
2026-09-25,EP162026,0,2026-09-27 18:00:00,2 days 18:00:00,66,21.45,-119.13,985.6,63.9
2026-09-25,EP162026,0,2026-09-28 00:00:00,3 days 00:00:00,72,21.5,-114.25,973.5,80.3
2026-09-25,EP162026,0,2026-09-28 06:00:00,3 days 06:00:00,78,22.0,-114.0,972.4,81.8
2026-09-25,EP162026,0,2026-09-28 12:00:00,3 days 12:00:00,84,22.5,-113.75,971.2,83.2
2026-09-25,EP162026,0,2026-09-28 18:00:00,3 days 18:00:00,90,22.75,-113.25,975.4,77.9
2026-09-25,EP162026,0,2026-09-29 00:00:00,4 days 00:00:00,96,23.0,-112.75,979.7,72.6
2026-09-25,EP162026,0,2026-09-29 06:00:00,4 days 06:00:00,102,23.75,-112.0,984.2,66.6
2026-09-25,EP162026,0,2026-09-29 12:00:00,4 days 12:00:00,108,24.5,-111.25,988.7,60.6
2026-09-25,EP162026,0,2026-09-29 18:00:00,4 days 18:00:00,114,26.13,-110.51,993.4,53.6
2026-09-25,EP162026,0,2026-09-30 00:00:00,5 days 00:00:00,120,27.75,-109.75,998.2,46.6
2026-09-25,EP162026,0,2026-09-30 06:00:00,5 days 06:00:00,126,29.54,-106.68,1000.1,43.5
2026-09-25,EP162026,0,2026-09-30 12:00:00,5 days 12:00:00,132,31.25,-103.5,1002.0,40.4
2026-09-25,EP172026,0,2026-09-25 00:00:00,0 days 00:00:00,0,17.0,-106.25,960.1,96.1
2026-09-25,EP172026,0,2026-09-25 06:00:00,0 days 06:00:00,6,17.13,-107.12,964.0,91.6
2026-09-25,EP172026,0,2026-09-25 12:00:00,0 days 12:00:00,12,17.25,-108.0,968.0,87.0
2026-09-25,EP172026,0,2026-09-25 18:00:00,0 days 18:00:00,18,17.5,-108.87,970.3,84.2
2026-09-25,EP172026,0,2026-09-26 00:00:00,1 days 00:00:00,24,17.75,-109.75,972.7,81.4
2026-09-25,EP172026,0,2026-09-26 06:00:00,1 days 06:00:00,30,17.88,-110.5,974.1,79.6
2026-09-25,EP172026,0,2026-09-26 12:00:00,1 days 12:00:00,36,18.0,-111.25,975.6,77.8
2026-09-25,EP172026,0,2026-09-26 18:00:00,1 days 18:00:00,42,18.63,-112.12,970.4,84.0
2026-09-25,EP172026,0,2026-09-27 00:00:00,2 days 00:00:00,48,19.25,-113.0,965.2,90.3
2026-09-25,EP172026,0,2026-09-27 06:00:00,2 days 06:00:00,54,19.88,-113.5,968.5,86.3
2026-09-25,EP172026,0,2026-09-27 12:00:00,2 days 12:00:00,60,20.5,-114.0,971.9,82.3
2026-09-25,EP172026,0,2026-09-27 18:00:00,2 days 18:00:00,66,21.0,-114.12,972.7,81.3
2026-09-25,EP172026,0,2026-09-28 00:00:00,3 days 00:00:00,72,21.5,-114.25,973.5,80.3
2026-09-25,WP252026,0,2026-09-25 00:00:00,0 days 00:00:00,0,20.25,130.25,1002.4,39.6
2026-09-25,WP252026,0,2026-09-25 06:00:00,0 days 06:00:00,6,20.88,129.38,1000.5,42.7
2026-09-25,WP252026,0,2026-09-25 12:00:00,0 days 12:00:00,12,21.5,128.5,998.6,45.9
2026-09-25,WP252026,0,2026-09-25 18:00:00,0 days 18:00:00,18,22.13,127.75,995.4,50.7
2026-09-25,WP252026,0,2026-09-26 00:00:00,1 days 00:00:00,24,22.75,127.0,992.3,55.5
2026-09-25,WP252026,0,2026-09-26 06:00:00,1 days 06:00:00,30,23.25,127.12,991.1,57.2
2026-09-25,WP252026,0,2026-09-26 12:00:00,1 days 12:00:00,36,23.75,127.25,989.9,58.9
2026-09-25,WP252026,0,2026-09-26 18:00:00,1 days 18:00:00,42,24.25,127.5,988.2,61.2
2026-09-25,WP252026,0,2026-09-27 00:00:00,2 days 00:00:00,48,24.75,127.75,986.6,63.5
2026-09-25,WP252026,0,2026-09-27 06:00:00,2 days 06:00:00,54,25.25,128.25,984.5,66.2
2026-09-25,WP252026,0,2026-09-27 12:00:00,2 days 12:00:00,60,25.75,128.75,982.5,69.0
2026-09-25,WP252026,0,2026-09-27 18:00:00,2 days 18:00:00,66,26.38,129.37,982.6,68.8
2026-09-25,WP252026,0,2026-09-28 00:00:00,3 days 00:00:00,72,27.0,130.0,982.8,68.6
2026-09-25,WP252026,0,2026-09-28 06:00:00,3 days 06:00:00,78,27.38,130.87,987.8,61.6
2026-09-25,WP252026,0,2026-09-28 12:00:00,3 days 12:00:00,84,27.75,131.75,992.8,54.7
2026-09-25,WP252026,0,2026-09-28 18:00:00,3 days 18:00:00,90,28.38,132.37,996.0,49.8
2026-09-25,WP252026,0,2026-09-29 00:00:00,4 days 00:00:00,96,29.0,133.0,999.2,44.9
2026-09-25,WP252026,0,2026-09-29 06:00:00,4 days 06:00:00,102,29.5,134.0,998.3,46.4
2026-09-25,WP252026,0,2026-09-29 12:00:00,4 days 12:00:00,108,30.0,135.0,997.4,47.8
2026-09-25,AL062026,1,2026-09-25 00:00:00,0 days 00:00:00,0,30.0,-41.75,1015.2,13.2
2026-09-25,AL062026,1,2026-09-25 06:00:00,0 days 06:00:00,6,29.88,-42.13,1015.3,12.9
2026-09-25,AL062026,1,2026-09-25 12:00:00,0 days 12:00:00,12,29.75,-42.5,1015.4,12.6
2026-09-25,AL062026,1,2026-09-25 18:00:00,0 days 18:00:00,18,29.75,-42.88,1015.0,13.6
2026-09-25,AL062026,1,2026-09-26 00:00:00,1 days 00:00:00,24,29.75,-43.25,1014.6,14.7
2026-09-25,AL062026,1,2026-09-26 06:00:00,1 days 06:00:00,30,29.75,-43.88,1014.7,14.5
2026-09-25,AL062026,1,2026-09-26 12:00:00,1 days 12:00:00,36,29.75,-44.5,1014.7,14.4
2026-09-25,AL062026,1,2026-09-26 18:00:00,1 days 18:00:00,42,32.22,-42.84,1012.7,18.8
2026-09-25,AL062026,1,2026-09-27 00:00:00,2 days 00:00:00,48,34.68,-41.09,1010.8,23.1
2026-09-25,AL062026,1,2026-09-27 06:00:00,2 days 06:00:00,54,37.11,-39.23,1008.8,27.5
2026-09-25,AL062026,1,2026-09-27 12:00:00,2 days 12:00:00,60,39.5,-37.25,1006.8,31.9
2026-09-25,AL062026,1,2026-09-27 18:00:00,2 days 18:00:00,66,39.2,-40.55,1008.4,28.5
2026-09-25,AL062026,1,2026-09-28 00:00:00,3 days 00:00:00,72,38.81,-43.83,1010.0,25.1
2026-09-25,AL062026,1,2026-09-28 06:00:00,3 days 06:00:00,78,38.32,-47.07,1011.6,21.7
2026-09-25,AL062026,1,2026-09-28 12:00:00,3 days 12:00:00,84,37.75,-50.25,1013.2,18.4
2026-09-25,EP152026,1,2026-09-25 00:00:00,0 days 00:00:00,0,14.75,-156.0,983.9,67.1
2026-09-25,EP152026,1,2026-09-25 06:00:00,0 days 06:00:00,6,15.12,-156.0,985.1,65.4
2026-09-25,EP152026,1,2026-09-25 12:00:00,0 days 12:00:00,12,15.5,-156.0,986.4,63.8
2026-09-25,EP152026,1,2026-09-25 18:00:00,0 days 18:00:00,18,15.88,-155.5,985.1,65.5
2026-09-25,EP152026,1,2026-09-26 00:00:00,1 days 00:00:00,24,16.25,-155.0,983.8,67.2
2026-09-25,EP152026,1,2026-09-26 06:00:00,1 days 06:00:00,30,16.63,-155.12,984.6,66.2
2026-09-25,EP152026,1,2026-09-26 12:00:00,1 days 12:00:00,36,17.0,-155.25,985.4,65.1
2026-09-25,EP152026,1,2026-09-26 18:00:00,1 days 18:00:00,42,16.88,-155.75,987.3,62.5
2026-09-25,EP152026,1,2026-09-27 00:00:00,2 days 00:00:00,48,16.75,-156.25,989.2,59.8
2026-09-25,EP152026,1,2026-09-27 06:00:00,2 days 06:00:00,54,16.63,-157.13,988.3,61.1
2026-09-25,EP152026,1,2026-09-27 12:00:00,2 days 12:00:00,60,16.5,-158.0,987.4,62.3
2026-09-25,EP152026,1,2026-09-27 18:00:00,2 days 18:00:00,66,16.38,-159.13,988.1,61.4
2026-09-25,EP152026,1,2026-09-28 00:00:00,3 days 00:00:00,72,16.25,-160.25,988.8,60.5
2026-09-25,EP152026,1,2026-09-28 06:00:00,3 days 06:00:00,78,16.38,-161.12,987.3,62.5
2026-09-25,EP152026,1,2026-09-28 12:00:00,3 days 12:00:00,84,16.5,-162.0,985.8,64.5
2026-09-25,EP152026,1,2026-09-28 18:00:00,3 days 18:00:00,90,16.88,-162.75,982.6,68.7
2026-09-25,EP152026,1,2026-09-29 00:00:00,4 days 00:00:00,96,17.25,-163.5,979.4,72.9
2026-09-25,EP152026,1,2026-09-29 06:00:00,4 days 06:00:00,102,18.0,-164.25,979.7,72.6
2026-09-25,EP152026,1,2026-09-29 12:00:00,4 days 12:00:00,108,18.75,-165.0,980.0,72.2
2026-09-25,EP152026,1,2026-09-29 18:00:00,4 days 18:00:00,114,19.75,-165.37,979.5,72.9
2026-09-25,EP152026,1,2026-09-30 00:00:00,5 days 00:00:00,120,20.75,-165.75,979.0,73.6
2026-09-25,EP152026,1,2026-09-30 06:00:00,5 days 06:00:00,126,22.0,-165.87,978.6,73.9
2026-09-25,EP152026,1,2026-09-30 12:00:00,5 days 12:00:00,132,23.25,-166.0,978.3,74.3
2026-09-25,EP152026,1,2026-09-30 18:00:00,5 days 18:00:00,138,24.63,-166.25,981.4,70.4
2026-09-25,EP152026,1,2026-10-01 00:00:00,6 days 00:00:00,144,26.0,-166.5,984.5,66.4
2026-09-25,EP152026,1,2026-10-01 06:00:00,6 days 06:00:00,150,27.5,-167.12,984.2,66.7
2026-09-25,EP152026,1,2026-10-01 12:00:00,6 days 12:00:00,156,29.0,-167.75,984.0,67.0
2026-09-25,EP152026,1,2026-10-01 18:00:00,6 days 18:00:00,162,30.13,-168.49,985.8,64.5
2026-09-25,EP152026,1,2026-10-02 00:00:00,7 days 00:00:00,168,31.25,-169.25,987.6,62.0
2026-09-25,EP152026,1,2026-10-02 06:00:00,7 days 06:00:00,174,31.13,-169.75,990.4,58.2
2026-09-25,EP152026,1,2026-10-02 12:00:00,7 days 12:00:00,180,31.0,-170.25,993.1,54.3
2026-09-25,EP152026,1,2026-10-02 18:00:00,7 days 18:00:00,186,30.5,-170.63,993.9,53.1
2026-09-25,EP152026,1,2026-10-03 00:00:00,8 days 00:00:00,192,30.0,-171.0,994.7,51.9
2026-09-25,EP152026,1,2026-10-03 06:00:00,8 days 06:00:00,198,29.5,-171.88,997.5,47.6
2026-09-25,EP152026,1,2026-10-03 12:00:00,8 days 12:00:00,204,29.0,-172.75,1000.3,43.2
2026-09-25,EP152026,1,2026-10-03 18:00:00,8 days 18:00:00,210,28.76,-174.63,1002.8,38.9
2026-09-25,EP152026,1,2026-10-04 00:00:00,9 days 00:00:00,216,28.5,-176.5,1005.3,34.6
2026-09-25,EP152026,1,2026-10-04 06:00:00,9 days 06:00:00,222,28.23,-178.51,1006.5,32.3
2026-09-25,EP152026,1,2026-10-04 12:00:00,9 days 12:00:00,228,27.93,179.48,1007.7,29.9
2026-09-25,EP152026,1,2026-10-04 18:00:00,9 days 18:00:00,234,27.61,177.48,1008.9,27.6
2026-09-25,EP152026,1,2026-10-05 00:00:00,10 days 00:00:00,240,27.25,175.5,1010.1,25.3
2026-09-25,EP162026,1,2026-09-25 00:00:00,0 days 00:00:00,0,17.0,-124.75,975.5,77.9
2026-09-25,EP162026,1,2026-09-25 06:00:00,0 days 06:00:00,6,17.25,-124.25,976.7,76.4
2026-09-25,EP162026,1,2026-09-25 12:00:00,0 days 12:00:00,12,17.5,-123.75,977.8,75.0
2026-09-25,EP162026,1,2026-09-25 18:00:00,0 days 18:00:00,18,17.88,-123.63,977.8,75.0
2026-09-25,EP162026,1,2026-09-26 00:00:00,1 days 00:00:00,24,18.25,-123.5,977.8,75.0
2026-09-25,EP162026,1,2026-09-26 06:00:00,1 days 06:00:00,30,18.88,-123.75,978.5,74.2
2026-09-25,EP162026,1,2026-09-26 12:00:00,1 days 12:00:00,36,19.5,-124.0,979.1,73.4
2026-09-25,EP162026,1,2026-09-26 18:00:00,1 days 18:00:00,42,20.0,-124.12,985.0,65.4
2026-09-25,EP162026,1,2026-09-27 00:00:00,2 days 00:00:00,48,20.5,-124.25,991.0,57.3
2026-09-25,EP162026,1,2026-09-27 06:00:00,2 days 06:00:00,54,21.0,-124.25,994.7,51.8
2026-09-25,EP162026,1,2026-09-27 12:00:00,2 days 12:00:00,60,21.5,-124.25,998.4,46.3
2026-09-25,EP162026,1,2026-09-27 18:00:00,2 days 18:00:00,66,22.08,-119.14,989.8,58.4
2026-09-25,EP162026,1,2026-09-28 00:00:00,3 days 00:00:00,72,22.5,-114.0,981.3,70.6
2026-09-25,EP162026,1,2026-09-28 06:00:00,3 days 06:00:00,78,23.25,-113.75,977.0,75.9
2026-09-25,EP162026,1,2026-09-28 12:00:00,3 days 12:00:00,84,24.0,-113.5,972.8,81.2
2026-09-25,EP162026,1,2026-09-28 18:00:00,3 days 18:00:00,90,24.5,-113.0,976.3,76.8
2026-09-25,EP162026,1,2026-09-29 00:00:00,4 days 00:00:00,96,25.0,-112.5,979.8,72.4
2026-09-25,EP162026,1,2026-09-29 06:00:00,4 days 06:00:00,102,25.63,-111.75,984.0,66.9
2026-09-25,EP162026,1,2026-09-29 12:00:00,4 days 12:00:00,108,26.25,-111.0,988.1,61.4
2026-09-25,EP162026,1,2026-09-29 18:00:00,4 days 18:00:00,114,21.14,-108.54,987.0,62.9
2026-09-25,EP162026,1,2026-09-30 00:00:00,5 days 00:00:00,120,16.0,-106.25,985.9,64.4
2026-09-25,EP162026,1,2026-09-30 06:00:00,5 days 06:00:00,126,16.5,-107.12,983.7,67.4
2026-09-25,EP162026,1,2026-09-30 12:00:00,5 days 12:00:00,132,17.0,-108.0,981.4,70.3
2026-09-25,EP162026,1,2026-09-30 18:00:00,5 days 18:00:00,138,17.75,-108.62,980.4,71.7
2026-09-25,EP162026,1,2026-10-01 00:00:00,6 days 00:00:00,144,18.5,-109.25,979.4,73.0
2026-09-25,EP162026,1,2026-10-01 06:00:00,6 days 06:00:00,150,19.0,-109.62,975.9,77.3
2026-09-25,EP162026,1,2026-10-01 12:00:00,6 days 12:00:00,156,19.5,-110.0,972.4,81.7
2026-09-25,EP162026,1,2026-10-01 18:00:00,6 days 18:00:00,162,20.0,-110.5,969.2,85.5
2026-09-25,EP162026,1,2026-10-02 00:00:00,7 days 00:00:00,168,20.5,-111.0,965.9,89.4
2026-09-25,EP162026,1,2026-10-02 06:00:00,7 days 06:00:00,174,21.0,-111.87,963.4,92.3
2026-09-25,EP162026,1,2026-10-02 12:00:00,7 days 12:00:00,180,21.5,-112.75,960.9,95.2
2026-09-25,EP162026,1,2026-10-02 18:00:00,7 days 18:00:00,186,22.13,-113.99,963.0,92.8
2026-09-25,EP162026,1,2026-10-03 00:00:00,8 days 00:00:00,192,22.75,-115.25,965.1,90.4
2026-09-25,EP162026,1,2026-10-03 06:00:00,8 days 06:00:00,198,23.38,-116.25,969.8,84.7
2026-09-25,EP162026,1,2026-10-03 12:00:00,8 days 12:00:00,204,24.0,-117.25,974.6,79.0
2026-09-25,EP162026,1,2026-10-03 18:00:00,8 days 18:00:00,210,24.5,-118.37,975.6,77.8
2026-09-25,EP162026,1,2026-10-04 00:00:00,9 days 00:00:00,216,25.0,-119.5,976.6,76.6
2026-09-25,EP162026,1,2026-10-04 06:00:00,9 days 06:00:00,222,25.63,-120.74,983.7,67.0
2026-09-25,EP162026,1,2026-10-04 12:00:00,9 days 12:00:00,228,26.25,-122.0,990.9,57.4
2026-09-25,EP162026,1,2026-10-04 18:00:00,9 days 18:00:00,234,27.13,-122.87,993.8,53.2
2026-09-25,EP162026,1,2026-10-05 00:00:00,10 days 00:00:00,240,28.0,-123.75,996.6,48.9
2026-09-25,EP162026,1,2026-10-05 06:00:00,10 days 06:00:00,246,28.88,-124.25,999.3,44.7
2026-09-25,EP162026,1,2026-10-05 12:00:00,10 days 12:00:00,252,29.75,-124.75,1001.9,40.5
2026-09-25,EP162026,1,2026-10-05 18:00:00,10 days 18:00:00,258,30.75,-124.38,1003.4,37.9
2026-09-25,EP162026,1,2026-10-06 00:00:00,11 days 00:00:00,264,31.75,-124.0,1004.9,35.3
2026-09-25,EP172026,1,2026-09-25 00:00:00,0 days 00:00:00,0,17.0,-106.25,960.1,96.1
2026-09-25,EP172026,1,2026-09-25 06:00:00,0 days 06:00:00,6,17.13,-107.12,967.7,87.1
2026-09-25,EP172026,1,2026-09-25 12:00:00,0 days 12:00:00,12,17.25,-108.0,975.3,78.2
2026-09-25,EP172026,1,2026-09-25 18:00:00,0 days 18:00:00,18,17.63,-108.87,976.8,76.3
2026-09-25,EP172026,1,2026-09-26 00:00:00,1 days 00:00:00,24,18.0,-109.75,978.3,74.4
2026-09-25,EP172026,1,2026-09-26 06:00:00,1 days 06:00:00,30,18.13,-110.75,976.0,77.2
2026-09-25,EP172026,1,2026-09-26 12:00:00,1 days 12:00:00,36,18.25,-111.75,973.8,80.0
2026-09-25,EP172026,1,2026-09-26 18:00:00,1 days 18:00:00,42,18.75,-112.37,975.2,78.2
2026-09-25,EP172026,1,2026-09-27 00:00:00,2 days 00:00:00,48,19.25,-113.0,976.7,76.4
2026-09-25,EP172026,1,2026-09-27 06:00:00,2 days 06:00:00,54,20.0,-113.37,979.7,72.6
2026-09-25,EP172026,1,2026-09-27 12:00:00,2 days 12:00:00,60,20.75,-113.75,982.7,68.8
2026-09-25,EP172026,1,2026-09-27 18:00:00,2 days 18:00:00,66,21.63,-113.87,982.0,69.7
2026-09-25,EP172026,1,2026-09-28 00:00:00,3 days 00:00:00,72,22.5,-114.0,981.3,70.6
2026-09-25,WP252026,1,2026-09-25 00:00:00,0 days 00:00:00,0,20.25,130.25,1002.4,39.6
2026-09-25,WP252026,1,2026-09-25 06:00:00,0 days 06:00:00,6,20.88,129.38,1001.2,41.6
2026-09-25,WP252026,1,2026-09-25 12:00:00,0 days 12:00:00,12,21.5,128.5,1000.0,43.7
2026-09-25,WP252026,1,2026-09-25 18:00:00,0 days 18:00:00,18,22.13,127.88,999.5,44.5
2026-09-25,WP252026,1,2026-09-26 00:00:00,1 days 00:00:00,24,22.75,127.25,999.0,45.2
2026-09-25,WP252026,1,2026-09-26 06:00:00,1 days 06:00:00,30,23.13,127.13,998.8,45.5
2026-09-25,WP252026,1,2026-09-26 12:00:00,1 days 12:00:00,36,23.5,127.0,998.6,45.9
2026-09-25,WP252026,1,2026-09-26 18:00:00,1 days 18:00:00,42,24.25,127.37,997.2,48.1
2026-09-25,WP252026,1,2026-09-27 00:00:00,2 days 00:00:00,48,25.0,127.75,995.7,50.4
2026-09-25,WP252026,1,2026-09-27 06:00:00,2 days 06:00:00,54,25.38,128.37,995.4,50.8
2026-09-25,WP252026,1,2026-09-27 12:00:00,2 days 12:00:00,60,25.75,129.0,995.1,51.3
2026-09-25,WP252026,1,2026-09-27 18:00:00,2 days 18:00:00,66,26.38,129.5,995.8,50.2
2026-09-25,WP252026,1,2026-09-28 00:00:00,3 days 00:00:00,72,27.0,130.0,996.5,49.1
2026-09-25,WP252026,1,2026-09-28 06:00:00,3 days 06:00:00,78,27.25,130.75,999.1,45.0
2026-09-25,WP252026,1,2026-09-28 12:00:00,3 days 12:00:00,84,27.5,131.5,1001.6,41.0
2026-09-25,WP252026,1,2026-09-28 18:00:00,3 days 18:00:00,90,28.13,132.37,1002.1,40.1
2026-09-25,WP252026,1,2026-09-29 00:00:00,4 days 00:00:00,96,28.75,133.25,1002.7,39.2
2026-09-25,WP252026,1,2026-09-29 06:00:00,4 days 06:00:00,102,29.13,134.5,1002.5,39.4
2026-09-25,WP252026,1,2026-09-29 12:00:00,4 days 12:00:00,108,29.5,135.75,1002.4,39.7
2026-09-25,AL072026,10,2026-09-25 00:00:00,0 days 00:00:00,0,13.25,-22.0,1006.2,32.9
2026-09-25,AL072026,10,2026-09-25 06:00:00,0 days 06:00:00,6,14.0,-22.37,1006.1,33.2
2026-09-25,AL072026,10,2026-09-25 12:00:00,0 days 12:00:00,12,14.75,-22.75,1005.9,33.5
2026-09-25,AL072026,10,2026-09-25 18:00:00,0 days 18:00:00,18,15.38,-22.87,1007.0,31.5
2026-09-25,AL072026,10,2026-09-26 00:00:00,1 days 00:00:00,24,16.0,-23.0,1008.0,29.5
2026-09-25,AL072026,10,2026-09-26 06:00:00,1 days 06:00:00,30,16.5,-23.12,1008.5,28.4
2026-09-25,AL072026,10,2026-09-26 12:00:00,1 days 12:00:00,36,17.0,-23.25,1009.1,27.4
2026-09-25,EP152026,10,2026-09-25 00:00:00,0 days 00:00:00,0,14.75,-156.0,983.9,67.1
2026-09-25,EP152026,10,2026-09-25 06:00:00,0 days 06:00:00,6,15.25,-155.88,982.5,69.0
2026-09-25,EP152026,10,2026-09-25 12:00:00,0 days 12:00:00,12,15.75,-155.75,981.0,70.9
2026-09-25,EP152026,10,2026-09-25 18:00:00,0 days 18:00:00,18,16.13,-155.25,981.2,70.7
2026-09-25,EP152026,10,2026-09-26 00:00:00,1 days 00:00:00,24,16.5,-154.75,981.3,70.5
2026-09-25,EP152026,10,2026-09-26 06:00:00,1 days 06:00:00,30,17.0,-154.87,984.2,66.7
2026-09-25,EP152026,10,2026-09-26 12:00:00,1 days 12:00:00,36,17.5,-155.0,987.1,62.8
2026-09-25,EP152026,10,2026-09-26 18:00:00,1 days 18:00:00,42,17.25,-155.38,989.9,58.9
2026-09-25,EP152026,10,2026-09-27 00:00:00,2 days 00:00:00,48,17.0,-155.75,992.7,54.9
2026-09-25,EP152026,10,2026-09-27 06:00:00,2 days 06:00:00,54,17.0,-156.38,989.5,59.4
2026-09-25,EP152026,10,2026-09-27 12:00:00,2 days 12:00:00,60,17.0,-157.0,986.3,63.9
2026-09-25,EP152026,10,2026-09-27 18:00:00,2 days 18:00:00,66,16.88,-158.0,986.7,63.3
2026-09-25,EP152026,10,2026-09-28 00:00:00,3 days 00:00:00,72,16.75,-159.0,987.2,62.7
2026-09-25,EP152026,10,2026-09-28 06:00:00,3 days 06:00:00,78,16.63,-160.25,986.0,64.3
2026-09-25,EP152026,10,2026-09-28 12:00:00,3 days 12:00:00,84,16.5,-161.5,984.8,65.9
2026-09-25,EP152026,10,2026-09-28 18:00:00,3 days 18:00:00,90,17.0,-162.5,987.2,62.6
2026-09-25,EP152026,10,2026-09-29 00:00:00,4 days 00:00:00,96,17.5,-163.5,989.5,59.4
2026-09-25,EP152026,10,2026-09-29 06:00:00,4 days 06:00:00,102,18.25,-164.0,989.0,60.1
2026-09-25,EP152026,10,2026-09-29 12:00:00,4 days 12:00:00,108,19.0,-164.5,988.5,60.9
2026-09-25,EP152026,10,2026-09-29 18:00:00,4 days 18:00:00,114,19.5,-164.38,990.1,58.6
2026-09-25,EP152026,10,2026-09-30 00:00:00,5 days 00:00:00,120,20.0,-164.25,991.7,56.3
2026-09-25,EP152026,10,2026-09-30 06:00:00,5 days 06:00:00,126,20.38,-163.75,990.9,57.4
2026-09-25,EP152026,10,2026-09-30 12:00:00,5 days 12:00:00,132,20.75,-163.25,990.1,58.6
2026-09-25,EP152026,10,2026-09-30 18:00:00,5 days 18:00:00,138,21.25,-162.38,988.9,60.3
2026-09-25,EP152026,10,2026-10-01 00:00:00,6 days 00:00:00,144,21.75,-161.5,987.7,61.9
2026-09-25,EP152026,10,2026-10-01 06:00:00,6 days 06:00:00,150,23.0,-160.39,988.3,61.1
2026-09-25,EP152026,10,2026-10-01 12:00:00,6 days 12:00:00,156,24.25,-159.25,988.9,60.3
2026-09-25,EP152026,10,2026-10-01 18:00:00,6 days 18:00:00,162,26.63,-159.62,983.0,68.1
2026-09-25,EP152026,10,2026-10-02 00:00:00,7 days 00:00:00,168,29.0,-160.0,977.1,75.9
2026-09-25,EP152026,10,2026-10-02 06:00:00,7 days 06:00:00,174,29.25,-160.12,980.4,71.6
2026-09-25,EP152026,10,2026-10-02 12:00:00,7 days 12:00:00,180,29.5,-160.25,983.8,67.3
2026-09-25,EP152026,10,2026-10-02 18:00:00,7 days 18:00:00,186,31.01,-159.02,981.5,70.2
2026-09-25,EP152026,10,2026-10-03 00:00:00,8 days 00:00:00,192,32.5,-157.75,979.3,73.1
2026-09-25,EP152026,10,2026-10-03 06:00:00,8 days 06:00:00,198,35.13,-156.9,977.3,75.6
2026-09-25,EP152026,10,2026-10-03 12:00:00,8 days 12:00:00,204,37.75,-156.0,975.3,78.2
2026-09-25,EP152026,10,2026-10-03 18:00:00,8 days 18:00:00,210,39.63,-154.54,983.8,66.8
2026-09-25,EP152026,10,2026-10-04 00:00:00,9 days 00:00:00,216,41.5,-153.0,992.3,55.4
2026-09-25,EP152026,10,2026-10-04 06:00:00,9 days 06:00:00,222,43.79,-150.23,995.7,50.3
2026-09-25,EP152026,10,2026-10-04 12:00:00,9 days 12:00:00,228,46.0,-147.25,999.1,45.1
2026-09-25,EP162026,10,2026-09-25 00:00:00,0 days 00:00:00,0,17.0,-124.75,975.5,77.9
2026-09-25,EP162026,10,2026-09-25 06:00:00,0 days 06:00:00,6,17.25,-124.25,977.4,75.6
2026-09-25,EP162026,10,2026-09-25 12:00:00,0 days 12:00:00,12,17.5,-123.75,979.2,73.2
2026-09-25,EP162026,10,2026-09-25 18:00:00,0 days 18:00:00,18,17.88,-123.63,980.2,72.0
2026-09-25,EP162026,10,2026-09-26 00:00:00,1 days 00:00:00,24,18.25,-123.5,981.1,70.8
2026-09-25,EP162026,10,2026-09-26 06:00:00,1 days 06:00:00,30,18.75,-123.62,983.6,67.4
2026-09-25,EP162026,10,2026-09-26 12:00:00,1 days 12:00:00,36,19.25,-123.75,986.2,64.1
2026-09-25,EP162026,10,2026-09-26 18:00:00,1 days 18:00:00,42,19.63,-123.75,990.0,58.6
2026-09-25,EP162026,10,2026-09-27 00:00:00,2 days 00:00:00,48,20.0,-123.75,993.9,53.1
2026-09-25,EP162026,10,2026-09-27 06:00:00,2 days 06:00:00,54,20.5,-123.75,996.2,49.5
2026-09-25,EP162026,10,2026-09-27 12:00:00,2 days 12:00:00,60,21.0,-123.75,998.5,46.0
2026-09-25,EP162026,10,2026-09-27 18:00:00,2 days 18:00:00,66,21.95,-118.66,988.8,59.7
2026-09-25,EP162026,10,2026-09-28 00:00:00,3 days 00:00:00,72,22.75,-113.5,979.1,73.4
2026-09-25,EP162026,10,2026-09-28 06:00:00,3 days 06:00:00,78,23.62,-113.5,979.6,72.7
2026-09-25,EP162026,10,2026-09-28 12:00:00,3 days 12:00:00,84,24.5,-113.5,980.1,72.0
2026-09-25,EP162026,10,2026-09-28 18:00:00,3 days 18:00:00,90,25.25,-112.88,985.5,64.8
2026-09-25,EP162026,10,2026-09-29 00:00:00,4 days 00:00:00,96,26.0,-112.25,990.8,57.6
2026-09-25,EP162026,10,2026-09-29 06:00:00,4 days 06:00:00,102,27.25,-111.38,994.0,52.8
2026-09-25,EP162026,10,2026-09-29 12:00:00,4 days 12:00:00,108,28.5,-110.5,997.3,48.0
2026-09-25,EP172026,10,2026-09-25 00:00:00,0 days 00:00:00,0,17.0,-106.25,960.1,96.1
2026-09-25,EP172026,10,2026-09-25 06:00:00,0 days 06:00:00,6,17.13,-107.12,964.4,91.2
2026-09-25,EP172026,10,2026-09-25 12:00:00,0 days 12:00:00,12,17.25,-108.0,968.6,86.3
2026-09-25,EP172026,10,2026-09-25 18:00:00,0 days 18:00:00,18,17.5,-109.0,972.5,81.5
2026-09-25,EP172026,10,2026-09-26 00:00:00,1 days 00:00:00,24,17.75,-110.0,976.4,76.7
2026-09-25,EP172026,10,2026-09-26 06:00:00,1 days 06:00:00,30,17.88,-110.62,976.0,77.2
2026-09-25,EP172026,10,2026-09-26 12:00:00,1 days 12:00:00,36,18.0,-111.25,975.7,77.7
2026-09-25,EP172026,10,2026-09-26 18:00:00,1 days 18:00:00,42,18.63,-111.87,976.4,76.8
2026-09-25,EP172026,10,2026-09-27 00:00:00,2 days 00:00:00,48,19.25,-112.5,977.2,75.8
2026-09-25,EP172026,10,2026-09-27 06:00:00,2 days 06:00:00,54,20.13,-112.87,978.4,74.2
2026-09-25,EP172026,10,2026-09-27 12:00:00,2 days 12:00:00,60,21.0,-113.25,979.7,72.6
2026-09-25,EP172026,10,2026-09-27 18:00:00,2 days 18:00:00,66,21.88,-113.37,979.4,73.0
2026-09-25,EP172026,10,2026-09-28 00:00:00,3 days 00:00:00,72,22.75,-113.5,979.1,73.4
2026-09-25,WP252026,10,2026-09-25 00:00:00,0 days 00:00:00,0,20.25,130.25,1002.4,39.6
2026-09-25,WP252026,10,2026-09-25 06:00:00,0 days 06:00:00,6,20.75,129.38,1000.6,42.7
2026-09-25,WP252026,10,2026-09-25 12:00:00,0 days 12:00:00,12,21.25,128.5,998.7,45.7
2026-09-25,WP252026,10,2026-09-25 18:00:00,0 days 18:00:00,18,21.75,127.88,999.4,44.5
2026-09-25,WP252026,10,2026-09-26 00:00:00,1 days 00:00:00,24,22.25,127.25,1000.2,43.3
2026-09-25,WP252026,10,2026-09-26 06:00:00,1 days 06:00:00,30,22.75,127.25,998.4,46.2
2026-09-25,WP252026,10,2026-09-26 12:00:00,1 days 12:00:00,36,23.25,127.25,996.5,49.1
2026-09-25,WP252026,10,2026-09-26 18:00:00,1 days 18:00:00,42,23.63,127.62,995.2,51.1
2026-09-25,WP252026,10,2026-09-27 00:00:00,2 days 00:00:00,48,24.0,128.0,993.9,53.0
2026-09-25,WP252026,10,2026-09-27 06:00:00,2 days 06:00:00,54,24.5,128.62,989.5,59.3
2026-09-25,WP252026,10,2026-09-27 12:00:00,2 days 12:00:00,60,25.0,129.25,985.0,65.6
2026-09-25,WP252026,10,2026-09-27 18:00:00,2 days 18:00:00,66,25.38,129.75,986.5,63.6
2026-09-25,WP252026,10,2026-09-28 00:00:00,3 days 00:00:00,72,25.75,130.25,988.0,61.6
2026-09-25,WP252026,10,2026-09-28 06:00:00,3 days 06:00:00,78,26.25,131.0,989.4,59.5
2026-09-25,WP252026,10,2026-09-28 12:00:00,3 days 12:00:00,84,26.75,131.75,990.9,57.4
2026-09-25,WP252026,10,2026-09-28 18:00:00,3 days 18:00:00,90,26.88,132.0,992.8,54.6
2026-09-25,WP252026,10,2026-09-29 00:00:00,4 days 00:00:00,96,27.0,132.25,994.7,51.8
2026-09-25,WP252026,10,2026-09-29 06:00:00,4 days 06:00:00,102,27.13,133.0,994.4,52.3
2026-09-25,WP252026,10,2026-09-29 12:00:00,4 days 12:00:00,108,27.25,133.75,994.1,52.8
2026-09-25,WP252026,10,2026-09-29 18:00:00,4 days 18:00:00,114,27.63,134.0,995.0,51.4
2026-09-25,WP252026,10,2026-09-30 00:00:00,5 days 00:00:00,120,28.0,134.25,996.0,49.9
2026-09-25,WP252026,10,2026-09-30 06:00:00,5 days 06:00:00,126,28.25,134.25,996.8,48.7
2026-09-25,WP252026,10,2026-09-30 12:00:00,5 days 12:00:00,132,28.5,134.25,997.6,47.4
2026-09-25,WP252026,10,2026-09-30 18:00:00,5 days 18:00:00,138,28.87,134.25,999.3,44.6
2026-09-25,WP252026,10,2026-10-01 00:00:00,6 days 00:00:00,144,29.25,134.25,1001.1,41.9
2026-09-25,WP252026,10,2026-10-01 06:00:00,6 days 06:00:00,150,29.25,134.38,1002.1,40.1
2026-09-25,WP252026,10,2026-10-01 12:00:00,6 days 12:00:00,156,29.25,134.5,1003.2,38.2
2026-09-25,WP252026,10,2026-10-01 18:00:00,6 days 18:00:00,162,25.02,136.96,992.0,54.8
2026-09-25,WP252026,10,2026-10-02 00:00:00,7 days 00:00:00,168,20.75,139.25,980.7,71.3
2026-09-25,WP252026,10,2026-10-02 06:00:00,7 days 06:00:00,174,20.88,138.63,976.9,76.1
2026-09-25,WP252026,10,2026-10-02 12:00:00,7 days 12:00:00,180,21.0,138.0,973.1,80.8
2026-09-25,WP252026,10,2026-10-02 18:00:00,7 days 18:00:00,186,21.13,137.38,968.7,86.1
2026-09-25,WP252026,10,2026-10-03 00:00:00,8 days 00:00:00,192,21.25,136.75,964.2,91.4
2026-09-25,WP252026,10,2026-10-03 06:00:00,8 days 06:00:00,198,21.13,136.62,962.5,93.4
2026-09-25,WP252026,10,2026-10-03 12:00:00,8 days 12:00:00,204,21.0,136.5,960.8,95.3
2026-09-25,WP252026,10,2026-10-03 18:00:00,8 days 18:00:00,210,21.0,136.5,962.3,93.6
2026-09-25,WP252026,10,2026-10-04 00:00:00,9 days 00:00:00,216,21.0,136.5,963.8,91.9
2026-09-25,WP252026,10,2026-10-04 06:00:00,9 days 06:00:00,222,20.63,136.75,966.5,88.7
2026-09-25,WP252026,10,2026-10-04 12:00:00,9 days 12:00:00,228,20.25,137.0,969.2,85.6
2026-09-25,WP252026,10,2026-10-04 18:00:00,9 days 18:00:00,234,19.88,137.38,965.2,90.2
2026-09-25,WP252026,10,2026-10-05 00:00:00,10 days 00:00:00,240,19.5,137.75,961.2,94.9
2026-09-25,WP252026,10,2026-10-05 06:00:00,10 days 06:00:00,246,19.5,138.0,962.9,93.0
2026-09-25,WP252026,10,2026-10-05 12:00:00,10 days 12:00:00,252,19.5,138.25,964.5,91.1
2026-09-25,WP252026,10,2026-10-05 18:00:00,10 days 18:00:00,258,19.25,138.12,963.6,92.1
2026-09-25,WP252026,10,2026-10-06 00:00:00,11 days 00:00:00,264,19.0,138.0,962.7,93.2
2026-09-25,WP252026,10,2026-10-06 06:00:00,11 days 06:00:00,270,19.13,137.88,955.2,101.4
2026-09-25,WP252026,10,2026-10-06 12:00:00,11 days 12:00:00,276,19.25,137.75,947.8,109.5
2026-09-25,WP252026,10,2026-10-06 18:00:00,11 days 18:00:00,282,19.5,137.25,952.1,104.9
2026-09-25,WP252026,10,2026-10-07 00:00:00,12 days 00:00:00,288,19.75,136.75,956.4,100.2
2026-09-25,WP252026,10,2026-10-07 06:00:00,12 days 06:00:00,294,20.13,136.25,955.2,101.5
2026-09-25,WP252026,10,2026-10-07 12:00:00,12 days 12:00:00,300,20.5,135.75,954.0,102.9
2026-09-25,WP252026,10,2026-10-07 18:00:00,12 days 18:00:00,306,21.0,135.25,953.5,103.5
2026-09-25,WP252026,10,2026-10-08 00:00:00,13 days 00:00:00,312,21.5,134.75,952.9,104.1
2026-09-25,WP252026,10,2026-10-08 06:00:00,13 days 06:00:00,318,21.88,134.25,951.5,105.6
2026-09-25,WP252026,10,2026-10-08 12:00:00,13 days 12:00:00,324,22.25,133.75,950.1,107.2
2026-09-25,WP252026,10,2026-10-08 18:00:00,13 days 18:00:00,330,22.75,133.25,948.5,108.8
2026-09-25,WP252026,10,2026-10-09 00:00:00,14 days 00:00:00,336,23.25,132.75,947.0,110.4
2026-09-25,WP252026,10,2026-10-09 06:00:00,14 days 06:00:00,342,23.63,132.38,946.7,110.8
2026-09-25,WP252026,10,2026-10-09 12:00:00,14 days 12:00:00,348,24.0,132.0,946.4,111.1
2026-09-25,WP252026,10,2026-10-09 18:00:00,14 days 18:00:00,354,24.38,132.0,945.2,112.3
2026-09-25,WP252026,10,2026-10-10 00:00:00,15 days 00:00:00,360,24.75,132.0,944.0,113.6
2026-09-25,AL062026,11,2026-09-25 00:00:00,0 days 00:00:00,0,30.0,-41.75,1015.2,13.2
2026-09-25,AL062026,11,2026-09-25 06:00:00,0 days 06:00:00,6,29.88,-42.13,1015.0,13.7
2026-09-25,AL062026,11,2026-09-25 12:00:00,0 days 12:00:00,12,29.75,-42.5,1014.8,14.1
2026-09-25,AL062026,11,2026-09-25 18:00:00,0 days 18:00:00,18,29.63,-42.88,1014.0,16.2
2026-09-25,AL062026,11,2026-09-26 00:00:00,1 days 00:00:00,24,29.5,-43.25,1013.2,18.4
2026-09-25,AL062026,11,2026-09-26 06:00:00,1 days 06:00:00,30,29.5,-43.5,1013.5,17.5
2026-09-25,AL062026,11,2026-09-26 12:00:00,1 days 12:00:00,36,29.5,-43.75,1013.8,16.7
2026-09-25,AL062026,11,2026-09-26 18:00:00,1 days 18:00:00,42,29.38,-44.38,1014.2,15.7
2026-09-25,AL062026,11,2026-09-27 00:00:00,2 days 00:00:00,48,29.25,-45.0,1014.6,14.7
2026-09-25,AL062026,11,2026-09-27 06:00:00,2 days 06:00:00,54,29.25,-45.0,1014.8,14.3
2026-09-25,AL062026,11,2026-09-27 12:00:00,2 days 12:00:00,60,29.25,-45.0,1015.0,13.8
2026-09-25,EP152026,11,2026-09-25 00:00:00,0 days 00:00:00,0,14.75,-156.0,983.9,67.1
2026-09-25,EP152026,11,2026-09-25 06:00:00,0 days 06:00:00,6,15.25,-155.88,984.2,66.7
2026-09-25,EP152026,11,2026-09-25 12:00:00,0 days 12:00:00,12,15.75,-155.75,984.6,66.2
2026-09-25,EP152026,11,2026-09-25 18:00:00,0 days 18:00:00,18,16.0,-155.38,984.5,66.3
2026-09-25,EP152026,11,2026-09-26 00:00:00,1 days 00:00:00,24,16.25,-155.0,984.4,66.4
2026-09-25,EP152026,11,2026-09-26 06:00:00,1 days 06:00:00,30,16.38,-155.12,986.4,63.7
2026-09-25,EP152026,11,2026-09-26 12:00:00,1 days 12:00:00,36,16.5,-155.25,988.3,61.1
2026-09-25,EP152026,11,2026-09-26 18:00:00,1 days 18:00:00,42,16.5,-155.63,986.0,64.3
2026-09-25,EP152026,11,2026-09-27 00:00:00,2 days 00:00:00,48,16.5,-156.0,983.6,67.5
2026-09-25,EP152026,11,2026-09-27 06:00:00,2 days 06:00:00,54,16.25,-156.88,982.9,68.5
2026-09-25,EP152026,11,2026-09-27 12:00:00,2 days 12:00:00,60,16.0,-157.75,982.2,69.4
2026-09-25,EP152026,11,2026-09-27 18:00:00,2 days 18:00:00,66,15.88,-158.75,978.8,73.6
2026-09-25,EP152026,11,2026-09-28 00:00:00,3 days 00:00:00,72,15.75,-159.75,975.5,77.9
2026-09-25,EP152026,11,2026-09-28 06:00:00,3 days 06:00:00,78,15.88,-160.62,977.3,75.6
2026-09-25,EP152026,11,2026-09-28 12:00:00,3 days 12:00:00,84,16.0,-161.5,979.1,73.4
2026-09-25,EP152026,11,2026-09-28 18:00:00,3 days 18:00:00,90,16.63,-162.25,978.0,74.8
2026-09-25,EP152026,11,2026-09-29 00:00:00,4 days 00:00:00,96,17.25,-163.0,976.9,76.1
2026-09-25,EP152026,11,2026-09-29 06:00:00,4 days 06:00:00,102,18.13,-163.37,977.3,75.7
2026-09-25,EP152026,11,2026-09-29 12:00:00,4 days 12:00:00,108,19.0,-163.75,977.6,75.3
2026-09-25,EP152026,11,2026-09-29 18:00:00,4 days 18:00:00,114,19.63,-163.87,978.6,74.0
2026-09-25,EP152026,11,2026-09-30 00:00:00,5 days 00:00:00,120,20.25,-164.0,979.6,72.7
2026-09-25,EP152026,11,2026-09-30 06:00:00,5 days 06:00:00,126,20.88,-163.5,979.9,72.4
2026-09-25,EP152026,11,2026-09-30 12:00:00,5 days 12:00:00,132,21.5,-163.0,980.2,72.0
2026-09-25,EP152026,11,2026-09-30 18:00:00,5 days 18:00:00,138,21.63,-162.75,982.8,68.5
2026-09-25,EP152026,11,2026-10-01 00:00:00,6 days 00:00:00,144,21.75,-162.5,985.5,65.0
2026-09-25,EP152026,11,2026-10-01 06:00:00,6 days 06:00:00,150,22.13,-161.88,985.8,64.5
2026-09-25,EP152026,11,2026-10-01 12:00:00,6 days 12:00:00,156,22.5,-161.25,986.1,64.1
2026-09-25,EP152026,11,2026-10-01 18:00:00,6 days 18:00:00,162,23.0,-160.63,985.5,65.0
2026-09-25,EP152026,11,2026-10-02 00:00:00,7 days 00:00:00,168,23.5,-160.0,984.8,65.9
2026-09-25,EP152026,11,2026-10-02 06:00:00,7 days 06:00:00,174,24.13,-159.25,983.8,67.2
2026-09-25,EP152026,11,2026-10-02 12:00:00,7 days 12:00:00,180,24.75,-158.5,982.8,68.6
2026-09-25,EP152026,11,2026-10-02 18:00:00,7 days 18:00:00,186,26.13,-157.51,986.6,63.3
2026-09-25,EP152026,11,2026-10-03 00:00:00,8 days 00:00:00,192,27.5,-156.5,990.5,58.1
2026-09-25,EP152026,11,2026-10-03 06:00:00,8 days 06:00:00,198,29.13,-155.88,987.0,62.9
2026-09-25,EP152026,11,2026-10-03 12:00:00,8 days 12:00:00,204,30.75,-155.25,983.5,67.7
2026-09-25,EP152026,11,2026-10-03 18:00:00,8 days 18:00:00,210,31.88,-155.5,987.1,62.6
2026-09-25,EP152026,11,2026-10-04 00:00:00,9 days 00:00:00,216,33.0,-155.75,990.8,57.6
2026-09-25,EP152026,11,2026-10-04 06:00:00,9 days 06:00:00,222,33.63,-156.62,996.2,49.3
2026-09-25,EP152026,11,2026-10-04 12:00:00,9 days 12:00:00,228,34.25,-157.5,1001.6,41.1
2026-09-25,EP152026,11,2026-10-04 18:00:00,9 days 18:00:00,234,35.0,-158.37,1005.4,34.1
2026-09-25,EP152026,11,2026-10-05 00:00:00,10 days 00:00:00,240,35.75,-159.25,1009.2,27.2
2026-09-25,EP162026,11,2026-09-25 00:00:00,0 days 00:00:00,0,17.0,-124.75,975.5,77.9
2026-09-25,EP162026,11,2026-09-25 06:00:00,0 days 06:00:00,6,17.25,-124.25,975.1,78.4
2026-09-25,EP162026,11,2026-09-25 12:00:00,0 days 12:00:00,12,17.5,-123.75,974.8,78.8
2026-09-25,EP162026,11,2026-09-25 18:00:00,0 days 18:00:00,18,18.0,-123.75,975.8,77.6
2026-09-25,EP162026,11,2026-09-26 00:00:00,1 days 00:00:00,24,18.5,-123.75,976.7,76.4
2026-09-25,EP162026,11,2026-09-26 06:00:00,1 days 06:00:00,30,18.88,-124.0,981.8,69.8
2026-09-25,EP162026,11,2026-09-26 12:00:00,1 days 12:00:00,36,19.25,-124.25,986.8,63.2
2026-09-25,EP162026,11,2026-09-26 18:00:00,1 days 18:00:00,42,19.38,-124.37,990.3,58.2
2026-09-25,EP162026,11,2026-09-27 00:00:00,2 days 00:00:00,48,19.5,-124.5,993.8,53.2
2026-09-25,EP162026,11,2026-09-27 06:00:00,2 days 06:00:00,54,20.25,-124.62,994.8,51.8
2026-09-25,EP162026,11,2026-09-27 12:00:00,2 days 12:00:00,60,21.0,-124.75,995.7,50.4
2026-09-25,EP162026,11,2026-09-27 18:00:00,2 days 18:00:00,66,22.22,-119.17,983.4,66.8
2026-09-25,EP162026,11,2026-09-28 00:00:00,3 days 00:00:00,72,23.25,-113.5,971.1,83.3
2026-09-25,EP162026,11,2026-09-28 06:00:00,3 days 06:00:00,78,24.0,-113.13,974.6,78.9
2026-09-25,EP162026,11,2026-09-28 12:00:00,3 days 12:00:00,84,24.75,-112.75,978.1,74.6
2026-09-25,EP162026,11,2026-09-28 18:00:00,3 days 18:00:00,90,25.63,-112.63,984.2,66.5
2026-09-25,EP162026,11,2026-09-29 00:00:00,4 days 00:00:00,96,26.5,-112.5,990.3,58.4
2026-09-25,EP162026,11,2026-09-29 06:00:00,4 days 06:00:00,102,27.63,-111.26,993.5,53.5
2026-09-25,EP162026,11,2026-09-29 12:00:00,4 days 12:00:00,108,28.75,-110.0,996.8,48.7
2026-09-25,EP162026,11,2026-09-29 18:00:00,4 days 18:00:00,114,25.89,-109.33,994.2,52.4
2026-09-25,EP162026,11,2026-09-30 00:00:00,5 days 00:00:00,120,23.0,-108.7,991.6,56.2
2026-09-25,EP162026,11,2026-09-30 06:00:00,5 days 06:00:00,126,20.12,-108.09,989.0,60.0
2026-09-25,EP162026,11,2026-09-30 12:00:00,5 days 12:00:00,132,17.25,-107.5,986.4,63.7
2026-09-25,EP162026,11,2026-09-30 18:00:00,5 days 18:00:00,138,17.63,-108.0,982.0,69.6
2026-09-25,EP162026,11,2026-10-01 00:00:00,6 days 00:00:00,144,18.0,-108.5,977.5,75.4
2026-09-25,EP162026,11,2026-10-01 06:00:00,6 days 06:00:00,150,18.0,-109.0,976.1,77.1
2026-09-25,EP162026,11,2026-10-01 12:00:00,6 days 12:00:00,156,18.0,-109.5,974.7,78.8
2026-09-25,EP162026,11,2026-10-01 18:00:00,6 days 18:00:00,162,18.25,-110.0,970.9,83.5
2026-09-25,EP162026,11,2026-10-02 00:00:00,7 days 00:00:00,168,18.5,-110.5,967.0,88.1
2026-09-25,EP162026,11,2026-10-02 06:00:00,7 days 06:00:00,174,18.75,-111.12,965.7,89.7
2026-09-25,EP162026,11,2026-10-02 12:00:00,7 days 12:00:00,180,19.0,-111.75,964.3,91.3
2026-09-25,EP162026,11,2026-10-02 18:00:00,7 days 18:00:00,186,19.25,-112.0,967.2,87.9
2026-09-25,EP162026,11,2026-10-03 00:00:00,8 days 00:00:00,192,19.5,-112.25,970.2,84.4
2026-09-25,EP162026,11,2026-10-03 06:00:00,8 days 06:00:00,198,20.0,-112.87,970.3,84.3
2026-09-25,EP162026,11,2026-10-03 12:00:00,8 days 12:00:00,204,20.5,-113.5,970.4,84.2
2026-09-25,EP162026,11,2026-10-03 18:00:00,8 days 18:00:00,210,21.38,-113.62,968.8,86.0
2026-09-25,EP162026,11,2026-10-04 00:00:00,9 days 00:00:00,216,22.25,-113.75,967.3,87.8
2026-09-25,EP162026,11,2026-10-04 06:00:00,9 days 06:00:00,222,23.25,-113.75,968.2,86.7
2026-09-25,EP162026,11,2026-10-04 12:00:00,9 days 12:00:00,228,24.25,-113.75,969.2,85.6
2026-09-25,EP162026,11,2026-10-04 18:00:00,9 days 18:00:00,234,25.38,-113.25,974.9,78.5
2026-09-25,EP162026,11,2026-10-05 00:00:00,10 days 00:00:00,240,26.5,-112.75,980.6,71.4
2026-09-25,EP162026,11,2026-10-05 06:00:00,10 days 06:00:00,246,28.63,-112.51,987.3,62.1
2026-09-25,EP162026,11,2026-10-05 12:00:00,10 days 12:00:00,252,30.75,-112.25,994.1,52.8
2026-09-25,EP172026,11,2026-09-25 00:00:00,0 days 00:00:00,0,17.0,-106.25,960.1,96.1
2026-09-25,EP172026,11,2026-09-25 06:00:00,0 days 06:00:00,6,17.13,-107.12,968.8,85.8
2026-09-25,EP172026,11,2026-09-25 12:00:00,0 days 12:00:00,12,17.25,-108.0,977.4,75.6
2026-09-25,EP172026,11,2026-09-25 18:00:00,0 days 18:00:00,18,17.5,-109.0,972.4,81.6
2026-09-25,EP172026,11,2026-09-26 00:00:00,1 days 00:00:00,24,17.75,-110.0,967.4,87.7
2026-09-25,EP172026,11,2026-09-26 06:00:00,1 days 06:00:00,30,17.88,-110.62,970.7,83.7
2026-09-25,EP172026,11,2026-09-26 12:00:00,1 days 12:00:00,36,18.0,-111.25,974.0,79.8
2026-09-25,EP172026,11,2026-09-26 18:00:00,1 days 18:00:00,42,18.75,-111.87,973.9,79.9
2026-09-25,EP172026,11,2026-09-27 00:00:00,2 days 00:00:00,48,19.5,-112.5,973.8,80.1
2026-09-25,EP172026,11,2026-09-27 06:00:00,2 days 06:00:00,54,20.38,-112.62,970.7,83.8
2026-09-25,EP172026,11,2026-09-27 12:00:00,2 days 12:00:00,60,21.25,-112.75,967.6,87.4
2026-09-25,EP172026,11,2026-09-27 18:00:00,2 days 18:00:00,66,22.25,-113.12,969.4,85.4
2026-09-25,EP172026,11,2026-09-28 00:00:00,3 days 00:00:00,72,23.25,-113.5,971.1,83.3
2026-09-25,WP252026,11,2026-09-25 00:00:00,0 days 00:00:00,0,20.25,130.25,1002.4,39.6
2026-09-25,WP252026,11,2026-09-25 06:00:00,0 days 06:00:00,6,20.88,129.25,999.7,44.0
2026-09-25,WP252026,11,2026-09-25 12:00:00,0 days 12:00:00,12,21.5,128.25,997.0,48.4
2026-09-25,WP252026,11,2026-09-25 18:00:00,0 days 18:00:00,18,21.88,127.5,996.7,48.9
2026-09-25,WP252026,11,2026-09-26 00:00:00,1 days 00:00:00,24,22.25,126.75,996.3,49.4
2026-09-25,WP252026,11,2026-09-26 06:00:00,1 days 06:00:00,30,22.62,126.75,995.5,50.6
2026-09-25,WP252026,11,2026-09-26 12:00:00,1 days 12:00:00,36,23.0,126.75,994.8,51.8
2026-09-25,WP252026,11,2026-09-26 18:00:00,1 days 18:00:00,42,23.63,126.87,993.1,54.2
2026-09-25,WP252026,11,2026-09-27 00:00:00,2 days 00:00:00,48,24.25,127.0,991.5,56.6
2026-09-25,WP252026,11,2026-09-27 06:00:00,2 days 06:00:00,54,24.63,127.25,989.8,58.9
2026-09-25,WP252026,11,2026-09-27 12:00:00,2 days 12:00:00,60,25.0,127.5,988.2,61.3
2026-09-25,WP252026,11,2026-09-27 18:00:00,2 days 18:00:00,66,25.63,128.0,990.3,58.3
2026-09-25,WP252026,11,2026-09-28 00:00:00,3 days 00:00:00,72,26.25,128.5,992.4,55.2
2026-09-25,WP252026,11,2026-09-28 06:00:00,3 days 06:00:00,78,26.5,129.25,990.9,57.5
2026-09-25,WP252026,11,2026-09-28 12:00:00,3 days 12:00:00,84,26.75,130.0,989.3,59.8
2026-09-25,WP252026,11,2026-09-28 18:00:00,3 days 18:00:00,90,27.38,130.37,993.9,52.9
2026-09-25,WP252026,11,2026-09-29 00:00:00,4 days 00:00:00,96,28.0,130.75,998.5,46.1
2026-09-25,WP252026,11,2026-09-29 06:00:00,4 days 06:00:00,102,28.38,131.62,998.8,45.6
2026-09-25,WP252026,11,2026-09-29 12:00:00,4 days 12:00:00,108,28.75,132.5,999.1,45.1
2026-09-25,WP252026,11,2026-09-29 18:00:00,4 days 18:00:00,114,29.5,133.37,1000.0,43.7
2026-09-25,WP252026,11,2026-09-30 00:00:00,5 days 00:00:00,120,30.25,134.25,1000.8,42.3
2026-09-25,WP252026,11,2026-09-30 06:00:00,5 days 06:00:00,126,31.38,135.73,1000.2,43.2
2026-09-25,WP252026,11,2026-09-30 12:00:00,5 days 12:00:00,132,32.5,137.25,999.7,44.2
2026-09-25,WP252026,11,2026-09-30 18:00:00,5 days 18:00:00,138,34.41,139.94,999.8,44.0
2026-09-25,WP252026,11,2026-10-01 00:00:00,6 days 00:00:00,144,36.25,142.75,999.9,43.8
2026-09-25,AL062026,12,2026-09-25 00:00:00,0 days 00:00:00,0,30.0,-41.75,1015.2,13.2
2026-09-25,AL062026,12,2026-09-25 06:00:00,0 days 06:00:00,6,30.0,-42.12,1015.4,12.7
2026-09-25,AL062026,12,2026-09-25 12:00:00,0 days 12:00:00,12,30.0,-42.5,1015.6,12.1
2026-09-25,AL062026,12,2026-09-25 18:00:00,0 days 18:00:00,18,30.0,-42.75,1014.9,14.0
2026-09-25,AL062026,12,2026-09-26 00:00:00,1 days 00:00:00,24,30.0,-43.0,1014.2,15.8
2026-09-25,AL062026,12,2026-09-26 06:00:00,1 days 06:00:00,30,32.62,-43.17,1012.5,19.5
2026-09-25,AL062026,12,2026-09-26 12:00:00,1 days 12:00:00,36,35.25,-43.35,1010.8,23.2
2026-09-25,AL062026,12,2026-09-26 18:00:00,1 days 18:00:00,42,37.88,-43.54,1009.1,26.9
2026-09-25,AL062026,12,2026-09-27 00:00:00,2 days 00:00:00,48,40.5,-43.75,1007.5,30.6
2026-09-25,AL062026,12,2026-09-27 06:00:00,2 days 06:00:00,54,39.79,-40.84,1006.6,32.2
2026-09-25,AL062026,12,2026-09-27 12:00:00,2 days 12:00:00,60,39.0,-38.0,1005.7,33.9
2026-09-25,AL072026,12,2026-09-25 00:00:00,0 days 00:00:00,0,13.25,-22.0,1006.2,32.9
2026-09-25,AL072026,12,2026-09-25 06:00:00,0 days 06:00:00,6,14.06,-22.12,1005.7,33.8
2026-09-25,AL072026,12,2026-09-25 12:00:00,0 days 12:00:00,12,14.88,-22.25,1005.3,34.6
2026-09-25,AL072026,12,2026-09-25 18:00:00,0 days 18:00:00,18,15.69,-22.37,1004.8,35.4
2026-09-25,AL072026,12,2026-09-26 00:00:00,1 days 00:00:00,24,16.5,-22.5,1004.3,36.3
2026-09-25,AL072026,12,2026-09-26 06:00:00,1 days 06:00:00,30,17.63,-22.75,1003.9,37.1
2026-09-25,AL072026,12,2026-09-26 12:00:00,1 days 12:00:00,36,18.75,-23.0,1003.4,37.9
2026-09-25,AL072026,12,2026-09-26 18:00:00,1 days 18:00:00,42,19.31,-23.06,1004.9,35.1
2026-09-25,AL072026,12,2026-09-27 00:00:00,2 days 00:00:00,48,19.88,-23.12,1006.4,32.3
2026-09-25,AL072026,12,2026-09-27 06:00:00,2 days 06:00:00,54,20.44,-23.19,1007.9,29.5
2026-09-25,AL072026,12,2026-09-27 12:00:00,2 days 12:00:00,60,21.0,-23.25,1009.4,26.8
2026-09-25,EP152026,12,2026-09-25 00:00:00,0 days 00:00:00,0,14.75,-156.0,983.9,67.1
2026-09-25,EP152026,12,2026-09-25 06:00:00,0 days 06:00:00,6,15.25,-155.88,984.1,66.8
2026-09-25,EP152026,12,2026-09-25 12:00:00,0 days 12:00:00,12,15.75,-155.75,984.4,66.5
2026-09-25,EP152026,12,2026-09-25 18:00:00,0 days 18:00:00,18,16.0,-155.38,984.7,66.0
2026-09-25,EP152026,12,2026-09-26 00:00:00,1 days 00:00:00,24,16.25,-155.0,985.0,65.6
2026-09-25,EP152026,12,2026-09-26 06:00:00,1 days 06:00:00,30,16.75,-155.0,983.2,68.1
2026-09-25,EP152026,12,2026-09-26 12:00:00,1 days 12:00:00,36,17.25,-155.0,981.3,70.5
2026-09-25,EP152026,12,2026-09-26 18:00:00,1 days 18:00:00,42,17.25,-155.25,981.0,70.9
2026-09-25,EP152026,12,2026-09-27 00:00:00,2 days 00:00:00,48,17.25,-155.5,980.8,71.2
2026-09-25,EP152026,12,2026-09-27 06:00:00,2 days 06:00:00,54,17.13,-156.25,981.3,70.5
2026-09-25,EP152026,12,2026-09-27 12:00:00,2 days 12:00:00,60,17.0,-157.0,981.8,69.9
2026-09-25,EP152026,12,2026-09-27 18:00:00,2 days 18:00:00,66,17.0,-158.0,984.5,66.3
2026-09-25,EP152026,12,2026-09-28 00:00:00,3 days 00:00:00,72,17.0,-159.0,987.2,62.7
2026-09-25,EP152026,12,2026-09-28 06:00:00,3 days 06:00:00,78,17.25,-160.0,985.1,65.5
2026-09-25,EP152026,12,2026-09-28 12:00:00,3 days 12:00:00,84,17.5,-161.0,983.0,68.3
2026-09-25,EP152026,12,2026-09-28 18:00:00,3 days 18:00:00,90,18.13,-162.0,984.2,66.7
2026-09-25,EP152026,12,2026-09-29 00:00:00,4 days 00:00:00,96,18.75,-163.0,985.4,65.1
2026-09-25,EP152026,12,2026-09-29 06:00:00,4 days 06:00:00,102,19.75,-163.75,986.2,64.0
2026-09-25,EP152026,12,2026-09-29 12:00:00,4 days 12:00:00,108,20.75,-164.5,987.0,62.9
2026-09-25,EP152026,12,2026-09-29 18:00:00,4 days 18:00:00,114,22.13,-165.0,987.0,62.9
2026-09-25,EP152026,12,2026-09-30 00:00:00,5 days 00:00:00,120,23.5,-165.5,987.0,62.9
2026-09-25,EP152026,12,2026-09-30 06:00:00,5 days 06:00:00,126,24.25,-165.62,987.5,62.2
2026-09-25,EP152026,12,2026-09-30 12:00:00,5 days 12:00:00,132,25.0,-165.75,988.0,61.5
2026-09-25,EP152026,12,2026-09-30 18:00:00,5 days 18:00:00,138,25.63,-165.75,988.4,61.0
2026-09-25,EP152026,12,2026-10-01 00:00:00,6 days 00:00:00,144,26.25,-165.75,988.7,60.6
2026-09-25,EP152026,12,2026-10-01 06:00:00,6 days 06:00:00,150,27.0,-166.12,989.8,59.0
2026-09-25,EP152026,12,2026-10-01 12:00:00,6 days 12:00:00,156,27.75,-166.5,990.9,57.4
2026-09-25,EP152026,12,2026-10-01 18:00:00,6 days 18:00:00,162,28.0,-167.0,992.4,55.3
2026-09-25,EP152026,12,2026-10-02 00:00:00,7 days 00:00:00,168,28.25,-167.5,993.8,53.2
2026-09-25,EP152026,12,2026-10-02 06:00:00,7 days 06:00:00,174,28.13,-168.0,993.9,53.2
2026-09-25,EP152026,12,2026-10-02 12:00:00,7 days 12:00:00,180,28.0,-168.5,993.9,53.1
2026-09-25,EP152026,12,2026-10-02 18:00:00,7 days 18:00:00,186,27.38,-169.0,991.8,56.2
2026-09-25,EP152026,12,2026-10-03 00:00:00,8 days 00:00:00,192,26.75,-169.5,989.7,59.2
2026-09-25,EP152026,12,2026-10-03 06:00:00,8 days 06:00:00,198,26.0,-170.25,990.8,57.6
2026-09-25,EP152026,12,2026-10-03 12:00:00,8 days 12:00:00,204,25.25,-171.0,991.9,56.0
2026-09-25,EP152026,12,2026-10-03 18:00:00,8 days 18:00:00,210,24.75,-171.75,992.5,55.2
2026-09-25,EP152026,12,2026-10-04 00:00:00,9 days 00:00:00,216,24.25,-172.5,993.1,54.3
2026-09-25,EP152026,12,2026-10-04 06:00:00,9 days 06:00:00,222,24.25,-173.63,992.0,55.8
2026-09-25,EP152026,12,2026-10-04 12:00:00,9 days 12:00:00,228,24.25,-174.75,991.0,57.3
2026-09-25,EP152026,12,2026-10-04 18:00:00,9 days 18:00:00,234,24.26,-176.38,991.5,56.5
2026-09-25,EP152026,12,2026-10-05 00:00:00,10 days 00:00:00,240,24.25,-178.0,992.0,55.8
2026-09-25,EP152026,12,2026-10-05 06:00:00,10 days 06:00:00,246,24.38,-179.62,990.8,57.6
2026-09-25,EP152026,12,2026-10-05 12:00:00,10 days 12:00:00,252,24.5,178.75,989.5,59.5
2026-09-25,EP152026,12,2026-10-05 18:00:00,10 days 18:00:00,258,24.51,177.25,990.0,58.8
2026-09-25,EP152026,12,2026-10-06 00:00:00,11 days 00:00:00,264,24.5,175.75,990.5,58.0
2026-09-25,EP152026,12,2026-10-06 06:00:00,11 days 06:00:00,270,24.51,174.0,992.3,55.4
2026-09-25,EP152026,12,2026-10-06 12:00:00,11 days 12:00:00,276,24.5,172.25,994.1,52.8
2026-09-25,EP152026,12,2026-10-06 18:00:00,11 days 18:00:00,282,24.51,170.62,996.0,49.8
2026-09-25,EP152026,12,2026-10-07 00:00:00,12 days 00:00:00,288,24.5,169.0,998.0,46.8
2026-09-25,EP152026,12,2026-10-07 06:00:00,12 days 06:00:00,294,24.76,167.38,999.7,44.1
2026-09-25,EP152026,12,2026-10-07 12:00:00,12 days 12:00:00,300,25.0,165.75,1001.4,41.3
2026-09-25,EP152026,12,2026-10-07 18:00:00,12 days 18:00:00,306,25.51,164.13,1001.4,41.4
2026-09-25,EP152026,12,2026-10-08 00:00:00,13 days 00:00:00,312,26.0,162.5,1001.3,41.5
2026-09-25,EP152026,12,2026-10-08 06:00:00,13 days 06:00:00,318,26.76,161.13,1000.9,42.1
2026-09-25,EP152026,12,2026-10-08 12:00:00,13 days 12:00:00,324,27.5,159.75,1000.5,42.8
2026-09-25,EP152026,12,2026-10-08 18:00:00,13 days 18:00:00,330,28.13,158.88,999.0,45.2
2026-09-25,EP152026,12,2026-10-09 00:00:00,14 days 00:00:00,336,28.75,158.0,997.5,47.5
2026-09-25,EP152026,12,2026-10-09 06:00:00,14 days 06:00:00,342,29.5,157.5,996.3,49.5
2026-09-25,EP152026,12,2026-10-09 12:00:00,14 days 12:00:00,348,30.25,157.0,995.0,51.4
2026-09-25,EP152026,12,2026-10-09 18:00:00,14 days 18:00:00,354,30.63,157.0,998.6,45.7
2026-09-25,EP152026,12,2026-10-10 00:00:00,15 days 00:00:00,360,31.0,157.0,1002.2,40.0
2026-09-25,EP162026,12,2026-09-25 00:00:00,0 days 00:00:00,0,17.0,-124.75,975.5,77.9
2026-09-25,EP162026,12,2026-09-25 06:00:00,0 days 06:00:00,6,17.25,-124.25,977.3,75.6
2026-09-25,EP162026,12,2026-09-25 12:00:00,0 days 12:00:00,12,17.5,-123.75,979.2,73.3
2026-09-25,EP162026,12,2026-09-25 18:00:00,0 days 18:00:00,18,17.87,-123.75,978.7,73.9
2026-09-25,EP162026,12,2026-09-26 00:00:00,1 days 00:00:00,24,18.25,-123.75,978.2,74.5
2026-09-25,EP162026,12,2026-09-26 06:00:00,1 days 06:00:00,30,18.5,-123.87,982.0,69.5
2026-09-25,EP162026,12,2026-09-26 12:00:00,1 days 12:00:00,36,18.75,-124.0,985.8,64.6
2026-09-25,EP162026,12,2026-09-26 18:00:00,1 days 18:00:00,42,19.38,-124.12,989.7,59.1
2026-09-25,EP162026,12,2026-09-27 00:00:00,2 days 00:00:00,48,20.0,-124.25,993.5,53.6
2026-09-25,EP162026,12,2026-09-27 06:00:00,2 days 06:00:00,54,20.25,-124.0,995.2,51.2
2026-09-25,EP162026,12,2026-09-27 12:00:00,2 days 12:00:00,60,20.5,-123.75,996.8,48.7
2026-09-25,EP162026,12,2026-09-27 18:00:00,2 days 18:00:00,66,22.08,-118.56,986.4,63.0
2026-09-25,EP162026,12,2026-09-28 00:00:00,3 days 00:00:00,72,23.5,-113.25,976.1,77.2
2026-09-25,EP162026,12,2026-09-28 06:00:00,3 days 06:00:00,78,24.5,-112.88,975.9,77.4
2026-09-25,EP162026,12,2026-09-28 12:00:00,3 days 12:00:00,84,25.5,-112.5,975.8,77.6
2026-09-25,EP162026,12,2026-09-28 18:00:00,3 days 18:00:00,90,26.63,-111.63,982.3,69.0
2026-09-25,EP162026,12,2026-09-29 00:00:00,4 days 00:00:00,96,27.75,-110.75,988.8,60.4
2026-09-25,EP162026,12,2026-09-29 06:00:00,4 days 06:00:00,102,29.28,-107.92,995.0,51.0
2026-09-25,EP162026,12,2026-09-29 12:00:00,4 days 12:00:00,108,30.75,-105.0,1001.3,41.5
2026-09-25,EP162026,12,2026-09-29 18:00:00,4 days 18:00:00,114,33.39,-103.65,1000.4,42.9
2026-09-25,EP162026,12,2026-09-30 00:00:00,5 days 00:00:00,120,36.04,-102.2,999.6,44.2
2026-09-25,EP162026,12,2026-09-30 06:00:00,5 days 06:00:00,126,38.66,-100.65,998.8,45.6
2026-09-25,EP162026,12,2026-09-30 12:00:00,5 days 12:00:00,132,41.25,-99.0,997.9,46.9
2026-09-25,EP172026,12,2026-09-25 00:00:00,0 days 00:00:00,0,17.0,-106.25,960.1,96.1
2026-09-25,EP172026,12,2026-09-25 06:00:00,0 days 06:00:00,6,17.13,-107.12,966.9,88.1
2026-09-25,EP172026,12,2026-09-25 12:00:00,0 days 12:00:00,12,17.25,-108.0,973.7,80.1
2026-09-25,EP172026,12,2026-09-25 18:00:00,0 days 18:00:00,18,17.5,-108.87,972.8,81.3
2026-09-25,EP172026,12,2026-09-26 00:00:00,1 days 00:00:00,24,17.75,-109.75,971.8,82.4
2026-09-25,EP172026,12,2026-09-26 06:00:00,1 days 06:00:00,30,18.13,-110.75,970.5,84.1
2026-09-25,EP172026,12,2026-09-26 12:00:00,1 days 12:00:00,36,18.5,-111.75,969.1,85.7
2026-09-25,EP172026,12,2026-09-26 18:00:00,1 days 18:00:00,42,19.25,-112.12,970.3,84.3
2026-09-25,EP172026,12,2026-09-27 00:00:00,2 days 00:00:00,48,20.0,-112.5,971.4,82.9
2026-09-25,EP172026,12,2026-09-27 06:00:00,2 days 06:00:00,54,21.0,-113.0,972.6,81.4
2026-09-25,EP172026,12,2026-09-27 12:00:00,2 days 12:00:00,60,22.0,-113.5,973.9,79.9
2026-09-25,EP172026,12,2026-09-27 18:00:00,2 days 18:00:00,66,22.75,-113.38,975.0,78.5
2026-09-25,EP172026,12,2026-09-28 00:00:00,3 days 00:00:00,72,23.5,-113.25,976.1,77.2
2026-09-25,WP252026,12,2026-09-25 00:00:00,0 days 00:00:00,0,20.25,130.25,1002.4,39.6
2026-09-25,WP252026,12,2026-09-25 06:00:00,0 days 06:00:00,6,20.88,129.5,1000.1,43.4
2026-09-25,WP252026,12,2026-09-25 12:00:00,0 days 12:00:00,12,21.5,128.75,997.8,47.1
2026-09-25,WP252026,12,2026-09-25 18:00:00,0 days 18:00:00,18,21.88,128.0,996.1,49.7
2026-09-25,WP252026,12,2026-09-26 00:00:00,1 days 00:00:00,24,22.25,127.25,994.5,52.3
2026-09-25,WP252026,12,2026-09-26 06:00:00,1 days 06:00:00,30,22.63,127.37,992.6,55.0
2026-09-25,WP252026,12,2026-09-26 12:00:00,1 days 12:00:00,36,23.0,127.5,990.8,57.7
2026-09-25,WP252026,12,2026-09-26 18:00:00,1 days 18:00:00,42,23.5,127.75,987.9,61.6
2026-09-25,WP252026,12,2026-09-27 00:00:00,2 days 00:00:00,48,24.0,128.0,985.0,65.6
2026-09-25,WP252026,12,2026-09-27 06:00:00,2 days 06:00:00,54,24.38,128.5,984.5,66.3
2026-09-25,WP252026,12,2026-09-27 12:00:00,2 days 12:00:00,60,24.75,129.0,983.9,67.1
2026-09-25,WP252026,12,2026-09-27 18:00:00,2 days 18:00:00,66,25.13,129.37,984.8,65.9
2026-09-25,WP252026,12,2026-09-28 00:00:00,3 days 00:00:00,72,25.5,129.75,985.7,64.7
2026-09-25,WP252026,12,2026-09-28 06:00:00,3 days 06:00:00,78,26.0,130.5,990.7,57.5
2026-09-25,WP252026,12,2026-09-28 12:00:00,3 days 12:00:00,84,26.5,131.25,995.7,50.4
2026-09-25,WP252026,12,2026-09-28 18:00:00,3 days 18:00:00,90,27.13,131.75,996.3,49.5
2026-09-25,WP252026,12,2026-09-29 00:00:00,4 days 00:00:00,96,27.75,132.25,996.9,48.6
2026-09-25,WP252026,12,2026-09-29 06:00:00,4 days 06:00:00,102,28.75,133.24,999.5,44.3
2026-09-25,WP252026,12,2026-09-29 12:00:00,4 days 12:00:00,108,29.75,134.25,1002.2,40.0
2026-09-25,WP252026,12,2026-09-29 18:00:00,4 days 18:00:00,114,30.25,135.12,1003.1,38.4
2026-09-25,WP252026,12,2026-09-30 00:00:00,5 days 00:00:00,120,30.75,136.0,1004.1,36.7
2026-09-25,WP252026,12,2026-09-30 06:00:00,5 days 06:00:00,126,31.88,137.36,1003.6,37.7
2026-09-25,WP252026,12,2026-09-30 12:00:00,5 days 12:00:00,132,33.0,138.75,1003.0,38.6
2026-09-25,AL062026,13,2026-09-25 00:00:00,0 days 00:00:00,0,30.0,-41.75,1015.2,13.2
2026-09-25,AL062026,13,2026-09-25 06:00:00,0 days 06:00:00,6,30.13,-42.25,1015.1,13.4
2026-09-25,AL062026,13,2026-09-25 12:00:00,0 days 12:00:00,12,30.25,-42.75,1015.1,13.5
2026-09-25,AL062026,13,2026-09-25 18:00:00,0 days 18:00:00,18,29.88,-43.13,1015.5,12.2
2026-09-25,AL062026,13,2026-09-26 00:00:00,1 days 00:00:00,24,29.5,-43.5,1016.0,10.9
2026-09-25,AL062026,13,2026-09-26 06:00:00,1 days 06:00:00,30,29.25,-44.0,1016.2,10.3
2026-09-25,AL062026,13,2026-09-26 12:00:00,1 days 12:00:00,36,29.0,-44.5,1016.3,9.7
2026-09-25,AL062026,13,2026-09-26 18:00:00,1 days 18:00:00,42,34.88,-44.27,1013.7,16.5
2026-09-25,AL062026,13,2026-09-27 00:00:00,2 days 00:00:00,48,40.75,-44.0,1011.0,23.3
2026-09-25,AL062026,13,2026-09-27 06:00:00,2 days 06:00:00,54,40.29,-41.1,1008.9,27.6
2026-09-25,AL062026,13,2026-09-27 12:00:00,2 days 12:00:00,60,39.75,-38.25,1006.7,31.9
2026-09-25,EP152026,13,2026-09-25 00:00:00,0 days 00:00:00,0,14.75,-156.0,983.9,67.1
2026-09-25,EP152026,13,2026-09-25 06:00:00,0 days 06:00:00,6,15.12,-156.0,985.4,65.1
2026-09-25,EP152026,13,2026-09-25 12:00:00,0 days 12:00:00,12,15.5,-156.0,986.8,63.2
2026-09-25,EP152026,13,2026-09-25 18:00:00,0 days 18:00:00,18,16.0,-155.5,988.6,60.7
2026-09-25,EP152026,13,2026-09-26 00:00:00,1 days 00:00:00,24,16.5,-155.0,990.4,58.2
2026-09-25,EP152026,13,2026-09-26 06:00:00,1 days 06:00:00,30,16.75,-155.0,987.5,62.1
2026-09-25,EP152026,13,2026-09-26 12:00:00,1 days 12:00:00,36,17.0,-155.0,984.7,66.0
2026-09-25,EP152026,13,2026-09-26 18:00:00,1 days 18:00:00,42,17.0,-155.38,984.2,66.7
2026-09-25,EP152026,13,2026-09-27 00:00:00,2 days 00:00:00,48,17.0,-155.75,983.7,67.4
2026-09-25,EP152026,13,2026-09-27 06:00:00,2 days 06:00:00,54,16.63,-156.5,985.0,65.6
2026-09-25,EP152026,13,2026-09-27 12:00:00,2 days 12:00:00,60,16.25,-157.25,986.4,63.8
2026-09-25,EP152026,13,2026-09-27 18:00:00,2 days 18:00:00,66,16.0,-158.25,985.9,64.4
2026-09-25,EP152026,13,2026-09-28 00:00:00,3 days 00:00:00,72,15.75,-159.25,985.5,64.9
2026-09-25,EP152026,13,2026-09-28 06:00:00,3 days 06:00:00,78,15.75,-160.25,986.4,63.8
2026-09-25,EP152026,13,2026-09-28 12:00:00,3 days 12:00:00,84,15.75,-161.25,987.2,62.6
2026-09-25,EP152026,13,2026-09-28 18:00:00,3 days 18:00:00,90,16.13,-162.25,985.7,64.6
2026-09-25,EP152026,13,2026-09-29 00:00:00,4 days 00:00:00,96,16.5,-163.25,984.3,66.6
2026-09-25,EP152026,13,2026-09-29 06:00:00,4 days 06:00:00,102,17.13,-163.75,987.1,62.7
2026-09-25,EP152026,13,2026-09-29 12:00:00,4 days 12:00:00,108,17.75,-164.25,990.0,58.7
2026-09-25,EP152026,13,2026-09-29 18:00:00,4 days 18:00:00,114,18.63,-164.13,987.4,62.3
2026-09-25,EP152026,13,2026-09-30 00:00:00,5 days 00:00:00,120,19.5,-164.0,984.9,65.8
2026-09-25,EP152026,13,2026-09-30 06:00:00,5 days 06:00:00,126,20.63,-163.75,986.7,63.3
2026-09-25,EP152026,13,2026-09-30 12:00:00,5 days 12:00:00,132,21.75,-163.5,988.5,60.8
2026-09-25,EP152026,13,2026-09-30 18:00:00,5 days 18:00:00,138,23.25,-163.38,990.3,58.3
2026-09-25,EP152026,13,2026-10-01 00:00:00,6 days 00:00:00,144,24.75,-163.25,992.0,55.8
2026-09-25,EP152026,13,2026-10-01 06:00:00,6 days 06:00:00,150,26.38,-164.36,989.5,59.5
2026-09-25,EP152026,13,2026-10-01 12:00:00,6 days 12:00:00,156,28.0,-165.5,986.9,63.1
2026-09-25,EP152026,13,2026-10-01 18:00:00,6 days 18:00:00,162,28.75,-166.37,990.0,58.6
2026-09-25,EP152026,13,2026-10-02 00:00:00,7 days 00:00:00,168,29.5,-167.25,993.2,54.2
2026-09-25,EP152026,13,2026-10-02 06:00:00,7 days 06:00:00,174,29.75,-167.13,993.1,54.3
2026-09-25,EP152026,13,2026-10-02 12:00:00,7 days 12:00:00,180,30.0,-167.0,993.0,54.5
2026-09-25,EP152026,13,2026-10-02 18:00:00,7 days 18:00:00,186,30.5,-167.0,994.9,51.5
2026-09-25,EP152026,13,2026-10-03 00:00:00,8 days 00:00:00,192,31.0,-167.0,996.9,48.6
2026-09-25,EP152026,13,2026-10-03 06:00:00,8 days 06:00:00,198,31.5,-167.25,998.3,46.4
2026-09-25,EP152026,13,2026-10-03 12:00:00,8 days 12:00:00,204,32.0,-167.5,999.7,44.2
2026-09-25,EP152026,13,2026-10-03 18:00:00,8 days 18:00:00,210,32.13,-168.25,1002.6,39.2
2026-09-25,EP152026,13,2026-10-04 00:00:00,9 days 00:00:00,216,32.25,-169.0,1005.5,34.3
2026-09-25,EP162026,13,2026-09-25 00:00:00,0 days 00:00:00,0,17.0,-124.75,975.5,77.9
2026-09-25,EP162026,13,2026-09-25 06:00:00,0 days 06:00:00,6,17.25,-124.25,978.9,73.6
2026-09-25,EP162026,13,2026-09-25 12:00:00,0 days 12:00:00,12,17.5,-123.75,982.3,69.2
2026-09-25,EP162026,13,2026-09-25 18:00:00,0 days 18:00:00,18,17.88,-123.63,981.4,70.4
2026-09-25,EP162026,13,2026-09-26 00:00:00,1 days 00:00:00,24,18.25,-123.5,980.5,71.6
2026-09-25,EP162026,13,2026-09-26 06:00:00,1 days 06:00:00,30,18.75,-123.5,981.4,70.5
2026-09-25,EP162026,13,2026-09-26 12:00:00,1 days 12:00:00,36,19.25,-123.5,982.2,69.3
2026-09-25,EP162026,13,2026-09-26 18:00:00,1 days 18:00:00,42,19.75,-123.5,986.2,63.9
2026-09-25,EP162026,13,2026-09-27 00:00:00,2 days 00:00:00,48,20.25,-123.5,990.1,58.5
2026-09-25,EP162026,13,2026-09-27 06:00:00,2 days 06:00:00,54,20.75,-123.38,993.8,53.1
2026-09-25,EP162026,13,2026-09-27 12:00:00,2 days 12:00:00,60,21.25,-123.25,997.5,47.6
2026-09-25,EP162026,13,2026-09-27 18:00:00,2 days 18:00:00,66,21.5,-123.0,997.8,47.2
2026-09-25,EP162026,13,2026-09-28 00:00:00,3 days 00:00:00,72,21.75,-122.75,998.1,46.7
2026-09-25,EP162026,13,2026-09-28 06:00:00,3 days 06:00:00,78,23.46,-117.69,982.9,67.0
2026-09-25,EP162026,13,2026-09-28 12:00:00,3 days 12:00:00,84,25.0,-112.5,967.8,87.3
2026-09-25,EP162026,13,2026-09-28 18:00:00,3 days 18:00:00,90,26.38,-111.76,973.6,80.2
2026-09-25,EP162026,13,2026-09-29 00:00:00,4 days 00:00:00,96,27.75,-111.0,979.3,73.1
2026-09-25,EP162026,13,2026-09-29 06:00:00,4 days 06:00:00,102,29.64,-109.04,988.4,60.4
2026-09-25,EP162026,13,2026-09-29 12:00:00,4 days 12:00:00,108,31.5,-107.0,997.4,47.7
2026-09-25,EP162026,13,2026-09-29 18:00:00,4 days 18:00:00,114,30.14,-104.97,997.7,47.3
2026-09-25,EP162026,13,2026-09-30 00:00:00,5 days 00:00:00,120,28.75,-103.0,997.9,46.9
2026-09-25,EP162026,13,2026-09-30 06:00:00,5 days 06:00:00,126,34.63,-101.95,995.6,50.5
2026-09-25,EP162026,13,2026-09-30 12:00:00,5 days 12:00:00,132,40.5,-100.75,993.2,54.1
2026-09-25,EP172026,13,2026-09-25 00:00:00,0 days 00:00:00,0,17.0,-106.25,960.1,96.1
2026-09-25,EP172026,13,2026-09-25 06:00:00,0 days 06:00:00,6,17.13,-107.12,964.6,91.0
2026-09-25,EP172026,13,2026-09-25 12:00:00,0 days 12:00:00,12,17.25,-108.0,969.0,85.8
2026-09-25,EP172026,13,2026-09-25 18:00:00,0 days 18:00:00,18,17.5,-108.87,969.3,85.5
2026-09-25,EP172026,13,2026-09-26 00:00:00,1 days 00:00:00,24,17.75,-109.75,969.6,85.1
2026-09-25,EP172026,13,2026-09-26 06:00:00,1 days 06:00:00,30,18.13,-110.62,969.8,84.8
2026-09-25,EP172026,13,2026-09-26 12:00:00,1 days 12:00:00,36,18.5,-111.5,970.1,84.5
2026-09-25,EP172026,13,2026-09-26 18:00:00,1 days 18:00:00,42,19.13,-112.12,972.3,81.8
2026-09-25,EP172026,13,2026-09-27 00:00:00,2 days 00:00:00,48,19.75,-112.75,974.5,79.1
2026-09-25,EP172026,13,2026-09-27 06:00:00,2 days 06:00:00,54,20.38,-112.87,977.1,75.8
2026-09-25,EP172026,13,2026-09-27 12:00:00,2 days 12:00:00,60,21.0,-113.0,979.7,72.5
2026-09-25,EP172026,13,2026-09-27 18:00:00,2 days 18:00:00,66,22.0,-113.25,975.4,78.0
2026-09-25,EP172026,13,2026-09-28 00:00:00,3 days 00:00:00,72,23.0,-113.5,971.0,83.5
2026-09-25,EP172026,13,2026-09-28 06:00:00,3 days 06:00:00,78,24.0,-113.0,969.4,85.4
2026-09-25,EP172026,13,2026-09-28 12:00:00,3 days 12:00:00,84,25.0,-112.5,967.8,87.3
2026-09-25,WP252026,13,2026-09-25 00:00:00,0 days 00:00:00,0,20.25,130.25,1002.4,39.6
2026-09-25,WP252026,13,2026-09-25 06:00:00,0 days 06:00:00,6,20.75,129.25,1000.3,43.2
2026-09-25,WP252026,13,2026-09-25 12:00:00,0 days 12:00:00,12,21.25,128.25,998.1,46.7
2026-09-25,WP252026,13,2026-09-25 18:00:00,0 days 18:00:00,18,21.88,127.63,996.2,49.6
2026-09-25,WP252026,13,2026-09-26 00:00:00,1 days 00:00:00,24,22.5,127.0,994.3,52.5
2026-09-25,WP252026,13,2026-09-26 06:00:00,1 days 06:00:00,30,22.88,126.88,991.9,56.0
2026-09-25,WP252026,13,2026-09-26 12:00:00,1 days 12:00:00,36,23.25,126.75,989.5,59.4
2026-09-25,WP252026,13,2026-09-26 18:00:00,1 days 18:00:00,42,23.5,127.0,990.6,57.9
2026-09-25,WP252026,13,2026-09-27 00:00:00,2 days 00:00:00,48,23.75,127.25,991.7,56.4
2026-09-25,WP252026,13,2026-09-27 06:00:00,2 days 06:00:00,54,24.25,127.75,991.9,56.0
2026-09-25,WP252026,13,2026-09-27 12:00:00,2 days 12:00:00,60,24.75,128.25,992.2,55.6
2026-09-25,WP252026,13,2026-09-27 18:00:00,2 days 18:00:00,66,25.38,128.75,994.1,52.7
2026-09-25,WP252026,13,2026-09-28 00:00:00,3 days 00:00:00,72,26.0,129.25,996.0,49.9
2026-09-25,WP252026,13,2026-09-28 06:00:00,3 days 06:00:00,78,26.25,130.0,995.7,50.4
2026-09-25,WP252026,13,2026-09-28 12:00:00,3 days 12:00:00,84,26.5,130.75,995.3,51.0
2026-09-25,WP252026,13,2026-09-28 18:00:00,3 days 18:00:00,90,26.75,131.12,996.2,49.6
2026-09-25,WP252026,13,2026-09-29 00:00:00,4 days 00:00:00,96,27.0,131.5,997.1,48.3
2026-09-25,WP252026,13,2026-09-29 06:00:00,4 days 06:00:00,102,26.88,131.88,996.0,50.0
2026-09-25,WP252026,13,2026-09-29 12:00:00,4 days 12:00:00,108,26.75,132.25,994.9,51.6
2026-09-25,WP252026,13,2026-09-29 18:00:00,4 days 18:00:00,114,27.0,132.0,995.8,50.3
2026-09-25,WP252026,13,2026-09-30 00:00:00,5 days 00:00:00,120,27.25,131.75,996.7,48.9
2026-09-25,WP252026,13,2026-09-30 06:00:00,5 days 06:00:00,126,27.38,131.87,997.8,47.2
2026-09-25,WP252026,13,2026-09-30 12:00:00,5 days 12:00:00,132,27.5,132.0,998.9,45.5
2026-09-25,WP252026,13,2026-09-30 18:00:00,5 days 18:00:00,138,27.88,131.75,999.3,44.7
2026-09-25,WP252026,13,2026-10-01 00:00:00,6 days 00:00:00,144,28.25,131.5,999.8,44.0
2026-09-25,WP252026,13,2026-10-01 06:00:00,6 days 06:00:00,150,28.25,131.62,999.7,44.0
2026-09-25,WP252026,13,2026-10-01 12:00:00,6 days 12:00:00,156,28.25,131.75,999.7,44.1
2026-09-25,WP252026,13,2026-10-01 18:00:00,6 days 18:00:00,162,28.38,132.12,1000.7,42.4
2026-09-25,WP252026,13,2026-10-02 00:00:00,7 days 00:00:00,168,28.5,132.5,1001.7,40.8
2026-09-25,WP252026,13,2026-10-02 06:00:00,7 days 06:00:00,174,28.75,132.38,1002.7,39.1
2026-09-25,WP252026,13,2026-10-02 12:00:00,7 days 12:00:00,180,29.0,132.25,1003.7,37.3
2026-09-25,WP252026,13,2026-10-02 18:00:00,7 days 18:00:00,186,25.03,135.35,984.4,63.9
2026-09-25,WP252026,13,2026-10-03 00:00:00,8 days 00:00:00,192,21.0,138.25,965.0,90.5
2026-09-25,WP252026,13,2026-10-03 06:00:00,8 days 06:00:00,198,21.63,138.37,963.9,91.7
2026-09-25,WP252026,13,2026-10-03 12:00:00,8 days 12:00:00,204,22.25,138.5,962.9,93.0
2026-09-25,WP252026,13,2026-10-03 18:00:00,8 days 18:00:00,210,22.88,138.62,961.3,94.7
2026-09-25,WP252026,13,2026-10-04 00:00:00,9 days 00:00:00,216,23.5,138.75,959.8,96.5
2026-09-25,WP252026,13,2026-10-04 06:00:00,9 days 06:00:00,222,24.13,139.0,958.2,98.2
2026-09-25,WP252026,13,2026-10-04 12:00:00,9 days 12:00:00,228,24.75,139.25,956.7,99.9
2026-09-25,WP252026,13,2026-10-04 18:00:00,9 days 18:00:00,234,25.5,139.13,957.5,99.0
2026-09-25,WP252026,13,2026-10-05 00:00:00,10 days 00:00:00,240,26.25,139.0,958.3,98.1
2026-09-25,WP252026,13,2026-10-05 06:00:00,10 days 06:00:00,246,26.88,139.0,955.1,101.6
2026-09-25,WP252026,13,2026-10-05 12:00:00,10 days 12:00:00,252,27.5,139.0,952.0,105.1
2026-09-25,WP252026,13,2026-10-05 18:00:00,10 days 18:00:00,258,28.38,138.75,954.9,101.8
2026-09-25,WP252026,13,2026-10-06 00:00:00,11 days 00:00:00,264,29.25,138.5,957.9,98.6
2026-09-25,WP252026,13,2026-10-06 06:00:00,11 days 06:00:00,270,30.75,139.24,960.3,95.8
2026-09-25,WP252026,13,2026-10-06 12:00:00,11 days 12:00:00,276,32.25,140.0,962.7,93.1
2026-09-25,WP252026,13,2026-10-06 18:00:00,11 days 18:00:00,282,34.14,142.08,965.9,89.5
2026-09-25,WP252026,13,2026-10-07 00:00:00,12 days 00:00:00,288,36.0,144.25,969.0,85.8
2026-09-25,WP252026,13,2026-10-07 06:00:00,12 days 06:00:00,294,38.97,148.69,976.6,76.3
2026-09-25,WP252026,13,2026-10-07 12:00:00,12 days 12:00:00,300,41.75,153.5,984.2,66.7
2026-09-25,AL062026,14,2026-09-25 00:00:00,0 days 00:00:00,0,30.0,-41.75,1015.2,13.2
2026-09-25,AL062026,14,2026-09-25 06:00:00,0 days 06:00:00,6,29.88,-42.38,1015.8,11.4
2026-09-25,AL062026,14,2026-09-25 12:00:00,0 days 12:00:00,12,29.75,-43.0,1016.4,9.6
2026-09-25,AL062026,14,2026-09-25 18:00:00,0 days 18:00:00,18,29.88,-43.0,1015.8,11.3
2026-09-25,AL062026,14,2026-09-26 00:00:00,1 days 00:00:00,24,30.0,-43.0,1015.3,13.0
2026-09-25,AL062026,14,2026-09-26 06:00:00,1 days 06:00:00,30,29.88,-43.5,1015.3,13.0
2026-09-25,AL062026,14,2026-09-26 12:00:00,1 days 12:00:00,36,29.75,-44.0,1015.3,13.0
2026-09-25,AL062026,14,2026-09-26 18:00:00,1 days 18:00:00,42,29.63,-44.25,1015.2,13.1
2026-09-25,AL062026,14,2026-09-27 00:00:00,2 days 00:00:00,48,29.5,-44.5,1015.1,13.3
2026-09-25,EP152026,14,2026-09-25 00:00:00,0 days 00:00:00,0,14.75,-156.0,983.9,67.1
2026-09-25,EP152026,14,2026-09-25 06:00:00,0 days 06:00:00,6,15.25,-156.12,983.8,67.3
2026-09-25,EP152026,14,2026-09-25 12:00:00,0 days 12:00:00,12,15.75,-156.25,983.6,67.5
2026-09-25,EP152026,14,2026-09-25 18:00:00,0 days 18:00:00,18,16.13,-155.88,984.6,66.2
2026-09-25,EP152026,14,2026-09-26 00:00:00,1 days 00:00:00,24,16.5,-155.5,985.5,65.0
2026-09-25,EP152026,14,2026-09-26 06:00:00,1 days 06:00:00,30,16.75,-155.5,986.8,63.2
2026-09-25,EP152026,14,2026-09-26 12:00:00,1 days 12:00:00,36,17.0,-155.5,988.1,61.5
2026-09-25,EP152026,14,2026-09-26 18:00:00,1 days 18:00:00,42,17.13,-155.75,987.2,62.6
2026-09-25,EP152026,14,2026-09-27 00:00:00,2 days 00:00:00,48,17.25,-156.0,986.4,63.8
2026-09-25,EP152026,14,2026-09-27 06:00:00,2 days 06:00:00,54,17.13,-156.75,986.6,63.5
2026-09-25,EP152026,14,2026-09-27 12:00:00,2 days 12:00:00,60,17.0,-157.5,986.8,63.1
2026-09-25,EP152026,14,2026-09-27 18:00:00,2 days 18:00:00,66,16.63,-158.38,985.1,65.4
2026-09-25,EP152026,14,2026-09-28 00:00:00,3 days 00:00:00,72,16.25,-159.25,983.4,67.7
2026-09-25,EP152026,14,2026-09-28 06:00:00,3 days 06:00:00,78,16.63,-160.12,982.2,69.3
2026-09-25,EP152026,14,2026-09-28 12:00:00,3 days 12:00:00,84,17.0,-161.0,981.0,70.9
2026-09-25,EP152026,14,2026-09-28 18:00:00,3 days 18:00:00,90,17.38,-161.87,981.9,69.7
2026-09-25,EP152026,14,2026-09-29 00:00:00,4 days 00:00:00,96,17.75,-162.75,982.8,68.6
2026-09-25,EP152026,14,2026-09-29 06:00:00,4 days 06:00:00,102,18.63,-163.37,982.1,69.5
2026-09-25,EP152026,14,2026-09-29 12:00:00,4 days 12:00:00,108,19.5,-164.0,981.3,70.5
2026-09-25,EP152026,14,2026-09-29 18:00:00,4 days 18:00:00,114,20.25,-164.12,982.7,68.7
2026-09-25,EP152026,14,2026-09-30 00:00:00,5 days 00:00:00,120,21.0,-164.25,984.0,66.9
2026-09-25,EP152026,14,2026-09-30 06:00:00,5 days 06:00:00,126,21.88,-163.75,985.8,64.5
2026-09-25,EP152026,14,2026-09-30 12:00:00,5 days 12:00:00,132,22.75,-163.25,987.6,62.1
2026-09-25,EP152026,14,2026-09-30 18:00:00,5 days 18:00:00,138,23.5,-163.13,988.0,61.5
2026-09-25,EP152026,14,2026-10-01 00:00:00,6 days 00:00:00,144,24.25,-163.0,988.5,60.9
2026-09-25,EP152026,14,2026-10-01 06:00:00,6 days 06:00:00,150,24.88,-163.75,987.8,61.9
2026-09-25,EP152026,14,2026-10-01 12:00:00,6 days 12:00:00,156,25.5,-164.5,987.0,62.9
2026-09-25,EP152026,14,2026-10-01 18:00:00,6 days 18:00:00,162,25.38,-165.75,986.1,64.2
2026-09-25,EP152026,14,2026-10-02 00:00:00,7 days 00:00:00,168,25.25,-167.0,985.1,65.5
2026-09-25,EP152026,14,2026-10-02 06:00:00,7 days 06:00:00,174,24.38,-167.5,987.3,62.5
2026-09-25,EP152026,14,2026-10-02 12:00:00,7 days 12:00:00,180,23.5,-168.0,989.5,59.5
2026-09-25,EP152026,14,2026-10-02 18:00:00,7 days 18:00:00,186,23.13,-168.88,988.9,60.3
2026-09-25,EP152026,14,2026-10-03 00:00:00,8 days 00:00:00,192,22.75,-169.75,988.4,61.0
2026-09-25,EP152026,14,2026-10-03 06:00:00,8 days 06:00:00,198,22.63,-170.75,986.0,64.2
2026-09-25,EP152026,14,2026-10-03 12:00:00,8 days 12:00:00,204,22.5,-171.75,983.7,67.4
2026-09-25,EP152026,14,2026-10-03 18:00:00,8 days 18:00:00,210,22.76,-173.37,983.8,67.3
2026-09-25,EP152026,14,2026-10-04 00:00:00,9 days 00:00:00,216,23.0,-175.0,983.9,67.1
2026-09-25,EP152026,14,2026-10-04 06:00:00,9 days 06:00:00,222,23.38,-176.25,979.4,72.9
2026-09-25,EP152026,14,2026-10-04 12:00:00,9 days 12:00:00,228,23.75,-177.5,974.9,78.6
2026-09-25,EP152026,14,2026-10-04 18:00:00,9 days 18:00:00,234,24.39,-179.24,977.5,75.4
2026-09-25,EP152026,14,2026-10-05 00:00:00,10 days 00:00:00,240,25.0,179.0,980.1,72.1
2026-09-25,EP152026,14,2026-10-05 06:00:00,10 days 06:00:00,246,25.76,177.26,982.1,69.5
2026-09-25,EP152026,14,2026-10-05 12:00:00,10 days 12:00:00,252,26.5,175.5,984.1,66.8
2026-09-25,EP152026,14,2026-10-05 18:00:00,10 days 18:00:00,258,27.76,173.65,987.4,62.3
2026-09-25,EP152026,14,2026-10-06 00:00:00,11 days 00:00:00,264,29.0,171.75,990.6,57.9
2026-09-25,EP152026,14,2026-10-06 06:00:00,11 days 06:00:00,270,30.25,170.76,994.1,52.7
2026-09-25,EP152026,14,2026-10-06 12:00:00,11 days 12:00:00,276,31.5,169.75,997.5,47.6
2026-09-25,EP152026,14,2026-10-06 18:00:00,11 days 18:00:00,282,33.13,170.0,996.1,49.7
2026-09-25,EP152026,14,2026-10-07 00:00:00,12 days 00:00:00,288,34.75,170.25,994.7,51.9
2026-09-25,EP152026,14,2026-10-07 06:00:00,12 days 06:00:00,294,35.64,172.23,996.6,49.0
2026-09-25,EP152026,14,2026-10-07 12:00:00,12 days 12:00:00,300,36.5,174.25,998.4,46.2
2026-09-25,EP152026,14,2026-10-07 18:00:00,12 days 18:00:00,306,37.03,176.73,1001.7,40.6
2026-09-25,EP152026,14,2026-10-08 00:00:00,13 days 00:00:00,312,37.5,179.25,1005.1,35.0
2026-09-25,EP152026,14,2026-10-08 06:00:00,13 days 06:00:00,318,37.77,-178.51,1008.0,29.2
2026-09-25,EP152026,14,2026-10-08 12:00:00,13 days 12:00:00,324,38.0,-176.25,1010.9,23.5
2026-09-25,EP162026,14,2026-09-25 00:00:00,0 days 00:00:00,0,17.0,-124.75,975.5,77.9
2026-09-25,EP162026,14,2026-09-25 06:00:00,0 days 06:00:00,6,17.25,-124.25,976.0,77.3
2026-09-25,EP162026,14,2026-09-25 12:00:00,0 days 12:00:00,12,17.5,-123.75,976.4,76.7
2026-09-25,EP162026,14,2026-09-25 18:00:00,0 days 18:00:00,18,17.62,-123.75,977.0,76.0
2026-09-25,EP162026,14,2026-09-26 00:00:00,1 days 00:00:00,24,17.75,-123.75,977.6,75.2
2026-09-25,EP162026,14,2026-09-26 06:00:00,1 days 06:00:00,30,18.0,-123.75,980.7,71.2
2026-09-25,EP162026,14,2026-09-26 12:00:00,1 days 12:00:00,36,18.25,-123.75,983.9,67.2
2026-09-25,EP162026,14,2026-09-26 18:00:00,1 days 18:00:00,42,18.62,-123.75,988.1,61.3
2026-09-25,EP162026,14,2026-09-27 00:00:00,2 days 00:00:00,48,19.0,-123.75,992.3,55.4
2026-09-25,EP162026,14,2026-09-27 06:00:00,2 days 06:00:00,54,19.63,-123.13,995.3,50.8
2026-09-25,EP162026,14,2026-09-27 12:00:00,2 days 12:00:00,60,20.25,-122.5,998.3,46.3
2026-09-25,EP162026,14,2026-09-27 18:00:00,2 days 18:00:00,66,20.5,-121.88,999.8,43.9
2026-09-25,EP162026,14,2026-09-28 00:00:00,3 days 00:00:00,72,20.75,-121.25,1001.2,41.6
2026-09-25,EP162026,14,2026-09-28 06:00:00,3 days 06:00:00,78,23.57,-116.72,991.9,55.2
2026-09-25,EP162026,14,2026-09-28 12:00:00,3 days 12:00:00,84,26.25,-112.0,982.6,68.8
2026-09-25,EP162026,14,2026-09-28 18:00:00,3 days 18:00:00,90,27.25,-111.38,987.9,61.4
2026-09-25,EP162026,14,2026-09-29 00:00:00,4 days 00:00:00,96,28.25,-110.75,993.3,54.0
2026-09-25,EP162026,14,2026-09-29 06:00:00,4 days 06:00:00,102,28.67,-108.84,994.1,52.7
2026-09-25,EP162026,14,2026-09-29 12:00:00,4 days 12:00:00,108,29.06,-106.9,995.0,51.4
2026-09-25,EP162026,14,2026-09-29 18:00:00,4 days 18:00:00,114,29.42,-104.96,995.8,50.1
2026-09-25,EP162026,14,2026-09-30 00:00:00,5 days 00:00:00,120,29.75,-103.0,996.7,48.9
2026-09-25,EP172026,14,2026-09-25 00:00:00,0 days 00:00:00,0,17.0,-106.25,960.1,96.1
2026-09-25,EP172026,14,2026-09-25 06:00:00,0 days 06:00:00,6,17.13,-107.12,967.1,87.9
2026-09-25,EP172026,14,2026-09-25 12:00:00,0 days 12:00:00,12,17.25,-108.0,974.0,79.7
2026-09-25,EP172026,14,2026-09-25 18:00:00,0 days 18:00:00,18,17.63,-109.0,973.7,80.2
2026-09-25,EP172026,14,2026-09-26 00:00:00,1 days 00:00:00,24,18.0,-110.0,973.3,80.6
2026-09-25,EP172026,14,2026-09-26 06:00:00,1 days 06:00:00,30,18.25,-110.5,969.1,85.6
2026-09-25,EP172026,14,2026-09-26 12:00:00,1 days 12:00:00,36,18.5,-111.0,964.9,90.7
2026-09-25,EP172026,14,2026-09-26 18:00:00,1 days 18:00:00,42,19.25,-111.62,968.2,86.7
2026-09-25,EP172026,14,2026-09-27 00:00:00,2 days 00:00:00,48,20.0,-112.25,971.5,82.8
2026-09-25,EP172026,14,2026-09-27 06:00:00,2 days 06:00:00,54,21.0,-112.5,969.7,84.9
2026-09-25,EP172026,14,2026-09-27 12:00:00,2 days 12:00:00,60,22.0,-112.75,968.0,87.0
2026-09-25,EP172026,14,2026-09-27 18:00:00,2 days 18:00:00,66,23.0,-112.63,971.8,82.4
2026-09-25,EP172026,14,2026-09-28 00:00:00,3 days 00:00:00,72,24.0,-112.5,975.6,77.8
2026-09-25,EP172026,14,2026-09-28 06:00:00,3 days 06:00:00,78,25.13,-112.25,979.1,73.3
2026-09-25,EP172026,14,2026-09-28 12:00:00,3 days 12:00:00,84,26.25,-112.0,982.6,68.8
2026-09-25,WP252026,14,2026-09-25 00:00:00,0 days 00:00:00,0,20.25,130.25,1002.4,39.6
2026-09-25,WP252026,14,2026-09-25 06:00:00,0 days 06:00:00,6,20.88,129.25,1001.0,42.0
2026-09-25,WP252026,14,2026-09-25 12:00:00,0 days 12:00:00,12,21.5,128.25,999.5,44.5
2026-09-25,WP252026,14,2026-09-25 18:00:00,0 days 18:00:00,18,21.88,127.75,996.4,49.2
2026-09-25,WP252026,14,2026-09-26 00:00:00,1 days 00:00:00,24,22.25,127.25,993.3,54.0
2026-09-25,WP252026,14,2026-09-26 06:00:00,1 days 06:00:00,30,22.88,127.13,993.1,54.2
2026-09-25,WP252026,14,2026-09-26 12:00:00,1 days 12:00:00,36,23.5,127.0,993.0,54.5
2026-09-25,WP252026,14,2026-09-26 18:00:00,1 days 18:00:00,42,23.75,127.0,991.7,56.3
2026-09-25,WP252026,14,2026-09-27 00:00:00,2 days 00:00:00,48,24.0,127.0,990.4,58.1
2026-09-25,WP252026,14,2026-09-27 06:00:00,2 days 06:00:00,54,24.38,127.37,989.5,59.5
2026-09-25,WP252026,14,2026-09-27 12:00:00,2 days 12:00:00,60,24.75,127.75,988.5,60.8
2026-09-25,WP252026,14,2026-09-27 18:00:00,2 days 18:00:00,66,25.25,127.87,991.4,56.7
2026-09-25,WP252026,14,2026-09-28 00:00:00,3 days 00:00:00,72,25.75,128.0,994.2,52.6
2026-09-25,WP252026,14,2026-09-28 06:00:00,3 days 06:00:00,78,26.13,128.62,994.7,51.9
2026-09-25,WP252026,14,2026-09-28 12:00:00,3 days 12:00:00,84,26.5,129.25,995.1,51.3
2026-09-25,WP252026,14,2026-09-28 18:00:00,3 days 18:00:00,90,27.13,129.75,997.9,46.8
2026-09-25,WP252026,14,2026-09-29 00:00:00,4 days 00:00:00,96,27.75,130.25,1000.8,42.3
2026-09-25,WP252026,14,2026-09-29 06:00:00,4 days 06:00:00,102,28.13,131.25,1000.9,42.1
2026-09-25,WP252026,14,2026-09-29 12:00:00,4 days 12:00:00,108,28.5,132.25,1001.0,41.9
2026-09-25,WP252026,14,2026-09-29 18:00:00,4 days 18:00:00,114,29.25,133.24,1000.6,42.7
2026-09-25,WP252026,14,2026-09-30 00:00:00,5 days 00:00:00,120,30.0,134.25,1000.1,43.4
2026-09-25,WP252026,14,2026-09-30 06:00:00,5 days 06:00:00,126,30.75,135.37,999.7,44.1
2026-09-25,WP252026,14,2026-09-30 12:00:00,5 days 12:00:00,132,31.5,136.5,999.3,44.7
2026-09-25,WP252026,14,2026-09-30 18:00:00,5 days 18:00:00,138,32.89,138.35,998.9,45.4
2026-09-25,WP252026,14,2026-10-01 00:00:00,6 days 00:00:00,144,34.25,140.25,998.5,46.0
2026-09-25,WP252026,14,2026-10-01 06:00:00,6 days 06:00:00,150,36.17,143.54,1000.1,43.4
2026-09-25,WP252026,14,2026-10-01 12:00:00,6 days 12:00:00,156,38.0,147.0,1001.8,40.7
2026-09-25,EP152026,15,2026-09-25 00:00:00,0 days 00:00:00,0,14.75,-156.0,983.9,67.1
2026-09-25,EP152026,15,2026-09-25 06:00:00,0 days 06:00:00,6,15.13,-155.88,983.4,67.8
2026-09-25,EP152026,15,2026-09-25 12:00:00,0 days 12:00:00,12,15.5,-155.75,982.9,68.5
2026-09-25,EP152026,15,2026-09-25 18:00:00,0 days 18:00:00,18,16.0,-155.63,983.7,67.4
2026-09-25,EP152026,15,2026-09-26 00:00:00,1 days 00:00:00,24,16.5,-155.5,984.5,66.3
2026-09-25,EP152026,15,2026-09-26 06:00:00,1 days 06:00:00,30,16.63,-155.38,983.9,67.2
2026-09-25,EP152026,15,2026-09-26 12:00:00,1 days 12:00:00,36,16.75,-155.25,983.2,68.0
2026-09-25,EP152026,15,2026-09-26 18:00:00,1 days 18:00:00,42,16.88,-155.75,983.7,67.4
2026-09-25,EP152026,15,2026-09-27 00:00:00,2 days 00:00:00,48,17.0,-156.25,984.1,66.8
2026-09-25,EP152026,15,2026-09-27 06:00:00,2 days 06:00:00,54,16.75,-156.88,982.6,68.8
2026-09-25,EP152026,15,2026-09-27 12:00:00,2 days 12:00:00,60,16.5,-157.5,981.1,70.7
2026-09-25,EP152026,15,2026-09-27 18:00:00,2 days 18:00:00,66,16.25,-158.5,981.3,70.5
2026-09-25,EP152026,15,2026-09-28 00:00:00,3 days 00:00:00,72,16.0,-159.5,981.5,70.3
2026-09-25,EP152026,15,2026-09-28 06:00:00,3 days 06:00:00,78,16.38,-160.62,981.8,69.9
2026-09-25,EP152026,15,2026-09-28 12:00:00,3 days 12:00:00,84,16.75,-161.75,982.1,69.5
2026-09-25,EP152026,15,2026-09-28 18:00:00,3 days 18:00:00,90,17.38,-162.75,986.1,64.0
2026-09-25,EP152026,15,2026-09-29 00:00:00,4 days 00:00:00,96,18.0,-163.75,990.2,58.5
2026-09-25,EP152026,15,2026-09-29 06:00:00,4 days 06:00:00,102,18.75,-164.37,985.8,64.4
2026-09-25,EP152026,15,2026-09-29 12:00:00,4 days 12:00:00,108,19.5,-165.0,981.4,70.4
2026-09-25,EP152026,15,2026-09-29 18:00:00,4 days 18:00:00,114,20.63,-165.37,981.4,70.4
2026-09-25,EP152026,15,2026-09-30 00:00:00,5 days 00:00:00,120,21.75,-165.75,981.4,70.4
2026-09-25,EP152026,15,2026-09-30 06:00:00,5 days 06:00:00,126,22.75,-165.87,981.2,70.7
2026-09-25,EP152026,15,2026-09-30 12:00:00,5 days 12:00:00,132,23.75,-166.0,981.0,70.9
2026-09-25,EP152026,15,2026-09-30 18:00:00,5 days 18:00:00,138,24.63,-165.5,982.0,69.6
2026-09-25,EP152026,15,2026-10-01 00:00:00,6 days 00:00:00,144,25.5,-165.0,983.1,68.2
2026-09-25,EP152026,15,2026-10-01 06:00:00,6 days 06:00:00,150,27.13,-165.25,981.9,69.7
2026-09-25,EP152026,15,2026-10-01 12:00:00,6 days 12:00:00,156,28.75,-165.5,980.8,71.2
2026-09-25,EP152026,15,2026-10-01 18:00:00,6 days 18:00:00,162,29.5,-166.12,982.2,69.3
2026-09-25,EP152026,15,2026-10-02 00:00:00,7 days 00:00:00,168,30.25,-166.75,983.6,67.5
2026-09-25,EP152026,15,2026-10-02 06:00:00,7 days 06:00:00,174,30.63,-166.5,985.8,64.5
2026-09-25,EP152026,15,2026-10-02 12:00:00,7 days 12:00:00,180,31.0,-166.25,988.1,61.4
2026-09-25,EP152026,15,2026-10-02 18:00:00,7 days 18:00:00,186,31.0,-165.38,989.8,59.0
2026-09-25,EP152026,15,2026-10-03 00:00:00,8 days 00:00:00,192,31.0,-164.5,991.5,56.5
2026-09-25,EP162026,15,2026-09-25 00:00:00,0 days 00:00:00,0,17.0,-124.75,975.5,77.9
2026-09-25,EP162026,15,2026-09-25 06:00:00,0 days 06:00:00,6,17.13,-124.25,976.9,76.2
2026-09-25,EP162026,15,2026-09-25 12:00:00,0 days 12:00:00,12,17.25,-123.75,978.3,74.4
2026-09-25,EP162026,15,2026-09-25 18:00:00,0 days 18:00:00,18,17.63,-123.5,979.1,73.3
2026-09-25,EP162026,15,2026-09-26 00:00:00,1 days 00:00:00,24,18.0,-123.25,980.0,72.2
2026-09-25,EP162026,15,2026-09-26 06:00:00,1 days 06:00:00,30,18.38,-123.5,978.4,74.2
2026-09-25,EP162026,15,2026-09-26 12:00:00,1 days 12:00:00,36,18.75,-123.75,976.9,76.2
2026-09-25,EP162026,15,2026-09-26 18:00:00,1 days 18:00:00,42,19.38,-123.87,982.9,68.3
2026-09-25,EP162026,15,2026-09-27 00:00:00,2 days 00:00:00,48,20.0,-124.0,988.8,60.4
2026-09-25,EP162026,15,2026-09-27 06:00:00,2 days 06:00:00,54,20.38,-123.88,992.9,54.4
2026-09-25,EP162026,15,2026-09-27 12:00:00,2 days 12:00:00,60,20.75,-123.75,996.9,48.5
2026-09-25,EP162026,15,2026-09-27 18:00:00,2 days 18:00:00,66,21.0,-123.75,997.5,47.6
2026-09-25,EP162026,15,2026-09-28 00:00:00,3 days 00:00:00,72,21.25,-123.75,998.1,46.7
2026-09-25,EP162026,15,2026-09-28 06:00:00,3 days 06:00:00,78,22.59,-118.3,983.4,66.4
2026-09-25,EP162026,15,2026-09-28 12:00:00,3 days 12:00:00,84,23.75,-112.75,968.8,86.0
2026-09-25,EP162026,15,2026-09-28 18:00:00,3 days 18:00:00,90,24.5,-112.25,976.2,76.8
2026-09-25,EP162026,15,2026-09-29 00:00:00,4 days 00:00:00,96,25.25,-111.75,983.5,67.6
2026-09-25,EP162026,15,2026-09-29 06:00:00,4 days 06:00:00,102,26.25,-110.63,989.4,59.3
2026-09-25,EP162026,15,2026-09-29 12:00:00,4 days 12:00:00,108,27.25,-109.5,995.3,51.0
2026-09-25,EP162026,15,2026-09-29 18:00:00,4 days 18:00:00,114,22.13,-107.82,991.0,57.1
2026-09-25,EP162026,15,2026-09-30 00:00:00,5 days 00:00:00,120,17.0,-106.25,986.8,63.2
2026-09-25,EP162026,15,2026-09-30 06:00:00,5 days 06:00:00,126,17.63,-106.75,983.6,67.5
2026-09-25,EP162026,15,2026-09-30 12:00:00,5 days 12:00:00,132,18.25,-107.25,980.3,71.8
2026-09-25,EP162026,15,2026-09-30 18:00:00,5 days 18:00:00,138,18.63,-107.75,979.4,73.0
2026-09-25,EP162026,15,2026-10-01 00:00:00,6 days 00:00:00,144,19.0,-108.25,978.5,74.2
2026-09-25,EP162026,15,2026-10-01 06:00:00,6 days 06:00:00,150,19.25,-108.75,975.8,77.5
2026-09-25,EP162026,15,2026-10-01 12:00:00,6 days 12:00:00,156,19.5,-109.25,973.1,80.9
2026-09-25,EP162026,15,2026-10-01 18:00:00,6 days 18:00:00,162,19.63,-109.75,975.8,77.4
2026-09-25,EP162026,15,2026-10-02 00:00:00,7 days 00:00:00,168,19.75,-110.25,978.6,74.0
2026-09-25,EP162026,15,2026-10-02 06:00:00,7 days 06:00:00,174,19.88,-111.12,978.1,74.6
2026-09-25,EP162026,15,2026-10-02 12:00:00,7 days 12:00:00,180,20.0,-112.0,977.7,75.1
2026-09-25,EP162026,15,2026-10-02 18:00:00,7 days 18:00:00,186,20.25,-113.12,980.0,72.2
2026-09-25,EP162026,15,2026-10-03 00:00:00,8 days 00:00:00,192,20.5,-114.25,982.3,69.2
2026-09-25,EP162026,15,2026-10-03 06:00:00,8 days 06:00:00,198,20.63,-114.87,985.9,64.3
2026-09-25,EP162026,15,2026-10-03 12:00:00,8 days 12:00:00,204,20.75,-115.5,989.6,59.4
2026-09-25,EP162026,15,2026-10-03 18:00:00,8 days 18:00:00,210,21.0,-116.0,992.6,55.0
2026-09-25,EP162026,15,2026-10-04 00:00:00,9 days 00:00:00,216,21.25,-116.5,995.6,50.6
2026-09-25,EP162026,15,2026-10-04 06:00:00,9 days 06:00:00,222,21.5,-117.0,998.1,46.7
2026-09-25,EP162026,15,2026-10-04 12:00:00,9 days 12:00:00,228,21.75,-117.5,1000.5,42.8
2026-09-25,EP162026,15,2026-10-04 18:00:00,9 days 18:00:00,234,21.5,-118.0,1000.4,42.9
2026-09-25,EP162026,15,2026-10-05 00:00:00,10 days 00:00:00,240,21.25,-118.5,1000.3,43.1
2026-09-25,EP172026,15,2026-09-25 00:00:00,0 days 00:00:00,0,17.0,-106.25,960.1,96.1
2026-09-25,EP172026,15,2026-09-25 06:00:00,0 days 06:00:00,6,17.13,-107.12,965.8,89.4
2026-09-25,EP172026,15,2026-09-25 12:00:00,0 days 12:00:00,12,17.25,-108.0,971.6,82.7
2026-09-25,EP172026,15,2026-09-25 18:00:00,0 days 18:00:00,18,17.5,-108.87,972.8,81.2
2026-09-25,EP172026,15,2026-09-26 00:00:00,1 days 00:00:00,24,17.75,-109.75,974.1,79.6
2026-09-25,EP172026,15,2026-09-26 06:00:00,1 days 06:00:00,30,18.0,-110.62,971.2,83.2
2026-09-25,EP172026,15,2026-09-26 12:00:00,1 days 12:00:00,36,18.25,-111.5,968.2,86.7
2026-09-25,EP172026,15,2026-09-26 18:00:00,1 days 18:00:00,42,18.63,-112.12,971.4,82.8
2026-09-25,EP172026,15,2026-09-27 00:00:00,2 days 00:00:00,48,19.0,-112.75,974.6,79.0
2026-09-25,EP172026,15,2026-09-27 06:00:00,2 days 06:00:00,54,19.88,-113.12,974.9,78.7
2026-09-25,EP172026,15,2026-09-27 12:00:00,2 days 12:00:00,60,20.75,-113.5,975.1,78.3
2026-09-25,EP172026,15,2026-09-27 18:00:00,2 days 18:00:00,66,21.63,-113.62,973.2,80.7
2026-09-25,EP172026,15,2026-09-28 00:00:00,3 days 00:00:00,72,22.5,-113.75,971.3,83.1
2026-09-25,EP172026,15,2026-09-28 06:00:00,3 days 06:00:00,78,23.13,-113.25,970.1,84.5
2026-09-25,EP172026,15,2026-09-28 12:00:00,3 days 12:00:00,84,23.75,-112.75,968.8,86.0
2026-09-25,WP252026,15,2026-09-25 00:00:00,0 days 00:00:00,0,20.25,130.25,1002.4,39.6
2026-09-25,WP252026,15,2026-09-25 06:00:00,0 days 06:00:00,6,20.88,129.5,1000.1,43.4
2026-09-25,WP252026,15,2026-09-25 12:00:00,0 days 12:00:00,12,21.5,128.75,997.7,47.3
2026-09-25,WP252026,15,2026-09-25 18:00:00,0 days 18:00:00,18,22.13,128.0,996.6,49.0
2026-09-25,WP252026,15,2026-09-26 00:00:00,1 days 00:00:00,24,22.75,127.25,995.4,50.8
2026-09-25,WP252026,15,2026-09-26 06:00:00,1 days 06:00:00,30,23.25,127.13,994.1,52.7
2026-09-25,WP252026,15,2026-09-26 12:00:00,1 days 12:00:00,36,23.75,127.0,992.8,54.7
2026-09-25,WP252026,15,2026-09-26 18:00:00,1 days 18:00:00,42,24.0,127.25,992.1,55.7
2026-09-25,WP252026,15,2026-09-27 00:00:00,2 days 00:00:00,48,24.25,127.5,991.4,56.8
2026-09-25,WP252026,15,2026-09-27 06:00:00,2 days 06:00:00,54,24.63,127.87,989.6,59.3
2026-09-25,WP252026,15,2026-09-27 12:00:00,2 days 12:00:00,60,25.0,128.25,987.8,61.9
2026-09-25,WP252026,15,2026-09-27 18:00:00,2 days 18:00:00,66,25.38,128.62,989.8,59.0
2026-09-25,WP252026,15,2026-09-28 00:00:00,3 days 00:00:00,72,25.75,129.0,991.9,56.1
2026-09-25,WP252026,15,2026-09-28 06:00:00,3 days 06:00:00,78,26.25,129.87,995.8,50.1
2026-09-25,WP252026,15,2026-09-28 12:00:00,3 days 12:00:00,84,26.75,130.75,999.7,44.1
2026-09-25,WP252026,15,2026-09-28 18:00:00,3 days 18:00:00,90,27.25,131.62,1001.3,41.4
2026-09-25,WP252026,15,2026-09-29 00:00:00,4 days 00:00:00,96,27.75,132.5,1002.9,38.8
2026-09-25,WP252026,15,2026-09-29 06:00:00,4 days 06:00:00,102,28.25,133.62,1002.5,39.4
2026-09-25,WP252026,15,2026-09-29 12:00:00,4 days 12:00:00,108,28.75,134.75,1002.2,40.0
2026-09-25,AL062026,16,2026-09-25 00:00:00,0 days 00:00:00,0,30.0,-41.75,1015.2,13.2
2026-09-25,AL062026,16,2026-09-25 06:00:00,0 days 06:00:00,6,29.88,-41.88,1015.0,13.5
2026-09-25,AL062026,16,2026-09-25 12:00:00,0 days 12:00:00,12,29.75,-42.0,1014.9,13.8
2026-09-25,AL062026,16,2026-09-25 18:00:00,0 days 18:00:00,18,29.75,-42.88,1015.1,13.4
2026-09-25,AL062026,16,2026-09-26 00:00:00,1 days 00:00:00,24,29.75,-43.75,1015.3,12.9
2026-09-25,AL062026,16,2026-09-26 06:00:00,1 days 06:00:00,30,29.75,-44.25,1015.3,12.8
2026-09-25,AL062026,16,2026-09-26 12:00:00,1 days 12:00:00,36,29.75,-44.75,1015.4,12.7
2026-09-25,AL062026,16,2026-09-26 18:00:00,1 days 18:00:00,42,29.38,-45.25,1015.8,11.4
2026-09-25,AL062026,16,2026-09-27 00:00:00,2 days 00:00:00,48,29.0,-45.75,1016.2,10.2
2026-09-25,AL062026,16,2026-09-27 06:00:00,2 days 06:00:00,54,34.29,-42.82,1012.1,19.9
2026-09-25,AL062026,16,2026-09-27 12:00:00,2 days 12:00:00,60,39.5,-39.5,1008.0,29.5
2026-09-25,AL062026,16,2026-09-27 18:00:00,2 days 18:00:00,66,39.58,-41.93,1009.3,26.8
2026-09-25,AL062026,16,2026-09-28 00:00:00,3 days 00:00:00,72,39.6,-44.38,1010.5,24.1
2026-09-25,AL062026,16,2026-09-28 06:00:00,3 days 06:00:00,78,39.58,-46.82,1011.8,21.5
2026-09-25,AL062026,16,2026-09-28 12:00:00,3 days 12:00:00,84,39.5,-49.25,1013.0,18.8
2026-09-25,EP152026,16,2026-09-25 00:00:00,0 days 00:00:00,0,14.75,-156.0,983.9,67.1
2026-09-25,EP152026,16,2026-09-25 06:00:00,0 days 06:00:00,6,15.25,-155.88,985.5,65.0
2026-09-25,EP152026,16,2026-09-25 12:00:00,0 days 12:00:00,12,15.75,-155.75,987.0,62.9
2026-09-25,EP152026,16,2026-09-25 18:00:00,0 days 18:00:00,18,16.25,-155.38,987.3,62.5
2026-09-25,EP152026,16,2026-09-26 00:00:00,1 days 00:00:00,24,16.75,-155.0,987.6,62.2
2026-09-25,EP152026,16,2026-09-26 06:00:00,1 days 06:00:00,30,16.88,-155.12,985.1,65.5
2026-09-25,EP152026,16,2026-09-26 12:00:00,1 days 12:00:00,36,17.0,-155.25,982.6,68.8
2026-09-25,EP152026,16,2026-09-26 18:00:00,1 days 18:00:00,42,17.0,-155.75,980.7,71.3
2026-09-25,EP152026,16,2026-09-27 00:00:00,2 days 00:00:00,48,17.0,-156.25,978.7,73.9
2026-09-25,EP152026,16,2026-09-27 06:00:00,2 days 06:00:00,54,16.88,-157.0,977.7,75.2
2026-09-25,EP152026,16,2026-09-27 12:00:00,2 days 12:00:00,60,16.75,-157.75,976.6,76.5
2026-09-25,EP152026,16,2026-09-27 18:00:00,2 days 18:00:00,66,16.5,-158.75,978.1,74.6
2026-09-25,EP152026,16,2026-09-28 00:00:00,3 days 00:00:00,72,16.25,-159.75,979.6,72.8
2026-09-25,EP152026,16,2026-09-28 06:00:00,3 days 06:00:00,78,16.25,-160.75,980.0,72.2
2026-09-25,EP152026,16,2026-09-28 12:00:00,3 days 12:00:00,84,16.25,-161.75,980.4,71.7
2026-09-25,EP152026,16,2026-09-28 18:00:00,3 days 18:00:00,90,16.75,-162.87,983.3,67.9
2026-09-25,EP152026,16,2026-09-29 00:00:00,4 days 00:00:00,96,17.25,-164.0,986.1,64.1
2026-09-25,EP152026,16,2026-09-29 06:00:00,4 days 06:00:00,102,18.0,-164.75,986.7,63.3
2026-09-25,EP152026,16,2026-09-29 12:00:00,4 days 12:00:00,108,18.75,-165.5,987.3,62.5
2026-09-25,EP152026,16,2026-09-29 18:00:00,4 days 18:00:00,114,19.25,-165.75,986.5,63.6
2026-09-25,EP152026,16,2026-09-30 00:00:00,5 days 00:00:00,120,19.75,-166.0,985.7,64.7
2026-09-25,EP152026,16,2026-09-30 06:00:00,5 days 06:00:00,126,19.88,-166.25,982.7,68.6
2026-09-25,EP152026,16,2026-09-30 12:00:00,5 days 12:00:00,132,20.0,-166.5,979.8,72.5
2026-09-25,EP152026,16,2026-09-30 18:00:00,5 days 18:00:00,138,20.5,-166.75,982.2,69.4
2026-09-25,EP152026,16,2026-10-01 00:00:00,6 days 00:00:00,144,21.0,-167.0,984.6,66.2
2026-09-25,EP152026,16,2026-10-01 06:00:00,6 days 06:00:00,150,21.25,-167.75,984.9,65.8
2026-09-25,EP152026,16,2026-10-01 12:00:00,6 days 12:00:00,156,21.5,-168.5,985.2,65.4
2026-09-25,EP152026,16,2026-10-01 18:00:00,6 days 18:00:00,162,21.75,-169.37,984.6,66.2
2026-09-25,EP152026,16,2026-10-02 00:00:00,7 days 00:00:00,168,22.0,-170.25,984.0,67.0
2026-09-25,EP152026,16,2026-10-02 06:00:00,7 days 06:00:00,174,21.88,-171.13,984.1,66.8
2026-09-25,EP152026,16,2026-10-02 12:00:00,7 days 12:00:00,180,21.75,-172.0,984.3,66.6
2026-09-25,EP152026,16,2026-10-02 18:00:00,7 days 18:00:00,186,21.63,-172.88,986.0,64.3
2026-09-25,EP152026,16,2026-10-03 00:00:00,8 days 00:00:00,192,21.5,-173.75,987.6,62.1
2026-09-25,EP152026,16,2026-10-03 06:00:00,8 days 06:00:00,198,21.13,-175.38,987.6,62.1
2026-09-25,EP152026,16,2026-10-03 12:00:00,8 days 12:00:00,204,20.75,-177.0,987.7,62.0
2026-09-25,EP152026,16,2026-10-03 18:00:00,8 days 18:00:00,210,21.01,-178.87,984.4,66.4
2026-09-25,EP152026,16,2026-10-04 00:00:00,9 days 00:00:00,216,21.25,179.25,981.1,70.8
2026-09-25,EP152026,16,2026-10-04 06:00:00,9 days 06:00:00,222,21.26,177.5,980.1,72.0
2026-09-25,EP152026,16,2026-10-04 12:00:00,9 days 12:00:00,228,21.25,175.75,979.2,73.2
2026-09-25,EP152026,16,2026-10-04 18:00:00,9 days 18:00:00,234,21.51,174.0,978.7,73.9
2026-09-25,EP152026,16,2026-10-05 00:00:00,10 days 00:00:00,240,21.75,172.25,978.1,74.6
2026-09-25,EP152026,16,2026-10-05 06:00:00,10 days 06:00:00,246,22.01,170.5,979.2,73.3
2026-09-25,EP152026,16,2026-10-05 12:00:00,10 days 12:00:00,252,22.25,168.75,980.2,71.9
2026-09-25,EP152026,16,2026-10-05 18:00:00,10 days 18:00:00,258,22.63,167.5,981.0,70.9
2026-09-25,EP152026,16,2026-10-06 00:00:00,11 days 00:00:00,264,23.0,166.25,981.8,69.9
2026-09-25,EP152026,16,2026-10-06 06:00:00,11 days 06:00:00,270,23.25,165.13,980.7,71.3
2026-09-25,EP152026,16,2026-10-06 12:00:00,11 days 12:00:00,276,23.5,164.0,979.6,72.7
2026-09-25,EP152026,16,2026-10-06 18:00:00,11 days 18:00:00,282,24.01,162.38,974.5,79.0
2026-09-25,EP152026,16,2026-10-07 00:00:00,12 days 00:00:00,288,24.5,160.75,969.4,85.3
2026-09-25,EP152026,16,2026-10-07 06:00:00,12 days 06:00:00,294,25.38,159.63,973.6,80.1
2026-09-25,EP152026,16,2026-10-07 12:00:00,12 days 12:00:00,300,26.25,158.5,977.9,74.9
2026-09-25,EP152026,16,2026-10-07 18:00:00,12 days 18:00:00,306,26.88,157.51,975.5,77.8
2026-09-25,EP152026,16,2026-10-08 00:00:00,13 days 00:00:00,312,27.5,156.5,973.2,80.7
2026-09-25,EP152026,16,2026-10-08 06:00:00,13 days 06:00:00,318,28.5,155.76,973.4,80.5
2026-09-25,EP152026,16,2026-10-08 12:00:00,13 days 12:00:00,324,29.5,155.0,973.5,80.3
2026-09-25,EP152026,16,2026-10-08 18:00:00,13 days 18:00:00,330,30.63,155.12,977.5,75.3
2026-09-25,EP152026,16,2026-10-09 00:00:00,14 days 00:00:00,336,31.75,155.25,981.5,70.2
2026-09-25,EP152026,16,2026-10-09 06:00:00,14 days 06:00:00,342,32.63,156.74,982.9,68.4
2026-09-25,EP152026,16,2026-10-09 12:00:00,14 days 12:00:00,348,33.5,158.25,984.3,66.6
2026-09-25,EP152026,16,2026-10-09 18:00:00,14 days 18:00:00,354,33.89,160.37,985.0,65.7
2026-09-25,EP152026,16,2026-10-10 00:00:00,15 days 00:00:00,360,34.25,162.5,985.6,64.8
2026-09-25,EP162026,16,2026-09-25 00:00:00,0 days 00:00:00,0,17.0,-124.75,975.5,77.9
2026-09-25,EP162026,16,2026-09-25 06:00:00,0 days 06:00:00,6,17.25,-124.25,974.5,79.1
2026-09-25,EP162026,16,2026-09-25 12:00:00,0 days 12:00:00,12,17.5,-123.75,973.6,80.3
2026-09-25,EP162026,16,2026-09-25 18:00:00,0 days 18:00:00,18,17.75,-123.63,977.1,75.9
2026-09-25,EP162026,16,2026-09-26 00:00:00,1 days 00:00:00,24,18.0,-123.5,980.6,71.5
2026-09-25,EP162026,16,2026-09-26 06:00:00,1 days 06:00:00,30,18.63,-123.62,980.6,71.5
2026-09-25,EP162026,16,2026-09-26 12:00:00,1 days 12:00:00,36,19.25,-123.75,980.6,71.5
2026-09-25,EP162026,16,2026-09-26 18:00:00,1 days 18:00:00,42,19.75,-123.75,984.4,66.3
2026-09-25,EP162026,16,2026-09-27 00:00:00,2 days 00:00:00,48,20.25,-123.75,988.3,61.1
2026-09-25,EP162026,16,2026-09-27 06:00:00,2 days 06:00:00,54,21.0,-123.5,991.7,56.2
2026-09-25,EP162026,16,2026-09-27 12:00:00,2 days 12:00:00,60,21.75,-123.25,995.1,51.3
2026-09-25,EP162026,16,2026-09-27 18:00:00,2 days 18:00:00,66,21.88,-122.88,997.5,47.5
2026-09-25,EP162026,16,2026-09-28 00:00:00,3 days 00:00:00,72,22.0,-122.5,999.9,43.8
2026-09-25,EP162026,16,2026-09-28 06:00:00,3 days 06:00:00,78,23.58,-117.43,986.1,62.8
2026-09-25,EP162026,16,2026-09-28 12:00:00,3 days 12:00:00,84,25.0,-112.25,972.4,81.7
2026-09-25,EP162026,16,2026-09-28 18:00:00,3 days 18:00:00,90,26.38,-111.63,978.8,73.5
2026-09-25,EP162026,16,2026-09-29 00:00:00,4 days 00:00:00,96,27.75,-111.0,985.3,65.2
2026-09-25,EP162026,16,2026-09-29 06:00:00,4 days 06:00:00,102,29.65,-108.67,994.1,52.1
2026-09-25,EP162026,16,2026-09-29 12:00:00,4 days 12:00:00,108,31.5,-106.25,1002.8,38.9
2026-09-25,EP162026,16,2026-09-29 18:00:00,4 days 18:00:00,114,32.92,-102.93,1001.7,40.8
2026-09-25,EP162026,16,2026-09-30 00:00:00,5 days 00:00:00,120,34.25,-99.5,1000.5,42.8
2026-09-25,EP162026,16,2026-09-30 06:00:00,5 days 06:00:00,126,36.89,-97.93,998.7,45.6
2026-09-25,EP162026,16,2026-09-30 12:00:00,5 days 12:00:00,132,39.5,-96.25,996.9,48.5
2026-09-25,EP172026,16,2026-09-25 00:00:00,0 days 00:00:00,0,17.0,-106.25,960.1,96.1
2026-09-25,EP172026,16,2026-09-25 06:00:00,0 days 06:00:00,6,17.25,-107.12,964.9,90.5
2026-09-25,EP172026,16,2026-09-25 12:00:00,0 days 12:00:00,12,17.5,-108.0,969.7,84.9
2026-09-25,EP172026,16,2026-09-25 18:00:00,0 days 18:00:00,18,17.63,-108.87,971.7,82.5
2026-09-25,EP172026,16,2026-09-26 00:00:00,1 days 00:00:00,24,17.75,-109.75,973.7,80.1
2026-09-25,EP172026,16,2026-09-26 06:00:00,1 days 06:00:00,30,17.88,-110.37,973.7,80.2
2026-09-25,EP172026,16,2026-09-26 12:00:00,1 days 12:00:00,36,18.0,-111.0,973.7,80.2
2026-09-25,EP172026,16,2026-09-26 18:00:00,1 days 18:00:00,42,18.5,-111.87,971.6,82.6
2026-09-25,EP172026,16,2026-09-27 00:00:00,2 days 00:00:00,48,19.0,-112.75,969.6,85.1
2026-09-25,EP172026,16,2026-09-27 06:00:00,2 days 06:00:00,54,19.88,-112.87,973.4,80.5
2026-09-25,EP172026,16,2026-09-27 12:00:00,2 days 12:00:00,60,20.75,-113.0,977.1,75.9
2026-09-25,EP172026,16,2026-09-27 18:00:00,2 days 18:00:00,66,21.75,-113.0,973.7,80.1
2026-09-25,EP172026,16,2026-09-28 00:00:00,3 days 00:00:00,72,22.75,-113.0,970.3,84.2
2026-09-25,EP172026,16,2026-09-28 06:00:00,3 days 06:00:00,78,23.88,-112.63,971.4,83.0
2026-09-25,EP172026,16,2026-09-28 12:00:00,3 days 12:00:00,84,25.0,-112.25,972.4,81.7
2026-09-25,WP252026,16,2026-09-25 00:00:00,0 days 00:00:00,0,20.25,130.25,1002.4,39.6
2026-09-25,WP252026,16,2026-09-25 06:00:00,0 days 06:00:00,6,20.75,129.25,999.4,44.5
2026-09-25,WP252026,16,2026-09-25 12:00:00,0 days 12:00:00,12,21.25,128.25,996.3,49.4
2026-09-25,WP252026,16,2026-09-25 18:00:00,0 days 18:00:00,18,21.88,127.63,997.0,48.4
2026-09-25,WP252026,16,2026-09-26 00:00:00,1 days 00:00:00,24,22.5,127.0,997.7,47.3
2026-09-25,WP252026,16,2026-09-26 06:00:00,1 days 06:00:00,30,23.13,126.75,996.0,49.8
2026-09-25,WP252026,16,2026-09-26 12:00:00,1 days 12:00:00,36,23.75,126.5,994.4,52.4
2026-09-25,WP252026,16,2026-09-26 18:00:00,1 days 18:00:00,42,24.25,126.87,992.7,54.8
2026-09-25,WP252026,16,2026-09-27 00:00:00,2 days 00:00:00,48,24.75,127.25,991.0,57.3
2026-09-25,WP252026,16,2026-09-27 06:00:00,2 days 06:00:00,54,25.25,127.87,992.5,55.1
2026-09-25,WP252026,16,2026-09-27 12:00:00,2 days 12:00:00,60,25.75,128.5,994.0,52.9
2026-09-25,WP252026,16,2026-09-27 18:00:00,2 days 18:00:00,66,26.38,129.37,992.7,54.8
2026-09-25,WP252026,16,2026-09-28 00:00:00,3 days 00:00:00,72,27.0,130.25,991.4,56.8
2026-09-25,WP252026,16,2026-09-28 06:00:00,3 days 06:00:00,78,27.63,131.49,995.0,51.3
2026-09-25,WP252026,16,2026-09-28 12:00:00,3 days 12:00:00,84,28.25,132.75,998.6,45.9
2026-09-25,WP252026,16,2026-09-28 18:00:00,3 days 18:00:00,90,28.75,133.87,1000.0,43.5
2026-09-25,WP252026,16,2026-09-29 00:00:00,4 days 00:00:00,96,29.25,135.0,1001.4,41.2
2026-09-25,WP252026,16,2026-09-29 06:00:00,4 days 06:00:00,102,30.01,136.74,1000.7,42.4
2026-09-25,WP252026,16,2026-09-29 12:00:00,4 days 12:00:00,108,30.75,138.5,1000.0,43.6
2026-09-25,AL062026,17,2026-09-25 00:00:00,0 days 00:00:00,0,30.0,-41.75,1015.2,13.2
2026-09-25,AL062026,17,2026-09-25 06:00:00,0 days 06:00:00,6,30.25,-42.12,1015.3,13.0
2026-09-25,AL062026,17,2026-09-25 12:00:00,0 days 12:00:00,12,30.5,-42.5,1015.3,12.7
2026-09-25,AL062026,17,2026-09-25 18:00:00,0 days 18:00:00,18,30.25,-42.75,1014.9,14.0
2026-09-25,AL062026,17,2026-09-26 00:00:00,1 days 00:00:00,24,30.0,-43.0,1014.4,15.3
2026-09-25,AL062026,17,2026-09-26 06:00:00,1 days 06:00:00,30,29.88,-43.38,1014.9,14.1
2026-09-25,AL062026,17,2026-09-26 12:00:00,1 days 12:00:00,36,29.75,-43.75,1015.3,12.8
2026-09-25,AL062026,17,2026-09-26 18:00:00,1 days 18:00:00,42,35.25,-44.45,1010.9,22.7
2026-09-25,AL062026,17,2026-09-27 00:00:00,2 days 00:00:00,48,40.75,-45.25,1006.4,32.5
2026-09-25,AL062026,17,2026-09-27 06:00:00,2 days 06:00:00,54,40.41,-42.23,1005.9,33.5
2026-09-25,AL062026,17,2026-09-27 12:00:00,2 days 12:00:00,60,40.0,-39.25,1005.3,34.5
2026-09-25,EP152026,17,2026-09-25 00:00:00,0 days 00:00:00,0,14.75,-156.0,983.9,67.1
2026-09-25,EP152026,17,2026-09-25 06:00:00,0 days 06:00:00,6,15.13,-155.88,983.3,67.9
2026-09-25,EP152026,17,2026-09-25 12:00:00,0 days 12:00:00,12,15.5,-155.75,982.6,68.8
2026-09-25,EP152026,17,2026-09-25 18:00:00,0 days 18:00:00,18,16.0,-155.5,982.0,69.6
2026-09-25,EP152026,17,2026-09-26 00:00:00,1 days 00:00:00,24,16.5,-155.25,981.4,70.4
2026-09-25,EP152026,17,2026-09-26 06:00:00,1 days 06:00:00,30,16.88,-155.25,986.1,63.9
2026-09-25,EP152026,17,2026-09-26 12:00:00,1 days 12:00:00,36,17.25,-155.25,990.9,57.5
2026-09-25,EP152026,17,2026-09-26 18:00:00,1 days 18:00:00,42,17.38,-155.62,987.4,62.3
2026-09-25,EP152026,17,2026-09-27 00:00:00,2 days 00:00:00,48,17.5,-156.0,983.9,67.1
2026-09-25,EP152026,17,2026-09-27 06:00:00,2 days 06:00:00,54,17.13,-156.88,984.5,66.3
2026-09-25,EP152026,17,2026-09-27 12:00:00,2 days 12:00:00,60,16.75,-157.75,985.1,65.4
2026-09-25,EP152026,17,2026-09-27 18:00:00,2 days 18:00:00,66,16.63,-158.63,980.0,72.1
2026-09-25,EP152026,17,2026-09-28 00:00:00,3 days 00:00:00,72,16.5,-159.5,974.8,78.8
2026-09-25,EP152026,17,2026-09-28 06:00:00,3 days 06:00:00,78,16.5,-160.5,975.9,77.4
2026-09-25,EP152026,17,2026-09-28 12:00:00,3 days 12:00:00,84,16.5,-161.5,977.1,75.9
2026-09-25,EP152026,17,2026-09-28 18:00:00,3 days 18:00:00,90,17.0,-162.25,976.1,77.2
2026-09-25,EP152026,17,2026-09-29 00:00:00,4 days 00:00:00,96,17.5,-163.0,975.1,78.4
2026-09-25,EP152026,17,2026-09-29 06:00:00,4 days 06:00:00,102,18.38,-163.62,976.8,76.3
2026-09-25,EP152026,17,2026-09-29 12:00:00,4 days 12:00:00,108,19.25,-164.25,978.5,74.1
2026-09-25,EP152026,17,2026-09-29 18:00:00,4 days 18:00:00,114,20.0,-164.75,977.9,74.9
2026-09-25,EP152026,17,2026-09-30 00:00:00,5 days 00:00:00,120,20.75,-165.25,977.3,75.6
2026-09-25,EP152026,17,2026-09-30 06:00:00,5 days 06:00:00,126,21.63,-165.5,980.7,71.3
2026-09-25,EP152026,17,2026-09-30 12:00:00,5 days 12:00:00,132,22.5,-165.75,984.1,66.9
2026-09-25,EP152026,17,2026-09-30 18:00:00,5 days 18:00:00,138,23.25,-166.37,985.4,65.1
2026-09-25,EP152026,17,2026-10-01 00:00:00,6 days 00:00:00,144,24.0,-167.0,986.7,63.4
2026-09-25,EP152026,17,2026-10-01 06:00:00,6 days 06:00:00,150,24.38,-168.12,986.6,63.5
2026-09-25,EP152026,17,2026-10-01 12:00:00,6 days 12:00:00,156,24.75,-169.25,986.5,63.6
2026-09-25,EP152026,17,2026-10-01 18:00:00,6 days 18:00:00,162,25.13,-170.0,987.3,62.5
2026-09-25,EP152026,17,2026-10-02 00:00:00,7 days 00:00:00,168,25.5,-170.75,988.1,61.4
2026-09-25,EP152026,17,2026-10-02 06:00:00,7 days 06:00:00,174,25.26,-172.0,988.0,61.6
2026-09-25,EP152026,17,2026-10-02 12:00:00,7 days 12:00:00,180,25.0,-173.25,987.9,61.7
2026-09-25,EP152026,17,2026-10-02 18:00:00,7 days 18:00:00,186,24.63,-174.88,985.9,64.5
2026-09-25,EP152026,17,2026-10-03 00:00:00,8 days 00:00:00,192,24.25,-176.5,983.9,67.2
2026-09-25,EP152026,17,2026-10-03 06:00:00,8 days 06:00:00,198,23.88,-178.13,983.7,67.4
2026-09-25,EP152026,17,2026-10-03 12:00:00,8 days 12:00:00,204,23.5,-179.75,983.5,67.7
2026-09-25,EP152026,17,2026-10-03 18:00:00,8 days 18:00:00,210,23.25,179.0,982.9,68.4
2026-09-25,EP152026,17,2026-10-04 00:00:00,9 days 00:00:00,216,23.0,177.75,982.3,69.2
2026-09-25,EP152026,17,2026-10-04 06:00:00,9 days 06:00:00,222,22.88,176.12,978.4,74.2
2026-09-25,EP152026,17,2026-10-04 12:00:00,9 days 12:00:00,228,22.75,174.5,974.4,79.2
2026-09-25,EP152026,17,2026-10-04 18:00:00,9 days 18:00:00,234,22.76,173.0,977.6,75.2
2026-09-25,EP152026,17,2026-10-05 00:00:00,10 days 00:00:00,240,22.75,171.5,980.8,71.2
2026-09-25,EP152026,17,2026-10-05 06:00:00,10 days 06:00:00,246,23.26,169.88,984.4,66.4
2026-09-25,EP152026,17,2026-10-05 12:00:00,10 days 12:00:00,252,23.75,168.25,988.0,61.5
2026-09-25,EP152026,17,2026-10-05 18:00:00,10 days 18:00:00,258,24.39,166.26,989.8,59.0
2026-09-25,EP152026,17,2026-10-06 00:00:00,11 days 00:00:00,264,25.0,164.25,991.6,56.4
2026-09-25,EP152026,17,2026-10-06 06:00:00,11 days 06:00:00,270,25.64,162.26,994.2,52.6
2026-09-25,EP152026,17,2026-10-06 12:00:00,11 days 12:00:00,276,26.25,160.25,996.8,48.7
2026-09-25,EP152026,17,2026-10-06 18:00:00,11 days 18:00:00,282,27.26,158.64,997.2,48.1
2026-09-25,EP152026,17,2026-10-07 00:00:00,12 days 00:00:00,288,28.25,157.0,997.6,47.4
2026-09-25,EP152026,17,2026-10-07 06:00:00,12 days 06:00:00,294,28.88,155.88,999.1,45.1
2026-09-25,EP152026,17,2026-10-07 12:00:00,12 days 12:00:00,300,29.5,154.75,1000.5,42.7
2026-09-25,EP152026,17,2026-10-07 18:00:00,12 days 18:00:00,306,30.38,154.38,999.2,44.8
2026-09-25,EP152026,17,2026-10-08 00:00:00,13 days 00:00:00,312,31.25,154.0,997.9,46.9
2026-09-25,EP152026,17,2026-10-08 06:00:00,13 days 06:00:00,318,32.0,154.12,997.9,47.0
2026-09-25,EP152026,17,2026-10-08 12:00:00,13 days 12:00:00,324,32.75,154.25,997.8,47.1
2026-09-25,EP152026,17,2026-10-08 18:00:00,13 days 18:00:00,330,33.39,155.86,995.6,50.5
2026-09-25,EP152026,17,2026-10-09 00:00:00,14 days 00:00:00,336,34.0,157.5,993.3,54.0
2026-09-25,EP152026,17,2026-10-09 06:00:00,14 days 06:00:00,342,33.77,159.63,996.5,49.1
2026-09-25,EP152026,17,2026-10-09 12:00:00,14 days 12:00:00,348,33.5,161.75,999.6,44.2
2026-09-25,EP162026,17,2026-09-25 00:00:00,0 days 00:00:00,0,17.0,-124.75,975.5,77.9
2026-09-25,EP162026,17,2026-09-25 06:00:00,0 days 06:00:00,6,17.25,-124.25,976.3,76.9
2026-09-25,EP162026,17,2026-09-25 12:00:00,0 days 12:00:00,12,17.5,-123.75,977.1,76.0
2026-09-25,EP162026,17,2026-09-25 18:00:00,0 days 18:00:00,18,17.88,-123.5,975.7,77.6
2026-09-25,EP162026,17,2026-09-26 00:00:00,1 days 00:00:00,24,18.25,-123.25,974.4,79.3
2026-09-25,EP162026,17,2026-09-26 06:00:00,1 days 06:00:00,30,18.88,-123.37,978.9,73.5
2026-09-25,EP162026,17,2026-09-26 12:00:00,1 days 12:00:00,36,19.5,-123.5,983.5,67.7
2026-09-25,EP162026,17,2026-09-26 18:00:00,1 days 18:00:00,42,19.88,-123.38,988.6,60.5
2026-09-25,EP162026,17,2026-09-27 00:00:00,2 days 00:00:00,48,20.25,-123.25,993.7,53.4
2026-09-25,EP162026,17,2026-09-27 06:00:00,2 days 06:00:00,54,21.13,-123.0,996.3,49.4
2026-09-25,EP162026,17,2026-09-27 12:00:00,2 days 12:00:00,60,22.0,-122.75,998.9,45.5
2026-09-25,EP162026,17,2026-09-27 18:00:00,2 days 18:00:00,66,23.07,-118.16,987.9,60.8
2026-09-25,EP162026,17,2026-09-28 00:00:00,3 days 00:00:00,72,24.0,-113.5,977.0,76.0
2026-09-25,EP162026,17,2026-09-28 06:00:00,3 days 06:00:00,78,24.88,-113.13,978.0,74.8
2026-09-25,EP162026,17,2026-09-28 12:00:00,3 days 12:00:00,84,25.75,-112.75,978.9,73.6
2026-09-25,EP162026,17,2026-09-28 18:00:00,3 days 18:00:00,90,26.88,-112.01,985.8,64.3
2026-09-25,EP162026,17,2026-09-29 00:00:00,4 days 00:00:00,96,28.0,-111.25,992.7,54.9
2026-09-25,EP172026,17,2026-09-25 00:00:00,0 days 00:00:00,0,17.0,-106.25,960.1,96.1
2026-09-25,EP172026,17,2026-09-25 06:00:00,0 days 06:00:00,6,17.13,-107.12,964.7,90.7
2026-09-25,EP172026,17,2026-09-25 12:00:00,0 days 12:00:00,12,17.25,-108.0,969.3,85.4
2026-09-25,EP172026,17,2026-09-25 18:00:00,0 days 18:00:00,18,17.63,-108.75,974.1,79.6
2026-09-25,EP172026,17,2026-09-26 00:00:00,1 days 00:00:00,24,18.0,-109.5,978.8,73.8
2026-09-25,EP172026,17,2026-09-26 06:00:00,1 days 06:00:00,30,18.25,-110.62,976.3,76.9
2026-09-25,EP172026,17,2026-09-26 12:00:00,1 days 12:00:00,36,18.5,-111.75,973.9,79.9
2026-09-25,EP172026,17,2026-09-26 18:00:00,1 days 18:00:00,42,19.13,-112.25,973.2,80.7
2026-09-25,EP172026,17,2026-09-27 00:00:00,2 days 00:00:00,48,19.75,-112.75,972.6,81.5
2026-09-25,EP172026,17,2026-09-27 06:00:00,2 days 06:00:00,54,20.63,-113.0,974.3,79.4
2026-09-25,EP172026,17,2026-09-27 12:00:00,2 days 12:00:00,60,21.5,-113.25,976.0,77.3
2026-09-25,EP172026,17,2026-09-27 18:00:00,2 days 18:00:00,66,22.75,-113.37,976.5,76.6
2026-09-25,EP172026,17,2026-09-28 00:00:00,3 days 00:00:00,72,24.0,-113.5,977.0,76.0
2026-09-25,WP252026,17,2026-09-25 00:00:00,0 days 00:00:00,0,20.25,130.25,1002.4,39.6
2026-09-25,WP252026,17,2026-09-25 06:00:00,0 days 06:00:00,6,20.88,129.5,1001.7,40.9
2026-09-25,WP252026,17,2026-09-25 12:00:00,0 days 12:00:00,12,21.5,128.75,1000.9,42.2
2026-09-25,WP252026,17,2026-09-25 18:00:00,0 days 18:00:00,18,21.88,128.13,998.2,46.4
2026-09-25,WP252026,17,2026-09-26 00:00:00,1 days 00:00:00,24,22.25,127.5,995.5,50.7
2026-09-25,WP252026,17,2026-09-26 06:00:00,1 days 06:00:00,30,22.75,127.5,993.3,53.9
2026-09-25,WP252026,17,2026-09-26 12:00:00,1 days 12:00:00,36,23.25,127.5,991.1,57.2
2026-09-25,WP252026,17,2026-09-26 18:00:00,1 days 18:00:00,42,24.0,127.62,991.2,57.1
2026-09-25,WP252026,17,2026-09-27 00:00:00,2 days 00:00:00,48,24.75,127.75,991.3,56.9
2026-09-25,WP252026,17,2026-09-27 06:00:00,2 days 06:00:00,54,25.13,128.12,989.2,59.9
2026-09-25,WP252026,17,2026-09-27 12:00:00,2 days 12:00:00,60,25.5,128.5,987.1,62.8
2026-09-25,WP252026,17,2026-09-27 18:00:00,2 days 18:00:00,66,26.13,129.25,990.8,57.4
2026-09-25,WP252026,17,2026-09-28 00:00:00,3 days 00:00:00,72,26.75,130.0,994.6,52.1
2026-09-25,WP252026,17,2026-09-28 06:00:00,3 days 06:00:00,78,27.38,131.24,993.3,54.0
2026-09-25,WP252026,17,2026-09-28 12:00:00,3 days 12:00:00,84,28.0,132.5,992.0,55.8
2026-09-25,WP252026,17,2026-09-28 18:00:00,3 days 18:00:00,90,28.63,133.62,991.8,56.1
2026-09-25,WP252026,17,2026-09-29 00:00:00,4 days 00:00:00,96,29.25,134.75,991.7,56.4
2026-09-25,WP252026,17,2026-09-29 06:00:00,4 days 06:00:00,102,29.63,136.12,993.4,53.9
2026-09-25,WP252026,17,2026-09-29 12:00:00,4 days 12:00:00,108,30.0,137.5,995.1,51.3
2026-09-25,WP252026,17,2026-09-29 18:00:00,4 days 18:00:00,114,30.63,138.49,996.6,49.0
2026-09-25,WP252026,17,2026-09-30 00:00:00,5 days 00:00:00,120,31.25,139.5,998.1,46.7
2026-09-25,WP252026,17,2026-09-30 06:00:00,5 days 06:00:00,126,31.51,141.0,999.7,44.1
2026-09-25,WP252026,17,2026-09-30 12:00:00,5 days 12:00:00,132,31.75,142.5,1001.3,41.5
2026-09-25,WP252026,17,2026-09-30 18:00:00,5 days 18:00:00,138,33.38,143.36,1001.1,41.9
2026-09-25,WP252026,17,2026-10-01 00:00:00,6 days 00:00:00,144,35.0,144.25,1000.8,42.3
2026-09-25,WP252026,17,2026-10-01 06:00:00,6 days 06:00:00,150,36.15,146.84,1002.5,39.4
2026-09-25,WP252026,17,2026-10-01 12:00:00,6 days 12:00:00,156,37.25,149.5,1004.2,36.6
2026-09-25,AL062026,18,2026-09-25 00:00:00,0 days 00:00:00,0,30.0,-41.75,1015.2,13.2
2026-09-25,AL062026,18,2026-09-25 06:00:00,0 days 06:00:00,6,30.0,-42.25,1015.1,13.3
2026-09-25,AL062026,18,2026-09-25 12:00:00,0 days 12:00:00,12,30.0,-42.75,1015.1,13.4
2026-09-25,AL062026,18,2026-09-25 18:00:00,0 days 18:00:00,18,29.75,-43.13,1015.3,12.9
2026-09-25,AL062026,18,2026-09-26 00:00:00,1 days 00:00:00,24,29.5,-43.5,1015.4,12.5
2026-09-25,AL062026,18,2026-09-26 06:00:00,1 days 06:00:00,30,29.5,-43.62,1015.1,13.5
2026-09-25,AL062026,18,2026-09-26 12:00:00,1 days 12:00:00,36,29.5,-43.75,1014.7,14.5
2026-09-25,AL062026,18,2026-09-26 18:00:00,1 days 18:00:00,42,29.38,-43.75,1015.1,13.5
2026-09-25,AL062026,18,2026-09-27 00:00:00,2 days 00:00:00,48,29.25,-43.75,1015.4,12.5
2026-09-25,AL062026,18,2026-09-27 06:00:00,2 days 06:00:00,54,34.88,-42.47,1009.5,25.0
2026-09-25,AL062026,18,2026-09-27 12:00:00,2 days 12:00:00,60,40.5,-41.0,1003.6,37.6
2026-09-25,AL062026,18,2026-09-27 18:00:00,2 days 18:00:00,66,39.7,-43.46,1006.2,32.3
2026-09-25,AL062026,18,2026-09-28 00:00:00,3 days 00:00:00,72,38.85,-45.87,1008.8,27.1
2026-09-25,AL062026,18,2026-09-28 06:00:00,3 days 06:00:00,78,37.94,-48.22,1011.3,21.8
2026-09-25,AL062026,18,2026-09-28 12:00:00,3 days 12:00:00,84,37.0,-50.5,1013.9,16.6
2026-09-25,AL062026,18,2026-09-28 18:00:00,3 days 18:00:00,90,36.51,-48.61,1014.0,16.2
2026-09-25,AL062026,18,2026-09-29 00:00:00,4 days 00:00:00,96,36.0,-46.75,1014.2,15.9
2026-09-25,AL062026,18,2026-09-29 06:00:00,4 days 06:00:00,102,35.13,-45.87,1013.8,16.8
2026-09-25,AL062026,18,2026-09-29 12:00:00,4 days 12:00:00,108,34.25,-45.0,1013.4,17.8
2026-09-25,AL062026,18,2026-09-29 18:00:00,4 days 18:00:00,114,33.13,-44.49,1013.5,17.5
2026-09-25,AL062026,18,2026-09-30 00:00:00,5 days 00:00:00,120,32.0,-44.0,1013.6,17.3
2026-09-25,EP152026,18,2026-09-25 00:00:00,0 days 00:00:00,0,14.75,-156.0,983.9,67.1
2026-09-25,EP152026,18,2026-09-25 06:00:00,0 days 06:00:00,6,15.25,-155.88,985.3,65.2
2026-09-25,EP152026,18,2026-09-25 12:00:00,0 days 12:00:00,12,15.75,-155.75,986.8,63.2
2026-09-25,EP152026,18,2026-09-25 18:00:00,0 days 18:00:00,18,16.0,-155.38,984.9,65.7
2026-09-25,EP152026,18,2026-09-26 00:00:00,1 days 00:00:00,24,16.25,-155.0,983.0,68.3
2026-09-25,EP152026,18,2026-09-26 06:00:00,1 days 06:00:00,30,16.62,-155.0,981.4,70.4
2026-09-25,EP152026,18,2026-09-26 12:00:00,1 days 12:00:00,36,17.0,-155.0,979.8,72.5
2026-09-25,EP152026,18,2026-09-26 18:00:00,1 days 18:00:00,42,16.88,-155.25,982.0,69.6
2026-09-25,EP152026,18,2026-09-27 00:00:00,2 days 00:00:00,48,16.75,-155.5,984.2,66.7
2026-09-25,EP152026,18,2026-09-27 06:00:00,2 days 06:00:00,54,16.63,-156.13,986.4,63.7
2026-09-25,EP152026,18,2026-09-27 12:00:00,2 days 12:00:00,60,16.5,-156.75,988.5,60.8
2026-09-25,EP152026,18,2026-09-27 18:00:00,2 days 18:00:00,66,16.38,-157.75,990.2,58.5
2026-09-25,EP152026,18,2026-09-28 00:00:00,3 days 00:00:00,72,16.25,-158.75,991.8,56.1
2026-09-25,EP152026,18,2026-09-28 06:00:00,3 days 06:00:00,78,16.38,-159.87,989.4,59.6
2026-09-25,EP152026,18,2026-09-28 12:00:00,3 days 12:00:00,84,16.5,-161.0,986.9,63.1
2026-09-25,EP152026,18,2026-09-28 18:00:00,3 days 18:00:00,90,17.0,-161.87,985.9,64.4
2026-09-25,EP152026,18,2026-09-29 00:00:00,4 days 00:00:00,96,17.5,-162.75,985.0,65.7
2026-09-25,EP152026,18,2026-09-29 06:00:00,4 days 06:00:00,102,18.38,-163.37,984.4,66.4
2026-09-25,EP152026,18,2026-09-29 12:00:00,4 days 12:00:00,108,19.25,-164.0,983.9,67.1
2026-09-25,EP152026,18,2026-09-29 18:00:00,4 days 18:00:00,114,20.25,-164.37,983.5,67.6
2026-09-25,EP152026,18,2026-09-30 00:00:00,5 days 00:00:00,120,21.25,-164.75,983.2,68.1
2026-09-25,EP152026,18,2026-09-30 06:00:00,5 days 06:00:00,126,22.0,-164.87,985.6,64.8
2026-09-25,EP152026,18,2026-09-30 12:00:00,5 days 12:00:00,132,22.75,-165.0,988.0,61.5
2026-09-25,EP152026,18,2026-09-30 18:00:00,5 days 18:00:00,138,23.0,-165.37,989.0,60.2
2026-09-25,EP152026,18,2026-10-01 00:00:00,6 days 00:00:00,144,23.25,-165.75,989.9,58.8
2026-09-25,EP152026,18,2026-10-01 06:00:00,6 days 06:00:00,150,23.75,-166.75,992.1,55.6
2026-09-25,EP152026,18,2026-10-01 12:00:00,6 days 12:00:00,156,24.25,-167.75,994.3,52.5
2026-09-25,EP152026,18,2026-10-01 18:00:00,6 days 18:00:00,162,24.5,-168.62,994.2,52.6
2026-09-25,EP152026,18,2026-10-02 00:00:00,7 days 00:00:00,168,24.75,-169.5,994.2,52.7
2026-09-25,EP152026,18,2026-10-02 06:00:00,7 days 06:00:00,174,24.25,-170.38,995.1,51.3
2026-09-25,EP152026,18,2026-10-02 12:00:00,7 days 12:00:00,180,23.75,-171.25,996.1,49.8
2026-09-25,EP152026,18,2026-10-02 18:00:00,7 days 18:00:00,186,23.13,-172.38,995.5,50.6
2026-09-25,EP152026,18,2026-10-03 00:00:00,8 days 00:00:00,192,22.5,-173.5,995.0,51.4
2026-09-25,EP152026,18,2026-10-03 06:00:00,8 days 06:00:00,198,22.25,-174.63,996.2,49.6
2026-09-25,EP152026,18,2026-10-03 12:00:00,8 days 12:00:00,204,22.0,-175.75,997.5,47.7
2026-09-25,EP152026,18,2026-10-03 18:00:00,8 days 18:00:00,210,21.88,-177.5,996.5,49.1
2026-09-25,EP152026,18,2026-10-04 00:00:00,9 days 00:00:00,216,21.75,-179.25,995.6,50.6
2026-09-25,EP152026,18,2026-10-04 06:00:00,9 days 06:00:00,222,22.0,179.5,992.8,54.6
2026-09-25,EP152026,18,2026-10-04 12:00:00,9 days 12:00:00,228,22.25,178.25,990.1,58.6
2026-09-25,EP152026,18,2026-10-04 18:00:00,9 days 18:00:00,234,22.63,176.88,988.0,61.5
2026-09-25,EP152026,18,2026-10-05 00:00:00,10 days 00:00:00,240,23.0,175.5,985.9,64.4
2026-09-25,EP152026,18,2026-10-05 06:00:00,10 days 06:00:00,246,23.75,174.51,989.1,59.9
2026-09-25,EP152026,18,2026-10-05 12:00:00,10 days 12:00:00,252,24.5,173.5,992.3,55.5
2026-09-25,EP152026,18,2026-10-05 18:00:00,10 days 18:00:00,258,25.5,172.76,995.1,51.2
2026-09-25,EP152026,18,2026-10-06 00:00:00,11 days 00:00:00,264,26.5,172.0,998.0,46.8
2026-09-25,EP152026,18,2026-10-06 06:00:00,11 days 06:00:00,270,28.13,172.12,999.6,44.3
2026-09-25,EP152026,18,2026-10-06 12:00:00,11 days 12:00:00,276,29.75,172.25,1001.1,41.8
2026-09-25,EP152026,18,2026-10-06 18:00:00,11 days 18:00:00,282,31.26,173.6,1002.9,38.7
2026-09-25,EP152026,18,2026-10-07 00:00:00,12 days 00:00:00,288,32.75,175.0,1004.7,35.7
2026-09-25,EP152026,18,2026-10-07 06:00:00,12 days 06:00:00,294,33.9,177.22,1002.2,39.9
2026-09-25,EP152026,18,2026-10-07 12:00:00,12 days 12:00:00,300,35.0,179.5,999.7,44.1
2026-09-25,EP152026,18,2026-10-07 18:00:00,12 days 18:00:00,306,36.28,-177.79,999.7,44.1
2026-09-25,EP152026,18,2026-10-08 00:00:00,13 days 00:00:00,312,37.5,-175.0,999.7,44.2
2026-09-25,EP162026,18,2026-09-25 00:00:00,0 days 00:00:00,0,17.0,-124.75,975.5,77.9
2026-09-25,EP162026,18,2026-09-25 06:00:00,0 days 06:00:00,6,17.25,-124.25,975.9,77.5
2026-09-25,EP162026,18,2026-09-25 12:00:00,0 days 12:00:00,12,17.5,-123.75,976.2,77.0
2026-09-25,EP162026,18,2026-09-25 18:00:00,0 days 18:00:00,18,17.88,-123.5,977.4,75.5
2026-09-25,EP162026,18,2026-09-26 00:00:00,1 days 00:00:00,24,18.25,-123.25,978.5,74.1
2026-09-25,EP162026,18,2026-09-26 06:00:00,1 days 06:00:00,30,18.75,-123.37,982.8,68.5
2026-09-25,EP162026,18,2026-09-26 12:00:00,1 days 12:00:00,36,19.25,-123.5,987.1,62.8
2026-09-25,EP162026,18,2026-09-26 18:00:00,1 days 18:00:00,42,19.75,-123.5,988.8,60.4
2026-09-25,EP162026,18,2026-09-27 00:00:00,2 days 00:00:00,48,20.25,-123.5,990.5,58.0
2026-09-25,EP162026,18,2026-09-27 06:00:00,2 days 06:00:00,54,21.25,-123.5,993.3,53.9
2026-09-25,EP162026,18,2026-09-27 12:00:00,2 days 12:00:00,60,22.25,-123.5,996.1,49.7
2026-09-25,EP162026,18,2026-09-27 18:00:00,2 days 18:00:00,66,22.5,-123.25,998.5,46.0
2026-09-25,EP162026,18,2026-09-28 00:00:00,3 days 00:00:00,72,22.75,-123.0,1000.9,42.2
2026-09-25,EP162026,18,2026-09-28 06:00:00,3 days 06:00:00,78,23.96,-117.92,993.4,53.3
2026-09-25,EP162026,18,2026-09-28 12:00:00,3 days 12:00:00,84,25.0,-112.75,986.0,64.3
2026-09-25,EP162026,18,2026-09-28 18:00:00,3 days 18:00:00,90,25.88,-112.38,987.6,62.1
2026-09-25,EP162026,18,2026-09-29 00:00:00,4 days 00:00:00,96,26.75,-112.0,989.2,59.9
2026-09-25,EP162026,18,2026-09-29 06:00:00,4 days 06:00:00,102,28.0,-111.38,994.7,51.5
2026-09-25,EP162026,18,2026-09-29 12:00:00,4 days 12:00:00,108,29.25,-110.75,1000.3,43.1
2026-09-25,EP172026,18,2026-09-25 00:00:00,0 days 00:00:00,0,17.0,-106.25,960.1,96.1
2026-09-25,EP172026,18,2026-09-25 06:00:00,0 days 06:00:00,6,17.25,-107.25,969.6,84.7
2026-09-25,EP172026,18,2026-09-25 12:00:00,0 days 12:00:00,12,17.5,-108.25,979.1,73.4
2026-09-25,EP172026,18,2026-09-25 18:00:00,0 days 18:00:00,18,17.63,-109.0,975.1,78.3
2026-09-25,EP172026,18,2026-09-26 00:00:00,1 days 00:00:00,24,17.75,-109.75,971.1,83.2
2026-09-25,EP172026,18,2026-09-26 06:00:00,1 days 06:00:00,30,17.88,-110.37,970.1,84.5
2026-09-25,EP172026,18,2026-09-26 12:00:00,1 days 12:00:00,36,18.0,-111.0,969.0,85.8
2026-09-25,EP172026,18,2026-09-26 18:00:00,1 days 18:00:00,42,18.63,-111.87,971.5,82.8
2026-09-25,EP172026,18,2026-09-27 00:00:00,2 days 00:00:00,48,19.25,-112.75,973.9,79.8
2026-09-25,EP172026,18,2026-09-27 06:00:00,2 days 06:00:00,54,20.13,-112.87,974.4,79.3
2026-09-25,EP172026,18,2026-09-27 12:00:00,2 days 12:00:00,60,21.0,-113.0,974.8,78.7
2026-09-25,EP172026,18,2026-09-27 18:00:00,2 days 18:00:00,66,22.13,-113.25,977.3,75.6
2026-09-25,EP172026,18,2026-09-28 00:00:00,3 days 00:00:00,72,23.25,-113.5,979.7,72.5
2026-09-25,EP172026,18,2026-09-28 06:00:00,3 days 06:00:00,78,24.13,-113.13,982.9,68.4
2026-09-25,EP172026,18,2026-09-28 12:00:00,3 days 12:00:00,84,25.0,-112.75,986.0,64.3
2026-09-25,WP252026,18,2026-09-25 00:00:00,0 days 00:00:00,0,20.25,130.25,1002.4,39.6
2026-09-25,WP252026,18,2026-09-25 06:00:00,0 days 06:00:00,6,20.63,129.38,1000.2,43.3
2026-09-25,WP252026,18,2026-09-25 12:00:00,0 days 12:00:00,12,21.0,128.5,997.9,47.1
2026-09-25,WP252026,18,2026-09-25 18:00:00,0 days 18:00:00,18,21.63,127.88,993.4,53.6
2026-09-25,WP252026,18,2026-09-26 00:00:00,1 days 00:00:00,24,22.25,127.25,989.0,60.2
2026-09-25,WP252026,18,2026-09-26 06:00:00,1 days 06:00:00,30,22.62,127.25,986.4,63.7
2026-09-25,WP252026,18,2026-09-26 12:00:00,1 days 12:00:00,36,23.0,127.25,983.9,67.2
2026-09-25,WP252026,18,2026-09-26 18:00:00,1 days 18:00:00,42,23.5,127.37,981.9,69.7
2026-09-25,WP252026,18,2026-09-27 00:00:00,2 days 00:00:00,48,24.0,127.5,980.0,72.2
2026-09-25,WP252026,18,2026-09-27 06:00:00,2 days 06:00:00,54,24.5,128.0,981.5,70.2
2026-09-25,WP252026,18,2026-09-27 12:00:00,2 days 12:00:00,60,25.0,128.5,983.1,68.1
2026-09-25,WP252026,18,2026-09-27 18:00:00,2 days 18:00:00,66,25.38,128.87,986.4,63.7
2026-09-25,WP252026,18,2026-09-28 00:00:00,3 days 00:00:00,72,25.75,129.25,989.7,59.2
2026-09-25,WP252026,18,2026-09-28 06:00:00,3 days 06:00:00,78,26.0,129.87,992.3,55.4
2026-09-25,WP252026,18,2026-09-28 12:00:00,3 days 12:00:00,84,26.25,130.5,994.9,51.6
2026-09-25,WP252026,18,2026-09-28 18:00:00,3 days 18:00:00,90,26.63,130.75,996.6,49.0
2026-09-25,WP252026,18,2026-09-29 00:00:00,4 days 00:00:00,96,27.0,131.0,998.2,46.5
2026-09-25,WP252026,18,2026-09-29 06:00:00,4 days 06:00:00,102,27.13,131.62,999.6,44.3
2026-09-25,WP252026,18,2026-09-29 12:00:00,4 days 12:00:00,108,27.25,132.25,1000.9,42.2
2026-09-25,WP252026,18,2026-09-29 18:00:00,4 days 18:00:00,114,27.63,132.37,1002.4,39.5
2026-09-25,WP252026,18,2026-09-30 00:00:00,5 days 00:00:00,120,28.0,132.5,1004.0,36.9
2026-09-25,WP252026,18,2026-09-30 06:00:00,5 days 06:00:00,126,28.5,133.0,1004.5,35.9
2026-09-25,WP252026,18,2026-09-30 12:00:00,5 days 12:00:00,132,29.0,133.5,1005.1,34.9
2026-09-25,WP252026,18,2026-09-30 18:00:00,5 days 18:00:00,138,29.63,134.12,1005.2,34.7
2026-09-25,WP252026,18,2026-10-01 00:00:00,6 days 00:00:00,144,30.25,134.75,1005.4,34.4
2026-09-25,AL062026,19,2026-09-25 00:00:00,0 days 00:00:00,0,30.0,-41.75,1015.2,13.2
2026-09-25,AL062026,19,2026-09-25 06:00:00,0 days 06:00:00,6,29.75,-42.0,1015.6,11.8
2026-09-25,AL062026,19,2026-09-25 12:00:00,0 days 12:00:00,12,29.5,-42.25,1016.1,10.4
2026-09-25,AL062026,19,2026-09-25 18:00:00,0 days 18:00:00,18,29.5,-42.88,1015.2,12.9
2026-09-25,AL062026,19,2026-09-26 00:00:00,1 days 00:00:00,24,29.5,-43.5,1014.3,15.5
2026-09-25,AL062026,19,2026-09-26 06:00:00,1 days 06:00:00,30,29.5,-43.88,1014.4,15.3
2026-09-25,AL062026,19,2026-09-26 12:00:00,1 days 12:00:00,36,29.5,-44.25,1014.5,15.0
2026-09-25,AL062026,19,2026-09-26 18:00:00,1 days 18:00:00,42,32.13,-43.23,1012.0,20.3
2026-09-25,AL062026,19,2026-09-27 00:00:00,2 days 00:00:00,48,34.77,-42.14,1009.5,25.6
2026-09-25,AL062026,19,2026-09-27 06:00:00,2 days 06:00:00,54,37.4,-40.99,1007.0,30.8
2026-09-25,AL062026,19,2026-09-27 12:00:00,2 days 12:00:00,60,40.0,-39.75,1004.5,36.1
2026-09-25,AL072026,19,2026-09-25 00:00:00,0 days 00:00:00,0,13.25,-22.0,1006.2,32.9
2026-09-25,AL072026,19,2026-09-25 06:00:00,0 days 06:00:00,6,14.25,-22.31,1006.3,32.7
2026-09-25,AL072026,19,2026-09-25 12:00:00,0 days 12:00:00,12,15.25,-22.62,1006.4,32.5
2026-09-25,AL072026,19,2026-09-25 18:00:00,0 days 18:00:00,18,16.25,-22.93,1006.6,32.3
2026-09-25,AL072026,19,2026-09-26 00:00:00,1 days 00:00:00,24,17.25,-23.25,1006.7,32.0
2026-09-25,AL072026,19,2026-09-26 06:00:00,1 days 06:00:00,30,18.0,-23.25,1007.6,30.2
2026-09-25,AL072026,19,2026-09-26 12:00:00,1 days 12:00:00,36,18.75,-23.25,1008.6,28.4
2026-09-25,EP152026,19,2026-09-25 00:00:00,0 days 00:00:00,0,14.75,-156.0,983.9,67.1
2026-09-25,EP152026,19,2026-09-25 06:00:00,0 days 06:00:00,6,15.25,-156.0,984.8,65.9
2026-09-25,EP152026,19,2026-09-25 12:00:00,0 days 12:00:00,12,15.75,-156.0,985.6,64.8
2026-09-25,EP152026,19,2026-09-25 18:00:00,0 days 18:00:00,18,16.13,-155.75,984.1,66.8
2026-09-25,EP152026,19,2026-09-26 00:00:00,1 days 00:00:00,24,16.5,-155.5,982.6,68.8
2026-09-25,EP152026,19,2026-09-26 06:00:00,1 days 06:00:00,30,16.63,-155.38,982.2,69.4
2026-09-25,EP152026,19,2026-09-26 12:00:00,1 days 12:00:00,36,16.75,-155.25,981.7,70.0
2026-09-25,EP152026,19,2026-09-26 18:00:00,1 days 18:00:00,42,16.88,-155.62,981.8,69.9
2026-09-25,EP152026,19,2026-09-27 00:00:00,2 days 00:00:00,48,17.0,-156.0,981.9,69.8
2026-09-25,EP152026,19,2026-09-27 06:00:00,2 days 06:00:00,54,17.0,-156.62,981.7,70.1
2026-09-25,EP152026,19,2026-09-27 12:00:00,2 days 12:00:00,60,17.0,-157.25,981.5,70.3
2026-09-25,EP152026,19,2026-09-27 18:00:00,2 days 18:00:00,66,17.13,-158.37,983.5,67.6
2026-09-25,EP152026,19,2026-09-28 00:00:00,3 days 00:00:00,72,17.25,-159.5,985.5,65.0
2026-09-25,EP152026,19,2026-09-28 06:00:00,3 days 06:00:00,78,17.5,-160.62,981.6,70.0
2026-09-25,EP152026,19,2026-09-28 12:00:00,3 days 12:00:00,84,17.75,-161.75,977.8,75.1
2026-09-25,EP152026,19,2026-09-28 18:00:00,3 days 18:00:00,90,18.63,-162.74,976.1,77.2
2026-09-25,EP152026,19,2026-09-29 00:00:00,4 days 00:00:00,96,19.5,-163.75,974.4,79.3
2026-09-25,EP152026,19,2026-09-29 06:00:00,4 days 06:00:00,102,20.88,-164.62,976.3,76.8
2026-09-25,EP152026,19,2026-09-29 12:00:00,4 days 12:00:00,108,22.25,-165.5,978.3,74.4
2026-09-25,EP152026,19,2026-09-29 18:00:00,4 days 18:00:00,114,23.38,-165.75,978.0,74.8
2026-09-25,EP152026,19,2026-09-30 00:00:00,5 days 00:00:00,120,24.5,-166.0,977.7,75.1
2026-09-25,EP152026,19,2026-09-30 06:00:00,5 days 06:00:00,126,25.63,-166.0,979.2,73.3
2026-09-25,EP152026,19,2026-09-30 12:00:00,5 days 12:00:00,132,26.75,-166.0,980.6,71.4
2026-09-25,EP152026,19,2026-09-30 18:00:00,5 days 18:00:00,138,27.88,-166.12,982.3,69.3
2026-09-25,EP152026,19,2026-10-01 00:00:00,6 days 00:00:00,144,29.0,-166.25,983.9,67.1
2026-09-25,EP152026,19,2026-10-01 06:00:00,6 days 06:00:00,150,30.13,-166.74,986.3,63.8
2026-09-25,EP152026,19,2026-10-01 12:00:00,6 days 12:00:00,156,31.25,-167.25,988.7,60.5
2026-09-25,EP152026,19,2026-10-01 18:00:00,6 days 18:00:00,162,32.88,-166.51,988.3,61.1
2026-09-25,EP152026,19,2026-10-02 00:00:00,7 days 00:00:00,168,34.5,-165.75,987.9,61.7
2026-09-25,EP152026,19,2026-10-02 06:00:00,7 days 06:00:00,174,37.28,-163.1,979.7,72.3
2026-09-25,EP152026,19,2026-10-02 12:00:00,7 days 12:00:00,180,40.0,-160.25,971.4,82.9
2026-09-25,EP152026,19,2026-10-02 18:00:00,7 days 18:00:00,186,44.42,-157.13,968.1,86.8
2026-09-25,EP152026,19,2026-10-03 00:00:00,8 days 00:00:00,192,48.75,-153.5,964.9,90.7
2026-09-25,EP152026,19,2026-10-03 06:00:00,8 days 06:00:00,198,52.67,-150.42,963.7,92.0
2026-09-25,EP152026,19,2026-10-03 12:00:00,8 days 12:00:00,204,56.5,-146.75,962.6,93.3
2026-09-25,EP152026,19,2026-10-03 18:00:00,8 days 18:00:00,210,58.92,-143.49,967.5,87.5
2026-09-25,EP152026,19,2026-10-04 00:00:00,9 days 00:00:00,216,61.25,-139.75,972.3,81.8
2026-09-25,EP152026,19,2026-10-04 06:00:00,9 days 06:00:00,222,63.26,-133.91,976.7,76.3
2026-09-25,EP152026,19,2026-10-04 12:00:00,9 days 12:00:00,228,65.0,-127.25,981.1,70.7
2026-09-25,EP162026,19,2026-09-25 00:00:00,0 days 00:00:00,0,17.0,-124.75,975.5,77.9
2026-09-25,EP162026,19,2026-09-25 06:00:00,0 days 06:00:00,6,17.25,-124.25,974.3,79.3
2026-09-25,EP162026,19,2026-09-25 12:00:00,0 days 12:00:00,12,17.5,-123.75,973.2,80.8
2026-09-25,EP162026,19,2026-09-25 18:00:00,0 days 18:00:00,18,17.87,-123.75,977.0,76.0
2026-09-25,EP162026,19,2026-09-26 00:00:00,1 days 00:00:00,24,18.25,-123.75,980.8,71.2
2026-09-25,EP162026,19,2026-09-26 06:00:00,1 days 06:00:00,30,18.63,-123.5,981.2,70.7
2026-09-25,EP162026,19,2026-09-26 12:00:00,1 days 12:00:00,36,19.0,-123.25,981.5,70.2
2026-09-25,EP162026,19,2026-09-26 18:00:00,1 days 18:00:00,42,19.25,-123.37,987.7,61.7
2026-09-25,EP162026,19,2026-09-27 00:00:00,2 days 00:00:00,48,19.5,-123.5,993.8,53.2
2026-09-25,EP162026,19,2026-09-27 06:00:00,2 days 06:00:00,54,20.0,-123.38,996.7,48.8
2026-09-25,EP162026,19,2026-09-27 12:00:00,2 days 12:00:00,60,20.5,-123.25,999.5,44.4
2026-09-25,EP162026,19,2026-09-27 18:00:00,2 days 18:00:00,66,21.69,-118.54,986.1,62.9
2026-09-25,EP162026,19,2026-09-28 00:00:00,3 days 00:00:00,72,22.75,-113.75,972.6,81.5
2026-09-25,EP162026,19,2026-09-28 06:00:00,3 days 06:00:00,78,23.63,-113.63,974.6,79.0
2026-09-25,EP162026,19,2026-09-28 12:00:00,3 days 12:00:00,84,24.5,-113.5,976.6,76.5
2026-09-25,EP162026,19,2026-09-28 18:00:00,3 days 18:00:00,90,25.38,-113.0,983.2,67.8
2026-09-25,EP162026,19,2026-09-29 00:00:00,4 days 00:00:00,96,26.25,-112.5,989.7,59.1
2026-09-25,EP162026,19,2026-09-29 06:00:00,4 days 06:00:00,102,27.75,-111.64,993.9,52.9
2026-09-25,EP162026,19,2026-09-29 12:00:00,4 days 12:00:00,108,29.25,-110.75,998.1,46.7
2026-09-25,EP172026,19,2026-09-25 00:00:00,0 days 00:00:00,0,17.0,-106.25,960.1,96.1
2026-09-25,EP172026,19,2026-09-25 06:00:00,0 days 06:00:00,6,17.13,-107.12,966.4,88.8
2026-09-25,EP172026,19,2026-09-25 12:00:00,0 days 12:00:00,12,17.25,-108.0,972.6,81.5
2026-09-25,EP172026,19,2026-09-25 18:00:00,0 days 18:00:00,18,17.38,-109.0,975.7,77.6
2026-09-25,EP172026,19,2026-09-26 00:00:00,1 days 00:00:00,24,17.5,-110.0,978.9,73.6
2026-09-25,EP172026,19,2026-09-26 06:00:00,1 days 06:00:00,30,17.75,-110.75,976.6,76.5
2026-09-25,EP172026,19,2026-09-26 12:00:00,1 days 12:00:00,36,18.0,-111.5,974.3,79.4
2026-09-25,EP172026,19,2026-09-26 18:00:00,1 days 18:00:00,42,18.63,-112.25,971.2,83.2
2026-09-25,EP172026,19,2026-09-27 00:00:00,2 days 00:00:00,48,19.25,-113.0,968.0,87.0
2026-09-25,EP172026,19,2026-09-27 06:00:00,2 days 06:00:00,54,20.13,-113.25,970.2,84.3
2026-09-25,EP172026,19,2026-09-27 12:00:00,2 days 12:00:00,60,21.0,-113.5,972.4,81.7
2026-09-25,EP172026,19,2026-09-27 18:00:00,2 days 18:00:00,66,21.88,-113.62,972.5,81.6
2026-09-25,EP172026,19,2026-09-28 00:00:00,3 days 00:00:00,72,22.75,-113.75,972.6,81.5
2026-09-25,WP252026,19,2026-09-25 00:00:00,0 days 00:00:00,0,20.25,130.25,1002.4,39.6
2026-09-25,WP252026,19,2026-09-25 06:00:00,0 days 06:00:00,6,20.88,129.25,998.2,46.3
2026-09-25,WP252026,19,2026-09-25 12:00:00,0 days 12:00:00,12,21.5,128.25,994.0,53.0
2026-09-25,WP252026,19,2026-09-25 18:00:00,0 days 18:00:00,18,22.0,127.75,991.5,56.5
2026-09-25,WP252026,19,2026-09-26 00:00:00,1 days 00:00:00,24,22.5,127.25,989.1,60.1
2026-09-25,WP252026,19,2026-09-26 06:00:00,1 days 06:00:00,30,23.13,127.37,988.6,60.6
2026-09-25,WP252026,19,2026-09-26 12:00:00,1 days 12:00:00,36,23.75,127.5,988.2,61.2
2026-09-25,WP252026,19,2026-09-26 18:00:00,1 days 18:00:00,42,24.38,127.87,987.6,62.1
2026-09-25,WP252026,19,2026-09-27 00:00:00,2 days 00:00:00,48,25.0,128.25,987.0,63.0
2026-09-25,WP252026,19,2026-09-27 06:00:00,2 days 06:00:00,54,25.38,128.87,985.2,65.3
2026-09-25,WP252026,19,2026-09-27 12:00:00,2 days 12:00:00,60,25.75,129.5,983.5,67.6
2026-09-25,WP252026,19,2026-09-27 18:00:00,2 days 18:00:00,66,26.63,130.24,987.3,62.4
2026-09-25,WP252026,19,2026-09-28 00:00:00,3 days 00:00:00,72,27.5,131.0,991.1,57.2
2026-09-25,WP252026,19,2026-09-28 06:00:00,3 days 06:00:00,78,28.13,132.37,994.2,52.5
2026-09-25,WP252026,19,2026-09-28 12:00:00,3 days 12:00:00,84,28.75,133.75,997.4,47.8
2026-09-25,WP252026,19,2026-09-28 18:00:00,3 days 18:00:00,90,29.63,135.24,998.9,45.3
2026-09-25,WP252026,19,2026-09-29 00:00:00,4 days 00:00:00,96,30.5,136.75,1000.5,42.9
2026-09-25,WP252026,19,2026-09-29 06:00:00,4 days 06:00:00,102,31.26,138.49,999.3,44.7
2026-09-25,WP252026,19,2026-09-29 12:00:00,4 days 12:00:00,108,32.0,140.25,998.1,46.6
2026-09-25,WP252026,19,2026-09-29 18:00:00,4 days 18:00:00,114,32.89,142.11,999.8,43.9
2026-09-25,WP252026,19,2026-09-30 00:00:00,5 days 00:00:00,120,33.75,144.0,1001.5,41.2
2026-09-25,AL062026,2,2026-09-25 00:00:00,0 days 00:00:00,0,30.0,-41.75,1015.2,13.2
2026-09-25,AL062026,2,2026-09-25 06:00:00,0 days 06:00:00,6,30.0,-42.0,1015.4,12.4
2026-09-25,AL062026,2,2026-09-25 12:00:00,0 days 12:00:00,12,30.0,-42.25,1015.7,11.6
2026-09-25,AL062026,2,2026-09-25 18:00:00,0 days 18:00:00,18,29.63,-42.75,1015.0,13.5
2026-09-25,AL062026,2,2026-09-26 00:00:00,1 days 00:00:00,24,29.25,-43.25,1014.4,15.4
2026-09-25,AL062026,2,2026-09-26 06:00:00,1 days 06:00:00,30,29.25,-44.0,1014.6,14.9
2026-09-25,AL062026,2,2026-09-26 12:00:00,1 days 12:00:00,36,29.25,-44.75,1014.7,14.4
2026-09-25,AL062026,2,2026-09-26 18:00:00,1 days 18:00:00,42,29.0,-45.25,1014.8,14.1
2026-09-25,AL062026,2,2026-09-27 00:00:00,2 days 00:00:00,48,28.75,-45.75,1014.9,13.9
2026-09-25,EP152026,2,2026-09-25 00:00:00,0 days 00:00:00,0,14.75,-156.0,983.9,67.1
2026-09-25,EP152026,2,2026-09-25 06:00:00,0 days 06:00:00,6,15.13,-155.88,983.6,67.5
2026-09-25,EP152026,2,2026-09-25 12:00:00,0 days 12:00:00,12,15.5,-155.75,983.4,67.8
2026-09-25,EP152026,2,2026-09-25 18:00:00,0 days 18:00:00,18,16.13,-155.38,982.3,69.2
2026-09-25,EP152026,2,2026-09-26 00:00:00,1 days 00:00:00,24,16.75,-155.0,981.2,70.7
2026-09-25,EP152026,2,2026-09-26 06:00:00,1 days 06:00:00,30,17.0,-155.12,983.6,67.5
2026-09-25,EP152026,2,2026-09-26 12:00:00,1 days 12:00:00,36,17.25,-155.25,985.9,64.4
2026-09-25,EP152026,2,2026-09-26 18:00:00,1 days 18:00:00,42,17.25,-155.63,984.8,65.9
2026-09-25,EP152026,2,2026-09-27 00:00:00,2 days 00:00:00,48,17.25,-156.0,983.7,67.3
2026-09-25,EP152026,2,2026-09-27 06:00:00,2 days 06:00:00,54,17.13,-156.88,980.3,71.7
2026-09-25,EP152026,2,2026-09-27 12:00:00,2 days 12:00:00,60,17.0,-157.75,976.9,76.1
2026-09-25,EP152026,2,2026-09-27 18:00:00,2 days 18:00:00,66,16.63,-158.75,978.8,73.7
2026-09-25,EP152026,2,2026-09-28 00:00:00,3 days 00:00:00,72,16.25,-159.75,980.7,71.3
2026-09-25,EP152026,2,2026-09-28 06:00:00,3 days 06:00:00,78,16.25,-160.88,981.3,70.6
2026-09-25,EP152026,2,2026-09-28 12:00:00,3 days 12:00:00,84,16.25,-162.0,981.8,69.9
2026-09-25,EP152026,2,2026-09-28 18:00:00,3 days 18:00:00,90,16.75,-162.75,981.1,70.8
2026-09-25,EP152026,2,2026-09-29 00:00:00,4 days 00:00:00,96,17.25,-163.5,980.5,71.6
2026-09-25,EP152026,2,2026-09-29 06:00:00,4 days 06:00:00,102,18.0,-164.25,980.6,71.5
2026-09-25,EP152026,2,2026-09-29 12:00:00,4 days 12:00:00,108,18.75,-165.0,980.7,71.3
2026-09-25,EP152026,2,2026-09-29 18:00:00,4 days 18:00:00,114,19.5,-165.5,975.7,77.6
2026-09-25,EP152026,2,2026-09-30 00:00:00,5 days 00:00:00,120,20.25,-166.0,970.7,83.8
2026-09-25,EP152026,2,2026-09-30 06:00:00,5 days 06:00:00,126,21.0,-166.0,973.7,80.0
2026-09-25,EP152026,2,2026-09-30 12:00:00,5 days 12:00:00,132,21.75,-166.0,976.8,76.2
2026-09-25,EP152026,2,2026-09-30 18:00:00,5 days 18:00:00,138,22.63,-166.12,976.3,76.8
2026-09-25,EP152026,2,2026-10-01 00:00:00,6 days 00:00:00,144,23.5,-166.25,975.9,77.4
2026-09-25,EP152026,2,2026-10-01 06:00:00,6 days 06:00:00,150,24.63,-166.62,980.1,71.9
2026-09-25,EP152026,2,2026-10-01 12:00:00,6 days 12:00:00,156,25.75,-167.0,984.4,66.4
2026-09-25,EP152026,2,2026-10-01 18:00:00,6 days 18:00:00,162,27.13,-167.37,983.3,67.8
2026-09-25,EP152026,2,2026-10-02 00:00:00,7 days 00:00:00,168,28.5,-167.75,982.3,69.2
2026-09-25,EP152026,2,2026-10-02 06:00:00,7 days 06:00:00,174,29.13,-168.37,983.3,67.9
2026-09-25,EP152026,2,2026-10-02 12:00:00,7 days 12:00:00,180,29.75,-169.0,984.3,66.5
2026-09-25,EP152026,2,2026-10-02 18:00:00,7 days 18:00:00,186,29.38,-169.75,985.7,64.7
2026-09-25,EP152026,2,2026-10-03 00:00:00,8 days 00:00:00,192,29.0,-170.5,987.0,63.0
2026-09-25,EP152026,2,2026-10-03 06:00:00,8 days 06:00:00,198,28.63,-171.25,989.1,59.9
2026-09-25,EP152026,2,2026-10-03 12:00:00,8 days 12:00:00,204,28.25,-172.0,991.3,56.8
2026-09-25,EP152026,2,2026-10-03 18:00:00,8 days 18:00:00,210,28.14,-173.75,992.8,54.6
2026-09-25,EP152026,2,2026-10-04 00:00:00,9 days 00:00:00,216,28.0,-175.5,994.3,52.5
2026-09-25,EP152026,2,2026-10-04 06:00:00,9 days 06:00:00,222,27.01,-177.14,994.7,51.8
2026-09-25,EP152026,2,2026-10-04 12:00:00,9 days 12:00:00,228,26.0,-178.75,995.1,51.2
2026-09-25,EP152026,2,2026-10-04 18:00:00,9 days 18:00:00,234,26.26,179.5,995.8,50.3
2026-09-25,EP152026,2,2026-10-05 00:00:00,10 days 00:00:00,240,26.5,177.75,996.4,49.4
2026-09-25,EP152026,2,2026-10-05 06:00:00,10 days 06:00:00,246,26.27,175.62,995.9,50.1
2026-09-25,EP152026,2,2026-10-05 12:00:00,10 days 12:00:00,252,26.0,173.5,995.3,50.9
2026-09-25,EP152026,2,2026-10-05 18:00:00,10 days 18:00:00,258,26.51,172.01,995.6,50.6
2026-09-25,EP152026,2,2026-10-06 00:00:00,11 days 00:00:00,264,27.0,170.5,995.8,50.2
2026-09-25,EP152026,2,2026-10-06 06:00:00,11 days 06:00:00,270,27.51,168.76,996.4,49.3
2026-09-25,EP152026,2,2026-10-06 12:00:00,11 days 12:00:00,276,28.0,167.0,996.9,48.5
2026-09-25,EP152026,2,2026-10-06 18:00:00,11 days 18:00:00,282,29.0,166.01,997.5,47.6
2026-09-25,EP152026,2,2026-10-07 00:00:00,12 days 00:00:00,288,30.0,165.0,998.1,46.7
2026-09-25,EP152026,2,2026-10-07 06:00:00,12 days 06:00:00,294,31.13,164.26,996.0,49.8
2026-09-25,EP152026,2,2026-10-07 12:00:00,12 days 12:00:00,300,32.25,163.5,994.0,52.9
2026-09-25,EP152026,2,2026-10-07 18:00:00,12 days 18:00:00,306,33.38,163.5,990.8,57.5
2026-09-25,EP152026,2,2026-10-08 00:00:00,13 days 00:00:00,312,34.5,163.5,987.6,62.1
2026-09-25,EP152026,2,2026-10-08 06:00:00,13 days 06:00:00,318,36.14,165.34,986.9,63.0
2026-09-25,EP152026,2,2026-10-08 12:00:00,13 days 12:00:00,324,37.75,167.25,986.3,63.9
2026-09-25,EP152026,2,2026-10-08 18:00:00,13 days 18:00:00,330,39.07,171.3,988.4,60.9
2026-09-25,EP152026,2,2026-10-09 00:00:00,14 days 00:00:00,336,40.25,175.5,990.5,58.0
2026-09-25,EP162026,2,2026-09-25 00:00:00,0 days 00:00:00,0,17.0,-124.75,975.5,77.9
2026-09-25,EP162026,2,2026-09-25 06:00:00,0 days 06:00:00,6,17.25,-124.25,975.2,78.3
2026-09-25,EP162026,2,2026-09-25 12:00:00,0 days 12:00:00,12,17.5,-123.75,974.9,78.6
2026-09-25,EP162026,2,2026-09-25 18:00:00,0 days 18:00:00,18,17.75,-123.75,977.5,75.4
2026-09-25,EP162026,2,2026-09-26 00:00:00,1 days 00:00:00,24,18.0,-123.75,980.0,72.2
2026-09-25,EP162026,2,2026-09-26 06:00:00,1 days 06:00:00,30,18.5,-123.75,983.5,67.6
2026-09-25,EP162026,2,2026-09-26 12:00:00,1 days 12:00:00,36,19.0,-123.75,987.0,63.0
2026-09-25,EP162026,2,2026-09-26 18:00:00,1 days 18:00:00,42,19.63,-123.87,989.5,59.4
2026-09-25,EP162026,2,2026-09-27 00:00:00,2 days 00:00:00,48,20.25,-124.0,992.0,55.9
2026-09-25,EP162026,2,2026-09-27 06:00:00,2 days 06:00:00,54,20.88,-124.12,995.4,50.7
2026-09-25,EP162026,2,2026-09-27 12:00:00,2 days 12:00:00,60,21.5,-124.25,998.8,45.5
2026-09-25,EP162026,2,2026-09-27 18:00:00,2 days 18:00:00,66,22.1,-118.64,987.6,61.2
2026-09-25,EP162026,2,2026-09-28 00:00:00,3 days 00:00:00,72,22.5,-113.0,976.3,76.9
2026-09-25,EP162026,2,2026-09-28 06:00:00,3 days 06:00:00,78,23.13,-112.63,977.3,75.7
2026-09-25,EP162026,2,2026-09-28 12:00:00,3 days 12:00:00,84,23.75,-112.25,978.3,74.4
2026-09-25,EP162026,2,2026-09-28 18:00:00,3 days 18:00:00,90,24.5,-111.75,984.4,66.2
2026-09-25,EP162026,2,2026-09-29 00:00:00,4 days 00:00:00,96,25.25,-111.25,990.6,57.9
2026-09-25,EP162026,2,2026-09-29 06:00:00,4 days 06:00:00,102,26.13,-110.75,991.4,56.8
2026-09-25,EP162026,2,2026-09-29 12:00:00,4 days 12:00:00,108,27.0,-110.25,992.2,55.6
2026-09-25,EP162026,2,2026-09-29 18:00:00,4 days 18:00:00,114,28.04,-106.78,995.1,51.2
2026-09-25,EP162026,2,2026-09-30 00:00:00,5 days 00:00:00,120,29.0,-103.25,998.0,46.8
2026-09-25,EP172026,2,2026-09-25 00:00:00,0 days 00:00:00,0,17.0,-106.25,960.1,96.1
2026-09-25,EP172026,2,2026-09-25 06:00:00,0 days 06:00:00,6,17.13,-107.12,965.8,89.5
2026-09-25,EP172026,2,2026-09-25 12:00:00,0 days 12:00:00,12,17.25,-108.0,971.4,82.9
2026-09-25,EP172026,2,2026-09-25 18:00:00,0 days 18:00:00,18,17.5,-108.87,972.9,81.1
2026-09-25,EP172026,2,2026-09-26 00:00:00,1 days 00:00:00,24,17.75,-109.75,974.4,79.2
2026-09-25,EP172026,2,2026-09-26 06:00:00,1 days 06:00:00,30,17.75,-110.63,973.8,79.9
2026-09-25,EP172026,2,2026-09-26 12:00:00,1 days 12:00:00,36,17.75,-111.5,973.3,80.7
2026-09-25,EP172026,2,2026-09-26 18:00:00,1 days 18:00:00,42,18.5,-112.0,972.6,81.5
2026-09-25,EP172026,2,2026-09-27 00:00:00,2 days 00:00:00,48,19.25,-112.5,971.9,82.3
2026-09-25,EP172026,2,2026-09-27 06:00:00,2 days 06:00:00,54,20.0,-112.75,974.1,79.6
2026-09-25,EP172026,2,2026-09-27 12:00:00,2 days 12:00:00,60,20.75,-113.0,976.3,76.9
2026-09-25,EP172026,2,2026-09-27 18:00:00,2 days 18:00:00,66,21.63,-113.0,976.3,76.9
2026-09-25,EP172026,2,2026-09-28 00:00:00,3 days 00:00:00,72,22.5,-113.0,976.3,76.9
2026-09-25,WP252026,2,2026-09-25 00:00:00,0 days 00:00:00,0,20.25,130.25,1002.4,39.6
2026-09-25,WP252026,2,2026-09-25 06:00:00,0 days 06:00:00,6,20.75,129.5,999.3,44.6
2026-09-25,WP252026,2,2026-09-25 12:00:00,0 days 12:00:00,12,21.25,128.75,996.2,49.6
2026-09-25,WP252026,2,2026-09-25 18:00:00,0 days 18:00:00,18,22.0,128.13,993.6,53.5
2026-09-25,WP252026,2,2026-09-26 00:00:00,1 days 00:00:00,24,22.75,127.5,991.0,57.4
2026-09-25,WP252026,2,2026-09-26 06:00:00,1 days 06:00:00,30,23.25,127.5,987.2,62.6
2026-09-25,WP252026,2,2026-09-26 12:00:00,1 days 12:00:00,36,23.75,127.5,983.4,67.8
2026-09-25,WP252026,2,2026-09-26 18:00:00,1 days 18:00:00,42,24.13,127.75,984.2,66.6
2026-09-25,WP252026,2,2026-09-27 00:00:00,2 days 00:00:00,48,24.5,128.0,985.1,65.5
2026-09-25,WP252026,2,2026-09-27 06:00:00,2 days 06:00:00,54,25.13,128.62,981.3,70.5
2026-09-25,WP252026,2,2026-09-27 12:00:00,2 days 12:00:00,60,25.75,129.25,977.4,75.5
2026-09-25,WP252026,2,2026-09-27 18:00:00,2 days 18:00:00,66,26.25,129.75,978.5,74.1
2026-09-25,WP252026,2,2026-09-28 00:00:00,3 days 00:00:00,72,26.75,130.25,979.6,72.7
2026-09-25,WP252026,2,2026-09-28 06:00:00,3 days 06:00:00,78,27.63,131.37,985.6,64.6
2026-09-25,WP252026,2,2026-09-28 12:00:00,3 days 12:00:00,84,28.5,132.5,991.6,56.5
2026-09-25,WP252026,2,2026-09-28 18:00:00,3 days 18:00:00,90,29.01,133.99,991.8,56.2
2026-09-25,WP252026,2,2026-09-29 00:00:00,4 days 00:00:00,96,29.5,135.5,991.9,56.0
2026-09-25,WP252026,2,2026-09-29 06:00:00,4 days 06:00:00,102,30.26,137.24,993.3,54.0
2026-09-25,WP252026,2,2026-09-29 12:00:00,4 days 12:00:00,108,31.0,139.0,994.7,52.0
2026-09-25,WP252026,2,2026-09-29 18:00:00,4 days 18:00:00,114,32.14,140.73,994.0,52.9
2026-09-25,WP252026,2,2026-09-30 00:00:00,5 days 00:00:00,120,33.25,142.5,993.4,53.9
2026-09-25,AL062026,20,2026-09-25 00:00:00,0 days 00:00:00,0,30.0,-41.75,1015.2,13.2
2026-09-25,AL062026,20,2026-09-25 06:00:00,0 days 06:00:00,6,29.88,-42.13,1015.4,12.5
2026-09-25,AL062026,20,2026-09-25 12:00:00,0 days 12:00:00,12,29.75,-42.5,1015.7,11.8
2026-09-25,AL062026,20,2026-09-25 18:00:00,0 days 18:00:00,18,29.5,-43.0,1014.8,14.1
2026-09-25,AL062026,20,2026-09-26 00:00:00,1 days 00:00:00,24,29.25,-43.5,1014.0,16.4
2026-09-25,AL062026,20,2026-09-26 06:00:00,1 days 06:00:00,30,29.25,-43.88,1013.6,17.3
2026-09-25,AL062026,20,2026-09-26 12:00:00,1 days 12:00:00,36,29.25,-44.25,1013.2,18.2
2026-09-25,AL062026,20,2026-09-26 18:00:00,1 days 18:00:00,42,29.25,-44.62,1013.4,17.9
2026-09-25,AL062026,20,2026-09-27 00:00:00,2 days 00:00:00,48,29.25,-45.0,1013.5,17.6
2026-09-25,AL062026,20,2026-09-27 06:00:00,2 days 06:00:00,54,29.13,-45.25,1014.0,16.4
2026-09-25,AL062026,20,2026-09-27 12:00:00,2 days 12:00:00,60,29.0,-45.5,1014.5,15.1
2026-09-25,AL062026,20,2026-09-27 18:00:00,2 days 18:00:00,66,29.13,-45.62,1014.4,15.2
2026-09-25,AL062026,20,2026-09-28 00:00:00,3 days 00:00:00,72,29.25,-45.75,1014.4,15.3
2026-09-25,AL072026,20,2026-09-25 00:00:00,0 days 00:00:00,0,13.25,-22.0,1006.2,32.9
2026-09-25,AL072026,20,2026-09-25 06:00:00,0 days 06:00:00,6,13.75,-22.12,1005.6,34.0
2026-09-25,AL072026,20,2026-09-25 12:00:00,0 days 12:00:00,12,14.25,-22.25,1005.0,35.1
2026-09-25,AL072026,20,2026-09-25 18:00:00,0 days 18:00:00,18,15.25,-22.25,1005.0,35.1
2026-09-25,AL072026,20,2026-09-26 00:00:00,1 days 00:00:00,24,16.25,-22.25,1005.0,35.1
2026-09-25,AL072026,20,2026-09-26 06:00:00,1 days 06:00:00,30,17.13,-22.87,1005.5,34.3
2026-09-25,AL072026,20,2026-09-26 12:00:00,1 days 12:00:00,36,18.0,-23.5,1005.9,33.4
2026-09-25,AL072026,20,2026-09-26 18:00:00,1 days 18:00:00,42,18.63,-23.38,1005.7,33.8
2026-09-25,AL072026,20,2026-09-27 00:00:00,2 days 00:00:00,48,19.25,-23.25,1005.6,34.1
2026-09-25,EP152026,20,2026-09-25 00:00:00,0 days 00:00:00,0,14.75,-156.0,983.9,67.1
2026-09-25,EP152026,20,2026-09-25 06:00:00,0 days 06:00:00,6,15.25,-156.0,985.7,64.6
2026-09-25,EP152026,20,2026-09-25 12:00:00,0 days 12:00:00,12,15.75,-156.0,987.6,62.1
2026-09-25,EP152026,20,2026-09-25 18:00:00,0 days 18:00:00,18,16.0,-155.5,986.2,64.1
2026-09-25,EP152026,20,2026-09-26 00:00:00,1 days 00:00:00,24,16.25,-155.0,984.8,66.0
2026-09-25,EP152026,20,2026-09-26 06:00:00,1 days 06:00:00,30,16.63,-155.12,985.3,65.3
2026-09-25,EP152026,20,2026-09-26 12:00:00,1 days 12:00:00,36,17.0,-155.25,985.8,64.6
2026-09-25,EP152026,20,2026-09-26 18:00:00,1 days 18:00:00,42,17.0,-155.63,984.6,66.1
2026-09-25,EP152026,20,2026-09-27 00:00:00,2 days 00:00:00,48,17.0,-156.0,983.5,67.6
2026-09-25,EP152026,20,2026-09-27 06:00:00,2 days 06:00:00,54,17.0,-156.75,983.9,67.1
2026-09-25,EP152026,20,2026-09-27 12:00:00,2 days 12:00:00,60,17.0,-157.5,984.4,66.5
2026-09-25,EP152026,20,2026-09-27 18:00:00,2 days 18:00:00,66,17.13,-158.62,984.1,66.9
2026-09-25,EP152026,20,2026-09-28 00:00:00,3 days 00:00:00,72,17.25,-159.75,983.8,67.3
2026-09-25,EP152026,20,2026-09-28 06:00:00,3 days 06:00:00,78,17.5,-160.62,979.6,72.6
2026-09-25,EP152026,20,2026-09-28 12:00:00,3 days 12:00:00,84,17.75,-161.5,975.4,78.0
2026-09-25,EP152026,20,2026-09-28 18:00:00,3 days 18:00:00,90,18.38,-162.37,979.9,72.2
2026-09-25,EP152026,20,2026-09-29 00:00:00,4 days 00:00:00,96,19.0,-163.25,984.4,66.4
2026-09-25,EP152026,20,2026-09-29 06:00:00,4 days 06:00:00,102,20.13,-163.87,989.6,59.1
2026-09-25,EP152026,20,2026-09-29 12:00:00,4 days 12:00:00,108,21.25,-164.5,994.7,51.8
2026-09-25,EP152026,20,2026-09-29 18:00:00,4 days 18:00:00,114,22.5,-165.24,991.1,57.1
2026-09-25,EP152026,20,2026-09-30 00:00:00,5 days 00:00:00,120,23.75,-166.0,987.5,62.3
2026-09-25,EP152026,20,2026-09-30 06:00:00,5 days 06:00:00,126,24.25,-166.87,988.7,60.6
2026-09-25,EP152026,20,2026-09-30 12:00:00,5 days 12:00:00,132,24.75,-167.75,989.8,59.0
2026-09-25,EP152026,20,2026-09-30 18:00:00,5 days 18:00:00,138,24.88,-168.25,990.1,58.6
2026-09-25,EP152026,20,2026-10-01 00:00:00,6 days 00:00:00,144,25.0,-168.75,990.4,58.2
2026-09-25,EP152026,20,2026-10-01 06:00:00,6 days 06:00:00,150,25.25,-169.62,989.6,59.3
2026-09-25,EP152026,20,2026-10-01 12:00:00,6 days 12:00:00,156,25.5,-170.5,988.9,60.4
2026-09-25,EP152026,20,2026-10-01 18:00:00,6 days 18:00:00,162,25.13,-171.75,988.4,60.9
2026-09-25,EP152026,20,2026-10-02 00:00:00,7 days 00:00:00,168,24.75,-173.0,988.0,61.5
2026-09-25,EP152026,20,2026-10-02 06:00:00,7 days 06:00:00,174,23.88,-174.51,988.7,60.6
2026-09-25,EP152026,20,2026-10-02 12:00:00,7 days 12:00:00,180,23.0,-176.0,989.4,59.6
2026-09-25,EP152026,20,2026-10-02 18:00:00,7 days 18:00:00,186,22.76,-177.5,988.0,61.5
2026-09-25,EP152026,20,2026-10-03 00:00:00,8 days 00:00:00,192,22.5,-179.0,986.6,63.5
2026-09-25,EP152026,20,2026-10-03 06:00:00,8 days 06:00:00,198,22.51,179.0,986.1,64.2
2026-09-25,EP152026,20,2026-10-03 12:00:00,8 days 12:00:00,204,22.5,177.0,985.5,65.0
2026-09-25,EP152026,20,2026-10-03 18:00:00,8 days 18:00:00,210,22.51,175.0,980.4,71.6
2026-09-25,EP152026,20,2026-10-04 00:00:00,9 days 00:00:00,216,22.5,173.0,975.3,78.2
2026-09-25,EP152026,20,2026-10-04 06:00:00,9 days 06:00:00,222,22.39,171.12,979.0,73.4
2026-09-25,EP152026,20,2026-10-04 12:00:00,9 days 12:00:00,228,22.25,169.25,982.8,68.6
2026-09-25,EP152026,20,2026-10-04 18:00:00,9 days 18:00:00,234,23.01,167.76,982.7,68.7
2026-09-25,EP152026,20,2026-10-05 00:00:00,10 days 00:00:00,240,23.75,166.25,982.6,68.8
2026-09-25,EP152026,20,2026-10-05 06:00:00,10 days 06:00:00,246,24.76,165.01,984.0,66.9
2026-09-25,EP152026,20,2026-10-05 12:00:00,10 days 12:00:00,252,25.75,163.75,985.5,65.0
2026-09-25,EP152026,20,2026-10-05 18:00:00,10 days 18:00:00,258,27.75,162.77,987.8,61.7
2026-09-25,EP152026,20,2026-10-06 00:00:00,11 days 00:00:00,264,29.75,161.75,990.2,58.5
2026-09-25,EP152026,20,2026-10-06 06:00:00,11 days 06:00:00,270,32.25,161.26,991.4,56.7
2026-09-25,EP152026,20,2026-10-06 12:00:00,11 days 12:00:00,276,34.75,160.75,992.7,54.8
2026-09-25,EP152026,20,2026-10-06 18:00:00,11 days 18:00:00,282,36.64,162.34,992.3,55.4
2026-09-25,EP152026,20,2026-10-07 00:00:00,12 days 00:00:00,288,38.5,164.0,992.0,55.9
2026-09-25,EP152026,20,2026-10-07 06:00:00,12 days 06:00:00,294,40.97,168.58,991.9,56.0
2026-09-25,EP152026,20,2026-10-07 12:00:00,12 days 12:00:00,300,43.25,173.5,991.9,56.0
2026-09-25,EP152026,20,2026-10-07 18:00:00,12 days 18:00:00,306,41.36,170.45,987.2,62.2
2026-09-25,EP152026,20,2026-10-08 00:00:00,13 days 00:00:00,312,39.39,167.55,982.6,68.3
2026-09-25,EP152026,20,2026-10-08 06:00:00,13 days 06:00:00,318,37.34,164.82,977.9,74.5
2026-09-25,EP152026,20,2026-10-08 12:00:00,13 days 12:00:00,324,35.25,162.25,973.3,80.7
2026-09-25,EP152026,20,2026-10-08 18:00:00,13 days 18:00:00,330,35.63,163.37,976.3,76.9
2026-09-25,EP152026,20,2026-10-09 00:00:00,14 days 00:00:00,336,36.0,164.5,979.3,73.1
2026-09-25,EP152026,20,2026-10-09 06:00:00,14 days 06:00:00,342,35.63,164.63,984.0,66.8
2026-09-25,EP152026,20,2026-10-09 12:00:00,14 days 12:00:00,348,35.25,164.75,988.8,60.4
2026-09-25,EP152026,20,2026-10-09 18:00:00,14 days 18:00:00,354,35.13,164.88,991.7,56.3
2026-09-25,EP152026,20,2026-10-10 00:00:00,15 days 00:00:00,360,35.0,165.0,994.5,52.2
2026-09-25,EP162026,20,2026-09-25 00:00:00,0 days 00:00:00,0,17.0,-124.75,975.5,77.9
2026-09-25,EP162026,20,2026-09-25 06:00:00,0 days 06:00:00,6,17.25,-124.25,974.5,79.1
2026-09-25,EP162026,20,2026-09-25 12:00:00,0 days 12:00:00,12,17.5,-123.75,973.5,80.3
2026-09-25,EP162026,20,2026-09-25 18:00:00,0 days 18:00:00,18,17.87,-123.75,975.6,77.7
2026-09-25,EP162026,20,2026-09-26 00:00:00,1 days 00:00:00,24,18.25,-123.75,977.7,75.2
2026-09-25,EP162026,20,2026-09-26 06:00:00,1 days 06:00:00,30,18.88,-123.87,981.2,70.7
2026-09-25,EP162026,20,2026-09-26 12:00:00,1 days 12:00:00,36,19.5,-124.0,984.6,66.2
2026-09-25,EP162026,20,2026-09-26 18:00:00,1 days 18:00:00,42,20.0,-124.0,988.2,61.1
2026-09-25,EP162026,20,2026-09-27 00:00:00,2 days 00:00:00,48,20.5,-124.0,991.8,56.1
2026-09-25,EP162026,20,2026-09-27 06:00:00,2 days 06:00:00,54,20.88,-123.75,995.5,50.6
2026-09-25,EP162026,20,2026-09-27 12:00:00,2 days 12:00:00,60,21.25,-123.5,999.2,45.0
2026-09-25,EP162026,20,2026-09-27 18:00:00,2 days 18:00:00,66,22.08,-118.28,988.9,59.5
2026-09-25,EP162026,20,2026-09-28 00:00:00,3 days 00:00:00,72,22.75,-113.0,978.7,73.9
2026-09-25,EP162026,20,2026-09-28 06:00:00,3 days 06:00:00,78,23.63,-112.63,978.5,74.1
2026-09-25,EP162026,20,2026-09-28 12:00:00,3 days 12:00:00,84,24.5,-112.25,978.4,74.3
2026-09-25,EP162026,20,2026-09-28 18:00:00,3 days 18:00:00,90,25.13,-111.63,984.2,66.5
2026-09-25,EP162026,20,2026-09-29 00:00:00,4 days 00:00:00,96,25.75,-111.0,990.0,58.7
2026-09-25,EP162026,20,2026-09-29 06:00:00,4 days 06:00:00,102,26.75,-110.5,994.3,52.3
2026-09-25,EP162026,20,2026-09-29 12:00:00,4 days 12:00:00,108,27.75,-110.0,998.6,45.8
2026-09-25,EP162026,20,2026-09-29 18:00:00,4 days 18:00:00,114,28.42,-106.64,998.5,46.0
2026-09-25,EP162026,20,2026-09-30 00:00:00,5 days 00:00:00,120,29.0,-103.25,998.5,46.1
2026-09-25,EP162026,20,2026-09-30 06:00:00,5 days 06:00:00,126,32.89,-101.46,1001.2,41.5
2026-09-25,EP162026,20,2026-09-30 12:00:00,5 days 12:00:00,132,36.75,-99.5,1003.9,37.0
2026-09-25,EP172026,20,2026-09-25 00:00:00,0 days 00:00:00,0,17.0,-106.25,960.1,96.1
2026-09-25,EP172026,20,2026-09-25 06:00:00,0 days 06:00:00,6,17.25,-107.25,968.5,86.2
2026-09-25,EP172026,20,2026-09-25 12:00:00,0 days 12:00:00,12,17.5,-108.25,976.8,76.3
2026-09-25,EP172026,20,2026-09-25 18:00:00,0 days 18:00:00,18,17.63,-109.0,976.1,77.2
2026-09-25,EP172026,20,2026-09-26 00:00:00,1 days 00:00:00,24,17.75,-109.75,975.4,78.1
2026-09-25,EP172026,20,2026-09-26 06:00:00,1 days 06:00:00,30,17.88,-110.5,975.2,78.3
2026-09-25,EP172026,20,2026-09-26 12:00:00,1 days 12:00:00,36,18.0,-111.25,975.1,78.4
2026-09-25,EP172026,20,2026-09-26 18:00:00,1 days 18:00:00,42,18.63,-111.75,977.3,75.6
2026-09-25,EP172026,20,2026-09-27 00:00:00,2 days 00:00:00,48,19.25,-112.25,979.5,72.8
2026-09-25,EP172026,20,2026-09-27 06:00:00,2 days 06:00:00,54,20.25,-112.62,980.7,71.3
2026-09-25,EP172026,20,2026-09-27 12:00:00,2 days 12:00:00,60,21.25,-113.0,981.8,69.8
2026-09-25,EP172026,20,2026-09-27 18:00:00,2 days 18:00:00,66,22.0,-113.0,980.3,71.9
2026-09-25,EP172026,20,2026-09-28 00:00:00,3 days 00:00:00,72,22.75,-113.0,978.7,73.9
2026-09-25,WP252026,20,2026-09-25 00:00:00,0 days 00:00:00,0,20.25,130.25,1002.4,39.6
2026-09-25,WP252026,20,2026-09-25 06:00:00,0 days 06:00:00,6,20.63,129.38,1001.5,41.1
2026-09-25,WP252026,20,2026-09-25 12:00:00,0 days 12:00:00,12,21.0,128.5,1000.6,42.7
2026-09-25,WP252026,20,2026-09-25 18:00:00,0 days 18:00:00,18,21.63,128.0,999.6,44.3
2026-09-25,WP252026,20,2026-09-26 00:00:00,1 days 00:00:00,24,22.25,127.5,998.6,45.8
2026-09-25,WP252026,20,2026-09-26 06:00:00,1 days 06:00:00,30,22.63,127.13,998.2,46.5
2026-09-25,WP252026,20,2026-09-26 12:00:00,1 days 12:00:00,36,23.0,126.75,997.8,47.1
2026-09-25,WP252026,20,2026-09-26 18:00:00,1 days 18:00:00,42,23.5,127.0,995.4,50.9
2026-09-25,WP252026,20,2026-09-27 00:00:00,2 days 00:00:00,48,24.0,127.25,992.9,54.6
2026-09-25,WP252026,20,2026-09-27 06:00:00,2 days 06:00:00,54,24.5,127.62,993.3,53.9
2026-09-25,WP252026,20,2026-09-27 12:00:00,2 days 12:00:00,60,25.0,128.0,993.8,53.3
2026-09-25,WP252026,20,2026-09-27 18:00:00,2 days 18:00:00,66,25.5,128.62,993.9,53.1
2026-09-25,WP252026,20,2026-09-28 00:00:00,3 days 00:00:00,72,26.0,129.25,994.0,53.0
2026-09-25,WP252026,20,2026-09-28 06:00:00,3 days 06:00:00,78,26.63,130.0,995.3,51.0
2026-09-25,WP252026,20,2026-09-28 12:00:00,3 days 12:00:00,84,27.25,130.75,996.6,49.0
2026-09-25,WP252026,20,2026-09-28 18:00:00,3 days 18:00:00,90,27.88,131.62,996.8,48.7
2026-09-25,WP252026,20,2026-09-29 00:00:00,4 days 00:00:00,96,28.5,132.5,997.0,48.3
2026-09-25,WP252026,20,2026-09-29 06:00:00,4 days 06:00:00,102,28.88,133.87,998.1,46.7
2026-09-25,WP252026,20,2026-09-29 12:00:00,4 days 12:00:00,108,29.25,135.25,999.2,45.0
2026-09-25,WP252026,20,2026-09-29 18:00:00,4 days 18:00:00,114,30.01,136.49,1000.9,42.1
2026-09-25,WP252026,20,2026-09-30 00:00:00,5 days 00:00:00,120,30.75,137.75,1002.7,39.2
2026-09-25,WP252026,20,2026-09-30 06:00:00,5 days 06:00:00,126,31.88,138.74,1003.4,37.9
2026-09-25,WP252026,20,2026-09-30 12:00:00,5 days 12:00:00,132,33.0,139.75,1004.1,36.6
2026-09-25,WP252026,20,2026-09-30 18:00:00,5 days 18:00:00,138,34.52,142.08,1004.8,35.4
2026-09-25,WP252026,20,2026-10-01 00:00:00,6 days 00:00:00,144,36.0,144.5,1005.5,34.2
2026-09-25,AL062026,21,2026-09-25 00:00:00,0 days 00:00:00,0,30.0,-41.75,1015.2,13.2
2026-09-25,AL062026,21,2026-09-25 06:00:00,0 days 06:00:00,6,30.0,-41.88,1015.5,12.1
2026-09-25,AL062026,21,2026-09-25 12:00:00,0 days 12:00:00,12,30.0,-42.0,1015.9,11.0
2026-09-25,AL062026,21,2026-09-25 18:00:00,0 days 18:00:00,18,29.88,-42.63,1015.4,12.4
2026-09-25,AL062026,21,2026-09-26 00:00:00,1 days 00:00:00,24,29.75,-43.25,1015.0,13.8
2026-09-25,AL062026,21,2026-09-26 06:00:00,1 days 06:00:00,30,29.75,-43.62,1014.9,13.9
2026-09-25,AL062026,21,2026-09-26 12:00:00,1 days 12:00:00,36,29.75,-44.0,1014.9,14.0
2026-09-25,AL062026,21,2026-09-26 18:00:00,1 days 18:00:00,42,32.38,-43.26,1012.9,18.4
2026-09-25,AL062026,21,2026-09-27 00:00:00,2 days 00:00:00,48,35.01,-42.48,1010.9,22.8
2026-09-25,AL062026,21,2026-09-27 06:00:00,2 days 06:00:00,54,37.64,-41.64,1008.9,27.2
2026-09-25,AL062026,21,2026-09-27 12:00:00,2 days 12:00:00,60,40.25,-40.75,1006.9,31.6
2026-09-25,AL062026,21,2026-09-27 18:00:00,2 days 18:00:00,66,39.47,-43.6,1008.4,28.5
2026-09-25,AL062026,21,2026-09-28 00:00:00,3 days 00:00:00,72,38.63,-46.38,1009.8,25.5
2026-09-25,AL062026,21,2026-09-28 06:00:00,3 days 06:00:00,78,37.72,-49.11,1011.3,22.4
2026-09-25,AL062026,21,2026-09-28 12:00:00,3 days 12:00:00,84,36.75,-51.75,1012.8,19.4
2026-09-25,AL062026,21,2026-09-28 18:00:00,3 days 18:00:00,90,36.76,-50.25,1012.2,20.6
2026-09-25,AL062026,21,2026-09-29 00:00:00,4 days 00:00:00,96,36.75,-48.75,1011.7,21.8
2026-09-25,AL062026,21,2026-09-29 06:00:00,4 days 06:00:00,102,36.25,-47.74,1011.7,21.9
2026-09-25,AL062026,21,2026-09-29 12:00:00,4 days 12:00:00,108,35.75,-46.75,1011.6,22.0
2026-09-25,EP152026,21,2026-09-25 00:00:00,0 days 00:00:00,0,14.75,-156.0,983.9,67.1
2026-09-25,EP152026,21,2026-09-25 06:00:00,0 days 06:00:00,6,15.25,-155.88,985.3,65.2
2026-09-25,EP152026,21,2026-09-25 12:00:00,0 days 12:00:00,12,15.75,-155.75,986.7,63.4
2026-09-25,EP152026,21,2026-09-25 18:00:00,0 days 18:00:00,18,16.38,-155.63,986.2,64.0
2026-09-25,EP152026,21,2026-09-26 00:00:00,1 days 00:00:00,24,17.0,-155.5,985.7,64.7
2026-09-25,EP152026,21,2026-09-26 06:00:00,1 days 06:00:00,30,17.5,-155.75,986.6,63.5
2026-09-25,EP152026,21,2026-09-26 12:00:00,1 days 12:00:00,36,18.0,-156.0,987.5,62.2
2026-09-25,EP152026,21,2026-09-26 18:00:00,1 days 18:00:00,42,18.25,-156.75,985.8,64.6
2026-09-25,EP152026,21,2026-09-27 00:00:00,2 days 00:00:00,48,18.5,-157.5,984.0,66.9
2026-09-25,EP152026,21,2026-09-27 06:00:00,2 days 06:00:00,54,18.5,-158.38,985.1,65.5
2026-09-25,EP152026,21,2026-09-27 12:00:00,2 days 12:00:00,60,18.5,-159.25,986.1,64.2
2026-09-25,EP152026,21,2026-09-27 18:00:00,2 days 18:00:00,66,18.63,-160.5,989.1,59.9
2026-09-25,EP152026,21,2026-09-28 00:00:00,3 days 00:00:00,72,18.75,-161.75,992.1,55.7
2026-09-25,EP152026,21,2026-09-28 06:00:00,3 days 06:00:00,78,19.25,-162.75,991.3,56.8
2026-09-25,EP152026,21,2026-09-28 12:00:00,3 days 12:00:00,84,19.75,-163.75,990.6,57.9
2026-09-25,EP152026,21,2026-09-28 18:00:00,3 days 18:00:00,90,20.75,-164.74,992.2,55.6
2026-09-25,EP152026,21,2026-09-29 00:00:00,4 days 00:00:00,96,21.75,-165.75,993.7,53.4
2026-09-25,EP152026,21,2026-09-29 06:00:00,4 days 06:00:00,102,22.75,-166.74,993.7,53.4
2026-09-25,EP152026,21,2026-09-29 12:00:00,4 days 12:00:00,108,23.75,-167.75,993.6,53.5
2026-09-25,EP152026,21,2026-09-29 18:00:00,4 days 18:00:00,114,24.01,-169.12,992.6,55.0
2026-09-25,EP152026,21,2026-09-30 00:00:00,5 days 00:00:00,120,24.25,-170.5,991.6,56.5
2026-09-25,EP152026,21,2026-09-30 06:00:00,5 days 06:00:00,126,24.0,-171.5,992.1,55.7
2026-09-25,EP152026,21,2026-09-30 12:00:00,5 days 12:00:00,132,23.75,-172.5,992.7,54.8
2026-09-25,EP152026,21,2026-09-30 18:00:00,5 days 18:00:00,138,23.5,-173.38,993.5,53.7
2026-09-25,EP152026,21,2026-10-01 00:00:00,6 days 00:00:00,144,23.25,-174.25,994.2,52.6
2026-09-25,EP152026,21,2026-10-01 06:00:00,6 days 06:00:00,150,23.13,-175.13,993.1,54.3
2026-09-25,EP152026,21,2026-10-01 12:00:00,6 days 12:00:00,156,23.0,-176.0,991.9,56.0
2026-09-25,EP152026,21,2026-10-01 18:00:00,6 days 18:00:00,162,22.88,-177.0,988.1,61.2
2026-09-25,EP152026,21,2026-10-02 00:00:00,7 days 00:00:00,168,22.75,-178.0,984.4,66.5
2026-09-25,EP152026,21,2026-10-02 06:00:00,7 days 06:00:00,174,22.63,-178.88,984.2,66.7
2026-09-25,EP152026,21,2026-10-02 12:00:00,7 days 12:00:00,180,22.5,-179.75,984.1,66.9
2026-09-25,EP152026,21,2026-10-02 18:00:00,7 days 18:00:00,186,22.63,179.0,980.8,71.1
2026-09-25,EP152026,21,2026-10-03 00:00:00,8 days 00:00:00,192,22.75,177.75,977.6,75.3
2026-09-25,EP152026,21,2026-10-03 06:00:00,8 days 06:00:00,198,23.13,176.0,977.3,75.7
2026-09-25,EP152026,21,2026-10-03 12:00:00,8 days 12:00:00,204,23.5,174.25,976.9,76.1
2026-09-25,EP152026,21,2026-10-03 18:00:00,8 days 18:00:00,210,24.26,172.88,973.0,80.9
2026-09-25,EP152026,21,2026-10-04 00:00:00,9 days 00:00:00,216,25.0,171.5,969.0,85.8
2026-09-25,EP152026,21,2026-10-04 06:00:00,9 days 06:00:00,222,25.63,169.88,969.6,85.1
2026-09-25,EP152026,21,2026-10-04 12:00:00,9 days 12:00:00,228,26.25,168.25,970.2,84.3
2026-09-25,EP152026,21,2026-10-04 18:00:00,9 days 18:00:00,234,27.13,167.13,970.5,84.0
2026-09-25,EP152026,21,2026-10-05 00:00:00,10 days 00:00:00,240,28.0,166.0,970.7,83.7
2026-09-25,EP152026,21,2026-10-05 06:00:00,10 days 06:00:00,246,29.88,165.14,975.2,78.2
2026-09-25,EP152026,21,2026-10-05 12:00:00,10 days 12:00:00,252,31.75,164.25,979.6,72.8
2026-09-25,EP152026,21,2026-10-05 18:00:00,10 days 18:00:00,258,34.25,163.89,983.0,68.2
2026-09-25,EP152026,21,2026-10-06 00:00:00,11 days 00:00:00,264,36.75,163.5,986.5,63.6
2026-09-25,EP152026,21,2026-10-06 06:00:00,11 days 06:00:00,270,35.18,159.8,977.8,74.7
2026-09-25,EP152026,21,2026-10-06 12:00:00,11 days 12:00:00,276,33.5,156.25,969.1,85.7
2026-09-25,EP152026,21,2026-10-06 18:00:00,11 days 18:00:00,282,37.02,158.28,970.7,83.7
2026-09-25,EP152026,21,2026-10-07 00:00:00,12 days 00:00:00,288,40.5,160.5,972.4,81.7
2026-09-25,EP162026,21,2026-09-25 00:00:00,0 days 00:00:00,0,17.0,-124.75,975.5,77.9
2026-09-25,EP162026,21,2026-09-25 06:00:00,0 days 06:00:00,6,17.38,-124.13,976.5,76.6
2026-09-25,EP162026,21,2026-09-25 12:00:00,0 days 12:00:00,12,17.75,-123.5,977.5,75.4
2026-09-25,EP162026,21,2026-09-25 18:00:00,0 days 18:00:00,18,18.0,-123.5,979.6,72.7
2026-09-25,EP162026,21,2026-09-26 00:00:00,1 days 00:00:00,24,18.25,-123.5,981.6,70.1
2026-09-25,EP162026,21,2026-09-26 06:00:00,1 days 06:00:00,30,18.5,-123.62,983.6,67.5
2026-09-25,EP162026,21,2026-09-26 12:00:00,1 days 12:00:00,36,18.75,-123.75,985.6,64.8
2026-09-25,EP162026,21,2026-09-26 18:00:00,1 days 18:00:00,42,19.13,-123.5,989.4,59.5
2026-09-25,EP162026,21,2026-09-27 00:00:00,2 days 00:00:00,48,19.5,-123.25,993.2,54.1
2026-09-25,EP162026,21,2026-09-27 06:00:00,2 days 06:00:00,54,20.0,-122.88,995.7,50.4
2026-09-25,EP162026,21,2026-09-27 12:00:00,2 days 12:00:00,60,20.5,-122.5,998.1,46.7
2026-09-25,EP162026,21,2026-09-27 18:00:00,2 days 18:00:00,66,21.69,-117.79,987.1,61.9
2026-09-25,EP162026,21,2026-09-28 00:00:00,3 days 00:00:00,72,22.75,-113.0,976.0,77.2
2026-09-25,EP162026,21,2026-09-28 06:00:00,3 days 06:00:00,78,23.63,-112.88,978.0,74.7
2026-09-25,EP162026,21,2026-09-28 12:00:00,3 days 12:00:00,84,24.5,-112.75,980.0,72.2
2026-09-25,EP162026,21,2026-09-28 18:00:00,3 days 18:00:00,90,25.38,-112.38,986.8,62.9
2026-09-25,EP162026,21,2026-09-29 00:00:00,4 days 00:00:00,96,26.25,-112.0,993.5,53.6
2026-09-25,EP172026,21,2026-09-25 00:00:00,0 days 00:00:00,0,17.0,-106.25,960.1,96.1
2026-09-25,EP172026,21,2026-09-25 06:00:00,0 days 06:00:00,6,17.13,-107.12,964.9,90.5
2026-09-25,EP172026,21,2026-09-25 12:00:00,0 days 12:00:00,12,17.25,-108.0,969.7,85.0
2026-09-25,EP172026,21,2026-09-25 18:00:00,0 days 18:00:00,18,17.5,-108.87,970.5,84.0
2026-09-25,EP172026,21,2026-09-26 00:00:00,1 days 00:00:00,24,17.75,-109.75,971.3,83.1
2026-09-25,EP172026,21,2026-09-26 06:00:00,1 days 06:00:00,30,18.0,-110.5,973.9,79.8
2026-09-25,EP172026,21,2026-09-26 12:00:00,1 days 12:00:00,36,18.25,-111.25,976.6,76.6
2026-09-25,EP172026,21,2026-09-26 18:00:00,1 days 18:00:00,42,19.0,-111.75,975.8,77.6
2026-09-25,EP172026,21,2026-09-27 00:00:00,2 days 00:00:00,48,19.75,-112.25,975.0,78.5
2026-09-25,EP172026,21,2026-09-27 06:00:00,2 days 06:00:00,54,20.5,-112.62,971.6,82.6
2026-09-25,EP172026,21,2026-09-27 12:00:00,2 days 12:00:00,60,21.25,-113.0,968.3,86.6
2026-09-25,EP172026,21,2026-09-27 18:00:00,2 days 18:00:00,66,22.0,-113.0,972.2,81.9
2026-09-25,EP172026,21,2026-09-28 00:00:00,3 days 00:00:00,72,22.75,-113.0,976.0,77.2
2026-09-25,WP252026,21,2026-09-25 00:00:00,0 days 00:00:00,0,20.25,130.25,1002.4,39.6
2026-09-25,WP252026,21,2026-09-25 06:00:00,0 days 06:00:00,6,20.75,129.38,1000.6,42.5
2026-09-25,WP252026,21,2026-09-25 12:00:00,0 days 12:00:00,12,21.25,128.5,998.8,45.5
2026-09-25,WP252026,21,2026-09-25 18:00:00,0 days 18:00:00,18,21.75,128.0,995.7,50.3
2026-09-25,WP252026,21,2026-09-26 00:00:00,1 days 00:00:00,24,22.25,127.5,992.5,55.1
2026-09-25,WP252026,21,2026-09-26 06:00:00,1 days 06:00:00,30,22.62,127.5,992.6,54.9
2026-09-25,WP252026,21,2026-09-26 12:00:00,1 days 12:00:00,36,23.0,127.5,992.8,54.8
2026-09-25,WP252026,21,2026-09-26 18:00:00,1 days 18:00:00,42,23.63,127.87,989.7,59.0
2026-09-25,WP252026,21,2026-09-27 00:00:00,2 days 00:00:00,48,24.25,128.25,986.7,63.3
2026-09-25,WP252026,21,2026-09-27 06:00:00,2 days 06:00:00,54,24.75,128.62,985.5,65.0
2026-09-25,WP252026,21,2026-09-27 12:00:00,2 days 12:00:00,60,25.25,129.0,984.2,66.7
2026-09-25,WP252026,21,2026-09-27 18:00:00,2 days 18:00:00,66,25.63,129.12,986.7,63.3
2026-09-25,WP252026,21,2026-09-28 00:00:00,3 days 00:00:00,72,26.0,129.25,989.1,60.0
2026-09-25,WP252026,21,2026-09-28 06:00:00,3 days 06:00:00,78,26.25,129.87,991.6,56.5
2026-09-25,WP252026,21,2026-09-28 12:00:00,3 days 12:00:00,84,26.5,130.5,994.0,53.0
2026-09-25,WP252026,21,2026-09-28 18:00:00,3 days 18:00:00,90,26.88,131.12,994.8,51.7
2026-09-25,WP252026,21,2026-09-29 00:00:00,4 days 00:00:00,96,27.25,131.75,995.6,50.5
2026-09-25,WP252026,21,2026-09-29 06:00:00,4 days 06:00:00,102,27.63,132.5,996.9,48.5
2026-09-25,WP252026,21,2026-09-29 12:00:00,4 days 12:00:00,108,28.0,133.25,998.1,46.6
2026-09-25,WP252026,21,2026-09-29 18:00:00,4 days 18:00:00,114,28.5,133.75,999.2,45.0
2026-09-25,WP252026,21,2026-09-30 00:00:00,5 days 00:00:00,120,29.0,134.25,1000.2,43.3
2026-09-25,WP252026,21,2026-09-30 06:00:00,5 days 06:00:00,126,29.63,135.0,1000.5,42.9
2026-09-25,WP252026,21,2026-09-30 12:00:00,5 days 12:00:00,132,30.25,135.75,1000.7,42.4
2026-09-25,WP252026,21,2026-09-30 18:00:00,5 days 18:00:00,138,31.13,136.74,1001.6,41.0
2026-09-25,WP252026,21,2026-10-01 00:00:00,6 days 00:00:00,144,32.0,137.75,1002.4,39.7
2026-09-25,AL062026,22,2026-09-25 00:00:00,0 days 00:00:00,0,30.0,-41.75,1015.2,13.2
2026-09-25,AL062026,22,2026-09-25 06:00:00,0 days 06:00:00,6,30.13,-41.87,1014.4,15.1
2026-09-25,AL062026,22,2026-09-25 12:00:00,0 days 12:00:00,12,30.25,-42.0,1013.7,17.0
2026-09-25,AL062026,22,2026-09-25 18:00:00,0 days 18:00:00,18,30.0,-42.63,1014.1,16.0
2026-09-25,AL062026,22,2026-09-26 00:00:00,1 days 00:00:00,24,29.75,-43.25,1014.5,14.9
2026-09-25,AL062026,22,2026-09-26 06:00:00,1 days 06:00:00,30,30.0,-43.62,1014.8,14.1
2026-09-25,AL062026,22,2026-09-26 12:00:00,1 days 12:00:00,36,30.25,-44.0,1015.1,13.4
2026-09-25,AL062026,22,2026-09-26 18:00:00,1 days 18:00:00,42,29.88,-44.25,1015.4,12.4
2026-09-25,AL062026,22,2026-09-27 00:00:00,2 days 00:00:00,48,29.5,-44.5,1015.8,11.5
2026-09-25,AL062026,22,2026-09-27 06:00:00,2 days 06:00:00,54,34.65,-42.39,1010.7,22.7
2026-09-25,AL062026,22,2026-09-27 12:00:00,2 days 12:00:00,60,39.75,-40.0,1005.6,33.9
2026-09-25,AL072026,22,2026-09-25 00:00:00,0 days 00:00:00,0,13.25,-22.0,1006.2,32.9
2026-09-25,AL072026,22,2026-09-25 06:00:00,0 days 06:00:00,6,14.19,-22.12,1006.2,32.9
2026-09-25,AL072026,22,2026-09-25 12:00:00,0 days 12:00:00,12,15.13,-22.25,1006.2,33.0
2026-09-25,AL072026,22,2026-09-25 18:00:00,0 days 18:00:00,18,16.06,-22.37,1006.2,33.0
2026-09-25,AL072026,22,2026-09-26 00:00:00,1 days 00:00:00,24,17.0,-22.5,1006.1,33.0
2026-09-25,AL072026,22,2026-09-26 06:00:00,1 days 06:00:00,30,17.88,-22.5,1005.8,33.6
2026-09-25,AL072026,22,2026-09-26 12:00:00,1 days 12:00:00,36,18.75,-22.5,1005.5,34.1
2026-09-25,EP152026,22,2026-09-25 00:00:00,0 days 00:00:00,0,14.75,-156.0,983.9,67.1
2026-09-25,EP152026,22,2026-09-25 06:00:00,0 days 06:00:00,6,15.13,-155.75,986.6,63.5
2026-09-25,EP152026,22,2026-09-25 12:00:00,0 days 12:00:00,12,15.5,-155.5,989.2,59.8
2026-09-25,EP152026,22,2026-09-25 18:00:00,0 days 18:00:00,18,16.0,-155.38,987.3,62.4
2026-09-25,EP152026,22,2026-09-26 00:00:00,1 days 00:00:00,24,16.5,-155.25,985.4,65.1
2026-09-25,EP152026,22,2026-09-26 06:00:00,1 days 06:00:00,30,16.63,-155.37,985.6,64.8
2026-09-25,EP152026,22,2026-09-26 12:00:00,1 days 12:00:00,36,16.75,-155.5,985.8,64.6
2026-09-25,EP152026,22,2026-09-26 18:00:00,1 days 18:00:00,42,16.88,-155.87,984.6,66.1
2026-09-25,EP152026,22,2026-09-27 00:00:00,2 days 00:00:00,48,17.0,-156.25,983.5,67.7
2026-09-25,EP152026,22,2026-09-27 06:00:00,2 days 06:00:00,54,16.88,-157.13,980.5,71.6
2026-09-25,EP152026,22,2026-09-27 12:00:00,2 days 12:00:00,60,16.75,-158.0,977.5,75.5
2026-09-25,EP152026,22,2026-09-27 18:00:00,2 days 18:00:00,66,16.63,-159.0,977.8,75.0
2026-09-25,EP152026,22,2026-09-28 00:00:00,3 days 00:00:00,72,16.5,-160.0,978.1,74.6
2026-09-25,EP152026,22,2026-09-28 06:00:00,3 days 06:00:00,78,16.5,-161.12,981.1,70.7
2026-09-25,EP152026,22,2026-09-28 12:00:00,3 days 12:00:00,84,16.5,-162.25,984.1,66.8
2026-09-25,EP152026,22,2026-09-28 18:00:00,3 days 18:00:00,90,17.13,-163.0,984.3,66.6
2026-09-25,EP152026,22,2026-09-29 00:00:00,4 days 00:00:00,96,17.75,-163.75,984.4,66.5
2026-09-25,EP152026,22,2026-09-29 06:00:00,4 days 06:00:00,102,18.5,-164.12,984.2,66.8
2026-09-25,EP152026,22,2026-09-29 12:00:00,4 days 12:00:00,108,19.25,-164.5,984.0,67.0
2026-09-25,EP152026,22,2026-09-29 18:00:00,4 days 18:00:00,114,20.25,-164.62,983.7,67.4
2026-09-25,EP152026,22,2026-09-30 00:00:00,5 days 00:00:00,120,21.25,-164.75,983.4,67.8
2026-09-25,EP152026,22,2026-09-30 06:00:00,5 days 06:00:00,126,22.13,-164.25,986.8,63.1
2026-09-25,EP152026,22,2026-09-30 12:00:00,5 days 12:00:00,132,23.0,-163.75,990.3,58.3
2026-09-25,EP152026,22,2026-09-30 18:00:00,5 days 18:00:00,138,24.63,-163.87,986.4,63.6
2026-09-25,EP152026,22,2026-10-01 00:00:00,6 days 00:00:00,144,26.25,-164.0,982.5,68.9
2026-09-25,EP152026,22,2026-10-01 06:00:00,6 days 06:00:00,150,28.13,-165.47,979.9,72.3
2026-09-25,EP152026,22,2026-10-01 12:00:00,6 days 12:00:00,156,30.0,-167.0,977.3,75.7
2026-09-25,EP152026,22,2026-10-01 18:00:00,6 days 18:00:00,162,30.0,-167.25,978.7,73.9
2026-09-25,EP152026,22,2026-10-02 00:00:00,7 days 00:00:00,168,30.0,-167.5,980.2,72.0
2026-09-25,EP152026,22,2026-10-02 06:00:00,7 days 06:00:00,174,30.5,-166.63,983.7,67.3
2026-09-25,EP152026,22,2026-10-02 12:00:00,7 days 12:00:00,180,31.0,-165.75,987.3,62.5
2026-09-25,EP152026,22,2026-10-02 18:00:00,7 days 18:00:00,186,31.13,-166.0,988.0,61.6
2026-09-25,EP152026,22,2026-10-03 00:00:00,8 days 00:00:00,192,31.25,-166.25,988.7,60.6
2026-09-25,EP152026,22,2026-10-03 06:00:00,8 days 06:00:00,198,30.63,-167.51,992.9,54.4
2026-09-25,EP152026,22,2026-10-03 12:00:00,8 days 12:00:00,204,30.0,-168.75,997.1,48.2
2026-09-25,EP152026,22,2026-10-03 18:00:00,8 days 18:00:00,210,29.39,-170.51,996.1,49.8
2026-09-25,EP152026,22,2026-10-04 00:00:00,9 days 00:00:00,216,28.75,-172.25,995.1,51.3
2026-09-25,EP152026,22,2026-10-04 06:00:00,9 days 06:00:00,222,28.64,-174.13,998.7,45.6
2026-09-25,EP152026,22,2026-10-04 12:00:00,9 days 12:00:00,228,28.5,-176.0,1002.3,39.8
2026-09-25,EP162026,22,2026-09-25 00:00:00,0 days 00:00:00,0,17.0,-124.75,975.5,77.9
2026-09-25,EP162026,22,2026-09-25 06:00:00,0 days 06:00:00,6,17.25,-124.25,975.9,77.4
2026-09-25,EP162026,22,2026-09-25 12:00:00,0 days 12:00:00,12,17.5,-123.75,976.3,76.9
2026-09-25,EP162026,22,2026-09-25 18:00:00,0 days 18:00:00,18,17.87,-123.75,981.1,70.6
2026-09-25,EP162026,22,2026-09-26 00:00:00,1 days 00:00:00,24,18.25,-123.75,986.0,64.3
2026-09-25,EP162026,22,2026-09-26 06:00:00,1 days 06:00:00,30,18.63,-124.0,986.9,63.0
2026-09-25,EP162026,22,2026-09-26 12:00:00,1 days 12:00:00,36,19.0,-124.25,987.9,61.7
2026-09-25,EP162026,22,2026-09-26 18:00:00,1 days 18:00:00,42,19.5,-124.13,988.6,60.6
2026-09-25,EP162026,22,2026-09-27 00:00:00,2 days 00:00:00,48,20.0,-124.0,989.4,59.6
2026-09-25,EP162026,22,2026-09-27 06:00:00,2 days 06:00:00,54,20.38,-123.88,994.3,52.3
2026-09-25,EP162026,22,2026-09-27 12:00:00,2 days 12:00:00,60,20.75,-123.75,999.2,44.9
2026-09-25,EP162026,22,2026-09-27 18:00:00,2 days 18:00:00,66,21.0,-123.63,1000.3,43.1
2026-09-25,EP162026,22,2026-09-28 00:00:00,3 days 00:00:00,72,21.25,-123.5,1001.4,41.2
2026-09-25,EP162026,22,2026-09-28 06:00:00,3 days 06:00:00,78,21.0,-123.12,1001.6,40.9
2026-09-25,EP162026,22,2026-09-28 12:00:00,3 days 12:00:00,84,20.75,-122.75,1001.8,40.6
2026-09-25,EP162026,22,2026-09-28 18:00:00,3 days 18:00:00,90,23.23,-117.22,996.2,49.3
2026-09-25,EP162026,22,2026-09-29 00:00:00,4 days 00:00:00,96,25.5,-111.5,990.5,58.0
2026-09-25,EP162026,22,2026-09-29 06:00:00,4 days 06:00:00,102,26.5,-110.51,993.2,54.0
2026-09-25,EP162026,22,2026-09-29 12:00:00,4 days 12:00:00,108,27.5,-109.5,995.9,50.0
2026-09-25,EP162026,22,2026-09-29 18:00:00,4 days 18:00:00,114,28.29,-106.4,996.7,48.8
2026-09-25,EP162026,22,2026-09-30 00:00:00,5 days 00:00:00,120,29.0,-103.25,997.5,47.6
2026-09-25,EP162026,22,2026-09-30 06:00:00,5 days 06:00:00,126,32.78,-100.74,998.4,46.2
2026-09-25,EP162026,22,2026-09-30 12:00:00,5 days 12:00:00,132,36.5,-98.0,999.2,44.9
2026-09-25,EP172026,22,2026-09-25 00:00:00,0 days 00:00:00,0,17.0,-106.25,960.1,96.1
2026-09-25,EP172026,22,2026-09-25 06:00:00,0 days 06:00:00,6,17.13,-107.25,967.3,87.6
2026-09-25,EP172026,22,2026-09-25 12:00:00,0 days 12:00:00,12,17.25,-108.25,974.5,79.1
2026-09-25,EP172026,22,2026-09-25 18:00:00,0 days 18:00:00,18,17.5,-109.0,974.4,79.2
2026-09-25,EP172026,22,2026-09-26 00:00:00,1 days 00:00:00,24,17.75,-109.75,974.4,79.3
2026-09-25,EP172026,22,2026-09-26 06:00:00,1 days 06:00:00,30,18.0,-110.37,975.2,78.3
2026-09-25,EP172026,22,2026-09-26 12:00:00,1 days 12:00:00,36,18.25,-111.0,976.0,77.3
2026-09-25,EP172026,22,2026-09-26 18:00:00,1 days 18:00:00,42,19.0,-111.62,971.6,82.6
2026-09-25,EP172026,22,2026-09-27 00:00:00,2 days 00:00:00,48,19.75,-112.25,967.2,88.0
2026-09-25,EP172026,22,2026-09-27 06:00:00,2 days 06:00:00,54,20.5,-112.62,968.2,86.7
2026-09-25,EP172026,22,2026-09-27 12:00:00,2 days 12:00:00,60,21.25,-113.0,969.3,85.5
2026-09-25,EP172026,22,2026-09-27 18:00:00,2 days 18:00:00,66,21.88,-112.88,970.6,83.9
2026-09-25,EP172026,22,2026-09-28 00:00:00,3 days 00:00:00,72,22.5,-112.75,972.0,82.2
2026-09-25,EP172026,22,2026-09-28 06:00:00,3 days 06:00:00,78,23.25,-112.63,974.6,78.9
2026-09-25,EP172026,22,2026-09-28 12:00:00,3 days 12:00:00,84,24.0,-112.5,977.3,75.6
2026-09-25,EP172026,22,2026-09-28 18:00:00,3 days 18:00:00,90,24.75,-112.0,983.9,66.8
2026-09-25,EP172026,22,2026-09-29 00:00:00,4 days 00:00:00,96,25.5,-111.5,990.5,58.0
2026-09-25,WP252026,22,2026-09-25 00:00:00,0 days 00:00:00,0,20.25,130.25,1002.4,39.6
2026-09-25,WP252026,22,2026-09-25 06:00:00,0 days 06:00:00,6,20.63,129.38,1001.4,41.3
2026-09-25,WP252026,22,2026-09-25 12:00:00,0 days 12:00:00,12,21.0,128.5,1000.4,43.0
2026-09-25,WP252026,22,2026-09-25 18:00:00,0 days 18:00:00,18,21.75,127.88,998.0,46.7
2026-09-25,WP252026,22,2026-09-26 00:00:00,1 days 00:00:00,24,22.5,127.25,995.6,50.5
2026-09-25,WP252026,22,2026-09-26 06:00:00,1 days 06:00:00,30,22.88,127.0,994.3,52.5
2026-09-25,WP252026,22,2026-09-26 12:00:00,1 days 12:00:00,36,23.25,126.75,992.9,54.6
2026-09-25,WP252026,22,2026-09-26 18:00:00,1 days 18:00:00,42,23.88,127.0,992.0,55.9
2026-09-25,WP252026,22,2026-09-27 00:00:00,2 days 00:00:00,48,24.5,127.25,991.1,57.1
2026-09-25,WP252026,22,2026-09-27 06:00:00,2 days 06:00:00,54,24.88,127.75,988.3,61.1
2026-09-25,WP252026,22,2026-09-27 12:00:00,2 days 12:00:00,60,25.25,128.25,985.5,65.0
2026-09-25,WP252026,22,2026-09-27 18:00:00,2 days 18:00:00,66,25.63,128.87,987.2,62.6
2026-09-25,WP252026,22,2026-09-28 00:00:00,3 days 00:00:00,72,26.0,129.5,988.9,60.2
2026-09-25,WP252026,22,2026-09-28 06:00:00,3 days 06:00:00,78,26.51,130.74,986.0,64.3
2026-09-25,WP252026,22,2026-09-28 12:00:00,3 days 12:00:00,84,27.0,132.0,983.0,68.3
2026-09-25,WP252026,22,2026-09-28 18:00:00,3 days 18:00:00,90,27.5,132.75,985.5,64.9
2026-09-25,WP252026,22,2026-09-29 00:00:00,4 days 00:00:00,96,28.0,133.5,988.0,61.5
2026-09-25,WP252026,22,2026-09-29 06:00:00,4 days 06:00:00,102,28.88,134.86,988.9,60.3
2026-09-25,WP252026,22,2026-09-29 12:00:00,4 days 12:00:00,108,29.75,136.25,989.8,59.0
2026-09-25,WP252026,22,2026-09-29 18:00:00,4 days 18:00:00,114,30.5,137.37,991.6,56.5
2026-09-25,WP252026,22,2026-09-30 00:00:00,5 days 00:00:00,120,31.25,138.5,993.3,54.0
2026-09-25,WP252026,22,2026-09-30 06:00:00,5 days 06:00:00,126,32.01,139.74,994.2,52.6
2026-09-25,WP252026,22,2026-09-30 12:00:00,5 days 12:00:00,132,32.75,141.0,995.1,51.3
2026-09-25,WP252026,22,2026-09-30 18:00:00,5 days 18:00:00,138,34.38,142.35,995.7,50.3
2026-09-25,WP252026,22,2026-10-01 00:00:00,6 days 00:00:00,144,36.0,143.75,996.4,49.4
2026-09-25,EP152026,23,2026-09-25 00:00:00,0 days 00:00:00,0,14.75,-156.0,983.9,67.1
2026-09-25,EP152026,23,2026-09-25 06:00:00,0 days 06:00:00,6,15.25,-156.0,986.9,63.0
2026-09-25,EP152026,23,2026-09-25 12:00:00,0 days 12:00:00,12,15.75,-156.0,989.9,58.9
2026-09-25,EP152026,23,2026-09-25 18:00:00,0 days 18:00:00,18,16.0,-155.38,989.6,59.4
2026-09-25,EP152026,23,2026-09-26 00:00:00,1 days 00:00:00,24,16.25,-154.75,989.2,59.8
2026-09-25,EP152026,23,2026-09-26 06:00:00,1 days 06:00:00,30,16.5,-154.63,988.5,60.8
2026-09-25,EP152026,23,2026-09-26 12:00:00,1 days 12:00:00,36,16.75,-154.5,987.9,61.7
2026-09-25,EP152026,23,2026-09-26 18:00:00,1 days 18:00:00,42,16.75,-154.88,987.2,62.6
2026-09-25,EP152026,23,2026-09-27 00:00:00,2 days 00:00:00,48,16.75,-155.25,986.5,63.5
2026-09-25,EP152026,23,2026-09-27 06:00:00,2 days 06:00:00,54,16.5,-155.88,983.9,67.1
2026-09-25,EP152026,23,2026-09-27 12:00:00,2 days 12:00:00,60,16.25,-156.5,981.2,70.7
2026-09-25,EP152026,23,2026-09-27 18:00:00,2 days 18:00:00,66,16.0,-157.63,984.1,66.7
2026-09-25,EP152026,23,2026-09-28 00:00:00,3 days 00:00:00,72,15.75,-158.75,987.1,62.8
2026-09-25,EP152026,23,2026-09-28 06:00:00,3 days 06:00:00,78,15.63,-159.88,985.1,65.4
2026-09-25,EP152026,23,2026-09-28 12:00:00,3 days 12:00:00,84,15.5,-161.0,983.1,68.1
2026-09-25,EP152026,23,2026-09-28 18:00:00,3 days 18:00:00,90,15.75,-161.75,983.8,67.2
2026-09-25,EP152026,23,2026-09-29 00:00:00,4 days 00:00:00,96,16.0,-162.5,984.6,66.2
2026-09-25,EP152026,23,2026-09-29 06:00:00,4 days 06:00:00,102,16.63,-163.12,988.0,61.4
2026-09-25,EP152026,23,2026-09-29 12:00:00,4 days 12:00:00,108,17.25,-163.75,991.5,56.6
2026-09-25,EP152026,23,2026-09-29 18:00:00,4 days 18:00:00,114,18.13,-164.37,989.5,59.5
2026-09-25,EP152026,23,2026-09-30 00:00:00,5 days 00:00:00,120,19.0,-165.0,987.4,62.4
2026-09-25,EP152026,23,2026-09-30 06:00:00,5 days 06:00:00,126,19.63,-165.37,992.7,54.7
2026-09-25,EP152026,23,2026-09-30 12:00:00,5 days 12:00:00,132,20.25,-165.75,997.9,46.9
2026-09-25,EP152026,23,2026-09-30 18:00:00,5 days 18:00:00,138,20.75,-166.12,999.5,44.4
2026-09-25,EP152026,23,2026-10-01 00:00:00,6 days 00:00:00,144,21.25,-166.5,1001.1,41.9
2026-09-25,EP162026,23,2026-09-25 00:00:00,0 days 00:00:00,0,17.0,-124.75,975.5,77.9
2026-09-25,EP162026,23,2026-09-25 06:00:00,0 days 06:00:00,6,17.25,-124.25,977.5,75.4
2026-09-25,EP162026,23,2026-09-25 12:00:00,0 days 12:00:00,12,17.5,-123.75,979.5,72.8
2026-09-25,EP162026,23,2026-09-25 18:00:00,0 days 18:00:00,18,17.75,-123.63,982.9,68.3
2026-09-25,EP162026,23,2026-09-26 00:00:00,1 days 00:00:00,24,18.0,-123.5,986.3,63.8
2026-09-25,EP162026,23,2026-09-26 06:00:00,1 days 06:00:00,30,18.75,-123.62,986.8,63.2
2026-09-25,EP162026,23,2026-09-26 12:00:00,1 days 12:00:00,36,19.5,-123.75,987.3,62.5
2026-09-25,EP162026,23,2026-09-26 18:00:00,1 days 18:00:00,42,20.13,-124.0,989.0,60.2
2026-09-25,EP162026,23,2026-09-27 00:00:00,2 days 00:00:00,48,20.75,-124.25,990.6,57.9
2026-09-25,EP162026,23,2026-09-27 06:00:00,2 days 06:00:00,54,21.25,-124.25,995.7,50.2
2026-09-25,EP162026,23,2026-09-27 12:00:00,2 days 12:00:00,60,21.75,-124.25,1000.7,42.4
2026-09-25,EP162026,23,2026-09-27 18:00:00,2 days 18:00:00,66,21.75,-123.88,1001.9,40.4
2026-09-25,EP162026,23,2026-09-28 00:00:00,3 days 00:00:00,72,21.75,-123.5,1003.1,38.4
2026-09-25,EP162026,23,2026-09-28 06:00:00,3 days 06:00:00,78,23.09,-118.17,986.7,61.3
2026-09-25,EP162026,23,2026-09-28 12:00:00,3 days 12:00:00,84,24.25,-112.75,970.4,84.2
2026-09-25,EP162026,23,2026-09-28 18:00:00,3 days 18:00:00,90,25.13,-111.88,975.6,77.6
2026-09-25,EP162026,23,2026-09-29 00:00:00,4 days 00:00:00,96,26.0,-111.0,980.9,71.1
2026-09-25,EP162026,23,2026-09-29 06:00:00,4 days 06:00:00,102,23.52,-109.62,986.5,62.8
2026-09-25,EP162026,23,2026-09-29 12:00:00,4 days 12:00:00,108,21.02,-108.29,992.2,54.5
2026-09-25,EP162026,23,2026-09-29 18:00:00,4 days 18:00:00,114,18.51,-107.0,997.8,46.2
2026-09-25,EP162026,23,2026-09-30 00:00:00,5 days 00:00:00,120,16.0,-105.75,1003.4,37.9
2026-09-25,EP162026,23,2026-09-30 06:00:00,5 days 06:00:00,126,16.38,-106.5,1002.4,39.5
2026-09-25,EP162026,23,2026-09-30 12:00:00,5 days 12:00:00,132,16.75,-107.25,1001.5,41.2
2026-09-25,EP162026,23,2026-09-30 18:00:00,5 days 18:00:00,138,16.88,-107.25,999.9,43.8
2026-09-25,EP162026,23,2026-10-01 00:00:00,6 days 00:00:00,144,17.0,-107.25,998.3,46.4
2026-09-25,EP162026,23,2026-10-01 06:00:00,6 days 06:00:00,150,17.38,-107.5,997.7,47.3
2026-09-25,EP162026,23,2026-10-01 12:00:00,6 days 12:00:00,156,17.75,-107.75,997.1,48.2
2026-09-25,EP162026,23,2026-10-01 18:00:00,6 days 18:00:00,162,17.62,-107.75,996.2,49.6
2026-09-25,EP162026,23,2026-10-02 00:00:00,7 days 00:00:00,168,17.5,-107.75,995.2,51.1
2026-09-25,EP162026,23,2026-10-02 06:00:00,7 days 06:00:00,174,17.75,-108.25,994.6,52.0
2026-09-25,EP162026,23,2026-10-02 12:00:00,7 days 12:00:00,180,18.0,-108.75,994.0,52.9
2026-09-25,EP162026,23,2026-10-02 18:00:00,7 days 18:00:00,186,18.38,-109.37,995.1,51.3
2026-09-25,EP162026,23,2026-10-03 00:00:00,8 days 00:00:00,192,18.75,-110.0,996.1,49.8
2026-09-25,EP162026,23,2026-10-03 06:00:00,8 days 06:00:00,198,18.88,-111.12,994.5,52.2
2026-09-25,EP162026,23,2026-10-03 12:00:00,8 days 12:00:00,204,19.0,-112.25,992.9,54.6
2026-09-25,EP162026,23,2026-10-03 18:00:00,8 days 18:00:00,210,19.0,-113.12,993.7,53.4
2026-09-25,EP162026,23,2026-10-04 00:00:00,9 days 00:00:00,216,19.0,-114.0,994.6,52.1
2026-09-25,EP162026,23,2026-10-04 06:00:00,9 days 06:00:00,222,19.5,-115.0,994.2,52.7
2026-09-25,EP162026,23,2026-10-04 12:00:00,9 days 12:00:00,228,20.0,-116.0,993.8,53.2
2026-09-25,EP162026,23,2026-10-04 18:00:00,9 days 18:00:00,234,20.26,-117.5,995.1,51.3
2026-09-25,EP162026,23,2026-10-05 00:00:00,10 days 00:00:00,240,20.5,-119.0,996.3,49.4
2026-09-25,EP162026,23,2026-10-05 06:00:00,10 days 06:00:00,246,21.01,-120.37,997.3,48.0
2026-09-25,EP162026,23,2026-10-05 12:00:00,10 days 12:00:00,252,21.5,-121.75,998.2,46.5
2026-09-25,EP162026,23,2026-10-05 18:00:00,10 days 18:00:00,258,22.14,-123.62,999.8,43.8
2026-09-25,EP162026,23,2026-10-06 00:00:00,11 days 00:00:00,264,22.75,-125.5,1001.5,41.2
2026-09-25,EP162026,23,2026-10-06 06:00:00,11 days 06:00:00,270,22.88,-127.25,1002.3,39.7
2026-09-25,EP162026,23,2026-10-06 12:00:00,11 days 12:00:00,276,23.0,-129.0,1003.2,38.3
2026-09-25,EP162026,23,2026-10-06 18:00:00,11 days 18:00:00,282,23.51,-130.62,1004.0,36.9
2026-09-25,EP162026,23,2026-10-07 00:00:00,12 days 00:00:00,288,24.0,-132.25,1004.8,35.4
2026-09-25,EP172026,23,2026-09-25 00:00:00,0 days 00:00:00,0,17.0,-106.25,960.1,96.1
2026-09-25,EP172026,23,2026-09-25 06:00:00,0 days 06:00:00,6,17.13,-107.12,967.1,87.8
2026-09-25,EP172026,23,2026-09-25 12:00:00,0 days 12:00:00,12,17.25,-108.0,974.1,79.6
2026-09-25,EP172026,23,2026-09-25 18:00:00,0 days 18:00:00,18,17.5,-108.87,972.9,81.1
2026-09-25,EP172026,23,2026-09-26 00:00:00,1 days 00:00:00,24,17.75,-109.75,971.7,82.5
2026-09-25,EP172026,23,2026-09-26 06:00:00,1 days 06:00:00,30,18.0,-110.5,974.2,79.4
2026-09-25,EP172026,23,2026-09-26 12:00:00,1 days 12:00:00,36,18.25,-111.25,976.8,76.3
2026-09-25,EP172026,23,2026-09-26 18:00:00,1 days 18:00:00,42,18.88,-112.0,974.9,78.6
2026-09-25,EP172026,23,2026-09-27 00:00:00,2 days 00:00:00,48,19.5,-112.75,973.1,80.9
2026-09-25,EP172026,23,2026-09-27 06:00:00,2 days 06:00:00,54,20.13,-113.12,971.7,82.6
2026-09-25,EP172026,23,2026-09-27 12:00:00,2 days 12:00:00,60,20.75,-113.5,970.3,84.3
2026-09-25,EP172026,23,2026-09-27 18:00:00,2 days 18:00:00,66,21.75,-113.5,969.7,85.0
2026-09-25,EP172026,23,2026-09-28 00:00:00,3 days 00:00:00,72,22.75,-113.5,969.1,85.7
2026-09-25,EP172026,23,2026-09-28 06:00:00,3 days 06:00:00,78,23.5,-113.13,969.7,84.9
2026-09-25,EP172026,23,2026-09-28 12:00:00,3 days 12:00:00,84,24.25,-112.75,970.4,84.2
2026-09-25,WP252026,23,2026-09-25 00:00:00,0 days 00:00:00,0,20.25,130.25,1002.4,39.6
2026-09-25,WP252026,23,2026-09-25 06:00:00,0 days 06:00:00,6,20.75,129.25,1000.4,42.9
2026-09-25,WP252026,23,2026-09-25 12:00:00,0 days 12:00:00,12,21.25,128.25,998.4,46.3
2026-09-25,WP252026,23,2026-09-25 18:00:00,0 days 18:00:00,18,21.75,127.88,996.9,48.6
2026-09-25,WP252026,23,2026-09-26 00:00:00,1 days 00:00:00,24,22.25,127.5,995.4,50.8
2026-09-25,WP252026,23,2026-09-26 06:00:00,1 days 06:00:00,30,22.88,127.38,990.8,57.5
2026-09-25,WP252026,23,2026-09-26 12:00:00,1 days 12:00:00,36,23.5,127.25,986.1,64.1
2026-09-25,WP252026,23,2026-09-26 18:00:00,1 days 18:00:00,42,23.88,127.62,987.5,62.2
2026-09-25,WP252026,23,2026-09-27 00:00:00,2 days 00:00:00,48,24.25,128.0,988.9,60.3
2026-09-25,WP252026,23,2026-09-27 06:00:00,2 days 06:00:00,54,24.88,128.37,988.1,61.4
2026-09-25,WP252026,23,2026-09-27 12:00:00,2 days 12:00:00,60,25.5,128.75,987.3,62.5
2026-09-25,WP252026,23,2026-09-27 18:00:00,2 days 18:00:00,66,26.0,129.25,989.6,59.3
2026-09-25,WP252026,23,2026-09-28 00:00:00,3 days 00:00:00,72,26.5,129.75,991.9,56.1
2026-09-25,WP252026,23,2026-09-28 06:00:00,3 days 06:00:00,78,26.88,130.75,994.1,52.7
2026-09-25,WP252026,23,2026-09-28 12:00:00,3 days 12:00:00,84,27.25,131.75,996.4,49.3
2026-09-25,WP252026,23,2026-09-28 18:00:00,3 days 18:00:00,90,27.88,132.5,998.2,46.5
2026-09-25,WP252026,23,2026-09-29 00:00:00,4 days 00:00:00,96,28.5,133.25,999.9,43.8
2026-09-25,WP252026,23,2026-09-29 06:00:00,4 days 06:00:00,102,29.13,134.37,1001.2,41.6
2026-09-25,WP252026,23,2026-09-29 12:00:00,4 days 12:00:00,108,29.75,135.5,1002.5,39.4
2026-09-25,WP252026,23,2026-09-29 18:00:00,4 days 18:00:00,114,30.63,136.24,1003.4,37.9
2026-09-25,WP252026,23,2026-09-30 00:00:00,5 days 00:00:00,120,31.5,137.0,1004.2,36.5
2026-09-25,WP252026,23,2026-09-30 06:00:00,5 days 06:00:00,126,32.01,138.24,1003.8,37.2
2026-09-25,WP252026,23,2026-09-30 12:00:00,5 days 12:00:00,132,32.5,139.5,1003.4,37.9
2026-09-25,WP252026,23,2026-09-30 18:00:00,5 days 18:00:00,138,34.02,141.59,1004.1,36.7
2026-09-25,WP252026,23,2026-10-01 00:00:00,6 days 00:00:00,144,35.5,143.75,1004.8,35.5
2026-09-25,AL062026,24,2026-09-25 00:00:00,0 days 00:00:00,0,30.0,-41.75,1015.2,13.2
2026-09-25,AL062026,24,2026-09-25 06:00:00,0 days 06:00:00,6,29.88,-42.0,1015.6,12.0
2026-09-25,AL062026,24,2026-09-25 12:00:00,0 days 12:00:00,12,29.75,-42.25,1016.0,10.8
2026-09-25,AL062026,24,2026-09-25 18:00:00,0 days 18:00:00,18,29.63,-43.0,1015.1,13.4
2026-09-25,AL062026,24,2026-09-26 00:00:00,1 days 00:00:00,24,29.5,-43.75,1014.2,15.9
2026-09-25,AL062026,24,2026-09-26 06:00:00,1 days 06:00:00,30,29.25,-44.13,1014.5,15.0
2026-09-25,AL062026,24,2026-09-26 12:00:00,1 days 12:00:00,36,29.0,-44.5,1014.8,14.1
2026-09-25,AL062026,24,2026-09-26 18:00:00,1 days 18:00:00,42,29.0,-44.88,1014.9,13.9
2026-09-25,AL062026,24,2026-09-27 00:00:00,2 days 00:00:00,48,29.0,-45.25,1015.0,13.6
2026-09-25,EP152026,24,2026-09-25 00:00:00,0 days 00:00:00,0,14.75,-156.0,983.9,67.1
2026-09-25,EP152026,24,2026-09-25 06:00:00,0 days 06:00:00,6,15.25,-155.88,986.0,64.3
2026-09-25,EP152026,24,2026-09-25 12:00:00,0 days 12:00:00,12,15.75,-155.75,988.1,61.4
2026-09-25,EP152026,24,2026-09-25 18:00:00,0 days 18:00:00,18,16.13,-155.5,984.8,65.8
2026-09-25,EP152026,24,2026-09-26 00:00:00,1 days 00:00:00,24,16.5,-155.25,981.5,70.2
2026-09-25,EP152026,24,2026-09-26 06:00:00,1 days 06:00:00,30,16.75,-155.13,981.7,70.0
2026-09-25,EP152026,24,2026-09-26 12:00:00,1 days 12:00:00,36,17.0,-155.0,981.9,69.7
2026-09-25,EP152026,24,2026-09-26 18:00:00,1 days 18:00:00,42,16.88,-155.25,982.0,69.6
2026-09-25,EP152026,24,2026-09-27 00:00:00,2 days 00:00:00,48,16.75,-155.5,982.1,69.5
2026-09-25,EP152026,24,2026-09-27 06:00:00,2 days 06:00:00,54,16.5,-156.13,982.4,69.1
2026-09-25,EP152026,24,2026-09-27 12:00:00,2 days 12:00:00,60,16.25,-156.75,982.6,68.8
2026-09-25,EP152026,24,2026-09-27 18:00:00,2 days 18:00:00,66,16.13,-157.63,982.5,69.0
2026-09-25,EP152026,24,2026-09-28 00:00:00,3 days 00:00:00,72,16.0,-158.5,982.3,69.2
2026-09-25,EP152026,24,2026-09-28 06:00:00,3 days 06:00:00,78,16.0,-159.38,983.4,67.8
2026-09-25,EP152026,24,2026-09-28 12:00:00,3 days 12:00:00,84,16.0,-160.25,984.5,66.3
2026-09-25,EP152026,24,2026-09-28 18:00:00,3 days 18:00:00,90,16.38,-160.75,982.6,68.9
2026-09-25,EP152026,24,2026-09-29 00:00:00,4 days 00:00:00,96,16.75,-161.25,980.6,71.4
2026-09-25,EP152026,24,2026-09-29 06:00:00,4 days 06:00:00,102,17.5,-161.87,977.2,75.8
2026-09-25,EP152026,24,2026-09-29 12:00:00,4 days 12:00:00,108,18.25,-162.5,973.7,80.1
2026-09-25,EP152026,24,2026-09-29 18:00:00,4 days 18:00:00,114,19.13,-162.38,974.6,79.1
2026-09-25,EP152026,24,2026-09-30 00:00:00,5 days 00:00:00,120,20.0,-162.25,975.4,78.0
2026-09-25,EP152026,24,2026-09-30 06:00:00,5 days 06:00:00,126,21.63,-162.13,974.9,78.6
2026-09-25,EP152026,24,2026-09-30 12:00:00,5 days 12:00:00,132,23.25,-162.0,974.4,79.3
2026-09-25,EP152026,24,2026-09-30 18:00:00,5 days 18:00:00,138,24.75,-162.37,979.5,72.8
2026-09-25,EP152026,24,2026-10-01 00:00:00,6 days 00:00:00,144,26.25,-162.75,984.5,66.2
2026-09-25,EP152026,24,2026-10-01 06:00:00,6 days 06:00:00,150,27.76,-163.98,986.1,64.2
2026-09-25,EP152026,24,2026-10-01 12:00:00,6 days 12:00:00,156,29.25,-165.25,987.6,62.2
2026-09-25,EP152026,24,2026-10-01 18:00:00,6 days 18:00:00,162,29.75,-165.87,987.9,61.6
2026-09-25,EP152026,24,2026-10-02 00:00:00,7 days 00:00:00,168,30.25,-166.5,988.3,61.1
2026-09-25,EP152026,24,2026-10-02 06:00:00,7 days 06:00:00,174,30.13,-166.37,991.4,56.6
2026-09-25,EP152026,24,2026-10-02 12:00:00,7 days 12:00:00,180,30.0,-166.25,994.6,52.1
2026-09-25,EP152026,24,2026-10-02 18:00:00,7 days 18:00:00,186,29.75,-166.0,996.6,48.9
2026-09-25,EP152026,24,2026-10-03 00:00:00,8 days 00:00:00,192,29.5,-165.75,998.7,45.8
2026-09-25,EP152026,24,2026-10-03 06:00:00,8 days 06:00:00,198,29.0,-165.37,1000.5,42.8
2026-09-25,EP152026,24,2026-10-03 12:00:00,8 days 12:00:00,204,28.5,-165.0,1002.3,39.8
2026-09-25,EP152026,24,2026-10-03 18:00:00,8 days 18:00:00,210,27.75,-165.76,1004.4,36.1
2026-09-25,EP152026,24,2026-10-04 00:00:00,9 days 00:00:00,216,27.0,-166.5,1006.5,32.4
2026-09-25,EP162026,24,2026-09-25 00:00:00,0 days 00:00:00,0,17.0,-124.75,975.5,77.9
2026-09-25,EP162026,24,2026-09-25 06:00:00,0 days 06:00:00,6,17.25,-124.25,973.6,80.2
2026-09-25,EP162026,24,2026-09-25 12:00:00,0 days 12:00:00,12,17.5,-123.75,971.7,82.6
2026-09-25,EP162026,24,2026-09-25 18:00:00,0 days 18:00:00,18,17.88,-123.63,977.2,75.6
2026-09-25,EP162026,24,2026-09-26 00:00:00,1 days 00:00:00,24,18.25,-123.5,982.7,68.7
2026-09-25,EP162026,24,2026-09-26 06:00:00,1 days 06:00:00,30,18.5,-123.62,983.4,67.8
2026-09-25,EP162026,24,2026-09-26 12:00:00,1 days 12:00:00,36,18.75,-123.75,984.0,66.9
2026-09-25,EP162026,24,2026-09-26 18:00:00,1 days 18:00:00,42,19.38,-124.0,989.2,59.7
2026-09-25,EP162026,24,2026-09-27 00:00:00,2 days 00:00:00,48,20.0,-124.25,994.3,52.5
2026-09-25,EP162026,24,2026-09-27 06:00:00,2 days 06:00:00,54,20.12,-124.25,995.6,50.5
2026-09-25,EP162026,24,2026-09-27 12:00:00,2 days 12:00:00,60,20.25,-124.25,996.9,48.5
2026-09-25,EP162026,24,2026-09-27 18:00:00,2 days 18:00:00,66,21.59,-118.92,985.3,64.3
2026-09-25,EP162026,24,2026-09-28 00:00:00,3 days 00:00:00,72,22.75,-113.5,973.8,80.0
2026-09-25,EP162026,24,2026-09-28 06:00:00,3 days 06:00:00,78,23.5,-113.38,974.7,78.9
2026-09-25,EP162026,24,2026-09-28 12:00:00,3 days 12:00:00,84,24.25,-113.25,975.6,77.7
2026-09-25,EP162026,24,2026-09-28 18:00:00,3 days 18:00:00,90,25.0,-112.75,982.7,68.4
2026-09-25,EP162026,24,2026-09-29 00:00:00,4 days 00:00:00,96,25.75,-112.25,989.8,59.1
2026-09-25,EP162026,24,2026-09-29 06:00:00,4 days 06:00:00,102,27.0,-111.51,993.2,54.0
2026-09-25,EP162026,24,2026-09-29 12:00:00,4 days 12:00:00,108,28.25,-110.75,996.6,49.0
2026-09-25,EP162026,24,2026-09-29 18:00:00,4 days 18:00:00,114,25.51,-109.89,991.0,56.6
2026-09-25,EP162026,24,2026-09-30 00:00:00,5 days 00:00:00,120,22.76,-109.06,985.4,64.2
2026-09-25,EP162026,24,2026-09-30 06:00:00,5 days 06:00:00,126,20.0,-108.26,979.8,71.8
2026-09-25,EP162026,24,2026-09-30 12:00:00,5 days 12:00:00,132,17.25,-107.5,974.2,79.5
2026-09-25,EP162026,24,2026-09-30 18:00:00,5 days 18:00:00,138,17.63,-107.87,971.5,82.7
2026-09-25,EP162026,24,2026-10-01 00:00:00,6 days 00:00:00,144,18.0,-108.25,968.8,86.0
2026-09-25,EP162026,24,2026-10-01 06:00:00,6 days 06:00:00,150,18.5,-108.62,968.1,86.9
2026-09-25,EP162026,24,2026-10-01 12:00:00,6 days 12:00:00,156,19.0,-109.0,967.4,87.7
2026-09-25,EP162026,24,2026-10-01 18:00:00,6 days 18:00:00,162,19.38,-109.25,967.0,88.2
2026-09-25,EP162026,24,2026-10-02 00:00:00,7 days 00:00:00,168,19.75,-109.5,966.5,88.7
2026-09-25,EP162026,24,2026-10-02 06:00:00,7 days 06:00:00,174,20.13,-109.62,969.0,85.8
2026-09-25,EP162026,24,2026-10-02 12:00:00,7 days 12:00:00,180,20.5,-109.75,971.5,82.8
2026-09-25,EP162026,24,2026-10-02 18:00:00,7 days 18:00:00,186,20.75,-109.87,972.5,81.6
2026-09-25,EP162026,24,2026-10-03 00:00:00,8 days 00:00:00,192,21.0,-110.0,973.5,80.4
2026-09-25,EP162026,24,2026-10-03 06:00:00,8 days 06:00:00,198,21.13,-110.37,969.5,85.1
2026-09-25,EP162026,24,2026-10-03 12:00:00,8 days 12:00:00,204,21.25,-110.75,965.5,89.9
2026-09-25,EP162026,24,2026-10-03 18:00:00,8 days 18:00:00,210,21.38,-111.0,968.7,86.1
2026-09-25,EP162026,24,2026-10-04 00:00:00,9 days 00:00:00,216,21.5,-111.25,971.8,82.4
2026-09-25,EP162026,24,2026-10-04 06:00:00,9 days 06:00:00,222,21.5,-111.62,972.1,82.1
2026-09-25,EP162026,24,2026-10-04 12:00:00,9 days 12:00:00,228,21.5,-112.0,972.3,81.9
2026-09-25,EP162026,24,2026-10-04 18:00:00,9 days 18:00:00,234,21.38,-112.25,975.6,77.7
2026-09-25,EP162026,24,2026-10-05 00:00:00,10 days 00:00:00,240,21.25,-112.5,978.9,73.6
2026-09-25,EP162026,24,2026-10-05 06:00:00,10 days 06:00:00,246,21.0,-112.88,980.9,71.0
2026-09-25,EP162026,24,2026-10-05 12:00:00,10 days 12:00:00,252,20.75,-113.25,982.9,68.5
2026-09-25,EP162026,24,2026-10-05 18:00:00,10 days 18:00:00,258,20.63,-113.75,983.8,67.2
2026-09-25,EP162026,24,2026-10-06 00:00:00,11 days 00:00:00,264,20.5,-114.25,984.7,66.0
2026-09-25,EP162026,24,2026-10-06 06:00:00,11 days 06:00:00,270,20.25,-114.88,987.0,62.9
2026-09-25,EP162026,24,2026-10-06 12:00:00,11 days 12:00:00,276,20.0,-115.5,989.2,59.8
2026-09-25,EP162026,24,2026-10-06 18:00:00,11 days 18:00:00,282,19.75,-116.38,990.3,58.3
2026-09-25,EP162026,24,2026-10-07 00:00:00,12 days 00:00:00,288,19.5,-117.25,991.4,56.7
2026-09-25,EP162026,24,2026-10-07 06:00:00,12 days 06:00:00,294,19.38,-118.25,990.2,58.4
2026-09-25,EP162026,24,2026-10-07 12:00:00,12 days 12:00:00,300,19.25,-119.25,989.0,60.1
2026-09-25,EP162026,24,2026-10-07 18:00:00,12 days 18:00:00,306,18.88,-120.0,987.5,62.3
2026-09-25,EP162026,24,2026-10-08 00:00:00,13 days 00:00:00,312,18.5,-120.75,985.9,64.4
2026-09-25,EP162026,24,2026-10-08 06:00:00,13 days 06:00:00,318,18.25,-121.25,986.9,63.1
2026-09-25,EP162026,24,2026-10-08 12:00:00,13 days 12:00:00,324,18.0,-121.75,987.9,61.7
2026-09-25,EP162026,24,2026-10-08 18:00:00,13 days 18:00:00,330,18.13,-122.12,990.2,58.4
2026-09-25,EP162026,24,2026-10-09 00:00:00,14 days 00:00:00,336,18.25,-122.5,992.6,55.0
2026-09-25,EP162026,24,2026-10-09 06:00:00,14 days 06:00:00,342,18.25,-122.38,992.5,55.2
2026-09-25,EP162026,24,2026-10-09 12:00:00,14 days 12:00:00,348,18.25,-122.25,992.3,55.4
2026-09-25,EP162026,24,2026-10-09 18:00:00,14 days 18:00:00,354,18.63,-121.38,994.2,52.6
2026-09-25,EP162026,24,2026-10-10 00:00:00,15 days 00:00:00,360,19.0,-120.5,996.1,49.8
2026-09-25,EP172026,24,2026-09-25 00:00:00,0 days 00:00:00,0,17.0,-106.25,960.1,96.1
2026-09-25,EP172026,24,2026-09-25 06:00:00,0 days 06:00:00,6,17.13,-107.12,968.3,86.4
2026-09-25,EP172026,24,2026-09-25 12:00:00,0 days 12:00:00,12,17.25,-108.0,976.4,76.8
2026-09-25,EP172026,24,2026-09-25 18:00:00,0 days 18:00:00,18,17.5,-109.0,974.9,78.7
2026-09-25,EP172026,24,2026-09-26 00:00:00,1 days 00:00:00,24,17.75,-110.0,973.4,80.5
2026-09-25,EP172026,24,2026-09-26 06:00:00,1 days 06:00:00,30,17.88,-110.62,973.6,80.3
2026-09-25,EP172026,24,2026-09-26 12:00:00,1 days 12:00:00,36,18.0,-111.25,973.8,80.0
2026-09-25,EP172026,24,2026-09-26 18:00:00,1 days 18:00:00,42,18.63,-111.87,969.9,84.6
2026-09-25,EP172026,24,2026-09-27 00:00:00,2 days 00:00:00,48,19.25,-112.5,966.1,89.3
2026-09-25,EP172026,24,2026-09-27 06:00:00,2 days 06:00:00,54,20.13,-112.75,970.4,84.1
2026-09-25,EP172026,24,2026-09-27 12:00:00,2 days 12:00:00,60,21.0,-113.0,974.7,78.9
2026-09-25,EP172026,24,2026-09-27 18:00:00,2 days 18:00:00,66,21.88,-113.25,974.2,79.5
2026-09-25,EP172026,24,2026-09-28 00:00:00,3 days 00:00:00,72,22.75,-113.5,973.8,80.0
2026-09-25,WP252026,24,2026-09-25 00:00:00,0 days 00:00:00,0,20.25,130.25,1002.4,39.6
2026-09-25,WP252026,24,2026-09-25 06:00:00,0 days 06:00:00,6,20.75,129.25,1000.7,42.5
2026-09-25,WP252026,24,2026-09-25 12:00:00,0 days 12:00:00,12,21.25,128.25,998.9,45.4
2026-09-25,WP252026,24,2026-09-25 18:00:00,0 days 18:00:00,18,21.88,127.75,998.6,46.0
2026-09-25,WP252026,24,2026-09-26 00:00:00,1 days 00:00:00,24,22.5,127.25,998.2,46.6
2026-09-25,WP252026,24,2026-09-26 06:00:00,1 days 06:00:00,30,23.0,127.25,997.5,47.6
2026-09-25,WP252026,24,2026-09-26 12:00:00,1 days 12:00:00,36,23.5,127.25,996.8,48.6
2026-09-25,WP252026,24,2026-09-26 18:00:00,1 days 18:00:00,42,24.0,127.37,993.7,53.2
2026-09-25,WP252026,24,2026-09-27 00:00:00,2 days 00:00:00,48,24.5,127.5,990.7,57.8
2026-09-25,WP252026,24,2026-09-27 06:00:00,2 days 06:00:00,54,25.0,128.12,986.1,64.1
2026-09-25,WP252026,24,2026-09-27 12:00:00,2 days 12:00:00,60,25.5,128.75,981.5,70.3
2026-09-25,WP252026,24,2026-09-27 18:00:00,2 days 18:00:00,66,26.38,129.49,983.2,68.1
2026-09-25,WP252026,24,2026-09-28 00:00:00,3 days 00:00:00,72,27.25,130.25,984.9,65.8
2026-09-25,WP252026,24,2026-09-28 06:00:00,3 days 06:00:00,78,27.63,131.5,987.1,62.8
2026-09-25,WP252026,24,2026-09-28 12:00:00,3 days 12:00:00,84,28.0,132.75,989.3,59.7
2026-09-25,WP252026,24,2026-09-28 18:00:00,3 days 18:00:00,90,28.38,134.12,990.6,57.9
2026-09-25,WP252026,24,2026-09-29 00:00:00,4 days 00:00:00,96,28.75,135.5,991.8,56.1
2026-09-25,WP252026,24,2026-09-29 06:00:00,4 days 06:00:00,102,29.26,136.87,994.4,52.3
2026-09-25,WP252026,24,2026-09-29 12:00:00,4 days 12:00:00,108,29.75,138.25,996.9,48.5
2026-09-25,WP252026,24,2026-09-29 18:00:00,4 days 18:00:00,114,30.13,139.25,997.2,48.1
2026-09-25,WP252026,24,2026-09-30 00:00:00,5 days 00:00:00,120,30.5,140.25,997.4,47.8
2026-09-25,AL062026,25,2026-09-25 00:00:00,0 days 00:00:00,0,30.0,-41.75,1015.2,13.2
2026-09-25,AL062026,25,2026-09-25 06:00:00,0 days 06:00:00,6,30.0,-42.25,1014.7,14.4
2026-09-25,AL062026,25,2026-09-25 12:00:00,0 days 12:00:00,12,30.0,-42.75,1014.3,15.5
2026-09-25,AL062026,25,2026-09-25 18:00:00,0 days 18:00:00,18,29.88,-43.0,1014.0,16.4
2026-09-25,AL062026,25,2026-09-26 00:00:00,1 days 00:00:00,24,29.75,-43.25,1013.6,17.2
2026-09-25,AL062026,25,2026-09-26 06:00:00,1 days 06:00:00,30,29.69,-43.81,1014.2,15.8
2026-09-25,AL062026,25,2026-09-26 12:00:00,1 days 12:00:00,36,29.63,-44.38,1014.7,14.3
2026-09-25,AL062026,25,2026-09-26 18:00:00,1 days 18:00:00,42,29.57,-44.94,1015.3,12.9
2026-09-25,AL062026,25,2026-09-27 00:00:00,2 days 00:00:00,48,29.5,-45.5,1015.8,11.4
2026-09-25,AL062026,25,2026-09-27 06:00:00,2 days 06:00:00,54,34.53,-43.15,1011.0,22.1
2026-09-25,AL062026,25,2026-09-27 12:00:00,2 days 12:00:00,60,39.5,-40.5,1006.2,32.9
2026-09-25,EP152026,25,2026-09-25 00:00:00,0 days 00:00:00,0,14.75,-156.0,983.9,67.1
2026-09-25,EP152026,25,2026-09-25 06:00:00,0 days 06:00:00,6,15.13,-155.88,982.7,68.7
2026-09-25,EP152026,25,2026-09-25 12:00:00,0 days 12:00:00,12,15.5,-155.75,981.5,70.3
2026-09-25,EP152026,25,2026-09-25 18:00:00,0 days 18:00:00,18,16.13,-155.38,981.4,70.5
2026-09-25,EP152026,25,2026-09-26 00:00:00,1 days 00:00:00,24,16.75,-155.0,981.3,70.6
2026-09-25,EP152026,25,2026-09-26 06:00:00,1 days 06:00:00,30,17.0,-155.25,982.7,68.7
2026-09-25,EP152026,25,2026-09-26 12:00:00,1 days 12:00:00,36,17.25,-155.5,984.2,66.8
2026-09-25,EP152026,25,2026-09-26 18:00:00,1 days 18:00:00,42,17.5,-156.0,983.9,67.2
2026-09-25,EP152026,25,2026-09-27 00:00:00,2 days 00:00:00,48,17.75,-156.5,983.5,67.6
2026-09-25,EP152026,25,2026-09-27 06:00:00,2 days 06:00:00,54,17.63,-157.38,983.9,67.1
2026-09-25,EP152026,25,2026-09-27 12:00:00,2 days 12:00:00,60,17.5,-158.25,984.3,66.6
2026-09-25,EP152026,25,2026-09-27 18:00:00,2 days 18:00:00,66,17.25,-159.38,984.6,66.2
2026-09-25,EP152026,25,2026-09-28 00:00:00,3 days 00:00:00,72,17.0,-160.5,984.9,65.8
2026-09-25,EP152026,25,2026-09-28 06:00:00,3 days 06:00:00,78,17.13,-161.5,987.1,62.8
2026-09-25,EP152026,25,2026-09-28 12:00:00,3 days 12:00:00,84,17.25,-162.5,989.3,59.8
2026-09-25,EP152026,25,2026-09-28 18:00:00,3 days 18:00:00,90,17.88,-163.25,988.0,61.6
2026-09-25,EP152026,25,2026-09-29 00:00:00,4 days 00:00:00,96,18.5,-164.0,986.7,63.3
2026-09-25,EP152026,25,2026-09-29 06:00:00,4 days 06:00:00,102,19.38,-164.62,988.9,60.3
2026-09-25,EP152026,25,2026-09-29 12:00:00,4 days 12:00:00,108,20.25,-165.25,991.1,57.2
2026-09-25,EP152026,25,2026-09-29 18:00:00,4 days 18:00:00,114,21.0,-165.62,990.3,58.3
2026-09-25,EP152026,25,2026-09-30 00:00:00,5 days 00:00:00,120,21.75,-166.0,989.5,59.4
2026-09-25,EP152026,25,2026-09-30 06:00:00,5 days 06:00:00,126,22.25,-166.5,990.9,57.5
2026-09-25,EP152026,25,2026-09-30 12:00:00,5 days 12:00:00,132,22.75,-167.0,992.2,55.5
2026-09-25,EP152026,25,2026-09-30 18:00:00,5 days 18:00:00,138,22.88,-167.25,992.6,55.0
2026-09-25,EP152026,25,2026-10-01 00:00:00,6 days 00:00:00,144,23.0,-167.5,993.0,54.4
2026-09-25,EP152026,25,2026-10-01 06:00:00,6 days 06:00:00,150,23.25,-168.12,994.7,51.9
2026-09-25,EP152026,25,2026-10-01 12:00:00,6 days 12:00:00,156,23.5,-168.75,996.3,49.4
2026-09-25,EP152026,25,2026-10-01 18:00:00,6 days 18:00:00,162,23.75,-169.5,996.3,49.5
2026-09-25,EP152026,25,2026-10-02 00:00:00,7 days 00:00:00,168,24.0,-170.25,996.3,49.5
2026-09-25,EP152026,25,2026-10-02 06:00:00,7 days 06:00:00,174,23.88,-171.13,997.2,48.0
2026-09-25,EP152026,25,2026-10-02 12:00:00,7 days 12:00:00,180,23.75,-172.0,998.2,46.6
2026-09-25,EP162026,25,2026-09-25 00:00:00,0 days 00:00:00,0,17.0,-124.75,975.5,77.9
2026-09-25,EP162026,25,2026-09-25 06:00:00,0 days 06:00:00,6,17.25,-124.38,977.2,75.7
2026-09-25,EP162026,25,2026-09-25 12:00:00,0 days 12:00:00,12,17.5,-124.0,979.0,73.6
2026-09-25,EP162026,25,2026-09-25 18:00:00,0 days 18:00:00,18,17.88,-123.63,980.9,71.1
2026-09-25,EP162026,25,2026-09-26 00:00:00,1 days 00:00:00,24,18.25,-123.25,982.8,68.6
2026-09-25,EP162026,25,2026-09-26 06:00:00,1 days 06:00:00,30,18.5,-123.37,985.3,65.1
2026-09-25,EP162026,25,2026-09-26 12:00:00,1 days 12:00:00,36,18.75,-123.5,987.9,61.7
2026-09-25,EP162026,25,2026-09-26 18:00:00,1 days 18:00:00,42,19.38,-123.5,990.2,58.4
2026-09-25,EP162026,25,2026-09-27 00:00:00,2 days 00:00:00,48,20.0,-123.5,992.5,55.2
2026-09-25,EP162026,25,2026-09-27 06:00:00,2 days 06:00:00,54,20.63,-123.13,995.8,50.0
2026-09-25,EP162026,25,2026-09-27 12:00:00,2 days 12:00:00,60,21.25,-122.75,999.2,44.9
2026-09-25,EP162026,25,2026-09-27 18:00:00,2 days 18:00:00,66,22.19,-118.28,987.7,60.9
2026-09-25,EP162026,25,2026-09-28 00:00:00,3 days 00:00:00,72,23.0,-113.75,976.3,77.0
2026-09-25,EP162026,25,2026-09-28 06:00:00,3 days 06:00:00,78,23.62,-113.75,976.8,76.3
2026-09-25,EP162026,25,2026-09-28 12:00:00,3 days 12:00:00,84,24.25,-113.75,977.3,75.6
2026-09-25,EP162026,25,2026-09-28 18:00:00,3 days 18:00:00,90,25.0,-113.38,980.7,71.2
2026-09-25,EP162026,25,2026-09-29 00:00:00,4 days 00:00:00,96,25.75,-113.0,984.1,66.8
2026-09-25,EP162026,25,2026-09-29 06:00:00,4 days 06:00:00,102,26.88,-112.38,987.5,62.2
2026-09-25,EP162026,25,2026-09-29 12:00:00,4 days 12:00:00,108,28.0,-111.75,990.8,57.6
2026-09-25,EP172026,25,2026-09-25 00:00:00,0 days 00:00:00,0,17.0,-106.25,960.1,96.1
2026-09-25,EP172026,25,2026-09-25 06:00:00,0 days 06:00:00,6,17.13,-107.12,966.4,88.8
2026-09-25,EP172026,25,2026-09-25 12:00:00,0 days 12:00:00,12,17.25,-108.0,972.6,81.4
2026-09-25,EP172026,25,2026-09-25 18:00:00,0 days 18:00:00,18,17.63,-108.87,973.3,80.7
2026-09-25,EP172026,25,2026-09-26 00:00:00,1 days 00:00:00,24,18.0,-109.75,973.9,79.9
2026-09-25,EP172026,25,2026-09-26 06:00:00,1 days 06:00:00,30,18.25,-110.62,977.1,75.9
2026-09-25,EP172026,25,2026-09-26 12:00:00,1 days 12:00:00,36,18.5,-111.5,980.2,72.0
2026-09-25,EP172026,25,2026-09-26 18:00:00,1 days 18:00:00,42,18.88,-112.12,978.5,74.1
2026-09-25,EP172026,25,2026-09-27 00:00:00,2 days 00:00:00,48,19.25,-112.75,976.8,76.3
2026-09-25,EP172026,25,2026-09-27 06:00:00,2 days 06:00:00,54,20.13,-113.0,977.9,74.9
2026-09-25,EP172026,25,2026-09-27 12:00:00,2 days 12:00:00,60,21.0,-113.25,979.0,73.5
2026-09-25,EP172026,25,2026-09-27 18:00:00,2 days 18:00:00,66,22.0,-113.5,977.6,75.3
2026-09-25,EP172026,25,2026-09-28 00:00:00,3 days 00:00:00,72,23.0,-113.75,976.3,77.0
2026-09-25,WP252026,25,2026-09-25 00:00:00,0 days 00:00:00,0,20.25,130.25,1002.4,39.6
2026-09-25,WP252026,25,2026-09-25 06:00:00,0 days 06:00:00,6,20.88,129.38,998.2,46.3
2026-09-25,WP252026,25,2026-09-25 12:00:00,0 days 12:00:00,12,21.5,128.5,993.9,53.1
2026-09-25,WP252026,25,2026-09-25 18:00:00,0 days 18:00:00,18,22.0,128.0,992.8,54.7
2026-09-25,WP252026,25,2026-09-26 00:00:00,1 days 00:00:00,24,22.5,127.5,991.7,56.3
2026-09-25,WP252026,25,2026-09-26 06:00:00,1 days 06:00:00,30,23.0,127.38,991.4,56.7
2026-09-25,WP252026,25,2026-09-26 12:00:00,1 days 12:00:00,36,23.5,127.25,991.2,57.0
2026-09-25,WP252026,25,2026-09-26 18:00:00,1 days 18:00:00,42,24.0,127.37,991.1,57.2
2026-09-25,WP252026,25,2026-09-27 00:00:00,2 days 00:00:00,48,24.5,127.5,990.9,57.4
2026-09-25,WP252026,25,2026-09-27 06:00:00,2 days 06:00:00,54,24.88,128.0,989.0,60.2
2026-09-25,WP252026,25,2026-09-27 12:00:00,2 days 12:00:00,60,25.25,128.5,987.0,62.9
2026-09-25,WP252026,25,2026-09-27 18:00:00,2 days 18:00:00,66,25.63,129.25,988.5,60.8
2026-09-25,WP252026,25,2026-09-28 00:00:00,3 days 00:00:00,72,26.0,130.0,990.0,58.7
2026-09-25,WP252026,25,2026-09-28 06:00:00,3 days 06:00:00,78,26.38,130.75,989.2,59.9
2026-09-25,WP252026,25,2026-09-28 12:00:00,3 days 12:00:00,84,26.75,131.5,988.3,61.1
2026-09-25,WP252026,25,2026-09-28 18:00:00,3 days 18:00:00,90,26.88,132.0,992.3,55.2
2026-09-25,WP252026,25,2026-09-29 00:00:00,4 days 00:00:00,96,27.0,132.5,996.3,49.4
2026-09-25,WP252026,25,2026-09-29 06:00:00,4 days 06:00:00,102,27.25,133.12,998.2,46.4
2026-09-25,WP252026,25,2026-09-29 12:00:00,4 days 12:00:00,108,27.5,133.75,1000.2,43.4
2026-09-25,WP252026,25,2026-09-29 18:00:00,4 days 18:00:00,114,28.13,133.87,1001.4,41.4
2026-09-25,WP252026,25,2026-09-30 00:00:00,5 days 00:00:00,120,28.75,134.0,1002.6,39.4
2026-09-25,WP252026,25,2026-09-30 06:00:00,5 days 06:00:00,126,29.0,134.37,1002.9,38.8
2026-09-25,WP252026,25,2026-09-30 12:00:00,5 days 12:00:00,132,29.25,134.75,1003.2,38.2
2026-09-25,WP252026,25,2026-09-30 18:00:00,5 days 18:00:00,138,30.32,135.72,1003.8,37.3
2026-09-25,WP252026,25,2026-10-01 00:00:00,6 days 00:00:00,144,31.39,136.7,1004.3,36.3
2026-09-25,WP252026,25,2026-10-01 06:00:00,6 days 06:00:00,150,32.45,137.72,1004.9,35.3
2026-09-25,WP252026,25,2026-10-01 12:00:00,6 days 12:00:00,156,33.5,138.75,1005.4,34.4
2026-09-25,AL062026,26,2026-09-25 00:00:00,0 days 00:00:00,0,30.0,-41.75,1015.2,13.2
2026-09-25,AL062026,26,2026-09-25 06:00:00,0 days 06:00:00,6,29.88,-41.88,1015.3,12.9
2026-09-25,AL062026,26,2026-09-25 12:00:00,0 days 12:00:00,12,29.75,-42.0,1015.4,12.5
2026-09-25,AL062026,26,2026-09-25 18:00:00,0 days 18:00:00,18,29.63,-42.75,1015.1,13.3
2026-09-25,AL062026,26,2026-09-26 00:00:00,1 days 00:00:00,24,29.5,-43.5,1014.9,14.0
2026-09-25,AL062026,26,2026-09-26 06:00:00,1 days 06:00:00,30,29.38,-44.0,1015.1,13.4
2026-09-25,AL062026,26,2026-09-26 12:00:00,1 days 12:00:00,36,29.25,-44.5,1015.3,12.7
2026-09-25,AL062026,26,2026-09-26 18:00:00,1 days 18:00:00,42,29.5,-44.5,1015.4,12.4
2026-09-25,AL062026,26,2026-09-27 00:00:00,2 days 00:00:00,48,29.75,-44.5,1015.6,12.1
2026-09-25,AL062026,26,2026-09-27 06:00:00,2 days 06:00:00,54,34.66,-41.68,1009.2,25.5
2026-09-25,AL062026,26,2026-09-27 12:00:00,2 days 12:00:00,60,39.5,-38.5,1002.9,38.9
2026-09-25,EP152026,26,2026-09-25 00:00:00,0 days 00:00:00,0,14.75,-156.0,983.9,67.1
2026-09-25,EP152026,26,2026-09-25 06:00:00,0 days 06:00:00,6,15.13,-155.88,985.6,64.8
2026-09-25,EP152026,26,2026-09-25 12:00:00,0 days 12:00:00,12,15.5,-155.75,987.3,62.5
2026-09-25,EP152026,26,2026-09-25 18:00:00,0 days 18:00:00,18,15.88,-155.25,987.8,61.8
2026-09-25,EP152026,26,2026-09-26 00:00:00,1 days 00:00:00,24,16.25,-154.75,988.3,61.1
2026-09-25,EP152026,26,2026-09-26 06:00:00,1 days 06:00:00,30,16.63,-154.75,986.6,63.5
2026-09-25,EP152026,26,2026-09-26 12:00:00,1 days 12:00:00,36,17.0,-154.75,984.8,65.9
2026-09-25,EP152026,26,2026-09-26 18:00:00,1 days 18:00:00,42,17.0,-155.12,983.6,67.6
2026-09-25,EP152026,26,2026-09-27 00:00:00,2 days 00:00:00,48,17.0,-155.5,982.3,69.3
2026-09-25,EP152026,26,2026-09-27 06:00:00,2 days 06:00:00,54,17.0,-156.25,984.4,66.5
2026-09-25,EP152026,26,2026-09-27 12:00:00,2 days 12:00:00,60,17.0,-157.0,986.5,63.7
2026-09-25,EP152026,26,2026-09-27 18:00:00,2 days 18:00:00,66,17.13,-158.12,984.8,65.8
2026-09-25,EP152026,26,2026-09-28 00:00:00,3 days 00:00:00,72,17.25,-159.25,983.2,68.0
2026-09-25,EP152026,26,2026-09-28 06:00:00,3 days 06:00:00,78,17.5,-160.5,979.4,72.9
2026-09-25,EP152026,26,2026-09-28 12:00:00,3 days 12:00:00,84,17.75,-161.75,975.6,77.7
2026-09-25,EP152026,26,2026-09-28 18:00:00,3 days 18:00:00,90,18.5,-162.75,977.8,75.0
2026-09-25,EP152026,26,2026-09-29 00:00:00,4 days 00:00:00,96,19.25,-163.75,979.9,72.3
2026-09-25,EP152026,26,2026-09-29 06:00:00,4 days 06:00:00,102,20.25,-164.25,981.5,70.2
2026-09-25,EP152026,26,2026-09-29 12:00:00,4 days 12:00:00,108,21.25,-164.75,983.2,68.1
2026-09-25,EP152026,26,2026-09-29 18:00:00,4 days 18:00:00,114,22.25,-165.0,982.0,69.6
2026-09-25,EP152026,26,2026-09-30 00:00:00,5 days 00:00:00,120,23.25,-165.25,980.8,71.2
2026-09-25,EP152026,26,2026-09-30 06:00:00,5 days 06:00:00,126,24.13,-165.37,980.4,71.6
2026-09-25,EP152026,26,2026-09-30 12:00:00,5 days 12:00:00,132,25.0,-165.5,980.1,72.1
2026-09-25,EP152026,26,2026-09-30 18:00:00,5 days 18:00:00,138,25.5,-166.25,985.6,64.7
2026-09-25,EP152026,26,2026-10-01 00:00:00,6 days 00:00:00,144,26.0,-167.0,991.0,57.3
2026-09-25,EP152026,26,2026-10-01 06:00:00,6 days 06:00:00,150,27.01,-168.73,990.7,57.7
2026-09-25,EP152026,26,2026-10-01 12:00:00,6 days 12:00:00,156,28.0,-170.5,990.4,58.1
2026-09-25,EP152026,26,2026-10-01 18:00:00,6 days 18:00:00,162,28.25,-171.5,992.8,54.7
2026-09-25,EP152026,26,2026-10-02 00:00:00,7 days 00:00:00,168,28.5,-172.5,995.1,51.3
2026-09-25,EP152026,26,2026-10-02 06:00:00,7 days 06:00:00,174,27.88,-174.01,994.3,52.5
2026-09-25,EP152026,26,2026-10-02 12:00:00,7 days 12:00:00,180,27.25,-175.5,993.5,53.7
2026-09-25,EP152026,26,2026-10-02 18:00:00,7 days 18:00:00,186,27.13,-176.63,993.1,54.3
2026-09-25,EP152026,26,2026-10-03 00:00:00,8 days 00:00:00,192,27.0,-177.75,992.7,54.8
2026-09-25,EP152026,26,2026-10-03 06:00:00,8 days 06:00:00,198,26.51,-179.01,992.8,54.7
2026-09-25,EP152026,26,2026-10-03 12:00:00,8 days 12:00:00,204,26.0,179.75,992.8,54.7
2026-09-25,EP152026,26,2026-10-03 18:00:00,8 days 18:00:00,210,26.26,178.25,992.9,54.6
2026-09-25,EP152026,26,2026-10-04 00:00:00,9 days 00:00:00,216,26.5,176.75,992.9,54.6
2026-09-25,EP152026,26,2026-10-04 06:00:00,9 days 06:00:00,222,26.51,175.25,991.7,56.3
2026-09-25,EP152026,26,2026-10-04 12:00:00,9 days 12:00:00,228,26.5,173.75,990.5,58.1
2026-09-25,EP152026,26,2026-10-04 18:00:00,9 days 18:00:00,234,26.88,172.38,990.7,57.7
2026-09-25,EP152026,26,2026-10-05 00:00:00,10 days 00:00:00,240,27.25,171.0,991.0,57.3
2026-09-25,EP152026,26,2026-10-05 06:00:00,10 days 06:00:00,246,27.76,169.51,990.2,58.4
2026-09-25,EP152026,26,2026-10-05 12:00:00,10 days 12:00:00,252,28.25,168.0,989.5,59.5
2026-09-25,EP152026,26,2026-10-05 18:00:00,10 days 18:00:00,258,28.63,167.0,989.8,59.1
2026-09-25,EP152026,26,2026-10-06 00:00:00,11 days 00:00:00,264,29.0,166.0,990.1,58.7
2026-09-25,EP152026,26,2026-10-06 06:00:00,11 days 06:00:00,270,29.25,165.63,991.6,56.5
2026-09-25,EP152026,26,2026-10-06 12:00:00,11 days 12:00:00,276,29.5,165.25,993.1,54.3
2026-09-25,EP152026,26,2026-10-06 18:00:00,11 days 18:00:00,282,29.75,165.13,992.0,55.9
2026-09-25,EP152026,26,2026-10-07 00:00:00,12 days 00:00:00,288,30.0,165.0,990.9,57.5
2026-09-25,EP152026,26,2026-10-07 06:00:00,12 days 06:00:00,294,30.13,165.37,989.4,59.6
2026-09-25,EP152026,26,2026-10-07 12:00:00,12 days 12:00:00,300,30.25,165.75,987.9,61.6
2026-09-25,EP152026,26,2026-10-07 18:00:00,12 days 18:00:00,306,30.13,166.13,987.1,62.8
2026-09-25,EP152026,26,2026-10-08 00:00:00,13 days 00:00:00,312,30.0,166.5,986.3,63.9
2026-09-25,EP152026,26,2026-10-08 06:00:00,13 days 06:00:00,318,29.63,166.25,989.0,60.1
2026-09-25,EP152026,26,2026-10-08 12:00:00,13 days 12:00:00,324,29.25,166.0,991.7,56.3
2026-09-25,EP152026,26,2026-10-08 18:00:00,13 days 18:00:00,330,28.75,165.0,995.9,49.9
2026-09-25,EP152026,26,2026-10-09 00:00:00,14 days 00:00:00,336,28.25,164.0,1000.1,43.5
2026-09-25,EP152026,26,2026-10-09 06:00:00,14 days 06:00:00,342,28.01,162.5,1003.1,38.3
2026-09-25,EP152026,26,2026-10-09 12:00:00,14 days 12:00:00,348,27.75,161.0,1006.2,33.0
2026-09-25,EP152026,26,2026-10-09 18:00:00,14 days 18:00:00,354,27.88,159.38,1006.6,32.2
2026-09-25,EP152026,26,2026-10-10 00:00:00,15 days 00:00:00,360,28.0,157.75,1007.1,31.3
2026-09-25,EP162026,26,2026-09-25 00:00:00,0 days 00:00:00,0,17.0,-124.75,975.5,77.9
2026-09-25,EP162026,26,2026-09-25 06:00:00,0 days 06:00:00,6,17.25,-124.25,976.2,77.0
2026-09-25,EP162026,26,2026-09-25 12:00:00,0 days 12:00:00,12,17.5,-123.75,976.9,76.1
2026-09-25,EP162026,26,2026-09-25 18:00:00,0 days 18:00:00,18,18.0,-123.63,979.1,73.3
2026-09-25,EP162026,26,2026-09-26 00:00:00,1 days 00:00:00,24,18.5,-123.5,981.3,70.5
2026-09-25,EP162026,26,2026-09-26 06:00:00,1 days 06:00:00,30,18.75,-123.75,983.5,67.5
2026-09-25,EP162026,26,2026-09-26 12:00:00,1 days 12:00:00,36,19.0,-124.0,985.8,64.6
2026-09-25,EP162026,26,2026-09-26 18:00:00,1 days 18:00:00,42,19.63,-123.88,987.5,62.2
2026-09-25,EP162026,26,2026-09-27 00:00:00,2 days 00:00:00,48,20.25,-123.75,989.3,59.8
2026-09-25,EP162026,26,2026-09-27 06:00:00,2 days 06:00:00,54,20.88,-123.13,993.1,54.2
2026-09-25,EP162026,26,2026-09-27 12:00:00,2 days 12:00:00,60,21.5,-122.5,996.8,48.6
2026-09-25,EP162026,26,2026-09-27 18:00:00,2 days 18:00:00,66,21.75,-122.25,998.0,46.9
2026-09-25,EP162026,26,2026-09-28 00:00:00,3 days 00:00:00,72,22.0,-122.0,999.1,45.1
2026-09-25,EP162026,26,2026-09-28 06:00:00,3 days 06:00:00,78,23.55,-117.92,988.7,59.7
2026-09-25,EP162026,26,2026-09-28 12:00:00,3 days 12:00:00,84,25.0,-113.75,978.4,74.3
2026-09-25,EP162026,26,2026-09-28 18:00:00,3 days 18:00:00,90,26.0,-112.76,985.5,64.6
2026-09-25,EP162026,26,2026-09-29 00:00:00,4 days 00:00:00,96,27.0,-111.75,992.7,54.9
2026-09-25,EP162026,26,2026-09-29 06:00:00,4 days 06:00:00,102,28.65,-109.29,995.1,51.2
2026-09-25,EP162026,26,2026-09-29 12:00:00,4 days 12:00:00,108,30.25,-106.75,997.6,47.5
2026-09-25,EP172026,26,2026-09-25 00:00:00,0 days 00:00:00,0,17.0,-106.25,960.1,96.1
2026-09-25,EP172026,26,2026-09-25 06:00:00,0 days 06:00:00,6,17.13,-107.25,967.4,87.5
2026-09-25,EP172026,26,2026-09-25 12:00:00,0 days 12:00:00,12,17.25,-108.25,974.7,78.8
2026-09-25,EP172026,26,2026-09-25 18:00:00,0 days 18:00:00,18,17.5,-109.0,973.7,80.1
2026-09-25,EP172026,26,2026-09-26 00:00:00,1 days 00:00:00,24,17.75,-109.75,972.7,81.3
2026-09-25,EP172026,26,2026-09-26 06:00:00,1 days 06:00:00,30,17.88,-110.37,972.1,82.1
2026-09-25,EP172026,26,2026-09-26 12:00:00,1 days 12:00:00,36,18.0,-111.0,971.4,82.9
2026-09-25,EP172026,26,2026-09-26 18:00:00,1 days 18:00:00,42,18.75,-111.75,974.5,79.1
2026-09-25,EP172026,26,2026-09-27 00:00:00,2 days 00:00:00,48,19.5,-112.5,977.5,75.3
2026-09-25,EP172026,26,2026-09-27 06:00:00,2 days 06:00:00,54,20.25,-112.87,977.4,75.5
2026-09-25,EP172026,26,2026-09-27 12:00:00,2 days 12:00:00,60,21.0,-113.25,977.3,75.6
2026-09-25,EP172026,26,2026-09-27 18:00:00,2 days 18:00:00,66,22.13,-113.5,977.6,75.3
2026-09-25,EP172026,26,2026-09-28 00:00:00,3 days 00:00:00,72,23.25,-113.75,977.9,74.9
2026-09-25,EP172026,26,2026-09-28 06:00:00,3 days 06:00:00,78,24.12,-113.75,978.1,74.6
2026-09-25,EP172026,26,2026-09-28 12:00:00,3 days 12:00:00,84,25.0,-113.75,978.4,74.3
2026-09-25,WP252026,26,2026-09-25 00:00:00,0 days 00:00:00,0,20.25,130.25,1002.4,39.6
2026-09-25,WP252026,26,2026-09-25 06:00:00,0 days 06:00:00,6,20.88,129.38,1000.9,42.2
2026-09-25,WP252026,26,2026-09-25 12:00:00,0 days 12:00:00,12,21.5,128.5,999.3,44.8
2026-09-25,WP252026,26,2026-09-25 18:00:00,0 days 18:00:00,18,22.13,127.88,996.7,48.8
2026-09-25,WP252026,26,2026-09-26 00:00:00,1 days 00:00:00,24,22.75,127.25,994.1,52.8
2026-09-25,WP252026,26,2026-09-26 06:00:00,1 days 06:00:00,30,23.13,127.0,992.1,55.7
2026-09-25,WP252026,26,2026-09-26 12:00:00,1 days 12:00:00,36,23.5,126.75,990.1,58.6
2026-09-25,WP252026,26,2026-09-26 18:00:00,1 days 18:00:00,42,24.0,127.25,987.9,61.6
2026-09-25,WP252026,26,2026-09-27 00:00:00,2 days 00:00:00,48,24.5,127.75,985.7,64.7
2026-09-25,WP252026,26,2026-09-27 06:00:00,2 days 06:00:00,54,24.88,128.25,986.7,63.3
2026-09-25,WP252026,26,2026-09-27 12:00:00,2 days 12:00:00,60,25.25,128.75,987.8,61.8
2026-09-25,WP252026,26,2026-09-27 18:00:00,2 days 18:00:00,66,26.0,129.37,989.2,59.9
2026-09-25,WP252026,26,2026-09-28 00:00:00,3 days 00:00:00,72,26.75,130.0,990.6,57.9
2026-09-25,WP252026,26,2026-09-28 06:00:00,3 days 06:00:00,78,27.25,131.12,994.0,52.9
2026-09-25,WP252026,26,2026-09-28 12:00:00,3 days 12:00:00,84,27.75,132.25,997.3,47.9
2026-09-25,WP252026,26,2026-09-28 18:00:00,3 days 18:00:00,90,28.76,133.86,997.5,47.6
2026-09-25,WP252026,26,2026-09-29 00:00:00,4 days 00:00:00,96,29.75,135.5,997.7,47.3
2026-09-25,WP252026,26,2026-09-29 06:00:00,4 days 06:00:00,102,30.64,137.11,998.3,46.4
2026-09-25,WP252026,26,2026-09-29 12:00:00,4 days 12:00:00,108,31.5,138.75,998.8,45.6
2026-09-25,AL062026,27,2026-09-25 00:00:00,0 days 00:00:00,0,30.0,-41.75,1015.2,13.2
2026-09-25,AL062026,27,2026-09-25 06:00:00,0 days 06:00:00,6,30.0,-41.63,1014.3,15.5
2026-09-25,AL062026,27,2026-09-25 12:00:00,0 days 12:00:00,12,30.0,-41.5,1013.4,17.8
2026-09-25,AL062026,27,2026-09-25 18:00:00,0 days 18:00:00,18,29.88,-42.25,1014.5,15.0
2026-09-25,AL062026,27,2026-09-26 00:00:00,1 days 00:00:00,24,29.75,-43.0,1015.5,12.2
2026-09-25,AL062026,27,2026-09-26 06:00:00,1 days 06:00:00,30,32.37,-43.45,1013.9,15.9
2026-09-25,AL062026,27,2026-09-26 12:00:00,1 days 12:00:00,36,35.0,-43.94,1012.4,19.7
2026-09-25,AL062026,27,2026-09-26 18:00:00,1 days 18:00:00,42,37.63,-44.45,1010.8,23.4
2026-09-25,AL062026,27,2026-09-27 00:00:00,2 days 00:00:00,48,40.25,-45.0,1009.2,27.1
2026-09-25,AL062026,27,2026-09-27 06:00:00,2 days 06:00:00,54,39.45,-40.82,1007.5,30.5
2026-09-25,AL062026,27,2026-09-27 12:00:00,2 days 12:00:00,60,38.5,-36.75,1005.7,33.8
2026-09-25,EP152026,27,2026-09-25 00:00:00,0 days 00:00:00,0,14.75,-156.0,983.9,67.1
2026-09-25,EP152026,27,2026-09-25 06:00:00,0 days 06:00:00,6,15.25,-155.88,986.2,63.9
2026-09-25,EP152026,27,2026-09-25 12:00:00,0 days 12:00:00,12,15.75,-155.75,988.6,60.8
2026-09-25,EP152026,27,2026-09-25 18:00:00,0 days 18:00:00,18,16.13,-155.5,985.4,65.0
2026-09-25,EP152026,27,2026-09-26 00:00:00,1 days 00:00:00,24,16.5,-155.25,982.3,69.2
2026-09-25,EP152026,27,2026-09-26 06:00:00,1 days 06:00:00,30,16.75,-155.25,982.1,69.5
2026-09-25,EP152026,27,2026-09-26 12:00:00,1 days 12:00:00,36,17.0,-155.25,981.8,69.9
2026-09-25,EP152026,27,2026-09-26 18:00:00,1 days 18:00:00,42,17.13,-155.25,979.3,73.0
2026-09-25,EP152026,27,2026-09-27 00:00:00,2 days 00:00:00,48,17.25,-155.25,976.9,76.2
2026-09-25,EP152026,27,2026-09-27 06:00:00,2 days 06:00:00,54,17.25,-156.12,976.7,76.3
2026-09-25,EP152026,27,2026-09-27 12:00:00,2 days 12:00:00,60,17.25,-157.0,976.6,76.5
2026-09-25,EP152026,27,2026-09-27 18:00:00,2 days 18:00:00,66,17.25,-158.12,981.8,69.7
2026-09-25,EP152026,27,2026-09-28 00:00:00,3 days 00:00:00,72,17.25,-159.25,987.0,62.9
2026-09-25,EP152026,27,2026-09-28 06:00:00,3 days 06:00:00,78,17.38,-160.25,986.3,63.9
2026-09-25,EP152026,27,2026-09-28 12:00:00,3 days 12:00:00,84,17.5,-161.25,985.6,64.8
2026-09-25,EP152026,27,2026-09-28 18:00:00,3 days 18:00:00,90,18.25,-162.12,988.0,61.4
2026-09-25,EP152026,27,2026-09-29 00:00:00,4 days 00:00:00,96,19.0,-163.0,990.5,58.1
2026-09-25,EP152026,27,2026-09-29 06:00:00,4 days 06:00:00,102,19.88,-163.75,989.0,60.1
2026-09-25,EP152026,27,2026-09-29 12:00:00,4 days 12:00:00,108,20.75,-164.5,987.6,62.1
2026-09-25,EP152026,27,2026-09-29 18:00:00,4 days 18:00:00,114,21.63,-165.37,989.8,58.9
2026-09-25,EP152026,27,2026-09-30 00:00:00,5 days 00:00:00,120,22.5,-166.25,992.1,55.8
2026-09-25,EP152026,27,2026-09-30 06:00:00,5 days 06:00:00,126,23.25,-166.87,992.9,54.6
2026-09-25,EP152026,27,2026-09-30 12:00:00,5 days 12:00:00,132,24.0,-167.5,993.7,53.4
2026-09-25,EP152026,27,2026-09-30 18:00:00,5 days 18:00:00,138,24.38,-168.5,992.6,55.0
2026-09-25,EP152026,27,2026-10-01 00:00:00,6 days 00:00:00,144,24.75,-169.5,991.6,56.5
2026-09-25,EP152026,27,2026-10-01 06:00:00,6 days 06:00:00,150,24.5,-170.63,991.3,56.8
2026-09-25,EP152026,27,2026-10-01 12:00:00,6 days 12:00:00,156,24.25,-171.75,991.1,57.2
2026-09-25,EP152026,27,2026-10-01 18:00:00,6 days 18:00:00,162,23.75,-172.75,991.7,56.2
2026-09-25,EP152026,27,2026-10-02 00:00:00,7 days 00:00:00,168,23.25,-173.75,992.4,55.3
2026-09-25,EP152026,27,2026-10-02 06:00:00,7 days 06:00:00,174,22.75,-175.0,993.0,54.4
2026-09-25,EP152026,27,2026-10-02 12:00:00,7 days 12:00:00,180,22.25,-176.25,993.6,53.5
2026-09-25,EP152026,27,2026-10-02 18:00:00,7 days 18:00:00,186,21.76,-177.88,993.0,54.3
2026-09-25,EP152026,27,2026-10-03 00:00:00,8 days 00:00:00,192,21.25,-179.5,992.5,55.2
2026-09-25,EP152026,27,2026-10-03 06:00:00,8 days 06:00:00,198,21.01,178.75,992.5,55.1
2026-09-25,EP152026,27,2026-10-03 12:00:00,8 days 12:00:00,204,20.75,177.0,992.5,55.1
2026-09-25,EP152026,27,2026-10-03 18:00:00,8 days 18:00:00,210,20.76,175.0,991.8,56.2
2026-09-25,EP152026,27,2026-10-04 00:00:00,9 days 00:00:00,216,20.75,173.0,991.0,57.3
2026-09-25,EP152026,27,2026-10-04 06:00:00,9 days 06:00:00,222,20.89,171.13,990.1,58.6
2026-09-25,EP152026,27,2026-10-04 12:00:00,9 days 12:00:00,228,21.0,169.25,989.2,59.8
2026-09-25,EP152026,27,2026-10-04 18:00:00,9 days 18:00:00,234,21.76,167.63,990.0,58.7
2026-09-25,EP152026,27,2026-10-05 00:00:00,10 days 00:00:00,240,22.5,166.0,990.8,57.6
2026-09-25,EP152026,27,2026-10-05 06:00:00,10 days 06:00:00,246,23.38,164.51,987.4,62.3
2026-09-25,EP152026,27,2026-10-05 12:00:00,10 days 12:00:00,252,24.25,163.0,984.0,66.9
2026-09-25,EP152026,27,2026-10-05 18:00:00,10 days 18:00:00,258,25.0,162.13,981.6,70.1
2026-09-25,EP152026,27,2026-10-06 00:00:00,11 days 00:00:00,264,25.75,161.25,979.2,73.2
2026-09-25,EP152026,27,2026-10-06 06:00:00,11 days 06:00:00,270,26.75,160.75,976.5,76.6
2026-09-25,EP152026,27,2026-10-06 12:00:00,11 days 12:00:00,276,27.75,160.25,973.8,80.0
2026-09-25,EP152026,27,2026-10-06 18:00:00,11 days 18:00:00,282,28.88,160.25,975.9,77.4
2026-09-25,EP152026,27,2026-10-07 00:00:00,12 days 00:00:00,288,30.0,160.25,978.0,74.8
2026-09-25,EP152026,27,2026-10-07 06:00:00,12 days 06:00:00,294,31.38,160.74,975.0,78.4
2026-09-25,EP152026,27,2026-10-07 12:00:00,12 days 12:00:00,300,32.75,161.25,972.1,82.1
2026-09-25,EP152026,27,2026-10-07 18:00:00,12 days 18:00:00,306,34.26,162.35,974.0,79.8
2026-09-25,EP152026,27,2026-10-08 00:00:00,13 days 00:00:00,312,35.75,163.5,975.8,77.5
2026-09-25,EP152026,27,2026-10-08 06:00:00,13 days 06:00:00,318,36.9,165.96,976.9,76.1
2026-09-25,EP152026,27,2026-10-08 12:00:00,13 days 12:00:00,324,38.0,168.5,978.0,74.7
2026-09-25,EP152026,27,2026-10-08 18:00:00,13 days 18:00:00,330,38.28,171.24,985.5,64.7
2026-09-25,EP152026,27,2026-10-09 00:00:00,14 days 00:00:00,336,38.5,174.0,992.9,54.6
2026-09-25,EP152026,27,2026-10-09 06:00:00,14 days 06:00:00,342,37.14,176.16,998.8,45.2
2026-09-25,EP152026,27,2026-10-09 12:00:00,14 days 12:00:00,348,35.75,178.25,1004.6,35.7
2026-09-25,EP152026,27,2026-10-09 18:00:00,14 days 18:00:00,354,34.78,-179.09,1006.0,33.2
2026-09-25,EP152026,27,2026-10-10 00:00:00,15 days 00:00:00,360,33.75,-176.5,1007.4,30.6
2026-09-25,EP162026,27,2026-09-25 00:00:00,0 days 00:00:00,0,17.0,-124.75,975.5,77.9
2026-09-25,EP162026,27,2026-09-25 06:00:00,0 days 06:00:00,6,17.25,-124.25,976.7,76.4
2026-09-25,EP162026,27,2026-09-25 12:00:00,0 days 12:00:00,12,17.5,-123.75,977.8,75.0
2026-09-25,EP162026,27,2026-09-25 18:00:00,0 days 18:00:00,18,17.88,-123.5,980.1,72.1
2026-09-25,EP162026,27,2026-09-26 00:00:00,1 days 00:00:00,24,18.25,-123.25,982.3,69.2
2026-09-25,EP162026,27,2026-09-26 06:00:00,1 days 06:00:00,30,18.75,-123.37,985.1,65.5
2026-09-25,EP162026,27,2026-09-26 12:00:00,1 days 12:00:00,36,19.25,-123.5,987.8,61.8
2026-09-25,EP162026,27,2026-09-26 18:00:00,1 days 18:00:00,42,20.13,-123.62,989.5,59.4
2026-09-25,EP162026,27,2026-09-27 00:00:00,2 days 00:00:00,48,21.0,-123.75,991.2,57.0
2026-09-25,EP162026,27,2026-09-27 06:00:00,2 days 06:00:00,54,21.25,-123.63,995.1,51.2
2026-09-25,EP162026,27,2026-09-27 12:00:00,2 days 12:00:00,60,21.5,-123.5,998.9,45.4
2026-09-25,EP162026,27,2026-09-27 18:00:00,2 days 18:00:00,66,22.33,-118.53,986.7,62.2
2026-09-25,EP162026,27,2026-09-28 00:00:00,3 days 00:00:00,72,23.0,-113.5,974.5,79.1
2026-09-25,EP162026,27,2026-09-28 06:00:00,3 days 06:00:00,78,24.0,-113.13,975.5,77.9
2026-09-25,EP162026,27,2026-09-28 12:00:00,3 days 12:00:00,84,25.0,-112.75,976.5,76.6
2026-09-25,EP162026,27,2026-09-28 18:00:00,3 days 18:00:00,90,26.13,-112.13,984.4,66.0
2026-09-25,EP162026,27,2026-09-29 00:00:00,4 days 00:00:00,96,27.25,-111.5,992.3,55.4
2026-09-25,EP172026,27,2026-09-25 00:00:00,0 days 00:00:00,0,17.0,-106.25,960.1,96.1
2026-09-25,EP172026,27,2026-09-25 06:00:00,0 days 06:00:00,6,17.13,-107.12,968.7,85.8
2026-09-25,EP172026,27,2026-09-25 12:00:00,0 days 12:00:00,12,17.25,-108.0,977.4,75.6
2026-09-25,EP172026,27,2026-09-25 18:00:00,0 days 18:00:00,18,17.5,-109.0,976.8,76.3
2026-09-25,EP172026,27,2026-09-26 00:00:00,1 days 00:00:00,24,17.75,-110.0,976.1,77.1
2026-09-25,EP172026,27,2026-09-26 06:00:00,1 days 06:00:00,30,18.0,-110.75,976.9,76.1
2026-09-25,EP172026,27,2026-09-26 12:00:00,1 days 12:00:00,36,18.25,-111.5,977.7,75.1
2026-09-25,EP172026,27,2026-09-26 18:00:00,1 days 18:00:00,42,18.75,-112.12,978.2,74.5
2026-09-25,EP172026,27,2026-09-27 00:00:00,2 days 00:00:00,48,19.25,-112.75,978.8,73.8
2026-09-25,EP172026,27,2026-09-27 06:00:00,2 days 06:00:00,54,20.13,-113.0,977.9,74.9
2026-09-25,EP172026,27,2026-09-27 12:00:00,2 days 12:00:00,60,21.0,-113.25,977.1,75.9
2026-09-25,EP172026,27,2026-09-27 18:00:00,2 days 18:00:00,66,22.0,-113.37,975.8,77.5
2026-09-25,EP172026,27,2026-09-28 00:00:00,3 days 00:00:00,72,23.0,-113.5,974.5,79.1
2026-09-25,WP252026,27,2026-09-25 00:00:00,0 days 00:00:00,0,20.25,130.25,1002.4,39.6
2026-09-25,WP252026,27,2026-09-25 06:00:00,0 days 06:00:00,6,20.75,129.25,999.5,44.3
2026-09-25,WP252026,27,2026-09-25 12:00:00,0 days 12:00:00,12,21.25,128.25,996.6,49.0
2026-09-25,WP252026,27,2026-09-25 18:00:00,0 days 18:00:00,18,21.75,127.88,996.4,49.3
2026-09-25,WP252026,27,2026-09-26 00:00:00,1 days 00:00:00,24,22.25,127.5,996.2,49.6
2026-09-25,WP252026,27,2026-09-26 06:00:00,1 days 06:00:00,30,23.0,127.38,993.1,54.1
2026-09-25,WP252026,27,2026-09-26 12:00:00,1 days 12:00:00,36,23.75,127.25,990.1,58.7
2026-09-25,WP252026,27,2026-09-26 18:00:00,1 days 18:00:00,42,24.13,127.5,989.9,58.9
2026-09-25,WP252026,27,2026-09-27 00:00:00,2 days 00:00:00,48,24.5,127.75,989.7,59.2
2026-09-25,WP252026,27,2026-09-27 06:00:00,2 days 06:00:00,54,25.0,128.12,988.8,60.5
2026-09-25,WP252026,27,2026-09-27 12:00:00,2 days 12:00:00,60,25.5,128.5,987.8,61.8
2026-09-25,WP252026,27,2026-09-27 18:00:00,2 days 18:00:00,66,26.25,129.25,991.1,57.1
2026-09-25,WP252026,27,2026-09-28 00:00:00,3 days 00:00:00,72,27.0,130.0,994.4,52.4
2026-09-25,WP252026,27,2026-09-28 06:00:00,3 days 06:00:00,78,27.51,131.24,993.6,53.5
2026-09-25,WP252026,27,2026-09-28 12:00:00,3 days 12:00:00,84,28.0,132.5,992.8,54.7
2026-09-25,WP252026,27,2026-09-28 18:00:00,3 days 18:00:00,90,28.01,133.75,995.3,50.9
2026-09-25,WP252026,27,2026-09-29 00:00:00,4 days 00:00:00,96,28.0,135.0,997.9,47.0
2026-09-25,WP252026,27,2026-09-29 06:00:00,4 days 06:00:00,102,28.38,135.75,997.6,47.5
2026-09-25,WP252026,27,2026-09-29 12:00:00,4 days 12:00:00,108,28.75,136.5,997.3,47.9
2026-09-25,WP252026,27,2026-09-29 18:00:00,4 days 18:00:00,114,29.5,137.24,999.4,44.6
2026-09-25,WP252026,27,2026-09-30 00:00:00,5 days 00:00:00,120,30.25,138.0,1001.5,41.2
2026-09-25,WP252026,27,2026-09-30 06:00:00,5 days 06:00:00,126,31.5,139.11,1002.9,38.8
2026-09-25,WP252026,27,2026-09-30 12:00:00,5 days 12:00:00,132,32.75,140.25,1004.3,36.4
2026-09-25,AL062026,28,2026-09-25 00:00:00,0 days 00:00:00,0,30.0,-41.75,1015.2,13.2
2026-09-25,AL062026,28,2026-09-25 06:00:00,0 days 06:00:00,6,30.0,-42.0,1015.2,13.2
2026-09-25,AL062026,28,2026-09-25 12:00:00,0 days 12:00:00,12,30.0,-42.25,1015.2,13.1
2026-09-25,AL062026,28,2026-09-25 18:00:00,0 days 18:00:00,18,30.13,-43.0,1014.7,14.5
2026-09-25,AL062026,28,2026-09-26 00:00:00,1 days 00:00:00,24,30.25,-43.75,1014.2,15.9
2026-09-25,AL062026,28,2026-09-26 06:00:00,1 days 06:00:00,30,30.13,-43.88,1014.6,14.6
2026-09-25,AL062026,28,2026-09-26 12:00:00,1 days 12:00:00,36,30.0,-44.0,1015.1,13.3
2026-09-25,AL062026,28,2026-09-26 18:00:00,1 days 18:00:00,42,29.75,-44.25,1015.2,13.2
2026-09-25,AL062026,28,2026-09-27 00:00:00,2 days 00:00:00,48,29.5,-44.5,1015.2,13.1
2026-09-25,AL062026,28,2026-09-27 06:00:00,2 days 06:00:00,54,34.44,-40.73,1011.2,22.0
2026-09-25,AL062026,28,2026-09-27 12:00:00,2 days 12:00:00,60,39.25,-36.5,1007.2,31.0
2026-09-25,EP152026,28,2026-09-25 00:00:00,0 days 00:00:00,0,14.75,-156.0,983.9,67.1
2026-09-25,EP152026,28,2026-09-25 06:00:00,0 days 06:00:00,6,15.25,-156.0,984.8,65.8
2026-09-25,EP152026,28,2026-09-25 12:00:00,0 days 12:00:00,12,15.75,-156.0,985.8,64.6
2026-09-25,EP152026,28,2026-09-25 18:00:00,0 days 18:00:00,18,16.13,-155.5,985.7,64.7
2026-09-25,EP152026,28,2026-09-26 00:00:00,1 days 00:00:00,24,16.5,-155.0,985.6,64.8
2026-09-25,EP152026,28,2026-09-26 06:00:00,1 days 06:00:00,30,16.75,-155.0,984.0,67.0
2026-09-25,EP152026,28,2026-09-26 12:00:00,1 days 12:00:00,36,17.0,-155.0,982.4,69.1
2026-09-25,EP152026,28,2026-09-26 18:00:00,1 days 18:00:00,42,17.0,-155.38,981.6,70.1
2026-09-25,EP152026,28,2026-09-27 00:00:00,2 days 00:00:00,48,17.0,-155.75,980.9,71.0
2026-09-25,EP152026,28,2026-09-27 06:00:00,2 days 06:00:00,54,17.0,-156.5,981.6,70.1
2026-09-25,EP152026,28,2026-09-27 12:00:00,2 days 12:00:00,60,17.0,-157.25,982.4,69.1
2026-09-25,EP152026,28,2026-09-27 18:00:00,2 days 18:00:00,66,16.88,-158.38,981.3,70.5
2026-09-25,EP152026,28,2026-09-28 00:00:00,3 days 00:00:00,72,16.75,-159.5,980.3,71.8
2026-09-25,EP152026,28,2026-09-28 06:00:00,3 days 06:00:00,78,16.75,-160.38,979.7,72.6
2026-09-25,EP152026,28,2026-09-28 12:00:00,3 days 12:00:00,84,16.75,-161.25,979.1,73.4
2026-09-25,EP152026,28,2026-09-28 18:00:00,3 days 18:00:00,90,17.38,-162.12,980.3,71.8
2026-09-25,EP152026,28,2026-09-29 00:00:00,4 days 00:00:00,96,18.0,-163.0,981.6,70.2
2026-09-25,EP152026,28,2026-09-29 06:00:00,4 days 06:00:00,102,18.38,-163.62,985.1,65.5
2026-09-25,EP152026,28,2026-09-29 12:00:00,4 days 12:00:00,108,18.75,-164.25,988.6,60.8
2026-09-25,EP152026,28,2026-09-29 18:00:00,4 days 18:00:00,114,19.38,-164.75,988.5,60.9
2026-09-25,EP152026,28,2026-09-30 00:00:00,5 days 00:00:00,120,20.0,-165.25,988.4,61.0
2026-09-25,EP152026,28,2026-09-30 06:00:00,5 days 06:00:00,126,20.63,-165.5,988.1,61.4
2026-09-25,EP152026,28,2026-09-30 12:00:00,5 days 12:00:00,132,21.25,-165.75,987.8,61.8
2026-09-25,EP152026,28,2026-09-30 18:00:00,5 days 18:00:00,138,21.75,-166.12,986.6,63.5
2026-09-25,EP152026,28,2026-10-01 00:00:00,6 days 00:00:00,144,22.25,-166.5,985.3,65.2
2026-09-25,EP152026,28,2026-10-01 06:00:00,6 days 06:00:00,150,22.88,-167.0,988.6,60.6
2026-09-25,EP152026,28,2026-10-01 12:00:00,6 days 12:00:00,156,23.5,-167.5,992.0,55.9
2026-09-25,EP152026,28,2026-10-01 18:00:00,6 days 18:00:00,162,23.75,-168.25,987.4,62.2
2026-09-25,EP152026,28,2026-10-02 00:00:00,7 days 00:00:00,168,24.0,-169.0,982.9,68.5
2026-09-25,EP152026,28,2026-10-02 06:00:00,7 days 06:00:00,174,23.63,-169.13,981.9,69.8
2026-09-25,EP152026,28,2026-10-02 12:00:00,7 days 12:00:00,180,23.25,-169.25,980.9,71.1
2026-09-25,EP152026,28,2026-10-02 18:00:00,7 days 18:00:00,186,22.63,-168.87,982.1,69.5
2026-09-25,EP152026,28,2026-10-03 00:00:00,8 days 00:00:00,192,22.0,-168.5,983.3,68.0
2026-09-25,EP152026,28,2026-10-03 06:00:00,8 days 06:00:00,198,22.13,-167.13,982.2,69.4
2026-09-25,EP152026,28,2026-10-03 12:00:00,8 days 12:00:00,204,22.25,-165.75,981.1,70.8
2026-09-25,EP152026,28,2026-10-03 18:00:00,8 days 18:00:00,210,23.13,-164.26,980.5,71.5
2026-09-25,EP152026,28,2026-10-04 00:00:00,9 days 00:00:00,216,24.0,-162.75,979.9,72.3
2026-09-25,EP152026,28,2026-10-04 06:00:00,9 days 06:00:00,222,26.5,-162.02,982.2,69.4
2026-09-25,EP152026,28,2026-10-04 12:00:00,9 days 12:00:00,228,29.0,-161.25,984.4,66.4
2026-09-25,EP152026,28,2026-10-04 18:00:00,9 days 18:00:00,234,30.27,-163.72,986.0,64.3
2026-09-25,EP152026,28,2026-10-05 00:00:00,10 days 00:00:00,240,31.5,-166.25,987.6,62.1
2026-09-25,EP152026,28,2026-10-05 06:00:00,10 days 06:00:00,246,31.21,-167.57,989.3,59.6
2026-09-25,EP152026,28,2026-10-05 12:00:00,10 days 12:00:00,252,30.9,-168.89,991.0,57.2
2026-09-25,EP152026,28,2026-10-05 18:00:00,10 days 18:00:00,258,30.58,-170.2,992.8,54.7
2026-09-25,EP152026,28,2026-10-06 00:00:00,11 days 00:00:00,264,30.25,-171.5,994.5,52.2
2026-09-25,EP152026,28,2026-10-06 06:00:00,11 days 06:00:00,270,29.75,-172.5,996.3,49.4
2026-09-25,EP152026,28,2026-10-06 12:00:00,11 days 12:00:00,276,29.25,-173.5,998.1,46.6
2026-09-25,EP152026,28,2026-10-06 18:00:00,11 days 18:00:00,282,28.75,-174.5,999.4,44.6
2026-09-25,EP152026,28,2026-10-07 00:00:00,12 days 00:00:00,288,28.25,-175.5,1000.6,42.7
2026-09-25,EP152026,28,2026-10-07 06:00:00,12 days 06:00:00,294,27.82,-176.57,1000.9,42.2
2026-09-25,EP152026,28,2026-10-07 12:00:00,12 days 12:00:00,300,27.39,-177.64,1001.2,41.6
2026-09-25,EP152026,28,2026-10-07 18:00:00,12 days 18:00:00,306,26.95,-178.7,1001.5,41.1
2026-09-25,EP152026,28,2026-10-08 00:00:00,13 days 00:00:00,312,26.5,-179.75,1001.8,40.6
2026-09-25,EP152026,28,2026-10-08 06:00:00,13 days 06:00:00,318,26.63,178.88,1002.8,39.0
2026-09-25,EP152026,28,2026-10-08 12:00:00,13 days 12:00:00,324,26.75,177.5,1003.7,37.5
2026-09-25,EP152026,28,2026-10-08 18:00:00,13 days 18:00:00,330,26.88,176.25,1004.4,36.3
2026-09-25,EP152026,28,2026-10-09 00:00:00,14 days 00:00:00,336,27.0,175.0,1005.0,35.0
2026-09-25,EP152026,28,2026-10-09 06:00:00,14 days 06:00:00,342,24.0,175.64,1004.2,36.5
2026-09-25,EP152026,28,2026-10-09 12:00:00,14 days 12:00:00,348,21.0,176.25,1003.3,38.0
2026-09-25,EP152026,28,2026-10-09 18:00:00,14 days 18:00:00,354,22.63,176.0,1003.5,37.8
2026-09-25,EP152026,28,2026-10-10 00:00:00,15 days 00:00:00,360,24.25,175.75,1003.6,37.7
2026-09-25,EP162026,28,2026-09-25 00:00:00,0 days 00:00:00,0,17.0,-124.75,975.5,77.9
2026-09-25,EP162026,28,2026-09-25 06:00:00,0 days 06:00:00,6,17.25,-124.25,976.4,76.7
2026-09-25,EP162026,28,2026-09-25 12:00:00,0 days 12:00:00,12,17.5,-123.75,977.4,75.6
2026-09-25,EP162026,28,2026-09-25 18:00:00,0 days 18:00:00,18,18.0,-123.63,980.9,71.0
2026-09-25,EP162026,28,2026-09-26 00:00:00,1 days 00:00:00,24,18.5,-123.5,984.3,66.5
2026-09-25,EP162026,28,2026-09-26 06:00:00,1 days 06:00:00,30,18.88,-123.75,986.7,63.3
2026-09-25,EP162026,28,2026-09-26 12:00:00,1 days 12:00:00,36,19.25,-124.0,989.1,60.0
2026-09-25,EP162026,28,2026-09-26 18:00:00,1 days 18:00:00,42,19.75,-124.25,990.7,57.8
2026-09-25,EP162026,28,2026-09-27 00:00:00,2 days 00:00:00,48,20.25,-124.5,992.2,55.5
2026-09-25,EP162026,28,2026-09-27 06:00:00,2 days 06:00:00,54,20.75,-124.38,995.1,51.2
2026-09-25,EP162026,28,2026-09-27 12:00:00,2 days 12:00:00,60,21.25,-124.25,997.9,47.0
2026-09-25,EP162026,28,2026-09-27 18:00:00,2 days 18:00:00,66,21.95,-119.27,988.4,60.3
2026-09-25,EP162026,28,2026-09-28 00:00:00,3 days 00:00:00,72,22.5,-114.25,978.9,73.6
2026-09-25,EP162026,28,2026-09-28 06:00:00,3 days 06:00:00,78,23.13,-114.25,980.2,72.0
2026-09-25,EP162026,28,2026-09-28 12:00:00,3 days 12:00:00,84,23.75,-114.25,981.4,70.4
2026-09-25,EP162026,28,2026-09-28 18:00:00,3 days 18:00:00,90,24.25,-113.75,985.3,65.1
2026-09-25,EP162026,28,2026-09-29 00:00:00,4 days 00:00:00,96,24.75,-113.25,989.3,59.7
2026-09-25,EP162026,28,2026-09-29 06:00:00,4 days 06:00:00,102,24.88,-112.88,991.0,57.2
2026-09-25,EP162026,28,2026-09-29 12:00:00,4 days 12:00:00,108,25.0,-112.5,992.8,54.7
2026-09-25,EP162026,28,2026-09-29 18:00:00,4 days 18:00:00,114,26.0,-111.51,995.7,50.3
2026-09-25,EP162026,28,2026-09-30 00:00:00,5 days 00:00:00,120,27.0,-110.5,998.6,45.8
2026-09-25,EP162026,28,2026-09-30 06:00:00,5 days 06:00:00,126,29.08,-105.96,1001.1,41.7
2026-09-25,EP162026,28,2026-09-30 12:00:00,5 days 12:00:00,132,31.0,-101.25,1003.6,37.7
2026-09-25,EP172026,28,2026-09-25 00:00:00,0 days 00:00:00,0,17.0,-106.25,960.1,96.1
2026-09-25,EP172026,28,2026-09-25 06:00:00,0 days 06:00:00,6,17.25,-107.12,965.9,89.4
2026-09-25,EP172026,28,2026-09-25 12:00:00,0 days 12:00:00,12,17.5,-108.0,971.6,82.7
2026-09-25,EP172026,28,2026-09-25 18:00:00,0 days 18:00:00,18,17.5,-108.88,976.7,76.3
2026-09-25,EP172026,28,2026-09-26 00:00:00,1 days 00:00:00,24,17.5,-109.75,981.8,69.9
2026-09-25,EP172026,28,2026-09-26 06:00:00,1 days 06:00:00,30,17.88,-110.87,978.7,73.9
2026-09-25,EP172026,28,2026-09-26 12:00:00,1 days 12:00:00,36,18.25,-112.0,975.5,77.9
2026-09-25,EP172026,28,2026-09-26 18:00:00,1 days 18:00:00,42,18.75,-112.5,975.2,78.3
2026-09-25,EP172026,28,2026-09-27 00:00:00,2 days 00:00:00,48,19.25,-113.0,974.8,78.8
2026-09-25,EP172026,28,2026-09-27 06:00:00,2 days 06:00:00,54,20.0,-113.5,974.1,79.7
2026-09-25,EP172026,28,2026-09-27 12:00:00,2 days 12:00:00,60,20.75,-114.0,973.3,80.6
2026-09-25,EP172026,28,2026-09-27 18:00:00,2 days 18:00:00,66,21.63,-114.12,976.1,77.1
2026-09-25,EP172026,28,2026-09-28 00:00:00,3 days 00:00:00,72,22.5,-114.25,978.9,73.6
2026-09-25,WP252026,28,2026-09-25 00:00:00,0 days 00:00:00,0,20.25,130.25,1002.4,39.6
2026-09-25,WP252026,28,2026-09-25 06:00:00,0 days 06:00:00,6,20.88,129.38,999.9,43.6
2026-09-25,WP252026,28,2026-09-25 12:00:00,0 days 12:00:00,12,21.5,128.5,997.4,47.7
2026-09-25,WP252026,28,2026-09-25 18:00:00,0 days 18:00:00,18,22.0,127.88,996.3,49.4
2026-09-25,WP252026,28,2026-09-26 00:00:00,1 days 00:00:00,24,22.5,127.25,995.2,51.1
2026-09-25,WP252026,28,2026-09-26 06:00:00,1 days 06:00:00,30,23.13,127.13,992.2,55.5
2026-09-25,WP252026,28,2026-09-26 12:00:00,1 days 12:00:00,36,23.75,127.0,989.2,59.8
2026-09-25,WP252026,28,2026-09-26 18:00:00,1 days 18:00:00,42,24.0,127.37,988.7,60.5
2026-09-25,WP252026,28,2026-09-27 00:00:00,2 days 00:00:00,48,24.25,127.75,988.2,61.3
2026-09-25,WP252026,28,2026-09-27 06:00:00,2 days 06:00:00,54,24.5,128.25,989.7,59.2
2026-09-25,WP252026,28,2026-09-27 12:00:00,2 days 12:00:00,60,24.75,128.75,991.1,57.1
2026-09-25,WP252026,28,2026-09-27 18:00:00,2 days 18:00:00,66,25.13,129.0,991.2,57.0
2026-09-25,WP252026,28,2026-09-28 00:00:00,3 days 00:00:00,72,25.5,129.25,991.3,56.9
2026-09-25,WP252026,28,2026-09-28 06:00:00,3 days 06:00:00,78,25.75,129.87,990.4,58.2
2026-09-25,WP252026,28,2026-09-28 12:00:00,3 days 12:00:00,84,26.0,130.5,989.4,59.5
2026-09-25,WP252026,28,2026-09-28 18:00:00,3 days 18:00:00,90,26.25,130.87,991.4,56.8
2026-09-25,WP252026,28,2026-09-29 00:00:00,4 days 00:00:00,96,26.5,131.25,993.3,54.0
2026-09-25,WP252026,28,2026-09-29 06:00:00,4 days 06:00:00,102,26.63,131.62,993.1,54.2
2026-09-25,WP252026,28,2026-09-29 12:00:00,4 days 12:00:00,108,26.75,132.0,992.9,54.5
2026-09-25,WP252026,28,2026-09-29 18:00:00,4 days 18:00:00,114,27.0,132.37,994.3,52.5
2026-09-25,WP252026,28,2026-09-30 00:00:00,5 days 00:00:00,120,27.25,132.75,995.6,50.6
2026-09-25,WP252026,28,2026-09-30 06:00:00,5 days 06:00:00,126,27.88,132.75,997.0,48.4
2026-09-25,WP252026,28,2026-09-30 12:00:00,5 days 12:00:00,132,28.5,132.75,998.4,46.2
2026-09-25,WP252026,28,2026-09-30 18:00:00,5 days 18:00:00,138,29.13,133.12,1000.7,42.4
2026-09-25,WP252026,28,2026-10-01 00:00:00,6 days 00:00:00,144,29.75,133.5,1003.0,38.6
2026-09-25,WP252026,28,2026-10-01 06:00:00,6 days 06:00:00,150,30.76,134.74,1003.1,38.5
2026-09-25,WP252026,28,2026-10-01 12:00:00,6 days 12:00:00,156,31.75,136.0,1003.1,38.4
2026-09-25,WP252026,28,2026-10-01 18:00:00,6 days 18:00:00,162,33.02,138.22,1002.0,40.3
2026-09-25,WP252026,28,2026-10-02 00:00:00,7 days 00:00:00,168,34.25,140.5,1000.9,42.1
2026-09-25,AL062026,29,2026-09-25 00:00:00,0 days 00:00:00,0,30.0,-41.75,1015.2,13.2
2026-09-25,AL062026,29,2026-09-25 06:00:00,0 days 06:00:00,6,30.0,-41.63,1014.6,14.7
2026-09-25,AL062026,29,2026-09-25 12:00:00,0 days 12:00:00,12,30.0,-41.5,1014.1,16.2
2026-09-25,AL062026,29,2026-09-25 18:00:00,0 days 18:00:00,18,29.88,-42.38,1014.2,15.9
2026-09-25,AL062026,29,2026-09-26 00:00:00,1 days 00:00:00,24,29.75,-43.25,1014.3,15.7
2026-09-25,AL062026,29,2026-09-26 06:00:00,1 days 06:00:00,30,29.38,-43.63,1014.2,15.9
2026-09-25,AL062026,29,2026-09-26 12:00:00,1 days 12:00:00,36,29.0,-44.0,1014.1,16.1
2026-09-25,AL062026,29,2026-09-26 18:00:00,1 days 18:00:00,42,28.88,-44.5,1014.5,14.9
2026-09-25,AL062026,29,2026-09-27 00:00:00,2 days 00:00:00,48,28.75,-45.0,1015.0,13.8
2026-09-25,AL062026,29,2026-09-27 06:00:00,2 days 06:00:00,54,28.63,-45.38,1014.9,14.0
2026-09-25,AL062026,29,2026-09-27 12:00:00,2 days 12:00:00,60,28.5,-45.75,1014.8,14.2
2026-09-25,EP152026,29,2026-09-25 00:00:00,0 days 00:00:00,0,14.75,-156.0,983.9,67.1
2026-09-25,EP152026,29,2026-09-25 06:00:00,0 days 06:00:00,6,15.13,-155.88,985.7,64.6
2026-09-25,EP152026,29,2026-09-25 12:00:00,0 days 12:00:00,12,15.5,-155.75,987.6,62.1
2026-09-25,EP152026,29,2026-09-25 18:00:00,0 days 18:00:00,18,16.0,-155.38,987.4,62.3
2026-09-25,EP152026,29,2026-09-26 00:00:00,1 days 00:00:00,24,16.5,-155.0,987.3,62.5
2026-09-25,EP152026,29,2026-09-26 06:00:00,1 days 06:00:00,30,16.63,-155.12,988.3,61.1
2026-09-25,EP152026,29,2026-09-26 12:00:00,1 days 12:00:00,36,16.75,-155.25,989.4,59.6
2026-09-25,EP152026,29,2026-09-26 18:00:00,1 days 18:00:00,42,16.88,-155.37,989.7,59.1
2026-09-25,EP152026,29,2026-09-27 00:00:00,2 days 00:00:00,48,17.0,-155.5,990.1,58.6
2026-09-25,EP152026,29,2026-09-27 06:00:00,2 days 06:00:00,54,16.75,-156.0,988.0,61.5
2026-09-25,EP152026,29,2026-09-27 12:00:00,2 days 12:00:00,60,16.5,-156.5,985.8,64.5
2026-09-25,EP152026,29,2026-09-27 18:00:00,2 days 18:00:00,66,16.5,-157.5,985.1,65.5
2026-09-25,EP152026,29,2026-09-28 00:00:00,3 days 00:00:00,72,16.5,-158.5,984.3,66.5
2026-09-25,EP152026,29,2026-09-28 06:00:00,3 days 06:00:00,78,16.5,-159.5,983.7,67.3
2026-09-25,EP152026,29,2026-09-28 12:00:00,3 days 12:00:00,84,16.5,-160.5,983.1,68.2
2026-09-25,EP152026,29,2026-09-28 18:00:00,3 days 18:00:00,90,17.0,-161.12,982.6,68.9
2026-09-25,EP152026,29,2026-09-29 00:00:00,4 days 00:00:00,96,17.5,-161.75,982.0,69.6
2026-09-25,EP152026,29,2026-09-29 06:00:00,4 days 06:00:00,102,18.0,-162.25,984.7,66.1
2026-09-25,EP152026,29,2026-09-29 12:00:00,4 days 12:00:00,108,18.5,-162.75,987.3,62.5
2026-09-25,EP152026,29,2026-09-29 18:00:00,4 days 18:00:00,114,19.5,-162.87,987.4,62.3
2026-09-25,EP152026,29,2026-09-30 00:00:00,5 days 00:00:00,120,20.5,-163.0,987.6,62.1
2026-09-25,EP152026,29,2026-09-30 06:00:00,5 days 06:00:00,126,21.75,-162.88,989.9,58.9
2026-09-25,EP152026,29,2026-09-30 12:00:00,5 days 12:00:00,132,23.0,-162.75,992.2,55.6
2026-09-25,EP152026,29,2026-09-30 18:00:00,5 days 18:00:00,138,23.88,-163.0,992.8,54.7
2026-09-25,EP152026,29,2026-10-01 00:00:00,6 days 00:00:00,144,24.75,-163.25,993.4,53.9
2026-09-25,EP152026,29,2026-10-01 06:00:00,6 days 06:00:00,150,26.13,-164.49,990.7,57.6
2026-09-25,EP152026,29,2026-10-01 12:00:00,6 days 12:00:00,156,27.5,-165.75,988.1,61.4
2026-09-25,EP152026,29,2026-10-01 18:00:00,6 days 18:00:00,162,28.01,-166.99,988.1,61.4
2026-09-25,EP152026,29,2026-10-02 00:00:00,7 days 00:00:00,168,28.5,-168.25,988.2,61.3
2026-09-25,EP152026,29,2026-10-02 06:00:00,7 days 06:00:00,174,28.38,-168.0,988.4,60.9
2026-09-25,EP152026,29,2026-10-02 12:00:00,7 days 12:00:00,180,28.25,-167.75,988.7,60.6
2026-09-25,EP152026,29,2026-10-02 18:00:00,7 days 18:00:00,186,28.38,-166.88,989.4,59.6
2026-09-25,EP152026,29,2026-10-03 00:00:00,8 days 00:00:00,192,28.5,-166.0,990.0,58.7
2026-09-25,EP152026,29,2026-10-03 06:00:00,8 days 06:00:00,198,28.38,-166.13,990.3,58.3
2026-09-25,EP152026,29,2026-10-03 12:00:00,8 days 12:00:00,204,28.25,-166.25,990.6,57.9
2026-09-25,EP152026,29,2026-10-03 18:00:00,8 days 18:00:00,210,27.88,-167.5,991.6,56.4
2026-09-25,EP152026,29,2026-10-04 00:00:00,9 days 00:00:00,216,27.5,-168.75,992.6,55.0
2026-09-25,EP152026,29,2026-10-04 06:00:00,9 days 06:00:00,222,26.89,-170.51,993.5,53.6
2026-09-25,EP152026,29,2026-10-04 12:00:00,9 days 12:00:00,228,26.25,-172.25,994.4,52.3
2026-09-25,EP152026,29,2026-10-04 18:00:00,9 days 18:00:00,234,26.27,-174.38,994.0,52.9
2026-09-25,EP152026,29,2026-10-05 00:00:00,10 days 00:00:00,240,26.25,-176.5,993.6,53.5
2026-09-25,EP152026,29,2026-10-05 06:00:00,10 days 06:00:00,246,26.27,-178.62,993.7,53.3
2026-09-25,EP152026,29,2026-10-05 12:00:00,10 days 12:00:00,252,26.25,179.25,993.9,53.1
2026-09-25,EP152026,29,2026-10-05 18:00:00,10 days 18:00:00,258,25.88,177.87,996.3,49.4
2026-09-25,EP152026,29,2026-10-06 00:00:00,11 days 00:00:00,264,25.5,176.5,998.7,45.7
2026-09-25,EP152026,29,2026-10-06 06:00:00,11 days 06:00:00,270,25.26,174.87,999.7,44.0
2026-09-25,EP152026,29,2026-10-06 12:00:00,11 days 12:00:00,276,25.0,173.25,1000.8,42.4
2026-09-25,EP152026,29,2026-10-06 18:00:00,11 days 18:00:00,282,25.26,171.75,999.5,44.5
2026-09-25,EP152026,29,2026-10-07 00:00:00,12 days 00:00:00,288,25.5,170.25,998.2,46.6
2026-09-25,EP152026,29,2026-10-07 06:00:00,12 days 06:00:00,294,26.26,168.64,996.9,48.6
2026-09-25,EP152026,29,2026-10-07 12:00:00,12 days 12:00:00,300,27.0,167.0,995.6,50.6
2026-09-25,EP152026,29,2026-10-07 18:00:00,12 days 18:00:00,306,28.0,166.13,992.2,55.5
2026-09-25,EP152026,29,2026-10-08 00:00:00,13 days 00:00:00,312,29.0,165.25,988.8,60.4
2026-09-25,EP152026,29,2026-10-08 06:00:00,13 days 06:00:00,318,29.63,165.25,989.3,59.7
2026-09-25,EP152026,29,2026-10-08 12:00:00,13 days 12:00:00,324,30.25,165.25,989.8,59.0
2026-09-25,EP152026,29,2026-10-08 18:00:00,13 days 18:00:00,330,30.88,165.75,988.8,60.4
2026-09-25,EP152026,29,2026-10-09 00:00:00,14 days 00:00:00,336,31.5,166.25,987.8,61.8
2026-09-25,EP152026,29,2026-10-09 06:00:00,14 days 06:00:00,342,32.13,166.99,984.5,66.2
2026-09-25,EP152026,29,2026-10-09 12:00:00,14 days 12:00:00,348,32.75,167.75,981.2,70.7
2026-09-25,EP152026,29,2026-10-09 18:00:00,14 days 18:00:00,354,33.76,169.23,981.6,70.1
2026-09-25,EP152026,29,2026-10-10 00:00:00,15 days 00:00:00,360,34.75,170.75,982.1,69.5
2026-09-25,EP162026,29,2026-09-25 00:00:00,0 days 00:00:00,0,17.0,-124.75,975.5,77.9
2026-09-25,EP162026,29,2026-09-25 06:00:00,0 days 06:00:00,6,17.25,-124.25,975.3,78.2
2026-09-25,EP162026,29,2026-09-25 12:00:00,0 days 12:00:00,12,17.5,-123.75,975.1,78.4
2026-09-25,EP162026,29,2026-09-25 18:00:00,0 days 18:00:00,18,17.88,-123.63,978.2,74.4
2026-09-25,EP162026,29,2026-09-26 00:00:00,1 days 00:00:00,24,18.25,-123.5,981.4,70.4
2026-09-25,EP162026,29,2026-09-26 06:00:00,1 days 06:00:00,30,18.63,-123.38,981.4,70.4
2026-09-25,EP162026,29,2026-09-26 12:00:00,1 days 12:00:00,36,19.0,-123.25,981.4,70.4
2026-09-25,EP162026,29,2026-09-26 18:00:00,1 days 18:00:00,42,19.5,-123.25,987.1,62.6
2026-09-25,EP162026,29,2026-09-27 00:00:00,2 days 00:00:00,48,20.0,-123.25,992.7,54.8
2026-09-25,EP162026,29,2026-09-27 06:00:00,2 days 06:00:00,54,20.38,-123.0,994.4,52.3
2026-09-25,EP162026,29,2026-09-27 12:00:00,2 days 12:00:00,60,20.75,-122.75,996.1,49.8
2026-09-25,EP162026,29,2026-09-27 18:00:00,2 days 18:00:00,66,22.7,-118.06,985.3,64.5
2026-09-25,EP162026,29,2026-09-28 00:00:00,3 days 00:00:00,72,24.5,-113.25,974.5,79.1
2026-09-25,EP162026,29,2026-09-28 06:00:00,3 days 06:00:00,78,25.5,-113.0,977.0,76.0
2026-09-25,EP162026,29,2026-09-28 12:00:00,3 days 12:00:00,84,26.5,-112.75,979.5,72.9
2026-09-25,EP162026,29,2026-09-28 18:00:00,3 days 18:00:00,90,27.75,-112.13,984.3,66.4
2026-09-25,EP162026,29,2026-09-29 00:00:00,4 days 00:00:00,96,29.0,-111.5,989.1,60.0
2026-09-25,EP162026,29,2026-09-29 06:00:00,4 days 06:00:00,102,30.68,-109.43,992.2,55.4
2026-09-25,EP162026,29,2026-09-29 12:00:00,4 days 12:00:00,108,32.33,-107.28,995.2,50.7
2026-09-25,EP162026,29,2026-09-29 18:00:00,4 days 18:00:00,114,33.94,-105.05,998.3,46.1
2026-09-25,EP162026,29,2026-09-30 00:00:00,5 days 00:00:00,120,35.5,-102.75,1001.3,41.4
2026-09-25,EP162026,29,2026-09-30 06:00:00,5 days 06:00:00,126,38.05,-99.37,998.3,46.2
2026-09-25,EP162026,29,2026-09-30 12:00:00,5 days 12:00:00,132,40.5,-95.75,995.4,50.9
2026-09-25,EP162026,29,2026-09-30 18:00:00,5 days 18:00:00,138,41.68,-92.79,995.7,50.4
2026-09-25,EP162026,29,2026-10-01 00:00:00,6 days 00:00:00,144,42.8,-89.71,996.0,49.9
2026-09-25,EP162026,29,2026-10-01 06:00:00,6 days 06:00:00,150,43.82,-86.53,996.3,49.4
2026-09-25,EP162026,29,2026-10-01 12:00:00,6 days 12:00:00,156,44.75,-83.25,996.6,49.0
2026-09-25,EP172026,29,2026-09-25 00:00:00,0 days 00:00:00,0,17.0,-106.25,960.1,96.1
2026-09-25,EP172026,29,2026-09-25 06:00:00,0 days 06:00:00,6,17.13,-107.12,965.4,90.0
2026-09-25,EP172026,29,2026-09-25 12:00:00,0 days 12:00:00,12,17.25,-108.0,970.6,83.8
2026-09-25,EP172026,29,2026-09-25 18:00:00,0 days 18:00:00,18,17.38,-109.0,970.1,84.5
2026-09-25,EP172026,29,2026-09-26 00:00:00,1 days 00:00:00,24,17.5,-110.0,969.6,85.1
2026-09-25,EP172026,29,2026-09-26 06:00:00,1 days 06:00:00,30,17.88,-110.62,970.9,83.5
2026-09-25,EP172026,29,2026-09-26 12:00:00,1 days 12:00:00,36,18.25,-111.25,972.2,82.0
2026-09-25,EP172026,29,2026-09-26 18:00:00,1 days 18:00:00,42,19.13,-112.0,970.2,84.4
2026-09-25,EP172026,29,2026-09-27 00:00:00,2 days 00:00:00,48,20.0,-112.75,968.2,86.8
2026-09-25,EP172026,29,2026-09-27 06:00:00,2 days 06:00:00,54,21.0,-113.0,969.1,85.7
2026-09-25,EP172026,29,2026-09-27 12:00:00,2 days 12:00:00,60,22.0,-113.25,969.9,84.7
2026-09-25,EP172026,29,2026-09-27 18:00:00,2 days 18:00:00,66,23.25,-113.25,972.2,81.9
2026-09-25,EP172026,29,2026-09-28 00:00:00,3 days 00:00:00,72,24.5,-113.25,974.5,79.1
2026-09-25,WP252026,29,2026-09-25 00:00:00,0 days 00:00:00,0,20.25,130.25,1002.4,39.6
2026-09-25,WP252026,29,2026-09-25 06:00:00,0 days 06:00:00,6,20.88,129.38,1000.5,42.7
2026-09-25,WP252026,29,2026-09-25 12:00:00,0 days 12:00:00,12,21.5,128.5,998.6,45.9
2026-09-25,WP252026,29,2026-09-25 18:00:00,0 days 18:00:00,18,21.88,127.88,996.8,48.7
2026-09-25,WP252026,29,2026-09-26 00:00:00,1 days 00:00:00,24,22.25,127.25,994.9,51.5
2026-09-25,WP252026,29,2026-09-26 06:00:00,1 days 06:00:00,30,22.62,127.25,990.1,58.4
2026-09-25,WP252026,29,2026-09-26 12:00:00,1 days 12:00:00,36,23.0,127.25,985.3,65.2
2026-09-25,WP252026,29,2026-09-26 18:00:00,1 days 18:00:00,42,23.63,127.62,980.4,71.6
2026-09-25,WP252026,29,2026-09-27 00:00:00,2 days 00:00:00,48,24.25,128.0,975.5,77.9
2026-09-25,WP252026,29,2026-09-27 06:00:00,2 days 06:00:00,54,24.75,128.5,978.0,74.7
2026-09-25,WP252026,29,2026-09-27 12:00:00,2 days 12:00:00,60,25.25,129.0,980.5,71.5
2026-09-25,WP252026,29,2026-09-27 18:00:00,2 days 18:00:00,66,26.0,129.5,984.6,66.0
2026-09-25,WP252026,29,2026-09-28 00:00:00,3 days 00:00:00,72,26.75,130.0,988.8,60.4
2026-09-25,WP252026,29,2026-09-28 06:00:00,3 days 06:00:00,78,27.0,131.0,989.3,59.8
2026-09-25,WP252026,29,2026-09-28 12:00:00,3 days 12:00:00,84,27.25,132.0,989.7,59.1
2026-09-25,WP252026,29,2026-09-28 18:00:00,3 days 18:00:00,90,27.88,132.75,993.4,53.7
2026-09-25,WP252026,29,2026-09-29 00:00:00,4 days 00:00:00,96,28.5,133.5,997.1,48.3
2026-09-25,WP252026,29,2026-09-29 06:00:00,4 days 06:00:00,102,29.26,134.99,998.2,46.4
2026-09-25,WP252026,29,2026-09-29 12:00:00,4 days 12:00:00,108,30.0,136.5,999.4,44.6
2026-09-25,WP252026,29,2026-09-29 18:00:00,4 days 18:00:00,114,30.76,137.86,1000.6,42.7
2026-09-25,WP252026,29,2026-09-30 00:00:00,5 days 00:00:00,120,31.5,139.25,1001.7,40.8
2026-09-25,WP252026,29,2026-09-30 06:00:00,5 days 06:00:00,126,32.64,140.85,1003.0,38.6
2026-09-25,WP252026,29,2026-09-30 12:00:00,5 days 12:00:00,132,33.75,142.5,1004.3,36.4
2026-09-25,AL062026,3,2026-09-25 00:00:00,0 days 00:00:00,0,30.0,-41.75,1015.2,13.2
2026-09-25,AL062026,3,2026-09-25 06:00:00,0 days 06:00:00,6,30.13,-42.12,1015.5,12.4
2026-09-25,AL062026,3,2026-09-25 12:00:00,0 days 12:00:00,12,30.25,-42.5,1015.7,11.5
2026-09-25,AL062026,3,2026-09-25 18:00:00,0 days 18:00:00,18,30.0,-42.88,1015.2,13.0
2026-09-25,AL062026,3,2026-09-26 00:00:00,1 days 00:00:00,24,29.75,-43.25,1014.7,14.4
2026-09-25,AL062026,3,2026-09-26 06:00:00,1 days 06:00:00,30,29.75,-43.75,1014.9,14.0
2026-09-25,AL062026,3,2026-09-26 12:00:00,1 days 12:00:00,36,29.75,-44.25,1015.0,13.7
2026-09-25,AL062026,3,2026-09-26 18:00:00,1 days 18:00:00,42,35.25,-44.02,1011.1,22.4
2026-09-25,AL062026,3,2026-09-27 00:00:00,2 days 00:00:00,48,40.75,-43.75,1007.1,31.2
2026-09-25,AL062026,3,2026-09-27 06:00:00,2 days 06:00:00,54,40.15,-41.23,1006.1,33.1
2026-09-25,AL062026,3,2026-09-27 12:00:00,2 days 12:00:00,60,39.5,-38.75,1005.0,35.1
2026-09-25,EP152026,3,2026-09-25 00:00:00,0 days 00:00:00,0,14.75,-156.0,983.9,67.1
2026-09-25,EP152026,3,2026-09-25 06:00:00,0 days 06:00:00,6,15.25,-155.88,981.4,70.4
2026-09-25,EP152026,3,2026-09-25 12:00:00,0 days 12:00:00,12,15.75,-155.75,978.8,73.7
2026-09-25,EP152026,3,2026-09-25 18:00:00,0 days 18:00:00,18,16.13,-155.38,980.1,72.1
2026-09-25,EP152026,3,2026-09-26 00:00:00,1 days 00:00:00,24,16.5,-155.0,981.4,70.5
2026-09-25,EP152026,3,2026-09-26 06:00:00,1 days 06:00:00,30,16.75,-155.12,981.6,70.1
2026-09-25,EP152026,3,2026-09-26 12:00:00,1 days 12:00:00,36,17.0,-155.25,981.9,69.7
2026-09-25,EP152026,3,2026-09-26 18:00:00,1 days 18:00:00,42,17.13,-155.62,983.9,67.1
2026-09-25,EP152026,3,2026-09-27 00:00:00,2 days 00:00:00,48,17.25,-156.0,985.9,64.5
2026-09-25,EP152026,3,2026-09-27 06:00:00,2 days 06:00:00,54,17.38,-156.87,985.1,65.5
2026-09-25,EP152026,3,2026-09-27 12:00:00,2 days 12:00:00,60,17.5,-157.75,984.3,66.6
2026-09-25,EP152026,3,2026-09-27 18:00:00,2 days 18:00:00,66,17.25,-159.0,983.4,67.8
2026-09-25,EP152026,3,2026-09-28 00:00:00,3 days 00:00:00,72,17.0,-160.25,982.5,68.9
2026-09-25,EP152026,3,2026-09-28 06:00:00,3 days 06:00:00,78,17.25,-161.37,982.5,69.0
2026-09-25,EP152026,3,2026-09-28 12:00:00,3 days 12:00:00,84,17.5,-162.5,982.5,69.0
2026-09-25,EP152026,3,2026-09-28 18:00:00,3 days 18:00:00,90,18.0,-163.37,980.7,71.3
2026-09-25,EP152026,3,2026-09-29 00:00:00,4 days 00:00:00,96,18.5,-164.25,979.0,73.6
2026-09-25,EP152026,3,2026-09-29 06:00:00,4 days 06:00:00,102,19.38,-164.75,978.6,74.0
2026-09-25,EP152026,3,2026-09-29 12:00:00,4 days 12:00:00,108,20.25,-165.25,978.2,74.5
2026-09-25,EP152026,3,2026-09-29 18:00:00,4 days 18:00:00,114,21.13,-165.5,976.2,77.0
2026-09-25,EP152026,3,2026-09-30 00:00:00,5 days 00:00:00,120,22.0,-165.75,974.1,79.6
2026-09-25,EP152026,3,2026-09-30 06:00:00,5 days 06:00:00,126,22.63,-166.0,978.7,73.8
2026-09-25,EP152026,3,2026-09-30 12:00:00,5 days 12:00:00,132,23.25,-166.25,983.2,68.0
2026-09-25,EP152026,3,2026-09-30 18:00:00,5 days 18:00:00,138,23.38,-166.37,982.9,68.4
2026-09-25,EP152026,3,2026-10-01 00:00:00,6 days 00:00:00,144,23.5,-166.5,982.6,68.9
2026-09-25,EP152026,3,2026-10-01 06:00:00,6 days 06:00:00,150,24.25,-166.75,984.5,66.2
2026-09-25,EP152026,3,2026-10-01 12:00:00,6 days 12:00:00,156,25.0,-167.0,986.5,63.6
2026-09-25,EP152026,3,2026-10-01 18:00:00,6 days 18:00:00,162,25.25,-167.87,988.9,60.3
2026-09-25,EP152026,3,2026-10-02 00:00:00,7 days 00:00:00,168,25.5,-168.75,991.3,56.9
2026-09-25,EP152026,3,2026-10-02 06:00:00,7 days 06:00:00,174,25.25,-169.38,991.3,56.8
2026-09-25,EP152026,3,2026-10-02 12:00:00,7 days 12:00:00,180,25.0,-170.0,991.4,56.7
2026-09-25,EP152026,3,2026-10-02 18:00:00,7 days 18:00:00,186,24.38,-170.88,991.8,56.2
2026-09-25,EP152026,3,2026-10-03 00:00:00,8 days 00:00:00,192,23.75,-171.75,992.2,55.6
2026-09-25,EP152026,3,2026-10-03 06:00:00,8 days 06:00:00,198,23.13,-173.38,991.8,56.1
2026-09-25,EP152026,3,2026-10-03 12:00:00,8 days 12:00:00,204,22.5,-175.0,991.5,56.7
2026-09-25,EP152026,3,2026-10-03 18:00:00,8 days 18:00:00,210,22.01,-176.51,987.6,62.0
2026-09-25,EP152026,3,2026-10-04 00:00:00,9 days 00:00:00,216,21.5,-178.0,983.7,67.4
2026-09-25,EP152026,3,2026-10-04 06:00:00,9 days 06:00:00,222,21.38,-179.63,983.5,67.6
2026-09-25,EP152026,3,2026-10-04 12:00:00,9 days 12:00:00,228,21.25,178.75,983.3,67.9
2026-09-25,EP152026,3,2026-10-04 18:00:00,9 days 18:00:00,234,21.76,176.88,979.7,72.6
2026-09-25,EP152026,3,2026-10-05 00:00:00,10 days 00:00:00,240,22.25,175.0,976.0,77.3
2026-09-25,EP152026,3,2026-10-05 06:00:00,10 days 06:00:00,246,23.14,173.14,977.8,75.0
2026-09-25,EP152026,3,2026-10-05 12:00:00,10 days 12:00:00,252,24.0,171.25,979.6,72.8
2026-09-25,EP152026,3,2026-10-05 18:00:00,10 days 18:00:00,258,25.14,169.27,980.0,72.3
2026-09-25,EP152026,3,2026-10-06 00:00:00,11 days 00:00:00,264,26.25,167.25,980.4,71.7
2026-09-25,EP152026,3,2026-10-06 06:00:00,11 days 06:00:00,270,27.13,165.64,982.2,69.3
2026-09-25,EP152026,3,2026-10-06 12:00:00,11 days 12:00:00,276,28.0,164.0,984.0,66.9
2026-09-25,EP152026,3,2026-10-06 18:00:00,11 days 18:00:00,282,29.38,163.51,984.5,66.3
2026-09-25,EP152026,3,2026-10-07 00:00:00,12 days 00:00:00,288,30.75,163.0,985.0,65.6
2026-09-25,EP152026,3,2026-10-07 06:00:00,12 days 06:00:00,294,32.13,163.12,983.8,67.2
2026-09-25,EP152026,3,2026-10-07 12:00:00,12 days 12:00:00,300,33.5,163.25,982.6,68.9
2026-09-25,EP162026,3,2026-09-25 00:00:00,0 days 00:00:00,0,17.0,-124.75,975.5,77.9
2026-09-25,EP162026,3,2026-09-25 06:00:00,0 days 06:00:00,6,17.25,-124.25,975.2,78.3
2026-09-25,EP162026,3,2026-09-25 12:00:00,0 days 12:00:00,12,17.5,-123.75,974.9,78.6
2026-09-25,EP162026,3,2026-09-25 18:00:00,0 days 18:00:00,18,17.75,-123.75,978.1,74.6
2026-09-25,EP162026,3,2026-09-26 00:00:00,1 days 00:00:00,24,18.0,-123.75,981.3,70.5
2026-09-25,EP162026,3,2026-09-26 06:00:00,1 days 06:00:00,30,18.5,-124.0,983.8,67.2
2026-09-25,EP162026,3,2026-09-26 12:00:00,1 days 12:00:00,36,19.0,-124.25,986.2,64.0
2026-09-25,EP162026,3,2026-09-26 18:00:00,1 days 18:00:00,42,19.0,-124.25,990.0,58.7
2026-09-25,EP162026,3,2026-09-27 00:00:00,2 days 00:00:00,48,19.0,-124.25,993.7,53.4
2026-09-25,EP162026,3,2026-09-27 06:00:00,2 days 06:00:00,54,19.63,-123.88,996.2,49.5
2026-09-25,EP162026,3,2026-09-27 12:00:00,2 days 12:00:00,60,20.25,-123.5,998.7,45.7
2026-09-25,EP162026,3,2026-09-27 18:00:00,2 days 18:00:00,66,21.82,-118.68,988.3,60.4
2026-09-25,EP162026,3,2026-09-28 00:00:00,3 days 00:00:00,72,23.25,-113.75,977.8,75.1
2026-09-25,EP162026,3,2026-09-28 06:00:00,3 days 06:00:00,78,24.25,-113.5,978.1,74.7
2026-09-25,EP162026,3,2026-09-28 12:00:00,3 days 12:00:00,84,25.25,-113.25,978.4,74.2
2026-09-25,EP162026,3,2026-09-28 18:00:00,3 days 18:00:00,90,26.25,-112.63,985.4,64.8
2026-09-25,EP162026,3,2026-09-29 00:00:00,4 days 00:00:00,96,27.25,-112.0,992.3,55.4
2026-09-25,EP172026,3,2026-09-25 00:00:00,0 days 00:00:00,0,17.0,-106.25,960.1,96.1
2026-09-25,EP172026,3,2026-09-25 06:00:00,0 days 06:00:00,6,17.13,-107.25,969.9,84.4
2026-09-25,EP172026,3,2026-09-25 12:00:00,0 days 12:00:00,12,17.25,-108.25,979.6,72.8
2026-09-25,EP172026,3,2026-09-25 18:00:00,0 days 18:00:00,18,17.5,-109.12,977.7,75.2
2026-09-25,EP172026,3,2026-09-26 00:00:00,1 days 00:00:00,24,17.75,-110.0,975.8,77.6
2026-09-25,EP172026,3,2026-09-26 06:00:00,1 days 06:00:00,30,17.88,-110.62,976.7,76.4
2026-09-25,EP172026,3,2026-09-26 12:00:00,1 days 12:00:00,36,18.0,-111.25,977.6,75.2
2026-09-25,EP172026,3,2026-09-26 18:00:00,1 days 18:00:00,42,18.63,-112.12,973.1,80.7
2026-09-25,EP172026,3,2026-09-27 00:00:00,2 days 00:00:00,48,19.25,-113.0,968.6,86.3
2026-09-25,EP172026,3,2026-09-27 06:00:00,2 days 06:00:00,54,20.25,-113.25,969.3,85.4
2026-09-25,EP172026,3,2026-09-27 12:00:00,2 days 12:00:00,60,21.25,-113.5,970.1,84.5
2026-09-25,EP172026,3,2026-09-27 18:00:00,2 days 18:00:00,66,22.25,-113.62,973.9,79.8
2026-09-25,EP172026,3,2026-09-28 00:00:00,3 days 00:00:00,72,23.25,-113.75,977.8,75.1
2026-09-25,WP252026,3,2026-09-25 00:00:00,0 days 00:00:00,0,20.25,130.25,1002.4,39.6
2026-09-25,WP252026,3,2026-09-25 06:00:00,0 days 06:00:00,6,20.75,129.25,1000.3,43.0
2026-09-25,WP252026,3,2026-09-25 12:00:00,0 days 12:00:00,12,21.25,128.25,998.2,46.4
2026-09-25,WP252026,3,2026-09-25 18:00:00,0 days 18:00:00,18,21.75,127.75,997.9,47.0
2026-09-25,WP252026,3,2026-09-26 00:00:00,1 days 00:00:00,24,22.25,127.25,997.5,47.6
2026-09-25,WP252026,3,2026-09-26 06:00:00,1 days 06:00:00,30,22.63,127.13,997.4,47.7
2026-09-25,WP252026,3,2026-09-26 12:00:00,1 days 12:00:00,36,23.0,127.0,997.4,47.8
2026-09-25,WP252026,3,2026-09-26 18:00:00,1 days 18:00:00,42,23.38,127.25,994.8,51.7
2026-09-25,WP252026,3,2026-09-27 00:00:00,2 days 00:00:00,48,23.75,127.5,992.2,55.5
2026-09-25,WP252026,3,2026-09-27 06:00:00,2 days 06:00:00,54,24.13,128.0,991.8,56.1
2026-09-25,WP252026,3,2026-09-27 12:00:00,2 days 12:00:00,60,24.5,128.5,991.4,56.8
2026-09-25,WP252026,3,2026-09-27 18:00:00,2 days 18:00:00,66,24.88,128.75,993.0,54.5
2026-09-25,WP252026,3,2026-09-28 00:00:00,3 days 00:00:00,72,25.25,129.0,994.5,52.2
2026-09-25,WP252026,3,2026-09-28 06:00:00,3 days 06:00:00,78,25.63,129.62,995.4,50.9
2026-09-25,WP252026,3,2026-09-28 12:00:00,3 days 12:00:00,84,26.0,130.25,996.2,49.6
2026-09-25,WP252026,3,2026-09-28 18:00:00,3 days 18:00:00,90,26.38,130.75,996.1,49.8
2026-09-25,WP252026,3,2026-09-29 00:00:00,4 days 00:00:00,96,26.75,131.25,995.9,50.0
2026-09-25,WP252026,3,2026-09-29 06:00:00,4 days 06:00:00,102,27.38,131.75,998.2,46.4
2026-09-25,WP252026,3,2026-09-29 12:00:00,4 days 12:00:00,108,28.0,132.25,1000.5,42.8
2026-09-25,WP252026,3,2026-09-29 18:00:00,4 days 18:00:00,114,28.5,132.62,1001.6,41.0
2026-09-25,WP252026,3,2026-09-30 00:00:00,5 days 00:00:00,120,29.0,133.0,1002.7,39.2
2026-09-25,WP252026,3,2026-09-30 06:00:00,5 days 06:00:00,126,29.13,133.25,1002.8,39.0
2026-09-25,WP252026,3,2026-09-30 12:00:00,5 days 12:00:00,132,29.25,133.5,1002.9,38.9
2026-09-25,WP252026,3,2026-09-30 18:00:00,5 days 18:00:00,138,30.0,134.0,1004.0,36.8
2026-09-25,WP252026,3,2026-10-01 00:00:00,6 days 00:00:00,144,30.75,134.5,1005.2,34.7
2026-09-25,WP252026,3,2026-10-01 06:00:00,6 days 06:00:00,150,31.13,134.87,1006.9,31.6
2026-09-25,WP252026,3,2026-10-01 12:00:00,6 days 12:00:00,156,31.5,135.25,1008.5,28.5
2026-09-25,WP252026,3,2026-10-01 18:00:00,6 days 18:00:00,162,29.15,136.71,999.0,42.4
2026-09-25,WP252026,3,2026-10-02 00:00:00,7 days 00:00:00,168,26.78,138.12,989.4,56.3
2026-09-25,WP252026,3,2026-10-02 06:00:00,7 days 06:00:00,174,24.39,139.46,979.9,70.2
2026-09-25,WP252026,3,2026-10-02 12:00:00,7 days 12:00:00,180,22.0,140.75,970.4,84.1
2026-09-25,WP252026,3,2026-10-02 18:00:00,7 days 18:00:00,186,22.75,140.75,969.4,85.4
2026-09-25,WP252026,3,2026-10-03 00:00:00,8 days 00:00:00,192,23.5,140.75,968.3,86.6
2026-09-25,WP252026,3,2026-10-03 06:00:00,8 days 06:00:00,198,24.5,140.75,962.6,93.2
2026-09-25,WP252026,3,2026-10-03 12:00:00,8 days 12:00:00,204,25.5,140.75,956.8,99.8
2026-09-25,WP252026,3,2026-10-03 18:00:00,8 days 18:00:00,210,26.88,141.74,955.3,101.5
2026-09-25,WP252026,3,2026-10-04 00:00:00,9 days 00:00:00,216,28.25,142.75,953.7,103.2
2026-09-25,WP252026,3,2026-10-04 06:00:00,9 days 06:00:00,222,30.13,143.85,956.5,100.1
2026-09-25,WP252026,3,2026-10-04 12:00:00,9 days 12:00:00,228,32.0,145.0,959.2,97.1
2026-09-25,WP252026,3,2026-10-04 18:00:00,9 days 18:00:00,234,33.13,145.49,964.4,91.1
2026-09-25,WP252026,3,2026-10-05 00:00:00,10 days 00:00:00,240,34.25,146.0,969.6,85.1
2026-09-25,WP252026,3,2026-10-05 06:00:00,10 days 06:00:00,246,34.76,147.37,974.7,78.8
2026-09-25,WP252026,3,2026-10-05 12:00:00,10 days 12:00:00,252,35.25,148.75,979.8,72.5
2026-09-25,WP252026,3,2026-10-05 18:00:00,10 days 18:00:00,258,36.26,149.98,982.0,69.6
2026-09-25,WP252026,3,2026-10-06 00:00:00,11 days 00:00:00,264,37.25,151.25,984.3,66.6
2026-09-25,WP252026,3,2026-10-06 06:00:00,11 days 06:00:00,270,39.02,153.2,985.0,65.6
2026-09-25,WP252026,3,2026-10-06 12:00:00,11 days 12:00:00,276,40.75,155.25,985.8,64.5
2026-09-25,WP252026,3,2026-10-06 18:00:00,11 days 18:00:00,282,42.77,157.19,983.5,67.6
2026-09-25,WP252026,3,2026-10-07 00:00:00,12 days 00:00:00,288,44.75,159.25,981.3,70.6
2026-09-25,WP252026,3,2026-10-07 06:00:00,12 days 06:00:00,294,39.14,161.41,981.9,69.7
2026-09-25,WP252026,3,2026-10-07 12:00:00,12 days 12:00:00,300,33.5,163.25,982.6,68.9
2026-09-25,WP252026,3,2026-10-07 18:00:00,12 days 18:00:00,306,35.16,166.19,985.6,64.7
2026-09-25,WP252026,3,2026-10-08 00:00:00,13 days 00:00:00,312,36.75,169.25,988.7,60.6
2026-09-25,WP252026,3,2026-10-08 06:00:00,13 days 06:00:00,318,37.65,171.72,990.2,58.4
2026-09-25,WP252026,3,2026-10-08 12:00:00,13 days 12:00:00,324,38.5,174.25,991.8,56.2
2026-09-25,WP252026,3,2026-10-08 18:00:00,13 days 18:00:00,330,40.62,179.34,993.8,53.2
2026-09-25,WP252026,3,2026-10-09 00:00:00,14 days 00:00:00,336,42.5,-175.25,995.9,50.1
2026-09-25,AL062026,30,2026-09-25 00:00:00,0 days 00:00:00,0,30.0,-41.75,1015.2,13.2
2026-09-25,AL062026,30,2026-09-25 06:00:00,0 days 06:00:00,6,29.88,-42.25,1015.0,13.6
2026-09-25,AL062026,30,2026-09-25 12:00:00,0 days 12:00:00,12,29.75,-42.75,1014.9,13.9
2026-09-25,AL062026,30,2026-09-25 18:00:00,0 days 18:00:00,18,30.0,-43.37,1014.6,14.7
2026-09-25,AL062026,30,2026-09-26 00:00:00,1 days 00:00:00,24,30.25,-44.0,1014.3,15.5
2026-09-25,AL062026,30,2026-09-26 06:00:00,1 days 06:00:00,30,32.87,-43.77,1012.4,19.7
2026-09-25,AL062026,30,2026-09-26 12:00:00,1 days 12:00:00,36,35.5,-43.53,1010.4,24.0
2026-09-25,AL062026,30,2026-09-26 18:00:00,1 days 18:00:00,42,38.13,-43.28,1008.4,28.2
2026-09-25,AL062026,30,2026-09-27 00:00:00,2 days 00:00:00,48,40.75,-43.0,1006.5,32.5
2026-09-25,AL062026,30,2026-09-27 06:00:00,2 days 06:00:00,54,40.28,-40.36,1005.3,34.6
2026-09-25,AL062026,30,2026-09-27 12:00:00,2 days 12:00:00,60,39.75,-37.75,1004.1,36.7
2026-09-25,EP152026,30,2026-09-25 00:00:00,0 days 00:00:00,0,14.75,-156.0,983.9,67.1
2026-09-25,EP152026,30,2026-09-25 06:00:00,0 days 06:00:00,6,15.25,-156.0,985.0,65.6
2026-09-25,EP152026,30,2026-09-25 12:00:00,0 days 12:00:00,12,15.75,-156.0,986.1,64.2
2026-09-25,EP152026,30,2026-09-25 18:00:00,0 days 18:00:00,18,16.13,-155.75,985.0,65.6
2026-09-25,EP152026,30,2026-09-26 00:00:00,1 days 00:00:00,24,16.5,-155.5,984.0,67.0
2026-09-25,EP152026,30,2026-09-26 06:00:00,1 days 06:00:00,30,16.88,-155.38,987.5,62.1
2026-09-25,EP152026,30,2026-09-26 12:00:00,1 days 12:00:00,36,17.25,-155.25,991.0,57.3
2026-09-25,EP152026,30,2026-09-26 18:00:00,1 days 18:00:00,42,17.5,-155.5,989.6,59.3
2026-09-25,EP152026,30,2026-09-27 00:00:00,2 days 00:00:00,48,17.75,-155.75,988.2,61.3
2026-09-25,EP152026,30,2026-09-27 06:00:00,2 days 06:00:00,54,17.75,-156.88,985.6,64.8
2026-09-25,EP152026,30,2026-09-27 12:00:00,2 days 12:00:00,60,17.75,-158.0,983.0,68.3
2026-09-25,EP152026,30,2026-09-27 18:00:00,2 days 18:00:00,66,17.75,-159.0,984.4,66.5
2026-09-25,EP152026,30,2026-09-28 00:00:00,3 days 00:00:00,72,17.75,-160.0,985.7,64.6
2026-09-25,EP152026,30,2026-09-28 06:00:00,3 days 06:00:00,78,17.88,-161.0,981.5,70.2
2026-09-25,EP152026,30,2026-09-28 12:00:00,3 days 12:00:00,84,18.0,-162.0,977.2,75.7
2026-09-25,EP152026,30,2026-09-28 18:00:00,3 days 18:00:00,90,18.75,-163.0,980.4,71.7
2026-09-25,EP152026,30,2026-09-29 00:00:00,4 days 00:00:00,96,19.5,-164.0,983.5,67.7
2026-09-25,EP152026,30,2026-09-29 06:00:00,4 days 06:00:00,102,20.88,-164.74,986.0,64.2
2026-09-25,EP152026,30,2026-09-29 12:00:00,4 days 12:00:00,108,22.25,-165.5,988.5,60.8
2026-09-25,EP152026,30,2026-09-29 18:00:00,4 days 18:00:00,114,23.25,-166.0,989.9,58.9
2026-09-25,EP152026,30,2026-09-30 00:00:00,5 days 00:00:00,120,24.25,-166.5,991.3,56.9
2026-09-25,EP152026,30,2026-09-30 06:00:00,5 days 06:00:00,126,24.5,-167.12,993.0,54.4
2026-09-25,EP152026,30,2026-09-30 12:00:00,5 days 12:00:00,132,24.75,-167.75,994.8,51.8
2026-09-25,EP152026,30,2026-09-30 18:00:00,5 days 18:00:00,138,25.13,-168.75,994.1,52.8
2026-09-25,EP152026,30,2026-10-01 00:00:00,6 days 00:00:00,144,25.5,-169.75,993.5,53.7
2026-09-25,EP152026,30,2026-10-01 06:00:00,6 days 06:00:00,150,25.63,-170.87,993.8,53.3
2026-09-25,EP152026,30,2026-10-01 12:00:00,6 days 12:00:00,156,25.75,-172.0,994.1,52.8
2026-09-25,EP152026,30,2026-10-01 18:00:00,6 days 18:00:00,162,25.63,-172.63,994.7,51.8
2026-09-25,EP152026,30,2026-10-02 00:00:00,7 days 00:00:00,168,25.5,-173.25,995.4,50.8
2026-09-25,EP152026,30,2026-10-02 06:00:00,7 days 06:00:00,174,25.25,-174.13,995.9,50.1
2026-09-25,EP152026,30,2026-10-02 12:00:00,7 days 12:00:00,180,25.0,-175.0,996.4,49.3
2026-09-25,EP152026,30,2026-10-02 18:00:00,7 days 18:00:00,186,24.5,-176.0,996.0,49.9
2026-09-25,EP152026,30,2026-10-03 00:00:00,8 days 00:00:00,192,24.0,-177.0,995.6,50.6
2026-09-25,EP152026,30,2026-10-03 06:00:00,8 days 06:00:00,198,23.25,-178.26,997.4,47.8
2026-09-25,EP152026,30,2026-10-03 12:00:00,8 days 12:00:00,204,22.5,-179.5,999.2,45.0
2026-09-25,EP152026,30,2026-10-03 18:00:00,8 days 18:00:00,210,22.38,179.25,999.4,44.6
2026-09-25,EP152026,30,2026-10-04 00:00:00,9 days 00:00:00,216,22.25,178.0,999.6,44.3
2026-09-25,EP152026,30,2026-10-04 06:00:00,9 days 06:00:00,222,22.26,176.38,999.6,44.2
2026-09-25,EP152026,30,2026-10-04 12:00:00,9 days 12:00:00,228,22.25,174.75,999.7,44.2
2026-09-25,EP152026,30,2026-10-04 18:00:00,9 days 18:00:00,234,22.51,173.13,996.1,49.7
2026-09-25,EP152026,30,2026-10-05 00:00:00,10 days 00:00:00,240,22.75,171.5,992.5,55.1
2026-09-25,EP152026,30,2026-10-05 06:00:00,10 days 06:00:00,246,23.13,170.0,992.3,55.4
2026-09-25,EP152026,30,2026-10-05 12:00:00,10 days 12:00:00,252,23.5,168.5,992.2,55.6
2026-09-25,EP152026,30,2026-10-05 18:00:00,10 days 18:00:00,258,24.38,167.26,990.8,57.6
2026-09-25,EP152026,30,2026-10-06 00:00:00,11 days 00:00:00,264,25.25,166.0,989.5,59.5
2026-09-25,EP152026,30,2026-10-06 06:00:00,11 days 06:00:00,270,26.63,165.38,988.0,61.5
2026-09-25,EP152026,30,2026-10-06 12:00:00,11 days 12:00:00,276,28.0,164.75,986.5,63.6
2026-09-25,EP152026,30,2026-10-06 18:00:00,11 days 18:00:00,282,29.25,164.87,988.8,60.4
2026-09-25,EP152026,30,2026-10-07 00:00:00,12 days 00:00:00,288,30.5,165.0,991.0,57.3
2026-09-25,EP152026,30,2026-10-07 06:00:00,12 days 06:00:00,294,31.63,166.11,992.2,55.6
2026-09-25,EP152026,30,2026-10-07 12:00:00,12 days 12:00:00,300,32.75,167.25,993.4,53.9
2026-09-25,EP152026,30,2026-10-07 18:00:00,12 days 18:00:00,306,34.28,170.07,994.5,52.3
2026-09-25,EP152026,30,2026-10-08 00:00:00,13 days 00:00:00,312,35.75,173.0,995.5,50.6
2026-09-25,EP162026,30,2026-09-25 00:00:00,0 days 00:00:00,0,17.0,-124.75,975.5,77.9
2026-09-25,EP162026,30,2026-09-25 06:00:00,0 days 06:00:00,6,17.25,-124.25,975.1,78.3
2026-09-25,EP162026,30,2026-09-25 12:00:00,0 days 12:00:00,12,17.5,-123.75,974.8,78.8
2026-09-25,EP162026,30,2026-09-25 18:00:00,0 days 18:00:00,18,17.88,-123.63,977.4,75.5
2026-09-25,EP162026,30,2026-09-26 00:00:00,1 days 00:00:00,24,18.25,-123.5,980.0,72.2
2026-09-25,EP162026,30,2026-09-26 06:00:00,1 days 06:00:00,30,18.63,-123.62,983.8,67.1
2026-09-25,EP162026,30,2026-09-26 12:00:00,1 days 12:00:00,36,19.0,-123.75,987.7,62.0
2026-09-25,EP162026,30,2026-09-26 18:00:00,1 days 18:00:00,42,19.38,-123.63,991.7,56.2
2026-09-25,EP162026,30,2026-09-27 00:00:00,2 days 00:00:00,48,19.75,-123.5,995.7,50.4
2026-09-25,EP162026,30,2026-09-27 06:00:00,2 days 06:00:00,54,20.63,-123.13,996.8,48.7
2026-09-25,EP162026,30,2026-09-27 12:00:00,2 days 12:00:00,60,21.5,-122.75,997.9,47.0
2026-09-25,EP162026,30,2026-09-27 18:00:00,2 days 18:00:00,66,22.18,-118.39,993.5,53.6
2026-09-25,EP162026,30,2026-09-28 00:00:00,3 days 00:00:00,72,22.75,-114.0,989.1,60.1
2026-09-25,EP162026,30,2026-09-28 06:00:00,3 days 06:00:00,78,23.25,-113.5,987.7,61.9
2026-09-25,EP162026,30,2026-09-28 12:00:00,3 days 12:00:00,84,23.75,-113.0,986.4,63.7
2026-09-25,EP162026,30,2026-09-28 18:00:00,3 days 18:00:00,90,24.38,-112.38,989.1,60.0
2026-09-25,EP162026,30,2026-09-29 00:00:00,4 days 00:00:00,96,25.0,-111.75,991.7,56.3
2026-09-25,EP162026,30,2026-09-29 06:00:00,4 days 06:00:00,102,26.13,-111.25,992.7,54.9
2026-09-25,EP162026,30,2026-09-29 12:00:00,4 days 12:00:00,108,27.25,-110.75,993.6,53.5
2026-09-25,EP162026,30,2026-09-29 18:00:00,4 days 18:00:00,114,28.41,-107.53,996.3,49.4
2026-09-25,EP162026,30,2026-09-30 00:00:00,5 days 00:00:00,120,29.5,-104.25,999.0,45.3
2026-09-25,EP162026,30,2026-09-30 06:00:00,5 days 06:00:00,126,32.27,-102.19,1001.2,41.6
2026-09-25,EP162026,30,2026-09-30 12:00:00,5 days 12:00:00,132,35.0,-100.0,1003.5,37.8
2026-09-25,EP172026,30,2026-09-25 00:00:00,0 days 00:00:00,0,17.0,-106.25,960.1,96.1
2026-09-25,EP172026,30,2026-09-25 06:00:00,0 days 06:00:00,6,17.25,-107.25,968.4,86.2
2026-09-25,EP172026,30,2026-09-25 12:00:00,0 days 12:00:00,12,17.5,-108.25,976.7,76.4
2026-09-25,EP172026,30,2026-09-25 18:00:00,0 days 18:00:00,18,17.63,-109.12,974.1,79.6
2026-09-25,EP172026,30,2026-09-26 00:00:00,1 days 00:00:00,24,17.75,-110.0,971.5,82.8
2026-09-25,EP172026,30,2026-09-26 06:00:00,1 days 06:00:00,30,18.0,-110.75,976.0,77.1
2026-09-25,EP172026,30,2026-09-26 12:00:00,1 days 12:00:00,36,18.25,-111.5,980.6,71.5
2026-09-25,EP172026,30,2026-09-26 18:00:00,1 days 18:00:00,42,18.75,-112.12,978.0,74.7
2026-09-25,EP172026,30,2026-09-27 00:00:00,2 days 00:00:00,48,19.25,-112.75,975.4,78.0
2026-09-25,EP172026,30,2026-09-27 06:00:00,2 days 06:00:00,54,20.13,-113.12,981.8,69.6
2026-09-25,EP172026,30,2026-09-27 12:00:00,2 days 12:00:00,60,21.0,-113.5,988.2,61.2
2026-09-25,EP172026,30,2026-09-27 18:00:00,2 days 18:00:00,66,21.88,-113.75,988.6,60.7
2026-09-25,EP172026,30,2026-09-28 00:00:00,3 days 00:00:00,72,22.75,-114.0,989.1,60.1
2026-09-25,WP252026,30,2026-09-25 00:00:00,0 days 00:00:00,0,20.25,130.25,1002.4,39.6
2026-09-25,WP252026,30,2026-09-25 06:00:00,0 days 06:00:00,6,20.75,129.25,1000.6,42.6
2026-09-25,WP252026,30,2026-09-25 12:00:00,0 days 12:00:00,12,21.25,128.25,998.8,45.6
2026-09-25,WP252026,30,2026-09-25 18:00:00,0 days 18:00:00,18,21.75,128.0,995.7,50.3
2026-09-25,WP252026,30,2026-09-26 00:00:00,1 days 00:00:00,24,22.25,127.75,992.6,54.9
2026-09-25,WP252026,30,2026-09-26 06:00:00,1 days 06:00:00,30,22.75,127.63,991.6,56.4
2026-09-25,WP252026,30,2026-09-26 12:00:00,1 days 12:00:00,36,23.25,127.5,990.6,57.9
2026-09-25,WP252026,30,2026-09-26 18:00:00,1 days 18:00:00,42,23.75,127.87,988.4,61.0
2026-09-25,WP252026,30,2026-09-27 00:00:00,2 days 00:00:00,48,24.25,128.25,986.2,64.0
2026-09-25,WP252026,30,2026-09-27 06:00:00,2 days 06:00:00,54,24.75,128.5,982.1,69.4
2026-09-25,WP252026,30,2026-09-27 12:00:00,2 days 12:00:00,60,25.25,128.75,978.0,74.8
2026-09-25,WP252026,30,2026-09-27 18:00:00,2 days 18:00:00,66,25.63,129.25,980.5,71.5
2026-09-25,WP252026,30,2026-09-28 00:00:00,3 days 00:00:00,72,26.0,129.75,983.1,68.1
2026-09-25,WP252026,30,2026-09-28 06:00:00,3 days 06:00:00,78,26.25,130.5,984.5,66.3
2026-09-25,WP252026,30,2026-09-28 12:00:00,3 days 12:00:00,84,26.5,131.25,985.9,64.4
2026-09-25,WP252026,30,2026-09-28 18:00:00,3 days 18:00:00,90,26.25,131.88,990.9,57.2
2026-09-25,WP252026,30,2026-09-29 00:00:00,4 days 00:00:00,96,26.0,132.5,995.9,50.0
2026-09-25,WP252026,30,2026-09-29 06:00:00,4 days 06:00:00,102,26.25,132.87,995.7,50.4
2026-09-25,WP252026,30,2026-09-29 12:00:00,4 days 12:00:00,108,26.5,133.25,995.5,50.7
2026-09-25,WP252026,30,2026-09-29 18:00:00,4 days 18:00:00,114,26.5,133.75,998.0,46.8
2026-09-25,WP252026,30,2026-09-30 00:00:00,5 days 00:00:00,120,26.5,134.25,1000.5,42.9
2026-09-25,WP252026,30,2026-09-30 06:00:00,5 days 06:00:00,126,26.5,134.25,1001.5,41.1
2026-09-25,WP252026,30,2026-09-30 12:00:00,5 days 12:00:00,132,26.5,134.25,1002.6,39.3
2026-09-25,WP252026,30,2026-09-30 18:00:00,5 days 18:00:00,138,27.13,134.13,1003.1,38.4
2026-09-25,WP252026,30,2026-10-01 00:00:00,6 days 00:00:00,144,27.75,134.0,1003.6,37.5
2026-09-25,WP252026,30,2026-10-01 06:00:00,6 days 06:00:00,150,27.88,134.12,1003.5,37.7
2026-09-25,WP252026,30,2026-10-01 12:00:00,6 days 12:00:00,156,28.0,134.25,1003.4,37.9
2026-09-25,WP252026,30,2026-10-01 18:00:00,6 days 18:00:00,162,28.25,134.13,1002.4,39.7
2026-09-25,WP252026,30,2026-10-02 00:00:00,7 days 00:00:00,168,28.5,134.0,1001.3,41.6
2026-09-25,WP252026,30,2026-10-02 06:00:00,7 days 06:00:00,174,28.38,134.5,1000.7,42.5
2026-09-25,WP252026,30,2026-10-02 12:00:00,7 days 12:00:00,180,28.25,135.0,1000.1,43.5
2026-09-25,WP252026,30,2026-10-02 18:00:00,7 days 18:00:00,186,28.13,135.5,998.8,45.5
2026-09-25,WP252026,30,2026-10-03 00:00:00,8 days 00:00:00,192,28.0,136.0,997.5,47.6
2026-09-25,WP252026,30,2026-10-03 06:00:00,8 days 06:00:00,198,26.88,136.88,996.7,48.9
2026-09-25,WP252026,30,2026-10-03 12:00:00,8 days 12:00:00,204,25.75,137.75,995.9,50.1
2026-09-25,WP252026,30,2026-10-03 18:00:00,8 days 18:00:00,210,25.0,138.76,997.5,47.6
2026-09-25,WP252026,30,2026-10-04 00:00:00,9 days 00:00:00,216,24.25,139.75,999.0,45.2
2026-09-25,WP252026,30,2026-10-04 06:00:00,9 days 06:00:00,222,24.25,140.62,999.8,43.9
2026-09-25,WP252026,30,2026-10-04 12:00:00,9 days 12:00:00,228,24.25,141.5,1000.6,42.7
2026-09-25,WP252026,30,2026-10-04 18:00:00,9 days 18:00:00,234,24.13,142.25,998.1,46.7
2026-09-25,WP252026,30,2026-10-05 00:00:00,10 days 00:00:00,240,24.0,143.0,995.6,50.6
2026-09-25,WP252026,30,2026-10-05 06:00:00,10 days 06:00:00,246,24.0,143.5,993.1,54.2
2026-09-25,WP252026,30,2026-10-05 12:00:00,10 days 12:00:00,252,24.0,144.0,990.6,57.9
2026-09-25,WP252026,30,2026-10-05 18:00:00,10 days 18:00:00,258,24.13,144.25,992.0,55.9
2026-09-25,WP252026,30,2026-10-06 00:00:00,11 days 00:00:00,264,24.25,144.5,993.3,54.0
2026-09-25,WP252026,30,2026-10-06 06:00:00,11 days 06:00:00,270,24.13,144.25,996.0,49.8
2026-09-25,WP252026,30,2026-10-06 12:00:00,11 days 12:00:00,276,24.0,144.0,998.7,45.7
2026-09-25,WP252026,30,2026-10-06 18:00:00,11 days 18:00:00,282,23.88,143.75,1000.6,42.5
2026-09-25,WP252026,30,2026-10-07 00:00:00,12 days 00:00:00,288,23.75,143.5,1002.6,39.3
2026-09-25,WP252026,30,2026-10-07 06:00:00,12 days 06:00:00,294,23.63,142.75,1003.0,38.5
2026-09-25,WP252026,30,2026-10-07 12:00:00,12 days 12:00:00,300,23.5,142.0,1003.5,37.7
2026-09-25,AL062026,31,2026-09-25 00:00:00,0 days 00:00:00,0,30.0,-41.75,1015.2,13.2
2026-09-25,AL062026,31,2026-09-25 06:00:00,0 days 06:00:00,6,30.13,-42.12,1015.2,13.2
2026-09-25,AL062026,31,2026-09-25 12:00:00,0 days 12:00:00,12,30.25,-42.5,1015.2,13.2
2026-09-25,AL062026,31,2026-09-25 18:00:00,0 days 18:00:00,18,30.0,-42.88,1014.7,14.5
2026-09-25,AL062026,31,2026-09-26 00:00:00,1 days 00:00:00,24,29.75,-43.25,1014.2,15.7
2026-09-25,AL062026,31,2026-09-26 06:00:00,1 days 06:00:00,30,29.63,-43.88,1014.0,16.2
2026-09-25,AL062026,31,2026-09-26 12:00:00,1 days 12:00:00,36,29.5,-44.5,1013.8,16.7
2026-09-25,AL062026,31,2026-09-26 18:00:00,1 days 18:00:00,42,29.13,-44.75,1014.3,15.6
2026-09-25,AL062026,31,2026-09-27 00:00:00,2 days 00:00:00,48,28.75,-45.0,1014.7,14.4
2026-09-25,EP152026,31,2026-09-25 00:00:00,0 days 00:00:00,0,14.75,-156.0,983.9,67.1
2026-09-25,EP152026,31,2026-09-25 06:00:00,0 days 06:00:00,6,15.25,-155.88,983.6,67.5
2026-09-25,EP152026,31,2026-09-25 12:00:00,0 days 12:00:00,12,15.75,-155.75,983.3,67.9
2026-09-25,EP152026,31,2026-09-25 18:00:00,0 days 18:00:00,18,16.25,-155.5,984.5,66.4
2026-09-25,EP152026,31,2026-09-26 00:00:00,1 days 00:00:00,24,16.75,-155.25,985.6,64.8
2026-09-25,EP152026,31,2026-09-26 06:00:00,1 days 06:00:00,30,17.13,-155.13,982.3,69.2
2026-09-25,EP152026,31,2026-09-26 12:00:00,1 days 12:00:00,36,17.5,-155.0,979.0,73.5
2026-09-25,EP152026,31,2026-09-26 18:00:00,1 days 18:00:00,42,17.63,-155.5,979.3,73.1
2026-09-25,EP152026,31,2026-09-27 00:00:00,2 days 00:00:00,48,17.75,-156.0,979.7,72.7
2026-09-25,EP152026,31,2026-09-27 06:00:00,2 days 06:00:00,54,17.38,-156.75,980.1,72.1
2026-09-25,EP152026,31,2026-09-27 12:00:00,2 days 12:00:00,60,17.0,-157.5,980.5,71.6
2026-09-25,EP152026,31,2026-09-27 18:00:00,2 days 18:00:00,66,17.0,-158.38,979.8,72.4
2026-09-25,EP152026,31,2026-09-28 00:00:00,3 days 00:00:00,72,17.0,-159.25,979.2,73.3
2026-09-25,EP152026,31,2026-09-28 06:00:00,3 days 06:00:00,78,17.0,-160.25,977.3,75.6
2026-09-25,EP152026,31,2026-09-28 12:00:00,3 days 12:00:00,84,17.0,-161.25,975.5,77.9
2026-09-25,EP152026,31,2026-09-28 18:00:00,3 days 18:00:00,90,17.63,-162.12,977.3,75.6
2026-09-25,EP152026,31,2026-09-29 00:00:00,4 days 00:00:00,96,18.25,-163.0,979.1,73.4
2026-09-25,EP152026,31,2026-09-29 06:00:00,4 days 06:00:00,102,19.25,-163.37,979.3,73.1
2026-09-25,EP152026,31,2026-09-29 12:00:00,4 days 12:00:00,108,20.25,-163.75,979.4,72.9
2026-09-25,EP152026,31,2026-09-29 18:00:00,4 days 18:00:00,114,21.38,-163.87,980.9,71.1
2026-09-25,EP152026,31,2026-09-30 00:00:00,5 days 00:00:00,120,22.5,-164.0,982.3,69.2
2026-09-25,EP152026,31,2026-09-30 06:00:00,5 days 06:00:00,126,23.63,-163.63,984.6,66.2
2026-09-25,EP152026,31,2026-09-30 12:00:00,5 days 12:00:00,132,24.75,-163.25,986.8,63.2
2026-09-25,EP152026,31,2026-09-30 18:00:00,5 days 18:00:00,138,25.88,-162.51,987.0,62.9
2026-09-25,EP152026,31,2026-10-01 00:00:00,6 days 00:00:00,144,27.0,-161.75,987.3,62.6
2026-09-25,EP152026,31,2026-10-01 06:00:00,6 days 06:00:00,150,29.38,-162.97,980.8,70.9
2026-09-25,EP152026,31,2026-10-01 12:00:00,6 days 12:00:00,156,31.75,-164.25,974.4,79.3
2026-09-25,EP152026,31,2026-10-01 18:00:00,6 days 18:00:00,162,31.38,-164.5,975.2,78.3
2026-09-25,EP152026,31,2026-10-02 00:00:00,7 days 00:00:00,168,31.0,-164.75,976.0,77.3
2026-09-25,EP152026,31,2026-10-02 06:00:00,7 days 06:00:00,174,31.38,-164.13,980.3,71.7
2026-09-25,EP152026,31,2026-10-02 12:00:00,7 days 12:00:00,180,31.75,-163.5,984.7,66.1
2026-09-25,EP152026,31,2026-10-02 18:00:00,7 days 18:00:00,186,32.25,-163.13,989.2,59.7
2026-09-25,EP152026,31,2026-10-03 00:00:00,8 days 00:00:00,192,32.75,-162.75,993.7,53.4
2026-09-25,EP152026,31,2026-10-03 06:00:00,8 days 06:00:00,198,32.88,-162.75,997.7,47.0
2026-09-25,EP152026,31,2026-10-03 12:00:00,8 days 12:00:00,204,33.0,-162.75,1001.8,40.7
2026-09-25,EP152026,31,2026-10-03 18:00:00,8 days 18:00:00,210,33.63,-162.13,1004.8,35.4
2026-09-25,EP152026,31,2026-10-04 00:00:00,9 days 00:00:00,216,34.25,-161.5,1007.7,30.0
2026-09-25,EP162026,31,2026-09-25 00:00:00,0 days 00:00:00,0,17.0,-124.75,975.5,77.9
2026-09-25,EP162026,31,2026-09-25 06:00:00,0 days 06:00:00,6,17.25,-124.25,976.7,76.5
2026-09-25,EP162026,31,2026-09-25 12:00:00,0 days 12:00:00,12,17.5,-123.75,977.8,75.0
2026-09-25,EP162026,31,2026-09-25 18:00:00,0 days 18:00:00,18,18.0,-123.75,980.3,71.8
2026-09-25,EP162026,31,2026-09-26 00:00:00,1 days 00:00:00,24,18.5,-123.75,982.8,68.6
2026-09-25,EP162026,31,2026-09-26 06:00:00,1 days 06:00:00,30,18.88,-124.0,986.4,63.6
2026-09-25,EP162026,31,2026-09-26 12:00:00,1 days 12:00:00,36,19.25,-124.25,990.0,58.7
2026-09-25,EP162026,31,2026-09-26 18:00:00,1 days 18:00:00,42,19.75,-124.37,990.9,57.4
2026-09-25,EP162026,31,2026-09-27 00:00:00,2 days 00:00:00,48,20.25,-124.5,991.9,56.0
2026-09-25,EP162026,31,2026-09-27 06:00:00,2 days 06:00:00,54,20.58,-119.13,981.0,70.3
2026-09-25,EP162026,31,2026-09-27 12:00:00,2 days 12:00:00,60,20.75,-113.75,970.1,84.5
2026-09-25,EP162026,31,2026-09-27 18:00:00,2 days 18:00:00,66,21.38,-113.75,972.8,81.2
2026-09-25,EP162026,31,2026-09-28 00:00:00,3 days 00:00:00,72,22.0,-113.75,975.6,77.8
2026-09-25,EP162026,31,2026-09-28 06:00:00,3 days 06:00:00,78,22.5,-113.63,981.6,70.0
2026-09-25,EP162026,31,2026-09-28 12:00:00,3 days 12:00:00,84,23.0,-113.5,987.5,62.2
2026-09-25,EP162026,31,2026-09-28 18:00:00,3 days 18:00:00,90,23.25,-113.13,989.6,59.3
2026-09-25,EP162026,31,2026-09-29 00:00:00,4 days 00:00:00,96,23.5,-112.75,991.7,56.3
2026-09-25,EP162026,31,2026-09-29 06:00:00,4 days 06:00:00,102,23.88,-112.13,995.2,51.0
2026-09-25,EP162026,31,2026-09-29 12:00:00,4 days 12:00:00,108,24.25,-111.5,998.6,45.8
2026-09-25,EP162026,31,2026-09-29 18:00:00,4 days 18:00:00,114,20.02,-108.8,994.3,52.3
2026-09-25,EP162026,31,2026-09-30 00:00:00,5 days 00:00:00,120,15.75,-106.25,989.9,58.9
2026-09-25,EP162026,31,2026-09-30 06:00:00,5 days 06:00:00,126,16.13,-106.87,985.6,64.7
2026-09-25,EP162026,31,2026-09-30 12:00:00,5 days 12:00:00,132,16.5,-107.5,981.4,70.4
2026-09-25,EP162026,31,2026-09-30 18:00:00,5 days 18:00:00,138,17.0,-108.12,977.1,75.8
2026-09-25,EP162026,31,2026-10-01 00:00:00,6 days 00:00:00,144,17.5,-108.75,972.9,81.2
2026-09-25,EP162026,31,2026-10-01 06:00:00,6 days 06:00:00,150,18.0,-109.12,970.3,84.3
2026-09-25,EP162026,31,2026-10-01 12:00:00,6 days 12:00:00,156,18.5,-109.5,967.6,87.4
2026-09-25,EP162026,31,2026-10-01 18:00:00,6 days 18:00:00,162,18.88,-110.25,963.9,91.7
2026-09-25,EP162026,31,2026-10-02 00:00:00,7 days 00:00:00,168,19.25,-111.0,960.2,96.0
2026-09-25,EP162026,31,2026-10-02 06:00:00,7 days 06:00:00,174,19.5,-111.62,960.7,95.4
2026-09-25,EP162026,31,2026-10-02 12:00:00,7 days 12:00:00,180,19.75,-112.25,961.2,94.9
2026-09-25,EP162026,31,2026-10-02 18:00:00,7 days 18:00:00,186,20.0,-113.0,961.8,94.2
2026-09-25,EP162026,31,2026-10-03 00:00:00,8 days 00:00:00,192,20.25,-113.75,962.3,93.6
2026-09-25,EP162026,31,2026-10-03 06:00:00,8 days 06:00:00,198,20.5,-114.5,966.7,88.4
2026-09-25,EP162026,31,2026-10-03 12:00:00,8 days 12:00:00,204,20.75,-115.25,971.1,83.2
2026-09-25,EP162026,31,2026-10-03 18:00:00,8 days 18:00:00,210,21.0,-116.25,972.5,81.5
2026-09-25,EP162026,31,2026-10-04 00:00:00,9 days 00:00:00,216,21.25,-117.25,973.9,79.9
2026-09-25,EP162026,31,2026-10-04 06:00:00,9 days 06:00:00,222,21.13,-117.88,975.0,78.5
2026-09-25,EP162026,31,2026-10-04 12:00:00,9 days 12:00:00,228,21.0,-118.5,976.1,77.2
2026-09-25,EP162026,31,2026-10-04 18:00:00,9 days 18:00:00,234,21.0,-119.38,976.5,76.7
2026-09-25,EP162026,31,2026-10-05 00:00:00,10 days 00:00:00,240,21.0,-120.25,976.9,76.2
2026-09-25,EP162026,31,2026-10-05 06:00:00,10 days 06:00:00,246,20.88,-120.88,978.9,73.6
2026-09-25,EP162026,31,2026-10-05 12:00:00,10 days 12:00:00,252,20.75,-121.5,980.9,71.1
2026-09-25,EP162026,31,2026-10-05 18:00:00,10 days 18:00:00,258,20.63,-122.0,981.0,71.0
2026-09-25,EP162026,31,2026-10-06 00:00:00,11 days 00:00:00,264,20.5,-122.5,981.0,70.9
2026-09-25,EP162026,31,2026-10-06 06:00:00,11 days 06:00:00,270,20.25,-123.13,981.7,70.0
2026-09-25,EP162026,31,2026-10-06 12:00:00,11 days 12:00:00,276,20.0,-123.75,982.3,69.2
2026-09-25,EP162026,31,2026-10-06 18:00:00,11 days 18:00:00,282,19.88,-124.38,984.4,66.4
2026-09-25,EP162026,31,2026-10-07 00:00:00,12 days 00:00:00,288,19.75,-125.0,986.5,63.7
2026-09-25,EP162026,31,2026-10-07 06:00:00,12 days 06:00:00,294,19.75,-125.63,986.5,63.5
2026-09-25,EP162026,31,2026-10-07 12:00:00,12 days 12:00:00,300,19.75,-126.25,986.6,63.4
2026-09-25,EP162026,31,2026-10-07 18:00:00,12 days 18:00:00,306,19.88,-127.0,985.6,64.8
2026-09-25,EP162026,31,2026-10-08 00:00:00,13 days 00:00:00,312,20.0,-127.75,984.5,66.3
2026-09-25,EP162026,31,2026-10-08 06:00:00,13 days 06:00:00,318,20.13,-128.5,986.7,63.3
2026-09-25,EP162026,31,2026-10-08 12:00:00,13 days 12:00:00,324,20.25,-129.25,988.8,60.4
2026-09-25,EP162026,31,2026-10-08 18:00:00,13 days 18:00:00,330,20.25,-130.0,987.6,62.1
2026-09-25,EP162026,31,2026-10-09 00:00:00,14 days 00:00:00,336,20.25,-130.75,986.3,63.9
2026-09-25,EP162026,31,2026-10-09 06:00:00,14 days 06:00:00,342,20.38,-131.12,987.7,62.0
2026-09-25,EP162026,31,2026-10-09 12:00:00,14 days 12:00:00,348,20.5,-131.5,989.0,60.1
2026-09-25,EP162026,31,2026-10-09 18:00:00,14 days 18:00:00,354,20.38,-132.25,989.6,59.2
2026-09-25,EP162026,31,2026-10-10 00:00:00,15 days 00:00:00,360,20.25,-133.0,990.3,58.4
2026-09-25,EP172026,31,2026-09-25 00:00:00,0 days 00:00:00,0,17.0,-106.25,960.1,96.1
2026-09-25,EP172026,31,2026-09-25 06:00:00,0 days 06:00:00,6,17.25,-107.12,967.8,87.0
2026-09-25,EP172026,31,2026-09-25 12:00:00,0 days 12:00:00,12,17.5,-108.0,975.4,78.0
2026-09-25,EP172026,31,2026-09-25 18:00:00,0 days 18:00:00,18,17.5,-108.88,974.3,79.4
2026-09-25,EP172026,31,2026-09-26 00:00:00,1 days 00:00:00,24,17.5,-109.75,973.2,80.8
2026-09-25,EP172026,31,2026-09-26 06:00:00,1 days 06:00:00,30,17.88,-110.62,976.0,77.3
2026-09-25,EP172026,31,2026-09-26 12:00:00,1 days 12:00:00,36,18.25,-111.5,978.7,73.9
2026-09-25,EP172026,31,2026-09-26 18:00:00,1 days 18:00:00,42,18.75,-112.37,976.6,76.5
2026-09-25,EP172026,31,2026-09-27 00:00:00,2 days 00:00:00,48,19.25,-113.25,974.5,79.1
2026-09-25,EP172026,31,2026-09-27 06:00:00,2 days 06:00:00,54,20.0,-113.5,972.3,81.8
2026-09-25,EP172026,31,2026-09-27 12:00:00,2 days 12:00:00,60,20.75,-113.75,970.1,84.5
2026-09-25,WP252026,31,2026-09-25 00:00:00,0 days 00:00:00,0,20.25,130.25,1002.4,39.6
2026-09-25,WP252026,31,2026-09-25 06:00:00,0 days 06:00:00,6,20.75,129.25,1000.1,43.4
2026-09-25,WP252026,31,2026-09-25 12:00:00,0 days 12:00:00,12,21.25,128.25,997.8,47.2
2026-09-25,WP252026,31,2026-09-25 18:00:00,0 days 18:00:00,18,21.88,127.75,993.5,53.5
2026-09-25,WP252026,31,2026-09-26 00:00:00,1 days 00:00:00,24,22.5,127.25,989.3,59.8
2026-09-25,WP252026,31,2026-09-26 06:00:00,1 days 06:00:00,30,23.13,127.25,988.8,60.4
2026-09-25,WP252026,31,2026-09-26 12:00:00,1 days 12:00:00,36,23.75,127.25,988.3,61.1
2026-09-25,WP252026,31,2026-09-26 18:00:00,1 days 18:00:00,42,24.13,127.5,985.9,64.4
2026-09-25,WP252026,31,2026-09-27 00:00:00,2 days 00:00:00,48,24.5,127.75,983.4,67.8
2026-09-25,WP252026,31,2026-09-27 06:00:00,2 days 06:00:00,54,25.13,128.37,983.4,67.8
2026-09-25,WP252026,31,2026-09-27 12:00:00,2 days 12:00:00,60,25.75,129.0,983.3,67.9
2026-09-25,WP252026,31,2026-09-27 18:00:00,2 days 18:00:00,66,26.38,129.62,985.9,64.4
2026-09-25,WP252026,31,2026-09-28 00:00:00,3 days 00:00:00,72,27.0,130.25,988.4,61.0
2026-09-25,WP252026,31,2026-09-28 06:00:00,3 days 06:00:00,78,27.63,131.49,989.4,59.6
2026-09-25,WP252026,31,2026-09-28 12:00:00,3 days 12:00:00,84,28.25,132.75,990.4,58.2
2026-09-25,WP252026,31,2026-09-28 18:00:00,3 days 18:00:00,90,28.75,133.75,993.0,54.4
2026-09-25,WP252026,31,2026-09-29 00:00:00,4 days 00:00:00,96,29.25,134.75,995.6,50.5
2026-09-25,WP252026,31,2026-09-29 06:00:00,4 days 06:00:00,102,29.88,136.24,996.2,49.6
2026-09-25,WP252026,31,2026-09-29 12:00:00,4 days 12:00:00,108,30.5,137.75,996.8,48.7
2026-09-25,WP252026,31,2026-09-29 18:00:00,4 days 18:00:00,114,31.59,139.38,997.9,46.9
2026-09-25,WP252026,31,2026-09-30 00:00:00,5 days 00:00:00,120,32.67,141.04,999.0,45.2
2026-09-25,WP252026,31,2026-09-30 06:00:00,5 days 06:00:00,126,33.72,142.75,1000.1,43.4
2026-09-25,WP252026,31,2026-09-30 12:00:00,5 days 12:00:00,132,34.75,144.5,1001.2,41.7
2026-09-25,WP252026,31,2026-09-30 18:00:00,5 days 18:00:00,138,36.34,147.02,1001.3,41.6
2026-09-25,WP252026,31,2026-10-01 00:00:00,6 days 00:00:00,144,37.87,149.66,1001.3,41.4
2026-09-25,WP252026,31,2026-10-01 06:00:00,6 days 06:00:00,150,39.35,152.4,1001.4,41.3
2026-09-25,WP252026,31,2026-10-01 12:00:00,6 days 12:00:00,156,40.75,155.25,1001.5,41.2
2026-09-25,EP152026,32,2026-09-25 00:00:00,0 days 00:00:00,0,14.75,-156.0,983.9,67.1
2026-09-25,EP152026,32,2026-09-25 06:00:00,0 days 06:00:00,6,15.25,-155.88,987.7,61.9
2026-09-25,EP152026,32,2026-09-25 12:00:00,0 days 12:00:00,12,15.75,-155.75,991.5,56.7
2026-09-25,EP152026,32,2026-09-25 18:00:00,0 days 18:00:00,18,15.87,-155.75,989.2,59.9
2026-09-25,EP152026,32,2026-09-26 00:00:00,1 days 00:00:00,24,16.0,-155.75,986.9,63.1
2026-09-25,EP152026,32,2026-09-26 06:00:00,1 days 06:00:00,30,16.12,-155.75,988.7,60.5
2026-09-25,EP152026,32,2026-09-26 12:00:00,1 days 12:00:00,36,16.25,-155.75,990.6,57.9
2026-09-25,EP152026,32,2026-09-26 18:00:00,1 days 18:00:00,42,16.38,-156.0,988.6,60.7
2026-09-25,EP152026,32,2026-09-27 00:00:00,2 days 00:00:00,48,16.5,-156.25,986.6,63.5
2026-09-25,EP152026,32,2026-09-27 06:00:00,2 days 06:00:00,54,16.38,-157.25,982.3,69.1
2026-09-25,EP152026,32,2026-09-27 12:00:00,2 days 12:00:00,60,16.25,-158.25,978.0,74.8
2026-09-25,EP152026,32,2026-09-27 18:00:00,2 days 18:00:00,66,16.25,-159.38,976.6,76.6
2026-09-25,EP152026,32,2026-09-28 00:00:00,3 days 00:00:00,72,16.25,-160.5,975.1,78.4
2026-09-25,EP152026,32,2026-09-28 06:00:00,3 days 06:00:00,78,16.63,-161.62,974.2,79.6
2026-09-25,EP152026,32,2026-09-28 12:00:00,3 days 12:00:00,84,17.0,-162.75,973.2,80.8
2026-09-25,EP152026,32,2026-09-28 18:00:00,3 days 18:00:00,90,17.75,-163.87,974.0,79.8
2026-09-25,EP152026,32,2026-09-29 00:00:00,4 days 00:00:00,96,18.5,-165.0,974.7,78.8
2026-09-25,EP152026,32,2026-09-29 06:00:00,4 days 06:00:00,102,19.5,-165.62,975.6,77.7
2026-09-25,EP152026,32,2026-09-29 12:00:00,4 days 12:00:00,108,20.5,-166.25,976.5,76.6
2026-09-25,EP152026,32,2026-09-29 18:00:00,4 days 18:00:00,114,21.5,-166.75,976.6,76.5
2026-09-25,EP152026,32,2026-09-30 00:00:00,5 days 00:00:00,120,22.5,-167.25,976.7,76.3
2026-09-25,EP152026,32,2026-09-30 06:00:00,5 days 06:00:00,126,22.88,-167.75,977.4,75.5
2026-09-25,EP152026,32,2026-09-30 12:00:00,5 days 12:00:00,132,23.25,-168.25,978.1,74.7
2026-09-25,EP152026,32,2026-09-30 18:00:00,5 days 18:00:00,138,23.63,-168.87,981.2,70.6
2026-09-25,EP152026,32,2026-10-01 00:00:00,6 days 00:00:00,144,24.0,-169.5,984.3,66.6
2026-09-25,EP152026,32,2026-10-01 06:00:00,6 days 06:00:00,150,24.13,-170.0,984.7,66.1
2026-09-25,EP152026,32,2026-10-01 12:00:00,6 days 12:00:00,156,24.25,-170.5,985.0,65.6
2026-09-25,EP152026,32,2026-10-01 18:00:00,6 days 18:00:00,162,24.25,-171.0,983.3,68.0
2026-09-25,EP152026,32,2026-10-02 00:00:00,7 days 00:00:00,168,24.25,-171.5,981.5,70.3
2026-09-25,EP152026,32,2026-10-02 06:00:00,7 days 06:00:00,174,24.0,-171.63,980.9,71.0
2026-09-25,EP152026,32,2026-10-02 12:00:00,7 days 12:00:00,180,23.75,-171.75,980.4,71.7
2026-09-25,EP152026,32,2026-10-02 18:00:00,7 days 18:00:00,186,23.25,-171.62,980.3,71.9
2026-09-25,EP152026,32,2026-10-03 00:00:00,8 days 00:00:00,192,22.75,-171.5,980.1,72.1
2026-09-25,EP152026,32,2026-10-03 06:00:00,8 days 06:00:00,198,22.13,-171.0,982.6,68.8
2026-09-25,EP152026,32,2026-10-03 12:00:00,8 days 12:00:00,204,21.5,-170.5,985.0,65.6
2026-09-25,EP152026,32,2026-10-03 18:00:00,8 days 18:00:00,210,20.88,-170.5,988.5,60.7
2026-09-25,EP152026,32,2026-10-04 00:00:00,9 days 00:00:00,216,20.25,-170.5,992.0,55.9
2026-09-25,EP152026,32,2026-10-04 06:00:00,9 days 06:00:00,222,19.63,-170.88,990.8,57.7
2026-09-25,EP152026,32,2026-10-04 12:00:00,9 days 12:00:00,228,19.0,-171.25,989.5,59.5
2026-09-25,EP152026,32,2026-10-04 18:00:00,9 days 18:00:00,234,18.75,-172.25,987.0,62.8
2026-09-25,EP152026,32,2026-10-05 00:00:00,10 days 00:00:00,240,18.5,-173.25,984.6,66.2
2026-09-25,EP152026,32,2026-10-05 06:00:00,10 days 06:00:00,246,18.01,-174.75,983.7,67.3
2026-09-25,EP152026,32,2026-10-05 12:00:00,10 days 12:00:00,252,17.5,-176.25,982.9,68.4
2026-09-25,EP152026,32,2026-10-05 18:00:00,10 days 18:00:00,258,17.51,-177.75,982.2,69.4
2026-09-25,EP152026,32,2026-10-06 00:00:00,11 days 00:00:00,264,17.5,-179.25,981.4,70.4
2026-09-25,EP152026,32,2026-10-06 06:00:00,11 days 06:00:00,270,17.38,179.25,976.8,76.2
2026-09-25,EP152026,32,2026-10-06 12:00:00,11 days 12:00:00,276,17.25,177.75,972.1,82.0
2026-09-25,EP152026,32,2026-10-06 18:00:00,11 days 18:00:00,282,17.5,176.63,967.7,87.3
2026-09-25,EP152026,32,2026-10-07 00:00:00,12 days 00:00:00,288,17.75,175.5,963.2,92.6
2026-09-25,EP152026,32,2026-10-07 06:00:00,12 days 06:00:00,294,18.0,174.38,961.8,94.2
2026-09-25,EP152026,32,2026-10-07 12:00:00,12 days 12:00:00,300,18.25,173.25,960.4,95.8
2026-09-25,EP152026,32,2026-10-07 18:00:00,12 days 18:00:00,306,18.63,171.88,966.3,88.9
2026-09-25,EP152026,32,2026-10-08 00:00:00,13 days 00:00:00,312,19.0,170.5,972.1,82.0
2026-09-25,EP152026,32,2026-10-08 06:00:00,13 days 06:00:00,318,19.75,169.63,969.2,85.5
2026-09-25,EP152026,32,2026-10-08 12:00:00,13 days 12:00:00,324,20.5,168.75,966.3,89.0
2026-09-25,EP152026,32,2026-10-08 18:00:00,13 days 18:00:00,330,21.25,168.13,962.9,92.8
2026-09-25,EP152026,32,2026-10-09 00:00:00,14 days 00:00:00,336,22.0,167.5,959.6,96.6
2026-09-25,EP152026,32,2026-10-09 06:00:00,14 days 06:00:00,342,22.88,167.25,959.7,96.5
2026-09-25,EP152026,32,2026-10-09 12:00:00,14 days 12:00:00,348,23.75,167.0,959.8,96.4
2026-09-25,EP152026,32,2026-10-09 18:00:00,14 days 18:00:00,354,25.0,166.75,959.7,96.6
2026-09-25,EP152026,32,2026-10-10 00:00:00,15 days 00:00:00,360,26.25,166.5,959.6,96.7
2026-09-25,EP162026,32,2026-09-25 00:00:00,0 days 00:00:00,0,17.0,-124.75,975.5,77.9
2026-09-25,EP162026,32,2026-09-25 06:00:00,0 days 06:00:00,6,17.25,-124.25,975.7,77.7
2026-09-25,EP162026,32,2026-09-25 12:00:00,0 days 12:00:00,12,17.5,-123.75,975.9,77.4
2026-09-25,EP162026,32,2026-09-25 18:00:00,0 days 18:00:00,18,18.0,-123.75,980.3,71.7
2026-09-25,EP162026,32,2026-09-26 00:00:00,1 days 00:00:00,24,18.5,-123.75,984.7,66.0
2026-09-25,EP162026,32,2026-09-26 06:00:00,1 days 06:00:00,30,18.88,-123.63,986.8,63.2
2026-09-25,EP162026,32,2026-09-26 12:00:00,1 days 12:00:00,36,19.25,-123.5,988.8,60.4
2026-09-25,EP162026,32,2026-09-26 18:00:00,1 days 18:00:00,42,19.75,-123.62,991.4,56.6
2026-09-25,EP162026,32,2026-09-27 00:00:00,2 days 00:00:00,48,20.25,-123.75,994.0,52.9
2026-09-25,EP162026,32,2026-09-27 06:00:00,2 days 06:00:00,54,20.75,-123.63,996.7,48.7
2026-09-25,EP162026,32,2026-09-27 12:00:00,2 days 12:00:00,60,21.25,-123.5,999.5,44.5
2026-09-25,EP162026,32,2026-09-27 18:00:00,2 days 18:00:00,66,21.5,-123.38,1000.4,43.0
2026-09-25,EP162026,32,2026-09-28 00:00:00,3 days 00:00:00,72,21.75,-123.25,1001.3,41.5
2026-09-25,EP162026,32,2026-09-28 06:00:00,3 days 06:00:00,78,21.81,-118.88,993.8,52.6
2026-09-25,EP162026,32,2026-09-28 12:00:00,3 days 12:00:00,84,21.75,-114.5,986.4,63.7
2026-09-25,EP162026,32,2026-09-28 18:00:00,3 days 18:00:00,90,22.25,-114.5,987.5,62.3
2026-09-25,EP162026,32,2026-09-29 00:00:00,4 days 00:00:00,96,22.75,-114.5,988.5,60.8
2026-09-25,EP162026,32,2026-09-29 06:00:00,4 days 06:00:00,102,22.88,-114.0,986.9,63.0
2026-09-25,EP162026,32,2026-09-29 12:00:00,4 days 12:00:00,108,23.0,-113.5,985.3,65.3
2026-09-25,EP162026,32,2026-09-29 18:00:00,4 days 18:00:00,114,23.13,-113.13,986.4,63.8
2026-09-25,EP162026,32,2026-09-30 00:00:00,5 days 00:00:00,120,23.25,-112.75,987.5,62.3
2026-09-25,EP162026,32,2026-09-30 06:00:00,5 days 06:00:00,126,23.0,-112.37,988.8,60.4
2026-09-25,EP162026,32,2026-09-30 12:00:00,5 days 12:00:00,132,22.75,-112.0,990.2,58.5
2026-09-25,EP162026,32,2026-09-30 18:00:00,5 days 18:00:00,138,22.5,-111.5,991.0,57.3
2026-09-25,EP162026,32,2026-10-01 00:00:00,6 days 00:00:00,144,22.25,-111.0,991.9,56.0
2026-09-25,EP162026,32,2026-10-01 06:00:00,6 days 06:00:00,150,22.26,-108.88,992.7,54.8
2026-09-25,EP162026,32,2026-10-01 12:00:00,6 days 12:00:00,156,22.25,-106.75,993.5,53.7
2026-09-25,EP162026,32,2026-10-01 18:00:00,6 days 18:00:00,162,22.5,-107.25,992.2,55.6
2026-09-25,EP162026,32,2026-10-02 00:00:00,7 days 00:00:00,168,22.75,-107.75,990.9,57.5
2026-09-25,EP162026,32,2026-10-02 06:00:00,7 days 06:00:00,174,22.88,-108.5,994.6,51.9
2026-09-25,EP162026,32,2026-10-02 12:00:00,7 days 12:00:00,180,23.0,-109.25,998.4,46.2
2026-09-25,EP162026,32,2026-10-02 18:00:00,7 days 18:00:00,186,23.25,-110.0,999.7,44.0
2026-09-25,EP162026,32,2026-10-03 00:00:00,8 days 00:00:00,192,23.5,-110.75,1001.1,41.8
2026-09-25,EP162026,32,2026-10-03 06:00:00,8 days 06:00:00,198,23.25,-111.38,1000.2,43.3
2026-09-25,EP162026,32,2026-10-03 12:00:00,8 days 12:00:00,204,23.0,-112.0,999.3,44.8
2026-09-25,EP172026,32,2026-09-25 00:00:00,0 days 00:00:00,0,17.0,-106.25,960.1,96.1
2026-09-25,EP172026,32,2026-09-25 06:00:00,0 days 06:00:00,6,17.25,-107.12,970.2,83.9
2026-09-25,EP172026,32,2026-09-25 12:00:00,0 days 12:00:00,12,17.5,-108.0,980.4,71.8
2026-09-25,EP172026,32,2026-09-25 18:00:00,0 days 18:00:00,18,17.63,-108.87,977.6,75.2
2026-09-25,EP172026,32,2026-09-26 00:00:00,1 days 00:00:00,24,17.75,-109.75,974.9,78.7
2026-09-25,EP172026,32,2026-09-26 06:00:00,1 days 06:00:00,30,18.0,-110.5,978.6,74.0
2026-09-25,EP172026,32,2026-09-26 12:00:00,1 days 12:00:00,36,18.25,-111.25,982.2,69.3
2026-09-25,EP172026,32,2026-09-26 18:00:00,1 days 18:00:00,42,18.63,-112.0,975.6,77.6
2026-09-25,EP172026,32,2026-09-27 00:00:00,2 days 00:00:00,48,19.0,-112.75,969.0,85.8
2026-09-25,EP172026,32,2026-09-27 06:00:00,2 days 06:00:00,54,19.5,-113.12,974.5,79.0
2026-09-25,EP172026,32,2026-09-27 12:00:00,2 days 12:00:00,60,20.0,-113.5,980.1,72.1
2026-09-25,EP172026,32,2026-09-27 18:00:00,2 days 18:00:00,66,20.63,-113.87,980.3,71.8
2026-09-25,EP172026,32,2026-09-28 00:00:00,3 days 00:00:00,72,21.25,-114.25,980.5,71.5
2026-09-25,EP172026,32,2026-09-28 06:00:00,3 days 06:00:00,78,21.5,-114.37,983.5,67.6
2026-09-25,EP172026,32,2026-09-28 12:00:00,3 days 12:00:00,84,21.75,-114.5,986.4,63.7
2026-09-25,WP252026,32,2026-09-25 00:00:00,0 days 00:00:00,0,20.25,130.25,1002.4,39.6
2026-09-25,WP252026,32,2026-09-25 06:00:00,0 days 06:00:00,6,20.88,129.5,1001.1,41.8
2026-09-25,WP252026,32,2026-09-25 12:00:00,0 days 12:00:00,12,21.5,128.75,999.7,44.1
2026-09-25,WP252026,32,2026-09-25 18:00:00,0 days 18:00:00,18,22.0,128.0,998.2,46.4
2026-09-25,WP252026,32,2026-09-26 00:00:00,1 days 00:00:00,24,22.5,127.25,996.7,48.8
2026-09-25,WP252026,32,2026-09-26 06:00:00,1 days 06:00:00,30,22.88,127.37,993.6,53.5
2026-09-25,WP252026,32,2026-09-26 12:00:00,1 days 12:00:00,36,23.25,127.5,990.4,58.2
2026-09-25,WP252026,32,2026-09-26 18:00:00,1 days 18:00:00,42,23.88,127.62,987.9,61.6
2026-09-25,WP252026,32,2026-09-27 00:00:00,2 days 00:00:00,48,24.5,127.75,985.5,65.0
2026-09-25,WP252026,32,2026-09-27 06:00:00,2 days 06:00:00,54,25.13,128.37,983.7,67.4
2026-09-25,WP252026,32,2026-09-27 12:00:00,2 days 12:00:00,60,25.75,129.0,981.8,69.8
2026-09-25,WP252026,32,2026-09-27 18:00:00,2 days 18:00:00,66,26.13,129.5,986.6,63.3
2026-09-25,WP252026,32,2026-09-28 00:00:00,3 days 00:00:00,72,26.5,130.0,991.3,56.8
2026-09-25,WP252026,32,2026-09-28 06:00:00,3 days 06:00:00,78,27.0,130.87,993.0,54.3
2026-09-25,WP252026,32,2026-09-28 12:00:00,3 days 12:00:00,84,27.5,131.75,994.7,51.8
2026-09-25,WP252026,32,2026-09-28 18:00:00,3 days 18:00:00,90,27.88,132.25,995.7,50.4
2026-09-25,WP252026,32,2026-09-29 00:00:00,4 days 00:00:00,96,28.25,132.75,996.6,49.1
2026-09-25,WP252026,32,2026-09-29 06:00:00,4 days 06:00:00,102,28.5,133.62,997.4,47.8
2026-09-25,WP252026,32,2026-09-29 12:00:00,4 days 12:00:00,108,28.75,134.5,998.2,46.5
2026-09-25,WP252026,32,2026-09-29 18:00:00,4 days 18:00:00,114,29.13,135.0,1000.1,43.4
2026-09-25,WP252026,32,2026-09-30 00:00:00,5 days 00:00:00,120,29.5,135.5,1002.0,40.3
2026-09-25,WP252026,32,2026-09-30 06:00:00,5 days 06:00:00,126,30.13,135.75,1003.6,37.5
2026-09-25,WP252026,32,2026-09-30 12:00:00,5 days 12:00:00,132,30.75,136.0,1005.2,34.7
2026-09-25,WP252026,32,2026-09-30 18:00:00,5 days 18:00:00,138,31.97,137.56,1005.7,33.9
2026-09-25,WP252026,32,2026-10-01 00:00:00,6 days 00:00:00,144,33.17,139.16,1006.1,33.2
2026-09-25,WP252026,32,2026-10-01 06:00:00,6 days 06:00:00,150,34.35,140.81,1006.5,32.4
2026-09-25,WP252026,32,2026-10-01 12:00:00,6 days 12:00:00,156,35.5,142.5,1006.9,31.7
2026-09-25,WP252026,32,2026-10-01 18:00:00,6 days 18:00:00,162,36.79,145.45,1006.6,32.2
2026-09-25,WP252026,32,2026-10-02 00:00:00,7 days 00:00:00,168,38.0,148.5,1006.3,32.7
2026-09-25,EP152026,33,2026-09-25 00:00:00,0 days 00:00:00,0,14.75,-156.0,983.9,67.1
2026-09-25,EP152026,33,2026-09-25 06:00:00,0 days 06:00:00,6,15.25,-155.88,983.8,67.3
2026-09-25,EP152026,33,2026-09-25 12:00:00,0 days 12:00:00,12,15.75,-155.75,983.7,67.4
2026-09-25,EP152026,33,2026-09-25 18:00:00,0 days 18:00:00,18,16.0,-155.38,985.0,65.7
2026-09-25,EP152026,33,2026-09-26 00:00:00,1 days 00:00:00,24,16.25,-155.0,986.3,63.9
2026-09-25,EP152026,33,2026-09-26 06:00:00,1 days 06:00:00,30,16.5,-154.88,986.2,64.0
2026-09-25,EP152026,33,2026-09-26 12:00:00,1 days 12:00:00,36,16.75,-154.75,986.2,64.0
2026-09-25,EP152026,33,2026-09-26 18:00:00,1 days 18:00:00,42,16.75,-155.38,988.6,60.7
2026-09-25,EP152026,33,2026-09-27 00:00:00,2 days 00:00:00,48,16.75,-156.0,991.0,57.4
2026-09-25,EP152026,33,2026-09-27 06:00:00,2 days 06:00:00,54,16.63,-157.0,988.8,60.4
2026-09-25,EP152026,33,2026-09-27 12:00:00,2 days 12:00:00,60,16.5,-158.0,986.7,63.3
2026-09-25,EP152026,33,2026-09-27 18:00:00,2 days 18:00:00,66,16.25,-159.25,985.6,64.8
2026-09-25,EP152026,33,2026-09-28 00:00:00,3 days 00:00:00,72,16.0,-160.5,984.5,66.3
2026-09-25,EP152026,33,2026-09-28 06:00:00,3 days 06:00:00,78,16.13,-161.5,982.9,68.5
2026-09-25,EP152026,33,2026-09-28 12:00:00,3 days 12:00:00,84,16.25,-162.5,981.2,70.6
2026-09-25,EP152026,33,2026-09-28 18:00:00,3 days 18:00:00,90,16.88,-163.5,978.2,74.5
2026-09-25,EP152026,33,2026-09-29 00:00:00,4 days 00:00:00,96,17.5,-164.5,975.2,78.3
2026-09-25,EP152026,33,2026-09-29 06:00:00,4 days 06:00:00,102,18.38,-165.0,972.9,81.0
2026-09-25,EP152026,33,2026-09-29 12:00:00,4 days 12:00:00,108,19.25,-165.5,970.7,83.8
2026-09-25,EP152026,33,2026-09-29 18:00:00,4 days 18:00:00,114,20.13,-165.87,973.8,80.0
2026-09-25,EP152026,33,2026-09-30 00:00:00,5 days 00:00:00,120,21.0,-166.25,976.9,76.2
2026-09-25,EP152026,33,2026-09-30 06:00:00,5 days 06:00:00,126,21.88,-166.62,980.4,71.7
2026-09-25,EP152026,33,2026-09-30 12:00:00,5 days 12:00:00,132,22.75,-167.0,983.9,67.1
2026-09-25,EP152026,33,2026-09-30 18:00:00,5 days 18:00:00,138,23.25,-167.87,983.4,67.8
2026-09-25,EP152026,33,2026-10-01 00:00:00,6 days 00:00:00,144,23.75,-168.75,982.9,68.5
2026-09-25,EP152026,33,2026-10-01 06:00:00,6 days 06:00:00,150,24.13,-169.87,986.3,63.8
2026-09-25,EP152026,33,2026-10-01 12:00:00,6 days 12:00:00,156,24.5,-171.0,989.7,59.1
2026-09-25,EP152026,33,2026-10-01 18:00:00,6 days 18:00:00,162,24.14,-173.01,985.9,64.3
2026-09-25,EP152026,33,2026-10-02 00:00:00,7 days 00:00:00,168,23.75,-175.0,982.1,69.5
2026-09-25,EP152026,33,2026-10-02 06:00:00,7 days 06:00:00,174,23.13,-176.63,982.5,68.9
2026-09-25,EP152026,33,2026-10-02 12:00:00,7 days 12:00:00,180,22.5,-178.25,983.0,68.3
2026-09-25,EP152026,33,2026-10-02 18:00:00,7 days 18:00:00,186,22.01,-179.76,984.0,66.9
2026-09-25,EP152026,33,2026-10-03 00:00:00,8 days 00:00:00,192,21.5,178.75,985.1,65.5
2026-09-25,EP152026,33,2026-10-03 06:00:00,8 days 06:00:00,198,21.26,177.37,984.3,66.5
2026-09-25,EP152026,33,2026-10-03 12:00:00,8 days 12:00:00,204,21.0,176.0,983.6,67.6
2026-09-25,EP152026,33,2026-10-03 18:00:00,8 days 18:00:00,210,21.26,174.5,979.2,73.2
2026-09-25,EP152026,33,2026-10-04 00:00:00,9 days 00:00:00,216,21.5,173.0,974.8,78.8
2026-09-25,EP152026,33,2026-10-04 06:00:00,9 days 06:00:00,222,22.01,171.51,972.2,81.9
2026-09-25,EP152026,33,2026-10-04 12:00:00,9 days 12:00:00,228,22.5,170.0,969.7,85.0
2026-09-25,EP152026,33,2026-10-04 18:00:00,9 days 18:00:00,234,23.51,168.64,972.7,81.3
2026-09-25,EP152026,33,2026-10-05 00:00:00,10 days 00:00:00,240,24.5,167.25,975.7,77.6
2026-09-25,EP152026,33,2026-10-05 06:00:00,10 days 06:00:00,246,25.38,166.26,977.5,75.3
2026-09-25,EP152026,33,2026-10-05 12:00:00,10 days 12:00:00,252,26.25,165.25,979.4,73.0
2026-09-25,EP152026,33,2026-10-05 18:00:00,10 days 18:00:00,258,27.5,164.76,980.9,71.1
2026-09-25,EP152026,33,2026-10-06 00:00:00,11 days 00:00:00,264,28.75,164.25,982.4,69.1
2026-09-25,EP152026,33,2026-10-06 06:00:00,11 days 06:00:00,270,30.25,164.0,985.1,65.5
2026-09-25,EP152026,33,2026-10-06 12:00:00,11 days 12:00:00,276,31.75,163.75,987.8,61.8
2026-09-25,EP152026,33,2026-10-06 18:00:00,11 days 18:00:00,282,33.5,164.24,990.7,57.7
2026-09-25,EP152026,33,2026-10-07 00:00:00,12 days 00:00:00,288,35.25,164.75,993.6,53.5
2026-09-25,EP152026,33,2026-10-07 06:00:00,12 days 06:00:00,294,36.65,166.96,994.9,51.5
2026-09-25,EP152026,33,2026-10-07 12:00:00,12 days 12:00:00,300,38.0,169.25,996.3,49.5
2026-09-25,EP152026,33,2026-10-07 18:00:00,12 days 18:00:00,306,39.18,172.69,997.5,47.6
2026-09-25,EP152026,33,2026-10-08 00:00:00,13 days 00:00:00,312,40.25,176.25,998.7,45.8
2026-09-25,EP162026,33,2026-09-25 00:00:00,0 days 00:00:00,0,17.0,-124.75,975.5,77.9
2026-09-25,EP162026,33,2026-09-25 06:00:00,0 days 06:00:00,6,17.25,-124.25,976.3,76.9
2026-09-25,EP162026,33,2026-09-25 12:00:00,0 days 12:00:00,12,17.5,-123.75,977.2,75.8
2026-09-25,EP162026,33,2026-09-25 18:00:00,0 days 18:00:00,18,17.87,-123.75,979.8,72.5
2026-09-25,EP162026,33,2026-09-26 00:00:00,1 days 00:00:00,24,18.25,-123.75,982.4,69.1
2026-09-25,EP162026,33,2026-09-26 06:00:00,1 days 06:00:00,30,18.88,-123.87,984.3,66.6
2026-09-25,EP162026,33,2026-09-26 12:00:00,1 days 12:00:00,36,19.5,-124.0,986.2,64.1
2026-09-25,EP162026,33,2026-09-26 18:00:00,1 days 18:00:00,42,20.25,-123.88,990.0,58.7
2026-09-25,EP162026,33,2026-09-27 00:00:00,2 days 00:00:00,48,21.0,-123.75,993.8,53.3
2026-09-25,EP162026,33,2026-09-27 06:00:00,2 days 06:00:00,54,21.75,-123.75,994.7,51.8
2026-09-25,EP162026,33,2026-09-27 12:00:00,2 days 12:00:00,60,22.5,-123.75,995.7,50.4
2026-09-25,EP162026,33,2026-09-27 18:00:00,2 days 18:00:00,66,22.75,-123.63,997.9,47.0
2026-09-25,EP162026,33,2026-09-28 00:00:00,3 days 00:00:00,72,23.0,-123.5,1000.0,43.6
2026-09-25,EP162026,33,2026-09-28 06:00:00,3 days 06:00:00,78,23.58,-118.64,992.1,55.2
2026-09-25,EP162026,33,2026-09-28 12:00:00,3 days 12:00:00,84,24.0,-113.75,984.2,66.7
2026-09-25,EP162026,33,2026-09-28 18:00:00,3 days 18:00:00,90,24.63,-113.0,986.6,63.4
2026-09-25,EP162026,33,2026-09-29 00:00:00,4 days 00:00:00,96,25.25,-112.25,989.0,60.2
2026-09-25,EP162026,33,2026-09-29 06:00:00,4 days 06:00:00,102,26.38,-111.38,991.5,56.5
2026-09-25,EP162026,33,2026-09-29 12:00:00,4 days 12:00:00,108,27.5,-110.5,994.1,52.8
2026-09-25,EP162026,33,2026-09-29 18:00:00,4 days 18:00:00,114,24.57,-109.84,989.6,58.9
2026-09-25,EP162026,33,2026-09-30 00:00:00,5 days 00:00:00,120,21.63,-109.2,985.1,65.0
2026-09-25,EP162026,33,2026-09-30 06:00:00,5 days 06:00:00,126,18.68,-108.59,980.5,71.1
2026-09-25,EP162026,33,2026-09-30 12:00:00,5 days 12:00:00,132,15.75,-108.0,976.0,77.2
2026-09-25,EP162026,33,2026-09-30 18:00:00,5 days 18:00:00,138,16.13,-108.75,970.3,84.2
2026-09-25,EP162026,33,2026-10-01 00:00:00,6 days 00:00:00,144,16.5,-109.5,964.5,91.1
2026-09-25,EP162026,33,2026-10-01 06:00:00,6 days 06:00:00,150,16.75,-110.12,963.2,92.6
2026-09-25,EP162026,33,2026-10-01 12:00:00,6 days 12:00:00,156,17.0,-110.75,961.8,94.2
2026-09-25,EP162026,33,2026-10-01 18:00:00,6 days 18:00:00,162,17.38,-111.25,966.6,88.6
2026-09-25,EP162026,33,2026-10-02 00:00:00,7 days 00:00:00,168,17.75,-111.75,971.3,83.0
2026-09-25,EP162026,33,2026-10-02 06:00:00,7 days 06:00:00,174,18.38,-112.25,972.3,81.8
2026-09-25,EP162026,33,2026-10-02 12:00:00,7 days 12:00:00,180,19.0,-112.75,973.3,80.7
2026-09-25,EP162026,33,2026-10-02 18:00:00,7 days 18:00:00,186,19.63,-113.12,974.3,79.3
2026-09-25,EP162026,33,2026-10-03 00:00:00,8 days 00:00:00,192,20.25,-113.5,975.4,78.0
2026-09-25,EP162026,33,2026-10-03 06:00:00,8 days 06:00:00,198,20.63,-114.37,979.3,73.0
2026-09-25,EP162026,33,2026-10-03 12:00:00,8 days 12:00:00,204,21.0,-115.25,983.2,68.0
2026-09-25,EP162026,33,2026-10-03 18:00:00,8 days 18:00:00,210,21.13,-116.12,984.2,66.7
2026-09-25,EP162026,33,2026-10-04 00:00:00,9 days 00:00:00,216,21.25,-117.0,985.2,65.4
2026-09-25,EP162026,33,2026-10-04 06:00:00,9 days 06:00:00,222,21.38,-117.5,983.6,67.5
2026-09-25,EP162026,33,2026-10-04 12:00:00,9 days 12:00:00,228,21.5,-118.0,982.0,69.7
2026-09-25,EP162026,33,2026-10-04 18:00:00,9 days 18:00:00,234,21.63,-118.62,982.9,68.4
2026-09-25,EP162026,33,2026-10-05 00:00:00,10 days 00:00:00,240,21.75,-119.25,983.8,67.2
2026-09-25,EP162026,33,2026-10-05 06:00:00,10 days 06:00:00,246,21.75,-119.75,984.6,66.2
2026-09-25,EP162026,33,2026-10-05 12:00:00,10 days 12:00:00,252,21.75,-120.25,985.4,65.2
2026-09-25,EP162026,33,2026-10-05 18:00:00,10 days 18:00:00,258,21.75,-120.63,984.0,67.0
2026-09-25,EP162026,33,2026-10-06 00:00:00,11 days 00:00:00,264,21.75,-121.0,982.6,68.9
2026-09-25,EP162026,33,2026-10-06 06:00:00,11 days 06:00:00,270,21.5,-121.63,984.7,66.0
2026-09-25,EP162026,33,2026-10-06 12:00:00,11 days 12:00:00,276,21.25,-122.25,986.8,63.2
2026-09-25,EP162026,33,2026-10-06 18:00:00,11 days 18:00:00,282,20.88,-122.63,988.6,60.7
2026-09-25,EP162026,33,2026-10-07 00:00:00,12 days 00:00:00,288,20.5,-123.0,990.4,58.2
2026-09-25,EP162026,33,2026-10-07 06:00:00,12 days 06:00:00,294,20.38,-123.5,991.8,56.1
2026-09-25,EP162026,33,2026-10-07 12:00:00,12 days 12:00:00,300,20.25,-124.0,993.3,54.0
2026-09-25,EP162026,33,2026-10-07 18:00:00,12 days 18:00:00,306,20.38,-124.25,993.2,54.2
2026-09-25,EP162026,33,2026-10-08 00:00:00,13 days 00:00:00,312,20.5,-124.5,993.1,54.3
2026-09-25,EP162026,33,2026-10-08 06:00:00,13 days 06:00:00,318,20.75,-125.0,994.9,51.5
2026-09-25,EP162026,33,2026-10-08 12:00:00,13 days 12:00:00,324,21.0,-125.5,996.8,48.7
2026-09-25,EP162026,33,2026-10-08 18:00:00,13 days 18:00:00,330,20.75,-125.63,997.7,47.3
2026-09-25,EP162026,33,2026-10-09 00:00:00,14 days 00:00:00,336,20.5,-125.75,998.6,45.9
2026-09-25,EP162026,33,2026-10-09 06:00:00,14 days 06:00:00,342,20.38,-125.62,998.8,45.5
2026-09-25,EP162026,33,2026-10-09 12:00:00,14 days 12:00:00,348,20.25,-125.5,999.1,45.1
2026-09-25,EP162026,33,2026-10-09 18:00:00,14 days 18:00:00,354,19.88,-125.37,999.4,44.6
2026-09-25,EP162026,33,2026-10-10 00:00:00,15 days 00:00:00,360,19.5,-125.25,999.7,44.1
2026-09-25,EP172026,33,2026-09-25 00:00:00,0 days 00:00:00,0,17.0,-106.25,960.1,96.1
2026-09-25,EP172026,33,2026-09-25 06:00:00,0 days 06:00:00,6,17.13,-107.25,964.1,91.5
2026-09-25,EP172026,33,2026-09-25 12:00:00,0 days 12:00:00,12,17.25,-108.25,968.1,86.9
2026-09-25,EP172026,33,2026-09-25 18:00:00,0 days 18:00:00,18,17.38,-109.0,972.1,82.0
2026-09-25,EP172026,33,2026-09-26 00:00:00,1 days 00:00:00,24,17.5,-109.75,976.1,77.1
2026-09-25,EP172026,33,2026-09-26 06:00:00,1 days 06:00:00,30,17.5,-110.75,974.2,79.5
2026-09-25,EP172026,33,2026-09-26 12:00:00,1 days 12:00:00,36,17.5,-111.75,972.3,81.8
2026-09-25,EP172026,33,2026-09-26 18:00:00,1 days 18:00:00,42,18.0,-112.37,974.9,78.6
2026-09-25,EP172026,33,2026-09-27 00:00:00,2 days 00:00:00,48,18.5,-113.0,977.6,75.3
2026-09-25,EP172026,33,2026-09-27 06:00:00,2 days 06:00:00,54,19.5,-113.37,978.9,73.6
2026-09-25,EP172026,33,2026-09-27 12:00:00,2 days 12:00:00,60,20.5,-113.75,980.2,72.0
2026-09-25,EP172026,33,2026-09-27 18:00:00,2 days 18:00:00,66,21.5,-114.0,978.4,74.3
2026-09-25,EP172026,33,2026-09-28 00:00:00,3 days 00:00:00,72,22.5,-114.25,976.5,76.6
2026-09-25,EP172026,33,2026-09-28 06:00:00,3 days 06:00:00,78,23.25,-114.0,980.4,71.7
2026-09-25,EP172026,33,2026-09-28 12:00:00,3 days 12:00:00,84,24.0,-113.75,984.2,66.7
2026-09-25,WP252026,33,2026-09-25 00:00:00,0 days 00:00:00,0,20.25,130.25,1002.4,39.6
2026-09-25,WP252026,33,2026-09-25 06:00:00,0 days 06:00:00,6,20.75,129.25,999.1,45.0
2026-09-25,WP252026,33,2026-09-25 12:00:00,0 days 12:00:00,12,21.25,128.25,995.7,50.3
2026-09-25,WP252026,33,2026-09-25 18:00:00,0 days 18:00:00,18,21.88,127.75,995.3,50.9
2026-09-25,WP252026,33,2026-09-26 00:00:00,1 days 00:00:00,24,22.5,127.25,995.0,51.5
2026-09-25,WP252026,33,2026-09-26 06:00:00,1 days 06:00:00,30,23.13,127.25,990.1,58.5
2026-09-25,WP252026,33,2026-09-26 12:00:00,1 days 12:00:00,36,23.75,127.25,985.2,65.4
2026-09-25,WP252026,33,2026-09-26 18:00:00,1 days 18:00:00,42,24.25,127.5,985.5,64.9
2026-09-25,WP252026,33,2026-09-27 00:00:00,2 days 00:00:00,48,24.75,127.75,985.8,64.5
2026-09-25,WP252026,33,2026-09-27 06:00:00,2 days 06:00:00,54,25.13,128.37,984.0,67.0
2026-09-25,WP252026,33,2026-09-27 12:00:00,2 days 12:00:00,60,25.5,129.0,982.2,69.4
2026-09-25,WP252026,33,2026-09-27 18:00:00,2 days 18:00:00,66,26.13,129.75,985.8,64.5
2026-09-25,WP252026,33,2026-09-28 00:00:00,3 days 00:00:00,72,26.75,130.5,989.4,59.6
2026-09-25,WP252026,33,2026-09-28 06:00:00,3 days 06:00:00,78,27.63,131.86,991.9,55.9
2026-09-25,WP252026,33,2026-09-28 12:00:00,3 days 12:00:00,84,28.5,133.25,994.5,52.2
2026-09-25,WP252026,33,2026-09-28 18:00:00,3 days 18:00:00,90,29.26,134.74,996.9,48.5
2026-09-25,WP252026,33,2026-09-29 00:00:00,4 days 00:00:00,96,30.0,136.25,999.3,44.8
2026-09-25,WP252026,33,2026-09-29 06:00:00,4 days 06:00:00,102,30.63,137.62,998.0,46.8
2026-09-25,WP252026,33,2026-09-29 12:00:00,4 days 12:00:00,108,31.25,139.0,996.7,48.8
2026-09-25,WP252026,33,2026-09-29 18:00:00,4 days 18:00:00,114,32.38,140.48,998.2,46.5
2026-09-25,WP252026,33,2026-09-30 00:00:00,5 days 00:00:00,120,33.5,142.0,999.7,44.2
2026-09-25,WP252026,33,2026-09-30 06:00:00,5 days 06:00:00,126,34.38,143.36,1001.3,41.5
2026-09-25,WP252026,33,2026-09-30 12:00:00,5 days 12:00:00,132,35.25,144.75,1002.9,38.8
2026-09-25,AL062026,34,2026-09-25 00:00:00,0 days 00:00:00,0,30.0,-41.75,1015.2,13.2
2026-09-25,AL062026,34,2026-09-25 06:00:00,0 days 06:00:00,6,30.0,-41.63,1015.8,11.3
2026-09-25,AL062026,34,2026-09-25 12:00:00,0 days 12:00:00,12,30.0,-41.5,1016.5,9.3
2026-09-25,AL062026,34,2026-09-25 18:00:00,0 days 18:00:00,18,29.88,-42.5,1015.9,11.0
2026-09-25,AL062026,34,2026-09-26 00:00:00,1 days 00:00:00,24,29.75,-43.5,1015.3,12.7
2026-09-25,AL062026,34,2026-09-26 06:00:00,1 days 06:00:00,30,29.75,-43.75,1015.6,12.0
2026-09-25,AL062026,34,2026-09-26 12:00:00,1 days 12:00:00,36,29.75,-44.0,1015.9,11.2
2026-09-25,AL062026,34,2026-09-26 18:00:00,1 days 18:00:00,42,35.38,-44.81,1011.5,21.1
2026-09-25,AL062026,34,2026-09-27 00:00:00,2 days 00:00:00,48,41.0,-45.75,1007.2,31.0
2026-09-25,AL062026,34,2026-09-27 06:00:00,2 days 06:00:00,54,40.81,-41.99,1005.5,34.1
2026-09-25,AL062026,34,2026-09-27 12:00:00,2 days 12:00:00,60,40.5,-38.25,1003.8,37.2
2026-09-25,EP152026,34,2026-09-25 00:00:00,0 days 00:00:00,0,14.75,-156.0,983.9,67.1
2026-09-25,EP152026,34,2026-09-25 06:00:00,0 days 06:00:00,6,15.13,-155.88,986.5,63.5
2026-09-25,EP152026,34,2026-09-25 12:00:00,0 days 12:00:00,12,15.5,-155.75,989.2,59.9
2026-09-25,EP152026,34,2026-09-25 18:00:00,0 days 18:00:00,18,16.0,-155.38,987.4,62.3
2026-09-25,EP152026,34,2026-09-26 00:00:00,1 days 00:00:00,24,16.5,-155.0,985.7,64.7
2026-09-25,EP152026,34,2026-09-26 06:00:00,1 days 06:00:00,30,16.75,-155.12,983.9,67.1
2026-09-25,EP152026,34,2026-09-26 12:00:00,1 days 12:00:00,36,17.0,-155.25,982.1,69.5
2026-09-25,EP152026,34,2026-09-26 18:00:00,1 days 18:00:00,42,17.0,-155.38,983.8,67.2
2026-09-25,EP152026,34,2026-09-27 00:00:00,2 days 00:00:00,48,17.0,-155.5,985.6,64.9
2026-09-25,EP152026,34,2026-09-27 06:00:00,2 days 06:00:00,54,16.88,-156.25,984.9,65.8
2026-09-25,EP152026,34,2026-09-27 12:00:00,2 days 12:00:00,60,16.75,-157.0,984.3,66.6
2026-09-25,EP152026,34,2026-09-27 18:00:00,2 days 18:00:00,66,16.5,-157.88,979.1,73.2
2026-09-25,EP152026,34,2026-09-28 00:00:00,3 days 00:00:00,72,16.25,-158.75,974.0,79.7
2026-09-25,EP152026,34,2026-09-28 06:00:00,3 days 06:00:00,78,16.38,-159.5,974.7,78.9
2026-09-25,EP152026,34,2026-09-28 12:00:00,3 days 12:00:00,84,16.5,-160.25,975.4,78.1
2026-09-25,EP152026,34,2026-09-28 18:00:00,3 days 18:00:00,90,17.0,-161.0,976.0,77.3
2026-09-25,EP152026,34,2026-09-29 00:00:00,4 days 00:00:00,96,17.5,-161.75,976.7,76.4
2026-09-25,EP152026,34,2026-09-29 06:00:00,4 days 06:00:00,102,18.5,-162.5,974.8,78.7
2026-09-25,EP152026,34,2026-09-29 12:00:00,4 days 12:00:00,108,19.5,-163.25,973.0,81.0
2026-09-25,EP152026,34,2026-09-29 18:00:00,4 days 18:00:00,114,20.38,-163.37,972.6,81.4
2026-09-25,EP152026,34,2026-09-30 00:00:00,5 days 00:00:00,120,21.25,-163.5,972.3,81.9
2026-09-25,EP152026,34,2026-09-30 06:00:00,5 days 06:00:00,126,22.63,-163.38,975.7,77.6
2026-09-25,EP152026,34,2026-09-30 12:00:00,5 days 12:00:00,132,24.0,-163.25,979.2,73.3
2026-09-25,EP152026,34,2026-09-30 18:00:00,5 days 18:00:00,138,25.13,-163.99,977.5,75.4
2026-09-25,EP152026,34,2026-10-01 00:00:00,6 days 00:00:00,144,26.25,-164.75,975.8,77.6
2026-09-25,EP152026,34,2026-10-01 06:00:00,6 days 06:00:00,150,27.01,-166.24,979.8,72.5
2026-09-25,EP152026,34,2026-10-01 12:00:00,6 days 12:00:00,156,27.75,-167.75,983.7,67.3
2026-09-25,EP152026,34,2026-10-01 18:00:00,6 days 18:00:00,162,27.75,-168.38,982.6,68.9
2026-09-25,EP152026,34,2026-10-02 00:00:00,7 days 00:00:00,168,27.75,-169.0,981.4,70.4
2026-09-25,EP152026,34,2026-10-02 06:00:00,7 days 06:00:00,174,27.5,-169.0,982.1,69.5
2026-09-25,EP152026,34,2026-10-02 12:00:00,7 days 12:00:00,180,27.25,-169.0,982.8,68.6
2026-09-25,EP152026,34,2026-10-02 18:00:00,7 days 18:00:00,186,27.0,-169.63,984.6,66.1
2026-09-25,EP152026,34,2026-10-03 00:00:00,8 days 00:00:00,192,26.75,-170.25,986.5,63.6
2026-09-25,EP152026,34,2026-10-03 06:00:00,8 days 06:00:00,198,26.63,-171.25,988.2,61.3
2026-09-25,EP152026,34,2026-10-03 12:00:00,8 days 12:00:00,204,26.5,-172.25,989.9,58.9
2026-09-25,EP152026,34,2026-10-03 18:00:00,8 days 18:00:00,210,26.38,-173.75,990.8,57.7
2026-09-25,EP152026,34,2026-10-04 00:00:00,9 days 00:00:00,216,26.25,-175.25,991.6,56.4
2026-09-25,EP152026,34,2026-10-04 06:00:00,9 days 06:00:00,222,25.89,-177.13,993.2,54.1
2026-09-25,EP152026,34,2026-10-04 12:00:00,9 days 12:00:00,228,25.5,-179.0,994.7,51.9
2026-09-25,EP152026,34,2026-10-04 18:00:00,9 days 18:00:00,234,24.76,179.24,994.5,52.3
2026-09-25,EP152026,34,2026-10-05 00:00:00,10 days 00:00:00,240,24.0,177.5,994.2,52.7
2026-09-25,EP152026,34,2026-10-05 06:00:00,10 days 06:00:00,246,23.76,176.12,993.6,53.5
2026-09-25,EP152026,34,2026-10-05 12:00:00,10 days 12:00:00,252,23.5,174.75,993.0,54.3
2026-09-25,EP152026,34,2026-10-05 18:00:00,10 days 18:00:00,258,23.26,173.25,992.1,55.7
2026-09-25,EP152026,34,2026-10-06 00:00:00,11 days 00:00:00,264,23.0,171.75,991.2,57.0
2026-09-25,EP152026,34,2026-10-06 06:00:00,11 days 06:00:00,270,23.38,170.63,992.2,55.6
2026-09-25,EP152026,34,2026-10-06 12:00:00,11 days 12:00:00,276,23.75,169.5,993.1,54.2
2026-09-25,EP152026,34,2026-10-06 18:00:00,11 days 18:00:00,282,24.25,168.38,990.2,58.4
2026-09-25,EP152026,34,2026-10-07 00:00:00,12 days 00:00:00,288,24.75,167.25,987.3,62.6
2026-09-25,EP152026,34,2026-10-07 06:00:00,12 days 06:00:00,294,25.13,166.38,987.5,62.2
2026-09-25,EP152026,34,2026-10-07 12:00:00,12 days 12:00:00,300,25.5,165.5,987.8,61.9
2026-09-25,EP152026,34,2026-10-07 18:00:00,12 days 18:00:00,306,25.75,165.13,987.0,62.9
2026-09-25,EP152026,34,2026-10-08 00:00:00,13 days 00:00:00,312,26.0,164.75,986.3,63.9
2026-09-25,EP152026,34,2026-10-08 06:00:00,13 days 06:00:00,318,26.13,164.38,986.3,63.8
2026-09-25,EP152026,34,2026-10-08 12:00:00,13 days 12:00:00,324,26.25,164.0,986.4,63.7
2026-09-25,EP152026,34,2026-10-08 18:00:00,13 days 18:00:00,330,26.38,163.88,985.0,65.6
2026-09-25,EP152026,34,2026-10-09 00:00:00,14 days 00:00:00,336,26.5,163.75,983.5,67.6
2026-09-25,EP152026,34,2026-10-09 06:00:00,14 days 06:00:00,342,26.75,163.5,983.7,67.4
2026-09-25,EP152026,34,2026-10-09 12:00:00,14 days 12:00:00,348,27.0,163.25,983.9,67.1
2026-09-25,EP152026,34,2026-10-09 18:00:00,14 days 18:00:00,354,27.25,162.5,987.2,62.6
2026-09-25,EP152026,34,2026-10-10 00:00:00,15 days 00:00:00,360,27.5,161.75,990.5,58.1
2026-09-25,EP162026,34,2026-09-25 00:00:00,0 days 00:00:00,0,17.0,-124.75,975.5,77.9
2026-09-25,EP162026,34,2026-09-25 06:00:00,0 days 06:00:00,6,17.25,-124.25,973.5,80.4
2026-09-25,EP162026,34,2026-09-25 12:00:00,0 days 12:00:00,12,17.5,-123.75,971.4,82.9
2026-09-25,EP162026,34,2026-09-25 18:00:00,0 days 18:00:00,18,17.88,-123.87,973.5,80.4
2026-09-25,EP162026,34,2026-09-26 00:00:00,1 days 00:00:00,24,18.25,-124.0,975.5,77.9
2026-09-25,EP162026,34,2026-09-26 06:00:00,1 days 06:00:00,30,18.5,-124.0,980.6,71.3
2026-09-25,EP162026,34,2026-09-26 12:00:00,1 days 12:00:00,36,18.75,-124.0,985.7,64.7
2026-09-25,EP162026,34,2026-09-26 18:00:00,1 days 18:00:00,42,19.25,-124.12,990.5,57.8
2026-09-25,EP162026,34,2026-09-27 00:00:00,2 days 00:00:00,48,19.75,-124.25,995.3,50.9
2026-09-25,EP162026,34,2026-09-27 06:00:00,2 days 06:00:00,54,20.12,-124.25,996.2,49.6
2026-09-25,EP162026,34,2026-09-27 12:00:00,2 days 12:00:00,60,20.5,-124.25,997.1,48.2
2026-09-25,EP162026,34,2026-09-27 18:00:00,2 days 18:00:00,66,20.63,-123.75,999.2,44.9
2026-09-25,EP162026,34,2026-09-28 00:00:00,3 days 00:00:00,72,20.75,-123.25,1001.3,41.6
2026-09-25,EP162026,34,2026-09-28 06:00:00,3 days 06:00:00,78,23.09,-118.09,990.9,56.5
2026-09-25,EP162026,34,2026-09-28 12:00:00,3 days 12:00:00,84,25.25,-112.75,980.6,71.5
2026-09-25,EP162026,34,2026-09-28 18:00:00,3 days 18:00:00,90,26.25,-112.13,986.9,62.8
2026-09-25,EP162026,34,2026-09-29 00:00:00,4 days 00:00:00,96,27.25,-111.5,993.2,54.1
2026-09-25,EP172026,34,2026-09-25 00:00:00,0 days 00:00:00,0,17.0,-106.25,960.1,96.1
2026-09-25,EP172026,34,2026-09-25 06:00:00,0 days 06:00:00,6,17.13,-107.12,965.2,90.1
2026-09-25,EP172026,34,2026-09-25 12:00:00,0 days 12:00:00,12,17.25,-108.0,970.3,84.2
2026-09-25,EP172026,34,2026-09-25 18:00:00,0 days 18:00:00,18,17.63,-108.87,969.9,84.7
2026-09-25,EP172026,34,2026-09-26 00:00:00,1 days 00:00:00,24,18.0,-109.75,969.5,85.2
2026-09-25,EP172026,34,2026-09-26 06:00:00,1 days 06:00:00,30,18.13,-110.62,969.7,85.0
2026-09-25,EP172026,34,2026-09-26 12:00:00,1 days 12:00:00,36,18.25,-111.5,969.9,84.7
2026-09-25,EP172026,34,2026-09-26 18:00:00,1 days 18:00:00,42,19.0,-112.0,969.2,85.5
2026-09-25,EP172026,34,2026-09-27 00:00:00,2 days 00:00:00,48,19.75,-112.5,968.5,86.4
2026-09-25,EP172026,34,2026-09-27 06:00:00,2 days 06:00:00,54,20.5,-113.0,971.6,82.6
2026-09-25,EP172026,34,2026-09-27 12:00:00,2 days 12:00:00,60,21.25,-113.5,974.8,78.8
2026-09-25,EP172026,34,2026-09-27 18:00:00,2 days 18:00:00,66,22.25,-113.5,973.7,80.1
2026-09-25,EP172026,34,2026-09-28 00:00:00,3 days 00:00:00,72,23.25,-113.5,972.6,81.4
2026-09-25,EP172026,34,2026-09-28 06:00:00,3 days 06:00:00,78,24.25,-113.13,976.6,76.5
2026-09-25,EP172026,34,2026-09-28 12:00:00,3 days 12:00:00,84,25.25,-112.75,980.6,71.5
2026-09-25,WP252026,34,2026-09-25 00:00:00,0 days 00:00:00,0,20.25,130.25,1002.4,39.6
2026-09-25,WP252026,34,2026-09-25 06:00:00,0 days 06:00:00,6,20.75,129.25,999.6,44.1
2026-09-25,WP252026,34,2026-09-25 12:00:00,0 days 12:00:00,12,21.25,128.25,996.8,48.7
2026-09-25,WP252026,34,2026-09-25 18:00:00,0 days 18:00:00,18,21.88,127.75,994.4,52.4
2026-09-25,WP252026,34,2026-09-26 00:00:00,1 days 00:00:00,24,22.5,127.25,991.9,56.0
2026-09-25,WP252026,34,2026-09-26 06:00:00,1 days 06:00:00,30,23.0,127.13,990.1,58.6
2026-09-25,WP252026,34,2026-09-26 12:00:00,1 days 12:00:00,36,23.5,127.0,988.3,61.1
2026-09-25,WP252026,34,2026-09-26 18:00:00,1 days 18:00:00,42,23.75,127.25,986.4,63.7
2026-09-25,WP252026,34,2026-09-27 00:00:00,2 days 00:00:00,48,24.0,127.5,984.5,66.2
2026-09-25,WP252026,34,2026-09-27 06:00:00,2 days 06:00:00,54,24.13,127.62,984.5,66.4
2026-09-25,WP252026,34,2026-09-27 12:00:00,2 days 12:00:00,60,24.25,127.75,984.4,66.5
2026-09-25,WP252026,34,2026-09-27 18:00:00,2 days 18:00:00,66,24.75,128.0,988.5,60.7
2026-09-25,WP252026,34,2026-09-28 00:00:00,3 days 00:00:00,72,25.25,128.25,992.7,54.9
2026-09-25,WP252026,34,2026-09-28 06:00:00,3 days 06:00:00,78,25.63,128.62,993.4,53.8
2026-09-25,WP252026,34,2026-09-28 12:00:00,3 days 12:00:00,84,26.0,129.0,994.2,52.7
2026-09-25,WP252026,34,2026-09-28 18:00:00,3 days 18:00:00,90,26.25,129.37,994.8,51.8
2026-09-25,WP252026,34,2026-09-29 00:00:00,4 days 00:00:00,96,26.5,129.75,995.3,50.9
2026-09-25,WP252026,34,2026-09-29 06:00:00,4 days 06:00:00,102,26.5,130.25,993.2,54.0
2026-09-25,WP252026,34,2026-09-29 12:00:00,4 days 12:00:00,108,26.5,130.75,991.1,57.1
2026-09-25,WP252026,34,2026-09-29 18:00:00,4 days 18:00:00,114,26.62,130.75,990.3,58.3
2026-09-25,WP252026,34,2026-09-30 00:00:00,5 days 00:00:00,120,26.75,130.75,989.5,59.5
2026-09-25,WP252026,34,2026-09-30 06:00:00,5 days 06:00:00,126,27.0,130.75,991.1,57.1
2026-09-25,WP252026,34,2026-09-30 12:00:00,5 days 12:00:00,132,27.25,130.75,992.8,54.7
2026-09-25,WP252026,34,2026-09-30 18:00:00,5 days 18:00:00,138,27.38,130.75,989.5,59.4
2026-09-25,WP252026,34,2026-10-01 00:00:00,6 days 00:00:00,144,27.5,130.75,986.2,64.0
2026-09-25,WP252026,34,2026-10-01 06:00:00,6 days 06:00:00,150,27.75,131.0,985.8,64.5
2026-09-25,WP252026,34,2026-10-01 12:00:00,6 days 12:00:00,156,28.0,131.25,985.5,64.9
2026-09-25,WP252026,34,2026-10-01 18:00:00,6 days 18:00:00,162,28.13,131.87,986.6,63.5
2026-09-25,WP252026,34,2026-10-02 00:00:00,7 days 00:00:00,168,28.25,132.5,987.6,62.0
2026-09-25,WP252026,34,2026-10-02 06:00:00,7 days 06:00:00,174,28.25,133.0,987.5,62.3
2026-09-25,WP252026,34,2026-10-02 12:00:00,7 days 12:00:00,180,28.25,133.5,987.3,62.5
2026-09-25,WP252026,34,2026-10-02 18:00:00,7 days 18:00:00,186,28.0,133.88,989.2,59.8
2026-09-25,WP252026,34,2026-10-03 00:00:00,8 days 00:00:00,192,27.75,134.25,991.1,57.2
2026-09-25,WP252026,34,2026-10-03 06:00:00,8 days 06:00:00,198,26.88,140.43,981.2,70.1
2026-09-25,WP252026,34,2026-10-03 12:00:00,8 days 12:00:00,204,25.75,146.5,971.4,83.0
2026-09-25,WP252026,34,2026-10-03 18:00:00,8 days 18:00:00,210,27.75,146.99,973.0,81.0
2026-09-25,WP252026,34,2026-10-04 00:00:00,9 days 00:00:00,216,29.75,147.5,974.6,79.0
2026-09-25,WP252026,34,2026-10-04 06:00:00,9 days 06:00:00,222,32.38,148.35,973.3,80.6
2026-09-25,WP252026,34,2026-10-04 12:00:00,9 days 12:00:00,228,35.0,149.25,971.9,82.3
2026-09-25,WP252026,34,2026-10-04 18:00:00,9 days 18:00:00,234,38.53,151.87,970.8,83.7
2026-09-25,WP252026,34,2026-10-05 00:00:00,10 days 00:00:00,240,42.0,154.75,969.7,85.0
2026-09-25,WP252026,34,2026-10-05 06:00:00,10 days 06:00:00,246,44.41,157.63,976.3,76.7
2026-09-25,WP252026,34,2026-10-05 12:00:00,10 days 12:00:00,252,46.75,160.75,982.9,68.4
2026-09-25,AL062026,35,2026-09-25 00:00:00,0 days 00:00:00,0,30.0,-41.75,1015.2,13.2
2026-09-25,AL062026,35,2026-09-25 06:00:00,0 days 06:00:00,6,29.88,-42.13,1014.7,14.5
2026-09-25,AL062026,35,2026-09-25 12:00:00,0 days 12:00:00,12,29.75,-42.5,1014.2,15.8
2026-09-25,AL062026,35,2026-09-25 18:00:00,0 days 18:00:00,18,29.63,-43.0,1014.6,14.7
2026-09-25,AL062026,35,2026-09-26 00:00:00,1 days 00:00:00,24,29.5,-43.5,1015.0,13.7
2026-09-25,AL062026,35,2026-09-26 06:00:00,1 days 06:00:00,30,29.38,-44.0,1014.8,14.1
2026-09-25,AL062026,35,2026-09-26 12:00:00,1 days 12:00:00,36,29.25,-44.5,1014.7,14.6
2026-09-25,AL062026,35,2026-09-26 18:00:00,1 days 18:00:00,42,29.38,-44.87,1014.7,14.6
2026-09-25,AL062026,35,2026-09-27 00:00:00,2 days 00:00:00,48,29.5,-45.25,1014.6,14.7
2026-09-25,AL062026,35,2026-09-27 06:00:00,2 days 06:00:00,54,34.65,-42.79,1011.0,22.7
2026-09-25,AL062026,35,2026-09-27 12:00:00,2 days 12:00:00,60,39.75,-40.0,1007.4,30.7
2026-09-25,AL072026,35,2026-09-25 00:00:00,0 days 00:00:00,0,13.25,-22.0,1006.2,32.9
2026-09-25,AL072026,35,2026-09-25 06:00:00,0 days 06:00:00,6,14.38,-21.88,1005.9,33.5
2026-09-25,AL072026,35,2026-09-25 12:00:00,0 days 12:00:00,12,15.5,-21.75,1005.5,34.2
2026-09-25,AL072026,35,2026-09-25 18:00:00,0 days 18:00:00,18,15.88,-22.37,1005.3,34.6
2026-09-25,AL072026,35,2026-09-26 00:00:00,1 days 00:00:00,24,16.25,-23.0,1005.0,35.1
2026-09-25,AL072026,35,2026-09-26 06:00:00,1 days 06:00:00,30,17.12,-23.06,1005.7,33.9
2026-09-25,AL072026,35,2026-09-26 12:00:00,1 days 12:00:00,36,18.0,-23.12,1006.3,32.6
2026-09-25,AL072026,35,2026-09-26 18:00:00,1 days 18:00:00,42,18.88,-23.19,1007.0,31.4
2026-09-25,AL072026,35,2026-09-27 00:00:00,2 days 00:00:00,48,19.75,-23.25,1007.7,30.1
2026-09-25,EP152026,35,2026-09-25 00:00:00,0 days 00:00:00,0,14.75,-156.0,983.9,67.1
2026-09-25,EP152026,35,2026-09-25 06:00:00,0 days 06:00:00,6,15.13,-155.88,986.1,64.1
2026-09-25,EP152026,35,2026-09-25 12:00:00,0 days 12:00:00,12,15.5,-155.75,988.3,61.1
2026-09-25,EP152026,35,2026-09-25 18:00:00,0 days 18:00:00,18,16.0,-155.25,989.1,60.0
2026-09-25,EP152026,35,2026-09-26 00:00:00,1 days 00:00:00,24,16.5,-154.75,989.8,59.0
2026-09-25,EP152026,35,2026-09-26 06:00:00,1 days 06:00:00,30,16.75,-154.87,986.7,63.2
2026-09-25,EP152026,35,2026-09-26 12:00:00,1 days 12:00:00,36,17.0,-155.0,983.6,67.5
2026-09-25,EP152026,35,2026-09-26 18:00:00,1 days 18:00:00,42,16.88,-155.13,984.5,66.3
2026-09-25,EP152026,35,2026-09-27 00:00:00,2 days 00:00:00,48,16.75,-155.25,985.4,65.0
2026-09-25,EP152026,35,2026-09-27 06:00:00,2 days 06:00:00,54,16.38,-156.0,986.1,64.1
2026-09-25,EP152026,35,2026-09-27 12:00:00,2 days 12:00:00,60,16.0,-156.75,986.8,63.3
2026-09-25,EP152026,35,2026-09-27 18:00:00,2 days 18:00:00,66,15.88,-157.63,984.4,66.4
2026-09-25,EP152026,35,2026-09-28 00:00:00,3 days 00:00:00,72,15.75,-158.5,982.0,69.6
2026-09-25,EP152026,35,2026-09-28 06:00:00,3 days 06:00:00,78,15.88,-159.37,981.7,70.0
2026-09-25,EP152026,35,2026-09-28 12:00:00,3 days 12:00:00,84,16.0,-160.25,981.4,70.5
2026-09-25,EP152026,35,2026-09-28 18:00:00,3 days 18:00:00,90,16.63,-161.0,981.6,70.2
2026-09-25,EP152026,35,2026-09-29 00:00:00,4 days 00:00:00,96,17.25,-161.75,981.8,69.9
2026-09-25,EP152026,35,2026-09-29 06:00:00,4 days 06:00:00,102,18.0,-162.37,984.0,66.9
2026-09-25,EP152026,35,2026-09-29 12:00:00,4 days 12:00:00,108,18.75,-163.0,986.3,63.9
2026-09-25,EP152026,35,2026-09-29 18:00:00,4 days 18:00:00,114,19.88,-163.5,985.4,65.1
2026-09-25,EP152026,35,2026-09-30 00:00:00,5 days 00:00:00,120,21.0,-164.0,984.6,66.2
2026-09-25,EP152026,35,2026-09-30 06:00:00,5 days 06:00:00,126,21.75,-164.0,984.5,66.3
2026-09-25,EP152026,35,2026-09-30 12:00:00,5 days 12:00:00,132,22.5,-164.0,984.4,66.4
2026-09-25,EP152026,35,2026-09-30 18:00:00,5 days 18:00:00,138,23.13,-163.75,988.0,61.5
2026-09-25,EP152026,35,2026-10-01 00:00:00,6 days 00:00:00,144,23.75,-163.5,991.6,56.5
2026-09-25,EP152026,35,2026-10-01 06:00:00,6 days 06:00:00,150,23.88,-163.13,990.6,57.9
2026-09-25,EP152026,35,2026-10-01 12:00:00,6 days 12:00:00,156,24.0,-162.75,989.6,59.4
2026-09-25,EP152026,35,2026-10-01 18:00:00,6 days 18:00:00,162,24.25,-162.25,988.4,60.9
2026-09-25,EP152026,35,2026-10-02 00:00:00,7 days 00:00:00,168,24.5,-161.75,987.3,62.5
2026-09-25,EP152026,35,2026-10-02 06:00:00,7 days 06:00:00,174,24.75,-161.25,989.5,59.4
2026-09-25,EP152026,35,2026-10-02 12:00:00,7 days 12:00:00,180,25.0,-160.75,991.7,56.4
2026-09-25,EP152026,35,2026-10-02 18:00:00,7 days 18:00:00,186,25.25,-160.87,993.7,53.3
2026-09-25,EP152026,35,2026-10-03 00:00:00,8 days 00:00:00,192,25.5,-161.0,995.7,50.3
2026-09-25,EP152026,35,2026-10-03 06:00:00,8 days 06:00:00,198,25.38,-161.25,998.4,46.2
2026-09-25,EP152026,35,2026-10-03 12:00:00,8 days 12:00:00,204,25.25,-161.5,1001.0,42.1
2026-09-25,EP162026,35,2026-09-25 00:00:00,0 days 00:00:00,0,17.0,-124.75,975.5,77.9
2026-09-25,EP162026,35,2026-09-25 06:00:00,0 days 06:00:00,6,17.25,-124.25,975.3,78.1
2026-09-25,EP162026,35,2026-09-25 12:00:00,0 days 12:00:00,12,17.5,-123.75,975.2,78.3
2026-09-25,EP162026,35,2026-09-25 18:00:00,0 days 18:00:00,18,18.0,-123.75,975.9,77.4
2026-09-25,EP162026,35,2026-09-26 00:00:00,1 days 00:00:00,24,18.5,-123.75,976.7,76.4
2026-09-25,EP162026,35,2026-09-26 06:00:00,1 days 06:00:00,30,18.88,-123.87,976.6,76.5
2026-09-25,EP162026,35,2026-09-26 12:00:00,1 days 12:00:00,36,19.25,-124.0,976.6,76.6
2026-09-25,EP162026,35,2026-09-26 18:00:00,1 days 18:00:00,42,19.75,-124.0,982.8,68.3
2026-09-25,EP162026,35,2026-09-27 00:00:00,2 days 00:00:00,48,20.25,-124.0,989.0,60.1
2026-09-25,EP162026,35,2026-09-27 06:00:00,2 days 06:00:00,54,20.63,-123.75,992.1,55.7
2026-09-25,EP162026,35,2026-09-27 12:00:00,2 days 12:00:00,60,21.0,-123.5,995.1,51.3
2026-09-25,EP162026,35,2026-09-27 18:00:00,2 days 18:00:00,66,21.25,-123.25,997.7,47.3
2026-09-25,EP162026,35,2026-09-28 00:00:00,3 days 00:00:00,72,21.5,-123.0,1000.2,43.3
2026-09-25,EP162026,35,2026-09-28 06:00:00,3 days 06:00:00,78,23.83,-118.09,991.7,55.6
2026-09-25,EP162026,35,2026-09-28 12:00:00,3 days 12:00:00,84,26.0,-113.0,983.3,67.9
2026-09-25,EP162026,35,2026-09-28 18:00:00,3 days 18:00:00,90,27.13,-112.38,990.1,58.2
2026-09-25,EP162026,35,2026-09-29 00:00:00,4 days 00:00:00,96,28.25,-111.75,996.9,48.5
2026-09-25,EP172026,35,2026-09-25 00:00:00,0 days 00:00:00,0,17.0,-106.25,960.1,96.1
2026-09-25,EP172026,35,2026-09-25 06:00:00,0 days 06:00:00,6,17.13,-107.12,966.4,88.7
2026-09-25,EP172026,35,2026-09-25 12:00:00,0 days 12:00:00,12,17.25,-108.0,972.7,81.3
2026-09-25,EP172026,35,2026-09-25 18:00:00,0 days 18:00:00,18,17.38,-108.75,972.9,81.1
2026-09-25,EP172026,35,2026-09-26 00:00:00,1 days 00:00:00,24,17.5,-109.5,973.1,80.8
2026-09-25,EP172026,35,2026-09-26 06:00:00,1 days 06:00:00,30,17.88,-110.5,974.9,78.6
2026-09-25,EP172026,35,2026-09-26 12:00:00,1 days 12:00:00,36,18.25,-111.5,976.7,76.3
2026-09-25,EP172026,35,2026-09-26 18:00:00,1 days 18:00:00,42,19.13,-112.25,977.7,75.1
2026-09-25,EP172026,35,2026-09-27 00:00:00,2 days 00:00:00,48,20.0,-113.0,978.7,73.9
2026-09-25,EP172026,35,2026-09-27 06:00:00,2 days 06:00:00,54,20.88,-113.5,975.5,77.9
2026-09-25,EP172026,35,2026-09-27 12:00:00,2 days 12:00:00,60,21.75,-114.0,972.2,81.9
2026-09-25,EP172026,35,2026-09-27 18:00:00,2 days 18:00:00,66,22.88,-113.88,974.5,79.1
2026-09-25,EP172026,35,2026-09-28 00:00:00,3 days 00:00:00,72,24.0,-113.75,976.8,76.2
2026-09-25,EP172026,35,2026-09-28 06:00:00,3 days 06:00:00,78,25.0,-113.38,980.1,72.1
2026-09-25,EP172026,35,2026-09-28 12:00:00,3 days 12:00:00,84,26.0,-113.0,983.3,67.9
2026-09-25,WP252026,35,2026-09-25 00:00:00,0 days 00:00:00,0,20.25,130.25,1002.4,39.6
2026-09-25,WP252026,35,2026-09-25 06:00:00,0 days 06:00:00,6,20.88,129.38,999.2,44.7
2026-09-25,WP252026,35,2026-09-25 12:00:00,0 days 12:00:00,12,21.5,128.5,996.0,49.9
2026-09-25,WP252026,35,2026-09-25 18:00:00,0 days 18:00:00,18,22.0,127.75,994.7,51.8
2026-09-25,WP252026,35,2026-09-26 00:00:00,1 days 00:00:00,24,22.5,127.0,993.4,53.8
2026-09-25,WP252026,35,2026-09-26 06:00:00,1 days 06:00:00,30,23.0,126.75,990.6,57.8
2026-09-25,WP252026,35,2026-09-26 12:00:00,1 days 12:00:00,36,23.5,126.5,987.9,61.7
2026-09-25,WP252026,35,2026-09-26 18:00:00,1 days 18:00:00,42,24.0,127.0,986.9,63.1
2026-09-25,WP252026,35,2026-09-27 00:00:00,2 days 00:00:00,48,24.5,127.5,985.9,64.4
2026-09-25,WP252026,35,2026-09-27 06:00:00,2 days 06:00:00,54,25.0,128.12,985.0,65.7
2026-09-25,WP252026,35,2026-09-27 12:00:00,2 days 12:00:00,60,25.5,128.75,984.0,66.9
2026-09-25,WP252026,35,2026-09-27 18:00:00,2 days 18:00:00,66,26.0,129.87,987.5,62.2
2026-09-25,WP252026,35,2026-09-28 00:00:00,3 days 00:00:00,72,26.5,131.0,990.9,57.4
2026-09-25,WP252026,35,2026-09-28 06:00:00,3 days 06:00:00,78,27.0,131.75,991.2,57.0
2026-09-25,WP252026,35,2026-09-28 12:00:00,3 days 12:00:00,84,27.5,132.5,991.6,56.5
2026-09-25,WP252026,35,2026-09-28 18:00:00,3 days 18:00:00,90,27.88,133.0,991.6,56.5
2026-09-25,WP252026,35,2026-09-29 00:00:00,4 days 00:00:00,96,28.25,133.5,991.6,56.5
2026-09-25,WP252026,35,2026-09-29 06:00:00,4 days 06:00:00,102,28.5,134.12,994.8,51.7
2026-09-25,WP252026,35,2026-09-29 12:00:00,4 days 12:00:00,108,28.75,134.75,998.0,46.8
2026-09-25,WP252026,35,2026-09-29 18:00:00,4 days 18:00:00,114,29.88,135.86,999.2,44.9
2026-09-25,WP252026,35,2026-09-30 00:00:00,5 days 00:00:00,120,31.0,137.0,1000.4,43.0
2026-09-25,WP252026,35,2026-09-30 06:00:00,5 days 06:00:00,126,32.26,138.36,999.2,44.9
2026-09-25,WP252026,35,2026-09-30 12:00:00,5 days 12:00:00,132,33.5,139.75,998.1,46.7
2026-09-25,EP152026,36,2026-09-25 00:00:00,0 days 00:00:00,0,14.75,-156.0,983.9,67.1
2026-09-25,EP152026,36,2026-09-25 06:00:00,0 days 06:00:00,6,15.25,-156.0,985.2,65.3
2026-09-25,EP152026,36,2026-09-25 12:00:00,0 days 12:00:00,12,15.75,-156.0,986.5,63.6
2026-09-25,EP152026,36,2026-09-25 18:00:00,0 days 18:00:00,18,16.13,-155.63,987.6,62.2
2026-09-25,EP152026,36,2026-09-26 00:00:00,1 days 00:00:00,24,16.5,-155.25,988.6,60.7
2026-09-25,EP152026,36,2026-09-26 06:00:00,1 days 06:00:00,30,16.63,-155.37,987.8,61.8
2026-09-25,EP152026,36,2026-09-26 12:00:00,1 days 12:00:00,36,16.75,-155.5,987.1,62.8
2026-09-25,EP152026,36,2026-09-26 18:00:00,1 days 18:00:00,42,16.88,-156.0,985.7,64.7
2026-09-25,EP152026,36,2026-09-27 00:00:00,2 days 00:00:00,48,17.0,-156.5,984.2,66.7
2026-09-25,EP152026,36,2026-09-27 06:00:00,2 days 06:00:00,54,16.88,-157.25,984.9,65.8
2026-09-25,EP152026,36,2026-09-27 12:00:00,2 days 12:00:00,60,16.75,-158.0,985.6,64.9
2026-09-25,EP152026,36,2026-09-27 18:00:00,2 days 18:00:00,66,16.63,-159.13,988.1,61.3
2026-09-25,EP152026,36,2026-09-28 00:00:00,3 days 00:00:00,72,16.5,-160.25,990.7,57.7
2026-09-25,EP152026,36,2026-09-28 06:00:00,3 days 06:00:00,78,16.75,-161.37,988.0,61.5
2026-09-25,EP152026,36,2026-09-28 12:00:00,3 days 12:00:00,84,17.0,-162.5,985.2,65.3
2026-09-25,EP152026,36,2026-09-28 18:00:00,3 days 18:00:00,90,17.75,-163.25,980.2,71.8
2026-09-25,EP152026,36,2026-09-29 00:00:00,4 days 00:00:00,96,18.5,-164.0,975.3,78.2
2026-09-25,EP152026,36,2026-09-29 06:00:00,4 days 06:00:00,102,19.63,-164.62,980.8,71.0
2026-09-25,EP152026,36,2026-09-29 12:00:00,4 days 12:00:00,108,20.75,-165.25,986.3,63.9
2026-09-25,EP152026,36,2026-09-29 18:00:00,4 days 18:00:00,114,21.63,-165.5,987.8,61.9
2026-09-25,EP152026,36,2026-09-30 00:00:00,5 days 00:00:00,120,22.5,-165.75,989.2,59.9
2026-09-25,EP152026,36,2026-09-30 06:00:00,5 days 06:00:00,126,23.13,-165.87,991.4,56.7
2026-09-25,EP152026,36,2026-09-30 12:00:00,5 days 12:00:00,132,23.75,-166.0,993.6,53.5
2026-09-25,EP152026,36,2026-09-30 18:00:00,5 days 18:00:00,138,23.75,-166.63,994.3,52.5
2026-09-25,EP152026,36,2026-10-01 00:00:00,6 days 00:00:00,144,23.75,-167.25,994.9,51.6
2026-09-25,EP152026,36,2026-10-01 06:00:00,6 days 06:00:00,150,23.5,-168.13,995.5,50.7
2026-09-25,EP152026,36,2026-10-01 12:00:00,6 days 12:00:00,156,23.25,-169.0,996.1,49.8
2026-09-25,EP152026,36,2026-10-01 18:00:00,6 days 18:00:00,162,23.13,-170.13,995.5,50.7
2026-09-25,EP152026,36,2026-10-02 00:00:00,7 days 00:00:00,168,23.0,-171.25,994.8,51.7
2026-09-25,EP152026,36,2026-10-02 06:00:00,7 days 06:00:00,174,22.5,-172.38,993.7,53.4
2026-09-25,EP152026,36,2026-10-02 12:00:00,7 days 12:00:00,180,22.0,-173.5,992.5,55.1
2026-09-25,EP152026,36,2026-10-02 18:00:00,7 days 18:00:00,186,21.75,-174.63,991.4,56.7
2026-09-25,EP152026,36,2026-10-03 00:00:00,8 days 00:00:00,192,21.5,-175.75,990.3,58.3
2026-09-25,EP152026,36,2026-10-03 06:00:00,8 days 06:00:00,198,21.38,-177.5,989.6,59.3
2026-09-25,EP152026,36,2026-10-03 12:00:00,8 days 12:00:00,204,21.25,-179.25,988.9,60.3
2026-09-25,EP152026,36,2026-10-03 18:00:00,8 days 18:00:00,210,21.39,178.88,987.3,62.4
2026-09-25,EP152026,36,2026-10-04 00:00:00,9 days 00:00:00,216,21.5,177.0,985.8,64.5
2026-09-25,EP152026,36,2026-10-04 06:00:00,9 days 06:00:00,222,21.63,175.5,985.8,64.5
2026-09-25,EP152026,36,2026-10-04 12:00:00,9 days 12:00:00,228,21.75,174.0,985.8,64.5
2026-09-25,EP152026,36,2026-10-04 18:00:00,9 days 18:00:00,234,22.51,172.63,985.3,65.2
2026-09-25,EP152026,36,2026-10-05 00:00:00,10 days 00:00:00,240,23.25,171.25,984.7,66.0
2026-09-25,EP152026,36,2026-10-05 06:00:00,10 days 06:00:00,246,24.13,170.26,988.2,61.2
2026-09-25,EP152026,36,2026-10-05 12:00:00,10 days 12:00:00,252,25.0,169.25,991.6,56.4
2026-09-25,EP152026,36,2026-10-05 18:00:00,10 days 18:00:00,258,26.5,168.51,994.8,51.7
2026-09-25,EP152026,36,2026-10-06 00:00:00,11 days 00:00:00,264,28.0,167.75,997.9,46.9
2026-09-25,EP152026,36,2026-10-06 06:00:00,11 days 06:00:00,270,30.25,167.14,1000.3,43.1
2026-09-25,EP152026,36,2026-10-06 12:00:00,11 days 12:00:00,276,32.5,166.5,1002.6,39.2
2026-09-25,EP152026,36,2026-10-06 18:00:00,11 days 18:00:00,282,34.75,167.47,1003.7,37.4
2026-09-25,EP152026,36,2026-10-07 00:00:00,12 days 00:00:00,288,37.0,168.5,1004.7,35.6
2026-09-25,EP152026,36,2026-10-07 06:00:00,12 days 06:00:00,294,35.08,165.9,999.9,43.0
2026-09-25,EP152026,36,2026-10-07 12:00:00,12 days 12:00:00,300,33.09,163.4,995.1,50.3
2026-09-25,EP152026,36,2026-10-07 18:00:00,12 days 18:00:00,306,31.06,161.02,990.2,57.7
2026-09-25,EP152026,36,2026-10-08 00:00:00,13 days 00:00:00,312,29.0,158.75,985.4,65.1
2026-09-25,EP152026,36,2026-10-08 06:00:00,13 days 06:00:00,318,28.88,159.13,988.7,60.4
2026-09-25,EP152026,36,2026-10-08 12:00:00,13 days 12:00:00,324,28.75,159.5,992.1,55.7
2026-09-25,EP152026,36,2026-10-08 18:00:00,13 days 18:00:00,330,28.75,159.62,994.3,52.4
2026-09-25,EP152026,36,2026-10-09 00:00:00,14 days 00:00:00,336,28.75,159.75,996.5,49.1
2026-09-25,EP152026,36,2026-10-09 06:00:00,14 days 06:00:00,342,28.5,160.13,999.1,45.0
2026-09-25,EP152026,36,2026-10-09 12:00:00,14 days 12:00:00,348,28.25,160.5,1001.7,40.9
2026-09-25,EP152026,36,2026-10-09 18:00:00,14 days 18:00:00,354,28.38,160.5,1002.6,39.4
2026-09-25,EP152026,36,2026-10-10 00:00:00,15 days 00:00:00,360,28.5,160.5,1003.4,37.9
2026-09-25,EP162026,36,2026-09-25 00:00:00,0 days 00:00:00,0,17.0,-124.75,975.5,77.9
2026-09-25,EP162026,36,2026-09-25 06:00:00,0 days 06:00:00,6,17.25,-124.25,975.8,77.5
2026-09-25,EP162026,36,2026-09-25 12:00:00,0 days 12:00:00,12,17.5,-123.75,976.1,77.1
2026-09-25,EP162026,36,2026-09-25 18:00:00,0 days 18:00:00,18,17.75,-123.75,979.4,72.9
2026-09-25,EP162026,36,2026-09-26 00:00:00,1 days 00:00:00,24,18.0,-123.75,982.7,68.7
2026-09-25,EP162026,36,2026-09-26 06:00:00,1 days 06:00:00,30,18.63,-123.63,983.0,68.3
2026-09-25,EP162026,36,2026-09-26 12:00:00,1 days 12:00:00,36,19.25,-123.5,983.3,67.8
2026-09-25,EP162026,36,2026-09-26 18:00:00,1 days 18:00:00,42,19.88,-123.75,987.7,61.8
2026-09-25,EP162026,36,2026-09-27 00:00:00,2 days 00:00:00,48,20.5,-124.0,992.0,55.8
2026-09-25,EP162026,36,2026-09-27 06:00:00,2 days 06:00:00,54,21.13,-124.0,994.9,51.6
2026-09-25,EP162026,36,2026-09-27 12:00:00,2 days 12:00:00,60,21.75,-124.0,997.7,47.3
2026-09-25,EP162026,36,2026-09-27 18:00:00,2 days 18:00:00,66,22.25,-123.63,999.1,45.0
2026-09-25,EP162026,36,2026-09-28 00:00:00,3 days 00:00:00,72,22.75,-123.25,1000.6,42.7
2026-09-25,EP162026,36,2026-09-28 06:00:00,3 days 06:00:00,78,23.57,-118.65,987.8,60.6
2026-09-25,EP162026,36,2026-09-28 12:00:00,3 days 12:00:00,84,24.25,-114.0,974.9,78.6
2026-09-25,EP162026,36,2026-09-28 18:00:00,3 days 18:00:00,90,25.0,-113.5,980.4,71.5
2026-09-25,EP162026,36,2026-09-29 00:00:00,4 days 00:00:00,96,25.75,-113.0,985.8,64.5
2026-09-25,EP162026,36,2026-09-29 06:00:00,4 days 06:00:00,102,26.63,-112.01,988.7,60.5
2026-09-25,EP162026,36,2026-09-29 12:00:00,4 days 12:00:00,108,27.5,-111.0,991.6,56.5
2026-09-25,EP162026,36,2026-09-29 18:00:00,4 days 18:00:00,114,24.88,-110.47,986.8,62.8
2026-09-25,EP162026,36,2026-09-30 00:00:00,5 days 00:00:00,120,22.25,-109.96,982.0,69.1
2026-09-25,EP162026,36,2026-09-30 06:00:00,5 days 06:00:00,126,19.62,-109.47,977.2,75.4
2026-09-25,EP162026,36,2026-09-30 12:00:00,5 days 12:00:00,132,17.0,-109.0,972.5,81.6
2026-09-25,EP162026,36,2026-09-30 18:00:00,5 days 18:00:00,138,17.38,-109.75,966.5,88.6
2026-09-25,EP162026,36,2026-10-01 00:00:00,6 days 00:00:00,144,17.75,-110.5,960.5,95.6
2026-09-25,EP162026,36,2026-10-01 06:00:00,6 days 06:00:00,150,18.13,-111.25,958.9,97.5
2026-09-25,EP162026,36,2026-10-01 12:00:00,6 days 12:00:00,156,18.5,-112.0,957.2,99.3
2026-09-25,EP162026,36,2026-10-01 18:00:00,6 days 18:00:00,162,19.0,-113.0,958.0,98.4
2026-09-25,EP162026,36,2026-10-02 00:00:00,7 days 00:00:00,168,19.5,-114.0,958.9,97.5
2026-09-25,EP162026,36,2026-10-02 06:00:00,7 days 06:00:00,174,19.88,-114.87,961.3,94.8
2026-09-25,EP162026,36,2026-10-02 12:00:00,7 days 12:00:00,180,20.25,-115.75,963.7,92.0
2026-09-25,EP162026,36,2026-10-02 18:00:00,7 days 18:00:00,186,20.75,-116.5,963.3,92.4
2026-09-25,EP162026,36,2026-10-03 00:00:00,8 days 00:00:00,192,21.25,-117.25,963.0,92.8
2026-09-25,EP162026,36,2026-10-03 06:00:00,8 days 06:00:00,198,21.5,-118.0,966.3,89.0
2026-09-25,EP162026,36,2026-10-03 12:00:00,8 days 12:00:00,204,21.75,-118.75,969.6,85.1
2026-09-25,EP162026,36,2026-10-03 18:00:00,8 days 18:00:00,210,22.0,-119.12,971.9,82.3
2026-09-25,EP162026,36,2026-10-04 00:00:00,9 days 00:00:00,216,22.25,-119.5,974.3,79.4
2026-09-25,EP162026,36,2026-10-04 06:00:00,9 days 06:00:00,222,22.38,-119.87,978.4,74.2
2026-09-25,EP162026,36,2026-10-04 12:00:00,9 days 12:00:00,228,22.5,-120.25,982.5,69.0
2026-09-25,EP162026,36,2026-10-04 18:00:00,9 days 18:00:00,234,22.75,-120.75,986.3,63.8
2026-09-25,EP162026,36,2026-10-05 00:00:00,10 days 00:00:00,240,23.0,-121.25,990.1,58.6
2026-09-25,EP162026,36,2026-10-05 06:00:00,10 days 06:00:00,246,23.0,-121.88,993.2,54.0
2026-09-25,EP162026,36,2026-10-05 12:00:00,10 days 12:00:00,252,23.0,-122.5,996.3,49.4
2026-09-25,EP162026,36,2026-10-05 18:00:00,10 days 18:00:00,258,22.75,-123.13,997.5,47.6
2026-09-25,EP162026,36,2026-10-06 00:00:00,11 days 00:00:00,264,22.5,-123.75,998.7,45.8
2026-09-25,EP162026,36,2026-10-06 06:00:00,11 days 06:00:00,270,22.5,-124.13,999.9,43.9
2026-09-25,EP162026,36,2026-10-06 12:00:00,11 days 12:00:00,276,22.5,-124.5,1001.0,41.9
2026-09-25,EP172026,36,2026-09-25 00:00:00,0 days 00:00:00,0,17.0,-106.25,960.1,96.1
2026-09-25,EP172026,36,2026-09-25 06:00:00,0 days 06:00:00,6,17.13,-107.25,966.6,88.5
2026-09-25,EP172026,36,2026-09-25 12:00:00,0 days 12:00:00,12,17.25,-108.25,973.1,80.9
2026-09-25,EP172026,36,2026-09-25 18:00:00,0 days 18:00:00,18,17.38,-109.12,972.4,81.7
2026-09-25,EP172026,36,2026-09-26 00:00:00,1 days 00:00:00,24,17.5,-110.0,971.7,82.5
2026-09-25,EP172026,36,2026-09-26 06:00:00,1 days 06:00:00,30,17.75,-110.75,973.2,80.7
2026-09-25,EP172026,36,2026-09-26 12:00:00,1 days 12:00:00,36,18.0,-111.5,974.7,78.9
2026-09-25,EP172026,36,2026-09-26 18:00:00,1 days 18:00:00,42,18.5,-112.12,973.0,81.0
2026-09-25,EP172026,36,2026-09-27 00:00:00,2 days 00:00:00,48,19.0,-112.75,971.3,83.1
2026-09-25,EP172026,36,2026-09-27 06:00:00,2 days 06:00:00,54,19.75,-113.25,971.3,83.1
2026-09-25,EP172026,36,2026-09-27 12:00:00,2 days 12:00:00,60,20.5,-113.75,971.3,83.0
2026-09-25,EP172026,36,2026-09-27 18:00:00,2 days 18:00:00,66,21.38,-113.87,969.3,85.4
2026-09-25,EP172026,36,2026-09-28 00:00:00,3 days 00:00:00,72,22.25,-114.0,967.4,87.7
2026-09-25,EP172026,36,2026-09-28 06:00:00,3 days 06:00:00,78,23.25,-114.0,971.2,83.2
2026-09-25,EP172026,36,2026-09-28 12:00:00,3 days 12:00:00,84,24.25,-114.0,974.9,78.6
2026-09-25,WP252026,36,2026-09-25 00:00:00,0 days 00:00:00,0,20.25,130.25,1002.4,39.6
2026-09-25,WP252026,36,2026-09-25 06:00:00,0 days 06:00:00,6,20.75,129.38,1001.2,41.6
2026-09-25,WP252026,36,2026-09-25 12:00:00,0 days 12:00:00,12,21.25,128.5,1000.0,43.6
2026-09-25,WP252026,36,2026-09-25 18:00:00,0 days 18:00:00,18,21.88,127.75,999.9,43.9
2026-09-25,WP252026,36,2026-09-26 00:00:00,1 days 00:00:00,24,22.5,127.0,999.7,44.1
2026-09-25,WP252026,36,2026-09-26 06:00:00,1 days 06:00:00,30,22.88,127.12,998.0,46.8
2026-09-25,WP252026,36,2026-09-26 12:00:00,1 days 12:00:00,36,23.25,127.25,996.3,49.5
2026-09-25,WP252026,36,2026-09-26 18:00:00,1 days 18:00:00,42,23.88,127.5,994.7,51.8
2026-09-25,WP252026,36,2026-09-27 00:00:00,2 days 00:00:00,48,24.5,127.75,993.2,54.2
2026-09-25,WP252026,36,2026-09-27 06:00:00,2 days 06:00:00,54,25.0,128.37,990.0,58.7
2026-09-25,WP252026,36,2026-09-27 12:00:00,2 days 12:00:00,60,25.5,129.0,986.8,63.2
2026-09-25,WP252026,36,2026-09-27 18:00:00,2 days 18:00:00,66,26.0,129.87,985.4,65.0
2026-09-25,WP252026,36,2026-09-28 00:00:00,3 days 00:00:00,72,26.5,130.75,984.1,66.9
2026-09-25,WP252026,36,2026-09-28 06:00:00,3 days 06:00:00,78,27.0,131.5,987.7,61.9
2026-09-25,WP252026,36,2026-09-28 12:00:00,3 days 12:00:00,84,27.5,132.25,991.3,56.9
2026-09-25,WP252026,36,2026-09-28 18:00:00,3 days 18:00:00,90,27.88,133.5,992.8,54.7
2026-09-25,WP252026,36,2026-09-29 00:00:00,4 days 00:00:00,96,28.25,134.75,994.3,52.5
2026-09-25,WP252026,36,2026-09-29 06:00:00,4 days 06:00:00,102,28.63,135.75,994.8,51.8
2026-09-25,WP252026,36,2026-09-29 12:00:00,4 days 12:00:00,108,29.0,136.75,995.3,51.0
2026-09-25,WP252026,36,2026-09-29 18:00:00,4 days 18:00:00,114,29.75,137.62,994.5,52.2
2026-09-25,WP252026,36,2026-09-30 00:00:00,5 days 00:00:00,120,30.5,138.5,993.7,53.4
2026-09-25,WP252026,36,2026-09-30 06:00:00,5 days 06:00:00,126,31.63,139.49,997.0,48.2
2026-09-25,WP252026,36,2026-09-30 12:00:00,5 days 12:00:00,132,32.75,140.5,1000.3,43.1
2026-09-25,AL062026,37,2026-09-25 00:00:00,0 days 00:00:00,0,30.0,-41.75,1015.2,13.2
2026-09-25,AL062026,37,2026-09-25 06:00:00,0 days 06:00:00,6,29.88,-42.13,1015.0,13.6
2026-09-25,AL062026,37,2026-09-25 12:00:00,0 days 12:00:00,12,29.75,-42.5,1014.9,14.0
2026-09-25,AL062026,37,2026-09-25 18:00:00,0 days 18:00:00,18,29.63,-43.13,1014.8,14.3
2026-09-25,AL062026,37,2026-09-26 00:00:00,1 days 00:00:00,24,29.5,-43.75,1014.7,14.6
2026-09-25,AL062026,37,2026-09-26 06:00:00,1 days 06:00:00,30,29.38,-44.63,1015.2,13.1
2026-09-25,AL062026,37,2026-09-26 12:00:00,1 days 12:00:00,36,29.25,-45.5,1015.7,11.6
2026-09-25,AL062026,37,2026-09-26 18:00:00,1 days 18:00:00,42,29.13,-45.88,1015.9,11.0
2026-09-25,AL062026,37,2026-09-27 00:00:00,2 days 00:00:00,48,29.0,-46.25,1016.1,10.4
2026-09-25,AL062026,37,2026-09-27 06:00:00,2 days 06:00:00,54,28.88,-46.63,1015.9,11.0
2026-09-25,AL062026,37,2026-09-27 12:00:00,2 days 12:00:00,60,28.75,-47.0,1015.7,11.6
2026-09-25,AL072026,37,2026-09-25 00:00:00,0 days 00:00:00,0,13.25,-22.0,1006.2,32.9
2026-09-25,AL072026,37,2026-09-25 06:00:00,0 days 06:00:00,6,14.0,-22.12,1006.3,32.8
2026-09-25,AL072026,37,2026-09-25 12:00:00,0 days 12:00:00,12,14.75,-22.25,1006.3,32.7
2026-09-25,AL072026,37,2026-09-25 18:00:00,0 days 18:00:00,18,15.5,-22.5,1006.1,33.2
2026-09-25,AL072026,37,2026-09-26 00:00:00,1 days 00:00:00,24,16.25,-22.75,1005.9,33.6
2026-09-25,AL072026,37,2026-09-26 06:00:00,1 days 06:00:00,30,17.75,-22.87,1006.3,32.8
2026-09-25,AL072026,37,2026-09-26 12:00:00,1 days 12:00:00,36,19.25,-23.0,1006.7,32.1
2026-09-25,EP152026,37,2026-09-25 00:00:00,0 days 00:00:00,0,14.75,-156.0,983.9,67.1
2026-09-25,EP152026,37,2026-09-25 06:00:00,0 days 06:00:00,6,15.25,-156.0,983.8,67.3
2026-09-25,EP152026,37,2026-09-25 12:00:00,0 days 12:00:00,12,15.75,-156.0,983.7,67.4
2026-09-25,EP152026,37,2026-09-25 18:00:00,0 days 18:00:00,18,16.13,-155.5,980.7,71.3
2026-09-25,EP152026,37,2026-09-26 00:00:00,1 days 00:00:00,24,16.5,-155.0,977.7,75.1
2026-09-25,EP152026,37,2026-09-26 06:00:00,1 days 06:00:00,30,16.88,-154.88,980.6,71.5
2026-09-25,EP152026,37,2026-09-26 12:00:00,1 days 12:00:00,36,17.25,-154.75,983.4,67.8
2026-09-25,EP152026,37,2026-09-26 18:00:00,1 days 18:00:00,42,17.38,-155.25,979.0,73.5
2026-09-25,EP152026,37,2026-09-27 00:00:00,2 days 00:00:00,48,17.5,-155.75,974.5,79.1
2026-09-25,EP152026,37,2026-09-27 06:00:00,2 days 06:00:00,54,17.25,-156.5,978.0,74.8
2026-09-25,EP152026,37,2026-09-27 12:00:00,2 days 12:00:00,60,17.0,-157.25,981.4,70.4
2026-09-25,EP152026,37,2026-09-27 18:00:00,2 days 18:00:00,66,17.0,-158.38,983.0,68.3
2026-09-25,EP152026,37,2026-09-28 00:00:00,3 days 00:00:00,72,17.0,-159.5,984.6,66.2
2026-09-25,EP152026,37,2026-09-28 06:00:00,3 days 06:00:00,78,17.0,-160.62,984.7,66.0
2026-09-25,EP152026,37,2026-09-28 12:00:00,3 days 12:00:00,84,17.0,-161.75,984.8,65.8
2026-09-25,EP152026,37,2026-09-28 18:00:00,3 days 18:00:00,90,17.5,-162.75,983.2,68.0
2026-09-25,EP152026,37,2026-09-29 00:00:00,4 days 00:00:00,96,18.0,-163.75,981.5,70.2
2026-09-25,EP152026,37,2026-09-29 06:00:00,4 days 06:00:00,102,18.63,-164.12,983.9,67.1
2026-09-25,EP152026,37,2026-09-29 12:00:00,4 days 12:00:00,108,19.25,-164.5,986.2,64.0
2026-09-25,EP152026,37,2026-09-29 18:00:00,4 days 18:00:00,114,20.38,-164.75,985.6,64.8
2026-09-25,EP152026,37,2026-09-30 00:00:00,5 days 00:00:00,120,21.5,-165.0,985.0,65.6
2026-09-25,EP152026,37,2026-09-30 06:00:00,5 days 06:00:00,126,22.38,-164.75,988.0,61.5
2026-09-25,EP152026,37,2026-09-30 12:00:00,5 days 12:00:00,132,23.25,-164.5,991.0,57.3
2026-09-25,EP152026,37,2026-09-30 18:00:00,5 days 18:00:00,138,23.88,-164.25,993.9,53.1
2026-09-25,EP152026,37,2026-10-01 00:00:00,6 days 00:00:00,144,24.5,-164.0,996.7,48.8
2026-09-25,EP152026,37,2026-10-01 06:00:00,6 days 06:00:00,150,25.63,-163.38,996.2,49.6
2026-09-25,EP152026,37,2026-10-01 12:00:00,6 days 12:00:00,156,26.75,-162.75,995.7,50.4
2026-09-25,EP162026,37,2026-09-25 00:00:00,0 days 00:00:00,0,17.0,-124.75,975.5,77.9
2026-09-25,EP162026,37,2026-09-25 06:00:00,0 days 06:00:00,6,17.25,-124.25,977.0,76.0
2026-09-25,EP162026,37,2026-09-25 12:00:00,0 days 12:00:00,12,17.5,-123.75,978.6,74.0
2026-09-25,EP162026,37,2026-09-25 18:00:00,0 days 18:00:00,18,18.0,-123.87,978.5,74.1
2026-09-25,EP162026,37,2026-09-26 00:00:00,1 days 00:00:00,24,18.5,-124.0,978.4,74.2
2026-09-25,EP162026,37,2026-09-26 06:00:00,1 days 06:00:00,30,19.13,-124.0,979.4,72.9
2026-09-25,EP162026,37,2026-09-26 12:00:00,1 days 12:00:00,36,19.75,-124.0,980.4,71.7
2026-09-25,EP162026,37,2026-09-26 18:00:00,1 days 18:00:00,42,19.87,-124.0,985.6,64.6
2026-09-25,EP162026,37,2026-09-27 00:00:00,2 days 00:00:00,48,20.0,-124.0,990.8,57.6
2026-09-25,EP162026,37,2026-09-27 06:00:00,2 days 06:00:00,54,20.38,-123.63,994.7,51.8
2026-09-25,EP162026,37,2026-09-27 12:00:00,2 days 12:00:00,60,20.75,-123.25,998.5,46.0
2026-09-25,EP162026,37,2026-09-27 18:00:00,2 days 18:00:00,66,22.2,-118.3,986.6,62.4
2026-09-25,EP162026,37,2026-09-28 00:00:00,3 days 00:00:00,72,23.5,-113.25,974.7,78.8
2026-09-25,EP162026,37,2026-09-28 06:00:00,3 days 06:00:00,78,24.63,-112.75,979.8,72.3
2026-09-25,EP162026,37,2026-09-28 12:00:00,3 days 12:00:00,84,25.75,-112.25,984.9,65.8
2026-09-25,EP162026,37,2026-09-28 18:00:00,3 days 18:00:00,90,26.88,-111.63,989.4,59.4
2026-09-25,EP162026,37,2026-09-29 00:00:00,4 days 00:00:00,96,28.0,-111.0,993.9,53.0
2026-09-25,EP172026,37,2026-09-25 00:00:00,0 days 00:00:00,0,17.0,-106.25,960.1,96.1
2026-09-25,EP172026,37,2026-09-25 06:00:00,0 days 06:00:00,6,17.25,-107.12,967.5,87.4
2026-09-25,EP172026,37,2026-09-25 12:00:00,0 days 12:00:00,12,17.5,-108.0,974.8,78.8
2026-09-25,EP172026,37,2026-09-25 18:00:00,0 days 18:00:00,18,17.63,-108.87,976.1,77.1
2026-09-25,EP172026,37,2026-09-26 00:00:00,1 days 00:00:00,24,17.75,-109.75,977.4,75.5
2026-09-25,EP172026,37,2026-09-26 06:00:00,1 days 06:00:00,30,18.13,-110.62,976.1,77.2
2026-09-25,EP172026,37,2026-09-26 12:00:00,1 days 12:00:00,36,18.5,-111.5,974.7,78.9
2026-09-25,EP172026,37,2026-09-26 18:00:00,1 days 18:00:00,42,19.13,-112.25,972.0,82.2
2026-09-25,EP172026,37,2026-09-27 00:00:00,2 days 00:00:00,48,19.75,-113.0,969.2,85.6
2026-09-25,EP172026,37,2026-09-27 06:00:00,2 days 06:00:00,54,20.63,-113.12,969.0,85.8
2026-09-25,EP172026,37,2026-09-27 12:00:00,2 days 12:00:00,60,21.5,-113.25,968.8,86.1
2026-09-25,EP172026,37,2026-09-27 18:00:00,2 days 18:00:00,66,22.5,-113.25,971.8,82.5
2026-09-25,EP172026,37,2026-09-28 00:00:00,3 days 00:00:00,72,23.5,-113.25,974.7,78.8
2026-09-25,WP252026,37,2026-09-25 00:00:00,0 days 00:00:00,0,20.25,130.25,1002.4,39.6
2026-09-25,WP252026,37,2026-09-25 06:00:00,0 days 06:00:00,6,20.75,129.25,1000.0,43.6
2026-09-25,WP252026,37,2026-09-25 12:00:00,0 days 12:00:00,12,21.25,128.25,997.5,47.6
2026-09-25,WP252026,37,2026-09-25 18:00:00,0 days 18:00:00,18,21.63,128.13,997.6,47.4
2026-09-25,WP252026,37,2026-09-26 00:00:00,1 days 00:00:00,24,22.0,128.0,997.8,47.2
2026-09-25,WP252026,37,2026-09-26 06:00:00,1 days 06:00:00,30,22.75,127.88,993.8,53.1
2026-09-25,WP252026,37,2026-09-26 12:00:00,1 days 12:00:00,36,23.5,127.75,989.8,59.0
2026-09-25,WP252026,37,2026-09-26 18:00:00,1 days 18:00:00,42,24.0,128.0,990.4,58.1
2026-09-25,WP252026,37,2026-09-27 00:00:00,2 days 00:00:00,48,24.5,128.25,991.0,57.3
2026-09-25,WP252026,37,2026-09-27 06:00:00,2 days 06:00:00,54,24.75,128.62,989.3,59.7
2026-09-25,WP252026,37,2026-09-27 12:00:00,2 days 12:00:00,60,25.0,129.0,987.6,62.1
2026-09-25,WP252026,37,2026-09-27 18:00:00,2 days 18:00:00,66,25.5,129.5,989.4,59.5
2026-09-25,WP252026,37,2026-09-28 00:00:00,3 days 00:00:00,72,26.0,130.0,991.2,57.0
2026-09-25,WP252026,37,2026-09-28 06:00:00,3 days 06:00:00,78,26.13,130.62,993.8,53.1
2026-09-25,WP252026,37,2026-09-28 12:00:00,3 days 12:00:00,84,26.25,131.25,996.5,49.2
2026-09-25,WP252026,37,2026-09-28 18:00:00,3 days 18:00:00,90,26.75,131.87,998.2,46.5
2026-09-25,WP252026,37,2026-09-29 00:00:00,4 days 00:00:00,96,27.25,132.5,999.9,43.8
2026-09-25,WP252026,37,2026-09-29 06:00:00,4 days 06:00:00,102,27.25,133.0,998.9,45.5
2026-09-25,WP252026,37,2026-09-29 12:00:00,4 days 12:00:00,108,27.25,133.5,997.8,47.2
2026-09-25,WP252026,37,2026-09-29 18:00:00,4 days 18:00:00,114,27.75,133.87,999.3,44.7
2026-09-25,WP252026,37,2026-09-30 00:00:00,5 days 00:00:00,120,28.25,134.25,1000.8,42.3
2026-09-25,WP252026,37,2026-09-30 06:00:00,5 days 06:00:00,126,28.63,134.75,1002.1,40.2
2026-09-25,WP252026,37,2026-09-30 12:00:00,5 days 12:00:00,132,29.0,135.25,1003.3,38.0
2026-09-25,WP252026,37,2026-09-30 18:00:00,5 days 18:00:00,138,30.0,136.24,1003.1,38.4
2026-09-25,WP252026,37,2026-10-01 00:00:00,6 days 00:00:00,144,31.0,137.25,1002.9,38.8
2026-09-25,WP252026,37,2026-10-01 06:00:00,6 days 06:00:00,150,32.39,139.22,1003.1,38.4
2026-09-25,WP252026,37,2026-10-01 12:00:00,6 days 12:00:00,156,33.75,141.25,1003.3,38.0
2026-09-25,AL062026,38,2026-09-25 00:00:00,0 days 00:00:00,0,30.0,-41.75,1015.2,13.2
2026-09-25,AL062026,38,2026-09-25 06:00:00,0 days 06:00:00,6,29.88,-42.13,1015.3,12.7
2026-09-25,AL062026,38,2026-09-25 12:00:00,0 days 12:00:00,12,29.75,-42.5,1015.5,12.1
2026-09-25,AL062026,38,2026-09-25 18:00:00,0 days 18:00:00,18,29.88,-42.75,1015.1,13.4
2026-09-25,AL062026,38,2026-09-26 00:00:00,1 days 00:00:00,24,30.0,-43.0,1014.7,14.6
2026-09-25,AL062026,38,2026-09-26 06:00:00,1 days 06:00:00,30,29.75,-43.25,1015.1,13.5
2026-09-25,AL062026,38,2026-09-26 12:00:00,1 days 12:00:00,36,29.5,-43.5,1015.5,12.4
2026-09-25,AL062026,38,2026-09-26 18:00:00,1 days 18:00:00,42,29.38,-44.0,1015.8,11.3
2026-09-25,AL062026,38,2026-09-27 00:00:00,2 days 00:00:00,48,29.25,-44.5,1016.2,10.2
2026-09-25,AL062026,38,2026-09-27 06:00:00,2 days 06:00:00,54,34.52,-42.39,1011.4,21.2
2026-09-25,AL062026,38,2026-09-27 12:00:00,2 days 12:00:00,60,39.75,-40.0,1006.6,32.2
2026-09-25,EP152026,38,2026-09-25 00:00:00,0 days 00:00:00,0,14.75,-156.0,983.9,67.1
2026-09-25,EP152026,38,2026-09-25 06:00:00,0 days 06:00:00,6,15.13,-155.88,984.9,65.8
2026-09-25,EP152026,38,2026-09-25 12:00:00,0 days 12:00:00,12,15.5,-155.75,985.9,64.4
2026-09-25,EP152026,38,2026-09-25 18:00:00,0 days 18:00:00,18,15.88,-155.63,986.2,64.0
2026-09-25,EP152026,38,2026-09-26 00:00:00,1 days 00:00:00,24,16.25,-155.5,986.5,63.6
2026-09-25,EP152026,38,2026-09-26 06:00:00,1 days 06:00:00,30,16.63,-155.38,988.8,60.4
2026-09-25,EP152026,38,2026-09-26 12:00:00,1 days 12:00:00,36,17.0,-155.25,991.0,57.2
2026-09-25,EP152026,38,2026-09-26 18:00:00,1 days 18:00:00,42,17.13,-155.62,990.0,58.7
2026-09-25,EP152026,38,2026-09-27 00:00:00,2 days 00:00:00,48,17.25,-156.0,989.0,60.2
2026-09-25,EP152026,38,2026-09-27 06:00:00,2 days 06:00:00,54,17.13,-156.88,988.3,61.1
2026-09-25,EP152026,38,2026-09-27 12:00:00,2 days 12:00:00,60,17.0,-157.75,987.7,62.0
2026-09-25,EP152026,38,2026-09-27 18:00:00,2 days 18:00:00,66,16.88,-158.75,988.9,60.3
2026-09-25,EP152026,38,2026-09-28 00:00:00,3 days 00:00:00,72,16.75,-159.75,990.1,58.7
2026-09-25,EP152026,38,2026-09-28 06:00:00,3 days 06:00:00,78,17.0,-160.62,989.0,60.1
2026-09-25,EP152026,38,2026-09-28 12:00:00,3 days 12:00:00,84,17.25,-161.5,988.0,61.5
2026-09-25,EP152026,38,2026-09-28 18:00:00,3 days 18:00:00,90,17.88,-162.5,988.2,61.3
2026-09-25,EP152026,38,2026-09-29 00:00:00,4 days 00:00:00,96,18.5,-163.5,988.3,61.2
2026-09-25,EP152026,38,2026-09-29 06:00:00,4 days 06:00:00,102,19.5,-164.12,990.7,57.7
2026-09-25,EP152026,38,2026-09-29 12:00:00,4 days 12:00:00,108,20.5,-164.75,993.1,54.3
2026-09-25,EP152026,38,2026-09-29 18:00:00,4 days 18:00:00,114,21.5,-165.12,992.9,54.5
2026-09-25,EP152026,38,2026-09-30 00:00:00,5 days 00:00:00,120,22.5,-165.5,992.7,54.8
2026-09-25,EP152026,38,2026-09-30 06:00:00,5 days 06:00:00,126,22.88,-165.75,992.4,55.3
2026-09-25,EP152026,38,2026-09-30 12:00:00,5 days 12:00:00,132,23.25,-166.0,992.0,55.9
2026-09-25,EP152026,38,2026-09-30 18:00:00,5 days 18:00:00,138,23.63,-166.62,991.8,56.2
2026-09-25,EP152026,38,2026-10-01 00:00:00,6 days 00:00:00,144,24.0,-167.25,991.6,56.5
2026-09-25,EP152026,38,2026-10-01 06:00:00,6 days 06:00:00,150,24.13,-167.75,991.6,56.4
2026-09-25,EP152026,38,2026-10-01 12:00:00,6 days 12:00:00,156,24.25,-168.25,991.7,56.4
2026-09-25,EP152026,38,2026-10-01 18:00:00,6 days 18:00:00,162,24.13,-168.88,991.3,56.9
2026-09-25,EP152026,38,2026-10-02 00:00:00,7 days 00:00:00,168,24.0,-169.5,990.9,57.5
2026-09-25,EP152026,38,2026-10-02 06:00:00,7 days 06:00:00,174,23.25,-170.13,990.6,57.9
2026-09-25,EP152026,38,2026-10-02 12:00:00,7 days 12:00:00,180,22.5,-170.75,990.3,58.4
2026-09-25,EP152026,38,2026-10-02 18:00:00,7 days 18:00:00,186,21.88,-171.38,991.5,56.6
2026-09-25,EP152026,38,2026-10-03 00:00:00,8 days 00:00:00,192,21.25,-172.0,992.7,54.9
2026-09-25,EP152026,38,2026-10-03 06:00:00,8 days 06:00:00,198,20.5,-173.0,994.2,52.7
2026-09-25,EP152026,38,2026-10-03 12:00:00,8 days 12:00:00,204,19.75,-174.0,995.7,50.4
2026-09-25,EP152026,38,2026-10-03 18:00:00,8 days 18:00:00,210,19.5,-175.0,992.5,55.0
2026-09-25,EP152026,38,2026-10-04 00:00:00,9 days 00:00:00,216,19.25,-176.0,989.3,59.7
2026-09-25,EP152026,38,2026-10-04 06:00:00,9 days 06:00:00,222,19.26,-177.5,989.5,59.4
2026-09-25,EP152026,38,2026-10-04 12:00:00,9 days 12:00:00,228,19.25,-179.0,989.7,59.1
2026-09-25,EP152026,38,2026-10-04 18:00:00,9 days 18:00:00,234,19.51,179.25,986.4,63.6
2026-09-25,EP152026,38,2026-10-05 00:00:00,10 days 00:00:00,240,19.75,177.5,983.1,68.1
2026-09-25,EP152026,38,2026-10-05 06:00:00,10 days 06:00:00,246,20.26,175.38,982.5,68.9
2026-09-25,EP152026,38,2026-10-05 12:00:00,10 days 12:00:00,252,20.75,173.25,981.9,69.7
2026-09-25,EP152026,38,2026-10-05 18:00:00,10 days 18:00:00,258,21.14,171.26,981.4,70.4
2026-09-25,EP152026,38,2026-10-06 00:00:00,11 days 00:00:00,264,21.5,169.25,980.9,71.1
2026-09-25,EP152026,38,2026-10-06 06:00:00,11 days 06:00:00,270,22.01,167.51,981.8,69.9
2026-09-25,EP152026,38,2026-10-06 12:00:00,11 days 12:00:00,276,22.5,165.75,982.6,68.8
2026-09-25,EP152026,38,2026-10-06 18:00:00,11 days 18:00:00,282,23.26,164.13,980.6,71.4
2026-09-25,EP152026,38,2026-10-07 00:00:00,12 days 00:00:00,288,24.0,162.5,978.6,74.1
2026-09-25,EP152026,38,2026-10-07 06:00:00,12 days 06:00:00,294,24.75,161.38,977.1,75.8
2026-09-25,EP152026,38,2026-10-07 12:00:00,12 days 12:00:00,300,25.5,160.25,975.7,77.6
2026-09-25,EP152026,38,2026-10-07 18:00:00,12 days 18:00:00,306,26.5,159.88,973.9,79.9
2026-09-25,EP152026,38,2026-10-08 00:00:00,13 days 00:00:00,312,27.5,159.5,972.0,82.2
2026-09-25,EP152026,38,2026-10-08 06:00:00,13 days 06:00:00,318,28.75,160.24,971.3,83.0
2026-09-25,EP152026,38,2026-10-08 12:00:00,13 days 12:00:00,324,30.0,161.0,970.6,83.9
2026-09-25,EP152026,38,2026-10-08 18:00:00,13 days 18:00:00,330,30.88,162.11,974.3,79.4
2026-09-25,EP152026,38,2026-10-09 00:00:00,14 days 00:00:00,336,31.75,163.25,978.0,74.8
2026-09-25,EP152026,38,2026-10-09 06:00:00,14 days 06:00:00,342,31.88,164.0,979.9,72.4
2026-09-25,EP152026,38,2026-10-09 12:00:00,14 days 12:00:00,348,32.0,164.75,981.8,69.9
2026-09-25,EP152026,38,2026-10-09 18:00:00,14 days 18:00:00,354,32.13,165.25,982.6,68.9
2026-09-25,EP152026,38,2026-10-10 00:00:00,15 days 00:00:00,360,32.25,165.75,983.4,67.8
2026-09-25,EP162026,38,2026-09-25 00:00:00,0 days 00:00:00,0,17.0,-124.75,975.5,77.9
2026-09-25,EP162026,38,2026-09-25 06:00:00,0 days 06:00:00,6,17.25,-124.25,975.6,77.8
2026-09-25,EP162026,38,2026-09-25 12:00:00,0 days 12:00:00,12,17.5,-123.75,975.7,77.7
2026-09-25,EP162026,38,2026-09-25 18:00:00,0 days 18:00:00,18,17.62,-123.75,979.0,73.5
2026-09-25,EP162026,38,2026-09-26 00:00:00,1 days 00:00:00,24,17.75,-123.75,982.3,69.3
2026-09-25,EP162026,38,2026-09-26 06:00:00,1 days 06:00:00,30,18.13,-124.0,986.0,64.3
2026-09-25,EP162026,38,2026-09-26 12:00:00,1 days 12:00:00,36,18.5,-124.25,989.6,59.3
2026-09-25,EP162026,38,2026-09-26 18:00:00,1 days 18:00:00,42,19.0,-124.5,992.3,55.4
2026-09-25,EP162026,38,2026-09-27 00:00:00,2 days 00:00:00,48,19.5,-124.75,995.0,51.4
2026-09-25,EP162026,38,2026-09-27 06:00:00,2 days 06:00:00,54,20.25,-124.75,995.6,50.5
2026-09-25,EP162026,38,2026-09-27 12:00:00,2 days 12:00:00,60,21.0,-124.75,996.3,49.5
2026-09-25,EP162026,38,2026-09-27 18:00:00,2 days 18:00:00,66,21.5,-124.13,998.4,46.2
2026-09-25,EP162026,38,2026-09-28 00:00:00,3 days 00:00:00,72,22.0,-123.5,1000.5,42.8
2026-09-25,EP162026,38,2026-09-28 06:00:00,3 days 06:00:00,78,22.21,-118.38,988.8,59.4
2026-09-25,EP162026,38,2026-09-28 12:00:00,3 days 12:00:00,84,22.25,-113.25,977.0,76.0
2026-09-25,EP162026,38,2026-09-28 18:00:00,3 days 18:00:00,90,22.88,-112.88,976.9,76.2
2026-09-25,EP162026,38,2026-09-29 00:00:00,4 days 00:00:00,96,23.5,-112.5,976.7,76.4
2026-09-25,EP162026,38,2026-09-29 06:00:00,4 days 06:00:00,102,24.13,-112.0,977.1,75.9
2026-09-25,EP162026,38,2026-09-29 12:00:00,4 days 12:00:00,108,24.75,-111.5,977.6,75.3
2026-09-25,EP162026,38,2026-09-29 18:00:00,4 days 18:00:00,114,25.88,-110.88,984.7,65.7
2026-09-25,EP162026,38,2026-09-30 00:00:00,5 days 00:00:00,120,27.0,-110.25,991.9,56.0
2026-09-25,EP162026,38,2026-09-30 06:00:00,5 days 06:00:00,126,22.88,-108.45,980.4,71.0
2026-09-25,EP162026,38,2026-09-30 12:00:00,5 days 12:00:00,132,18.75,-106.75,968.9,85.9
2026-09-25,EP162026,38,2026-09-30 18:00:00,5 days 18:00:00,138,19.5,-106.87,973.6,80.1
2026-09-25,EP162026,38,2026-10-01 00:00:00,6 days 00:00:00,144,20.25,-107.0,978.3,74.4
2026-09-25,EP162026,38,2026-10-01 06:00:00,6 days 06:00:00,150,21.13,-107.12,979.4,73.0
2026-09-25,EP162026,38,2026-10-01 12:00:00,6 days 12:00:00,156,22.0,-107.25,980.4,71.7
2026-09-25,EP162026,38,2026-10-01 18:00:00,6 days 18:00:00,162,22.38,-107.62,985.0,65.5
2026-09-25,EP162026,38,2026-10-02 00:00:00,7 days 00:00:00,168,22.75,-108.0,989.6,59.4
2026-09-25,EP162026,38,2026-10-02 06:00:00,7 days 06:00:00,174,22.88,-108.37,993.2,54.0
2026-09-25,EP162026,38,2026-10-02 12:00:00,7 days 12:00:00,180,23.0,-108.75,996.8,48.7
2026-09-25,EP162026,38,2026-10-02 18:00:00,7 days 18:00:00,186,23.13,-109.5,999.3,44.6
2026-09-25,EP162026,38,2026-10-03 00:00:00,8 days 00:00:00,192,23.25,-110.25,1001.9,40.5
2026-09-25,EP162026,38,2026-10-03 06:00:00,8 days 06:00:00,198,23.25,-110.88,1002.2,40.0
2026-09-25,EP162026,38,2026-10-03 12:00:00,8 days 12:00:00,204,23.25,-111.5,1002.6,39.4
2026-09-25,EP172026,38,2026-09-25 00:00:00,0 days 00:00:00,0,17.0,-106.25,960.1,96.1
2026-09-25,EP172026,38,2026-09-25 06:00:00,0 days 06:00:00,6,17.13,-107.25,969.0,85.5
2026-09-25,EP172026,38,2026-09-25 12:00:00,0 days 12:00:00,12,17.25,-108.25,977.9,74.9
2026-09-25,EP172026,38,2026-09-25 18:00:00,0 days 18:00:00,18,17.63,-109.25,975.2,78.2
2026-09-25,EP172026,38,2026-09-26 00:00:00,1 days 00:00:00,24,18.0,-110.25,972.5,81.6
2026-09-25,EP172026,38,2026-09-26 06:00:00,1 days 06:00:00,30,18.13,-110.87,973.0,81.0
2026-09-25,EP172026,38,2026-09-26 12:00:00,1 days 12:00:00,36,18.25,-111.5,973.5,80.4
2026-09-25,EP172026,38,2026-09-26 18:00:00,1 days 18:00:00,42,18.63,-112.12,973.0,81.0
2026-09-25,EP172026,38,2026-09-27 00:00:00,2 days 00:00:00,48,19.0,-112.75,972.5,81.6
2026-09-25,EP172026,38,2026-09-27 06:00:00,2 days 06:00:00,54,19.63,-113.0,975.1,78.4
2026-09-25,EP172026,38,2026-09-27 12:00:00,2 days 12:00:00,60,20.25,-113.25,977.6,75.3
2026-09-25,EP172026,38,2026-09-27 18:00:00,2 days 18:00:00,66,20.88,-113.25,978.5,74.2
2026-09-25,EP172026,38,2026-09-28 00:00:00,3 days 00:00:00,72,21.5,-113.25,979.3,73.1
2026-09-25,EP172026,38,2026-09-28 06:00:00,3 days 06:00:00,78,21.88,-113.25,978.2,74.5
2026-09-25,EP172026,38,2026-09-28 12:00:00,3 days 12:00:00,84,22.25,-113.25,977.0,76.0
2026-09-25,WP252026,38,2026-09-25 00:00:00,0 days 00:00:00,0,20.25,130.25,1002.4,39.6
2026-09-25,WP252026,38,2026-09-25 06:00:00,0 days 06:00:00,6,20.75,129.25,1001.7,40.8
2026-09-25,WP252026,38,2026-09-25 12:00:00,0 days 12:00:00,12,21.25,128.25,1001.0,42.0
2026-09-25,WP252026,38,2026-09-25 18:00:00,0 days 18:00:00,18,21.75,127.75,1000.2,43.3
2026-09-25,WP252026,38,2026-09-26 00:00:00,1 days 00:00:00,24,22.25,127.25,999.4,44.6
2026-09-25,WP252026,38,2026-09-26 06:00:00,1 days 06:00:00,30,22.75,126.88,995.8,50.2
2026-09-25,WP252026,38,2026-09-26 12:00:00,1 days 12:00:00,36,23.25,126.5,992.1,55.7
2026-09-25,WP252026,38,2026-09-26 18:00:00,1 days 18:00:00,42,23.63,126.87,990.1,58.5
2026-09-25,WP252026,38,2026-09-27 00:00:00,2 days 00:00:00,48,24.0,127.25,988.2,61.3
2026-09-25,WP252026,38,2026-09-27 06:00:00,2 days 06:00:00,54,24.25,127.62,984.4,66.4
2026-09-25,WP252026,38,2026-09-27 12:00:00,2 days 12:00:00,60,24.5,128.0,980.6,71.4
2026-09-25,WP252026,38,2026-09-27 18:00:00,2 days 18:00:00,66,25.13,128.5,980.1,72.0
2026-09-25,WP252026,38,2026-09-28 00:00:00,3 days 00:00:00,72,25.75,129.0,979.7,72.6
2026-09-25,WP252026,38,2026-09-28 06:00:00,3 days 06:00:00,78,26.25,129.75,980.6,71.5
2026-09-25,WP252026,38,2026-09-28 12:00:00,3 days 12:00:00,84,26.75,130.5,981.5,70.3
2026-09-25,WP252026,38,2026-09-28 18:00:00,3 days 18:00:00,90,27.13,131.5,985.6,64.8
2026-09-25,WP252026,38,2026-09-29 00:00:00,4 days 00:00:00,96,27.5,132.5,989.6,59.3
2026-09-25,WP252026,38,2026-09-29 06:00:00,4 days 06:00:00,102,28.0,133.5,989.5,59.4
2026-09-25,WP252026,38,2026-09-29 12:00:00,4 days 12:00:00,108,28.5,134.5,989.4,59.6
2026-09-25,WP252026,38,2026-09-29 18:00:00,4 days 18:00:00,114,29.0,135.25,991.6,56.3
2026-09-25,WP252026,38,2026-09-30 00:00:00,5 days 00:00:00,120,29.5,136.0,993.9,53.1
2026-09-25,WP252026,38,2026-09-30 06:00:00,5 days 06:00:00,126,30.63,137.24,997.1,48.2
2026-09-25,WP252026,38,2026-09-30 12:00:00,5 days 12:00:00,132,31.75,138.5,1000.3,43.2
2026-09-25,WP252026,38,2026-09-30 18:00:00,5 days 18:00:00,138,33.26,140.34,1001.6,40.9
2026-09-25,WP252026,38,2026-10-01 00:00:00,6 days 00:00:00,144,34.75,142.25,1003.0,38.6
2026-09-25,AL062026,39,2026-09-25 00:00:00,0 days 00:00:00,0,30.0,-41.75,1015.2,13.2
2026-09-25,AL062026,39,2026-09-25 06:00:00,0 days 06:00:00,6,29.88,-42.25,1014.7,14.4
2026-09-25,AL062026,39,2026-09-25 12:00:00,0 days 12:00:00,12,29.75,-42.75,1014.3,15.6
2026-09-25,AL062026,39,2026-09-25 18:00:00,0 days 18:00:00,18,29.75,-43.12,1014.3,15.7
2026-09-25,AL062026,39,2026-09-26 00:00:00,1 days 00:00:00,24,29.75,-43.5,1014.2,15.8
2026-09-25,AL062026,39,2026-09-26 06:00:00,1 days 06:00:00,30,29.5,-43.88,1014.3,15.5
2026-09-25,AL062026,39,2026-09-26 12:00:00,1 days 12:00:00,36,29.25,-44.25,1014.4,15.3
2026-09-25,AL062026,39,2026-09-26 18:00:00,1 days 18:00:00,42,29.13,-44.5,1014.6,14.9
2026-09-25,AL062026,39,2026-09-27 00:00:00,2 days 00:00:00,48,29.0,-44.75,1014.7,14.5
2026-09-25,AL062026,39,2026-09-27 06:00:00,2 days 06:00:00,54,29.0,-45.0,1015.1,13.3
2026-09-25,AL062026,39,2026-09-27 12:00:00,2 days 12:00:00,60,29.0,-45.25,1015.5,12.2
2026-09-25,AL072026,39,2026-09-25 00:00:00,0 days 00:00:00,0,13.25,-22.0,1006.2,32.9
2026-09-25,AL072026,39,2026-09-25 06:00:00,0 days 06:00:00,6,13.88,-22.37,1005.2,34.8
2026-09-25,AL072026,39,2026-09-25 12:00:00,0 days 12:00:00,12,14.5,-22.75,1004.1,36.7
2026-09-25,AL072026,39,2026-09-25 18:00:00,0 days 18:00:00,18,15.38,-22.75,1003.6,37.5
2026-09-25,AL072026,39,2026-09-26 00:00:00,1 days 00:00:00,24,16.25,-22.75,1003.2,38.3
2026-09-25,AL072026,39,2026-09-26 06:00:00,1 days 06:00:00,30,17.63,-22.63,1003.3,38.2
2026-09-25,AL072026,39,2026-09-26 12:00:00,1 days 12:00:00,36,19.0,-22.5,1003.3,38.0
2026-09-25,EP152026,39,2026-09-25 00:00:00,0 days 00:00:00,0,14.75,-156.0,983.9,67.1
2026-09-25,EP152026,39,2026-09-25 06:00:00,0 days 06:00:00,6,15.25,-155.88,984.9,65.8
2026-09-25,EP152026,39,2026-09-25 12:00:00,0 days 12:00:00,12,15.75,-155.75,985.9,64.4
2026-09-25,EP152026,39,2026-09-25 18:00:00,0 days 18:00:00,18,16.0,-155.25,985.7,64.7
2026-09-25,EP152026,39,2026-09-26 00:00:00,1 days 00:00:00,24,16.25,-154.75,985.5,65.0
2026-09-25,EP152026,39,2026-09-26 06:00:00,1 days 06:00:00,30,16.75,-154.87,986.7,63.3
2026-09-25,EP152026,39,2026-09-26 12:00:00,1 days 12:00:00,36,17.25,-155.0,987.9,61.7
2026-09-25,EP152026,39,2026-09-26 18:00:00,1 days 18:00:00,42,17.13,-155.13,988.5,60.9
2026-09-25,EP152026,39,2026-09-27 00:00:00,2 days 00:00:00,48,17.0,-155.25,989.1,60.1
2026-09-25,EP152026,39,2026-09-27 06:00:00,2 days 06:00:00,54,16.88,-156.0,988.0,61.6
2026-09-25,EP152026,39,2026-09-27 12:00:00,2 days 12:00:00,60,16.75,-156.75,986.9,63.1
2026-09-25,EP152026,39,2026-09-27 18:00:00,2 days 18:00:00,66,16.63,-157.88,989.5,59.4
2026-09-25,EP152026,39,2026-09-28 00:00:00,3 days 00:00:00,72,16.5,-159.0,992.1,55.8
2026-09-25,EP152026,39,2026-09-28 06:00:00,3 days 06:00:00,78,16.63,-160.12,992.6,55.0
2026-09-25,EP152026,39,2026-09-28 12:00:00,3 days 12:00:00,84,16.75,-161.25,993.1,54.2
2026-09-25,EP152026,39,2026-09-28 18:00:00,3 days 18:00:00,90,17.38,-162.0,994.5,52.1
2026-09-25,EP152026,39,2026-09-29 00:00:00,4 days 00:00:00,96,18.0,-162.75,995.9,50.0
2026-09-25,EP152026,39,2026-09-29 06:00:00,4 days 06:00:00,102,18.63,-163.37,997.1,48.2
2026-09-25,EP152026,39,2026-09-29 12:00:00,4 days 12:00:00,108,19.25,-164.0,998.3,46.4
2026-09-25,EP152026,39,2026-09-29 18:00:00,4 days 18:00:00,114,19.5,-163.75,1000.4,42.8
2026-09-25,EP152026,39,2026-09-30 00:00:00,5 days 00:00:00,120,19.75,-163.5,1002.6,39.3
2026-09-25,EP152026,39,2026-09-30 06:00:00,5 days 06:00:00,126,20.75,-163.25,1002.0,40.3
2026-09-25,EP152026,39,2026-09-30 12:00:00,5 days 12:00:00,132,21.75,-163.0,1001.4,41.3
2026-09-25,EP152026,39,2026-09-30 18:00:00,5 days 18:00:00,138,22.75,-163.12,1000.7,42.5
2026-09-25,EP152026,39,2026-10-01 00:00:00,6 days 00:00:00,144,23.75,-163.25,999.9,43.8
2026-09-25,EP152026,39,2026-10-01 06:00:00,6 days 06:00:00,150,25.32,-164.03,997.6,47.3
2026-09-25,EP152026,39,2026-10-01 12:00:00,6 days 12:00:00,156,26.88,-164.83,995.2,50.9
2026-09-25,EP152026,39,2026-10-01 18:00:00,6 days 18:00:00,162,28.45,-165.65,992.8,54.5
2026-09-25,EP152026,39,2026-10-02 00:00:00,7 days 00:00:00,168,30.0,-166.5,990.5,58.1
2026-09-25,EP152026,39,2026-10-02 06:00:00,7 days 06:00:00,174,30.13,-167.25,991.6,56.4
2026-09-25,EP152026,39,2026-10-02 12:00:00,7 days 12:00:00,180,30.25,-168.0,992.8,54.8
2026-09-25,EP152026,39,2026-10-02 18:00:00,7 days 18:00:00,186,29.88,-168.25,992.8,54.8
2026-09-25,EP152026,39,2026-10-03 00:00:00,8 days 00:00:00,192,29.5,-168.5,992.8,54.8
2026-09-25,EP152026,39,2026-10-03 06:00:00,8 days 06:00:00,198,29.38,-168.25,993.1,54.3
2026-09-25,EP152026,39,2026-10-03 12:00:00,8 days 12:00:00,204,29.25,-168.0,993.4,53.9
2026-09-25,EP152026,39,2026-10-03 18:00:00,8 days 18:00:00,210,29.0,-168.13,995.2,51.2
2026-09-25,EP152026,39,2026-10-04 00:00:00,9 days 00:00:00,216,28.75,-168.25,997.0,48.5
2026-09-25,EP152026,39,2026-10-04 06:00:00,9 days 06:00:00,222,28.13,-168.88,1001.5,40.9
2026-09-25,EP152026,39,2026-10-04 12:00:00,9 days 12:00:00,228,27.5,-169.5,1006.0,33.3
2026-09-25,EP162026,39,2026-09-25 00:00:00,0 days 00:00:00,0,17.0,-124.75,975.5,77.9
2026-09-25,EP162026,39,2026-09-25 06:00:00,0 days 06:00:00,6,17.25,-124.25,975.8,77.6
2026-09-25,EP162026,39,2026-09-25 12:00:00,0 days 12:00:00,12,17.5,-123.75,976.0,77.2
2026-09-25,EP162026,39,2026-09-25 18:00:00,0 days 18:00:00,18,18.0,-123.75,973.5,80.4
2026-09-25,EP162026,39,2026-09-26 00:00:00,1 days 00:00:00,24,18.5,-123.75,970.9,83.6
2026-09-25,EP162026,39,2026-09-26 06:00:00,1 days 06:00:00,30,19.0,-123.87,972.9,81.1
2026-09-25,EP162026,39,2026-09-26 12:00:00,1 days 12:00:00,36,19.5,-124.0,975.0,78.6
2026-09-25,EP162026,39,2026-09-26 18:00:00,1 days 18:00:00,42,20.13,-124.12,983.0,67.9
2026-09-25,EP162026,39,2026-09-27 00:00:00,2 days 00:00:00,48,20.75,-124.25,991.0,57.3
2026-09-25,EP162026,39,2026-09-27 06:00:00,2 days 06:00:00,54,21.25,-124.37,994.4,52.3
2026-09-25,EP162026,39,2026-09-27 12:00:00,2 days 12:00:00,60,21.75,-124.5,997.7,47.3
2026-09-25,EP162026,39,2026-09-27 18:00:00,2 days 18:00:00,66,23.1,-119.05,986.7,62.4
2026-09-25,EP162026,39,2026-09-28 00:00:00,3 days 00:00:00,72,24.25,-113.5,975.7,77.6
2026-09-25,EP162026,39,2026-09-28 06:00:00,3 days 06:00:00,78,25.25,-112.88,977.6,75.3
2026-09-25,EP162026,39,2026-09-28 12:00:00,3 days 12:00:00,84,26.25,-112.25,979.5,72.9
2026-09-25,EP162026,39,2026-09-28 18:00:00,3 days 18:00:00,90,27.13,-111.63,985.1,65.3
2026-09-25,EP162026,39,2026-09-29 00:00:00,4 days 00:00:00,96,28.0,-111.0,990.8,57.6
2026-09-25,EP162026,39,2026-09-29 06:00:00,4 days 06:00:00,102,28.48,-109.03,993.0,54.3
2026-09-25,EP162026,39,2026-09-29 12:00:00,4 days 12:00:00,108,28.93,-107.03,995.1,51.0
2026-09-25,EP162026,39,2026-09-29 18:00:00,4 days 18:00:00,114,29.36,-105.02,997.3,47.7
2026-09-25,EP162026,39,2026-09-30 00:00:00,5 days 00:00:00,120,29.75,-103.0,999.5,44.4
2026-09-25,EP172026,39,2026-09-25 00:00:00,0 days 00:00:00,0,17.0,-106.25,960.1,96.1
2026-09-25,EP172026,39,2026-09-25 06:00:00,0 days 06:00:00,6,17.13,-107.25,967.8,87.0
2026-09-25,EP172026,39,2026-09-25 12:00:00,0 days 12:00:00,12,17.25,-108.25,975.5,77.9
2026-09-25,EP172026,39,2026-09-25 18:00:00,0 days 18:00:00,18,17.5,-109.0,972.5,81.5
2026-09-25,EP172026,39,2026-09-26 00:00:00,1 days 00:00:00,24,17.75,-109.75,969.5,85.2
2026-09-25,EP172026,39,2026-09-26 06:00:00,1 days 06:00:00,30,18.13,-110.5,970.8,83.7
2026-09-25,EP172026,39,2026-09-26 12:00:00,1 days 12:00:00,36,18.5,-111.25,972.0,82.2
2026-09-25,EP172026,39,2026-09-26 18:00:00,1 days 18:00:00,42,19.38,-112.12,972.1,82.1
2026-09-25,EP172026,39,2026-09-27 00:00:00,2 days 00:00:00,48,20.25,-113.0,972.1,82.1
2026-09-25,EP172026,39,2026-09-27 06:00:00,2 days 06:00:00,54,21.13,-113.37,971.2,83.2
2026-09-25,EP172026,39,2026-09-27 12:00:00,2 days 12:00:00,60,22.0,-113.75,970.2,84.3
2026-09-25,EP172026,39,2026-09-27 18:00:00,2 days 18:00:00,66,23.13,-113.63,973.0,81.0
2026-09-25,EP172026,39,2026-09-28 00:00:00,3 days 00:00:00,72,24.25,-113.5,975.7,77.6
2026-09-25,WP252026,39,2026-09-25 00:00:00,0 days 00:00:00,0,20.25,130.25,1002.4,39.6
2026-09-25,WP252026,39,2026-09-25 06:00:00,0 days 06:00:00,6,20.75,129.25,1001.2,41.6
2026-09-25,WP252026,39,2026-09-25 12:00:00,0 days 12:00:00,12,21.25,128.25,1000.0,43.6
2026-09-25,WP252026,39,2026-09-25 18:00:00,0 days 18:00:00,18,21.88,127.75,998.6,45.8
2026-09-25,WP252026,39,2026-09-26 00:00:00,1 days 00:00:00,24,22.5,127.25,997.2,48.0
2026-09-25,WP252026,39,2026-09-26 06:00:00,1 days 06:00:00,30,23.25,127.25,994.2,52.6
2026-09-25,WP252026,39,2026-09-26 12:00:00,1 days 12:00:00,36,24.0,127.25,991.1,57.1
2026-09-25,WP252026,39,2026-09-26 18:00:00,1 days 18:00:00,42,24.38,127.5,987.9,61.6
2026-09-25,WP252026,39,2026-09-27 00:00:00,2 days 00:00:00,48,24.75,127.75,984.6,66.2
2026-09-25,WP252026,39,2026-09-27 06:00:00,2 days 06:00:00,54,25.38,128.37,982.8,68.5
2026-09-25,WP252026,39,2026-09-27 12:00:00,2 days 12:00:00,60,26.0,129.0,981.0,70.9
2026-09-25,WP252026,39,2026-09-27 18:00:00,2 days 18:00:00,66,26.63,129.62,981.9,69.7
2026-09-25,WP252026,39,2026-09-28 00:00:00,3 days 00:00:00,72,27.25,130.25,982.9,68.5
2026-09-25,WP252026,39,2026-09-28 06:00:00,3 days 06:00:00,78,27.63,131.25,985.7,64.7
2026-09-25,WP252026,39,2026-09-28 12:00:00,3 days 12:00:00,84,28.0,132.25,988.4,60.9
2026-09-25,WP252026,39,2026-09-28 18:00:00,3 days 18:00:00,90,28.5,133.37,992.4,55.1
2026-09-25,WP252026,39,2026-09-29 00:00:00,4 days 00:00:00,96,29.0,134.5,996.4,49.3
2026-09-25,WP252026,39,2026-09-29 06:00:00,4 days 06:00:00,102,29.51,135.87,997.1,48.2
2026-09-25,WP252026,39,2026-09-29 12:00:00,4 days 12:00:00,108,30.0,137.25,997.8,47.1
2026-09-25,WP252026,39,2026-09-29 18:00:00,4 days 18:00:00,114,31.26,138.85,997.3,47.9
2026-09-25,WP252026,39,2026-09-30 00:00:00,5 days 00:00:00,120,32.5,140.5,996.8,48.8
2026-09-25,WP252026,39,2026-09-30 06:00:00,5 days 06:00:00,126,33.76,141.61,997.8,47.1
2026-09-25,WP252026,39,2026-09-30 12:00:00,5 days 12:00:00,132,35.0,142.75,998.8,45.5
2026-09-25,AL062026,4,2026-09-25 00:00:00,0 days 00:00:00,0,30.0,-41.75,1015.2,13.2
2026-09-25,AL062026,4,2026-09-25 06:00:00,0 days 06:00:00,6,30.0,-42.0,1014.7,14.4
2026-09-25,AL062026,4,2026-09-25 12:00:00,0 days 12:00:00,12,30.0,-42.25,1014.3,15.6
2026-09-25,AL062026,4,2026-09-25 18:00:00,0 days 18:00:00,18,30.0,-43.0,1014.9,13.8
2026-09-25,AL062026,4,2026-09-26 00:00:00,1 days 00:00:00,24,30.0,-43.75,1015.5,12.1
2026-09-25,AL062026,4,2026-09-26 06:00:00,1 days 06:00:00,30,29.88,-44.25,1015.5,12.2
2026-09-25,AL062026,4,2026-09-26 12:00:00,1 days 12:00:00,36,29.75,-44.75,1015.5,12.2
2026-09-25,AL062026,4,2026-09-26 18:00:00,1 days 18:00:00,42,29.88,-44.87,1015.6,11.9
2026-09-25,AL062026,4,2026-09-27 00:00:00,2 days 00:00:00,48,30.0,-45.0,1015.7,11.7
2026-09-25,AL062026,4,2026-09-27 06:00:00,2 days 06:00:00,54,34.78,-42.64,1010.9,22.4
2026-09-25,AL062026,4,2026-09-27 12:00:00,2 days 12:00:00,60,39.5,-40.0,1006.1,33.2
2026-09-25,EP152026,4,2026-09-25 00:00:00,0 days 00:00:00,0,14.75,-156.0,983.9,67.1
2026-09-25,EP152026,4,2026-09-25 06:00:00,0 days 06:00:00,6,15.13,-155.88,985.4,65.1
2026-09-25,EP152026,4,2026-09-25 12:00:00,0 days 12:00:00,12,15.5,-155.75,986.9,63.0
2026-09-25,EP152026,4,2026-09-25 18:00:00,0 days 18:00:00,18,16.0,-155.25,987.3,62.4
2026-09-25,EP152026,4,2026-09-26 00:00:00,1 days 00:00:00,24,16.5,-154.75,987.8,61.9
2026-09-25,EP152026,4,2026-09-26 06:00:00,1 days 06:00:00,30,16.5,-154.62,989.9,58.8
2026-09-25,EP152026,4,2026-09-26 12:00:00,1 days 12:00:00,36,16.5,-154.5,992.1,55.7
2026-09-25,EP152026,4,2026-09-26 18:00:00,1 days 18:00:00,42,16.38,-154.63,991.7,56.3
2026-09-25,EP152026,4,2026-09-27 00:00:00,2 days 00:00:00,48,16.25,-154.75,991.4,56.8
2026-09-25,EP152026,4,2026-09-27 06:00:00,2 days 06:00:00,54,15.88,-155.25,987.7,61.9
2026-09-25,EP152026,4,2026-09-27 12:00:00,2 days 12:00:00,60,15.5,-155.75,984.0,67.0
2026-09-25,EP152026,4,2026-09-27 18:00:00,2 days 18:00:00,66,15.38,-156.5,983.0,68.3
2026-09-25,EP152026,4,2026-09-28 00:00:00,3 days 00:00:00,72,15.25,-157.25,982.0,69.6
2026-09-25,EP152026,4,2026-09-28 06:00:00,3 days 06:00:00,78,15.25,-158.25,982.3,69.3
2026-09-25,EP152026,4,2026-09-28 12:00:00,3 days 12:00:00,84,15.25,-159.25,982.5,69.0
2026-09-25,EP152026,4,2026-09-28 18:00:00,3 days 18:00:00,90,15.5,-160.0,982.2,69.4
2026-09-25,EP152026,4,2026-09-29 00:00:00,4 days 00:00:00,96,15.75,-160.75,981.9,69.8
2026-09-25,EP152026,4,2026-09-29 06:00:00,4 days 06:00:00,102,16.38,-161.62,979.6,72.6
2026-09-25,EP152026,4,2026-09-29 12:00:00,4 days 12:00:00,108,17.0,-162.5,977.4,75.5
2026-09-25,EP152026,4,2026-09-29 18:00:00,4 days 18:00:00,114,17.75,-163.12,978.8,73.7
2026-09-25,EP152026,4,2026-09-30 00:00:00,5 days 00:00:00,120,18.5,-163.75,980.3,71.8
2026-09-25,EP152026,4,2026-09-30 06:00:00,5 days 06:00:00,126,19.13,-164.0,980.0,72.3
2026-09-25,EP152026,4,2026-09-30 12:00:00,5 days 12:00:00,132,19.75,-164.25,979.6,72.7
2026-09-25,EP152026,4,2026-09-30 18:00:00,5 days 18:00:00,138,20.63,-164.37,979.7,72.6
2026-09-25,EP152026,4,2026-10-01 00:00:00,6 days 00:00:00,144,21.5,-164.5,979.8,72.5
2026-09-25,EP152026,4,2026-10-01 06:00:00,6 days 06:00:00,150,22.63,-164.62,983.4,67.7
2026-09-25,EP152026,4,2026-10-01 12:00:00,6 days 12:00:00,156,23.75,-164.75,987.0,62.9
2026-09-25,EP152026,4,2026-10-01 18:00:00,6 days 18:00:00,162,24.88,-165.37,987.8,61.8
2026-09-25,EP152026,4,2026-10-02 00:00:00,7 days 00:00:00,168,26.0,-166.0,988.6,60.7
2026-09-25,EP152026,4,2026-10-02 06:00:00,7 days 06:00:00,174,26.51,-167.37,988.3,61.1
2026-09-25,EP152026,4,2026-10-02 12:00:00,7 days 12:00:00,180,27.0,-168.75,988.0,61.6
2026-09-25,EP152026,4,2026-10-02 18:00:00,7 days 18:00:00,186,27.38,-170.12,988.1,61.4
2026-09-25,EP152026,4,2026-10-03 00:00:00,8 days 00:00:00,192,27.75,-171.5,988.2,61.2
2026-09-25,EP152026,4,2026-10-03 06:00:00,8 days 06:00:00,198,27.63,-172.0,988.9,60.3
2026-09-25,EP152026,4,2026-10-03 12:00:00,8 days 12:00:00,204,27.5,-172.5,989.6,59.3
2026-09-25,EP152026,4,2026-10-03 18:00:00,8 days 18:00:00,210,27.13,-173.25,992.3,55.4
2026-09-25,EP152026,4,2026-10-04 00:00:00,9 days 00:00:00,216,26.75,-174.0,995.0,51.5
2026-09-25,EP152026,4,2026-10-04 06:00:00,9 days 06:00:00,222,26.26,-175.51,998.2,46.4
2026-09-25,EP152026,4,2026-10-04 12:00:00,9 days 12:00:00,228,25.75,-177.0,1001.5,41.2
2026-09-25,EP152026,4,2026-10-04 18:00:00,9 days 18:00:00,234,25.14,-179.14,1002.3,39.8
2026-09-25,EP152026,4,2026-10-05 00:00:00,10 days 00:00:00,240,24.5,178.75,1003.2,38.3
2026-09-25,EP152026,4,2026-10-05 06:00:00,10 days 06:00:00,246,24.15,176.24,1003.4,37.8
2026-09-25,EP152026,4,2026-10-05 12:00:00,10 days 12:00:00,252,23.75,173.75,1003.7,37.4
2026-09-25,EP152026,4,2026-10-05 18:00:00,10 days 18:00:00,258,24.03,170.88,1003.7,37.5
2026-09-25,EP152026,4,2026-10-06 00:00:00,11 days 00:00:00,264,24.25,168.0,1003.6,37.5
2026-09-25,EP152026,4,2026-10-06 06:00:00,11 days 06:00:00,270,24.77,165.39,1004.0,36.9
2026-09-25,EP152026,4,2026-10-06 12:00:00,11 days 12:00:00,276,25.25,162.75,1004.3,36.3
2026-09-25,EP152026,4,2026-10-06 18:00:00,11 days 18:00:00,282,26.88,161.39,1001.4,41.1
2026-09-25,EP152026,4,2026-10-07 00:00:00,12 days 00:00:00,288,28.5,160.0,998.6,45.9
2026-09-25,EP152026,4,2026-10-07 06:00:00,12 days 06:00:00,294,31.5,159.64,997.1,48.2
2026-09-25,EP152026,4,2026-10-07 12:00:00,12 days 12:00:00,300,34.5,159.25,995.7,50.4
2026-09-25,EP162026,4,2026-09-25 00:00:00,0 days 00:00:00,0,17.0,-124.75,975.5,77.9
2026-09-25,EP162026,4,2026-09-25 06:00:00,0 days 06:00:00,6,17.25,-124.25,972.9,81.1
2026-09-25,EP162026,4,2026-09-25 12:00:00,0 days 12:00:00,12,17.5,-123.75,970.2,84.3
2026-09-25,EP162026,4,2026-09-25 18:00:00,0 days 18:00:00,18,18.0,-123.75,977.4,75.3
2026-09-25,EP162026,4,2026-09-26 00:00:00,1 days 00:00:00,24,18.5,-123.75,984.5,66.3
2026-09-25,EP162026,4,2026-09-26 06:00:00,1 days 06:00:00,30,19.0,-123.63,984.2,66.7
2026-09-25,EP162026,4,2026-09-26 12:00:00,1 days 12:00:00,36,19.5,-123.5,983.9,67.2
2026-09-25,EP162026,4,2026-09-26 18:00:00,1 days 18:00:00,42,20.25,-123.5,988.6,60.6
2026-09-25,EP162026,4,2026-09-27 00:00:00,2 days 00:00:00,48,21.0,-123.5,993.3,54.0
2026-09-25,EP162026,4,2026-09-27 06:00:00,2 days 06:00:00,54,21.63,-123.25,995.3,50.9
2026-09-25,EP162026,4,2026-09-27 12:00:00,2 days 12:00:00,60,22.25,-123.0,997.3,47.9
2026-09-25,EP162026,4,2026-09-27 18:00:00,2 days 18:00:00,66,22.5,-122.63,999.7,44.1
2026-09-25,EP162026,4,2026-09-28 00:00:00,3 days 00:00:00,72,22.75,-122.25,1002.0,40.3
2026-09-25,EP162026,4,2026-09-28 06:00:00,3 days 06:00:00,78,22.57,-117.62,987.2,61.0
2026-09-25,EP162026,4,2026-09-28 12:00:00,3 days 12:00:00,84,22.25,-113.0,972.4,81.7
2026-09-25,EP162026,4,2026-09-28 18:00:00,3 days 18:00:00,90,22.75,-112.75,976.4,76.7
2026-09-25,EP162026,4,2026-09-29 00:00:00,4 days 00:00:00,96,23.25,-112.5,980.4,71.7
2026-09-25,EP162026,4,2026-09-29 06:00:00,4 days 06:00:00,102,24.13,-112.0,987.8,61.5
2026-09-25,EP162026,4,2026-09-29 12:00:00,4 days 12:00:00,108,25.0,-111.5,995.1,51.3
2026-09-25,EP162026,4,2026-09-29 18:00:00,4 days 18:00:00,114,26.25,-111.13,995.6,50.6
2026-09-25,EP162026,4,2026-09-30 00:00:00,5 days 00:00:00,120,27.5,-110.75,996.0,49.9
2026-09-25,EP162026,4,2026-09-30 06:00:00,5 days 06:00:00,126,24.76,-109.89,988.5,59.8
2026-09-25,EP162026,4,2026-09-30 12:00:00,5 days 12:00:00,132,22.01,-109.06,980.9,69.7
2026-09-25,EP162026,4,2026-09-30 18:00:00,5 days 18:00:00,138,19.25,-108.27,973.4,79.6
2026-09-25,EP162026,4,2026-10-01 00:00:00,6 days 00:00:00,144,16.5,-107.5,965.8,89.5
2026-09-25,EP162026,4,2026-10-01 06:00:00,6 days 06:00:00,150,16.88,-108.37,967.1,88.1
2026-09-25,EP162026,4,2026-10-01 12:00:00,6 days 12:00:00,156,17.25,-109.25,968.3,86.6
2026-09-25,EP162026,4,2026-10-01 18:00:00,6 days 18:00:00,162,17.38,-110.0,964.6,90.9
2026-09-25,EP162026,4,2026-10-02 00:00:00,7 days 00:00:00,168,17.5,-110.75,960.9,95.2
2026-09-25,EP162026,4,2026-10-02 06:00:00,7 days 06:00:00,174,17.88,-111.5,961.7,94.3
2026-09-25,EP162026,4,2026-10-02 12:00:00,7 days 12:00:00,180,18.25,-112.25,962.6,93.3
2026-09-25,EP162026,4,2026-10-02 18:00:00,7 days 18:00:00,186,18.63,-112.87,963.0,92.8
2026-09-25,EP162026,4,2026-10-03 00:00:00,8 days 00:00:00,192,19.0,-113.5,963.5,92.3
2026-09-25,EP162026,4,2026-10-03 06:00:00,8 days 06:00:00,198,19.38,-114.87,961.4,94.6
2026-09-25,EP162026,4,2026-10-03 12:00:00,8 days 12:00:00,204,19.75,-116.25,959.3,97.0
2026-09-25,EP162026,4,2026-10-03 18:00:00,8 days 18:00:00,210,19.76,-117.63,960.5,95.7
2026-09-25,EP162026,4,2026-10-04 00:00:00,9 days 00:00:00,216,19.75,-119.0,961.6,94.4
2026-09-25,EP162026,4,2026-10-04 06:00:00,9 days 06:00:00,222,19.63,-120.13,966.5,88.6
2026-09-25,EP162026,4,2026-10-04 12:00:00,9 days 12:00:00,228,19.5,-121.25,971.4,82.9
2026-09-25,EP162026,4,2026-10-04 18:00:00,9 days 18:00:00,234,19.5,-122.12,974.2,79.5
2026-09-25,EP162026,4,2026-10-05 00:00:00,10 days 00:00:00,240,19.5,-123.0,976.9,76.1
2026-09-25,EP162026,4,2026-10-05 06:00:00,10 days 06:00:00,246,19.63,-123.87,979.7,72.5
2026-09-25,EP162026,4,2026-10-05 12:00:00,10 days 12:00:00,252,19.75,-124.75,982.5,68.9
2026-09-25,EP162026,4,2026-10-05 18:00:00,10 days 18:00:00,258,20.0,-125.75,982.8,68.6
2026-09-25,EP162026,4,2026-10-06 00:00:00,11 days 00:00:00,264,20.25,-126.75,983.0,68.3
2026-09-25,EP162026,4,2026-10-06 06:00:00,11 days 06:00:00,270,20.63,-127.5,985.2,65.3
2026-09-25,EP162026,4,2026-10-06 12:00:00,11 days 12:00:00,276,21.0,-128.25,987.4,62.4
2026-09-25,EP162026,4,2026-10-06 18:00:00,11 days 18:00:00,282,21.38,-129.12,989.7,59.1
2026-09-25,EP162026,4,2026-10-07 00:00:00,12 days 00:00:00,288,21.75,-130.0,992.0,55.9
2026-09-25,EP162026,4,2026-10-07 06:00:00,12 days 06:00:00,294,22.0,-130.5,993.5,53.6
2026-09-25,EP162026,4,2026-10-07 12:00:00,12 days 12:00:00,300,22.25,-131.0,995.0,51.4
2026-09-25,EP162026,4,2026-10-07 18:00:00,12 days 18:00:00,306,22.5,-131.37,996.8,48.7
2026-09-25,EP162026,4,2026-10-08 00:00:00,13 days 00:00:00,312,22.75,-131.75,998.6,45.9
2026-09-25,EP162026,4,2026-10-08 06:00:00,13 days 06:00:00,318,22.88,-131.87,1000.4,42.9
2026-09-25,EP162026,4,2026-10-08 12:00:00,13 days 12:00:00,324,23.0,-132.0,1002.3,39.9
2026-09-25,EP162026,4,2026-10-08 18:00:00,13 days 18:00:00,330,23.25,-132.12,1002.7,39.2
2026-09-25,EP162026,4,2026-10-09 00:00:00,14 days 00:00:00,336,23.5,-132.25,1003.1,38.5
2026-09-25,EP172026,4,2026-09-25 00:00:00,0 days 00:00:00,0,17.0,-106.25,960.1,96.1
2026-09-25,EP172026,4,2026-09-25 06:00:00,0 days 06:00:00,6,17.25,-107.12,966.7,88.3
2026-09-25,EP172026,4,2026-09-25 12:00:00,0 days 12:00:00,12,17.5,-108.0,973.4,80.5
2026-09-25,EP172026,4,2026-09-25 18:00:00,0 days 18:00:00,18,17.63,-108.75,976.4,76.8
2026-09-25,EP172026,4,2026-09-26 00:00:00,1 days 00:00:00,24,17.75,-109.5,979.4,73.0
2026-09-25,EP172026,4,2026-09-26 06:00:00,1 days 06:00:00,30,18.0,-110.25,979.6,72.7
2026-09-25,EP172026,4,2026-09-26 12:00:00,1 days 12:00:00,36,18.25,-111.0,979.9,72.4
2026-09-25,EP172026,4,2026-09-26 18:00:00,1 days 18:00:00,42,18.63,-111.5,979.5,72.8
2026-09-25,EP172026,4,2026-09-27 00:00:00,2 days 00:00:00,48,19.0,-112.0,979.2,73.3
2026-09-25,EP172026,4,2026-09-27 06:00:00,2 days 06:00:00,54,19.63,-112.5,980.3,71.8
2026-09-25,EP172026,4,2026-09-27 12:00:00,2 days 12:00:00,60,20.25,-113.0,981.4,70.4
2026-09-25,EP172026,4,2026-09-27 18:00:00,2 days 18:00:00,66,20.75,-113.0,981.1,70.8
2026-09-25,EP172026,4,2026-09-28 00:00:00,3 days 00:00:00,72,21.25,-113.0,980.7,71.3
2026-09-25,EP172026,4,2026-09-28 06:00:00,3 days 06:00:00,78,21.75,-113.0,976.6,76.5
2026-09-25,EP172026,4,2026-09-28 12:00:00,3 days 12:00:00,84,22.25,-113.0,972.4,81.7
2026-09-25,WP252026,4,2026-09-25 00:00:00,0 days 00:00:00,0,20.25,130.25,1002.4,39.6
2026-09-25,WP252026,4,2026-09-25 06:00:00,0 days 06:00:00,6,20.63,129.38,999.3,44.6
2026-09-25,WP252026,4,2026-09-25 12:00:00,0 days 12:00:00,12,21.0,128.5,996.2,49.6
2026-09-25,WP252026,4,2026-09-25 18:00:00,0 days 18:00:00,18,21.75,128.0,996.3,49.5
2026-09-25,WP252026,4,2026-09-26 00:00:00,1 days 00:00:00,24,22.5,127.5,996.3,49.4
2026-09-25,WP252026,4,2026-09-26 06:00:00,1 days 06:00:00,30,23.0,127.38,996.9,48.5
2026-09-25,WP252026,4,2026-09-26 12:00:00,1 days 12:00:00,36,23.5,127.25,997.4,47.7
2026-09-25,WP252026,4,2026-09-26 18:00:00,1 days 18:00:00,42,24.13,127.62,995.3,51.0
2026-09-25,WP252026,4,2026-09-27 00:00:00,2 days 00:00:00,48,24.75,128.0,993.1,54.3
2026-09-25,WP252026,4,2026-09-27 06:00:00,2 days 06:00:00,54,25.13,128.37,990.5,57.9
2026-09-25,WP252026,4,2026-09-27 12:00:00,2 days 12:00:00,60,25.5,128.75,988.0,61.6
2026-09-25,WP252026,4,2026-09-27 18:00:00,2 days 18:00:00,66,26.0,129.25,992.0,55.7
2026-09-25,WP252026,4,2026-09-28 00:00:00,3 days 00:00:00,72,26.5,129.75,996.0,49.9
2026-09-25,WP252026,4,2026-09-28 06:00:00,3 days 06:00:00,78,26.75,130.5,996.4,49.4
2026-09-25,WP252026,4,2026-09-28 12:00:00,3 days 12:00:00,84,27.0,131.25,996.7,48.8
2026-09-25,WP252026,4,2026-09-28 18:00:00,3 days 18:00:00,90,27.5,131.87,997.9,47.0
2026-09-25,WP252026,4,2026-09-29 00:00:00,4 days 00:00:00,96,28.0,132.5,999.0,45.2
2026-09-25,WP252026,4,2026-09-29 06:00:00,4 days 06:00:00,102,28.5,133.37,1001.0,41.9
2026-09-25,WP252026,4,2026-09-29 12:00:00,4 days 12:00:00,108,29.0,134.25,1003.0,38.7
2026-09-25,WP252026,4,2026-09-29 18:00:00,4 days 18:00:00,114,30.25,135.11,1001.8,40.6
2026-09-25,WP252026,4,2026-09-30 00:00:00,5 days 00:00:00,120,31.5,136.0,1000.7,42.5
2026-09-25,WP252026,4,2026-09-30 06:00:00,5 days 06:00:00,126,32.51,137.73,1001.4,41.4
2026-09-25,WP252026,4,2026-09-30 12:00:00,5 days 12:00:00,132,33.5,139.5,1002.1,40.2
2026-09-25,WP252026,4,2026-09-30 18:00:00,5 days 18:00:00,138,35.8,143.02,1002.1,40.1
2026-09-25,WP252026,4,2026-10-01 00:00:00,6 days 00:00:00,144,38.0,146.75,1002.2,40.0
2026-09-25,AL062026,40,2026-09-25 00:00:00,0 days 00:00:00,0,30.0,-41.75,1015.2,13.2
2026-09-25,AL062026,40,2026-09-25 06:00:00,0 days 06:00:00,6,30.13,-42.12,1015.3,12.9
2026-09-25,AL062026,40,2026-09-25 12:00:00,0 days 12:00:00,12,30.25,-42.5,1015.4,12.6
2026-09-25,AL062026,40,2026-09-25 18:00:00,0 days 18:00:00,18,29.88,-43.0,1015.2,13.2
2026-09-25,AL062026,40,2026-09-26 00:00:00,1 days 00:00:00,24,29.5,-43.5,1015.0,13.7
2026-09-25,AL062026,40,2026-09-26 06:00:00,1 days 06:00:00,30,29.63,-44.0,1014.8,14.1
2026-09-25,AL062026,40,2026-09-26 12:00:00,1 days 12:00:00,36,29.75,-44.5,1014.7,14.5
2026-09-25,AL062026,40,2026-09-26 18:00:00,1 days 18:00:00,42,29.63,-44.63,1014.9,14.0
2026-09-25,AL062026,40,2026-09-27 00:00:00,2 days 00:00:00,48,29.5,-44.75,1015.1,13.5
2026-09-25,EP152026,40,2026-09-25 00:00:00,0 days 00:00:00,0,14.75,-156.0,983.9,67.1
2026-09-25,EP152026,40,2026-09-25 06:00:00,0 days 06:00:00,6,15.13,-155.88,984.9,65.8
2026-09-25,EP152026,40,2026-09-25 12:00:00,0 days 12:00:00,12,15.5,-155.75,985.9,64.4
2026-09-25,EP152026,40,2026-09-25 18:00:00,0 days 18:00:00,18,16.0,-155.5,984.9,65.8
2026-09-25,EP152026,40,2026-09-26 00:00:00,1 days 00:00:00,24,16.5,-155.25,983.8,67.2
2026-09-25,EP152026,40,2026-09-26 06:00:00,1 days 06:00:00,30,16.75,-155.25,980.8,71.2
2026-09-25,EP152026,40,2026-09-26 12:00:00,1 days 12:00:00,36,17.0,-155.25,977.8,75.1
2026-09-25,EP152026,40,2026-09-26 18:00:00,1 days 18:00:00,42,17.0,-155.75,980.5,71.6
2026-09-25,EP152026,40,2026-09-27 00:00:00,2 days 00:00:00,48,17.0,-156.25,983.2,68.1
2026-09-25,EP152026,40,2026-09-27 06:00:00,2 days 06:00:00,54,16.75,-157.0,983.0,68.3
2026-09-25,EP152026,40,2026-09-27 12:00:00,2 days 12:00:00,60,16.5,-157.75,982.8,68.5
2026-09-25,EP152026,40,2026-09-27 18:00:00,2 days 18:00:00,66,16.25,-158.75,979.9,72.3
2026-09-25,EP152026,40,2026-09-28 00:00:00,3 days 00:00:00,72,16.0,-159.75,977.0,76.0
2026-09-25,EP152026,40,2026-09-28 06:00:00,3 days 06:00:00,78,16.13,-160.75,980.1,72.1
2026-09-25,EP152026,40,2026-09-28 12:00:00,3 days 12:00:00,84,16.25,-161.75,983.1,68.1
2026-09-25,EP152026,40,2026-09-28 18:00:00,3 days 18:00:00,90,16.63,-162.75,983.9,67.2
2026-09-25,EP152026,40,2026-09-29 00:00:00,4 days 00:00:00,96,17.0,-163.75,984.6,66.2
2026-09-25,EP152026,40,2026-09-29 06:00:00,4 days 06:00:00,102,17.88,-164.25,982.6,68.8
2026-09-25,EP152026,40,2026-09-29 12:00:00,4 days 12:00:00,108,18.75,-164.75,980.7,71.3
2026-09-25,EP152026,40,2026-09-29 18:00:00,4 days 18:00:00,114,19.63,-165.0,980.6,71.4
2026-09-25,EP152026,40,2026-09-30 00:00:00,5 days 00:00:00,120,20.5,-165.25,980.5,71.5
2026-09-25,EP152026,40,2026-09-30 06:00:00,5 days 06:00:00,126,21.0,-165.25,985.1,65.4
2026-09-25,EP152026,40,2026-09-30 12:00:00,5 days 12:00:00,132,21.5,-165.25,989.6,59.3
2026-09-25,EP152026,40,2026-09-30 18:00:00,5 days 18:00:00,138,21.75,-165.37,990.9,57.4
2026-09-25,EP152026,40,2026-10-01 00:00:00,6 days 00:00:00,144,22.0,-165.5,992.2,55.6
2026-09-25,EP152026,40,2026-10-01 06:00:00,6 days 06:00:00,150,22.38,-166.12,992.6,55.0
2026-09-25,EP152026,40,2026-10-01 12:00:00,6 days 12:00:00,156,22.75,-166.75,993.0,54.4
2026-09-25,EP152026,40,2026-10-01 18:00:00,6 days 18:00:00,162,22.75,-167.25,992.4,55.3
2026-09-25,EP152026,40,2026-10-02 00:00:00,7 days 00:00:00,168,22.75,-167.75,991.8,56.2
2026-09-25,EP152026,40,2026-10-02 06:00:00,7 days 06:00:00,174,22.63,-168.0,990.4,58.1
2026-09-25,EP152026,40,2026-10-02 12:00:00,7 days 12:00:00,180,22.5,-168.25,989.0,60.1
2026-09-25,EP152026,40,2026-10-02 18:00:00,7 days 18:00:00,186,22.5,-168.5,989.9,58.8
2026-09-25,EP152026,40,2026-10-03 00:00:00,8 days 00:00:00,192,22.5,-168.75,990.8,57.6
2026-09-25,EP152026,40,2026-10-03 06:00:00,8 days 06:00:00,198,22.13,-169.38,991.3,56.8
2026-09-25,EP152026,40,2026-10-03 12:00:00,8 days 12:00:00,204,21.75,-170.0,991.8,56.1
2026-09-25,EP152026,40,2026-10-03 18:00:00,8 days 18:00:00,210,21.25,-171.13,990.1,58.6
2026-09-25,EP152026,40,2026-10-04 00:00:00,9 days 00:00:00,216,20.75,-172.25,988.4,61.0
2026-09-25,EP152026,40,2026-10-04 06:00:00,9 days 06:00:00,222,20.63,-173.5,992.0,55.7
2026-09-25,EP152026,40,2026-10-04 12:00:00,9 days 12:00:00,228,20.5,-174.75,995.6,50.5
2026-09-25,EP152026,40,2026-10-04 18:00:00,9 days 18:00:00,234,20.76,-176.62,994.6,52.0
2026-09-25,EP152026,40,2026-10-05 00:00:00,10 days 00:00:00,240,21.0,-178.5,993.6,53.6
2026-09-25,EP152026,40,2026-10-05 06:00:00,10 days 06:00:00,246,21.13,179.75,992.7,54.8
2026-09-25,EP152026,40,2026-10-05 12:00:00,10 days 12:00:00,252,21.25,178.0,991.8,56.1
2026-09-25,EP152026,40,2026-10-05 18:00:00,10 days 18:00:00,258,21.64,176.01,989.6,59.2
2026-09-25,EP152026,40,2026-10-06 00:00:00,11 days 00:00:00,264,22.0,174.0,987.4,62.3
2026-09-25,EP152026,40,2026-10-06 06:00:00,11 days 06:00:00,270,22.26,172.25,987.2,62.6
2026-09-25,EP152026,40,2026-10-06 12:00:00,11 days 12:00:00,276,22.5,170.5,987.0,62.9
2026-09-25,EP152026,40,2026-10-06 18:00:00,11 days 18:00:00,282,23.13,169.38,985.7,64.6
2026-09-25,EP152026,40,2026-10-07 00:00:00,12 days 00:00:00,288,23.75,168.25,984.5,66.4
2026-09-25,EP152026,40,2026-10-07 06:00:00,12 days 06:00:00,294,24.38,167.38,979.5,72.7
2026-09-25,EP152026,40,2026-10-07 12:00:00,12 days 12:00:00,300,25.0,166.5,974.6,79.1
2026-09-25,EP152026,40,2026-10-07 18:00:00,12 days 18:00:00,306,25.75,165.88,975.7,77.6
2026-09-25,EP152026,40,2026-10-08 00:00:00,13 days 00:00:00,312,26.5,165.25,976.9,76.1
2026-09-25,EP152026,40,2026-10-08 06:00:00,13 days 06:00:00,318,27.0,164.75,976.7,76.5
2026-09-25,EP152026,40,2026-10-08 12:00:00,13 days 12:00:00,324,27.5,164.25,976.4,76.8
2026-09-25,EP152026,40,2026-10-08 18:00:00,13 days 18:00:00,330,28.13,164.0,973.8,80.0
2026-09-25,EP152026,40,2026-10-09 00:00:00,14 days 00:00:00,336,28.75,163.75,971.2,83.2
2026-09-25,EP152026,40,2026-10-09 06:00:00,14 days 06:00:00,342,30.0,164.37,969.3,85.4
2026-09-25,EP152026,40,2026-10-09 12:00:00,14 days 12:00:00,348,31.25,165.0,967.4,87.7
2026-09-25,EP152026,40,2026-10-09 18:00:00,14 days 18:00:00,354,32.89,166.6,971.6,82.7
2026-09-25,EP152026,40,2026-10-10 00:00:00,15 days 00:00:00,360,34.5,168.25,975.7,77.7
2026-09-25,EP162026,40,2026-09-25 00:00:00,0 days 00:00:00,0,17.0,-124.75,975.5,77.9
2026-09-25,EP162026,40,2026-09-25 06:00:00,0 days 06:00:00,6,17.25,-124.25,975.3,78.2
2026-09-25,EP162026,40,2026-09-25 12:00:00,0 days 12:00:00,12,17.5,-123.75,975.1,78.4
2026-09-25,EP162026,40,2026-09-25 18:00:00,0 days 18:00:00,18,17.88,-123.63,977.1,75.9
2026-09-25,EP162026,40,2026-09-26 00:00:00,1 days 00:00:00,24,18.25,-123.5,979.0,73.5
2026-09-25,EP162026,40,2026-09-26 06:00:00,1 days 06:00:00,30,18.75,-123.62,983.3,67.8
2026-09-25,EP162026,40,2026-09-26 12:00:00,1 days 12:00:00,36,19.25,-123.75,987.5,62.2
2026-09-25,EP162026,40,2026-09-26 18:00:00,1 days 18:00:00,42,19.63,-123.87,989.0,60.2
2026-09-25,EP162026,40,2026-09-27 00:00:00,2 days 00:00:00,48,20.0,-124.0,990.4,58.2
2026-09-25,EP162026,40,2026-09-27 06:00:00,2 days 06:00:00,54,20.63,-123.75,992.9,54.5
2026-09-25,EP162026,40,2026-09-27 12:00:00,2 days 12:00:00,60,21.25,-123.5,995.4,50.9
2026-09-25,EP162026,40,2026-09-27 18:00:00,2 days 18:00:00,66,21.63,-123.0,996.3,49.5
2026-09-25,EP162026,40,2026-09-28 00:00:00,3 days 00:00:00,72,22.0,-122.5,997.2,48.1
2026-09-25,EP162026,40,2026-09-28 06:00:00,3 days 06:00:00,78,23.32,-117.92,983.6,66.4
2026-09-25,EP162026,40,2026-09-28 12:00:00,3 days 12:00:00,84,24.5,-113.25,969.9,84.7
2026-09-25,EP162026,40,2026-09-28 18:00:00,3 days 18:00:00,90,25.63,-112.63,976.3,76.7
2026-09-25,EP162026,40,2026-09-29 00:00:00,4 days 00:00:00,96,26.75,-112.0,982.7,68.8
2026-09-25,EP162026,40,2026-09-29 06:00:00,4 days 06:00:00,102,28.0,-111.26,990.9,56.9
2026-09-25,EP162026,40,2026-09-29 12:00:00,4 days 12:00:00,108,29.25,-110.5,999.2,44.9
2026-09-25,EP172026,40,2026-09-25 00:00:00,0 days 00:00:00,0,17.0,-106.25,960.1,96.1
2026-09-25,EP172026,40,2026-09-25 06:00:00,0 days 06:00:00,6,17.13,-107.25,970.5,83.5
2026-09-25,EP172026,40,2026-09-25 12:00:00,0 days 12:00:00,12,17.25,-108.25,980.9,71.0
2026-09-25,EP172026,40,2026-09-25 18:00:00,0 days 18:00:00,18,17.5,-109.12,976.7,76.4
2026-09-25,EP172026,40,2026-09-26 00:00:00,1 days 00:00:00,24,17.75,-110.0,972.4,81.7
2026-09-25,EP172026,40,2026-09-26 06:00:00,1 days 06:00:00,30,18.13,-110.75,974.2,79.5
2026-09-25,EP172026,40,2026-09-26 12:00:00,1 days 12:00:00,36,18.5,-111.5,975.9,77.4
2026-09-25,EP172026,40,2026-09-26 18:00:00,1 days 18:00:00,42,19.0,-112.12,974.2,79.6
2026-09-25,EP172026,40,2026-09-27 00:00:00,2 days 00:00:00,48,19.5,-112.75,972.4,81.8
2026-09-25,EP172026,40,2026-09-27 06:00:00,2 days 06:00:00,54,20.25,-113.12,972.5,81.6
2026-09-25,EP172026,40,2026-09-27 12:00:00,2 days 12:00:00,60,21.0,-113.5,972.6,81.5
2026-09-25,EP172026,40,2026-09-27 18:00:00,2 days 18:00:00,66,21.88,-113.62,972.6,81.5
2026-09-25,EP172026,40,2026-09-28 00:00:00,3 days 00:00:00,72,22.75,-113.75,972.6,81.5
2026-09-25,EP172026,40,2026-09-28 06:00:00,3 days 06:00:00,78,23.63,-113.5,971.2,83.1
2026-09-25,EP172026,40,2026-09-28 12:00:00,3 days 12:00:00,84,24.5,-113.25,969.9,84.7
2026-09-25,WP252026,40,2026-09-25 00:00:00,0 days 00:00:00,0,20.25,130.25,1002.4,39.6
2026-09-25,WP252026,40,2026-09-25 06:00:00,0 days 06:00:00,6,20.75,129.38,1000.1,43.4
2026-09-25,WP252026,40,2026-09-25 12:00:00,0 days 12:00:00,12,21.25,128.5,997.8,47.2
2026-09-25,WP252026,40,2026-09-25 18:00:00,0 days 18:00:00,18,21.88,127.88,996.5,49.1
2026-09-25,WP252026,40,2026-09-26 00:00:00,1 days 00:00:00,24,22.5,127.25,995.3,51.0
2026-09-25,WP252026,40,2026-09-26 06:00:00,1 days 06:00:00,30,22.88,127.25,993.0,54.4
2026-09-25,WP252026,40,2026-09-26 12:00:00,1 days 12:00:00,36,23.25,127.25,990.7,57.7
2026-09-25,WP252026,40,2026-09-26 18:00:00,1 days 18:00:00,42,23.63,127.25,987.1,62.8
2026-09-25,WP252026,40,2026-09-27 00:00:00,2 days 00:00:00,48,24.0,127.25,983.4,67.8
2026-09-25,WP252026,40,2026-09-27 06:00:00,2 days 06:00:00,54,24.38,127.5,983.0,68.4
2026-09-25,WP252026,40,2026-09-27 12:00:00,2 days 12:00:00,60,24.75,127.75,982.5,69.0
2026-09-25,WP252026,40,2026-09-27 18:00:00,2 days 18:00:00,66,25.13,128.12,984.4,66.4
2026-09-25,WP252026,40,2026-09-28 00:00:00,3 days 00:00:00,72,25.5,128.5,986.4,63.8
2026-09-25,WP252026,40,2026-09-28 06:00:00,3 days 06:00:00,78,25.75,129.0,987.0,62.9
2026-09-25,WP252026,40,2026-09-28 12:00:00,3 days 12:00:00,84,26.0,129.5,987.6,62.1
2026-09-25,WP252026,40,2026-09-28 18:00:00,3 days 18:00:00,90,26.38,129.87,990.2,58.4
2026-09-25,WP252026,40,2026-09-29 00:00:00,4 days 00:00:00,96,26.75,130.25,992.7,54.8
2026-09-25,WP252026,40,2026-09-29 06:00:00,4 days 06:00:00,102,26.88,130.87,994.6,52.0
2026-09-25,WP252026,40,2026-09-29 12:00:00,4 days 12:00:00,108,27.0,131.5,996.5,49.2
2026-09-25,WP252026,40,2026-09-29 18:00:00,4 days 18:00:00,114,27.13,131.87,998.6,45.8
2026-09-25,WP252026,40,2026-09-30 00:00:00,5 days 00:00:00,120,27.25,132.25,1000.8,42.4
2026-09-25,WP252026,40,2026-09-30 06:00:00,5 days 06:00:00,126,27.88,132.37,1001.9,40.5
2026-09-25,WP252026,40,2026-09-30 12:00:00,5 days 12:00:00,132,28.5,132.5,1003.0,38.6
2026-09-25,WP252026,40,2026-09-30 18:00:00,5 days 18:00:00,138,29.25,132.75,1004.2,36.6
2026-09-25,WP252026,40,2026-10-01 00:00:00,6 days 00:00:00,144,30.0,133.0,1005.3,34.5
2026-09-25,WP252026,40,2026-10-01 06:00:00,6 days 06:00:00,150,30.5,133.75,1004.7,35.6
2026-09-25,WP252026,40,2026-10-01 12:00:00,6 days 12:00:00,156,31.0,134.5,1004.1,36.7
2026-09-25,AL062026,41,2026-09-25 00:00:00,0 days 00:00:00,0,30.0,-41.75,1015.2,13.2
2026-09-25,AL062026,41,2026-09-25 06:00:00,0 days 06:00:00,6,30.13,-42.5,1015.7,11.7
2026-09-25,AL062026,41,2026-09-25 12:00:00,0 days 12:00:00,12,30.25,-43.25,1016.2,10.2
2026-09-25,AL062026,41,2026-09-25 18:00:00,0 days 18:00:00,18,30.13,-43.38,1015.7,11.8
2026-09-25,AL062026,41,2026-09-26 00:00:00,1 days 00:00:00,24,30.0,-43.5,1015.1,13.3
2026-09-25,AL062026,41,2026-09-26 06:00:00,1 days 06:00:00,30,29.88,-43.88,1015.3,12.8
2026-09-25,AL062026,41,2026-09-26 12:00:00,1 days 12:00:00,36,29.75,-44.25,1015.5,12.3
2026-09-25,AL062026,41,2026-09-26 18:00:00,1 days 18:00:00,42,29.63,-44.63,1015.6,11.8
2026-09-25,AL062026,41,2026-09-27 00:00:00,2 days 00:00:00,48,29.5,-45.0,1015.8,11.3
2026-09-25,AL062026,41,2026-09-27 06:00:00,2 days 06:00:00,54,34.88,-43.95,1012.0,20.2
2026-09-25,AL062026,41,2026-09-27 12:00:00,2 days 12:00:00,60,40.25,-42.75,1008.3,29.0
2026-09-25,EP152026,41,2026-09-25 00:00:00,0 days 00:00:00,0,14.75,-156.0,983.9,67.1
2026-09-25,EP152026,41,2026-09-25 06:00:00,0 days 06:00:00,6,15.25,-155.88,985.4,65.1
2026-09-25,EP152026,41,2026-09-25 12:00:00,0 days 12:00:00,12,15.75,-155.75,986.9,63.0
2026-09-25,EP152026,41,2026-09-25 18:00:00,0 days 18:00:00,18,16.13,-155.38,987.9,61.7
2026-09-25,EP152026,41,2026-09-26 00:00:00,1 days 00:00:00,24,16.5,-155.0,988.8,60.4
2026-09-25,EP152026,41,2026-09-26 06:00:00,1 days 06:00:00,30,17.0,-155.12,987.5,62.2
2026-09-25,EP152026,41,2026-09-26 12:00:00,1 days 12:00:00,36,17.5,-155.25,986.3,63.9
2026-09-25,EP152026,41,2026-09-26 18:00:00,1 days 18:00:00,42,17.63,-155.37,984.9,65.8
2026-09-25,EP152026,41,2026-09-27 00:00:00,2 days 00:00:00,48,17.75,-155.5,983.4,67.7
2026-09-25,EP152026,41,2026-09-27 06:00:00,2 days 06:00:00,54,17.75,-156.25,987.3,62.3
2026-09-25,EP152026,41,2026-09-27 12:00:00,2 days 12:00:00,60,17.75,-157.0,991.3,56.9
2026-09-25,EP152026,41,2026-09-27 18:00:00,2 days 18:00:00,66,17.75,-158.38,989.5,59.5
2026-09-25,EP152026,41,2026-09-28 00:00:00,3 days 00:00:00,72,17.75,-159.75,987.7,62.0
2026-09-25,EP152026,41,2026-09-28 06:00:00,3 days 06:00:00,78,18.13,-160.87,986.0,64.2
2026-09-25,EP152026,41,2026-09-28 12:00:00,3 days 12:00:00,84,18.5,-162.0,984.4,66.4
2026-09-25,EP152026,41,2026-09-28 18:00:00,3 days 18:00:00,90,19.13,-162.87,984.7,66.0
2026-09-25,EP152026,41,2026-09-29 00:00:00,4 days 00:00:00,96,19.75,-163.75,985.1,65.6
2026-09-25,EP152026,41,2026-09-29 06:00:00,4 days 06:00:00,102,20.75,-164.0,989.1,59.9
2026-09-25,EP152026,41,2026-09-29 12:00:00,4 days 12:00:00,108,21.75,-164.25,993.1,54.3
2026-09-25,EP152026,41,2026-09-29 18:00:00,4 days 18:00:00,114,23.0,-164.13,988.9,60.2
2026-09-25,EP152026,41,2026-09-30 00:00:00,5 days 00:00:00,120,24.25,-164.0,984.7,66.0
2026-09-25,EP152026,41,2026-09-30 06:00:00,5 days 06:00:00,126,26.0,-163.38,984.9,65.8
2026-09-25,EP152026,41,2026-09-30 12:00:00,5 days 12:00:00,132,27.75,-162.75,985.0,65.6
2026-09-25,EP152026,41,2026-09-30 18:00:00,5 days 18:00:00,138,29.88,-163.48,982.0,69.5
2026-09-25,EP152026,41,2026-10-01 00:00:00,6 days 00:00:00,144,32.0,-164.25,979.0,73.4
2026-09-25,EP152026,41,2026-10-01 06:00:00,6 days 06:00:00,150,32.75,-164.99,978.8,73.7
2026-09-25,EP152026,41,2026-10-01 12:00:00,6 days 12:00:00,156,33.5,-165.75,978.6,74.0
2026-09-25,EP152026,41,2026-10-01 18:00:00,6 days 18:00:00,162,34.75,-165.01,980.7,71.3
2026-09-25,EP152026,41,2026-10-02 00:00:00,7 days 00:00:00,168,36.0,-164.25,982.7,68.6
2026-09-25,EP152026,41,2026-10-02 06:00:00,7 days 06:00:00,174,39.39,-162.58,978.1,74.5
2026-09-25,EP152026,41,2026-10-02 12:00:00,7 days 12:00:00,180,42.75,-160.75,973.6,80.3
2026-09-25,EP152026,41,2026-10-02 18:00:00,7 days 18:00:00,186,47.63,-159.96,973.9,79.9
2026-09-25,EP152026,41,2026-10-03 00:00:00,8 days 00:00:00,192,52.5,-159.0,974.2,79.5
2026-09-25,EP162026,41,2026-09-25 00:00:00,0 days 00:00:00,0,17.0,-124.75,975.5,77.9
2026-09-25,EP162026,41,2026-09-25 06:00:00,0 days 06:00:00,6,17.25,-124.25,977.7,75.2
2026-09-25,EP162026,41,2026-09-25 12:00:00,0 days 12:00:00,12,17.5,-123.75,979.8,72.4
2026-09-25,EP162026,41,2026-09-25 18:00:00,0 days 18:00:00,18,18.0,-123.75,980.0,72.3
2026-09-25,EP162026,41,2026-09-26 00:00:00,1 days 00:00:00,24,18.5,-123.75,980.1,72.1
2026-09-25,EP162026,41,2026-09-26 06:00:00,1 days 06:00:00,30,18.88,-123.63,982.9,68.4
2026-09-25,EP162026,41,2026-09-26 12:00:00,1 days 12:00:00,36,19.25,-123.5,985.7,64.6
2026-09-25,EP162026,41,2026-09-26 18:00:00,1 days 18:00:00,42,19.75,-123.62,989.0,60.1
2026-09-25,EP162026,41,2026-09-27 00:00:00,2 days 00:00:00,48,20.25,-123.75,992.3,55.5
2026-09-25,EP162026,41,2026-09-27 06:00:00,2 days 06:00:00,54,21.25,-123.25,993.9,53.1
2026-09-25,EP162026,41,2026-09-27 12:00:00,2 days 12:00:00,60,22.25,-122.75,995.5,50.7
2026-09-25,EP162026,41,2026-09-27 18:00:00,2 days 18:00:00,66,22.38,-122.13,996.7,48.9
2026-09-25,EP162026,41,2026-09-28 00:00:00,3 days 00:00:00,72,22.5,-121.5,997.9,47.0
2026-09-25,EP162026,41,2026-09-28 06:00:00,3 days 06:00:00,78,23.3,-117.65,989.5,58.9
2026-09-25,EP162026,41,2026-09-28 12:00:00,3 days 12:00:00,84,24.0,-113.75,981.2,70.7
2026-09-25,EP162026,41,2026-09-28 18:00:00,3 days 18:00:00,90,25.13,-113.25,982.8,68.6
2026-09-25,EP162026,41,2026-09-29 00:00:00,4 days 00:00:00,96,26.25,-112.75,984.4,66.5
2026-09-25,EP162026,41,2026-09-29 06:00:00,4 days 06:00:00,102,28.0,-112.14,991.1,56.8
2026-09-25,EP162026,41,2026-09-29 12:00:00,4 days 12:00:00,108,29.75,-111.5,997.8,47.1
2026-09-25,EP172026,41,2026-09-25 00:00:00,0 days 00:00:00,0,17.0,-106.25,960.1,96.1
2026-09-25,EP172026,41,2026-09-25 06:00:00,0 days 06:00:00,6,17.13,-107.12,966.4,88.8
2026-09-25,EP172026,41,2026-09-25 12:00:00,0 days 12:00:00,12,17.25,-108.0,972.6,81.5
2026-09-25,EP172026,41,2026-09-25 18:00:00,0 days 18:00:00,18,17.25,-109.0,974.2,79.5
2026-09-25,EP172026,41,2026-09-26 00:00:00,1 days 00:00:00,24,17.25,-110.0,975.8,77.6
2026-09-25,EP172026,41,2026-09-26 06:00:00,1 days 06:00:00,30,17.5,-110.62,977.6,75.3
2026-09-25,EP172026,41,2026-09-26 12:00:00,1 days 12:00:00,36,17.75,-111.25,979.4,73.0
2026-09-25,EP172026,41,2026-09-26 18:00:00,1 days 18:00:00,42,18.25,-111.75,976.4,76.8
2026-09-25,EP172026,41,2026-09-27 00:00:00,2 days 00:00:00,48,18.75,-112.25,973.3,80.6
2026-09-25,EP172026,41,2026-09-27 06:00:00,2 days 06:00:00,54,19.5,-112.75,973.5,80.4
2026-09-25,EP172026,41,2026-09-27 12:00:00,2 days 12:00:00,60,20.25,-113.25,973.7,80.1
2026-09-25,EP172026,41,2026-09-27 18:00:00,2 days 18:00:00,66,21.13,-113.5,974.6,79.1
2026-09-25,EP172026,41,2026-09-28 00:00:00,3 days 00:00:00,72,22.0,-113.75,975.4,78.0
2026-09-25,EP172026,41,2026-09-28 06:00:00,3 days 06:00:00,78,23.0,-113.75,978.3,74.3
2026-09-25,EP172026,41,2026-09-28 12:00:00,3 days 12:00:00,84,24.0,-113.75,981.2,70.7
2026-09-25,WP252026,41,2026-09-25 00:00:00,0 days 00:00:00,0,20.25,130.25,1002.4,39.6
2026-09-25,WP252026,41,2026-09-25 06:00:00,0 days 06:00:00,6,20.75,129.5,1000.2,43.3
2026-09-25,WP252026,41,2026-09-25 12:00:00,0 days 12:00:00,12,21.25,128.75,997.9,47.0
2026-09-25,WP252026,41,2026-09-25 18:00:00,0 days 18:00:00,18,21.75,128.13,995.9,50.1
2026-09-25,WP252026,41,2026-09-26 00:00:00,1 days 00:00:00,24,22.25,127.5,993.8,53.2
2026-09-25,WP252026,41,2026-09-26 06:00:00,1 days 06:00:00,30,22.88,127.38,990.9,57.4
2026-09-25,WP252026,41,2026-09-26 12:00:00,1 days 12:00:00,36,23.5,127.25,987.9,61.7
2026-09-25,WP252026,41,2026-09-26 18:00:00,1 days 18:00:00,42,23.75,127.37,984.1,66.7
2026-09-25,WP252026,41,2026-09-27 00:00:00,2 days 00:00:00,48,24.0,127.5,980.4,71.7
2026-09-25,WP252026,41,2026-09-27 06:00:00,2 days 06:00:00,54,24.38,128.0,976.4,76.7
2026-09-25,WP252026,41,2026-09-27 12:00:00,2 days 12:00:00,60,24.75,128.5,972.3,81.8
2026-09-25,WP252026,41,2026-09-27 18:00:00,2 days 18:00:00,66,25.13,128.87,977.0,76.0
2026-09-25,WP252026,41,2026-09-28 00:00:00,3 days 00:00:00,72,25.5,129.25,981.6,70.1
2026-09-25,WP252026,41,2026-09-28 06:00:00,3 days 06:00:00,78,25.63,129.62,985.9,64.3
2026-09-25,WP252026,41,2026-09-28 12:00:00,3 days 12:00:00,84,25.75,130.0,990.2,58.5
2026-09-25,WP252026,41,2026-09-28 18:00:00,3 days 18:00:00,90,25.75,130.25,987.8,61.8
2026-09-25,WP252026,41,2026-09-29 00:00:00,4 days 00:00:00,96,25.75,130.5,985.4,65.1
2026-09-25,WP252026,41,2026-09-29 06:00:00,4 days 06:00:00,102,25.88,130.5,990.0,58.5
2026-09-25,WP252026,41,2026-09-29 12:00:00,4 days 12:00:00,108,26.0,130.5,994.7,51.9
2026-09-25,WP252026,41,2026-09-29 18:00:00,4 days 18:00:00,114,25.88,130.5,993.9,53.1
2026-09-25,WP252026,41,2026-09-30 00:00:00,5 days 00:00:00,120,25.75,130.5,993.1,54.3
2026-09-25,WP252026,41,2026-09-30 06:00:00,5 days 06:00:00,126,26.13,130.87,996.6,48.9
2026-09-25,WP252026,41,2026-09-30 12:00:00,5 days 12:00:00,132,26.5,131.25,1000.0,43.6
2026-09-25,WP252026,41,2026-09-30 18:00:00,5 days 18:00:00,138,26.88,131.25,1000.8,42.4
2026-09-25,WP252026,41,2026-10-01 00:00:00,6 days 00:00:00,144,27.25,131.25,1001.5,41.1
2026-09-25,WP252026,41,2026-10-01 06:00:00,6 days 06:00:00,150,27.25,131.75,1000.9,42.1
2026-09-25,WP252026,41,2026-10-01 12:00:00,6 days 12:00:00,156,27.25,132.25,1000.3,43.2
2026-09-25,WP252026,41,2026-10-01 18:00:00,6 days 18:00:00,162,27.38,133.12,999.2,44.9
2026-09-25,WP252026,41,2026-10-02 00:00:00,7 days 00:00:00,168,27.5,134.0,998.1,46.7
2026-09-25,WP252026,41,2026-10-02 06:00:00,7 days 06:00:00,174,27.63,134.25,999.1,45.0
2026-09-25,WP252026,41,2026-10-02 12:00:00,7 days 12:00:00,180,27.75,134.5,1000.2,43.2
2026-09-25,AL062026,42,2026-09-25 00:00:00,0 days 00:00:00,0,30.0,-41.75,1015.2,13.2
2026-09-25,AL062026,42,2026-09-25 06:00:00,0 days 06:00:00,6,30.25,-41.87,1014.7,14.6
2026-09-25,AL062026,42,2026-09-25 12:00:00,0 days 12:00:00,12,30.5,-42.0,1014.2,15.9
2026-09-25,AL062026,42,2026-09-25 18:00:00,0 days 18:00:00,18,30.13,-42.5,1014.5,15.1
2026-09-25,AL062026,42,2026-09-26 00:00:00,1 days 00:00:00,24,29.75,-43.0,1014.7,14.4
2026-09-25,AL062026,42,2026-09-26 06:00:00,1 days 06:00:00,30,29.75,-43.5,1014.6,14.7
2026-09-25,AL062026,42,2026-09-26 12:00:00,1 days 12:00:00,36,29.75,-44.0,1014.5,14.9
2026-09-25,AL062026,42,2026-09-26 18:00:00,1 days 18:00:00,42,29.63,-44.38,1014.7,14.4
2026-09-25,AL062026,42,2026-09-27 00:00:00,2 days 00:00:00,48,29.5,-44.75,1014.9,13.9
2026-09-25,AL062026,42,2026-09-27 06:00:00,2 days 06:00:00,54,29.5,-44.75,1015.1,13.4
2026-09-25,AL062026,42,2026-09-27 12:00:00,2 days 12:00:00,60,29.5,-44.75,1015.3,13.0
2026-09-25,AL062026,42,2026-09-27 18:00:00,2 days 18:00:00,66,28.75,-45.01,1015.1,13.3
2026-09-25,AL062026,42,2026-09-28 00:00:00,3 days 00:00:00,72,28.0,-45.26,1015.0,13.7
2026-09-25,AL062026,42,2026-09-28 06:00:00,3 days 06:00:00,78,27.25,-45.51,1014.8,14.1
2026-09-25,AL062026,42,2026-09-28 12:00:00,3 days 12:00:00,84,26.5,-45.75,1014.7,14.5
2026-09-25,AL072026,42,2026-09-25 00:00:00,0 days 00:00:00,0,13.25,-22.0,1006.2,32.9
2026-09-25,AL072026,42,2026-09-25 06:00:00,0 days 06:00:00,6,14.06,-22.19,1006.3,32.7
2026-09-25,AL072026,42,2026-09-25 12:00:00,0 days 12:00:00,12,14.88,-22.37,1006.4,32.5
2026-09-25,AL072026,42,2026-09-25 18:00:00,0 days 18:00:00,18,15.69,-22.56,1006.5,32.4
2026-09-25,AL072026,42,2026-09-26 00:00:00,1 days 00:00:00,24,16.5,-22.75,1006.6,32.2
2026-09-25,AL072026,42,2026-09-26 06:00:00,1 days 06:00:00,30,16.75,-23.37,1007.2,31.0
2026-09-25,AL072026,42,2026-09-26 12:00:00,1 days 12:00:00,36,17.0,-24.0,1007.8,29.8
2026-09-25,EP152026,42,2026-09-25 00:00:00,0 days 00:00:00,0,14.75,-156.0,983.9,67.1
2026-09-25,EP152026,42,2026-09-25 06:00:00,0 days 06:00:00,6,15.13,-155.75,985.4,65.1
2026-09-25,EP152026,42,2026-09-25 12:00:00,0 days 12:00:00,12,15.5,-155.5,986.9,63.1
2026-09-25,EP152026,42,2026-09-25 18:00:00,0 days 18:00:00,18,15.88,-155.25,985.5,65.0
2026-09-25,EP152026,42,2026-09-26 00:00:00,1 days 00:00:00,24,16.25,-155.0,984.1,66.9
2026-09-25,EP152026,42,2026-09-26 06:00:00,1 days 06:00:00,30,16.62,-155.0,984.1,66.9
2026-09-25,EP152026,42,2026-09-26 12:00:00,1 days 12:00:00,36,17.0,-155.0,984.1,66.8
2026-09-25,EP152026,42,2026-09-26 18:00:00,1 days 18:00:00,42,17.0,-155.25,985.3,65.2
2026-09-25,EP152026,42,2026-09-27 00:00:00,2 days 00:00:00,48,17.0,-155.5,986.6,63.5
2026-09-25,EP152026,42,2026-09-27 06:00:00,2 days 06:00:00,54,17.0,-156.25,987.1,62.7
2026-09-25,EP152026,42,2026-09-27 12:00:00,2 days 12:00:00,60,17.0,-157.0,987.7,62.0
2026-09-25,EP152026,42,2026-09-27 18:00:00,2 days 18:00:00,66,17.13,-158.12,987.0,62.9
2026-09-25,EP152026,42,2026-09-28 00:00:00,3 days 00:00:00,72,17.25,-159.25,986.3,63.8
2026-09-25,EP152026,42,2026-09-28 06:00:00,3 days 06:00:00,78,17.38,-160.25,985.4,65.0
2026-09-25,EP152026,42,2026-09-28 12:00:00,3 days 12:00:00,84,17.5,-161.25,984.5,66.3
2026-09-25,EP152026,42,2026-09-28 18:00:00,3 days 18:00:00,90,18.13,-161.87,987.6,62.1
2026-09-25,EP152026,42,2026-09-29 00:00:00,4 days 00:00:00,96,18.75,-162.5,990.6,57.9
2026-09-25,EP152026,42,2026-09-29 06:00:00,4 days 06:00:00,102,19.88,-163.0,987.8,61.7
2026-09-25,EP152026,42,2026-09-29 12:00:00,4 days 12:00:00,108,21.0,-163.5,985.1,65.5
2026-09-25,EP152026,42,2026-09-29 18:00:00,4 days 18:00:00,114,22.13,-163.38,983.7,67.3
2026-09-25,EP152026,42,2026-09-30 00:00:00,5 days 00:00:00,120,23.25,-163.25,982.4,69.2
2026-09-25,EP152026,42,2026-09-30 06:00:00,5 days 06:00:00,126,24.13,-163.25,984.6,66.1
2026-09-25,EP152026,42,2026-09-30 12:00:00,5 days 12:00:00,132,25.0,-163.25,986.9,63.0
2026-09-25,EP152026,42,2026-09-30 18:00:00,5 days 18:00:00,138,26.13,-163.99,988.5,60.9
2026-09-25,EP152026,42,2026-10-01 00:00:00,6 days 00:00:00,144,27.25,-164.75,990.0,58.8
2026-09-25,EP152026,42,2026-10-01 06:00:00,6 days 06:00:00,150,27.75,-165.75,986.8,63.1
2026-09-25,EP152026,42,2026-10-01 12:00:00,6 days 12:00:00,156,28.25,-166.75,983.6,67.5
2026-09-25,EP152026,42,2026-10-01 18:00:00,6 days 18:00:00,162,29.12,-166.75,983.7,67.4
2026-09-25,EP152026,42,2026-10-02 00:00:00,7 days 00:00:00,168,30.0,-166.75,983.8,67.3
2026-09-25,EP152026,42,2026-10-02 06:00:00,7 days 06:00:00,174,30.13,-166.38,983.8,67.2
2026-09-25,EP152026,42,2026-10-02 12:00:00,7 days 12:00:00,180,30.25,-166.0,983.9,67.1
2026-09-25,EP152026,42,2026-10-02 18:00:00,7 days 18:00:00,186,31.0,-165.01,985.0,65.6
2026-09-25,EP152026,42,2026-10-03 00:00:00,8 days 00:00:00,192,31.75,-164.0,986.2,64.1
2026-09-25,EP152026,42,2026-10-03 06:00:00,8 days 06:00:00,198,31.75,-163.63,988.8,60.3
2026-09-25,EP152026,42,2026-10-03 12:00:00,8 days 12:00:00,204,31.75,-163.25,991.5,56.5
2026-09-25,EP152026,42,2026-10-03 18:00:00,8 days 18:00:00,210,31.5,-163.38,994.0,52.9
2026-09-25,EP152026,42,2026-10-04 00:00:00,9 days 00:00:00,216,31.25,-163.5,996.4,49.3
2026-09-25,EP152026,42,2026-10-04 06:00:00,9 days 06:00:00,222,30.63,-164.38,999.0,45.2
2026-09-25,EP152026,42,2026-10-04 12:00:00,9 days 12:00:00,228,30.0,-165.25,1001.5,41.1
2026-09-25,EP152026,42,2026-10-04 18:00:00,9 days 18:00:00,234,29.63,-165.88,1001.9,40.4
2026-09-25,EP152026,42,2026-10-05 00:00:00,10 days 00:00:00,240,29.25,-166.5,1002.3,39.8
2026-09-25,EP152026,42,2026-10-05 06:00:00,10 days 06:00:00,246,28.38,-168.01,1003.1,38.4
2026-09-25,EP152026,42,2026-10-05 12:00:00,10 days 12:00:00,252,27.5,-169.5,1004.0,36.9
2026-09-25,EP152026,42,2026-10-05 18:00:00,10 days 18:00:00,258,26.76,-170.76,1004.4,36.1
2026-09-25,EP152026,42,2026-10-06 00:00:00,11 days 00:00:00,264,26.0,-172.0,1004.9,35.4
2026-09-25,EP162026,42,2026-09-25 00:00:00,0 days 00:00:00,0,17.0,-124.75,975.5,77.9
2026-09-25,EP162026,42,2026-09-25 06:00:00,0 days 06:00:00,6,17.25,-124.25,977.5,75.4
2026-09-25,EP162026,42,2026-09-25 12:00:00,0 days 12:00:00,12,17.5,-123.75,979.4,72.9
2026-09-25,EP162026,42,2026-09-25 18:00:00,0 days 18:00:00,18,18.0,-123.75,981.8,69.8
2026-09-25,EP162026,42,2026-09-26 00:00:00,1 days 00:00:00,24,18.5,-123.75,984.2,66.7
2026-09-25,EP162026,42,2026-09-26 06:00:00,1 days 06:00:00,30,18.88,-123.87,981.2,70.6
2026-09-25,EP162026,42,2026-09-26 12:00:00,1 days 12:00:00,36,19.25,-124.0,978.3,74.4
2026-09-25,EP162026,42,2026-09-26 18:00:00,1 days 18:00:00,42,19.75,-124.12,982.5,68.8
2026-09-25,EP162026,42,2026-09-27 00:00:00,2 days 00:00:00,48,20.25,-124.25,986.8,63.2
2026-09-25,EP162026,42,2026-09-27 06:00:00,2 days 06:00:00,54,20.63,-124.0,991.2,56.9
2026-09-25,EP162026,42,2026-09-27 12:00:00,2 days 12:00:00,60,21.0,-123.75,995.6,50.5
2026-09-25,EP162026,42,2026-09-27 18:00:00,2 days 18:00:00,66,21.13,-123.5,998.5,46.0
2026-09-25,EP162026,42,2026-09-28 00:00:00,3 days 00:00:00,72,21.25,-123.25,1001.3,41.5
2026-09-25,EP162026,42,2026-09-28 06:00:00,3 days 06:00:00,78,23.33,-118.33,989.4,58.4
2026-09-25,EP162026,42,2026-09-28 12:00:00,3 days 12:00:00,84,25.25,-113.25,977.5,75.4
2026-09-25,EP162026,42,2026-09-28 18:00:00,3 days 18:00:00,90,26.0,-112.63,985.9,63.9
2026-09-25,EP162026,42,2026-09-29 00:00:00,4 days 00:00:00,96,26.75,-112.0,994.3,52.5
2026-09-25,EP162026,42,2026-09-29 06:00:00,4 days 06:00:00,102,27.88,-111.51,996.8,48.6
2026-09-25,EP162026,42,2026-09-29 12:00:00,4 days 12:00:00,108,29.0,-111.0,999.3,44.7
2026-09-25,EP162026,42,2026-09-29 18:00:00,4 days 18:00:00,114,29.06,-107.13,998.1,46.6
2026-09-25,EP162026,42,2026-09-30 00:00:00,5 days 00:00:00,120,29.0,-103.25,996.9,48.5
2026-09-25,EP162026,42,2026-09-30 06:00:00,5 days 06:00:00,126,33.4,-100.88,997.9,47.0
2026-09-25,EP162026,42,2026-09-30 12:00:00,5 days 12:00:00,132,37.75,-98.25,998.8,45.6
2026-09-25,EP172026,42,2026-09-25 00:00:00,0 days 00:00:00,0,17.0,-106.25,960.1,96.1
2026-09-25,EP172026,42,2026-09-25 06:00:00,0 days 06:00:00,6,17.13,-107.12,966.5,88.6
2026-09-25,EP172026,42,2026-09-25 12:00:00,0 days 12:00:00,12,17.25,-108.0,973.0,81.0
2026-09-25,EP172026,42,2026-09-25 18:00:00,0 days 18:00:00,18,17.63,-108.87,974.2,79.5
2026-09-25,EP172026,42,2026-09-26 00:00:00,1 days 00:00:00,24,18.0,-109.75,975.5,77.9
2026-09-25,EP172026,42,2026-09-26 06:00:00,1 days 06:00:00,30,18.25,-110.75,973.3,80.6
2026-09-25,EP172026,42,2026-09-26 12:00:00,1 days 12:00:00,36,18.5,-111.75,971.1,83.3
2026-09-25,EP172026,42,2026-09-26 18:00:00,1 days 18:00:00,42,19.13,-112.25,972.0,82.2
2026-09-25,EP172026,42,2026-09-27 00:00:00,2 days 00:00:00,48,19.75,-112.75,972.8,81.2
2026-09-25,EP172026,42,2026-09-27 06:00:00,2 days 06:00:00,54,20.5,-113.25,972.8,81.2
2026-09-25,EP172026,42,2026-09-27 12:00:00,2 days 12:00:00,60,21.25,-113.75,972.9,81.2
2026-09-25,EP172026,42,2026-09-27 18:00:00,2 days 18:00:00,66,22.13,-113.63,973.5,80.4
2026-09-25,EP172026,42,2026-09-28 00:00:00,3 days 00:00:00,72,23.0,-113.5,974.1,79.6
2026-09-25,EP172026,42,2026-09-28 06:00:00,3 days 06:00:00,78,24.13,-113.38,975.8,77.5
2026-09-25,EP172026,42,2026-09-28 12:00:00,3 days 12:00:00,84,25.25,-113.25,977.5,75.4
2026-09-25,WP252026,42,2026-09-25 00:00:00,0 days 00:00:00,0,20.25,130.25,1002.4,39.6
2026-09-25,WP252026,42,2026-09-25 06:00:00,0 days 06:00:00,6,20.75,129.25,1001.2,41.7
2026-09-25,WP252026,42,2026-09-25 12:00:00,0 days 12:00:00,12,21.25,128.25,999.9,43.8
2026-09-25,WP252026,42,2026-09-25 18:00:00,0 days 18:00:00,18,21.5,127.88,1000.1,43.5
2026-09-25,WP252026,42,2026-09-26 00:00:00,1 days 00:00:00,24,21.75,127.5,1000.3,43.1
2026-09-25,WP252026,42,2026-09-26 06:00:00,1 days 06:00:00,30,22.38,127.38,996.2,49.5
2026-09-25,WP252026,42,2026-09-26 12:00:00,1 days 12:00:00,36,23.0,127.25,992.0,55.8
2026-09-25,WP252026,42,2026-09-26 18:00:00,1 days 18:00:00,42,23.63,127.37,992.1,55.8
2026-09-25,WP252026,42,2026-09-27 00:00:00,2 days 00:00:00,48,24.25,127.5,992.1,55.8
2026-09-25,WP252026,42,2026-09-27 06:00:00,2 days 06:00:00,54,24.63,127.87,991.6,56.4
2026-09-25,WP252026,42,2026-09-27 12:00:00,2 days 12:00:00,60,25.0,128.25,991.2,57.1
2026-09-25,WP252026,42,2026-09-27 18:00:00,2 days 18:00:00,66,25.5,128.75,991.1,57.2
2026-09-25,WP252026,42,2026-09-28 00:00:00,3 days 00:00:00,72,26.0,129.25,991.0,57.3
2026-09-25,WP252026,42,2026-09-28 06:00:00,3 days 06:00:00,78,26.38,130.0,992.9,54.5
2026-09-25,WP252026,42,2026-09-28 12:00:00,3 days 12:00:00,84,26.75,130.75,994.9,51.6
2026-09-25,WP252026,42,2026-09-28 18:00:00,3 days 18:00:00,90,26.88,131.25,996.1,49.7
2026-09-25,WP252026,42,2026-09-29 00:00:00,4 days 00:00:00,96,27.0,131.75,997.4,47.8
2026-09-25,WP252026,42,2026-09-29 06:00:00,4 days 06:00:00,102,27.38,132.25,997.4,47.7
2026-09-25,WP252026,42,2026-09-29 12:00:00,4 days 12:00:00,108,27.75,132.75,997.5,47.6
2026-09-25,WP252026,42,2026-09-29 18:00:00,4 days 18:00:00,114,28.25,133.12,999.2,44.8
2026-09-25,WP252026,42,2026-09-30 00:00:00,5 days 00:00:00,120,28.75,133.5,1001.0,42.1
2026-09-25,WP252026,42,2026-09-30 06:00:00,5 days 06:00:00,126,29.75,134.0,1000.7,42.5
2026-09-25,WP252026,42,2026-09-30 12:00:00,5 days 12:00:00,132,30.75,134.5,1000.4,43.0
2026-09-25,WP252026,42,2026-09-30 18:00:00,5 days 18:00:00,138,32.01,136.23,1001.3,41.5
2026-09-25,WP252026,42,2026-10-01 00:00:00,6 days 00:00:00,144,33.25,138.0,1002.2,40.0
2026-09-25,WP252026,42,2026-10-01 06:00:00,6 days 06:00:00,150,34.78,140.7,1003.0,38.5
2026-09-25,WP252026,42,2026-10-01 12:00:00,6 days 12:00:00,156,36.25,143.5,1003.9,37.1
2026-09-25,AL062026,43,2026-09-25 00:00:00,0 days 00:00:00,0,30.0,-41.75,1015.2,13.2
2026-09-25,AL062026,43,2026-09-25 06:00:00,0 days 06:00:00,6,30.0,-41.88,1015.2,13.0
2026-09-25,AL062026,43,2026-09-25 12:00:00,0 days 12:00:00,12,30.0,-42.0,1015.3,12.7
2026-09-25,AL062026,43,2026-09-25 18:00:00,0 days 18:00:00,18,30.0,-42.38,1015.3,12.8
2026-09-25,AL062026,43,2026-09-26 00:00:00,1 days 00:00:00,24,30.0,-42.75,1015.3,12.8
2026-09-25,AL062026,43,2026-09-26 06:00:00,1 days 06:00:00,30,29.75,-43.13,1015.6,12.0
2026-09-25,AL062026,43,2026-09-26 12:00:00,1 days 12:00:00,36,29.5,-43.5,1015.8,11.3
2026-09-25,AL062026,43,2026-09-26 18:00:00,1 days 18:00:00,42,29.5,-43.62,1015.8,11.2
2026-09-25,AL062026,43,2026-09-27 00:00:00,2 days 00:00:00,48,29.5,-43.75,1015.8,11.2
2026-09-25,AL062026,43,2026-09-27 06:00:00,2 days 06:00:00,54,34.43,-40.22,1011.0,22.0
2026-09-25,AL062026,43,2026-09-27 12:00:00,2 days 12:00:00,60,39.25,-36.25,1006.2,32.8
2026-09-25,EP152026,43,2026-09-25 00:00:00,0 days 00:00:00,0,14.75,-156.0,983.9,67.1
2026-09-25,EP152026,43,2026-09-25 06:00:00,0 days 06:00:00,6,15.0,-156.0,985.9,64.4
2026-09-25,EP152026,43,2026-09-25 12:00:00,0 days 12:00:00,12,15.25,-156.0,988.0,61.6
2026-09-25,EP152026,43,2026-09-25 18:00:00,0 days 18:00:00,18,15.88,-155.5,985.3,65.2
2026-09-25,EP152026,43,2026-09-26 00:00:00,1 days 00:00:00,24,16.5,-155.0,982.6,68.8
2026-09-25,EP152026,43,2026-09-26 06:00:00,1 days 06:00:00,30,16.75,-155.0,980.9,71.0
2026-09-25,EP152026,43,2026-09-26 12:00:00,1 days 12:00:00,36,17.0,-155.0,979.3,73.2
2026-09-25,EP152026,43,2026-09-26 18:00:00,1 days 18:00:00,42,17.13,-155.75,978.8,73.7
2026-09-25,EP152026,43,2026-09-27 00:00:00,2 days 00:00:00,48,17.25,-156.5,978.4,74.3
2026-09-25,EP152026,43,2026-09-27 06:00:00,2 days 06:00:00,54,17.13,-157.13,977.6,75.2
2026-09-25,EP152026,43,2026-09-27 12:00:00,2 days 12:00:00,60,17.0,-157.75,976.9,76.1
2026-09-25,EP152026,43,2026-09-27 18:00:00,2 days 18:00:00,66,16.88,-158.63,975.8,77.5
2026-09-25,EP152026,43,2026-09-28 00:00:00,3 days 00:00:00,72,16.75,-159.5,974.7,78.8
2026-09-25,EP152026,43,2026-09-28 06:00:00,3 days 06:00:00,78,17.13,-160.62,973.6,80.2
2026-09-25,EP152026,43,2026-09-28 12:00:00,3 days 12:00:00,84,17.5,-161.75,972.5,81.6
2026-09-25,EP152026,43,2026-09-28 18:00:00,3 days 18:00:00,90,18.25,-162.5,975.1,78.4
2026-09-25,EP152026,43,2026-09-29 00:00:00,4 days 00:00:00,96,19.0,-163.25,977.6,75.2
2026-09-25,EP152026,43,2026-09-29 06:00:00,4 days 06:00:00,102,19.88,-164.0,978.2,74.5
2026-09-25,EP152026,43,2026-09-29 12:00:00,4 days 12:00:00,108,20.75,-164.75,978.8,73.7
2026-09-25,EP152026,43,2026-09-29 18:00:00,4 days 18:00:00,114,21.88,-164.75,982.0,69.5
2026-09-25,EP152026,43,2026-09-30 00:00:00,5 days 00:00:00,120,23.0,-164.75,985.2,65.4
2026-09-25,EP152026,43,2026-09-30 06:00:00,5 days 06:00:00,126,24.0,-164.5,985.5,65.0
2026-09-25,EP152026,43,2026-09-30 12:00:00,5 days 12:00:00,132,25.0,-164.25,985.8,64.6
2026-09-25,EP152026,43,2026-09-30 18:00:00,5 days 18:00:00,138,26.38,-164.13,981.8,69.8
2026-09-25,EP152026,43,2026-10-01 00:00:00,6 days 00:00:00,144,27.75,-164.0,977.8,75.0
2026-09-25,EP152026,43,2026-10-01 06:00:00,6 days 06:00:00,150,29.25,-165.11,977.1,75.9
2026-09-25,EP152026,43,2026-10-01 12:00:00,6 days 12:00:00,156,30.75,-166.25,976.3,76.9
2026-09-25,EP152026,43,2026-10-01 18:00:00,6 days 18:00:00,162,31.5,-165.75,977.5,75.4
2026-09-25,EP152026,43,2026-10-02 00:00:00,7 days 00:00:00,168,32.25,-165.25,978.6,74.0
2026-09-25,EP152026,43,2026-10-02 06:00:00,7 days 06:00:00,174,34.38,-164.03,975.0,78.4
2026-09-25,EP152026,43,2026-10-02 12:00:00,7 days 12:00:00,180,36.5,-162.75,971.4,82.9
2026-09-25,EP152026,43,2026-10-02 18:00:00,7 days 18:00:00,186,36.75,-163.0,987.7,60.0
2026-09-25,EP152026,43,2026-10-03 00:00:00,8 days 00:00:00,192,37.0,-163.25,1003.9,37.0
2026-09-25,EP162026,43,2026-09-25 00:00:00,0 days 00:00:00,0,17.0,-124.75,975.5,77.9
2026-09-25,EP162026,43,2026-09-25 06:00:00,0 days 06:00:00,6,17.25,-124.25,976.2,77.0
2026-09-25,EP162026,43,2026-09-25 12:00:00,0 days 12:00:00,12,17.5,-123.75,977.0,76.0
2026-09-25,EP162026,43,2026-09-25 18:00:00,0 days 18:00:00,18,18.0,-123.75,979.7,72.6
2026-09-25,EP162026,43,2026-09-26 00:00:00,1 days 00:00:00,24,18.5,-123.75,982.3,69.2
2026-09-25,EP162026,43,2026-09-26 06:00:00,1 days 06:00:00,30,19.0,-123.87,982.5,69.0
2026-09-25,EP162026,43,2026-09-26 12:00:00,1 days 12:00:00,36,19.5,-124.0,982.6,68.8
2026-09-25,EP162026,43,2026-09-26 18:00:00,1 days 18:00:00,42,19.63,-124.25,987.0,62.8
2026-09-25,EP162026,43,2026-09-27 00:00:00,2 days 00:00:00,48,19.75,-124.5,991.3,56.9
2026-09-25,EP162026,43,2026-09-27 06:00:00,2 days 06:00:00,54,20.38,-124.5,995.2,50.9
2026-09-25,EP162026,43,2026-09-27 12:00:00,2 days 12:00:00,60,21.0,-124.5,999.2,45.0
2026-09-25,EP162026,43,2026-09-27 18:00:00,2 days 18:00:00,66,21.38,-124.25,1000.1,43.4
2026-09-25,EP162026,43,2026-09-28 00:00:00,3 days 00:00:00,72,21.75,-124.0,1001.1,41.8
2026-09-25,EP162026,43,2026-09-28 06:00:00,3 days 06:00:00,78,23.21,-118.93,986.4,62.2
2026-09-25,EP162026,43,2026-09-28 12:00:00,3 days 12:00:00,84,24.5,-113.75,971.6,82.7
2026-09-25,EP162026,43,2026-09-28 18:00:00,3 days 18:00:00,90,25.5,-113.38,976.3,76.9
2026-09-25,EP162026,43,2026-09-29 00:00:00,4 days 00:00:00,96,26.5,-113.0,980.9,71.0
2026-09-25,EP162026,43,2026-09-29 06:00:00,4 days 06:00:00,102,27.75,-112.26,988.1,61.0
2026-09-25,EP162026,43,2026-09-29 12:00:00,4 days 12:00:00,108,29.0,-111.5,995.2,51.1
2026-09-25,EP172026,43,2026-09-25 00:00:00,0 days 00:00:00,0,17.0,-106.25,960.1,96.1
2026-09-25,EP172026,43,2026-09-25 06:00:00,0 days 06:00:00,6,17.13,-107.12,965.5,89.8
2026-09-25,EP172026,43,2026-09-25 12:00:00,0 days 12:00:00,12,17.25,-108.0,971.0,83.5
2026-09-25,EP172026,43,2026-09-25 18:00:00,0 days 18:00:00,18,17.38,-108.87,972.8,81.2
2026-09-25,EP172026,43,2026-09-26 00:00:00,1 days 00:00:00,24,17.5,-109.75,974.6,79.0
2026-09-25,EP172026,43,2026-09-26 06:00:00,1 days 06:00:00,30,17.75,-110.5,975.9,77.3
2026-09-25,EP172026,43,2026-09-26 12:00:00,1 days 12:00:00,36,18.0,-111.25,977.3,75.7
2026-09-25,EP172026,43,2026-09-26 18:00:00,1 days 18:00:00,42,18.63,-112.0,975.2,78.3
2026-09-25,EP172026,43,2026-09-27 00:00:00,2 days 00:00:00,48,19.25,-112.75,973.1,80.9
2026-09-25,EP172026,43,2026-09-27 06:00:00,2 days 06:00:00,54,20.13,-113.25,974.1,79.6
2026-09-25,EP172026,43,2026-09-27 12:00:00,2 days 12:00:00,60,21.0,-113.75,975.1,78.3
2026-09-25,EP172026,43,2026-09-27 18:00:00,2 days 18:00:00,66,21.88,-113.87,978.7,73.8
2026-09-25,EP172026,43,2026-09-28 00:00:00,3 days 00:00:00,72,22.75,-114.0,982.3,69.2
2026-09-25,EP172026,43,2026-09-28 06:00:00,3 days 06:00:00,78,23.63,-113.88,977.0,75.9
2026-09-25,EP172026,43,2026-09-28 12:00:00,3 days 12:00:00,84,24.5,-113.75,971.6,82.7
2026-09-25,WP252026,43,2026-09-25 00:00:00,0 days 00:00:00,0,20.25,130.25,1002.4,39.6
2026-09-25,WP252026,43,2026-09-25 06:00:00,0 days 06:00:00,6,20.75,129.5,999.5,44.3
2026-09-25,WP252026,43,2026-09-25 12:00:00,0 days 12:00:00,12,21.25,128.75,996.6,49.0
2026-09-25,WP252026,43,2026-09-25 18:00:00,0 days 18:00:00,18,22.0,128.13,995.7,50.4
2026-09-25,WP252026,43,2026-09-26 00:00:00,1 days 00:00:00,24,22.75,127.5,994.8,51.7
2026-09-25,WP252026,43,2026-09-26 06:00:00,1 days 06:00:00,30,23.13,127.38,992.4,55.2
2026-09-25,WP252026,43,2026-09-26 12:00:00,1 days 12:00:00,36,23.5,127.25,990.0,58.7
2026-09-25,WP252026,43,2026-09-26 18:00:00,1 days 18:00:00,42,24.0,127.75,985.1,65.4
2026-09-25,WP252026,43,2026-09-27 00:00:00,2 days 00:00:00,48,24.5,128.25,980.2,72.0
2026-09-25,WP252026,43,2026-09-27 06:00:00,2 days 06:00:00,54,24.88,128.62,981.5,70.2
2026-09-25,WP252026,43,2026-09-27 12:00:00,2 days 12:00:00,60,25.25,129.0,982.9,68.4
2026-09-25,WP252026,43,2026-09-27 18:00:00,2 days 18:00:00,66,25.75,129.75,983.9,67.1
2026-09-25,WP252026,43,2026-09-28 00:00:00,3 days 00:00:00,72,26.25,130.5,984.9,65.7
2026-09-25,WP252026,43,2026-09-28 06:00:00,3 days 06:00:00,78,26.63,131.5,984.5,66.3
2026-09-25,WP252026,43,2026-09-28 12:00:00,3 days 12:00:00,84,27.0,132.5,984.1,66.9
2026-09-25,WP252026,43,2026-09-28 18:00:00,3 days 18:00:00,90,27.25,133.5,987.3,62.4
2026-09-25,WP252026,43,2026-09-29 00:00:00,4 days 00:00:00,96,27.5,134.5,990.5,58.0
2026-09-25,WP252026,43,2026-09-29 06:00:00,4 days 06:00:00,102,27.88,135.25,993.3,54.0
2026-09-25,WP252026,43,2026-09-29 12:00:00,4 days 12:00:00,108,28.25,136.0,996.0,50.0
2026-09-25,WP252026,43,2026-09-29 18:00:00,4 days 18:00:00,114,28.75,136.5,996.7,48.9
2026-09-25,WP252026,43,2026-09-30 00:00:00,5 days 00:00:00,120,29.25,137.0,997.4,47.8
2026-09-25,WP252026,43,2026-09-30 06:00:00,5 days 06:00:00,126,30.13,137.5,999.5,44.3
2026-09-25,WP252026,43,2026-09-30 12:00:00,5 days 12:00:00,132,31.0,138.0,1001.7,40.9
2026-09-25,WP252026,43,2026-09-30 18:00:00,5 days 18:00:00,138,32.68,140.18,1002.5,39.4
2026-09-25,WP252026,43,2026-10-01 00:00:00,6 days 00:00:00,144,34.34,142.45,1003.3,38.0
2026-09-25,WP252026,43,2026-10-01 06:00:00,6 days 06:00:00,150,35.95,144.8,1004.2,36.6
2026-09-25,WP252026,43,2026-10-01 12:00:00,6 days 12:00:00,156,37.5,147.25,1005.0,35.1
2026-09-25,WP252026,43,2026-10-01 18:00:00,6 days 18:00:00,162,39.59,151.62,1004.8,35.5
2026-09-25,WP252026,43,2026-10-02 00:00:00,7 days 00:00:00,168,41.5,156.25,1004.6,35.9
2026-09-25,EP152026,44,2026-09-25 00:00:00,0 days 00:00:00,0,14.75,-156.0,983.9,67.1
2026-09-25,EP152026,44,2026-09-25 06:00:00,0 days 06:00:00,6,15.25,-155.88,985.8,64.6
2026-09-25,EP152026,44,2026-09-25 12:00:00,0 days 12:00:00,12,15.75,-155.75,987.6,62.0
2026-09-25,EP152026,44,2026-09-25 18:00:00,0 days 18:00:00,18,16.25,-155.38,986.3,63.9
2026-09-25,EP152026,44,2026-09-26 00:00:00,1 days 00:00:00,24,16.75,-155.0,984.9,65.8
2026-09-25,EP152026,44,2026-09-26 06:00:00,1 days 06:00:00,30,17.13,-155.0,982.8,68.6
2026-09-25,EP152026,44,2026-09-26 12:00:00,1 days 12:00:00,36,17.5,-155.0,980.6,71.4
2026-09-25,EP152026,44,2026-09-26 18:00:00,1 days 18:00:00,42,17.63,-155.62,984.1,66.7
2026-09-25,EP152026,44,2026-09-27 00:00:00,2 days 00:00:00,48,17.75,-156.25,987.6,62.1
2026-09-25,EP152026,44,2026-09-27 06:00:00,2 days 06:00:00,54,18.0,-157.25,987.6,62.1
2026-09-25,EP152026,44,2026-09-27 12:00:00,2 days 12:00:00,60,18.25,-158.25,987.6,62.1
2026-09-25,EP152026,44,2026-09-27 18:00:00,2 days 18:00:00,66,18.25,-159.5,987.7,61.9
2026-09-25,EP152026,44,2026-09-28 00:00:00,3 days 00:00:00,72,18.25,-160.75,987.9,61.7
2026-09-25,EP152026,44,2026-09-28 06:00:00,3 days 06:00:00,78,18.5,-161.87,988.2,61.3
2026-09-25,EP152026,44,2026-09-28 12:00:00,3 days 12:00:00,84,18.75,-163.0,988.5,60.9
2026-09-25,EP152026,44,2026-09-28 18:00:00,3 days 18:00:00,90,19.5,-164.12,988.9,60.3
2026-09-25,EP152026,44,2026-09-29 00:00:00,4 days 00:00:00,96,20.25,-165.25,989.3,59.8
2026-09-25,EP152026,44,2026-09-29 06:00:00,4 days 06:00:00,102,21.63,-166.12,990.3,58.2
2026-09-25,EP152026,44,2026-09-29 12:00:00,4 days 12:00:00,108,23.0,-167.0,991.4,56.7
2026-09-25,EP152026,44,2026-09-29 18:00:00,4 days 18:00:00,114,23.75,-167.87,990.0,58.7
2026-09-25,EP152026,44,2026-09-30 00:00:00,5 days 00:00:00,120,24.5,-168.75,988.6,60.7
2026-09-25,EP152026,44,2026-09-30 06:00:00,5 days 06:00:00,126,24.63,-170.0,988.2,61.3
2026-09-25,EP152026,44,2026-09-30 12:00:00,5 days 12:00:00,132,24.75,-171.25,987.8,61.8
2026-09-25,EP152026,44,2026-09-30 18:00:00,5 days 18:00:00,138,24.63,-172.63,988.4,61.0
2026-09-25,EP152026,44,2026-10-01 00:00:00,6 days 00:00:00,144,24.5,-174.0,989.0,60.2
2026-09-25,EP152026,44,2026-10-01 06:00:00,6 days 06:00:00,150,24.13,-175.5,987.7,62.0
2026-09-25,EP152026,44,2026-10-01 12:00:00,6 days 12:00:00,156,23.75,-177.0,986.4,63.7
2026-09-25,EP152026,44,2026-10-01 18:00:00,6 days 18:00:00,162,23.0,-178.13,986.1,64.2
2026-09-25,EP152026,44,2026-10-02 00:00:00,7 days 00:00:00,168,22.25,-179.25,985.8,64.6
2026-09-25,EP152026,44,2026-10-02 06:00:00,7 days 06:00:00,174,21.76,179.37,983.8,67.2
2026-09-25,EP152026,44,2026-10-02 12:00:00,7 days 12:00:00,180,21.25,178.0,981.9,69.8
2026-09-25,EP152026,44,2026-10-02 18:00:00,7 days 18:00:00,186,20.88,176.5,980.4,71.7
2026-09-25,EP152026,44,2026-10-03 00:00:00,8 days 00:00:00,192,20.5,175.0,978.9,73.6
2026-09-25,EP152026,44,2026-10-03 06:00:00,8 days 06:00:00,198,20.5,173.75,979.0,73.4
2026-09-25,EP152026,44,2026-10-03 12:00:00,8 days 12:00:00,204,20.5,172.5,979.2,73.3
2026-09-25,EP152026,44,2026-10-03 18:00:00,8 days 18:00:00,210,21.01,171.01,977.9,74.9
2026-09-25,EP152026,44,2026-10-04 00:00:00,9 days 00:00:00,216,21.5,169.5,976.6,76.5
2026-09-25,EP152026,44,2026-10-04 06:00:00,9 days 06:00:00,222,22.13,168.13,981.3,70.4
2026-09-25,EP152026,44,2026-10-04 12:00:00,9 days 12:00:00,228,22.75,166.75,986.0,64.3
2026-09-25,EP152026,44,2026-10-04 18:00:00,9 days 18:00:00,234,24.0,165.64,988.0,61.5
2026-09-25,EP152026,44,2026-10-05 00:00:00,10 days 00:00:00,240,25.25,164.5,990.0,58.8
2026-09-25,EP152026,44,2026-10-05 06:00:00,10 days 06:00:00,246,27.13,163.89,990.5,58.1
2026-09-25,EP152026,44,2026-10-05 12:00:00,10 days 12:00:00,252,29.0,163.25,991.0,57.4
2026-09-25,EP152026,44,2026-10-05 18:00:00,10 days 18:00:00,258,30.88,163.99,992.4,55.2
2026-09-25,EP152026,44,2026-10-06 00:00:00,11 days 00:00:00,264,32.75,164.75,993.9,53.1
2026-09-25,EP152026,44,2026-10-06 06:00:00,11 days 06:00:00,270,34.67,167.93,995.6,50.5
2026-09-25,EP152026,44,2026-10-06 12:00:00,11 days 12:00:00,276,36.5,171.25,997.2,48.0
2026-09-25,EP152026,44,2026-10-06 18:00:00,11 days 18:00:00,282,38.78,177.19,994.6,52.0
2026-09-25,EP152026,44,2026-10-07 00:00:00,12 days 00:00:00,288,40.75,-176.5,992.0,55.9
2026-09-25,EP152026,44,2026-10-07 06:00:00,12 days 06:00:00,294,44.43,-170.39,973.3,79.1
2026-09-25,EP152026,44,2026-10-07 12:00:00,12 days 12:00:00,300,47.75,-163.5,954.6,102.2
2026-09-25,EP152026,44,2026-10-07 18:00:00,12 days 18:00:00,306,49.75,-162.9,946.7,110.6
2026-09-25,EP152026,44,2026-10-08 00:00:00,13 days 00:00:00,312,51.75,-162.25,938.8,118.9
2026-09-25,EP152026,44,2026-10-08 06:00:00,13 days 06:00:00,318,51.88,-161.13,940.3,117.4
2026-09-25,EP152026,44,2026-10-08 12:00:00,13 days 12:00:00,324,52.0,-160.0,941.8,115.8
2026-09-25,EP152026,44,2026-10-08 18:00:00,13 days 18:00:00,330,52.5,-159.51,945.6,111.8
2026-09-25,EP152026,44,2026-10-09 00:00:00,14 days 00:00:00,336,53.0,-159.0,949.4,107.9
2026-09-25,EP152026,44,2026-10-09 06:00:00,14 days 06:00:00,342,52.75,-158.12,954.3,102.4
2026-09-25,EP152026,44,2026-10-09 12:00:00,14 days 12:00:00,348,52.5,-157.25,959.3,97.0
2026-09-25,EP162026,44,2026-09-25 00:00:00,0 days 00:00:00,0,17.0,-124.75,975.5,77.9
2026-09-25,EP162026,44,2026-09-25 06:00:00,0 days 06:00:00,6,17.25,-124.25,973.1,80.8
2026-09-25,EP162026,44,2026-09-25 12:00:00,0 days 12:00:00,12,17.5,-123.75,970.7,83.7
2026-09-25,EP162026,44,2026-09-25 18:00:00,0 days 18:00:00,18,18.0,-123.75,974.1,79.6
2026-09-25,EP162026,44,2026-09-26 00:00:00,1 days 00:00:00,24,18.5,-123.75,977.5,75.4
2026-09-25,EP162026,44,2026-09-26 06:00:00,1 days 06:00:00,30,18.88,-123.87,978.4,74.3
2026-09-25,EP162026,44,2026-09-26 12:00:00,1 days 12:00:00,36,19.25,-124.0,979.3,73.1
2026-09-25,EP162026,44,2026-09-26 18:00:00,1 days 18:00:00,42,19.75,-124.12,985.3,65.0
2026-09-25,EP162026,44,2026-09-27 00:00:00,2 days 00:00:00,48,20.25,-124.25,991.2,57.0
2026-09-25,EP162026,44,2026-09-27 06:00:00,2 days 06:00:00,54,20.88,-124.0,994.1,52.8
2026-09-25,EP162026,44,2026-09-27 12:00:00,2 days 12:00:00,60,21.5,-123.75,996.9,48.6
2026-09-25,EP162026,44,2026-09-27 18:00:00,2 days 18:00:00,66,22.08,-118.64,982.7,67.5
2026-09-25,EP162026,44,2026-09-28 00:00:00,3 days 00:00:00,72,22.5,-113.5,968.6,86.3
2026-09-25,EP162026,44,2026-09-28 06:00:00,3 days 06:00:00,78,23.25,-113.38,969.9,84.8
2026-09-25,EP162026,44,2026-09-28 12:00:00,3 days 12:00:00,84,24.0,-113.25,971.2,83.2
2026-09-25,EP162026,44,2026-09-28 18:00:00,3 days 18:00:00,90,24.75,-112.5,975.9,77.3
2026-09-25,EP162026,44,2026-09-29 00:00:00,4 days 00:00:00,96,25.5,-111.75,980.7,71.3
2026-09-25,EP162026,44,2026-09-29 06:00:00,4 days 06:00:00,102,26.25,-111.25,984.7,65.9
2026-09-25,EP162026,44,2026-09-29 12:00:00,4 days 12:00:00,108,27.0,-110.75,988.7,60.5
2026-09-25,EP162026,44,2026-09-29 18:00:00,4 days 18:00:00,114,21.52,-108.16,989.5,59.4
2026-09-25,EP162026,44,2026-09-30 00:00:00,5 days 00:00:00,120,16.0,-105.75,990.3,58.3
2026-09-25,EP162026,44,2026-09-30 06:00:00,5 days 06:00:00,126,16.5,-106.5,988.5,60.9
2026-09-25,EP162026,44,2026-09-30 12:00:00,5 days 12:00:00,132,17.0,-107.25,986.6,63.4
2026-09-25,EP162026,44,2026-09-30 18:00:00,5 days 18:00:00,138,17.38,-107.87,983.7,67.3
2026-09-25,EP162026,44,2026-10-01 00:00:00,6 days 00:00:00,144,17.75,-108.5,980.8,71.2
2026-09-25,EP162026,44,2026-10-01 06:00:00,6 days 06:00:00,150,17.88,-109.0,980.7,71.3
2026-09-25,EP162026,44,2026-10-01 12:00:00,6 days 12:00:00,156,18.0,-109.5,980.7,71.3
2026-09-25,EP162026,44,2026-10-01 18:00:00,6 days 18:00:00,162,18.5,-110.12,978.5,74.1
2026-09-25,EP162026,44,2026-10-02 00:00:00,7 days 00:00:00,168,19.0,-110.75,976.4,76.8
2026-09-25,EP162026,44,2026-10-02 06:00:00,7 days 06:00:00,174,19.25,-111.37,974.5,79.2
2026-09-25,EP162026,44,2026-10-02 12:00:00,7 days 12:00:00,180,19.5,-112.0,972.6,81.5
2026-09-25,EP162026,44,2026-10-02 18:00:00,7 days 18:00:00,186,19.63,-112.75,973.5,80.4
2026-09-25,EP162026,44,2026-10-03 00:00:00,8 days 00:00:00,192,19.75,-113.5,974.3,79.3
2026-09-25,EP162026,44,2026-10-03 06:00:00,8 days 06:00:00,198,19.88,-114.12,975.9,77.4
2026-09-25,EP162026,44,2026-10-03 12:00:00,8 days 12:00:00,204,20.0,-114.75,977.5,75.4
2026-09-25,EP162026,44,2026-10-03 18:00:00,8 days 18:00:00,210,20.25,-115.62,978.8,73.8
2026-09-25,EP162026,44,2026-10-04 00:00:00,9 days 00:00:00,216,20.5,-116.5,980.1,72.1
2026-09-25,EP162026,44,2026-10-04 06:00:00,9 days 06:00:00,222,20.63,-117.62,980.9,71.1
2026-09-25,EP162026,44,2026-10-04 12:00:00,9 days 12:00:00,228,20.75,-118.75,981.6,70.1
2026-09-25,EP162026,44,2026-10-04 18:00:00,9 days 18:00:00,234,20.63,-120.0,979.8,72.5
2026-09-25,EP162026,44,2026-10-05 00:00:00,10 days 00:00:00,240,20.5,-121.25,978.0,74.8
2026-09-25,EP162026,44,2026-10-05 06:00:00,10 days 06:00:00,246,20.88,-122.0,979.2,73.3
2026-09-25,EP162026,44,2026-10-05 12:00:00,10 days 12:00:00,252,21.25,-122.75,980.3,71.8
2026-09-25,EP162026,44,2026-10-05 18:00:00,10 days 18:00:00,258,21.38,-123.25,981.1,70.8
2026-09-25,EP162026,44,2026-10-06 00:00:00,11 days 00:00:00,264,21.5,-123.75,981.9,69.7
2026-09-25,EP162026,44,2026-10-06 06:00:00,11 days 06:00:00,270,21.88,-124.5,985.2,65.3
2026-09-25,EP162026,44,2026-10-06 12:00:00,11 days 12:00:00,276,22.25,-125.25,988.4,60.9
2026-09-25,EP162026,44,2026-10-06 18:00:00,11 days 18:00:00,282,22.5,-125.87,989.3,59.7
2026-09-25,EP162026,44,2026-10-07 00:00:00,12 days 00:00:00,288,22.75,-126.5,990.2,58.5
2026-09-25,EP162026,44,2026-10-07 06:00:00,12 days 06:00:00,294,23.13,-127.25,991.5,56.6
2026-09-25,EP162026,44,2026-10-07 12:00:00,12 days 12:00:00,300,23.5,-128.0,992.8,54.7
2026-09-25,EP162026,44,2026-10-07 18:00:00,12 days 18:00:00,306,23.75,-128.37,995.3,50.9
2026-09-25,EP162026,44,2026-10-08 00:00:00,13 days 00:00:00,312,24.0,-128.75,997.9,47.1
2026-09-25,EP162026,44,2026-10-08 06:00:00,13 days 06:00:00,318,23.88,-129.25,998.4,46.1
2026-09-25,EP162026,44,2026-10-08 12:00:00,13 days 12:00:00,324,23.75,-129.75,999.0,45.2
2026-09-25,EP162026,44,2026-10-08 18:00:00,13 days 18:00:00,330,23.75,-130.87,999.5,44.4
2026-09-25,EP162026,44,2026-10-09 00:00:00,14 days 00:00:00,336,23.75,-132.0,1000.0,43.6
2026-09-25,EP162026,44,2026-10-09 06:00:00,14 days 06:00:00,342,23.75,-132.63,1000.0,43.6
2026-09-25,EP162026,44,2026-10-09 12:00:00,14 days 12:00:00,348,23.75,-133.25,1000.0,43.6
2026-09-25,EP162026,44,2026-10-09 18:00:00,14 days 18:00:00,354,23.75,-134.25,1000.8,42.4
2026-09-25,EP162026,44,2026-10-10 00:00:00,15 days 00:00:00,360,23.75,-135.25,1001.5,41.1
2026-09-25,EP172026,44,2026-09-25 00:00:00,0 days 00:00:00,0,17.0,-106.25,960.1,96.1
2026-09-25,EP172026,44,2026-09-25 06:00:00,0 days 06:00:00,6,17.25,-107.25,965.2,90.2
2026-09-25,EP172026,44,2026-09-25 12:00:00,0 days 12:00:00,12,17.5,-108.25,970.2,84.4
2026-09-25,EP172026,44,2026-09-25 18:00:00,0 days 18:00:00,18,17.5,-109.12,969.5,85.3
2026-09-25,EP172026,44,2026-09-26 00:00:00,1 days 00:00:00,24,17.5,-110.0,968.7,86.2
2026-09-25,EP172026,44,2026-09-26 06:00:00,1 days 06:00:00,30,17.75,-110.75,970.1,84.5
2026-09-25,EP172026,44,2026-09-26 12:00:00,1 days 12:00:00,36,18.0,-111.5,971.5,82.8
2026-09-25,EP172026,44,2026-09-26 18:00:00,1 days 18:00:00,42,18.5,-112.0,972.4,81.7
2026-09-25,EP172026,44,2026-09-27 00:00:00,2 days 00:00:00,48,19.0,-112.5,973.3,80.6
2026-09-25,EP172026,44,2026-09-27 06:00:00,2 days 06:00:00,54,19.88,-112.87,976.5,76.6
2026-09-25,EP172026,44,2026-09-27 12:00:00,2 days 12:00:00,60,20.75,-113.25,979.6,72.7
2026-09-25,EP172026,44,2026-09-27 18:00:00,2 days 18:00:00,66,21.63,-113.37,974.1,79.5
2026-09-25,EP172026,44,2026-09-28 00:00:00,3 days 00:00:00,72,22.5,-113.5,968.6,86.3
2026-09-25,WP252026,44,2026-09-25 00:00:00,0 days 00:00:00,0,20.25,130.25,1002.4,39.6
2026-09-25,WP252026,44,2026-09-25 06:00:00,0 days 06:00:00,6,20.75,129.38,1001.2,41.7
2026-09-25,WP252026,44,2026-09-25 12:00:00,0 days 12:00:00,12,21.25,128.5,999.9,43.9
2026-09-25,WP252026,44,2026-09-25 18:00:00,0 days 18:00:00,18,21.88,128.0,996.6,48.9
2026-09-25,WP252026,44,2026-09-26 00:00:00,1 days 00:00:00,24,22.5,127.5,993.3,54.0
2026-09-25,WP252026,44,2026-09-26 06:00:00,1 days 06:00:00,30,23.13,127.38,992.4,55.2
2026-09-25,WP252026,44,2026-09-26 12:00:00,1 days 12:00:00,36,23.75,127.25,991.6,56.5
2026-09-25,WP252026,44,2026-09-26 18:00:00,1 days 18:00:00,42,24.38,127.75,990.8,57.6
2026-09-25,WP252026,44,2026-09-27 00:00:00,2 days 00:00:00,48,25.0,128.25,990.1,58.7
2026-09-25,WP252026,44,2026-09-27 06:00:00,2 days 06:00:00,54,25.38,129.0,988.1,61.4
2026-09-25,WP252026,44,2026-09-27 12:00:00,2 days 12:00:00,60,25.75,129.75,986.2,64.1
2026-09-25,WP252026,44,2026-09-27 18:00:00,2 days 18:00:00,66,26.13,130.5,986.8,63.2
2026-09-25,WP252026,44,2026-09-28 00:00:00,3 days 00:00:00,72,26.5,131.25,987.4,62.4
2026-09-25,WP252026,44,2026-09-28 06:00:00,3 days 06:00:00,78,27.5,131.87,992.6,54.7
2026-09-25,WP252026,44,2026-09-28 12:00:00,3 days 12:00:00,84,28.5,132.5,997.8,47.1
2026-09-25,WP252026,44,2026-09-28 18:00:00,3 days 18:00:00,90,29.38,133.49,998.0,46.9
2026-09-25,WP252026,44,2026-09-29 00:00:00,4 days 00:00:00,96,30.25,134.5,998.1,46.7
2026-09-25,WP252026,44,2026-09-29 06:00:00,4 days 06:00:00,102,30.89,136.11,1000.4,42.9
2026-09-25,WP252026,44,2026-09-29 12:00:00,4 days 12:00:00,108,31.5,137.75,1002.7,39.2
2026-09-25,WP252026,44,2026-09-29 18:00:00,4 days 18:00:00,114,32.64,139.72,1001.9,40.4
2026-09-25,WP252026,44,2026-09-30 00:00:00,5 days 00:00:00,120,33.75,141.75,1001.2,41.7
2026-09-25,WP252026,44,2026-09-30 06:00:00,5 days 06:00:00,126,34.77,143.97,1001.8,40.6
2026-09-25,WP252026,44,2026-09-30 12:00:00,5 days 12:00:00,132,35.75,146.25,1002.4,39.6
2026-09-25,AL062026,45,2026-09-25 00:00:00,0 days 00:00:00,0,30.0,-41.75,1015.2,13.2
2026-09-25,AL062026,45,2026-09-25 06:00:00,0 days 06:00:00,6,29.88,-42.13,1015.4,12.7
2026-09-25,AL062026,45,2026-09-25 12:00:00,0 days 12:00:00,12,29.75,-42.5,1015.6,12.1
2026-09-25,AL062026,45,2026-09-25 18:00:00,0 days 18:00:00,18,29.88,-43.25,1015.3,12.8
2026-09-25,AL062026,45,2026-09-26 00:00:00,1 days 00:00:00,24,30.0,-44.0,1015.0,13.5
2026-09-25,AL062026,45,2026-09-26 06:00:00,1 days 06:00:00,30,30.0,-44.13,1015.5,12.1
2026-09-25,AL062026,45,2026-09-26 12:00:00,1 days 12:00:00,36,30.0,-44.25,1016.0,10.6
2026-09-25,AL062026,45,2026-09-26 18:00:00,1 days 18:00:00,42,35.0,-44.48,1012.7,18.7
2026-09-25,AL062026,45,2026-09-27 00:00:00,2 days 00:00:00,48,40.0,-44.75,1009.4,26.8
2026-09-25,AL072026,45,2026-09-25 00:00:00,0 days 00:00:00,0,13.25,-22.0,1006.2,32.9
2026-09-25,AL072026,45,2026-09-25 06:00:00,0 days 06:00:00,6,14.25,-22.0,1005.6,34.0
2026-09-25,AL072026,45,2026-09-25 12:00:00,0 days 12:00:00,12,15.25,-22.0,1005.0,35.1
2026-09-25,AL072026,45,2026-09-25 18:00:00,0 days 18:00:00,18,16.0,-22.37,1005.2,34.7
2026-09-25,AL072026,45,2026-09-26 00:00:00,1 days 00:00:00,24,16.75,-22.74,1005.4,34.3
2026-09-25,AL072026,45,2026-09-26 06:00:00,1 days 06:00:00,30,17.5,-23.12,1005.6,34.0
2026-09-25,AL072026,45,2026-09-26 12:00:00,1 days 12:00:00,36,18.25,-23.5,1005.8,33.6
2026-09-25,AL072026,45,2026-09-26 18:00:00,1 days 18:00:00,42,18.81,-23.56,1006.1,33.1
2026-09-25,AL072026,45,2026-09-27 00:00:00,2 days 00:00:00,48,19.38,-23.62,1006.4,32.5
2026-09-25,AL072026,45,2026-09-27 06:00:00,2 days 06:00:00,54,19.94,-23.69,1006.7,32.0
2026-09-25,AL072026,45,2026-09-27 12:00:00,2 days 12:00:00,60,20.5,-23.75,1007.0,31.4
2026-09-25,EP152026,45,2026-09-25 00:00:00,0 days 00:00:00,0,14.75,-156.0,983.9,67.1
2026-09-25,EP152026,45,2026-09-25 06:00:00,0 days 06:00:00,6,15.13,-156.12,985.0,65.7
2026-09-25,EP152026,45,2026-09-25 12:00:00,0 days 12:00:00,12,15.5,-156.25,986.0,64.3
2026-09-25,EP152026,45,2026-09-25 18:00:00,0 days 18:00:00,18,15.75,-155.5,986.2,64.0
2026-09-25,EP152026,45,2026-09-26 00:00:00,1 days 00:00:00,24,16.0,-154.75,986.3,63.8
2026-09-25,EP152026,45,2026-09-26 06:00:00,1 days 06:00:00,30,16.25,-154.87,985.6,64.8
2026-09-25,EP152026,45,2026-09-26 12:00:00,1 days 12:00:00,36,16.5,-155.0,984.9,65.8
2026-09-25,EP152026,45,2026-09-26 18:00:00,1 days 18:00:00,42,16.38,-155.13,986.2,63.9
2026-09-25,EP152026,45,2026-09-27 00:00:00,2 days 00:00:00,48,16.25,-155.25,987.6,62.1
2026-09-25,EP152026,45,2026-09-27 06:00:00,2 days 06:00:00,54,16.13,-156.0,983.6,67.4
2026-09-25,EP152026,45,2026-09-27 12:00:00,2 days 12:00:00,60,16.0,-156.75,979.6,72.7
2026-09-25,EP152026,45,2026-09-27 18:00:00,2 days 18:00:00,66,15.75,-157.63,980.7,71.4
2026-09-25,EP152026,45,2026-09-28 00:00:00,3 days 00:00:00,72,15.5,-158.5,981.7,70.0
2026-09-25,EP152026,45,2026-09-28 06:00:00,3 days 06:00:00,78,15.75,-159.37,981.6,70.1
2026-09-25,EP152026,45,2026-09-28 12:00:00,3 days 12:00:00,84,16.0,-160.25,981.6,70.2
2026-09-25,EP152026,45,2026-09-28 18:00:00,3 days 18:00:00,90,16.5,-161.25,982.2,69.3
2026-09-25,EP152026,45,2026-09-29 00:00:00,4 days 00:00:00,96,17.0,-162.25,982.9,68.5
2026-09-25,EP152026,45,2026-09-29 06:00:00,4 days 06:00:00,102,17.75,-162.87,984.2,66.7
2026-09-25,EP152026,45,2026-09-29 12:00:00,4 days 12:00:00,108,18.5,-163.5,985.5,65.0
2026-09-25,EP152026,45,2026-09-29 18:00:00,4 days 18:00:00,114,19.13,-163.62,985.6,64.9
2026-09-25,EP152026,45,2026-09-30 00:00:00,5 days 00:00:00,120,19.75,-163.75,985.7,64.7
2026-09-25,EP152026,45,2026-09-30 06:00:00,5 days 06:00:00,126,20.38,-163.63,981.5,70.2
2026-09-25,EP152026,45,2026-09-30 12:00:00,5 days 12:00:00,132,21.0,-163.5,977.2,75.7
2026-09-25,EP152026,45,2026-09-30 18:00:00,5 days 18:00:00,138,21.88,-163.0,978.8,73.8
2026-09-25,EP152026,45,2026-10-01 00:00:00,6 days 00:00:00,144,22.75,-162.5,980.3,71.9
2026-09-25,EP152026,45,2026-10-01 06:00:00,6 days 06:00:00,150,24.25,-162.5,980.1,72.1
2026-09-25,EP152026,45,2026-10-01 12:00:00,6 days 12:00:00,156,25.75,-162.5,979.9,72.4
2026-09-25,EP152026,45,2026-10-01 18:00:00,6 days 18:00:00,162,27.38,-163.73,980.1,72.1
2026-09-25,EP152026,45,2026-10-02 00:00:00,7 days 00:00:00,168,29.0,-165.0,980.4,71.7
2026-09-25,EP152026,45,2026-10-02 06:00:00,7 days 06:00:00,174,29.5,-164.75,981.8,69.8
2026-09-25,EP152026,45,2026-10-02 12:00:00,7 days 12:00:00,180,30.0,-164.5,983.3,67.9
2026-09-25,EP152026,45,2026-10-02 18:00:00,7 days 18:00:00,186,31.38,-164.38,984.0,67.0
2026-09-25,EP152026,45,2026-10-03 00:00:00,8 days 00:00:00,192,32.75,-164.25,984.6,66.1
2026-09-25,EP152026,45,2026-10-03 06:00:00,8 days 06:00:00,198,32.5,-164.75,987.0,62.8
2026-09-25,EP152026,45,2026-10-03 12:00:00,8 days 12:00:00,204,32.25,-165.25,989.4,59.5
2026-09-25,EP152026,45,2026-10-03 18:00:00,8 days 18:00:00,210,32.01,-166.5,992.2,55.5
2026-09-25,EP152026,45,2026-10-04 00:00:00,9 days 00:00:00,216,31.75,-167.75,994.9,51.5
2026-09-25,EP152026,45,2026-10-04 06:00:00,9 days 06:00:00,222,31.39,-169.76,996.7,48.8
2026-09-25,EP152026,45,2026-10-04 12:00:00,9 days 12:00:00,228,31.0,-171.75,998.5,46.0
2026-09-25,EP152026,45,2026-10-04 18:00:00,9 days 18:00:00,234,30.64,-173.38,1000.6,42.7
2026-09-25,EP152026,45,2026-10-05 00:00:00,10 days 00:00:00,240,30.25,-175.0,1002.6,39.3
2026-09-25,EP162026,45,2026-09-25 00:00:00,0 days 00:00:00,0,17.0,-124.75,975.5,77.9
2026-09-25,EP162026,45,2026-09-25 06:00:00,0 days 06:00:00,6,17.25,-124.25,977.2,75.8
2026-09-25,EP162026,45,2026-09-25 12:00:00,0 days 12:00:00,12,17.5,-123.75,978.8,73.7
2026-09-25,EP162026,45,2026-09-25 18:00:00,0 days 18:00:00,18,17.87,-123.75,982.1,69.4
2026-09-25,EP162026,45,2026-09-26 00:00:00,1 days 00:00:00,24,18.25,-123.75,985.3,65.2
2026-09-25,EP162026,45,2026-09-26 06:00:00,1 days 06:00:00,30,18.5,-123.87,985.9,64.4
2026-09-25,EP162026,45,2026-09-26 12:00:00,1 days 12:00:00,36,18.75,-124.0,986.5,63.5
2026-09-25,EP162026,45,2026-09-26 18:00:00,1 days 18:00:00,42,19.25,-123.88,989.7,59.1
2026-09-25,EP162026,45,2026-09-27 00:00:00,2 days 00:00:00,48,19.75,-123.75,992.9,54.6
2026-09-25,EP162026,45,2026-09-27 06:00:00,2 days 06:00:00,54,20.25,-123.75,995.8,50.1
2026-09-25,EP162026,45,2026-09-27 12:00:00,2 days 12:00:00,60,20.75,-123.75,998.8,45.5
2026-09-25,EP162026,45,2026-09-27 18:00:00,2 days 18:00:00,66,22.08,-118.79,988.1,60.6
2026-09-25,EP162026,45,2026-09-28 00:00:00,3 days 00:00:00,72,23.25,-113.75,977.3,75.6
2026-09-25,EP162026,45,2026-09-28 06:00:00,3 days 06:00:00,78,24.0,-113.63,978.5,74.1
2026-09-25,EP162026,45,2026-09-28 12:00:00,3 days 12:00:00,84,24.75,-113.5,979.6,72.7
2026-09-25,EP162026,45,2026-09-28 18:00:00,3 days 18:00:00,90,25.5,-112.88,985.2,65.2
2026-09-25,EP162026,45,2026-09-29 00:00:00,4 days 00:00:00,96,26.25,-112.25,990.7,57.8
2026-09-25,EP162026,45,2026-09-29 06:00:00,4 days 06:00:00,102,23.83,-110.94,987.6,61.9
2026-09-25,EP162026,45,2026-09-29 12:00:00,4 days 12:00:00,108,21.39,-109.67,984.6,65.9
2026-09-25,EP162026,45,2026-09-29 18:00:00,4 days 18:00:00,114,18.95,-108.44,981.5,70.0
2026-09-25,EP162026,45,2026-09-30 00:00:00,5 days 00:00:00,120,16.5,-107.25,978.5,74.1
2026-09-25,EP162026,45,2026-09-30 06:00:00,5 days 06:00:00,126,16.88,-107.87,974.3,79.4
2026-09-25,EP162026,45,2026-09-30 12:00:00,5 days 12:00:00,132,17.25,-108.5,970.0,84.6
2026-09-25,EP162026,45,2026-09-30 18:00:00,5 days 18:00:00,138,17.63,-109.12,968.8,86.1
2026-09-25,EP162026,45,2026-10-01 00:00:00,6 days 00:00:00,144,18.0,-109.75,967.5,87.6
2026-09-25,EP162026,45,2026-10-01 06:00:00,6 days 06:00:00,150,18.13,-110.25,966.5,88.7
2026-09-25,EP162026,45,2026-10-01 12:00:00,6 days 12:00:00,156,18.25,-110.75,965.6,89.9
2026-09-25,EP162026,45,2026-10-01 18:00:00,6 days 18:00:00,162,18.38,-111.12,966.9,88.3
2026-09-25,EP162026,45,2026-10-02 00:00:00,7 days 00:00:00,168,18.5,-111.5,968.2,86.8
2026-09-25,EP162026,45,2026-10-02 06:00:00,7 days 06:00:00,174,18.5,-112.0,970.6,83.8
2026-09-25,EP162026,45,2026-10-02 12:00:00,7 days 12:00:00,180,18.5,-112.5,973.0,80.9
2026-09-25,EP162026,45,2026-10-02 18:00:00,7 days 18:00:00,186,18.63,-113.37,972.5,81.6
2026-09-25,EP162026,45,2026-10-03 00:00:00,8 days 00:00:00,192,18.75,-114.25,972.0,82.2
2026-09-25,EP162026,45,2026-10-03 06:00:00,8 days 06:00:00,198,18.88,-115.0,974.6,79.0
2026-09-25,EP162026,45,2026-10-03 12:00:00,8 days 12:00:00,204,19.0,-115.75,977.2,75.8
2026-09-25,EP162026,45,2026-10-03 18:00:00,8 days 18:00:00,210,18.88,-116.25,978.5,74.1
2026-09-25,EP162026,45,2026-10-04 00:00:00,9 days 00:00:00,216,18.75,-116.75,979.8,72.5
2026-09-25,EP162026,45,2026-10-04 06:00:00,9 days 06:00:00,222,18.5,-117.38,976.9,76.2
2026-09-25,EP162026,45,2026-10-04 12:00:00,9 days 12:00:00,228,18.25,-118.0,973.9,79.9
2026-09-25,EP162026,45,2026-10-04 18:00:00,9 days 18:00:00,234,18.25,-118.5,977.0,76.0
2026-09-25,EP162026,45,2026-10-05 00:00:00,10 days 00:00:00,240,18.25,-119.0,980.0,72.2
2026-09-25,EP162026,45,2026-10-05 06:00:00,10 days 06:00:00,246,18.25,-119.63,978.2,74.5
2026-09-25,EP162026,45,2026-10-05 12:00:00,10 days 12:00:00,252,18.25,-120.25,976.4,76.8
2026-09-25,EP162026,45,2026-10-05 18:00:00,10 days 18:00:00,258,18.25,-120.75,977.0,76.0
2026-09-25,EP162026,45,2026-10-06 00:00:00,11 days 00:00:00,264,18.25,-121.25,977.6,75.2
2026-09-25,EP162026,45,2026-10-06 06:00:00,11 days 06:00:00,270,18.5,-122.12,976.1,77.2
2026-09-25,EP162026,45,2026-10-06 12:00:00,11 days 12:00:00,276,18.75,-123.0,974.6,79.1
2026-09-25,EP162026,45,2026-10-06 18:00:00,11 days 18:00:00,282,18.63,-123.63,976.6,76.6
2026-09-25,EP162026,45,2026-10-07 00:00:00,12 days 00:00:00,288,18.5,-124.25,978.5,74.1
2026-09-25,EP162026,45,2026-10-07 06:00:00,12 days 06:00:00,294,18.63,-125.12,978.5,74.1
2026-09-25,EP162026,45,2026-10-07 12:00:00,12 days 12:00:00,300,18.75,-126.0,978.5,74.1
2026-09-25,EP162026,45,2026-10-07 18:00:00,12 days 18:00:00,306,18.88,-126.5,980.4,71.7
2026-09-25,EP162026,45,2026-10-08 00:00:00,13 days 00:00:00,312,19.0,-127.0,982.2,69.3
2026-09-25,EP162026,45,2026-10-08 06:00:00,13 days 06:00:00,318,19.13,-127.75,983.9,67.1
2026-09-25,EP162026,45,2026-10-08 12:00:00,13 days 12:00:00,324,19.25,-128.5,985.6,64.9
2026-09-25,EP162026,45,2026-10-08 18:00:00,13 days 18:00:00,330,19.63,-129.25,984.9,65.7
2026-09-25,EP162026,45,2026-10-09 00:00:00,14 days 00:00:00,336,20.0,-130.0,984.3,66.6
2026-09-25,EP162026,45,2026-10-09 06:00:00,14 days 06:00:00,342,20.0,-131.12,988.5,60.8
2026-09-25,EP162026,45,2026-10-09 12:00:00,14 days 12:00:00,348,20.0,-132.25,992.6,55.0
2026-09-25,EP162026,45,2026-10-09 18:00:00,14 days 18:00:00,354,20.0,-133.5,994.0,52.9
2026-09-25,EP162026,45,2026-10-10 00:00:00,15 days 00:00:00,360,20.0,-134.75,995.4,50.8
2026-09-25,EP172026,45,2026-09-25 00:00:00,0 days 00:00:00,0,17.0,-106.25,960.1,96.1
2026-09-25,EP172026,45,2026-09-25 06:00:00,0 days 06:00:00,6,17.13,-107.12,968.1,86.6
2026-09-25,EP172026,45,2026-09-25 12:00:00,0 days 12:00:00,12,17.25,-108.0,976.1,77.2
2026-09-25,EP172026,45,2026-09-25 18:00:00,0 days 18:00:00,18,17.38,-108.87,972.8,81.1
2026-09-25,EP172026,45,2026-09-26 00:00:00,1 days 00:00:00,24,17.5,-109.75,969.6,85.1
2026-09-25,EP172026,45,2026-09-26 06:00:00,1 days 06:00:00,30,17.88,-110.62,971.1,83.3
2026-09-25,EP172026,45,2026-09-26 12:00:00,1 days 12:00:00,36,18.25,-111.5,972.7,81.4
2026-09-25,EP172026,45,2026-09-26 18:00:00,1 days 18:00:00,42,18.75,-112.12,972.9,81.1
2026-09-25,EP172026,45,2026-09-27 00:00:00,2 days 00:00:00,48,19.25,-112.75,973.1,80.9
2026-09-25,EP172026,45,2026-09-27 06:00:00,2 days 06:00:00,54,20.13,-113.12,975.1,78.4
2026-09-25,EP172026,45,2026-09-27 12:00:00,2 days 12:00:00,60,21.0,-113.5,977.0,76.0
2026-09-25,EP172026,45,2026-09-27 18:00:00,2 days 18:00:00,66,22.13,-113.62,977.2,75.8
2026-09-25,EP172026,45,2026-09-28 00:00:00,3 days 00:00:00,72,23.25,-113.75,977.3,75.6
2026-09-25,WP252026,45,2026-09-25 00:00:00,0 days 00:00:00,0,20.25,130.25,1002.4,39.6
2026-09-25,WP252026,45,2026-09-25 06:00:00,0 days 06:00:00,6,20.75,129.38,1000.6,42.7
2026-09-25,WP252026,45,2026-09-25 12:00:00,0 days 12:00:00,12,21.25,128.5,998.7,45.7
2026-09-25,WP252026,45,2026-09-25 18:00:00,0 days 18:00:00,18,21.88,127.88,996.9,48.5
2026-09-25,WP252026,45,2026-09-26 00:00:00,1 days 00:00:00,24,22.5,127.25,995.1,51.3
2026-09-25,WP252026,45,2026-09-26 06:00:00,1 days 06:00:00,30,23.0,127.13,995.2,51.1
2026-09-25,WP252026,45,2026-09-26 12:00:00,1 days 12:00:00,36,23.5,127.0,995.3,51.0
2026-09-25,WP252026,45,2026-09-26 18:00:00,1 days 18:00:00,42,23.88,127.12,994.2,52.6
2026-09-25,WP252026,45,2026-09-27 00:00:00,2 days 00:00:00,48,24.25,127.25,993.1,54.3
2026-09-25,WP252026,45,2026-09-27 06:00:00,2 days 06:00:00,54,24.75,127.75,991.1,57.1
2026-09-25,WP252026,45,2026-09-27 12:00:00,2 days 12:00:00,60,25.25,128.25,989.2,59.9
2026-09-25,WP252026,45,2026-09-27 18:00:00,2 days 18:00:00,66,25.63,128.87,988.1,61.3
2026-09-25,WP252026,45,2026-09-28 00:00:00,3 days 00:00:00,72,26.0,129.5,987.1,62.8
2026-09-25,WP252026,45,2026-09-28 06:00:00,3 days 06:00:00,78,26.63,130.49,987.5,62.3
2026-09-25,WP252026,45,2026-09-28 12:00:00,3 days 12:00:00,84,27.25,131.5,987.9,61.7
2026-09-25,WP252026,45,2026-09-28 18:00:00,3 days 18:00:00,90,27.63,132.37,988.4,61.0
2026-09-25,WP252026,45,2026-09-29 00:00:00,4 days 00:00:00,96,28.0,133.25,988.9,60.3
2026-09-25,WP252026,45,2026-09-29 06:00:00,4 days 06:00:00,102,28.63,134.24,993.3,53.8
2026-09-25,WP252026,45,2026-09-29 12:00:00,4 days 12:00:00,108,29.25,135.25,997.7,47.3
2026-09-25,WP252026,45,2026-09-29 18:00:00,4 days 18:00:00,114,30.0,135.99,1000.0,43.6
2026-09-25,WP252026,45,2026-09-30 00:00:00,5 days 00:00:00,120,30.75,136.75,1002.3,39.9
2026-09-25,WP252026,45,2026-09-30 06:00:00,5 days 06:00:00,126,31.63,137.74,1002.6,39.2
2026-09-25,WP252026,45,2026-09-30 12:00:00,5 days 12:00:00,132,32.5,138.75,1003.0,38.6
2026-09-25,WP252026,45,2026-09-30 18:00:00,5 days 18:00:00,138,33.76,140.23,1001.5,41.1
2026-09-25,WP252026,45,2026-10-01 00:00:00,6 days 00:00:00,144,35.0,141.75,1000.1,43.5
2026-09-25,AL062026,46,2026-09-25 00:00:00,0 days 00:00:00,0,30.0,-41.75,1015.2,13.2
2026-09-25,AL062026,46,2026-09-25 06:00:00,0 days 06:00:00,6,29.88,-42.13,1014.7,14.4
2026-09-25,AL062026,46,2026-09-25 12:00:00,0 days 12:00:00,12,29.75,-42.5,1014.3,15.6
2026-09-25,AL062026,46,2026-09-25 18:00:00,0 days 18:00:00,18,30.0,-42.75,1014.3,15.5
2026-09-25,AL062026,46,2026-09-26 00:00:00,1 days 00:00:00,24,30.25,-43.0,1014.3,15.5
2026-09-25,AL062026,46,2026-09-26 06:00:00,1 days 06:00:00,30,30.0,-43.25,1014.0,16.2
2026-09-25,AL062026,46,2026-09-26 12:00:00,1 days 12:00:00,36,29.75,-43.5,1013.7,17.0
2026-09-25,AL062026,46,2026-09-26 18:00:00,1 days 18:00:00,42,29.5,-43.88,1014.8,14.0
2026-09-25,AL062026,46,2026-09-27 00:00:00,2 days 00:00:00,48,29.25,-44.25,1015.9,11.1
2026-09-25,AL062026,46,2026-09-27 06:00:00,2 days 06:00:00,54,34.27,-42.02,1010.7,22.7
2026-09-25,AL062026,46,2026-09-27 12:00:00,2 days 12:00:00,60,39.25,-39.5,1005.4,34.3
2026-09-25,EP152026,46,2026-09-25 00:00:00,0 days 00:00:00,0,14.75,-156.0,983.9,67.1
2026-09-25,EP152026,46,2026-09-25 06:00:00,0 days 06:00:00,6,15.25,-155.88,985.4,65.1
2026-09-25,EP152026,46,2026-09-25 12:00:00,0 days 12:00:00,12,15.75,-155.75,986.9,63.0
2026-09-25,EP152026,46,2026-09-25 18:00:00,0 days 18:00:00,18,16.0,-155.13,987.0,62.9
2026-09-25,EP152026,46,2026-09-26 00:00:00,1 days 00:00:00,24,16.25,-154.5,987.1,62.8
2026-09-25,EP152026,46,2026-09-26 06:00:00,1 days 06:00:00,30,16.63,-154.38,984.9,65.7
2026-09-25,EP152026,46,2026-09-26 12:00:00,1 days 12:00:00,36,17.0,-154.25,982.7,68.6
2026-09-25,EP152026,46,2026-09-26 18:00:00,1 days 18:00:00,42,17.0,-154.5,983.3,67.9
2026-09-25,EP152026,46,2026-09-27 00:00:00,2 days 00:00:00,48,17.0,-154.75,983.8,67.2
2026-09-25,EP152026,46,2026-09-27 06:00:00,2 days 06:00:00,54,16.75,-155.5,983.7,67.3
2026-09-25,EP152026,46,2026-09-27 12:00:00,2 days 12:00:00,60,16.5,-156.25,983.7,67.4
2026-09-25,EP152026,46,2026-09-27 18:00:00,2 days 18:00:00,66,16.13,-157.13,984.6,66.2
2026-09-25,EP152026,46,2026-09-28 00:00:00,3 days 00:00:00,72,15.75,-158.0,985.4,65.1
2026-09-25,EP152026,46,2026-09-28 06:00:00,3 days 06:00:00,78,15.88,-159.0,984.0,67.0
2026-09-25,EP152026,46,2026-09-28 12:00:00,3 days 12:00:00,84,16.0,-160.0,982.5,68.9
2026-09-25,EP152026,46,2026-09-28 18:00:00,3 days 18:00:00,90,16.38,-160.75,982.9,68.4
2026-09-25,EP152026,46,2026-09-29 00:00:00,4 days 00:00:00,96,16.75,-161.5,983.3,67.9
2026-09-25,EP152026,46,2026-09-29 06:00:00,4 days 06:00:00,102,17.5,-162.25,982.7,68.6
2026-09-25,EP152026,46,2026-09-29 12:00:00,4 days 12:00:00,108,18.25,-163.0,982.2,69.4
2026-09-25,EP152026,46,2026-09-29 18:00:00,4 days 18:00:00,114,18.88,-163.12,984.2,66.6
2026-09-25,EP152026,46,2026-09-30 00:00:00,5 days 00:00:00,120,19.5,-163.25,986.3,63.9
2026-09-25,EP152026,46,2026-09-30 06:00:00,5 days 06:00:00,126,19.88,-162.75,987.5,62.2
2026-09-25,EP152026,46,2026-09-30 12:00:00,5 days 12:00:00,132,20.25,-162.25,988.7,60.6
2026-09-25,EP152026,46,2026-09-30 18:00:00,5 days 18:00:00,138,20.63,-161.88,990.3,58.3
2026-09-25,EP152026,46,2026-10-01 00:00:00,6 days 00:00:00,144,21.0,-161.5,992.0,55.9
2026-09-25,EP152026,46,2026-10-01 06:00:00,6 days 06:00:00,150,21.5,-161.13,992.8,54.6
2026-09-25,EP152026,46,2026-10-01 12:00:00,6 days 12:00:00,156,22.0,-160.75,993.7,53.4
2026-09-25,EP152026,46,2026-10-01 18:00:00,6 days 18:00:00,162,23.38,-160.01,991.1,57.1
2026-09-25,EP152026,46,2026-10-02 00:00:00,7 days 00:00:00,168,24.75,-159.25,988.4,60.9
2026-09-25,EP152026,46,2026-10-02 06:00:00,7 days 06:00:00,174,26.13,-159.0,990.5,57.9
2026-09-25,EP152026,46,2026-10-02 12:00:00,7 days 12:00:00,180,27.5,-158.75,992.6,55.0
2026-09-25,EP152026,46,2026-10-02 18:00:00,7 days 18:00:00,186,28.75,-158.13,990.7,57.7
2026-09-25,EP152026,46,2026-10-03 00:00:00,8 days 00:00:00,192,30.0,-157.5,988.8,60.4
2026-09-25,EP152026,46,2026-10-03 06:00:00,8 days 06:00:00,198,32.25,-156.65,987.3,62.5
2026-09-25,EP152026,46,2026-10-03 12:00:00,8 days 12:00:00,204,34.5,-155.75,985.7,64.7
2026-09-25,EP152026,46,2026-10-03 18:00:00,8 days 18:00:00,210,36.88,-154.78,989.8,58.9
2026-09-25,EP152026,46,2026-10-04 00:00:00,9 days 00:00:00,216,39.25,-153.75,994.0,53.0
2026-09-25,EP152026,46,2026-10-04 06:00:00,9 days 06:00:00,222,40.51,-152.65,998.7,45.4
2026-09-25,EP152026,46,2026-10-04 12:00:00,9 days 12:00:00,228,41.75,-151.5,1003.5,37.7
2026-09-25,EP162026,46,2026-09-25 00:00:00,0 days 00:00:00,0,17.0,-124.75,975.5,77.9
2026-09-25,EP162026,46,2026-09-25 06:00:00,0 days 06:00:00,6,17.25,-124.25,978.0,74.8
2026-09-25,EP162026,46,2026-09-25 12:00:00,0 days 12:00:00,12,17.5,-123.75,980.5,71.6
2026-09-25,EP162026,46,2026-09-25 18:00:00,0 days 18:00:00,18,17.88,-123.5,979.7,72.5
2026-09-25,EP162026,46,2026-09-26 00:00:00,1 days 00:00:00,24,18.25,-123.25,979.0,73.5
2026-09-25,EP162026,46,2026-09-26 06:00:00,1 days 06:00:00,30,18.88,-123.25,981.9,69.7
2026-09-25,EP162026,46,2026-09-26 12:00:00,1 days 12:00:00,36,19.5,-123.25,984.8,65.9
2026-09-25,EP162026,46,2026-09-26 18:00:00,1 days 18:00:00,42,20.12,-123.25,989.7,59.0
2026-09-25,EP162026,46,2026-09-27 00:00:00,2 days 00:00:00,48,20.75,-123.25,994.6,52.0
2026-09-25,EP162026,46,2026-09-27 06:00:00,2 days 06:00:00,54,21.13,-123.0,997.1,48.1
2026-09-25,EP162026,46,2026-09-27 12:00:00,2 days 12:00:00,60,21.5,-122.75,999.6,44.3
2026-09-25,EP162026,46,2026-09-27 18:00:00,2 days 18:00:00,66,21.95,-117.76,987.1,61.6
2026-09-25,EP162026,46,2026-09-28 00:00:00,3 days 00:00:00,72,22.25,-112.75,974.7,78.9
2026-09-25,EP162026,46,2026-09-28 06:00:00,3 days 06:00:00,78,22.88,-112.87,968.7,86.1
2026-09-25,EP162026,46,2026-09-28 12:00:00,3 days 12:00:00,84,23.5,-113.0,962.7,93.2
2026-09-25,EP162026,46,2026-09-28 18:00:00,3 days 18:00:00,90,24.13,-112.75,969.8,84.7
2026-09-25,EP162026,46,2026-09-29 00:00:00,4 days 00:00:00,96,24.75,-112.5,976.9,76.2
2026-09-25,EP162026,46,2026-09-29 06:00:00,4 days 06:00:00,102,25.38,-111.75,980.8,71.2
2026-09-25,EP162026,46,2026-09-29 12:00:00,4 days 12:00:00,108,26.0,-111.0,984.7,66.1
2026-09-25,EP162026,46,2026-09-29 18:00:00,4 days 18:00:00,114,20.9,-108.29,988.4,60.8
2026-09-25,EP162026,46,2026-09-30 00:00:00,5 days 00:00:00,120,15.75,-105.75,992.2,55.5
2026-09-25,EP162026,46,2026-09-30 06:00:00,5 days 06:00:00,126,16.5,-106.5,990.5,58.0
2026-09-25,EP162026,46,2026-09-30 12:00:00,5 days 12:00:00,132,17.25,-107.25,988.7,60.6
2026-09-25,EP162026,46,2026-09-30 18:00:00,5 days 18:00:00,138,17.5,-108.0,983.8,67.1
2026-09-25,EP162026,46,2026-10-01 00:00:00,6 days 00:00:00,144,17.75,-108.75,978.8,73.7
2026-09-25,EP162026,46,2026-10-01 06:00:00,6 days 06:00:00,150,17.88,-109.5,977.2,75.8
2026-09-25,EP162026,46,2026-10-01 12:00:00,6 days 12:00:00,156,18.0,-110.25,975.5,77.9
2026-09-25,EP162026,46,2026-10-01 18:00:00,6 days 18:00:00,162,18.0,-111.0,975.2,78.2
2026-09-25,EP162026,46,2026-10-02 00:00:00,7 days 00:00:00,168,18.0,-111.75,975.0,78.6
2026-09-25,EP162026,46,2026-10-02 06:00:00,7 days 06:00:00,174,18.13,-112.5,973.7,80.1
2026-09-25,EP162026,46,2026-10-02 12:00:00,7 days 12:00:00,180,18.25,-113.25,972.5,81.6
2026-09-25,EP162026,46,2026-10-02 18:00:00,7 days 18:00:00,186,18.38,-113.75,974.2,79.4
2026-09-25,EP162026,46,2026-10-03 00:00:00,8 days 00:00:00,192,18.5,-114.25,976.0,77.3
2026-09-25,EP162026,46,2026-10-03 06:00:00,8 days 06:00:00,198,18.5,-115.0,977.6,75.3
2026-09-25,EP162026,46,2026-10-03 12:00:00,8 days 12:00:00,204,18.5,-115.75,979.1,73.4
2026-09-25,EP162026,46,2026-10-03 18:00:00,8 days 18:00:00,210,18.38,-116.25,976.5,76.6
2026-09-25,EP162026,46,2026-10-04 00:00:00,9 days 00:00:00,216,18.25,-116.75,973.9,79.9
2026-09-25,EP162026,46,2026-10-04 06:00:00,9 days 06:00:00,222,18.25,-117.5,972.7,81.3
2026-09-25,EP162026,46,2026-10-04 12:00:00,9 days 12:00:00,228,18.25,-118.25,971.5,82.8
2026-09-25,EP162026,46,2026-10-04 18:00:00,9 days 18:00:00,234,18.38,-118.87,972.3,81.8
2026-09-25,EP162026,46,2026-10-05 00:00:00,10 days 00:00:00,240,18.5,-119.5,973.1,80.9
2026-09-25,EP162026,46,2026-10-05 06:00:00,10 days 06:00:00,246,18.5,-120.25,969.6,85.1
2026-09-25,EP162026,46,2026-10-05 12:00:00,10 days 12:00:00,252,18.5,-121.0,966.0,89.3
2026-09-25,EP162026,46,2026-10-05 18:00:00,10 days 18:00:00,258,18.63,-121.62,966.8,88.4
2026-09-25,EP162026,46,2026-10-06 00:00:00,11 days 00:00:00,264,18.75,-122.25,967.5,87.6
2026-09-25,EP162026,46,2026-10-06 06:00:00,11 days 06:00:00,270,19.0,-122.62,968.4,86.5
2026-09-25,EP162026,46,2026-10-06 12:00:00,11 days 12:00:00,276,19.25,-123.0,969.4,85.4
2026-09-25,EP162026,46,2026-10-06 18:00:00,11 days 18:00:00,282,20.0,-123.37,974.7,78.8
2026-09-25,EP162026,46,2026-10-07 00:00:00,12 days 00:00:00,288,20.75,-123.75,980.0,72.2
2026-09-25,EP162026,46,2026-10-07 06:00:00,12 days 06:00:00,294,21.63,-124.0,982.4,69.1
2026-09-25,EP162026,46,2026-10-07 12:00:00,12 days 12:00:00,300,22.5,-124.25,984.7,66.0
2026-09-25,EP162026,46,2026-10-07 18:00:00,12 days 18:00:00,306,23.63,-124.37,988.5,60.7
2026-09-25,EP162026,46,2026-10-08 00:00:00,13 days 00:00:00,312,24.75,-124.5,992.3,55.4
2026-09-25,EP162026,46,2026-10-08 06:00:00,13 days 06:00:00,318,26.0,-124.75,994.9,51.5
2026-09-25,EP162026,46,2026-10-08 12:00:00,13 days 12:00:00,324,27.25,-125.0,997.5,47.6
2026-09-25,EP172026,46,2026-09-25 00:00:00,0 days 00:00:00,0,17.0,-106.25,960.1,96.1
2026-09-25,EP172026,46,2026-09-25 06:00:00,0 days 06:00:00,6,17.13,-107.25,966.6,88.5
2026-09-25,EP172026,46,2026-09-25 12:00:00,0 days 12:00:00,12,17.25,-108.25,973.0,80.9
2026-09-25,EP172026,46,2026-09-25 18:00:00,0 days 18:00:00,18,17.38,-109.12,974.1,79.7
2026-09-25,EP172026,46,2026-09-26 00:00:00,1 days 00:00:00,24,17.5,-110.0,975.1,78.5
2026-09-25,EP172026,46,2026-09-26 06:00:00,1 days 06:00:00,30,17.63,-110.5,975.4,78.1
2026-09-25,EP172026,46,2026-09-26 12:00:00,1 days 12:00:00,36,17.75,-111.0,975.7,77.7
2026-09-25,EP172026,46,2026-09-26 18:00:00,1 days 18:00:00,42,18.38,-111.62,977.0,76.0
2026-09-25,EP172026,46,2026-09-27 00:00:00,2 days 00:00:00,48,19.0,-112.25,978.3,74.4
2026-09-25,EP172026,46,2026-09-27 06:00:00,2 days 06:00:00,54,19.63,-112.5,976.0,77.2
2026-09-25,EP172026,46,2026-09-27 12:00:00,2 days 12:00:00,60,20.25,-112.75,973.7,80.1
2026-09-25,EP172026,46,2026-09-27 18:00:00,2 days 18:00:00,66,21.25,-112.75,974.2,79.5
2026-09-25,EP172026,46,2026-09-28 00:00:00,3 days 00:00:00,72,22.25,-112.75,974.7,78.9
2026-09-25,WP252026,46,2026-09-25 00:00:00,0 days 00:00:00,0,20.25,130.25,1002.4,39.6
2026-09-25,WP252026,46,2026-09-25 06:00:00,0 days 06:00:00,6,20.75,129.38,1000.5,42.8
2026-09-25,WP252026,46,2026-09-25 12:00:00,0 days 12:00:00,12,21.25,128.5,998.5,46.0
2026-09-25,WP252026,46,2026-09-25 18:00:00,0 days 18:00:00,18,21.75,127.88,996.5,49.1
2026-09-25,WP252026,46,2026-09-26 00:00:00,1 days 00:00:00,24,22.25,127.25,994.5,52.2
2026-09-25,WP252026,46,2026-09-26 06:00:00,1 days 06:00:00,30,22.75,127.25,991.5,56.5
2026-09-25,WP252026,46,2026-09-26 12:00:00,1 days 12:00:00,36,23.25,127.25,988.5,60.9
2026-09-25,WP252026,46,2026-09-26 18:00:00,1 days 18:00:00,42,23.75,127.37,987.2,62.6
2026-09-25,WP252026,46,2026-09-27 00:00:00,2 days 00:00:00,48,24.25,127.5,985.9,64.4
2026-09-25,WP252026,46,2026-09-27 06:00:00,2 days 06:00:00,54,24.63,128.12,984.7,66.1
2026-09-25,WP252026,46,2026-09-27 12:00:00,2 days 12:00:00,60,25.0,128.75,983.4,67.8
2026-09-25,WP252026,46,2026-09-27 18:00:00,2 days 18:00:00,66,25.38,129.25,983.9,67.1
2026-09-25,WP252026,46,2026-09-28 00:00:00,3 days 00:00:00,72,25.75,129.75,984.4,66.4
2026-09-25,WP252026,46,2026-09-28 06:00:00,3 days 06:00:00,78,26.13,130.5,985.7,64.6
2026-09-25,WP252026,46,2026-09-28 12:00:00,3 days 12:00:00,84,26.5,131.25,987.0,62.9
2026-09-25,WP252026,46,2026-09-28 18:00:00,3 days 18:00:00,90,26.75,131.87,989.1,60.0
2026-09-25,WP252026,46,2026-09-29 00:00:00,4 days 00:00:00,96,27.0,132.5,991.1,57.1
2026-09-25,WP252026,46,2026-09-29 06:00:00,4 days 06:00:00,102,27.13,133.25,992.1,55.7
2026-09-25,WP252026,46,2026-09-29 12:00:00,4 days 12:00:00,108,27.25,134.0,993.1,54.3
2026-09-25,WP252026,46,2026-09-29 18:00:00,4 days 18:00:00,114,27.38,134.25,994.7,51.9
2026-09-25,WP252026,46,2026-09-30 00:00:00,5 days 00:00:00,120,27.5,134.5,996.3,49.5
2026-09-25,WP252026,46,2026-09-30 06:00:00,5 days 06:00:00,126,28.0,134.75,997.4,47.7
2026-09-25,WP252026,46,2026-09-30 12:00:00,5 days 12:00:00,132,28.5,135.0,998.6,45.9
2026-09-25,WP252026,46,2026-09-30 18:00:00,5 days 18:00:00,138,28.88,134.88,1000.0,43.6
2026-09-25,WP252026,46,2026-10-01 00:00:00,6 days 00:00:00,144,29.25,134.75,1001.4,41.4
2026-09-25,WP252026,46,2026-10-01 06:00:00,6 days 06:00:00,150,29.75,135.0,1002.1,40.2
2026-09-25,WP252026,46,2026-10-01 12:00:00,6 days 12:00:00,156,30.25,135.25,1002.8,39.0
2026-09-25,WP252026,46,2026-10-01 18:00:00,6 days 18:00:00,162,30.75,136.37,1002.3,39.8
2026-09-25,WP252026,46,2026-10-02 00:00:00,7 days 00:00:00,168,31.25,137.5,1001.9,40.5
2026-09-25,WP252026,46,2026-10-02 06:00:00,7 days 06:00:00,174,31.63,138.37,1003.3,38.1
2026-09-25,WP252026,46,2026-10-02 12:00:00,7 days 12:00:00,180,32.0,139.25,1004.7,35.6
2026-09-25,WP252026,46,2026-10-02 18:00:00,7 days 18:00:00,186,27.03,142.38,993.9,51.9
2026-09-25,WP252026,46,2026-10-03 00:00:00,8 days 00:00:00,192,22.0,145.25,983.1,68.2
2026-09-25,WP252026,46,2026-10-03 06:00:00,8 days 06:00:00,198,23.0,145.0,981.1,70.8
2026-09-25,WP252026,46,2026-10-03 12:00:00,8 days 12:00:00,204,24.0,144.75,979.0,73.5
2026-09-25,WP252026,46,2026-10-03 18:00:00,8 days 18:00:00,210,25.25,145.37,975.5,77.9
2026-09-25,WP252026,46,2026-10-04 00:00:00,9 days 00:00:00,216,26.5,146.0,972.0,82.2
2026-09-25,WP252026,46,2026-10-04 06:00:00,9 days 06:00:00,222,27.63,147.24,971.6,82.7
2026-09-25,WP252026,46,2026-10-04 12:00:00,9 days 12:00:00,228,28.75,148.5,971.2,83.1
2026-09-25,WP252026,46,2026-10-04 18:00:00,9 days 18:00:00,234,30.76,149.72,971.2,83.1
2026-09-25,WP252026,46,2026-10-05 00:00:00,10 days 00:00:00,240,32.75,151.0,971.2,83.2
2026-09-25,WP252026,46,2026-10-05 06:00:00,10 days 06:00:00,246,35.76,152.2,967.8,87.2
2026-09-25,WP252026,46,2026-10-05 12:00:00,10 days 12:00:00,252,38.75,153.5,964.4,91.2
2026-09-25,WP252026,46,2026-10-05 18:00:00,10 days 18:00:00,258,41.13,154.95,961.9,94.0
2026-09-25,WP252026,46,2026-10-06 00:00:00,11 days 00:00:00,264,43.5,156.5,959.5,96.8
2026-09-25,WP252026,46,2026-10-06 06:00:00,11 days 06:00:00,270,45.66,159.15,960.4,95.8
2026-09-25,WP252026,46,2026-10-06 12:00:00,11 days 12:00:00,276,47.75,162.0,961.3,94.7
2026-09-25,AL062026,47,2026-09-25 00:00:00,0 days 00:00:00,0,30.0,-41.75,1015.2,13.2
2026-09-25,AL062026,47,2026-09-25 06:00:00,0 days 06:00:00,6,30.0,-42.0,1015.4,12.6
2026-09-25,AL062026,47,2026-09-25 12:00:00,0 days 12:00:00,12,30.0,-42.25,1015.6,12.0
2026-09-25,AL062026,47,2026-09-25 18:00:00,0 days 18:00:00,18,30.0,-42.88,1015.3,12.7
2026-09-25,AL062026,47,2026-09-26 00:00:00,1 days 00:00:00,24,30.0,-43.5,1015.1,13.4
2026-09-25,AL062026,47,2026-09-26 06:00:00,1 days 06:00:00,30,29.63,-43.75,1015.6,11.9
2026-09-25,AL062026,47,2026-09-26 12:00:00,1 days 12:00:00,36,29.25,-44.0,1016.1,10.5
2026-09-25,AL062026,47,2026-09-26 18:00:00,1 days 18:00:00,42,29.38,-44.25,1016.3,9.7
2026-09-25,AL062026,47,2026-09-27 00:00:00,2 days 00:00:00,48,29.5,-44.5,1016.6,8.9
2026-09-25,AL062026,47,2026-09-27 06:00:00,2 days 06:00:00,54,29.25,-44.44,1016.6,8.9
2026-09-25,AL062026,47,2026-09-27 12:00:00,2 days 12:00:00,60,29.0,-44.37,1016.5,9.0
2026-09-25,AL062026,47,2026-09-27 18:00:00,2 days 18:00:00,66,28.75,-44.31,1016.5,9.1
2026-09-25,AL062026,47,2026-09-28 00:00:00,3 days 00:00:00,72,28.5,-44.25,1016.5,9.1
2026-09-25,EP152026,47,2026-09-25 00:00:00,0 days 00:00:00,0,14.75,-156.0,983.9,67.1
2026-09-25,EP152026,47,2026-09-25 06:00:00,0 days 06:00:00,6,15.12,-156.0,986.4,63.7
2026-09-25,EP152026,47,2026-09-25 12:00:00,0 days 12:00:00,12,15.5,-156.0,988.9,60.3
2026-09-25,EP152026,47,2026-09-25 18:00:00,0 days 18:00:00,18,15.75,-155.38,988.5,60.9
2026-09-25,EP152026,47,2026-09-26 00:00:00,1 days 00:00:00,24,16.0,-154.75,988.1,61.4
2026-09-25,EP152026,47,2026-09-26 06:00:00,1 days 06:00:00,30,16.5,-154.63,988.0,61.6
2026-09-25,EP152026,47,2026-09-26 12:00:00,1 days 12:00:00,36,17.0,-154.5,987.9,61.7
2026-09-25,EP152026,47,2026-09-26 18:00:00,1 days 18:00:00,42,17.0,-155.0,986.9,63.1
2026-09-25,EP152026,47,2026-09-27 00:00:00,2 days 00:00:00,48,17.0,-155.5,985.8,64.5
2026-09-25,EP152026,47,2026-09-27 06:00:00,2 days 06:00:00,54,16.88,-156.5,984.4,66.4
2026-09-25,EP152026,47,2026-09-27 12:00:00,2 days 12:00:00,60,16.75,-157.5,983.0,68.3
2026-09-25,EP152026,47,2026-09-27 18:00:00,2 days 18:00:00,66,16.38,-158.5,977.9,74.7
2026-09-25,EP152026,47,2026-09-28 00:00:00,3 days 00:00:00,72,16.0,-159.5,972.9,81.2
2026-09-25,EP152026,47,2026-09-28 06:00:00,3 days 06:00:00,78,16.13,-160.5,975.8,77.6
2026-09-25,EP152026,47,2026-09-28 12:00:00,3 days 12:00:00,84,16.25,-161.5,978.6,73.9
2026-09-25,EP152026,47,2026-09-28 18:00:00,3 days 18:00:00,90,16.88,-162.62,979.5,72.8
2026-09-25,EP152026,47,2026-09-29 00:00:00,4 days 00:00:00,96,17.5,-163.75,980.4,71.7
2026-09-25,EP152026,47,2026-09-29 06:00:00,4 days 06:00:00,102,18.5,-164.25,978.2,74.4
2026-09-25,EP152026,47,2026-09-29 12:00:00,4 days 12:00:00,108,19.5,-164.75,976.1,77.1
2026-09-25,EP152026,47,2026-09-29 18:00:00,4 days 18:00:00,114,20.38,-165.12,974.6,79.0
2026-09-25,EP152026,47,2026-09-30 00:00:00,5 days 00:00:00,120,21.25,-165.5,973.1,80.9
2026-09-25,EP152026,47,2026-09-30 06:00:00,5 days 06:00:00,126,22.0,-166.12,976.8,76.2
2026-09-25,EP152026,47,2026-09-30 12:00:00,5 days 12:00:00,132,22.75,-166.75,980.5,71.6
2026-09-25,EP152026,47,2026-09-30 18:00:00,5 days 18:00:00,138,23.13,-168.0,981.7,70.0
2026-09-25,EP152026,47,2026-10-01 00:00:00,6 days 00:00:00,144,23.5,-169.25,983.0,68.3
2026-09-25,EP152026,47,2026-10-01 06:00:00,6 days 06:00:00,150,23.88,-170.62,979.8,72.4
2026-09-25,EP152026,47,2026-10-01 12:00:00,6 days 12:00:00,156,24.25,-172.0,976.6,76.5
2026-09-25,EP152026,47,2026-10-01 18:00:00,6 days 18:00:00,162,24.0,-172.88,975.9,77.4
2026-09-25,EP152026,47,2026-10-02 00:00:00,7 days 00:00:00,168,23.75,-173.75,975.2,78.3
2026-09-25,EP152026,47,2026-10-02 06:00:00,7 days 06:00:00,174,23.38,-174.75,976.9,76.2
2026-09-25,EP152026,47,2026-10-02 12:00:00,7 days 12:00:00,180,23.0,-175.75,978.6,74.0
2026-09-25,EP152026,47,2026-10-02 18:00:00,7 days 18:00:00,186,22.63,-176.63,974.5,79.1
2026-09-25,EP152026,47,2026-10-03 00:00:00,8 days 00:00:00,192,22.25,-177.5,970.3,84.2
2026-09-25,EP152026,47,2026-10-03 06:00:00,8 days 06:00:00,198,22.13,-178.75,970.0,84.7
2026-09-25,EP152026,47,2026-10-03 12:00:00,8 days 12:00:00,204,22.0,180.0,969.6,85.1
2026-09-25,EP152026,47,2026-10-03 18:00:00,8 days 18:00:00,210,22.13,178.63,968.3,86.7
2026-09-25,EP152026,47,2026-10-04 00:00:00,9 days 00:00:00,216,22.25,177.25,967.0,88.2
2026-09-25,EP152026,47,2026-10-04 06:00:00,9 days 06:00:00,222,22.5,176.0,968.2,86.8
2026-09-25,EP152026,47,2026-10-04 12:00:00,9 days 12:00:00,228,22.75,174.75,969.3,85.4
2026-09-25,EP152026,47,2026-10-04 18:00:00,9 days 18:00:00,234,23.63,173.38,967.5,87.6
2026-09-25,EP152026,47,2026-10-05 00:00:00,10 days 00:00:00,240,24.5,172.0,965.6,89.8
2026-09-25,EP152026,47,2026-10-05 06:00:00,10 days 06:00:00,246,25.75,170.89,968.9,85.9
2026-09-25,EP152026,47,2026-10-05 12:00:00,10 days 12:00:00,252,27.0,169.75,972.1,82.1
2026-09-25,EP152026,47,2026-10-05 18:00:00,10 days 18:00:00,258,28.38,169.38,975.4,78.0
2026-09-25,EP152026,47,2026-10-06 00:00:00,11 days 00:00:00,264,29.75,169.0,978.7,73.9
2026-09-25,EP152026,47,2026-10-06 06:00:00,11 days 06:00:00,270,31.88,170.1,979.7,72.6
2026-09-25,EP152026,47,2026-10-06 12:00:00,11 days 12:00:00,276,34.0,171.25,980.6,71.4
2026-09-25,EP152026,47,2026-10-06 18:00:00,11 days 18:00:00,282,36.79,174.38,982.8,68.6
2026-09-25,EP152026,47,2026-10-07 00:00:00,12 days 00:00:00,288,39.5,177.75,984.9,65.8
2026-09-25,EP162026,47,2026-09-25 00:00:00,0 days 00:00:00,0,17.0,-124.75,975.5,77.9
2026-09-25,EP162026,47,2026-09-25 06:00:00,0 days 06:00:00,6,17.25,-124.38,977.2,75.7
2026-09-25,EP162026,47,2026-09-25 12:00:00,0 days 12:00:00,12,17.5,-124.0,979.0,73.5
2026-09-25,EP162026,47,2026-09-25 18:00:00,0 days 18:00:00,18,17.87,-124.0,980.3,71.8
2026-09-25,EP162026,47,2026-09-26 00:00:00,1 days 00:00:00,24,18.25,-124.0,981.6,70.1
2026-09-25,EP162026,47,2026-09-26 06:00:00,1 days 06:00:00,30,18.5,-124.12,984.7,66.0
2026-09-25,EP162026,47,2026-09-26 12:00:00,1 days 12:00:00,36,18.75,-124.25,987.8,61.8
2026-09-25,EP162026,47,2026-09-26 18:00:00,1 days 18:00:00,42,19.38,-124.37,990.0,58.7
2026-09-25,EP162026,47,2026-09-27 00:00:00,2 days 00:00:00,48,20.0,-124.5,992.2,55.6
2026-09-25,EP162026,47,2026-09-27 06:00:00,2 days 06:00:00,54,20.5,-124.62,994.4,52.2
2026-09-25,EP162026,47,2026-09-27 12:00:00,2 days 12:00:00,60,21.0,-124.75,996.7,48.9
2026-09-25,EP162026,47,2026-09-27 18:00:00,2 days 18:00:00,66,22.09,-119.29,985.7,63.9
2026-09-25,EP162026,47,2026-09-28 00:00:00,3 days 00:00:00,72,23.0,-113.75,974.7,78.9
2026-09-25,EP162026,47,2026-09-28 06:00:00,3 days 06:00:00,78,23.38,-113.38,976.7,76.4
2026-09-25,EP162026,47,2026-09-28 12:00:00,3 days 12:00:00,84,23.75,-113.0,978.7,73.9
2026-09-25,EP162026,47,2026-09-28 18:00:00,3 days 18:00:00,90,24.63,-112.38,982.1,69.4
2026-09-25,EP162026,47,2026-09-29 00:00:00,4 days 00:00:00,96,25.5,-111.75,985.5,64.9
2026-09-25,EP162026,47,2026-09-29 06:00:00,4 days 06:00:00,102,26.13,-111.0,989.0,60.1
2026-09-25,EP162026,47,2026-09-29 12:00:00,4 days 12:00:00,108,26.75,-110.25,992.4,55.2
2026-09-25,EP162026,47,2026-09-29 18:00:00,4 days 18:00:00,114,21.26,-108.3,987.7,61.8
2026-09-25,EP162026,47,2026-09-30 00:00:00,5 days 00:00:00,120,15.75,-106.5,982.9,68.4
2026-09-25,EP162026,47,2026-09-30 06:00:00,5 days 06:00:00,126,16.38,-107.12,982.3,69.2
2026-09-25,EP162026,47,2026-09-30 12:00:00,5 days 12:00:00,132,17.0,-107.75,981.7,70.1
2026-09-25,EP162026,47,2026-09-30 18:00:00,5 days 18:00:00,138,17.25,-108.37,977.7,75.1
2026-09-25,EP162026,47,2026-10-01 00:00:00,6 days 00:00:00,144,17.5,-109.0,973.7,80.2
2026-09-25,EP162026,47,2026-10-01 06:00:00,6 days 06:00:00,150,17.63,-109.87,971.6,82.7
2026-09-25,EP162026,47,2026-10-01 12:00:00,6 days 12:00:00,156,17.75,-110.75,969.5,85.3
2026-09-25,EP162026,47,2026-10-01 18:00:00,6 days 18:00:00,162,17.75,-111.5,972.2,81.9
2026-09-25,EP162026,47,2026-10-02 00:00:00,7 days 00:00:00,168,17.75,-112.25,974.9,78.6
2026-09-25,EP162026,47,2026-10-02 06:00:00,7 days 06:00:00,174,17.75,-113.0,974.7,78.9
2026-09-25,EP162026,47,2026-10-02 12:00:00,7 days 12:00:00,180,17.75,-113.75,974.4,79.3
2026-09-25,EP162026,47,2026-10-02 18:00:00,7 days 18:00:00,186,18.0,-114.75,975.6,77.7
2026-09-25,EP162026,47,2026-10-03 00:00:00,8 days 00:00:00,192,18.25,-115.75,976.9,76.1
2026-09-25,EP162026,47,2026-10-03 06:00:00,8 days 06:00:00,198,18.13,-116.75,975.1,78.3
2026-09-25,EP162026,47,2026-10-03 12:00:00,8 days 12:00:00,204,18.0,-117.75,973.4,80.5
2026-09-25,EP162026,47,2026-10-03 18:00:00,8 days 18:00:00,210,18.25,-118.5,976.5,76.6
2026-09-25,EP162026,47,2026-10-04 00:00:00,9 days 00:00:00,216,18.5,-119.25,979.6,72.7
2026-09-25,EP162026,47,2026-10-04 06:00:00,9 days 06:00:00,222,18.88,-120.25,977.1,75.9
2026-09-25,EP162026,47,2026-10-04 12:00:00,9 days 12:00:00,228,19.25,-121.25,974.5,79.2
2026-09-25,EP162026,47,2026-10-04 18:00:00,9 days 18:00:00,234,19.38,-122.25,977.2,75.7
2026-09-25,EP162026,47,2026-10-05 00:00:00,10 days 00:00:00,240,19.5,-123.25,980.0,72.3
2026-09-25,EP162026,47,2026-10-05 06:00:00,10 days 06:00:00,246,19.5,-124.25,977.8,75.0
2026-09-25,EP162026,47,2026-10-05 12:00:00,10 days 12:00:00,252,19.5,-125.25,975.7,77.6
2026-09-25,EP162026,47,2026-10-05 18:00:00,10 days 18:00:00,258,19.75,-125.75,978.0,74.7
2026-09-25,EP162026,47,2026-10-06 00:00:00,11 days 00:00:00,264,20.0,-126.25,980.3,71.8
2026-09-25,EP162026,47,2026-10-06 06:00:00,11 days 06:00:00,270,20.5,-126.62,982.9,68.4
2026-09-25,EP162026,47,2026-10-06 12:00:00,11 days 12:00:00,276,21.0,-127.0,985.4,65.0
2026-09-25,EP162026,47,2026-10-06 18:00:00,11 days 18:00:00,282,21.63,-127.62,987.8,61.8
2026-09-25,EP162026,47,2026-10-07 00:00:00,12 days 00:00:00,288,22.25,-128.25,990.1,58.5
2026-09-25,EP162026,47,2026-10-07 06:00:00,12 days 06:00:00,294,23.13,-128.62,992.6,55.0
2026-09-25,EP162026,47,2026-10-07 12:00:00,12 days 12:00:00,300,24.0,-129.0,995.0,51.4
2026-09-25,EP162026,47,2026-10-07 18:00:00,12 days 18:00:00,306,25.0,-129.37,995.4,50.9
2026-09-25,EP162026,47,2026-10-08 00:00:00,13 days 00:00:00,312,26.0,-129.75,995.7,50.4
2026-09-25,EP162026,47,2026-10-08 06:00:00,13 days 06:00:00,318,27.38,-129.63,999.3,44.6
2026-09-25,EP162026,47,2026-10-08 12:00:00,13 days 12:00:00,324,28.75,-129.5,1002.8,38.9
2026-09-25,EP172026,47,2026-09-25 00:00:00,0 days 00:00:00,0,17.0,-106.25,960.1,96.1
2026-09-25,EP172026,47,2026-09-25 06:00:00,0 days 06:00:00,6,17.13,-107.12,968.1,86.6
2026-09-25,EP172026,47,2026-09-25 12:00:00,0 days 12:00:00,12,17.25,-108.0,976.1,77.1
2026-09-25,EP172026,47,2026-09-25 18:00:00,0 days 18:00:00,18,17.5,-109.0,972.5,81.5
2026-09-25,EP172026,47,2026-09-26 00:00:00,1 days 00:00:00,24,17.75,-110.0,968.9,85.9
2026-09-25,EP172026,47,2026-09-26 06:00:00,1 days 06:00:00,30,18.0,-110.87,970.1,84.5
2026-09-25,EP172026,47,2026-09-26 12:00:00,1 days 12:00:00,36,18.25,-111.75,971.3,83.1
2026-09-25,EP172026,47,2026-09-26 18:00:00,1 days 18:00:00,42,18.75,-112.37,971.5,82.8
2026-09-25,EP172026,47,2026-09-27 00:00:00,2 days 00:00:00,48,19.25,-113.0,971.8,82.5
2026-09-25,EP172026,47,2026-09-27 06:00:00,2 days 06:00:00,54,20.13,-113.37,974.4,79.2
2026-09-25,EP172026,47,2026-09-27 12:00:00,2 days 12:00:00,60,21.0,-113.75,977.1,75.9
2026-09-25,EP172026,47,2026-09-27 18:00:00,2 days 18:00:00,66,22.0,-113.75,975.9,77.4
2026-09-25,EP172026,47,2026-09-28 00:00:00,3 days 00:00:00,72,23.0,-113.75,974.7,78.9
2026-09-25,WP252026,47,2026-09-25 00:00:00,0 days 00:00:00,0,20.25,130.25,1002.4,39.6
2026-09-25,WP252026,47,2026-09-25 06:00:00,0 days 06:00:00,6,20.88,129.5,1002.1,40.2
2026-09-25,WP252026,47,2026-09-25 12:00:00,0 days 12:00:00,12,21.5,128.75,1001.7,40.9
2026-09-25,WP252026,47,2026-09-25 18:00:00,0 days 18:00:00,18,22.0,128.25,998.5,46.0
2026-09-25,WP252026,47,2026-09-26 00:00:00,1 days 00:00:00,24,22.5,127.75,995.3,51.0
2026-09-25,WP252026,47,2026-09-26 06:00:00,1 days 06:00:00,30,23.12,127.75,994.7,51.8
2026-09-25,WP252026,47,2026-09-26 12:00:00,1 days 12:00:00,36,23.75,127.75,994.2,52.6
2026-09-25,WP252026,47,2026-09-26 18:00:00,1 days 18:00:00,42,24.13,128.12,993.6,53.5
2026-09-25,WP252026,47,2026-09-27 00:00:00,2 days 00:00:00,48,24.5,128.5,993.0,54.4
2026-09-25,WP252026,47,2026-09-27 06:00:00,2 days 06:00:00,54,25.0,129.25,991.2,57.0
2026-09-25,WP252026,47,2026-09-27 12:00:00,2 days 12:00:00,60,25.5,130.0,989.4,59.6
2026-09-25,WP252026,47,2026-09-27 18:00:00,2 days 18:00:00,66,26.0,130.62,991.5,56.6
2026-09-25,WP252026,47,2026-09-28 00:00:00,3 days 00:00:00,72,26.5,131.25,993.6,53.6
2026-09-25,WP252026,47,2026-09-28 06:00:00,3 days 06:00:00,78,27.0,132.12,995.5,50.7
2026-09-25,WP252026,47,2026-09-28 12:00:00,3 days 12:00:00,84,27.5,133.0,997.3,47.9
2026-09-25,WP252026,47,2026-09-28 18:00:00,3 days 18:00:00,90,27.88,134.0,999.1,45.0
2026-09-25,WP252026,47,2026-09-29 00:00:00,4 days 00:00:00,96,28.25,135.0,1000.9,42.1
2026-09-25,WP252026,47,2026-09-29 06:00:00,4 days 06:00:00,102,28.76,136.24,1001.6,41.0
2026-09-25,WP252026,47,2026-09-29 12:00:00,4 days 12:00:00,108,29.25,137.5,1002.3,39.9
2026-09-25,WP252026,47,2026-09-29 18:00:00,4 days 18:00:00,114,30.13,138.49,1002.8,39.0
2026-09-25,WP252026,47,2026-09-30 00:00:00,5 days 00:00:00,120,31.0,139.5,1003.4,38.0
2026-09-25,WP252026,47,2026-09-30 06:00:00,5 days 06:00:00,126,32.78,140.96,1003.4,37.8
2026-09-25,WP252026,47,2026-09-30 12:00:00,5 days 12:00:00,132,34.54,142.49,1003.5,37.7
2026-09-25,WP252026,47,2026-09-30 18:00:00,5 days 18:00:00,138,36.28,144.09,1003.6,37.5
2026-09-25,WP252026,47,2026-10-01 00:00:00,6 days 00:00:00,144,38.0,145.75,1003.7,37.4
2026-09-25,AL062026,48,2026-09-25 00:00:00,0 days 00:00:00,0,30.0,-41.75,1015.2,13.2
2026-09-25,AL062026,48,2026-09-25 06:00:00,0 days 06:00:00,6,29.88,-42.0,1014.9,13.9
2026-09-25,AL062026,48,2026-09-25 12:00:00,0 days 12:00:00,12,29.75,-42.25,1014.7,14.5
2026-09-25,AL062026,48,2026-09-25 18:00:00,0 days 18:00:00,18,29.75,-43.0,1014.1,16.0
2026-09-25,AL062026,48,2026-09-26 00:00:00,1 days 00:00:00,24,29.75,-43.75,1013.6,17.5
2026-09-25,AL062026,48,2026-09-26 06:00:00,1 days 06:00:00,30,29.5,-44.25,1014.1,16.1
2026-09-25,AL062026,48,2026-09-26 12:00:00,1 days 12:00:00,36,29.25,-44.75,1014.6,14.7
2026-09-25,AL062026,48,2026-09-26 18:00:00,1 days 18:00:00,42,29.25,-45.12,1015.1,13.3
2026-09-25,AL062026,48,2026-09-27 00:00:00,2 days 00:00:00,48,29.25,-45.5,1015.6,11.9
2026-09-25,AL062026,48,2026-09-27 06:00:00,2 days 06:00:00,54,34.66,-42.58,1008.6,26.4
2026-09-25,AL062026,48,2026-09-27 12:00:00,2 days 12:00:00,60,40.0,-39.25,1001.6,41.0
2026-09-25,EP152026,48,2026-09-25 00:00:00,0 days 00:00:00,0,14.75,-156.0,983.9,67.1
2026-09-25,EP152026,48,2026-09-25 06:00:00,0 days 06:00:00,6,15.25,-155.88,984.9,65.8
2026-09-25,EP152026,48,2026-09-25 12:00:00,0 days 12:00:00,12,15.75,-155.75,985.9,64.5
2026-09-25,EP152026,48,2026-09-25 18:00:00,0 days 18:00:00,18,16.13,-155.38,987.0,62.9
2026-09-25,EP152026,48,2026-09-26 00:00:00,1 days 00:00:00,24,16.5,-155.0,988.2,61.3
2026-09-25,EP152026,48,2026-09-26 06:00:00,1 days 06:00:00,30,16.75,-155.0,986.6,63.4
2026-09-25,EP152026,48,2026-09-26 12:00:00,1 days 12:00:00,36,17.0,-155.0,985.1,65.5
2026-09-25,EP152026,48,2026-09-26 18:00:00,1 days 18:00:00,42,16.88,-155.13,987.2,62.7
2026-09-25,EP152026,48,2026-09-27 00:00:00,2 days 00:00:00,48,16.75,-155.25,989.3,59.8
2026-09-25,EP152026,48,2026-09-27 06:00:00,2 days 06:00:00,54,16.75,-156.0,990.1,58.7
2026-09-25,EP152026,48,2026-09-27 12:00:00,2 days 12:00:00,60,16.75,-156.75,990.9,57.5
2026-09-25,EP152026,48,2026-09-27 18:00:00,2 days 18:00:00,66,16.25,-157.63,988.5,60.8
2026-09-25,EP152026,48,2026-09-28 00:00:00,3 days 00:00:00,72,15.75,-158.5,986.1,64.1
2026-09-25,EP152026,48,2026-09-28 06:00:00,3 days 06:00:00,78,16.0,-159.5,982.9,68.3
2026-09-25,EP152026,48,2026-09-28 12:00:00,3 days 12:00:00,84,16.25,-160.5,979.8,72.5
2026-09-25,EP152026,48,2026-09-28 18:00:00,3 days 18:00:00,90,17.0,-161.25,979.3,73.1
2026-09-25,EP152026,48,2026-09-29 00:00:00,4 days 00:00:00,96,17.75,-162.0,978.8,73.7
2026-09-25,EP152026,48,2026-09-29 06:00:00,4 days 06:00:00,102,18.5,-162.5,979.5,72.9
2026-09-25,EP152026,48,2026-09-29 12:00:00,4 days 12:00:00,108,19.25,-163.0,980.1,72.1
2026-09-25,EP152026,48,2026-09-29 18:00:00,4 days 18:00:00,114,20.25,-162.88,982.6,68.8
2026-09-25,EP152026,48,2026-09-30 00:00:00,5 days 00:00:00,120,21.25,-162.75,985.1,65.5
2026-09-25,EP152026,48,2026-09-30 06:00:00,5 days 06:00:00,126,22.0,-162.38,987.2,62.7
2026-09-25,EP152026,48,2026-09-30 12:00:00,5 days 12:00:00,132,22.75,-162.0,989.2,59.9
2026-09-25,EP152026,48,2026-09-30 18:00:00,5 days 18:00:00,138,23.13,-161.63,990.7,57.7
2026-09-25,EP152026,48,2026-10-01 00:00:00,6 days 00:00:00,144,23.5,-161.25,992.3,55.5
2026-09-25,EP152026,48,2026-10-01 06:00:00,6 days 06:00:00,150,24.25,-161.0,993.1,54.3
2026-09-25,EP152026,48,2026-10-01 12:00:00,6 days 12:00:00,156,25.0,-160.75,993.9,53.1
2026-09-25,EP152026,48,2026-10-01 18:00:00,6 days 18:00:00,162,25.5,-160.87,991.9,55.9
2026-09-25,EP152026,48,2026-10-02 00:00:00,7 days 00:00:00,168,26.0,-161.0,990.0,58.7
2026-09-25,EP152026,48,2026-10-02 06:00:00,7 days 06:00:00,174,26.63,-161.25,988.6,60.7
2026-09-25,EP152026,48,2026-10-02 12:00:00,7 days 12:00:00,180,27.25,-161.5,987.1,62.7
2026-09-25,EP152026,48,2026-10-02 18:00:00,7 days 18:00:00,186,28.25,-161.87,983.5,67.5
2026-09-25,EP152026,48,2026-10-03 00:00:00,8 days 00:00:00,192,29.25,-162.25,979.9,72.3
2026-09-25,EP152026,48,2026-10-03 06:00:00,8 days 06:00:00,198,30.63,-162.87,977.6,75.3
2026-09-25,EP152026,48,2026-10-03 12:00:00,8 days 12:00:00,204,32.0,-163.5,975.2,78.2
2026-09-25,EP152026,48,2026-10-03 18:00:00,8 days 18:00:00,210,32.64,-165.36,977.8,74.9
2026-09-25,EP152026,48,2026-10-04 00:00:00,9 days 00:00:00,216,33.25,-167.25,980.4,71.7
2026-09-25,EP152026,48,2026-10-04 06:00:00,9 days 06:00:00,222,33.29,-170.38,988.1,61.0
2026-09-25,EP152026,48,2026-10-04 12:00:00,9 days 12:00:00,228,33.25,-173.5,995.8,50.3
2026-09-25,EP162026,48,2026-09-25 00:00:00,0 days 00:00:00,0,17.0,-124.75,975.5,77.9
2026-09-25,EP162026,48,2026-09-25 06:00:00,0 days 06:00:00,6,17.38,-124.25,973.7,80.1
2026-09-25,EP162026,48,2026-09-25 12:00:00,0 days 12:00:00,12,17.75,-123.75,971.9,82.3
2026-09-25,EP162026,48,2026-09-25 18:00:00,0 days 18:00:00,18,18.12,-123.75,973.3,80.7
2026-09-25,EP162026,48,2026-09-26 00:00:00,1 days 00:00:00,24,18.5,-123.75,974.6,79.0
2026-09-25,EP162026,48,2026-09-26 06:00:00,1 days 06:00:00,30,18.88,-123.87,979.6,72.6
2026-09-25,EP162026,48,2026-09-26 12:00:00,1 days 12:00:00,36,19.25,-124.0,984.7,66.1
2026-09-25,EP162026,48,2026-09-26 18:00:00,1 days 18:00:00,42,19.75,-124.12,987.9,61.6
2026-09-25,EP162026,48,2026-09-27 00:00:00,2 days 00:00:00,48,20.25,-124.25,991.1,57.1
2026-09-25,EP162026,48,2026-09-27 06:00:00,2 days 06:00:00,54,20.75,-124.25,995.2,50.9
2026-09-25,EP162026,48,2026-09-27 12:00:00,2 days 12:00:00,60,21.25,-124.25,999.3,44.7
2026-09-25,EP162026,48,2026-09-27 18:00:00,2 days 18:00:00,66,22.33,-119.16,985.6,63.6
2026-09-25,EP162026,48,2026-09-28 00:00:00,3 days 00:00:00,72,23.25,-114.0,971.8,82.5
2026-09-25,EP162026,48,2026-09-28 06:00:00,3 days 06:00:00,78,24.13,-113.38,975.5,77.8
2026-09-25,EP162026,48,2026-09-28 12:00:00,3 days 12:00:00,84,25.0,-112.75,979.3,73.1
2026-09-25,EP162026,48,2026-09-28 18:00:00,3 days 18:00:00,90,26.25,-112.01,984.7,65.8
2026-09-25,EP162026,48,2026-09-29 00:00:00,4 days 00:00:00,96,27.5,-111.25,990.1,58.5
2026-09-25,EP172026,48,2026-09-25 00:00:00,0 days 00:00:00,0,17.0,-106.25,960.1,96.1
2026-09-25,EP172026,48,2026-09-25 06:00:00,0 days 06:00:00,6,17.13,-107.12,966.2,88.9
2026-09-25,EP172026,48,2026-09-25 12:00:00,0 days 12:00:00,12,17.25,-108.0,972.3,81.8
2026-09-25,EP172026,48,2026-09-25 18:00:00,0 days 18:00:00,18,17.5,-108.87,973.4,80.5
2026-09-25,EP172026,48,2026-09-26 00:00:00,1 days 00:00:00,24,17.75,-109.75,974.4,79.3
2026-09-25,EP172026,48,2026-09-26 06:00:00,1 days 06:00:00,30,18.13,-110.62,975.1,78.4
2026-09-25,EP172026,48,2026-09-26 12:00:00,1 days 12:00:00,36,18.5,-111.5,975.8,77.6
2026-09-25,EP172026,48,2026-09-26 18:00:00,1 days 18:00:00,42,19.0,-112.25,974.8,78.7
2026-09-25,EP172026,48,2026-09-27 00:00:00,2 days 00:00:00,48,19.5,-113.0,973.9,79.8
2026-09-25,EP172026,48,2026-09-27 06:00:00,2 days 06:00:00,54,20.38,-113.37,973.7,80.1
2026-09-25,EP172026,48,2026-09-27 12:00:00,2 days 12:00:00,60,21.25,-113.75,973.4,80.4
2026-09-25,EP172026,48,2026-09-27 18:00:00,2 days 18:00:00,66,22.25,-113.87,972.6,81.5
2026-09-25,EP172026,48,2026-09-28 00:00:00,3 days 00:00:00,72,23.25,-114.0,971.8,82.5
2026-09-25,WP252026,48,2026-09-25 00:00:00,0 days 00:00:00,0,20.25,130.25,1002.4,39.6
2026-09-25,WP252026,48,2026-09-25 06:00:00,0 days 06:00:00,6,20.88,129.25,1000.1,43.4
2026-09-25,WP252026,48,2026-09-25 12:00:00,0 days 12:00:00,12,21.5,128.25,997.8,47.2
2026-09-25,WP252026,48,2026-09-25 18:00:00,0 days 18:00:00,18,22.13,127.75,997.0,48.3
2026-09-25,WP252026,48,2026-09-26 00:00:00,1 days 00:00:00,24,22.75,127.25,996.3,49.5
2026-09-25,WP252026,48,2026-09-26 06:00:00,1 days 06:00:00,30,23.38,127.37,994.6,52.0
2026-09-25,WP252026,48,2026-09-26 12:00:00,1 days 12:00:00,36,24.0,127.5,992.9,54.6
2026-09-25,WP252026,48,2026-09-26 18:00:00,1 days 18:00:00,42,24.63,127.87,992.5,55.2
2026-09-25,WP252026,48,2026-09-27 00:00:00,2 days 00:00:00,48,25.25,128.25,992.1,55.8
2026-09-25,WP252026,48,2026-09-27 06:00:00,2 days 06:00:00,54,25.63,129.12,987.0,62.7
2026-09-25,WP252026,48,2026-09-27 12:00:00,2 days 12:00:00,60,26.0,130.0,982.0,69.7
2026-09-25,WP252026,48,2026-09-27 18:00:00,2 days 18:00:00,66,26.38,130.62,986.4,63.6
2026-09-25,WP252026,48,2026-09-28 00:00:00,3 days 00:00:00,72,26.75,131.25,990.9,57.5
2026-09-25,WP252026,48,2026-09-28 06:00:00,3 days 06:00:00,78,26.63,132.0,990.2,58.4
2026-09-25,WP252026,48,2026-09-28 12:00:00,3 days 12:00:00,84,26.5,132.75,989.5,59.4
2026-09-25,WP252026,48,2026-09-28 18:00:00,3 days 18:00:00,90,26.75,133.25,991.3,56.8
2026-09-25,WP252026,48,2026-09-29 00:00:00,4 days 00:00:00,96,27.0,133.75,993.2,54.2
2026-09-25,WP252026,48,2026-09-29 06:00:00,4 days 06:00:00,102,26.88,134.13,994.9,51.6
2026-09-25,WP252026,48,2026-09-29 12:00:00,4 days 12:00:00,108,26.75,134.5,996.5,49.1
2026-09-25,WP252026,48,2026-09-29 18:00:00,4 days 18:00:00,114,27.0,134.5,997.4,47.8
2026-09-25,WP252026,48,2026-09-30 00:00:00,5 days 00:00:00,120,27.25,134.5,998.2,46.4
2026-09-25,WP252026,48,2026-09-30 06:00:00,5 days 06:00:00,126,27.5,134.75,1001.3,41.4
2026-09-25,WP252026,48,2026-09-30 12:00:00,5 days 12:00:00,132,27.75,135.0,1004.3,36.3
2026-09-25,AL062026,49,2026-09-25 00:00:00,0 days 00:00:00,0,30.0,-41.75,1015.2,13.2
2026-09-25,AL062026,49,2026-09-25 06:00:00,0 days 06:00:00,6,30.0,-42.12,1014.9,13.9
2026-09-25,AL062026,49,2026-09-25 12:00:00,0 days 12:00:00,12,30.0,-42.5,1014.7,14.5
2026-09-25,AL062026,49,2026-09-25 18:00:00,0 days 18:00:00,18,29.75,-42.88,1014.8,14.3
2026-09-25,AL062026,49,2026-09-26 00:00:00,1 days 00:00:00,24,29.5,-43.25,1014.9,14.0
2026-09-25,AL062026,49,2026-09-26 06:00:00,1 days 06:00:00,30,29.63,-43.87,1014.8,14.2
2026-09-25,AL062026,49,2026-09-26 12:00:00,1 days 12:00:00,36,29.75,-44.5,1014.7,14.4
2026-09-25,AL062026,49,2026-09-26 18:00:00,1 days 18:00:00,42,29.25,-44.75,1015.5,12.2
2026-09-25,AL062026,49,2026-09-27 00:00:00,2 days 00:00:00,48,28.75,-45.0,1016.2,10.0
2026-09-25,EP152026,49,2026-09-25 00:00:00,0 days 00:00:00,0,14.75,-156.0,983.9,67.1
2026-09-25,EP152026,49,2026-09-25 06:00:00,0 days 06:00:00,6,15.13,-155.88,983.9,67.1
2026-09-25,EP152026,49,2026-09-25 12:00:00,0 days 12:00:00,12,15.5,-155.75,983.9,67.1
2026-09-25,EP152026,49,2026-09-25 18:00:00,0 days 18:00:00,18,16.0,-155.38,984.2,66.8
2026-09-25,EP152026,49,2026-09-26 00:00:00,1 days 00:00:00,24,16.5,-155.0,984.4,66.4
2026-09-25,EP152026,49,2026-09-26 06:00:00,1 days 06:00:00,30,16.75,-155.37,986.8,63.1
2026-09-25,EP152026,49,2026-09-26 12:00:00,1 days 12:00:00,36,17.0,-155.75,989.2,59.8
2026-09-25,EP152026,49,2026-09-26 18:00:00,1 days 18:00:00,42,16.88,-156.13,987.8,61.8
2026-09-25,EP152026,49,2026-09-27 00:00:00,2 days 00:00:00,48,16.75,-156.5,986.4,63.7
2026-09-25,EP152026,49,2026-09-27 06:00:00,2 days 06:00:00,54,16.5,-157.5,987.4,62.3
2026-09-25,EP152026,49,2026-09-27 12:00:00,2 days 12:00:00,60,16.25,-158.5,988.4,61.0
2026-09-25,EP152026,49,2026-09-27 18:00:00,2 days 18:00:00,66,16.25,-159.5,987.0,62.9
2026-09-25,EP152026,49,2026-09-28 00:00:00,3 days 00:00:00,72,16.25,-160.5,985.5,64.9
2026-09-25,EP152026,49,2026-09-28 06:00:00,3 days 06:00:00,78,16.38,-161.62,983.0,68.2
2026-09-25,EP152026,49,2026-09-28 12:00:00,3 days 12:00:00,84,16.5,-162.75,980.5,71.6
2026-09-25,EP152026,49,2026-09-28 18:00:00,3 days 18:00:00,90,17.0,-163.5,981.6,70.1
2026-09-25,EP152026,49,2026-09-29 00:00:00,4 days 00:00:00,96,17.5,-164.25,982.7,68.7
2026-09-25,EP152026,49,2026-09-29 06:00:00,4 days 06:00:00,102,18.0,-164.87,983.9,67.1
2026-09-25,EP152026,49,2026-09-29 12:00:00,4 days 12:00:00,108,18.5,-165.5,985.1,65.5
2026-09-25,EP152026,49,2026-09-29 18:00:00,4 days 18:00:00,114,19.38,-165.62,982.6,68.8
2026-09-25,EP152026,49,2026-09-30 00:00:00,5 days 00:00:00,120,20.25,-165.75,980.1,72.1
2026-09-25,EP152026,49,2026-09-30 06:00:00,5 days 06:00:00,126,20.88,-165.75,981.5,70.3
2026-09-25,EP152026,49,2026-09-30 12:00:00,5 days 12:00:00,132,21.5,-165.75,982.9,68.5
2026-09-25,EP152026,49,2026-09-30 18:00:00,5 days 18:00:00,138,21.63,-165.63,984.8,65.9
2026-09-25,EP152026,49,2026-10-01 00:00:00,6 days 00:00:00,144,21.75,-165.5,986.7,63.4
2026-09-25,EP152026,49,2026-10-01 06:00:00,6 days 06:00:00,150,22.0,-165.38,987.1,62.7
2026-09-25,EP152026,49,2026-10-01 12:00:00,6 days 12:00:00,156,22.25,-165.25,987.6,62.1
2026-09-25,EP152026,49,2026-10-01 18:00:00,6 days 18:00:00,162,22.75,-165.13,987.3,62.4
2026-09-25,EP152026,49,2026-10-02 00:00:00,7 days 00:00:00,168,23.25,-165.0,987.1,62.8
2026-09-25,EP152026,49,2026-10-02 06:00:00,7 days 06:00:00,174,23.63,-164.63,985.5,64.9
2026-09-25,EP152026,49,2026-10-02 12:00:00,7 days 12:00:00,180,24.0,-164.25,984.0,66.9
2026-09-25,EP152026,49,2026-10-02 18:00:00,7 days 18:00:00,186,24.88,-163.13,980.7,71.3
2026-09-25,EP152026,49,2026-10-03 00:00:00,8 days 00:00:00,192,25.75,-162.0,977.4,75.6
2026-09-25,EP152026,49,2026-10-03 06:00:00,8 days 06:00:00,198,28.38,-160.66,974.2,79.5
2026-09-25,EP152026,49,2026-10-03 12:00:00,8 days 12:00:00,204,31.0,-159.25,971.0,83.4
2026-09-25,EP152026,49,2026-10-03 18:00:00,8 days 18:00:00,210,33.76,-160.82,973.6,80.2
2026-09-25,EP152026,49,2026-10-04 00:00:00,9 days 00:00:00,216,36.5,-162.5,976.2,77.0
2026-09-25,EP152026,49,2026-10-04 06:00:00,9 days 06:00:00,222,35.14,-164.15,974.6,79.1
2026-09-25,EP152026,49,2026-10-04 12:00:00,9 days 12:00:00,228,33.75,-165.75,972.9,81.1
2026-09-25,EP152026,49,2026-10-04 18:00:00,9 days 18:00:00,234,33.63,-166.38,976.7,76.3
2026-09-25,EP152026,49,2026-10-05 00:00:00,10 days 00:00:00,240,33.5,-167.0,980.5,71.6
2026-09-25,EP162026,49,2026-09-25 00:00:00,0 days 00:00:00,0,17.0,-124.75,975.5,77.9
2026-09-25,EP162026,49,2026-09-25 06:00:00,0 days 06:00:00,6,17.25,-124.25,975.2,78.3
2026-09-25,EP162026,49,2026-09-25 12:00:00,0 days 12:00:00,12,17.5,-123.75,974.9,78.6
2026-09-25,EP162026,49,2026-09-25 18:00:00,0 days 18:00:00,18,17.88,-123.63,974.7,78.8
2026-09-25,EP162026,49,2026-09-26 00:00:00,1 days 00:00:00,24,18.25,-123.5,974.5,79.1
2026-09-25,EP162026,49,2026-09-26 06:00:00,1 days 06:00:00,30,18.75,-123.5,979.0,73.4
2026-09-25,EP162026,49,2026-09-26 12:00:00,1 days 12:00:00,36,19.25,-123.5,983.5,67.6
2026-09-25,EP162026,49,2026-09-26 18:00:00,1 days 18:00:00,42,19.75,-123.5,985.0,65.6
2026-09-25,EP162026,49,2026-09-27 00:00:00,2 days 00:00:00,48,20.25,-123.5,986.5,63.6
2026-09-25,EP162026,49,2026-09-27 06:00:00,2 days 06:00:00,54,20.88,-123.62,990.3,58.1
2026-09-25,EP162026,49,2026-09-27 12:00:00,2 days 12:00:00,60,21.5,-123.75,994.2,52.6
2026-09-25,EP162026,49,2026-09-27 18:00:00,2 days 18:00:00,66,22.13,-123.38,996.6,48.9
2026-09-25,EP162026,49,2026-09-28 00:00:00,3 days 00:00:00,72,22.75,-123.0,999.0,45.2
2026-09-25,EP162026,49,2026-09-28 06:00:00,3 days 06:00:00,78,23.82,-118.29,988.3,60.2
2026-09-25,EP162026,49,2026-09-28 12:00:00,3 days 12:00:00,84,24.75,-113.5,977.6,75.3
2026-09-25,EP162026,49,2026-09-28 18:00:00,3 days 18:00:00,90,25.5,-113.13,982.9,68.2
2026-09-25,EP162026,49,2026-09-29 00:00:00,4 days 00:00:00,96,26.25,-112.75,988.3,61.2
2026-09-25,EP162026,49,2026-09-29 06:00:00,4 days 06:00:00,102,27.13,-112.13,991.6,56.3
2026-09-25,EP162026,49,2026-09-29 12:00:00,4 days 12:00:00,108,28.0,-111.5,994.9,51.5
2026-09-25,EP162026,49,2026-09-29 18:00:00,4 days 18:00:00,114,28.86,-109.43,997.3,47.8
2026-09-25,EP162026,49,2026-09-30 00:00:00,5 days 00:00:00,120,29.69,-107.32,999.6,44.0
2026-09-25,EP162026,49,2026-09-30 06:00:00,5 days 06:00:00,126,30.49,-105.17,1001.9,40.3
2026-09-25,EP162026,49,2026-09-30 12:00:00,5 days 12:00:00,132,31.25,-103.0,1004.2,36.5
2026-09-25,EP162026,49,2026-09-30 18:00:00,5 days 18:00:00,138,30.13,-103.13,1001.4,41.1
2026-09-25,EP162026,49,2026-10-01 00:00:00,6 days 00:00:00,144,29.0,-103.25,998.7,45.8
2026-09-25,EP172026,49,2026-09-25 00:00:00,0 days 00:00:00,0,17.0,-106.25,960.1,96.1
2026-09-25,EP172026,49,2026-09-25 06:00:00,0 days 06:00:00,6,17.13,-107.25,965.1,90.3
2026-09-25,EP172026,49,2026-09-25 12:00:00,0 days 12:00:00,12,17.25,-108.25,970.1,84.5
2026-09-25,EP172026,49,2026-09-25 18:00:00,0 days 18:00:00,18,17.38,-109.12,970.9,83.5
2026-09-25,EP172026,49,2026-09-26 00:00:00,1 days 00:00:00,24,17.5,-110.0,971.8,82.5
2026-09-25,EP172026,49,2026-09-26 06:00:00,1 days 06:00:00,30,17.75,-110.75,974.4,79.3
2026-09-25,EP172026,49,2026-09-26 12:00:00,1 days 12:00:00,36,18.0,-111.5,977.0,76.1
2026-09-25,EP172026,49,2026-09-26 18:00:00,1 days 18:00:00,42,18.75,-112.12,976.3,77.0
2026-09-25,EP172026,49,2026-09-27 00:00:00,2 days 00:00:00,48,19.5,-112.75,975.6,77.8
2026-09-25,EP172026,49,2026-09-27 06:00:00,2 days 06:00:00,54,20.38,-113.12,978.5,74.0
2026-09-25,EP172026,49,2026-09-27 12:00:00,2 days 12:00:00,60,21.25,-113.5,981.5,70.2
2026-09-25,EP172026,49,2026-09-27 18:00:00,2 days 18:00:00,66,22.13,-113.75,979.4,73.0
2026-09-25,EP172026,49,2026-09-28 00:00:00,3 days 00:00:00,72,23.0,-114.0,977.3,75.7
2026-09-25,EP172026,49,2026-09-28 06:00:00,3 days 06:00:00,78,23.88,-113.75,977.4,75.5
2026-09-25,EP172026,49,2026-09-28 12:00:00,3 days 12:00:00,84,24.75,-113.5,977.6,75.3
2026-09-25,WP252026,49,2026-09-25 00:00:00,0 days 00:00:00,0,20.25,130.25,1002.4,39.6
2026-09-25,WP252026,49,2026-09-25 06:00:00,0 days 06:00:00,6,20.75,129.38,1000.3,43.0
2026-09-25,WP252026,49,2026-09-25 12:00:00,0 days 12:00:00,12,21.25,128.5,998.2,46.5
2026-09-25,WP252026,49,2026-09-25 18:00:00,0 days 18:00:00,18,21.88,127.88,996.2,49.6
2026-09-25,WP252026,49,2026-09-26 00:00:00,1 days 00:00:00,24,22.5,127.25,994.1,52.8
2026-09-25,WP252026,49,2026-09-26 06:00:00,1 days 06:00:00,30,23.0,127.25,991.9,56.0
2026-09-25,WP252026,49,2026-09-26 12:00:00,1 days 12:00:00,36,23.5,127.25,989.6,59.3
2026-09-25,WP252026,49,2026-09-26 18:00:00,1 days 18:00:00,42,24.0,127.62,990.6,57.9
2026-09-25,WP252026,49,2026-09-27 00:00:00,2 days 00:00:00,48,24.5,128.0,991.5,56.6
2026-09-25,WP252026,49,2026-09-27 06:00:00,2 days 06:00:00,54,25.0,128.5,988.9,60.2
2026-09-25,WP252026,49,2026-09-27 12:00:00,2 days 12:00:00,60,25.5,129.0,986.3,63.8
2026-09-25,WP252026,49,2026-09-27 18:00:00,2 days 18:00:00,66,26.0,129.5,989.3,59.7
2026-09-25,WP252026,49,2026-09-28 00:00:00,3 days 00:00:00,72,26.5,130.0,992.2,55.6
2026-09-25,WP252026,49,2026-09-28 06:00:00,3 days 06:00:00,78,26.75,131.0,994.5,52.2
2026-09-25,WP252026,49,2026-09-28 12:00:00,3 days 12:00:00,84,27.0,132.0,996.7,48.8
2026-09-25,WP252026,49,2026-09-28 18:00:00,3 days 18:00:00,90,27.25,132.62,999.3,44.7
2026-09-25,WP252026,49,2026-09-29 00:00:00,4 days 00:00:00,96,27.5,133.25,1001.8,40.6
2026-09-25,WP252026,49,2026-09-29 06:00:00,4 days 06:00:00,102,27.5,133.88,1001.1,41.8
2026-09-25,WP252026,49,2026-09-29 12:00:00,4 days 12:00:00,108,27.5,134.5,1000.4,43.0
2026-09-25,WP252026,49,2026-09-29 18:00:00,4 days 18:00:00,114,27.88,134.87,1001.3,41.4
2026-09-25,WP252026,49,2026-09-30 00:00:00,5 days 00:00:00,120,28.25,135.25,1002.3,39.8
2026-09-25,WP252026,49,2026-09-30 06:00:00,5 days 06:00:00,126,28.5,135.75,1002.7,39.1
2026-09-25,WP252026,49,2026-09-30 12:00:00,5 days 12:00:00,132,28.75,136.25,1003.1,38.5
2026-09-25,WP252026,49,2026-09-30 18:00:00,5 days 18:00:00,138,29.88,136.62,1003.8,37.2
2026-09-25,WP252026,49,2026-10-01 00:00:00,6 days 00:00:00,144,31.0,137.0,1004.6,35.9
2026-09-25,AL072026,5,2026-09-25 00:00:00,0 days 00:00:00,0,13.25,-22.0,1006.2,32.9
2026-09-25,AL072026,5,2026-09-25 06:00:00,0 days 06:00:00,6,14.38,-22.0,1005.4,34.4
2026-09-25,AL072026,5,2026-09-25 12:00:00,0 days 12:00:00,12,15.5,-22.0,1004.6,35.9
2026-09-25,AL072026,5,2026-09-25 18:00:00,0 days 18:00:00,18,15.88,-22.5,1004.6,35.9
2026-09-25,AL072026,5,2026-09-26 00:00:00,1 days 00:00:00,24,16.25,-23.0,1004.6,35.9
2026-09-25,AL072026,5,2026-09-26 06:00:00,1 days 06:00:00,30,17.38,-23.12,1004.8,35.5
2026-09-25,AL072026,5,2026-09-26 12:00:00,1 days 12:00:00,36,18.5,-23.25,1005.0,35.0
2026-09-25,EP152026,5,2026-09-25 00:00:00,0 days 00:00:00,0,14.75,-156.0,983.9,67.1
2026-09-25,EP152026,5,2026-09-25 06:00:00,0 days 06:00:00,6,15.13,-155.88,985.7,64.6
2026-09-25,EP152026,5,2026-09-25 12:00:00,0 days 12:00:00,12,15.5,-155.75,987.6,62.1
2026-09-25,EP152026,5,2026-09-25 18:00:00,0 days 18:00:00,18,16.0,-155.38,988.4,61.0
2026-09-25,EP152026,5,2026-09-26 00:00:00,1 days 00:00:00,24,16.5,-155.0,989.2,59.9
2026-09-25,EP152026,5,2026-09-26 06:00:00,1 days 06:00:00,30,16.75,-155.0,988.3,61.1
2026-09-25,EP152026,5,2026-09-26 12:00:00,1 days 12:00:00,36,17.0,-155.0,987.5,62.2
2026-09-25,EP152026,5,2026-09-26 18:00:00,1 days 18:00:00,42,17.13,-155.5,986.2,64.0
2026-09-25,EP152026,5,2026-09-27 00:00:00,2 days 00:00:00,48,17.25,-156.0,984.8,65.9
2026-09-25,EP152026,5,2026-09-27 06:00:00,2 days 06:00:00,54,17.13,-156.88,983.1,68.2
2026-09-25,EP152026,5,2026-09-27 12:00:00,2 days 12:00:00,60,17.0,-157.75,981.3,70.6
2026-09-25,EP152026,5,2026-09-27 18:00:00,2 days 18:00:00,66,16.88,-158.88,981.0,70.9
2026-09-25,EP152026,5,2026-09-28 00:00:00,3 days 00:00:00,72,16.75,-160.0,980.7,71.2
2026-09-25,EP152026,5,2026-09-28 06:00:00,3 days 06:00:00,78,16.88,-161.12,981.5,70.2
2026-09-25,EP152026,5,2026-09-28 12:00:00,3 days 12:00:00,84,17.0,-162.25,982.3,69.2
2026-09-25,EP152026,5,2026-09-28 18:00:00,3 days 18:00:00,90,17.5,-163.12,982.0,69.6
2026-09-25,EP152026,5,2026-09-29 00:00:00,4 days 00:00:00,96,18.0,-164.0,981.8,69.9
2026-09-25,EP152026,5,2026-09-29 06:00:00,4 days 06:00:00,102,18.75,-164.62,982.9,68.5
2026-09-25,EP152026,5,2026-09-29 12:00:00,4 days 12:00:00,108,19.5,-165.25,984.0,67.0
2026-09-25,EP152026,5,2026-09-29 18:00:00,4 days 18:00:00,114,20.5,-165.37,981.5,70.2
2026-09-25,EP152026,5,2026-09-30 00:00:00,5 days 00:00:00,120,21.5,-165.5,979.1,73.3
2026-09-25,EP152026,5,2026-09-30 06:00:00,5 days 06:00:00,126,22.38,-165.87,982.2,69.3
2026-09-25,EP152026,5,2026-09-30 12:00:00,5 days 12:00:00,132,23.25,-166.25,985.2,65.3
2026-09-25,EP152026,5,2026-09-30 18:00:00,5 days 18:00:00,138,23.5,-167.0,983.9,67.1
2026-09-25,EP152026,5,2026-10-01 00:00:00,6 days 00:00:00,144,23.75,-167.75,982.6,68.9
2026-09-25,EP152026,5,2026-10-01 06:00:00,6 days 06:00:00,150,23.63,-168.88,984.9,65.7
2026-09-25,EP152026,5,2026-10-01 12:00:00,6 days 12:00:00,156,23.5,-170.0,987.2,62.6
2026-09-25,EP152026,5,2026-10-01 18:00:00,6 days 18:00:00,162,23.5,-170.25,986.6,63.5
2026-09-25,EP152026,5,2026-10-02 00:00:00,7 days 00:00:00,168,23.5,-170.5,985.9,64.4
2026-09-25,EP152026,5,2026-10-02 06:00:00,7 days 06:00:00,174,23.5,-171.38,981.9,69.7
2026-09-25,EP152026,5,2026-10-02 12:00:00,7 days 12:00:00,180,23.5,-172.25,977.9,74.9
2026-09-25,EP152026,5,2026-10-02 18:00:00,7 days 18:00:00,186,23.13,-173.13,977.5,75.4
2026-09-25,EP152026,5,2026-10-03 00:00:00,8 days 00:00:00,192,22.75,-174.0,977.1,75.9
2026-09-25,EP152026,5,2026-10-03 06:00:00,8 days 06:00:00,198,22.38,-175.25,975.6,77.8
2026-09-25,EP152026,5,2026-10-03 12:00:00,8 days 12:00:00,204,22.0,-176.5,974.1,79.7
2026-09-25,EP152026,5,2026-10-03 18:00:00,8 days 18:00:00,210,21.88,-178.25,974.3,79.3
2026-09-25,EP152026,5,2026-10-04 00:00:00,9 days 00:00:00,216,21.75,180.0,974.6,79.0
2026-09-25,EP152026,5,2026-10-04 06:00:00,9 days 06:00:00,222,21.89,178.0,972.3,81.9
2026-09-25,EP152026,5,2026-10-04 12:00:00,9 days 12:00:00,228,22.0,176.0,969.9,84.7
2026-09-25,EP152026,5,2026-10-04 18:00:00,9 days 18:00:00,234,22.39,174.13,972.5,81.6
2026-09-25,EP152026,5,2026-10-05 00:00:00,10 days 00:00:00,240,22.75,172.25,975.0,78.5
2026-09-25,EP152026,5,2026-10-05 06:00:00,10 days 06:00:00,246,23.26,170.38,977.7,75.2
2026-09-25,EP152026,5,2026-10-05 12:00:00,10 days 12:00:00,252,23.75,168.5,980.3,71.9
2026-09-25,EP152026,5,2026-10-05 18:00:00,10 days 18:00:00,258,24.26,167.13,977.9,74.8
2026-09-25,EP152026,5,2026-10-06 00:00:00,11 days 00:00:00,264,24.75,165.75,975.6,77.8
2026-09-25,EP152026,5,2026-10-06 06:00:00,11 days 06:00:00,270,25.76,164.01,979.7,72.5
2026-09-25,EP152026,5,2026-10-06 12:00:00,11 days 12:00:00,276,26.75,162.25,983.8,67.2
2026-09-25,EP152026,5,2026-10-06 18:00:00,11 days 18:00:00,282,27.51,161.01,984.0,67.0
2026-09-25,EP152026,5,2026-10-07 00:00:00,12 days 00:00:00,288,28.25,159.75,984.1,66.8
2026-09-25,EP152026,5,2026-10-07 06:00:00,12 days 06:00:00,294,29.38,158.88,986.5,63.6
2026-09-25,EP152026,5,2026-10-07 12:00:00,12 days 12:00:00,300,30.5,158.0,988.8,60.4
2026-09-25,EP152026,5,2026-10-07 18:00:00,12 days 18:00:00,306,32.25,158.0,988.7,60.5
2026-09-25,EP152026,5,2026-10-08 00:00:00,13 days 00:00:00,312,34.0,158.0,988.6,60.7
2026-09-25,EP152026,5,2026-10-08 06:00:00,13 days 06:00:00,318,35.38,159.11,990.5,58.0
2026-09-25,EP152026,5,2026-10-08 12:00:00,13 days 12:00:00,324,36.75,160.25,992.3,55.4
2026-09-25,EP152026,5,2026-10-08 18:00:00,13 days 18:00:00,330,37.54,163.22,992.7,54.9
2026-09-25,EP152026,5,2026-10-09 00:00:00,14 days 00:00:00,336,38.25,166.25,993.0,54.4
2026-09-25,EP152026,5,2026-10-09 06:00:00,14 days 06:00:00,342,38.37,171.5,994.3,52.4
2026-09-25,EP152026,5,2026-10-09 12:00:00,14 days 12:00:00,348,38.25,176.75,995.7,50.4
2026-09-25,EP152026,5,2026-10-09 18:00:00,14 days 18:00:00,354,37.37,-177.93,996.0,49.9
2026-09-25,EP152026,5,2026-10-10 00:00:00,15 days 00:00:00,360,36.25,-172.75,996.4,49.3
2026-09-25,EP162026,5,2026-09-25 00:00:00,0 days 00:00:00,0,17.0,-124.75,975.5,77.9
2026-09-25,EP162026,5,2026-09-25 06:00:00,0 days 06:00:00,6,17.25,-124.25,975.9,77.4
2026-09-25,EP162026,5,2026-09-25 12:00:00,0 days 12:00:00,12,17.5,-123.75,976.4,76.8
2026-09-25,EP162026,5,2026-09-25 18:00:00,0 days 18:00:00,18,17.75,-123.87,978.9,73.6
2026-09-25,EP162026,5,2026-09-26 00:00:00,1 days 00:00:00,24,18.0,-124.0,981.4,70.4
2026-09-25,EP162026,5,2026-09-26 06:00:00,1 days 06:00:00,30,18.38,-124.0,983.4,67.8
2026-09-25,EP162026,5,2026-09-26 12:00:00,1 days 12:00:00,36,18.75,-124.0,985.4,65.1
2026-09-25,EP162026,5,2026-09-26 18:00:00,1 days 18:00:00,42,19.38,-123.88,988.2,61.3
2026-09-25,EP162026,5,2026-09-27 00:00:00,2 days 00:00:00,48,20.0,-123.75,990.9,57.4
2026-09-25,EP162026,5,2026-09-27 06:00:00,2 days 06:00:00,54,20.63,-123.63,994.5,52.1
2026-09-25,EP162026,5,2026-09-27 12:00:00,2 days 12:00:00,60,21.25,-123.5,998.0,46.8
2026-09-25,EP162026,5,2026-09-27 18:00:00,2 days 18:00:00,66,21.63,-123.25,999.4,44.5
2026-09-25,EP162026,5,2026-09-28 00:00:00,3 days 00:00:00,72,22.0,-123.0,1000.8,42.3
2026-09-25,EP162026,5,2026-09-28 06:00:00,3 days 06:00:00,78,23.2,-118.29,991.2,56.3
2026-09-25,EP162026,5,2026-09-28 12:00:00,3 days 12:00:00,84,24.25,-113.5,981.5,70.3
2026-09-25,EP162026,5,2026-09-28 18:00:00,3 days 18:00:00,90,25.0,-112.88,985.7,64.6
2026-09-25,EP162026,5,2026-09-29 00:00:00,4 days 00:00:00,96,25.75,-112.25,989.8,59.0
2026-09-25,EP162026,5,2026-09-29 06:00:00,4 days 06:00:00,102,26.63,-111.26,991.1,57.1
2026-09-25,EP162026,5,2026-09-29 12:00:00,4 days 12:00:00,108,27.5,-110.25,992.4,55.2
2026-09-25,EP172026,5,2026-09-25 00:00:00,0 days 00:00:00,0,17.0,-106.25,960.1,96.1
2026-09-25,EP172026,5,2026-09-25 06:00:00,0 days 06:00:00,6,17.13,-107.12,966.0,89.3
2026-09-25,EP172026,5,2026-09-25 12:00:00,0 days 12:00:00,12,17.25,-108.0,971.8,82.4
2026-09-25,EP172026,5,2026-09-25 18:00:00,0 days 18:00:00,18,17.5,-109.0,974.2,79.4
2026-09-25,EP172026,5,2026-09-26 00:00:00,1 days 00:00:00,24,17.75,-110.0,976.7,76.4
2026-09-25,EP172026,5,2026-09-26 06:00:00,1 days 06:00:00,30,17.88,-110.87,977.9,74.9
2026-09-25,EP172026,5,2026-09-26 12:00:00,1 days 12:00:00,36,18.0,-111.75,979.1,73.3
2026-09-25,EP172026,5,2026-09-26 18:00:00,1 days 18:00:00,42,18.5,-112.37,974.7,78.8
2026-09-25,EP172026,5,2026-09-27 00:00:00,2 days 00:00:00,48,19.0,-113.0,970.3,84.3
2026-09-25,EP172026,5,2026-09-27 06:00:00,2 days 06:00:00,54,19.88,-113.37,973.1,80.9
2026-09-25,EP172026,5,2026-09-27 12:00:00,2 days 12:00:00,60,20.75,-113.75,975.9,77.4
2026-09-25,EP172026,5,2026-09-27 18:00:00,2 days 18:00:00,66,21.88,-113.75,979.6,72.6
2026-09-25,EP172026,5,2026-09-28 00:00:00,3 days 00:00:00,72,23.0,-113.75,983.4,67.8
2026-09-25,EP172026,5,2026-09-28 06:00:00,3 days 06:00:00,78,23.63,-113.63,982.4,69.1
2026-09-25,EP172026,5,2026-09-28 12:00:00,3 days 12:00:00,84,24.25,-113.5,981.5,70.3
2026-09-25,WP252026,5,2026-09-25 00:00:00,0 days 00:00:00,0,20.25,130.25,1002.4,39.6
2026-09-25,WP252026,5,2026-09-25 06:00:00,0 days 06:00:00,6,20.75,129.38,999.6,44.2
2026-09-25,WP252026,5,2026-09-25 12:00:00,0 days 12:00:00,12,21.25,128.5,996.7,48.9
2026-09-25,WP252026,5,2026-09-25 18:00:00,0 days 18:00:00,18,22.0,127.75,993.5,53.6
2026-09-25,WP252026,5,2026-09-26 00:00:00,1 days 00:00:00,24,22.75,127.0,990.2,58.4
2026-09-25,WP252026,5,2026-09-26 06:00:00,1 days 06:00:00,30,23.12,127.0,988.5,60.9
2026-09-25,WP252026,5,2026-09-26 12:00:00,1 days 12:00:00,36,23.5,127.0,986.7,63.3
2026-09-25,WP252026,5,2026-09-26 18:00:00,1 days 18:00:00,42,24.0,127.25,984.6,66.2
2026-09-25,WP252026,5,2026-09-27 00:00:00,2 days 00:00:00,48,24.5,127.5,982.4,69.1
2026-09-25,WP252026,5,2026-09-27 06:00:00,2 days 06:00:00,54,24.88,128.0,982.7,68.7
2026-09-25,WP252026,5,2026-09-27 12:00:00,2 days 12:00:00,60,25.25,128.5,982.9,68.4
2026-09-25,WP252026,5,2026-09-27 18:00:00,2 days 18:00:00,66,25.75,129.12,985.7,64.7
2026-09-25,WP252026,5,2026-09-28 00:00:00,3 days 00:00:00,72,26.25,129.75,988.4,61.0
2026-09-25,WP252026,5,2026-09-28 06:00:00,3 days 06:00:00,78,26.75,130.5,990.5,58.0
2026-09-25,WP252026,5,2026-09-28 12:00:00,3 days 12:00:00,84,27.25,131.25,992.7,54.9
2026-09-25,WP252026,5,2026-09-28 18:00:00,3 days 18:00:00,90,27.38,131.87,994.3,52.5
2026-09-25,WP252026,5,2026-09-29 00:00:00,4 days 00:00:00,96,27.5,132.5,995.9,50.1
2026-09-25,WP252026,5,2026-09-29 06:00:00,4 days 06:00:00,102,27.63,133.12,997.0,48.4
2026-09-25,WP252026,5,2026-09-29 12:00:00,4 days 12:00:00,108,27.75,133.75,998.1,46.7
2026-09-25,WP252026,5,2026-09-29 18:00:00,4 days 18:00:00,114,27.88,134.12,999.7,44.1
2026-09-25,WP252026,5,2026-09-30 00:00:00,5 days 00:00:00,120,28.0,134.5,1001.3,41.5
2026-09-25,WP252026,5,2026-09-30 06:00:00,5 days 06:00:00,126,28.25,134.75,1001.9,40.5
2026-09-25,WP252026,5,2026-09-30 12:00:00,5 days 12:00:00,132,28.5,135.0,1002.5,39.5
2026-09-25,AL062026,6,2026-09-25 00:00:00,0 days 00:00:00,0,30.0,-41.75,1015.2,13.2
2026-09-25,AL062026,6,2026-09-25 06:00:00,0 days 06:00:00,6,30.0,-42.0,1015.1,13.5
2026-09-25,AL062026,6,2026-09-25 12:00:00,0 days 12:00:00,12,30.0,-42.25,1014.9,13.8
2026-09-25,AL062026,6,2026-09-25 18:00:00,0 days 18:00:00,18,30.0,-42.62,1014.7,14.6
2026-09-25,AL062026,6,2026-09-26 00:00:00,1 days 00:00:00,24,30.0,-43.0,1014.4,15.4
2026-09-25,AL062026,6,2026-09-26 06:00:00,1 days 06:00:00,30,29.63,-43.5,1014.1,16.1
2026-09-25,AL062026,6,2026-09-26 12:00:00,1 days 12:00:00,36,29.25,-44.0,1013.8,16.9
2026-09-25,AL062026,6,2026-09-26 18:00:00,1 days 18:00:00,42,29.25,-44.0,1014.4,15.2
2026-09-25,AL062026,6,2026-09-27 00:00:00,2 days 00:00:00,48,29.25,-44.0,1015.1,13.5
2026-09-25,AL062026,6,2026-09-27 06:00:00,2 days 06:00:00,54,34.65,-41.55,1010.4,23.6
2026-09-25,AL062026,6,2026-09-27 12:00:00,2 days 12:00:00,60,40.0,-38.75,1005.8,33.7
2026-09-25,EP152026,6,2026-09-25 00:00:00,0 days 00:00:00,0,14.75,-156.0,983.9,67.1
2026-09-25,EP152026,6,2026-09-25 06:00:00,0 days 06:00:00,6,15.25,-156.0,985.3,65.2
2026-09-25,EP152026,6,2026-09-25 12:00:00,0 days 12:00:00,12,15.75,-156.0,986.7,63.4
2026-09-25,EP152026,6,2026-09-25 18:00:00,0 days 18:00:00,18,16.0,-155.5,986.2,64.1
2026-09-25,EP152026,6,2026-09-26 00:00:00,1 days 00:00:00,24,16.25,-155.0,985.7,64.7
2026-09-25,EP152026,6,2026-09-26 06:00:00,1 days 06:00:00,30,16.5,-155.0,986.0,64.3
2026-09-25,EP152026,6,2026-09-26 12:00:00,1 days 12:00:00,36,16.75,-155.0,986.3,63.8
2026-09-25,EP152026,6,2026-09-26 18:00:00,1 days 18:00:00,42,16.63,-155.13,983.6,67.4
2026-09-25,EP152026,6,2026-09-27 00:00:00,2 days 00:00:00,48,16.5,-155.25,981.0,71.0
2026-09-25,EP152026,6,2026-09-27 06:00:00,2 days 06:00:00,54,16.25,-155.75,982.2,69.4
2026-09-25,EP152026,6,2026-09-27 12:00:00,2 days 12:00:00,60,16.0,-156.25,983.4,67.8
2026-09-25,EP152026,6,2026-09-27 18:00:00,2 days 18:00:00,66,15.75,-157.25,981.0,70.9
2026-09-25,EP152026,6,2026-09-28 00:00:00,3 days 00:00:00,72,15.5,-158.25,978.5,74.1
2026-09-25,EP152026,6,2026-09-28 06:00:00,3 days 06:00:00,78,15.5,-159.25,979.9,72.3
2026-09-25,EP152026,6,2026-09-28 12:00:00,3 days 12:00:00,84,15.5,-160.25,981.3,70.6
2026-09-25,EP152026,6,2026-09-28 18:00:00,3 days 18:00:00,90,16.0,-161.5,985.9,64.2
2026-09-25,EP152026,6,2026-09-29 00:00:00,4 days 00:00:00,96,16.5,-162.75,990.6,57.9
2026-09-25,EP152026,6,2026-09-29 06:00:00,4 days 06:00:00,102,17.0,-163.5,990.5,58.0
2026-09-25,EP152026,6,2026-09-29 12:00:00,4 days 12:00:00,108,17.5,-164.25,990.4,58.2
2026-09-25,EP152026,6,2026-09-29 18:00:00,4 days 18:00:00,114,18.0,-164.62,990.4,58.2
2026-09-25,EP152026,6,2026-09-30 00:00:00,5 days 00:00:00,120,18.5,-165.0,990.4,58.2
2026-09-25,EP152026,6,2026-09-30 06:00:00,5 days 06:00:00,126,19.0,-165.0,989.0,60.2
2026-09-25,EP152026,6,2026-09-30 12:00:00,5 days 12:00:00,132,19.5,-165.0,987.6,62.2
2026-09-25,EP152026,6,2026-09-30 18:00:00,5 days 18:00:00,138,19.75,-165.37,986.4,63.7
2026-09-25,EP152026,6,2026-10-01 00:00:00,6 days 00:00:00,144,20.0,-165.75,985.3,65.2
2026-09-25,EP152026,6,2026-10-01 06:00:00,6 days 06:00:00,150,20.13,-166.37,985.9,64.4
2026-09-25,EP152026,6,2026-10-01 12:00:00,6 days 12:00:00,156,20.25,-167.0,986.4,63.7
2026-09-25,EP152026,6,2026-10-01 18:00:00,6 days 18:00:00,162,20.38,-168.12,985.7,64.7
2026-09-25,EP152026,6,2026-10-02 00:00:00,7 days 00:00:00,168,20.5,-169.25,984.9,65.7
2026-09-25,EP152026,6,2026-10-02 06:00:00,7 days 06:00:00,174,20.63,-170.25,985.0,65.6
2026-09-25,EP152026,6,2026-10-02 12:00:00,7 days 12:00:00,180,20.75,-171.25,985.1,65.6
2026-09-25,EP152026,6,2026-10-02 18:00:00,7 days 18:00:00,186,20.76,-172.88,984.9,65.8
2026-09-25,EP152026,6,2026-10-03 00:00:00,8 days 00:00:00,192,20.75,-174.5,984.8,66.0
2026-09-25,EP152026,6,2026-10-03 06:00:00,8 days 06:00:00,198,20.63,-176.0,981.4,70.3
2026-09-25,EP152026,6,2026-10-03 12:00:00,8 days 12:00:00,204,20.5,-177.5,978.1,74.6
2026-09-25,EP152026,6,2026-10-03 18:00:00,8 days 18:00:00,210,21.01,-178.99,975.0,78.5
2026-09-25,EP152026,6,2026-10-04 00:00:00,9 days 00:00:00,216,21.5,179.5,971.9,82.3
2026-09-25,EP152026,6,2026-10-04 06:00:00,9 days 06:00:00,222,22.26,177.88,976.8,76.2
2026-09-25,EP152026,6,2026-10-04 12:00:00,9 days 12:00:00,228,23.0,176.25,981.6,70.1
2026-09-25,EP152026,6,2026-10-04 18:00:00,9 days 18:00:00,234,24.13,174.52,983.3,67.9
2026-09-25,EP152026,6,2026-10-05 00:00:00,10 days 00:00:00,240,25.25,172.75,984.9,65.8
2026-09-25,EP152026,6,2026-10-05 06:00:00,10 days 06:00:00,246,26.63,171.52,983.1,68.2
2026-09-25,EP152026,6,2026-10-05 12:00:00,10 days 12:00:00,252,28.0,170.25,981.2,70.6
2026-09-25,EP152026,6,2026-10-05 18:00:00,10 days 18:00:00,258,29.63,169.51,984.7,65.9
2026-09-25,EP152026,6,2026-10-06 00:00:00,11 days 00:00:00,264,31.25,168.75,988.2,61.2
2026-09-25,EP152026,6,2026-10-06 06:00:00,11 days 06:00:00,270,32.88,169.12,988.1,61.4
2026-09-25,EP152026,6,2026-10-06 12:00:00,11 days 12:00:00,276,34.5,169.5,988.0,61.5
2026-09-25,EP152026,6,2026-10-06 18:00:00,11 days 18:00:00,282,36.02,171.46,988.5,60.8
2026-09-25,EP152026,6,2026-10-07 00:00:00,12 days 00:00:00,288,37.5,173.5,989.0,60.1
2026-09-25,EP152026,6,2026-10-07 06:00:00,12 days 06:00:00,294,38.8,176.94,993.1,54.0
2026-09-25,EP152026,6,2026-10-07 12:00:00,12 days 12:00:00,300,40.0,-179.5,997.3,48.0
2026-09-25,EP162026,6,2026-09-25 00:00:00,0 days 00:00:00,0,17.0,-124.75,975.5,77.9
2026-09-25,EP162026,6,2026-09-25 06:00:00,0 days 06:00:00,6,17.25,-124.25,975.0,78.6
2026-09-25,EP162026,6,2026-09-25 12:00:00,0 days 12:00:00,12,17.5,-123.75,974.5,79.2
2026-09-25,EP162026,6,2026-09-25 18:00:00,0 days 18:00:00,18,17.75,-123.87,975.7,77.7
2026-09-25,EP162026,6,2026-09-26 00:00:00,1 days 00:00:00,24,18.0,-124.0,976.9,76.2
2026-09-25,EP162026,6,2026-09-26 06:00:00,1 days 06:00:00,30,18.5,-123.88,980.2,71.9
2026-09-25,EP162026,6,2026-09-26 12:00:00,1 days 12:00:00,36,19.0,-123.75,983.5,67.6
2026-09-25,EP162026,6,2026-09-26 18:00:00,1 days 18:00:00,42,19.63,-123.87,987.6,62.0
2026-09-25,EP162026,6,2026-09-27 00:00:00,2 days 00:00:00,48,20.25,-124.0,991.6,56.4
2026-09-25,EP162026,6,2026-09-27 06:00:00,2 days 06:00:00,54,21.13,-123.88,995.0,51.3
2026-09-25,EP162026,6,2026-09-27 12:00:00,2 days 12:00:00,60,22.0,-123.75,998.4,46.1
2026-09-25,EP162026,6,2026-09-27 18:00:00,2 days 18:00:00,66,22.25,-123.38,998.3,46.3
2026-09-25,EP162026,6,2026-09-28 00:00:00,3 days 00:00:00,72,22.5,-123.0,998.2,46.5
2026-09-25,EP162026,6,2026-09-28 06:00:00,3 days 06:00:00,78,23.33,-117.9,986.3,62.8
2026-09-25,EP162026,6,2026-09-28 12:00:00,3 days 12:00:00,84,24.0,-112.75,974.5,79.2
2026-09-25,EP162026,6,2026-09-28 18:00:00,3 days 18:00:00,90,25.38,-112.13,977.9,74.8
2026-09-25,EP162026,6,2026-09-29 00:00:00,4 days 00:00:00,96,26.75,-111.5,981.4,70.4
2026-09-25,EP172026,6,2026-09-25 00:00:00,0 days 00:00:00,0,17.0,-106.25,960.1,96.1
2026-09-25,EP172026,6,2026-09-25 06:00:00,0 days 06:00:00,6,17.13,-107.12,968.1,86.6
2026-09-25,EP172026,6,2026-09-25 12:00:00,0 days 12:00:00,12,17.25,-108.0,976.0,77.2
2026-09-25,EP172026,6,2026-09-25 18:00:00,0 days 18:00:00,18,17.38,-108.75,976.2,77.1
2026-09-25,EP172026,6,2026-09-26 00:00:00,1 days 00:00:00,24,17.5,-109.5,976.3,76.9
2026-09-25,EP172026,6,2026-09-26 06:00:00,1 days 06:00:00,30,17.63,-110.37,973.3,80.5
2026-09-25,EP172026,6,2026-09-26 12:00:00,1 days 12:00:00,36,17.75,-111.25,970.4,84.2
2026-09-25,EP172026,6,2026-09-26 18:00:00,1 days 18:00:00,42,18.38,-111.87,971.5,82.8
2026-09-25,EP172026,6,2026-09-27 00:00:00,2 days 00:00:00,48,19.0,-112.5,972.6,81.5
2026-09-25,EP172026,6,2026-09-27 06:00:00,2 days 06:00:00,54,19.63,-112.75,973.4,80.5
2026-09-25,EP172026,6,2026-09-27 12:00:00,2 days 12:00:00,60,20.25,-113.0,974.3,79.4
2026-09-25,EP172026,6,2026-09-27 18:00:00,2 days 18:00:00,66,21.25,-113.12,973.5,80.4
2026-09-25,EP172026,6,2026-09-28 00:00:00,3 days 00:00:00,72,22.25,-113.25,972.7,81.3
2026-09-25,EP172026,6,2026-09-28 06:00:00,3 days 06:00:00,78,23.13,-113.0,973.6,80.3
2026-09-25,EP172026,6,2026-09-28 12:00:00,3 days 12:00:00,84,24.0,-112.75,974.5,79.2
2026-09-25,WP252026,6,2026-09-25 00:00:00,0 days 00:00:00,0,20.25,130.25,1002.4,39.6
2026-09-25,WP252026,6,2026-09-25 06:00:00,0 days 06:00:00,6,20.63,129.25,1000.4,43.0
2026-09-25,WP252026,6,2026-09-25 12:00:00,0 days 12:00:00,12,21.0,128.25,998.3,46.4
2026-09-25,WP252026,6,2026-09-25 18:00:00,0 days 18:00:00,18,21.75,127.75,998.0,46.8
2026-09-25,WP252026,6,2026-09-26 00:00:00,1 days 00:00:00,24,22.5,127.25,997.8,47.1
2026-09-25,WP252026,6,2026-09-26 06:00:00,1 days 06:00:00,30,23.0,127.37,992.7,54.6
2026-09-25,WP252026,6,2026-09-26 12:00:00,1 days 12:00:00,36,23.5,127.5,987.6,62.1
2026-09-25,WP252026,6,2026-09-26 18:00:00,1 days 18:00:00,42,24.25,127.75,988.1,61.4
2026-09-25,WP252026,6,2026-09-27 00:00:00,2 days 00:00:00,48,25.0,128.0,988.6,60.7
2026-09-25,WP252026,6,2026-09-27 06:00:00,2 days 06:00:00,54,25.38,128.62,988.4,61.0
2026-09-25,WP252026,6,2026-09-27 12:00:00,2 days 12:00:00,60,25.75,129.25,988.3,61.2
2026-09-25,WP252026,6,2026-09-27 18:00:00,2 days 18:00:00,66,26.38,130.12,991.0,57.3
2026-09-25,WP252026,6,2026-09-28 00:00:00,3 days 00:00:00,72,27.0,131.0,993.7,53.4
2026-09-25,WP252026,6,2026-09-28 06:00:00,3 days 06:00:00,78,27.63,131.75,994.4,52.3
2026-09-25,WP252026,6,2026-09-28 12:00:00,3 days 12:00:00,84,28.25,132.5,995.1,51.3
2026-09-25,WP252026,6,2026-09-28 18:00:00,3 days 18:00:00,90,28.63,133.62,997.9,46.9
2026-09-25,WP252026,6,2026-09-29 00:00:00,4 days 00:00:00,96,29.0,134.75,1000.6,42.6
2026-09-25,WP252026,6,2026-09-29 06:00:00,4 days 06:00:00,102,29.76,135.99,999.8,43.9
2026-09-25,WP252026,6,2026-09-29 12:00:00,4 days 12:00:00,108,30.5,137.25,999.0,45.3
2026-09-25,WP252026,6,2026-09-29 18:00:00,4 days 18:00:00,114,31.39,138.98,998.6,45.9
2026-09-25,WP252026,6,2026-09-30 00:00:00,5 days 00:00:00,120,32.25,140.75,998.2,46.6
2026-09-25,WP252026,6,2026-09-30 06:00:00,5 days 06:00:00,126,33.51,142.6,999.4,44.6
2026-09-25,WP252026,6,2026-09-30 12:00:00,5 days 12:00:00,132,34.75,144.5,1000.6,42.6
2026-09-25,AL062026,7,2026-09-25 00:00:00,0 days 00:00:00,0,30.0,-41.75,1015.2,13.2
2026-09-25,AL062026,7,2026-09-25 06:00:00,0 days 06:00:00,6,30.0,-42.0,1015.6,11.8
2026-09-25,AL062026,7,2026-09-25 12:00:00,0 days 12:00:00,12,30.0,-42.25,1016.1,10.4
2026-09-25,AL062026,7,2026-09-25 18:00:00,0 days 18:00:00,18,30.0,-42.75,1015.5,12.3
2026-09-25,AL062026,7,2026-09-26 00:00:00,1 days 00:00:00,24,30.0,-43.25,1014.8,14.2
2026-09-25,AL062026,7,2026-09-26 06:00:00,1 days 06:00:00,30,29.88,-43.88,1015.2,13.2
2026-09-25,AL062026,7,2026-09-26 12:00:00,1 days 12:00:00,36,29.75,-44.5,1015.6,12.1
2026-09-25,AL062026,7,2026-09-26 18:00:00,1 days 18:00:00,42,32.13,-43.58,1013.3,17.2
2026-09-25,AL062026,7,2026-09-27 00:00:00,2 days 00:00:00,48,34.52,-42.61,1011.0,22.2
2026-09-25,AL062026,7,2026-09-27 06:00:00,2 days 06:00:00,54,36.89,-41.59,1008.8,27.3
2026-09-25,AL062026,7,2026-09-27 12:00:00,2 days 12:00:00,60,39.25,-40.5,1006.5,32.3
2026-09-25,EP152026,7,2026-09-25 00:00:00,0 days 00:00:00,0,14.75,-156.0,983.9,67.1
2026-09-25,EP152026,7,2026-09-25 06:00:00,0 days 06:00:00,6,15.25,-156.0,985.3,65.2
2026-09-25,EP152026,7,2026-09-25 12:00:00,0 days 12:00:00,12,15.75,-156.0,986.7,63.4
2026-09-25,EP152026,7,2026-09-25 18:00:00,0 days 18:00:00,18,16.13,-155.63,983.5,67.6
2026-09-25,EP152026,7,2026-09-26 00:00:00,1 days 00:00:00,24,16.5,-155.25,980.3,71.9
2026-09-25,EP152026,7,2026-09-26 06:00:00,1 days 06:00:00,30,16.75,-155.25,981.3,70.5
2026-09-25,EP152026,7,2026-09-26 12:00:00,1 days 12:00:00,36,17.0,-155.25,982.3,69.2
2026-09-25,EP152026,7,2026-09-26 18:00:00,1 days 18:00:00,42,17.0,-155.75,979.3,73.0
2026-09-25,EP152026,7,2026-09-27 00:00:00,2 days 00:00:00,48,17.0,-156.25,976.4,76.8
2026-09-25,EP152026,7,2026-09-27 06:00:00,2 days 06:00:00,54,17.0,-157.0,980.9,70.9
2026-09-25,EP152026,7,2026-09-27 12:00:00,2 days 12:00:00,60,17.0,-157.75,985.5,64.9
2026-09-25,EP152026,7,2026-09-27 18:00:00,2 days 18:00:00,66,17.0,-158.75,980.6,71.4
2026-09-25,EP152026,7,2026-09-28 00:00:00,3 days 00:00:00,72,17.0,-159.75,975.6,77.8
2026-09-25,EP152026,7,2026-09-28 06:00:00,3 days 06:00:00,78,17.25,-160.75,975.7,77.7
2026-09-25,EP152026,7,2026-09-28 12:00:00,3 days 12:00:00,84,17.5,-161.75,975.7,77.7
2026-09-25,EP152026,7,2026-09-28 18:00:00,3 days 18:00:00,90,18.25,-162.75,979.2,73.2
2026-09-25,EP152026,7,2026-09-29 00:00:00,4 days 00:00:00,96,19.0,-163.75,982.7,68.6
2026-09-25,EP152026,7,2026-09-29 06:00:00,4 days 06:00:00,102,20.13,-164.25,986.4,63.7
2026-09-25,EP152026,7,2026-09-29 12:00:00,4 days 12:00:00,108,21.25,-164.75,990.1,58.7
2026-09-25,EP152026,7,2026-09-29 18:00:00,4 days 18:00:00,114,22.13,-165.25,987.6,62.1
2026-09-25,EP152026,7,2026-09-30 00:00:00,5 days 00:00:00,120,23.0,-165.75,985.1,65.5
2026-09-25,EP152026,7,2026-09-30 06:00:00,5 days 06:00:00,126,23.13,-166.12,985.1,65.5
2026-09-25,EP152026,7,2026-09-30 12:00:00,5 days 12:00:00,132,23.25,-166.5,985.2,65.4
2026-09-25,EP152026,7,2026-09-30 18:00:00,5 days 18:00:00,138,23.25,-167.12,985.4,65.1
2026-09-25,EP152026,7,2026-10-01 00:00:00,6 days 00:00:00,144,23.25,-167.75,985.6,64.8
2026-09-25,EP152026,7,2026-10-01 06:00:00,6 days 06:00:00,150,23.25,-169.0,983.6,67.5
2026-09-25,EP152026,7,2026-10-01 12:00:00,6 days 12:00:00,156,23.25,-170.25,981.6,70.2
2026-09-25,EP152026,7,2026-10-01 18:00:00,6 days 18:00:00,162,23.13,-171.0,980.6,71.4
2026-09-25,EP152026,7,2026-10-02 00:00:00,7 days 00:00:00,168,23.0,-171.75,979.6,72.7
2026-09-25,EP152026,7,2026-10-02 06:00:00,7 days 06:00:00,174,23.25,-172.75,980.4,71.7
2026-09-25,EP152026,7,2026-10-02 12:00:00,7 days 12:00:00,180,23.5,-173.75,981.1,70.8
2026-09-25,EP152026,7,2026-10-02 18:00:00,7 days 18:00:00,186,23.51,-175.25,982.5,69.0
2026-09-25,EP152026,7,2026-10-03 00:00:00,8 days 00:00:00,192,23.5,-176.75,983.9,67.2
2026-09-25,EP152026,7,2026-10-03 06:00:00,8 days 06:00:00,198,23.26,-178.13,980.6,71.3
2026-09-25,EP152026,7,2026-10-03 12:00:00,8 days 12:00:00,204,23.0,-179.5,977.4,75.5
2026-09-25,EP152026,7,2026-10-03 18:00:00,8 days 18:00:00,210,23.0,179.38,976.2,77.0
2026-09-25,EP152026,7,2026-10-04 00:00:00,9 days 00:00:00,216,23.0,178.25,975.0,78.5
2026-09-25,EP152026,7,2026-10-04 06:00:00,9 days 06:00:00,222,23.5,177.0,977.2,75.8
2026-09-25,EP152026,7,2026-10-04 12:00:00,9 days 12:00:00,228,24.0,175.75,979.3,73.1
2026-09-25,EP152026,7,2026-10-04 18:00:00,9 days 18:00:00,234,24.76,174.51,975.4,77.9
2026-09-25,EP152026,7,2026-10-05 00:00:00,10 days 00:00:00,240,25.5,173.25,971.5,82.8
2026-09-25,EP152026,7,2026-10-05 06:00:00,10 days 06:00:00,246,26.38,172.38,973.8,80.0
2026-09-25,EP152026,7,2026-10-05 12:00:00,10 days 12:00:00,252,27.25,171.5,976.1,77.2
2026-09-25,EP152026,7,2026-10-05 18:00:00,10 days 18:00:00,258,28.75,171.13,976.2,77.1
2026-09-25,EP152026,7,2026-10-06 00:00:00,11 days 00:00:00,264,30.25,170.75,976.2,77.0
2026-09-25,EP152026,7,2026-10-06 06:00:00,11 days 06:00:00,270,32.38,171.36,974.9,78.7
2026-09-25,EP152026,7,2026-10-06 12:00:00,11 days 12:00:00,276,34.5,172.0,973.5,80.4
2026-09-25,EP152026,7,2026-10-06 18:00:00,11 days 18:00:00,282,37.42,175.01,971.4,82.9
2026-09-25,EP152026,7,2026-10-07 00:00:00,12 days 00:00:00,288,40.25,178.25,969.4,85.3
2026-09-25,EP152026,7,2026-10-07 06:00:00,12 days 06:00:00,294,43.71,-177.5,970.8,83.6
2026-09-25,EP152026,7,2026-10-07 12:00:00,12 days 12:00:00,300,47.0,-172.75,972.3,81.9
2026-09-25,EP162026,7,2026-09-25 00:00:00,0 days 00:00:00,0,17.0,-124.75,975.5,77.9
2026-09-25,EP162026,7,2026-09-25 06:00:00,0 days 06:00:00,6,17.25,-124.25,976.5,76.7
2026-09-25,EP162026,7,2026-09-25 12:00:00,0 days 12:00:00,12,17.5,-123.75,977.4,75.5
2026-09-25,EP162026,7,2026-09-25 18:00:00,0 days 18:00:00,18,17.87,-123.75,977.1,75.9
2026-09-25,EP162026,7,2026-09-26 00:00:00,1 days 00:00:00,24,18.25,-123.75,976.8,76.3
2026-09-25,EP162026,7,2026-09-26 06:00:00,1 days 06:00:00,30,18.88,-123.87,979.8,72.5
2026-09-25,EP162026,7,2026-09-26 12:00:00,1 days 12:00:00,36,19.5,-124.0,982.7,68.6
2026-09-25,EP162026,7,2026-09-26 18:00:00,1 days 18:00:00,42,20.12,-124.0,987.8,61.6
2026-09-25,EP162026,7,2026-09-27 00:00:00,2 days 00:00:00,48,20.75,-124.0,992.9,54.6
2026-09-25,EP162026,7,2026-09-27 06:00:00,2 days 06:00:00,54,20.84,-118.5,982.4,68.4
2026-09-25,EP162026,7,2026-09-27 12:00:00,2 days 12:00:00,60,20.75,-113.0,972.0,82.2
2026-09-25,EP162026,7,2026-09-27 18:00:00,2 days 18:00:00,66,21.63,-112.88,971.8,82.4
2026-09-25,EP162026,7,2026-09-28 00:00:00,3 days 00:00:00,72,22.5,-112.75,971.7,82.6
2026-09-25,EP162026,7,2026-09-28 06:00:00,3 days 06:00:00,78,23.38,-112.5,973.8,80.0
2026-09-25,EP162026,7,2026-09-28 12:00:00,3 days 12:00:00,84,24.25,-112.25,975.8,77.5
2026-09-25,EP162026,7,2026-09-28 18:00:00,3 days 18:00:00,90,25.25,-112.0,980.3,71.7
2026-09-25,EP162026,7,2026-09-29 00:00:00,4 days 00:00:00,96,26.25,-111.75,984.8,65.9
2026-09-25,EP162026,7,2026-09-29 06:00:00,4 days 06:00:00,102,26.88,-111.25,991.1,56.9
2026-09-25,EP162026,7,2026-09-29 12:00:00,4 days 12:00:00,108,27.5,-110.75,997.3,47.9
2026-09-25,EP162026,7,2026-09-29 18:00:00,4 days 18:00:00,114,24.57,-110.42,991.2,56.3
2026-09-25,EP162026,7,2026-09-30 00:00:00,5 days 00:00:00,120,21.63,-110.1,985.1,64.6
2026-09-25,EP162026,7,2026-09-30 06:00:00,5 days 06:00:00,126,18.68,-109.79,978.9,72.9
2026-09-25,EP162026,7,2026-09-30 12:00:00,5 days 12:00:00,132,15.75,-109.5,972.8,81.2
2026-09-25,EP162026,7,2026-09-30 18:00:00,5 days 18:00:00,138,16.25,-110.25,967.3,87.7
2026-09-25,EP162026,7,2026-10-01 00:00:00,6 days 00:00:00,144,16.75,-111.0,961.8,94.2
2026-09-25,EP162026,7,2026-10-01 06:00:00,6 days 06:00:00,150,17.13,-111.87,961.9,94.0
2026-09-25,EP162026,7,2026-10-01 12:00:00,6 days 12:00:00,156,17.5,-112.75,962.1,93.8
2026-09-25,EP162026,7,2026-10-01 18:00:00,6 days 18:00:00,162,17.88,-113.62,959.9,96.3
2026-09-25,EP162026,7,2026-10-02 00:00:00,7 days 00:00:00,168,18.25,-114.5,957.7,98.8
2026-09-25,EP162026,7,2026-10-02 06:00:00,7 days 06:00:00,174,18.88,-115.12,959.9,96.3
2026-09-25,EP162026,7,2026-10-02 12:00:00,7 days 12:00:00,180,19.5,-115.75,962.1,93.8
2026-09-25,EP162026,7,2026-10-02 18:00:00,7 days 18:00:00,186,20.0,-116.5,966.4,88.8
2026-09-25,EP162026,7,2026-10-03 00:00:00,8 days 00:00:00,192,20.5,-117.25,970.8,83.7
2026-09-25,EP162026,7,2026-10-03 06:00:00,8 days 06:00:00,198,21.25,-118.24,974.2,79.5
2026-09-25,EP162026,7,2026-10-03 12:00:00,8 days 12:00:00,204,22.0,-119.25,977.6,75.3
2026-09-25,EP162026,7,2026-10-03 18:00:00,8 days 18:00:00,210,22.75,-120.0,981.1,70.7
2026-09-25,EP162026,7,2026-10-04 00:00:00,9 days 00:00:00,216,23.5,-120.75,984.6,66.1
2026-09-25,EP162026,7,2026-10-04 06:00:00,9 days 06:00:00,222,24.13,-121.37,988.2,61.2
2026-09-25,EP162026,7,2026-10-04 12:00:00,9 days 12:00:00,228,24.75,-122.0,991.7,56.3
2026-09-25,EP162026,7,2026-10-04 18:00:00,9 days 18:00:00,234,25.13,-122.62,994.1,52.7
2026-09-25,EP162026,7,2026-10-05 00:00:00,10 days 00:00:00,240,25.5,-123.25,996.5,49.1
2026-09-25,EP162026,7,2026-10-05 06:00:00,10 days 06:00:00,246,26.38,-123.5,997.9,47.0
2026-09-25,EP162026,7,2026-10-05 12:00:00,10 days 12:00:00,252,27.25,-123.75,999.3,44.8
2026-09-25,EP172026,7,2026-09-25 00:00:00,0 days 00:00:00,0,17.0,-106.25,960.1,96.1
2026-09-25,EP172026,7,2026-09-25 06:00:00,0 days 06:00:00,6,17.13,-107.12,968.7,85.9
2026-09-25,EP172026,7,2026-09-25 12:00:00,0 days 12:00:00,12,17.25,-108.0,977.3,75.7
2026-09-25,EP172026,7,2026-09-25 18:00:00,0 days 18:00:00,18,17.5,-108.87,974.2,79.5
2026-09-25,EP172026,7,2026-09-26 00:00:00,1 days 00:00:00,24,17.75,-109.75,971.1,83.3
2026-09-25,EP172026,7,2026-09-26 06:00:00,1 days 06:00:00,30,17.88,-110.25,969.4,85.3
2026-09-25,EP172026,7,2026-09-26 12:00:00,1 days 12:00:00,36,18.0,-110.75,967.7,87.3
2026-09-25,EP172026,7,2026-09-26 18:00:00,1 days 18:00:00,42,18.75,-111.37,968.1,86.9
2026-09-25,EP172026,7,2026-09-27 00:00:00,2 days 00:00:00,48,19.5,-112.0,968.4,86.5
2026-09-25,EP172026,7,2026-09-27 06:00:00,2 days 06:00:00,54,20.13,-112.5,970.2,84.3
2026-09-25,EP172026,7,2026-09-27 12:00:00,2 days 12:00:00,60,20.75,-113.0,972.0,82.2
2026-09-25,WP252026,7,2026-09-25 00:00:00,0 days 00:00:00,0,20.25,130.25,1002.4,39.6
2026-09-25,WP252026,7,2026-09-25 06:00:00,0 days 06:00:00,6,20.63,129.25,1001.0,41.9
2026-09-25,WP252026,7,2026-09-25 12:00:00,0 days 12:00:00,12,21.0,128.25,999.6,44.3
2026-09-25,WP252026,7,2026-09-25 18:00:00,0 days 18:00:00,18,21.5,127.75,999.1,45.1
2026-09-25,WP252026,7,2026-09-26 00:00:00,1 days 00:00:00,24,22.0,127.25,998.6,45.8
2026-09-25,WP252026,7,2026-09-26 06:00:00,1 days 06:00:00,30,22.63,127.25,994.5,52.0
2026-09-25,WP252026,7,2026-09-26 12:00:00,1 days 12:00:00,36,23.25,127.25,990.5,58.1
2026-09-25,WP252026,7,2026-09-26 18:00:00,1 days 18:00:00,42,23.75,127.37,991.5,56.6
2026-09-25,WP252026,7,2026-09-27 00:00:00,2 days 00:00:00,48,24.25,127.5,992.6,55.0
2026-09-25,WP252026,7,2026-09-27 06:00:00,2 days 06:00:00,54,24.75,128.0,987.7,61.7
2026-09-25,WP252026,7,2026-09-27 12:00:00,2 days 12:00:00,60,25.25,128.5,982.9,68.4
2026-09-25,WP252026,7,2026-09-27 18:00:00,2 days 18:00:00,66,25.88,129.0,987.3,62.4
2026-09-25,WP252026,7,2026-09-28 00:00:00,3 days 00:00:00,72,26.5,129.5,991.6,56.5
2026-09-25,WP252026,7,2026-09-28 06:00:00,3 days 06:00:00,78,27.0,130.37,993.6,53.5
2026-09-25,WP252026,7,2026-09-28 12:00:00,3 days 12:00:00,84,27.5,131.25,995.6,50.5
2026-09-25,WP252026,7,2026-09-28 18:00:00,3 days 18:00:00,90,28.13,132.24,998.2,46.4
2026-09-25,WP252026,7,2026-09-29 00:00:00,4 days 00:00:00,96,28.75,133.25,1000.8,42.3
2026-09-25,WP252026,7,2026-09-29 06:00:00,4 days 06:00:00,102,29.51,134.86,1002.2,40.0
2026-09-25,WP252026,7,2026-09-29 12:00:00,4 days 12:00:00,108,30.25,136.5,1003.5,37.7
2026-09-25,EP152026,8,2026-09-25 00:00:00,0 days 00:00:00,0,14.75,-156.0,983.9,67.1
2026-09-25,EP152026,8,2026-09-25 06:00:00,0 days 06:00:00,6,15.13,-155.75,985.0,65.7
2026-09-25,EP152026,8,2026-09-25 12:00:00,0 days 12:00:00,12,15.5,-155.5,986.0,64.2
2026-09-25,EP152026,8,2026-09-25 18:00:00,0 days 18:00:00,18,16.0,-155.25,985.8,64.5
2026-09-25,EP152026,8,2026-09-26 00:00:00,1 days 00:00:00,24,16.5,-155.0,985.7,64.7
2026-09-25,EP152026,8,2026-09-26 06:00:00,1 days 06:00:00,30,16.88,-155.12,986.5,63.6
2026-09-25,EP152026,8,2026-09-26 12:00:00,1 days 12:00:00,36,17.25,-155.25,987.4,62.4
2026-09-25,EP152026,8,2026-09-26 18:00:00,1 days 18:00:00,42,17.25,-155.75,982.8,68.5
2026-09-25,EP152026,8,2026-09-27 00:00:00,2 days 00:00:00,48,17.25,-156.25,978.2,74.5
2026-09-25,EP152026,8,2026-09-27 06:00:00,2 days 06:00:00,54,17.38,-157.12,981.0,70.9
2026-09-25,EP152026,8,2026-09-27 12:00:00,2 days 12:00:00,60,17.5,-158.0,983.8,67.2
2026-09-25,EP152026,8,2026-09-27 18:00:00,2 days 18:00:00,66,17.5,-158.88,980.6,71.3
2026-09-25,EP152026,8,2026-09-28 00:00:00,3 days 00:00:00,72,17.5,-159.75,977.5,75.4
2026-09-25,EP152026,8,2026-09-28 06:00:00,3 days 06:00:00,78,17.63,-160.62,978.6,73.9
2026-09-25,EP152026,8,2026-09-28 12:00:00,3 days 12:00:00,84,17.75,-161.5,979.8,72.5
2026-09-25,EP152026,8,2026-09-28 18:00:00,3 days 18:00:00,90,18.25,-162.37,982.3,69.2
2026-09-25,EP152026,8,2026-09-29 00:00:00,4 days 00:00:00,96,18.75,-163.25,984.7,66.0
2026-09-25,EP152026,8,2026-09-29 06:00:00,4 days 06:00:00,102,19.63,-164.24,987.4,62.3
2026-09-25,EP152026,8,2026-09-29 12:00:00,4 days 12:00:00,108,20.5,-165.25,990.1,58.6
2026-09-25,EP152026,8,2026-09-29 18:00:00,4 days 18:00:00,114,21.63,-165.5,988.2,61.3
2026-09-25,EP152026,8,2026-09-30 00:00:00,5 days 00:00:00,120,22.75,-165.75,986.3,63.9
2026-09-25,EP152026,8,2026-09-30 06:00:00,5 days 06:00:00,126,23.5,-166.5,986.6,63.5
2026-09-25,EP152026,8,2026-09-30 12:00:00,5 days 12:00:00,132,24.25,-167.25,986.9,63.0
2026-09-25,EP152026,8,2026-09-30 18:00:00,5 days 18:00:00,138,24.13,-168.75,986.8,63.2
2026-09-25,EP152026,8,2026-10-01 00:00:00,6 days 00:00:00,144,24.0,-170.25,986.7,63.3
2026-09-25,EP152026,8,2026-10-01 06:00:00,6 days 06:00:00,150,23.63,-171.5,986.2,64.0
2026-09-25,EP152026,8,2026-10-01 12:00:00,6 days 12:00:00,156,23.25,-172.75,985.7,64.7
2026-09-25,EP152026,8,2026-10-01 18:00:00,6 days 18:00:00,162,22.88,-173.75,988.5,60.8
2026-09-25,EP152026,8,2026-10-02 00:00:00,7 days 00:00:00,168,22.5,-174.75,991.3,56.9
2026-09-25,EP152026,8,2026-10-02 06:00:00,7 days 06:00:00,174,21.75,-175.63,992.2,55.7
2026-09-25,EP152026,8,2026-10-02 12:00:00,7 days 12:00:00,180,21.0,-176.5,993.0,54.4
2026-09-25,EP152026,8,2026-10-02 18:00:00,7 days 18:00:00,186,20.63,-177.63,993.0,54.4
2026-09-25,EP152026,8,2026-10-03 00:00:00,8 days 00:00:00,192,20.25,-178.75,993.0,54.4
2026-09-25,EP152026,8,2026-10-03 06:00:00,8 days 06:00:00,198,20.25,-179.88,992.1,55.8
2026-09-25,EP152026,8,2026-10-03 12:00:00,8 days 12:00:00,204,20.25,179.0,991.1,57.2
2026-09-25,EP152026,8,2026-10-03 18:00:00,8 days 18:00:00,210,20.63,177.38,988.2,61.2
2026-09-25,EP152026,8,2026-10-04 00:00:00,9 days 00:00:00,216,21.0,175.75,985.4,65.1
2026-09-25,EP152026,8,2026-10-04 06:00:00,9 days 06:00:00,222,21.63,174.01,984.5,66.3
2026-09-25,EP152026,8,2026-10-04 12:00:00,9 days 12:00:00,228,22.25,172.25,983.6,67.5
2026-09-25,EP152026,8,2026-10-04 18:00:00,9 days 18:00:00,234,23.01,170.39,984.5,66.4
2026-09-25,EP152026,8,2026-10-05 00:00:00,10 days 00:00:00,240,23.75,168.5,985.4,65.2
2026-09-25,EP152026,8,2026-10-05 06:00:00,10 days 06:00:00,246,24.51,166.88,984.6,66.1
2026-09-25,EP152026,8,2026-10-05 12:00:00,10 days 12:00:00,252,25.25,165.25,983.9,67.1
2026-09-25,EP152026,8,2026-10-05 18:00:00,10 days 18:00:00,258,26.13,163.76,983.6,67.5
2026-09-25,EP152026,8,2026-10-06 00:00:00,11 days 00:00:00,264,27.0,162.25,983.4,67.8
2026-09-25,EP152026,8,2026-10-06 06:00:00,11 days 06:00:00,270,28.5,161.51,988.0,61.4
2026-09-25,EP152026,8,2026-10-06 12:00:00,11 days 12:00:00,276,30.0,160.75,992.7,54.9
2026-09-25,EP152026,8,2026-10-06 18:00:00,11 days 18:00:00,282,32.13,160.87,992.8,54.7
2026-09-25,EP152026,8,2026-10-07 00:00:00,12 days 00:00:00,288,34.25,161.0,992.9,54.6
2026-09-25,EP152026,8,2026-10-07 06:00:00,12 days 06:00:00,294,36.02,162.96,992.4,55.3
2026-09-25,EP152026,8,2026-10-07 12:00:00,12 days 12:00:00,300,37.75,165.0,991.9,56.0
2026-09-25,EP152026,8,2026-10-07 18:00:00,12 days 18:00:00,306,38.72,169.57,991.0,57.3
2026-09-25,EP152026,8,2026-10-08 00:00:00,13 days 00:00:00,312,39.5,174.25,990.1,58.6
2026-09-25,EP152026,8,2026-10-08 06:00:00,13 days 06:00:00,318,39.37,172.17,987.0,62.8
2026-09-25,EP152026,8,2026-10-08 12:00:00,13 days 12:00:00,324,39.2,170.1,983.9,66.9
2026-09-25,EP152026,8,2026-10-08 18:00:00,13 days 18:00:00,330,38.99,168.04,980.7,71.1
2026-09-25,EP152026,8,2026-10-09 00:00:00,14 days 00:00:00,336,38.75,166.0,977.6,75.2
2026-09-25,EP152026,8,2026-10-09 06:00:00,14 days 06:00:00,342,39.93,169.57,979.1,73.3
2026-09-25,EP152026,8,2026-10-09 12:00:00,14 days 12:00:00,348,41.0,173.25,980.6,71.4
2026-09-25,EP152026,8,2026-10-09 18:00:00,14 days 18:00:00,354,42.03,175.83,982.5,69.0
2026-09-25,EP152026,8,2026-10-10 00:00:00,15 days 00:00:00,360,43.0,178.5,984.3,66.6
2026-09-25,EP162026,8,2026-09-25 00:00:00,0 days 00:00:00,0,17.0,-124.75,975.5,77.9
2026-09-25,EP162026,8,2026-09-25 06:00:00,0 days 06:00:00,6,17.25,-124.25,974.7,78.9
2026-09-25,EP162026,8,2026-09-25 12:00:00,0 days 12:00:00,12,17.5,-123.75,974.0,79.8
2026-09-25,EP162026,8,2026-09-25 18:00:00,0 days 18:00:00,18,18.0,-123.63,978.5,74.1
2026-09-25,EP162026,8,2026-09-26 00:00:00,1 days 00:00:00,24,18.5,-123.5,983.0,68.4
2026-09-25,EP162026,8,2026-09-26 06:00:00,1 days 06:00:00,30,19.0,-123.75,984.0,66.9
2026-09-25,EP162026,8,2026-09-26 12:00:00,1 days 12:00:00,36,19.5,-124.0,985.1,65.5
2026-09-25,EP162026,8,2026-09-26 18:00:00,1 days 18:00:00,42,20.0,-124.12,988.1,61.4
2026-09-25,EP162026,8,2026-09-27 00:00:00,2 days 00:00:00,48,20.5,-124.25,991.1,57.2
2026-09-25,EP162026,8,2026-09-27 06:00:00,2 days 06:00:00,54,20.96,-118.89,981.5,69.7
2026-09-25,EP162026,8,2026-09-27 12:00:00,2 days 12:00:00,60,21.25,-113.5,972.0,82.2
2026-09-25,EP162026,8,2026-09-27 18:00:00,2 days 18:00:00,66,22.13,-113.62,975.0,78.4
2026-09-25,EP162026,8,2026-09-28 00:00:00,3 days 00:00:00,72,23.0,-113.75,978.1,74.7
2026-09-25,EP162026,8,2026-09-28 06:00:00,3 days 06:00:00,78,24.13,-113.5,982.4,69.0
2026-09-25,EP162026,8,2026-09-28 12:00:00,3 days 12:00:00,84,25.25,-113.25,986.8,63.2
2026-09-25,EP162026,8,2026-09-28 18:00:00,3 days 18:00:00,90,26.0,-112.5,991.3,56.7
2026-09-25,EP162026,8,2026-09-29 00:00:00,4 days 00:00:00,96,26.75,-111.75,995.8,50.3
2026-09-25,EP162026,8,2026-09-29 06:00:00,4 days 06:00:00,102,28.63,-112.36,997.9,46.9
2026-09-25,EP162026,8,2026-09-29 12:00:00,4 days 12:00:00,108,30.5,-113.0,1000.0,43.6
2026-09-25,EP172026,8,2026-09-25 00:00:00,0 days 00:00:00,0,17.0,-106.25,960.1,96.1
2026-09-25,EP172026,8,2026-09-25 06:00:00,0 days 06:00:00,6,17.25,-107.12,968.5,86.2
2026-09-25,EP172026,8,2026-09-25 12:00:00,0 days 12:00:00,12,17.5,-108.0,976.8,76.3
2026-09-25,EP172026,8,2026-09-25 18:00:00,0 days 18:00:00,18,17.63,-109.0,976.6,76.6
2026-09-25,EP172026,8,2026-09-26 00:00:00,1 days 00:00:00,24,17.75,-110.0,976.3,76.9
2026-09-25,EP172026,8,2026-09-26 06:00:00,1 days 06:00:00,30,18.0,-110.87,976.5,76.7
2026-09-25,EP172026,8,2026-09-26 12:00:00,1 days 12:00:00,36,18.25,-111.75,976.6,76.5
2026-09-25,EP172026,8,2026-09-26 18:00:00,1 days 18:00:00,42,18.88,-112.25,975.5,78.0
2026-09-25,EP172026,8,2026-09-27 00:00:00,2 days 00:00:00,48,19.5,-112.75,974.3,79.4
2026-09-25,EP172026,8,2026-09-27 06:00:00,2 days 06:00:00,54,20.38,-113.12,973.1,80.8
2026-09-25,EP172026,8,2026-09-27 12:00:00,2 days 12:00:00,60,21.25,-113.5,972.0,82.2
2026-09-25,WP252026,8,2026-09-25 00:00:00,0 days 00:00:00,0,20.25,130.25,1002.4,39.6
2026-09-25,WP252026,8,2026-09-25 06:00:00,0 days 06:00:00,6,20.75,129.25,1000.2,43.2
2026-09-25,WP252026,8,2026-09-25 12:00:00,0 days 12:00:00,12,21.25,128.25,998.0,46.8
2026-09-25,WP252026,8,2026-09-25 18:00:00,0 days 18:00:00,18,21.75,127.63,995.7,50.3
2026-09-25,WP252026,8,2026-09-26 00:00:00,1 days 00:00:00,24,22.25,127.0,993.5,53.8
2026-09-25,WP252026,8,2026-09-26 06:00:00,1 days 06:00:00,30,22.75,126.75,991.0,57.3
2026-09-25,WP252026,8,2026-09-26 12:00:00,1 days 12:00:00,36,23.25,126.5,988.5,60.8
2026-09-25,WP252026,8,2026-09-26 18:00:00,1 days 18:00:00,42,23.63,126.5,988.8,60.5
2026-09-25,WP252026,8,2026-09-27 00:00:00,2 days 00:00:00,48,24.0,126.5,989.0,60.1
2026-09-25,WP252026,8,2026-09-27 06:00:00,2 days 06:00:00,54,24.25,126.87,988.1,61.4
2026-09-25,WP252026,8,2026-09-27 12:00:00,2 days 12:00:00,60,24.5,127.25,987.2,62.6
2026-09-25,WP252026,8,2026-09-27 18:00:00,2 days 18:00:00,66,25.13,127.75,989.9,58.8
2026-09-25,WP252026,8,2026-09-28 00:00:00,3 days 00:00:00,72,25.75,128.25,992.6,55.0
2026-09-25,WP252026,8,2026-09-28 06:00:00,3 days 06:00:00,78,26.5,129.12,994.5,52.1
2026-09-25,WP252026,8,2026-09-28 12:00:00,3 days 12:00:00,84,27.25,130.0,996.5,49.2
2026-09-25,WP252026,8,2026-09-28 18:00:00,3 days 18:00:00,90,28.0,130.87,998.9,45.4
2026-09-25,WP252026,8,2026-09-29 00:00:00,4 days 00:00:00,96,28.75,131.75,1001.2,41.6
2026-09-25,WP252026,8,2026-09-29 06:00:00,4 days 06:00:00,102,29.38,132.99,1000.9,42.1
2026-09-25,WP252026,8,2026-09-29 12:00:00,4 days 12:00:00,108,30.0,134.25,1000.6,42.7
2026-09-25,WP252026,8,2026-09-29 18:00:00,4 days 18:00:00,114,30.88,135.49,1000.5,42.8
2026-09-25,WP252026,8,2026-09-30 00:00:00,5 days 00:00:00,120,31.75,136.75,1000.4,43.0
2026-09-25,WP252026,8,2026-09-30 06:00:00,5 days 06:00:00,126,33.14,138.35,1001.0,42.0
2026-09-25,WP252026,8,2026-09-30 12:00:00,5 days 12:00:00,132,34.5,140.0,1001.6,40.9
2026-09-25,AL062026,9,2026-09-25 00:00:00,0 days 00:00:00,0,30.0,-41.75,1015.2,13.2
2026-09-25,AL062026,9,2026-09-25 06:00:00,0 days 06:00:00,6,30.0,-42.0,1014.8,14.3
2026-09-25,AL062026,9,2026-09-25 12:00:00,0 days 12:00:00,12,30.0,-42.25,1014.4,15.4
2026-09-25,AL062026,9,2026-09-25 18:00:00,0 days 18:00:00,18,29.75,-42.88,1013.5,17.5
2026-09-25,AL062026,9,2026-09-26 00:00:00,1 days 00:00:00,24,29.5,-43.5,1012.7,19.5
2026-09-25,AL062026,9,2026-09-26 06:00:00,1 days 06:00:00,30,29.63,-43.87,1013.5,17.6
2026-09-25,AL062026,9,2026-09-26 12:00:00,1 days 12:00:00,36,29.75,-44.25,1014.3,15.7
2026-09-25,AL062026,9,2026-09-26 18:00:00,1 days 18:00:00,42,29.75,-44.62,1014.7,14.5
2026-09-25,AL062026,9,2026-09-27 00:00:00,2 days 00:00:00,48,29.75,-45.0,1015.1,13.4
2026-09-25,AL062026,9,2026-09-27 06:00:00,2 days 06:00:00,54,29.63,-45.25,1014.9,13.9
2026-09-25,AL062026,9,2026-09-27 12:00:00,2 days 12:00:00,60,29.5,-45.5,1014.7,14.5
2026-09-25,AL062026,9,2026-09-27 18:00:00,2 days 18:00:00,66,29.5,-45.88,1015.5,12.2
2026-09-25,AL062026,9,2026-09-28 00:00:00,3 days 00:00:00,72,29.5,-46.25,1016.3,9.9
2026-09-25,AL062026,9,2026-09-28 06:00:00,3 days 06:00:00,78,31.62,-46.37,1015.7,11.6
2026-09-25,AL062026,9,2026-09-28 12:00:00,3 days 12:00:00,84,33.75,-46.49,1015.0,13.3
2026-09-25,AL062026,9,2026-09-28 18:00:00,3 days 18:00:00,90,35.88,-46.62,1014.4,15.0
2026-09-25,AL062026,9,2026-09-29 00:00:00,4 days 00:00:00,96,38.0,-46.75,1013.8,16.8
2026-09-25,EP152026,9,2026-09-25 00:00:00,0 days 00:00:00,0,14.75,-156.0,983.9,67.1
2026-09-25,EP152026,9,2026-09-25 06:00:00,0 days 06:00:00,6,15.25,-156.0,986.2,63.9
2026-09-25,EP152026,9,2026-09-25 12:00:00,0 days 12:00:00,12,15.75,-156.0,988.5,60.8
2026-09-25,EP152026,9,2026-09-25 18:00:00,0 days 18:00:00,18,16.13,-155.38,986.8,63.2
2026-09-25,EP152026,9,2026-09-26 00:00:00,1 days 00:00:00,24,16.5,-154.75,985.1,65.5
2026-09-25,EP152026,9,2026-09-26 06:00:00,1 days 06:00:00,30,16.75,-154.75,985.3,65.3
2026-09-25,EP152026,9,2026-09-26 12:00:00,1 days 12:00:00,36,17.0,-154.75,985.5,65.0
2026-09-25,EP152026,9,2026-09-26 18:00:00,1 days 18:00:00,42,16.88,-155.25,985.2,65.3
2026-09-25,EP152026,9,2026-09-27 00:00:00,2 days 00:00:00,48,16.75,-155.75,985.0,65.6
2026-09-25,EP152026,9,2026-09-27 06:00:00,2 days 06:00:00,54,16.75,-156.38,984.9,65.7
2026-09-25,EP152026,9,2026-09-27 12:00:00,2 days 12:00:00,60,16.75,-157.0,984.8,65.9
2026-09-25,EP152026,9,2026-09-27 18:00:00,2 days 18:00:00,66,16.63,-158.0,984.2,66.7
2026-09-25,EP152026,9,2026-09-28 00:00:00,3 days 00:00:00,72,16.5,-159.0,983.6,67.5
2026-09-25,EP152026,9,2026-09-28 06:00:00,3 days 06:00:00,78,16.75,-159.87,983.6,67.4
2026-09-25,EP152026,9,2026-09-28 12:00:00,3 days 12:00:00,84,17.0,-160.75,983.7,67.4
2026-09-25,EP152026,9,2026-09-28 18:00:00,3 days 18:00:00,90,17.75,-161.87,984.7,66.0
2026-09-25,EP152026,9,2026-09-29 00:00:00,4 days 00:00:00,96,18.5,-163.0,985.7,64.6
2026-09-25,EP152026,9,2026-09-29 06:00:00,4 days 06:00:00,102,19.38,-163.62,985.9,64.4
2026-09-25,EP152026,9,2026-09-29 12:00:00,4 days 12:00:00,108,20.25,-164.25,986.1,64.2
2026-09-25,EP152026,9,2026-09-29 18:00:00,4 days 18:00:00,114,21.63,-164.37,984.7,66.0
2026-09-25,EP152026,9,2026-09-30 00:00:00,5 days 00:00:00,120,23.0,-164.5,983.3,67.9
2026-09-25,EP152026,9,2026-09-30 06:00:00,5 days 06:00:00,126,23.63,-164.87,986.7,63.3
2026-09-25,EP152026,9,2026-09-30 12:00:00,5 days 12:00:00,132,24.25,-165.25,990.0,58.7
2026-09-25,EP152026,9,2026-09-30 18:00:00,5 days 18:00:00,138,24.25,-165.88,991.3,56.8
2026-09-25,EP152026,9,2026-10-01 00:00:00,6 days 00:00:00,144,24.25,-166.5,992.6,55.0
2026-09-25,EP152026,9,2026-10-01 06:00:00,6 days 06:00:00,150,24.63,-167.12,991.2,57.0
2026-09-25,EP152026,9,2026-10-01 12:00:00,6 days 12:00:00,156,25.0,-167.75,989.8,59.0
2026-09-25,EP152026,9,2026-10-01 18:00:00,6 days 18:00:00,162,25.13,-168.37,990.1,58.6
2026-09-25,EP152026,9,2026-10-02 00:00:00,7 days 00:00:00,168,25.25,-169.0,990.3,58.3
2026-09-25,EP152026,9,2026-10-02 06:00:00,7 days 06:00:00,174,25.13,-169.25,989.6,59.3
2026-09-25,EP152026,9,2026-10-02 12:00:00,7 days 12:00:00,180,25.0,-169.5,988.9,60.3
2026-09-25,EP152026,9,2026-10-02 18:00:00,7 days 18:00:00,186,24.63,-169.37,988.2,61.2
2026-09-25,EP152026,9,2026-10-03 00:00:00,8 days 00:00:00,192,24.25,-169.25,987.6,62.1
2026-09-25,EP152026,9,2026-10-03 06:00:00,8 days 06:00:00,198,23.88,-169.25,987.7,62.0
2026-09-25,EP152026,9,2026-10-03 12:00:00,8 days 12:00:00,204,23.5,-169.25,987.8,61.8
2026-09-25,EP152026,9,2026-10-03 18:00:00,8 days 18:00:00,210,23.13,-170.0,988.2,61.3
2026-09-25,EP152026,9,2026-10-04 00:00:00,9 days 00:00:00,216,22.75,-170.75,988.5,60.8
2026-09-25,EP152026,9,2026-10-04 06:00:00,9 days 06:00:00,222,22.25,-171.63,989.5,59.4
2026-09-25,EP152026,9,2026-10-04 12:00:00,9 days 12:00:00,228,21.75,-172.5,990.5,58.0
2026-09-25,EP152026,9,2026-10-04 18:00:00,9 days 18:00:00,234,21.38,-173.63,991.0,57.4
2026-09-25,EP152026,9,2026-10-05 00:00:00,10 days 00:00:00,240,21.0,-174.75,991.4,56.8
2026-09-25,EP152026,9,2026-10-05 06:00:00,10 days 06:00:00,246,20.75,-175.63,990.4,58.2
2026-09-25,EP152026,9,2026-10-05 12:00:00,10 days 12:00:00,252,20.5,-176.5,989.4,59.6
2026-09-25,EP152026,9,2026-10-05 18:00:00,10 days 18:00:00,258,20.5,-177.25,990.7,57.7
2026-09-25,EP152026,9,2026-10-06 00:00:00,11 days 00:00:00,264,20.5,-178.0,992.1,55.8
2026-09-25,EP152026,9,2026-10-06 06:00:00,11 days 06:00:00,270,20.63,-179.25,989.2,59.8
2026-09-25,EP152026,9,2026-10-06 12:00:00,11 days 12:00:00,276,20.75,179.5,986.3,63.9
2026-09-25,EP152026,9,2026-10-06 18:00:00,11 days 18:00:00,282,20.63,178.25,980.9,70.9
2026-09-25,EP152026,9,2026-10-07 00:00:00,12 days 00:00:00,288,20.5,177.0,975.6,77.8
2026-09-25,EP152026,9,2026-10-07 06:00:00,12 days 06:00:00,294,20.75,175.88,976.9,76.1
2026-09-25,EP152026,9,2026-10-07 12:00:00,12 days 12:00:00,300,21.0,174.75,978.2,74.5
2026-09-25,EP152026,9,2026-10-07 18:00:00,12 days 18:00:00,306,21.0,174.0,976.6,76.6
2026-09-25,EP152026,9,2026-10-08 00:00:00,13 days 00:00:00,312,21.0,173.25,974.9,78.7
2026-09-25,EP152026,9,2026-10-08 06:00:00,13 days 06:00:00,318,20.63,172.75,976.0,77.3
2026-09-25,EP152026,9,2026-10-08 12:00:00,13 days 12:00:00,324,20.25,172.25,977.1,75.9
2026-09-25,EP152026,9,2026-10-08 18:00:00,13 days 18:00:00,330,20.13,171.25,978.9,73.6
2026-09-25,EP152026,9,2026-10-09 00:00:00,14 days 00:00:00,336,20.0,170.25,980.7,71.4
2026-09-25,EP152026,9,2026-10-09 06:00:00,14 days 06:00:00,342,20.13,169.13,981.2,70.7
2026-09-25,EP152026,9,2026-10-09 12:00:00,14 days 12:00:00,348,20.25,168.0,981.7,70.0
2026-09-25,EP152026,9,2026-10-09 18:00:00,14 days 18:00:00,354,20.38,166.38,980.2,71.9
2026-09-25,EP152026,9,2026-10-10 00:00:00,15 days 00:00:00,360,20.5,164.75,978.7,73.9
2026-09-25,EP162026,9,2026-09-25 00:00:00,0 days 00:00:00,0,17.0,-124.75,975.5,77.9
2026-09-25,EP162026,9,2026-09-25 06:00:00,0 days 06:00:00,6,17.13,-124.25,977.7,75.1
2026-09-25,EP162026,9,2026-09-25 12:00:00,0 days 12:00:00,12,17.25,-123.75,979.9,72.3
2026-09-25,EP162026,9,2026-09-25 18:00:00,0 days 18:00:00,18,17.88,-123.87,981.4,70.4
2026-09-25,EP162026,9,2026-09-26 00:00:00,1 days 00:00:00,24,18.5,-124.0,982.9,68.5
2026-09-25,EP162026,9,2026-09-26 06:00:00,1 days 06:00:00,30,18.75,-124.0,984.5,66.3
2026-09-25,EP162026,9,2026-09-26 12:00:00,1 days 12:00:00,36,19.0,-124.0,986.2,64.0
2026-09-25,EP162026,9,2026-09-26 18:00:00,1 days 18:00:00,42,19.5,-124.12,990.0,58.6
2026-09-25,EP162026,9,2026-09-27 00:00:00,2 days 00:00:00,48,20.0,-124.25,993.8,53.2
2026-09-25,EP162026,9,2026-09-27 06:00:00,2 days 06:00:00,54,20.5,-123.88,996.4,49.2
2026-09-25,EP162026,9,2026-09-27 12:00:00,2 days 12:00:00,60,21.0,-123.5,999.0,45.2
2026-09-25,EP162026,9,2026-09-27 18:00:00,2 days 18:00:00,66,17.01,-125.8,1001.9,40.3
2026-09-25,EP162026,9,2026-09-28 00:00:00,3 days 00:00:00,72,13.0,-128.0,1004.9,35.4
2026-09-25,EP172026,9,2026-09-25 00:00:00,0 days 00:00:00,0,17.0,-106.25,960.1,96.1
2026-09-25,EP172026,9,2026-09-25 06:00:00,0 days 06:00:00,6,17.13,-107.25,966.3,88.8
2026-09-25,EP172026,9,2026-09-25 12:00:00,0 days 12:00:00,12,17.25,-108.25,972.5,81.6
2026-09-25,EP172026,9,2026-09-25 18:00:00,0 days 18:00:00,18,17.5,-109.12,974.6,79.0
2026-09-25,EP172026,9,2026-09-26 00:00:00,1 days 00:00:00,24,17.75,-110.0,976.7,76.4
2026-09-25,EP172026,9,2026-09-26 06:00:00,1 days 06:00:00,30,18.13,-110.75,975.8,77.5
2026-09-25,EP172026,9,2026-09-26 12:00:00,1 days 12:00:00,36,18.5,-111.5,975.0,78.5
2026-09-25,EP172026,9,2026-09-26 18:00:00,1 days 18:00:00,42,19.13,-112.12,974.2,79.5
2026-09-25,EP172026,9,2026-09-27 00:00:00,2 days 00:00:00,48,19.75,-112.75,973.4,80.5
2026-09-25,EP172026,9,2026-09-27 06:00:00,2 days 06:00:00,54,20.88,-113.0,973.5,80.4
2026-09-25,EP172026,9,2026-09-27 12:00:00,2 days 12:00:00,60,22.0,-113.25,973.5,80.3
2026-09-25,EP172026,9,2026-09-27 18:00:00,2 days 18:00:00,66,23.0,-113.37,976.4,76.7
2026-09-25,EP172026,9,2026-09-28 00:00:00,3 days 00:00:00,72,24.0,-113.5,979.3,73.2
2026-09-25,EP172026,9,2026-09-28 06:00:00,3 days 06:00:00,78,25.0,-113.0,982.1,69.5
2026-09-25,EP172026,9,2026-09-28 12:00:00,3 days 12:00:00,84,26.0,-112.5,984.9,65.8
2026-09-25,EP172026,9,2026-09-28 18:00:00,3 days 18:00:00,90,26.88,-111.63,988.4,60.9
2026-09-25,EP172026,9,2026-09-29 00:00:00,4 days 00:00:00,96,27.75,-110.75,991.9,56.0
2026-09-25,WP252026,9,2026-09-25 00:00:00,0 days 00:00:00,0,20.25,130.25,1002.4,39.6
2026-09-25,WP252026,9,2026-09-25 06:00:00,0 days 06:00:00,6,20.88,129.38,999.5,44.4
2026-09-25,WP252026,9,2026-09-25 12:00:00,0 days 12:00:00,12,21.5,128.5,996.5,49.2
2026-09-25,WP252026,9,2026-09-25 18:00:00,0 days 18:00:00,18,22.0,127.88,992.5,55.0
2026-09-25,WP252026,9,2026-09-26 00:00:00,1 days 00:00:00,24,22.5,127.25,988.5,60.8
2026-09-25,WP252026,9,2026-09-26 06:00:00,1 days 06:00:00,30,22.88,127.0,989.4,59.6
2026-09-25,WP252026,9,2026-09-26 12:00:00,1 days 12:00:00,36,23.25,126.75,990.2,58.5
2026-09-25,WP252026,9,2026-09-26 18:00:00,1 days 18:00:00,42,23.75,127.0,989.8,59.0
2026-09-25,WP252026,9,2026-09-27 00:00:00,2 days 00:00:00,48,24.25,127.25,989.5,59.5
2026-09-25,WP252026,9,2026-09-27 06:00:00,2 days 06:00:00,54,24.75,127.75,988.2,61.2
2026-09-25,WP252026,9,2026-09-27 12:00:00,2 days 12:00:00,60,25.25,128.25,987.0,63.0
2026-09-25,WP252026,9,2026-09-27 18:00:00,2 days 18:00:00,66,25.63,128.75,991.1,57.0
2026-09-25,WP252026,9,2026-09-28 00:00:00,3 days 00:00:00,72,26.0,129.25,995.3,50.9
2026-09-25,WP252026,9,2026-09-28 06:00:00,3 days 06:00:00,78,26.5,129.75,997.3,47.9
2026-09-25,WP252026,9,2026-09-28 12:00:00,3 days 12:00:00,84,27.0,130.25,999.2,44.9
2026-09-25,WP252026,9,2026-09-28 18:00:00,3 days 18:00:00,90,27.5,130.62,1000.7,42.4
2026-09-25,WP252026,9,2026-09-29 00:00:00,4 days 00:00:00,96,28.0,131.0,1002.3,39.9
2026-09-25,WP252026,9,2026-09-29 06:00:00,4 days 06:00:00,102,28.38,131.87,1003.1,38.5
2026-09-25,WP252026,9,2026-09-29 12:00:00,4 days 12:00:00,108,28.75,132.75,1003.9,37.0
2026-09-25,WP252026,9,2026-09-29 18:00:00,4 days 18:00:00,114,28.88,133.25,1004.5,35.9
2026-09-25,WP252026,9,2026-09-30 00:00:00,5 days 00:00:00,120,29.0,133.75,1005.2,34.8
2026-09-25,WP252026,9,2026-09-30 06:00:00,5 days 06:00:00,126,29.5,134.37,1006.2,32.9
2026-09-25,WP252026,9,2026-09-30 12:00:00,5 days 12:00:00,132,30.0,135.0,1007.2,31.1
2026-09-25,WP252026,9,2026-09-30 18:00:00,5 days 18:00:00,138,30.75,135.62,1008.1,29.2
2026-09-25,WP252026,9,2026-10-01 00:00:00,6 days 00:00:00,144,31.5,136.25,1009.1,27.3
2026-09-25,WP252026,9,2026-10-01 06:00:00,6 days 06:00:00,150,32.39,137.86,1009.3,26.9
2026-09-25,WP252026,9,2026-10-01 12:00:00,6 days 12:00:00,156,33.25,139.5,1009.6,26.4
